timestamp,system_id,vehicle_id,lat,lon,is_reserved,is_disabled,form_factor,propulsion_type
2026-06-15T02:47:58Z,donkey,donkey:fb52652843aa,51.9884967,4.383575,False,False,bicycle,
2026-06-15T02:47:58Z,donkey,donkey:4b36f8717e57,51.9652452,4.6171928,False,False,bicycle,
2026-06-15T02:47:58Z,donkey,donkey:cfbfdecfa8ec,51.9651917,4.61722,False,False,bicycle,
2026-06-15T02:47:58Z,donkey,donkey:026ef4bf44a3,51.9652417,4.61719,False,False,bicycle,
2026-06-15T02:47:58Z,donkey,donkey:0cb735169052,51.9652452,4.6171928,False,False,bicycle,
2026-06-15T02:47:58Z,donkey,donkey:798ca3f53535,51.9652452,4.6171928,False,False,bicycle,
2026-06-15T02:47:58Z,donkey,donkey:149f90523322,51.9652789,4.6171819,False,False,bicycle,
2026-06-15T02:47:58Z,donkey,donkey:18c11adb90d1,51.9651752,4.6170937,False,False,bicycle,
2026-06-15T02:47:58Z,donkey,donkey:42fd0bb89945,51.8585315,4.7040351,False,False,bicycle,
2026-06-15T02:47:58Z,donkey,donkey:db6ba3bd40bc,51.8585288,4.7040851,False,False,bicycle,
2026-06-15T02:47:58Z,donkey,donkey:a45459ab8988,51.839137,4.626984,False,True,bicycle,
2026-06-15T02:47:58Z,donkey,donkey:f11ecc387b5f,51.8390791,4.62698,False,False,bicycle,
2026-06-15T02:47:58Z,donkey,donkey:8f37b2373c1a,51.8385495,4.6359414,False,False,bicycle,
2026-06-15T02:47:58Z,donkey,donkey:41d99d75d814,51.8385891,4.6418341,False,False,bicycle,
2026-06-15T02:47:58Z,donkey,donkey:b8a75f64ffbd,51.84599,4.6573915,False,False,bicycle,
2026-06-15T02:47:58Z,donkey,donkey:ed532b3c7d7e,51.8453752,4.6304692,False,False,bicycle,
2026-06-15T02:47:58Z,donkey,donkey:acf870374cd0,51.8882956,4.6872478,False,False,bicycle,
2026-06-15T02:47:58Z,donkey,donkey:d17e89f5a081,51.8382537,4.6857794,False,False,bicycle,
2026-06-15T02:47:58Z,felyx,felyx:68d4a0a7b6b6,51.91124983333333,4.481976116666667,False,False,bicycle,electric_assist
2026-06-15T02:47:58Z,felyx,felyx:c84cc48be295,51.90811743333333,4.481077016666666,False,False,bicycle,electric_assist
2026-06-15T02:47:58Z,felyx,felyx:a645fd1d9f56,51.913024233333324,4.480554716666667,False,True,bicycle,electric_assist
2026-06-15T02:47:58Z,felyx,felyx:5b9ebb9a1867,51.918429133333326,4.460443416666667,False,True,bicycle,electric_assist
2026-06-15T02:47:58Z,felyx,felyx:80e172e9f45c,51.884539016666665,4.468018816666667,False,False,bicycle,electric_assist
2026-06-15T02:47:58Z,felyx,felyx:15be73459c3f,51.91910843333333,4.444466116666666,False,False,bicycle,electric_assist
2026-06-15T02:47:58Z,felyx,felyx:89fb5cb791cb,51.88396881666666,4.480276316666667,False,True,bicycle,electric_assist
2026-06-15T02:47:58Z,felyx,felyx:25219870c6c2,51.91617736666666,4.527296149999999,False,False,bicycle,electric_assist
2026-06-15T02:47:58Z,felyx,felyx:b72560ea0a2f,51.936900333333334,4.491222716666666,False,False,bicycle,electric_assist
2026-06-15T02:47:58Z,felyx,felyx:70ab596a5191,51.927814033333334,4.481739016666666,False,False,bicycle,electric_assist
2026-06-15T02:47:58Z,felyx,felyx:15db868a22af,51.88620701666667,4.5492839,False,False,bicycle,electric_assist
2026-06-15T02:47:58Z,felyx,felyx:9e88338efb5d,51.91620563333333,4.527164899999999,False,False,bicycle,electric_assist
2026-06-15T02:47:58Z,felyx,felyx:29632b079643,51.916777333333336,4.380775016666666,False,True,bicycle,electric_assist
2026-06-15T02:47:58Z,felyx,felyx:4db344d5f203,51.893022716666664,4.5391896,False,False,bicycle,electric_assist
2026-06-15T02:47:58Z,felyx,felyx:8d7cd5a48921,51.873698016666665,4.490804616666667,False,False,bicycle,electric_assist
2026-06-15T02:47:58Z,felyx,felyx:1ea6267cb1a9,51.93340463333334,4.352036016666666,False,True,bicycle,electric_assist
2026-06-15T02:47:58Z,felyx,felyx:0f407cbf36f6,51.86998701666667,4.487496016666666,False,False,bicycle,electric_assist
2026-06-15T02:47:58Z,felyx,felyx:223741361b38,51.944721033333316,4.471037816666667,False,False,bicycle,electric_assist
2026-06-15T02:47:58Z,felyx,felyx:9e85642b2772,51.89260051666667,4.4792145166666675,False,False,bicycle,electric_assist
2026-06-15T02:47:58Z,felyx,felyx:ce32e967f055,51.90451223333333,4.4070271000000005,False,False,bicycle,electric_assist
2026-06-15T02:47:58Z,felyx,felyx:e407118e59d4,51.957420233333345,4.5358084,False,False,bicycle,electric_assist
2026-06-15T02:47:58Z,felyx,felyx:527cc306d8c0,51.95740923333334,4.5358182,False,False,bicycle,electric_assist
2026-06-15T02:47:58Z,felyx,felyx:8dbf5db50692,51.88643931666666,4.496539116666666,False,False,bicycle,electric_assist
2026-06-15T02:47:58Z,felyx,felyx:2bb589e50b48,51.89533801666666,4.5198159,False,False,bicycle,electric_assist
2026-06-15T02:47:58Z,felyx,felyx:ebc06f47a16c,51.90975663333334,4.397450316666667,False,False,bicycle,electric_assist
2026-06-15T02:47:58Z,felyx,felyx:1782b7926d33,51.931494733333324,4.4365665,False,False,bicycle,electric_assist
2026-06-15T02:47:58Z,felyx,felyx:40e4067dc351,51.92144993333333,4.5212152,False,False,bicycle,electric_assist
2026-06-15T02:47:58Z,felyx,felyx:714802f6a022,51.915384333333336,4.4221009,False,False,bicycle,electric_assist
2026-06-15T02:47:58Z,felyx,felyx:7aa6676f987f,51.93004333333333,4.4301821000000015,False,False,bicycle,electric_assist
2026-06-15T02:47:58Z,felyx,felyx:30c87bb4c746,51.921755233333336,4.4655490166666665,False,False,bicycle,electric_assist
2026-06-15T02:47:58Z,felyx,felyx:d75855ba5fa4,51.91781713333333,4.480037716666666,False,True,bicycle,electric_assist
2026-06-15T02:47:58Z,felyx,felyx:3cd76320fe4f,51.899225816666664,4.5013859,False,False,bicycle,electric_assist
2026-06-15T02:47:58Z,felyx,felyx:ed4266ec5b3e,51.92691273333333,4.508696,False,False,bicycle,electric_assist
2026-06-15T02:47:58Z,felyx,felyx:17861cf6bcf7,51.93156033333332,4.4293117,False,False,bicycle,electric_assist
2026-06-15T02:47:58Z,felyx,felyx:81f23fecde5e,51.93210603333333,4.507587999999999,False,False,bicycle,electric_assist
2026-06-15T02:47:58Z,felyx,felyx:9b640fc2b2ec,51.929435633333334,4.4916831166666675,False,False,bicycle,electric_assist
2026-06-15T02:47:58Z,felyx,felyx:87e69e7ce065,51.89885841666666,4.5645967,False,False,bicycle,electric_assist
2026-06-15T02:47:58Z,felyx,felyx:74880f4453f6,51.87485021666666,4.5248998,False,False,bicycle,electric_assist
2026-06-15T02:47:58Z,felyx,felyx:1dbc8051e2f4,51.91552383333333,4.466359016666668,False,False,bicycle,electric_assist
2026-06-15T02:47:58Z,felyx,felyx:ad5f29dc7e95,51.91908423333332,4.507410500000001,False,True,bicycle,electric_assist
2026-06-15T02:47:58Z,felyx,felyx:a154af0cea83,51.91590193333333,4.381993116666666,False,False,bicycle,electric_assist
2026-06-15T02:47:58Z,felyx,felyx:c38093ea07d1,51.94338243333334,4.483277316666666,False,False,bicycle,electric_assist
2026-06-15T02:47:58Z,felyx,felyx:5713fbe31c87,51.93387613333333,4.4240449,False,False,bicycle,electric_assist
2026-06-15T02:47:58Z,felyx,felyx:60feeba9c7b3,51.933519233333335,4.499550916666666,False,False,bicycle,electric_assist
2026-06-15T02:47:58Z,felyx,felyx:49f82f99e75d,51.90685283333334,4.385543616666667,False,False,bicycle,electric_assist
2026-06-15T02:47:58Z,felyx,felyx:301024f09136,51.913369533333324,4.459709916666668,False,True,bicycle,electric_assist
2026-06-15T02:47:58Z,felyx,felyx:52def317e55c,51.961435533333336,4.5189467,False,False,bicycle,electric_assist
2026-06-15T02:47:58Z,felyx,felyx:94df0a3fbdf0,51.91601343333333,4.5268067,False,False,bicycle,electric_assist
2026-06-15T02:47:58Z,felyx,felyx:a70f2295d58a,51.91652933333333,4.52721,False,False,bicycle,electric_assist
2026-06-15T02:47:58Z,felyx,felyx:4bdbd8c96d5c,51.936887033333335,4.464844616666666,False,False,bicycle,electric_assist
2026-06-15T02:47:58Z,felyx,felyx:b02e92770654,51.89183781666667,4.480612216666667,False,False,bicycle,electric_assist
2026-06-15T02:47:58Z,felyx,felyx:ae62211f0c61,51.94217413333333,4.460509616666668,False,False,bicycle,electric_assist
2026-06-15T02:47:58Z,felyx,felyx:3e9366221f2a,51.963643733333356,4.484940516666666,False,True,bicycle,electric_assist
2026-06-15T02:47:58Z,felyx,felyx:b732b4a181d5,51.871810016666664,4.495057516666666,False,False,bicycle,electric_assist
2026-06-15T02:47:58Z,felyx,felyx:59e7a2a65384,51.930150533333325,4.493113916666667,False,False,bicycle,electric_assist
2026-06-15T02:47:58Z,felyx,felyx:926f4945388a,51.92046333333332,4.4118974,False,False,bicycle,electric_assist
2026-06-15T02:47:58Z,felyx,felyx:38dac7f281ff,51.91212213333333,4.526945799999999,False,True,bicycle,electric_assist
2026-06-15T02:47:58Z,felyx,felyx:4cce8968bb38,51.97902355,4.5862233,False,False,bicycle,electric_assist
2026-06-15T02:47:58Z,felyx,felyx:437cb02bb951,51.87325091666667,4.492683616666667,False,False,bicycle,electric_assist
2026-06-15T02:47:58Z,felyx,felyx:df4b63ad23e2,51.87242761666667,4.5007395,False,False,bicycle,electric_assist
2026-06-15T02:47:58Z,felyx,felyx:6440db00ea05,51.94046823333333,4.5583102,True,False,bicycle,electric_assist
2026-06-15T02:47:58Z,felyx,felyx:3087054ee240,51.91303023333333,4.613661916666665,False,True,bicycle,electric_assist
2026-06-15T02:47:58Z,felyx,felyx:8d06809ff167,51.89589251666666,4.5667499000000005,False,True,bicycle,electric_assist
2026-06-15T02:47:58Z,felyx,felyx:23b548bbab8e,51.915691133333326,4.488727916666667,False,False,bicycle,electric_assist
2026-06-15T02:47:58Z,felyx,felyx:a13eed729627,51.875393816666666,4.5147952,False,False,bicycle,electric_assist
2026-06-15T02:47:58Z,felyx,felyx:42049cb18ba4,51.866497816666666,4.353528616666666,False,True,bicycle,electric_assist
2026-06-15T02:47:58Z,felyx,felyx:04a3708dd33a,51.91590443333333,4.488650516666667,False,False,bicycle,electric_assist
2026-06-15T02:47:58Z,felyx,felyx:ef8a0ac64185,51.94888941666665,4.465051716666666,False,False,bicycle,electric_assist
2026-06-15T02:47:58Z,felyx,felyx:c3bcd1255621,51.92104011666667,4.507894666666666,False,True,bicycle,electric_assist
2026-06-15T02:47:58Z,felyx,felyx:9f504be486e2,51.919160533333326,4.5269956,False,False,bicycle,electric_assist
2026-06-15T02:47:58Z,felyx,felyx:34c7b3908e48,51.89687841666667,4.521730299999999,False,False,bicycle,electric_assist
2026-06-15T02:47:58Z,felyx,felyx:77f5fa66f9cf,51.91611063333333,4.5269258,False,False,bicycle,electric_assist
2026-06-15T02:47:58Z,felyx,felyx:bcd717cdfe62,51.91822073333332,4.4229265,False,False,bicycle,electric_assist
2026-06-15T02:47:58Z,felyx,felyx:70a112a8f4af,51.872639416666665,4.4912960166666664,False,False,bicycle,electric_assist
2026-06-15T02:47:58Z,felyx,felyx:3a659af14de0,51.90697233333333,4.496594816666667,False,True,bicycle,electric_assist
2026-06-15T02:47:58Z,felyx,felyx:ae5ef8866ce3,51.93061358333333,4.4961500333333335,False,False,bicycle,electric_assist
2026-06-15T02:47:58Z,felyx,felyx:626dec425075,51.920183933333334,4.4288018000000005,False,False,bicycle,electric_assist
2026-06-15T02:47:58Z,felyx,felyx:7112c5dc3b61,51.93378913333333,4.4648779166666674,False,True,bicycle,electric_assist
2026-06-15T02:47:58Z,felyx,felyx:43d2eda0a644,51.90602833333334,4.477488816666667,False,False,bicycle,electric_assist
2026-06-15T02:47:58Z,felyx,felyx:1b97d94b666c,51.90602593333333,4.477516116666667,False,True,bicycle,electric_assist
2026-06-15T02:47:58Z,felyx,felyx:74ccd76e5000,51.917118233333326,4.5233018,False,False,bicycle,electric_assist
2026-06-15T02:47:58Z,felyx,felyx:2a6df56d995b,51.913650633333326,4.4385421,False,False,bicycle,electric_assist
2026-06-15T02:47:58Z,felyx,felyx:90a1dd3d1297,51.92148736666666,4.531706616666667,False,True,bicycle,electric_assist
2026-06-15T02:47:58Z,felyx,felyx:1d4624de1a04,51.87382761666666,4.474888016666666,False,False,bicycle,electric_assist
2026-06-15T02:47:58Z,felyx,felyx:f3368dcb6164,51.94326283333333,4.474610016666667,False,False,bicycle,electric_assist
2026-06-15T02:47:58Z,felyx,felyx:e42649db9111,51.89487371666667,4.465054816666666,False,False,bicycle,electric_assist
2026-06-15T02:47:58Z,felyx,felyx:894fd661041a,51.93119213333332,4.4270335,False,False,bicycle,electric_assist
2026-06-15T02:47:58Z,felyx,felyx:6e40a35ef1a5,51.912551633333344,4.4218986000000005,False,False,bicycle,electric_assist
2026-06-15T02:47:58Z,felyx,felyx:9b78ffe64848,51.87731361666666,4.485782616666667,False,False,bicycle,electric_assist
2026-06-15T02:47:58Z,felyx,felyx:24f1300e27cf,51.94364963333333,4.4776920166666665,False,False,bicycle,electric_assist
2026-06-15T02:47:58Z,felyx,felyx:2ce3b7490c07,51.92240123333333,4.464605416666667,False,True,bicycle,electric_assist
2026-06-15T02:47:58Z,felyx,felyx:817515871410,51.90386283333334,4.5130059000000005,False,False,bicycle,electric_assist
2026-06-15T02:47:58Z,felyx,felyx:ef51d696377e,51.898680316666656,4.475873316666666,False,False,bicycle,electric_assist
2026-06-15T02:47:58Z,felyx,felyx:aaae1df538ca,51.927901433333325,4.481831016666667,False,False,bicycle,electric_assist
2026-06-15T02:47:58Z,felyx,felyx:897f9e8ed2b4,51.94523053333334,4.5550229,False,False,bicycle,electric_assist
2026-06-15T02:47:58Z,felyx,felyx:1daaa917e452,51.87502471666667,4.481085216666667,False,False,bicycle,electric_assist
2026-06-15T02:47:58Z,felyx,felyx:fc9d7bc5fb67,51.930486933333334,4.458230316666666,False,True,bicycle,electric_assist
2026-06-15T02:47:58Z,felyx,felyx:c4d4d7d5aa50,51.934300083333326,4.455053416666668,False,False,bicycle,electric_assist
2026-06-15T02:47:58Z,felyx,felyx:054ea8b38817,51.92339233333334,4.491109416666666,False,False,bicycle,electric_assist
2026-06-15T02:47:58Z,felyx,felyx:67a0cd400450,51.89531251666667,4.489246616666668,False,False,bicycle,electric_assist
2026-06-15T02:47:58Z,felyx,felyx:bf2c3c09b22f,51.91408393333333,4.4653444166666665,False,True,bicycle,electric_assist
2026-06-15T02:47:58Z,felyx,felyx:520c6c0ef078,51.924961233333335,4.497661616666667,False,True,bicycle,electric_assist
2026-06-15T02:47:58Z,felyx,felyx:e787aab71013,51.91709253333333,4.4608359166666665,False,True,bicycle,electric_assist
2026-06-15T02:47:58Z,felyx,felyx:e78bb1d17abd,51.893884216666656,4.5270999000000005,False,False,bicycle,electric_assist
2026-06-15T02:47:58Z,felyx,felyx:22835cb375be,51.89115061666667,4.4693807166666675,False,False,bicycle,electric_assist
2026-06-15T02:47:58Z,felyx,felyx:e6be568d1814,51.93115633333333,4.4279195,False,False,bicycle,electric_assist
2026-06-15T02:47:58Z,felyx,felyx:9b3b51e80047,51.92047153333333,4.4118918,False,False,bicycle,electric_assist
2026-06-15T02:47:58Z,felyx,felyx:e5999e068005,51.931756500000006,4.454917366666667,False,True,bicycle,electric_assist
2026-06-15T02:47:58Z,felyx,felyx:f71d78d87abc,51.90880095,4.446733483333334,False,False,bicycle,electric_assist
2026-06-15T02:47:58Z,felyx,felyx:49a5907cba82,51.927014633333336,4.469628849999999,False,True,bicycle,electric_assist
2026-06-15T02:47:58Z,felyx,felyx:a58640424372,51.91594023333334,4.468370416666666,False,True,bicycle,electric_assist
2026-06-15T02:47:58Z,felyx,felyx:cf3760f5957b,51.92249873333333,4.503071416666667,False,False,bicycle,electric_assist
2026-06-15T02:47:58Z,felyx,felyx:f918ba87fc99,51.933420033333334,4.5028996999999995,False,False,bicycle,electric_assist
2026-06-15T02:47:58Z,felyx,felyx:aec7f5ba36e5,51.88280031666667,4.504390000000001,False,False,bicycle,electric_assist
2026-06-15T02:47:58Z,felyx,felyx:e79c6f13c0c5,51.921924433333324,4.449749116666666,False,False,bicycle,electric_assist
2026-06-15T02:47:58Z,felyx,felyx:f2564d10984f,51.91189073333333,4.380369316666667,False,False,bicycle,electric_assist
2026-06-15T02:47:58Z,felyx,felyx:4b0c665c7cc5,51.89941021666667,4.504439199999999,False,False,bicycle,electric_assist
2026-06-15T02:47:58Z,felyx,felyx:091f7587d87a,51.90617593333333,4.5138663,False,False,bicycle,electric_assist
2026-06-15T02:47:58Z,felyx,felyx:4da80d7478e2,51.88610751666666,4.474436216666667,False,False,bicycle,electric_assist
2026-06-15T02:47:58Z,felyx,felyx:4287aebe72fa,51.91355453333334,4.5014723000000005,False,True,bicycle,electric_assist
2026-06-15T02:47:58Z,felyx,felyx:643ae167237a,51.94137071666667,4.426311483333333,False,False,bicycle,electric_assist
2026-06-15T02:47:58Z,felyx,felyx:4ba3f114d119,51.91568853333333,4.484911616666667,False,True,bicycle,electric_assist
2026-06-15T02:47:58Z,felyx,felyx:f8f64686ccd6,51.928426333333334,4.545682300000001,False,True,bicycle,electric_assist
2026-06-15T02:47:58Z,felyx,felyx:ee303d64a3cd,51.91990213333333,4.445139616666667,False,False,bicycle,electric_assist
2026-06-15T02:47:58Z,felyx,felyx:79d18443e7f8,51.93325063333334,4.502794099999999,False,False,bicycle,electric_assist
2026-06-15T02:47:58Z,felyx,felyx:a83269e005b9,51.933248133333336,4.4909758166666665,False,True,bicycle,electric_assist
2026-06-15T02:47:58Z,felyx,felyx:69d8d8b39b7e,51.88817621666667,4.493523616666667,False,True,bicycle,electric_assist
2026-06-15T02:47:58Z,felyx,felyx:8a4f3d883799,51.931903733333336,4.436890500000001,False,False,bicycle,electric_assist
2026-06-15T02:47:58Z,felyx,felyx:82e1247848e5,51.91714223333334,4.5232619000000005,False,False,bicycle,electric_assist
2026-06-15T02:47:58Z,felyx,felyx:7fa6e0825a1e,51.95768128333334,4.501704650000001,False,False,bicycle,electric_assist
2026-06-15T02:47:58Z,felyx,felyx:02cb86e70893,51.90288743333334,4.455055616666668,False,False,bicycle,electric_assist
2026-06-15T02:47:58Z,felyx,felyx:5c179fb73fe9,51.96748196666667,4.463419583333334,False,False,bicycle,electric_assist
2026-06-15T02:47:58Z,felyx,felyx:30b0a1d39c4a,51.89884321666666,4.564602600000001,False,False,bicycle,electric_assist
2026-06-15T02:47:58Z,felyx,felyx:c33978b1c2fa,51.871488416666665,4.475406916666666,False,True,bicycle,electric_assist
2026-06-15T02:47:58Z,felyx,felyx:b5c2daecd7e5,51.93245073333333,4.471534016666666,False,True,bicycle,electric_assist
2026-06-15T02:47:58Z,felyx,felyx:6336c9411878,51.91145773333333,4.4246232,False,False,bicycle,electric_assist
2026-06-15T02:47:58Z,felyx,felyx:bd769d1430b5,51.92541343333333,4.508623099999999,False,True,bicycle,electric_assist
2026-06-15T02:47:58Z,felyx,felyx:f6eb6a49c271,51.886416783333324,4.549311166666667,False,False,bicycle,electric_assist
2026-06-15T02:47:58Z,felyx,felyx:64189ee9e549,51.93687903333332,4.533576,False,False,bicycle,electric_assist
2026-06-15T02:47:58Z,felyx,felyx:ac85211938e8,51.92018903333333,4.5002143,False,False,bicycle,electric_assist
2026-06-15T02:47:58Z,felyx,felyx:4ac8a210795b,51.89221931666666,4.5696898,False,False,bicycle,electric_assist
2026-06-15T02:47:58Z,felyx,felyx:8bb07a52b1d0,51.90448413333334,4.460408216666667,False,False,bicycle,electric_assist
2026-06-15T02:47:58Z,felyx,felyx:ea533d3403c7,51.90264565000001,4.495216083333332,False,False,bicycle,electric_assist
2026-06-15T02:47:58Z,felyx,felyx:145965c8d84a,51.936895833333324,4.4912292166666665,False,False,bicycle,electric_assist
2026-06-15T02:47:58Z,felyx,felyx:c65dec280613,51.909518933333324,4.505606599999999,False,True,bicycle,electric_assist
2026-06-15T02:47:58Z,felyx,felyx:ff68c06ef95f,51.907898833333334,4.453865616666667,False,False,bicycle,electric_assist
2026-06-15T02:47:58Z,felyx,felyx:89ad2815840e,51.91187753333333,4.492393916666667,False,False,bicycle,electric_assist
2026-06-15T02:47:58Z,felyx,felyx:853e37367018,51.93118583333333,4.489520916666668,False,False,bicycle,electric_assist
2026-06-15T02:47:58Z,felyx,felyx:20e9c871b154,51.907499133333346,4.5246331999999985,False,False,bicycle,electric_assist
2026-06-15T02:47:58Z,felyx,felyx:3a1f99c5ab4e,51.88999661666667,4.5111235999999995,False,False,bicycle,electric_assist
2026-06-15T02:47:58Z,felyx,felyx:011335c44364,51.91596606666668,4.526876433333334,False,False,bicycle,electric_assist
2026-06-15T02:47:58Z,felyx,felyx:799ba36a9dbf,51.898853916666674,4.564584199999999,False,True,bicycle,electric_assist
2026-06-15T02:47:58Z,felyx,felyx:6882506b3f00,51.93028343333334,4.493006916666667,False,True,bicycle,electric_assist
2026-06-15T02:47:58Z,felyx,felyx:e06a31a5f1ed,51.90093463333332,4.5023594000000005,False,False,bicycle,electric_assist
2026-06-15T02:47:58Z,felyx,felyx:257a255eeb1e,51.87012071666667,4.474462216666667,False,False,bicycle,electric_assist
2026-06-15T02:47:58Z,felyx,felyx:55d86ef01e22,51.90531333333333,4.503978099999999,False,True,bicycle,electric_assist
2026-06-15T02:47:58Z,felyx,felyx:789af7a56269,51.88581891666666,4.467138116666666,False,False,bicycle,electric_assist
2026-06-15T02:47:58Z,felyx,felyx:089f2e0dd01b,51.95896153333333,4.463370216666667,False,False,bicycle,electric_assist
2026-06-15T02:47:58Z,felyx,felyx:5c50e6a4bede,51.93333793333333,4.502927299999999,False,False,bicycle,electric_assist
2026-06-15T02:47:58Z,felyx,felyx:61317e00d454,51.92479443333333,4.489214916666667,False,False,bicycle,electric_assist
2026-06-15T02:47:58Z,felyx,felyx:49257dd310ea,51.87514101666667,4.4911174166666665,False,False,bicycle,electric_assist
2026-06-15T02:47:58Z,felyx,felyx:3f993e2ecf9d,51.91623233333333,4.5269520000000005,False,False,bicycle,electric_assist
2026-06-15T02:47:58Z,felyx,felyx:8dcdebe9fb96,51.96835543333333,4.495574916666666,False,False,bicycle,electric_assist
2026-06-15T02:47:58Z,felyx,felyx:a9cc09624b65,51.87670361666666,4.497086216666668,False,False,bicycle,electric_assist
2026-06-15T02:47:58Z,felyx,felyx:9d11ceee39a0,51.87732401666667,4.518703199999999,False,False,bicycle,electric_assist
2026-06-15T02:47:58Z,felyx,felyx:eef7b8c6cd85,51.88645601666668,4.467565516666667,False,False,bicycle,electric_assist
2026-06-15T02:47:58Z,felyx,felyx:3e24e50ba0e8,51.91802453333333,4.476681816666667,False,True,bicycle,electric_assist
2026-06-15T02:47:58Z,felyx,felyx:d5237c3ff179,51.91944353333333,4.508045999999998,False,False,bicycle,electric_assist
2026-06-15T02:47:58Z,felyx,felyx:f76dd8162a8c,51.96320633333333,4.486735916666667,False,False,bicycle,electric_assist
2026-06-15T02:47:58Z,felyx,felyx:c25bcc79b7d2,51.90733363333334,4.495913716666667,False,True,bicycle,electric_assist
2026-06-15T02:47:58Z,felyx,felyx:194e67fdb672,51.910571600000004,4.49140215,False,True,bicycle,electric_assist
2026-06-15T02:47:58Z,felyx,felyx:9d26a5049c47,51.88617681666667,4.536332799999999,False,False,bicycle,electric_assist
2026-06-15T02:47:58Z,felyx,felyx:53bb878ed52f,51.93014203333334,4.4866463166666675,False,False,bicycle,electric_assist
2026-06-15T02:47:58Z,felyx,felyx:d55855f4f567,51.8727716,4.4633354333333335,False,False,bicycle,electric_assist
2026-06-15T02:47:58Z,felyx,felyx:78eacec88fb6,51.929708433333325,4.471990216666667,False,False,bicycle,electric_assist
2026-06-15T02:47:58Z,felyx,felyx:27b33303b69d,51.93142603333334,4.436838,False,False,bicycle,electric_assist
2026-06-15T02:47:58Z,felyx,felyx:832daf9721ea,51.94529133333334,4.487247716666667,False,False,bicycle,electric_assist
2026-06-15T02:47:58Z,felyx,felyx:f9ad56596ffb,51.88645591666666,4.496620516666668,False,False,bicycle,electric_assist
2026-06-15T02:47:58Z,felyx,felyx:49a3c09fa855,51.914546833333326,4.490588016666666,False,False,bicycle,electric_assist
2026-06-15T02:47:58Z,felyx,felyx:89f6ce0163b0,51.930559333333335,4.431766800000001,False,False,bicycle,electric_assist
2026-06-15T02:47:58Z,felyx,felyx:60a0e7c3294c,51.94063143333332,4.5569484,False,False,bicycle,electric_assist
2026-06-15T02:47:58Z,felyx,felyx:fbcfda061d9b,51.92095133333334,4.507806800000001,False,False,bicycle,electric_assist
2026-06-15T02:47:58Z,felyx,felyx:87409e1e7b6a,51.93273763333333,4.462422416666666,False,True,bicycle,electric_assist
2026-06-15T02:47:58Z,felyx,felyx:30fe54ab81f1,51.922553333333326,4.5012053000000005,False,False,bicycle,electric_assist
2026-06-15T02:47:58Z,felyx,felyx:7abf9af79489,51.91076103333334,4.4815775166666665,False,False,bicycle,electric_assist
2026-06-15T02:47:58Z,felyx,felyx:974184f00026,51.87429951666666,4.523112299999999,False,True,bicycle,electric_assist
2026-06-15T02:47:58Z,felyx,felyx:3211fd07de7f,51.87832161666667,4.468890816666667,False,False,bicycle,electric_assist
2026-06-15T02:47:58Z,felyx,felyx:28b2ffc515db,51.91786543333332,4.445171416666666,False,False,bicycle,electric_assist
2026-06-15T02:47:58Z,felyx,felyx:8e17f5233e76,51.89692881666667,4.5053756,False,True,bicycle,electric_assist
2026-06-15T02:47:58Z,felyx,felyx:8816079b6128,51.95949463333334,4.559227100000001,False,False,bicycle,electric_assist
2026-06-15T02:47:58Z,felyx,felyx:ed7d9194c2f6,51.945236333333334,4.4749157166666675,False,True,bicycle,electric_assist
2026-06-15T02:47:58Z,felyx,felyx:ec70373eea21,51.922869333333324,4.5085544,False,True,bicycle,electric_assist
2026-06-15T02:47:58Z,felyx,felyx:11e88bb2c816,51.979021450000005,4.5862115,False,False,bicycle,electric_assist
2026-06-15T02:47:58Z,felyx,felyx:8bf63f73820b,51.90483313333334,4.5022252,False,True,bicycle,electric_assist
2026-06-15T02:47:58Z,felyx,felyx:d9241f2012d9,51.92788583333333,4.456319516666667,False,False,bicycle,electric_assist
2026-06-15T02:47:58Z,felyx,felyx:7d64edd17be9,51.95064333333333,4.5186563,False,False,bicycle,electric_assist
2026-06-15T02:47:58Z,felyx,felyx:fff1f1440666,51.910922933333325,4.4604027166666675,False,False,bicycle,electric_assist
2026-06-15T02:47:58Z,felyx,felyx:228dbdbc5fef,51.96154783333333,4.5104411,False,False,bicycle,electric_assist
2026-06-15T02:47:58Z,felyx,felyx:84e52ba862f8,51.905738633333335,4.5773801,False,False,bicycle,electric_assist
2026-06-15T02:47:58Z,felyx,felyx:26680d943cfa,51.91559893333333,4.447701816666667,False,False,bicycle,electric_assist
2026-06-15T02:47:58Z,felyx,felyx:f0cafe8c2fd5,51.93054923333333,4.474357516666667,False,True,bicycle,electric_assist
2026-06-15T02:47:58Z,felyx,felyx:0a5a32d055e8,51.876757216666654,4.498691116666667,False,False,bicycle,electric_assist
2026-06-15T02:47:58Z,felyx,felyx:20fd472f966f,51.891923116666675,4.476765716666667,False,False,bicycle,electric_assist
2026-06-15T02:47:58Z,felyx,felyx:72f44d1359df,51.90569951666666,4.475947700000001,False,False,bicycle,electric_assist
2026-06-15T02:47:58Z,felyx,felyx:b71462d8bf2f,51.87236851666667,4.468390816666666,False,False,bicycle,electric_assist
2026-06-15T02:47:58Z,felyx,felyx:6f8f8c015999,51.92836933333333,4.5192347,False,False,bicycle,electric_assist
2026-06-15T02:47:58Z,felyx,felyx:bcd85f0fcb23,51.92663283333332,4.480229216666667,False,True,bicycle,electric_assist
2026-06-15T02:47:58Z,felyx,felyx:2c0dd19a2219,51.87741351666667,4.4947530166666665,False,False,bicycle,electric_assist
2026-06-15T02:47:58Z,felyx,felyx:0a47fac0a167,51.87574731666667,4.496944516666668,False,False,bicycle,electric_assist
2026-06-15T02:47:58Z,felyx,felyx:176f599ee619,51.89183641666667,4.465220216666666,False,False,bicycle,electric_assist
2026-06-15T02:47:58Z,felyx,felyx:5c754ed54415,51.89056881666667,4.485332816666667,False,False,bicycle,electric_assist
2026-06-15T02:47:58Z,felyx,felyx:0dde887a4f16,51.87458261666667,4.477889516666667,False,False,bicycle,electric_assist
2026-06-15T02:47:58Z,felyx,felyx:33fdf25fd721,51.903287049999996,4.468925550000001,False,False,bicycle,electric_assist
2026-06-15T02:47:58Z,felyx,felyx:5ce4d44d8742,51.92452433333332,4.486552916666667,False,False,bicycle,electric_assist
2026-06-15T02:47:58Z,felyx,felyx:2ce18b62597a,51.93217503333334,4.458103216666667,False,True,bicycle,electric_assist
2026-06-15T02:47:58Z,felyx,felyx:24038f3af52e,51.91642783333333,4.443577116666667,False,False,bicycle,electric_assist
2026-06-15T02:47:58Z,felyx,felyx:03d55bd42dc8,51.917670866666676,4.480263566666667,False,True,bicycle,electric_assist
2026-06-15T02:47:58Z,felyx,felyx:5fcf9c6bff69,51.90908683333334,4.4385693,False,False,bicycle,electric_assist
2026-06-15T02:47:58Z,felyx,felyx:894c0e223a36,51.892733216666656,4.482465116666666,False,False,bicycle,electric_assist
2026-06-15T02:47:58Z,felyx,felyx:82443490bf4e,51.94884123333333,4.543771499999999,False,False,bicycle,electric_assist
2026-06-15T02:47:58Z,felyx,felyx:ff1e8d1212e0,51.93133043333333,4.455235316666668,False,False,bicycle,electric_assist
2026-06-15T02:47:58Z,felyx,felyx:935b09b4e626,51.90798793333333,4.5122085,False,True,bicycle,electric_assist
2026-06-15T02:47:58Z,felyx,felyx:b374eb1a5674,51.892198916666665,4.477479416666668,False,False,bicycle,electric_assist
2026-06-15T02:47:58Z,felyx,felyx:39b3e00b8ff2,51.93054723333333,4.490005316666668,False,False,bicycle,electric_assist
2026-06-15T02:47:58Z,felyx,felyx:5e7572948e19,51.90559343333332,4.509593099999999,False,False,bicycle,electric_assist
2026-06-15T02:47:58Z,felyx,felyx:ef5ee7750573,51.90935573333333,4.444495633333334,False,True,bicycle,electric_assist
2026-06-15T02:47:58Z,felyx,felyx:f50e2e47c5ae,51.936406533333326,4.465233116666667,False,True,bicycle,electric_assist
2026-06-15T02:47:58Z,felyx,felyx:3f6fd3119d02,51.907168783333326,4.4900464,False,False,bicycle,electric_assist
2026-06-15T02:47:58Z,felyx,felyx:0a23248be9cc,51.93122733333333,4.427008,False,True,bicycle,electric_assist
2026-06-15T02:47:58Z,felyx,felyx:ed9be5ffd92d,51.919636733333334,4.5087095999999995,False,False,bicycle,electric_assist
2026-06-15T02:47:58Z,felyx,felyx:c1bdfe02d23e,51.95486353333334,4.474366016666667,False,False,bicycle,electric_assist
2026-06-15T02:47:58Z,felyx,felyx:3314311d89fd,51.91455373333333,4.402056900000001,False,False,bicycle,electric_assist
2026-06-15T02:47:58Z,felyx,felyx:b617f119a50c,51.92019783333333,4.434375899999999,False,False,bicycle,electric_assist
2026-06-15T02:47:58Z,felyx,felyx:f53c581164cc,51.90385293333333,4.497360316666667,False,True,bicycle,electric_assist
2026-06-15T02:47:58Z,felyx,felyx:d3952bd34581,51.904987433333325,4.498303516666667,False,True,bicycle,electric_assist
2026-06-15T02:47:58Z,felyx,felyx:6ca690a94524,51.89068621666667,4.474792516666667,False,False,bicycle,electric_assist
2026-06-15T02:47:58Z,felyx,felyx:bed5a185016e,51.91194403333334,4.4923878166666675,False,False,bicycle,electric_assist
2026-06-15T02:47:58Z,felyx,felyx:35661e2ccd7a,51.927626833333335,4.471555516666668,True,False,bicycle,electric_assist
2026-06-15T02:47:58Z,felyx,felyx:fad3916cdfcd,51.911823033333334,4.492525716666667,False,False,bicycle,electric_assist
2026-06-15T02:47:58Z,felyx,felyx:efe27450fc6c,51.919843233333324,4.4143818,False,False,bicycle,electric_assist
2026-06-15T02:47:58Z,felyx,felyx:fd11f8a1f4d9,51.91250243333334,4.430418599999999,False,False,bicycle,electric_assist
2026-06-15T02:47:58Z,felyx,felyx:ce83210b611f,51.90740673333334,4.457220616666667,False,False,bicycle,electric_assist
2026-06-15T02:47:58Z,felyx,felyx:0cf51ccc9cd6,51.93683283333333,4.477813716666666,False,False,bicycle,electric_assist
2026-06-15T02:47:58Z,felyx,felyx:42e23b524d28,51.872345716666665,4.5012592,False,False,bicycle,electric_assist
2026-06-15T02:47:58Z,felyx,felyx:73d24d9e8281,51.93172183333333,4.5639387,False,True,bicycle,electric_assist
2026-06-15T02:47:58Z,felyx,felyx:d7dd211ee5ae,51.97431425,4.5871585999999995,False,False,bicycle,electric_assist
2026-06-15T02:47:58Z,felyx,felyx:08bbffca877e,51.88797331666666,4.546131699999999,False,False,bicycle,electric_assist
2026-06-15T02:47:58Z,felyx,felyx:98f51b9007ab,51.910461233333336,4.5550838,False,False,bicycle,electric_assist
2026-06-15T02:47:58Z,felyx,felyx:2532e9e3978f,51.874961016666674,4.4918525166666665,False,False,bicycle,electric_assist
2026-06-15T02:47:58Z,felyx,felyx:6ff13384beef,51.93050503333333,4.5025942,False,False,bicycle,electric_assist
2026-06-15T02:47:58Z,felyx,felyx:5c30212d8517,51.89756061666667,4.495055016666666,False,False,bicycle,electric_assist
2026-06-15T02:47:58Z,felyx,felyx:7ca2336cd179,51.87732211666667,4.562125999999999,False,True,bicycle,electric_assist
2026-06-15T02:47:58Z,felyx,felyx:f79be41967d0,51.95488753333334,4.470489016666666,False,False,bicycle,electric_assist
2026-06-15T02:47:58Z,felyx,felyx:aa5bdb4bcda8,51.93000823333334,4.480707016666666,False,False,bicycle,electric_assist
2026-06-15T02:47:58Z,felyx,felyx:767faf2363f0,51.966443833333344,4.471133616666667,False,False,bicycle,electric_assist
2026-06-15T02:47:58Z,felyx,felyx:820ea9722361,51.908450300000005,4.481441899999999,False,False,bicycle,electric_assist
2026-06-15T02:47:58Z,felyx,felyx:ea6c0124ce76,51.89649391666668,4.419074800000001,False,False,bicycle,electric_assist
2026-06-15T02:47:58Z,felyx,felyx:101b653660fc,51.912561833333335,4.421923600000001,False,False,bicycle,electric_assist
2026-06-15T02:47:58Z,felyx,felyx:b606d2127f3a,51.91956573333333,4.383723116666667,False,False,bicycle,electric_assist
2026-06-15T02:47:58Z,felyx,felyx:383c6ea726fa,51.932381633333335,4.481070616666667,False,True,bicycle,electric_assist
2026-06-15T02:47:58Z,felyx,felyx:589f53c19751,51.92154533333334,4.489944416666666,False,True,bicycle,electric_assist
2026-06-15T02:47:58Z,felyx,felyx:4356de8ca8e4,51.88843791666666,4.491986216666667,False,True,bicycle,electric_assist
2026-06-15T02:47:58Z,felyx,felyx:b22df5009a6b,51.87632441666666,4.485331416666666,False,False,bicycle,electric_assist
2026-06-15T02:47:58Z,felyx,felyx:ad610a38d196,51.910233633333334,4.470142916666667,False,False,bicycle,electric_assist
2026-06-15T02:47:58Z,felyx,felyx:63183e3faba4,51.94687653333333,4.481025716666667,False,False,bicycle,electric_assist
2026-06-15T02:47:58Z,felyx,felyx:1157e43d3837,51.87581841666667,4.530931399999999,False,False,bicycle,electric_assist
2026-06-15T02:47:58Z,felyx,felyx:e654869a7598,51.93282243333333,4.484816616666667,False,False,bicycle,electric_assist
2026-06-15T02:47:58Z,felyx,felyx:091cd7cd6f7e,51.914512933333334,4.4019967,False,False,bicycle,electric_assist
2026-06-15T02:47:58Z,felyx,felyx:cf651cb2c31e,51.96879403333333,4.484737216666668,False,False,bicycle,electric_assist
2026-06-15T02:47:58Z,felyx,felyx:0260fc4d7d31,51.90613433333332,4.5416959,False,False,bicycle,electric_assist
2026-06-15T02:47:58Z,felyx,felyx:77a8f7e594dc,51.87917331666665,4.548325799999999,False,False,bicycle,electric_assist
2026-06-15T02:47:58Z,felyx,felyx:4444a51ff1a5,51.905671233333344,4.475960816666667,False,False,bicycle,electric_assist
2026-06-15T02:47:58Z,felyx,felyx:b1adffebabae,51.92636283333333,4.5152142,False,False,bicycle,electric_assist
2026-06-15T02:47:58Z,felyx,felyx:6565a1397333,51.93222103333331,4.485544116666667,False,False,bicycle,electric_assist
2026-06-15T02:47:58Z,felyx,felyx:d3b50c8f99d9,51.98219923333333,4.490727016666667,False,True,bicycle,electric_assist
2026-06-15T02:47:58Z,felyx,felyx:843031c93f1e,51.903065633333334,4.468688716666668,False,False,bicycle,electric_assist
2026-06-15T02:47:58Z,felyx,felyx:a5c4413020f7,51.90447413333332,4.460398316666666,False,True,bicycle,electric_assist
2026-06-15T02:47:58Z,felyx,felyx:bc7c475c61ec,51.92845673333333,4.488708516666666,False,True,bicycle,electric_assist
2026-06-15T02:47:58Z,felyx,felyx:5d9f94a5068c,51.89276671666667,4.482530516666667,False,False,bicycle,electric_assist
2026-06-15T02:47:58Z,felyx,felyx:a885468ebf9f,51.88580991666666,4.5690307,False,False,bicycle,electric_assist
2026-06-15T02:47:58Z,felyx,felyx:d95f25ef0b70,51.90396923333332,4.5038878,False,False,bicycle,electric_assist
2026-06-15T02:47:58Z,felyx,felyx:997d045d012c,51.89575731666667,4.491107516666667,False,False,bicycle,electric_assist
2026-06-15T02:47:58Z,felyx,felyx:b2bcd0be3163,51.923268033333336,4.489652316666667,False,False,bicycle,electric_assist
2026-06-15T02:47:58Z,felyx,felyx:a395f6ae78ac,51.91177173333334,4.466499833333334,False,True,bicycle,electric_assist
2026-06-15T02:47:58Z,felyx,felyx:7ae52881c0a4,51.87633641666667,4.485327416666667,False,False,bicycle,electric_assist
2026-06-15T02:47:58Z,felyx,felyx:9414ed1ffac2,51.906564633333325,4.475266033333334,False,False,bicycle,electric_assist
2026-06-15T02:47:58Z,felyx,felyx:1c6b94411541,51.92040473333333,4.501420100000001,False,False,bicycle,electric_assist
2026-06-15T02:47:58Z,felyx,felyx:814ddbf34030,51.938553433333325,4.475976416666668,False,False,bicycle,electric_assist
2026-06-15T02:47:58Z,felyx,felyx:34e8686cc87d,51.91440779999999,4.3964618500000014,False,True,bicycle,electric_assist
2026-06-15T02:47:58Z,felyx,felyx:b85334367744,51.89227751666667,4.471448016666667,False,False,bicycle,electric_assist
2026-06-15T02:47:58Z,felyx,felyx:bf1955d5a048,51.94247953333333,4.5378468,False,False,bicycle,electric_assist
2026-06-15T02:47:58Z,felyx,felyx:6abd58c88d13,51.92325743333335,4.529481700000001,False,False,bicycle,electric_assist
2026-06-15T02:47:58Z,felyx,felyx:342581958504,51.91348203333333,4.5034563,False,False,bicycle,electric_assist
2026-06-15T02:47:58Z,felyx,felyx:cdfd8b948a20,51.92009993333332,4.5142365,False,False,bicycle,electric_assist
2026-06-15T02:47:58Z,felyx,felyx:9af2389e3c28,51.87389481666667,4.492169916666667,False,False,bicycle,electric_assist
2026-06-15T02:47:58Z,felyx,felyx:ffdadcafce18,51.917740099999996,4.481890183333333,False,True,bicycle,electric_assist
2026-06-15T02:47:58Z,felyx,felyx:c6f7bd12d9b4,51.93340993333333,4.503140599999999,False,False,bicycle,electric_assist
2026-06-15T02:47:58Z,felyx,felyx:6c1c4403bed4,51.91893413333333,4.4310839,False,False,bicycle,electric_assist
2026-06-15T02:47:58Z,felyx,felyx:d4179f96ff28,51.93792443333333,4.5399196,False,False,bicycle,electric_assist
2026-06-15T02:47:58Z,felyx,felyx:47ed6c3d802c,51.90636563333333,4.462217116666667,False,False,bicycle,electric_assist
2026-06-15T02:47:58Z,felyx,felyx:c75d242447a2,51.876512616666666,4.480674316666667,False,False,bicycle,electric_assist
2026-06-15T02:47:58Z,felyx,felyx:a83d103ddd0a,51.89217261666666,4.4775489166666675,False,False,bicycle,electric_assist
2026-06-15T02:47:58Z,felyx,felyx:3545da5d9897,51.93038303333332,4.4293626,False,False,bicycle,electric_assist
2026-06-15T02:47:58Z,felyx,felyx:5ee8c47c3f26,51.939099733333315,4.483586916666667,False,True,bicycle,electric_assist
2026-06-15T02:47:58Z,felyx,felyx:393b9fa1d787,51.90343823333332,4.464335116666668,False,False,bicycle,electric_assist
2026-06-15T02:47:58Z,felyx,felyx:225c7e6531b4,51.96381443333334,4.475292216666667,False,False,bicycle,electric_assist
2026-06-15T02:47:58Z,felyx,felyx:e7620162df2d,51.933559716666664,4.502974766666668,False,False,bicycle,electric_assist
2026-06-15T02:47:58Z,felyx,felyx:e02f5d9275c5,51.917290933333334,4.489416616666668,False,False,bicycle,electric_assist
2026-06-15T02:47:58Z,felyx,felyx:139ede7b574c,51.92792973333333,4.456329316666667,False,False,bicycle,electric_assist
2026-06-15T02:47:58Z,felyx,felyx:9c49bd616c1f,51.921466866666655,4.4741666833333325,False,True,bicycle,electric_assist
2026-06-15T02:47:58Z,felyx,felyx:d90082497732,51.91917103333333,4.526866700000001,False,False,bicycle,electric_assist
2026-06-15T02:47:58Z,felyx,felyx:e6586e3e89f1,51.91455163333334,4.402022000000001,False,True,bicycle,electric_assist
2026-06-15T02:47:58Z,felyx,felyx:990d16e828a0,51.890403116666654,4.472573616666667,False,False,bicycle,electric_assist
2026-06-15T02:47:58Z,felyx,felyx:70347ebd63c3,51.8987036,4.564378533333333,False,False,bicycle,electric_assist
2026-06-15T02:47:58Z,felyx,felyx:61b9dd5238c3,51.906509233333324,4.496645816666667,False,False,bicycle,electric_assist
2026-06-15T02:47:58Z,felyx,felyx:c725eae3dace,51.88555761666666,4.499555016666666,False,False,bicycle,electric_assist
2026-06-15T02:47:58Z,felyx,felyx:e1b9885572d0,51.90242183333333,4.448880116666667,False,False,bicycle,electric_assist
2026-06-15T02:47:58Z,felyx,felyx:33fdb25fab9a,51.90287453333334,4.455044416666667,False,False,bicycle,electric_assist
2026-06-15T02:47:58Z,felyx,felyx:f23ebc8f3fac,51.93173463333332,4.467698416666667,False,False,bicycle,electric_assist
2026-06-15T02:47:58Z,felyx,felyx:c857f08e070a,51.91620473333334,4.5016924,False,False,bicycle,electric_assist
2026-06-15T02:47:58Z,felyx,felyx:d7d57d74ba1d,51.90652953333333,4.4783464166666676,False,False,bicycle,electric_assist
2026-06-15T02:47:58Z,felyx,felyx:fe0dfb671fec,51.91671503333333,4.4876582166666665,False,True,bicycle,electric_assist
2026-06-15T02:47:58Z,felyx,felyx:8057f061d963,51.95023493333333,4.5612531999999995,False,False,bicycle,electric_assist
2026-06-15T02:47:58Z,felyx,felyx:d6141711c35e,51.94133093333333,4.602298816666665,False,True,bicycle,electric_assist
2026-06-15T02:47:58Z,felyx,felyx:621bcbfdc112,51.94925283333334,4.432656100000001,False,False,bicycle,electric_assist
2026-06-15T02:47:58Z,felyx,felyx:0f28d5408cd4,51.91421373333333,4.496064316666667,False,False,bicycle,electric_assist
2026-06-15T02:47:58Z,felyx,felyx:234badb24d62,51.91186003333334,4.374113216666667,False,False,bicycle,electric_assist
2026-06-15T02:47:58Z,felyx,felyx:4d59f46457cf,51.88646463333333,4.54930785,False,False,bicycle,electric_assist
2026-06-15T02:47:58Z,felyx,felyx:d8685ef23037,51.90307073333334,4.4050374,False,False,bicycle,electric_assist
2026-06-15T02:47:58Z,felyx,felyx:bc3db8a3427b,51.913820933333334,4.520413100000001,False,False,bicycle,electric_assist
2026-06-15T02:47:58Z,felyx,felyx:4d2fc91e1fd1,51.91580773333334,4.4204727,False,True,bicycle,electric_assist
2026-06-15T02:47:58Z,felyx,felyx:b0e34ffd355d,51.91694343333334,4.4239068,False,False,bicycle,electric_assist
2026-06-15T02:47:58Z,felyx,felyx:112de031e7b5,51.93727523333334,4.463613116666667,True,False,bicycle,electric_assist
2026-06-15T02:47:58Z,felyx,felyx:f0625870b4b5,51.96745403333334,4.463355216666666,False,True,bicycle,electric_assist
2026-06-15T02:47:58Z,felyx,felyx:0fdf5a96cb30,51.873240416666675,4.485596316666666,False,False,bicycle,electric_assist
2026-06-15T02:47:58Z,felyx,felyx:26899d21d0de,51.890948216666665,4.531944699999999,False,False,bicycle,electric_assist
2026-06-15T02:47:58Z,felyx,felyx:42f487718cb9,51.92606633333333,4.4969425166666674,False,True,bicycle,electric_assist
2026-06-15T02:47:58Z,felyx,felyx:5ec0b80d819c,51.88998771666666,4.495693816666667,False,True,bicycle,electric_assist
2026-06-15T02:47:58Z,felyx,felyx:4216863162ea,51.95904653333334,4.4936572166666675,False,False,bicycle,electric_assist
2026-06-15T02:47:58Z,felyx,felyx:39b216f43db6,51.92174553333333,4.533849900000001,False,False,bicycle,electric_assist
2026-06-15T02:47:58Z,felyx,felyx:bdce055d24c2,51.90074493333333,4.498373716666666,False,True,bicycle,electric_assist
2026-06-15T02:47:58Z,felyx,felyx:1e70be8fe3ea,51.957686333333335,4.501673599999999,False,False,bicycle,electric_assist
2026-06-15T02:47:58Z,felyx,felyx:4541ad60c8ee,51.90640663333333,4.5056839,False,False,bicycle,electric_assist
2026-06-15T02:47:58Z,felyx,felyx:b96f18281974,51.9040868,4.466835583333333,False,True,bicycle,electric_assist
2026-06-15T02:47:58Z,felyx,felyx:ac87d7567073,51.96361553333334,4.484885316666667,False,False,bicycle,electric_assist
2026-06-15T02:47:58Z,felyx,felyx:01dba1bda6e6,51.92861213333334,4.486413416666666,False,True,bicycle,electric_assist
2026-06-15T02:47:58Z,felyx,felyx:e9c69a04f217,51.934508333333326,4.4918807166666666,False,False,bicycle,electric_assist
2026-06-15T02:47:58Z,felyx,felyx:3d65c47d24d0,51.93045783333333,4.488794716666666,False,False,bicycle,electric_assist
2026-06-15T02:47:58Z,felyx,felyx:75a94391a14a,51.93210493333333,4.4019594,False,False,bicycle,electric_assist
2026-06-15T02:47:58Z,felyx,felyx:a8676beedf8c,51.89027611666667,4.478239716666667,False,False,bicycle,electric_assist
2026-06-15T02:47:58Z,felyx,felyx:486108b03508,51.90147853333333,4.479355016666667,False,False,bicycle,electric_assist
2026-06-15T02:47:58Z,felyx,felyx:503bb512a0a6,51.909868733333326,4.432180000000001,False,False,bicycle,electric_assist
2026-06-15T02:47:58Z,felyx,felyx:5cfd93e1935e,51.91798603333333,4.459063716666666,False,True,bicycle,electric_assist
2026-06-15T02:47:58Z,felyx,felyx:9618b8729b28,51.91885923333332,4.5088045999999995,False,False,bicycle,electric_assist
2026-06-15T02:47:58Z,felyx,felyx:5e5388b96575,51.943110733333334,4.414024700000001,False,True,bicycle,electric_assist
2026-06-15T02:47:58Z,felyx,felyx:13273b14dac9,51.93540923333334,4.4301849,False,False,bicycle,electric_assist
2026-06-15T02:47:58Z,felyx,felyx:ebef20e283c6,51.96879586666667,4.484792583333333,False,False,bicycle,electric_assist
2026-06-15T02:47:58Z,felyx,felyx:02105b888d5d,51.94244153333334,4.537857800000001,False,False,bicycle,electric_assist
2026-06-15T02:47:58Z,felyx,felyx:cef915e9f352,51.94927263333334,4.432620000000001,False,False,bicycle,electric_assist
2026-06-15T02:47:58Z,felyx,felyx:690bf65d14e9,51.91586043333333,4.488598416666666,False,False,bicycle,electric_assist
2026-06-15T02:47:58Z,felyx,felyx:ab71b5c7b73d,51.92654923333332,4.5277863,False,False,bicycle,electric_assist
2026-06-15T02:47:58Z,felyx,felyx:0a7ad4c3b195,51.912678033333336,4.381127216666666,False,False,bicycle,electric_assist
2026-06-15T02:47:58Z,felyx,felyx:e127d09874f6,51.90659293333333,4.475820116666667,False,False,bicycle,electric_assist
2026-06-15T02:47:58Z,felyx,felyx:46ef65e4edb2,51.88087181666667,4.513575899999999,False,True,bicycle,electric_assist
2026-06-15T02:47:58Z,felyx,felyx:c277e273c504,51.949241783333335,4.432609700000001,False,False,bicycle,electric_assist
2026-06-15T02:47:58Z,felyx,felyx:823bd75c7825,51.91514743333333,4.499996116666666,False,False,bicycle,electric_assist
2026-06-15T02:47:58Z,felyx,felyx:4a906577618d,51.9333336,4.602662116666665,False,True,bicycle,electric_assist
2026-06-15T02:47:58Z,felyx,felyx:c4d3ad8aa6bb,51.93813973333334,4.467802416666667,False,True,bicycle,electric_assist
2026-06-15T02:47:58Z,felyx,felyx:c735799fb769,51.92385803333333,4.470853933333333,False,True,bicycle,electric_assist
2026-06-15T02:47:58Z,felyx,felyx:cc25716d49e4,51.91711363333334,4.5234064,False,False,bicycle,electric_assist
2026-06-15T02:47:58Z,felyx,felyx:42cd9690c0b3,51.94928603333332,4.432731700000001,False,False,bicycle,electric_assist
2026-06-15T02:47:58Z,felyx,felyx:e5f14f46e3c4,51.925362033333336,4.5086257000000005,False,False,bicycle,electric_assist
2026-06-15T02:47:58Z,felyx,felyx:6d9d3e9cb13c,51.895276216666666,4.5635185,False,False,bicycle,electric_assist
2026-06-15T02:47:58Z,felyx,felyx:90fcd71a9fc4,51.94384593333332,4.472701316666666,False,False,bicycle,electric_assist
2026-06-15T02:47:58Z,felyx,felyx:fba1765f49a8,51.91080973333332,4.553859899999999,False,False,bicycle,electric_assist
2026-06-15T02:47:58Z,felyx,felyx:470859beea0e,51.92675803333333,4.492096816666667,False,True,bicycle,electric_assist
2026-06-15T02:47:58Z,felyx,felyx:44e124184bab,51.92033043333332,4.479619816666667,False,True,bicycle,electric_assist
2026-06-15T02:47:58Z,felyx,felyx:9e5e966ef988,51.92354773333333,4.469368716666667,False,True,bicycle,electric_assist
2026-06-15T02:47:58Z,felyx,felyx:26a42a81d40c,51.917833733333325,4.445123716666668,False,False,bicycle,electric_assist
2026-06-15T02:47:58Z,felyx,felyx:8f6346b8df22,51.87410901666667,4.4942038166666665,False,False,bicycle,electric_assist
2026-06-15T02:47:58Z,felyx,felyx:a80e3de43352,51.98001741666666,4.5808722999999985,False,False,bicycle,electric_assist
2026-06-15T02:47:58Z,felyx,felyx:214d65576099,51.895564316666665,4.506501800000001,False,False,bicycle,electric_assist
2026-06-15T02:47:58Z,felyx,felyx:28209a772896,51.96045803333334,4.4856217166666665,False,False,bicycle,electric_assist
2026-06-15T02:47:58Z,felyx,felyx:579ae96dcf95,51.91347003333333,4.481778416666667,False,True,bicycle,electric_assist
2026-06-15T02:47:58Z,felyx,felyx:f7938d00df35,51.93481873333333,4.464094616666667,False,True,bicycle,electric_assist
2026-06-15T02:47:58Z,felyx,felyx:eca3d957ba5e,51.94219463333334,4.460527716666667,False,False,bicycle,electric_assist
2026-06-15T02:47:58Z,felyx,felyx:9153e66ea5ec,51.87918426666668,4.486877033333333,False,True,bicycle,electric_assist
2026-06-15T02:47:58Z,felyx,felyx:b9e287b3f7dd,51.91053993333334,4.5225291,False,False,bicycle,electric_assist
2026-06-15T02:47:58Z,felyx,felyx:c2707fdaf3f7,51.91357093333332,4.463499016666666,False,False,bicycle,electric_assist
2026-06-15T02:47:58Z,felyx,felyx:59277f3f80bb,51.89556761666666,4.487284016666667,False,False,bicycle,electric_assist
2026-06-15T02:47:58Z,felyx,felyx:259c25ce91b2,51.93352033333334,4.462500716666667,False,False,bicycle,electric_assist
2026-06-15T02:47:58Z,felyx,felyx:ae5e52dc6648,51.91501793333333,4.5215401,False,False,bicycle,electric_assist
2026-06-15T02:47:58Z,felyx,felyx:14a8d38c6a72,51.90566963333334,4.462908616666667,False,False,bicycle,electric_assist
2026-06-15T02:47:58Z,felyx,felyx:e9c137e79218,51.925974333333336,4.516642600000001,False,False,bicycle,electric_assist
2026-06-15T02:47:58Z,felyx,felyx:e869558895ab,51.91066413333333,4.4574008166666665,False,False,bicycle,electric_assist
2026-06-15T02:47:58Z,felyx,felyx:ce55c171902d,51.93690523333332,4.491241916666667,False,False,bicycle,electric_assist
2026-06-15T02:47:58Z,felyx,felyx:b16064d36545,51.90938983333334,4.471514916666666,False,False,bicycle,electric_assist
2026-06-15T02:47:58Z,felyx,felyx:41204d96706f,51.918711333333334,4.4096435000000005,False,False,bicycle,electric_assist
2026-06-15T02:47:58Z,felyx,felyx:cfc1061efdf3,51.877100816666676,4.468472916666667,False,False,bicycle,electric_assist
2026-06-15T02:47:58Z,felyx,felyx:79edf7e3bd91,51.89211391666665,4.5696851999999994,False,False,bicycle,electric_assist
2026-06-15T02:47:58Z,felyx,felyx:e0e8ef1fe21f,51.89214971666667,4.569655099999999,False,False,bicycle,electric_assist
2026-06-15T02:47:58Z,felyx,felyx:1f54fd5322ed,51.95686813333334,4.485863266666667,False,False,bicycle,electric_assist
2026-06-15T02:47:58Z,felyx,felyx:50389190b654,51.891125716666664,4.479325616666666,False,False,bicycle,electric_assist
2026-06-15T02:47:58Z,felyx,felyx:a047523e3120,51.93541563333333,4.464218216666666,False,False,bicycle,electric_assist
2026-06-15T02:47:58Z,felyx,felyx:84ff2195fe87,51.93028083333333,4.492957516666667,False,False,bicycle,electric_assist
2026-06-15T02:47:58Z,felyx,felyx:bb76d91068e6,51.920531733333334,4.5042532,False,False,bicycle,electric_assist
2026-06-15T02:47:58Z,felyx,felyx:83fc634830bc,51.927847333333325,4.4059546,False,True,bicycle,electric_assist
2026-06-15T02:47:58Z,felyx,felyx:b50e12ee2af0,51.96045003333334,4.5353044,False,False,bicycle,electric_assist
2026-06-15T02:47:58Z,felyx,felyx:d995dd251ffc,51.90448173333333,4.4604172166666665,False,False,bicycle,electric_assist
2026-06-15T02:47:58Z,felyx,felyx:231bc4fc6871,51.95180083333334,4.524559099999999,False,True,bicycle,electric_assist
2026-06-15T02:47:58Z,felyx,felyx:78ffcc5c78a4,51.924957033333335,4.4978328166666675,False,True,bicycle,electric_assist
2026-06-15T02:47:58Z,felyx,felyx:b4713f15cccd,51.91947553333333,4.465549716666667,False,True,bicycle,electric_assist
2026-06-15T02:47:58Z,felyx,felyx:615ed8d04963,51.934639333333344,4.467330716666667,False,True,bicycle,electric_assist
2026-06-15T02:47:58Z,felyx,felyx:946e926289ed,51.88848981666667,4.521380800000001,False,False,bicycle,electric_assist
2026-06-15T02:47:58Z,felyx,felyx:d72249616c1b,51.956633533333324,4.495981516666667,False,False,bicycle,electric_assist
2026-06-15T02:47:58Z,felyx,felyx:61e6a6c8dc55,51.88592451666667,4.5487542,False,False,bicycle,electric_assist
2026-06-15T02:47:58Z,felyx,felyx:0e9767a50742,51.9592935,4.512469383333333,False,False,bicycle,electric_assist
2026-06-15T02:47:58Z,felyx,felyx:2aca13e443df,51.87891571666667,4.548293,False,False,bicycle,electric_assist
2026-06-15T02:47:58Z,felyx,felyx:6a65cb025d1d,51.90489543333334,4.442764216666666,False,False,bicycle,electric_assist
2026-06-15T02:47:58Z,felyx,felyx:cc445403824c,51.922840933333326,4.508473,False,False,bicycle,electric_assist
2026-06-15T02:47:58Z,felyx,felyx:d2bd3942d65f,51.878158016666674,4.470568816666666,False,False,bicycle,electric_assist
2026-06-15T02:47:58Z,felyx,felyx:3e9eaa65fcb9,51.90928453333332,4.4354899,False,True,bicycle,electric_assist
2026-06-15T02:47:58Z,felyx,felyx:c7a9dd7a3748,51.915867633333335,4.478363216666668,False,True,bicycle,electric_assist
2026-06-15T02:47:58Z,felyx,felyx:88786f24ec45,51.92526665,4.485423666666667,False,False,bicycle,electric_assist
2026-06-15T02:47:58Z,felyx,felyx:0944348f0482,51.911890033333336,4.386364916666667,False,False,bicycle,electric_assist
2026-06-15T02:47:58Z,felyx,felyx:61b4e82bac1f,51.898839216666666,4.564577700000001,False,False,bicycle,electric_assist
2026-06-15T02:47:58Z,felyx,felyx:3bb3b064aebc,51.92021403333334,4.428802500000001,False,False,bicycle,electric_assist
2026-06-15T02:47:58Z,felyx,felyx:8dfc12502a6a,51.90932633333333,4.3909995166666675,False,False,bicycle,electric_assist
2026-06-15T02:47:58Z,felyx,felyx:28dc477b86fb,51.93173573333333,4.563962399999999,False,False,bicycle,electric_assist
2026-06-15T02:47:58Z,felyx,felyx:2af4707178d4,51.91175351666667,4.493784450000001,False,False,bicycle,electric_assist
2026-06-15T02:47:58Z,felyx,felyx:9bef8c4fe7ae,51.909131433333336,4.448181916666667,False,False,bicycle,electric_assist
2026-06-15T02:47:58Z,felyx,felyx:be0d9b507c55,51.90853733333333,4.443062516666667,False,False,bicycle,electric_assist
2026-06-15T02:47:58Z,felyx,felyx:8ca61f01b717,51.890559616666664,4.472741216666666,False,False,bicycle,electric_assist
2026-06-15T02:47:58Z,felyx,felyx:9f429085811e,51.891882716666665,4.465486516666668,False,False,bicycle,electric_assist
2026-06-15T02:47:58Z,felyx,felyx:72a7a4bbdfe6,51.936485933333344,4.462722216666666,False,False,bicycle,electric_assist
2026-06-15T02:47:58Z,felyx,felyx:790f58afbcd3,51.95376363333334,4.5199833,False,False,bicycle,electric_assist
2026-06-15T02:47:58Z,felyx,felyx:5ed1620378c2,51.92975143333333,4.504217199999999,False,False,bicycle,electric_assist
2026-06-15T02:47:58Z,felyx,felyx:a9c406994f51,51.915337833333325,4.440041216666667,False,False,bicycle,electric_assist
2026-06-15T02:47:58Z,felyx,felyx:8b4571b1f8ee,51.93713823333332,4.453678916666666,False,False,bicycle,electric_assist
2026-06-15T02:47:58Z,felyx,felyx:83536429c972,51.91230793333334,4.5026432,False,False,bicycle,electric_assist
2026-06-15T02:47:58Z,felyx,felyx:19b9204ce6cc,51.917505933333324,4.5152187,False,False,bicycle,electric_assist
2026-06-15T02:47:58Z,felyx,felyx:d7c13d1f90bd,51.92666633333333,4.5271424,False,False,bicycle,electric_assist
2026-06-15T02:47:58Z,felyx,felyx:ab1b37da344e,51.89214951666667,4.5696561,False,False,bicycle,electric_assist
2026-06-15T02:47:58Z,felyx,felyx:2e7af837373c,51.89526970000001,4.563559500000001,False,True,bicycle,electric_assist
2026-06-15T02:47:58Z,felyx,felyx:06ce66e7cd32,51.90964083333332,4.448499816666667,False,False,bicycle,electric_assist
2026-06-15T02:47:58Z,felyx,felyx:dc1ccc2ec749,51.919749716666665,4.477126800000001,False,True,bicycle,electric_assist
2026-06-15T02:47:58Z,felyx,felyx:8530dc6b53fb,51.91034693333333,4.381584316666666,False,False,bicycle,electric_assist
2026-06-15T02:47:58Z,felyx,felyx:88b6d26c6943,51.91616153333333,4.526927599999999,False,False,bicycle,electric_assist
2026-06-15T02:47:58Z,felyx,felyx:fa30f18c9a84,51.93137303333333,4.436758299999999,False,True,bicycle,electric_assist
2026-06-15T02:47:58Z,felyx,felyx:a6c2e10c0789,51.90846923333333,4.448298916666668,False,False,bicycle,electric_assist
2026-06-15T02:47:58Z,felyx,felyx:54253f63a4ae,51.931754033333334,4.454876016666666,False,False,bicycle,electric_assist
2026-06-15T02:47:58Z,felyx,felyx:772b3d8e0eb9,51.87236291666667,4.468422716666666,False,False,bicycle,electric_assist
2026-06-15T02:47:58Z,felyx,felyx:46ee4d6081d7,51.90136723333334,4.485460116666667,False,True,bicycle,electric_assist
2026-06-15T02:47:58Z,felyx,felyx:9bacec0ec13f,51.91787003333333,4.371895016666666,False,False,bicycle,electric_assist
2026-06-15T02:47:58Z,felyx,felyx:fe44ae36943a,51.91063263333333,4.445920516666667,False,False,bicycle,electric_assist
2026-06-15T02:47:58Z,felyx,felyx:c7f770107cf3,51.87851141666667,4.497447916666668,False,False,bicycle,electric_assist
2026-06-15T02:47:58Z,felyx,felyx:46c6220a0e30,51.912808433333346,4.4190855,False,False,bicycle,electric_assist
2026-06-15T02:47:58Z,felyx,felyx:9b5b457d772d,51.91517053333333,4.482297416666667,False,True,bicycle,electric_assist
2026-06-15T02:47:58Z,felyx,felyx:fdd1f01cfc73,51.91772473333333,4.4121886,False,False,bicycle,electric_assist
2026-06-15T02:47:58Z,felyx,felyx:66d8331480fc,51.89235911666666,4.530724299999999,False,True,bicycle,electric_assist
2026-06-15T02:47:58Z,felyx,felyx:6d16195969cc,51.89069831666667,4.468441116666667,False,False,bicycle,electric_assist
2026-06-15T02:47:58Z,felyx,felyx:046f6654bf51,51.907521700000004,4.451693583333332,False,True,bicycle,electric_assist
2026-06-15T02:47:58Z,felyx,felyx:909479f3177e,51.914192033333336,4.422359,False,False,bicycle,electric_assist
2026-06-15T02:47:58Z,felyx,felyx:a4deca51e45c,51.87043591666668,4.471925716666666,False,False,bicycle,electric_assist
2026-06-15T02:47:58Z,felyx,felyx:f3606a445e55,51.93121833333332,4.5072823,False,False,bicycle,electric_assist
2026-06-15T02:47:58Z,felyx,felyx:66adb4e5df4d,51.87849231666668,4.536532600000001,False,False,bicycle,electric_assist
2026-06-15T02:47:58Z,felyx,felyx:3f5dcc65fd07,51.916226333333334,4.5262627,False,False,bicycle,electric_assist
2026-06-15T02:47:58Z,felyx,felyx:7976c34fd234,51.915992933333335,4.5268768,False,False,bicycle,electric_assist
2026-06-15T02:47:58Z,felyx,felyx:e945dc13da0d,51.926302433333326,4.5028185999999994,False,False,bicycle,electric_assist
2026-06-15T02:47:58Z,felyx,felyx:b7330e59ac02,51.95133593333333,4.470487116666667,False,False,bicycle,electric_assist
2026-06-15T02:47:58Z,felyx,felyx:e77183d6caa1,51.94153453333334,4.606148150000001,False,True,bicycle,electric_assist
2026-06-15T02:47:58Z,felyx,felyx:78dcd788cad0,51.91222763333333,4.447850716666666,False,False,bicycle,electric_assist
2026-06-15T02:47:58Z,felyx,felyx:0f2fb341a66f,51.920156833333344,4.527664000000001,False,False,bicycle,electric_assist
2026-06-15T02:47:58Z,felyx,felyx:bb5834bb550f,51.92280453333333,4.5222891,False,False,bicycle,electric_assist
2026-06-15T02:47:58Z,felyx,felyx:e1ab0e9b8e5d,51.93231286666667,4.456248616666666,False,True,bicycle,electric_assist
2026-06-15T02:47:58Z,felyx,felyx:bae096c2bc93,51.89882671666666,4.5646433,False,False,bicycle,electric_assist
2026-06-15T02:47:58Z,felyx,felyx:a4a8c9447555,51.90011133333334,4.479706716666666,False,False,bicycle,electric_assist
2026-06-15T02:47:58Z,felyx,felyx:d7f516e1b050,51.90653123333334,4.477072516666667,False,False,bicycle,electric_assist
2026-06-15T02:47:58Z,felyx,felyx:5c7ef5cd9bbc,51.929414333333334,4.5022499,False,False,bicycle,electric_assist
2026-06-15T02:47:58Z,felyx,felyx:9ff8272ab5e4,51.90139843333333,4.483308816666668,False,True,bicycle,electric_assist
2026-06-15T02:47:58Z,felyx,felyx:1fdebc9e520f,51.94242633333333,4.5378424,False,False,bicycle,electric_assist
2026-06-15T02:47:58Z,felyx,felyx:249319af12aa,51.89021901666667,4.461227116666667,False,False,bicycle,electric_assist
2026-06-15T02:47:58Z,felyx,felyx:1db1be54cd7e,51.917199233333335,4.5235798,False,False,bicycle,electric_assist
2026-06-15T02:47:58Z,felyx,felyx:f07723cdc3c3,51.90711116666667,4.489953616666667,False,False,bicycle,electric_assist
2026-06-15T02:47:58Z,felyx,felyx:e968c5683b3e,51.94071473333333,4.4218249,False,False,bicycle,electric_assist
2026-06-15T02:47:58Z,felyx,felyx:fbbfdcccdb42,51.89046031666666,4.5197141,False,False,bicycle,electric_assist
2026-06-15T02:47:58Z,felyx,felyx:cd968a176464,51.917736633333334,4.396520416666667,False,False,bicycle,electric_assist
2026-06-15T02:47:58Z,felyx,felyx:2023e42f52db,51.91514183333334,4.468005216666667,False,False,bicycle,electric_assist
2026-06-15T02:47:58Z,felyx,felyx:ffe57459fee0,51.94547333333333,4.425788100000001,False,False,bicycle,electric_assist
2026-06-15T02:47:58Z,felyx,felyx:60638764988f,51.90472563333333,4.443224116666667,False,False,bicycle,electric_assist
2026-06-15T02:47:58Z,felyx,felyx:d857f8bae879,51.95379675000001,4.520057733333333,False,False,bicycle,electric_assist
2026-06-15T02:47:58Z,felyx,felyx:11a56f3d27db,51.88494421666666,4.5022266,False,False,bicycle,electric_assist
2026-06-15T02:47:58Z,felyx,felyx:71190b986e7e,51.91868393333333,4.435412800000001,False,True,bicycle,electric_assist
2026-06-15T02:47:58Z,felyx,felyx:23f323bf5667,51.917473933333326,4.5152277000000005,False,True,bicycle,electric_assist
2026-06-15T02:47:58Z,felyx,felyx:0d35eb7a35a4,51.907497833333345,4.461441016666668,False,False,bicycle,electric_assist
2026-06-15T02:47:58Z,felyx,felyx:791ac11096e4,51.91462413333333,4.475483516666666,False,False,bicycle,electric_assist
2026-06-15T02:47:58Z,felyx,felyx:68f58ff1c91e,51.91697376666666,4.523369716666666,False,True,bicycle,electric_assist
2026-06-15T02:47:58Z,felyx,felyx:377d730472e3,51.88491921666667,4.5226866,False,False,bicycle,electric_assist
2026-06-15T02:47:58Z,felyx,felyx:32758e0756e2,51.89042981666666,4.473333616666666,False,False,bicycle,electric_assist
2026-06-15T02:47:58Z,felyx,felyx:36d86743e20c,51.896583516666674,4.420315800000001,False,False,bicycle,electric_assist
2026-06-15T02:47:58Z,felyx,felyx:28ac2dd01d49,51.90924801666666,4.458201683333334,False,False,bicycle,electric_assist
2026-06-15T02:47:58Z,felyx,felyx:d7261deb61c5,51.91506793333333,4.474527216666667,False,True,bicycle,electric_assist
2026-06-15T02:47:58Z,felyx,felyx:ee30ff980a6a,51.92724293333334,4.4222959,False,False,bicycle,electric_assist
2026-06-15T02:47:58Z,felyx,felyx:5917fd52cd1d,51.89100941666667,4.484896816666667,False,False,bicycle,electric_assist
2026-06-15T02:47:58Z,felyx,felyx:8b188157816e,51.955663933333334,4.5060053,False,False,bicycle,electric_assist
2026-06-15T02:47:58Z,felyx,felyx:6e7f1894cc5a,51.90449923333333,4.4449680166666665,False,False,bicycle,electric_assist
2026-06-15T02:47:58Z,felyx,felyx:cdbe02bb2912,51.89211421666667,4.5086842,False,True,bicycle,electric_assist
2026-06-15T02:47:58Z,felyx,felyx:ceea69175246,51.92551388333332,4.466504066666666,False,True,bicycle,electric_assist
2026-06-15T02:47:58Z,felyx,felyx:947e231a61a1,51.90499520000001,4.4870675166666665,False,True,bicycle,electric_assist
2026-06-15T02:47:58Z,felyx,felyx:9ef33a4ba53f,51.960485333333324,4.477137516666666,False,False,bicycle,electric_assist
2026-06-15T02:47:58Z,felyx,felyx:07043354f92c,51.957034533333335,4.555779,False,False,bicycle,electric_assist
2026-06-15T02:47:58Z,felyx,felyx:4b09a778b760,51.94528906666666,4.476379433333333,False,False,bicycle,electric_assist
2026-06-15T02:47:58Z,felyx,felyx:d8eee1e77fc1,51.933854933333336,4.5397084,False,False,bicycle,electric_assist
2026-06-15T02:47:58Z,felyx,felyx:8ea775d4d2ea,51.85442621666667,4.5202808999999995,False,True,bicycle,electric_assist
2026-06-15T02:47:58Z,felyx,felyx:4ae5169a8010,51.92078893333333,4.5203713,False,False,bicycle,electric_assist
2026-06-15T02:47:58Z,felyx,felyx:ebf4a6383d8b,51.88989261666668,4.547986999999999,False,True,bicycle,electric_assist
2026-06-15T02:47:58Z,felyx,felyx:82c12b799a86,51.899191816666665,4.5011901000000005,False,False,bicycle,electric_assist
2026-06-15T02:47:58Z,felyx,felyx:bb4f2af1135f,51.91069303333333,4.497263116666667,False,True,bicycle,electric_assist
2026-06-15T02:47:58Z,felyx,felyx:7004cfa287f6,51.92253453333333,4.439171900000001,False,False,bicycle,electric_assist
2026-06-15T02:47:58Z,felyx,felyx:adfec69d212c,51.90317393333333,4.463666616666667,False,True,bicycle,electric_assist
2026-06-15T02:47:58Z,felyx,felyx:8823d6c1de22,51.90843293333333,4.448365416666667,False,False,bicycle,electric_assist
2026-06-15T02:47:58Z,felyx,felyx:f34451842ca4,51.91996283333332,4.463108516666668,False,False,bicycle,electric_assist
2026-06-15T02:47:58Z,felyx,felyx:ed70e84c4007,51.90638603333333,4.4574917166666665,False,False,bicycle,electric_assist
2026-06-15T02:47:58Z,felyx,felyx:590cb107ac07,51.908027733333334,4.5224831000000005,False,False,bicycle,electric_assist
2026-06-15T02:47:58Z,felyx,felyx:1a3c967a39e6,51.91413833333333,4.4223375,False,False,bicycle,electric_assist
2026-06-15T02:47:58Z,felyx,felyx:3c284d4993c1,51.92071733333334,4.4083108,False,True,bicycle,electric_assist
2026-06-15T02:47:58Z,felyx,felyx:f9f9b37e76df,51.918008433333334,4.4577574166666665,True,False,bicycle,electric_assist
2026-06-15T02:47:58Z,felyx,felyx:448f0a9c8faf,51.89431381666667,4.5131306,False,False,bicycle,electric_assist
2026-06-15T02:47:58Z,felyx,felyx:e8cafe42b534,51.91175643333333,4.460781216666668,False,True,bicycle,electric_assist
2026-06-15T02:47:58Z,felyx,felyx:0150f58ddfc9,51.92085565,4.483308,False,True,bicycle,electric_assist
2026-06-15T02:47:58Z,felyx,felyx:5100ed95402d,51.93092013333333,4.479670016666667,False,False,bicycle,electric_assist
2026-06-15T02:47:58Z,felyx,felyx:d922e706b78d,51.95134233333333,4.470464116666666,False,False,bicycle,electric_assist
2026-06-15T02:47:58Z,felyx,felyx:632c20a53f80,51.906542733333325,4.525610599999999,False,False,bicycle,electric_assist
2026-06-15T02:47:58Z,felyx,felyx:41610c682642,51.91710423333334,4.5233650999999995,False,False,bicycle,electric_assist
2026-06-15T02:47:58Z,felyx,felyx:e0f74ba88703,51.92295273333334,4.48152,False,False,bicycle,electric_assist
2026-06-15T02:47:58Z,felyx,felyx:4ba31c598aa6,51.92130753333333,4.532145,False,False,bicycle,electric_assist
2026-06-15T02:47:58Z,felyx,felyx:337b28d91ac1,51.957535033333336,4.483113216666666,False,False,bicycle,electric_assist
2026-06-15T02:47:58Z,felyx,felyx:6c919bcb49c4,51.86294971666667,4.376431616666666,False,True,bicycle,electric_assist
2026-06-15T02:47:58Z,felyx,felyx:130ffd43a3d9,51.90713853333334,4.5218179,False,False,bicycle,electric_assist
2026-06-15T02:47:58Z,felyx,felyx:5dfa23f025f1,51.90161723333333,4.508465899999999,False,False,bicycle,electric_assist
2026-06-15T02:47:58Z,felyx,felyx:653d80350b2f,51.96133953333334,4.480381716666667,False,False,bicycle,electric_assist
2026-06-15T02:47:58Z,felyx,felyx:249ab1d15050,51.94205061666666,4.430864166666667,False,True,bicycle,electric_assist
2026-06-15T02:47:58Z,felyx,felyx:32148960fa04,51.92572533333334,4.2572721,False,True,bicycle,electric_assist
2026-06-15T02:47:58Z,felyx,felyx:da0f6710dd86,51.93143923333334,4.485930316666667,False,False,bicycle,electric_assist
2026-06-15T02:47:58Z,felyx,felyx:c394bfb27908,51.93861803333332,4.479468016666668,False,False,bicycle,electric_assist
2026-06-15T02:47:58Z,felyx,felyx:e8947f8dfefe,51.96006783333333,4.465903516666666,False,False,bicycle,electric_assist
2026-06-15T02:47:58Z,felyx,felyx:584908c2416c,51.91882443333334,4.434342600000001,False,False,bicycle,electric_assist
2026-06-15T02:47:58Z,felyx,felyx:973bfb0dbe56,51.933628833333316,4.479689516666667,False,False,bicycle,electric_assist
2026-06-15T02:47:58Z,felyx,felyx:e7205e53738a,51.921926633333335,4.557020233333334,False,False,bicycle,electric_assist
2026-06-15T02:47:58Z,felyx,felyx:44f026d3837c,51.91158983333333,4.478502416666666,False,False,bicycle,electric_assist
2026-06-15T02:47:58Z,felyx,felyx:21064e6d6ccd,51.92050583333333,4.523551199999999,False,False,bicycle,electric_assist
2026-06-15T02:47:58Z,felyx,felyx:14437fd2cc9e,51.92196593333332,4.3709388166666665,False,False,bicycle,electric_assist
2026-06-15T02:47:58Z,felyx,felyx:d6daf2a54a73,51.89671851666666,4.418710600000002,False,False,bicycle,electric_assist
2026-06-15T02:47:58Z,felyx,felyx:b6a7fd8681cc,51.88635521666667,4.458111216666667,False,False,bicycle,electric_assist
2026-06-15T02:47:58Z,felyx,felyx:250144e8bfb1,51.95243453333333,4.467877016666667,False,False,bicycle,electric_assist
2026-06-15T02:47:58Z,felyx,felyx:7783b030e321,51.93139003333334,4.4367372,False,False,bicycle,electric_assist
2026-06-15T02:47:58Z,felyx,felyx:91490e470779,51.91613813333333,4.5267786,False,False,bicycle,electric_assist
2026-06-15T02:47:58Z,felyx,felyx:1d8486df9a71,51.92014753333333,4.434462000000001,False,False,bicycle,electric_assist
2026-06-15T02:47:58Z,felyx,felyx:ed8eecf80199,51.91416683333333,4.4223281,False,False,bicycle,electric_assist
2026-06-15T02:47:58Z,felyx,felyx:11db363be908,51.93397463333334,4.476154316666666,False,False,bicycle,electric_assist
2026-06-15T02:47:58Z,felyx,felyx:6971674e554c,51.887512316666665,4.482615116666667,False,False,bicycle,electric_assist
2026-06-15T02:47:58Z,felyx,felyx:4b2ea3e90365,51.93314933333333,4.476151316666667,False,False,bicycle,electric_assist
2026-06-15T02:47:58Z,felyx,felyx:4a8b2de2798b,51.94856863333332,4.449815516666667,False,False,bicycle,electric_assist
2026-06-15T02:47:58Z,felyx,felyx:1b5eb1cd6f93,51.933497933333335,4.473458116666667,False,True,bicycle,electric_assist
2026-06-15T02:47:58Z,felyx,felyx:c7e4ebc6058b,51.91539683333333,4.447990416666666,False,False,bicycle,electric_assist
2026-06-15T02:47:58Z,felyx,felyx:4d514737b6a5,51.95713343333333,4.476497416666668,False,False,bicycle,electric_assist
2026-06-15T02:47:58Z,felyx,felyx:2ae01a72bd6b,51.92318583333334,4.506209899999999,False,True,bicycle,electric_assist
2026-06-15T02:47:58Z,felyx,felyx:c145799b1438,51.9338755,4.452901166666666,False,False,bicycle,electric_assist
2026-06-15T02:47:58Z,felyx,felyx:dd647b295869,51.942215333333316,4.460501216666667,False,False,bicycle,electric_assist
2026-06-15T02:47:58Z,felyx,felyx:061ac07e1dbb,51.89307681666665,4.5392424,False,False,bicycle,electric_assist
2026-06-15T02:47:58Z,felyx,felyx:a361dfa8e99e,51.89589531666667,4.456150616666666,False,False,bicycle,electric_assist
2026-06-15T02:47:58Z,felyx,felyx:7fd84df0bb57,51.91286833333334,4.476014916666667,False,False,bicycle,electric_assist
2026-06-15T02:47:58Z,felyx,felyx:06e0837e53ce,51.92279373333333,4.499969516666667,False,False,bicycle,electric_assist
2026-06-15T02:47:58Z,felyx,felyx:1b3a6ffcf3cb,51.910355333333335,4.380565716666666,False,False,bicycle,electric_assist
2026-06-15T02:47:58Z,felyx,felyx:a8f094a12f27,51.93169133333335,4.467737016666667,False,False,bicycle,electric_assist
2026-06-15T02:47:58Z,felyx,felyx:9e31e500dc9b,51.88840591666667,4.489314916666667,False,True,bicycle,electric_assist
2026-06-15T02:47:58Z,felyx,felyx:19a42fae8030,51.887955016666666,4.479652616666666,False,True,bicycle,electric_assist
2026-06-15T02:47:58Z,felyx,felyx:7ce8ef0f0c16,51.921925133333325,4.371011116666667,False,True,bicycle,electric_assist
2026-06-15T02:47:58Z,felyx,felyx:c07e36fc1fe6,51.916964033333336,4.4238075,False,False,bicycle,electric_assist
2026-06-15T02:47:58Z,felyx,felyx:aaf0b9cd7fc6,51.91566763333334,4.488740716666666,False,True,bicycle,electric_assist
2026-06-15T02:47:58Z,felyx,felyx:74176d5c8d12,51.88606901666666,4.460481216666667,False,False,bicycle,electric_assist
2026-06-15T02:47:58Z,felyx,felyx:49ef34bbf631,51.91391083333333,4.4609917166666655,False,False,bicycle,electric_assist
2026-06-15T02:47:58Z,felyx,felyx:d6ebb387a03a,51.91292333333334,4.5221147,False,False,bicycle,electric_assist
2026-06-15T02:47:58Z,felyx,felyx:791ae8a23b26,51.89372591666667,4.551991699999999,False,False,bicycle,electric_assist
2026-06-15T02:47:58Z,felyx,felyx:fcd1ae68be09,51.93743943333334,4.462590016666667,False,False,bicycle,electric_assist
2026-06-15T02:47:58Z,felyx,felyx:f24fd9e20955,51.90215083333332,4.502357,False,False,bicycle,electric_assist
2026-06-15T02:47:58Z,felyx,felyx:ce80201e429e,51.92725453333334,4.507956600000001,False,False,bicycle,electric_assist
2026-06-15T02:47:58Z,felyx,felyx:3b5e63236409,51.92016563333333,4.4120454,False,False,bicycle,electric_assist
2026-06-15T02:47:58Z,felyx,felyx:2b07ef167a03,51.91711613333333,4.523331500000001,False,False,bicycle,electric_assist
2026-06-15T02:47:58Z,felyx,felyx:67ae683bda05,51.91493963333333,4.424455600000001,False,False,bicycle,electric_assist
2026-06-15T02:47:58Z,felyx,felyx:6c1577d8b32f,51.89173891666666,4.489221616666667,False,False,bicycle,electric_assist
2026-06-15T02:47:58Z,felyx,felyx:4700cbd2d0e7,51.89473211666667,4.532197700000001,False,False,bicycle,electric_assist
2026-06-15T02:47:58Z,felyx,felyx:38ec2a2a7a99,51.90798383333334,4.5122084000000005,False,False,bicycle,electric_assist
2026-06-15T02:47:58Z,felyx,felyx:2fec8b6e37cf,51.91678453333333,4.402095500000001,False,True,bicycle,electric_assist
2026-06-15T02:47:58Z,felyx,felyx:5d7d2f6c6619,51.91253653333333,4.4219077,False,False,bicycle,electric_assist
2026-06-15T02:47:58Z,felyx,felyx:6017c30961d7,51.925375833333334,4.530732599999999,False,False,bicycle,electric_assist
2026-06-15T02:47:58Z,felyx,felyx:5f10ad9965d8,51.88794461666666,4.478800016666667,False,False,bicycle,electric_assist
2026-06-15T02:47:58Z,felyx,felyx:95795a6a7639,51.90386693333334,4.5130178999999995,False,False,bicycle,electric_assist
2026-06-15T02:47:58Z,felyx,felyx:0497f035a632,51.85788461666667,4.388194816666667,False,True,bicycle,electric_assist
2026-06-15T02:47:58Z,felyx,felyx:fb5e84202826,51.89162911666667,4.494124716666667,False,True,bicycle,electric_assist
2026-06-15T02:47:58Z,felyx,felyx:29bac3954211,51.929164033333336,4.5053285999999995,False,False,bicycle,electric_assist
2026-06-15T02:47:58Z,felyx,felyx:b52fe4847f6f,51.93700973333332,4.4277619,False,False,bicycle,electric_assist
2026-06-15T02:47:58Z,felyx,felyx:035e861ad195,51.874923116666665,4.491898316666666,False,False,bicycle,electric_assist
2026-06-15T02:47:58Z,felyx,felyx:6f9918092350,51.922615333333326,4.497541016666667,False,False,bicycle,electric_assist
2026-06-15T02:47:58Z,felyx,felyx:cbcffdfe8489,51.90487523333332,4.463223516666668,False,False,bicycle,electric_assist
2026-06-15T02:47:58Z,felyx,felyx:b747a477a80a,51.912316933333344,4.454989916666667,False,False,bicycle,electric_assist
2026-06-15T02:47:58Z,felyx,felyx:287172fd88a8,51.92603163333333,4.519896500000001,False,False,bicycle,electric_assist
2026-06-15T02:47:58Z,felyx,felyx:ac93705e4937,51.89482291666666,4.4651126166666675,False,False,bicycle,electric_assist
2026-06-15T02:47:58Z,felyx,felyx:ffac689f2a14,51.96879373333332,4.484789116666667,False,False,bicycle,electric_assist
2026-06-15T02:47:58Z,felyx,felyx:9146c29339ad,51.93148963333333,4.4615932166666665,False,True,bicycle,electric_assist
2026-06-15T02:47:58Z,felyx,felyx:e53b95f7d35c,51.889648566666665,4.491521233333334,False,False,bicycle,electric_assist
2026-06-15T02:47:58Z,felyx,felyx:d73cc574edbd,51.91190983333333,4.380390116666667,False,False,bicycle,electric_assist
2026-06-15T02:47:58Z,felyx,felyx:5c75b3160ec0,51.954019033333346,4.464086616666666,False,False,bicycle,electric_assist
2026-06-15T02:47:58Z,felyx,felyx:2b6ad5da0ef3,51.890738316666656,4.486667116666666,False,False,bicycle,electric_assist
2026-06-15T02:47:58Z,felyx,felyx:ac2d0492355f,51.88626521666666,4.5362487,False,True,bicycle,electric_assist
2026-06-15T02:47:58Z,felyx,felyx:ac1bc81a9394,51.891809516666676,4.4846076166666675,False,True,bicycle,electric_assist
2026-06-15T02:47:58Z,felyx,felyx:98be1c146470,51.916207433333334,4.442771316666668,False,False,bicycle,electric_assist
2026-06-15T02:47:58Z,felyx,felyx:7a009d43635b,51.90869693333334,4.524726,False,False,bicycle,electric_assist
2026-06-15T02:47:58Z,felyx,felyx:9ac3153f4125,51.91416963333332,4.4223924000000014,False,False,bicycle,electric_assist
2026-06-15T02:47:58Z,felyx,felyx:fe755a3c36dd,51.89216211666667,4.5696382,False,False,bicycle,electric_assist
2026-06-15T02:47:58Z,felyx,felyx:6485b0fc0083,51.88613051666666,4.459896516666666,False,False,bicycle,electric_assist
2026-06-15T02:47:58Z,felyx,felyx:4f000c44e492,51.93048563333333,4.458386016666667,False,True,bicycle,electric_assist
2026-06-15T02:47:58Z,felyx,felyx:0fe64e381b5d,51.93350343333333,4.5029471,False,True,bicycle,electric_assist
2026-06-15T02:47:58Z,felyx,felyx:48c116e29abd,51.932122766666666,4.401947416666667,False,False,bicycle,electric_assist
2026-06-15T02:47:58Z,felyx,felyx:6a4d5e10ccc0,51.94934743333333,4.5157758,False,False,bicycle,electric_assist
2026-06-15T02:47:58Z,felyx,felyx:84f743e8fb48,51.957424433333344,4.484530716666667,False,True,bicycle,electric_assist
2026-06-15T02:47:58Z,felyx,felyx:b9753475e253,51.90458013333334,4.5079101999999995,False,False,bicycle,electric_assist
2026-06-15T02:47:58Z,felyx,felyx:284ee594d0f1,51.94751103333333,4.480445616666667,False,False,bicycle,electric_assist
2026-06-15T02:47:58Z,felyx,felyx:a153ff921b51,51.87681621666667,4.489711416666665,False,False,bicycle,electric_assist
2026-06-15T02:47:58Z,felyx,felyx:9186cf8d3fa6,51.90647293333333,4.4626273166666675,False,False,bicycle,electric_assist
2026-06-15T02:47:58Z,felyx,felyx:5a216f61f19b,51.929065433333335,4.505966,False,False,bicycle,electric_assist
2026-06-15T02:47:58Z,felyx,felyx:1e6dfd446c79,51.91862503333333,4.4354417,False,False,bicycle,electric_assist
2026-06-15T02:47:58Z,felyx,felyx:06f4aca2ab15,51.90123823333333,4.477455416666667,False,False,bicycle,electric_assist
2026-06-15T02:47:58Z,felyx,felyx:0f5331aebf56,51.93491953333334,4.3747508166666655,False,False,bicycle,electric_assist
2026-06-15T02:47:58Z,felyx,felyx:a03de5ec2901,51.871655916666676,4.4915646166666665,False,False,bicycle,electric_assist
2026-06-15T02:47:58Z,felyx,felyx:3951bedb786c,51.91379873333333,4.478748116666667,False,True,bicycle,electric_assist
2026-06-15T02:47:58Z,felyx,felyx:dad3a7e7ce61,51.88838461666666,4.496183316666667,False,True,bicycle,electric_assist
2026-06-15T02:47:58Z,felyx,felyx:7701a0c8e2d1,51.91122393333333,4.5248298,False,False,bicycle,electric_assist
2026-06-15T02:47:58Z,felyx,felyx:87f72f4f1648,51.926032633333335,4.5167359000000005,False,False,bicycle,electric_assist
2026-06-15T02:47:58Z,felyx,felyx:4690cf07a7fa,51.91696193333333,4.4237763999999995,False,False,bicycle,electric_assist
2026-06-15T02:47:58Z,felyx,felyx:22d564fa9b39,51.87496550000001,4.491865716666666,False,False,bicycle,electric_assist
2026-06-15T02:47:58Z,felyx,felyx:6c63a73427f7,51.946407483333324,4.472832349999999,False,False,bicycle,electric_assist
2026-06-15T02:47:58Z,felyx,felyx:e7c013831141,51.907867833333334,4.453716616666668,False,False,bicycle,electric_assist
2026-06-15T02:47:58Z,felyx,felyx:a9aa76559ba7,51.91561573333333,4.447662616666666,False,True,bicycle,electric_assist
2026-06-15T02:47:58Z,felyx,felyx:1a47064710b8,51.92650943333333,4.5143593,False,False,bicycle,electric_assist
2026-06-15T02:47:58Z,felyx,felyx:9e9914f5b888,51.92113023333333,4.5591316,False,True,bicycle,electric_assist
2026-06-15T02:47:58Z,felyx,felyx:87ef52849f75,51.91671243333334,4.446858916666666,False,False,bicycle,electric_assist
2026-06-15T02:47:58Z,felyx,felyx:89ad82b7f18b,51.90997491666667,4.438372766666667,False,False,bicycle,electric_assist
2026-06-15T02:47:58Z,felyx,felyx:8029f730d88c,51.967803133333334,4.495560116666667,False,False,bicycle,electric_assist
2026-06-15T02:47:58Z,felyx,felyx:84d570f0d58b,51.91962653333332,4.406467300000001,False,False,bicycle,electric_assist
2026-06-15T02:47:58Z,felyx,felyx:ae6f0e0d115e,51.917060533333334,4.523353,False,False,bicycle,electric_assist
2026-06-15T02:47:58Z,felyx,felyx:f91276514ddf,51.94244763333332,4.537865899999999,False,False,bicycle,electric_assist
2026-06-15T02:47:58Z,felyx,felyx:eae766ade298,51.88652171666666,4.549296700000001,False,False,bicycle,electric_assist
2026-06-15T02:47:58Z,felyx,felyx:3c11ca72cd93,51.94858993333333,4.449782616666667,False,False,bicycle,electric_assist
2026-06-15T02:47:58Z,felyx,felyx:5e7360cc7849,51.89443291666666,4.485505116666667,False,False,bicycle,electric_assist
2026-06-15T02:47:58Z,felyx,felyx:ec097b3447a4,51.92574453333333,4.454875116666667,False,False,bicycle,electric_assist
2026-06-15T02:47:58Z,felyx,felyx:d4004157ec32,51.92179243333334,4.481090216666667,False,True,bicycle,electric_assist
2026-06-15T02:47:58Z,felyx,felyx:9b254295b877,51.905634633333335,4.475959116666667,False,False,bicycle,electric_assist
2026-06-15T02:47:58Z,felyx,felyx:f2a2c82b4b7f,51.90488353333333,4.4027698,False,False,bicycle,electric_assist
2026-06-15T02:47:58Z,felyx,felyx:74fe35513512,51.906159433333336,4.5417273,False,False,bicycle,electric_assist
2026-06-15T02:47:58Z,felyx,felyx:ec06aa1983be,51.96426293333334,4.53811235,False,False,bicycle,electric_assist
2026-06-15T02:47:58Z,felyx,felyx:3ed2790dc3f4,51.93888253333332,4.475809216666667,False,True,bicycle,electric_assist
2026-06-15T02:47:58Z,felyx,felyx:876321ffa62b,51.95041483333333,4.546754699999999,False,False,bicycle,electric_assist
2026-06-15T02:47:58Z,felyx,felyx:406b1b75e78f,51.88455711666668,4.467982316666666,False,False,bicycle,electric_assist
2026-06-15T02:47:58Z,felyx,felyx:8635eac24dd6,51.89469071666668,4.5321662,False,True,bicycle,electric_assist
2026-06-15T02:47:58Z,felyx,felyx:f5349893d90b,51.94586403333333,4.5567063999999995,False,False,bicycle,electric_assist
2026-06-15T02:47:58Z,felyx,felyx:1f27b2fa161c,51.933011433333334,4.497265616666667,False,False,bicycle,electric_assist
2026-06-15T02:47:58Z,felyx,felyx:759b8b03a61f,51.9066902,4.412068883333333,False,False,bicycle,electric_assist
2026-06-15T02:47:58Z,felyx,felyx:36da73d7a427,51.927890433333346,4.463895716666667,False,False,bicycle,electric_assist
2026-06-15T02:47:58Z,felyx,felyx:1bd49617271c,51.91662133333333,4.452362716666667,False,False,bicycle,electric_assist
2026-06-15T02:47:58Z,felyx,felyx:00101c88425d,51.886375916666665,4.5493025,False,False,bicycle,electric_assist
2026-06-15T02:47:58Z,felyx,felyx:222a5c9b7829,51.968731033333334,4.484741616666667,False,False,bicycle,electric_assist
2026-06-15T02:47:58Z,felyx,felyx:af63a26e4775,51.932227833333336,4.485605416666666,False,False,bicycle,electric_assist
2026-06-15T02:47:58Z,felyx,felyx:e2df4c8fb054,51.91282283333333,4.5101435,False,False,bicycle,electric_assist
2026-06-15T02:47:58Z,felyx,felyx:9875e1dc66db,51.916695833333335,4.447141816666667,False,False,bicycle,electric_assist
2026-06-15T02:47:58Z,felyx,felyx:f237de62fec0,51.93726543333334,4.355431416666666,False,True,bicycle,electric_assist
2026-06-15T02:47:58Z,felyx,felyx:d8cf47b4b165,51.86967821666668,4.477860216666666,False,True,bicycle,electric_assist
2026-06-15T02:47:58Z,felyx,felyx:9ccacba24d2b,51.91089983333333,4.5211719,False,False,bicycle,electric_assist
2026-06-15T02:47:58Z,felyx,felyx:579caac876da,51.933247233333326,4.458090116666667,False,False,bicycle,electric_assist
2026-06-15T02:47:58Z,felyx,felyx:72aa38d54757,51.91073613333333,4.441306916666667,False,True,bicycle,electric_assist
2026-06-15T02:47:58Z,felyx,felyx:dc065151af31,51.91243473333334,4.385511716666667,False,False,bicycle,electric_assist
2026-06-15T02:47:58Z,felyx,felyx:3fce04327791,51.90691203333335,4.503035000000001,False,False,bicycle,electric_assist
2026-06-15T02:47:58Z,felyx,felyx:4784daeb0b4e,51.87719131666666,4.5186953999999995,False,False,bicycle,electric_assist
2026-06-15T02:47:58Z,felyx,felyx:97a7d4263bd4,51.918543050000004,4.432165800000001,False,False,bicycle,electric_assist
2026-06-15T02:47:58Z,felyx,felyx:788f0fbd9777,51.928481733333335,4.370869416666666,False,False,bicycle,electric_assist
2026-06-15T02:47:58Z,felyx,felyx:8fd0b0570e88,51.92187273333333,4.467281016666667,False,False,bicycle,electric_assist
2026-06-15T02:47:58Z,felyx,felyx:33dc35d5c17f,51.930407033333324,4.5037069,False,False,bicycle,electric_assist
2026-06-15T02:47:58Z,felyx,felyx:da62eb3dae0f,51.90915923333334,4.448142116666667,False,False,bicycle,electric_assist
2026-06-15T02:47:58Z,felyx,felyx:b77bb2ba93b7,51.925538633333325,4.5176314,False,False,bicycle,electric_assist
2026-06-15T02:47:58Z,felyx,felyx:35d672533e18,51.91713073333333,4.523484300000001,False,False,bicycle,electric_assist
2026-06-15T02:47:58Z,felyx,felyx:de57d1b4feaf,51.93689198333333,4.5335577166666665,False,False,bicycle,electric_assist
2026-06-15T02:47:58Z,felyx,felyx:8244e3358b13,51.88642601666666,4.549280700000001,False,False,bicycle,electric_assist
2026-06-15T02:47:58Z,felyx,felyx:7a203d85dee3,51.92692593333333,4.464227916666666,False,True,bicycle,electric_assist
2026-06-15T02:47:58Z,felyx,felyx:d19ca8a79fee,51.91561073333333,4.463273316666666,False,False,bicycle,electric_assist
2026-06-15T02:47:58Z,felyx,felyx:e6135d8ea140,51.91641133333333,4.4060492,False,False,bicycle,electric_assist
2026-06-15T02:47:58Z,felyx,felyx:594f1c78fdf6,51.91727263333334,4.489405416666666,False,False,bicycle,electric_assist
2026-06-15T02:47:58Z,felyx,felyx:cccae4097c38,51.89156511666666,4.4909527166666665,False,True,bicycle,electric_assist
2026-06-15T02:47:58Z,felyx,felyx:80b1d8109eb5,51.92107613333332,4.4349986,False,False,bicycle,electric_assist
2026-06-15T02:47:58Z,felyx,felyx:fd92b4079610,51.91697898333332,4.491350083333333,False,True,bicycle,electric_assist
2026-06-15T02:47:58Z,felyx,felyx:e182b5620b61,51.897291016666664,4.5014821,False,False,bicycle,electric_assist
2026-06-15T02:47:58Z,felyx,felyx:cea5608048a1,51.915748233333346,4.3850103166666665,False,True,bicycle,electric_assist
2026-06-15T02:47:58Z,felyx,felyx:740c310d9787,51.90447973333333,4.460411416666666,False,False,bicycle,electric_assist
2026-06-15T02:47:58Z,felyx,felyx:cc8288e82818,51.92023753333333,4.406912300000001,False,False,bicycle,electric_assist
2026-06-15T02:47:58Z,felyx,felyx:78e4b73fa4ee,51.93890673333334,4.425211500000001,False,True,bicycle,electric_assist
2026-06-15T02:47:58Z,felyx,felyx:da0f8ae3a66c,51.89453531666667,4.498332516666666,False,False,bicycle,electric_assist
2026-06-15T02:47:58Z,felyx,felyx:a61eca55bcb1,51.9438514,4.4727098833333345,False,False,bicycle,electric_assist
2026-06-15T02:47:58Z,felyx,felyx:189a331564cc,51.92081056666665,4.503439866666667,False,False,bicycle,electric_assist
2026-06-15T02:47:58Z,felyx,felyx:c0a26f92a8b1,51.90831883333333,4.445008416666666,False,False,bicycle,electric_assist
2026-06-15T02:47:58Z,felyx,felyx:3a0b78b19b09,51.89864931666666,4.4758785166666675,False,False,bicycle,electric_assist
2026-06-15T02:47:58Z,felyx,felyx:2bdf106ab421,51.93146403333333,4.457949816666667,False,True,bicycle,electric_assist
2026-06-15T02:47:58Z,felyx,felyx:6da6f2a3ccd0,51.88796621666666,4.478784816666666,False,False,bicycle,electric_assist
2026-06-15T02:47:58Z,felyx,felyx:44ab28974d2f,51.90285583333332,4.510965700000001,False,False,bicycle,electric_assist
2026-06-15T02:47:58Z,felyx,felyx:428fc1258557,51.88641581666668,4.5492837999999995,False,False,bicycle,electric_assist
2026-06-15T02:47:58Z,felyx,felyx:f82c1ce79cfb,51.87908781666666,4.524102,False,True,bicycle,electric_assist
2026-06-15T02:47:58Z,felyx,felyx:d54da3fbc24d,51.94801373333332,4.485935616666667,False,False,bicycle,electric_assist
2026-06-15T02:47:58Z,felyx,felyx:3b6d1cdd07b3,51.91238603333333,4.455995016666666,False,True,bicycle,electric_assist
2026-06-15T02:47:58Z,felyx,felyx:a77d05cf4802,51.922570933333326,4.4025137999999995,False,False,bicycle,electric_assist
2026-06-15T02:47:58Z,felyx,felyx:eec739517993,51.951767233333335,4.55106,False,True,bicycle,electric_assist
2026-06-15T02:47:58Z,felyx,felyx:df274f1330a1,51.913420333333335,4.400320300000001,False,False,bicycle,electric_assist
2026-06-15T02:47:58Z,felyx,felyx:44ade205a444,51.93279125000001,4.45587695,False,False,bicycle,electric_assist
2026-06-15T02:47:58Z,felyx,felyx:1ad86b1f6e73,51.885757516666665,4.471986816666667,False,False,bicycle,electric_assist
2026-06-15T02:47:58Z,felyx,felyx:2d8768f0f6e8,51.91996303333334,4.5283371,False,False,bicycle,electric_assist
2026-06-15T02:47:58Z,felyx,felyx:2f0a97555d43,51.89487551666665,4.465138416666666,False,False,bicycle,electric_assist
2026-06-15T02:47:58Z,felyx,felyx:27cecdc2b930,51.92745463333334,4.5098137,False,False,bicycle,electric_assist
2026-06-15T02:47:58Z,felyx,felyx:e878ea8cf356,51.90612743333334,4.541900500000001,False,False,bicycle,electric_assist
2026-06-15T02:47:58Z,felyx,felyx:613a85b34bbc,51.89690521666667,4.5236488,False,False,bicycle,electric_assist
2026-06-15T02:47:58Z,felyx,felyx:48528621e9a8,51.933328333333336,4.4398388,False,True,bicycle,electric_assist
2026-06-15T02:47:58Z,felyx,felyx:f0b1dd3ba3d2,51.92185583333333,4.460594616666667,False,False,bicycle,electric_assist
2026-06-15T02:47:58Z,felyx,felyx:418fb98bdedc,51.88527661666667,4.465888216666666,False,False,bicycle,electric_assist
2026-06-15T02:47:58Z,felyx,felyx:24c7491185f3,51.90633633333334,4.4600894166666665,False,False,bicycle,electric_assist
2026-06-15T02:47:58Z,felyx,felyx:08b76d87e8e3,51.91962163333332,4.477033716666668,False,False,bicycle,electric_assist
2026-06-15T02:47:58Z,felyx,felyx:04f0d9332b4c,51.91514623333334,4.476215816666667,False,True,bicycle,electric_assist
2026-06-15T02:47:58Z,felyx,felyx:d4eb414d2eea,51.89160811666667,4.491764383333333,False,False,bicycle,electric_assist
2026-06-15T02:47:58Z,felyx,felyx:4252441bbd7d,51.896186616666675,4.5042289,False,False,bicycle,electric_assist
2026-06-15T02:47:58Z,felyx,felyx:6c3fa0f41e29,51.92939443333333,4.465931116666667,False,True,bicycle,electric_assist
2026-06-15T02:47:58Z,felyx,felyx:e807f88b2f51,51.911955333333324,4.4252239000000015,False,True,bicycle,electric_assist
2026-06-15T02:47:58Z,felyx,felyx:6ba93482463e,51.91185083333333,4.374074116666666,False,False,bicycle,electric_assist
2026-06-15T02:47:58Z,felyx,felyx:bf0bc573174c,51.87516301666666,4.493930916666667,False,False,bicycle,electric_assist
2026-06-15T02:47:58Z,felyx,felyx:16c3978de87a,51.89355801666667,4.492427216666667,False,True,bicycle,electric_assist
2026-06-15T02:47:58Z,felyx,felyx:207cff5eb513,51.937130899999985,4.4783984,False,False,bicycle,electric_assist
2026-06-15T02:47:58Z,felyx,felyx:b0107ac1bfbc,51.90879623333334,4.496300516666667,False,True,bicycle,electric_assist
2026-06-15T02:47:58Z,felyx,felyx:ab9c704a8b1b,51.91513213333332,4.4314485999999995,False,False,bicycle,electric_assist
2026-06-15T02:47:58Z,felyx,felyx:1c8ae0aa960e,51.91388403333333,4.5084933000000005,False,False,bicycle,electric_assist
2026-06-15T02:47:58Z,felyx,felyx:e5200a85cd35,51.888522816666665,4.567231400000001,False,False,bicycle,electric_assist
2026-06-15T02:47:58Z,felyx,felyx:a7566671a18b,51.91879953333334,4.5157137,False,False,bicycle,electric_assist
2026-06-15T02:47:58Z,felyx,felyx:e35ce845b376,51.92165053333333,4.512575399999999,False,False,bicycle,electric_assist
2026-06-15T02:47:58Z,felyx,felyx:1459387b74ad,51.92861453333333,4.494572616666667,False,False,bicycle,electric_assist
2026-06-15T02:47:58Z,felyx,felyx:ed4171c21b12,51.91493353333334,4.465749016666667,False,False,bicycle,electric_assist
2026-06-15T02:47:58Z,felyx,felyx:e5f468ed549a,51.91581943333333,4.451605216666667,False,False,bicycle,electric_assist
2026-06-15T02:47:58Z,felyx,felyx:0f028dbb6aa7,51.88856911666667,4.5672654999999995,False,False,bicycle,electric_assist
2026-06-15T02:47:58Z,felyx,felyx:fc2503797a15,51.88216211666667,4.497400716666667,False,True,bicycle,electric_assist
2026-06-15T02:47:58Z,felyx,felyx:97c4b52b0443,51.94217113333333,4.460514616666667,False,False,bicycle,electric_assist
2026-06-15T02:47:58Z,felyx,felyx:1bd4fa487fba,51.92001963333333,4.510799,False,True,bicycle,electric_assist
2026-06-15T02:47:58Z,felyx,felyx:f4fdeb799f7c,51.91922611666666,4.4500024666666675,False,False,bicycle,electric_assist
2026-06-15T02:47:58Z,felyx,felyx:7d4df6527822,51.872409016666666,4.5007755,False,False,bicycle,electric_assist
2026-06-15T02:47:58Z,felyx,felyx:ddf3b77e7f33,51.88565901666665,4.548568599999999,False,True,bicycle,electric_assist
2026-06-15T02:47:58Z,felyx,felyx:e17c53fbb631,51.920443283333334,4.411935183333334,False,False,bicycle,electric_assist
2026-06-15T02:47:58Z,felyx,felyx:caf4d375d273,51.95577943333333,4.402815899999999,False,False,bicycle,electric_assist
2026-06-15T02:47:58Z,felyx,felyx:d5b3db70858a,51.90717053333333,4.473330416666666,False,True,bicycle,electric_assist
2026-06-15T02:47:58Z,felyx,felyx:addfe7c4e4fa,51.936397933333325,4.490780816666667,False,False,bicycle,electric_assist
2026-06-15T02:47:58Z,felyx,felyx:3b44baba99a7,51.9068556,4.385595833333333,False,True,bicycle,electric_assist
2026-06-15T02:47:58Z,felyx,felyx:b80f3bcbeaf5,51.88643041666666,4.5492966,False,False,bicycle,electric_assist
2026-06-15T02:47:58Z,felyx,felyx:97981519d841,51.94859443333333,4.449816716666667,False,True,bicycle,electric_assist
2026-06-15T02:47:58Z,felyx,felyx:d8e2fc65ea02,51.89295961666667,4.468307416666667,False,False,bicycle,electric_assist
2026-06-15T02:47:58Z,felyx,felyx:2673d1a486ce,51.886466716666675,4.5492661000000005,False,False,bicycle,electric_assist
2026-06-15T02:47:58Z,felyx,felyx:00db35c62575,51.94324308333333,4.4238398666666665,False,False,bicycle,electric_assist
2026-06-15T02:47:58Z,felyx,felyx:2f5a71b6ab48,51.891761416666675,4.480579216666666,False,False,bicycle,electric_assist
2026-06-15T02:47:58Z,felyx,felyx:e23ded8e2a7d,51.94928403333333,4.432714500000001,False,False,bicycle,electric_assist
2026-06-15T02:47:58Z,felyx,felyx:0cd1c9df3881,51.922872899999994,4.469616916666666,False,True,bicycle,electric_assist
2026-06-15T02:47:58Z,felyx,felyx:6caf942ca842,51.924692533333335,4.493629816666667,False,False,bicycle,electric_assist
2026-06-15T02:47:58Z,felyx,felyx:df730dee4471,51.95743283333333,4.484566616666668,False,False,bicycle,electric_assist
2026-06-15T02:47:58Z,felyx,felyx:e4fec95f5084,51.87349061666667,4.470312716666667,False,False,bicycle,electric_assist
2026-06-15T02:47:58Z,felyx,felyx:aa52f11a571b,51.88632171666666,4.5492984,False,False,bicycle,electric_assist
2026-06-15T02:47:58Z,felyx,felyx:036ed0d21a53,51.90264933333333,4.452244816666667,False,False,bicycle,electric_assist
2026-06-15T02:47:58Z,felyx,felyx:ba4b9195b18c,51.91735393333333,4.422758600000001,False,True,bicycle,electric_assist
2026-06-15T02:47:58Z,felyx,felyx:5cae27b62408,51.932438233333336,4.471535516666666,False,False,bicycle,electric_assist
2026-06-15T02:47:58Z,felyx,felyx:64a9c5c96112,51.96875593333332,4.484777116666668,False,False,bicycle,electric_assist
2026-06-15T02:47:58Z,felyx,felyx:0fb420bf0ff5,51.88863971666667,4.477274216666667,False,False,bicycle,electric_assist
2026-06-15T02:47:58Z,felyx,felyx:e071cbd15fe5,51.916158333333335,4.526277100000001,False,False,bicycle,electric_assist
2026-06-15T02:47:58Z,felyx,felyx:0cbd20d9f112,51.91814293333333,4.454907116666667,False,True,bicycle,electric_assist
2026-06-15T02:47:58Z,felyx,felyx:4aa2e7e36ce0,51.90690073333333,4.3857115166666665,False,False,bicycle,electric_assist
2026-06-15T02:47:58Z,felyx,felyx:854b84787a33,51.93138323333332,4.436772899999999,False,False,bicycle,electric_assist
2026-06-15T02:47:58Z,felyx,felyx:4ac53928198d,51.931263433333335,4.457120216666667,False,True,bicycle,electric_assist
2026-06-15T02:47:58Z,felyx,felyx:dd1ebfb50b11,51.96332233333333,4.5544929000000005,False,False,bicycle,electric_assist
2026-06-15T02:47:58Z,felyx,felyx:3455a9d1f998,51.888582116666676,4.5672673,False,False,bicycle,electric_assist
2026-06-15T02:47:58Z,felyx,felyx:220cd3f3d351,51.90022013333334,4.477584416666667,False,False,bicycle,electric_assist
2026-06-15T02:47:58Z,felyx,felyx:7f32e3ed802d,51.90556063333333,4.4760258166666675,False,False,bicycle,electric_assist
2026-06-15T02:47:58Z,felyx,felyx:2f8984e8cd75,51.92885303333333,4.506445899999999,False,True,bicycle,electric_assist
2026-06-15T02:47:58Z,felyx,felyx:4fa3a270a093,51.907184533333336,4.473315416666667,False,False,bicycle,electric_assist
2026-06-15T02:47:58Z,felyx,felyx:555cda4a31f0,51.91921803333332,4.526900299999999,False,False,bicycle,electric_assist
2026-06-15T02:47:58Z,felyx,felyx:eb00aa8619d7,51.892137716666674,4.5696688000000005,False,False,bicycle,electric_assist
2026-06-15T02:47:58Z,felyx,felyx:1eefa2f57522,51.92174723333333,4.533870399999999,False,False,bicycle,electric_assist
2026-06-15T02:47:58Z,felyx,felyx:d9e3a1bb8800,51.90154343333334,4.4793741166666665,False,False,bicycle,electric_assist
2026-06-15T02:47:58Z,felyx,felyx:8951ff445a34,51.933342933333336,4.5028623,False,False,bicycle,electric_assist
2026-06-15T02:47:58Z,felyx,felyx:429e73d09268,51.90468243333333,4.446289816666667,False,False,bicycle,electric_assist
2026-06-15T02:47:58Z,felyx,felyx:245ee74acfa2,51.95643403333334,4.532558300000001,False,False,bicycle,electric_assist
2026-06-15T02:47:58Z,felyx,felyx:013b1d6a80c9,51.91461373333333,4.495405766666668,False,False,bicycle,electric_assist
2026-06-15T02:47:58Z,felyx,felyx:5e91c5e36ad5,51.90967753333333,4.5213607,False,True,bicycle,electric_assist
2026-06-15T02:47:58Z,felyx,felyx:19b717782011,51.93210598333334,4.401948450000001,False,False,bicycle,electric_assist
2026-06-15T02:47:58Z,felyx,felyx:3ef2c23004cf,51.91265296666667,4.481670866666668,False,True,bicycle,electric_assist
2026-06-15T02:47:58Z,felyx,felyx:178de4a2f36f,51.911374633333324,4.379175616666666,False,True,bicycle,electric_assist
2026-06-15T02:47:58Z,felyx,felyx:87f81bf09be1,51.87916531666667,4.5269925,False,False,bicycle,electric_assist
2026-06-15T02:47:58Z,felyx,felyx:7504d2bdfee3,51.94092983333332,4.4228616999999995,False,False,bicycle,electric_assist
2026-06-15T02:47:58Z,felyx,felyx:5a27b90558ff,51.897976316666664,4.5140236,False,False,bicycle,electric_assist
2026-06-15T02:47:58Z,felyx,felyx:aeeb4b1f67b4,51.92043343333333,4.5073784,False,False,bicycle,electric_assist
2026-06-15T02:47:58Z,felyx,felyx:14c0fb050c3f,51.93419073333333,4.459369616666667,False,False,bicycle,electric_assist
2026-06-15T02:47:58Z,felyx,felyx:b0c2d301fd8c,51.91516603333333,4.449431416666666,False,False,bicycle,electric_assist
2026-06-15T02:47:58Z,felyx,felyx:861133de8661,51.88744491666667,4.4633168166666675,False,False,bicycle,electric_assist
2026-06-15T02:47:58Z,felyx,felyx:3a871066b0d1,51.92322283333332,4.482648716666668,True,False,bicycle,electric_assist
2026-06-15T02:47:58Z,felyx,felyx:566408e170ed,51.91988463333333,4.487601416666667,False,True,bicycle,electric_assist
2026-06-15T02:47:58Z,felyx,felyx:23ba1729d080,51.957380933333326,4.535739800000001,False,False,bicycle,electric_assist
2026-06-15T02:47:58Z,felyx,felyx:46b6c51b8937,51.94193933333333,4.4256628,False,True,bicycle,electric_assist
2026-06-15T02:47:58Z,felyx,felyx:52fce371b2c0,51.91449253333334,4.427175000000001,False,True,bicycle,electric_assist
2026-06-15T02:47:58Z,felyx,felyx:98e5761f62e7,51.910779133333335,4.504067699999999,False,False,bicycle,electric_assist
2026-06-15T02:47:58Z,felyx,felyx:f3e38d0194cb,51.90473663333334,4.443220616666666,False,False,bicycle,electric_assist
2026-06-15T02:47:58Z,felyx,felyx:f3a97ad41bd2,51.894199616666675,4.486793233333334,False,False,bicycle,electric_assist
2026-06-15T02:47:58Z,felyx,felyx:8290fbc4e698,51.92626933333333,4.491889016666667,False,True,bicycle,electric_assist
2026-06-15T02:47:58Z,felyx,felyx:b88fe92bcb15,51.901385933333316,4.461242516666667,False,False,bicycle,electric_assist
2026-06-15T02:47:58Z,felyx,felyx:18256c650375,51.934867533333325,4.374785816666666,False,False,bicycle,electric_assist
2026-06-15T02:47:58Z,felyx,felyx:c56e3f55326a,51.912380433333325,4.451084716666667,False,True,bicycle,electric_assist
2026-06-15T02:47:58Z,felyx,felyx:6a86c08de9f2,51.88953841666667,4.5018166,False,False,bicycle,electric_assist
2026-06-15T02:47:58Z,felyx,felyx:a9f2c62bb41b,51.91365043333333,4.439563199999999,False,True,bicycle,electric_assist
2026-06-15T02:47:58Z,felyx,felyx:e29c09eb3729,51.89502986666666,4.469288466666667,False,True,bicycle,electric_assist
2026-06-15T02:47:58Z,felyx,felyx:db5fd02b6959,51.86998481666666,4.487485916666666,False,False,bicycle,electric_assist
2026-06-15T02:47:58Z,felyx,felyx:d0b571546fbe,51.91975713333333,4.384206916666667,False,False,bicycle,electric_assist
2026-06-15T02:47:58Z,felyx,felyx:491b27b84378,51.91060113333333,4.445941416666668,False,False,bicycle,electric_assist
2026-06-15T02:47:58Z,felyx,felyx:8e2fe270a8db,51.92780713333333,4.535783399999999,False,False,bicycle,electric_assist
2026-06-15T02:47:58Z,felyx,felyx:d4bc5614e17a,51.89333361666666,4.483727016666666,False,False,bicycle,electric_assist
2026-06-15T02:47:58Z,felyx,felyx:a24a0c22fef5,51.88777831666666,4.546825500000001,False,False,bicycle,electric_assist
2026-06-15T02:47:58Z,felyx,felyx:cc8f89db0be3,51.91121163333334,4.524802900000001,False,False,bicycle,electric_assist
2026-06-15T02:47:58Z,felyx,felyx:0517c3b9858d,51.90151053333334,4.479404316666667,False,False,bicycle,electric_assist
2026-06-15T02:47:58Z,felyx,felyx:7a846b4a4985,51.90297383333332,4.5113772,False,False,bicycle,electric_assist
2026-06-15T02:47:58Z,felyx,felyx:f04fb949d2ad,51.89387881666667,4.5095,False,False,bicycle,electric_assist
2026-06-15T02:47:58Z,felyx,felyx:543585cede09,51.91911358333332,4.4470957,False,False,bicycle,electric_assist
2026-06-15T02:47:58Z,felyx,felyx:2da362222f98,51.89213621666666,4.5696485,False,False,bicycle,electric_assist
2026-06-15T02:47:58Z,felyx,felyx:594d22193008,51.899900916666674,4.545872299999999,False,False,bicycle,electric_assist
2026-06-15T02:47:58Z,felyx,felyx:ed6a14df1e7d,51.930060133333335,4.4573283166666675,False,True,bicycle,electric_assist
2026-06-15T02:47:58Z,felyx,felyx:0dcdc27e7464,51.88653461666666,4.549311499999999,False,False,bicycle,electric_assist
2026-06-15T02:47:58Z,felyx,felyx:c7ea1acb7cd3,51.912583833333336,4.420981900000001,False,False,bicycle,electric_assist
2026-06-15T02:47:58Z,felyx,felyx:21d5c17e72b6,51.91786138333333,4.445022733333333,False,True,bicycle,electric_assist
2026-06-15T02:47:58Z,felyx,felyx:5a8a3349368c,51.913554033333334,4.462011216666666,False,True,bicycle,electric_assist
2026-06-15T02:47:58Z,felyx,felyx:8a8ec3a8e77b,51.934341149999995,4.54288265,False,False,bicycle,electric_assist
2026-06-15T02:47:58Z,felyx,felyx:b011077e210a,51.91182933333333,4.3741291166666665,False,False,bicycle,electric_assist
2026-06-15T02:47:58Z,felyx,felyx:ffa7eb1452b5,51.89882291666666,4.564629000000001,False,False,bicycle,electric_assist
2026-06-15T02:47:58Z,felyx,felyx:bf07fa6f6584,51.906281333333325,4.460064316666666,False,False,bicycle,electric_assist
2026-06-15T02:47:58Z,felyx,felyx:721fba23ae49,51.94576943333333,4.449310016666668,False,False,bicycle,electric_assist
2026-06-15T02:47:58Z,felyx,felyx:56c5132442be,51.90432203333333,4.464106216666668,False,False,bicycle,electric_assist
2026-06-15T02:47:58Z,felyx,felyx:78e566d2c425,51.89357291666667,4.4632883166666675,False,False,bicycle,electric_assist
2026-06-15T02:47:58Z,felyx,felyx:d984a16a5312,51.95456723333334,4.510932299999999,False,False,bicycle,electric_assist
2026-06-15T02:47:58Z,felyx,felyx:292959c7b3d4,51.91305923333332,4.553728100000001,False,False,bicycle,electric_assist
2026-06-15T02:47:58Z,felyx,felyx:8d5c637b555a,51.90623853333334,4.5107156999999996,False,False,bicycle,electric_assist
2026-06-15T02:47:58Z,felyx,felyx:7ba6bb0a0a6d,51.92038943333333,4.469190016666667,False,False,bicycle,electric_assist
2026-06-15T02:47:58Z,felyx,felyx:9661c078c857,51.90551023333334,4.465770516666668,False,False,bicycle,electric_assist
2026-06-15T02:47:58Z,felyx,felyx:095d138756c8,51.930387016666664,4.5122799166666665,False,True,bicycle,electric_assist
2026-06-15T02:47:58Z,felyx,felyx:fe1de089759f,51.92458353333333,4.482552416666667,False,True,bicycle,electric_assist
2026-06-15T02:47:58Z,felyx,felyx:0cd2159fcc3f,51.91153663333333,4.386098416666667,False,False,bicycle,electric_assist
2026-06-15T02:47:58Z,felyx,felyx:b5c3cf69edec,51.898669016666666,4.475881416666668,False,False,bicycle,electric_assist
2026-06-15T02:47:58Z,felyx,felyx:5cf0a81272b6,51.888528716666656,4.5672424000000005,False,False,bicycle,electric_assist
2026-06-15T02:47:58Z,felyx,felyx:e5a46b74b233,51.91233196666666,4.455147366666668,False,True,bicycle,electric_assist
2026-06-15T02:47:58Z,felyx,felyx:cc39438eb7c2,51.88332931666667,4.489832016666667,False,False,bicycle,electric_assist
2026-06-15T02:47:58Z,felyx,felyx:5ae7a5ee8523,51.890883716666664,4.481532816666667,False,False,bicycle,electric_assist
2026-06-15T02:47:58Z,felyx,felyx:89d204b81092,51.92100133333333,4.459213516666667,False,True,bicycle,electric_assist
2026-06-15T02:47:58Z,felyx,felyx:a9fdf821ef07,51.886374716666666,4.549290899999999,False,False,bicycle,electric_assist
2026-06-15T02:47:58Z,felyx,felyx:edc7dd86541a,51.92324213333333,4.486730616666667,False,True,bicycle,electric_assist
2026-06-15T02:47:58Z,felyx,felyx:0db29ff283c6,51.92775633333334,4.535658399999999,False,False,bicycle,electric_assist
2026-06-15T02:47:58Z,felyx,felyx:20fae8b6e418,51.891844250000005,4.513892133333333,False,False,bicycle,electric_assist
2026-06-15T02:47:58Z,felyx,felyx:e04cba4b4dfd,51.908944033333334,4.5014097,False,False,bicycle,electric_assist
2026-06-15T02:47:58Z,felyx,felyx:390ade036a22,51.91358913333334,4.441367616666668,False,False,bicycle,electric_assist
2026-06-15T02:47:58Z,felyx,felyx:862d7ca1efb2,51.90672425,4.522822533333334,False,False,bicycle,electric_assist
2026-06-15T02:47:58Z,felyx,felyx:1e225177a22a,51.89352791666666,4.4924311166666655,False,False,bicycle,electric_assist
2026-06-15T02:47:58Z,felyx,felyx:b4854568092e,51.91656833333332,4.473074116666667,False,True,bicycle,electric_assist
2026-06-15T02:47:58Z,felyx,felyx:37da6b4bb2a1,51.959297433333326,4.466373616666668,False,False,bicycle,electric_assist
2026-06-15T02:47:58Z,felyx,felyx:a5c5cc78a9b2,51.934253433333325,4.455012016666667,False,False,bicycle,electric_assist
2026-06-15T02:47:58Z,felyx,felyx:2da0127ecabf,51.89201263333333,4.490166683333333,False,False,bicycle,electric_assist
2026-06-15T02:47:58Z,felyx,felyx:e76a06f13d17,51.93743403333333,4.462646216666668,False,False,bicycle,electric_assist
2026-06-15T02:47:58Z,felyx,felyx:25b69cd6798f,51.916222333333316,4.487657716666667,False,True,bicycle,electric_assist
2026-06-15T02:47:58Z,felyx,felyx:2a9fe86389f6,51.93656503333332,4.5322498,False,True,bicycle,electric_assist
2026-06-15T02:47:58Z,felyx,felyx:a85dba038308,51.92698553333333,4.461755516666667,False,False,bicycle,electric_assist
2026-06-15T02:47:58Z,felyx,felyx:aa4a2aad7ee9,51.92204183333333,4.500219100000001,False,False,bicycle,electric_assist
2026-06-15T02:47:58Z,felyx,felyx:cd86a8b0b498,51.93588993333333,4.376124516666666,False,False,bicycle,electric_assist
2026-06-15T02:47:58Z,felyx,felyx:90c612d4f34f,51.92082413333332,4.510491399999999,False,True,bicycle,electric_assist
2026-06-15T02:47:58Z,felyx,felyx:86c1587120a0,51.95937763333333,4.5314284,False,False,bicycle,electric_assist
2026-06-15T02:47:58Z,felyx,felyx:abac11026cb3,51.91398563333334,4.465029616666666,False,True,bicycle,electric_assist
2026-06-15T02:47:58Z,felyx,felyx:46f46a34aa3e,51.90644593333332,4.475319716666666,False,False,bicycle,electric_assist
2026-06-15T02:47:58Z,felyx,felyx:6db86d97993c,51.90299503333334,4.5113416,False,False,bicycle,electric_assist
2026-06-15T02:47:58Z,felyx,felyx:0713ca7d00e9,51.91610703333334,4.5269019,False,False,bicycle,electric_assist
2026-06-15T02:47:58Z,felyx,felyx:1d571a4a1660,51.92196393333334,4.371068016666666,False,True,bicycle,electric_assist
2026-06-15T02:47:58Z,felyx,felyx:8733e77769d8,51.89218111666668,4.5696474,False,False,bicycle,electric_assist
2026-06-15T02:47:58Z,felyx,felyx:3792e8be8474,51.95948593333333,4.559119899999999,False,True,bicycle,electric_assist
2026-06-15T02:47:58Z,felyx,felyx:b4ec3ff11b23,51.91004293333333,4.452315516666666,False,True,bicycle,electric_assist
2026-06-15T02:47:58Z,felyx,felyx:9a71a5ec95bb,51.89661341666666,4.418727700000001,False,False,bicycle,electric_assist
2026-06-15T02:47:58Z,felyx,felyx:62aec0a44534,51.93146163333333,4.467005716666667,False,False,bicycle,electric_assist
2026-06-15T02:47:58Z,felyx,felyx:c7c03cd2a9d0,51.89123271666668,4.4849762166666665,False,False,bicycle,electric_assist
2026-06-15T02:47:58Z,felyx,felyx:9c003ca817b9,51.94961483333333,4.509199200000001,False,False,bicycle,electric_assist
2026-06-15T02:47:58Z,felyx,felyx:4adb546617b6,51.912110233333344,4.383758516666667,False,False,bicycle,electric_assist
2026-06-15T02:47:58Z,felyx,felyx:a5c157cd17ab,51.91053993333334,4.462005816666666,False,False,bicycle,electric_assist
2026-06-15T02:47:58Z,felyx,felyx:a68611197576,51.92263123333334,4.497555416666667,False,False,bicycle,electric_assist
2026-06-15T02:47:58Z,felyx,felyx:c81e0ac2a8c8,51.88568071666667,4.471927316666666,False,False,bicycle,electric_assist
2026-06-15T02:47:58Z,felyx,felyx:be5892b8f716,51.96184098333333,4.478847216666667,False,False,bicycle,electric_assist
2026-06-15T02:47:58Z,felyx,felyx:a747f04f82f9,51.91949523333332,4.397584116666667,False,False,bicycle,electric_assist
2026-06-15T02:47:58Z,felyx,felyx:cb5814dd3485,51.91075643333333,4.381635916666665,False,False,bicycle,electric_assist
2026-06-15T02:47:58Z,felyx,felyx:1a97beb1d93f,51.963393933333336,4.554662400000001,False,False,bicycle,electric_assist
2026-06-15T02:47:58Z,felyx,felyx:640f7cc4697d,51.91819963333333,4.4839865166666675,False,True,bicycle,electric_assist
2026-06-15T02:47:58Z,felyx,felyx:9118dc1b6211,51.93984583333333,4.403831800000001,False,False,bicycle,electric_assist
2026-06-15T02:47:58Z,felyx,felyx:8f557459252e,51.970001450000005,4.575868399999999,False,True,bicycle,electric_assist
2026-06-15T02:47:58Z,felyx,felyx:9bafd4eeb4ca,51.93588093333333,4.376132116666666,False,False,bicycle,electric_assist
2026-06-15T02:47:58Z,felyx,felyx:2f5b300de944,51.918438033333324,4.482541016666667,False,True,bicycle,electric_assist
2026-06-15T02:47:58Z,felyx,felyx:dea791e8aea7,51.896327516666666,4.489347416666666,False,True,bicycle,electric_assist
2026-06-15T02:47:58Z,felyx,felyx:9e558b4b3bfd,51.9228715,4.402187616666667,False,False,bicycle,electric_assist
2026-06-15T02:47:58Z,felyx,felyx:579c5e01f4ee,51.90306823333333,4.404974500000001,False,False,bicycle,electric_assist
2026-06-15T02:47:58Z,felyx,felyx:c64ede6a5ed2,51.91564843333333,4.4516533166666665,False,False,bicycle,electric_assist
2026-06-15T02:47:58Z,felyx,felyx:af2b07f9e697,51.92388508333334,4.379506066666666,False,True,bicycle,electric_assist
2026-06-15T02:47:58Z,felyx,felyx:497aeca2ad30,51.89437861666667,4.492205016666668,False,True,bicycle,electric_assist
2026-06-15T02:47:58Z,felyx,felyx:91f4fae22efc,51.917028033333324,4.446160416666667,False,True,bicycle,electric_assist
2026-06-15T02:47:58Z,felyx,felyx:4fc706aeda56,51.898979516666664,4.5019021,False,True,bicycle,electric_assist
2026-06-15T02:47:58Z,felyx,felyx:86e4fa692fa1,51.933724233333336,4.453603216666665,False,False,bicycle,electric_assist
2026-06-15T02:47:58Z,felyx,felyx:ac56e06e6ed0,51.91345473333334,4.5050484,False,True,bicycle,electric_assist
2026-06-15T02:47:58Z,felyx,felyx:f4566043891a,51.92850883333334,4.492773516666667,False,False,bicycle,electric_assist
2026-06-15T02:47:58Z,felyx,felyx:0cb5c6877302,51.90675133333335,4.447153583333333,False,False,bicycle,electric_assist
2026-06-15T02:47:58Z,felyx,felyx:0b2737588470,51.92002263333333,4.428754,False,False,bicycle,electric_assist
2026-06-15T02:47:58Z,felyx,felyx:2219bebc8aed,51.88641841666665,4.5492951,False,False,bicycle,electric_assist
2026-06-15T02:47:58Z,felyx,felyx:4c745832bd4a,51.919013033333336,4.527113399999999,False,False,bicycle,electric_assist
2026-06-15T02:47:58Z,felyx,felyx:714f49a23f74,51.887446233333335,4.473110300000001,False,False,bicycle,electric_assist
2026-06-15T02:47:58Z,felyx,felyx:05a552351a5c,51.93068856666666,4.428426616666666,False,True,bicycle,electric_assist
2026-06-15T02:47:58Z,felyx,felyx:3c29ba8a2d44,51.91166883333334,4.5109821,False,False,bicycle,electric_assist
2026-06-15T02:47:58Z,felyx,felyx:acacf530e753,51.93555353333333,4.4281459000000005,False,False,bicycle,electric_assist
2026-06-15T02:47:58Z,felyx,felyx:fcc2b52cf86a,51.93639693333333,4.463309783333334,False,True,bicycle,electric_assist
2026-06-15T02:47:58Z,felyx,felyx:105fbd636e74,51.87794301666667,4.516858099999999,False,False,bicycle,electric_assist
2026-06-15T02:47:58Z,felyx,felyx:4e2858bdb887,51.918520933333326,4.443050116666666,False,False,bicycle,electric_assist
2026-06-15T02:47:58Z,felyx,felyx:c0c0d545f5ba,51.91303853333334,4.4141053,False,False,bicycle,electric_assist
2026-06-15T02:47:58Z,felyx,felyx:6028cf88df28,51.93175923333333,4.4660108166666665,False,True,bicycle,electric_assist
2026-06-15T02:47:58Z,felyx,felyx:5867c2a4f5a1,51.95041423333334,4.5467743,False,False,bicycle,electric_assist
2026-06-15T02:47:58Z,felyx,felyx:9e217d1fba55,51.93653803333333,4.472653516666667,False,False,bicycle,electric_assist
2026-06-15T02:47:58Z,felyx,felyx:cfa5a5f04386,51.91985153333333,4.511461999999999,False,False,bicycle,electric_assist
2026-06-15T02:47:58Z,felyx,felyx:5b3697d49edb,51.92975173333332,4.506038200000001,False,False,bicycle,electric_assist
2026-06-15T02:47:58Z,felyx,felyx:c02b139ac533,51.87731801666667,4.562063199999999,False,False,bicycle,electric_assist
2026-06-15T02:47:58Z,felyx,felyx:f5aba4053e73,51.91193483333333,4.457757616666667,False,False,bicycle,electric_assist
2026-06-15T02:47:58Z,felyx,felyx:d18f1149972c,51.90913233333334,4.5197864,False,False,bicycle,electric_assist
2026-06-15T02:47:58Z,felyx,felyx:06ae57cd27bd,51.92779593333333,4.535670400000001,False,False,bicycle,electric_assist
2026-06-15T02:47:58Z,felyx,felyx:af2bfa160219,51.89112821666666,4.469424416666667,False,True,bicycle,electric_assist
2026-06-15T02:47:58Z,felyx,felyx:d7877297887a,51.91290573333334,4.444575816666667,False,False,bicycle,electric_assist
2026-06-15T02:47:58Z,felyx,felyx:ca609eca24df,51.94398693333332,4.485227816666667,False,True,bicycle,electric_assist
2026-06-15T02:47:58Z,felyx,felyx:1f09e4d1cc76,51.921722299999985,4.5340655666666665,False,False,bicycle,electric_assist
2026-06-15T02:47:58Z,felyx,felyx:f6a71d5f0195,51.94216463333334,4.460504516666666,False,False,bicycle,electric_assist
2026-06-15T02:47:58Z,felyx,felyx:e9dba23cbed7,51.91452563333334,4.474686116666667,False,True,bicycle,electric_assist
2026-06-15T02:47:58Z,felyx,felyx:4a840c6b9c19,51.870240816666666,4.473070116666667,False,False,bicycle,electric_assist
2026-06-15T02:47:58Z,felyx,felyx:97ba4023f4ce,51.89883561666667,4.5646094999999995,False,False,bicycle,electric_assist
2026-06-15T02:47:58Z,felyx,felyx:04e1fd37f751,51.940651633333324,4.5569491,False,False,bicycle,electric_assist
2026-06-15T02:47:58Z,felyx,felyx:71973327f59a,51.88962111666666,4.505673516666667,False,False,bicycle,electric_assist
2026-06-15T02:47:58Z,felyx,felyx:0944e8bf1011,51.906491866666656,4.5058166,False,False,bicycle,electric_assist
2026-06-15T02:47:58Z,felyx,felyx:32492384ad01,51.932339333333324,4.487455916666668,False,False,bicycle,electric_assist
2026-06-15T02:47:58Z,felyx,felyx:c8219a887333,51.91145833333333,4.4307476,False,False,bicycle,electric_assist
2026-06-15T02:47:58Z,felyx,felyx:8db8e2fa3de5,51.94224763333333,4.469978716666666,False,False,bicycle,electric_assist
2026-06-15T02:47:58Z,felyx,felyx:9380c568df5d,51.89659051666666,4.4187447,False,False,bicycle,electric_assist
2026-06-15T02:47:58Z,felyx,felyx:4e08b09f8122,51.95989233333333,4.501136399999999,False,False,bicycle,electric_assist
2026-06-15T02:47:58Z,felyx,felyx:6f412e548b46,51.901713733333324,4.483802516666667,False,True,bicycle,electric_assist
2026-06-15T02:47:58Z,felyx,felyx:4568b6fb3d6f,51.91609373333334,4.526937,False,False,bicycle,electric_assist
2026-06-15T02:47:58Z,felyx,felyx:065f7c693100,51.89213001666666,4.5696791999999995,False,False,bicycle,electric_assist
2026-06-15T02:47:58Z,felyx,felyx:63f8cd49c57f,51.89190985000001,4.5382858499999985,False,False,bicycle,electric_assist
2026-06-15T02:47:58Z,felyx,felyx:4e71f5266396,51.914876433333326,4.4088622,False,False,bicycle,electric_assist
2026-06-15T02:47:58Z,felyx,felyx:7e18d2c649d5,51.93510603333334,4.461315416666667,False,False,bicycle,electric_assist
2026-06-15T02:47:58Z,felyx,felyx:a6556f376490,51.93613503333332,4.471606316666667,False,False,bicycle,electric_assist
2026-06-15T02:47:58Z,felyx,felyx:04cf0a05835b,51.93208683333334,4.401923300000001,False,True,bicycle,electric_assist
2026-06-15T02:47:58Z,felyx,felyx:05581b585cb0,51.910712433333345,4.5103078000000005,False,False,bicycle,electric_assist
2026-06-15T02:47:58Z,felyx,felyx:b44d1e06facf,51.91601673333333,4.5268296,False,False,bicycle,electric_assist
2026-06-15T02:47:58Z,lime,lime:04144472c86e,51.88575,4.51543,False,False,bicycle,electric_assist
2026-06-15T02:47:58Z,lime,lime:b490644faafd,51.8938,4.50944,False,False,bicycle,electric_assist
2026-06-15T02:47:58Z,lime,lime:4c67c1e55336,51.89135,4.47944,False,False,bicycle,electric_assist
2026-06-15T02:47:58Z,lime,lime:6fe7e262bce1,51.93838,4.55053,False,False,bicycle,electric_assist
2026-06-15T02:47:58Z,lime,lime:67b764998af9,51.90933,4.44373,False,False,bicycle,electric_assist
2026-06-15T02:47:58Z,lime,lime:342927cd06e4,51.92099,4.54236,False,False,bicycle,electric_assist
2026-06-15T02:47:58Z,lime,lime:898fc59abde8,51.93305,4.46704,False,False,bicycle,electric_assist
2026-06-15T02:47:58Z,lime,lime:1bb71a44f731,51.9088,4.52183,False,False,bicycle,electric_assist
2026-06-15T02:47:58Z,lime,lime:1780130a9bfb,51.92161,4.51272,False,False,bicycle,electric_assist
2026-06-15T02:47:58Z,lime,lime:22e917574d5d,51.90375,4.45168,False,False,bicycle,electric_assist
2026-06-15T02:47:58Z,lime,lime:59d7f887e5b8,51.92831,4.47895,False,False,bicycle,electric_assist
2026-06-15T02:47:58Z,lime,lime:ed08a8ddbd99,51.89117,4.46391,False,True,bicycle,electric_assist
2026-06-15T02:47:58Z,lime,lime:963d1137801c,51.91427,4.49615,False,False,bicycle,electric_assist
2026-06-15T02:47:58Z,lime,lime:00f91212c85c,51.88517,4.50282,False,False,bicycle,electric_assist
2026-06-15T02:47:58Z,lime,lime:ba76fe22a8ad,51.93213,4.49575,False,False,bicycle,electric_assist
2026-06-15T02:47:58Z,lime,lime:99d6fd142da1,51.91131,4.50653,False,False,bicycle,electric_assist
2026-06-15T02:47:58Z,lime,lime:4b7abcffca6a,51.89453,4.49235,False,False,bicycle,electric_assist
2026-06-15T02:47:58Z,lime,lime:5a4b61caf61c,51.91122,4.44954,False,False,bicycle,electric_assist
2026-06-15T02:47:58Z,lime,lime:ccec4f2e7639,51.88496,4.5005,False,False,bicycle,electric_assist
2026-06-15T02:47:58Z,lime,lime:d7e75a142b15,51.90137,4.46109,False,False,bicycle,electric_assist
2026-06-15T02:47:58Z,lime,lime:d37bd67b5bad,51.91563,4.4587,False,False,bicycle,electric_assist
2026-06-15T02:47:58Z,lime,lime:466cc358a8b7,51.9253,4.48593,False,False,bicycle,electric_assist
2026-06-15T02:47:58Z,lime,lime:e3240c5709b2,51.93592,4.46836,False,False,bicycle,electric_assist
2026-06-15T02:47:58Z,lime,lime:ba4053bc2871,51.91415,4.42245,False,False,bicycle,electric_assist
2026-06-15T02:47:58Z,lime,lime:2ff48cdf849c,51.93293,4.45875,False,False,bicycle,electric_assist
2026-06-15T02:47:58Z,lime,lime:708585809863,51.8917,4.46524,False,False,bicycle,electric_assist
2026-06-15T02:47:58Z,lime,lime:8494080a93e1,51.92433,4.42517,False,False,bicycle,electric_assist
2026-06-15T02:47:58Z,lime,lime:792bd290c13e,51.94183,4.54651,False,False,bicycle,electric_assist
2026-06-15T02:47:58Z,lime,lime:a7944e7fb839,51.92498,4.51962,False,False,bicycle,electric_assist
2026-06-15T02:47:58Z,lime,lime:dea592b71d03,51.93795,4.46784,False,False,bicycle,electric_assist
2026-06-15T02:47:58Z,lime,lime:546fb807359e,51.93446,4.45927,False,False,bicycle,electric_assist
2026-06-15T02:47:58Z,lime,lime:58711d1702c8,51.94521,4.47516,False,False,bicycle,electric_assist
2026-06-15T02:47:58Z,lime,lime:edb72f893888,51.93625,4.50618,False,False,bicycle,electric_assist
2026-06-15T02:47:58Z,lime,lime:4a75e96111d4,51.94244,4.47577,False,False,bicycle,electric_assist
2026-06-15T02:47:58Z,lime,lime:8c0b37a845c8,51.90507,4.44018,False,False,bicycle,electric_assist
2026-06-15T02:47:58Z,lime,lime:c764ad02bf48,51.96246,4.53415,False,False,bicycle,electric_assist
2026-06-15T02:47:58Z,lime,lime:a61a3eb5c316,51.94367,4.47137,False,False,bicycle,electric_assist
2026-06-15T02:47:58Z,lime,lime:17e342c14c6f,51.9216,4.5071,False,False,bicycle,electric_assist
2026-06-15T02:47:58Z,lime,lime:cf90451784a9,51.89883,4.56474,False,False,bicycle,electric_assist
2026-06-15T02:47:58Z,lime,lime:7a0db99b46a3,51.92229,4.50236,False,False,bicycle,electric_assist
2026-06-15T02:47:58Z,lime,lime:1a3afc0adaae,51.92666,4.52058,False,False,bicycle,electric_assist
2026-06-15T02:47:58Z,lime,lime:bb94e1184cf4,51.89553,4.50649,False,False,bicycle,electric_assist
2026-06-15T02:47:58Z,lime,lime:8a8a151b8254,51.95649,4.49433,False,False,bicycle,electric_assist
2026-06-15T02:47:58Z,lime,lime:1561b0491203,51.91143,4.39142,False,False,bicycle,electric_assist
2026-06-15T02:47:58Z,lime,lime:9bcfe866fb9b,51.90487,4.40283,False,False,bicycle,electric_assist
2026-06-15T02:47:58Z,lime,lime:7935e92891d4,51.91994,4.51299,False,False,bicycle,electric_assist
2026-06-15T02:47:58Z,lime,lime:e7182d15b6bc,51.92087,4.44524,False,False,bicycle,electric_assist
2026-06-15T02:47:58Z,lime,lime:4cfaec246337,51.94488,4.48249,False,False,bicycle,electric_assist
2026-06-15T02:47:58Z,lime,lime:dd871e988a6c,51.93343,4.44302,False,False,bicycle,electric_assist
2026-06-15T02:47:58Z,lime,lime:2ce68f9c5305,51.92953,4.50227,False,False,bicycle,electric_assist
2026-06-15T02:47:58Z,lime,lime:02dd204652d2,51.88274,4.50427,False,False,bicycle,electric_assist
2026-06-15T02:47:58Z,lime,lime:8c5ab58b67fb,51.90633,4.45997,False,False,bicycle,electric_assist
2026-06-15T02:47:58Z,lime,lime:8ea4f9781af6,51.94586,4.547,False,False,bicycle,electric_assist
2026-06-15T02:47:58Z,lime,lime:4a9be908b685,51.90917,4.45825,False,False,bicycle,electric_assist
2026-06-15T02:47:58Z,lime,lime:d6780fc09488,51.92359,4.38737,False,False,bicycle,electric_assist
2026-06-15T02:47:58Z,lime,lime:5390658b7c4f,51.9198,4.46328,False,False,bicycle,electric_assist
2026-06-15T02:47:58Z,lime,lime:9f1f2d90f13e,51.92158,4.49311,False,False,bicycle,electric_assist
2026-06-15T02:47:58Z,lime,lime:c3ad8b085c48,51.9157,4.50098,False,False,bicycle,electric_assist
2026-06-15T02:47:58Z,lime,lime:044be649de0e,51.91231,4.45511,False,False,bicycle,electric_assist
2026-06-15T02:47:58Z,lime,lime:a067e747363c,51.93817,4.56233,False,False,bicycle,electric_assist
2026-06-15T02:47:58Z,lime,lime:20262eeeaffb,51.94578,4.53495,False,False,bicycle,electric_assist
2026-06-15T02:47:58Z,lime,lime:b3d1e7edd7e4,51.92714,4.47646,True,False,bicycle,electric_assist
2026-06-15T02:47:58Z,lime,lime:8d2c065df938,51.94624,4.48224,False,False,bicycle,electric_assist
2026-06-15T02:47:58Z,lime,lime:163f41acc46e,51.91743,4.4646,False,False,bicycle,electric_assist
2026-06-15T02:47:58Z,lime,lime:653d6630cbcb,51.91923,4.46314,False,False,bicycle,electric_assist
2026-06-15T02:47:58Z,lime,lime:82cfd8460e41,51.95797,4.55804,False,False,bicycle,electric_assist
2026-06-15T02:47:58Z,lime,lime:2671fb0d166e,51.9433,4.47777,False,False,bicycle,electric_assist
2026-06-15T02:47:58Z,lime,lime:089ab465467e,51.91726,4.46165,False,False,bicycle,electric_assist
2026-06-15T02:47:58Z,lime,lime:f77f4cbedcab,51.91369,4.44892,False,False,bicycle,electric_assist
2026-06-15T02:47:58Z,lime,lime:0e3161b5dd12,51.94238,4.49968,False,False,bicycle,electric_assist
2026-06-15T02:47:58Z,lime,lime:12f09520c338,51.9266,4.48417,False,False,bicycle,electric_assist
2026-06-15T02:47:58Z,lime,lime:949b7684833b,51.89383,4.50944,False,False,bicycle,electric_assist
2026-06-15T02:47:58Z,lime,lime:f0903d37382f,51.94275,4.4748,False,False,bicycle,electric_assist
2026-06-15T02:47:58Z,lime,lime:a0fef4f4addb,51.90221,4.49614,False,False,bicycle,electric_assist
2026-06-15T02:47:58Z,lime,lime:bf4b8893420b,51.91166,4.44808,False,False,bicycle,electric_assist
2026-06-15T02:47:58Z,lime,lime:3c772bde105d,51.91424,4.49608,False,False,bicycle,electric_assist
2026-06-15T02:47:58Z,lime,lime:bef8318f08a2,51.90663,4.47707,False,False,bicycle,electric_assist
2026-06-15T02:47:58Z,lime,lime:4f59c76b146d,51.9618,4.47938,False,False,bicycle,electric_assist
2026-06-15T02:47:58Z,lime,lime:40414acb0de9,51.94523,4.47503,False,False,bicycle,electric_assist
2026-06-15T02:47:58Z,lime,lime:cff10b1372bf,51.91412,4.49606,False,False,bicycle,electric_assist
2026-06-15T02:47:58Z,lime,lime:c34640a4ba68,51.91552,4.46282,False,False,bicycle,electric_assist
2026-06-15T02:47:58Z,lime,lime:1c0892971c60,51.89347,4.49065,False,False,bicycle,electric_assist
2026-06-15T02:47:58Z,lime,lime:0d0ed97ff013,51.94267,4.47127,False,False,bicycle,electric_assist
2026-06-15T02:47:58Z,lime,lime:42dffd3e4812,51.93267,4.50713,False,False,bicycle,electric_assist
2026-06-15T02:47:58Z,lime,lime:378035957ccc,51.91046,4.46037,False,False,bicycle,electric_assist
2026-06-15T02:47:58Z,lime,lime:2b4ec2defcc7,51.92003,4.51425,False,False,bicycle,electric_assist
2026-06-15T02:47:58Z,lime,lime:d38a28b85e2a,51.90689,4.5229,False,False,bicycle,electric_assist
2026-06-15T02:47:58Z,lime,lime:72321a4efa43,51.91452,4.40194,False,False,bicycle,electric_assist
2026-06-15T02:47:58Z,lime,lime:23608c9b8a27,51.94564,4.4814,False,False,bicycle,electric_assist
2026-06-15T02:47:58Z,lime,lime:1a7a9d4a717f,51.93398,4.48258,False,False,bicycle,electric_assist
2026-06-15T02:47:58Z,lime,lime:9f942e09ad7e,51.92094,4.52643,False,False,bicycle,electric_assist
2026-06-15T02:47:58Z,lime,lime:0db3588be18b,51.90889,4.46451,False,False,bicycle,electric_assist
2026-06-15T02:47:58Z,lime,lime:3a2e409af681,51.92793,4.48178,False,False,bicycle,electric_assist
2026-06-15T02:47:58Z,lime,lime:fa245ef12906,51.92281,4.5084,False,False,bicycle,electric_assist
2026-06-15T02:47:58Z,lime,lime:150b9fe159e2,51.91963,4.44186,False,False,bicycle,electric_assist
2026-06-15T02:47:58Z,lime,lime:d82b5ec1d4d5,51.92544,4.50621,False,False,bicycle,electric_assist
2026-06-15T02:47:58Z,lime,lime:f5b2a7879227,51.95138,4.47044,False,False,bicycle,electric_assist
2026-06-15T02:47:58Z,lime,lime:fed21cd5fc55,51.92141,4.4494,False,False,bicycle,electric_assist
2026-06-15T02:47:58Z,lime,lime:b14ec61eb22c,51.93217,4.46417,False,False,bicycle,electric_assist
2026-06-15T02:47:58Z,lime,lime:a94233df79e1,51.90434,4.45635,False,False,bicycle,electric_assist
2026-06-15T02:47:58Z,lime,lime:9d305e4f8a92,51.9023,4.49616,False,False,bicycle,electric_assist
2026-06-15T02:47:58Z,lime,lime:63a5a76ebb4b,51.92087,4.45312,False,False,bicycle,electric_assist
2026-06-15T02:47:58Z,lime,lime:fa39682e2416,51.90856,4.49633,False,True,bicycle,electric_assist
2026-06-15T02:47:58Z,lime,lime:3bb5a6aff244,51.93533,4.49215,False,False,bicycle,electric_assist
2026-06-15T02:47:58Z,lime,lime:c384e567514a,51.93871,4.46954,False,False,bicycle,electric_assist
2026-06-15T02:47:58Z,lime,lime:80b452609bd4,51.95422,4.56821,False,False,bicycle,electric_assist
2026-06-15T02:47:58Z,lime,lime:de3865ddf02d,51.89325,4.49095,False,False,bicycle,electric_assist
2026-06-15T02:47:58Z,lime,lime:7b3b10f18231,51.93405,4.4864,False,False,bicycle,electric_assist
2026-06-15T02:47:58Z,lime,lime:4991a6d017fb,51.89074,4.51925,False,False,bicycle,electric_assist
2026-06-15T02:47:58Z,lime,lime:7c3fdb5422b3,51.8952,4.51476,False,False,bicycle,electric_assist
2026-06-15T02:47:58Z,lime,lime:22d67fee425b,51.91013,4.51957,False,False,bicycle,electric_assist
2026-06-15T02:47:58Z,lime,lime:6e4d4759e146,51.89344,4.50188,False,False,bicycle,electric_assist
2026-06-15T02:47:58Z,lime,lime:8db2f1c72919,51.89762,4.5112,False,False,bicycle,electric_assist
2026-06-15T02:47:58Z,lime,lime:a69f5a2873f4,51.91709,4.46083,False,False,bicycle,electric_assist
2026-06-15T02:47:58Z,lime,lime:37b4e58f564f,51.91011,4.45221,False,False,bicycle,electric_assist
2026-06-15T02:47:58Z,lime,lime:4dd6600c45d6,51.94677,4.56286,False,False,bicycle,electric_assist
2026-06-15T02:47:58Z,lime,lime:93607b8df72d,51.91248,4.45178,False,False,bicycle,electric_assist
2026-06-15T02:47:58Z,lime,lime:971db0d98662,51.9612,4.5052,False,False,bicycle,electric_assist
2026-06-15T02:47:58Z,lime,lime:de6203e782cd,51.92317,4.49685,True,False,bicycle,electric_assist
2026-06-15T02:47:58Z,lime,lime:cad2b97214dc,51.92156,4.50709,False,False,bicycle,electric_assist
2026-06-15T02:47:58Z,lime,lime:62f6f4988404,51.93351,4.45998,False,True,bicycle,electric_assist
2026-06-15T02:47:58Z,lime,lime:276705f73b31,51.89224,4.46856,False,False,bicycle,electric_assist
2026-06-15T02:47:58Z,lime,lime:f6d4a287b357,51.92163,4.50703,False,False,bicycle,electric_assist
2026-06-15T02:47:58Z,lime,lime:594079ba930d,51.9141,4.42245,False,False,bicycle,electric_assist
2026-06-15T02:47:58Z,lime,lime:7d2746427937,51.91695,4.44046,False,False,bicycle,electric_assist
2026-06-15T02:47:58Z,lime,lime:2eebe11fb34c,51.90901,4.44086,False,False,bicycle,electric_assist
2026-06-15T02:47:58Z,lime,lime:5d9319620e8f,51.91425,4.49615,False,False,bicycle,electric_assist
2026-06-15T02:47:58Z,lime,lime:ca1f78bc96af,51.90155,4.46163,False,False,bicycle,electric_assist
2026-06-15T02:47:58Z,lime,lime:b5980e0127bf,51.94522,4.47499,False,False,bicycle,electric_assist
2026-06-15T02:47:58Z,lime,lime:caedee06280c,51.91226,4.45511,False,False,bicycle,electric_assist
2026-06-15T02:47:58Z,lime,lime:fcbd3b9be55f,51.92975,4.36849,False,False,bicycle,electric_assist
2026-06-15T02:47:58Z,lime,lime:d4a0e113958c,51.92016,4.44361,False,False,bicycle,electric_assist
2026-06-15T02:47:58Z,lime,lime:21c58d0991be,51.9093,4.508,False,False,bicycle,electric_assist
2026-06-15T02:47:58Z,lime,lime:2dd9fd8348cc,51.92844,4.37081,False,False,bicycle,electric_assist
2026-06-15T02:47:58Z,lime,lime:37907572f65b,51.92177,4.53398,False,False,bicycle,electric_assist
2026-06-15T02:47:58Z,lime,lime:8b6787e36475,51.91184,4.46643,False,False,bicycle,electric_assist
2026-06-15T02:47:58Z,lime,lime:1c70391f86f8,51.93312,4.4975,False,False,bicycle,electric_assist
2026-06-15T02:47:58Z,lime,lime:9bea0b240cca,51.88904,4.48605,False,False,bicycle,electric_assist
2026-06-15T02:47:58Z,lime,lime:67feb00e727c,51.93223,4.46417,False,False,bicycle,electric_assist
2026-06-15T02:47:58Z,lime,lime:b5ad65418aea,51.95835,4.5389,False,False,bicycle,electric_assist
2026-06-15T02:47:58Z,lime,lime:a8e4c3c1810f,51.92003,4.45798,False,False,bicycle,electric_assist
2026-06-15T02:47:58Z,lime,lime:b2c0c5f973a4,51.9402,4.48362,False,False,bicycle,electric_assist
2026-06-15T02:47:58Z,lime,lime:bf3289b0537a,51.90651,4.52616,False,False,bicycle,electric_assist
2026-06-15T02:47:58Z,lime,lime:eba6924217c1,51.92098,4.45375,False,False,bicycle,electric_assist
2026-06-15T02:47:58Z,lime,lime:df3086fd26ea,51.92005,4.51257,False,False,bicycle,electric_assist
2026-06-15T02:47:58Z,lime,lime:6cec52adaa38,51.9341,4.47419,False,False,bicycle,electric_assist
2026-06-15T02:47:58Z,lime,lime:d7f7f2ef68b5,51.89008,4.49151,False,False,bicycle,electric_assist
2026-06-15T02:47:58Z,lime,lime:2306fa41998f,51.93209,4.49567,False,False,bicycle,electric_assist
2026-06-15T02:47:58Z,lime,lime:8e60f7b0392e,51.93325,4.4911,False,False,bicycle,electric_assist
2026-06-15T02:47:58Z,lime,lime:88daed17fe09,51.9192,4.46374,False,False,bicycle,electric_assist
2026-06-15T02:47:58Z,lime,lime:c769bf98715a,51.90727,4.52187,False,False,bicycle,electric_assist
2026-06-15T02:47:58Z,lime,lime:0b132b7536ac,51.92771,4.47938,False,False,bicycle,electric_assist
2026-06-15T02:47:58Z,lime,lime:b463ea8b8833,51.91532,4.5411,False,False,bicycle,electric_assist
2026-06-15T02:47:58Z,lime,lime:beff2084c91d,51.91997,4.45704,False,False,bicycle,electric_assist
2026-06-15T02:47:58Z,lime,lime:273e1ea31d49,51.90603,4.47581,False,False,bicycle,electric_assist
2026-06-15T02:47:58Z,lime,lime:2e2ec666c933,51.92167,4.50707,False,False,bicycle,electric_assist
2026-06-15T02:47:58Z,lime,lime:e24bc286aff8,51.95063,4.51865,False,False,bicycle,electric_assist
2026-06-15T02:47:58Z,lime,lime:2f04c45b0754,51.92916,4.49188,False,False,bicycle,electric_assist
2026-06-15T02:47:58Z,lime,lime:4d8966c7a61f,51.91524,4.4461,False,False,bicycle,electric_assist
2026-06-15T02:47:58Z,lime,lime:d5fa76b02a18,51.94542,4.54524,False,False,bicycle,electric_assist
2026-06-15T02:47:58Z,lime,lime:59a2be4cdd2d,51.94577,4.53504,False,False,bicycle,electric_assist
2026-06-15T02:47:58Z,lime,lime:07cfc2ed7a07,51.93418,4.48152,False,False,bicycle,electric_assist
2026-06-15T02:47:58Z,lime,lime:2152ad962966,51.92712,4.47643,False,False,bicycle,electric_assist
2026-06-15T02:47:58Z,lime,lime:f5556a5b72c2,51.92176,4.54798,False,False,bicycle,electric_assist
2026-06-15T02:47:58Z,lime,lime:67e69bd438a3,51.91093,4.49269,False,False,bicycle,electric_assist
2026-06-15T02:47:58Z,lime,lime:c6d276a33adb,51.89114,4.4639,False,False,bicycle,electric_assist
2026-06-15T02:47:58Z,lime,lime:34b55b55735a,51.9048,4.45272,False,False,bicycle,electric_assist
2026-06-15T02:47:58Z,lime,lime:ccb61c72b2a7,51.9226,4.38264,False,False,bicycle,electric_assist
2026-06-15T02:47:58Z,lime,lime:a5d66f6119b5,51.90556,4.50953,False,False,bicycle,electric_assist
2026-06-15T02:47:58Z,lime,lime:1e24aa48b2f3,51.92554,4.51744,False,False,bicycle,electric_assist
2026-06-15T02:47:58Z,lime,lime:7231f6015917,51.9452,4.47517,False,False,bicycle,electric_assist
2026-06-15T02:47:58Z,lime,lime:cde0aca7ece6,51.88792,4.50439,False,False,bicycle,electric_assist
2026-06-15T02:47:58Z,lime,lime:e5a1dc89b077,51.89025,4.4762,False,False,bicycle,electric_assist
2026-06-15T02:47:58Z,lime,lime:324e132ed495,51.90518,4.44416,False,False,bicycle,electric_assist
2026-06-15T02:47:58Z,lime,lime:3e2136a0eb18,51.91176,4.38365,False,False,bicycle,electric_assist
2026-06-15T02:47:58Z,lime,lime:839681ce9fc0,51.93018,4.49297,False,False,bicycle,electric_assist
2026-06-15T02:47:58Z,lime,lime:49bf7315db70,51.92181,4.46058,False,False,bicycle,electric_assist
2026-06-15T02:47:58Z,lime,lime:3be0d72efa97,51.9141,4.46525,True,False,bicycle,electric_assist
2026-06-15T02:47:58Z,lime,lime:96c05d6d6326,51.9223,4.50229,False,False,bicycle,electric_assist
2026-06-15T02:47:58Z,lime,lime:bdedc28a36a3,51.94216,4.46059,False,False,bicycle,electric_assist
2026-06-15T02:47:58Z,lime,lime:507ba14e04c3,51.91979,4.51147,False,False,bicycle,electric_assist
2026-06-15T02:47:58Z,lime,lime:a4463f1c5b43,51.91155,4.53911,False,False,bicycle,electric_assist
2026-06-15T02:47:58Z,lime,lime:b8fa6d19d1f5,51.93028,4.49301,False,False,bicycle,electric_assist
2026-06-15T02:47:58Z,lime,lime:08cc3186e476,51.90932,4.49443,False,False,bicycle,electric_assist
2026-06-15T02:47:58Z,lime,lime:ddfa783615b6,51.89562,4.50651,False,False,bicycle,electric_assist
2026-06-15T02:47:58Z,lime,lime:068577948391,51.94186,4.54651,False,False,bicycle,electric_assist
2026-06-15T02:47:58Z,lime,lime:729466e2650c,51.91033,4.44414,False,False,bicycle,electric_assist
2026-06-15T02:47:58Z,lime,lime:51d1e5261b11,51.94924,4.43271,False,False,bicycle,electric_assist
2026-06-15T02:47:58Z,lime,lime:c9792e15ee3a,51.90937,4.50801,False,False,bicycle,electric_assist
2026-06-15T02:47:58Z,lime,lime:d6d75553de79,51.92846,4.37083,False,False,bicycle,electric_assist
2026-06-15T02:47:58Z,lime,lime:94173164bf8c,51.92224,4.50243,False,False,bicycle,electric_assist
2026-06-15T02:47:58Z,lime,lime:83ba5beb6e48,51.92754,4.45584,False,False,bicycle,electric_assist
2026-06-15T02:47:58Z,lime,lime:6e6e93f3963c,51.96002,4.55055,False,False,bicycle,electric_assist
2026-06-15T02:47:58Z,lime,lime:753c87bcf9d5,51.94994,4.46801,False,False,bicycle,electric_assist
2026-06-15T02:47:58Z,lime,lime:86d79bd93bc0,51.94373,4.39813,False,False,bicycle,electric_assist
2026-06-15T02:47:58Z,lime,lime:c2ac398cae68,51.89349,4.5173,False,False,bicycle,electric_assist
2026-06-15T02:47:58Z,lime,lime:b77c05af5a35,51.93901,4.49582,False,False,bicycle,electric_assist
2026-06-15T02:47:58Z,lime,lime:4db8dbcfcf64,51.926,4.49691,False,False,bicycle,electric_assist
2026-06-15T02:47:58Z,lime,lime:6504f4da2d5a,51.92114,4.55922,False,False,bicycle,electric_assist
2026-06-15T02:47:58Z,lime,lime:c0667e43fd0a,51.96049,4.5,False,False,bicycle,electric_assist
2026-06-15T02:47:58Z,lime,lime:0c12973f336a,51.89286,4.47368,False,False,bicycle,electric_assist
2026-06-15T02:47:58Z,lime,lime:3f339543bce9,51.91102,4.37649,False,False,bicycle,electric_assist
2026-06-15T02:47:58Z,lime,lime:78e805f3dc5c,51.90733,4.51963,False,False,bicycle,electric_assist
2026-06-15T02:47:58Z,lime,lime:6a752c42e689,51.93132,4.49103,False,False,bicycle,electric_assist
2026-06-15T02:47:58Z,lime,lime:2605b3eb8f09,51.93045,4.46646,False,False,bicycle,electric_assist
2026-06-15T02:47:58Z,lime,lime:304b1849fb41,51.93586,4.49254,False,False,bicycle,electric_assist
2026-06-15T02:47:58Z,lime,lime:904399e0aec2,51.88968,4.49595,False,False,bicycle,electric_assist
2026-06-15T02:47:58Z,lime,lime:240755cf82de,51.93902,4.49582,False,False,bicycle,electric_assist
2026-06-15T02:47:58Z,lime,lime:fb2d240e2e4b,51.92826,4.41932,False,False,bicycle,electric_assist
2026-06-15T02:47:58Z,lime,lime:d7c79e0c50dd,51.91067,4.44196,False,False,bicycle,electric_assist
2026-06-15T02:47:58Z,lime,lime:e73940561301,51.89822,4.47352,False,False,bicycle,electric_assist
2026-06-15T02:47:58Z,lime,lime:f847b8e9278f,51.89879,4.56473,False,False,bicycle,electric_assist
2026-06-15T02:47:58Z,lime,lime:8896f3c44e01,51.91609,4.44689,False,False,bicycle,electric_assist
2026-06-15T02:47:58Z,lime,lime:a0de45eeae4e,51.91926,4.46332,False,False,bicycle,electric_assist
2026-06-15T02:47:58Z,lime,lime:c0aed55189f4,51.90929,4.52352,False,False,bicycle,electric_assist
2026-06-15T02:47:58Z,lime,lime:c8da792209bc,51.9281,4.45977,False,False,bicycle,electric_assist
2026-06-15T02:47:58Z,lime,lime:cce697ccbf6c,51.92001,4.4607,False,False,bicycle,electric_assist
2026-06-15T02:47:58Z,lime,lime:fcef15881202,51.90286,4.46749,False,False,bicycle,electric_assist
2026-06-15T02:47:58Z,lime,lime:9111a8603751,51.91038,4.37537,False,False,bicycle,electric_assist
2026-06-15T02:47:58Z,lime,lime:2387cce53d87,51.89763,4.4662,False,False,bicycle,electric_assist
2026-06-15T02:47:58Z,lime,lime:4c41fd37ac92,51.91131,4.49223,False,False,bicycle,electric_assist
2026-06-15T02:47:58Z,lime,lime:a58adc92a75e,51.90592,4.44779,False,False,bicycle,electric_assist
2026-06-15T02:47:58Z,lime,lime:32de3bca58c2,51.96191,4.47912,False,False,bicycle,electric_assist
2026-06-15T02:47:58Z,lime,lime:2aa15dca1233,51.91233,4.45505,False,False,bicycle,electric_assist
2026-06-15T02:47:58Z,lime,lime:041051d5d802,51.87426,4.52307,False,False,bicycle,electric_assist
2026-06-15T02:47:58Z,lime,lime:57bb4e2e8987,51.91954,4.49751,False,False,bicycle,electric_assist
2026-06-15T02:47:58Z,lime,lime:344824f2edb0,51.93284,4.45952,False,False,bicycle,electric_assist
2026-06-15T02:47:58Z,lime,lime:4d7527481a3c,51.88703,4.52136,False,False,bicycle,electric_assist
2026-06-15T02:47:58Z,lime,lime:208f4b395792,51.9175,4.4543,False,False,bicycle,electric_assist
2026-06-15T02:47:58Z,lime,lime:e425bf228a5c,51.92764,4.47159,False,False,bicycle,electric_assist
2026-06-15T02:47:58Z,lime,lime:a80ca070c5ff,51.94901,4.55651,False,False,bicycle,electric_assist
2026-06-15T02:47:58Z,lime,lime:b9e85d644bee,51.87372,4.47709,False,False,bicycle,electric_assist
2026-06-15T02:47:58Z,lime,lime:ff0cad3d1eff,51.88265,4.52119,False,False,bicycle,electric_assist
2026-06-15T02:47:58Z,lime,lime:89107621083a,51.90961,4.44684,False,True,bicycle,electric_assist
2026-06-15T02:47:58Z,lime,lime:b6ada188b373,51.92161,4.45363,False,False,bicycle,electric_assist
2026-06-15T02:47:58Z,lime,lime:0525a3f42345,51.90624,4.45975,False,False,bicycle,electric_assist
2026-06-15T02:47:58Z,lime,lime:6cf1944c18e7,51.92291,4.46957,False,False,bicycle,electric_assist
2026-06-15T02:47:58Z,lime,lime:d92e29065093,51.92275,4.45802,False,False,bicycle,electric_assist
2026-06-15T02:47:58Z,lime,lime:d95efc1516b0,51.91016,4.52092,False,False,bicycle,electric_assist
2026-06-15T02:47:58Z,lime,lime:ccf9ecbcecc6,51.91978,4.51161,False,False,bicycle,electric_assist
2026-06-15T02:47:58Z,lime,lime:80f6751a3eba,51.94183,4.54654,False,False,bicycle,electric_assist
2026-06-15T02:47:58Z,lime,lime:0f8bb0ce4bce,51.88968,4.49604,False,False,bicycle,electric_assist
2026-06-15T02:47:58Z,lime,lime:35eea8a0ad1b,51.95566,4.46301,False,False,bicycle,electric_assist
2026-06-15T02:47:58Z,lime,lime:c9fa9f40aea0,51.89984,4.50926,False,True,bicycle,electric_assist
2026-06-15T02:47:58Z,lime,lime:8b1676301ede,51.9159,4.48865,False,False,bicycle,electric_assist
2026-06-15T02:47:58Z,lime,lime:1e0459754165,51.87484,4.46793,False,False,bicycle,electric_assist
2026-06-15T02:47:58Z,lime,lime:4f313cf1a76f,51.9574,4.53577,False,False,bicycle,electric_assist
2026-06-15T02:47:58Z,lime,lime:8cf149869b64,51.89763,4.51119,False,False,bicycle,electric_assist
2026-06-15T02:47:58Z,lime,lime:b084de39be28,51.87485,4.4679,False,False,bicycle,electric_assist
2026-06-15T02:47:58Z,lime,lime:0b3201b385e2,51.90538,4.44315,False,False,bicycle,electric_assist
2026-06-15T02:47:58Z,lime,lime:01e5a35bc241,51.92795,4.46892,False,False,bicycle,electric_assist
2026-06-15T02:47:58Z,lime,lime:4747cba240ab,51.91425,4.49607,False,False,bicycle,electric_assist
2026-06-15T02:47:58Z,lime,lime:69c6210985e6,51.93927,4.46854,False,False,bicycle,electric_assist
2026-06-15T02:47:58Z,lime,lime:294675275515,51.94992,4.51427,False,False,bicycle,electric_assist
2026-06-15T02:47:58Z,lime,lime:1d2d093e3fc4,51.94154,4.48136,False,False,bicycle,electric_assist
2026-06-15T02:47:58Z,lime,lime:4b8122be4090,51.88965,4.49596,False,False,bicycle,electric_assist
2026-06-15T02:47:58Z,lime,lime:013f0f3aa8f2,51.93633,4.46428,False,False,bicycle,electric_assist
2026-06-15T02:47:58Z,lime,lime:0c8381c5c4dc,51.93647,4.47339,False,False,bicycle,electric_assist
2026-06-15T02:47:58Z,lime,lime:4d346fe21ab4,51.91319,4.46032,False,False,bicycle,electric_assist
2026-06-15T02:47:58Z,lime,lime:ef3f6f1076d5,51.89898,4.50186,False,False,bicycle,electric_assist
2026-06-15T02:47:58Z,lime,lime:27e6e5003edd,51.89757,4.4662,False,False,bicycle,electric_assist
2026-06-15T02:47:58Z,lime,lime:2f99f8e4506b,51.91029,4.46156,False,False,bicycle,electric_assist
2026-06-15T02:47:58Z,lime,lime:849b0ca3ade3,51.91998,4.51405,False,False,bicycle,electric_assist
2026-06-15T02:47:58Z,lime,lime:b86cf6431ed1,51.92866,4.40317,False,False,bicycle,electric_assist
2026-06-15T02:47:58Z,lime,lime:f2ae4be0e3e8,51.92544,4.50622,False,False,bicycle,electric_assist
2026-06-15T02:47:58Z,lime,lime:455ea12a7d51,51.91183,4.46639,False,False,bicycle,electric_assist
2026-06-15T02:47:58Z,lime,lime:5f3de9a1da7d,51.9278,4.47955,False,False,bicycle,electric_assist
2026-06-15T02:47:58Z,lime,lime:35c0c10df891,51.91324,4.48432,False,False,bicycle,electric_assist
2026-06-15T02:47:58Z,lime,lime:052866a454e6,51.90501,4.44021,False,False,bicycle,electric_assist
2026-06-15T02:47:58Z,lime,lime:60bbcfe8cc8e,51.9294,4.48101,False,False,bicycle,electric_assist
2026-06-15T02:47:58Z,lime,lime:248cef9fdcfb,51.9108,4.46114,False,False,bicycle,electric_assist
2026-06-15T02:47:58Z,lime,lime:9886ab73d7c6,51.94609,4.56265,False,False,bicycle,electric_assist
2026-06-15T02:47:58Z,lime,lime:5cb7c395f335,51.93324,4.42031,False,False,bicycle,electric_assist
2026-06-15T02:47:58Z,lime,lime:d3759389cc78,51.9522,4.5117,False,False,bicycle,electric_assist
2026-06-15T02:47:58Z,lime,lime:0b582fc87937,51.90221,4.49608,False,False,bicycle,electric_assist
2026-06-15T02:47:58Z,lime,lime:3dc78e8303f6,51.89415,4.49184,False,False,bicycle,electric_assist
2026-06-15T02:47:58Z,lime,lime:4bc475f1eef7,51.94364,4.48344,False,False,bicycle,electric_assist
2026-06-15T02:47:58Z,lime,lime:1607e133c53a,51.88586,4.46433,False,False,bicycle,electric_assist
2026-06-15T02:47:58Z,lime,lime:499da246f9da,51.93316,4.5351,False,False,bicycle,electric_assist
2026-06-15T02:47:58Z,lime,lime:874ea2506a90,51.91061,4.49169,False,False,bicycle,electric_assist
2026-06-15T02:47:58Z,lime,lime:b858509bd6c6,51.91626,4.45162,False,False,bicycle,electric_assist
2026-06-15T02:47:58Z,lime,lime:90d440dde7fa,51.92162,4.46564,False,False,bicycle,electric_assist
2026-06-15T02:47:58Z,lime,lime:0403254f4792,51.92162,4.50703,False,False,bicycle,electric_assist
2026-06-15T02:47:58Z,lime,lime:3dabd7afa598,51.93426,4.45919,False,False,bicycle,electric_assist
2026-06-15T02:47:58Z,lime,lime:6280a1a7210a,51.91847,4.43295,False,False,bicycle,electric_assist
2026-06-15T02:47:58Z,lime,lime:fe96f236cbdf,51.87722,4.49496,False,False,bicycle,electric_assist
2026-06-15T02:47:58Z,lime,lime:0f02489f343a,51.91582,4.4875,False,False,bicycle,electric_assist
2026-06-15T02:47:58Z,lime,lime:57cdc2be4db9,51.90372,4.46359,False,False,bicycle,electric_assist
2026-06-15T02:47:58Z,lime,lime:1246f248c767,51.89933,4.50927,False,False,bicycle,electric_assist
2026-06-15T02:47:58Z,lime,lime:5db036e2799c,51.92538,4.46619,False,False,bicycle,electric_assist
2026-06-15T02:47:58Z,lime,lime:9e1d94b72e66,51.93556,4.49136,False,False,bicycle,electric_assist
2026-06-15T02:47:58Z,lime,lime:6693822a83f1,51.92708,4.49611,False,False,bicycle,electric_assist
2026-06-15T02:47:58Z,lime,lime:d95601482a64,51.90937,4.47151,False,False,bicycle,electric_assist
2026-06-15T02:47:58Z,lime,lime:0680da2aa61a,51.87486,4.46796,False,False,bicycle,electric_assist
2026-06-15T02:47:58Z,lime,lime:c78e62ea51c5,51.89756,4.46619,False,False,bicycle,electric_assist
2026-06-15T02:47:58Z,lime,lime:a2db53c78888,51.9072,4.47334,False,False,bicycle,electric_assist
2026-06-15T02:47:58Z,lime,lime:8a53a49a2f32,51.91411,4.42242,False,False,bicycle,electric_assist
2026-06-15T02:47:58Z,lime,lime:4f245c342145,51.93815,4.53918,False,False,bicycle,electric_assist
2026-06-15T02:47:58Z,lime,lime:757f96db3b2c,51.91908,4.41835,False,False,bicycle,electric_assist
2026-06-15T02:47:58Z,lime,lime:97f47bcd90f6,51.91964,4.51425,False,False,bicycle,electric_assist
2026-06-15T02:47:58Z,lime,lime:1ff2283700b2,51.92309,4.51336,False,False,bicycle,electric_assist
2026-06-15T02:47:58Z,lime,lime:e8954b5fd8e1,51.91364,4.50821,False,False,bicycle,electric_assist
2026-06-15T02:47:58Z,lime,lime:cf56058fecf3,51.91081,4.55388,False,False,bicycle,electric_assist
2026-06-15T02:47:58Z,lime,lime:c50a891b8d2e,51.92889,4.47764,False,False,bicycle,electric_assist
2026-06-15T02:47:58Z,lime,lime:7a277d9cef69,51.94403,4.53966,False,False,bicycle,electric_assist
2026-06-15T02:47:58Z,lime,lime:f1a229022aa9,51.91945,4.533,False,False,bicycle,electric_assist
2026-06-15T02:47:58Z,lime,lime:1fbcc145b5c4,51.9111,4.4925,False,False,bicycle,electric_assist
2026-06-15T02:47:58Z,lime,lime:b223e30f02cd,51.92768,4.4716,False,False,bicycle,electric_assist
2026-06-15T02:47:58Z,lime,lime:ec21fdb937d0,51.90904,4.45435,False,False,bicycle,electric_assist
2026-06-15T02:47:58Z,lime,lime:d77d72399147,51.88704,4.52135,False,False,bicycle,electric_assist
2026-06-15T02:47:58Z,lime,lime:438479d9f8ee,51.89326,4.51633,False,False,bicycle,electric_assist
2026-06-15T02:47:58Z,lime,lime:91c84f6b65f8,51.91463,4.44442,False,False,bicycle,electric_assist
2026-06-15T02:47:58Z,lime,lime:58a1a961413f,51.91008,4.45224,False,False,bicycle,electric_assist
2026-06-15T02:47:58Z,lime,lime:cb4a74be7bc0,51.91897,4.46076,False,False,bicycle,electric_assist
2026-06-15T02:47:58Z,lime,lime:7d5f1689bbf6,51.91461,4.41517,False,False,bicycle,electric_assist
2026-06-15T02:47:58Z,lime,lime:56628c6118b7,51.92676,4.47392,False,False,bicycle,electric_assist
2026-06-15T02:47:58Z,lime,lime:869dcc1bee8f,51.94523,4.47518,False,False,bicycle,electric_assist
2026-06-15T02:47:58Z,lime,lime:1c5321166940,51.91951,4.50283,False,False,bicycle,electric_assist
2026-06-15T02:47:58Z,lime,lime:3b17d80f55b9,51.92915,4.50534,False,False,bicycle,electric_assist
2026-06-15T02:47:58Z,lime,lime:b4a5d8fc6346,51.92446,4.49904,False,False,bicycle,electric_assist
2026-06-15T02:47:58Z,lime,lime:2cb11ecb835b,51.87488,4.46793,False,False,bicycle,electric_assist
2026-06-15T02:47:58Z,lime,lime:3d97b2af7650,51.92531,4.4937,False,False,bicycle,electric_assist
2026-06-15T02:47:58Z,lime,lime:822ef2682bf8,51.94634,4.46814,False,False,bicycle,electric_assist
2026-06-15T02:47:58Z,lime,lime:d52d19e3c901,51.92286,4.46961,False,False,bicycle,electric_assist
2026-06-15T02:47:58Z,lime,lime:64fa41581e27,51.91013,4.52087,False,False,bicycle,electric_assist
2026-06-15T02:47:58Z,lime,lime:8dc7bdb530c8,51.91687,4.45289,False,False,bicycle,electric_assist
2026-06-15T02:47:58Z,lime,lime:63178f63f542,51.90615,4.51385,False,False,bicycle,electric_assist
2026-06-15T02:47:58Z,lime,lime:f83a9308ed58,51.88498,4.50048,False,False,bicycle,electric_assist
2026-06-15T02:47:58Z,lime,lime:349b85981f6f,51.9292,4.47515,False,False,bicycle,electric_assist
2026-06-15T02:47:58Z,lime,lime:08a12679a829,51.93149,4.44359,False,False,bicycle,electric_assist
2026-06-15T02:47:58Z,lime,lime:b3cb22153504,51.93696,4.42762,False,False,bicycle,electric_assist
2026-06-15T02:47:58Z,lime,lime:9bb18b49281e,51.90292,4.51141,False,False,bicycle,electric_assist
2026-06-15T02:47:58Z,lime,lime:7d2a7b0db23b,51.91492,4.46569,False,False,bicycle,electric_assist
2026-06-15T02:47:58Z,lime,lime:d85aa532526e,51.90289,4.46752,False,False,bicycle,electric_assist
2026-06-15T02:47:58Z,lime,lime:d69ebd89e287,51.93542,4.4775,False,False,bicycle,electric_assist
2026-06-15T02:47:58Z,lime,lime:47b57c71831c,51.91462,4.40856,False,False,bicycle,electric_assist
2026-06-15T02:47:58Z,lime,lime:2980b9774b13,51.88051,4.53003,False,False,bicycle,electric_assist
2026-06-15T02:47:58Z,lime,lime:086f4f08933d,51.91709,4.46082,False,False,bicycle,electric_assist
2026-06-15T02:47:58Z,lime,lime:c14a71b27252,51.89762,4.46613,False,False,bicycle,electric_assist
2026-06-15T02:47:58Z,lime,lime:23d13c537fd9,51.87408,4.49427,False,False,bicycle,electric_assist
2026-06-15T02:47:58Z,lime,lime:a4b619f56066,51.96043,4.53525,False,False,bicycle,electric_assist
2026-06-15T02:47:58Z,lime,lime:3a03f96eb8cf,51.91734,4.42049,False,False,bicycle,electric_assist
2026-06-15T02:47:58Z,lime,lime:9e2543886a17,51.92051,4.5103,False,False,bicycle,electric_assist
2026-06-15T02:47:58Z,lime,lime:a45d4902f509,51.91111,4.4925,False,False,bicycle,electric_assist
2026-06-15T02:47:58Z,lime,lime:19ef9bbb08a2,51.93688,4.46591,False,False,bicycle,electric_assist
2026-06-15T02:47:58Z,lime,lime:41929880092c,51.88999,4.46982,False,False,bicycle,electric_assist
2026-06-15T02:47:58Z,lime,lime:c9a8d34cf43f,51.92543,4.46619,False,False,bicycle,electric_assist
2026-06-15T02:47:58Z,lime,lime:c1e60aa90676,51.89758,4.46613,False,False,bicycle,electric_assist
2026-06-15T02:47:58Z,lime,lime:7fccd3d08183,51.88966,4.49596,False,False,bicycle,electric_assist
2026-06-15T02:47:58Z,lime,lime:c6b0902460ec,51.87482,4.46806,False,False,bicycle,electric_assist
2026-06-15T02:47:58Z,lime,lime:26e69930d6d1,51.90241,4.50289,False,False,bicycle,electric_assist
2026-06-15T02:47:58Z,lime,lime:cffac569e411,51.87492,4.46791,False,False,bicycle,electric_assist
2026-06-15T02:47:58Z,lime,lime:cd7142a9430f,51.93635,4.48239,False,False,bicycle,electric_assist
2026-06-15T02:47:58Z,lime,lime:789489a80ceb,51.92505,4.51348,False,True,bicycle,electric_assist
2026-06-15T02:47:58Z,lime,lime:8032e366c618,51.91184,4.44802,False,False,bicycle,electric_assist
2026-06-15T02:47:58Z,lime,lime:fa081c938b73,51.92166,4.49302,False,False,bicycle,electric_assist
2026-06-15T02:47:58Z,lime,lime:8404f38d0ec7,51.87169,4.4794,False,False,bicycle,electric_assist
2026-06-15T02:47:58Z,lime,lime:66f2632e2995,51.93364,4.47439,False,False,bicycle,electric_assist
2026-06-15T02:47:58Z,lime,lime:116bbb698b8f,51.91157,4.47855,False,False,bicycle,electric_assist
2026-06-15T02:47:58Z,lime,lime:71778a832ab8,51.8889,4.47491,False,False,bicycle,electric_assist
2026-06-15T02:47:58Z,lime,lime:6bf9198fd16c,51.91549,4.441,False,False,bicycle,electric_assist
2026-06-15T02:47:58Z,lime,lime:56f67b455bf7,51.9173,4.39313,False,False,bicycle,electric_assist
2026-06-15T02:47:58Z,lime,lime:7c0d21d0a745,51.92075,4.54266,False,False,bicycle,electric_assist
2026-06-15T02:47:58Z,lime,lime:c59ec3449c76,51.96087,4.46723,False,False,bicycle,electric_assist
2026-06-15T02:47:58Z,lime,lime:49c1faa4580e,51.93148,4.4436,False,False,bicycle,electric_assist
2026-06-15T02:47:58Z,lime,lime:40151d0291db,51.91356,4.4415,False,False,bicycle,electric_assist
2026-06-15T02:47:58Z,lime,lime:a76af1f63d95,51.88894,4.47568,False,False,bicycle,electric_assist
2026-06-15T02:47:58Z,lime,lime:3119418605f5,51.93695,4.42767,False,True,bicycle,electric_assist
2026-06-15T02:47:58Z,lime,lime:35b797da746b,51.92955,4.49432,False,False,bicycle,electric_assist
2026-06-15T02:47:58Z,lime,lime:6a1bc476b2f2,51.92538,4.46612,False,False,bicycle,electric_assist
2026-06-15T02:47:58Z,lime,lime:5a9f86a8a390,51.91479,4.42045,False,False,bicycle,electric_assist
2026-06-15T02:47:58Z,lime,lime:9a4de1e597d0,51.91233,4.45512,False,False,bicycle,electric_assist
2026-06-15T02:47:58Z,lime,lime:83e73fdee698,51.90809,4.45175,False,False,bicycle,electric_assist
2026-06-15T02:47:58Z,lime,lime:667ee555d3a3,51.92544,4.50619,False,False,bicycle,electric_assist
2026-06-15T02:47:58Z,lime,lime:5f5be46e650b,51.95493,4.47747,False,False,bicycle,electric_assist
2026-06-15T02:47:58Z,lime,lime:e103ed03fef0,51.93024,4.47751,False,False,bicycle,electric_assist
2026-06-15T02:47:58Z,lime,lime:c1610e457784,51.95995,4.47886,False,False,bicycle,electric_assist
2026-06-15T02:47:58Z,lime,lime:fe0970b6a3be,51.96415,4.5584,False,False,bicycle,electric_assist
2026-06-15T02:47:58Z,lime,lime:3161a9609398,51.93845,4.47424,False,False,bicycle,electric_assist
2026-06-15T02:47:58Z,lime,lime:3a6c15c386c2,51.90324,4.50208,False,False,bicycle,electric_assist
2026-06-15T02:47:58Z,lime,lime:e9fccb3f7137,51.93571,4.49041,False,False,bicycle,electric_assist
2026-06-15T02:47:58Z,lime,lime:52ebf3052f89,51.88045,4.53001,False,False,bicycle,electric_assist
2026-06-15T02:47:58Z,lime,lime:aad6ac929de4,51.90539,4.44344,False,False,bicycle,electric_assist
2026-06-15T02:47:58Z,lime,lime:a921278c2d9c,51.91799,4.44889,False,False,bicycle,electric_assist
2026-06-15T02:47:58Z,lime,lime:03e4f246cd97,51.90924,4.52352,False,False,bicycle,electric_assist
2026-06-15T02:47:58Z,lime,lime:656b6d329b43,51.88728,4.47475,False,False,bicycle,electric_assist
2026-06-15T02:47:58Z,lime,lime:c3678552850b,51.88845,4.47882,False,False,bicycle,electric_assist
2026-06-15T02:47:58Z,lime,lime:93dae3817ba1,51.88976,4.49141,False,False,bicycle,electric_assist
2026-06-15T02:47:58Z,lime,lime:71a298f35025,51.95905,4.5383,False,False,bicycle,electric_assist
2026-06-15T02:47:58Z,lime,lime:f441f6c30312,51.90927,4.45831,False,False,bicycle,electric_assist
2026-06-15T02:47:58Z,lime,lime:2ce2363941be,51.9625,4.53403,False,False,bicycle,electric_assist
2026-06-15T02:47:58Z,lime,lime:71536dec5fc5,51.91622,4.45153,False,False,bicycle,electric_assist
2026-06-15T02:47:58Z,lime,lime:1b3e2e327c52,51.93572,4.46338,False,False,bicycle,electric_assist
2026-06-15T02:47:58Z,lime,lime:1c02c279afdf,51.90231,4.50269,False,False,bicycle,electric_assist
2026-06-15T02:47:58Z,lime,lime:d26ed5396d2b,51.89174,4.54137,False,False,bicycle,electric_assist
2026-06-15T02:47:58Z,lime,lime:262e281019e5,51.95561,4.46308,False,False,bicycle,electric_assist
2026-06-15T02:47:58Z,lime,lime:ff10d8a9fe9a,51.87412,4.49433,True,False,bicycle,electric_assist
2026-06-15T02:47:58Z,lime,lime:f4d5f262c2be,51.88739,4.46412,False,False,bicycle,electric_assist
2026-06-15T02:47:58Z,lime,lime:982d61b75f28,51.92346,4.51226,False,False,bicycle,electric_assist
2026-06-15T02:47:58Z,lime,lime:d6b9b7060425,51.92163,4.49309,False,False,bicycle,electric_assist
2026-06-15T02:47:58Z,lime,lime:e864870b0aa7,51.94523,4.47498,False,False,bicycle,electric_assist
2026-06-15T02:47:58Z,lime,lime:0308e952cb0d,51.90756,4.45114,False,False,bicycle,electric_assist
2026-06-15T02:47:58Z,lime,lime:8fb7e152f4a5,51.90897,4.47863,False,False,bicycle,electric_assist
2026-06-15T02:47:58Z,lime,lime:a2e919ec7dd0,51.94452,4.3986,False,False,bicycle,electric_assist
2026-06-15T02:47:58Z,lime,lime:0c11f9d913f3,51.91236,4.48388,False,False,bicycle,electric_assist
2026-06-15T02:47:58Z,lime,lime:0f8d59e6a256,51.89235,4.50688,True,False,bicycle,electric_assist
2026-06-15T02:47:58Z,lime,lime:ee94f0e3fa1d,51.9208,4.40828,False,False,bicycle,electric_assist
2026-06-15T02:47:58Z,lime,lime:17f74a539ea2,51.93036,4.47774,False,False,bicycle,electric_assist
2026-06-15T02:47:58Z,lime,lime:037b76dfbea9,51.9072,4.45365,False,False,bicycle,electric_assist
2026-06-15T02:47:58Z,lime,lime:1998b75f0591,51.91828,4.51116,False,False,bicycle,electric_assist
2026-06-15T02:47:58Z,lime,lime:e9203aa583c1,51.93012,4.50169,False,False,bicycle,electric_assist
2026-06-15T02:47:58Z,lime,lime:4e9e6991e62d,51.89348,4.49068,False,False,bicycle,electric_assist
2026-06-15T02:47:58Z,lime,lime:8b860e7ef14c,51.91055,4.44937,False,False,bicycle,electric_assist
2026-06-15T02:47:58Z,lime,lime:f8278c470ce3,51.92844,4.47397,False,False,bicycle,electric_assist
2026-06-15T02:47:58Z,lime,lime:61d4707574dc,51.93573,4.46343,False,False,bicycle,electric_assist
2026-06-15T02:47:58Z,lime,lime:527718ad6245,51.93024,4.49376,False,False,bicycle,electric_assist
2026-06-15T02:47:58Z,lime,lime:cfeeed006220,51.94843,4.56849,False,False,bicycle,electric_assist
2026-06-15T02:47:58Z,lime,lime:a509cb28d3c1,51.91401,4.45733,False,False,bicycle,electric_assist
2026-06-15T02:47:58Z,lime,lime:95cdce21cbc1,51.88965,4.49599,False,False,bicycle,electric_assist
2026-06-15T02:47:58Z,lime,lime:0c80fb9ac145,51.92081,4.40818,False,False,bicycle,electric_assist
2026-06-15T02:47:58Z,lime,lime:a948945e7053,51.92715,4.50782,False,False,bicycle,electric_assist
2026-06-15T02:47:58Z,lime,lime:a8b7a562c452,51.9145,4.40191,False,False,bicycle,electric_assist
2026-06-15T02:47:58Z,lime,lime:e456570c26cb,51.90815,4.51211,False,False,bicycle,electric_assist
2026-06-15T02:47:58Z,lime,lime:c591cfce5fea,51.92445,4.49906,False,False,bicycle,electric_assist
2026-06-15T02:47:58Z,lime,lime:223948029be0,51.92364,4.50018,False,False,bicycle,electric_assist
2026-06-15T02:47:58Z,lime,lime:ea0472f44b46,51.89939,4.5427,False,False,bicycle,electric_assist
2026-06-15T02:47:58Z,lime,lime:1df68dd6450d,51.89818,4.50498,False,False,bicycle,electric_assist
2026-06-15T02:47:58Z,lime,lime:3d67c3264349,51.87481,4.46803,False,False,bicycle,electric_assist
2026-06-15T02:47:58Z,lime,lime:62e09a91ebec,51.89343,4.49071,False,False,bicycle,electric_assist
2026-06-15T02:47:58Z,lime,lime:ab44944dcea1,51.92096,4.54249,False,False,bicycle,electric_assist
2026-06-15T02:47:58Z,lime,lime:175b6970a211,51.9028,4.51148,False,False,bicycle,electric_assist
2026-06-15T02:47:58Z,lime,lime:bb3f006d9308,51.95425,4.58401,False,False,bicycle,electric_assist
2026-06-15T02:47:58Z,lime,lime:b12ca268b1e6,51.90481,4.4543,False,False,bicycle,electric_assist
2026-06-15T02:47:58Z,lime,lime:1d97c26387fa,51.91197,4.49885,False,False,bicycle,electric_assist
2026-06-15T02:47:58Z,lime,lime:9ab5491d3970,51.93502,4.47569,False,False,bicycle,electric_assist
2026-06-15T02:47:58Z,lime,lime:f6849a9d3ed2,51.90628,4.45987,False,False,bicycle,electric_assist
2026-06-15T02:47:58Z,lime,lime:05f7e5fdbb29,51.88679,4.48176,False,False,bicycle,electric_assist
2026-06-15T02:47:58Z,lime,lime:ececc29d6e37,51.91788,4.37187,False,False,bicycle,electric_assist
2026-06-15T02:47:58Z,lime,lime:0cfe975cf3a6,51.95982,4.54588,False,False,bicycle,electric_assist
2026-06-15T02:47:58Z,lime,lime:fe29baaf8938,51.92464,4.4313,False,False,bicycle,electric_assist
2026-06-15T02:47:58Z,lime,lime:7e192a3ca710,51.89117,4.47961,False,False,bicycle,electric_assist
2026-06-15T02:47:58Z,lime,lime:c40b4fa72d76,51.93878,4.54173,False,False,bicycle,electric_assist
2026-06-15T02:47:58Z,lime,lime:8dcce4286249,51.95067,4.51857,False,False,bicycle,electric_assist
2026-06-15T02:47:58Z,lime,lime:aa8683a94cd4,51.95567,4.46712,False,False,bicycle,electric_assist
2026-06-15T02:47:58Z,lime,lime:498ccba0b780,51.92794,4.50203,False,False,bicycle,electric_assist
2026-06-15T02:47:58Z,lime,lime:93f2cbaad6e5,51.90149,4.47941,False,False,bicycle,electric_assist
2026-06-15T02:47:58Z,lime,lime:fc8cb1fb64da,51.88653,4.46439,False,False,bicycle,electric_assist
2026-06-15T02:47:58Z,lime,lime:d4a9a2301b1d,51.89974,4.49607,False,False,bicycle,electric_assist
2026-06-15T02:47:58Z,lime,lime:6caefe09fa53,51.92738,4.37441,False,False,bicycle,electric_assist
2026-06-15T02:47:58Z,lime,lime:962fbcdd28a0,51.91796,4.51261,False,False,bicycle,electric_assist
2026-06-15T02:47:58Z,lime,lime:e29863d40c4a,51.92545,4.48712,False,False,bicycle,electric_assist
2026-06-15T02:47:58Z,lime,lime:06a34bbe1102,51.88952,4.47195,False,False,bicycle,electric_assist
2026-06-15T02:47:58Z,lime,lime:8b2eaf2586eb,51.94424,4.45093,False,False,bicycle,electric_assist
2026-06-15T02:47:58Z,lime,lime:d416c97af16c,51.90827,4.44904,False,False,bicycle,electric_assist
2026-06-15T02:47:58Z,lime,lime:7d5cf9bc0e1f,51.94338,4.48493,False,False,bicycle,electric_assist
2026-06-15T02:47:58Z,lime,lime:834392687248,51.88019,4.50392,False,False,bicycle,electric_assist
2026-06-15T02:47:58Z,lime,lime:43a92e73fe94,51.94225,4.49994,False,False,bicycle,electric_assist
2026-06-15T02:47:58Z,lime,lime:570158f822e4,51.93228,4.46413,False,False,bicycle,electric_assist
2026-06-15T02:47:58Z,lime,lime:bd4e10a41f41,51.92412,4.51396,False,False,bicycle,electric_assist
2026-06-15T02:47:58Z,lime,lime:a114878bdea5,51.91248,4.38121,False,False,bicycle,electric_assist
2026-06-15T02:47:58Z,lime,lime:e616b9b1c2c1,51.95833,4.49052,False,False,bicycle,electric_assist
2026-06-15T02:47:58Z,lime,lime:a0669dc84077,51.9542,4.56819,True,False,bicycle,electric_assist
2026-06-15T02:47:58Z,lime,lime:4760fbdb8650,51.9606,4.47718,False,False,bicycle,electric_assist
2026-06-15T02:47:58Z,lime,lime:16e7d2d416c0,51.92282,4.50852,False,False,bicycle,electric_assist
2026-06-15T02:47:58Z,lime,lime:95e0b703bc40,51.94243,4.53787,False,False,bicycle,electric_assist
2026-06-15T02:47:58Z,lime,lime:725bbfc26f22,51.95796,4.53901,False,False,bicycle,electric_assist
2026-06-15T02:47:58Z,lime,lime:ad818c07cd23,51.91012,4.45227,False,False,bicycle,electric_assist
2026-06-15T02:47:58Z,lime,lime:8f3aac5d3189,51.91426,4.4961,False,False,bicycle,electric_assist
2026-06-15T02:47:58Z,lime,lime:712510b848ce,51.91122,4.48185,False,False,bicycle,electric_assist
2026-06-15T02:47:58Z,lime,lime:71b3f7f1e48a,51.90959,4.51999,False,False,bicycle,electric_assist
2026-06-15T02:47:58Z,lime,lime:7ffd022c6e38,51.89461,4.4701,False,False,bicycle,electric_assist
2026-06-15T02:47:58Z,lime,lime:293c60817959,51.91107,4.48189,False,False,bicycle,electric_assist
2026-06-15T02:47:58Z,lime,lime:e4f6d8e68ee3,51.93494,4.48189,False,False,bicycle,electric_assist
2026-06-15T02:47:58Z,lime,lime:d6c1fb12af46,51.89808,4.50301,False,False,bicycle,electric_assist
2026-06-15T02:47:58Z,lime,lime:7d4858a9c529,51.92724,4.5007,False,False,bicycle,electric_assist
2026-06-15T02:47:58Z,lime,lime:01075682b664,51.92322,4.49689,False,False,bicycle,electric_assist
2026-06-15T02:47:58Z,lime,lime:498830becc5b,51.90933,4.52352,False,False,bicycle,electric_assist
2026-06-15T02:47:58Z,lime,lime:2881f4008a23,51.89027,4.51985,False,False,bicycle,electric_assist
2026-06-15T02:47:58Z,lime,lime:3447f290cc2f,51.91958,4.44787,False,False,bicycle,electric_assist
2026-06-15T02:47:58Z,lime,lime:4adc15893c08,51.9071,4.52539,False,False,bicycle,electric_assist
2026-06-15T02:47:58Z,lime,lime:eb4c35aa3120,51.92543,4.50879,False,False,bicycle,electric_assist
2026-06-15T02:47:58Z,lime,lime:84f8cc54d1b7,51.94337,4.47774,False,False,bicycle,electric_assist
2026-06-15T02:47:58Z,lime,lime:b48c54d991c3,51.91917,4.4451,False,False,bicycle,electric_assist
2026-06-15T02:47:58Z,lime,lime:29f7670b13cc,51.92018,4.45317,False,False,bicycle,electric_assist
2026-06-15T02:47:58Z,lime,lime:c6f0dd620c6d,51.94908,4.47516,False,False,bicycle,electric_assist
2026-06-15T02:47:58Z,lime,lime:4d4f11b1efd3,51.90631,4.45992,False,False,bicycle,electric_assist
2026-06-15T02:47:58Z,lime,lime:8c7cc6ca4855,51.92625,4.49295,False,False,bicycle,electric_assist
2026-06-15T02:47:58Z,lime,lime:b59cb68c49c4,51.91011,4.45225,False,False,bicycle,electric_assist
2026-06-15T02:47:58Z,lime,lime:560dcd97bb13,51.92242,4.46603,False,False,bicycle,electric_assist
2026-06-15T02:47:58Z,lime,lime:947d1c0c6d37,51.94434,4.56042,False,False,bicycle,electric_assist
2026-06-15T02:47:58Z,lime,lime:2e141448ffcb,51.9045,4.40697,False,False,bicycle,electric_assist
2026-06-15T02:47:58Z,lime,lime:23d09ba39b63,51.91453,4.40191,False,False,bicycle,electric_assist
2026-06-15T02:47:58Z,lime,lime:27c3cc2c1d2a,51.89204,4.50256,False,False,bicycle,electric_assist
2026-06-15T02:47:58Z,lime,lime:04d767c64ddd,51.90627,4.45987,False,False,bicycle,electric_assist
2026-06-15T02:47:58Z,lime,lime:fef614a90208,51.91108,4.48193,False,False,bicycle,electric_assist
2026-06-15T02:47:58Z,lime,lime:011636294877,51.92283,4.54202,False,False,bicycle,electric_assist
2026-06-15T02:47:58Z,lime,lime:338451050b15,51.93134,4.49311,False,False,bicycle,electric_assist
2026-06-15T02:47:58Z,lime,lime:ddd33051409e,51.90778,4.46227,False,False,bicycle,electric_assist
2026-06-15T02:47:58Z,lime,lime:7cf097edf922,51.88807,4.48432,False,False,bicycle,electric_assist
2026-06-15T02:47:58Z,lime,lime:bc38a20430ab,51.91741,4.4401,False,False,bicycle,electric_assist
2026-06-15T02:47:58Z,lime,lime:b7a078cc1275,51.89086,4.51411,False,False,bicycle,electric_assist
2026-06-15T02:47:58Z,lime,lime:836fc127528a,51.9314,4.44348,False,False,bicycle,electric_assist
2026-06-15T02:47:58Z,lime,lime:6819ef7bd223,51.93801,4.47268,False,False,bicycle,electric_assist
2026-06-15T02:47:58Z,lime,lime:2439fc9af17b,51.89064,4.5142,False,False,bicycle,electric_assist
2026-06-15T02:47:58Z,lime,lime:27a3a70560f4,51.91401,4.45734,False,False,bicycle,electric_assist
2026-06-15T02:47:58Z,lime,lime:75a59980244d,51.92668,4.42688,False,False,bicycle,electric_assist
2026-06-15T02:47:58Z,lime,lime:990107d8ff89,51.91322,4.44866,False,False,bicycle,electric_assist
2026-06-15T02:47:58Z,lime,lime:8165edece891,51.91334,4.43248,False,True,bicycle,electric_assist
2026-06-15T02:47:58Z,lime,lime:4f576d6ddf02,51.90936,4.50801,False,False,bicycle,electric_assist
2026-06-15T02:47:58Z,lime,lime:4d43429b06e3,51.93576,4.46841,False,False,bicycle,electric_assist
2026-06-15T02:47:58Z,lime,lime:22cea5135ee7,51.92082,4.39572,False,False,bicycle,electric_assist
2026-06-15T02:47:58Z,lime,lime:3d461c184e9f,51.8873,4.47474,False,False,bicycle,electric_assist
2026-06-15T02:47:58Z,lime,lime:7f418b006e72,51.89189,4.46709,False,False,bicycle,electric_assist
2026-06-15T02:47:58Z,lime,lime:387e3c5df01e,51.9322,4.46414,False,False,bicycle,electric_assist
2026-06-15T02:47:58Z,lime,lime:8da8249275f5,51.92258,4.54546,False,False,bicycle,electric_assist
2026-06-15T02:47:58Z,lime,lime:c86b51ff629b,51.92734,4.48135,False,False,bicycle,electric_assist
2026-06-15T02:47:58Z,lime,lime:86616b3549be,51.92227,4.50232,False,False,bicycle,electric_assist
2026-06-15T02:47:58Z,lime,lime:efcdca0bff25,51.91672,4.40213,False,False,bicycle,electric_assist
2026-06-15T02:47:58Z,lime,lime:8fb403b68390,51.92055,4.51031,False,False,bicycle,electric_assist
2026-06-15T02:47:58Z,lime,lime:67909ba5bf64,51.92064,4.39886,False,False,bicycle,electric_assist
2026-06-15T02:47:58Z,lime,lime:fbc7f287cf44,51.9228,4.46953,False,False,bicycle,electric_assist
2026-06-15T02:47:58Z,lime,lime:b8ce06fe1125,51.8924,4.53076,False,False,bicycle,electric_assist
2026-06-15T02:47:58Z,lime,lime:d8c6408a85c4,51.94585,4.55006,False,False,bicycle,electric_assist
2026-06-15T02:47:58Z,lime,lime:8d6879f0812d,51.9124,4.43011,False,False,bicycle,electric_assist
2026-06-15T02:47:58Z,lime,lime:6fd108c6375c,51.89011,4.46702,False,False,bicycle,electric_assist
2026-06-15T02:47:58Z,lime,lime:1e8fed079c4b,51.94797,4.37719,False,False,bicycle,electric_assist
2026-06-15T02:47:58Z,lime,lime:7869b89224d8,51.91572,4.48741,False,False,bicycle,electric_assist
2026-06-15T02:47:58Z,lime,lime:d194095b71c8,51.90937,4.38735,False,False,bicycle,electric_assist
2026-06-15T02:47:58Z,lime,lime:f2a89481c8b8,51.92182,4.46056,False,False,bicycle,electric_assist
2026-06-15T02:47:58Z,lime,lime:20b919459a22,51.95426,4.58403,False,False,bicycle,electric_assist
2026-06-15T02:47:58Z,lime,lime:d3c1c49064b4,51.91677,4.40218,False,False,bicycle,electric_assist
2026-06-15T02:47:58Z,lime,lime:1b72ac4b6bea,51.9452,4.47518,False,False,bicycle,electric_assist
2026-06-15T02:47:58Z,lime,lime:b95374a9d5b4,51.92095,4.54043,False,False,bicycle,electric_assist
2026-06-15T02:47:58Z,lime,lime:ce5cf72157cf,51.92256,4.54545,False,False,bicycle,electric_assist
2026-06-15T02:47:58Z,lime,lime:686cbda87492,51.96333,4.55465,False,True,bicycle,electric_assist
2026-06-15T02:47:58Z,lime,lime:f437fb8a3600,51.89714,4.50367,False,False,bicycle,electric_assist
2026-06-15T02:47:58Z,lime,lime:9bfa70950c22,51.89758,4.5112,False,False,bicycle,electric_assist
2026-06-15T02:47:58Z,lime,lime:8dadc9ab637a,51.90927,4.52356,False,False,bicycle,electric_assist
2026-06-15T02:47:58Z,lime,lime:3182ac03aadf,51.91922,4.5128,False,False,bicycle,electric_assist
2026-06-15T02:47:58Z,lime,lime:20f4e7d85cc5,51.91388,4.54636,False,False,bicycle,electric_assist
2026-06-15T02:47:58Z,lime,lime:030dc2b3c64a,51.94786,4.50621,False,True,bicycle,electric_assist
2026-06-15T02:47:58Z,lime,lime:e661ddb5b5ea,51.95135,4.4705,False,False,bicycle,electric_assist
2026-06-15T02:47:58Z,lime,lime:2e8ad3610d88,51.93569,4.46062,False,False,bicycle,electric_assist
2026-06-15T02:47:58Z,lime,lime:3e05c04c32f3,51.89654,4.49421,False,False,bicycle,electric_assist
2026-06-15T02:47:58Z,lime,lime:e04359919e4e,51.9452,4.47516,False,False,bicycle,electric_assist
2026-06-15T02:47:58Z,lime,lime:048f095d88a2,51.91411,4.45044,False,False,bicycle,electric_assist
2026-06-15T02:47:58Z,lime,lime:ee427287a919,51.89822,4.47352,False,False,bicycle,electric_assist
2026-06-15T02:47:58Z,lime,lime:b3518173cdaf,51.91124,4.48176,True,False,bicycle,electric_assist
2026-06-15T02:47:58Z,lime,lime:f02460233f8b,51.89735,4.46926,False,False,bicycle,electric_assist
2026-06-15T02:47:58Z,lime,lime:71dd92f8bed9,51.89347,4.49063,False,False,bicycle,electric_assist
2026-06-15T02:47:58Z,lime,lime:ac321fb04eb8,51.88966,4.49598,False,False,bicycle,electric_assist
2026-06-15T02:47:58Z,lime,lime:96c9820e8ac9,51.93625,4.46434,False,False,bicycle,electric_assist
2026-06-15T02:47:58Z,lime,lime:24363ee6c067,51.91395,4.45254,False,False,bicycle,electric_assist
2026-06-15T02:47:58Z,lime,lime:4f952a38aa38,51.96003,4.58499,False,False,bicycle,electric_assist
2026-06-15T02:47:58Z,lime,lime:52ac09a82a08,51.90441,4.50312,False,False,bicycle,electric_assist
2026-06-15T02:47:58Z,lime,lime:49c53854375e,51.94581,4.53504,False,False,bicycle,electric_assist
2026-06-15T02:47:58Z,lime,lime:c94cac41653d,51.93491,4.37475,False,False,bicycle,electric_assist
2026-06-15T02:47:58Z,lime,lime:4e991a595dd8,51.92164,4.48778,False,False,bicycle,electric_assist
2026-06-15T02:47:58Z,lime,lime:eb47c1cab296,51.94485,4.47047,False,False,bicycle,electric_assist
2026-06-15T02:47:58Z,lime,lime:8b72a3a4d474,51.92442,4.54638,False,False,bicycle,electric_assist
2026-06-15T02:47:58Z,lime,lime:bee4c6e8f022,51.9203,4.47323,True,False,bicycle,electric_assist
2026-06-15T02:47:58Z,lime,lime:30676f67c31f,51.90753,4.50829,False,False,bicycle,electric_assist
2026-06-15T02:47:58Z,lime,lime:973135377dfd,51.90784,4.45334,False,False,bicycle,electric_assist
2026-06-15T02:47:58Z,lime,lime:b9e8cd6ff907,51.92895,4.48058,False,False,bicycle,electric_assist
2026-06-15T02:47:58Z,lime,lime:9c03cfebbdd0,51.90578,4.40937,False,False,bicycle,electric_assist
2026-06-15T02:47:58Z,lime,lime:86db814a54d5,51.90212,4.49606,False,False,bicycle,electric_assist
2026-06-15T02:47:58Z,lime,lime:e93661ba4f2b,51.91774,4.41213,False,False,bicycle,electric_assist
2026-06-15T02:47:58Z,lime,lime:696323c9b845,51.91731,4.42057,False,False,bicycle,electric_assist
2026-06-15T02:47:58Z,lime,lime:f1f6eab381f7,51.93196,4.50771,False,False,bicycle,electric_assist
2026-06-15T02:47:58Z,lime,lime:e76b61f09e2b,51.87483,4.46789,False,False,bicycle,electric_assist
2026-06-15T02:47:58Z,lime,lime:f26ff8fe2a32,51.96085,4.4672,False,False,bicycle,electric_assist
2026-06-15T02:47:58Z,lime,lime:e0568b09c7d5,51.94461,4.48364,False,False,bicycle,electric_assist
2026-06-15T02:47:58Z,lime,lime:f9212e73c835,51.95552,4.50615,False,False,bicycle,electric_assist
2026-06-15T02:47:58Z,lime,lime:ecf5ddc6b203,51.89289,4.47362,False,False,bicycle,electric_assist
2026-06-15T02:47:58Z,lime,lime:500e3f0bf9ae,51.87481,4.46801,False,False,bicycle,electric_assist
2026-06-15T02:47:58Z,lime,lime:752ab7d0e31c,51.91799,4.41502,False,False,bicycle,electric_assist
2026-06-15T02:47:58Z,lime,lime:64110f623037,51.93521,4.49209,False,False,bicycle,electric_assist
2026-06-15T02:47:58Z,lime,lime:bde2c09dcfde,51.93442,4.48072,False,False,bicycle,electric_assist
2026-06-15T02:47:58Z,lime,lime:4ee2466b8065,51.88057,4.53196,False,False,bicycle,electric_assist
2026-06-15T02:47:58Z,lime,lime:b6e4a7810dbb,51.91464,4.44857,False,False,bicycle,electric_assist
2026-06-15T02:47:58Z,lime,lime:836a32a0aeb1,51.92195,4.37099,False,False,bicycle,electric_assist
2026-06-15T02:47:58Z,lime,lime:69b9013605a0,51.91457,4.44223,False,False,bicycle,electric_assist
2026-06-15T02:47:58Z,lime,lime:f1052c0b2fdb,51.91423,4.44897,False,False,bicycle,electric_assist
2026-06-15T02:47:58Z,lime,lime:b0496c0f9086,51.91357,4.50504,False,False,bicycle,electric_assist
2026-06-15T02:47:58Z,lime,lime:ae77a6e22c9f,51.91189,4.38041,False,False,bicycle,electric_assist
2026-06-15T02:47:58Z,lime,lime:22188a882cca,51.92466,4.49036,False,False,bicycle,electric_assist
2026-06-15T02:47:58Z,lime,lime:220e6a88cf1a,51.93804,4.46816,False,False,bicycle,electric_assist
2026-06-15T02:47:58Z,lime,lime:9b3a794466aa,51.92152,4.39481,False,False,bicycle,electric_assist
2026-06-15T02:47:58Z,lime,lime:7f4e73bf36e2,51.89818,4.47352,False,False,bicycle,electric_assist
2026-06-15T02:47:58Z,lime,lime:b655cdb7b09f,51.90639,4.5138,False,False,bicycle,electric_assist
2026-06-15T02:47:58Z,lime,lime:dfaf1adf38c7,51.93005,4.44371,False,False,bicycle,electric_assist
2026-06-15T02:47:58Z,lime,lime:6112a5ce4b38,51.96,4.58494,False,False,bicycle,electric_assist
2026-06-15T02:47:58Z,lime,lime:0756d749538f,51.93697,4.42766,False,False,bicycle,electric_assist
2026-06-15T02:47:58Z,lime,lime:f166ca89357f,51.91236,4.48389,False,False,bicycle,electric_assist
2026-06-15T02:47:58Z,lime,lime:679d254be297,51.89152,4.49124,False,False,bicycle,electric_assist
2026-06-15T02:47:58Z,lime,lime:7b53338aca21,51.9343,4.46283,True,False,bicycle,electric_assist
2026-06-15T02:47:58Z,lime,lime:cec5596b6dc7,51.88818,4.46088,True,False,bicycle,electric_assist
2026-06-15T02:47:58Z,lime,lime:7f47d9e3f25c,51.94172,4.54156,False,False,bicycle,electric_assist
2026-06-15T02:47:58Z,lime,lime:f6ff6edf5cce,51.92506,4.51822,False,False,bicycle,electric_assist
2026-06-15T02:47:58Z,lime,lime:695cd345866b,51.90651,4.50582,False,False,bicycle,electric_assist
2026-06-15T02:47:58Z,lime,lime:223f6bb7be97,51.89263,4.49051,False,False,bicycle,electric_assist
2026-06-15T02:47:58Z,lime,lime:bdc0fcab1514,51.95981,4.50301,False,False,bicycle,electric_assist
2026-06-15T02:47:58Z,lime,lime:84e12a24f4e8,51.89178,4.5415,False,False,bicycle,electric_assist
2026-06-15T02:47:58Z,lime,lime:4aa065c6c02d,51.9452,4.47503,False,False,bicycle,electric_assist
2026-06-15T02:47:58Z,lime,lime:18e2ca088e44,51.8826,4.52118,False,False,bicycle,electric_assist
2026-06-15T02:47:58Z,lime,lime:56577c35d71b,51.91154,4.43847,False,False,bicycle,electric_assist
2026-06-15T02:47:58Z,lime,lime:9c065ab6d2ec,51.91803,4.41505,False,False,bicycle,electric_assist
2026-06-15T02:47:58Z,lime,lime:e07c7a482d88,51.93341,4.40882,False,False,bicycle,electric_assist
2026-06-15T02:47:58Z,lime,lime:61d7fbf8c6e9,51.93221,4.46417,False,False,bicycle,electric_assist
2026-06-15T02:47:58Z,lime,lime:8bf6c10a59ba,51.9386,4.4797,True,False,bicycle,electric_assist
2026-06-15T02:47:58Z,lime,lime:7676a3d82be0,51.90273,4.4542,True,False,bicycle,electric_assist
2026-06-15T02:47:58Z,lime,lime:c50c1fd9f189,51.89226,4.46938,False,False,bicycle,electric_assist
2026-06-15T02:47:58Z,lime,lime:3c1d67bf2d7f,51.91121,4.4485,False,False,bicycle,electric_assist
2026-06-15T02:47:58Z,lime,lime:aa3402b10f74,51.92291,4.46957,False,False,bicycle,electric_assist
2026-06-15T02:47:58Z,lime,lime:d2ad477c7e45,51.9228,4.52223,False,False,bicycle,electric_assist
2026-06-15T02:47:58Z,lime,lime:48066e5f87d8,51.95379,4.52006,False,False,bicycle,electric_assist
2026-06-15T02:47:58Z,lime,lime:1a340ecc8624,51.90733,4.40226,False,False,bicycle,electric_assist
2026-06-15T02:47:58Z,lime,lime:7cd41c746dab,51.92086,4.49098,False,False,bicycle,electric_assist
2026-06-15T02:47:58Z,lime,lime:6ea31087fd62,51.93928,4.53845,False,False,bicycle,electric_assist
2026-06-15T02:47:58Z,lime,lime:933dd0bfedfc,51.94588,4.54702,False,False,bicycle,electric_assist
2026-06-15T02:47:58Z,lime,lime:149664a2b774,51.91652,4.45098,False,False,bicycle,electric_assist
2026-06-15T02:47:58Z,lime,lime:aeb2bf919b69,51.93142,4.47866,False,False,bicycle,electric_assist
2026-06-15T02:47:58Z,lime,lime:343b2d103951,51.92973,4.39958,False,False,bicycle,electric_assist
2026-06-15T02:47:58Z,lime,lime:dac0b44ffe56,51.9132,4.50102,False,False,bicycle,electric_assist
2026-06-15T02:47:58Z,lime,lime:b5994bdc0030,51.90718,4.47335,False,False,bicycle,electric_assist
2026-06-15T02:47:58Z,lime,lime:9ab8f7ffdab0,51.96294,4.47523,False,False,bicycle,electric_assist
2026-06-15T02:47:58Z,lime,lime:520637e7e975,51.91691,4.491,False,True,bicycle,electric_assist
2026-06-15T02:47:58Z,lime,lime:4ed0a8651d2d,51.92156,4.3744,False,False,bicycle,electric_assist
2026-06-15T02:47:58Z,lime,lime:7ddfad5dac04,51.92225,4.50236,False,False,bicycle,electric_assist
2026-06-15T02:47:58Z,lime,lime:821bbe436ccd,51.93334,4.47821,False,False,bicycle,electric_assist
2026-06-15T02:47:58Z,lime,lime:063543e35d91,51.92918,4.50529,False,True,bicycle,electric_assist
2026-06-15T02:47:58Z,lime,lime:318723d2e657,51.91782,4.44508,False,False,bicycle,electric_assist
2026-06-15T02:47:58Z,lime,lime:15ab6f249ecd,51.90649,4.50578,False,False,bicycle,electric_assist
2026-06-15T02:47:58Z,lime,lime:7bfc3c967d86,51.93146,4.48774,False,False,bicycle,electric_assist
2026-06-15T02:47:58Z,lime,lime:0746310e886b,51.9228,4.50859,False,False,bicycle,electric_assist
2026-06-15T02:47:58Z,lime,lime:7bee6397e941,51.91417,4.4961,False,False,bicycle,electric_assist
2026-06-15T02:47:58Z,lime,lime:4592b23eeee8,51.92776,4.48348,False,False,bicycle,electric_assist
2026-06-15T02:47:58Z,lime,lime:084f9a428eab,51.9539,4.46822,False,False,bicycle,electric_assist
2026-06-15T02:47:58Z,lime,lime:5a90efc715a6,51.92767,4.48118,False,False,bicycle,electric_assist
2026-06-15T02:47:58Z,lime,lime:7ad402e9fad8,51.94707,4.48527,False,False,bicycle,electric_assist
2026-06-15T02:47:58Z,lime,lime:41b9598e4190,51.93369,4.46663,False,False,bicycle,electric_assist
2026-06-15T02:47:58Z,lime,lime:37bb2a7491ec,51.91311,4.4927,False,False,bicycle,electric_assist
2026-06-15T02:47:58Z,lime,lime:58306d8cb8e8,51.93316,4.49732,False,False,bicycle,electric_assist
2026-06-15T02:47:58Z,lime,lime:7f697092008b,51.91423,4.49609,False,False,bicycle,electric_assist
2026-06-15T02:47:58Z,lime,lime:4fe87a14897d,51.94521,4.47518,False,False,bicycle,electric_assist
2026-06-15T02:47:58Z,lime,lime:e0a41b0eac7f,51.93204,4.45581,False,False,bicycle,electric_assist
2026-06-15T02:47:58Z,lime,lime:335168cbc4ab,51.92006,4.51406,False,False,bicycle,electric_assist
2026-06-15T02:47:58Z,lime,lime:bb841aaf0f74,51.90449,4.46047,False,False,bicycle,electric_assist
2026-06-15T02:47:58Z,lime,lime:8d1ca6273073,51.91593,4.48745,False,False,bicycle,electric_assist
2026-06-15T02:47:58Z,lime,lime:e64b9bbf0a6f,51.91604,4.44698,False,False,bicycle,electric_assist
2026-06-15T02:47:58Z,lime,lime:e79a6af6d23f,51.92551,4.50623,False,False,bicycle,electric_assist
2026-06-15T02:47:58Z,lime,lime:173fb554910e,51.94731,4.52672,False,False,bicycle,electric_assist
2026-06-15T02:47:58Z,lime,lime:8856ed7b0d6a,51.94473,4.39633,False,False,bicycle,electric_assist
2026-06-15T02:47:58Z,lime,lime:e8ef9c11ed72,51.94449,4.48484,False,False,bicycle,electric_assist
2026-06-15T02:47:58Z,lime,lime:61fdacb82470,51.9309,4.49266,False,False,bicycle,electric_assist
2026-06-15T02:47:58Z,lime,lime:0f05641571c8,51.9212,4.39637,False,False,bicycle,electric_assist
2026-06-15T02:47:58Z,lime,lime:d6aadd128529,51.93562,4.46832,False,False,bicycle,electric_assist
2026-06-15T02:47:58Z,lime,lime:22af735970cb,51.88472,4.48383,False,False,bicycle,electric_assist
2026-06-15T02:47:58Z,lime,lime:d6ea501d6692,51.95217,4.5117,False,False,bicycle,electric_assist
2026-06-15T02:47:58Z,lime,lime:da30550d5c37,51.89087,4.46756,False,True,bicycle,electric_assist
2026-06-15T02:47:58Z,lime,lime:264ca1dc7000,51.8864,4.54938,False,False,bicycle,electric_assist
2026-06-15T02:47:58Z,lime,lime:55ee6decf45b,51.92155,4.45626,False,False,bicycle,electric_assist
2026-06-15T02:47:58Z,lime,lime:0078e964e6b6,51.93455,4.47299,False,False,bicycle,electric_assist
2026-06-15T02:47:58Z,lime,lime:f89b807c3c0f,51.92409,4.38882,False,False,bicycle,electric_assist
2026-06-15T02:47:58Z,lime,lime:e938ab573c39,51.92859,4.49294,False,False,bicycle,electric_assist
2026-06-15T02:47:58Z,lime,lime:f0a1aab52b64,51.91709,4.42262,False,False,bicycle,electric_assist
2026-06-15T02:47:58Z,lime,lime:4fa8937baeb3,51.93853,4.47957,False,True,bicycle,electric_assist
2026-06-15T02:47:58Z,lime,lime:9d2cd18441aa,51.9438,4.54377,False,False,bicycle,electric_assist
2026-06-15T02:47:58Z,lime,lime:a9f5929d4578,51.88894,4.46543,False,False,bicycle,electric_assist
2026-06-15T02:47:58Z,lime,lime:243a75fd2428,51.93738,4.46905,False,False,bicycle,electric_assist
2026-06-15T02:47:58Z,lime,lime:3620cd96a66f,51.91355,4.50153,False,False,bicycle,electric_assist
2026-06-15T02:47:58Z,lime,lime:d50b03209b84,51.906,4.40824,False,False,bicycle,electric_assist
2026-06-15T02:47:58Z,lime,lime:2aed42e0c062,51.91791,4.51266,False,False,bicycle,electric_assist
2026-06-15T02:47:58Z,lime,lime:0ab5ccb11fbe,51.91908,4.41831,False,False,bicycle,electric_assist
2026-06-15T02:47:58Z,lime,lime:01cbde65f78b,51.9108,4.55388,False,False,bicycle,electric_assist
2026-06-15T02:47:58Z,lime,lime:42607a9896d2,51.94247,4.53791,False,False,bicycle,electric_assist
2026-06-15T02:47:58Z,lime,lime:e62b16e58f72,51.91829,4.42412,False,False,bicycle,electric_assist
2026-06-15T02:47:58Z,lime,lime:4752379c2ded,51.92671,4.46258,False,False,bicycle,electric_assist
2026-06-15T02:47:58Z,lime,lime:cbd3e5208e19,51.89562,4.50651,False,False,bicycle,electric_assist
2026-06-15T02:47:58Z,lime,lime:24f12d88fba9,51.91916,4.4609,False,False,bicycle,electric_assist
2026-06-15T02:47:58Z,lime,lime:d35558da5fc1,51.9191,4.41834,False,False,bicycle,electric_assist
2026-06-15T02:47:58Z,lime,lime:873152a03b3a,51.9171,4.46085,False,False,bicycle,electric_assist
2026-06-15T02:47:58Z,lime,lime:cee2a9a21085,51.9078,4.46221,False,False,bicycle,electric_assist
2026-06-15T02:47:58Z,lime,lime:9a5045bd00eb,51.9247,4.53017,False,False,bicycle,electric_assist
2026-06-15T02:47:58Z,lime,lime:c0d65e96f05b,51.93423,4.45505,False,False,bicycle,electric_assist
2026-06-15T02:47:58Z,lime,lime:aae9af3fe058,51.90646,4.50572,False,False,bicycle,electric_assist
2026-06-15T02:47:58Z,lime,lime:d5a5472756f7,51.92417,4.48795,False,False,bicycle,electric_assist
2026-06-15T02:47:58Z,lime,lime:d818dbfdcdd2,51.91118,4.46178,False,False,bicycle,electric_assist
2026-06-15T02:47:58Z,lime,lime:4ef9ea166cbd,51.93332,4.49563,False,False,bicycle,electric_assist
2026-06-15T02:47:58Z,lime,lime:e9b511be9c00,51.91114,4.48193,False,False,bicycle,electric_assist
2026-06-15T02:47:58Z,lime,lime:a0291bef13b8,51.95758,4.5313,False,False,bicycle,electric_assist
2026-06-15T02:47:58Z,lime,lime:daa172242d6a,51.90287,4.46751,False,False,bicycle,electric_assist
2026-06-15T02:47:58Z,lime,lime:9040c146a176,51.88991,4.46697,False,False,bicycle,electric_assist
2026-06-15T02:47:58Z,lime,lime:b70eb67cfee2,51.92506,4.55575,False,False,bicycle,electric_assist
2026-06-15T02:47:58Z,lime,lime:d79279f78edd,51.93101,4.49489,False,False,bicycle,electric_assist
2026-06-15T02:47:58Z,lime,lime:ddad7b36ef67,51.91233,4.45509,False,False,bicycle,electric_assist
2026-06-15T02:47:58Z,lime,lime:84530800a4ad,51.9216,4.50714,False,False,bicycle,electric_assist
2026-06-15T02:47:58Z,lime,lime:f178d855e71c,51.91733,4.42043,False,False,bicycle,electric_assist
2026-06-15T02:47:58Z,lime,lime:c752806e7827,51.89732,4.4669,False,False,bicycle,electric_assist
2026-06-15T02:47:58Z,lime,lime:fff46104bdcd,51.92834,4.50832,False,False,bicycle,electric_assist
2026-06-15T02:47:58Z,lime,lime:8eb169963cf7,51.91427,4.49611,False,False,bicycle,electric_assist
2026-06-15T02:47:58Z,lime,lime:19173e0a90ef,51.92539,4.50886,False,False,bicycle,electric_assist
2026-06-15T02:47:58Z,lime,lime:b8101dd01d7e,51.95765,4.50169,False,False,bicycle,electric_assist
2026-06-15T02:47:58Z,lime,lime:7918cf1c2ec3,51.90452,4.40709,False,False,bicycle,electric_assist
2026-06-15T02:47:58Z,lime,lime:b5c5591f9cb3,51.91398,4.45257,False,False,bicycle,electric_assist
2026-06-15T02:47:58Z,lime,lime:5d0794082765,51.9304,4.50793,False,False,bicycle,electric_assist
2026-06-15T02:47:58Z,lime,lime:7ae0b6a6af79,51.89044,4.46446,False,False,bicycle,electric_assist
2026-06-15T02:47:58Z,lime,lime:947febb02b62,51.92861,4.4031,False,False,bicycle,electric_assist
2026-06-15T02:47:58Z,lime,lime:2356a085613d,51.9563,4.5182,False,False,bicycle,electric_assist
2026-06-15T02:47:58Z,lime,lime:f1db042904d1,51.93075,4.51251,False,False,bicycle,electric_assist
2026-06-15T02:47:58Z,lime,lime:3ba314e7cbd5,51.87827,4.44882,False,False,bicycle,electric_assist
2026-06-15T02:47:58Z,lime,lime:cbd3746207d6,51.95371,4.52551,False,False,bicycle,electric_assist
2026-06-15T02:47:58Z,lime,lime:e3a03a1ef29e,51.8874,4.49851,False,False,bicycle,electric_assist
2026-06-15T02:47:58Z,lime,lime:6df3f8318439,51.89565,4.50648,False,False,bicycle,electric_assist
2026-06-15T02:47:58Z,lime,lime:79568b50a7c0,51.91198,4.39015,False,False,bicycle,electric_assist
2026-06-15T02:47:58Z,lime,lime:d2fe00ce093e,51.91835,4.49385,False,False,bicycle,electric_assist
2026-06-15T02:47:58Z,lime,lime:962263be608a,51.90714,4.49609,False,False,bicycle,electric_assist
2026-06-15T02:47:58Z,lime,lime:61d504343d0e,51.87735,4.49475,False,False,bicycle,electric_assist
2026-06-15T02:47:58Z,lime,lime:4df6727460a6,51.91169,4.47856,False,False,bicycle,electric_assist
2026-06-15T02:47:58Z,lime,lime:8924c64c6241,51.93023,4.37488,False,False,bicycle,electric_assist
2026-06-15T02:47:58Z,lime,lime:05cbee32e472,51.92918,4.5053,False,False,bicycle,electric_assist
2026-06-15T02:47:58Z,lime,lime:6b0acfc67b70,51.91304,4.55381,False,False,bicycle,electric_assist
2026-06-15T02:47:58Z,lime,lime:6f4390f3d435,51.91991,4.44854,False,False,bicycle,electric_assist
2026-06-15T02:47:58Z,lime,lime:c465a04d8c44,51.90937,4.47141,False,False,bicycle,electric_assist
2026-06-15T02:47:58Z,lime,lime:5ed954975d39,51.91803,4.38003,False,False,bicycle,electric_assist
2026-06-15T02:47:58Z,lime,lime:c858727236e2,51.94415,4.4808,False,False,bicycle,electric_assist
2026-06-15T02:47:58Z,lime,lime:31500bb64c7c,51.93208,4.41576,False,False,bicycle,electric_assist
2026-06-15T02:47:58Z,lime,lime:43149be22c45,51.90628,4.3934,False,False,bicycle,electric_assist
2026-06-15T02:47:58Z,lime,lime:752b5df5002b,51.92437,4.49054,False,False,bicycle,electric_assist
2026-06-15T02:47:58Z,lime,lime:f3bdbdccb30f,51.90442,4.45585,False,False,bicycle,electric_assist
2026-06-15T02:47:58Z,lime,lime:6e4faaa9677a,51.92547,4.50871,False,False,bicycle,electric_assist
2026-06-15T02:47:58Z,lime,lime:8965c8a1a9f7,51.9093,4.38724,False,False,bicycle,electric_assist
2026-06-15T02:47:58Z,lime,lime:3d62969bf78c,51.91159,4.53904,False,False,bicycle,electric_assist
2026-06-15T02:47:58Z,lime,lime:9fcfb4ce3b95,51.93774,4.38535,False,False,bicycle,electric_assist
2026-06-15T02:47:58Z,lime,lime:54f4dd282efc,51.9071,4.48984,False,False,bicycle,electric_assist
2026-06-15T02:47:58Z,lime,lime:2fbd920a860e,51.90879,4.38193,False,False,bicycle,electric_assist
2026-06-15T02:47:58Z,lime,lime:095baf43cd8c,51.92195,4.37103,False,False,bicycle,electric_assist
2026-06-15T02:47:58Z,lime,lime:18bb5ce7bb4d,51.88682,4.46361,False,False,bicycle,electric_assist
2026-06-15T02:47:58Z,lime,lime:76c1a6b0fda0,51.91908,4.44749,False,False,bicycle,electric_assist
2026-06-15T02:47:58Z,lime,lime:f1aec9b9c907,51.90179,4.40096,False,False,bicycle,electric_assist
2026-06-15T02:47:58Z,lime,lime:9069ac378345,51.91989,4.37104,False,False,bicycle,electric_assist
2026-06-15T02:47:58Z,lime,lime:414cc46a89a4,51.92515,4.53233,False,False,bicycle,electric_assist
2026-06-15T02:47:58Z,lime,lime:8784cbe9fdf5,51.94417,4.48248,False,False,bicycle,electric_assist
2026-06-15T02:47:58Z,lime,lime:edb936070309,51.88262,4.52121,False,False,bicycle,electric_assist
2026-06-15T02:47:58Z,lime,lime:6d2cc2f61b4d,51.94856,4.56065,True,False,bicycle,electric_assist
2026-06-15T02:47:58Z,lime,lime:28902873fba2,51.91349,4.5059,False,False,bicycle,electric_assist
2026-06-15T02:47:58Z,lime,lime:7f0c3c395601,51.91414,4.40889,False,False,bicycle,electric_assist
2026-06-15T02:47:58Z,lime,lime:226e61cdb185,51.96082,4.57978,False,False,bicycle,electric_assist
2026-06-15T02:47:58Z,lime,lime:a2606d19b6cf,51.93211,4.44376,False,False,bicycle,electric_assist
2026-06-15T02:47:58Z,lime,lime:0910b6112d6f,51.94342,4.48493,False,False,bicycle,electric_assist
2026-06-15T02:47:58Z,lime,lime:90cbfc38b298,51.91619,4.41189,False,False,bicycle,electric_assist
2026-06-15T02:47:58Z,lime,lime:e058c6c160a3,51.9072,4.48942,False,False,bicycle,electric_assist
2026-06-15T02:47:58Z,lime,lime:141863173681,51.91652,4.44796,False,False,bicycle,electric_assist
2026-06-15T02:47:58Z,lime,lime:e3cdb52dca56,51.92735,4.47238,False,False,bicycle,electric_assist
2026-06-15T02:47:58Z,lime,lime:aa6f8c439f07,51.91029,4.38155,False,False,bicycle,electric_assist
2026-06-15T02:47:58Z,lime,lime:7ce16ecdec70,51.94252,4.56323,False,False,bicycle,electric_assist
2026-06-15T02:47:58Z,lime,lime:2d19620e79c3,51.92266,4.40217,False,False,bicycle,electric_assist
2026-06-15T02:47:58Z,lime,lime:7e440c898f65,51.91587,4.39762,False,False,bicycle,electric_assist
2026-06-15T02:47:58Z,lime,lime:e75651adc4f3,51.88617,4.54946,False,False,bicycle,electric_assist
2026-06-15T02:47:58Z,lime,lime:301ece955911,51.92001,4.46309,False,False,bicycle,electric_assist
2026-06-15T02:47:58Z,lime,lime:1506ec369776,51.9143,4.45881,False,False,bicycle,electric_assist
2026-06-15T02:47:58Z,lime,lime:ebba57a9d054,51.90793,4.46205,False,False,bicycle,electric_assist
2026-06-15T02:47:58Z,lime,lime:a1b83102a8b5,51.91379,4.50851,False,False,bicycle,electric_assist
2026-06-15T02:47:58Z,lime,lime:82b4cb46dce6,51.90185,4.5254,False,False,bicycle,electric_assist
2026-06-15T02:47:58Z,lime,lime:d3c35988f955,51.91175,4.38364,False,False,bicycle,electric_assist
2026-06-15T02:47:58Z,lime,lime:afee1b2e479d,51.92253,4.42736,False,False,bicycle,electric_assist
2026-06-15T02:47:58Z,lime,lime:5d3fd8ef2e12,51.90893,4.47856,True,False,bicycle,electric_assist
2026-06-15T02:47:58Z,lime,lime:ac7e49345ab9,51.90222,4.49612,False,True,bicycle,electric_assist
2026-06-15T02:47:58Z,lime,lime:a42a46170d9d,51.929,4.44367,False,False,bicycle,electric_assist
2026-06-15T02:47:58Z,lime,lime:89b71301f511,51.89384,4.50946,False,False,bicycle,electric_assist
2026-06-15T02:47:58Z,lime,lime:09c4887d259a,51.88963,4.49595,False,False,bicycle,electric_assist
2026-06-15T02:47:58Z,lime,lime:c24444185cdb,51.91321,4.48417,False,False,bicycle,electric_assist
2026-06-15T02:47:58Z,lime,lime:b690277e9c66,51.93447,4.46342,False,False,bicycle,electric_assist
2026-06-15T02:47:58Z,lime,lime:4d1eac0ced3f,51.88063,4.53194,True,False,bicycle,electric_assist
2026-06-15T02:47:58Z,lime,lime:d07173f5b4a4,51.90786,4.46199,False,False,bicycle,electric_assist
2026-06-15T02:47:58Z,lime,lime:fdc7609a5e28,51.93223,4.46414,False,False,bicycle,electric_assist
2026-06-15T02:47:58Z,lime,lime:da7ad29ffe27,51.89133,4.49916,False,False,bicycle,electric_assist
2026-06-15T02:47:58Z,lime,lime:a9d8549cc0f4,51.95418,4.56821,False,False,bicycle,electric_assist
2026-06-15T02:47:58Z,lime,lime:d267d8ca2f97,51.90549,4.50003,False,False,bicycle,electric_assist
2026-06-15T02:47:58Z,lime,lime:f5db71f79b95,51.91582,4.43583,False,False,bicycle,electric_assist
2026-06-15T02:47:58Z,lime,lime:05cdc9450aa1,51.90442,4.44493,False,False,bicycle,electric_assist
2026-06-15T02:47:58Z,lime,lime:b28d80f3fa06,51.92543,4.50874,False,False,bicycle,electric_assist
2026-06-15T02:47:58Z,lime,lime:2a00ecb77f49,51.94222,4.47003,False,False,bicycle,electric_assist
2026-06-15T02:47:58Z,lime,lime:d7d219f20d9a,51.95561,4.50605,False,True,bicycle,electric_assist
2026-06-15T02:47:58Z,lime,lime:dfeee2de7b3d,51.91947,4.51292,False,False,bicycle,electric_assist
2026-06-15T02:47:58Z,lime,lime:567403e75b23,51.8976,4.51118,False,False,bicycle,electric_assist
2026-06-15T02:47:58Z,lime,lime:7989daf1c4a3,51.93585,4.37607,False,False,bicycle,electric_assist
2026-06-15T02:47:58Z,lime,lime:36b17348703b,51.92671,4.45826,False,False,bicycle,electric_assist
2026-06-15T02:47:58Z,lime,lime:c6c0dd63b99b,51.90939,4.38732,False,False,bicycle,electric_assist
2026-06-15T02:47:58Z,lime,lime:a49e6ee27adb,51.9172,4.49175,False,False,bicycle,electric_assist
2026-06-15T02:47:58Z,lime,lime:390d1ca45c77,51.88752,4.46719,False,False,bicycle,electric_assist
2026-06-15T02:47:58Z,lime,lime:ad033aec25eb,51.9292,4.50534,False,False,bicycle,electric_assist
2026-06-15T02:47:58Z,lime,lime:f174ea4b2263,51.91794,4.51262,False,False,bicycle,electric_assist
2026-06-15T02:47:58Z,lime,lime:4dd2cb7837ce,51.94927,4.43265,False,False,bicycle,electric_assist
2026-06-15T02:47:58Z,lime,lime:b3fa11c34909,51.9148,4.44281,False,False,bicycle,electric_assist
2026-06-15T02:47:58Z,lime,lime:b54346ff2377,51.90451,4.40708,False,False,bicycle,electric_assist
2026-06-15T02:47:58Z,lime,lime:4a7e6c263245,51.93203,4.49384,False,False,bicycle,electric_assist
2026-06-15T02:47:58Z,lime,lime:21728f3b22dc,51.91046,4.44289,False,False,bicycle,electric_assist
2026-06-15T02:47:58Z,lime,lime:26f91e3dd72a,51.88625,4.54934,False,False,bicycle,electric_assist
2026-06-15T02:47:58Z,lime,lime:756e5db891f2,51.90445,4.40702,False,False,bicycle,electric_assist
2026-06-15T02:47:58Z,lime,lime:ccd854d2f3a6,51.94614,4.4513,False,False,bicycle,electric_assist
2026-06-15T02:47:58Z,lime,lime:2a8b45f6b8b2,51.91272,4.40572,False,False,bicycle,electric_assist
2026-06-15T02:47:58Z,lime,lime:97a776c7ce4d,51.91997,4.45812,False,False,bicycle,electric_assist
2026-06-15T02:47:58Z,lime,lime:5ec7e39b7746,51.92899,4.47242,False,False,bicycle,electric_assist
2026-06-15T02:47:58Z,lime,lime:3955df692415,51.93437,4.45947,False,False,bicycle,electric_assist
2026-06-15T02:47:58Z,lime,lime:415030d79d04,51.92278,4.46956,False,False,bicycle,electric_assist
2026-06-15T02:47:58Z,lime,lime:cd6883c52986,51.92414,4.51401,False,False,bicycle,electric_assist
2026-06-15T02:47:58Z,lime,lime:0e332e06abdc,51.9171,4.46087,False,False,bicycle,electric_assist
2026-06-15T02:47:58Z,lime,lime:68f3a1e7324a,51.93875,4.46962,False,False,bicycle,electric_assist
2026-06-15T02:47:58Z,lime,lime:86beb434ef00,51.94465,4.38421,False,False,bicycle,electric_assist
2026-06-15T02:47:58Z,lime,lime:7fce1d91e5b5,51.89734,4.46925,False,False,bicycle,electric_assist
2026-06-15T02:47:58Z,lime,lime:f76d1eaa3d36,51.93635,4.46823,False,False,bicycle,electric_assist
2026-06-15T02:47:58Z,lime,lime:e11700ed5224,51.91247,4.4302,False,False,bicycle,electric_assist
2026-06-15T02:47:58Z,lime,lime:235e386ff3ae,51.92282,4.50858,False,False,bicycle,electric_assist
2026-06-15T02:47:58Z,lime,lime:16c43d11f662,51.92345,4.51224,False,False,bicycle,electric_assist
2026-06-15T02:47:58Z,lime,lime:beaaaa86197e,51.96139,4.48027,False,False,bicycle,electric_assist
2026-06-15T02:47:58Z,lime,lime:aa2a655c1f80,51.90931,4.45816,False,False,bicycle,electric_assist
2026-06-15T02:47:58Z,lime,lime:a17ec7724b89,51.92941,4.481,False,False,bicycle,electric_assist
2026-06-15T02:47:58Z,lime,lime:28266589fd81,51.88268,4.52118,False,False,bicycle,electric_assist
2026-06-15T02:47:58Z,lime,lime:384ec0df8a89,51.89994,4.5411,False,False,bicycle,electric_assist
2026-06-15T02:47:58Z,lime,lime:281d438341c3,51.942,4.5408,False,False,bicycle,electric_assist
2026-06-15T02:47:58Z,lime,lime:17a6d18675b5,51.91011,4.45226,False,False,bicycle,electric_assist
2026-06-15T02:47:58Z,lime,lime:6e8e648cf2c0,51.93168,4.48039,False,False,bicycle,electric_assist
2026-06-15T02:47:58Z,lime,lime:a04a8ac43445,51.91969,4.46346,False,False,bicycle,electric_assist
2026-06-15T02:47:58Z,lime,lime:a9fd878cb308,51.88494,4.45914,False,False,bicycle,electric_assist
2026-06-15T02:47:58Z,lime,lime:0ae1d37aa0ae,51.92159,4.51081,False,False,bicycle,electric_assist
2026-06-15T02:47:58Z,lime,lime:630655c21060,51.90676,4.47682,False,False,bicycle,electric_assist
2026-06-15T02:47:58Z,lime,lime:34e99374b8e8,51.88278,4.50432,False,False,bicycle,electric_assist
2026-06-15T02:47:58Z,lime,lime:54ef642e64bc,51.90902,4.47859,False,False,bicycle,electric_assist
2026-06-15T02:47:58Z,lime,lime:e8f665c8dca9,51.92742,4.38009,False,False,bicycle,electric_assist
2026-06-15T02:47:58Z,lime,lime:ce8c1a019e04,51.93254,4.37292,False,False,bicycle,electric_assist
2026-06-15T02:47:58Z,lime,lime:2a589e5994ab,51.91581,4.48858,False,False,bicycle,electric_assist
2026-06-15T02:47:58Z,lime,lime:3d52719c4c1d,51.92315,4.49682,False,False,bicycle,electric_assist
2026-06-15T02:47:58Z,lime,lime:16f19e3df5c1,51.92321,4.49676,False,False,bicycle,electric_assist
2026-06-15T02:47:58Z,lime,lime:8ebe5c30a5c4,51.91674,4.45243,False,False,bicycle,electric_assist
2026-06-15T02:47:58Z,lime,lime:f843e304f677,51.93294,4.49793,False,False,bicycle,electric_assist
2026-06-15T02:47:58Z,lime,lime:51ad3bd3ba23,51.92917,4.50527,False,False,bicycle,electric_assist
2026-06-15T02:47:58Z,lime,lime:78c4843f706b,51.90159,4.48994,False,False,bicycle,electric_assist
2026-06-15T02:47:58Z,lime,lime:fd08482353bd,51.88698,4.50502,False,False,bicycle,electric_assist
2026-06-15T02:47:58Z,lime,lime:1373017a2a69,51.91234,4.45515,False,False,bicycle,electric_assist
2026-06-15T02:47:58Z,lime,lime:755eb45e8bb4,51.91222,4.45526,False,False,bicycle,electric_assist
2026-06-15T02:47:58Z,lime,lime:6bc82b9be241,51.92077,4.54276,False,False,bicycle,electric_assist
2026-06-15T02:47:58Z,lime,lime:4f127d7ca1c9,51.91228,4.45499,False,False,bicycle,electric_assist
2026-06-15T02:47:58Z,lime,lime:445f626998d4,51.91478,4.44716,False,False,bicycle,electric_assist
2026-06-15T02:47:58Z,lime,lime:de1fbb5e6fb8,51.95783,4.56251,False,False,bicycle,electric_assist
2026-06-15T02:47:58Z,lime,lime:5e8dd6327864,51.91855,4.51129,False,False,bicycle,electric_assist
2026-06-15T02:47:58Z,lime,lime:213c9ed9a7e6,51.89341,4.51726,True,False,bicycle,electric_assist
2026-06-15T02:47:58Z,lime,lime:26e552ccd158,51.93908,4.53751,False,False,bicycle,electric_assist
2026-06-15T02:47:58Z,lime,lime:26b7c2800dc6,51.91442,4.39804,False,False,bicycle,electric_assist
2026-06-15T02:47:58Z,lime,lime:53d87c8766aa,51.91576,4.38497,False,False,bicycle,electric_assist
2026-06-15T02:47:58Z,lime,lime:dc95e67d9bb6,51.90719,4.48951,False,False,bicycle,electric_assist
2026-06-15T02:47:58Z,lime,lime:5b133ef41adc,51.92088,4.49097,False,False,bicycle,electric_assist
2026-06-15T02:47:58Z,lime,lime:4e18839a3b97,51.91633,4.46435,False,False,bicycle,electric_assist
2026-06-15T02:47:58Z,lime,lime:10467fc662e0,51.90699,4.49591,False,False,bicycle,electric_assist
2026-06-15T02:47:58Z,lime,lime:1664a5eeeb17,51.91788,4.37193,False,False,bicycle,electric_assist
2026-06-15T02:47:58Z,lime,lime:b66f3b23eb5f,51.91373,4.45193,False,False,bicycle,electric_assist
2026-06-15T02:47:58Z,lime,lime:4cbf1650bf14,51.91939,4.45776,False,False,bicycle,electric_assist
2026-06-15T02:47:58Z,lime,lime:e50ee2324e21,51.9403,4.5486,False,False,bicycle,electric_assist
2026-06-15T02:47:58Z,lime,lime:68642c14606d,51.91426,4.49613,False,False,bicycle,electric_assist
2026-06-15T02:47:58Z,lime,lime:238d3410c185,51.90723,4.45026,False,False,bicycle,electric_assist
2026-06-15T02:47:58Z,lime,lime:51ab425824da,51.89273,4.46672,False,False,bicycle,electric_assist
2026-06-15T02:47:58Z,lime,lime:66fc55d547d5,51.90721,4.48976,False,False,bicycle,electric_assist
2026-06-15T02:47:58Z,lime,lime:b6bfc3c020f6,51.90923,4.52351,False,False,bicycle,electric_assist
2026-06-15T02:47:58Z,lime,lime:59ca06b0850a,51.92001,4.46357,False,False,bicycle,electric_assist
2026-06-15T02:47:58Z,lime,lime:b5bbb72ea481,51.92064,4.44635,False,False,bicycle,electric_assist
2026-06-15T02:47:58Z,lime,lime:09d5852b4779,51.92888,4.45617,False,False,bicycle,electric_assist
2026-06-15T02:47:58Z,lime,lime:1ba1dea1ee8f,51.92336,4.40765,False,False,bicycle,electric_assist
2026-06-15T02:47:58Z,lime,lime:ac34f538297e,51.88962,4.49594,False,False,bicycle,electric_assist
2026-06-15T02:47:58Z,lime,lime:07837e60f36a,51.90938,4.47142,False,False,bicycle,electric_assist
2026-06-15T02:47:58Z,lime,lime:74e4096c0752,51.87488,4.46788,False,True,bicycle,electric_assist
2026-06-15T02:47:58Z,lime,lime:871a0755b5ee,51.88567,4.4776,False,False,bicycle,electric_assist
2026-06-15T02:47:58Z,lime,lime:ad6923e96e70,51.89084,4.48216,False,True,bicycle,electric_assist
2026-06-15T02:47:58Z,lime,lime:9dc715baf535,51.91195,4.49235,False,False,bicycle,electric_assist
2026-06-15T02:47:58Z,lime,lime:7fab387cada1,51.96747,4.46346,False,False,bicycle,electric_assist
2026-06-15T02:47:58Z,lime,lime:bf00f72228bb,51.91946,4.51257,False,False,bicycle,electric_assist
2026-06-15T02:47:58Z,lime,lime:0e10607e4fae,51.92283,4.50848,False,False,bicycle,electric_assist
2026-06-15T02:47:58Z,lime,lime:f5f1450408a1,51.8956,4.50649,False,False,bicycle,electric_assist
2026-06-15T02:47:58Z,lime,lime:0bb6bb6b86e4,51.89308,4.494,False,False,bicycle,electric_assist
2026-06-15T02:47:58Z,lime,lime:0a90c8000574,51.93169,4.49702,False,False,bicycle,electric_assist
2026-06-15T02:47:58Z,lime,lime:26ccb219794c,51.93544,4.45827,False,False,bicycle,electric_assist
2026-06-15T02:47:58Z,lime,lime:05f423ffcd96,51.88964,4.49604,False,False,bicycle,electric_assist
2026-06-15T02:47:58Z,lime,lime:599e0d6a5daf,51.90638,4.45193,True,False,bicycle,electric_assist
2026-06-15T02:47:58Z,lime,lime:f3ac00a3201a,51.91624,4.52372,False,False,bicycle,electric_assist
2026-06-15T02:47:58Z,lime,lime:314becef026c,51.90785,4.45357,False,False,bicycle,electric_assist
2026-06-15T02:47:58Z,lime,lime:317d14f080f8,51.89177,4.499,False,False,bicycle,electric_assist
2026-06-15T02:47:58Z,lime,lime:ddc69dce3cd2,51.89466,4.46197,False,False,bicycle,electric_assist
2026-06-15T02:47:58Z,lime,lime:b365ca2d61b2,51.92757,4.50912,False,False,bicycle,electric_assist
2026-06-15T02:47:58Z,lime,lime:58fa3f404980,51.94927,4.43269,False,False,bicycle,electric_assist
2026-06-15T02:47:58Z,lime,lime:bed24bb58f44,51.90737,4.4574,False,False,bicycle,electric_assist
2026-06-15T02:47:58Z,lime,lime:8b31fe7e87b4,51.8918,4.49077,False,False,bicycle,electric_assist
2026-06-15T02:47:58Z,lime,lime:51ffb88c418b,51.91569,4.38505,False,False,bicycle,electric_assist
2026-06-15T02:47:58Z,lime,lime:c4142579edd0,51.92163,4.50708,False,False,bicycle,electric_assist
2026-06-15T02:47:58Z,lime,lime:221e97c43606,51.96583,4.5512,False,False,bicycle,electric_assist
2026-06-15T02:47:58Z,lime,lime:27f91cb43ffe,51.94524,4.54317,False,False,bicycle,electric_assist
2026-06-15T02:47:58Z,lime,lime:3d0898ab6fb6,51.91833,4.4589,False,False,bicycle,electric_assist
2026-06-15T02:47:58Z,lime,lime:e0c5d3e9dbed,51.89309,4.49403,False,False,bicycle,electric_assist
2026-06-15T02:47:58Z,lime,lime:01c683b61589,51.92068,4.3879,False,False,bicycle,electric_assist
2026-06-15T02:47:58Z,lime,lime:6ec11fb394c9,51.92798,4.36352,False,False,bicycle,electric_assist
2026-06-15T02:47:58Z,lime,lime:dc11971ca91f,51.88264,4.52119,False,False,bicycle,electric_assist
2026-06-15T02:47:58Z,lime,lime:b44d7aa0af53,51.96578,4.55116,False,False,bicycle,electric_assist
2026-06-15T02:47:58Z,lime,lime:88284a5ca63d,51.93512,4.54421,False,False,bicycle,electric_assist
2026-06-15T02:47:58Z,lime,lime:1bd2ff49b3ad,51.90896,4.47853,False,False,bicycle,electric_assist
2026-06-15T02:47:58Z,lime,lime:f776f67b7f08,51.91102,4.50139,False,False,bicycle,electric_assist
2026-06-15T02:47:58Z,lime,lime:8533f09da358,51.94458,4.48388,False,False,bicycle,electric_assist
2026-06-15T02:47:58Z,lime,lime:99e8e2a9b3ce,51.91354,4.50506,False,False,bicycle,electric_assist
2026-06-15T02:47:58Z,lime,lime:9058e382e7a4,51.94247,4.53789,False,False,bicycle,electric_assist
2026-06-15T02:47:58Z,lime,lime:51e6e85b6901,51.88057,4.53003,False,False,bicycle,electric_assist
2026-06-15T02:47:58Z,lime,lime:215ab4c4089f,51.90826,4.52129,False,False,bicycle,electric_assist
2026-06-15T02:47:58Z,lime,lime:15c27a1f9f82,51.92667,4.56061,False,False,bicycle,electric_assist
2026-06-15T02:47:58Z,lime,lime:98c4225a4447,51.9302,4.4979,False,False,bicycle,electric_assist
2026-06-15T02:47:58Z,lime,lime:748ab12472d1,51.92149,4.39483,False,False,bicycle,electric_assist
2026-06-15T02:47:58Z,lime,lime:704355f76eba,51.90633,4.45993,False,False,bicycle,electric_assist
2026-06-15T02:47:58Z,lime,lime:cfe7773764b5,51.90933,4.52354,False,False,bicycle,electric_assist
2026-06-15T02:47:58Z,lime,lime:f8132848edf0,51.95425,4.58404,False,False,bicycle,electric_assist
2026-06-15T02:47:58Z,lime,lime:922095696fb1,51.92327,4.37411,False,False,bicycle,electric_assist
2026-06-15T02:47:58Z,lime,lime:51fd2bcd650b,51.92754,4.45685,False,False,bicycle,electric_assist
2026-06-15T02:47:58Z,lime,lime:c98cf3059763,51.9276,4.49159,False,False,bicycle,electric_assist
2026-06-15T02:47:58Z,lime,lime:2edb13ea2e07,51.94393,4.48231,False,False,bicycle,electric_assist
2026-06-15T02:47:58Z,lime,lime:b6ce798bfd4e,51.88276,4.50427,False,False,bicycle,electric_assist
2026-06-15T02:47:58Z,lime,lime:105d93a15f5c,51.92223,4.47112,False,True,bicycle,electric_assist
2026-06-15T02:47:58Z,lime,lime:2c001cde9a20,51.93313,4.36668,False,False,bicycle,electric_assist
2026-06-15T02:47:58Z,lime,lime:9bcd5d833e62,51.96048,4.53542,False,False,bicycle,electric_assist
2026-06-15T02:47:58Z,lime,lime:568faf63ebd4,51.93839,4.48333,False,False,bicycle,electric_assist
2026-06-15T02:47:58Z,lime,lime:b2ef659c62e3,51.90826,4.51998,False,False,bicycle,electric_assist
2026-06-15T02:47:58Z,lime,lime:33c2970b719e,51.89116,4.47949,False,False,bicycle,electric_assist
2026-06-15T02:47:58Z,lime,lime:86dd246776bf,51.88646,4.47203,False,False,bicycle,electric_assist
2026-06-15T02:47:58Z,lime,lime:c2cf39973c0e,51.90808,4.45186,False,False,bicycle,electric_assist
2026-06-15T02:47:58Z,lime,lime:a2e878737546,51.91002,4.45232,False,False,bicycle,electric_assist
2026-06-15T02:47:58Z,lime,lime:ea5ad337f601,51.89065,4.51883,False,False,bicycle,electric_assist
2026-06-15T02:47:58Z,lime,lime:cc3ad9d48720,51.89223,4.47144,False,False,bicycle,electric_assist
2026-06-15T02:47:58Z,lime,lime:8392902929c4,51.91855,4.51023,False,False,bicycle,electric_assist
2026-06-15T02:47:58Z,lime,lime:1848cc468d85,51.90895,4.40016,False,False,bicycle,electric_assist
2026-06-15T02:47:58Z,lime,lime:e749ef8f4335,51.93287,4.47969,False,False,bicycle,electric_assist
2026-06-15T02:47:58Z,lime,lime:6c1d6c2af966,51.95656,4.47438,False,False,bicycle,electric_assist
2026-06-15T02:47:58Z,lime,lime:353615409ffd,51.88957,4.50692,False,False,bicycle,electric_assist
2026-06-15T02:47:58Z,lime,lime:b751f9b0fe83,51.91712,4.46084,False,False,bicycle,electric_assist
2026-06-15T02:47:58Z,lime,lime:675193f73cd9,51.9093,4.52355,False,False,bicycle,electric_assist
2026-06-15T02:47:58Z,lime,lime:3f72e4099492,51.9232,4.4969,False,False,bicycle,electric_assist
2026-06-15T02:47:58Z,lime,lime:6dfb69403dd7,51.90452,4.41413,False,False,bicycle,electric_assist
2026-06-15T02:47:58Z,lime,lime:168969e8ef2d,51.92339,4.51183,False,False,bicycle,electric_assist
2026-06-15T02:47:58Z,lime,lime:b786f2b7efae,51.89218,4.4693,False,False,bicycle,electric_assist
2026-06-15T02:47:58Z,lime,lime:057e5747d12f,51.96486,4.47417,False,False,bicycle,electric_assist
2026-06-15T02:47:58Z,lime,lime:db9ba74d4332,51.95636,4.54653,False,False,bicycle,electric_assist
2026-06-15T02:47:58Z,lime,lime:282fbb900cbd,51.92914,4.50534,False,False,bicycle,electric_assist
2026-06-15T02:47:58Z,lime,lime:07907507a40a,51.87724,4.49477,False,False,bicycle,electric_assist
2026-06-15T02:47:58Z,lime,lime:2ee8668e5531,51.93048,4.49641,False,False,bicycle,electric_assist
2026-06-15T02:47:58Z,lime,lime:51c70ec38586,51.932,4.50772,False,False,bicycle,electric_assist
2026-06-15T02:47:58Z,lime,lime:7d073f17981e,51.91092,4.49262,False,False,bicycle,electric_assist
2026-06-15T02:47:58Z,lime,lime:f81c884d5d69,51.91491,4.55295,False,False,bicycle,electric_assist
2026-06-15T02:47:58Z,lime,lime:20dfbaed9b79,51.94526,4.55503,False,False,bicycle,electric_assist
2026-06-15T02:47:58Z,lime,lime:b7a3e52554dc,51.90463,4.45193,False,False,bicycle,electric_assist
2026-06-15T02:47:58Z,lime,lime:f4e14a1a729a,51.90515,4.45558,True,False,bicycle,electric_assist
2026-06-15T02:47:58Z,lime,lime:8ef2a4827544,51.94466,4.39634,False,False,bicycle,electric_assist
2026-06-15T02:47:58Z,lime,lime:b24c360030f2,51.92284,4.50851,False,False,bicycle,electric_assist
2026-06-15T02:47:58Z,lime,lime:46503eea68ae,51.89349,4.51722,False,False,bicycle,electric_assist
2026-06-15T02:47:58Z,lime,lime:01b7bcb4c764,51.90192,4.49701,False,False,bicycle,electric_assist
2026-06-15T02:47:58Z,lime,lime:acc8ca7556ba,51.90936,4.50806,False,False,bicycle,electric_assist
2026-06-15T02:47:58Z,lime,lime:9c85a44eba46,51.91179,4.4089,False,False,bicycle,electric_assist
2026-06-15T02:47:58Z,lime,lime:17c5281323a8,51.97823,4.4391,False,True,bicycle,electric_assist
2026-06-15T02:47:58Z,lime,lime:e771d071e314,51.96333,4.55439,False,True,bicycle,electric_assist
2026-06-15T02:47:58Z,lime,lime:5965c791eaed,51.91406,4.45633,False,False,bicycle,electric_assist
2026-06-15T02:47:58Z,lime,lime:8265b759e41a,51.90936,4.47144,False,False,bicycle,electric_assist
2026-06-15T02:47:58Z,lime,lime:d7e234c56030,51.96198,4.51554,False,False,bicycle,electric_assist
2026-06-15T02:47:58Z,lime,lime:e4609e3b45e5,51.92016,4.41202,False,False,bicycle,electric_assist
2026-06-15T02:47:58Z,lime,lime:808a473befcc,51.89164,4.46526,False,False,bicycle,electric_assist
2026-06-15T02:47:58Z,lime,lime:602a3b24445e,51.91336,4.50589,False,False,bicycle,electric_assist
2026-06-15T02:47:58Z,lime,lime:78ec8f55583d,51.90876,4.44285,False,False,bicycle,electric_assist
2026-06-15T02:47:58Z,lime,lime:56a506415712,51.91541,4.46288,False,False,bicycle,electric_assist
2026-06-15T02:47:58Z,lime,lime:d69661bcecc4,51.92022,4.49791,True,False,bicycle,electric_assist
2026-06-15T02:47:58Z,lime,lime:2935659b6997,51.91278,4.45772,False,False,bicycle,electric_assist
2026-06-15T02:47:58Z,lime,lime:651107538c2d,51.94184,4.54644,False,False,bicycle,electric_assist
2026-06-15T02:47:58Z,lime,lime:4adc7d19fc7d,51.93584,4.49064,False,False,bicycle,electric_assist
2026-06-15T02:47:58Z,lime,lime:ae5778dfdca8,51.91427,4.4588,False,False,bicycle,electric_assist
2026-06-15T02:47:58Z,lime,lime:950c9f8c928b,51.92932,4.4696,False,False,bicycle,electric_assist
2026-06-15T02:47:58Z,lime,lime:8a5e4f36ec86,51.93847,4.54342,False,False,bicycle,electric_assist
2026-06-15T02:47:58Z,lime,lime:8a94ce12b6fc,51.92874,4.50175,False,False,bicycle,electric_assist
2026-06-15T02:47:58Z,lime,lime:fc87549f018e,51.91115,4.44025,False,False,bicycle,electric_assist
2026-06-15T02:47:58Z,lime,lime:583fb8387e18,51.90935,4.50802,False,False,bicycle,electric_assist
2026-06-15T02:47:58Z,lime,lime:8334991225eb,51.90772,4.3966,False,False,bicycle,electric_assist
2026-06-15T02:47:58Z,lime,lime:94c9d5ec299b,51.91832,4.44817,False,False,bicycle,electric_assist
2026-06-15T02:47:58Z,lime,lime:47e5927e3fc0,51.93589,4.49267,False,False,bicycle,electric_assist
2026-06-15T02:47:58Z,lime,lime:1d0877ce082b,51.93576,4.46331,False,False,bicycle,electric_assist
2026-06-15T02:47:58Z,lime,lime:b02251dd79be,51.90382,4.46445,False,False,bicycle,electric_assist
2026-06-15T02:47:58Z,lime,lime:6068e3fc98e8,51.92189,4.4516,False,False,bicycle,electric_assist
2026-06-15T02:47:58Z,lime,lime:f0fa5a3544bd,51.93197,4.49787,False,False,bicycle,electric_assist
2026-06-15T02:47:58Z,lime,lime:e97767b74991,51.91005,4.45245,False,False,bicycle,electric_assist
2026-06-15T02:47:58Z,lime,lime:6fa697e7be8a,51.90931,4.52353,False,False,bicycle,electric_assist
2026-06-15T02:47:58Z,lime,lime:ab26d956d0b7,51.94182,4.54651,False,False,bicycle,electric_assist
2026-06-15T02:47:58Z,lime,lime:316feef749f4,51.9093,4.52354,False,False,bicycle,electric_assist
2026-06-15T02:47:58Z,lime,lime:e14b8c15b784,51.9165,4.48973,False,False,bicycle,electric_assist
2026-06-15T02:47:58Z,lime,lime:7183d201752a,51.93028,4.49299,False,False,bicycle,electric_assist
2026-06-15T02:47:58Z,lime,lime:08a5cb9cb7fb,51.92536,4.50137,False,False,bicycle,electric_assist
2026-06-15T02:47:58Z,lime,lime:7c69520fc174,51.9205,4.51057,False,False,bicycle,electric_assist
2026-06-15T02:47:58Z,lime,lime:bf1545d047c6,51.90231,4.49612,False,False,bicycle,electric_assist
2026-06-15T02:47:58Z,lime,lime:2d95579ee0c6,51.91429,4.45881,False,False,bicycle,electric_assist
2026-06-15T02:47:58Z,lime,lime:7ec98de96a9d,51.96326,4.54489,False,False,bicycle,electric_assist
2026-06-15T02:47:58Z,lime,lime:b106c7e18082,51.91939,4.53775,False,False,bicycle,electric_assist
2026-06-15T02:47:58Z,lime,lime:044bfc696484,51.89422,4.49148,False,False,bicycle,electric_assist
2026-06-15T02:47:58Z,lime,lime:562469d6fd7e,51.91951,4.51289,False,False,bicycle,electric_assist
2026-06-15T02:47:58Z,lime,lime:80c50cb5195f,51.93938,4.5373,False,False,bicycle,electric_assist
2026-06-15T02:47:58Z,lime,lime:fbedf994ce20,51.92728,4.49976,False,False,bicycle,electric_assist
2026-06-15T02:47:58Z,lime,lime:4df070a723b1,51.92256,4.50316,False,False,bicycle,electric_assist
2026-06-15T02:47:58Z,lime,lime:44add7a5eb1e,51.90936,4.50809,False,False,bicycle,electric_assist
2026-06-15T02:47:58Z,lime,lime:a01960b38694,51.93549,4.46266,False,False,bicycle,electric_assist
2026-06-15T02:47:58Z,lime,lime:5f77760e126d,51.93537,4.45839,False,False,bicycle,electric_assist
2026-06-15T02:47:58Z,lime,lime:8a13eddb2f9b,51.91453,4.46162,False,False,bicycle,electric_assist
2026-06-15T02:47:58Z,lime,lime:f46358ea1628,51.92234,4.4088,False,False,bicycle,electric_assist
2026-06-15T02:47:58Z,lime,lime:9274cc4707a3,51.88634,4.54941,False,False,bicycle,electric_assist
2026-06-15T02:47:58Z,lime,lime:5d90f1827ea0,51.94476,4.52703,False,False,bicycle,electric_assist
2026-06-15T02:47:58Z,lime,lime:629ca3c08e38,51.92157,4.50709,False,False,bicycle,electric_assist
2026-06-15T02:47:58Z,lime,lime:c969df94a09a,51.92109,4.55917,False,False,bicycle,electric_assist
2026-06-15T02:47:58Z,lime,lime:03218ab40df1,51.89154,4.49122,False,False,bicycle,electric_assist
2026-06-15T02:47:58Z,lime,lime:c8b16f8ed6db,51.95382,4.52013,False,False,bicycle,electric_assist
2026-06-15T02:47:58Z,lime,lime:73359652ac42,51.9343,4.45926,True,False,bicycle,electric_assist
2026-06-15T02:47:58Z,lime,lime:e1d4c91872bd,51.90412,4.44457,False,False,bicycle,electric_assist
2026-06-15T02:47:58Z,lime,lime:ca93f277296a,51.91366,4.4596,False,False,bicycle,electric_assist
2026-06-15T02:47:58Z,lime,lime:a4cd5725aaea,51.89079,4.48386,False,False,bicycle,electric_assist
2026-06-15T02:47:58Z,lime,lime:f58a42aa11d5,51.91147,4.47862,False,False,bicycle,electric_assist
2026-06-15T02:47:58Z,lime,lime:ef4f686c5c7e,51.92972,4.47988,False,False,bicycle,electric_assist
2026-06-15T02:47:58Z,lime,lime:8c03307ca4b2,51.87488,4.46809,False,False,bicycle,electric_assist
2026-06-15T02:47:58Z,lime,lime:adc55a3dea9c,51.92019,4.44358,False,False,bicycle,electric_assist
2026-06-15T02:47:58Z,lime,lime:54f1903b46d1,51.91668,4.52791,False,False,bicycle,electric_assist
2026-06-15T02:47:58Z,lime,lime:07106e67c97a,51.91319,4.46034,False,False,bicycle,electric_assist
2026-06-15T02:47:58Z,lime,lime:dcb8259db06c,51.88539,4.47804,False,False,bicycle,electric_assist
2026-06-15T02:47:58Z,lime,lime:3998aa52bc10,51.89431,4.49046,False,False,bicycle,electric_assist
2026-06-15T02:47:58Z,lime,lime:e55c62679499,51.91185,4.3836,False,False,bicycle,electric_assist
2026-06-15T02:47:58Z,lime,lime:2ccb713e56f1,51.92477,4.51704,False,False,bicycle,electric_assist
2026-06-15T02:47:58Z,lime,lime:842a746f9b77,51.9008,4.49837,False,False,bicycle,electric_assist
2026-06-15T02:47:58Z,lime,lime:43e067266c8c,51.9194,4.45149,False,False,bicycle,electric_assist
2026-06-15T02:47:58Z,lime,lime:ae60b3377062,51.90761,4.52324,False,False,bicycle,electric_assist
2026-06-15T02:47:58Z,lime,lime:4314a30f3e2d,51.95856,4.48824,False,False,bicycle,electric_assist
2026-06-15T02:47:58Z,lime,lime:91ed25e63e48,51.91573,4.38501,False,False,bicycle,electric_assist
2026-06-15T02:47:58Z,lime,lime:d982b9c3939e,51.93747,4.46346,False,False,bicycle,electric_assist
2026-06-15T02:47:58Z,lime,lime:c956e124ee9c,51.88267,4.52117,False,False,bicycle,electric_assist
2026-06-15T02:47:58Z,lime,lime:cc829c46d5ec,51.89997,4.47848,False,False,bicycle,electric_assist
2026-06-15T02:47:58Z,lime,lime:3eebc0252dd9,51.92154,4.51275,False,False,bicycle,electric_assist
2026-06-15T02:47:58Z,lime,lime:8efae7bd014f,51.89971,4.49577,False,False,bicycle,electric_assist
2026-06-15T02:47:58Z,lime,lime:b10e341db366,51.93085,4.51299,False,False,bicycle,electric_assist
2026-06-15T02:47:58Z,lime,lime:cd932f25fe14,51.91147,4.47823,False,False,bicycle,electric_assist
2026-06-15T02:47:58Z,lime,lime:0eba07588b00,51.93477,4.46412,False,False,bicycle,electric_assist
2026-06-15T02:47:58Z,lime,lime:d09ee6d1ab89,51.89963,4.49596,False,False,bicycle,electric_assist
2026-06-15T02:47:58Z,lime,lime:2cd4c4324f52,51.93272,4.50706,False,False,bicycle,electric_assist
2026-06-15T02:47:58Z,lime,lime:3d8d060f900c,51.90933,4.48261,False,False,bicycle,electric_assist
2026-06-15T02:47:58Z,lime,lime:501dea72f1b7,51.95636,4.47139,False,False,bicycle,electric_assist
2026-06-15T02:47:58Z,lime,lime:ce682106cb0a,51.93013,4.49773,False,False,bicycle,electric_assist
2026-06-15T02:47:58Z,lime,lime:21042a56b58b,51.90686,4.3856,False,False,bicycle,electric_assist
2026-06-15T02:47:58Z,lime,lime:9a8262eaeb88,51.93617,4.46816,False,False,bicycle,electric_assist
2026-06-15T02:47:58Z,lime,lime:c7554c5aaca6,51.88832,4.4719,False,False,bicycle,electric_assist
2026-06-15T02:47:58Z,lime,lime:0a0e6ed0cda2,51.92347,4.38615,False,False,bicycle,electric_assist
2026-06-15T02:47:58Z,lime,lime:6f2ab279f197,51.93857,4.47958,False,False,bicycle,electric_assist
2026-06-15T02:47:58Z,lime,lime:03e9699cdfe9,51.91971,4.51139,False,False,bicycle,electric_assist
2026-06-15T02:47:58Z,lime,lime:f0c8dd3c1feb,51.91626,4.41197,False,False,bicycle,electric_assist
2026-06-15T02:47:58Z,lime,lime:2ba4a24e3f41,51.90631,4.45964,False,False,bicycle,electric_assist
2026-06-15T02:47:58Z,lime,lime:40894a2953ed,51.89117,4.47952,False,False,bicycle,electric_assist
2026-06-15T02:47:58Z,lime,lime:1e80679c4e7f,51.92391,4.52998,False,False,bicycle,electric_assist
2026-06-15T02:47:58Z,lime,lime:f859db91fdb8,51.9081,4.37259,False,False,bicycle,electric_assist
2026-06-15T02:47:58Z,lime,lime:14daa2ac4cef,51.91364,4.54613,False,False,bicycle,electric_assist
2026-06-15T02:47:58Z,lime,lime:85701be4979a,51.90731,4.48989,False,True,bicycle,electric_assist
2026-06-15T02:47:58Z,lime,lime:89c7dedd3713,51.90956,4.52131,False,False,bicycle,electric_assist
2026-06-15T02:47:58Z,lime,lime:7e1e845bf7bc,51.92207,4.46409,False,False,bicycle,electric_assist
2026-06-15T02:47:58Z,lime,lime:1a6f337f6e32,51.93012,4.48036,False,False,bicycle,electric_assist
2026-06-15T02:47:58Z,lime,lime:b28556e0b249,51.88411,4.45819,False,False,bicycle,electric_assist
2026-06-15T02:47:58Z,lime,lime:17269662b283,51.90227,4.49612,False,False,bicycle,electric_assist
2026-06-15T02:47:58Z,lime,lime:9f25f18ef3d9,51.91886,4.49395,False,False,bicycle,electric_assist
2026-06-15T02:47:58Z,lime,lime:93cba878ff91,51.91947,4.51253,False,False,bicycle,electric_assist
2026-06-15T02:47:58Z,lime,lime:0ef075677053,51.93556,4.48608,False,False,bicycle,electric_assist
2026-06-15T02:47:58Z,lime,lime:9ed2f0df66f5,51.92252,4.40904,False,False,bicycle,electric_assist
2026-06-15T02:47:58Z,lime,lime:b04242e23585,51.91863,4.51152,False,False,bicycle,electric_assist
2026-06-15T02:47:58Z,lime,lime:6e9f4d158713,51.90724,4.48968,False,False,bicycle,electric_assist
2026-06-15T02:47:58Z,lime,lime:b9f7a30c4887,51.90714,4.48945,False,False,bicycle,electric_assist
2026-06-15T02:47:58Z,lime,lime:14b4d2be6b5b,51.92282,4.4022,False,False,bicycle,electric_assist
2026-06-15T02:47:58Z,lime,lime:da266bc4d011,51.90191,4.45775,False,False,bicycle,electric_assist
2026-06-15T02:47:58Z,lime,lime:8f79fac64e04,51.93224,4.46418,False,False,bicycle,electric_assist
2026-06-15T02:47:58Z,lime,lime:5636eacad1f3,51.9556,4.50602,False,False,bicycle,electric_assist
2026-06-15T02:47:58Z,lime,lime:fb9d5825da81,51.96196,4.48842,False,False,bicycle,electric_assist
2026-06-15T02:47:58Z,lime,lime:a034bdd9f102,51.9278,4.47421,False,False,bicycle,electric_assist
2026-06-15T02:47:58Z,lime,lime:3fcae21a7a26,51.96268,4.47291,False,False,bicycle,electric_assist
2026-06-15T02:47:58Z,lime,lime:49d144370aa0,51.9157,4.501,False,False,bicycle,electric_assist
2026-06-15T02:47:58Z,lime,lime:67dc615ea414,51.91736,4.42042,False,False,bicycle,electric_assist
2026-06-15T02:47:58Z,lime,lime:fa8971b6f6ed,51.91002,4.45238,False,False,bicycle,electric_assist
2026-06-15T02:47:58Z,lime,lime:c24f4f73edef,51.91786,4.44507,False,False,bicycle,electric_assist
2026-06-15T02:47:58Z,lime,lime:89baf8c69d9a,51.90922,4.52356,False,False,bicycle,electric_assist
2026-06-15T02:47:58Z,lime,lime:fd37e0c7b18c,51.93534,4.46187,False,False,bicycle,electric_assist
2026-06-15T02:47:58Z,lime,lime:453d2a990e78,51.89212,4.56962,False,False,bicycle,electric_assist
2026-06-15T02:47:58Z,lime,lime:39f1ca91c548,51.93239,4.43871,False,False,bicycle,electric_assist
2026-06-15T02:47:58Z,lime,lime:2b4a2db24373,51.95128,4.5155,False,False,bicycle,electric_assist
2026-06-15T02:47:58Z,lime,lime:2bcafa923b4c,51.93516,4.4727,False,False,bicycle,electric_assist
2026-06-15T02:47:58Z,lime,lime:c977f9a70741,51.90582,4.40626,False,False,bicycle,electric_assist
2026-06-15T02:47:58Z,lime,lime:b040d2b45031,51.91467,4.41233,False,False,bicycle,electric_assist
2026-06-15T02:47:58Z,lime,lime:8201cf30d839,51.90446,4.46046,False,False,bicycle,electric_assist
2026-06-15T02:47:58Z,lime,lime:a6e413d9b93d,51.90709,4.45416,False,False,bicycle,electric_assist
2026-06-15T02:47:58Z,lime,lime:c3272c16330d,51.93814,4.40433,False,False,bicycle,electric_assist
2026-06-15T02:47:58Z,lime,lime:47fa279d6adb,51.90449,4.46049,False,False,bicycle,electric_assist
2026-06-15T02:47:58Z,lime,lime:5708994f26ea,51.94311,4.50044,False,False,bicycle,electric_assist
2026-06-15T02:47:58Z,lime,lime:00d05edb7282,51.91412,4.42241,False,False,bicycle,electric_assist
2026-06-15T02:47:58Z,lime,lime:c198d0d9128a,51.88188,4.48063,False,False,bicycle,electric_assist
2026-06-15T02:47:58Z,lime,lime:e623dbf4cd7c,51.88642,4.54947,False,False,bicycle,electric_assist
2026-06-15T02:47:58Z,lime,lime:7958a9d7a538,51.93274,4.47543,False,False,bicycle,electric_assist
2026-06-15T02:47:58Z,lime,lime:044d403dbcc5,51.90646,4.50572,False,False,bicycle,electric_assist
2026-06-15T02:47:58Z,lime,lime:23605c95beac,51.89737,4.46926,False,True,bicycle,electric_assist
2026-06-15T02:47:58Z,lime,lime:379e87fec289,51.93435,4.47487,False,False,bicycle,electric_assist
2026-06-15T02:47:58Z,lime,lime:c6882ef12b37,51.9034,4.46371,False,False,bicycle,electric_assist
2026-06-15T02:47:58Z,lime,lime:ee94812b0811,51.93088,4.51301,False,False,bicycle,electric_assist
2026-06-15T02:47:58Z,lime,lime:1619a20655fb,51.92258,4.38258,False,False,bicycle,electric_assist
2026-06-15T02:47:58Z,lime,lime:84408d06ac0c,51.91709,4.46082,False,False,bicycle,electric_assist
2026-06-15T02:47:58Z,lime,lime:654fa9a40da4,51.93105,4.49113,False,False,bicycle,electric_assist
2026-06-15T02:47:58Z,lime,lime:2ede3941d68b,51.91359,4.54613,False,False,bicycle,electric_assist
2026-06-15T02:47:58Z,lime,lime:4c11feb6e548,51.9641,4.55844,False,False,bicycle,electric_assist
2026-06-15T02:47:58Z,lime,lime:2c8d83253c39,51.91426,4.49613,False,False,bicycle,electric_assist
2026-06-15T02:47:58Z,lime,lime:a40ff663a1f7,51.91104,4.50443,False,False,bicycle,electric_assist
2026-06-15T02:47:58Z,lime,lime:ad83c3345bb6,51.94443,4.47895,False,False,bicycle,electric_assist
2026-06-15T02:47:58Z,lime,lime:ab32d1406e0e,51.93692,4.47432,False,False,bicycle,electric_assist
2026-06-15T02:47:58Z,lime,lime:5fd017e07cd4,51.91946,4.37835,False,False,bicycle,electric_assist
2026-06-15T02:47:58Z,lime,lime:9d43aa6a8110,51.90934,4.47143,False,False,bicycle,electric_assist
2026-06-15T02:47:58Z,lime,lime:78161330b259,51.92494,4.52933,False,False,bicycle,electric_assist
2026-06-15T02:47:58Z,lime,lime:70c64246d8c5,51.92937,4.48995,False,False,bicycle,electric_assist
2026-06-15T02:47:58Z,lime,lime:b9aa2423d1a2,51.90222,4.49604,False,False,bicycle,electric_assist
2026-06-15T02:47:58Z,lime,lime:9f815dd72062,51.96043,4.53526,False,False,bicycle,electric_assist
2026-06-15T02:47:58Z,lime,lime:4a37b95f02b8,51.92162,4.51256,False,False,bicycle,electric_assist
2026-06-15T02:47:58Z,lime,lime:7fcd5481fe31,51.89026,4.47385,False,False,bicycle,electric_assist
2026-06-15T02:47:58Z,lime,lime:940edccb9981,51.93567,4.49805,False,False,bicycle,electric_assist
2026-06-15T02:47:58Z,lime,lime:b09724f58573,51.92367,4.52967,False,False,bicycle,electric_assist
2026-06-15T02:47:58Z,lime,lime:59b6f11c4b24,51.91645,4.44784,False,False,bicycle,electric_assist
2026-06-15T02:47:58Z,lime,lime:ba79a32184e6,51.90598,4.40824,False,False,bicycle,electric_assist
2026-06-15T02:47:58Z,lime,lime:4e1a0f6c40b1,51.87485,4.46798,False,False,bicycle,electric_assist
2026-06-15T02:47:58Z,lime,lime:35b936a6608a,51.91501,4.45247,False,False,bicycle,electric_assist
2026-06-15T02:47:58Z,lime,lime:51c0dab3de1e,51.93701,4.55228,False,False,bicycle,electric_assist
2026-06-15T02:47:58Z,lime,lime:19f05d33bb0d,51.91183,4.46617,True,False,bicycle,electric_assist
2026-06-15T02:47:58Z,lime,lime:0d801e8e0a6c,51.89646,4.49419,False,False,bicycle,electric_assist
2026-06-15T02:47:58Z,lime,lime:85c5abc50bc5,51.91003,4.45225,False,False,bicycle,electric_assist
2026-06-15T02:47:58Z,lime,lime:c534d1b8e483,51.92283,4.50862,False,False,bicycle,electric_assist
2026-06-15T02:47:58Z,lime,lime:c5b9a4b32c0f,51.92651,4.42592,False,False,bicycle,electric_assist
2026-06-15T02:47:58Z,lime,lime:20218f6bff64,51.91829,4.38596,False,False,bicycle,electric_assist
2026-06-15T02:47:58Z,lime,lime:fa6dd3604db8,51.93801,4.47268,False,False,bicycle,electric_assist
2026-06-15T02:47:58Z,lime,lime:d0870f41a63a,51.91218,4.55682,False,False,bicycle,electric_assist
2026-06-15T02:47:58Z,lime,lime:375f61bbc417,51.91531,4.44017,False,False,bicycle,electric_assist
2026-06-15T02:47:58Z,lime,lime:8cb83d28ee75,51.93495,4.37816,False,False,bicycle,electric_assist
2026-06-15T02:47:58Z,lime,lime:40d94a969d9f,51.96909,4.54606,False,False,bicycle,electric_assist
2026-06-15T02:47:58Z,lime,lime:cc22e8587bc9,51.94834,4.51079,False,False,bicycle,electric_assist
2026-06-15T02:47:58Z,lime,lime:3c503a713df6,51.92955,4.50206,False,False,bicycle,electric_assist
2026-06-15T02:47:58Z,lime,lime:070f3e9bd998,51.93227,4.46408,False,False,bicycle,electric_assist
2026-06-15T02:47:58Z,lime,lime:c294b0a71c44,51.91001,4.50533,False,False,bicycle,electric_assist
2026-06-15T02:47:58Z,lime,lime:8586988d6119,51.91236,4.48386,False,False,bicycle,electric_assist
2026-06-15T02:47:58Z,lime,lime:9bf2d8ab80c8,51.93614,4.46861,False,False,bicycle,electric_assist
2026-06-15T02:47:58Z,lime,lime:2bc0a40f859b,51.90012,4.49906,False,False,bicycle,electric_assist
2026-06-15T02:47:58Z,lime,lime:e4ee68f620f8,51.95567,4.463,False,False,bicycle,electric_assist
2026-06-15T02:47:58Z,lime,lime:00e4da8de0f9,51.88952,4.50013,False,False,bicycle,electric_assist
2026-06-15T02:47:58Z,lime,lime:3c8a2b981a7d,51.90927,4.52354,False,False,bicycle,electric_assist
2026-06-15T02:47:58Z,lime,lime:344d4477ceb5,51.88807,4.46383,False,False,bicycle,electric_assist
2026-06-15T02:47:58Z,lime,lime:589ab62527b2,51.93053,4.45837,False,False,bicycle,electric_assist
2026-06-15T02:47:58Z,lime,lime:f82cf27a5869,51.92288,4.52525,False,False,bicycle,electric_assist
2026-06-15T02:47:58Z,lime,lime:d33b229ee980,51.88711,4.49151,False,False,bicycle,electric_assist
2026-06-15T02:47:58Z,lime,lime:ace7bca69c7a,51.9093,4.52355,False,False,bicycle,electric_assist
2026-06-15T02:47:58Z,lime,lime:adf8d9a88201,51.9447,4.39636,False,False,bicycle,electric_assist
2026-06-15T02:47:58Z,lime,lime:aeff2246f573,51.94991,4.51429,False,False,bicycle,electric_assist
2026-06-15T02:47:58Z,lime,lime:0a9df9d82b79,51.90929,4.52356,False,False,bicycle,electric_assist
2026-06-15T02:47:58Z,lime,lime:e4bbd888e643,51.91177,4.46616,False,False,bicycle,electric_assist
2026-06-15T02:47:58Z,lime,lime:709f9e9909d7,51.93746,4.46341,False,False,bicycle,electric_assist
2026-06-15T02:47:58Z,lime,lime:8be21ff29269,51.90646,4.50573,False,False,bicycle,electric_assist
2026-06-15T02:47:58Z,lime,lime:5b15e333a273,51.91529,4.43539,False,False,bicycle,electric_assist
2026-06-15T02:47:58Z,lime,lime:33d10bbe3224,51.89323,4.51637,False,False,bicycle,electric_assist
2026-06-15T02:47:58Z,lime,lime:ed9bbe0c714a,51.9195,4.5129,False,False,bicycle,electric_assist
2026-06-15T02:47:58Z,lime,lime:099879bf0ba2,51.93765,4.47158,False,False,bicycle,electric_assist
2026-06-15T02:47:58Z,lime,lime:76668e841f02,51.9116,4.47855,False,False,bicycle,electric_assist
2026-06-15T02:47:58Z,lime,lime:a245cd2dc182,51.93025,4.4837,False,False,bicycle,electric_assist
2026-06-15T02:47:58Z,lime,lime:b478c93093d9,51.93646,4.46278,False,False,bicycle,electric_assist
2026-06-15T02:47:58Z,lime,lime:b4dc1e4219b8,51.92156,4.50715,False,False,bicycle,electric_assist
2026-06-15T02:47:58Z,lime,lime:62d3918346e7,51.9227,4.42721,False,False,bicycle,electric_assist
2026-06-15T02:47:58Z,lime,lime:017db21d5551,51.93576,4.46341,False,False,bicycle,electric_assist
2026-06-15T02:47:58Z,lime,lime:a1622364240e,51.90454,4.40012,False,False,bicycle,electric_assist
2026-06-15T02:47:58Z,lime,lime:2cd743d43f72,51.91388,4.50207,False,False,bicycle,electric_assist
2026-06-15T02:47:58Z,lime,lime:914612714ebe,51.91172,4.44873,False,False,bicycle,electric_assist
2026-06-15T02:47:58Z,lime,lime:fc817f4ca8f0,51.93061,4.49656,False,False,bicycle,electric_assist
2026-06-15T02:47:58Z,lime,lime:1130a41b8404,51.92251,4.50315,False,False,bicycle,electric_assist
2026-06-15T02:47:58Z,lime,lime:9000cd6d845a,51.90522,4.44413,False,False,bicycle,electric_assist
2026-06-15T02:47:58Z,lime,lime:b7f14c700ddd,51.92763,4.47258,False,False,bicycle,electric_assist
2026-06-15T02:47:58Z,check,check:baa1290ed616,51.917118,4.523326,False,False,bicycle,electric_assist
2026-06-15T02:47:58Z,check,check:a29e27eea664,51.886273,4.549328,False,False,bicycle,electric_assist
2026-06-15T02:47:58Z,check,check:bc756431e246,51.91331,4.417607,False,True,bicycle,electric_assist
2026-06-15T02:47:58Z,check,check:a639ae4ec951,51.913339,4.417767,False,True,bicycle,electric_assist
2026-06-15T02:47:58Z,check,check:42970891a236,51.95768,4.501654,False,False,bicycle,electric_assist
2026-06-15T02:47:58Z,check,check:605c7b41a09b,51.942487,4.480703,False,False,bicycle,electric_assist
2026-06-15T02:47:58Z,check,check:c2693213a821,51.913335,4.417782,False,True,bicycle,electric_assist
2026-06-15T02:47:58Z,check,check:93295ce41815,51.905012,4.440156,False,False,bicycle,electric_assist
2026-06-15T02:47:58Z,check,check:73c66ecab6fc,51.910223,4.424704,False,True,bicycle,electric_assist
2026-06-15T02:47:58Z,check,check:c277e884552e,51.908469,4.496959,False,False,bicycle,electric_assist
2026-06-15T02:47:58Z,check,check:79b17a17603c,51.886281,4.549252,False,False,bicycle,electric_assist
2026-06-15T02:47:58Z,check,check:c0b9a2e2be30,51.874256,4.523103,False,False,bicycle,electric_assist
2026-06-15T02:47:58Z,check,check:b2efd60607dd,51.922873,4.518659,False,False,bicycle,electric_assist
2026-06-15T02:47:58Z,check,check:d3e162c5d80b,51.934583,4.413943,False,False,bicycle,electric_assist
2026-06-15T02:47:58Z,check,check:6d040eac6284,51.900702,4.476306,False,False,bicycle,electric_assist
2026-06-15T02:47:58Z,check,check:18b2c8f7496b,51.921632,4.507071,False,False,bicycle,electric_assist
2026-06-15T02:47:58Z,check,check:9e85700437bb,51.913352,4.417706,False,True,bicycle,electric_assist
2026-06-15T02:47:58Z,check,check:2e1c2accf04f,51.913315,4.417805,False,True,bicycle,electric_assist
2026-06-15T02:47:58Z,check,check:87e61fb60778,51.960552,4.477221,False,False,bicycle,electric_assist
2026-06-15T02:47:58Z,check,check:349641333672,51.93063,4.460072,False,False,bicycle,electric_assist
2026-06-15T02:47:58Z,check,check:64da966255bd,51.908385,4.492931,False,True,bicycle,electric_assist
2026-06-15T02:47:58Z,check,check:1f0663a4113c,51.959612,4.478937,False,False,bicycle,electric_assist
2026-06-15T02:47:58Z,check,check:8595ac997d8c,51.919704,4.513082,False,False,bicycle,electric_assist
2026-06-15T02:47:58Z,check,check:3449ab4dff43,51.92138,4.51083,False,False,bicycle,electric_assist
2026-06-15T02:47:58Z,check,check:5a71f79607e2,51.886295,4.54949,False,False,bicycle,electric_assist
2026-06-15T02:47:58Z,check,check:51946f3064dc,51.929944,4.45764,False,False,bicycle,electric_assist
2026-06-15T02:47:58Z,check,check:73e546414ba4,51.913357,4.417827,False,True,bicycle,electric_assist
2026-06-15T02:47:58Z,check,check:dc1bb6b62224,51.947167,4.485125,False,True,bicycle,electric_assist
2026-06-15T02:47:58Z,check,check:35aa5c40e78d,51.923303,4.512089,False,False,bicycle,electric_assist
2026-06-15T02:47:58Z,check,check:72b30d681d96,51.928022,4.465744,False,False,bicycle,electric_assist
2026-06-15T02:47:58Z,check,check:f8c33242fed6,51.922588,4.382626,False,False,bicycle,electric_assist
2026-06-15T02:47:58Z,check,check:8518d5c3824d,51.915091,4.431242,False,False,bicycle,electric_assist
2026-06-15T02:47:58Z,check,check:9834ecbe0422,51.894694,4.461954,False,True,bicycle,electric_assist
2026-06-15T02:47:58Z,check,check:e3a62563a7a7,51.93075,4.457947,False,True,bicycle,electric_assist
2026-06-15T02:47:58Z,check,check:9e2b7ff51421,51.88567,4.475249,False,False,bicycle,electric_assist
2026-06-15T02:47:58Z,check,check:e73582110bab,51.916996,4.52345,False,False,bicycle,electric_assist
2026-06-15T02:47:58Z,check,check:5c775679c3ff,51.870376,4.496226,False,False,bicycle,electric_assist
2026-06-15T02:47:58Z,check,check:35c31077c05a,51.943777,4.472647,False,False,bicycle,electric_assist
2026-06-15T02:47:58Z,check,check:1594e2ba6b64,51.913345,4.417802,False,True,bicycle,electric_assist
2026-06-15T02:47:58Z,check,check:31e51c9a817c,51.928138,4.490114,False,False,bicycle,electric_assist
2026-06-15T02:47:58Z,check,check:5afc22b24e02,51.911832,4.505562,False,False,bicycle,electric_assist
2026-06-15T02:47:58Z,check,check:d49022e7d937,51.945357,4.434244,False,False,bicycle,electric_assist
2026-06-15T02:47:58Z,check,check:2d3ce935ce83,51.908063,4.399931,False,False,bicycle,electric_assist
2026-06-15T02:47:58Z,check,check:31559a83e8bb,51.886334,4.549278,False,False,bicycle,electric_assist
2026-06-15T02:47:58Z,check,check:d223fddcec54,51.911243,4.524712,False,False,bicycle,electric_assist
2026-06-15T02:47:58Z,check,check:6c3123b6b609,51.913331,4.417776,False,True,bicycle,electric_assist
2026-06-15T02:47:58Z,check,check:554bb4e0ff75,51.96188,4.487058,False,False,bicycle,electric_assist
2026-06-15T02:47:58Z,check,check:04601595ea46,51.913334,4.417688,False,True,bicycle,electric_assist
2026-06-15T02:47:58Z,check,check:1ceb6d4d93ce,51.917287,4.461686,False,False,bicycle,electric_assist
2026-06-15T02:47:58Z,check,check:54b714cc12dd,51.905542,4.509587,False,False,bicycle,electric_assist
2026-06-15T02:47:58Z,check,check:af3a89a3444f,51.913335,4.417659,False,True,bicycle,electric_assist
2026-06-15T02:47:58Z,check,check:91e5b1f0234c,51.913335,4.417851,False,True,bicycle,electric_assist
2026-06-15T02:47:58Z,check,check:fd85bfae0f91,51.914381,4.440064,False,False,bicycle,electric_assist
2026-06-15T02:47:58Z,check,check:6560291d0074,51.9275,4.50359,False,False,bicycle,electric_assist
2026-06-15T02:47:58Z,check,check:cf8f12d97e14,51.921493,4.394811,False,False,bicycle,electric_assist
2026-06-15T02:47:58Z,check,check:8698b2636fa3,51.913355,4.417607,False,True,bicycle,electric_assist
2026-06-15T02:47:58Z,check,check:65cfa3f782cb,51.942887,4.547202,False,False,bicycle,electric_assist
2026-06-15T02:47:58Z,check,check:328a7bf05f52,51.964697,4.502115,False,False,bicycle,electric_assist
2026-06-15T02:47:58Z,check,check:ebe44ab98523,51.885742,4.531699,False,True,bicycle,electric_assist
2026-06-15T02:47:58Z,check,check:ddcee7f08b35,51.916166,4.52705,False,False,bicycle,electric_assist
2026-06-15T02:47:58Z,check,check:f817b636f855,51.936629,4.473921,False,False,bicycle,electric_assist
2026-06-15T02:47:58Z,check,check:e96ec6bc2585,51.91334,4.417735,False,True,bicycle,electric_assist
2026-06-15T02:47:58Z,check,check:351ad8cbb306,51.946932,4.548627,False,False,bicycle,electric_assist
2026-06-15T02:47:58Z,check,check:bb2b5b28f4c5,51.913339,4.417602,False,True,bicycle,electric_assist
2026-06-15T02:47:58Z,check,check:4ccc8cdcdd8f,51.964791,4.502101,False,False,bicycle,electric_assist
2026-06-15T02:47:58Z,check,check:5023946a3ea9,51.913347,4.41782,False,True,bicycle,electric_assist
2026-06-15T02:47:58Z,check,check:490f9af65c50,51.913348,4.417706,False,True,bicycle,electric_assist
2026-06-15T02:47:58Z,check,check:cb5943754e34,51.890636,4.514324,False,True,bicycle,electric_assist
2026-06-15T02:47:58Z,check,check:1834eb485de7,51.956482,4.495705,False,False,bicycle,electric_assist
2026-06-15T02:47:58Z,check,check:2149784cd302,51.928611,4.466596,False,False,bicycle,electric_assist
2026-06-15T02:47:58Z,check,check:96f696fce905,51.914872,4.474241,False,False,bicycle,electric_assist
2026-06-15T02:47:58Z,check,check:19866bf0c4fc,51.8969,4.523619,False,False,bicycle,electric_assist
2026-06-15T02:47:58Z,check,check:cfc4d782a0ca,51.934265,4.474824,False,False,bicycle,electric_assist
2026-06-15T02:47:58Z,check,check:b3f368de5236,51.874246,4.523056,False,False,bicycle,electric_assist
2026-06-15T02:47:58Z,check,check:9ca2b213fb78,51.925525,4.506171,False,False,bicycle,electric_assist
2026-06-15T02:47:58Z,check,check:28883e03713a,51.913452,4.461613,False,False,bicycle,electric_assist
2026-06-15T02:47:58Z,check,check:245dcc89b1ea,51.91617,4.527095,False,False,bicycle,electric_assist
2026-06-15T02:47:58Z,check,check:45bd0a7760b8,51.922444,4.503152,False,False,bicycle,electric_assist
2026-06-15T02:47:58Z,check,check:cb5ed4aca378,51.91331,4.417822,False,True,bicycle,electric_assist
2026-06-15T02:47:58Z,check,check:8a80404f100a,51.874813,4.484626,False,False,bicycle,electric_assist
2026-06-15T02:47:58Z,check,check:caa799d90c69,51.892372,4.53071,False,False,bicycle,electric_assist
2026-06-15T02:47:58Z,check,check:32cb052cbe5a,51.905608,4.509561,False,False,bicycle,electric_assist
2026-06-15T02:47:58Z,check,check:9d6b296f383b,51.931779,4.564109,False,False,bicycle,electric_assist
2026-06-15T02:47:58Z,check,check:e9f62f0c31be,51.874234,4.523105,False,False,bicycle,electric_assist
2026-06-15T02:47:58Z,check,check:88fcb58545af,51.893586,4.496245,False,False,bicycle,electric_assist
2026-06-15T02:47:58Z,check,check:a56e0aa2edad,51.913356,4.417808,False,True,bicycle,electric_assist
2026-06-15T02:47:58Z,check,check:df8689881158,51.934241,4.474875,False,False,bicycle,electric_assist
2026-06-15T02:47:58Z,check,check:f6e727b850a1,51.913356,4.417725,False,True,bicycle,electric_assist
2026-06-15T02:47:58Z,check,check:3a93b10395f3,51.892491,4.494963,False,False,bicycle,electric_assist
2026-06-15T02:47:58Z,check,check:69144b9838ae,51.897752,4.511264,False,False,bicycle,electric_assist
2026-06-15T02:47:58Z,check,check:35f868a281bd,51.913347,4.417769,False,True,bicycle,electric_assist
2026-06-15T02:47:58Z,check,check:ef5da6de5bdb,51.913355,4.417764,False,True,bicycle,electric_assist
2026-06-15T02:47:58Z,check,check:d9e26ed4e741,51.950622,4.518566,False,False,bicycle,electric_assist
2026-06-15T02:47:58Z,check,check:8c696473a8ea,51.905625,4.50951,False,False,bicycle,electric_assist
2026-06-15T02:47:58Z,check,check:a7454d2fe1c6,51.891006,4.509281,False,False,bicycle,electric_assist
2026-06-15T02:47:58Z,check,check:48f0dd80dc4f,51.918103,4.395382,False,False,bicycle,electric_assist
2026-06-15T02:47:58Z,check,check:eda9971a56a4,51.907252,4.473281,False,False,bicycle,electric_assist
2026-06-15T02:47:58Z,check,check:d6bd7694c94e,51.908339,4.4677,False,False,bicycle,electric_assist
2026-06-15T02:47:58Z,check,check:a9f0f219a589,51.913331,4.417749,False,True,bicycle,electric_assist
2026-06-15T02:47:58Z,check,check:00363be9e830,51.91334,4.417634,False,True,bicycle,electric_assist
2026-06-15T02:47:58Z,check,check:31e7c95d0da3,51.906802,4.448675,False,False,bicycle,electric_assist
2026-06-15T02:47:58Z,check,check:76af1e7a467e,51.935548,4.49304,False,False,bicycle,electric_assist
2026-06-15T02:47:58Z,check,check:fdd75bb8aae5,51.894338,4.490468,False,False,bicycle,electric_assist
2026-06-15T02:47:58Z,check,check:4a0534078092,51.94213,4.460608,False,True,bicycle,electric_assist
2026-06-15T02:47:58Z,check,check:804906b267e9,51.913346,4.41786,False,True,bicycle,electric_assist
2026-06-15T02:47:58Z,check,check:a1dcaaf20269,51.910984,4.523353,False,False,bicycle,electric_assist
2026-06-15T02:47:58Z,check,check:8b19779c7474,51.941839,4.546486,False,False,bicycle,electric_assist
2026-06-15T02:47:58Z,check,check:8c0cc3aa57b8,51.911354,4.524589,False,False,bicycle,electric_assist
2026-06-15T02:47:58Z,check,check:d4692d94dbd5,51.905038,4.440154,False,False,bicycle,electric_assist
2026-06-15T02:47:58Z,check,check:1cced706edc0,51.965544,4.504274,False,False,bicycle,electric_assist
2026-06-15T02:47:58Z,check,check:300b0b3d0226,51.913342,4.417687,False,True,bicycle,electric_assist
2026-06-15T02:47:58Z,check,check:619db89bc082,51.959554,4.506406,False,False,bicycle,electric_assist
2026-06-15T02:47:58Z,check,check:38b4a8895ba2,51.927295,4.509896,False,False,bicycle,electric_assist
2026-06-15T02:47:58Z,check,check:b9b765ff2a18,51.943633,4.474477,False,False,bicycle,electric_assist
2026-06-15T02:47:58Z,check,check:d0e322e165b7,51.913372,4.417657,False,True,bicycle,electric_assist
2026-06-15T02:47:58Z,check,check:0708ce24db44,51.94829,4.566534,False,False,bicycle,electric_assist
2026-06-15T02:47:58Z,check,check:aea1eecf5472,51.913375,4.417754,False,True,bicycle,electric_assist
2026-06-15T02:47:58Z,check,check:65c06243e782,51.913348,4.417823,False,True,bicycle,electric_assist
2026-06-15T02:47:58Z,check,check:535daeb820b0,51.910355,4.375241,False,False,bicycle,electric_assist
2026-06-15T02:47:58Z,check,check:3e6095cac415,51.873483,4.466285,False,True,bicycle,electric_assist
2026-06-15T02:47:58Z,check,check:3360accedfa6,51.89031,4.470985,False,False,bicycle,electric_assist
2026-06-15T02:47:58Z,check,check:6c2a34199745,51.917208,4.523388,False,False,bicycle,electric_assist
2026-06-15T02:47:58Z,check,check:ba5f63013ac1,51.878388,4.536419,False,True,bicycle,electric_assist
2026-06-15T02:47:58Z,check,check:685bd51d2300,51.91721,4.523408,False,False,bicycle,electric_assist
2026-06-15T02:47:58Z,check,check:c1be0ce37add,51.890845,4.508332,False,True,bicycle,electric_assist
2026-06-15T02:47:58Z,check,check:87bebc3a942e,51.96685,4.466639,False,False,bicycle,electric_assist
2026-06-15T02:47:58Z,check,check:2d8502820bde,51.917113,4.523304,False,False,bicycle,electric_assist
2026-06-15T02:47:58Z,check,check:38d3d36c82b0,51.963914,4.501336,False,False,bicycle,electric_assist
2026-06-15T02:47:58Z,check,check:d8634d148701,51.904637,4.485895,False,False,bicycle,electric_assist
2026-06-15T02:47:58Z,check,check:2ab3b66cb64d,51.892844,4.508339,False,False,bicycle,electric_assist
2026-06-15T02:47:58Z,check,check:03dd02df14ee,51.926123,4.517817,False,False,bicycle,electric_assist
2026-06-15T02:47:58Z,check,check:d4d731339e4e,51.944725,4.471127,False,False,bicycle,electric_assist
2026-06-15T02:47:58Z,check,check:e22bf98bb2ed,51.920709,4.408151,False,False,bicycle,electric_assist
2026-06-15T02:47:58Z,check,check:bd4f8d94cc77,51.935386,4.461966,False,False,bicycle,electric_assist
2026-06-15T02:47:58Z,check,check:869530d209bd,51.908566,4.481603,False,False,bicycle,electric_assist
2026-06-15T02:47:58Z,check,check:d609777ecaf1,51.957572,4.470139,False,False,bicycle,electric_assist
2026-06-15T02:47:58Z,check,check:23a712acc36c,51.871223,4.465969,False,False,bicycle,electric_assist
2026-06-15T02:47:58Z,check,check:6768de214f7e,51.957658,4.501691,False,False,bicycle,electric_assist
2026-06-15T02:47:58Z,check,check:00ff5ff3b4ad,51.900652,4.502706,False,False,bicycle,electric_assist
2026-06-15T02:47:58Z,check,check:9b50a83dee19,51.916052,4.415674,False,False,bicycle,electric_assist
2026-06-15T02:47:58Z,check,check:bbc2b5c4c2d3,51.906541,4.478348,False,False,bicycle,electric_assist
2026-06-15T02:47:58Z,check,check:5060e5eeb830,51.909302,4.449044,False,True,bicycle,electric_assist
2026-06-15T02:47:58Z,check,check:f54dc618ffce,51.911581,4.478508,False,True,bicycle,electric_assist
2026-06-15T02:47:58Z,check,check:78ea3ad2a0e2,51.965917,4.470594,False,False,bicycle,electric_assist
2026-06-15T02:47:58Z,check,check:04e9d46c592c,51.958128,4.509763,False,False,bicycle,electric_assist
2026-06-15T02:47:58Z,check,check:1fc9245fe7c0,51.924102,4.500862,False,False,bicycle,electric_assist
2026-06-15T02:47:58Z,check,check:8df1c92ec94a,51.912617,4.476253,False,False,bicycle,electric_assist
2026-06-15T02:47:58Z,check,check:bd1dccd7b4dd,51.917011,4.523395,False,False,bicycle,electric_assist
2026-06-15T02:47:58Z,check,check:8461b91ec9d4,51.874851,4.467936,False,False,bicycle,electric_assist
2026-06-15T02:47:58Z,check,check:a884b6a4d197,51.941317,4.53832,False,False,bicycle,electric_assist
2026-06-15T02:47:58Z,check,check:9da2b89570b3,51.913353,4.417686,False,True,bicycle,electric_assist
2026-06-15T02:47:58Z,check,check:4e7dbf20ef13,51.913321,4.417763,False,True,bicycle,electric_assist
2026-06-15T02:47:58Z,check,check:1e9cf09d95a1,51.930139,4.487218,False,True,bicycle,electric_assist
2026-06-15T02:47:58Z,check,check:fb20126a7146,51.908581,4.481555,False,False,bicycle,electric_assist
2026-06-15T02:47:58Z,check,check:4a959d796da7,51.913313,4.41773,False,True,bicycle,electric_assist
2026-06-15T02:47:58Z,check,check:f2d3658274bc,51.936411,4.49674,False,False,bicycle,electric_assist
2026-06-15T02:47:58Z,check,check:ed0f6e3552b5,51.93549,4.462478,False,False,bicycle,electric_assist
2026-06-15T02:47:58Z,check,check:30ac3250576d,51.886443,4.529132,False,False,bicycle,electric_assist
2026-06-15T02:47:58Z,check,check:8c24f14cb354,51.91336,4.41776,False,True,bicycle,electric_assist
2026-06-15T02:47:58Z,check,check:40c89e759be1,51.920981,4.559277,False,False,bicycle,electric_assist
2026-06-15T02:47:58Z,check,check:2f6760b7f3fe,51.91938,4.457693,False,False,bicycle,electric_assist
2026-06-15T02:47:58Z,check,check:8cce70d526bb,51.904482,4.460402,False,False,bicycle,electric_assist
2026-06-15T02:47:58Z,check,check:cdf7f79d115a,51.913313,4.417796,False,True,bicycle,electric_assist
2026-06-15T02:47:58Z,check,check:e2788dcb114b,51.871877,4.500119,False,False,bicycle,electric_assist
2026-06-15T02:47:58Z,check,check:07af7c7e2103,51.906773,4.523776,False,False,bicycle,electric_assist
2026-06-15T02:47:58Z,check,check:fd58b9051c52,51.91453,4.401907,False,False,bicycle,electric_assist
2026-06-15T02:47:58Z,check,check:528425d1c697,51.931506,4.499303,False,False,bicycle,electric_assist
2026-06-15T02:47:58Z,check,check:591bebfddf78,51.91335,4.417736,False,True,bicycle,electric_assist
2026-06-15T02:47:58Z,check,check:6e5b64377de7,51.9614,4.480242,False,False,bicycle,electric_assist
2026-06-15T02:47:58Z,check,check:ed751a54a659,51.913448,4.393717,False,False,bicycle,electric_assist
2026-06-15T02:47:58Z,check,check:87adcfe84bf7,51.891186,4.47948,False,False,bicycle,electric_assist
2026-06-15T02:47:58Z,check,check:f031bf42ee83,51.903891,4.509245,False,False,bicycle,electric_assist
2026-06-15T02:47:58Z,check,check:a4fe62f5cad1,51.91334,4.417781,False,True,bicycle,electric_assist
2026-06-15T02:47:58Z,check,check:69db71e56a6c,51.891379,4.511729,False,False,bicycle,electric_assist
2026-06-15T02:47:58Z,check,check:d93857515f5b,51.870043,4.471924,False,False,bicycle,electric_assist
2026-06-15T02:47:58Z,check,check:ead2f0420434,51.891872,4.496235,False,False,bicycle,electric_assist
2026-06-15T02:47:58Z,check,check:46c34f276818,51.913333,4.417821,False,True,bicycle,electric_assist
2026-06-15T02:47:58Z,check,check:6d85ead8a2b9,51.934519,4.432506,False,True,bicycle,electric_assist
2026-06-15T02:47:58Z,check,check:9e7644169659,51.910188,4.42478,False,True,bicycle,electric_assist
2026-06-15T02:47:58Z,check,check:671230765496,51.890563,4.465372,False,False,bicycle,electric_assist
2026-06-15T02:47:58Z,check,check:6cf0e3fac77b,51.957341,4.484474,False,False,bicycle,electric_assist
2026-06-15T02:47:58Z,check,check:c88a638bc9e6,51.913348,4.417856,False,True,bicycle,electric_assist
2026-06-15T02:47:58Z,check,check:25d580bd0968,51.920168,4.434383,False,False,bicycle,electric_assist
2026-06-15T02:47:58Z,check,check:db754a32fb67,51.888417,4.48759,False,False,bicycle,electric_assist
2026-06-15T02:47:58Z,check,check:e7208912b480,51.939805,4.484618,False,False,bicycle,electric_assist
2026-06-15T02:47:58Z,check,check:df5cbde43e64,51.92979,4.470089,False,False,bicycle,electric_assist
2026-06-15T02:47:58Z,check,check:26e67b2e6500,51.92346,4.512076,False,False,bicycle,electric_assist
2026-06-15T02:47:58Z,check,check:d1e1fa60e89d,51.893054,4.482232,False,False,bicycle,electric_assist
2026-06-15T02:47:58Z,check,check:1b2ce81815e4,51.87008,4.494276,False,False,bicycle,electric_assist
2026-06-15T02:47:58Z,check,check:0c46c8c54464,51.913356,4.41778,False,True,bicycle,electric_assist
2026-06-15T02:47:58Z,check,check:c4728047b5f6,51.917659,4.455769,False,False,bicycle,electric_assist
2026-06-15T02:47:58Z,check,check:33ab159baff5,51.91334,4.417727,False,True,bicycle,electric_assist
2026-06-15T02:47:58Z,check,check:eb731e15915a,51.889769,4.486702,False,False,bicycle,electric_assist
2026-06-15T02:47:58Z,check,check:68afca9a7fc6,51.905591,4.476096,False,False,bicycle,electric_assist
2026-06-15T02:47:58Z,check,check:364c0e7e624c,51.960764,4.50823,False,False,bicycle,electric_assist
2026-06-15T02:47:58Z,check,check:202139bc9338,51.917208,4.523254,False,False,bicycle,electric_assist
2026-06-15T02:47:58Z,check,check:ed27d7f71a19,51.898829,4.509269,False,False,bicycle,electric_assist
2026-06-15T02:47:58Z,check,check:09c5d3f75152,51.958352,4.494839,False,False,bicycle,electric_assist
2026-06-15T02:47:58Z,check,check:bdc54cbb9da1,51.923146,4.496827,False,True,bicycle,electric_assist
2026-06-15T02:47:58Z,check,check:d14e760c8c31,51.964811,4.502103,False,False,bicycle,electric_assist
2026-06-15T02:47:58Z,check,check:554ce263480c,51.925715,4.454753,False,False,bicycle,electric_assist
2026-06-15T02:47:58Z,check,check:04784f56f049,51.957536,4.509772,False,False,bicycle,electric_assist
2026-06-15T02:47:58Z,check,check:e3b9107f1761,51.913344,4.417845,False,True,bicycle,electric_assist
2026-06-15T02:47:58Z,check,check:bc85656c0f2a,51.897452,4.507499,False,False,bicycle,electric_assist
2026-06-15T02:47:58Z,check,check:8ebcad25a1ea,51.89267,4.490537,False,False,bicycle,electric_assist
2026-06-15T02:47:58Z,check,check:a51b4df5424e,51.919164,4.515663,False,False,bicycle,electric_assist
2026-06-15T02:47:58Z,check,check:e8994c793220,51.919514,4.512153,False,False,bicycle,electric_assist
2026-06-15T02:47:58Z,check,check:b8bca6ff56ec,51.91253,4.430374,False,False,bicycle,electric_assist
2026-06-15T02:47:58Z,check,check:a755040ebeba,51.913325,4.417716,False,True,bicycle,electric_assist
2026-06-15T02:47:58Z,check,check:eb44ca4860df,51.914428,4.45342,False,False,bicycle,electric_assist
2026-06-15T02:47:58Z,check,check:32a31691d9d6,51.88786,4.462666,False,False,bicycle,electric_assist
2026-06-15T02:47:58Z,check,check:596cbee09fcd,51.910735,4.553877,False,False,bicycle,electric_assist
2026-06-15T02:47:58Z,check,check:69f82916d157,51.913318,4.417628,False,True,bicycle,electric_assist
2026-06-15T02:47:58Z,check,check:1c06afaa1f66,51.954562,4.476435,False,False,bicycle,electric_assist
2026-06-15T02:47:58Z,check,check:e9489c942f38,51.907687,4.480464,False,False,bicycle,electric_assist
2026-06-15T02:47:58Z,check,check:5ca411865805,51.913356,4.445295,False,False,bicycle,electric_assist
2026-06-15T02:47:58Z,check,check:44f84a647513,51.906946,4.444471,False,False,bicycle,electric_assist
2026-06-15T02:47:58Z,check,check:f18e7a802872,51.921301,4.452743,False,False,bicycle,electric_assist
2026-06-15T02:47:58Z,check,check:7b8faad18a2c,51.921403,4.468283,False,False,bicycle,electric_assist
2026-06-15T02:47:58Z,check,check:bafe37c18c60,51.957572,4.470125,False,False,bicycle,electric_assist
2026-06-15T02:47:58Z,check,check:9102ce53c539,51.913316,4.417755,False,True,bicycle,electric_assist
2026-06-15T02:47:58Z,check,check:f0cef66813c6,51.911829,4.505552,False,False,bicycle,electric_assist
2026-06-15T02:47:58Z,check,check:a57e45068ef1,51.913356,4.417729,False,True,bicycle,electric_assist
2026-06-15T02:47:58Z,check,check:2455e80f5720,51.906976,4.407455,False,False,bicycle,electric_assist
2026-06-15T02:47:58Z,check,check:32a5ddf3d61f,51.929325,4.502705,False,False,bicycle,electric_assist
2026-06-15T02:47:58Z,check,check:7c8767c636d8,51.916277,4.527203,False,False,bicycle,electric_assist
2026-06-15T02:47:58Z,check,check:faac258a7dbc,51.931774,4.495522,False,False,bicycle,electric_assist
2026-06-15T02:47:58Z,check,check:c7f018f858bc,51.88632,4.549283,False,True,bicycle,electric_assist
2026-06-15T02:47:58Z,check,check:88beb9e9d2d8,51.960967,4.467156,False,False,bicycle,electric_assist
2026-06-15T02:47:58Z,check,check:7bfbe21647d5,51.949256,4.432592,False,False,bicycle,electric_assist
2026-06-15T02:47:58Z,check,check:e9c34cb448a4,51.928416,4.545653,False,False,bicycle,electric_assist
2026-06-15T02:47:58Z,check,check:186ba665de16,51.917236,4.523091,False,False,bicycle,electric_assist
2026-06-15T02:47:58Z,check,check:39a1ee373668,51.917871,4.439596,False,False,bicycle,electric_assist
2026-06-15T02:47:58Z,check,check:54be3246b28d,51.90999,4.424915,False,True,bicycle,electric_assist
2026-06-15T02:47:58Z,check,check:747565d9def2,51.90688,4.456718,False,False,bicycle,electric_assist
2026-06-15T02:47:58Z,check,check:19a2a6d5082c,51.914526,4.401908,False,False,bicycle,electric_assist
2026-06-15T02:47:58Z,check,check:45f08d87a663,51.892814,4.479875,False,False,bicycle,electric_assist
2026-06-15T02:47:58Z,check,check:a9b66fc308ed,51.901389,4.480265,False,False,bicycle,electric_assist
2026-06-15T02:47:58Z,check,check:2c89b4cf8b7a,51.943291,4.484516,False,False,bicycle,electric_assist
2026-06-15T02:47:58Z,check,check:092605fcb1a9,51.953883,4.468184,False,False,bicycle,electric_assist
2026-06-15T02:47:58Z,check,check:033fc2f308da,51.918446,4.510464,False,False,bicycle,electric_assist
2026-06-15T02:47:58Z,check,check:68a3e24a0fed,51.913348,4.417886,False,True,bicycle,electric_assist
2026-06-15T02:47:58Z,check,check:ed48d11bb67d,51.898648,4.505217,False,False,bicycle,electric_assist
2026-06-15T02:47:58Z,check,check:07e9e761df9b,51.909614,4.499565,False,False,bicycle,electric_assist
2026-06-15T02:47:58Z,check,check:8e2d0ad11272,51.9577,4.485786,False,False,bicycle,electric_assist
2026-06-15T02:47:58Z,check,check:4e38350d4ddf,51.957648,4.501738,False,False,bicycle,electric_assist
2026-06-15T02:47:58Z,check,check:199f5a2c0f73,51.913316,4.417696,False,True,bicycle,electric_assist
2026-06-15T02:47:58Z,check,check:55b1fe96d7fa,51.913345,4.417719,False,True,bicycle,electric_assist
2026-06-15T02:47:58Z,check,check:0f121a01d3ea,51.911303,4.489706,False,False,bicycle,electric_assist
2026-06-15T02:47:58Z,check,check:7e721c3aa425,51.880534,4.531878,False,False,bicycle,electric_assist
2026-06-15T02:47:58Z,check,check:3ab6a437dc97,51.938142,4.470671,False,False,bicycle,electric_assist
2026-06-15T02:47:58Z,check,check:35269c482547,51.920715,4.505647,False,False,bicycle,electric_assist
2026-06-15T02:47:58Z,check,check:376dbbb4af95,51.958144,4.509773,False,False,bicycle,electric_assist
2026-06-15T02:47:58Z,check,check:270c9a1637b7,51.944859,4.541819,False,False,bicycle,electric_assist
2026-06-15T02:47:58Z,check,check:b1cb2fe0331f,51.925435,4.466152,False,False,bicycle,electric_assist
2026-06-15T02:47:58Z,check,check:f57ce50281f6,51.913351,4.417818,False,True,bicycle,electric_assist
2026-06-15T02:47:58Z,check,check:2b6355195240,51.915222,4.474337,False,True,bicycle,electric_assist
2026-06-15T02:47:58Z,check,check:de4079f1357a,51.917041,4.523277,False,False,bicycle,electric_assist
2026-06-15T02:47:58Z,check,check:b15fd918fdd8,51.908832,4.442713,False,False,bicycle,electric_assist
2026-06-15T02:47:58Z,check,check:09316139d4b0,51.920946,4.559183,False,False,bicycle,electric_assist
2026-06-15T02:47:58Z,check,check:cbbb0bb6b328,51.928474,4.370846,False,False,bicycle,electric_assist
2026-06-15T02:47:58Z,check,check:75a2e72b43a3,51.891978,4.481443,False,False,bicycle,electric_assist
2026-06-15T02:47:58Z,check,check:17a8e4990715,51.895073,4.468344,False,False,bicycle,electric_assist
2026-06-15T02:47:58Z,check,check:00a79ab7fcce,51.894225,4.513062,False,False,bicycle,electric_assist
2026-06-15T02:47:58Z,check,check:faaf88ab808f,51.9172,4.523325,False,False,bicycle,electric_assist
2026-06-15T02:47:58Z,check,check:b8bdce780fcd,51.909917,4.424875,False,True,bicycle,electric_assist
2026-06-15T02:47:58Z,check,check:7908b695c1b8,51.913011,4.553848,False,False,bicycle,electric_assist
2026-06-15T02:47:58Z,check,check:69ebc97b74ff,51.925014,4.462538,False,False,bicycle,electric_assist
2026-06-15T02:47:58Z,check,check:58716c3a49aa,51.916989,4.523542,False,False,bicycle,electric_assist
2026-06-15T02:47:58Z,check,check:a5efc67e8794,51.913327,4.417829,False,True,bicycle,electric_assist
2026-06-15T02:47:58Z,check,check:e41a23faffdf,51.922696,4.526492,False,False,bicycle,electric_assist
2026-06-15T02:47:58Z,check,check:99b62a395571,51.913015,4.553787,False,False,bicycle,electric_assist
2026-06-15T02:47:58Z,check,check:2e8c0ead0b3e,51.95927,4.499179,False,False,bicycle,electric_assist
2026-06-15T02:47:58Z,check,check:c2cb2c2c3eee,51.90513,4.501073,False,False,bicycle,electric_assist
2026-06-15T02:47:58Z,check,check:41255b629d9b,51.935125,4.47271,False,True,bicycle,electric_assist
2026-06-15T02:47:58Z,check,check:5615af6fd88b,51.870137,4.470641,False,False,bicycle,electric_assist
2026-06-15T02:47:58Z,check,check:70ea2a0697a8,51.953812,4.520125,False,False,bicycle,electric_assist
2026-06-15T02:47:58Z,check,check:d0c623eb1902,51.91331,4.417685,False,True,bicycle,electric_assist
2026-06-15T02:47:58Z,check,check:93b49bdcaddd,51.910371,4.37536,False,False,bicycle,electric_assist
2026-06-15T02:47:58Z,check,check:40751f75a29b,51.892562,4.489003,False,False,bicycle,electric_assist
2026-06-15T02:47:58Z,check,check:7f92514b45e6,51.913313,4.41781,False,True,bicycle,electric_assist
2026-06-15T02:47:58Z,check,check:aa4fac816b13,51.921814,4.514239,False,False,bicycle,electric_assist
2026-06-15T02:47:58Z,check,check:9c083f307bef,51.921688,4.488061,False,False,bicycle,electric_assist
2026-06-15T02:47:58Z,check,check:5f9c26c827bb,51.931765,4.48045,False,False,bicycle,electric_assist
2026-06-15T02:47:58Z,check,check:094e7d4a858a,51.893313,4.477123,False,False,bicycle,electric_assist
2026-06-15T02:47:58Z,check,check:badfb0cca0e1,51.913351,4.41778,False,True,bicycle,electric_assist
2026-06-15T02:47:58Z,check,check:57d53825cd2e,51.895094,4.468301,False,False,bicycle,electric_assist
2026-06-15T02:47:58Z,check,check:41d91996d8af,51.917793,4.438383,False,False,bicycle,electric_assist
2026-06-15T02:47:58Z,check,check:dbc3fabcd3de,51.913355,4.417787,False,True,bicycle,electric_assist
2026-06-15T02:47:58Z,check,check:06ee4b260d76,51.94585,4.485974,False,False,bicycle,electric_assist
2026-06-15T02:47:58Z,check,check:6daa6cb7e015,51.91337,4.417696,False,True,bicycle,electric_assist
2026-06-15T02:47:58Z,check,check:9c1389b719b8,51.907183,4.40815,False,False,bicycle,electric_assist
2026-06-15T02:47:58Z,check,check:530463697aee,51.916427,4.51364,False,False,bicycle,electric_assist
2026-06-15T02:47:58Z,check,check:41be005d69b3,51.880453,4.530072,False,False,bicycle,electric_assist
2026-06-15T02:47:58Z,check,check:ecfa90d7f703,51.901052,4.511292,False,False,bicycle,electric_assist
2026-06-15T02:47:58Z,check,check:e51bb027b09e,51.96591,4.470604,False,False,bicycle,electric_assist
2026-06-15T02:47:58Z,check,check:1ce447e47348,51.874283,4.523126,False,False,bicycle,electric_assist
2026-06-15T02:47:58Z,check,check:4cc385465ea3,51.913337,4.417842,False,True,bicycle,electric_assist
2026-06-15T02:47:58Z,check,check:072f2455d30d,51.951763,4.524536,False,False,bicycle,electric_assist
2026-06-15T02:47:58Z,check,check:0b53ad96ca68,51.913338,4.417735,False,True,bicycle,electric_assist
2026-06-15T02:47:58Z,check,check:842b1afb2dd9,51.90709,4.463044,False,False,bicycle,electric_assist
2026-06-15T02:47:58Z,check,check:ad53f99d2798,51.909241,4.445905,False,False,bicycle,electric_assist
2026-06-15T02:47:58Z,check,check:045cea58df64,51.913347,4.417714,False,True,bicycle,electric_assist
2026-06-15T02:47:58Z,check,check:228a69627737,51.913321,4.417796,False,True,bicycle,electric_assist
2026-06-15T02:47:58Z,check,check:033fd5202303,51.911693,4.466375,False,False,bicycle,electric_assist
2026-06-15T02:47:58Z,check,check:2ca289ec0685,51.95958,4.506408,False,False,bicycle,electric_assist
2026-06-15T02:47:58Z,check,check:3cc2ff4db24a,51.906795,4.444229,False,False,bicycle,electric_assist
2026-06-15T02:47:58Z,check,check:ee68e108b029,51.90657,4.525881,False,False,bicycle,electric_assist
2026-06-15T02:47:58Z,check,check:fbc60f279d68,51.874268,4.523091,False,False,bicycle,electric_assist
2026-06-15T02:47:58Z,check,check:ba4b36c5fb92,51.957758,4.487823,False,False,bicycle,electric_assist
2026-06-15T02:47:58Z,check,check:f19f70ce2f73,51.907544,4.46119,False,False,bicycle,electric_assist
2026-06-15T02:47:58Z,check,check:6a426ce01b39,51.91748,4.514913,False,False,bicycle,electric_assist
2026-06-15T02:47:58Z,check,check:ad7043a4d56a,51.940726,4.541517,False,False,bicycle,electric_assist
2026-06-15T02:47:58Z,check,check:88d970258001,51.921019,4.559214,False,False,bicycle,electric_assist
2026-06-15T02:47:58Z,check,check:5eda7d2408f7,51.886406,4.549286,False,True,bicycle,electric_assist
2026-06-15T02:47:58Z,check,check:6698b303d147,51.910539,4.44617,False,False,bicycle,electric_assist
2026-06-15T02:47:58Z,check,check:bb7014eb92c8,51.886193,4.549299,False,False,bicycle,electric_assist
2026-06-15T02:47:58Z,check,check:bb914b87c854,51.871257,4.465952,False,False,bicycle,electric_assist
2026-06-15T02:47:58Z,check,check:dd7a299652c1,51.938184,4.476083,False,False,bicycle,electric_assist
2026-06-15T02:47:58Z,check,check:4ddf83224986,51.918089,4.483981,False,False,bicycle,electric_assist
2026-06-15T02:47:58Z,check,check:e957f9a4fe44,51.880483,4.53003,False,False,bicycle,electric_assist
2026-06-15T02:47:58Z,check,check:fed09ba69b03,51.919949,4.387166,False,True,bicycle,electric_assist
2026-06-15T02:47:58Z,check,check:682f83ed44d0,51.914637,4.44228,False,False,bicycle,electric_assist
2026-06-15T02:47:58Z,check,check:210a899dc34b,51.949289,4.432633,False,False,bicycle,electric_assist
2026-06-15T02:47:58Z,check,check:3f0b127ecd08,51.913358,4.417772,False,True,bicycle,electric_assist
2026-06-15T02:47:58Z,check,check:b300f6d4176b,51.921836,4.460569,False,False,bicycle,electric_assist
2026-06-15T02:47:58Z,check,check:7d52f6a1ac23,51.874251,4.523086,False,False,bicycle,electric_assist
2026-06-15T02:47:58Z,check,check:46fe2670b47f,51.913398,4.400313,False,False,bicycle,electric_assist
2026-06-15T02:47:58Z,check,check:f96a032f33b2,51.907177,4.48947,False,False,bicycle,electric_assist
2026-06-15T02:47:58Z,check,check:928a96eae03a,51.884887,4.382101,False,False,bicycle,electric_assist
2026-06-15T02:47:58Z,check,check:9204f6a72ba2,51.909317,4.523535,False,False,bicycle,electric_assist
2026-06-15T02:47:58Z,check,check:eafc58e89a37,51.927953,4.547505,False,False,bicycle,electric_assist
2026-06-15T02:47:58Z,check,check:4e0728681fd9,51.913329,4.417802,False,True,bicycle,electric_assist
2026-06-15T02:47:58Z,check,check:7019a3ea9937,51.960761,4.508278,False,False,bicycle,electric_assist
2026-06-15T02:47:58Z,check,check:f590636e29f0,51.910074,4.452282,False,False,bicycle,electric_assist
2026-06-15T02:47:58Z,check,check:e0284635162e,51.913321,4.417747,False,True,bicycle,electric_assist
2026-06-15T02:47:58Z,check,check:441184481c12,51.937273,4.463558,False,False,bicycle,electric_assist
2026-06-15T02:47:58Z,check,check:fd4dbbd4908b,51.91333,4.417661,False,True,bicycle,electric_assist
2026-06-15T02:47:58Z,check,check:068aa8766a90,51.93539,4.49143,False,False,bicycle,electric_assist
2026-06-15T02:47:58Z,check,check:48e53f1a525c,51.918709,4.516215,False,False,bicycle,electric_assist
2026-06-15T02:47:58Z,check,check:59d67b3c3652,51.874073,4.494221,False,False,bicycle,electric_assist
2026-06-15T02:47:58Z,check,check:14e331acd4fd,51.912783,4.457767,False,False,bicycle,electric_assist
2026-06-15T02:47:58Z,check,check:21aa804c2b9c,51.874258,4.523118,False,False,bicycle,electric_assist
2026-06-15T02:47:58Z,check,check:3d0d9e636f30,51.910882,4.521192,False,False,bicycle,electric_assist
2026-06-15T02:47:58Z,check,check:884b45716c24,51.911139,4.481847,False,True,bicycle,electric_assist
2026-06-15T02:47:58Z,check,check:6fdde2467628,51.934513,4.460856,False,False,bicycle,electric_assist
2026-06-15T02:47:58Z,check,check:2e2be82f6d18,51.913689,4.520262,False,False,bicycle,electric_assist
2026-06-15T02:47:58Z,check,check:e85873bd9752,51.891864,4.467041,False,False,bicycle,electric_assist
2026-06-15T02:47:58Z,check,check:14f644e79a27,51.935141,4.497436,False,False,bicycle,electric_assist
2026-06-15T02:47:58Z,check,check:748caac4fad8,51.90078,4.481424,False,False,bicycle,electric_assist
2026-06-15T02:47:58Z,check,check:8d6513a3a95a,51.934997,4.464813,False,False,bicycle,electric_assist
2026-06-15T02:47:58Z,check,check:f52f85ad8fa9,51.940279,4.482725,False,False,bicycle,electric_assist
2026-06-15T02:47:58Z,check,check:68fb4c50b34b,51.949254,4.432694,False,False,bicycle,electric_assist
2026-06-15T02:47:58Z,check,check:1405fca72d03,51.895316,4.51988,False,False,bicycle,electric_assist
2026-06-15T02:47:58Z,check,check:1ad5031fe441,51.91334,4.417737,False,True,bicycle,electric_assist
2026-06-15T02:47:58Z,check,check:dc6682656569,51.916462,4.447963,False,False,bicycle,electric_assist
2026-06-15T02:47:58Z,check,check:dae08dbe4a45,51.91577,4.384956,False,False,bicycle,electric_assist
2026-06-15T02:47:58Z,check,check:28ab1200199f,51.898451,4.503462,False,False,bicycle,electric_assist
2026-06-15T02:47:58Z,check,check:47dac7b1d635,51.942872,4.481275,False,False,bicycle,electric_assist
2026-06-15T02:47:58Z,check,check:9ec9e60afe2f,51.928438,4.370788,False,False,bicycle,electric_assist
2026-06-15T02:47:58Z,check,check:3428fb2c6cc3,51.931769,4.564073,False,False,bicycle,electric_assist
2026-06-15T02:47:58Z,check,check:81fcb107ab05,51.90927,4.523564,False,False,bicycle,electric_assist
2026-06-15T02:47:58Z,check,check:ed14ab165f98,51.874525,4.477906,False,True,bicycle,electric_assist
2026-06-15T02:47:58Z,check,check:943360cd5779,51.869795,4.47428,False,False,bicycle,electric_assist
2026-06-15T02:47:58Z,check,check:75c68eed9f85,51.911778,4.466321,False,False,bicycle,electric_assist
2026-06-15T02:47:58Z,check,check:36fad9ee7dea,51.903859,4.46445,False,False,bicycle,electric_assist
2026-06-15T02:47:58Z,check,check:3d26b1466782,51.913337,4.417737,False,True,bicycle,electric_assist
2026-06-15T02:47:58Z,check,check:c794613800ba,51.91335,4.417642,False,True,bicycle,electric_assist
2026-06-15T02:47:58Z,check,check:3ddf6b108629,51.92488,4.488524,False,False,bicycle,electric_assist
2026-06-15T02:47:58Z,check,check:0b673d75b335,51.913337,4.417854,False,True,bicycle,electric_assist
2026-06-15T02:47:58Z,check,check:41aeac197bde,51.907327,4.402259,False,True,bicycle,electric_assist
2026-06-15T02:47:58Z,check,check:9ae714e4ace6,51.91331,4.417601,False,True,bicycle,electric_assist
2026-06-15T02:47:58Z,check,check:3259071bc22f,51.914126,4.422329,False,False,bicycle,electric_assist
2026-06-15T02:47:58Z,check,check:ce9c9a51df03,51.957709,4.487847,False,False,bicycle,electric_assist
2026-06-15T02:47:58Z,check,check:d6a913e746fa,51.909334,4.508097,False,False,bicycle,electric_assist
2026-06-15T02:47:58Z,check,check:397d5d9851da,51.91718,4.460217,False,False,bicycle,electric_assist
2026-06-15T02:47:58Z,check,check:36a2669e9a9a,51.916578,4.450493,False,False,bicycle,electric_assist
2026-06-15T02:47:58Z,check,check:0488bf7e7162,51.909033,4.442619,False,False,bicycle,electric_assist
2026-06-15T02:47:58Z,check,check:7ff219858066,51.913341,4.417793,False,True,bicycle,electric_assist
2026-06-15T02:47:58Z,check,check:3541c35cdd18,51.877282,4.494736,False,False,bicycle,electric_assist
2026-06-15T02:47:58Z,check,check:a1fb8382ff56,51.875151,4.472278,False,False,bicycle,electric_assist
2026-06-15T02:47:58Z,check,check:5b5757dd1368,51.910259,4.424813,False,True,bicycle,electric_assist
2026-06-15T02:47:58Z,check,check:9e1f5e66430b,51.916106,4.527018,False,False,bicycle,electric_assist
2026-06-15T02:47:58Z,check,check:8b5e7cd65293,51.896627,4.52167,False,False,bicycle,electric_assist
2026-06-15T02:47:58Z,check,check:9e836290f010,51.90878,4.464604,False,False,bicycle,electric_assist
2026-06-15T02:47:58Z,check,check:427b84b57691,51.913347,4.417602,False,True,bicycle,electric_assist
2026-06-15T02:47:58Z,check,check:421f24309f26,51.910535,4.522463,False,False,bicycle,electric_assist
2026-06-15T02:47:58Z,check,check:4284f0935f00,51.897433,4.508197,False,False,bicycle,electric_assist
2026-06-15T02:47:58Z,check,check:e627d09bee8c,51.885269,4.486334,False,False,bicycle,electric_assist
2026-06-15T02:47:58Z,check,check:c076186551cb,51.913344,4.417862,False,True,bicycle,electric_assist
2026-06-15T02:47:58Z,check,check:2cf31a205a1f,51.928464,4.370768,False,False,bicycle,electric_assist
2026-06-15T02:47:58Z,check,check:74cd6ab82f93,51.948655,4.543814,False,False,bicycle,electric_assist
2026-06-15T02:47:58Z,check,check:18bdad202e61,51.897613,4.50735,False,False,bicycle,electric_assist
2026-06-15T02:47:58Z,check,check:4d62c0e96304,51.911778,4.466279,False,False,bicycle,electric_assist
2026-06-15T02:47:58Z,check,check:a17994b75b14,51.913354,4.417782,False,True,bicycle,electric_assist
2026-06-15T02:47:58Z,check,check:b274e832e6a0,51.913317,4.417759,False,True,bicycle,electric_assist
2026-06-15T02:47:58Z,check,check:3aa55d847b1b,51.931284,4.481819,False,False,bicycle,electric_assist
2026-06-15T02:47:58Z,check,check:d63896ec4b10,51.915853,4.488558,False,False,bicycle,electric_assist
2026-06-15T02:47:58Z,check,check:e6ef4eb81d51,51.876829,4.470009,False,False,bicycle,electric_assist
2026-06-15T02:47:58Z,check,check:85072a8d3bff,51.914466,4.441868,False,False,bicycle,electric_assist
2026-06-15T02:47:58Z,check,check:89d8d5d5be5b,51.916243,4.527077,False,False,bicycle,electric_assist
2026-06-15T02:47:58Z,check,check:e70d5ad15a54,51.88055,4.530007,False,False,bicycle,electric_assist
2026-06-15T02:47:58Z,check,check:5f4a3ecba14f,51.966851,4.466643,False,False,bicycle,electric_assist
2026-06-15T02:47:58Z,check,check:575d45800b35,51.93502,4.464757,False,False,bicycle,electric_assist
2026-06-15T02:47:58Z,check,check:6e676805d0e2,51.913663,4.508041,False,False,bicycle,electric_assist
2026-06-15T02:47:58Z,check,check:8e9c69ceedc2,51.939458,4.472132,False,True,bicycle,electric_assist
2026-06-15T02:47:58Z,check,check:31f3325592ca,51.913335,4.417852,False,True,bicycle,electric_assist
2026-06-15T02:47:58Z,check,check:8de529ad182b,51.894024,4.488421,False,False,bicycle,electric_assist
2026-06-15T02:47:58Z,check,check:0e8ed934ea4d,51.900857,4.503206,False,False,bicycle,electric_assist
2026-06-15T02:47:58Z,check,check:abc1e49bc233,51.890459,4.465487,False,False,bicycle,electric_assist
2026-06-15T02:47:58Z,check,check:f9914de32aba,51.903826,4.502808,False,False,bicycle,electric_assist
2026-06-15T02:47:58Z,check,check:d21aebf6111c,51.897143,4.507855,False,False,bicycle,electric_assist
2026-06-15T02:47:58Z,check,check:89993b02d0ea,51.916127,4.526987,False,False,bicycle,electric_assist
2026-06-15T02:47:58Z,check,check:f371de85da29,51.915682,4.488803,False,False,bicycle,electric_assist
2026-06-15T02:47:58Z,check,check:804e2f848500,51.924794,4.513314,False,False,bicycle,electric_assist
2026-06-15T02:47:58Z,check,check:e55509e041da,51.915733,4.459134,False,False,bicycle,electric_assist
2026-06-15T02:47:58Z,check,check:e4f5bab0883c,51.924288,4.577041,False,False,bicycle,electric_assist
2026-06-15T02:47:58Z,check,check:603379599396,51.874454,4.491873,False,False,bicycle,electric_assist
2026-06-15T02:47:58Z,check,check:e584e5903c49,51.897447,4.508223,False,False,bicycle,electric_assist
2026-06-15T02:47:58Z,check,check:2dbd35e4df4e,51.912701,4.430195,False,False,bicycle,electric_assist
2026-06-15T02:47:58Z,check,check:19361b8d7df5,51.909281,4.523524,False,False,bicycle,electric_assist
2026-06-15T02:47:58Z,check,check:ebf14ffdd001,51.94923,4.432611,False,False,bicycle,electric_assist
2026-06-15T02:47:58Z,check,check:1e3c0009146c,51.963556,4.502057,False,False,bicycle,electric_assist
2026-06-15T02:47:58Z,check,check:0fc7f529ec82,51.91334,4.417755,False,True,bicycle,electric_assist
2026-06-15T02:47:58Z,check,check:443f405db064,51.913328,4.41776,False,True,bicycle,electric_assist
2026-06-15T02:47:58Z,check,check:fa2e184a1df0,51.891514,4.488938,False,False,bicycle,electric_assist
2026-06-15T02:47:58Z,check,check:55b48c1241a4,51.893239,4.483865,False,False,bicycle,electric_assist
2026-06-15T02:47:58Z,check,check:010be8b08b8f,51.910519,4.522488,False,False,bicycle,electric_assist
2026-06-15T02:47:58Z,check,check:da1bfc784a2c,51.908345,4.404008,False,True,bicycle,electric_assist
2026-06-15T02:47:58Z,check,check:4d4c2e48e397,51.909932,4.423341,False,False,bicycle,electric_assist
2026-06-15T02:47:58Z,check,check:d236608fbd12,51.902933,4.503394,False,False,bicycle,electric_assist
2026-06-15T02:47:58Z,check,check:c91c0bfe96de,51.913359,4.417842,False,True,bicycle,electric_assist
2026-06-15T02:47:58Z,check,check:d500401f95b2,51.895087,4.46834,False,False,bicycle,electric_assist
2026-06-15T02:47:58Z,check,check:5ef3ee8c9b41,51.958115,4.509784,False,False,bicycle,electric_assist
2026-06-15T02:47:58Z,check,check:f5383f0c13a9,51.913315,4.417752,False,True,bicycle,electric_assist
2026-06-15T02:47:58Z,check,check:338263f01348,51.913318,4.417766,False,True,bicycle,electric_assist
2026-06-15T02:47:58Z,check,check:d900db1f7a85,51.91225,4.494687,False,False,bicycle,electric_assist
2026-06-15T02:47:58Z,check,check:711f1f882007,51.913344,4.417612,False,True,bicycle,electric_assist
2026-06-15T02:47:58Z,check,check:1dce9dca13cf,51.930493,4.496387,False,True,bicycle,electric_assist
2026-06-15T02:47:58Z,check,check:80942e4405b1,51.91794,4.437157,False,False,bicycle,electric_assist
2026-06-15T02:47:58Z,check,check:c263e7f1c7e0,51.961806,4.499861,False,False,bicycle,electric_assist
2026-06-15T02:47:58Z,check,check:87d406cb698a,51.905319,4.488116,False,False,bicycle,electric_assist
2026-06-15T02:47:58Z,check,check:9853967e4d53,51.961908,4.46726,False,False,bicycle,electric_assist
2026-06-15T02:47:58Z,check,check:777e0facb14b,51.915632,4.500897,False,False,bicycle,electric_assist
2026-06-15T02:47:58Z,check,check:c90df80e1ea6,51.886219,4.549308,False,False,bicycle,electric_assist
2026-06-15T02:47:58Z,check,check:e9a2428d44e7,51.893589,4.526186,False,False,bicycle,electric_assist
2026-06-15T02:47:58Z,check,check:34f77a3870ad,51.955627,4.506018,False,False,bicycle,electric_assist
2026-06-15T02:47:58Z,check,check:a83151e05b44,51.945727,4.535007,False,False,bicycle,electric_assist
2026-06-15T02:47:58Z,check,check:68bbdbc2283d,51.886454,4.529129,False,False,bicycle,electric_assist
2026-06-15T02:47:58Z,check,check:39813a35f8f8,51.928085,4.488777,False,True,bicycle,electric_assist
2026-06-15T02:47:58Z,check,check:6ae4388e7a96,51.957672,4.501664,False,False,bicycle,electric_assist
2026-06-15T02:47:58Z,check,check:7954622cd5cd,51.953804,4.520075,False,False,bicycle,electric_assist
2026-06-15T02:47:58Z,check,check:3bc3810118a5,51.874037,4.492194,False,False,bicycle,electric_assist
2026-06-15T02:47:58Z,check,check:7ffddeaf6973,51.964231,4.481616,False,False,bicycle,electric_assist
2026-06-15T02:47:58Z,check,check:114b20da7f01,51.918937,4.493909,False,True,bicycle,electric_assist
2026-06-15T02:47:58Z,check,check:e0cc28a8944d,51.931907,4.457539,False,False,bicycle,electric_assist
2026-06-15T02:47:58Z,check,check:cb219106a8e9,51.911931,4.499679,False,False,bicycle,electric_assist
2026-06-15T02:47:58Z,check,check:f84b95eddb5b,51.929487,4.467785,False,False,bicycle,electric_assist
2026-06-15T02:47:58Z,check,check:f5d72f4448e7,51.91332,4.417762,False,True,bicycle,electric_assist
2026-06-15T02:47:58Z,check,check:697767fca49c,51.897511,4.507372,False,False,bicycle,electric_assist
2026-06-15T02:47:58Z,check,check:deb6b006c9ea,51.90861,4.524851,False,False,bicycle,electric_assist
2026-06-15T02:47:58Z,check,check:1622c607add6,51.923487,4.480248,False,False,bicycle,electric_assist
2026-06-15T02:47:58Z,check,check:8ab1466ab644,51.882631,4.521156,False,False,bicycle,electric_assist
2026-06-15T02:47:58Z,check,check:b09530615a31,51.962848,4.501261,False,False,bicycle,electric_assist
2026-06-15T02:47:58Z,check,check:316a98d764fc,51.941846,4.546434,False,False,bicycle,electric_assist
2026-06-15T02:47:58Z,check,check:254600e7fc73,51.913348,4.417704,False,True,bicycle,electric_assist
2026-06-15T02:47:58Z,check,check:7c21b205a0b8,51.890685,4.476194,False,False,bicycle,electric_assist
2026-06-15T02:47:58Z,check,check:bef90fbd405b,51.93346,4.464462,False,True,bicycle,electric_assist
2026-06-15T02:47:58Z,check,check:c6c784517180,51.918781,4.463151,False,True,bicycle,electric_assist
2026-06-15T02:47:58Z,check,check:8b4f9c3059ea,51.960724,4.489415,False,False,bicycle,electric_assist
2026-06-15T02:47:58Z,check,check:66b6c33f6411,51.910259,4.424812,False,True,bicycle,electric_assist
2026-06-15T02:47:58Z,check,check:87edaba48aaa,51.92371,4.399459,False,True,bicycle,electric_assist
2026-06-15T02:47:58Z,check,check:5321c3f9e655,51.932004,4.415767,False,False,bicycle,electric_assist
2026-06-15T02:47:58Z,check,check:75bb9661d1aa,51.943297,4.47463,False,False,bicycle,electric_assist
2026-06-15T02:47:58Z,check,check:faff383be829,51.951759,4.524558,False,False,bicycle,electric_assist
2026-06-15T02:47:58Z,check,check:1cfdf1811f60,51.9172,4.523575,False,False,bicycle,electric_assist
2026-06-15T02:47:58Z,check,check:175a68766d06,51.919398,4.475609,False,False,bicycle,electric_assist
2026-06-15T02:47:58Z,check,check:4584cfec9ee2,51.920996,4.559234,False,False,bicycle,electric_assist
2026-06-15T02:47:58Z,check,check:55ed1bbdb298,51.895117,4.469312,False,False,bicycle,electric_assist
2026-06-15T02:47:58Z,check,check:28170dedab4f,51.913322,4.417837,False,True,bicycle,electric_assist
2026-06-15T02:47:58Z,check,check:b23c14d9af28,51.960984,4.487497,False,False,bicycle,electric_assist
2026-06-15T02:47:58Z,check,check:b2443d05db9c,51.888957,4.469075,False,False,bicycle,electric_assist
2026-06-15T02:47:58Z,check,check:265eba0294b0,51.913336,4.417624,False,True,bicycle,electric_assist
2026-06-15T02:47:58Z,check,check:7171a4a0401e,51.932224,4.507902,False,False,bicycle,electric_assist
2026-06-15T02:47:58Z,check,check:6310b0291064,51.886718,4.473644,False,False,bicycle,electric_assist
2026-06-15T02:47:58Z,check,check:7ae3040b71e9,51.949248,4.432606,False,False,bicycle,electric_assist
2026-06-15T02:47:58Z,check,check:529227b131d0,51.913335,4.417737,False,True,bicycle,electric_assist
2026-06-15T02:47:58Z,check,check:1c32abb076fe,51.913344,4.417903,False,True,bicycle,electric_assist
2026-06-15T02:47:58Z,check,check:ec1b01443fd0,51.889575,4.46754,False,False,bicycle,electric_assist
2026-06-15T02:47:58Z,check,check:73a5d18e723d,51.877795,4.474555,False,False,bicycle,electric_assist
2026-06-15T02:47:58Z,check,check:586fdc59f21f,51.913347,4.417813,False,True,bicycle,electric_assist
2026-06-15T02:47:58Z,check,check:6aba8ed19168,51.935694,4.490563,False,False,bicycle,electric_assist
2026-06-15T02:47:58Z,check,check:5f9e97b94f46,51.913305,4.4177,False,True,bicycle,electric_assist
2026-06-15T02:47:58Z,check,check:64c01e85867b,51.920209,4.440825,False,False,bicycle,electric_assist
2026-06-15T02:47:58Z,check,check:443d2a941f4a,51.913335,4.417674,False,True,bicycle,electric_assist
2026-06-15T02:47:58Z,check,check:e1cc162ecbd7,51.909229,4.455518,False,True,bicycle,electric_assist
2026-06-15T02:47:58Z,check,check:29f1cfede35f,51.909597,4.448447,False,False,bicycle,electric_assist
2026-06-15T02:47:58Z,check,check:11fab6c9b19f,51.911164,4.386054,False,False,bicycle,electric_assist
2026-06-15T02:47:58Z,check,check:095662b830e7,51.903801,4.484471,False,False,bicycle,electric_assist
2026-06-15T02:47:58Z,check,check:447b502d684d,51.913338,4.417729,False,True,bicycle,electric_assist
2026-06-15T02:47:58Z,check,check:ab4dd54fd5c1,51.913339,4.417863,False,True,bicycle,electric_assist
2026-06-15T02:47:58Z,check,check:0c23b025fc5e,51.921073,4.559183,False,False,bicycle,electric_assist
2026-06-15T02:47:58Z,check,check:858b67d3c948,51.877215,4.49472,False,False,bicycle,electric_assist
2026-06-15T02:47:58Z,check,check:ec0ecff57f7e,51.921626,4.512542,False,False,bicycle,electric_assist
2026-06-15T02:47:58Z,check,check:bdfdfa7d0ee4,51.920706,4.505641,False,False,bicycle,electric_assist
2026-06-15T02:47:58Z,check,check:129354122953,51.88603,4.471851,False,False,bicycle,electric_assist
2026-06-15T02:47:58Z,check,check:9fc761858bd0,51.913407,4.400317,False,True,bicycle,electric_assist
2026-06-15T02:47:58Z,check,check:46dac0d35b5d,51.914528,4.438047,False,True,bicycle,electric_assist
2026-06-15T02:47:58Z,check,check:04ee643b290f,51.927975,4.547455,False,True,bicycle,electric_assist
2026-06-15T02:47:58Z,check,check:6c1eb0a552cc,51.915952,4.44177,False,True,bicycle,electric_assist
2026-06-15T02:47:58Z,check,check:f7449aaa8f18,51.921253,4.39635,False,False,bicycle,electric_assist
2026-06-15T02:47:58Z,check,check:b8d25766a0db,51.945527,4.484778,False,False,bicycle,electric_assist
2026-06-15T02:47:58Z,check,check:7e9597532613,51.90487,4.463239,False,False,bicycle,electric_assist
2026-06-15T02:47:58Z,check,check:f4b448bfb10c,51.916384,4.489016,False,False,bicycle,electric_assist
2026-06-15T02:47:58Z,check,check:cb60e30bf36b,51.913355,4.417796,False,True,bicycle,electric_assist
2026-06-15T02:47:58Z,check,check:ceec89fa4832,51.913315,4.417624,False,True,bicycle,electric_assist
2026-06-15T02:47:58Z,check,check:e2bdb8a5a3d9,51.933465,4.465818,False,False,bicycle,electric_assist
2026-06-15T02:47:58Z,check,check:d6ebff46299f,51.914476,4.484116,False,False,bicycle,electric_assist
2026-06-15T02:47:58Z,check,check:98636ea25538,51.93377,4.461485,False,False,bicycle,electric_assist
2026-06-15T02:47:58Z,check,check:3cc6cf22c536,51.925232,4.513561,False,False,bicycle,electric_assist
2026-06-15T02:47:58Z,check,check:7df394cc9532,51.913332,4.417812,False,True,bicycle,electric_assist
2026-06-15T02:47:58Z,check,check:d52df3794f41,51.927958,4.53603,False,False,bicycle,electric_assist
2026-06-15T02:47:58Z,check,check:809c5ae7fc14,51.913319,4.417649,False,True,bicycle,electric_assist
2026-06-15T02:47:58Z,check,check:96b3c44a0cf0,51.923962,4.394797,False,False,bicycle,electric_assist
2026-06-15T02:47:58Z,check,check:8d8d1f4bfbbc,51.925534,4.415429,False,False,bicycle,electric_assist
2026-06-15T02:47:58Z,check,check:63789c38dba6,51.913323,4.417686,False,True,bicycle,electric_assist
2026-06-15T02:47:58Z,check,check:6877dc237588,51.903458,4.464614,False,False,bicycle,electric_assist
2026-06-15T02:47:58Z,check,check:88cba6d48cd2,51.913329,4.417592,False,True,bicycle,electric_assist
2026-06-15T02:47:58Z,check,check:77894bd9618d,51.88696,4.521316,False,False,bicycle,electric_assist
2026-06-15T02:47:58Z,check,check:fb0b065f0dde,51.919639,4.511902,False,False,bicycle,electric_assist
2026-06-15T02:47:58Z,check,check:5df789fb0b1d,51.874268,4.523097,False,False,bicycle,electric_assist
2026-06-15T02:47:58Z,check,check:11818121aa2f,51.906434,4.400903,False,False,bicycle,electric_assist
2026-06-15T02:47:58Z,check,check:eae78f09227f,51.903137,4.470916,False,False,bicycle,electric_assist
2026-06-15T02:47:58Z,check,check:6817f0895b90,51.957639,4.501705,False,False,bicycle,electric_assist
2026-06-15T02:47:58Z,check,check:0d86eb91e87f,51.913333,4.417744,False,True,bicycle,electric_assist
2026-06-15T02:47:58Z,check,check:ee42a1a9aa51,51.94056,4.477383,False,True,bicycle,electric_assist
2026-06-15T02:47:58Z,check,check:2d4f71b1f553,51.913354,4.41767,False,True,bicycle,electric_assist
2026-06-15T02:47:58Z,check,check:33830b2153e1,51.921817,4.441382,False,False,bicycle,electric_assist
2026-06-15T02:47:58Z,check,check:9dc582a77eab,51.913347,4.417768,False,True,bicycle,electric_assist
2026-06-15T02:47:58Z,check,check:a73cdd445c66,51.928689,4.508509,False,False,bicycle,electric_assist
2026-06-15T02:47:58Z,check,check:6b3084e40cbb,51.945365,4.478933,False,False,bicycle,electric_assist
2026-06-15T02:47:58Z,check,check:19e54c685caa,51.913306,4.417736,False,True,bicycle,electric_assist
2026-06-15T02:47:58Z,check,check:fb1110b15c0b,51.913328,4.417862,False,True,bicycle,electric_assist
2026-06-15T02:47:58Z,check,check:513caa89eeda,51.886411,4.549306,False,False,bicycle,electric_assist
2026-06-15T02:47:58Z,check,check:4edb9165a647,51.930297,4.491686,False,True,bicycle,electric_assist
2026-06-15T02:47:58Z,check,check:d80e1238fb3b,51.964603,4.468995,False,False,bicycle,electric_assist
2026-06-15T02:47:58Z,check,check:a5fa9609a30c,51.965715,4.531968,False,False,bicycle,electric_assist
2026-06-15T02:47:58Z,check,check:304fb3391744,51.921833,4.460564,False,False,bicycle,electric_assist
2026-06-15T02:47:58Z,check,check:1669df41d9cb,51.913339,4.417867,False,True,bicycle,electric_assist
2026-06-15T02:47:58Z,check,check:f75dd0d733b7,51.913338,4.417727,False,True,bicycle,electric_assist
2026-06-15T02:47:58Z,check,check:6bf1d553a28c,51.906532,4.478308,False,False,bicycle,electric_assist
2026-06-15T02:47:58Z,check,check:0565070e3cbe,51.913359,4.417799,False,True,bicycle,electric_assist
2026-06-15T02:47:58Z,check,check:6952f8b28e45,51.966603,4.471228,False,False,bicycle,electric_assist
2026-06-15T02:47:58Z,check,check:228a8a26176f,51.894098,4.467565,False,False,bicycle,electric_assist
2026-06-15T02:47:58Z,check,check:9c27d14bc239,51.90186,4.511721,False,False,bicycle,electric_assist
2026-06-15T02:47:58Z,check,check:95982f99913f,51.914019,4.447369,False,False,bicycle,electric_assist
2026-06-15T02:47:58Z,check,check:29d8982cfbc6,51.913347,4.417858,False,True,bicycle,electric_assist
2026-06-15T02:47:58Z,check,check:f1b6bc02cbf4,51.902259,4.49613,False,False,bicycle,electric_assist
2026-06-15T02:47:58Z,check,check:2fd16a375b94,51.886337,4.549319,False,False,bicycle,electric_assist
2026-06-15T02:47:58Z,check,check:7609d55ee2e6,51.907333,4.441496,False,False,bicycle,electric_assist
2026-06-15T02:47:58Z,check,check:8c57e58b2a63,51.962324,4.490499,False,False,bicycle,electric_assist
2026-06-15T02:47:58Z,check,check:ff91b9e7efca,51.910192,4.424669,False,True,bicycle,electric_assist
2026-06-15T02:47:58Z,check,check:cea25c53647b,51.931065,4.458318,False,False,bicycle,electric_assist
2026-06-15T02:47:58Z,check,check:ec4bf85222a8,51.913347,4.417685,False,True,bicycle,electric_assist
2026-06-15T02:47:58Z,check,check:7e64fa409e9d,51.902469,4.46823,False,False,bicycle,electric_assist
2026-06-15T02:47:58Z,check,check:0e7bcb83c57b,51.93458,4.476379,False,False,bicycle,electric_assist
2026-06-15T02:47:58Z,check,check:6f9983fdc0a6,51.913358,4.41775,False,True,bicycle,electric_assist
2026-06-15T02:47:58Z,check,check:d04ce5f521cd,51.895143,4.514735,False,True,bicycle,electric_assist
2026-06-15T02:47:58Z,check,check:7e08f5d9c71e,51.913319,4.417805,False,True,bicycle,electric_assist
2026-06-15T02:47:58Z,check,check:69a7336584a8,51.942435,4.537878,False,False,bicycle,electric_assist
2026-06-15T02:47:58Z,check,check:e398c76f4d85,51.886392,4.466029,False,False,bicycle,electric_assist
2026-06-15T02:47:58Z,check,check:a80ce563d85b,51.913339,4.417721,False,True,bicycle,electric_assist
2026-06-15T02:47:58Z,check,check:307c384593c8,51.962283,4.51144,False,False,bicycle,electric_assist
2026-06-15T02:47:58Z,check,check:2330f47bb172,51.907367,4.462808,False,False,bicycle,electric_assist
2026-06-15T02:47:58Z,check,check:ff22c1c12bb8,51.913328,4.417817,False,True,bicycle,electric_assist
2026-06-15T02:47:58Z,check,check:b1e5ad023881,51.932503,4.476007,False,False,bicycle,electric_assist
2026-06-15T02:47:58Z,check,check:41027e2be85c,51.910277,4.424849,False,True,bicycle,electric_assist
2026-06-15T02:47:58Z,check,check:80700e82de99,51.959339,4.506104,False,False,bicycle,electric_assist
2026-06-15T02:47:58Z,check,check:5b496220e601,51.949249,4.432596,False,True,bicycle,electric_assist
2026-06-15T02:47:58Z,check,check:041f0ba08c8b,51.91334,4.417637,False,True,bicycle,electric_assist
2026-06-15T02:47:58Z,check,check:7d9392edff58,51.922844,4.508534,False,False,bicycle,electric_assist
2026-06-15T02:47:58Z,check,check:e397696f3081,51.95891,4.467186,False,False,bicycle,electric_assist
2026-06-15T02:47:58Z,check,check:7b6dd51db30f,51.955616,4.506065,False,False,bicycle,electric_assist
2026-06-15T02:47:58Z,check,check:ed9d5e6e61c7,51.964709,4.502116,False,False,bicycle,electric_assist
2026-06-15T02:47:58Z,check,check:3d9732aff687,51.87428,4.52312,False,False,bicycle,electric_assist
2026-06-15T02:47:58Z,check,check:e8245f618f4f,51.891138,4.47953,False,False,bicycle,electric_assist
2026-06-15T02:47:58Z,check,check:60360492a6aa,51.931753,4.563918,False,False,bicycle,electric_assist
2026-06-15T02:47:58Z,check,check:9942e8b9f97b,51.874251,4.52304,False,False,bicycle,electric_assist
2026-06-15T02:47:58Z,check,check:f0818e48df61,51.916148,4.526964,False,False,bicycle,electric_assist
2026-06-15T02:47:58Z,check,check:9f2d3ee69d6a,51.91181,4.466375,False,False,bicycle,electric_assist
2026-06-15T02:47:58Z,check,check:028b58643973,51.957629,4.501738,False,False,bicycle,electric_assist
2026-06-15T02:47:58Z,check,check:cef201e28594,51.913343,4.417825,False,True,bicycle,electric_assist
2026-06-15T02:47:58Z,check,check:24b97d486a95,51.916255,4.409318,False,False,bicycle,electric_assist
2026-06-15T02:47:58Z,check,check:494711a3cdf1,51.886304,4.549294,False,False,bicycle,electric_assist
2026-06-15T02:47:58Z,check,check:05402e98bb50,51.874253,4.523083,False,False,bicycle,electric_assist
2026-06-15T02:47:58Z,check,check:32e1c4570041,51.902565,4.494858,False,False,bicycle,electric_assist
2026-06-15T02:47:58Z,check,check:424d8bfd3159,51.892194,4.471376,False,False,bicycle,electric_assist
2026-06-15T02:47:58Z,check,check:81875134e2f1,51.913329,4.417788,False,True,bicycle,electric_assist
2026-06-15T02:47:58Z,check,check:b44e56823e2d,51.913339,4.417597,False,True,bicycle,electric_assist
2026-06-15T02:47:58Z,check,check:3eb5287d803c,51.880626,4.531943,False,False,bicycle,electric_assist
2026-06-15T02:47:58Z,check,check:acdb9a02aaf2,51.964275,4.472739,False,False,bicycle,electric_assist
2026-06-15T02:47:58Z,check,check:0c2ed5f32da3,51.96009,4.469897,False,False,bicycle,electric_assist
2026-06-15T02:47:58Z,check,check:5954471ea6e2,51.906667,4.474963,False,False,bicycle,electric_assist
2026-06-15T02:47:58Z,check,check:f0cbbf5d3e85,51.905507,4.465772,False,False,bicycle,electric_assist
2026-06-15T02:47:58Z,check,check:019d84a61c3d,51.874248,4.523078,False,False,bicycle,electric_assist
2026-06-15T02:47:58Z,check,check:75d8f5ae354b,51.911009,4.501364,False,False,bicycle,electric_assist
2026-06-15T02:47:58Z,check,check:8e1625a17d39,51.913364,4.417704,False,True,bicycle,electric_assist
2026-06-15T02:47:58Z,check,check:6d58a1175bde,51.913343,4.417745,False,True,bicycle,electric_assist
2026-06-15T02:47:58Z,check,check:5352e45ac2e1,51.932814,4.484644,False,True,bicycle,electric_assist
2026-06-15T02:47:58Z,check,check:37d0493917fd,51.961887,4.489801,False,False,bicycle,electric_assist
2026-06-15T02:47:58Z,check,check:677466c3f7ef,51.917234,4.523127,False,False,bicycle,electric_assist
2026-06-15T02:47:58Z,check,check:06cbf668fcf1,51.910022,4.424908,False,True,bicycle,electric_assist
2026-06-15T02:47:58Z,check,check:c66e66b52bf0,51.919804,4.511454,False,False,bicycle,electric_assist
2026-06-15T02:47:58Z,check,check:f08a826b3b98,51.886458,4.529169,False,False,bicycle,electric_assist
2026-06-15T02:47:58Z,check,check:e96318a91c69,51.910597,4.459482,False,False,bicycle,electric_assist
2026-06-15T02:47:58Z,check,check:9070499cd7ea,51.902778,4.511508,False,False,bicycle,electric_assist
2026-06-15T02:47:58Z,check,check:3355867bfa1d,51.896511,4.498725,False,False,bicycle,electric_assist
2026-06-15T02:47:58Z,check,check:0741b765a25f,51.921627,4.507083,False,False,bicycle,electric_assist
2026-06-15T02:47:58Z,check,check:63eda19e3156,51.869774,4.474306,False,False,bicycle,electric_assist
2026-06-15T02:47:58Z,check,check:ec2608d9739a,51.911808,4.466335,False,False,bicycle,electric_assist
2026-06-15T02:47:58Z,check,check:a9e8cf510ccb,51.893174,4.464212,False,False,bicycle,electric_assist
2026-06-15T02:47:58Z,check,check:b277b40b3497,51.874265,4.523128,False,False,bicycle,electric_assist
2026-06-15T02:47:58Z,check,check:efb6104cf3dc,51.913314,4.417828,False,True,bicycle,electric_assist
2026-06-15T02:47:58Z,check,check:1eb516364270,51.910498,4.451323,False,False,bicycle,electric_assist
2026-06-15T02:47:58Z,check,check:41f941d2956f,51.913339,4.417646,False,True,bicycle,electric_assist
2026-06-15T02:47:58Z,check,check:3546c4245620,51.91178,4.466351,False,False,bicycle,electric_assist
2026-06-15T02:47:58Z,check,check:cb9f8cf4089b,51.917151,4.523281,False,False,bicycle,electric_assist
2026-06-15T02:47:58Z,check,check:26a1ecd32b8a,51.877336,4.494761,False,False,bicycle,electric_assist
2026-06-15T02:47:58Z,check,check:32115d4c7d38,51.914782,4.444362,False,False,bicycle,electric_assist
2026-06-15T02:47:58Z,check,check:4eb0e8a29db2,51.913304,4.41758,False,True,bicycle,electric_assist
2026-06-15T02:47:58Z,check,check:81f5d7bfcd2d,51.933465,4.487721,False,True,bicycle,electric_assist
2026-06-15T02:47:58Z,check,check:db54577d45f0,51.958842,4.466255,False,False,bicycle,electric_assist
2026-06-15T02:47:58Z,check,check:3a40577391b0,51.905621,4.509519,False,False,bicycle,electric_assist
2026-06-15T02:47:58Z,check,check:4699a72cc755,51.875227,4.472222,False,False,bicycle,electric_assist
2026-06-15T02:47:58Z,check,check:11dbdcbdd991,51.904243,4.507037,False,False,bicycle,electric_assist
2026-06-15T02:47:58Z,check,check:548b0bae9b80,51.920518,4.511601,False,False,bicycle,electric_assist
2026-06-15T02:47:58Z,check,check:85fd4a1c48fb,51.870139,4.470655,False,False,bicycle,electric_assist
2026-06-15T02:47:58Z,check,check:82ca1f066089,51.943298,4.474624,False,False,bicycle,electric_assist
2026-06-15T02:47:58Z,check,check:f6e648edacd4,51.920365,4.474042,False,False,bicycle,electric_assist
2026-06-15T02:47:58Z,check,check:a9fe99ac0a85,51.959699,4.503965,False,False,bicycle,electric_assist
2026-06-15T02:47:58Z,check,check:67ea86575afb,51.958981,4.474616,False,False,bicycle,electric_assist
2026-06-15T02:47:58Z,check,check:dcdb6368251b,51.922846,4.469624,False,False,bicycle,electric_assist
2026-06-15T02:47:58Z,check,check:bfe785aad3a8,51.961373,4.480275,False,False,bicycle,electric_assist
2026-06-15T02:47:58Z,check,check:40568712c6f4,51.913323,4.417632,False,True,bicycle,electric_assist
2026-06-15T02:47:58Z,check,check:b1cfe31016c2,51.913322,4.417706,False,True,bicycle,electric_assist
2026-06-15T02:47:58Z,check,check:9842f7e11a47,51.949233,4.432554,False,True,bicycle,electric_assist
2026-06-15T02:47:58Z,check,check:5c52f90eaa8a,51.914201,4.49618,False,False,bicycle,electric_assist
2026-06-15T02:47:58Z,check,check:24bb53c33aeb,51.913305,4.417749,False,True,bicycle,electric_assist
2026-06-15T02:47:58Z,check,check:0b5dc7848b70,51.914446,4.459292,False,True,bicycle,electric_assist
2026-06-15T02:47:58Z,check,check:6ad7167b0df7,51.913168,4.501032,False,False,bicycle,electric_assist
2026-06-15T02:47:58Z,check,check:e08e8a0db614,51.89698,4.423318,False,False,bicycle,electric_assist
2026-06-15T02:47:58Z,check,check:be250cb6ee81,51.91332,4.417656,False,True,bicycle,electric_assist
2026-06-15T02:47:58Z,check,check:4fd6309e97bb,51.873117,4.490156,False,False,bicycle,electric_assist
2026-06-15T02:47:58Z,check,check:ad7923efd4b4,51.912017,4.490839,False,False,bicycle,electric_assist
2026-06-15T02:47:58Z,check,check:319de5dcdcda,51.874245,4.494206,False,False,bicycle,electric_assist
2026-06-15T02:47:58Z,check,check:59d77956e10a,51.930857,4.457493,False,False,bicycle,electric_assist
2026-06-15T02:47:58Z,check,check:d409a5ab208e,51.93476,4.467315,False,False,bicycle,electric_assist
2026-06-15T02:47:58Z,check,check:0ce64ca43a9c,51.919945,4.443143,False,False,bicycle,electric_assist
2026-06-15T02:47:58Z,check,check:53d94e9a8548,51.904451,4.406962,False,False,bicycle,electric_assist
2026-06-15T02:47:58Z,check,check:675e4ff4db40,51.880458,4.530083,False,False,bicycle,electric_assist
2026-06-15T02:47:58Z,check,check:d80e08bb16f5,51.913344,4.417672,False,True,bicycle,electric_assist
2026-06-15T02:47:58Z,check,check:be97e0204a9b,51.913342,4.417731,False,True,bicycle,electric_assist
2026-06-15T02:47:58Z,check,check:6fa57b944936,51.933359,4.5029,False,False,bicycle,electric_assist
2026-06-15T02:47:58Z,check,check:74b80da5cc77,51.911572,4.42503,False,False,bicycle,electric_assist
2026-06-15T02:47:58Z,check,check:dfb87dd08beb,51.923964,4.48646,False,True,bicycle,electric_assist
2026-06-15T02:47:58Z,check,check:00bea2f8da3f,51.957664,4.501673,False,False,bicycle,electric_assist
2026-06-15T02:47:58Z,check,check:8484082d64d6,51.942461,4.537888,False,False,bicycle,electric_assist
2026-06-15T02:47:58Z,check,check:180c2438cfb6,51.877298,4.494725,False,False,bicycle,electric_assist
2026-06-15T02:47:58Z,check,check:3119810565ee,51.924741,4.517026,False,False,bicycle,electric_assist
2026-06-15T02:47:58Z,check,check:0c1a0758289d,51.892509,4.518045,False,True,bicycle,electric_assist
2026-06-15T02:47:58Z,check,check:feca83f23b4c,51.912777,4.484269,False,True,bicycle,electric_assist
2026-06-15T02:47:58Z,check,check:38dac7d279d1,51.958997,4.471596,False,False,bicycle,electric_assist
2026-06-15T02:47:58Z,check,check:fc28bf64c692,51.905583,4.509563,False,False,bicycle,electric_assist
2026-06-15T02:47:58Z,check,check:06b11f809751,51.901757,4.509351,False,False,bicycle,electric_assist
2026-06-15T02:47:58Z,check,check:e414c7e94f2e,51.899155,4.509944,False,False,bicycle,electric_assist
2026-06-15T02:47:58Z,check,check:4cb9b2828007,51.886215,4.549301,False,False,bicycle,electric_assist
2026-06-15T02:47:58Z,check,check:3bf50988b685,51.960625,4.465008,False,False,bicycle,electric_assist
2026-06-15T02:47:58Z,check,check:5fd5a897cd2b,51.913339,4.41763,False,True,bicycle,electric_assist
2026-06-15T02:47:58Z,check,check:8534f2e4de4e,51.953804,4.5201,False,False,bicycle,electric_assist
2026-06-15T02:47:58Z,check,check:a5f689231876,51.915902,4.500679,False,False,bicycle,electric_assist
2026-06-15T02:47:58Z,check,check:9d23fc580030,51.941749,4.474424,False,False,bicycle,electric_assist
2026-06-15T02:47:58Z,check,check:eb561516aadd,51.913355,4.417611,False,True,bicycle,electric_assist
2026-06-15T02:47:58Z,check,check:ffdcaf13ef5d,51.928274,4.489278,False,False,bicycle,electric_assist
2026-06-15T02:47:58Z,check,check:67559da0738b,51.913025,4.553786,False,False,bicycle,electric_assist
2026-06-15T02:47:58Z,check,check:4d279a754899,51.913721,4.450731,False,False,bicycle,electric_assist
2026-06-15T02:47:58Z,check,check:8ab1d6176ad0,51.913325,4.417699,False,True,bicycle,electric_assist
2026-06-15T02:47:58Z,check,check:4d2c7ceb8c62,51.933689,4.479738,False,False,bicycle,electric_assist
2026-06-15T02:47:58Z,check,check:27d98288bac3,51.913345,4.417834,False,True,bicycle,electric_assist
2026-06-15T02:47:58Z,check,check:8fa17f6b2f2d,51.913362,4.417765,False,True,bicycle,electric_assist
2026-06-15T02:47:58Z,check,check:33990d50584f,51.913332,4.417666,False,True,bicycle,electric_assist
2026-06-15T02:47:58Z,check,check:170c4b66ba67,51.900897,4.503111,False,False,bicycle,electric_assist
2026-06-15T02:47:58Z,check,check:2fb89f7b15a1,51.902448,4.465252,False,False,bicycle,electric_assist
2026-06-15T02:47:58Z,check,check:0cbc271751e0,51.912777,4.430278,False,False,bicycle,electric_assist
2026-06-15T02:47:58Z,check,check:1dc32c35f4ef,51.913352,4.417678,False,True,bicycle,electric_assist
2026-06-15T02:47:58Z,check,check:3d4787079c6f,51.932,4.415789,False,False,bicycle,electric_assist
2026-06-15T02:47:58Z,check,check:1dfb55fea34a,51.961155,4.510271,False,False,bicycle,electric_assist
2026-06-15T02:47:58Z,check,check:aafa9c77ab8f,51.928035,4.547428,False,False,bicycle,electric_assist
2026-06-15T02:47:58Z,check,check:17ea262f0c70,51.907705,4.443584,False,False,bicycle,electric_assist
2026-06-15T02:47:58Z,check,check:1f931bc9ead2,51.95507,4.470896,False,True,bicycle,electric_assist
2026-06-15T02:47:58Z,check,check:477e6d09173d,51.961012,4.503074,False,False,bicycle,electric_assist
2026-06-15T02:47:58Z,check,check:8cf18de75630,51.934234,4.462571,False,False,bicycle,electric_assist
2026-06-15T02:47:58Z,check,check:454f2e219323,51.912339,4.385448,False,True,bicycle,electric_assist
2026-06-15T02:47:58Z,check,check:03b909a9669b,51.931748,4.563995,False,False,bicycle,electric_assist
2026-06-15T02:47:58Z,check,check:f15bfb29ef14,51.877145,4.491555,False,False,bicycle,electric_assist
2026-06-15T02:47:58Z,check,check:2b73e12345fd,51.875637,4.493406,False,False,bicycle,electric_assist
2026-06-15T02:47:58Z,check,check:4a4dd310aa73,51.87096,4.501264,False,True,bicycle,electric_assist
2026-06-15T02:47:58Z,check,check:a6a0bdcc33c2,51.911811,4.4664,False,False,bicycle,electric_assist
2026-06-15T02:47:58Z,check,check:c61788de678d,51.923661,4.399634,False,True,bicycle,electric_assist
2026-06-15T02:47:58Z,check,check:64d8b0e18a4c,51.913341,4.417679,False,True,bicycle,electric_assist
2026-06-15T02:47:58Z,check,check:2f8776956c0b,51.913316,4.41776,False,True,bicycle,electric_assist
2026-06-15T02:47:58Z,check,check:b56b2d7d716b,51.910965,4.461161,False,False,bicycle,electric_assist
2026-06-15T02:47:58Z,check,check:579b3054158a,51.958946,4.474545,False,False,bicycle,electric_assist
2026-06-15T02:47:58Z,check,check:327f10c1cf4e,51.913315,4.417718,False,True,bicycle,electric_assist
2026-06-15T02:47:58Z,check,check:3524767712b0,51.905592,4.509547,False,False,bicycle,electric_assist
2026-06-15T02:47:58Z,check,check:0ec39b9f8127,51.8768,4.470303,False,False,bicycle,electric_assist
2026-06-15T02:47:58Z,check,check:f6959ce55254,51.877136,4.491589,False,False,bicycle,electric_assist
2026-06-15T02:47:58Z,check,check:367b08c5e64f,51.896886,4.500097,False,False,bicycle,electric_assist
2026-06-15T02:47:58Z,check,check:6fff2680e317,51.917004,4.523427,False,False,bicycle,electric_assist
2026-06-15T02:47:58Z,check,check:d82377f18174,51.887696,4.539733,False,True,bicycle,electric_assist
2026-06-15T02:47:58Z,check,check:e9eb471a90f4,51.942144,4.460588,False,False,bicycle,electric_assist
2026-06-15T02:47:58Z,check,check:7a5c44b1ab0d,51.913354,4.417855,False,True,bicycle,electric_assist
2026-06-15T02:47:58Z,check,check:de03cf19c05c,51.931474,4.493063,False,False,bicycle,electric_assist
2026-06-15T02:47:58Z,check,check:9ad9658a0b82,51.910222,4.424777,False,True,bicycle,electric_assist
2026-06-15T02:47:58Z,check,check:e6b74883b637,51.913344,4.417884,False,True,bicycle,electric_assist
2026-06-15T02:47:58Z,check,check:2ee0044497aa,51.913313,4.417822,False,True,bicycle,electric_assist
2026-06-15T02:47:58Z,check,check:ef426d0298d0,51.907171,4.489314,False,False,bicycle,electric_assist
2026-06-15T02:47:58Z,check,check:ae8e1efc1183,51.886333,4.549314,False,False,bicycle,electric_assist
2026-06-15T02:47:58Z,check,check:bdf2602c16f9,51.917399,4.430037,False,True,bicycle,electric_assist
2026-06-15T02:47:58Z,check,check:510c361cde61,51.874282,4.523125,False,False,bicycle,electric_assist
2026-06-15T02:47:58Z,check,check:a52315150a2b,51.91863,4.416517,False,False,bicycle,electric_assist
2026-06-15T02:47:58Z,check,check:fbd3f1e62a71,51.904556,4.497931,False,False,bicycle,electric_assist
2026-06-15T02:47:58Z,check,check:a4014d37e744,51.913321,4.417846,False,True,bicycle,electric_assist
2026-06-15T02:47:58Z,check,check:7efcdc1ac775,51.936743,4.46413,False,False,bicycle,electric_assist
2026-06-15T02:47:58Z,check,check:79052083683f,51.913432,4.400312,False,False,bicycle,electric_assist
2026-06-15T02:47:58Z,check,check:c3accb9befc0,51.89415,4.491393,False,False,bicycle,electric_assist
2026-06-15T02:47:58Z,check,check:4986b2b58024,51.908927,4.49847,False,False,bicycle,electric_assist
2026-06-15T02:47:58Z,check,check:31fc09a49fc7,51.915087,4.439168,False,False,bicycle,electric_assist
2026-06-15T02:47:58Z,check,check:9f8517dda221,51.91336,4.417628,False,True,bicycle,electric_assist
2026-06-15T02:47:58Z,check,check:207d467a88b6,51.919109,4.447069,False,False,bicycle,electric_assist
2026-06-15T02:47:58Z,check,check:fd380aa0655f,51.913333,4.417857,False,True,bicycle,electric_assist
2026-06-15T02:47:58Z,check,check:6c528bb1e9ed,51.912349,4.4551,False,False,bicycle,electric_assist
2026-06-15T02:47:58Z,check,check:794f0e60bb56,51.91899,4.448411,False,False,bicycle,electric_assist
2026-06-15T02:47:58Z,check,check:453c0165c6db,51.938001,4.536817,False,False,bicycle,electric_assist
2026-06-15T02:47:58Z,check,check:16fb58c9bacb,51.934595,4.413974,False,False,bicycle,electric_assist
2026-06-15T02:47:58Z,check,check:6adbe8b06ebe,51.949286,4.432661,False,True,bicycle,electric_assist
2026-06-15T02:47:58Z,check,check:1f09cd784ef2,51.909994,4.424909,False,False,bicycle,electric_assist
2026-06-15T02:47:58Z,check,check:942f5ca5d57c,51.949278,4.432665,False,True,bicycle,electric_assist
2026-06-15T02:47:58Z,check,check:d2919f59c728,51.921846,4.522913,False,False,bicycle,electric_assist
2026-06-15T02:47:58Z,check,check:3638dab088d1,51.944611,4.482525,False,False,bicycle,electric_assist
2026-06-15T02:47:58Z,check,check:a9d58f5ec8ce,51.913357,4.417772,False,True,bicycle,electric_assist
2026-06-15T02:47:58Z,check,check:87f300df502e,51.913346,4.417842,False,True,bicycle,electric_assist
2026-06-15T02:47:58Z,check,check:7f4c2c84484d,51.886449,4.529114,False,False,bicycle,electric_assist
2026-06-15T02:47:58Z,check,check:d0a5b11bd9ee,51.910849,4.55387,False,False,bicycle,electric_assist
2026-06-15T02:47:58Z,check,check:c0314a9e91bd,51.886235,4.549348,False,False,bicycle,electric_assist
2026-06-15T02:47:58Z,check,check:e873ec0eb1dd,51.953846,4.520117,False,False,bicycle,electric_assist
2026-06-15T02:47:58Z,check,check:e9effb519b03,51.928356,4.519226,False,False,bicycle,electric_assist
2026-06-15T02:47:58Z,check,check:02efc07db814,51.911247,4.524738,False,False,bicycle,electric_assist
2026-06-15T02:47:58Z,check,check:b7a08199b56b,51.928232,4.507901,False,False,bicycle,electric_assist
2026-06-15T02:47:58Z,check,check:cd931d692506,51.880487,4.530045,False,False,bicycle,electric_assist
2026-06-15T02:47:58Z,check,check:9615ab52fea5,51.922241,4.482801,False,False,bicycle,electric_assist
2026-06-15T02:47:58Z,check,check:9de9cbcb1cc6,51.95767,4.50166,False,False,bicycle,electric_assist
2026-06-15T02:47:58Z,check,check:d64a8a9e8ae5,51.905902,4.443912,False,False,bicycle,electric_assist
2026-06-15T02:47:58Z,check,check:f59c6b74ff40,51.958096,4.509784,False,False,bicycle,electric_assist
2026-06-15T02:47:58Z,check,check:c211c62427d1,51.896899,4.52361,False,False,bicycle,electric_assist
2026-06-15T02:47:58Z,check,check:c5a8a50b8ffc,51.961843,4.499816,False,False,bicycle,electric_assist
2026-06-15T02:47:58Z,check,check:215c9a6a71ce,51.891407,4.51177,False,False,bicycle,electric_assist
2026-06-15T02:47:58Z,check,check:61aab358bbbd,51.91335,4.417831,False,True,bicycle,electric_assist
2026-06-15T02:47:58Z,check,check:cd93208a37ed,51.938017,4.536934,False,False,bicycle,electric_assist
2026-06-15T02:47:58Z,check,check:4b960a30f62c,51.911682,4.449548,False,False,bicycle,electric_assist
2026-06-15T02:47:58Z,check,check:0ce41b5c821b,51.935013,4.464785,False,False,bicycle,electric_assist
2026-06-15T02:47:58Z,check,check:8029c65562f9,51.919146,4.442641,False,False,bicycle,electric_assist
2026-06-15T02:47:58Z,check,check:6ce71cbf9248,51.920153,4.434415,False,False,bicycle,electric_assist
2026-06-15T02:47:58Z,check,check:e312234c7e51,51.933323,4.460167,False,False,bicycle,electric_assist
2026-06-15T02:47:58Z,check,check:484f02d6ff4c,51.950297,4.544593,False,False,bicycle,electric_assist
2026-06-15T02:47:58Z,check,check:a4d99eeff332,51.913348,4.417805,False,True,bicycle,electric_assist
2026-06-15T02:47:58Z,check,check:ecf4fec8ec17,51.906219,4.476851,False,False,bicycle,electric_assist
2026-06-15T02:47:58Z,check,check:e93f80063c52,51.88624,4.549328,False,False,bicycle,electric_assist
2026-06-15T02:47:58Z,check,check:f2ffbd04a9ab,51.904785,4.486204,False,False,bicycle,electric_assist
2026-06-15T02:47:58Z,check,check:9cad5ef0e4a9,51.91264,4.43033,False,False,bicycle,electric_assist
2026-06-15T02:47:58Z,check,check:b90b3b71762a,51.914926,4.442373,False,False,bicycle,electric_assist
2026-06-15T02:47:58Z,check,check:55be1822cce5,51.913351,4.417724,False,True,bicycle,electric_assist
2026-06-15T02:47:58Z,check,check:7daeb776fe09,51.917191,4.523387,False,False,bicycle,electric_assist
2026-06-15T02:47:58Z,check,check:f6440f9a5455,51.913345,4.417877,False,True,bicycle,electric_assist
2026-06-15T02:47:58Z,check,check:8e5ec08267b5,51.888661,4.488734,False,False,bicycle,electric_assist
2026-06-15T02:47:58Z,check,check:de48579c9fe8,51.918894,4.488054,False,True,bicycle,electric_assist
2026-06-15T02:47:58Z,check,check:e1322ed4b017,51.913355,4.417738,False,True,bicycle,electric_assist
2026-06-15T02:47:58Z,check,check:366560b53bed,51.90951,4.442021,False,False,bicycle,electric_assist
2026-06-15T02:47:58Z,check,check:148ee3b14fc6,51.910216,4.424734,False,True,bicycle,electric_assist
2026-06-15T02:47:58Z,check,check:1e8a50d6271c,51.912468,4.430368,False,False,bicycle,electric_assist
2026-06-15T02:47:58Z,check,check:5f434c2bf34b,51.945029,4.48281,False,False,bicycle,electric_assist
2026-06-15T02:47:58Z,check,check:cf1fe2628ac9,51.913341,4.417754,False,True,bicycle,electric_assist
2026-06-15T02:47:58Z,check,check:16301e324b0d,51.91533,4.474126,False,False,bicycle,electric_assist
2026-06-15T02:47:58Z,check,check:d0fe8ed889f8,51.917072,4.409318,False,False,bicycle,electric_assist
2026-06-15T02:47:58Z,check,check:396694a7e17e,51.935371,4.475876,False,False,bicycle,electric_assist
2026-06-15T02:47:58Z,check,check:98deb7758c60,51.913354,4.417741,False,True,bicycle,electric_assist
2026-06-15T02:47:58Z,check,check:191865f6c761,51.909903,4.423352,False,False,bicycle,electric_assist
2026-06-15T02:47:58Z,check,check:138554e8f7b8,51.90735,4.402279,False,True,bicycle,electric_assist
2026-06-15T02:47:58Z,check,check:7be4d3abc72b,51.916074,4.478828,True,False,bicycle,electric_assist
2026-06-15T02:47:58Z,check,check:29f158afdfe2,51.906522,4.526158,False,False,bicycle,electric_assist
2026-06-15T02:47:58Z,check,check:f9d9e81cf138,51.920286,4.412057,False,False,bicycle,electric_assist
2026-06-15T02:47:58Z,check,check:cbd971c6da9f,51.913553,4.439764,False,False,bicycle,electric_assist
2026-06-15T02:47:58Z,check,check:d5673f5dd096,51.93395,4.453182,False,False,bicycle,electric_assist
2026-06-15T02:47:58Z,check,check:118c9bc1850a,51.907822,4.45332,False,False,bicycle,electric_assist
2026-06-15T02:47:58Z,check,check:8916b88ef4bf,51.908548,4.481786,False,False,bicycle,electric_assist
2026-06-15T02:47:58Z,check,check:cb7b6a6c4b77,51.90808,4.460374,False,False,bicycle,electric_assist
2026-06-15T02:47:58Z,check,check:3aa487d17bdd,51.949263,4.432568,False,True,bicycle,electric_assist
2026-06-15T02:47:58Z,check,check:1514ccbf4f19,51.960985,4.503163,False,False,bicycle,electric_assist
2026-06-15T02:47:58Z,check,check:4173ec3ad56e,51.869859,4.486843,False,False,bicycle,electric_assist
2026-06-15T02:47:58Z,check,check:c4cc4c7fb40f,51.922836,4.469551,False,False,bicycle,electric_assist
2026-06-15T02:47:58Z,check,check:beb0f2c0e438,51.954561,4.476438,False,False,bicycle,electric_assist
2026-06-15T02:47:58Z,check,check:a35463b4db14,51.9096,4.464105,False,False,bicycle,electric_assist
2026-06-15T02:47:58Z,check,check:33d5e8e38368,51.959546,4.473465,False,False,bicycle,electric_assist
2026-06-15T02:47:58Z,check,check:b5e964ba609c,51.90848,4.496996,False,False,bicycle,electric_assist
2026-06-15T02:47:58Z,check,check:838d7baf5404,51.906656,4.47507,False,False,bicycle,electric_assist
2026-06-15T02:47:58Z,check,check:f201a7feeaca,51.913345,4.417626,False,True,bicycle,electric_assist
2026-06-15T02:47:58Z,check,check:1a99a624a349,51.911235,4.475892,False,False,bicycle,electric_assist
2026-06-15T02:47:58Z,check,check:12945d9fba98,51.906206,4.461819,False,False,bicycle,electric_assist
2026-06-15T02:47:58Z,check,check:8ef91c0e6d1c,51.906186,4.453263,False,False,bicycle,electric_assist
2026-06-15T02:47:58Z,check,check:0064b7745edb,51.953835,4.520098,False,False,bicycle,electric_assist
2026-06-15T02:47:58Z,check,check:d601b1ed4127,51.938974,4.47228,False,False,bicycle,electric_assist
2026-06-15T02:47:58Z,check,check:b7b5466fcda4,51.918444,4.446416,False,False,bicycle,electric_assist
2026-06-15T02:47:58Z,check,check:c0ec9660adfb,51.910008,4.440666,False,False,bicycle,electric_assist
2026-06-15T02:47:58Z,check,check:98cca6c8380b,51.926872,4.458047,False,False,bicycle,electric_assist
2026-06-15T02:47:58Z,check,check:cc143dadb2df,51.921052,4.559214,False,False,bicycle,electric_assist
2026-06-15T02:47:58Z,check,check:416e1a5fe7f8,51.913333,4.417614,False,True,bicycle,electric_assist
2026-06-15T02:47:58Z,check,check:26417db6ea5c,51.928403,4.545633,False,False,bicycle,electric_assist
2026-06-15T02:47:58Z,check,check:9c81d0284aef,51.935522,4.487908,False,True,bicycle,electric_assist
2026-06-15T02:47:58Z,check,check:2f1a0afb225c,51.914998,4.427571,False,False,bicycle,electric_assist
2026-06-15T02:47:58Z,check,check:54a0b59ea6d6,51.960719,4.489512,False,False,bicycle,electric_assist
2026-06-15T02:47:58Z,check,check:c5c8efc50b61,51.91335,4.417708,False,True,bicycle,electric_assist
2026-06-15T02:47:58Z,check,check:ed5f3a2cdae8,51.922791,4.469644,False,False,bicycle,electric_assist
2026-06-15T02:47:58Z,check,check:09ec6a40437e,51.908805,4.442721,False,False,bicycle,electric_assist
2026-06-15T02:47:58Z,check,check:feba106bf8d5,51.922684,4.487019,False,True,bicycle,electric_assist
2026-06-15T02:47:58Z,check,check:7a8d78e8e8f6,51.916675,4.415884,False,False,bicycle,electric_assist
2026-06-15T02:47:58Z,check,check:335512fbf2ce,51.886952,4.521292,False,False,bicycle,electric_assist
2026-06-15T02:47:58Z,check,check:f41a1f42b33b,51.910532,4.436655,False,False,bicycle,electric_assist
2026-06-15T02:47:58Z,check,check:d367e16acdfb,51.913358,4.417737,False,True,bicycle,electric_assist
2026-06-15T02:47:58Z,check,check:8c6ec769d390,51.961642,4.467192,False,False,bicycle,electric_assist
2026-06-15T02:47:58Z,check,check:e555512d9c1a,51.962833,4.501175,False,False,bicycle,electric_assist
2026-06-15T02:47:58Z,check,check:b3a821d084f4,51.915899,4.514772,False,False,bicycle,electric_assist
2026-06-15T02:47:58Z,check,check:cd470b35e54c,51.886962,4.521288,False,False,bicycle,electric_assist
2026-06-15T02:47:58Z,check,check:9b75684fd855,51.928426,4.545634,False,False,bicycle,electric_assist
2026-06-15T02:47:58Z,check,check:63d06673497f,51.930439,4.458298,False,False,bicycle,electric_assist
2026-06-15T02:47:58Z,check,check:c8931a6846df,51.906488,4.505825,False,False,bicycle,electric_assist
2026-06-15T02:47:58Z,check,check:6172763cfafa,51.921371,4.468623,False,False,bicycle,electric_assist
2026-06-15T02:47:58Z,check,check:b745a9c9ffe6,51.910546,4.4752,False,False,bicycle,electric_assist
2026-06-15T02:47:58Z,check,check:7bd3b8d93633,51.951163,4.555434,False,False,bicycle,electric_assist
2026-06-15T02:47:58Z,check,check:e8e3fd6eb149,51.913331,4.417686,False,True,bicycle,electric_assist
2026-06-15T02:47:58Z,check,check:ce5b9b870547,51.866184,4.467317,False,True,bicycle,electric_assist
2026-06-15T02:47:58Z,check,check:660c7794c412,51.909022,4.392904,False,False,bicycle,electric_assist
2026-06-15T02:47:58Z,check,check:c5086555b551,51.910184,4.424728,False,True,bicycle,electric_assist
2026-06-15T02:47:58Z,check,check:088cfdfaed99,51.930579,4.469928,False,False,bicycle,electric_assist
2026-06-15T02:47:58Z,check,check:dad60b4f3db0,51.917314,4.446599,False,False,bicycle,electric_assist
2026-06-15T02:47:58Z,check,check:55aca6612f6b,51.964811,4.502129,False,False,bicycle,electric_assist
2026-06-15T02:47:58Z,check,check:02e2e7c88335,51.919482,4.512934,False,False,bicycle,electric_assist
2026-06-15T08:42:11Z,donkey,donkey:fb52652843aa,51.9884967,4.383575,False,False,bicycle,
2026-06-15T08:42:11Z,donkey,donkey:d17e89f5a081,51.8382537,4.6857794,False,False,bicycle,
2026-06-15T08:42:11Z,donkey,donkey:a45459ab8988,51.839137,4.626984,False,True,bicycle,
2026-06-15T08:42:11Z,donkey,donkey:8f37b2373c1a,51.8385495,4.6359414,False,False,bicycle,
2026-06-15T08:42:11Z,donkey,donkey:41d99d75d814,51.8385891,4.6418341,False,False,bicycle,
2026-06-15T08:42:11Z,donkey,donkey:b8a75f64ffbd,51.84599,4.6573915,False,False,bicycle,
2026-06-15T08:42:11Z,donkey,donkey:ed532b3c7d7e,51.8453752,4.6304692,False,False,bicycle,
2026-06-15T08:42:11Z,donkey,donkey:acf870374cd0,51.8882956,4.6872478,False,False,bicycle,
2026-06-15T08:42:11Z,donkey,donkey:42fd0bb89945,51.8585315,4.7040351,False,False,bicycle,
2026-06-15T08:42:11Z,donkey,donkey:db6ba3bd40bc,51.8585288,4.7040851,False,False,bicycle,
2026-06-15T08:42:11Z,donkey,donkey:4b36f8717e57,51.9652452,4.6171928,False,False,bicycle,
2026-06-15T08:42:11Z,donkey,donkey:cfbfdecfa8ec,51.9651917,4.61722,False,False,bicycle,
2026-06-15T08:42:11Z,donkey,donkey:026ef4bf44a3,51.9652417,4.61719,False,False,bicycle,
2026-06-15T08:42:11Z,donkey,donkey:0cb735169052,51.9652452,4.6171928,False,False,bicycle,
2026-06-15T08:42:11Z,donkey,donkey:798ca3f53535,51.9652452,4.6171928,False,False,bicycle,
2026-06-15T08:42:11Z,donkey,donkey:149f90523322,51.9652789,4.6171819,False,False,bicycle,
2026-06-15T08:42:11Z,donkey,donkey:18c11adb90d1,51.9651752,4.6170937,False,False,bicycle,
2026-06-15T08:42:11Z,felyx,felyx:68d4a0a7b6b6,51.91124983333333,4.481976116666667,False,False,bicycle,electric_assist
2026-06-15T08:42:11Z,felyx,felyx:c84cc48be295,51.90811743333333,4.481077016666666,False,False,bicycle,electric_assist
2026-06-15T08:42:11Z,felyx,felyx:a645fd1d9f56,51.913024233333324,4.480554716666667,False,True,bicycle,electric_assist
2026-06-15T08:42:11Z,felyx,felyx:5b9ebb9a1867,51.918429133333326,4.460443416666667,False,True,bicycle,electric_assist
2026-06-15T08:42:11Z,felyx,felyx:80e172e9f45c,51.884539016666665,4.468018816666667,False,False,bicycle,electric_assist
2026-06-15T08:42:11Z,felyx,felyx:15be73459c3f,51.91910843333333,4.444466116666666,False,False,bicycle,electric_assist
2026-06-15T08:42:11Z,felyx,felyx:89fb5cb791cb,51.88396881666666,4.480276316666667,False,True,bicycle,electric_assist
2026-06-15T08:42:11Z,felyx,felyx:25219870c6c2,51.91617736666666,4.527296149999999,False,False,bicycle,electric_assist
2026-06-15T08:42:11Z,felyx,felyx:b72560ea0a2f,51.936900333333334,4.491222716666666,False,False,bicycle,electric_assist
2026-06-15T08:42:11Z,felyx,felyx:70ab596a5191,51.927814033333334,4.481739016666666,False,False,bicycle,electric_assist
2026-06-15T08:42:11Z,felyx,felyx:15db868a22af,51.88620701666667,4.5492839,False,False,bicycle,electric_assist
2026-06-15T08:42:11Z,felyx,felyx:9e88338efb5d,51.91620563333333,4.527164899999999,False,False,bicycle,electric_assist
2026-06-15T08:42:11Z,felyx,felyx:29632b079643,51.916777333333336,4.380775016666666,False,True,bicycle,electric_assist
2026-06-15T08:42:11Z,felyx,felyx:4db344d5f203,51.893022716666664,4.5391896,False,False,bicycle,electric_assist
2026-06-15T08:42:11Z,felyx,felyx:8d7cd5a48921,51.873698016666665,4.490804616666667,False,False,bicycle,electric_assist
2026-06-15T08:42:11Z,felyx,felyx:1ea6267cb1a9,51.93340463333334,4.352036016666666,False,True,bicycle,electric_assist
2026-06-15T08:42:11Z,felyx,felyx:0f407cbf36f6,51.86998701666667,4.487496016666666,False,False,bicycle,electric_assist
2026-06-15T08:42:11Z,felyx,felyx:633c719b2a3b,51.94133623333333,4.488176016666667,False,False,bicycle,electric_assist
2026-06-15T08:42:11Z,felyx,felyx:9e85642b2772,51.89260051666667,4.4792145166666675,False,False,bicycle,electric_assist
2026-06-15T08:42:11Z,felyx,felyx:ce32e967f055,51.90451223333333,4.4070271000000005,False,False,bicycle,electric_assist
2026-06-15T08:42:11Z,felyx,felyx:e407118e59d4,51.957420233333345,4.5358084,False,False,bicycle,electric_assist
2026-06-15T08:42:11Z,felyx,felyx:492430b0c31a,51.92088883333332,4.490999416666668,False,True,bicycle,electric_assist
2026-06-15T08:42:11Z,felyx,felyx:cedf612658ae,51.90266733333333,4.449703416666667,False,False,bicycle,electric_assist
2026-06-15T08:42:11Z,felyx,felyx:2bb589e50b48,51.89533801666666,4.5198159,True,False,bicycle,electric_assist
2026-06-15T08:42:11Z,felyx,felyx:ebc06f47a16c,51.90975663333334,4.397450316666667,False,False,bicycle,electric_assist
2026-06-15T08:42:11Z,felyx,felyx:1782b7926d33,51.931494733333324,4.4365665,False,False,bicycle,electric_assist
2026-06-15T08:42:11Z,felyx,felyx:40e4067dc351,51.92144993333333,4.5212152,False,False,bicycle,electric_assist
2026-06-15T08:42:11Z,felyx,felyx:714802f6a022,51.915384333333336,4.4221009,False,False,bicycle,electric_assist
2026-06-15T08:42:11Z,felyx,felyx:7aa6676f987f,51.93004333333333,4.4301821000000015,False,False,bicycle,electric_assist
2026-06-15T08:42:11Z,felyx,felyx:30c87bb4c746,51.921755233333336,4.4655490166666665,False,False,bicycle,electric_assist
2026-06-15T08:42:11Z,felyx,felyx:d75855ba5fa4,51.91781713333333,4.480037716666666,False,True,bicycle,electric_assist
2026-06-15T08:42:11Z,felyx,felyx:3cd76320fe4f,51.899225816666664,4.5013859,False,False,bicycle,electric_assist
2026-06-15T08:42:11Z,felyx,felyx:ed4266ec5b3e,51.92691273333333,4.508696,False,True,bicycle,electric_assist
2026-06-15T08:42:11Z,felyx,felyx:17861cf6bcf7,51.93156033333332,4.4293117,False,False,bicycle,electric_assist
2026-06-15T08:42:11Z,felyx,felyx:81f23fecde5e,51.93210603333333,4.507587999999999,False,False,bicycle,electric_assist
2026-06-15T08:42:11Z,felyx,felyx:9b640fc2b2ec,51.929435633333334,4.4916831166666675,False,False,bicycle,electric_assist
2026-06-15T08:42:11Z,felyx,felyx:87e69e7ce065,51.89885841666666,4.5645967,False,False,bicycle,electric_assist
2026-06-15T08:42:11Z,felyx,felyx:74880f4453f6,51.87485021666666,4.5248998,False,False,bicycle,electric_assist
2026-06-15T08:42:11Z,felyx,felyx:12e5f2fc5b58,51.92280703333332,4.4712398166666665,False,False,bicycle,electric_assist
2026-06-15T08:42:11Z,felyx,felyx:ad5f29dc7e95,51.91908423333332,4.507410500000001,False,True,bicycle,electric_assist
2026-06-15T08:42:11Z,felyx,felyx:a154af0cea83,51.91590193333333,4.381993116666666,False,False,bicycle,electric_assist
2026-06-15T08:42:11Z,felyx,felyx:727c749d96b4,51.950874633333335,4.5550627,False,False,bicycle,electric_assist
2026-06-15T08:42:11Z,felyx,felyx:5713fbe31c87,51.93387613333333,4.4240449,False,False,bicycle,electric_assist
2026-06-15T08:42:11Z,felyx,felyx:60feeba9c7b3,51.933519233333335,4.499550916666666,False,False,bicycle,electric_assist
2026-06-15T08:42:11Z,felyx,felyx:49f82f99e75d,51.90685283333334,4.385543616666667,False,False,bicycle,electric_assist
2026-06-15T08:42:11Z,felyx,felyx:301024f09136,51.913369533333324,4.459709916666668,False,True,bicycle,electric_assist
2026-06-15T08:42:11Z,felyx,felyx:52def317e55c,51.961435533333336,4.5189467,False,False,bicycle,electric_assist
2026-06-15T08:42:11Z,felyx,felyx:94df0a3fbdf0,51.91601343333333,4.5268067,False,False,bicycle,electric_assist
2026-06-15T08:42:11Z,felyx,felyx:a70f2295d58a,51.91652933333333,4.52721,False,False,bicycle,electric_assist
2026-06-15T08:42:11Z,felyx,felyx:f30085380a30,51.92883733333333,4.466113316666667,False,True,bicycle,electric_assist
2026-06-15T08:42:11Z,felyx,felyx:b02e92770654,51.89183781666667,4.480612216666667,False,True,bicycle,electric_assist
2026-06-15T08:42:11Z,felyx,felyx:ae62211f0c61,51.94217413333333,4.460509616666668,False,False,bicycle,electric_assist
2026-06-15T08:42:11Z,felyx,felyx:3e9366221f2a,51.963643733333356,4.484940516666666,False,True,bicycle,electric_assist
2026-06-15T08:42:11Z,felyx,felyx:33a61b39da48,51.88261141666667,4.521143899999999,False,False,bicycle,electric_assist
2026-06-15T08:42:11Z,felyx,felyx:59e7a2a65384,51.930150533333325,4.493113916666667,False,False,bicycle,electric_assist
2026-06-15T08:42:11Z,felyx,felyx:926f4945388a,51.92046333333332,4.4118974,False,False,bicycle,electric_assist
2026-06-15T08:42:11Z,felyx,felyx:38dac7f281ff,51.91212213333333,4.526945799999999,False,True,bicycle,electric_assist
2026-06-15T08:42:11Z,felyx,felyx:4cce8968bb38,51.97902355,4.5862233,False,False,bicycle,electric_assist
2026-06-15T08:42:11Z,felyx,felyx:437cb02bb951,51.87325091666667,4.492683616666667,False,False,bicycle,electric_assist
2026-06-15T08:42:11Z,felyx,felyx:df4b63ad23e2,51.87242761666667,4.5007395,False,False,bicycle,electric_assist
2026-06-15T08:42:11Z,felyx,felyx:6440db00ea05,51.94046823333333,4.5583102,True,False,bicycle,electric_assist
2026-06-15T08:42:11Z,felyx,felyx:3087054ee240,51.91303023333333,4.613661916666665,False,True,bicycle,electric_assist
2026-06-15T08:42:11Z,felyx,felyx:8d06809ff167,51.89589251666666,4.5667499000000005,False,True,bicycle,electric_assist
2026-06-15T08:42:11Z,felyx,felyx:ecb9aca320f5,51.92065863333334,4.487499916666667,False,False,bicycle,electric_assist
2026-06-15T08:42:11Z,felyx,felyx:a13eed729627,51.875393816666666,4.5147952,False,False,bicycle,electric_assist
2026-06-15T08:42:11Z,felyx,felyx:42049cb18ba4,51.866497816666666,4.353528616666666,False,True,bicycle,electric_assist
2026-06-15T08:42:11Z,felyx,felyx:01c95855e87b,51.90667903333333,4.495162716666666,False,False,bicycle,electric_assist
2026-06-15T08:42:11Z,felyx,felyx:c3bcd1255621,51.92104011666667,4.507894666666666,False,True,bicycle,electric_assist
2026-06-15T08:42:11Z,felyx,felyx:9f504be486e2,51.919160533333326,4.5269956,False,False,bicycle,electric_assist
2026-06-15T08:42:11Z,felyx,felyx:34c7b3908e48,51.89687841666667,4.521730299999999,False,False,bicycle,electric_assist
2026-06-15T08:42:11Z,felyx,felyx:77f5fa66f9cf,51.91611063333333,4.5269258,False,False,bicycle,electric_assist
2026-06-15T08:42:11Z,felyx,felyx:bcd717cdfe62,51.91822073333332,4.4229265,False,False,bicycle,electric_assist
2026-06-15T08:42:11Z,felyx,felyx:70a112a8f4af,51.872639416666665,4.4912960166666664,False,False,bicycle,electric_assist
2026-06-15T08:42:11Z,felyx,felyx:3a659af14de0,51.90697233333333,4.496594816666667,False,True,bicycle,electric_assist
2026-06-15T08:42:11Z,felyx,felyx:ceb86a64b31b,51.963511133333334,4.468288716666667,False,False,bicycle,electric_assist
2026-06-15T08:42:11Z,felyx,felyx:626dec425075,51.920183933333334,4.4288018000000005,False,False,bicycle,electric_assist
2026-06-15T08:42:11Z,felyx,felyx:7112c5dc3b61,51.93378913333333,4.4648779166666674,False,True,bicycle,electric_assist
2026-06-15T08:42:11Z,felyx,felyx:43d2eda0a644,51.90602833333334,4.477488816666667,False,False,bicycle,electric_assist
2026-06-15T08:42:11Z,felyx,felyx:1b97d94b666c,51.90602593333333,4.477516116666667,False,True,bicycle,electric_assist
2026-06-15T08:42:11Z,felyx,felyx:74ccd76e5000,51.917118233333326,4.5233018,False,False,bicycle,electric_assist
2026-06-15T08:42:11Z,felyx,felyx:402eb869191a,51.91539423333334,4.466203816666668,False,False,bicycle,electric_assist
2026-06-15T08:42:11Z,felyx,felyx:90a1dd3d1297,51.92148736666666,4.531706616666667,False,False,bicycle,electric_assist
2026-06-15T08:42:11Z,felyx,felyx:1d4624de1a04,51.87382761666666,4.474888016666666,False,False,bicycle,electric_assist
2026-06-15T08:42:11Z,felyx,felyx:f3368dcb6164,51.94326283333333,4.474610016666667,False,False,bicycle,electric_assist
2026-06-15T08:42:11Z,felyx,felyx:e42649db9111,51.89487371666667,4.465054816666666,False,False,bicycle,electric_assist
2026-06-15T08:42:11Z,felyx,felyx:894fd661041a,51.93119213333332,4.4270335,False,False,bicycle,electric_assist
2026-06-15T08:42:11Z,felyx,felyx:6e40a35ef1a5,51.912551633333344,4.4218986000000005,False,False,bicycle,electric_assist
2026-06-15T08:42:11Z,felyx,felyx:9b78ffe64848,51.87731361666666,4.485782616666667,False,False,bicycle,electric_assist
2026-06-15T08:42:11Z,felyx,felyx:24f1300e27cf,51.94364963333333,4.4776920166666665,False,False,bicycle,electric_assist
2026-06-15T08:42:11Z,felyx,felyx:2ce3b7490c07,51.92240123333333,4.464605416666667,False,True,bicycle,electric_assist
2026-06-15T08:42:11Z,felyx,felyx:817515871410,51.90386283333334,4.5130059000000005,False,False,bicycle,electric_assist
2026-06-15T08:42:11Z,felyx,felyx:ef51d696377e,51.898680316666656,4.475873316666666,False,False,bicycle,electric_assist
2026-06-15T08:42:11Z,felyx,felyx:aaae1df538ca,51.927901433333325,4.481831016666667,False,False,bicycle,electric_assist
2026-06-15T08:42:11Z,felyx,felyx:897f9e8ed2b4,51.94523053333334,4.5550229,False,False,bicycle,electric_assist
2026-06-15T08:42:11Z,felyx,felyx:1daaa917e452,51.87502471666667,4.481085216666667,False,False,bicycle,electric_assist
2026-06-15T08:42:11Z,felyx,felyx:fc9d7bc5fb67,51.930486933333334,4.458230316666666,False,True,bicycle,electric_assist
2026-06-15T08:42:11Z,felyx,felyx:c4d4d7d5aa50,51.934300083333326,4.455053416666668,False,False,bicycle,electric_assist
2026-06-15T08:42:11Z,felyx,felyx:054ea8b38817,51.92339233333334,4.491109416666666,False,False,bicycle,electric_assist
2026-06-15T08:42:11Z,felyx,felyx:67a0cd400450,51.89531251666667,4.489246616666668,False,False,bicycle,electric_assist
2026-06-15T08:42:11Z,felyx,felyx:bf2c3c09b22f,51.91408393333333,4.4653444166666665,False,True,bicycle,electric_assist
2026-06-15T08:42:11Z,felyx,felyx:520c6c0ef078,51.924961233333335,4.497661616666667,False,True,bicycle,electric_assist
2026-06-15T08:42:11Z,felyx,felyx:e787aab71013,51.91709253333333,4.4608359166666665,False,True,bicycle,electric_assist
2026-06-15T08:42:11Z,felyx,felyx:e78bb1d17abd,51.893884216666656,4.5270999000000005,True,False,bicycle,electric_assist
2026-06-15T08:42:11Z,felyx,felyx:22835cb375be,51.89115061666667,4.4693807166666675,False,False,bicycle,electric_assist
2026-06-15T08:42:11Z,felyx,felyx:e6be568d1814,51.93115633333333,4.4279195,False,False,bicycle,electric_assist
2026-06-15T08:42:11Z,felyx,felyx:9b3b51e80047,51.92047153333333,4.4118918,False,False,bicycle,electric_assist
2026-06-15T08:42:11Z,felyx,felyx:e5999e068005,51.931756500000006,4.454917366666667,False,True,bicycle,electric_assist
2026-06-15T08:42:11Z,felyx,felyx:f71d78d87abc,51.90880095,4.446733483333334,False,False,bicycle,electric_assist
2026-06-15T08:42:11Z,felyx,felyx:49a5907cba82,51.927014633333336,4.469628849999999,False,True,bicycle,electric_assist
2026-06-15T08:42:11Z,felyx,felyx:a58640424372,51.91594023333334,4.468370416666666,False,True,bicycle,electric_assist
2026-06-15T08:42:11Z,felyx,felyx:cf3760f5957b,51.92249873333333,4.503071416666667,False,False,bicycle,electric_assist
2026-06-15T08:42:11Z,felyx,felyx:f918ba87fc99,51.933420033333334,4.5028996999999995,False,False,bicycle,electric_assist
2026-06-15T08:42:11Z,felyx,felyx:aec7f5ba36e5,51.88280031666667,4.504390000000001,False,True,bicycle,electric_assist
2026-06-15T08:42:11Z,felyx,felyx:e79c6f13c0c5,51.921924433333324,4.449749116666666,False,True,bicycle,electric_assist
2026-06-15T08:42:11Z,felyx,felyx:f2564d10984f,51.91189073333333,4.380369316666667,False,False,bicycle,electric_assist
2026-06-15T08:42:11Z,felyx,felyx:4b0c665c7cc5,51.89941021666667,4.504439199999999,False,False,bicycle,electric_assist
2026-06-15T08:42:11Z,felyx,felyx:091f7587d87a,51.90617593333333,4.5138663,False,False,bicycle,electric_assist
2026-06-15T08:42:11Z,felyx,felyx:a6eb9f4521f9,51.886805016666656,4.465274416666667,False,False,bicycle,electric_assist
2026-06-15T08:42:11Z,felyx,felyx:4287aebe72fa,51.91355453333334,4.5014723000000005,False,True,bicycle,electric_assist
2026-06-15T08:42:11Z,felyx,felyx:643ae167237a,51.94137071666667,4.426311483333333,False,False,bicycle,electric_assist
2026-06-15T08:42:11Z,felyx,felyx:4ba3f114d119,51.91568853333333,4.484911616666667,False,True,bicycle,electric_assist
2026-06-15T08:42:11Z,felyx,felyx:f8f64686ccd6,51.928426333333334,4.545682300000001,False,True,bicycle,electric_assist
2026-06-15T08:42:11Z,felyx,felyx:ee303d64a3cd,51.91990213333333,4.445139616666667,False,False,bicycle,electric_assist
2026-06-15T08:42:11Z,felyx,felyx:79d18443e7f8,51.93325063333334,4.502794099999999,False,False,bicycle,electric_assist
2026-06-15T08:42:11Z,felyx,felyx:a83269e005b9,51.933248133333336,4.4909758166666665,False,True,bicycle,electric_assist
2026-06-15T08:42:11Z,felyx,felyx:69d8d8b39b7e,51.88817621666667,4.493523616666667,False,True,bicycle,electric_assist
2026-06-15T08:42:11Z,felyx,felyx:8a4f3d883799,51.931903733333336,4.436890500000001,False,False,bicycle,electric_assist
2026-06-15T08:42:11Z,felyx,felyx:82e1247848e5,51.91714223333334,4.5232619000000005,False,False,bicycle,electric_assist
2026-06-15T08:42:11Z,felyx,felyx:7fa6e0825a1e,51.95768128333334,4.501704650000001,False,False,bicycle,electric_assist
2026-06-15T08:42:11Z,felyx,felyx:02cb86e70893,51.90288743333334,4.455055616666668,False,False,bicycle,electric_assist
2026-06-15T08:42:11Z,felyx,felyx:5c179fb73fe9,51.96748196666667,4.463419583333334,False,False,bicycle,electric_assist
2026-06-15T08:42:11Z,felyx,felyx:30b0a1d39c4a,51.89884321666666,4.564602600000001,False,False,bicycle,electric_assist
2026-06-15T08:42:11Z,felyx,felyx:c33978b1c2fa,51.871488416666665,4.475406916666666,False,True,bicycle,electric_assist
2026-06-15T08:42:11Z,felyx,felyx:b5c2daecd7e5,51.93245073333333,4.471534016666666,False,True,bicycle,electric_assist
2026-06-15T08:42:11Z,felyx,felyx:6336c9411878,51.91145773333333,4.4246232,False,False,bicycle,electric_assist
2026-06-15T08:42:11Z,felyx,felyx:bd769d1430b5,51.92541343333333,4.508623099999999,False,True,bicycle,electric_assist
2026-06-15T08:42:11Z,felyx,felyx:f6eb6a49c271,51.886416783333324,4.549311166666667,False,False,bicycle,electric_assist
2026-06-15T08:42:11Z,felyx,felyx:64189ee9e549,51.93687903333332,4.533576,False,False,bicycle,electric_assist
2026-06-15T08:42:11Z,felyx,felyx:ac85211938e8,51.92018903333333,4.5002143,False,False,bicycle,electric_assist
2026-06-15T08:42:11Z,felyx,felyx:4ac8a210795b,51.89221931666666,4.5696898,False,False,bicycle,electric_assist
2026-06-15T08:42:11Z,felyx,felyx:a79d0f9d1b91,51.92645253333334,4.4233995,False,False,bicycle,electric_assist
2026-06-15T08:42:11Z,felyx,felyx:0d3b7628809a,51.90151843333333,4.492449616666668,False,False,bicycle,electric_assist
2026-06-15T08:42:11Z,felyx,felyx:145965c8d84a,51.936895833333324,4.4912292166666665,False,False,bicycle,electric_assist
2026-06-15T08:42:11Z,felyx,felyx:c65dec280613,51.909518933333324,4.505606599999999,False,True,bicycle,electric_assist
2026-06-15T08:42:11Z,felyx,felyx:ff68c06ef95f,51.907898833333334,4.453865616666667,False,False,bicycle,electric_assist
2026-06-15T08:42:11Z,felyx,felyx:89ad2815840e,51.91187753333333,4.492393916666667,False,False,bicycle,electric_assist
2026-06-15T08:42:11Z,felyx,felyx:853e37367018,51.93118583333333,4.489520916666668,False,False,bicycle,electric_assist
2026-06-15T08:42:11Z,felyx,felyx:20e9c871b154,51.907499133333346,4.5246331999999985,False,False,bicycle,electric_assist
2026-06-15T08:42:11Z,felyx,felyx:3a1f99c5ab4e,51.88999661666667,4.5111235999999995,False,False,bicycle,electric_assist
2026-06-15T08:42:11Z,felyx,felyx:011335c44364,51.91596606666668,4.526876433333334,False,False,bicycle,electric_assist
2026-06-15T08:42:11Z,felyx,felyx:799ba36a9dbf,51.898853916666674,4.564584199999999,False,True,bicycle,electric_assist
2026-06-15T08:42:11Z,felyx,felyx:6882506b3f00,51.93028343333334,4.493006916666667,False,True,bicycle,electric_assist
2026-06-15T08:42:11Z,felyx,felyx:e06a31a5f1ed,51.90093463333332,4.5023594000000005,False,False,bicycle,electric_assist
2026-06-15T08:42:11Z,felyx,felyx:257a255eeb1e,51.87012071666667,4.474462216666667,False,False,bicycle,electric_assist
2026-06-15T08:42:11Z,felyx,felyx:55d86ef01e22,51.90531333333333,4.503978099999999,False,True,bicycle,electric_assist
2026-06-15T08:42:11Z,felyx,felyx:789af7a56269,51.88581891666666,4.467138116666666,False,False,bicycle,electric_assist
2026-06-15T08:42:11Z,felyx,felyx:089f2e0dd01b,51.95896153333333,4.463370216666667,False,False,bicycle,electric_assist
2026-06-15T08:42:11Z,felyx,felyx:5c50e6a4bede,51.93333793333333,4.502927299999999,False,False,bicycle,electric_assist
2026-06-15T08:42:11Z,felyx,felyx:cd22e78bb734,51.96743653333333,4.4967338166666675,False,False,bicycle,electric_assist
2026-06-15T08:42:11Z,felyx,felyx:49257dd310ea,51.87514101666667,4.4911174166666665,False,False,bicycle,electric_assist
2026-06-15T08:42:11Z,felyx,felyx:3f993e2ecf9d,51.91623233333333,4.5269520000000005,False,False,bicycle,electric_assist
2026-06-15T08:42:11Z,felyx,felyx:8dcdebe9fb96,51.96835543333333,4.495574916666666,False,False,bicycle,electric_assist
2026-06-15T08:42:11Z,felyx,felyx:a9cc09624b65,51.87670361666666,4.497086216666668,False,False,bicycle,electric_assist
2026-06-15T08:42:11Z,felyx,felyx:9d11ceee39a0,51.87732401666667,4.518703199999999,False,False,bicycle,electric_assist
2026-06-15T08:42:11Z,felyx,felyx:eef7b8c6cd85,51.88645601666668,4.467565516666667,False,False,bicycle,electric_assist
2026-06-15T08:42:11Z,felyx,felyx:3e24e50ba0e8,51.91802453333333,4.476681816666667,False,True,bicycle,electric_assist
2026-06-15T08:42:11Z,felyx,felyx:d5237c3ff179,51.91944353333333,4.508045999999998,False,False,bicycle,electric_assist
2026-06-15T08:42:11Z,felyx,felyx:346564e297f7,51.91450843333334,4.4018934,False,False,bicycle,electric_assist
2026-06-15T08:42:11Z,felyx,felyx:f76dd8162a8c,51.96320633333333,4.486735916666667,False,False,bicycle,electric_assist
2026-06-15T08:42:11Z,felyx,felyx:c25bcc79b7d2,51.90733363333334,4.495913716666667,False,True,bicycle,electric_assist
2026-06-15T08:42:11Z,felyx,felyx:194e67fdb672,51.910571600000004,4.49140215,False,True,bicycle,electric_assist
2026-06-15T08:42:11Z,felyx,felyx:9d26a5049c47,51.88617681666667,4.536332799999999,False,False,bicycle,electric_assist
2026-06-15T08:42:11Z,felyx,felyx:53bb878ed52f,51.93014203333334,4.4866463166666675,False,False,bicycle,electric_assist
2026-06-15T08:42:11Z,felyx,felyx:d55855f4f567,51.8727716,4.4633354333333335,False,False,bicycle,electric_assist
2026-06-15T08:42:11Z,felyx,felyx:78eacec88fb6,51.929708433333325,4.471990216666667,False,False,bicycle,electric_assist
2026-06-15T08:42:11Z,felyx,felyx:27b33303b69d,51.93142603333334,4.436838,False,False,bicycle,electric_assist
2026-06-15T08:42:11Z,felyx,felyx:832daf9721ea,51.94529133333334,4.487247716666667,False,False,bicycle,electric_assist
2026-06-15T08:42:11Z,felyx,felyx:f9ad56596ffb,51.88645591666666,4.496620516666668,False,False,bicycle,electric_assist
2026-06-15T08:42:11Z,felyx,felyx:49a3c09fa855,51.914546833333326,4.490588016666666,False,True,bicycle,electric_assist
2026-06-15T08:42:11Z,felyx,felyx:89f6ce0163b0,51.930559333333335,4.431766800000001,False,False,bicycle,electric_assist
2026-06-15T08:42:11Z,felyx,felyx:88b92acb4621,51.96334173333334,4.554587799999999,False,False,bicycle,electric_assist
2026-06-15T08:42:11Z,felyx,felyx:fbcfda061d9b,51.92095133333334,4.507806800000001,False,False,bicycle,electric_assist
2026-06-15T08:42:11Z,felyx,felyx:87409e1e7b6a,51.93273763333333,4.462422416666666,False,True,bicycle,electric_assist
2026-06-15T08:42:11Z,felyx,felyx:30fe54ab81f1,51.922553333333326,4.5012053000000005,False,False,bicycle,electric_assist
2026-06-15T08:42:11Z,felyx,felyx:7abf9af79489,51.91076103333334,4.4815775166666665,False,False,bicycle,electric_assist
2026-06-15T08:42:11Z,felyx,felyx:974184f00026,51.87429951666666,4.523112299999999,False,True,bicycle,electric_assist
2026-06-15T08:42:11Z,felyx,felyx:3211fd07de7f,51.87832161666667,4.468890816666667,False,False,bicycle,electric_assist
2026-06-15T08:42:11Z,felyx,felyx:28b2ffc515db,51.91786543333332,4.445171416666666,False,False,bicycle,electric_assist
2026-06-15T08:42:11Z,felyx,felyx:8e17f5233e76,51.89692881666667,4.5053756,False,True,bicycle,electric_assist
2026-06-15T08:42:11Z,felyx,felyx:8816079b6128,51.95949463333334,4.559227100000001,False,False,bicycle,electric_assist
2026-06-15T08:42:11Z,felyx,felyx:ed7d9194c2f6,51.945236333333334,4.4749157166666675,False,True,bicycle,electric_assist
2026-06-15T08:42:11Z,felyx,felyx:ec70373eea21,51.922869333333324,4.5085544,False,True,bicycle,electric_assist
2026-06-15T08:42:11Z,felyx,felyx:11e88bb2c816,51.979021450000005,4.5862115,False,False,bicycle,electric_assist
2026-06-15T08:42:11Z,felyx,felyx:8bf63f73820b,51.90483313333334,4.5022252,False,True,bicycle,electric_assist
2026-06-15T08:42:11Z,felyx,felyx:7b0e794f1057,51.92544203333333,4.466214616666667,False,False,bicycle,electric_assist
2026-06-15T08:42:11Z,felyx,felyx:7d64edd17be9,51.95064333333333,4.5186563,False,False,bicycle,electric_assist
2026-06-15T08:42:11Z,felyx,felyx:fff1f1440666,51.910922933333325,4.4604027166666675,False,False,bicycle,electric_assist
2026-06-15T08:42:11Z,felyx,felyx:228dbdbc5fef,51.96154783333333,4.5104411,False,False,bicycle,electric_assist
2026-06-15T08:42:11Z,felyx,felyx:84e52ba862f8,51.905738633333335,4.5773801,False,False,bicycle,electric_assist
2026-06-15T08:42:11Z,felyx,felyx:26680d943cfa,51.91559893333333,4.447701816666667,False,False,bicycle,electric_assist
2026-06-15T08:42:11Z,felyx,felyx:f0cafe8c2fd5,51.93054923333333,4.474357516666667,False,True,bicycle,electric_assist
2026-06-15T08:42:11Z,felyx,felyx:0a5a32d055e8,51.876757216666654,4.498691116666667,False,False,bicycle,electric_assist
2026-06-15T08:42:11Z,felyx,felyx:20fd472f966f,51.891923116666675,4.476765716666667,False,False,bicycle,electric_assist
2026-06-15T08:42:11Z,felyx,felyx:72f44d1359df,51.90569951666666,4.475947700000001,False,False,bicycle,electric_assist
2026-06-15T08:42:11Z,felyx,felyx:503fd1b44bb1,51.92324623333334,4.4753100166666675,False,False,bicycle,electric_assist
2026-06-15T08:42:11Z,felyx,felyx:6f8f8c015999,51.92836933333333,4.5192347,False,False,bicycle,electric_assist
2026-06-15T08:42:11Z,felyx,felyx:bcd85f0fcb23,51.92663283333332,4.480229216666667,False,True,bicycle,electric_assist
2026-06-15T08:42:11Z,felyx,felyx:2c0dd19a2219,51.87741351666667,4.4947530166666665,False,False,bicycle,electric_assist
2026-06-15T08:42:11Z,felyx,felyx:0a47fac0a167,51.87574731666667,4.496944516666668,False,False,bicycle,electric_assist
2026-06-15T08:42:11Z,felyx,felyx:197b90d78fec,51.922266433333334,4.471410116666666,False,False,bicycle,electric_assist
2026-06-15T08:42:11Z,felyx,felyx:5c754ed54415,51.89056881666667,4.485332816666667,False,False,bicycle,electric_assist
2026-06-15T08:42:11Z,felyx,felyx:fc6a3ed45be3,51.887359216666674,4.4872870166666665,False,False,bicycle,electric_assist
2026-06-15T08:42:11Z,felyx,felyx:33fdf25fd721,51.903287049999996,4.468925550000001,False,False,bicycle,electric_assist
2026-06-15T08:42:11Z,felyx,felyx:b505a94f4137,51.92749603333333,4.465056416666667,False,False,bicycle,electric_assist
2026-06-15T08:42:11Z,felyx,felyx:2ce18b62597a,51.93217503333334,4.458103216666667,False,True,bicycle,electric_assist
2026-06-15T08:42:11Z,felyx,felyx:24038f3af52e,51.91642783333333,4.443577116666667,False,False,bicycle,electric_assist
2026-06-15T08:42:11Z,felyx,felyx:03d55bd42dc8,51.917670866666676,4.480263566666667,False,True,bicycle,electric_assist
2026-06-15T08:42:11Z,felyx,felyx:5fcf9c6bff69,51.90908683333334,4.4385693,False,False,bicycle,electric_assist
2026-06-15T08:42:11Z,felyx,felyx:894c0e223a36,51.892733216666656,4.482465116666666,False,False,bicycle,electric_assist
2026-06-15T08:42:11Z,felyx,felyx:82443490bf4e,51.94884123333333,4.543771499999999,False,False,bicycle,electric_assist
2026-06-15T08:42:11Z,felyx,felyx:ff1e8d1212e0,51.93133043333333,4.455235316666668,False,False,bicycle,electric_assist
2026-06-15T08:42:11Z,felyx,felyx:935b09b4e626,51.90798793333333,4.5122085,False,True,bicycle,electric_assist
2026-06-15T08:42:11Z,felyx,felyx:b374eb1a5674,51.892198916666665,4.477479416666668,False,False,bicycle,electric_assist
2026-06-15T08:42:11Z,felyx,felyx:39b3e00b8ff2,51.93054723333333,4.490005316666668,False,False,bicycle,electric_assist
2026-06-15T08:42:11Z,felyx,felyx:5e7572948e19,51.90559343333332,4.509593099999999,False,False,bicycle,electric_assist
2026-06-15T08:42:11Z,felyx,felyx:ef5ee7750573,51.90935573333333,4.444495633333334,False,True,bicycle,electric_assist
2026-06-15T08:42:11Z,felyx,felyx:f50e2e47c5ae,51.936406533333326,4.465233116666667,False,True,bicycle,electric_assist
2026-06-15T08:42:11Z,felyx,felyx:3f6fd3119d02,51.907168783333326,4.4900464,False,False,bicycle,electric_assist
2026-06-15T08:42:11Z,felyx,felyx:0a23248be9cc,51.93122733333333,4.427008,False,True,bicycle,electric_assist
2026-06-15T08:42:11Z,felyx,felyx:ed9be5ffd92d,51.919636733333334,4.5087095999999995,False,False,bicycle,electric_assist
2026-06-15T08:42:11Z,felyx,felyx:c1bdfe02d23e,51.95486353333334,4.474366016666667,False,False,bicycle,electric_assist
2026-06-15T08:42:11Z,felyx,felyx:3314311d89fd,51.91455373333333,4.402056900000001,False,False,bicycle,electric_assist
2026-06-15T08:42:11Z,felyx,felyx:b617f119a50c,51.92019783333333,4.434375899999999,False,False,bicycle,electric_assist
2026-06-15T08:42:11Z,felyx,felyx:f53c581164cc,51.90385293333333,4.497360316666667,False,True,bicycle,electric_assist
2026-06-15T08:42:11Z,felyx,felyx:d3952bd34581,51.904987433333325,4.498303516666667,False,True,bicycle,electric_assist
2026-06-15T08:42:11Z,felyx,felyx:6ca690a94524,51.89068621666667,4.474792516666667,False,False,bicycle,electric_assist
2026-06-15T08:42:11Z,felyx,felyx:bed5a185016e,51.91194403333334,4.4923878166666675,False,False,bicycle,electric_assist
2026-06-15T08:42:11Z,felyx,felyx:6e04467a3b99,51.92446793333333,4.472777016666666,False,False,bicycle,electric_assist
2026-06-15T08:42:11Z,felyx,felyx:fad3916cdfcd,51.911823033333334,4.492525716666667,False,False,bicycle,electric_assist
2026-06-15T08:42:11Z,felyx,felyx:efe27450fc6c,51.919843233333324,4.4143818,False,False,bicycle,electric_assist
2026-06-15T08:42:11Z,felyx,felyx:f06a34fbea23,51.90868545000001,4.464855683333334,False,True,bicycle,electric_assist
2026-06-15T08:42:11Z,felyx,felyx:e918e1313793,51.90778483333334,4.489646216666666,False,False,bicycle,electric_assist
2026-06-15T08:42:11Z,felyx,felyx:0cf51ccc9cd6,51.93683283333333,4.477813716666666,False,False,bicycle,electric_assist
2026-06-15T08:42:11Z,felyx,felyx:42e23b524d28,51.872345716666665,4.5012592,False,False,bicycle,electric_assist
2026-06-15T08:42:11Z,felyx,felyx:73d24d9e8281,51.93172183333333,4.5639387,False,True,bicycle,electric_assist
2026-06-15T08:42:11Z,felyx,felyx:d7dd211ee5ae,51.97431425,4.5871585999999995,False,False,bicycle,electric_assist
2026-06-15T08:42:11Z,felyx,felyx:08bbffca877e,51.88797331666666,4.546131699999999,False,False,bicycle,electric_assist
2026-06-15T08:42:11Z,felyx,felyx:98f51b9007ab,51.910461233333336,4.5550838,False,False,bicycle,electric_assist
2026-06-15T08:42:11Z,felyx,felyx:2532e9e3978f,51.874961016666674,4.4918525166666665,False,False,bicycle,electric_assist
2026-06-15T08:42:11Z,felyx,felyx:6ff13384beef,51.93050503333333,4.5025942,False,False,bicycle,electric_assist
2026-06-15T08:42:11Z,felyx,felyx:8821dc6e9623,51.904501933333336,4.5078396,False,False,bicycle,electric_assist
2026-06-15T08:42:11Z,felyx,felyx:7ca2336cd179,51.87732211666667,4.562125999999999,False,True,bicycle,electric_assist
2026-06-15T08:42:11Z,felyx,felyx:f79be41967d0,51.95488753333334,4.470489016666666,False,False,bicycle,electric_assist
2026-06-15T08:42:11Z,felyx,felyx:aa5bdb4bcda8,51.93000823333334,4.480707016666666,False,True,bicycle,electric_assist
2026-06-15T08:42:11Z,felyx,felyx:767faf2363f0,51.966443833333344,4.471133616666667,False,False,bicycle,electric_assist
2026-06-15T08:42:11Z,felyx,felyx:820ea9722361,51.908450300000005,4.481441899999999,False,False,bicycle,electric_assist
2026-06-15T08:42:11Z,felyx,felyx:ea6c0124ce76,51.89649391666668,4.419074800000001,False,False,bicycle,electric_assist
2026-06-15T08:42:11Z,felyx,felyx:101b653660fc,51.912561833333335,4.421923600000001,False,False,bicycle,electric_assist
2026-06-15T08:42:11Z,felyx,felyx:b606d2127f3a,51.91956573333333,4.383723116666667,False,False,bicycle,electric_assist
2026-06-15T08:42:11Z,felyx,felyx:383c6ea726fa,51.932381633333335,4.481070616666667,False,True,bicycle,electric_assist
2026-06-15T08:42:11Z,felyx,felyx:589f53c19751,51.92154533333334,4.489944416666666,False,True,bicycle,electric_assist
2026-06-15T08:42:11Z,felyx,felyx:4356de8ca8e4,51.88843791666666,4.491986216666667,False,True,bicycle,electric_assist
2026-06-15T08:42:11Z,felyx,felyx:b22df5009a6b,51.87632441666666,4.485331416666666,False,False,bicycle,electric_assist
2026-06-15T08:42:11Z,felyx,felyx:ad610a38d196,51.910233633333334,4.470142916666667,False,True,bicycle,electric_assist
2026-06-15T08:42:11Z,felyx,felyx:63183e3faba4,51.94687653333333,4.481025716666667,False,False,bicycle,electric_assist
2026-06-15T08:42:11Z,felyx,felyx:1157e43d3837,51.87581841666667,4.530931399999999,False,False,bicycle,electric_assist
2026-06-15T08:42:11Z,felyx,felyx:e654869a7598,51.93282243333333,4.484816616666667,False,False,bicycle,electric_assist
2026-06-15T08:42:11Z,felyx,felyx:091cd7cd6f7e,51.914512933333334,4.4019967,False,False,bicycle,electric_assist
2026-06-15T08:42:11Z,felyx,felyx:cf651cb2c31e,51.96879403333333,4.484737216666668,False,True,bicycle,electric_assist
2026-06-15T08:42:11Z,felyx,felyx:0260fc4d7d31,51.90613433333332,4.5416959,False,False,bicycle,electric_assist
2026-06-15T08:42:11Z,felyx,felyx:77a8f7e594dc,51.87917331666665,4.548325799999999,False,False,bicycle,electric_assist
2026-06-15T08:42:11Z,felyx,felyx:4444a51ff1a5,51.905671233333344,4.475960816666667,False,False,bicycle,electric_assist
2026-06-15T08:42:11Z,felyx,felyx:b1adffebabae,51.92636283333333,4.5152142,False,False,bicycle,electric_assist
2026-06-15T08:42:11Z,felyx,felyx:7bd00282cf0c,51.904572933333334,4.484651516666667,False,False,bicycle,electric_assist
2026-06-15T08:42:11Z,felyx,felyx:3fe07dc89ebb,51.92569721666666,4.424204649999999,False,True,bicycle,electric_assist
2026-06-15T08:42:11Z,felyx,felyx:843031c93f1e,51.903065633333334,4.468688716666668,False,False,bicycle,electric_assist
2026-06-15T08:42:11Z,felyx,felyx:a5c4413020f7,51.90447413333332,4.460398316666666,False,True,bicycle,electric_assist
2026-06-15T08:42:11Z,felyx,felyx:bc7c475c61ec,51.92845673333333,4.488708516666666,False,True,bicycle,electric_assist
2026-06-15T08:42:11Z,felyx,felyx:5d9f94a5068c,51.89276671666667,4.482530516666667,False,False,bicycle,electric_assist
2026-06-15T08:42:11Z,felyx,felyx:a885468ebf9f,51.88580991666666,4.5690307,False,False,bicycle,electric_assist
2026-06-15T08:42:11Z,felyx,felyx:d95f25ef0b70,51.90396923333332,4.5038878,False,False,bicycle,electric_assist
2026-06-15T08:42:11Z,felyx,felyx:997d045d012c,51.89575731666667,4.491107516666667,False,False,bicycle,electric_assist
2026-06-15T08:42:11Z,felyx,felyx:8323898a074b,51.91174383333334,4.468519316666667,False,False,bicycle,electric_assist
2026-06-15T08:42:11Z,felyx,felyx:a395f6ae78ac,51.91177173333334,4.466499833333334,False,True,bicycle,electric_assist
2026-06-15T08:42:11Z,felyx,felyx:7ae52881c0a4,51.87633641666667,4.485327416666667,False,False,bicycle,electric_assist
2026-06-15T08:42:11Z,felyx,felyx:9414ed1ffac2,51.906564633333325,4.475266033333334,False,False,bicycle,electric_assist
2026-06-15T08:42:11Z,felyx,felyx:1c6b94411541,51.92040473333333,4.501420100000001,False,False,bicycle,electric_assist
2026-06-15T08:42:11Z,felyx,felyx:814ddbf34030,51.938553433333325,4.475976416666668,False,False,bicycle,electric_assist
2026-06-15T08:42:11Z,felyx,felyx:34e8686cc87d,51.91440779999999,4.3964618500000014,False,True,bicycle,electric_assist
2026-06-15T08:42:11Z,felyx,felyx:6812a94a8ccb,51.885970616666654,4.495914316666667,False,False,bicycle,electric_assist
2026-06-15T08:42:11Z,felyx,felyx:bf1955d5a048,51.94247953333333,4.5378468,False,False,bicycle,electric_assist
2026-06-15T08:42:11Z,felyx,felyx:6abd58c88d13,51.92325743333335,4.529481700000001,False,False,bicycle,electric_assist
2026-06-15T08:42:11Z,felyx,felyx:342581958504,51.91348203333333,4.5034563,False,False,bicycle,electric_assist
2026-06-15T08:42:11Z,felyx,felyx:e669f6c06067,51.895747316666665,4.467505616666667,False,False,bicycle,electric_assist
2026-06-15T08:42:11Z,felyx,felyx:ffdadcafce18,51.917740099999996,4.481890183333333,False,True,bicycle,electric_assist
2026-06-15T08:42:11Z,felyx,felyx:c6f7bd12d9b4,51.93340993333333,4.503140599999999,False,False,bicycle,electric_assist
2026-06-15T08:42:11Z,felyx,felyx:6c1c4403bed4,51.91893413333333,4.4310839,False,False,bicycle,electric_assist
2026-06-15T08:42:11Z,felyx,felyx:d4179f96ff28,51.93792443333333,4.5399196,False,False,bicycle,electric_assist
2026-06-15T08:42:11Z,felyx,felyx:255a58c5c4b2,51.904920533333346,4.487995616666666,False,False,bicycle,electric_assist
2026-06-15T08:42:11Z,felyx,felyx:c75d242447a2,51.876512616666666,4.480674316666667,False,False,bicycle,electric_assist
2026-06-15T08:42:11Z,felyx,felyx:a83d103ddd0a,51.89217261666666,4.4775489166666675,False,False,bicycle,electric_assist
2026-06-15T08:42:11Z,felyx,felyx:3545da5d9897,51.93038303333332,4.4293626,False,False,bicycle,electric_assist
2026-06-15T08:42:11Z,felyx,felyx:5ee8c47c3f26,51.939099733333315,4.483586916666667,False,True,bicycle,electric_assist
2026-06-15T08:42:11Z,felyx,felyx:393b9fa1d787,51.90343823333332,4.464335116666668,False,False,bicycle,electric_assist
2026-06-15T08:42:11Z,felyx,felyx:225c7e6531b4,51.96381443333334,4.475292216666667,False,False,bicycle,electric_assist
2026-06-15T08:42:11Z,felyx,felyx:e7620162df2d,51.933559716666664,4.502974766666668,False,False,bicycle,electric_assist
2026-06-15T08:42:11Z,felyx,felyx:4af4cae221bf,51.92063388333333,4.481963716666667,False,False,bicycle,electric_assist
2026-06-15T08:42:11Z,felyx,felyx:9c49bd616c1f,51.921466866666655,4.4741666833333325,False,True,bicycle,electric_assist
2026-06-15T08:42:11Z,felyx,felyx:d90082497732,51.91917103333333,4.526866700000001,False,False,bicycle,electric_assist
2026-06-15T08:42:11Z,felyx,felyx:e6586e3e89f1,51.91455163333334,4.402022000000001,False,True,bicycle,electric_assist
2026-06-15T08:42:11Z,felyx,felyx:990d16e828a0,51.890403116666654,4.472573616666667,False,False,bicycle,electric_assist
2026-06-15T08:42:11Z,felyx,felyx:70347ebd63c3,51.8987036,4.564378533333333,False,False,bicycle,electric_assist
2026-06-15T08:42:11Z,felyx,felyx:d3f745a2c60a,51.911657250000005,4.46878915,False,False,bicycle,electric_assist
2026-06-15T08:42:11Z,felyx,felyx:c725eae3dace,51.88555761666666,4.499555016666666,False,False,bicycle,electric_assist
2026-06-15T08:42:11Z,felyx,felyx:e1b9885572d0,51.90242183333333,4.448880116666667,False,False,bicycle,electric_assist
2026-06-15T08:42:11Z,felyx,felyx:33fdb25fab9a,51.90287453333334,4.455044416666667,False,False,bicycle,electric_assist
2026-06-15T08:42:11Z,felyx,felyx:f23ebc8f3fac,51.93173463333332,4.467698416666667,False,False,bicycle,electric_assist
2026-06-15T08:42:11Z,felyx,felyx:c857f08e070a,51.91620473333334,4.5016924,False,False,bicycle,electric_assist
2026-06-15T08:42:11Z,felyx,felyx:d7d57d74ba1d,51.90652953333333,4.4783464166666676,False,False,bicycle,electric_assist
2026-06-15T08:42:11Z,felyx,felyx:fe0dfb671fec,51.91671503333333,4.4876582166666665,False,True,bicycle,electric_assist
2026-06-15T08:42:11Z,felyx,felyx:8057f061d963,51.95023493333333,4.5612531999999995,False,False,bicycle,electric_assist
2026-06-15T08:42:11Z,felyx,felyx:d6141711c35e,51.94133093333333,4.602298816666665,False,True,bicycle,electric_assist
2026-06-15T08:42:11Z,felyx,felyx:621bcbfdc112,51.94925283333334,4.432656100000001,False,False,bicycle,electric_assist
2026-06-15T08:42:11Z,felyx,felyx:0f28d5408cd4,51.91421373333333,4.496064316666667,False,False,bicycle,electric_assist
2026-06-15T08:42:11Z,felyx,felyx:234badb24d62,51.91186003333334,4.374113216666667,False,False,bicycle,electric_assist
2026-06-15T08:42:11Z,felyx,felyx:4d59f46457cf,51.88646463333333,4.54930785,False,False,bicycle,electric_assist
2026-06-15T08:42:11Z,felyx,felyx:d8685ef23037,51.90307073333334,4.4050374,False,False,bicycle,electric_assist
2026-06-15T08:42:11Z,felyx,felyx:bc3db8a3427b,51.913820933333334,4.520413100000001,False,False,bicycle,electric_assist
2026-06-15T08:42:11Z,felyx,felyx:4d2fc91e1fd1,51.91580773333334,4.4204727,False,True,bicycle,electric_assist
2026-06-15T08:42:11Z,felyx,felyx:b0e34ffd355d,51.91694343333334,4.4239068,False,False,bicycle,electric_assist
2026-06-15T08:42:11Z,felyx,felyx:112de031e7b5,51.93727523333334,4.463613116666667,True,False,bicycle,electric_assist
2026-06-15T08:42:11Z,felyx,felyx:f0625870b4b5,51.96745403333334,4.463355216666666,False,True,bicycle,electric_assist
2026-06-15T08:42:11Z,felyx,felyx:0fdf5a96cb30,51.873240416666675,4.485596316666666,False,False,bicycle,electric_assist
2026-06-15T08:42:11Z,felyx,felyx:26899d21d0de,51.890948216666665,4.531944699999999,False,False,bicycle,electric_assist
2026-06-15T08:42:11Z,felyx,felyx:42f487718cb9,51.92606633333333,4.4969425166666674,False,False,bicycle,electric_assist
2026-06-15T08:42:11Z,felyx,felyx:5ec0b80d819c,51.88998771666666,4.495693816666667,False,True,bicycle,electric_assist
2026-06-15T08:42:11Z,felyx,felyx:4216863162ea,51.95904653333334,4.4936572166666675,False,False,bicycle,electric_assist
2026-06-15T08:42:11Z,felyx,felyx:39b216f43db6,51.92174553333333,4.533849900000001,False,False,bicycle,electric_assist
2026-06-15T08:42:11Z,felyx,felyx:bdce055d24c2,51.90074493333333,4.498373716666666,False,True,bicycle,electric_assist
2026-06-15T08:42:11Z,felyx,felyx:1e70be8fe3ea,51.957686333333335,4.501673599999999,False,False,bicycle,electric_assist
2026-06-15T08:42:11Z,felyx,felyx:4541ad60c8ee,51.90640663333333,4.5056839,False,False,bicycle,electric_assist
2026-06-15T08:42:11Z,felyx,felyx:b96f18281974,51.9040868,4.466835583333333,False,True,bicycle,electric_assist
2026-06-15T08:42:11Z,felyx,felyx:ac87d7567073,51.96361553333334,4.484885316666667,False,False,bicycle,electric_assist
2026-06-15T08:42:11Z,felyx,felyx:01dba1bda6e6,51.92861213333334,4.486413416666666,False,True,bicycle,electric_assist
2026-06-15T08:42:11Z,felyx,felyx:09dbf36e5aea,51.91607123333333,4.487444516666668,False,False,bicycle,electric_assist
2026-06-15T08:42:11Z,felyx,felyx:3d65c47d24d0,51.93045783333333,4.488794716666666,False,False,bicycle,electric_assist
2026-06-15T08:42:11Z,felyx,felyx:75a94391a14a,51.93210493333333,4.4019594,False,False,bicycle,electric_assist
2026-06-15T08:42:11Z,felyx,felyx:a8676beedf8c,51.89027611666667,4.478239716666667,False,False,bicycle,electric_assist
2026-06-15T08:42:11Z,felyx,felyx:486108b03508,51.90147853333333,4.479355016666667,False,False,bicycle,electric_assist
2026-06-15T08:42:11Z,felyx,felyx:503bb512a0a6,51.909868733333326,4.432180000000001,False,False,bicycle,electric_assist
2026-06-15T08:42:11Z,felyx,felyx:5cfd93e1935e,51.91798603333333,4.459063716666666,False,True,bicycle,electric_assist
2026-06-15T08:42:11Z,felyx,felyx:9618b8729b28,51.91885923333332,4.5088045999999995,False,False,bicycle,electric_assist
2026-06-15T08:42:11Z,felyx,felyx:5e5388b96575,51.943110733333334,4.414024700000001,False,True,bicycle,electric_assist
2026-06-15T08:42:11Z,felyx,felyx:13273b14dac9,51.93540923333334,4.4301849,False,False,bicycle,electric_assist
2026-06-15T08:42:11Z,felyx,felyx:ebef20e283c6,51.96879586666667,4.484792583333333,False,False,bicycle,electric_assist
2026-06-15T08:42:11Z,felyx,felyx:cef915e9f352,51.94927263333334,4.432620000000001,False,False,bicycle,electric_assist
2026-06-15T08:42:11Z,felyx,felyx:3a447ae84ad8,51.906360833333345,4.442563516666666,False,False,bicycle,electric_assist
2026-06-15T08:42:11Z,felyx,felyx:ab71b5c7b73d,51.92654923333332,4.5277863,False,False,bicycle,electric_assist
2026-06-15T08:42:11Z,felyx,felyx:51580caac6a8,51.922296933333335,4.471391316666667,False,False,bicycle,electric_assist
2026-06-15T08:42:11Z,felyx,felyx:e127d09874f6,51.90659293333333,4.475820116666667,False,False,bicycle,electric_assist
2026-06-15T08:42:11Z,felyx,felyx:46ef65e4edb2,51.88087181666667,4.513575899999999,False,True,bicycle,electric_assist
2026-06-15T08:42:11Z,felyx,felyx:c277e273c504,51.949241783333335,4.432609700000001,False,True,bicycle,electric_assist
2026-06-15T08:42:11Z,felyx,felyx:3d266f14f705,51.93203683333333,4.455707016666667,False,False,bicycle,electric_assist
2026-06-15T08:42:11Z,felyx,felyx:4a906577618d,51.9333336,4.602662116666665,False,True,bicycle,electric_assist
2026-06-15T08:42:11Z,felyx,felyx:c4d3ad8aa6bb,51.93813973333334,4.467802416666667,False,True,bicycle,electric_assist
2026-06-15T08:42:11Z,felyx,felyx:c735799fb769,51.92385803333333,4.470853933333333,False,True,bicycle,electric_assist
2026-06-15T08:42:11Z,felyx,felyx:cc25716d49e4,51.91711363333334,4.5234064,False,False,bicycle,electric_assist
2026-06-15T08:42:11Z,felyx,felyx:42cd9690c0b3,51.94928603333332,4.432731700000001,False,False,bicycle,electric_assist
2026-06-15T08:42:11Z,felyx,felyx:e5f14f46e3c4,51.925362033333336,4.5086257000000005,False,False,bicycle,electric_assist
2026-06-15T08:42:11Z,felyx,felyx:6d9d3e9cb13c,51.895276216666666,4.5635185,False,False,bicycle,electric_assist
2026-06-15T08:42:11Z,felyx,felyx:90fcd71a9fc4,51.94384593333332,4.472701316666666,False,False,bicycle,electric_assist
2026-06-15T08:42:11Z,felyx,felyx:fba1765f49a8,51.91080973333332,4.553859899999999,False,False,bicycle,electric_assist
2026-06-15T08:42:11Z,felyx,felyx:470859beea0e,51.92675803333333,4.492096816666667,False,True,bicycle,electric_assist
2026-06-15T08:42:11Z,felyx,felyx:44e124184bab,51.92033043333332,4.479619816666667,False,True,bicycle,electric_assist
2026-06-15T08:42:11Z,felyx,felyx:9e5e966ef988,51.92354773333333,4.469368716666667,False,True,bicycle,electric_assist
2026-06-15T08:42:11Z,felyx,felyx:26a42a81d40c,51.917833733333325,4.445123716666668,False,False,bicycle,electric_assist
2026-06-15T08:42:11Z,felyx,felyx:8ee95f004baf,51.87021511666667,4.473101716666666,False,False,bicycle,electric_assist
2026-06-15T08:42:11Z,felyx,felyx:a80e3de43352,51.98001741666666,4.5808722999999985,False,False,bicycle,electric_assist
2026-06-15T08:42:11Z,felyx,felyx:28209a772896,51.96045803333334,4.4856217166666665,False,False,bicycle,electric_assist
2026-06-15T08:42:11Z,felyx,felyx:579ae96dcf95,51.91347003333333,4.481778416666667,False,True,bicycle,electric_assist
2026-06-15T08:42:11Z,felyx,felyx:f7938d00df35,51.93481873333333,4.464094616666667,False,True,bicycle,electric_assist
2026-06-15T08:42:11Z,felyx,felyx:eca3d957ba5e,51.94219463333334,4.460527716666667,False,False,bicycle,electric_assist
2026-06-15T08:42:11Z,felyx,felyx:9153e66ea5ec,51.87918426666668,4.486877033333333,False,True,bicycle,electric_assist
2026-06-15T08:42:11Z,felyx,felyx:b9e287b3f7dd,51.91053993333334,4.5225291,False,False,bicycle,electric_assist
2026-06-15T08:42:11Z,felyx,felyx:c2707fdaf3f7,51.91357093333332,4.463499016666666,False,False,bicycle,electric_assist
2026-06-15T08:42:11Z,felyx,felyx:59277f3f80bb,51.89556761666666,4.487284016666667,False,False,bicycle,electric_assist
2026-06-15T08:42:11Z,felyx,felyx:259c25ce91b2,51.93352033333334,4.462500716666667,False,False,bicycle,electric_assist
2026-06-15T08:42:11Z,felyx,felyx:fe15990381aa,51.93370663333334,4.5384605,False,False,bicycle,electric_assist
2026-06-15T08:42:11Z,felyx,felyx:14a8d38c6a72,51.90566963333334,4.462908616666667,False,False,bicycle,electric_assist
2026-06-15T08:42:11Z,felyx,felyx:e9c137e79218,51.925974333333336,4.516642600000001,False,False,bicycle,electric_assist
2026-06-15T08:42:11Z,felyx,felyx:e869558895ab,51.91066413333333,4.4574008166666665,False,False,bicycle,electric_assist
2026-06-15T08:42:11Z,felyx,felyx:ce55c171902d,51.93690523333332,4.491241916666667,False,False,bicycle,electric_assist
2026-06-15T08:42:11Z,felyx,felyx:b16064d36545,51.90938983333334,4.471514916666666,False,False,bicycle,electric_assist
2026-06-15T08:42:11Z,felyx,felyx:41204d96706f,51.918711333333334,4.4096435000000005,False,False,bicycle,electric_assist
2026-06-15T08:42:11Z,felyx,felyx:64c924316999,51.87449401666667,4.477821816666667,False,False,bicycle,electric_assist
2026-06-15T08:42:11Z,felyx,felyx:79edf7e3bd91,51.89211391666665,4.5696851999999994,False,False,bicycle,electric_assist
2026-06-15T08:42:11Z,felyx,felyx:c9dcd0c59e26,51.88625751666667,4.5493163,False,False,bicycle,electric_assist
2026-06-15T08:42:11Z,felyx,felyx:1f54fd5322ed,51.95686813333334,4.485863266666667,False,False,bicycle,electric_assist
2026-06-15T08:42:11Z,felyx,felyx:50389190b654,51.891125716666664,4.479325616666666,False,False,bicycle,electric_assist
2026-06-15T08:42:11Z,felyx,felyx:9472371fccb0,51.91370213333333,4.469506016666667,False,False,bicycle,electric_assist
2026-06-15T08:42:11Z,felyx,felyx:cdb3c68b9350,51.927187233333335,4.499912616666666,False,False,bicycle,electric_assist
2026-06-15T08:42:11Z,felyx,felyx:bb76d91068e6,51.920531733333334,4.5042532,False,False,bicycle,electric_assist
2026-06-15T08:42:11Z,felyx,felyx:83fc634830bc,51.927847333333325,4.4059546,False,True,bicycle,electric_assist
2026-06-15T08:42:11Z,felyx,felyx:b50e12ee2af0,51.96045003333334,4.5353044,False,False,bicycle,electric_assist
2026-06-15T08:42:11Z,felyx,felyx:d995dd251ffc,51.90448173333333,4.4604172166666665,False,False,bicycle,electric_assist
2026-06-15T08:42:11Z,felyx,felyx:231bc4fc6871,51.95180083333334,4.524559099999999,False,True,bicycle,electric_assist
2026-06-15T08:42:11Z,felyx,felyx:78ffcc5c78a4,51.924957033333335,4.4978328166666675,False,True,bicycle,electric_assist
2026-06-15T08:42:11Z,felyx,felyx:b4713f15cccd,51.91947553333333,4.465549716666667,False,True,bicycle,electric_assist
2026-06-15T08:42:11Z,felyx,felyx:615ed8d04963,51.934639333333344,4.467330716666667,False,True,bicycle,electric_assist
2026-06-15T08:42:11Z,felyx,felyx:946e926289ed,51.88848981666667,4.521380800000001,False,False,bicycle,electric_assist
2026-06-15T08:42:11Z,felyx,felyx:d72249616c1b,51.956633533333324,4.495981516666667,False,False,bicycle,electric_assist
2026-06-15T08:42:11Z,felyx,felyx:61e6a6c8dc55,51.88592451666667,4.5487542,False,False,bicycle,electric_assist
2026-06-15T08:42:11Z,felyx,felyx:0e9767a50742,51.9592935,4.512469383333333,False,False,bicycle,electric_assist
2026-06-15T08:42:11Z,felyx,felyx:2aca13e443df,51.87891571666667,4.548293,False,False,bicycle,electric_assist
2026-06-15T08:42:11Z,felyx,felyx:6a65cb025d1d,51.90489543333334,4.442764216666666,False,False,bicycle,electric_assist
2026-06-15T08:42:11Z,felyx,felyx:1ca183dcaf2c,51.91899363333334,4.493862416666667,False,False,bicycle,electric_assist
2026-06-15T08:42:11Z,felyx,felyx:d2bd3942d65f,51.878158016666674,4.470568816666666,False,False,bicycle,electric_assist
2026-06-15T08:42:11Z,felyx,felyx:3e9eaa65fcb9,51.90928453333332,4.4354899,False,True,bicycle,electric_assist
2026-06-15T08:42:11Z,felyx,felyx:c7a9dd7a3748,51.915867633333335,4.478363216666668,False,True,bicycle,electric_assist
2026-06-15T08:42:11Z,felyx,felyx:88786f24ec45,51.92526665,4.485423666666667,False,False,bicycle,electric_assist
2026-06-15T08:42:11Z,felyx,felyx:0944348f0482,51.911890033333336,4.386364916666667,False,False,bicycle,electric_assist
2026-06-15T08:42:11Z,felyx,felyx:61b4e82bac1f,51.898839216666666,4.564577700000001,False,False,bicycle,electric_assist
2026-06-15T08:42:11Z,felyx,felyx:3bb3b064aebc,51.92021403333334,4.428802500000001,False,False,bicycle,electric_assist
2026-06-15T08:42:11Z,felyx,felyx:8dfc12502a6a,51.90932633333333,4.3909995166666675,False,False,bicycle,electric_assist
2026-06-15T08:42:11Z,felyx,felyx:28dc477b86fb,51.93173573333333,4.563962399999999,False,False,bicycle,electric_assist
2026-06-15T08:42:11Z,felyx,felyx:2af4707178d4,51.91175351666667,4.493784450000001,False,False,bicycle,electric_assist
2026-06-15T08:42:11Z,felyx,felyx:9bef8c4fe7ae,51.909131433333336,4.448181916666667,False,False,bicycle,electric_assist
2026-06-15T08:42:11Z,felyx,felyx:be0d9b507c55,51.90853733333333,4.443062516666667,False,False,bicycle,electric_assist
2026-06-15T08:42:11Z,felyx,felyx:8ca61f01b717,51.890559616666664,4.472741216666666,False,False,bicycle,electric_assist
2026-06-15T08:42:11Z,felyx,felyx:9f429085811e,51.891882716666665,4.465486516666668,False,False,bicycle,electric_assist
2026-06-15T08:42:11Z,felyx,felyx:beae789f1fef,51.938749033333345,4.467614416666667,False,False,bicycle,electric_assist
2026-06-15T08:42:11Z,felyx,felyx:790f58afbcd3,51.95376363333334,4.5199833,False,False,bicycle,electric_assist
2026-06-15T08:42:11Z,felyx,felyx:5ed1620378c2,51.92975143333333,4.504217199999999,False,False,bicycle,electric_assist
2026-06-15T08:42:11Z,felyx,felyx:4d3077e85cc4,51.963223433333326,4.4957568,False,False,bicycle,electric_assist
2026-06-15T08:42:11Z,felyx,felyx:8b4571b1f8ee,51.93713823333332,4.453678916666666,False,False,bicycle,electric_assist
2026-06-15T08:42:11Z,felyx,felyx:d40959f26e6e,51.90933213333333,4.4714077166666675,False,False,bicycle,electric_assist
2026-06-15T08:42:11Z,felyx,felyx:19b9204ce6cc,51.917505933333324,4.5152187,False,False,bicycle,electric_assist
2026-06-15T08:42:11Z,felyx,felyx:d7c13d1f90bd,51.92666633333333,4.5271424,False,False,bicycle,electric_assist
2026-06-15T08:42:11Z,felyx,felyx:ab1b37da344e,51.89214951666667,4.5696561,False,False,bicycle,electric_assist
2026-06-15T08:42:11Z,felyx,felyx:2e7af837373c,51.89526970000001,4.563559500000001,False,True,bicycle,electric_assist
2026-06-15T08:42:11Z,felyx,felyx:06ce66e7cd32,51.90964083333332,4.448499816666667,False,False,bicycle,electric_assist
2026-06-15T08:42:11Z,felyx,felyx:dc1ccc2ec749,51.919749716666665,4.477126800000001,False,True,bicycle,electric_assist
2026-06-15T08:42:11Z,felyx,felyx:8530dc6b53fb,51.91034693333333,4.381584316666666,False,False,bicycle,electric_assist
2026-06-15T08:42:11Z,felyx,felyx:88b6d26c6943,51.91616153333333,4.526927599999999,False,False,bicycle,electric_assist
2026-06-15T08:42:11Z,felyx,felyx:fa30f18c9a84,51.93137303333333,4.436758299999999,False,False,bicycle,electric_assist
2026-06-15T08:42:11Z,felyx,felyx:a6c2e10c0789,51.90846923333333,4.448298916666668,False,False,bicycle,electric_assist
2026-06-15T08:42:11Z,felyx,felyx:54253f63a4ae,51.931754033333334,4.454876016666666,False,False,bicycle,electric_assist
2026-06-15T08:42:11Z,felyx,felyx:56612b43c52b,51.894999316666656,4.4692980166666665,False,False,bicycle,electric_assist
2026-06-15T08:42:11Z,felyx,felyx:46ee4d6081d7,51.90136723333334,4.485460116666667,False,True,bicycle,electric_assist
2026-06-15T08:42:11Z,felyx,felyx:9bacec0ec13f,51.91787003333333,4.371895016666666,False,False,bicycle,electric_assist
2026-06-15T08:42:11Z,felyx,felyx:fe44ae36943a,51.91063263333333,4.445920516666667,False,False,bicycle,electric_assist
2026-06-15T08:42:11Z,felyx,felyx:c7f770107cf3,51.87851141666667,4.497447916666668,False,False,bicycle,electric_assist
2026-06-15T08:42:11Z,felyx,felyx:46c6220a0e30,51.912808433333346,4.4190855,False,False,bicycle,electric_assist
2026-06-15T08:42:11Z,felyx,felyx:9b5b457d772d,51.91517053333333,4.482297416666667,False,True,bicycle,electric_assist
2026-06-15T08:42:11Z,felyx,felyx:fdd1f01cfc73,51.91772473333333,4.4121886,False,False,bicycle,electric_assist
2026-06-15T08:42:11Z,felyx,felyx:66d8331480fc,51.89235911666666,4.530724299999999,False,True,bicycle,electric_assist
2026-06-15T08:42:11Z,felyx,felyx:6d16195969cc,51.89069831666667,4.468441116666667,False,False,bicycle,electric_assist
2026-06-15T08:42:11Z,felyx,felyx:046f6654bf51,51.907521700000004,4.451693583333332,False,True,bicycle,electric_assist
2026-06-15T08:42:11Z,felyx,felyx:909479f3177e,51.914192033333336,4.422359,False,False,bicycle,electric_assist
2026-06-15T08:42:11Z,felyx,felyx:1ebf1d4ff9c3,51.874540816666666,4.477873316666666,False,False,bicycle,electric_assist
2026-06-15T08:42:11Z,felyx,felyx:f3606a445e55,51.93121833333332,4.5072823,False,False,bicycle,electric_assist
2026-06-15T08:42:11Z,felyx,felyx:66adb4e5df4d,51.87849231666668,4.536532600000001,False,False,bicycle,electric_assist
2026-06-15T08:42:11Z,felyx,felyx:3f5dcc65fd07,51.916226333333334,4.5262627,False,False,bicycle,electric_assist
2026-06-15T08:42:11Z,felyx,felyx:7976c34fd234,51.915992933333335,4.5268768,False,False,bicycle,electric_assist
2026-06-15T08:42:11Z,felyx,felyx:4e17f38ded0d,51.93600293333333,4.562317999999999,False,False,bicycle,electric_assist
2026-06-15T08:42:11Z,felyx,felyx:b7330e59ac02,51.95133593333333,4.470487116666667,False,False,bicycle,electric_assist
2026-06-15T08:42:11Z,felyx,felyx:e77183d6caa1,51.94153453333334,4.606148150000001,False,True,bicycle,electric_assist
2026-06-15T08:42:11Z,felyx,felyx:78dcd788cad0,51.91222763333333,4.447850716666666,False,False,bicycle,electric_assist
2026-06-15T08:42:11Z,felyx,felyx:0f2fb341a66f,51.920156833333344,4.527664000000001,False,False,bicycle,electric_assist
2026-06-15T08:42:11Z,felyx,felyx:bb5834bb550f,51.92280453333333,4.5222891,False,False,bicycle,electric_assist
2026-06-15T08:42:11Z,felyx,felyx:e1ab0e9b8e5d,51.93231286666667,4.456248616666666,False,True,bicycle,electric_assist
2026-06-15T08:42:11Z,felyx,felyx:bae096c2bc93,51.89882671666666,4.5646433,False,False,bicycle,electric_assist
2026-06-15T08:42:11Z,felyx,felyx:a4a8c9447555,51.90011133333334,4.479706716666666,False,False,bicycle,electric_assist
2026-06-15T08:42:11Z,felyx,felyx:d7f516e1b050,51.90653123333334,4.477072516666667,False,False,bicycle,electric_assist
2026-06-15T08:42:11Z,felyx,felyx:5c7ef5cd9bbc,51.929414333333334,4.5022499,False,False,bicycle,electric_assist
2026-06-15T08:42:11Z,felyx,felyx:9ff8272ab5e4,51.90139843333333,4.483308816666668,False,True,bicycle,electric_assist
2026-06-15T08:42:11Z,felyx,felyx:1fdebc9e520f,51.94242633333333,4.5378424,False,False,bicycle,electric_assist
2026-06-15T08:42:11Z,felyx,felyx:249319af12aa,51.89021901666667,4.461227116666667,False,False,bicycle,electric_assist
2026-06-15T08:42:11Z,felyx,felyx:1db1be54cd7e,51.917199233333335,4.5235798,False,False,bicycle,electric_assist
2026-06-15T08:42:11Z,felyx,felyx:f07723cdc3c3,51.90711116666667,4.489953616666667,False,False,bicycle,electric_assist
2026-06-15T08:42:11Z,felyx,felyx:e968c5683b3e,51.94071473333333,4.4218249,False,False,bicycle,electric_assist
2026-06-15T08:42:11Z,felyx,felyx:cd968a176464,51.917736633333334,4.396520416666667,False,False,bicycle,electric_assist
2026-06-15T08:42:11Z,felyx,felyx:2023e42f52db,51.91514183333334,4.468005216666667,False,False,bicycle,electric_assist
2026-06-15T08:42:11Z,felyx,felyx:ffe57459fee0,51.94547333333333,4.425788100000001,False,False,bicycle,electric_assist
2026-06-15T08:42:11Z,felyx,felyx:1c03e85b6ce9,51.909901833333336,4.445754816666668,False,False,bicycle,electric_assist
2026-06-15T08:42:11Z,felyx,felyx:d857f8bae879,51.95379675000001,4.520057733333333,False,False,bicycle,electric_assist
2026-06-15T08:42:11Z,felyx,felyx:11a56f3d27db,51.88494421666666,4.5022266,False,False,bicycle,electric_assist
2026-06-15T08:42:11Z,felyx,felyx:71190b986e7e,51.91868393333333,4.435412800000001,False,True,bicycle,electric_assist
2026-06-15T08:42:11Z,felyx,felyx:23f323bf5667,51.917473933333326,4.5152277000000005,False,True,bicycle,electric_assist
2026-06-15T08:42:11Z,felyx,felyx:0d35eb7a35a4,51.907497833333345,4.461441016666668,False,False,bicycle,electric_assist
2026-06-15T08:42:11Z,felyx,felyx:0b5e9ae82c90,51.92064953333333,4.481768616666667,False,False,bicycle,electric_assist
2026-06-15T08:42:11Z,felyx,felyx:68f58ff1c91e,51.91697376666666,4.523369716666666,False,False,bicycle,electric_assist
2026-06-15T08:42:11Z,felyx,felyx:377d730472e3,51.88491921666667,4.5226866,False,False,bicycle,electric_assist
2026-06-15T08:42:11Z,felyx,felyx:32758e0756e2,51.89042981666666,4.473333616666666,False,False,bicycle,electric_assist
2026-06-15T08:42:11Z,felyx,felyx:36d86743e20c,51.896583516666674,4.420315800000001,False,False,bicycle,electric_assist
2026-06-15T08:42:11Z,felyx,felyx:28ac2dd01d49,51.90924801666666,4.458201683333334,False,False,bicycle,electric_assist
2026-06-15T08:42:11Z,felyx,felyx:d7261deb61c5,51.91506793333333,4.474527216666667,False,True,bicycle,electric_assist
2026-06-15T08:42:11Z,felyx,felyx:ee30ff980a6a,51.92724293333334,4.4222959,False,False,bicycle,electric_assist
2026-06-15T08:42:11Z,felyx,felyx:8b188157816e,51.955663933333334,4.5060053,False,False,bicycle,electric_assist
2026-06-15T08:42:11Z,felyx,felyx:6e7f1894cc5a,51.90449923333333,4.4449680166666665,False,False,bicycle,electric_assist
2026-06-15T08:42:11Z,felyx,felyx:cdbe02bb2912,51.89211421666667,4.5086842,False,True,bicycle,electric_assist
2026-06-15T08:42:11Z,felyx,felyx:ceea69175246,51.92551388333332,4.466504066666666,False,True,bicycle,electric_assist
2026-06-15T08:42:11Z,felyx,felyx:947e231a61a1,51.90499520000001,4.4870675166666665,False,True,bicycle,electric_assist
2026-06-15T08:42:11Z,felyx,felyx:59e519977dd1,51.92541373333332,4.466145816666666,False,False,bicycle,electric_assist
2026-06-15T08:42:11Z,felyx,felyx:07043354f92c,51.957034533333335,4.555779,False,False,bicycle,electric_assist
2026-06-15T08:42:11Z,felyx,felyx:4b09a778b760,51.94528906666666,4.476379433333333,False,False,bicycle,electric_assist
2026-06-15T08:42:11Z,felyx,felyx:a75a568b3c12,51.92174443333332,4.5338585,False,False,bicycle,electric_assist
2026-06-15T08:42:11Z,felyx,felyx:ea80f8b2a7d8,51.88097271666666,4.5003288,False,True,bicycle,electric_assist
2026-06-15T08:42:11Z,felyx,felyx:4ae5169a8010,51.92078893333333,4.5203713,False,False,bicycle,electric_assist
2026-06-15T08:42:11Z,felyx,felyx:ebf4a6383d8b,51.88989261666668,4.547986999999999,False,True,bicycle,electric_assist
2026-06-15T08:42:11Z,felyx,felyx:82c12b799a86,51.899191816666665,4.5011901000000005,False,False,bicycle,electric_assist
2026-06-15T08:42:11Z,felyx,felyx:bb4f2af1135f,51.91069303333333,4.497263116666667,False,True,bicycle,electric_assist
2026-06-15T08:42:11Z,felyx,felyx:7004cfa287f6,51.92253453333333,4.439171900000001,False,False,bicycle,electric_assist
2026-06-15T08:42:11Z,felyx,felyx:adfec69d212c,51.90317393333333,4.463666616666667,False,True,bicycle,electric_assist
2026-06-15T08:42:11Z,felyx,felyx:8823d6c1de22,51.90843293333333,4.448365416666667,False,False,bicycle,electric_assist
2026-06-15T08:42:11Z,felyx,felyx:051ca2864f21,51.92572493333333,4.454895816666667,False,False,bicycle,electric_assist
2026-06-15T08:42:11Z,felyx,felyx:30ffac92f147,51.90832883333334,4.4344638000000005,False,False,bicycle,electric_assist
2026-06-15T08:42:11Z,felyx,felyx:590cb107ac07,51.908027733333334,4.5224831000000005,False,False,bicycle,electric_assist
2026-06-15T08:42:11Z,felyx,felyx:1a3c967a39e6,51.91413833333333,4.4223375,False,False,bicycle,electric_assist
2026-06-15T08:42:11Z,felyx,felyx:3c284d4993c1,51.92071733333334,4.4083108,False,True,bicycle,electric_assist
2026-06-15T08:42:11Z,felyx,felyx:f9f9b37e76df,51.918008433333334,4.4577574166666665,True,False,bicycle,electric_assist
2026-06-15T08:42:11Z,felyx,felyx:448f0a9c8faf,51.89431381666667,4.5131306,False,False,bicycle,electric_assist
2026-06-15T08:42:11Z,felyx,felyx:e8cafe42b534,51.91175643333333,4.460781216666668,False,True,bicycle,electric_assist
2026-06-15T08:42:11Z,felyx,felyx:0150f58ddfc9,51.92085565,4.483308,False,True,bicycle,electric_assist
2026-06-15T08:42:11Z,felyx,felyx:91e1d652ca17,51.92224933333334,4.5022766,False,False,bicycle,electric_assist
2026-06-15T08:42:11Z,felyx,felyx:d922e706b78d,51.95134233333333,4.470464116666666,False,False,bicycle,electric_assist
2026-06-15T08:42:11Z,felyx,felyx:7326dd1052df,51.94922773333332,4.4326413,False,False,bicycle,electric_assist
2026-06-15T08:42:11Z,felyx,felyx:632c20a53f80,51.906542733333325,4.525610599999999,False,False,bicycle,electric_assist
2026-06-15T08:42:11Z,felyx,felyx:41610c682642,51.91710423333334,4.5233650999999995,False,False,bicycle,electric_assist
2026-06-15T08:42:11Z,felyx,felyx:80ac9469550a,51.91182673333333,4.466238416666667,False,False,bicycle,electric_assist
2026-06-15T08:42:11Z,felyx,felyx:4ba31c598aa6,51.92130753333333,4.532145,False,False,bicycle,electric_assist
2026-06-15T08:42:11Z,felyx,felyx:337b28d91ac1,51.957535033333336,4.483113216666666,False,False,bicycle,electric_assist
2026-06-15T08:42:11Z,felyx,felyx:6c919bcb49c4,51.86294971666667,4.376431616666666,False,True,bicycle,electric_assist
2026-06-15T08:42:11Z,felyx,felyx:130ffd43a3d9,51.90713853333334,4.5218179,False,False,bicycle,electric_assist
2026-06-15T08:42:11Z,felyx,felyx:3b1fd369d171,51.90446883333334,4.507741199999999,False,False,bicycle,electric_assist
2026-06-15T08:42:11Z,felyx,felyx:61431f98a109,51.955662233333335,4.463082216666668,False,False,bicycle,electric_assist
2026-06-15T08:42:11Z,felyx,felyx:249ab1d15050,51.94205061666666,4.430864166666667,False,True,bicycle,electric_assist
2026-06-15T08:42:11Z,felyx,felyx:32148960fa04,51.92572533333334,4.2572721,False,True,bicycle,electric_assist
2026-06-15T08:42:11Z,felyx,felyx:da0f6710dd86,51.93143923333334,4.485930316666667,False,False,bicycle,electric_assist
2026-06-15T08:42:11Z,felyx,felyx:c394bfb27908,51.93861803333332,4.479468016666668,False,True,bicycle,electric_assist
2026-06-15T08:42:11Z,felyx,felyx:e8947f8dfefe,51.96006783333333,4.465903516666666,False,False,bicycle,electric_assist
2026-06-15T08:42:11Z,felyx,felyx:584908c2416c,51.91882443333334,4.434342600000001,False,False,bicycle,electric_assist
2026-06-15T08:42:11Z,felyx,felyx:ada4a00e970d,51.91386373333333,4.5020957,False,False,bicycle,electric_assist
2026-06-15T08:42:11Z,felyx,felyx:e7205e53738a,51.921926633333335,4.557020233333334,False,False,bicycle,electric_assist
2026-06-15T08:42:11Z,felyx,felyx:44f026d3837c,51.91158983333333,4.478502416666666,False,True,bicycle,electric_assist
2026-06-15T08:42:11Z,felyx,felyx:21064e6d6ccd,51.92050583333333,4.523551199999999,False,False,bicycle,electric_assist
2026-06-15T08:42:11Z,felyx,felyx:14437fd2cc9e,51.92196593333332,4.3709388166666665,False,False,bicycle,electric_assist
2026-06-15T08:42:11Z,felyx,felyx:d6daf2a54a73,51.89671851666666,4.418710600000002,False,False,bicycle,electric_assist
2026-06-15T08:42:11Z,felyx,felyx:b6a7fd8681cc,51.88635521666667,4.458111216666667,False,False,bicycle,electric_assist
2026-06-15T08:42:11Z,felyx,felyx:250144e8bfb1,51.95243453333333,4.467877016666667,False,False,bicycle,electric_assist
2026-06-15T08:42:11Z,felyx,felyx:7783b030e321,51.93139003333334,4.4367372,False,False,bicycle,electric_assist
2026-06-15T08:42:11Z,felyx,felyx:91490e470779,51.91613813333333,4.5267786,False,False,bicycle,electric_assist
2026-06-15T08:42:11Z,felyx,felyx:1d8486df9a71,51.92014753333333,4.434462000000001,False,False,bicycle,electric_assist
2026-06-15T08:42:11Z,felyx,felyx:ed8eecf80199,51.91416683333333,4.4223281,False,False,bicycle,electric_assist
2026-06-15T08:42:11Z,felyx,felyx:c95c4981a9a1,51.911916133333335,4.480036516666668,False,False,bicycle,electric_assist
2026-06-15T08:42:11Z,felyx,felyx:f59a290f046f,51.88662461666666,4.496987316666666,False,False,bicycle,electric_assist
2026-06-15T08:42:11Z,felyx,felyx:4b2ea3e90365,51.93314933333333,4.476151316666667,True,False,bicycle,electric_assist
2026-06-15T08:42:11Z,felyx,felyx:4a8b2de2798b,51.94856863333332,4.449815516666667,False,False,bicycle,electric_assist
2026-06-15T08:42:11Z,felyx,felyx:1b5eb1cd6f93,51.933497933333335,4.473458116666667,False,True,bicycle,electric_assist
2026-06-15T08:42:11Z,felyx,felyx:edae53e5f915,51.92574423333334,4.454853716666667,False,False,bicycle,electric_assist
2026-06-15T08:42:11Z,felyx,felyx:a186a96fe147,51.92997663333335,4.480702616666666,True,False,bicycle,electric_assist
2026-06-15T08:42:11Z,felyx,felyx:2ae01a72bd6b,51.92318583333334,4.506209899999999,False,True,bicycle,electric_assist
2026-06-15T08:42:11Z,felyx,felyx:c145799b1438,51.9338755,4.452901166666666,False,False,bicycle,electric_assist
2026-06-15T08:42:11Z,felyx,felyx:dd647b295869,51.942215333333316,4.460501216666667,False,False,bicycle,electric_assist
2026-06-15T08:42:11Z,felyx,felyx:061ac07e1dbb,51.89307681666665,4.5392424,False,False,bicycle,electric_assist
2026-06-15T08:42:11Z,felyx,felyx:a361dfa8e99e,51.89589531666667,4.456150616666666,False,False,bicycle,electric_assist
2026-06-15T08:42:11Z,felyx,felyx:a0773c1ed654,51.93307843333334,4.490522216666666,False,False,bicycle,electric_assist
2026-06-15T08:42:11Z,felyx,felyx:06e0837e53ce,51.92279373333333,4.499969516666667,False,False,bicycle,electric_assist
2026-06-15T08:42:11Z,felyx,felyx:1b3a6ffcf3cb,51.910355333333335,4.380565716666666,False,False,bicycle,electric_assist
2026-06-15T08:42:11Z,felyx,felyx:8d56e11d416d,51.91974653333333,4.486938516666668,False,False,bicycle,electric_assist
2026-06-15T08:42:11Z,felyx,felyx:9e31e500dc9b,51.88840591666667,4.489314916666667,False,True,bicycle,electric_assist
2026-06-15T08:42:11Z,felyx,felyx:19a42fae8030,51.887955016666666,4.479652616666666,False,True,bicycle,electric_assist
2026-06-15T08:42:11Z,felyx,felyx:7ce8ef0f0c16,51.921925133333325,4.371011116666667,False,True,bicycle,electric_assist
2026-06-15T08:42:11Z,felyx,felyx:c07e36fc1fe6,51.916964033333336,4.4238075,False,False,bicycle,electric_assist
2026-06-15T08:42:11Z,felyx,felyx:aaf0b9cd7fc6,51.91566763333334,4.488740716666666,False,True,bicycle,electric_assist
2026-06-15T08:42:11Z,felyx,felyx:74176d5c8d12,51.88606901666666,4.460481216666667,False,False,bicycle,electric_assist
2026-06-15T08:42:11Z,felyx,felyx:49ef34bbf631,51.91391083333333,4.4609917166666655,False,False,bicycle,electric_assist
2026-06-15T08:42:11Z,felyx,felyx:d6ebb387a03a,51.91292333333334,4.5221147,False,False,bicycle,electric_assist
2026-06-15T08:42:11Z,felyx,felyx:791ae8a23b26,51.89372591666667,4.551991699999999,False,False,bicycle,electric_assist
2026-06-15T08:42:11Z,felyx,felyx:fcd1ae68be09,51.93743943333334,4.462590016666667,False,False,bicycle,electric_assist
2026-06-15T08:42:11Z,felyx,felyx:f24fd9e20955,51.90215083333332,4.502357,False,False,bicycle,electric_assist
2026-06-15T08:42:11Z,felyx,felyx:ce80201e429e,51.92725453333334,4.507956600000001,False,False,bicycle,electric_assist
2026-06-15T08:42:11Z,felyx,felyx:3b5e63236409,51.92016563333333,4.4120454,False,False,bicycle,electric_assist
2026-06-15T08:42:11Z,felyx,felyx:2b07ef167a03,51.91711613333333,4.523331500000001,False,False,bicycle,electric_assist
2026-06-15T08:42:11Z,felyx,felyx:67ae683bda05,51.91493963333333,4.424455600000001,False,False,bicycle,electric_assist
2026-06-15T08:42:11Z,felyx,felyx:6c1577d8b32f,51.89173891666666,4.489221616666667,False,False,bicycle,electric_assist
2026-06-15T08:42:11Z,felyx,felyx:4700cbd2d0e7,51.89473211666667,4.532197700000001,False,False,bicycle,electric_assist
2026-06-15T08:42:11Z,felyx,felyx:1b0f51e3e87b,51.88329911666667,4.513983499999999,False,True,bicycle,electric_assist
2026-06-15T08:42:11Z,felyx,felyx:2fec8b6e37cf,51.91678453333333,4.402095500000001,False,True,bicycle,electric_assist
2026-06-15T08:42:11Z,felyx,felyx:5d7d2f6c6619,51.91253653333333,4.4219077,False,False,bicycle,electric_assist
2026-06-15T08:42:11Z,felyx,felyx:6017c30961d7,51.925375833333334,4.530732599999999,False,False,bicycle,electric_assist
2026-06-15T08:42:11Z,felyx,felyx:5f10ad9965d8,51.88794461666666,4.478800016666667,False,False,bicycle,electric_assist
2026-06-15T08:42:11Z,felyx,felyx:95795a6a7639,51.90386693333334,4.5130178999999995,False,False,bicycle,electric_assist
2026-06-15T08:42:11Z,felyx,felyx:0497f035a632,51.85788461666667,4.388194816666667,False,True,bicycle,electric_assist
2026-06-15T08:42:11Z,felyx,felyx:fb5e84202826,51.89162911666667,4.494124716666667,False,True,bicycle,electric_assist
2026-06-15T08:42:11Z,felyx,felyx:29bac3954211,51.929164033333336,4.5053285999999995,False,False,bicycle,electric_assist
2026-06-15T08:42:11Z,felyx,felyx:b52fe4847f6f,51.93700973333332,4.4277619,False,False,bicycle,electric_assist
2026-06-15T08:42:11Z,felyx,felyx:035e861ad195,51.874923116666665,4.491898316666666,False,False,bicycle,electric_assist
2026-06-15T08:42:11Z,felyx,felyx:6f9918092350,51.922615333333326,4.497541016666667,False,False,bicycle,electric_assist
2026-06-15T08:42:11Z,felyx,felyx:cbcffdfe8489,51.90487523333332,4.463223516666668,False,False,bicycle,electric_assist
2026-06-15T08:42:11Z,felyx,felyx:b747a477a80a,51.912316933333344,4.454989916666667,False,False,bicycle,electric_assist
2026-06-15T08:42:11Z,felyx,felyx:287172fd88a8,51.92603163333333,4.519896500000001,False,False,bicycle,electric_assist
2026-06-15T08:42:11Z,felyx,felyx:ac93705e4937,51.89482291666666,4.4651126166666675,False,False,bicycle,electric_assist
2026-06-15T08:42:11Z,felyx,felyx:ffac689f2a14,51.96879373333332,4.484789116666667,False,False,bicycle,electric_assist
2026-06-15T08:42:11Z,felyx,felyx:9146c29339ad,51.93148963333333,4.4615932166666665,False,True,bicycle,electric_assist
2026-06-15T08:42:11Z,felyx,felyx:e53b95f7d35c,51.889648566666665,4.491521233333334,False,False,bicycle,electric_assist
2026-06-15T08:42:11Z,felyx,felyx:d73cc574edbd,51.91190983333333,4.380390116666667,False,False,bicycle,electric_assist
2026-06-15T08:42:11Z,felyx,felyx:e3d4e1f7fbf0,51.959108433333334,4.493542716666667,False,False,bicycle,electric_assist
2026-06-15T08:42:11Z,felyx,felyx:2b6ad5da0ef3,51.890738316666656,4.486667116666666,False,False,bicycle,electric_assist
2026-06-15T08:42:11Z,felyx,felyx:ac2d0492355f,51.88626521666666,4.5362487,False,True,bicycle,electric_assist
2026-06-15T08:42:11Z,felyx,felyx:ac1bc81a9394,51.891809516666676,4.4846076166666675,False,True,bicycle,electric_assist
2026-06-15T08:42:11Z,felyx,felyx:902f68d9d8a7,51.92282183333334,4.469655816666667,False,False,bicycle,electric_assist
2026-06-15T08:42:11Z,felyx,felyx:7a009d43635b,51.90869693333334,4.524726,False,False,bicycle,electric_assist
2026-06-15T08:42:11Z,felyx,felyx:9ac3153f4125,51.91416963333332,4.4223924000000014,False,False,bicycle,electric_assist
2026-06-15T08:42:11Z,felyx,felyx:fe755a3c36dd,51.89216211666667,4.5696382,False,False,bicycle,electric_assist
2026-06-15T08:42:11Z,felyx,felyx:6485b0fc0083,51.88613051666666,4.459896516666666,False,False,bicycle,electric_assist
2026-06-15T08:42:11Z,felyx,felyx:4f000c44e492,51.93048563333333,4.458386016666667,False,True,bicycle,electric_assist
2026-06-15T08:42:11Z,felyx,felyx:0fe64e381b5d,51.93350343333333,4.5029471,False,True,bicycle,electric_assist
2026-06-15T08:42:11Z,felyx,felyx:48c116e29abd,51.932122766666666,4.401947416666667,False,False,bicycle,electric_assist
2026-06-15T08:42:11Z,felyx,felyx:6a4d5e10ccc0,51.94934743333333,4.5157758,False,False,bicycle,electric_assist
2026-06-15T08:42:11Z,felyx,felyx:84f743e8fb48,51.957424433333344,4.484530716666667,False,True,bicycle,electric_assist
2026-06-15T08:42:11Z,felyx,felyx:b9753475e253,51.90458013333334,4.5079101999999995,False,False,bicycle,electric_assist
2026-06-15T08:42:11Z,felyx,felyx:284ee594d0f1,51.94751103333333,4.480445616666667,False,False,bicycle,electric_assist
2026-06-15T08:42:11Z,felyx,felyx:a153ff921b51,51.87681621666667,4.489711416666665,False,False,bicycle,electric_assist
2026-06-15T08:42:11Z,felyx,felyx:9186cf8d3fa6,51.90647293333333,4.4626273166666675,False,False,bicycle,electric_assist
2026-06-15T08:42:11Z,felyx,felyx:5a216f61f19b,51.929065433333335,4.505966,False,False,bicycle,electric_assist
2026-06-15T08:42:11Z,felyx,felyx:1e6dfd446c79,51.91862503333333,4.4354417,False,False,bicycle,electric_assist
2026-06-15T08:42:11Z,felyx,felyx:06f4aca2ab15,51.90123823333333,4.477455416666667,False,False,bicycle,electric_assist
2026-06-15T08:42:11Z,felyx,felyx:0f5331aebf56,51.93491953333334,4.3747508166666655,False,False,bicycle,electric_assist
2026-06-15T08:42:11Z,felyx,felyx:a03de5ec2901,51.871655916666676,4.4915646166666665,False,False,bicycle,electric_assist
2026-06-15T08:42:11Z,felyx,felyx:3951bedb786c,51.91379873333333,4.478748116666667,False,True,bicycle,electric_assist
2026-06-15T08:42:11Z,felyx,felyx:dad3a7e7ce61,51.88838461666666,4.496183316666667,False,True,bicycle,electric_assist
2026-06-15T08:42:11Z,felyx,felyx:7701a0c8e2d1,51.91122393333333,4.5248298,False,False,bicycle,electric_assist
2026-06-15T08:42:11Z,felyx,felyx:87f72f4f1648,51.926032633333335,4.5167359000000005,False,False,bicycle,electric_assist
2026-06-15T08:42:11Z,felyx,felyx:4690cf07a7fa,51.91696193333333,4.4237763999999995,False,False,bicycle,electric_assist
2026-06-15T08:42:11Z,felyx,felyx:22d564fa9b39,51.87496550000001,4.491865716666666,False,False,bicycle,electric_assist
2026-06-15T08:42:11Z,felyx,felyx:6c63a73427f7,51.946407483333324,4.472832349999999,False,False,bicycle,electric_assist
2026-06-15T08:42:11Z,felyx,felyx:e7c013831141,51.907867833333334,4.453716616666668,False,True,bicycle,electric_assist
2026-06-15T08:42:11Z,felyx,felyx:a9aa76559ba7,51.91561573333333,4.447662616666666,False,True,bicycle,electric_assist
2026-06-15T08:42:11Z,felyx,felyx:1a47064710b8,51.92650943333333,4.5143593,False,False,bicycle,electric_assist
2026-06-15T08:42:11Z,felyx,felyx:9e9914f5b888,51.92113023333333,4.5591316,False,True,bicycle,electric_assist
2026-06-15T08:42:11Z,felyx,felyx:87ef52849f75,51.91671243333334,4.446858916666666,False,False,bicycle,electric_assist
2026-06-15T08:42:11Z,felyx,felyx:89ad82b7f18b,51.90997491666667,4.438372766666667,False,False,bicycle,electric_assist
2026-06-15T08:42:11Z,felyx,felyx:8029f730d88c,51.967803133333334,4.495560116666667,False,False,bicycle,electric_assist
2026-06-15T08:42:11Z,felyx,felyx:84d570f0d58b,51.91962653333332,4.406467300000001,False,False,bicycle,electric_assist
2026-06-15T08:42:11Z,felyx,felyx:ae6f0e0d115e,51.917060533333334,4.523353,False,False,bicycle,electric_assist
2026-06-15T08:42:11Z,felyx,felyx:f91276514ddf,51.94244763333332,4.537865899999999,False,False,bicycle,electric_assist
2026-06-15T08:42:11Z,felyx,felyx:eae766ade298,51.88652171666666,4.549296700000001,False,False,bicycle,electric_assist
2026-06-15T08:42:11Z,felyx,felyx:3c11ca72cd93,51.94858993333333,4.449782616666667,False,False,bicycle,electric_assist
2026-06-15T08:42:11Z,felyx,felyx:5e7360cc7849,51.89443291666666,4.485505116666667,False,False,bicycle,electric_assist
2026-06-15T08:42:11Z,felyx,felyx:ec097b3447a4,51.92574453333333,4.454875116666667,False,False,bicycle,electric_assist
2026-06-15T08:42:11Z,felyx,felyx:d4004157ec32,51.92179243333334,4.481090216666667,False,True,bicycle,electric_assist
2026-06-15T08:42:11Z,felyx,felyx:9b254295b877,51.905634633333335,4.475959116666667,False,False,bicycle,electric_assist
2026-06-15T08:42:11Z,felyx,felyx:f2a2c82b4b7f,51.90488353333333,4.4027698,False,False,bicycle,electric_assist
2026-06-15T08:42:11Z,felyx,felyx:74fe35513512,51.906159433333336,4.5417273,False,False,bicycle,electric_assist
2026-06-15T08:42:11Z,felyx,felyx:ec06aa1983be,51.96426293333334,4.53811235,False,False,bicycle,electric_assist
2026-06-15T08:42:11Z,felyx,felyx:3ed2790dc3f4,51.93888253333332,4.475809216666667,False,True,bicycle,electric_assist
2026-06-15T08:42:11Z,felyx,felyx:876321ffa62b,51.95041483333333,4.546754699999999,False,False,bicycle,electric_assist
2026-06-15T08:42:11Z,felyx,felyx:406b1b75e78f,51.88455711666668,4.467982316666666,False,False,bicycle,electric_assist
2026-06-15T08:42:11Z,felyx,felyx:8635eac24dd6,51.89469071666668,4.5321662,False,True,bicycle,electric_assist
2026-06-15T08:42:11Z,felyx,felyx:eccfb3e0b6ae,51.94926163333332,4.432673,False,False,bicycle,electric_assist
2026-06-15T08:42:11Z,felyx,felyx:1f27b2fa161c,51.933011433333334,4.497265616666667,False,True,bicycle,electric_assist
2026-06-15T08:42:11Z,felyx,felyx:759b8b03a61f,51.9066902,4.412068883333333,False,False,bicycle,electric_assist
2026-06-15T08:42:11Z,felyx,felyx:7bf114cd7b29,51.94449833333333,4.475309016666667,False,False,bicycle,electric_assist
2026-06-15T08:42:11Z,felyx,felyx:1bd49617271c,51.91662133333333,4.452362716666667,False,False,bicycle,electric_assist
2026-06-15T08:42:11Z,felyx,felyx:00101c88425d,51.886375916666665,4.5493025,False,False,bicycle,electric_assist
2026-06-15T08:42:11Z,felyx,felyx:222a5c9b7829,51.968731033333334,4.484741616666667,False,False,bicycle,electric_assist
2026-06-15T08:42:11Z,felyx,felyx:af63a26e4775,51.932227833333336,4.485605416666666,False,False,bicycle,electric_assist
2026-06-15T08:42:11Z,felyx,felyx:e5c95cea2d89,51.911546933333334,4.478594616666667,False,False,bicycle,electric_assist
2026-06-15T08:42:11Z,felyx,felyx:9875e1dc66db,51.916695833333335,4.447141816666667,False,False,bicycle,electric_assist
2026-06-15T08:42:11Z,felyx,felyx:f237de62fec0,51.93726543333334,4.355431416666666,False,True,bicycle,electric_assist
2026-06-15T08:42:11Z,felyx,felyx:d8cf47b4b165,51.86967821666668,4.477860216666666,False,True,bicycle,electric_assist
2026-06-15T08:42:11Z,felyx,felyx:9ccacba24d2b,51.91089983333333,4.5211719,False,False,bicycle,electric_assist
2026-06-15T08:42:11Z,felyx,felyx:579caac876da,51.933247233333326,4.458090116666667,False,False,bicycle,electric_assist
2026-06-15T08:42:11Z,felyx,felyx:72aa38d54757,51.91073613333333,4.441306916666667,False,True,bicycle,electric_assist
2026-06-15T08:42:11Z,felyx,felyx:dc065151af31,51.91243473333334,4.385511716666667,False,False,bicycle,electric_assist
2026-06-15T08:42:11Z,felyx,felyx:3fce04327791,51.90691203333335,4.503035000000001,False,False,bicycle,electric_assist
2026-06-15T08:42:11Z,felyx,felyx:4784daeb0b4e,51.87719131666666,4.5186953999999995,False,False,bicycle,electric_assist
2026-06-15T08:42:11Z,felyx,felyx:97a7d4263bd4,51.918543050000004,4.432165800000001,False,False,bicycle,electric_assist
2026-06-15T08:42:11Z,felyx,felyx:788f0fbd9777,51.928481733333335,4.370869416666666,False,False,bicycle,electric_assist
2026-06-15T08:42:11Z,felyx,felyx:6a69b6d4ae3c,51.891464216666655,4.467668516666667,False,False,bicycle,electric_assist
2026-06-15T08:42:11Z,felyx,felyx:33dc35d5c17f,51.930407033333324,4.5037069,False,False,bicycle,electric_assist
2026-06-15T08:42:11Z,felyx,felyx:da62eb3dae0f,51.90915923333334,4.448142116666667,False,False,bicycle,electric_assist
2026-06-15T08:42:11Z,felyx,felyx:b77bb2ba93b7,51.925538633333325,4.5176314,False,False,bicycle,electric_assist
2026-06-15T08:42:11Z,felyx,felyx:35d672533e18,51.91713073333333,4.523484300000001,False,False,bicycle,electric_assist
2026-06-15T08:42:11Z,felyx,felyx:de57d1b4feaf,51.93689198333333,4.5335577166666665,False,False,bicycle,electric_assist
2026-06-15T08:42:11Z,felyx,felyx:8244e3358b13,51.88642601666666,4.549280700000001,False,False,bicycle,electric_assist
2026-06-15T08:42:11Z,felyx,felyx:7a203d85dee3,51.92692593333333,4.464227916666666,False,True,bicycle,electric_assist
2026-06-15T08:42:11Z,felyx,felyx:d19ca8a79fee,51.91561073333333,4.463273316666666,False,False,bicycle,electric_assist
2026-06-15T08:42:11Z,felyx,felyx:e6135d8ea140,51.91641133333333,4.4060492,False,False,bicycle,electric_assist
2026-06-15T08:42:11Z,felyx,felyx:594f1c78fdf6,51.91727263333334,4.489405416666666,False,False,bicycle,electric_assist
2026-06-15T08:42:11Z,felyx,felyx:cccae4097c38,51.89156511666666,4.4909527166666665,False,True,bicycle,electric_assist
2026-06-15T08:42:11Z,felyx,felyx:80b1d8109eb5,51.920197800000004,4.434423166666666,False,False,bicycle,electric_assist
2026-06-15T08:42:11Z,felyx,felyx:fd92b4079610,51.91697898333332,4.491350083333333,False,True,bicycle,electric_assist
2026-06-15T08:42:11Z,felyx,felyx:0dcfe6fdb5c7,51.88813101666666,4.493657616666667,False,False,bicycle,electric_assist
2026-06-15T08:42:11Z,felyx,felyx:cea5608048a1,51.915748233333346,4.3850103166666665,False,True,bicycle,electric_assist
2026-06-15T08:42:11Z,felyx,felyx:740c310d9787,51.90447973333333,4.460411416666666,False,False,bicycle,electric_assist
2026-06-15T08:42:11Z,felyx,felyx:bb29344aef63,51.912561833333335,4.4210475,False,False,bicycle,electric_assist
2026-06-15T08:42:11Z,felyx,felyx:78e4b73fa4ee,51.93890673333334,4.425211500000001,False,False,bicycle,electric_assist
2026-06-15T08:42:11Z,felyx,felyx:8b64cff340f8,51.90443716666667,4.460495783333334,False,False,bicycle,electric_assist
2026-06-15T08:42:11Z,felyx,felyx:a61eca55bcb1,51.9438514,4.4727098833333345,False,True,bicycle,electric_assist
2026-06-15T08:42:11Z,felyx,felyx:189a331564cc,51.92081056666665,4.503439866666667,False,False,bicycle,electric_assist
2026-06-15T08:42:11Z,felyx,felyx:d92f80170db5,51.921755666666655,4.460427283333333,False,True,bicycle,electric_assist
2026-06-15T08:42:11Z,felyx,felyx:3a0b78b19b09,51.89864931666666,4.4758785166666675,False,False,bicycle,electric_assist
2026-06-15T08:42:11Z,felyx,felyx:2bdf106ab421,51.93146403333333,4.457949816666667,False,True,bicycle,electric_assist
2026-06-15T08:42:11Z,felyx,felyx:6da6f2a3ccd0,51.88796621666666,4.478784816666666,False,False,bicycle,electric_assist
2026-06-15T08:42:11Z,felyx,felyx:44ab28974d2f,51.90285583333332,4.510965700000001,False,False,bicycle,electric_assist
2026-06-15T08:42:11Z,felyx,felyx:428fc1258557,51.88641581666668,4.5492837999999995,False,False,bicycle,electric_assist
2026-06-15T08:42:11Z,felyx,felyx:f82c1ce79cfb,51.87908781666666,4.524102,False,True,bicycle,electric_assist
2026-06-15T08:42:11Z,felyx,felyx:d54da3fbc24d,51.94801373333332,4.485935616666667,False,False,bicycle,electric_assist
2026-06-15T08:42:11Z,felyx,felyx:3b6d1cdd07b3,51.91238603333333,4.455995016666666,False,True,bicycle,electric_assist
2026-06-15T08:42:11Z,felyx,felyx:a77d05cf4802,51.922570933333326,4.4025137999999995,False,False,bicycle,electric_assist
2026-06-15T08:42:11Z,felyx,felyx:eec739517993,51.951767233333335,4.55106,False,True,bicycle,electric_assist
2026-06-15T08:42:11Z,felyx,felyx:df274f1330a1,51.913420333333335,4.400320300000001,False,False,bicycle,electric_assist
2026-06-15T08:42:11Z,felyx,felyx:6e15dec6138e,51.912452833333326,4.4304102,False,False,bicycle,electric_assist
2026-06-15T08:42:11Z,felyx,felyx:2d8f4e769ae9,51.90706433333334,4.489909716666667,False,False,bicycle,electric_assist
2026-06-15T08:42:11Z,felyx,felyx:2d8768f0f6e8,51.91996303333334,4.5283371,False,False,bicycle,electric_assist
2026-06-15T08:42:11Z,felyx,felyx:4b412cbd3cbf,51.896321016666654,4.489323916666668,False,False,bicycle,electric_assist
2026-06-15T08:42:11Z,felyx,felyx:27cecdc2b930,51.92745463333334,4.5098137,False,False,bicycle,electric_assist
2026-06-15T08:42:11Z,felyx,felyx:e878ea8cf356,51.90612743333334,4.541900500000001,False,False,bicycle,electric_assist
2026-06-15T08:42:11Z,felyx,felyx:613a85b34bbc,51.89690521666667,4.5236488,False,False,bicycle,electric_assist
2026-06-15T08:42:11Z,felyx,felyx:48528621e9a8,51.933328333333336,4.4398388,False,False,bicycle,electric_assist
2026-06-15T08:42:11Z,felyx,felyx:f0b1dd3ba3d2,51.92185583333333,4.460594616666667,False,True,bicycle,electric_assist
2026-06-15T08:42:11Z,felyx,felyx:418fb98bdedc,51.88527661666667,4.465888216666666,False,False,bicycle,electric_assist
2026-06-15T08:42:11Z,felyx,felyx:24c7491185f3,51.90633633333334,4.4600894166666665,False,False,bicycle,electric_assist
2026-06-15T08:42:11Z,felyx,felyx:010df6750c0d,51.87434729999999,4.523222633333333,False,False,bicycle,electric_assist
2026-06-15T08:42:11Z,felyx,felyx:04f0d9332b4c,51.91514623333334,4.476215816666667,False,True,bicycle,electric_assist
2026-06-15T08:42:11Z,felyx,felyx:d4eb414d2eea,51.89160811666667,4.491764383333333,False,False,bicycle,electric_assist
2026-06-15T08:42:11Z,felyx,felyx:4252441bbd7d,51.896186616666675,4.5042289,False,False,bicycle,electric_assist
2026-06-15T08:42:11Z,felyx,felyx:6c3fa0f41e29,51.92939443333333,4.465931116666667,False,True,bicycle,electric_assist
2026-06-15T08:42:11Z,felyx,felyx:e807f88b2f51,51.911955333333324,4.4252239000000015,False,True,bicycle,electric_assist
2026-06-15T08:42:11Z,felyx,felyx:6ba93482463e,51.91185083333333,4.374074116666666,False,False,bicycle,electric_assist
2026-06-15T08:42:11Z,felyx,felyx:bf0bc573174c,51.87516301666666,4.493930916666667,False,False,bicycle,electric_assist
2026-06-15T08:42:11Z,felyx,felyx:16c3978de87a,51.89355801666667,4.492427216666667,False,True,bicycle,electric_assist
2026-06-15T08:42:11Z,felyx,felyx:207cff5eb513,51.937130899999985,4.4783984,False,False,bicycle,electric_assist
2026-06-15T08:42:11Z,felyx,felyx:b0107ac1bfbc,51.90879623333334,4.496300516666667,False,True,bicycle,electric_assist
2026-06-15T08:42:11Z,felyx,felyx:1c8ae0aa960e,51.91388403333333,4.5084933000000005,False,False,bicycle,electric_assist
2026-06-15T08:42:11Z,felyx,felyx:e5200a85cd35,51.888522816666665,4.567231400000001,False,False,bicycle,electric_assist
2026-06-15T08:42:11Z,felyx,felyx:a7566671a18b,51.91879953333334,4.5157137,False,False,bicycle,electric_assist
2026-06-15T08:42:11Z,felyx,felyx:e35ce845b376,51.92165053333333,4.512575399999999,False,False,bicycle,electric_assist
2026-06-15T08:42:11Z,felyx,felyx:1459387b74ad,51.92861453333333,4.494572616666667,False,False,bicycle,electric_assist
2026-06-15T08:42:11Z,felyx,felyx:ed4171c21b12,51.91493353333334,4.465749016666667,False,False,bicycle,electric_assist
2026-06-15T08:42:11Z,felyx,felyx:43ebb1221115,51.926301133333325,4.423096,False,False,bicycle,electric_assist
2026-06-15T08:42:11Z,felyx,felyx:0f028dbb6aa7,51.88856911666667,4.5672654999999995,False,False,bicycle,electric_assist
2026-06-15T08:42:11Z,felyx,felyx:fc2503797a15,51.88216211666667,4.497400716666667,False,True,bicycle,electric_assist
2026-06-15T08:42:11Z,felyx,felyx:97c4b52b0443,51.94217113333333,4.460514616666667,False,False,bicycle,electric_assist
2026-06-15T08:42:11Z,felyx,felyx:1bd4fa487fba,51.92001963333333,4.510799,False,True,bicycle,electric_assist
2026-06-15T08:42:11Z,felyx,felyx:04f34149f2b3,51.92218343333334,4.481228866666667,False,False,bicycle,electric_assist
2026-06-15T08:42:11Z,felyx,felyx:7392d80de84f,51.87875371666667,4.5080395,False,False,bicycle,electric_assist
2026-06-15T08:42:11Z,felyx,felyx:ddf3b77e7f33,51.88565901666665,4.548568599999999,False,True,bicycle,electric_assist
2026-06-15T08:42:11Z,felyx,felyx:e17c53fbb631,51.920443283333334,4.411935183333334,False,False,bicycle,electric_assist
2026-06-15T08:42:11Z,felyx,felyx:e9fff519a59e,51.920022233333334,4.434566983333333,False,False,bicycle,electric_assist
2026-06-15T08:42:11Z,felyx,felyx:d5b3db70858a,51.90717053333333,4.473330416666666,False,True,bicycle,electric_assist
2026-06-15T08:42:11Z,felyx,felyx:6f9777304da8,51.92445523333334,4.472835016666666,False,True,bicycle,electric_assist
2026-06-15T08:42:11Z,felyx,felyx:3b44baba99a7,51.9068556,4.385595833333333,False,True,bicycle,electric_assist
2026-06-15T08:42:11Z,felyx,felyx:b80f3bcbeaf5,51.88643041666666,4.5492966,False,False,bicycle,electric_assist
2026-06-15T08:42:11Z,felyx,felyx:97981519d841,51.94859443333333,4.449816716666667,False,True,bicycle,electric_assist
2026-06-15T08:42:11Z,felyx,felyx:d8e2fc65ea02,51.89295961666667,4.468307416666667,False,False,bicycle,electric_assist
2026-06-15T08:42:11Z,felyx,felyx:2673d1a486ce,51.886466716666675,4.5492661000000005,False,False,bicycle,electric_assist
2026-06-15T08:42:11Z,felyx,felyx:50697cb687ab,51.900330033333326,4.398620716666667,False,False,bicycle,electric_assist
2026-06-15T08:42:11Z,felyx,felyx:2f5a71b6ab48,51.891761416666675,4.480579216666666,False,False,bicycle,electric_assist
2026-06-15T08:42:11Z,felyx,felyx:e23ded8e2a7d,51.94928403333333,4.432714500000001,False,False,bicycle,electric_assist
2026-06-15T08:42:11Z,felyx,felyx:0cd1c9df3881,51.922872899999994,4.469616916666666,False,True,bicycle,electric_assist
2026-06-15T08:42:11Z,felyx,felyx:68529d4d9a42,51.92678683333333,4.4234711,False,False,bicycle,electric_assist
2026-06-15T08:42:11Z,felyx,felyx:df730dee4471,51.95743283333333,4.484566616666668,False,False,bicycle,electric_assist
2026-06-15T08:42:11Z,felyx,felyx:e4fec95f5084,51.87349061666667,4.470312716666667,False,True,bicycle,electric_assist
2026-06-15T08:42:11Z,felyx,felyx:aa52f11a571b,51.88632171666666,4.5492984,False,False,bicycle,electric_assist
2026-06-15T08:42:11Z,felyx,felyx:036ed0d21a53,51.90264933333333,4.452244816666667,False,False,bicycle,electric_assist
2026-06-15T08:42:11Z,felyx,felyx:ba4b9195b18c,51.91735393333333,4.422758600000001,False,True,bicycle,electric_assist
2026-06-15T08:42:11Z,felyx,felyx:5cae27b62408,51.932438233333336,4.471535516666666,False,False,bicycle,electric_assist
2026-06-15T08:42:11Z,felyx,felyx:64a9c5c96112,51.96875593333332,4.484777116666668,False,False,bicycle,electric_assist
2026-06-15T08:42:11Z,felyx,felyx:0fb420bf0ff5,51.88863971666667,4.477274216666667,False,False,bicycle,electric_assist
2026-06-15T08:42:11Z,felyx,felyx:e071cbd15fe5,51.916158333333335,4.526277100000001,False,False,bicycle,electric_assist
2026-06-15T08:42:11Z,felyx,felyx:0cbd20d9f112,51.91814293333333,4.454907116666667,False,True,bicycle,electric_assist
2026-06-15T08:42:11Z,felyx,felyx:4aa2e7e36ce0,51.90690073333333,4.3857115166666665,False,False,bicycle,electric_assist
2026-06-15T08:42:11Z,felyx,felyx:854b84787a33,51.93138323333332,4.436772899999999,False,False,bicycle,electric_assist
2026-06-15T08:42:11Z,felyx,felyx:4ac53928198d,51.931263433333335,4.457120216666667,False,False,bicycle,electric_assist
2026-06-15T08:42:11Z,felyx,felyx:dd1ebfb50b11,51.96332233333333,4.5544929000000005,False,False,bicycle,electric_assist
2026-06-15T08:42:11Z,felyx,felyx:3455a9d1f998,51.888582116666676,4.5672673,False,False,bicycle,electric_assist
2026-06-15T08:42:11Z,felyx,felyx:220cd3f3d351,51.90022013333334,4.477584416666667,False,False,bicycle,electric_assist
2026-06-15T08:42:11Z,felyx,felyx:7f32e3ed802d,51.90556063333333,4.4760258166666675,False,False,bicycle,electric_assist
2026-06-15T08:42:11Z,felyx,felyx:2f8984e8cd75,51.92885303333333,4.506445899999999,False,True,bicycle,electric_assist
2026-06-15T08:42:11Z,felyx,felyx:4fa3a270a093,51.907184533333336,4.473315416666667,False,False,bicycle,electric_assist
2026-06-15T08:42:11Z,felyx,felyx:555cda4a31f0,51.91921803333332,4.526900299999999,False,False,bicycle,electric_assist
2026-06-15T08:42:11Z,felyx,felyx:eb00aa8619d7,51.892137716666674,4.5696688000000005,False,False,bicycle,electric_assist
2026-06-15T08:42:11Z,felyx,felyx:1eefa2f57522,51.92174723333333,4.533870399999999,False,False,bicycle,electric_assist
2026-06-15T08:42:11Z,felyx,felyx:d863e09e837a,51.90727493333333,4.488997816666667,False,False,bicycle,electric_assist
2026-06-15T08:42:11Z,felyx,felyx:8951ff445a34,51.933342933333336,4.5028623,False,False,bicycle,electric_assist
2026-06-15T08:42:11Z,felyx,felyx:429e73d09268,51.90468243333333,4.446289816666667,False,False,bicycle,electric_assist
2026-06-15T08:42:11Z,felyx,felyx:245ee74acfa2,51.95643403333334,4.532558300000001,False,False,bicycle,electric_assist
2026-06-15T08:42:11Z,felyx,felyx:013b1d6a80c9,51.91461373333333,4.495405766666668,False,False,bicycle,electric_assist
2026-06-15T08:42:11Z,felyx,felyx:5e91c5e36ad5,51.90967753333333,4.5213607,False,True,bicycle,electric_assist
2026-06-15T08:42:11Z,felyx,felyx:19b717782011,51.93210598333334,4.401948450000001,False,False,bicycle,electric_assist
2026-06-15T08:42:11Z,felyx,felyx:3ef2c23004cf,51.91265296666667,4.481670866666668,False,True,bicycle,electric_assist
2026-06-15T08:42:11Z,felyx,felyx:178de4a2f36f,51.911374633333324,4.379175616666666,False,True,bicycle,electric_assist
2026-06-15T08:42:11Z,felyx,felyx:87f81bf09be1,51.87916531666667,4.5269925,False,False,bicycle,electric_assist
2026-06-15T08:42:11Z,felyx,felyx:7504d2bdfee3,51.94092983333332,4.4228616999999995,False,False,bicycle,electric_assist
2026-06-15T08:42:11Z,felyx,felyx:5a27b90558ff,51.897976316666664,4.5140236,False,False,bicycle,electric_assist
2026-06-15T08:42:11Z,felyx,felyx:aeeb4b1f67b4,51.92043343333333,4.5073784,False,False,bicycle,electric_assist
2026-06-15T08:42:11Z,felyx,felyx:14c0fb050c3f,51.93419073333333,4.459369616666667,False,False,bicycle,electric_assist
2026-06-15T08:42:11Z,felyx,felyx:b0c2d301fd8c,51.91516603333333,4.449431416666666,False,False,bicycle,electric_assist
2026-06-15T08:42:11Z,felyx,felyx:9f4392d3022b,51.88453861666667,4.5093214999999995,False,False,bicycle,electric_assist
2026-06-15T08:42:11Z,felyx,felyx:3a871066b0d1,51.92322283333332,4.482648716666668,True,False,bicycle,electric_assist
2026-06-15T08:42:11Z,felyx,felyx:566408e170ed,51.91988463333333,4.487601416666667,False,True,bicycle,electric_assist
2026-06-15T08:42:11Z,felyx,felyx:23ba1729d080,51.957380933333326,4.535739800000001,False,False,bicycle,electric_assist
2026-06-15T08:42:11Z,felyx,felyx:46b6c51b8937,51.94193933333333,4.4256628,False,False,bicycle,electric_assist
2026-06-15T08:42:11Z,felyx,felyx:52fce371b2c0,51.91449253333334,4.427175000000001,False,True,bicycle,electric_assist
2026-06-15T08:42:11Z,felyx,felyx:754a65752f08,51.91896543333334,4.489326816666666,False,True,bicycle,electric_assist
2026-06-15T08:42:11Z,felyx,felyx:f3e38d0194cb,51.90473663333334,4.443220616666666,False,False,bicycle,electric_assist
2026-06-15T08:42:11Z,felyx,felyx:f3a97ad41bd2,51.894199616666675,4.486793233333334,False,False,bicycle,electric_assist
2026-06-15T08:42:11Z,felyx,felyx:8290fbc4e698,51.92626933333333,4.491889016666667,False,True,bicycle,electric_assist
2026-06-15T08:42:11Z,felyx,felyx:b88fe92bcb15,51.901385933333316,4.461242516666667,False,False,bicycle,electric_assist
2026-06-15T08:42:11Z,felyx,felyx:18256c650375,51.934867533333325,4.374785816666666,False,False,bicycle,electric_assist
2026-06-15T08:42:11Z,felyx,felyx:c56e3f55326a,51.912380433333325,4.451084716666667,False,True,bicycle,electric_assist
2026-06-15T08:42:11Z,felyx,felyx:c6729474d7ec,51.89513491666666,4.468290716666666,False,False,bicycle,electric_assist
2026-06-15T08:42:11Z,felyx,felyx:a9f2c62bb41b,51.91365043333333,4.439563199999999,False,True,bicycle,electric_assist
2026-06-15T08:42:11Z,felyx,felyx:e29c09eb3729,51.89502986666666,4.469288466666667,False,True,bicycle,electric_assist
2026-06-15T08:42:11Z,felyx,felyx:2fb32db0b253,51.87446011666666,4.477943116666666,False,False,bicycle,electric_assist
2026-06-15T08:42:11Z,felyx,felyx:d0b571546fbe,51.91975713333333,4.384206916666667,False,False,bicycle,electric_assist
2026-06-15T08:42:11Z,felyx,felyx:491b27b84378,51.91060113333333,4.445941416666668,False,False,bicycle,electric_assist
2026-06-15T08:42:11Z,felyx,felyx:8e2fe270a8db,51.92780713333333,4.535783399999999,False,False,bicycle,electric_assist
2026-06-15T08:42:11Z,felyx,felyx:d4bc5614e17a,51.89333361666666,4.483727016666666,False,False,bicycle,electric_assist
2026-06-15T08:42:11Z,felyx,felyx:a24a0c22fef5,51.88777831666666,4.546825500000001,False,False,bicycle,electric_assist
2026-06-15T08:42:11Z,felyx,felyx:cc8f89db0be3,51.91121163333334,4.524802900000001,False,False,bicycle,electric_assist
2026-06-15T08:42:11Z,felyx,felyx:0517c3b9858d,51.90151053333334,4.479404316666667,False,False,bicycle,electric_assist
2026-06-15T08:42:11Z,felyx,felyx:7a846b4a4985,51.90297383333332,4.5113772,False,False,bicycle,electric_assist
2026-06-15T08:42:11Z,felyx,felyx:f04fb949d2ad,51.89387881666667,4.5095,False,False,bicycle,electric_assist
2026-06-15T08:42:11Z,felyx,felyx:4442c5daf4cc,51.91027763333333,4.4351089,False,False,bicycle,electric_assist
2026-06-15T08:42:11Z,felyx,felyx:b736b49c982b,51.87357973333333,4.470322133333334,False,False,bicycle,electric_assist
2026-06-15T08:42:11Z,felyx,felyx:594d22193008,51.899900916666674,4.545872299999999,False,False,bicycle,electric_assist
2026-06-15T08:42:11Z,felyx,felyx:ed6a14df1e7d,51.930060133333335,4.4573283166666675,False,True,bicycle,electric_assist
2026-06-15T08:42:11Z,felyx,felyx:0dcdc27e7464,51.88653461666666,4.549311499999999,False,False,bicycle,electric_assist
2026-06-15T08:42:11Z,felyx,felyx:c7ea1acb7cd3,51.912583833333336,4.420981900000001,False,False,bicycle,electric_assist
2026-06-15T08:42:11Z,felyx,felyx:21d5c17e72b6,51.91786138333333,4.445022733333333,False,True,bicycle,electric_assist
2026-06-15T08:42:11Z,felyx,felyx:5a8a3349368c,51.913554033333334,4.462011216666666,False,True,bicycle,electric_assist
2026-06-15T08:42:11Z,felyx,felyx:2d363f8ddb93,51.92174583333334,4.533912399999999,False,False,bicycle,electric_assist
2026-06-15T08:42:11Z,felyx,felyx:b011077e210a,51.91182933333333,4.3741291166666665,False,False,bicycle,electric_assist
2026-06-15T08:42:11Z,felyx,felyx:ffa7eb1452b5,51.89882291666666,4.564629000000001,False,False,bicycle,electric_assist
2026-06-15T08:42:11Z,felyx,felyx:bf07fa6f6584,51.906281333333325,4.460064316666666,False,False,bicycle,electric_assist
2026-06-15T08:42:11Z,felyx,felyx:721fba23ae49,51.94576943333333,4.449310016666668,False,False,bicycle,electric_assist
2026-06-15T08:42:11Z,felyx,felyx:56c5132442be,51.90432203333333,4.464106216666668,False,False,bicycle,electric_assist
2026-06-15T08:42:11Z,felyx,felyx:78e566d2c425,51.89357291666667,4.4632883166666675,False,False,bicycle,electric_assist
2026-06-15T08:42:11Z,felyx,felyx:26016f8dbd6b,51.95458073333333,4.5109292,False,False,bicycle,electric_assist
2026-06-15T08:42:11Z,felyx,felyx:292959c7b3d4,51.91305923333332,4.553728100000001,False,False,bicycle,electric_assist
2026-06-15T08:42:11Z,felyx,felyx:8d5c637b555a,51.90623853333334,4.5107156999999996,False,False,bicycle,electric_assist
2026-06-15T08:42:11Z,felyx,felyx:7ba6bb0a0a6d,51.92038943333333,4.469190016666667,False,True,bicycle,electric_assist
2026-06-15T08:42:11Z,felyx,felyx:9661c078c857,51.90551023333334,4.465770516666668,False,False,bicycle,electric_assist
2026-06-15T08:42:11Z,felyx,felyx:095d138756c8,51.930387016666664,4.5122799166666665,False,True,bicycle,electric_assist
2026-06-15T08:42:11Z,felyx,felyx:fe1de089759f,51.92458353333333,4.482552416666667,False,True,bicycle,electric_assist
2026-06-15T08:42:11Z,felyx,felyx:0cd2159fcc3f,51.91153663333333,4.386098416666667,False,False,bicycle,electric_assist
2026-06-15T08:42:11Z,felyx,felyx:b5c3cf69edec,51.898669016666666,4.475881416666668,False,False,bicycle,electric_assist
2026-06-15T08:42:11Z,felyx,felyx:5cf0a81272b6,51.888528716666656,4.5672424000000005,False,False,bicycle,electric_assist
2026-06-15T08:42:11Z,felyx,felyx:e5a46b74b233,51.91233196666666,4.455147366666668,False,True,bicycle,electric_assist
2026-06-15T08:42:11Z,felyx,felyx:cc39438eb7c2,51.88332931666667,4.489832016666667,False,False,bicycle,electric_assist
2026-06-15T08:42:11Z,felyx,felyx:5ae7a5ee8523,51.890883716666664,4.481532816666667,False,False,bicycle,electric_assist
2026-06-15T08:42:11Z,felyx,felyx:89d204b81092,51.92100133333333,4.459213516666667,False,True,bicycle,electric_assist
2026-06-15T08:42:11Z,felyx,felyx:a9fdf821ef07,51.886374716666666,4.549290899999999,False,False,bicycle,electric_assist
2026-06-15T08:42:11Z,felyx,felyx:edc7dd86541a,51.92324213333333,4.486730616666667,False,True,bicycle,electric_assist
2026-06-15T08:42:11Z,felyx,felyx:0db29ff283c6,51.92775633333334,4.535658399999999,False,False,bicycle,electric_assist
2026-06-15T08:42:11Z,felyx,felyx:20fae8b6e418,51.891844250000005,4.513892133333333,False,False,bicycle,electric_assist
2026-06-15T08:42:11Z,felyx,felyx:7a898f0cc0c2,51.90296773333333,4.511368,False,False,bicycle,electric_assist
2026-06-15T08:42:11Z,felyx,felyx:390ade036a22,51.91358913333334,4.441367616666668,False,False,bicycle,electric_assist
2026-06-15T08:42:11Z,felyx,felyx:862d7ca1efb2,51.90672425,4.522822533333334,False,False,bicycle,electric_assist
2026-06-15T08:42:11Z,felyx,felyx:fbafa592ce86,51.88716011666667,4.491687416666666,False,False,bicycle,electric_assist
2026-06-15T08:42:11Z,felyx,felyx:b4854568092e,51.91656833333332,4.473074116666667,False,True,bicycle,electric_assist
2026-06-15T08:42:11Z,felyx,felyx:37da6b4bb2a1,51.959297433333326,4.466373616666668,False,True,bicycle,electric_assist
2026-06-15T08:42:11Z,felyx,felyx:a5c5cc78a9b2,51.934253433333325,4.455012016666667,False,False,bicycle,electric_assist
2026-06-15T08:42:11Z,felyx,felyx:2da0127ecabf,51.89201263333333,4.490166683333333,False,False,bicycle,electric_assist
2026-06-15T08:42:11Z,felyx,felyx:e76a06f13d17,51.93743403333333,4.462646216666668,False,False,bicycle,electric_assist
2026-06-15T08:42:11Z,felyx,felyx:25b69cd6798f,51.916222333333316,4.487657716666667,False,True,bicycle,electric_assist
2026-06-15T08:42:11Z,felyx,felyx:2a9fe86389f6,51.93656503333332,4.5322498,False,True,bicycle,electric_assist
2026-06-15T08:42:11Z,felyx,felyx:a85dba038308,51.92698553333333,4.461755516666667,False,False,bicycle,electric_assist
2026-06-15T08:42:11Z,felyx,felyx:aa4a2aad7ee9,51.92204183333333,4.500219100000001,False,False,bicycle,electric_assist
2026-06-15T08:42:11Z,felyx,felyx:cd86a8b0b498,51.93588993333333,4.376124516666666,False,False,bicycle,electric_assist
2026-06-15T08:42:11Z,felyx,felyx:90c612d4f34f,51.92082413333332,4.510491399999999,False,False,bicycle,electric_assist
2026-06-15T08:42:11Z,felyx,felyx:86c1587120a0,51.95937763333333,4.5314284,False,False,bicycle,electric_assist
2026-06-15T08:42:11Z,felyx,felyx:abac11026cb3,51.91398563333334,4.465029616666666,False,True,bicycle,electric_assist
2026-06-15T08:42:11Z,felyx,felyx:46f46a34aa3e,51.90644593333332,4.475319716666666,False,False,bicycle,electric_assist
2026-06-15T08:42:11Z,felyx,felyx:6db86d97993c,51.90299503333334,4.5113416,False,False,bicycle,electric_assist
2026-06-15T08:42:11Z,felyx,felyx:0713ca7d00e9,51.91610703333334,4.5269019,False,False,bicycle,electric_assist
2026-06-15T08:42:11Z,felyx,felyx:1d571a4a1660,51.92196393333334,4.371068016666666,False,True,bicycle,electric_assist
2026-06-15T08:42:11Z,felyx,felyx:8733e77769d8,51.89218111666668,4.5696474,False,False,bicycle,electric_assist
2026-06-15T08:42:11Z,felyx,felyx:3792e8be8474,51.95948593333333,4.559119899999999,False,True,bicycle,electric_assist
2026-06-15T08:42:11Z,felyx,felyx:b4ec3ff11b23,51.91004293333333,4.452315516666666,False,True,bicycle,electric_assist
2026-06-15T08:42:11Z,felyx,felyx:9a71a5ec95bb,51.89661341666666,4.418727700000001,False,False,bicycle,electric_assist
2026-06-15T08:42:11Z,felyx,felyx:9e31f0786e1d,51.90613823333333,4.541780999999999,False,False,bicycle,electric_assist
2026-06-15T08:42:11Z,felyx,felyx:c7c03cd2a9d0,51.89123271666668,4.4849762166666665,False,False,bicycle,electric_assist
2026-06-15T08:42:11Z,felyx,felyx:9c003ca817b9,51.94961483333333,4.509199200000001,False,False,bicycle,electric_assist
2026-06-15T08:42:11Z,felyx,felyx:4adb546617b6,51.912110233333344,4.383758516666667,False,False,bicycle,electric_assist
2026-06-15T08:42:11Z,felyx,felyx:a5c157cd17ab,51.91053993333334,4.462005816666666,False,False,bicycle,electric_assist
2026-06-15T08:42:11Z,felyx,felyx:a68611197576,51.92263123333334,4.497555416666667,False,False,bicycle,electric_assist
2026-06-15T08:42:11Z,felyx,felyx:c81e0ac2a8c8,51.88568071666667,4.471927316666666,False,False,bicycle,electric_assist
2026-06-15T08:42:11Z,felyx,felyx:be5892b8f716,51.96184098333333,4.478847216666667,False,False,bicycle,electric_assist
2026-06-15T08:42:11Z,felyx,felyx:a747f04f82f9,51.91949523333332,4.397584116666667,False,False,bicycle,electric_assist
2026-06-15T08:42:11Z,felyx,felyx:cb5814dd3485,51.91075643333333,4.381635916666665,False,False,bicycle,electric_assist
2026-06-15T08:42:11Z,felyx,felyx:1a97beb1d93f,51.963393933333336,4.554662400000001,False,False,bicycle,electric_assist
2026-06-15T08:42:11Z,felyx,felyx:640f7cc4697d,51.91819963333333,4.4839865166666675,False,True,bicycle,electric_assist
2026-06-15T08:42:11Z,felyx,felyx:9118dc1b6211,51.93984583333333,4.403831800000001,False,False,bicycle,electric_assist
2026-06-15T08:42:11Z,felyx,felyx:8f557459252e,51.970001450000005,4.575868399999999,False,True,bicycle,electric_assist
2026-06-15T08:42:11Z,felyx,felyx:9bafd4eeb4ca,51.93588093333333,4.376132116666666,False,False,bicycle,electric_assist
2026-06-15T08:42:11Z,felyx,felyx:2f5b300de944,51.918438033333324,4.482541016666667,False,True,bicycle,electric_assist
2026-06-15T08:42:11Z,felyx,felyx:dea791e8aea7,51.896327516666666,4.489347416666666,False,True,bicycle,electric_assist
2026-06-15T08:42:11Z,felyx,felyx:9e558b4b3bfd,51.9228715,4.402187616666667,False,False,bicycle,electric_assist
2026-06-15T08:42:11Z,felyx,felyx:579c5e01f4ee,51.90306823333333,4.404974500000001,False,False,bicycle,electric_assist
2026-06-15T08:42:11Z,felyx,felyx:c64ede6a5ed2,51.91564843333333,4.4516533166666665,False,True,bicycle,electric_assist
2026-06-15T08:42:11Z,felyx,felyx:af2b07f9e697,51.92388508333334,4.379506066666666,False,True,bicycle,electric_assist
2026-06-15T08:42:11Z,felyx,felyx:497aeca2ad30,51.89437861666667,4.492205016666668,False,True,bicycle,electric_assist
2026-06-15T08:42:11Z,felyx,felyx:91f4fae22efc,51.917028033333324,4.446160416666667,False,True,bicycle,electric_assist
2026-06-15T08:42:11Z,felyx,felyx:4fc706aeda56,51.898979516666664,4.5019021,False,True,bicycle,electric_assist
2026-06-15T08:42:11Z,felyx,felyx:86e4fa692fa1,51.933724233333336,4.453603216666665,False,False,bicycle,electric_assist
2026-06-15T08:42:11Z,felyx,felyx:ac56e06e6ed0,51.91345473333334,4.5050484,False,True,bicycle,electric_assist
2026-06-15T08:42:11Z,felyx,felyx:f4566043891a,51.92850883333334,4.492773516666667,False,False,bicycle,electric_assist
2026-06-15T08:42:11Z,felyx,felyx:0cb5c6877302,51.90675133333335,4.447153583333333,False,False,bicycle,electric_assist
2026-06-15T08:42:11Z,felyx,felyx:0b2737588470,51.92002263333333,4.428754,False,False,bicycle,electric_assist
2026-06-15T08:42:11Z,felyx,felyx:2219bebc8aed,51.88641841666665,4.5492951,False,False,bicycle,electric_assist
2026-06-15T08:42:11Z,felyx,felyx:4c745832bd4a,51.919013033333336,4.527113399999999,False,False,bicycle,electric_assist
2026-06-15T08:42:11Z,felyx,felyx:714f49a23f74,51.887446233333335,4.473110300000001,False,False,bicycle,electric_assist
2026-06-15T08:42:11Z,felyx,felyx:05a552351a5c,51.93068856666666,4.428426616666666,False,True,bicycle,electric_assist
2026-06-15T08:42:11Z,felyx,felyx:3c29ba8a2d44,51.91166883333334,4.5109821,False,False,bicycle,electric_assist
2026-06-15T08:42:11Z,felyx,felyx:0d21ed885171,51.90446973333332,4.460459816666667,False,False,bicycle,electric_assist
2026-06-15T08:42:11Z,felyx,felyx:fcc2b52cf86a,51.93639693333333,4.463309783333334,False,True,bicycle,electric_assist
2026-06-15T08:42:11Z,felyx,felyx:105fbd636e74,51.87794301666667,4.516858099999999,False,False,bicycle,electric_assist
2026-06-15T08:42:11Z,felyx,felyx:4e2858bdb887,51.918520933333326,4.443050116666666,False,False,bicycle,electric_assist
2026-06-15T08:42:11Z,felyx,felyx:c0c0d545f5ba,51.91303853333334,4.4141053,False,False,bicycle,electric_assist
2026-06-15T08:42:11Z,felyx,felyx:6028cf88df28,51.93175923333333,4.4660108166666665,False,True,bicycle,electric_assist
2026-06-15T08:42:11Z,felyx,felyx:5867c2a4f5a1,51.95041423333334,4.5467743,False,False,bicycle,electric_assist
2026-06-15T08:42:11Z,felyx,felyx:0ca1dd417b89,51.91909453333333,4.488609716666666,False,False,bicycle,electric_assist
2026-06-15T08:42:11Z,felyx,felyx:cfa5a5f04386,51.91985153333333,4.511461999999999,False,False,bicycle,electric_assist
2026-06-15T08:42:11Z,felyx,felyx:5b3697d49edb,51.92975173333332,4.506038200000001,False,False,bicycle,electric_assist
2026-06-15T08:42:11Z,felyx,felyx:c02b139ac533,51.87731801666667,4.562063199999999,False,False,bicycle,electric_assist
2026-06-15T08:42:11Z,felyx,felyx:eeea09cc0995,51.90599723333332,4.477532616666666,False,False,bicycle,electric_assist
2026-06-15T08:42:11Z,felyx,felyx:d18f1149972c,51.90913233333334,4.5197864,False,False,bicycle,electric_assist
2026-06-15T08:42:11Z,felyx,felyx:06ae57cd27bd,51.92779593333333,4.535670400000001,False,False,bicycle,electric_assist
2026-06-15T08:42:11Z,felyx,felyx:af2bfa160219,51.89112821666666,4.469424416666667,False,True,bicycle,electric_assist
2026-06-15T08:42:11Z,felyx,felyx:79c0143c6b7e,51.92818983333333,4.4192498,False,False,bicycle,electric_assist
2026-06-15T08:42:11Z,felyx,felyx:ca609eca24df,51.94398693333332,4.485227816666667,False,True,bicycle,electric_assist
2026-06-15T08:42:11Z,felyx,felyx:1f09e4d1cc76,51.921722299999985,4.5340655666666665,False,False,bicycle,electric_assist
2026-06-15T08:42:11Z,felyx,felyx:f6a71d5f0195,51.94216463333334,4.460504516666666,False,False,bicycle,electric_assist
2026-06-15T08:42:11Z,felyx,felyx:e9dba23cbed7,51.91452563333334,4.474686116666667,False,True,bicycle,electric_assist
2026-06-15T08:42:11Z,felyx,felyx:4a840c6b9c19,51.870240816666666,4.473070116666667,False,False,bicycle,electric_assist
2026-06-15T08:42:11Z,felyx,felyx:97ba4023f4ce,51.89883561666667,4.5646094999999995,False,False,bicycle,electric_assist
2026-06-15T08:42:11Z,felyx,felyx:04e1fd37f751,51.940651633333324,4.5569491,False,False,bicycle,electric_assist
2026-06-15T08:42:11Z,felyx,felyx:71973327f59a,51.88962111666666,4.505673516666667,False,False,bicycle,electric_assist
2026-06-15T08:42:11Z,felyx,felyx:0944e8bf1011,51.906491866666656,4.5058166,False,False,bicycle,electric_assist
2026-06-15T08:42:11Z,felyx,felyx:32492384ad01,51.932339333333324,4.487455916666668,False,False,bicycle,electric_assist
2026-06-15T08:42:11Z,felyx,felyx:62c241851a53,51.945500833333334,4.408277700000001,False,True,bicycle,electric_assist
2026-06-15T08:42:11Z,felyx,felyx:8db8e2fa3de5,51.94224763333333,4.469978716666666,False,False,bicycle,electric_assist
2026-06-15T08:42:11Z,felyx,felyx:9380c568df5d,51.89659051666666,4.4187447,False,False,bicycle,electric_assist
2026-06-15T08:42:11Z,felyx,felyx:4e08b09f8122,51.95989233333333,4.501136399999999,False,False,bicycle,electric_assist
2026-06-15T08:42:11Z,felyx,felyx:6af263f74d97,51.92650583333334,4.4231971,False,False,bicycle,electric_assist
2026-06-15T08:42:11Z,felyx,felyx:6f412e548b46,51.901713733333324,4.483802516666667,False,True,bicycle,electric_assist
2026-06-15T08:42:11Z,felyx,felyx:4568b6fb3d6f,51.91609373333334,4.526937,False,False,bicycle,electric_assist
2026-06-15T08:42:11Z,felyx,felyx:065f7c693100,51.89213001666666,4.5696791999999995,False,False,bicycle,electric_assist
2026-06-15T08:42:11Z,felyx,felyx:63f8cd49c57f,51.89190985000001,4.5382858499999985,False,False,bicycle,electric_assist
2026-06-15T08:42:11Z,felyx,felyx:4e71f5266396,51.914876433333326,4.4088622,False,False,bicycle,electric_assist
2026-06-15T08:42:11Z,felyx,felyx:7e18d2c649d5,51.93510603333334,4.461315416666667,False,False,bicycle,electric_assist
2026-06-15T08:42:11Z,felyx,felyx:a6556f376490,51.93613503333332,4.471606316666667,True,False,bicycle,electric_assist
2026-06-15T08:42:11Z,felyx,felyx:04cf0a05835b,51.93208683333334,4.401923300000001,False,True,bicycle,electric_assist
2026-06-15T08:42:11Z,felyx,felyx:05581b585cb0,51.910712433333345,4.5103078000000005,False,False,bicycle,electric_assist
2026-06-15T08:42:11Z,felyx,felyx:b44d1e06facf,51.91601673333333,4.5268296,False,False,bicycle,electric_assist
2026-06-15T08:42:11Z,lime,lime:04144472c86e,51.88572,4.5154,False,False,bicycle,electric_assist
2026-06-15T08:42:11Z,lime,lime:b490644faafd,51.89381,4.50943,False,False,bicycle,electric_assist
2026-06-15T08:42:11Z,lime,lime:fa0410743591,51.91119,4.52481,False,False,bicycle,electric_assist
2026-06-15T08:42:11Z,lime,lime:8659f7c90b07,51.9586,4.57459,False,False,bicycle,electric_assist
2026-06-15T08:42:11Z,lime,lime:67b764998af9,51.90935,4.4437,False,False,bicycle,electric_assist
2026-06-15T08:42:11Z,lime,lime:88c6dcaa577f,51.91636,4.52437,False,False,bicycle,electric_assist
2026-06-15T08:42:11Z,lime,lime:898fc59abde8,51.93305,4.46702,False,False,bicycle,electric_assist
2026-06-15T08:42:11Z,lime,lime:152d2a64923e,51.92279,4.46957,False,False,bicycle,electric_assist
2026-06-15T08:42:11Z,lime,lime:6a7b54f7fc88,51.89897,4.53764,False,False,bicycle,electric_assist
2026-06-15T08:42:11Z,lime,lime:22e917574d5d,51.90372,4.45167,False,False,bicycle,electric_assist
2026-06-15T08:42:11Z,lime,lime:6496951378a9,51.88726,4.45812,False,False,bicycle,electric_assist
2026-06-15T08:42:11Z,lime,lime:ed08a8ddbd99,51.89116,4.46391,False,False,bicycle,electric_assist
2026-06-15T08:42:11Z,lime,lime:963d1137801c,51.91423,4.49612,False,False,bicycle,electric_assist
2026-06-15T08:42:11Z,lime,lime:00f91212c85c,51.88517,4.50279,False,False,bicycle,electric_assist
2026-06-15T08:42:11Z,lime,lime:ba76fe22a8ad,51.93216,4.49576,False,False,bicycle,electric_assist
2026-06-15T08:42:11Z,lime,lime:98b3e27a0415,51.90581,4.49805,False,False,bicycle,electric_assist
2026-06-15T08:42:11Z,lime,lime:4b7abcffca6a,51.89447,4.49227,False,False,bicycle,electric_assist
2026-06-15T08:42:11Z,lime,lime:ccec4f2e7639,51.88497,4.50042,False,False,bicycle,electric_assist
2026-06-15T08:42:11Z,lime,lime:c5adf8b52601,51.90633,4.46221,False,False,bicycle,electric_assist
2026-06-15T08:42:11Z,lime,lime:886da31c4e60,51.87828,4.44855,False,False,bicycle,electric_assist
2026-06-15T08:42:11Z,lime,lime:1753f912df9c,51.92433,4.47256,False,False,bicycle,electric_assist
2026-06-15T08:42:11Z,lime,lime:7956203e60ed,51.91333,4.43251,False,False,bicycle,electric_assist
2026-06-15T08:42:11Z,lime,lime:708585809863,51.89171,4.46526,False,False,bicycle,electric_assist
2026-06-15T08:42:11Z,lime,lime:8494080a93e1,51.92434,4.42513,False,False,bicycle,electric_assist
2026-06-15T08:42:11Z,lime,lime:5334978cc26e,51.94663,4.5538,False,False,bicycle,electric_assist
2026-06-15T08:42:11Z,lime,lime:a7944e7fb839,51.92496,4.51962,False,False,bicycle,electric_assist
2026-06-15T08:42:11Z,lime,lime:050a7816e930,51.92784,4.46845,False,False,bicycle,electric_assist
2026-06-15T08:42:11Z,lime,lime:58711d1702c8,51.9452,4.47513,False,False,bicycle,electric_assist
2026-06-15T08:42:11Z,lime,lime:edb72f893888,51.93629,4.50619,False,False,bicycle,electric_assist
2026-06-15T08:42:11Z,lime,lime:ee6293770323,51.92171,4.53399,False,False,bicycle,electric_assist
2026-06-15T08:42:11Z,lime,lime:5f5c5b09afc3,51.91416,4.42234,False,False,bicycle,electric_assist
2026-06-15T08:42:11Z,lime,lime:9cf56e743650,51.96493,4.47409,False,False,bicycle,electric_assist
2026-06-15T08:42:11Z,lime,lime:c8451294fbcd,51.90896,4.47852,False,False,bicycle,electric_assist
2026-06-15T08:42:11Z,lime,lime:17e342c14c6f,51.92162,4.50711,False,False,bicycle,electric_assist
2026-06-15T08:42:11Z,lime,lime:53464e1c5d90,51.91805,4.48829,False,False,bicycle,electric_assist
2026-06-15T08:42:11Z,lime,lime:7a0db99b46a3,51.92233,4.50219,False,False,bicycle,electric_assist
2026-06-15T08:42:11Z,lime,lime:d64d72cde205,51.9253,4.47403,False,False,bicycle,electric_assist
2026-06-15T08:42:11Z,lime,lime:c4b90d7d1eb4,51.92557,4.47817,False,False,bicycle,electric_assist
2026-06-15T08:42:11Z,lime,lime:6725023c17ef,51.92971,4.45903,False,False,bicycle,electric_assist
2026-06-15T08:42:11Z,lime,lime:1561b0491203,51.91143,4.3914,False,False,bicycle,electric_assist
2026-06-15T08:42:11Z,lime,lime:7935e92891d4,51.92007,4.513,False,False,bicycle,electric_assist
2026-06-15T08:42:11Z,lime,lime:dac26b94c4fb,51.91988,4.47227,False,False,bicycle,electric_assist
2026-06-15T08:42:11Z,lime,lime:17bf59f0337e,51.94514,4.55505,False,False,bicycle,electric_assist
2026-06-15T08:42:11Z,lime,lime:f5bd2e2d7803,51.8749,4.46803,False,False,bicycle,electric_assist
2026-06-15T08:42:11Z,lime,lime:0a1f6bbe081d,51.93176,4.45496,False,False,bicycle,electric_assist
2026-06-15T08:42:11Z,lime,lime:c029b314e1fe,51.92528,4.47383,False,False,bicycle,electric_assist
2026-06-15T08:42:11Z,lime,lime:02dd204652d2,51.88275,4.50425,False,False,bicycle,electric_assist
2026-06-15T08:42:11Z,lime,lime:8c5ab58b67fb,51.90631,4.45994,False,False,bicycle,electric_assist
2026-06-15T08:42:11Z,lime,lime:a3ee8ae983e3,51.93024,4.48385,False,False,bicycle,electric_assist
2026-06-15T08:42:11Z,lime,lime:3b7932046a9f,51.9068,4.4769,False,False,bicycle,electric_assist
2026-06-15T08:42:11Z,lime,lime:d6780fc09488,51.92359,4.38734,False,False,bicycle,electric_assist
2026-06-15T08:42:11Z,lime,lime:b5259e49196d,51.88969,4.49594,False,False,bicycle,electric_assist
2026-06-15T08:42:11Z,lime,lime:2d06bc454c7f,51.90718,4.48957,False,False,bicycle,electric_assist
2026-06-15T08:42:11Z,lime,lime:957c4657a36b,51.92275,4.47335,False,False,bicycle,electric_assist
2026-06-15T08:42:11Z,lime,lime:044be649de0e,51.91234,4.45508,False,False,bicycle,electric_assist
2026-06-15T08:42:11Z,lime,lime:a067e747363c,51.93814,4.56227,False,False,bicycle,electric_assist
2026-06-15T08:42:11Z,lime,lime:20262eeeaffb,51.94576,4.53493,False,False,bicycle,electric_assist
2026-06-15T08:42:11Z,lime,lime:b3d1e7edd7e4,51.92715,4.4764,True,False,bicycle,electric_assist
2026-06-15T08:42:11Z,lime,lime:8d2c065df938,51.94623,4.48221,False,False,bicycle,electric_assist
2026-06-15T08:42:11Z,lime,lime:fe97921a7e26,51.9321,4.40187,False,False,bicycle,electric_assist
2026-06-15T08:42:11Z,lime,lime:653d6630cbcb,51.91925,4.46305,False,False,bicycle,electric_assist
2026-06-15T08:42:11Z,lime,lime:2671fb0d166e,51.9433,4.47772,False,False,bicycle,electric_assist
2026-06-15T08:42:11Z,lime,lime:089ab465467e,51.91726,4.46166,False,False,bicycle,electric_assist
2026-06-15T08:42:11Z,lime,lime:fc51907e46b6,51.90985,4.44836,True,False,bicycle,electric_assist
2026-06-15T08:42:11Z,lime,lime:0e3161b5dd12,51.94245,4.49968,False,False,bicycle,electric_assist
2026-06-15T08:42:11Z,lime,lime:eab32994e215,51.96671,4.45275,False,False,bicycle,electric_assist
2026-06-15T08:42:11Z,lime,lime:949b7684833b,51.89381,4.50945,False,False,bicycle,electric_assist
2026-06-15T08:42:11Z,lime,lime:951a33cb2916,51.91909,4.41826,False,False,bicycle,electric_assist
2026-06-15T08:42:11Z,lime,lime:cd76c83efef7,51.91724,4.52335,False,False,bicycle,electric_assist
2026-06-15T08:42:11Z,lime,lime:bf4b8893420b,51.91161,4.44811,False,False,bicycle,electric_assist
2026-06-15T08:42:11Z,lime,lime:3c772bde105d,51.91422,4.49613,False,False,bicycle,electric_assist
2026-06-15T08:42:11Z,lime,lime:bef8318f08a2,51.90664,4.47706,False,False,bicycle,electric_assist
2026-06-15T08:42:11Z,lime,lime:d5d463774007,51.91826,4.48369,False,False,bicycle,electric_assist
2026-06-15T08:42:11Z,lime,lime:40414acb0de9,51.94524,4.47501,False,False,bicycle,electric_assist
2026-06-15T08:42:11Z,lime,lime:e1d2a7f461f5,51.91612,4.52572,False,False,bicycle,electric_assist
2026-06-15T08:42:11Z,lime,lime:c34640a4ba68,51.91557,4.46281,False,False,bicycle,electric_assist
2026-06-15T08:42:11Z,lime,lime:2ff43d0bfa69,51.92538,4.46607,False,False,bicycle,electric_assist
2026-06-15T08:42:11Z,lime,lime:42dffd3e4812,51.93267,4.50713,False,False,bicycle,electric_assist
2026-06-15T08:42:11Z,lime,lime:3f80fe06dbb4,51.88755,4.49528,False,False,bicycle,electric_assist
2026-06-15T08:42:11Z,lime,lime:3b9cb47f5b6f,51.91116,4.52481,False,False,bicycle,electric_assist
2026-06-15T08:42:11Z,lime,lime:e2acf267fadf,51.9159,4.47439,False,False,bicycle,electric_assist
2026-06-15T08:42:11Z,lime,lime:72321a4efa43,51.91451,4.40194,False,False,bicycle,electric_assist
2026-06-15T08:42:11Z,lime,lime:d27940c98ee3,51.91898,4.52714,False,False,bicycle,electric_assist
2026-06-15T08:42:11Z,lime,lime:9f942e09ad7e,51.92094,4.52645,False,False,bicycle,electric_assist
2026-06-15T08:42:11Z,lime,lime:79e3952df5ca,51.91181,4.46642,False,False,bicycle,electric_assist
2026-06-15T08:42:11Z,lime,lime:3a2e409af681,51.92792,4.48173,True,False,bicycle,electric_assist
2026-06-15T08:42:11Z,lime,lime:fa245ef12906,51.92285,4.50852,False,False,bicycle,electric_assist
2026-06-15T08:42:11Z,lime,lime:c5a0e4129e32,51.90728,4.48954,False,False,bicycle,electric_assist
2026-06-15T08:42:11Z,lime,lime:d82b5ec1d4d5,51.9254,4.50618,False,False,bicycle,electric_assist
2026-06-15T08:42:11Z,lime,lime:f5b2a7879227,51.95135,4.47046,False,False,bicycle,electric_assist
2026-06-15T08:42:11Z,lime,lime:fed21cd5fc55,51.92145,4.44943,False,False,bicycle,electric_assist
2026-06-15T08:42:11Z,lime,lime:ac3fd15da790,51.92245,4.43492,False,False,bicycle,electric_assist
2026-06-15T08:42:11Z,lime,lime:236bba42eb7c,51.90725,4.48946,False,False,bicycle,electric_assist
2026-06-15T08:42:11Z,lime,lime:fa39682e2416,51.90852,4.49626,False,True,bicycle,electric_assist
2026-06-15T08:42:11Z,lime,lime:125126365f31,51.90268,4.45245,False,False,bicycle,electric_assist
2026-06-15T08:42:11Z,lime,lime:8f1495315fc1,51.90934,4.46355,False,False,bicycle,electric_assist
2026-06-15T08:42:11Z,lime,lime:80b452609bd4,51.95416,4.56816,False,False,bicycle,electric_assist
2026-06-15T08:42:11Z,lime,lime:de3865ddf02d,51.89326,4.49092,False,False,bicycle,electric_assist
2026-06-15T08:42:11Z,lime,lime:958c1f162a7d,51.88259,4.52117,False,False,bicycle,electric_assist
2026-06-15T08:42:11Z,lime,lime:7320af700a98,51.8977,4.51472,False,False,bicycle,electric_assist
2026-06-15T08:42:11Z,lime,lime:22d67fee425b,51.91013,4.51953,False,False,bicycle,electric_assist
2026-06-15T08:42:11Z,lime,lime:6e4d4759e146,51.89345,4.50186,False,False,bicycle,electric_assist
2026-06-15T08:42:11Z,lime,lime:b32ed07a88db,51.893,4.51753,False,False,bicycle,electric_assist
2026-06-15T08:42:11Z,lime,lime:972efa6301b5,51.92286,4.46945,False,False,bicycle,electric_assist
2026-06-15T08:42:11Z,lime,lime:37b4e58f564f,51.9101,4.45223,False,False,bicycle,electric_assist
2026-06-15T08:42:11Z,lime,lime:bf8a0f0870f4,51.92947,4.46619,False,False,bicycle,electric_assist
2026-06-15T08:42:11Z,lime,lime:152341637fbb,51.9242,4.47283,False,False,bicycle,electric_assist
2026-06-15T08:42:11Z,lime,lime:cad2b97214dc,51.92159,4.50707,False,False,bicycle,electric_assist
2026-06-15T08:42:11Z,lime,lime:62f6f4988404,51.93352,4.46,False,True,bicycle,electric_assist
2026-06-15T08:42:11Z,lime,lime:276705f73b31,51.89222,4.46857,False,False,bicycle,electric_assist
2026-06-15T08:42:11Z,lime,lime:5e3bc0e96dce,51.92244,4.43478,False,False,bicycle,electric_assist
2026-06-15T08:42:11Z,lime,lime:2eebe11fb34c,51.90909,4.4408,False,False,bicycle,electric_assist
2026-06-15T08:42:11Z,lime,lime:99f1739dd122,51.91856,4.51036,False,False,bicycle,electric_assist
2026-06-15T08:42:11Z,lime,lime:ca1f78bc96af,51.90153,4.46168,False,False,bicycle,electric_assist
2026-06-15T08:42:11Z,lime,lime:b5980e0127bf,51.94524,4.47495,False,False,bicycle,electric_assist
2026-06-15T08:42:11Z,lime,lime:d2ad92f8a1a5,51.92893,4.44362,False,False,bicycle,electric_assist
2026-06-15T08:42:11Z,lime,lime:caedee06280c,51.91232,4.45511,False,False,bicycle,electric_assist
2026-06-15T08:42:11Z,lime,lime:b975337fc3c2,51.92932,4.3761,False,False,bicycle,electric_assist
2026-06-15T08:42:11Z,lime,lime:0c282af0dc78,51.91549,4.47408,False,False,bicycle,electric_assist
2026-06-15T08:42:11Z,lime,lime:21c58d0991be,51.90931,4.50798,False,False,bicycle,electric_assist
2026-06-15T08:42:11Z,lime,lime:786b3e6ed509,51.94573,4.41284,False,False,bicycle,electric_assist
2026-06-15T08:42:11Z,lime,lime:37907572f65b,51.92174,4.53401,False,False,bicycle,electric_assist
2026-06-15T08:42:11Z,lime,lime:b6e88ca3c9c4,51.89108,4.50951,False,False,bicycle,electric_assist
2026-06-15T08:42:11Z,lime,lime:59507bff7f4c,51.91661,4.52522,False,False,bicycle,electric_assist
2026-06-15T08:42:11Z,lime,lime:b5ad65418aea,51.95842,4.53887,False,False,bicycle,electric_assist
2026-06-15T08:42:11Z,lime,lime:178efba31f4e,51.89475,4.46192,False,False,bicycle,electric_assist
2026-06-15T08:42:11Z,lime,lime:e0722b76e615,51.92175,4.49297,False,False,bicycle,electric_assist
2026-06-15T08:42:11Z,lime,lime:bf3289b0537a,51.9065,4.52594,False,False,bicycle,electric_assist
2026-06-15T08:42:11Z,lime,lime:eba6924217c1,51.92102,4.45367,False,False,bicycle,electric_assist
2026-06-15T08:42:11Z,lime,lime:df3086fd26ea,51.9201,4.51256,False,False,bicycle,electric_assist
2026-06-15T08:42:11Z,lime,lime:dbf3841c490c,51.9243,4.47265,False,False,bicycle,electric_assist
2026-06-15T08:42:11Z,lime,lime:2c036c14f4de,51.91614,4.52577,False,False,bicycle,electric_assist
2026-06-15T08:42:11Z,lime,lime:2306fa41998f,51.93211,4.49568,False,False,bicycle,electric_assist
2026-06-15T08:42:11Z,lime,lime:afc9a0ddfbaf,51.92873,4.47884,False,False,bicycle,electric_assist
2026-06-15T08:42:11Z,lime,lime:c769bf98715a,51.90728,4.52188,False,False,bicycle,electric_assist
2026-06-15T08:42:11Z,lime,lime:9c348543235f,51.92781,4.48173,False,False,bicycle,electric_assist
2026-06-15T08:42:11Z,lime,lime:b463ea8b8833,51.91529,4.5411,False,False,bicycle,electric_assist
2026-06-15T08:42:11Z,lime,lime:beff2084c91d,51.91999,4.45704,False,False,bicycle,electric_assist
2026-06-15T08:42:11Z,lime,lime:a1c797358e55,51.92228,4.47139,False,False,bicycle,electric_assist
2026-06-15T08:42:11Z,lime,lime:2e2ec666c933,51.92167,4.50704,False,False,bicycle,electric_assist
2026-06-15T08:42:11Z,lime,lime:e24bc286aff8,51.95063,4.51862,False,False,bicycle,electric_assist
2026-06-15T08:42:11Z,lime,lime:27b365c7a9c4,51.898,4.47468,False,False,bicycle,electric_assist
2026-06-15T08:42:11Z,lime,lime:4d8966c7a61f,51.91522,4.44608,False,False,bicycle,electric_assist
2026-06-15T08:42:11Z,lime,lime:d5fa76b02a18,51.94546,4.54514,False,False,bicycle,electric_assist
2026-06-15T08:42:11Z,lime,lime:59a2be4cdd2d,51.94577,4.53499,False,False,bicycle,electric_assist
2026-06-15T08:42:11Z,lime,lime:a30d283ca656,51.89651,4.4943,False,False,bicycle,electric_assist
2026-06-15T08:42:11Z,lime,lime:f5556a5b72c2,51.92173,4.54798,False,False,bicycle,electric_assist
2026-06-15T08:42:11Z,lime,lime:f129b9bcc786,51.92224,4.47106,False,False,bicycle,electric_assist
2026-06-15T08:42:11Z,lime,lime:c6d276a33adb,51.89115,4.46388,False,False,bicycle,electric_assist
2026-06-15T08:42:11Z,lime,lime:34b55b55735a,51.90479,4.45271,False,False,bicycle,electric_assist
2026-06-15T08:42:11Z,lime,lime:1d056773ec6a,51.90888,4.38192,False,False,bicycle,electric_assist
2026-06-15T08:42:11Z,lime,lime:a5d66f6119b5,51.90557,4.50951,False,False,bicycle,electric_assist
2026-06-15T08:42:11Z,lime,lime:1e24aa48b2f3,51.92551,4.51747,False,False,bicycle,electric_assist
2026-06-15T08:42:11Z,lime,lime:7231f6015917,51.94521,4.47515,False,False,bicycle,electric_assist
2026-06-15T08:42:11Z,lime,lime:cde0aca7ece6,51.88792,4.5044,False,False,bicycle,electric_assist
2026-06-15T08:42:11Z,lime,lime:ae355f879ea9,51.90966,4.46323,False,False,bicycle,electric_assist
2026-06-15T08:42:11Z,lime,lime:324e132ed495,51.90523,4.44413,False,False,bicycle,electric_assist
2026-06-15T08:42:11Z,lime,lime:3e2136a0eb18,51.91175,4.38366,False,False,bicycle,electric_assist
2026-06-15T08:42:11Z,lime,lime:839681ce9fc0,51.93027,4.49294,False,False,bicycle,electric_assist
2026-06-15T08:42:11Z,lime,lime:89b0f696709d,51.92515,4.47412,False,False,bicycle,electric_assist
2026-06-15T08:42:11Z,lime,lime:1429220fd7db,51.91616,4.52571,False,False,bicycle,electric_assist
2026-06-15T08:42:11Z,lime,lime:96c05d6d6326,51.92232,4.50222,False,False,bicycle,electric_assist
2026-06-15T08:42:11Z,lime,lime:c23685156c7d,51.92663,4.49074,False,False,bicycle,electric_assist
2026-06-15T08:42:11Z,lime,lime:bdedc28a36a3,51.94217,4.46056,False,False,bicycle,electric_assist
2026-06-15T08:42:11Z,lime,lime:507ba14e04c3,51.91984,4.51147,False,False,bicycle,electric_assist
2026-06-15T08:42:11Z,lime,lime:a4463f1c5b43,51.91154,4.5391,False,False,bicycle,electric_assist
2026-06-15T08:42:11Z,lime,lime:b8fa6d19d1f5,51.93028,4.49295,False,False,bicycle,electric_assist
2026-06-15T08:42:11Z,lime,lime:b284e884ca34,51.9172,4.52344,False,False,bicycle,electric_assist
2026-06-15T08:42:11Z,lime,lime:b33bbc767818,51.90299,4.51126,False,False,bicycle,electric_assist
2026-06-15T08:42:11Z,lime,lime:c14b4b3356f5,51.94944,4.54746,False,False,bicycle,electric_assist
2026-06-15T08:42:11Z,lime,lime:729466e2650c,51.91033,4.44408,True,False,bicycle,electric_assist
2026-06-15T08:42:11Z,lime,lime:51d1e5261b11,51.94928,4.43266,False,False,bicycle,electric_assist
2026-06-15T08:42:11Z,lime,lime:c9792e15ee3a,51.9094,4.508,False,False,bicycle,electric_assist
2026-06-15T08:42:11Z,lime,lime:ddb6cce9d4cb,51.92258,4.38263,False,False,bicycle,electric_assist
2026-06-15T08:42:11Z,lime,lime:83ba5beb6e48,51.92754,4.4558,False,False,bicycle,electric_assist
2026-06-15T08:42:11Z,lime,lime:6e6e93f3963c,51.96013,4.55052,False,False,bicycle,electric_assist
2026-06-15T08:42:11Z,lime,lime:753c87bcf9d5,51.94994,4.46802,False,False,bicycle,electric_assist
2026-06-15T08:42:11Z,lime,lime:86d79bd93bc0,51.94372,4.39811,False,False,bicycle,electric_assist
2026-06-15T08:42:11Z,lime,lime:c2ac398cae68,51.89353,4.51723,False,False,bicycle,electric_assist
2026-06-15T08:42:11Z,lime,lime:4f0bdbb9b5e2,51.91904,4.47978,False,False,bicycle,electric_assist
2026-06-15T08:42:11Z,lime,lime:b77c05af5a35,51.93903,4.49581,False,False,bicycle,electric_assist
2026-06-15T08:42:11Z,lime,lime:5ace0a18945a,51.91722,4.52338,False,False,bicycle,electric_assist
2026-06-15T08:42:11Z,lime,lime:6504f4da2d5a,51.9211,4.55918,False,False,bicycle,electric_assist
2026-06-15T08:42:11Z,lime,lime:2705f069ec61,51.90823,4.49423,False,False,bicycle,electric_assist
2026-06-15T08:42:11Z,lime,lime:0c12973f336a,51.89287,4.47364,False,False,bicycle,electric_assist
2026-06-15T08:42:11Z,lime,lime:076147206acd,51.92075,4.5397,False,False,bicycle,electric_assist
2026-06-15T08:42:11Z,lime,lime:bebbfc0900e3,51.90786,4.46199,False,False,bicycle,electric_assist
2026-06-15T08:42:11Z,lime,lime:838f3894dce7,51.93578,4.46387,True,False,bicycle,electric_assist
2026-06-15T08:42:11Z,lime,lime:76d1b3bd40aa,51.93309,4.41992,False,False,bicycle,electric_assist
2026-06-15T08:42:11Z,lime,lime:240755cf82de,51.93903,4.49581,False,False,bicycle,electric_assist
2026-06-15T08:42:11Z,lime,lime:fb2d240e2e4b,51.92826,4.4193,False,False,bicycle,electric_assist
2026-06-15T08:42:11Z,lime,lime:a510b66d22d3,51.9115,4.43847,False,False,bicycle,electric_assist
2026-06-15T08:42:11Z,lime,lime:e73940561301,51.89825,4.4735,False,False,bicycle,electric_assist
2026-06-15T08:42:11Z,lime,lime:bcd6e61d19f8,51.91615,4.4665,False,False,bicycle,electric_assist
2026-06-15T08:42:11Z,lime,lime:729876e4363c,51.9123,4.4551,False,False,bicycle,electric_assist
2026-06-15T08:42:11Z,lime,lime:a0de45eeae4e,51.91935,4.46355,False,False,bicycle,electric_assist
2026-06-15T08:42:11Z,lime,lime:c0aed55189f4,51.90932,4.52351,False,False,bicycle,electric_assist
2026-06-15T08:42:11Z,lime,lime:9ff38907ea7c,51.92922,4.50519,False,False,bicycle,electric_assist
2026-06-15T08:42:11Z,lime,lime:c82e7c79ddb8,51.931,4.50545,False,False,bicycle,electric_assist
2026-06-15T08:42:11Z,lime,lime:9111a8603751,51.91037,4.37532,False,False,bicycle,electric_assist
2026-06-15T08:42:11Z,lime,lime:2387cce53d87,51.89759,4.4662,False,False,bicycle,electric_assist
2026-06-15T08:42:11Z,lime,lime:4c41fd37ac92,51.91127,4.49219,False,False,bicycle,electric_assist
2026-06-15T08:42:11Z,lime,lime:d555ae3548f3,51.92277,4.46942,False,False,bicycle,electric_assist
2026-06-15T08:42:11Z,lime,lime:150b2ef4a959,51.92286,4.46954,False,False,bicycle,electric_assist
2026-06-15T08:42:11Z,lime,lime:0f91ec24369e,51.95562,4.46305,False,False,bicycle,electric_assist
2026-06-15T08:42:11Z,lime,lime:719d49d56d69,51.9021,4.46119,False,False,bicycle,electric_assist
2026-06-15T08:42:11Z,lime,lime:041051d5d802,51.87425,4.52307,False,False,bicycle,electric_assist
2026-06-15T08:42:11Z,lime,lime:57bb4e2e8987,51.9195,4.49747,False,False,bicycle,electric_assist
2026-06-15T08:42:11Z,lime,lime:3bb699b542f0,51.91726,4.52304,False,False,bicycle,electric_assist
2026-06-15T08:42:11Z,lime,lime:4d7527481a3c,51.88703,4.52137,False,False,bicycle,electric_assist
2026-06-15T08:42:11Z,lime,lime:4f35890491db,51.92545,4.46629,False,False,bicycle,electric_assist
2026-06-15T08:42:11Z,lime,lime:e425bf228a5c,51.92762,4.47159,False,False,bicycle,electric_assist
2026-06-15T08:42:11Z,lime,lime:a80ca070c5ff,51.9489,4.55649,False,False,bicycle,electric_assist
2026-06-15T08:42:11Z,lime,lime:2d71a8bdca9c,51.90132,4.46102,False,False,bicycle,electric_assist
2026-06-15T08:42:11Z,lime,lime:ff0cad3d1eff,51.88265,4.5212,False,False,bicycle,electric_assist
2026-06-15T08:42:11Z,lime,lime:89107621083a,51.9096,4.44684,False,True,bicycle,electric_assist
2026-06-15T08:42:11Z,lime,lime:b6ada188b373,51.92162,4.4536,False,False,bicycle,electric_assist
2026-06-15T08:42:11Z,lime,lime:575f9bc0f4ad,51.91192,4.46636,False,False,bicycle,electric_assist
2026-06-15T08:42:11Z,lime,lime:d95efc1516b0,51.91016,4.5209,False,False,bicycle,electric_assist
2026-06-15T08:42:11Z,lime,lime:ccf9ecbcecc6,51.91976,4.5116,False,False,bicycle,electric_assist
2026-06-15T08:42:11Z,lime,lime:80f6751a3eba,51.94183,4.54648,False,False,bicycle,electric_assist
2026-06-15T08:42:11Z,lime,lime:0f8bb0ce4bce,51.88966,4.49601,False,False,bicycle,electric_assist
2026-06-15T08:42:11Z,lime,lime:35eea8a0ad1b,51.95564,4.46301,False,False,bicycle,electric_assist
2026-06-15T08:42:11Z,lime,lime:c9fa9f40aea0,51.89983,4.50924,False,True,bicycle,electric_assist
2026-06-15T08:42:11Z,lime,lime:090e3577541b,51.91887,4.49386,False,False,bicycle,electric_assist
2026-06-15T08:42:11Z,lime,lime:8556549bc7ce,51.96043,4.53516,False,False,bicycle,electric_assist
2026-06-15T08:42:11Z,lime,lime:3032d3aa0841,51.90299,4.51137,False,False,bicycle,electric_assist
2026-06-15T08:42:11Z,lime,lime:b084de39be28,51.87486,4.46789,False,False,bicycle,electric_assist
2026-06-15T08:42:11Z,lime,lime:0b3201b385e2,51.9054,4.44318,False,False,bicycle,electric_assist
2026-06-15T08:42:11Z,lime,lime:01e5a35bc241,51.92797,4.4689,False,False,bicycle,electric_assist
2026-06-15T08:42:11Z,lime,lime:4747cba240ab,51.91422,4.49611,False,False,bicycle,electric_assist
2026-06-15T08:42:11Z,lime,lime:0125501dfccc,51.90448,4.4604,False,False,bicycle,electric_assist
2026-06-15T08:42:11Z,lime,lime:1d2d093e3fc4,51.94151,4.48134,False,False,bicycle,electric_assist
2026-06-15T08:42:11Z,lime,lime:4b8122be4090,51.88963,4.49593,False,False,bicycle,electric_assist
2026-06-15T08:42:11Z,lime,lime:013f0f3aa8f2,51.93633,4.46427,False,False,bicycle,electric_assist
2026-06-15T08:42:11Z,lime,lime:f0f7fe5afd7a,51.94148,4.45654,False,False,bicycle,electric_assist
2026-06-15T08:42:11Z,lime,lime:6df6a9650c3e,51.91702,4.47245,False,False,bicycle,electric_assist
2026-06-15T08:42:11Z,lime,lime:ef3f6f1076d5,51.89896,4.50186,False,False,bicycle,electric_assist
2026-06-15T08:42:11Z,lime,lime:27e6e5003edd,51.89757,4.46617,False,False,bicycle,electric_assist
2026-06-15T08:42:11Z,lime,lime:2f99f8e4506b,51.91023,4.46161,False,False,bicycle,electric_assist
2026-06-15T08:42:11Z,lime,lime:849b0ca3ade3,51.92001,4.51404,False,False,bicycle,electric_assist
2026-06-15T08:42:11Z,lime,lime:b86cf6431ed1,51.92861,4.40325,False,False,bicycle,electric_assist
2026-06-15T08:42:11Z,lime,lime:8e0694791628,51.92495,4.51427,False,False,bicycle,electric_assist
2026-06-15T08:42:11Z,lime,lime:6c453e0a28f6,51.91321,4.46037,False,False,bicycle,electric_assist
2026-06-15T08:42:11Z,lime,lime:cba1c3025b65,51.9189,4.49388,False,False,bicycle,electric_assist
2026-06-15T08:42:11Z,lime,lime:9da159f788b6,51.91637,4.47468,False,False,bicycle,electric_assist
2026-06-15T08:42:11Z,lime,lime:60bbcfe8cc8e,51.9294,4.48098,False,False,bicycle,electric_assist
2026-06-15T08:42:11Z,lime,lime:248cef9fdcfb,51.91093,4.46107,False,False,bicycle,electric_assist
2026-06-15T08:42:11Z,lime,lime:17b0f2cc3ad9,51.93031,4.48373,False,False,bicycle,electric_assist
2026-06-15T08:42:11Z,lime,lime:5cb7c395f335,51.93331,4.42031,False,False,bicycle,electric_assist
2026-06-15T08:42:11Z,lime,lime:0e8ba1afe186,51.92286,4.46954,False,False,bicycle,electric_assist
2026-06-15T08:42:11Z,lime,lime:d074a7429965,51.89894,4.50185,False,False,bicycle,electric_assist
2026-06-15T08:42:11Z,lime,lime:3dc78e8303f6,51.89421,4.49187,False,False,bicycle,electric_assist
2026-06-15T08:42:11Z,lime,lime:4bc475f1eef7,51.9436,4.48341,False,False,bicycle,electric_assist
2026-06-15T08:42:11Z,lime,lime:f9d0ca90116c,51.91196,4.46622,False,False,bicycle,electric_assist
2026-06-15T08:42:11Z,lime,lime:499da246f9da,51.93321,4.53509,True,False,bicycle,electric_assist
2026-06-15T08:42:11Z,lime,lime:874ea2506a90,51.91066,4.49162,False,False,bicycle,electric_assist
2026-06-15T08:42:11Z,lime,lime:f0b8a938586e,51.91347,4.43287,False,False,bicycle,electric_assist
2026-06-15T08:42:11Z,lime,lime:90d440dde7fa,51.92156,4.46564,False,False,bicycle,electric_assist
2026-06-15T08:42:11Z,lime,lime:c1db4754308f,51.94056,4.47295,False,False,bicycle,electric_assist
2026-06-15T08:42:11Z,lime,lime:ee337c0af50b,51.90654,4.47824,False,False,bicycle,electric_assist
2026-06-15T08:42:11Z,lime,lime:6ef649181e43,51.92879,4.45844,False,False,bicycle,electric_assist
2026-06-15T08:42:11Z,lime,lime:8ea7ae8d1f44,51.87368,4.47712,False,False,bicycle,electric_assist
2026-06-15T08:42:11Z,lime,lime:0f02489f343a,51.91607,4.4874,False,False,bicycle,electric_assist
2026-06-15T08:42:11Z,lime,lime:57cdc2be4db9,51.90367,4.46349,True,False,bicycle,electric_assist
2026-06-15T08:42:11Z,lime,lime:5db036e2799c,51.92542,4.46621,False,False,bicycle,electric_assist
2026-06-15T08:42:11Z,lime,lime:3e3da3e23a0b,51.91616,4.52706,False,False,bicycle,electric_assist
2026-06-15T08:42:11Z,lime,lime:6693822a83f1,51.92706,4.4962,False,False,bicycle,electric_assist
2026-06-15T08:42:11Z,lime,lime:d95601482a64,51.90936,4.47152,False,False,bicycle,electric_assist
2026-06-15T08:42:11Z,lime,lime:0680da2aa61a,51.8749,4.46793,False,False,bicycle,electric_assist
2026-06-15T08:42:11Z,lime,lime:c78e62ea51c5,51.89757,4.46615,False,False,bicycle,electric_assist
2026-06-15T08:42:11Z,lime,lime:a2db53c78888,51.90721,4.47333,False,False,bicycle,electric_assist
2026-06-15T08:42:11Z,lime,lime:f328a2f6429d,51.92717,4.47643,False,False,bicycle,electric_assist
2026-06-15T08:42:11Z,lime,lime:4f245c342145,51.93815,4.53919,False,False,bicycle,electric_assist
2026-06-15T08:42:11Z,lime,lime:757f96db3b2c,51.91907,4.4183,False,False,bicycle,electric_assist
2026-06-15T08:42:11Z,lime,lime:936a28104276,51.89117,4.47956,False,False,bicycle,electric_assist
2026-06-15T08:42:11Z,lime,lime:e74329f5de99,51.90815,4.51195,False,False,bicycle,electric_assist
2026-06-15T08:42:11Z,lime,lime:428d3000c49d,51.90712,4.4998,False,False,bicycle,electric_assist
2026-06-15T08:42:11Z,lime,lime:203446fd678e,51.92343,4.49053,False,False,bicycle,electric_assist
2026-06-15T08:42:11Z,lime,lime:cf56058fecf3,51.91082,4.55389,False,False,bicycle,electric_assist
2026-06-15T08:42:11Z,lime,lime:c50a891b8d2e,51.92892,4.47761,False,False,bicycle,electric_assist
2026-06-15T08:42:11Z,lime,lime:f1a229022aa9,51.91944,4.53297,False,False,bicycle,electric_assist
2026-06-15T08:42:11Z,lime,lime:1fbcc145b5c4,51.9111,4.49248,False,False,bicycle,electric_assist
2026-06-15T08:42:11Z,lime,lime:6506883fd545,51.91369,4.47732,False,False,bicycle,electric_assist
2026-06-15T08:42:11Z,lime,lime:ec21fdb937d0,51.90902,4.45433,False,False,bicycle,electric_assist
2026-06-15T08:42:11Z,lime,lime:d77d72399147,51.88702,4.52138,False,False,bicycle,electric_assist
2026-06-15T08:42:11Z,lime,lime:438479d9f8ee,51.89323,4.51636,False,False,bicycle,electric_assist
2026-06-15T08:42:11Z,lime,lime:ec7d0b5a2439,51.91722,4.52312,False,False,bicycle,electric_assist
2026-06-15T08:42:11Z,lime,lime:2e6e05364fc5,51.92226,4.47122,False,False,bicycle,electric_assist
2026-06-15T08:42:11Z,lime,lime:9571039348f7,51.90893,4.47861,False,False,bicycle,electric_assist
2026-06-15T08:42:11Z,lime,lime:56628c6118b7,51.92677,4.47383,False,False,bicycle,electric_assist
2026-06-15T08:42:11Z,lime,lime:869dcc1bee8f,51.94522,4.47517,False,False,bicycle,electric_assist
2026-06-15T08:42:11Z,lime,lime:1c5321166940,51.91952,4.50284,False,False,bicycle,electric_assist
2026-06-15T08:42:11Z,lime,lime:3b17d80f55b9,51.92913,4.50533,False,False,bicycle,electric_assist
2026-06-15T08:42:11Z,lime,lime:b4a5d8fc6346,51.92443,4.49898,False,False,bicycle,electric_assist
2026-06-15T08:42:11Z,lime,lime:2cb11ecb835b,51.87489,4.46791,False,False,bicycle,electric_assist
2026-06-15T08:42:11Z,lime,lime:822ef2682bf8,51.94636,4.46811,False,False,bicycle,electric_assist
2026-06-15T08:42:11Z,lime,lime:54feb7bc4b39,51.92266,4.46951,False,False,bicycle,electric_assist
2026-06-15T08:42:11Z,lime,lime:64fa41581e27,51.91012,4.52092,False,False,bicycle,electric_assist
2026-06-15T08:42:11Z,lime,lime:d4ced2bc19b1,51.91901,4.52677,False,False,bicycle,electric_assist
2026-06-15T08:42:11Z,lime,lime:4617e9c7b7c5,51.91811,4.48268,False,False,bicycle,electric_assist
2026-06-15T08:42:11Z,lime,lime:63178f63f542,51.90617,4.51383,False,False,bicycle,electric_assist
2026-06-15T08:42:11Z,lime,lime:f83a9308ed58,51.88498,4.50042,False,False,bicycle,electric_assist
2026-06-15T08:42:11Z,lime,lime:674696f5c0da,51.92544,4.46633,False,False,bicycle,electric_assist
2026-06-15T08:42:11Z,lime,lime:08a12679a829,51.93149,4.44356,False,False,bicycle,electric_assist
2026-06-15T08:42:11Z,lime,lime:7a0d06ec1503,51.93206,4.41569,False,False,bicycle,electric_assist
2026-06-15T08:42:11Z,lime,lime:9bb18b49281e,51.90296,4.51137,False,False,bicycle,electric_assist
2026-06-15T08:42:11Z,lime,lime:dde5da0943d4,51.91232,4.46933,False,False,bicycle,electric_assist
2026-06-15T08:42:11Z,lime,lime:9d3a406ea2dc,51.93698,4.47988,True,False,bicycle,electric_assist
2026-06-15T08:42:11Z,lime,lime:fb2f464ec4e7,51.92544,4.46628,False,False,bicycle,electric_assist
2026-06-15T08:42:11Z,lime,lime:b524c2326e73,51.91161,4.38853,False,False,bicycle,electric_assist
2026-06-15T08:42:11Z,lime,lime:2980b9774b13,51.8805,4.52999,False,False,bicycle,electric_assist
2026-06-15T08:42:11Z,lime,lime:cd6ae4da7499,51.92298,4.46963,False,False,bicycle,electric_assist
2026-06-15T08:42:11Z,lime,lime:c14a71b27252,51.89757,4.46611,False,False,bicycle,electric_assist
2026-06-15T08:42:11Z,lime,lime:23d13c537fd9,51.8741,4.49423,False,False,bicycle,electric_assist
2026-06-15T08:42:11Z,lime,lime:a4b619f56066,51.96043,4.53522,False,False,bicycle,electric_assist
2026-06-15T08:42:11Z,lime,lime:79ca5e50059c,51.94367,4.40914,False,False,bicycle,electric_assist
2026-06-15T08:42:11Z,lime,lime:9e2543886a17,51.92054,4.51029,False,False,bicycle,electric_assist
2026-06-15T08:42:11Z,lime,lime:e39d43e8f972,51.90734,4.47331,False,False,bicycle,electric_assist
2026-06-15T08:42:11Z,lime,lime:ea953e687cb7,51.94149,4.48132,False,False,bicycle,electric_assist
2026-06-15T08:42:11Z,lime,lime:41929880092c,51.89001,4.46981,False,False,bicycle,electric_assist
2026-06-15T08:42:11Z,lime,lime:c9a8d34cf43f,51.9254,4.4662,False,False,bicycle,electric_assist
2026-06-15T08:42:11Z,lime,lime:c1e60aa90676,51.8976,4.46608,False,False,bicycle,electric_assist
2026-06-15T08:42:11Z,lime,lime:c6b0902460ec,51.87483,4.46804,False,False,bicycle,electric_assist
2026-06-15T08:42:11Z,lime,lime:26e69930d6d1,51.90241,4.50286,False,False,bicycle,electric_assist
2026-06-15T08:42:11Z,lime,lime:cffac569e411,51.87491,4.46797,False,False,bicycle,electric_assist
2026-06-15T08:42:11Z,lime,lime:250f575b731a,51.90792,4.46196,False,False,bicycle,electric_assist
2026-06-15T08:42:11Z,lime,lime:789489a80ceb,51.92503,4.51344,False,True,bicycle,electric_assist
2026-06-15T08:42:11Z,lime,lime:8032e366c618,51.91187,4.4481,False,False,bicycle,electric_assist
2026-06-15T08:42:11Z,lime,lime:66298eb81423,51.92894,4.44363,False,False,bicycle,electric_assist
2026-06-15T08:42:11Z,lime,lime:8404f38d0ec7,51.8717,4.4794,False,False,bicycle,electric_assist
2026-06-15T08:42:11Z,lime,lime:646819576eee,51.92892,4.4436,False,False,bicycle,electric_assist
2026-06-15T08:42:11Z,lime,lime:e8c2d16a5e67,51.92273,4.46945,False,False,bicycle,electric_assist
2026-06-15T08:42:11Z,lime,lime:2aa042c10b25,51.91466,4.47731,False,False,bicycle,electric_assist
2026-06-15T08:42:11Z,lime,lime:71778a832ab8,51.88886,4.47494,False,False,bicycle,electric_assist
2026-06-15T08:42:11Z,lime,lime:d3171c0b0d10,51.92232,4.47147,False,False,bicycle,electric_assist
2026-06-15T08:42:11Z,lime,lime:9ac33b7b455d,51.90711,4.39164,False,False,bicycle,electric_assist
2026-06-15T08:42:11Z,lime,lime:a1e3e0d63f05,51.92166,4.53401,False,False,bicycle,electric_assist
2026-06-15T08:42:11Z,lime,lime:db0fe3f3cd09,51.92315,4.49353,False,False,bicycle,electric_assist
2026-06-15T08:42:11Z,lime,lime:49c1faa4580e,51.93148,4.44356,False,False,bicycle,electric_assist
2026-06-15T08:42:11Z,lime,lime:b38b1ff36b7d,51.88717,4.48769,False,False,bicycle,electric_assist
2026-06-15T08:42:11Z,lime,lime:3119418605f5,51.93692,4.42765,False,True,bicycle,electric_assist
2026-06-15T08:42:11Z,lime,lime:e29d86ef5e64,51.92317,4.49679,False,False,bicycle,electric_assist
2026-06-15T08:42:11Z,lime,lime:6a1bc476b2f2,51.92539,4.46619,False,False,bicycle,electric_assist
2026-06-15T08:42:11Z,lime,lime:5a9f86a8a390,51.91477,4.42043,False,False,bicycle,electric_assist
2026-06-15T08:42:11Z,lime,lime:9a4de1e597d0,51.91232,4.45509,False,False,bicycle,electric_assist
2026-06-15T08:42:11Z,lime,lime:83e73fdee698,51.90813,4.45173,False,False,bicycle,electric_assist
2026-06-15T08:42:11Z,lime,lime:76dc9cb8a62c,51.91503,4.52652,False,False,bicycle,electric_assist
2026-06-15T08:42:11Z,lime,lime:5f5be46e650b,51.95494,4.47746,False,False,bicycle,electric_assist
2026-06-15T08:42:11Z,lime,lime:e103ed03fef0,51.93024,4.47749,False,False,bicycle,electric_assist
2026-06-15T08:42:11Z,lime,lime:c1610e457784,51.95991,4.47884,False,False,bicycle,electric_assist
2026-06-15T08:42:11Z,lime,lime:fe0970b6a3be,51.96416,4.55843,False,False,bicycle,electric_assist
2026-06-15T08:42:11Z,lime,lime:f2754abab4bc,51.91627,4.48885,False,False,bicycle,electric_assist
2026-06-15T08:42:11Z,lime,lime:085a6971f33a,51.9073,4.49522,False,False,bicycle,electric_assist
2026-06-15T08:42:11Z,lime,lime:52ebf3052f89,51.88047,4.53002,False,False,bicycle,electric_assist
2026-06-15T08:42:11Z,lime,lime:aad6ac929de4,51.90542,4.4434,False,False,bicycle,electric_assist
2026-06-15T08:42:11Z,lime,lime:a921278c2d9c,51.91799,4.44885,False,False,bicycle,electric_assist
2026-06-15T08:42:11Z,lime,lime:03e4f246cd97,51.90924,4.52354,False,False,bicycle,electric_assist
2026-06-15T08:42:11Z,lime,lime:656b6d329b43,51.88728,4.47473,False,False,bicycle,electric_assist
2026-06-15T08:42:11Z,lime,lime:c3678552850b,51.88846,4.47882,False,False,bicycle,electric_assist
2026-06-15T08:42:11Z,lime,lime:93dae3817ba1,51.88981,4.49144,False,False,bicycle,electric_assist
2026-06-15T08:42:11Z,lime,lime:49b1064992e7,51.9318,4.56412,False,False,bicycle,electric_assist
2026-06-15T08:42:11Z,lime,lime:ba34897c99c9,51.90183,4.46184,False,False,bicycle,electric_assist
2026-06-15T08:42:11Z,lime,lime:2ce2363941be,51.9625,4.53402,False,False,bicycle,electric_assist
2026-06-15T08:42:11Z,lime,lime:d4f4236707a6,51.93542,4.46193,False,False,bicycle,electric_assist
2026-06-15T08:42:11Z,lime,lime:ece46c3a4cc8,51.91257,4.43034,False,False,bicycle,electric_assist
2026-06-15T08:42:11Z,lime,lime:1b3e2e327c52,51.93574,4.46339,False,False,bicycle,electric_assist
2026-06-15T08:42:11Z,lime,lime:36653f809223,51.91418,4.50745,False,False,bicycle,electric_assist
2026-06-15T08:42:11Z,lime,lime:d26ed5396d2b,51.8918,4.54137,False,False,bicycle,electric_assist
2026-06-15T08:42:11Z,lime,lime:262e281019e5,51.95559,4.46307,False,False,bicycle,electric_assist
2026-06-15T08:42:11Z,lime,lime:ff10d8a9fe9a,51.87415,4.49426,True,False,bicycle,electric_assist
2026-06-15T08:42:11Z,lime,lime:f4d5f262c2be,51.88739,4.46404,False,False,bicycle,electric_assist
2026-06-15T08:42:11Z,lime,lime:982d61b75f28,51.92344,4.51225,False,False,bicycle,electric_assist
2026-06-15T08:42:11Z,lime,lime:47db66a280da,51.9489,4.46503,False,False,bicycle,electric_assist
2026-06-15T08:42:11Z,lime,lime:d3c5b2bd8bb8,51.91118,4.48181,False,False,bicycle,electric_assist
2026-06-15T08:42:11Z,lime,lime:8fb7e152f4a5,51.90895,4.47854,False,False,bicycle,electric_assist
2026-06-15T08:42:11Z,lime,lime:a2e919ec7dd0,51.94454,4.39858,False,False,bicycle,electric_assist
2026-06-15T08:42:11Z,lime,lime:061f791b5598,51.9073,4.48945,False,False,bicycle,electric_assist
2026-06-15T08:42:11Z,lime,lime:0f8d59e6a256,51.89236,4.50686,True,False,bicycle,electric_assist
2026-06-15T08:42:11Z,lime,lime:24dc582177f3,51.90712,4.39168,False,False,bicycle,electric_assist
2026-06-15T08:42:11Z,lime,lime:be788acd48fd,51.91072,4.4475,False,False,bicycle,electric_assist
2026-06-15T08:42:11Z,lime,lime:037b76dfbea9,51.9072,4.45364,False,False,bicycle,electric_assist
2026-06-15T08:42:11Z,lime,lime:1998b75f0591,51.91826,4.51116,False,False,bicycle,electric_assist
2026-06-15T08:42:11Z,lime,lime:d85c9a277ef3,51.92284,4.46966,False,False,bicycle,electric_assist
2026-06-15T08:42:11Z,lime,lime:c77c7c700eb2,51.92269,4.47344,False,False,bicycle,electric_assist
2026-06-15T08:42:11Z,lime,lime:68a5f7857564,51.90137,4.46106,False,False,bicycle,electric_assist
2026-06-15T08:42:11Z,lime,lime:f8278c470ce3,51.92842,4.47398,False,False,bicycle,electric_assist
2026-06-15T08:42:11Z,lime,lime:61d4707574dc,51.93573,4.46341,True,False,bicycle,electric_assist
2026-06-15T08:42:11Z,lime,lime:527718ad6245,51.93027,4.49372,False,False,bicycle,electric_assist
2026-06-15T08:42:11Z,lime,lime:07e9beed2283,51.90503,4.46654,False,False,bicycle,electric_assist
2026-06-15T08:42:11Z,lime,lime:95cdce21cbc1,51.88965,4.49599,False,False,bicycle,electric_assist
2026-06-15T08:42:11Z,lime,lime:0949d2895ef2,51.91931,4.40414,False,False,bicycle,electric_assist
2026-06-15T08:42:11Z,lime,lime:a948945e7053,51.92714,4.50779,False,False,bicycle,electric_assist
2026-06-15T08:42:11Z,lime,lime:e3231bb84725,51.91684,4.47161,False,False,bicycle,electric_assist
2026-06-15T08:42:11Z,lime,lime:a8b7a562c452,51.91451,4.40191,False,False,bicycle,electric_assist
2026-06-15T08:42:11Z,lime,lime:f6ce5456cf33,51.91494,4.48661,False,False,bicycle,electric_assist
2026-06-15T08:42:11Z,lime,lime:e456570c26cb,51.90815,4.51204,False,False,bicycle,electric_assist
2026-06-15T08:42:11Z,lime,lime:c591cfce5fea,51.92443,4.49901,False,False,bicycle,electric_assist
2026-06-15T08:42:11Z,lime,lime:223948029be0,51.92361,4.50017,False,False,bicycle,electric_assist
2026-06-15T08:42:11Z,lime,lime:aa8da5b1e12c,51.91886,4.5446,False,False,bicycle,electric_assist
2026-06-15T08:42:11Z,lime,lime:84d1f629fdd0,51.92756,4.48207,False,False,bicycle,electric_assist
2026-06-15T08:42:11Z,lime,lime:3d67c3264349,51.87487,4.468,False,False,bicycle,electric_assist
2026-06-15T08:42:11Z,lime,lime:62e09a91ebec,51.89347,4.4907,False,False,bicycle,electric_assist
2026-06-15T08:42:11Z,lime,lime:ab44944dcea1,51.92093,4.54247,False,False,bicycle,electric_assist
2026-06-15T08:42:11Z,lime,lime:175b6970a211,51.90279,4.51147,False,False,bicycle,electric_assist
2026-06-15T08:42:11Z,lime,lime:bb3f006d9308,51.95427,4.584,False,False,bicycle,electric_assist
2026-06-15T08:42:11Z,lime,lime:b12ca268b1e6,51.90482,4.45427,False,False,bicycle,electric_assist
2026-06-15T08:42:11Z,lime,lime:cb594e5f5ee5,51.92521,4.47394,False,False,bicycle,electric_assist
2026-06-15T08:42:11Z,lime,lime:81236cc8ee02,51.89906,4.49827,False,False,bicycle,electric_assist
2026-06-15T08:42:11Z,lime,lime:f6849a9d3ed2,51.90633,4.45998,False,False,bicycle,electric_assist
2026-06-15T08:42:11Z,lime,lime:408ddbd4effe,51.91901,4.4569,False,False,bicycle,electric_assist
2026-06-15T08:42:11Z,lime,lime:ececc29d6e37,51.91786,4.37188,False,False,bicycle,electric_assist
2026-06-15T08:42:11Z,lime,lime:0cfe975cf3a6,51.95969,4.54577,False,False,bicycle,electric_assist
2026-06-15T08:42:11Z,lime,lime:fe29baaf8938,51.92463,4.43124,False,False,bicycle,electric_assist
2026-06-15T08:42:11Z,lime,lime:e086edc211dc,51.94069,4.55699,False,False,bicycle,electric_assist
2026-06-15T08:42:11Z,lime,lime:c40b4fa72d76,51.93884,4.5417,False,False,bicycle,electric_assist
2026-06-15T08:42:11Z,lime,lime:8dcce4286249,51.95062,4.51859,False,False,bicycle,electric_assist
2026-06-15T08:42:11Z,lime,lime:aa8683a94cd4,51.95568,4.4671,False,False,bicycle,electric_assist
2026-06-15T08:42:11Z,lime,lime:7de9143a245b,51.91477,4.48644,False,False,bicycle,electric_assist
2026-06-15T08:42:11Z,lime,lime:fc8cb1fb64da,51.88655,4.46427,False,False,bicycle,electric_assist
2026-06-15T08:42:11Z,lime,lime:d4a9a2301b1d,51.89968,4.49602,False,False,bicycle,electric_assist
2026-06-15T08:42:11Z,lime,lime:6caefe09fa53,51.92739,4.37436,False,False,bicycle,electric_assist
2026-06-15T08:42:11Z,lime,lime:7fbab4a5ab42,51.9223,4.4713,False,False,bicycle,electric_assist
2026-06-15T08:42:11Z,lime,lime:75fd85d0337a,51.91572,4.52854,False,False,bicycle,electric_assist
2026-06-15T08:42:11Z,lime,lime:00763df14d48,51.92543,4.46612,False,False,bicycle,electric_assist
2026-06-15T08:42:11Z,lime,lime:d416c97af16c,51.90836,4.44908,False,False,bicycle,electric_assist
2026-06-15T08:42:11Z,lime,lime:7d5cf9bc0e1f,51.94335,4.48494,False,False,bicycle,electric_assist
2026-06-15T08:42:11Z,lime,lime:2e44bfb11a7c,51.89793,4.47508,False,False,bicycle,electric_assist
2026-06-15T08:42:11Z,lime,lime:43a92e73fe94,51.94226,4.49993,False,False,bicycle,electric_assist
2026-06-15T08:42:11Z,lime,lime:13f03c5d8679,51.90714,4.48957,False,False,bicycle,electric_assist
2026-06-15T08:42:11Z,lime,lime:bd4e10a41f41,51.92413,4.51397,False,False,bicycle,electric_assist
2026-06-15T08:42:11Z,lime,lime:a114878bdea5,51.91249,4.38118,False,False,bicycle,electric_assist
2026-06-15T08:42:11Z,lime,lime:e616b9b1c2c1,51.95835,4.49049,False,False,bicycle,electric_assist
2026-06-15T08:42:11Z,lime,lime:a0669dc84077,51.95415,4.56817,True,False,bicycle,electric_assist
2026-06-15T08:42:11Z,lime,lime:16e7d2d416c0,51.92284,4.50851,False,False,bicycle,electric_assist
2026-06-15T08:42:11Z,lime,lime:870d32f385a9,51.91582,4.53037,False,False,bicycle,electric_assist
2026-06-15T08:42:11Z,lime,lime:91e587fcaac8,51.88046,4.53011,False,False,bicycle,electric_assist
2026-06-15T08:42:11Z,lime,lime:725bbfc26f22,51.95794,4.53902,False,False,bicycle,electric_assist
2026-06-15T08:42:11Z,lime,lime:ad818c07cd23,51.91009,4.45229,False,False,bicycle,electric_assist
2026-06-15T08:42:11Z,lime,lime:8f3aac5d3189,51.91428,4.49615,False,False,bicycle,electric_assist
2026-06-15T08:42:11Z,lime,lime:273c775f4440,51.9071,4.48962,False,False,bicycle,electric_assist
2026-06-15T08:42:11Z,lime,lime:71b3f7f1e48a,51.90966,4.52012,False,False,bicycle,electric_assist
2026-06-15T08:42:11Z,lime,lime:66d86af8572e,51.90883,4.47866,False,False,bicycle,electric_assist
2026-06-15T08:42:11Z,lime,lime:293c60817959,51.91119,4.48173,False,False,bicycle,electric_assist
2026-06-15T08:42:11Z,lime,lime:6bd83f81bc30,51.91333,4.46072,False,False,bicycle,electric_assist
2026-06-15T08:42:11Z,lime,lime:d6c1fb12af46,51.89804,4.50352,False,False,bicycle,electric_assist
2026-06-15T08:42:11Z,lime,lime:7d4858a9c529,51.92725,4.50065,False,False,bicycle,electric_assist
2026-06-15T08:42:11Z,lime,lime:b9d61e715d86,51.93051,4.4983,False,False,bicycle,electric_assist
2026-06-15T08:42:11Z,lime,lime:498830becc5b,51.9093,4.52353,False,False,bicycle,electric_assist
2026-06-15T08:42:11Z,lime,lime:76abca3cb6d6,51.90297,4.51139,False,False,bicycle,electric_assist
2026-06-15T08:42:11Z,lime,lime:0503ccaafdf4,51.90893,4.47855,False,False,bicycle,electric_assist
2026-06-15T08:42:11Z,lime,lime:8dbe84a94a86,51.92722,4.49913,False,False,bicycle,electric_assist
2026-06-15T08:42:11Z,lime,lime:eb4c35aa3120,51.92542,4.50877,False,False,bicycle,electric_assist
2026-06-15T08:42:11Z,lime,lime:84f8cc54d1b7,51.94336,4.4777,False,False,bicycle,electric_assist
2026-06-15T08:42:11Z,lime,lime:b48c54d991c3,51.91923,4.4451,False,False,bicycle,electric_assist
2026-06-15T08:42:11Z,lime,lime:00504ea23f39,51.92228,4.4711,False,False,bicycle,electric_assist
2026-06-15T08:42:11Z,lime,lime:4d4f11b1efd3,51.90628,4.4599,False,False,bicycle,electric_assist
2026-06-15T08:42:11Z,lime,lime:8c7cc6ca4855,51.92627,4.49293,False,False,bicycle,electric_assist
2026-06-15T08:42:11Z,lime,lime:b59cb68c49c4,51.91003,4.45225,False,False,bicycle,electric_assist
2026-06-15T08:42:11Z,lime,lime:cd38cb6d6046,51.92337,4.4862,False,False,bicycle,electric_assist
2026-06-15T08:42:11Z,lime,lime:c89c6c240ef0,51.91475,4.52775,False,False,bicycle,electric_assist
2026-06-15T08:42:11Z,lime,lime:2e141448ffcb,51.9045,4.40698,False,False,bicycle,electric_assist
2026-06-15T08:42:11Z,lime,lime:23d09ba39b63,51.91451,4.40192,False,False,bicycle,electric_assist
2026-06-15T08:42:11Z,lime,lime:27c3cc2c1d2a,51.89203,4.50253,False,False,bicycle,electric_assist
2026-06-15T08:42:11Z,lime,lime:04d767c64ddd,51.90623,4.45992,False,False,bicycle,electric_assist
2026-06-15T08:42:11Z,lime,lime:fef614a90208,51.91116,4.48185,False,False,bicycle,electric_assist
2026-06-15T08:42:11Z,lime,lime:011636294877,51.92288,4.54201,False,False,bicycle,electric_assist
2026-06-15T08:42:11Z,lime,lime:338451050b15,51.93132,4.49312,False,False,bicycle,electric_assist
2026-06-15T08:42:11Z,lime,lime:d68d359b7280,51.91995,4.5018,False,False,bicycle,electric_assist
2026-06-15T08:42:11Z,lime,lime:7cf097edf922,51.88809,4.4843,False,False,bicycle,electric_assist
2026-06-15T08:42:11Z,lime,lime:8c7e05d1caa4,51.91589,4.44219,False,False,bicycle,electric_assist
2026-06-15T08:42:11Z,lime,lime:b7a078cc1275,51.89086,4.51411,False,False,bicycle,electric_assist
2026-06-15T08:42:11Z,lime,lime:836fc127528a,51.93139,4.44349,False,False,bicycle,electric_assist
2026-06-15T08:42:11Z,lime,lime:cd37f0b9e091,51.919,4.52668,False,False,bicycle,electric_assist
2026-06-15T08:42:11Z,lime,lime:2439fc9af17b,51.89064,4.51422,False,False,bicycle,electric_assist
2026-06-15T08:42:11Z,lime,lime:ef756f0e9023,51.90521,4.46629,False,False,bicycle,electric_assist
2026-06-15T08:42:11Z,lime,lime:75a59980244d,51.9268,4.42694,False,False,bicycle,electric_assist
2026-06-15T08:42:11Z,lime,lime:990107d8ff89,51.91323,4.44864,False,False,bicycle,electric_assist
2026-06-15T08:42:11Z,lime,lime:8165edece891,51.91331,4.43251,False,True,bicycle,electric_assist
2026-06-15T08:42:11Z,lime,lime:674e7aa7edfc,51.90931,4.50802,False,False,bicycle,electric_assist
2026-06-15T08:42:11Z,lime,lime:34dbc389ea4a,51.92275,4.47354,False,False,bicycle,electric_assist
2026-06-15T08:42:11Z,lime,lime:85afcbb0ceef,51.90875,4.38202,False,False,bicycle,electric_assist
2026-06-15T08:42:11Z,lime,lime:3d461c184e9f,51.88729,4.47474,False,False,bicycle,electric_assist
2026-06-15T08:42:11Z,lime,lime:7a68e29761ea,51.9119,4.46622,False,False,bicycle,electric_assist
2026-06-15T08:42:11Z,lime,lime:18bae799891e,51.89567,4.46753,False,False,bicycle,electric_assist
2026-06-15T08:42:11Z,lime,lime:8da8249275f5,51.92256,4.54544,False,False,bicycle,electric_assist
2026-06-15T08:42:11Z,lime,lime:2f7b1b600da0,51.92281,4.46967,False,False,bicycle,electric_assist
2026-06-15T08:42:11Z,lime,lime:c5b0ca7d6ab4,51.91641,4.48139,False,False,bicycle,electric_assist
2026-06-15T08:42:11Z,lime,lime:efcdca0bff25,51.9168,4.40213,False,False,bicycle,electric_assist
2026-06-15T08:42:11Z,lime,lime:8fb403b68390,51.92054,4.5103,False,False,bicycle,electric_assist
2026-06-15T08:42:11Z,lime,lime:67909ba5bf64,51.92065,4.3989,False,False,bicycle,electric_assist
2026-06-15T08:42:11Z,lime,lime:fbc7f287cf44,51.92279,4.4695,False,False,bicycle,electric_assist
2026-06-15T08:42:11Z,lime,lime:4a4762566395,51.88055,4.53196,False,False,bicycle,electric_assist
2026-06-15T08:42:11Z,lime,lime:d8c6408a85c4,51.94587,4.55005,False,False,bicycle,electric_assist
2026-06-15T08:42:11Z,lime,lime:2773c496927a,51.91679,4.52789,False,False,bicycle,electric_assist
2026-06-15T08:42:11Z,lime,lime:65335aaec96b,51.87831,4.44859,False,False,bicycle,electric_assist
2026-06-15T08:42:11Z,lime,lime:1e8fed079c4b,51.94796,4.3772,False,False,bicycle,electric_assist
2026-06-15T08:42:11Z,lime,lime:7869b89224d8,51.91628,4.48729,False,False,bicycle,electric_assist
2026-06-15T08:42:11Z,lime,lime:d194095b71c8,51.9094,4.38733,False,False,bicycle,electric_assist
2026-06-15T08:42:11Z,lime,lime:540171f17172,51.9157,4.45595,False,False,bicycle,electric_assist
2026-06-15T08:42:11Z,lime,lime:20b919459a22,51.95428,4.58403,False,False,bicycle,electric_assist
2026-06-15T08:42:11Z,lime,lime:d3c1c49064b4,51.9168,4.40214,False,False,bicycle,electric_assist
2026-06-15T08:42:11Z,lime,lime:1b72ac4b6bea,51.94519,4.47515,False,False,bicycle,electric_assist
2026-06-15T08:42:11Z,lime,lime:89de9cb7c2aa,51.92174,4.53389,False,False,bicycle,electric_assist
2026-06-15T08:42:11Z,lime,lime:ce5cf72157cf,51.92254,4.54543,False,False,bicycle,electric_assist
2026-06-15T08:42:11Z,lime,lime:686cbda87492,51.96338,4.5546,False,True,bicycle,electric_assist
2026-06-15T08:42:11Z,lime,lime:b95e110971c9,51.92953,4.4765,False,False,bicycle,electric_assist
2026-06-15T08:42:11Z,lime,lime:af560166814c,51.88708,4.49153,False,False,bicycle,electric_assist
2026-06-15T08:42:11Z,lime,lime:8dadc9ab637a,51.90925,4.52355,False,False,bicycle,electric_assist
2026-06-15T08:42:11Z,lime,lime:3182ac03aadf,51.91915,4.51266,False,False,bicycle,electric_assist
2026-06-15T08:42:11Z,lime,lime:20f4e7d85cc5,51.91384,4.54642,False,False,bicycle,electric_assist
2026-06-15T08:42:11Z,lime,lime:030dc2b3c64a,51.94786,4.50619,False,True,bicycle,electric_assist
2026-06-15T08:42:11Z,lime,lime:e661ddb5b5ea,51.95135,4.47049,False,False,bicycle,electric_assist
2026-06-15T08:42:11Z,lime,lime:fcdb14cbbb49,51.92545,4.46648,False,False,bicycle,electric_assist
2026-06-15T08:42:11Z,lime,lime:2f4a5fb33949,51.90504,4.46653,False,False,bicycle,electric_assist
2026-06-15T08:42:11Z,lime,lime:e04359919e4e,51.94521,4.47515,False,False,bicycle,electric_assist
2026-06-15T08:42:11Z,lime,lime:601ff35fcf45,51.91778,4.44516,False,False,bicycle,electric_assist
2026-06-15T08:42:11Z,lime,lime:ee427287a919,51.89822,4.47351,False,False,bicycle,electric_assist
2026-06-15T08:42:11Z,lime,lime:d654d7da28d8,51.91459,4.4877,False,False,bicycle,electric_assist
2026-06-15T08:42:11Z,lime,lime:f02460233f8b,51.89735,4.46924,False,False,bicycle,electric_assist
2026-06-15T08:42:11Z,lime,lime:04eb510963e8,51.92891,4.44361,False,False,bicycle,electric_assist
2026-06-15T08:42:11Z,lime,lime:e3c190f6a91c,51.92297,4.48804,False,False,bicycle,electric_assist
2026-06-15T08:42:11Z,lime,lime:db3ce0c91d89,51.91533,4.47549,False,False,bicycle,electric_assist
2026-06-15T08:42:11Z,lime,lime:96c9820e8ac9,51.93623,4.4644,False,False,bicycle,electric_assist
2026-06-15T08:42:11Z,lime,lime:24363ee6c067,51.91396,4.45258,False,False,bicycle,electric_assist
2026-06-15T08:42:11Z,lime,lime:4f952a38aa38,51.96002,4.58498,False,False,bicycle,electric_assist
2026-06-15T08:42:11Z,lime,lime:657b9f734108,51.87358,4.48352,False,False,bicycle,electric_assist
2026-06-15T08:42:11Z,lime,lime:49c53854375e,51.9458,4.53501,False,False,bicycle,electric_assist
2026-06-15T08:42:11Z,lime,lime:c94cac41653d,51.9349,4.37475,False,False,bicycle,electric_assist
2026-06-15T08:42:11Z,lime,lime:1cf5d37cce9f,51.9045,4.46042,False,False,bicycle,electric_assist
2026-06-15T08:42:11Z,lime,lime:6e4171cbe596,51.91611,4.52673,False,False,bicycle,electric_assist
2026-06-15T08:42:11Z,lime,lime:8b72a3a4d474,51.92436,4.54646,False,False,bicycle,electric_assist
2026-06-15T08:42:11Z,lime,lime:5e52ba2bb334,51.91185,4.46643,False,False,bicycle,electric_assist
2026-06-15T08:42:11Z,lime,lime:30676f67c31f,51.90758,4.50835,False,False,bicycle,electric_assist
2026-06-15T08:42:11Z,lime,lime:973135377dfd,51.90787,4.45335,False,False,bicycle,electric_assist
2026-06-15T08:42:11Z,lime,lime:b9e8cd6ff907,51.92902,4.48061,False,False,bicycle,electric_assist
2026-06-15T08:42:11Z,lime,lime:9c03cfebbdd0,51.90578,4.40936,False,False,bicycle,electric_assist
2026-06-15T08:42:11Z,lime,lime:b1e1197886be,51.95179,4.551,False,False,bicycle,electric_assist
2026-06-15T08:42:11Z,lime,lime:e93661ba4f2b,51.91774,4.41222,False,False,bicycle,electric_assist
2026-06-15T08:42:11Z,lime,lime:1a6ba114da81,51.92466,4.39465,False,False,bicycle,electric_assist
2026-06-15T08:42:11Z,lime,lime:f1f6eab381f7,51.93196,4.50772,False,False,bicycle,electric_assist
2026-06-15T08:42:11Z,lime,lime:af5ca1cda6ec,51.92554,4.47785,False,False,bicycle,electric_assist
2026-06-15T08:42:11Z,lime,lime:f26ff8fe2a32,51.96087,4.46714,False,False,bicycle,electric_assist
2026-06-15T08:42:11Z,lime,lime:0d824b9a19a9,51.91624,4.52691,False,False,bicycle,electric_assist
2026-06-15T08:42:11Z,lime,lime:f9212e73c835,51.95558,4.50602,True,False,bicycle,electric_assist
2026-06-15T08:42:11Z,lime,lime:ecf5ddc6b203,51.89289,4.47359,False,False,bicycle,electric_assist
2026-06-15T08:42:11Z,lime,lime:752ab7d0e31c,51.91801,4.41504,True,False,bicycle,electric_assist
2026-06-15T08:42:11Z,lime,lime:56285215abbc,51.94222,4.47846,False,False,bicycle,electric_assist
2026-06-15T08:42:11Z,lime,lime:af2fabffdec9,51.92932,4.46741,False,False,bicycle,electric_assist
2026-06-15T08:42:11Z,lime,lime:4ee2466b8065,51.88056,4.53196,False,False,bicycle,electric_assist
2026-06-15T08:42:11Z,lime,lime:b6e4a7810dbb,51.91465,4.44853,False,False,bicycle,electric_assist
2026-06-15T08:42:11Z,lime,lime:836a32a0aeb1,51.92194,4.37096,False,False,bicycle,electric_assist
2026-06-15T08:42:11Z,lime,lime:47fb0e83bd7c,51.92288,4.46937,False,False,bicycle,electric_assist
2026-06-15T08:42:11Z,lime,lime:838b5e58ce9e,51.91495,4.47979,False,False,bicycle,electric_assist
2026-06-15T08:42:11Z,lime,lime:b0496c0f9086,51.91353,4.50507,False,False,bicycle,electric_assist
2026-06-15T08:42:11Z,lime,lime:ae77a6e22c9f,51.91187,4.38041,False,False,bicycle,electric_assist
2026-06-15T08:42:11Z,lime,lime:4508b068c43d,51.91902,4.52695,False,False,bicycle,electric_assist
2026-06-15T08:42:11Z,lime,lime:8c9c64690ef5,51.93395,4.48667,False,False,bicycle,electric_assist
2026-06-15T08:42:11Z,lime,lime:2963387b8a84,51.90884,4.38186,False,False,bicycle,electric_assist
2026-06-15T08:42:11Z,lime,lime:16636192e587,51.92221,4.47095,False,False,bicycle,electric_assist
2026-06-15T08:42:11Z,lime,lime:b655cdb7b09f,51.90634,4.51376,False,False,bicycle,electric_assist
2026-06-15T08:42:11Z,lime,lime:6d3b73abb989,51.93276,4.54416,False,False,bicycle,electric_assist
2026-06-15T08:42:11Z,lime,lime:6112a5ce4b38,51.96001,4.58493,False,False,bicycle,electric_assist
2026-06-15T08:42:11Z,lime,lime:7aad01874d63,51.93451,4.41089,False,False,bicycle,electric_assist
2026-06-15T08:42:11Z,lime,lime:f166ca89357f,51.91235,4.48389,False,False,bicycle,electric_assist
2026-06-15T08:42:11Z,lime,lime:71e0f9e3227f,51.8783,4.44856,False,False,bicycle,electric_assist
2026-06-15T08:42:11Z,lime,lime:7b53338aca21,51.9343,4.46283,True,False,bicycle,electric_assist
2026-06-15T08:42:11Z,lime,lime:fe5b19520bc3,51.90932,4.47138,False,False,bicycle,electric_assist
2026-06-15T08:42:11Z,lime,lime:7f47d9e3f25c,51.94173,4.54154,False,False,bicycle,electric_assist
2026-06-15T08:42:11Z,lime,lime:f6ff6edf5cce,51.9251,4.51812,False,False,bicycle,electric_assist
2026-06-15T08:42:11Z,lime,lime:695cd345866b,51.90651,4.50582,False,False,bicycle,electric_assist
2026-06-15T08:42:11Z,lime,lime:223f6bb7be97,51.8926,4.49056,False,False,bicycle,electric_assist
2026-06-15T08:42:11Z,lime,lime:2538fea3a81f,51.92432,4.4726,False,False,bicycle,electric_assist
2026-06-15T08:42:11Z,lime,lime:d43fd1e937a8,51.88058,4.53195,False,False,bicycle,electric_assist
2026-06-15T08:42:11Z,lime,lime:4aa065c6c02d,51.9452,4.47504,False,False,bicycle,electric_assist
2026-06-15T08:42:11Z,lime,lime:18e2ca088e44,51.88261,4.52118,False,False,bicycle,electric_assist
2026-06-15T08:42:11Z,lime,lime:66183132b45e,51.92574,4.45485,False,False,bicycle,electric_assist
2026-06-15T08:42:11Z,lime,lime:cf1aedce655b,51.92074,4.40809,False,False,bicycle,electric_assist
2026-06-15T08:42:11Z,lime,lime:e07c7a482d88,51.93342,4.40883,False,False,bicycle,electric_assist
2026-06-15T08:42:11Z,lime,lime:9e15101f84ea,51.92543,4.46621,False,False,bicycle,electric_assist
2026-06-15T08:42:11Z,lime,lime:4194b4c0b1cb,51.96048,4.53534,False,False,bicycle,electric_assist
2026-06-15T08:42:11Z,lime,lime:75c0a79b89a8,51.90559,4.46286,False,False,bicycle,electric_assist
2026-06-15T08:42:11Z,lime,lime:8bac9f660086,51.93222,4.46409,True,False,bicycle,electric_assist
2026-06-15T08:42:11Z,lime,lime:3c1d67bf2d7f,51.91122,4.44853,False,False,bicycle,electric_assist
2026-06-15T08:42:11Z,lime,lime:c31c1183e5f9,51.92439,4.42271,False,False,bicycle,electric_assist
2026-06-15T08:42:11Z,lime,lime:100db9168233,51.92157,4.52147,False,False,bicycle,electric_assist
2026-06-15T08:42:11Z,lime,lime:9f36caa4a76a,51.91657,4.52842,False,False,bicycle,electric_assist
2026-06-15T08:42:11Z,lime,lime:1a340ecc8624,51.90735,4.40225,False,False,bicycle,electric_assist
2026-06-15T08:42:11Z,lime,lime:2c87eb40ec25,51.9062,4.54199,False,False,bicycle,electric_assist
2026-06-15T08:42:11Z,lime,lime:6ea31087fd62,51.93928,4.53843,False,False,bicycle,electric_assist
2026-06-15T08:42:11Z,lime,lime:e997a875f71d,51.9518,4.55096,False,False,bicycle,electric_assist
2026-06-15T08:42:11Z,lime,lime:149664a2b774,51.91652,4.45097,False,False,bicycle,electric_assist
2026-06-15T08:42:11Z,lime,lime:3671dad0c1f8,51.91485,4.48677,False,False,bicycle,electric_assist
2026-06-15T08:42:11Z,lime,lime:343b2d103951,51.92976,4.39961,False,False,bicycle,electric_assist
2026-06-15T08:42:11Z,lime,lime:b5994bdc0030,51.90721,4.47332,False,False,bicycle,electric_assist
2026-06-15T08:42:11Z,lime,lime:9ab8f7ffdab0,51.96295,4.47522,False,False,bicycle,electric_assist
2026-06-15T08:42:11Z,lime,lime:520637e7e975,51.91691,4.491,False,True,bicycle,electric_assist
2026-06-15T08:42:11Z,lime,lime:4ed0a8651d2d,51.92158,4.37435,False,False,bicycle,electric_assist
2026-06-15T08:42:11Z,lime,lime:3c8ece388716,51.92882,4.46628,False,False,bicycle,electric_assist
2026-06-15T08:42:11Z,lime,lime:0404a088caef,51.96354,4.50298,False,False,bicycle,electric_assist
2026-06-15T08:42:11Z,lime,lime:063543e35d91,51.92916,4.50529,False,True,bicycle,electric_assist
2026-06-15T08:42:11Z,lime,lime:318723d2e657,51.91789,4.44498,False,False,bicycle,electric_assist
2026-06-15T08:42:11Z,lime,lime:15ab6f249ecd,51.90648,4.50576,False,False,bicycle,electric_assist
2026-06-15T08:42:11Z,lime,lime:663ebdd93d0d,51.90704,4.48938,False,False,bicycle,electric_assist
2026-06-15T08:42:11Z,lime,lime:7bfc3c967d86,51.93146,4.48772,False,False,bicycle,electric_assist
2026-06-15T08:42:11Z,lime,lime:0746310e886b,51.92281,4.50859,False,False,bicycle,electric_assist
2026-06-15T08:42:11Z,lime,lime:ea6dad7fee3d,51.92261,4.4976,False,False,bicycle,electric_assist
2026-06-15T08:42:11Z,lime,lime:4592b23eeee8,51.92776,4.48348,False,False,bicycle,electric_assist
2026-06-15T08:42:11Z,lime,lime:084f9a428eab,51.9539,4.4682,False,False,bicycle,electric_assist
2026-06-15T08:42:11Z,lime,lime:324cd72920dd,51.91681,4.475,False,False,bicycle,electric_assist
2026-06-15T08:42:11Z,lime,lime:81e00033d1d6,51.92679,4.46246,False,False,bicycle,electric_assist
2026-06-15T08:42:11Z,lime,lime:41b9598e4190,51.93368,4.46657,False,False,bicycle,electric_assist
2026-06-15T08:42:11Z,lime,lime:37bb2a7491ec,51.91315,4.49267,False,False,bicycle,electric_assist
2026-06-15T08:42:11Z,lime,lime:3e588e5f8e3a,51.92286,4.46971,False,False,bicycle,electric_assist
2026-06-15T08:42:11Z,lime,lime:7f697092008b,51.91424,4.49612,False,False,bicycle,electric_assist
2026-06-15T08:42:11Z,lime,lime:2222e455bdd4,51.92729,4.47001,False,False,bicycle,electric_assist
2026-06-15T08:42:11Z,lime,lime:5d7636268d99,51.92283,4.46942,False,False,bicycle,electric_assist
2026-06-15T08:42:11Z,lime,lime:335168cbc4ab,51.92004,4.51402,False,False,bicycle,electric_assist
2026-06-15T08:42:11Z,lime,lime:bb841aaf0f74,51.90447,4.46045,False,False,bicycle,electric_assist
2026-06-15T08:42:11Z,lime,lime:1b459c8b5d53,51.92898,4.44797,False,False,bicycle,electric_assist
2026-06-15T08:42:11Z,lime,lime:e79a6af6d23f,51.9255,4.50621,False,False,bicycle,electric_assist
2026-06-15T08:42:11Z,lime,lime:173fb554910e,51.94732,4.52673,False,False,bicycle,electric_assist
2026-06-15T08:42:11Z,lime,lime:8856ed7b0d6a,51.94472,4.39634,False,False,bicycle,electric_assist
2026-06-15T08:42:11Z,lime,lime:e8ef9c11ed72,51.94452,4.48485,False,False,bicycle,electric_assist
2026-06-15T08:42:11Z,lime,lime:518bf0adaba0,51.89112,4.46389,False,False,bicycle,electric_assist
2026-06-15T08:42:11Z,lime,lime:0f05641571c8,51.92122,4.39635,False,False,bicycle,electric_assist
2026-06-15T08:42:11Z,lime,lime:22af735970cb,51.88472,4.48383,False,False,bicycle,electric_assist
2026-06-15T08:42:11Z,lime,lime:35c16da2f6f3,51.92288,4.46953,False,False,bicycle,electric_assist
2026-06-15T08:42:11Z,lime,lime:da30550d5c37,51.89084,4.46754,False,True,bicycle,electric_assist
2026-06-15T08:42:11Z,lime,lime:264ca1dc7000,51.88645,4.54939,False,False,bicycle,electric_assist
2026-06-15T08:42:11Z,lime,lime:55ee6decf45b,51.92143,4.45632,True,False,bicycle,electric_assist
2026-06-15T08:42:11Z,lime,lime:fc445f897ea4,51.92274,4.46957,False,False,bicycle,electric_assist
2026-06-15T08:42:11Z,lime,lime:f89b807c3c0f,51.92405,4.3888,False,False,bicycle,electric_assist
2026-06-15T08:42:11Z,lime,lime:efc8508be76e,51.92513,4.47395,False,False,bicycle,electric_assist
2026-06-15T08:42:11Z,lime,lime:f0a1aab52b64,51.91713,4.42258,False,False,bicycle,electric_assist
2026-06-15T08:42:11Z,lime,lime:4fa8937baeb3,51.93854,4.47944,False,True,bicycle,electric_assist
2026-06-15T08:42:11Z,lime,lime:9d2cd18441aa,51.9438,4.54377,False,False,bicycle,electric_assist
2026-06-15T08:42:11Z,lime,lime:a9f5929d4578,51.88895,4.46544,False,False,bicycle,electric_assist
2026-06-15T08:42:11Z,lime,lime:c7a9b498ce1a,51.92726,4.46926,False,False,bicycle,electric_assist
2026-06-15T08:42:11Z,lime,lime:26be16e91e08,51.90621,4.45978,False,False,bicycle,electric_assist
2026-06-15T08:42:11Z,lime,lime:d50b03209b84,51.90601,4.40821,False,False,bicycle,electric_assist
2026-06-15T08:42:11Z,lime,lime:2aed42e0c062,51.91791,4.51264,False,False,bicycle,electric_assist
2026-06-15T08:42:11Z,lime,lime:0ab5ccb11fbe,51.91906,4.4183,False,False,bicycle,electric_assist
2026-06-15T08:42:11Z,lime,lime:01cbde65f78b,51.91079,4.55387,False,False,bicycle,electric_assist
2026-06-15T08:42:11Z,lime,lime:969295bc3aaf,51.93097,4.49545,False,False,bicycle,electric_assist
2026-06-15T08:42:11Z,lime,lime:e62b16e58f72,51.91833,4.42415,False,False,bicycle,electric_assist
2026-06-15T08:42:11Z,lime,lime:8f027bc6bdb3,51.90171,4.48574,False,False,bicycle,electric_assist
2026-06-15T08:42:11Z,lime,lime:af917bd6a209,51.90719,4.47338,False,False,bicycle,electric_assist
2026-06-15T08:42:11Z,lime,lime:966f9a36098a,51.90167,4.47812,False,False,bicycle,electric_assist
2026-06-15T08:42:11Z,lime,lime:e092c3cac155,51.92257,4.47356,False,False,bicycle,electric_assist
2026-06-15T08:42:11Z,lime,lime:dd40ba6c38b6,51.92592,4.46004,False,False,bicycle,electric_assist
2026-06-15T08:42:11Z,lime,lime:873152a03b3a,51.91706,4.46084,False,False,bicycle,electric_assist
2026-06-15T08:42:11Z,lime,lime:cee2a9a21085,51.90775,4.46225,False,False,bicycle,electric_assist
2026-06-15T08:42:11Z,lime,lime:9a5045bd00eb,51.92473,4.53015,False,False,bicycle,electric_assist
2026-06-15T08:42:11Z,lime,lime:a1c3c54e66d6,51.92362,4.47915,False,False,bicycle,electric_assist
2026-06-15T08:42:11Z,lime,lime:aae9af3fe058,51.90645,4.5057,False,False,bicycle,electric_assist
2026-06-15T08:42:11Z,lime,lime:caa29e94b8cc,51.91375,4.45185,False,False,bicycle,electric_assist
2026-06-15T08:42:11Z,lime,lime:c6ef0eefdf58,51.96001,4.58498,False,False,bicycle,electric_assist
2026-06-15T08:42:11Z,lime,lime:d818dbfdcdd2,51.9112,4.46177,False,False,bicycle,electric_assist
2026-06-15T08:42:11Z,lime,lime:68b48eabbab3,51.90697,4.44514,False,False,bicycle,electric_assist
2026-06-15T08:42:11Z,lime,lime:090ea02b4127,51.92299,4.46954,False,False,bicycle,electric_assist
2026-06-15T08:42:11Z,lime,lime:323945579195,51.91678,4.52819,False,False,bicycle,electric_assist
2026-06-15T08:42:11Z,lime,lime:a0291bef13b8,51.95755,4.53131,False,False,bicycle,electric_assist
2026-06-15T08:42:11Z,lime,lime:daa172242d6a,51.90282,4.46754,True,False,bicycle,electric_assist
2026-06-15T08:42:11Z,lime,lime:9040c146a176,51.88992,4.46689,False,False,bicycle,electric_assist
2026-06-15T08:42:11Z,lime,lime:00bdc75691c2,51.92315,4.49672,False,False,bicycle,electric_assist
2026-06-15T08:42:11Z,lime,lime:65bbd1436175,51.93104,4.49489,False,False,bicycle,electric_assist
2026-06-15T08:42:11Z,lime,lime:ddad7b36ef67,51.9123,4.45505,False,False,bicycle,electric_assist
2026-06-15T08:42:11Z,lime,lime:84530800a4ad,51.92157,4.50712,False,False,bicycle,electric_assist
2026-06-15T08:42:11Z,lime,lime:2fd2560b8cf2,51.92229,4.47134,False,False,bicycle,electric_assist
2026-06-15T08:42:11Z,lime,lime:c752806e7827,51.89742,4.46688,False,False,bicycle,electric_assist
2026-06-15T08:42:11Z,lime,lime:f79c595f5eb3,51.91641,4.48139,False,False,bicycle,electric_assist
2026-06-15T08:42:11Z,lime,lime:8eb169963cf7,51.91424,4.4961,False,False,bicycle,electric_assist
2026-06-15T08:42:11Z,lime,lime:d2bdd4d726b6,51.9256,4.47777,False,False,bicycle,electric_assist
2026-06-15T08:42:11Z,lime,lime:7918cf1c2ec3,51.90453,4.40707,False,False,bicycle,electric_assist
2026-06-15T08:42:11Z,lime,lime:b5c5591f9cb3,51.9141,4.45252,False,False,bicycle,electric_assist
2026-06-15T08:42:11Z,lime,lime:3bbdffad9708,51.91947,4.46927,False,False,bicycle,electric_assist
2026-06-15T08:42:11Z,lime,lime:7ae0b6a6af79,51.89049,4.46438,False,False,bicycle,electric_assist
2026-06-15T08:42:11Z,lime,lime:947febb02b62,51.92863,4.40309,False,False,bicycle,electric_assist
2026-06-15T08:42:11Z,lime,lime:2356a085613d,51.95631,4.51821,False,False,bicycle,electric_assist
2026-06-15T08:42:11Z,lime,lime:f1db042904d1,51.93072,4.51253,False,False,bicycle,electric_assist
2026-06-15T08:42:11Z,lime,lime:3ba314e7cbd5,51.87837,4.44882,False,False,bicycle,electric_assist
2026-06-15T08:42:11Z,lime,lime:cbd3746207d6,51.95371,4.52551,False,False,bicycle,electric_assist
2026-06-15T08:42:11Z,lime,lime:e3a03a1ef29e,51.88739,4.49851,False,False,bicycle,electric_assist
2026-06-15T08:42:11Z,lime,lime:9846b540b4af,51.90298,4.51132,False,False,bicycle,electric_assist
2026-06-15T08:42:11Z,lime,lime:79568b50a7c0,51.91197,4.39011,False,False,bicycle,electric_assist
2026-06-15T08:42:11Z,lime,lime:d2fe00ce093e,51.91834,4.49373,False,False,bicycle,electric_assist
2026-06-15T08:42:11Z,lime,lime:962263be608a,51.90697,4.49604,False,False,bicycle,electric_assist
2026-06-15T08:42:11Z,lime,lime:61d504343d0e,51.87736,4.49471,False,False,bicycle,electric_assist
2026-06-15T08:42:11Z,lime,lime:0036304a9924,51.96747,4.46343,False,False,bicycle,electric_assist
2026-06-15T08:42:11Z,lime,lime:2045755979d8,51.9014,4.46121,False,False,bicycle,electric_assist
2026-06-15T08:42:11Z,lime,lime:000363b75c80,51.9207,4.40827,False,False,bicycle,electric_assist
2026-06-15T08:42:11Z,lime,lime:05cbee32e472,51.92917,4.50529,False,False,bicycle,electric_assist
2026-06-15T08:42:11Z,lime,lime:81c83f9edaa3,51.92025,4.55644,False,False,bicycle,electric_assist
2026-06-15T08:42:11Z,lime,lime:6f4390f3d435,51.91987,4.4485,True,False,bicycle,electric_assist
2026-06-15T08:42:11Z,lime,lime:c465a04d8c44,51.90934,4.47142,False,False,bicycle,electric_assist
2026-06-15T08:42:11Z,lime,lime:5ed954975d39,51.91808,4.38007,False,False,bicycle,electric_assist
2026-06-15T08:42:11Z,lime,lime:4943073b2111,51.92865,4.48637,False,False,bicycle,electric_assist
2026-06-15T08:42:11Z,lime,lime:31500bb64c7c,51.93205,4.41574,False,False,bicycle,electric_assist
2026-06-15T08:42:11Z,lime,lime:43149be22c45,51.90629,4.39339,False,False,bicycle,electric_assist
2026-06-15T08:42:11Z,lime,lime:752b5df5002b,51.92445,4.49057,False,False,bicycle,electric_assist
2026-06-15T08:42:11Z,lime,lime:904d5eb12af1,51.90733,4.48964,False,False,bicycle,electric_assist
2026-06-15T08:42:11Z,lime,lime:18018a8e861b,51.91887,4.49389,False,False,bicycle,electric_assist
2026-06-15T08:42:11Z,lime,lime:8965c8a1a9f7,51.90936,4.38726,False,False,bicycle,electric_assist
2026-06-15T08:42:11Z,lime,lime:3d62969bf78c,51.91156,4.53905,False,False,bicycle,electric_assist
2026-06-15T08:42:11Z,lime,lime:9fcfb4ce3b95,51.93773,4.38536,False,False,bicycle,electric_assist
2026-06-15T08:42:11Z,lime,lime:2fbd920a860e,51.90881,4.38191,False,False,bicycle,electric_assist
2026-06-15T08:42:11Z,lime,lime:095baf43cd8c,51.92195,4.37102,False,False,bicycle,electric_assist
2026-06-15T08:42:11Z,lime,lime:573096fed463,51.88509,4.49614,False,False,bicycle,electric_assist
2026-06-15T08:42:11Z,lime,lime:f4d1598e78aa,51.89468,4.46197,False,False,bicycle,electric_assist
2026-06-15T08:42:11Z,lime,lime:f1aec9b9c907,51.90179,4.40094,False,False,bicycle,electric_assist
2026-06-15T08:42:11Z,lime,lime:9069ac378345,51.91987,4.37102,False,False,bicycle,electric_assist
2026-06-15T08:42:11Z,lime,lime:414cc46a89a4,51.92513,4.53234,False,False,bicycle,electric_assist
2026-06-15T08:42:11Z,lime,lime:8784cbe9fdf5,51.94418,4.4824,False,False,bicycle,electric_assist
2026-06-15T08:42:11Z,lime,lime:edb936070309,51.88263,4.52118,False,False,bicycle,electric_assist
2026-06-15T08:42:11Z,lime,lime:6d2cc2f61b4d,51.94859,4.56061,True,False,bicycle,electric_assist
2026-06-15T08:42:11Z,lime,lime:28902873fba2,51.91348,4.5059,False,False,bicycle,electric_assist
2026-06-15T08:42:11Z,lime,lime:d0134211958c,51.92216,4.47134,False,False,bicycle,electric_assist
2026-06-15T08:42:11Z,lime,lime:226e61cdb185,51.96082,4.57976,False,False,bicycle,electric_assist
2026-06-15T08:42:11Z,lime,lime:545ce5623cf1,51.93696,4.42764,False,False,bicycle,electric_assist
2026-06-15T08:42:11Z,lime,lime:0910b6112d6f,51.94342,4.48493,False,False,bicycle,electric_assist
2026-06-15T08:42:11Z,lime,lime:90cbfc38b298,51.91618,4.41189,False,False,bicycle,electric_assist
2026-06-15T08:42:11Z,lime,lime:e058c6c160a3,51.90713,4.48922,False,False,bicycle,electric_assist
2026-06-15T08:42:11Z,lime,lime:e8946cade102,51.92324,4.48132,False,False,bicycle,electric_assist
2026-06-15T08:42:11Z,lime,lime:f9489f800a01,51.93616,4.47954,False,False,bicycle,electric_assist
2026-06-15T08:42:11Z,lime,lime:a9db06e02784,51.91279,4.45793,False,False,bicycle,electric_assist
2026-06-15T08:42:11Z,lime,lime:7ce16ecdec70,51.94253,4.56324,False,False,bicycle,electric_assist
2026-06-15T08:42:11Z,lime,lime:2d19620e79c3,51.92263,4.40213,False,False,bicycle,electric_assist
2026-06-15T08:42:11Z,lime,lime:7e440c898f65,51.91587,4.3976,False,False,bicycle,electric_assist
2026-06-15T08:42:11Z,lime,lime:e75651adc4f3,51.88619,4.54941,False,False,bicycle,electric_assist
2026-06-15T08:42:11Z,lime,lime:301ece955911,51.92003,4.46299,False,False,bicycle,electric_assist
2026-06-15T08:42:11Z,lime,lime:1506ec369776,51.91426,4.45882,False,False,bicycle,electric_assist
2026-06-15T08:42:11Z,lime,lime:ebba57a9d054,51.90792,4.462,False,False,bicycle,electric_assist
2026-06-15T08:42:11Z,lime,lime:a1b83102a8b5,51.91379,4.50849,False,False,bicycle,electric_assist
2026-06-15T08:42:11Z,lime,lime:ce82cb90ba42,51.91464,4.4601,False,False,bicycle,electric_assist
2026-06-15T08:42:11Z,lime,lime:d3c35988f955,51.91174,4.38368,False,False,bicycle,electric_assist
2026-06-15T08:42:11Z,lime,lime:afee1b2e479d,51.92255,4.42735,False,False,bicycle,electric_assist
2026-06-15T08:42:11Z,lime,lime:5d3fd8ef2e12,51.90893,4.47856,True,False,bicycle,electric_assist
2026-06-15T08:42:11Z,lime,lime:ac7e49345ab9,51.90228,4.4961,False,True,bicycle,electric_assist
2026-06-15T08:42:11Z,lime,lime:a42a46170d9d,51.92898,4.44365,False,False,bicycle,electric_assist
2026-06-15T08:42:11Z,lime,lime:89b71301f511,51.89385,4.50944,False,False,bicycle,electric_assist
2026-06-15T08:42:11Z,lime,lime:87ec1cb750f9,51.92572,4.45488,False,False,bicycle,electric_assist
2026-06-15T08:42:11Z,lime,lime:c24444185cdb,51.91317,4.48393,False,False,bicycle,electric_assist
2026-06-15T08:42:11Z,lime,lime:efb6914ac1dc,51.92281,4.46976,False,False,bicycle,electric_assist
2026-06-15T08:42:11Z,lime,lime:4d1eac0ced3f,51.88064,4.53193,True,False,bicycle,electric_assist
2026-06-15T08:42:11Z,lime,lime:d07173f5b4a4,51.90788,4.46195,False,False,bicycle,electric_assist
2026-06-15T08:42:11Z,lime,lime:8d10db4a7a26,51.92394,4.43248,False,False,bicycle,electric_assist
2026-06-15T08:42:11Z,lime,lime:da7ad29ffe27,51.89132,4.49917,False,False,bicycle,electric_assist
2026-06-15T08:42:11Z,lime,lime:a9d8549cc0f4,51.95417,4.56817,False,False,bicycle,electric_assist
2026-06-15T08:42:11Z,lime,lime:521a26dd5911,51.90931,4.4714,False,False,bicycle,electric_assist
2026-06-15T08:42:11Z,lime,lime:522ee1feeb8a,51.92417,4.42533,False,False,bicycle,electric_assist
2026-06-15T08:42:11Z,lime,lime:05cdc9450aa1,51.90446,4.44493,False,False,bicycle,electric_assist
2026-06-15T08:42:11Z,lime,lime:ef4148e20f48,51.92369,4.51156,False,False,bicycle,electric_assist
2026-06-15T08:42:11Z,lime,lime:9f6ce93b53a0,51.92541,4.4662,False,False,bicycle,electric_assist
2026-06-15T08:42:11Z,lime,lime:d7d219f20d9a,51.95561,4.50605,False,True,bicycle,electric_assist
2026-06-15T08:42:11Z,lime,lime:dfeee2de7b3d,51.91946,4.51292,False,False,bicycle,electric_assist
2026-06-15T08:42:11Z,lime,lime:95a857fa6bbe,51.95664,4.57489,False,False,bicycle,electric_assist
2026-06-15T08:42:11Z,lime,lime:7989daf1c4a3,51.93584,4.37605,False,False,bicycle,electric_assist
2026-06-15T08:42:11Z,lime,lime:4839fc4ee28f,51.92546,4.46627,False,False,bicycle,electric_assist
2026-06-15T08:42:11Z,lime,lime:c6c0dd63b99b,51.90938,4.38732,False,False,bicycle,electric_assist
2026-06-15T08:42:11Z,lime,lime:a49e6ee27adb,51.91715,4.49177,False,False,bicycle,electric_assist
2026-06-15T08:42:11Z,lime,lime:706b17a3e5d3,51.92267,4.46963,False,False,bicycle,electric_assist
2026-06-15T08:42:11Z,lime,lime:ad033aec25eb,51.92918,4.50529,False,False,bicycle,electric_assist
2026-06-15T08:42:11Z,lime,lime:f174ea4b2263,51.91792,4.5126,False,False,bicycle,electric_assist
2026-06-15T08:42:11Z,lime,lime:4dd2cb7837ce,51.94924,4.43262,False,False,bicycle,electric_assist
2026-06-15T08:42:11Z,lime,lime:9495ac7380f4,51.92537,4.42438,False,False,bicycle,electric_assist
2026-06-15T08:42:11Z,lime,lime:b54346ff2377,51.90451,4.40706,False,False,bicycle,electric_assist
2026-06-15T08:42:11Z,lime,lime:4a7e6c263245,51.93204,4.49384,False,False,bicycle,electric_assist
2026-06-15T08:42:11Z,lime,lime:1b54b5f9cec9,51.90648,4.47709,False,False,bicycle,electric_assist
2026-06-15T08:42:11Z,lime,lime:26f91e3dd72a,51.88621,4.54929,False,False,bicycle,electric_assist
2026-06-15T08:42:11Z,lime,lime:26eefd0a3d45,51.90653,4.47823,False,False,bicycle,electric_assist
2026-06-15T08:42:11Z,lime,lime:2a8b45f6b8b2,51.91281,4.40562,False,False,bicycle,electric_assist
2026-06-15T08:42:11Z,lime,lime:97a776c7ce4d,51.91997,4.45811,False,False,bicycle,electric_assist
2026-06-15T08:42:11Z,lime,lime:5ec7e39b7746,51.92895,4.47243,False,False,bicycle,electric_assist
2026-06-15T08:42:11Z,lime,lime:3955df692415,51.93438,4.45948,False,True,bicycle,electric_assist
2026-06-15T08:42:11Z,lime,lime:8201db0fc1d9,51.91681,4.52787,False,False,bicycle,electric_assist
2026-06-15T08:42:11Z,lime,lime:cd6883c52986,51.92413,4.51396,False,False,bicycle,electric_assist
2026-06-15T08:42:11Z,lime,lime:0e332e06abdc,51.91708,4.46084,False,False,bicycle,electric_assist
2026-06-15T08:42:11Z,lime,lime:a8f8ebb06b04,51.93042,4.47565,True,False,bicycle,electric_assist
2026-06-15T08:42:11Z,lime,lime:7fce1d91e5b5,51.89734,4.46923,False,False,bicycle,electric_assist
2026-06-15T08:42:11Z,lime,lime:09f556492cd3,51.9447,4.45942,False,False,bicycle,electric_assist
2026-06-15T08:42:11Z,lime,lime:e11700ed5224,51.91248,4.43021,False,False,bicycle,electric_assist
2026-06-15T08:42:11Z,lime,lime:235e386ff3ae,51.92283,4.50858,False,False,bicycle,electric_assist
2026-06-15T08:42:11Z,lime,lime:16c43d11f662,51.92343,4.51222,True,False,bicycle,electric_assist
2026-06-15T08:42:11Z,lime,lime:313d36bd7410,51.94611,4.45164,False,False,bicycle,electric_assist
2026-06-15T08:42:11Z,lime,lime:065986054486,51.90449,4.46043,False,False,bicycle,electric_assist
2026-06-15T08:42:11Z,lime,lime:b9936a9353c0,51.92333,4.47825,False,False,bicycle,electric_assist
2026-06-15T08:42:11Z,lime,lime:a17ec7724b89,51.92943,4.48099,False,False,bicycle,electric_assist
2026-06-15T08:42:11Z,lime,lime:28266589fd81,51.88266,4.52116,False,False,bicycle,electric_assist
2026-06-15T08:42:11Z,lime,lime:384ec0df8a89,51.89996,4.5411,False,False,bicycle,electric_assist
2026-06-15T08:42:11Z,lime,lime:5b475d3dc1dc,51.94663,4.55382,False,False,bicycle,electric_assist
2026-06-15T08:42:11Z,lime,lime:17a6d18675b5,51.91007,4.45228,False,False,bicycle,electric_assist
2026-06-15T08:42:11Z,lime,lime:93cf30efee6d,51.90724,4.48954,False,False,bicycle,electric_assist
2026-06-15T08:42:11Z,lime,lime:a04a8ac43445,51.91966,4.4635,False,False,bicycle,electric_assist
2026-06-15T08:42:11Z,lime,lime:a9fd878cb308,51.88497,4.45916,False,False,bicycle,electric_assist
2026-06-15T08:42:11Z,lime,lime:0ae1d37aa0ae,51.9216,4.5108,False,False,bicycle,electric_assist
2026-06-15T08:42:11Z,lime,lime:34e99374b8e8,51.88277,4.50432,False,False,bicycle,electric_assist
2026-06-15T08:42:11Z,lime,lime:e8f665c8dca9,51.92744,4.38008,False,False,bicycle,electric_assist
2026-06-15T08:42:11Z,lime,lime:ce8c1a019e04,51.93256,4.37291,False,False,bicycle,electric_assist
2026-06-15T08:42:11Z,lime,lime:620858ad22d6,51.92283,4.46945,False,False,bicycle,electric_assist
2026-06-15T08:42:11Z,lime,lime:58f393fb1f28,51.9709,4.49583,False,False,bicycle,electric_assist
2026-06-15T08:42:11Z,lime,lime:4dca3abdf146,51.92275,4.46956,False,False,bicycle,electric_assist
2026-06-15T08:42:11Z,lime,lime:621b46dff03e,51.9234,4.47792,False,False,bicycle,electric_assist
2026-06-15T08:42:11Z,lime,lime:f843e304f677,51.93294,4.49786,False,False,bicycle,electric_assist
2026-06-15T08:42:11Z,lime,lime:51ad3bd3ba23,51.92917,4.50526,False,False,bicycle,electric_assist
2026-06-15T08:42:11Z,lime,lime:f0e426381f2a,51.90208,4.48572,False,False,bicycle,electric_assist
2026-06-15T08:42:11Z,lime,lime:1373017a2a69,51.91234,4.45515,False,False,bicycle,electric_assist
2026-06-15T08:42:11Z,lime,lime:7ca326c05a8f,51.91717,4.52356,False,False,bicycle,electric_assist
2026-06-15T08:42:11Z,lime,lime:4c12c65e5b00,51.91691,4.52688,False,False,bicycle,electric_assist
2026-06-15T08:42:11Z,lime,lime:4f127d7ca1c9,51.9123,4.45499,False,False,bicycle,electric_assist
2026-06-15T08:42:11Z,lime,lime:445f626998d4,51.91472,4.44715,False,False,bicycle,electric_assist
2026-06-15T08:42:11Z,lime,lime:de1fbb5e6fb8,51.95783,4.56251,False,False,bicycle,electric_assist
2026-06-15T08:42:11Z,lime,lime:5e8dd6327864,51.91855,4.51125,False,False,bicycle,electric_assist
2026-06-15T08:42:11Z,lime,lime:213c9ed9a7e6,51.89341,4.51724,True,False,bicycle,electric_assist
2026-06-15T08:42:11Z,lime,lime:614071e58fd7,51.9391,4.53738,False,False,bicycle,electric_assist
2026-06-15T08:42:11Z,lime,lime:26b7c2800dc6,51.91443,4.39806,False,False,bicycle,electric_assist
2026-06-15T08:42:11Z,lime,lime:53d87c8766aa,51.91576,4.38498,False,False,bicycle,electric_assist
2026-06-15T08:42:11Z,lime,lime:b711312de918,51.91639,4.48547,False,False,bicycle,electric_assist
2026-06-15T08:42:11Z,lime,lime:a2ef05c82428,51.91186,4.46651,False,False,bicycle,electric_assist
2026-06-15T08:42:11Z,lime,lime:a21550fa366b,51.92227,4.50231,False,False,bicycle,electric_assist
2026-06-15T08:42:11Z,lime,lime:10467fc662e0,51.90707,4.49594,False,False,bicycle,electric_assist
2026-06-15T08:42:11Z,lime,lime:1664a5eeeb17,51.91787,4.37189,False,False,bicycle,electric_assist
2026-06-15T08:42:11Z,lime,lime:b66f3b23eb5f,51.91373,4.45197,False,False,bicycle,electric_assist
2026-06-15T08:42:11Z,lime,lime:4cbf1650bf14,51.91937,4.45776,False,False,bicycle,electric_assist
2026-06-15T08:42:11Z,lime,lime:e50ee2324e21,51.94028,4.54855,False,False,bicycle,electric_assist
2026-06-15T08:42:11Z,lime,lime:68642c14606d,51.91424,4.49608,False,False,bicycle,electric_assist
2026-06-15T08:42:11Z,lime,lime:238d3410c185,51.90722,4.45027,False,False,bicycle,electric_assist
2026-06-15T08:42:11Z,lime,lime:487a56048514,51.90629,4.47705,False,False,bicycle,electric_assist
2026-06-15T08:42:11Z,lime,lime:51ab425824da,51.89266,4.46674,False,False,bicycle,electric_assist
2026-06-15T08:42:11Z,lime,lime:66fc55d547d5,51.9072,4.48955,False,False,bicycle,electric_assist
2026-06-15T08:42:11Z,lime,lime:b6bfc3c020f6,51.90923,4.52354,False,False,bicycle,electric_assist
2026-06-15T08:42:11Z,lime,lime:59ca06b0850a,51.91999,4.46352,False,False,bicycle,electric_assist
2026-06-15T08:42:11Z,lime,lime:9998a7f1bcda,51.92316,4.49343,False,False,bicycle,electric_assist
2026-06-15T08:42:11Z,lime,lime:09d5852b4779,51.92887,4.4562,False,False,bicycle,electric_assist
2026-06-15T08:42:11Z,lime,lime:1ba1dea1ee8f,51.92355,4.4076,False,False,bicycle,electric_assist
2026-06-15T08:42:11Z,lime,lime:ac34f538297e,51.88962,4.49595,False,False,bicycle,electric_assist
2026-06-15T08:42:11Z,lime,lime:07837e60f36a,51.90938,4.47139,False,False,bicycle,electric_assist
2026-06-15T08:42:11Z,lime,lime:74e4096c0752,51.87492,4.46791,False,False,bicycle,electric_assist
2026-06-15T08:42:11Z,lime,lime:871a0755b5ee,51.88567,4.4776,False,False,bicycle,electric_assist
2026-06-15T08:42:11Z,lime,lime:ad6923e96e70,51.89079,4.48215,False,True,bicycle,electric_assist
2026-06-15T08:42:11Z,lime,lime:9dc715baf535,51.91198,4.49233,False,False,bicycle,electric_assist
2026-06-15T08:42:11Z,lime,lime:7fab387cada1,51.96744,4.46347,False,False,bicycle,electric_assist
2026-06-15T08:42:11Z,lime,lime:bf00f72228bb,51.91945,4.51259,False,False,bicycle,electric_assist
2026-06-15T08:42:11Z,lime,lime:0e10607e4fae,51.92283,4.50847,False,False,bicycle,electric_assist
2026-06-15T08:42:11Z,lime,lime:07475007cf97,51.92217,4.47121,False,False,bicycle,electric_assist
2026-06-15T08:42:11Z,lime,lime:0bb6bb6b86e4,51.89302,4.49405,False,False,bicycle,electric_assist
2026-06-15T08:42:11Z,lime,lime:0a90c8000574,51.93168,4.49682,False,False,bicycle,electric_assist
2026-06-15T08:42:11Z,lime,lime:26ccb219794c,51.93545,4.45824,False,False,bicycle,electric_assist
2026-06-15T08:42:11Z,lime,lime:a95012cf2caa,51.93286,4.53909,False,False,bicycle,electric_assist
2026-06-15T08:42:11Z,lime,lime:8946a99c89ec,51.92296,4.46951,False,False,bicycle,electric_assist
2026-06-15T08:42:11Z,lime,lime:f3ac00a3201a,51.91625,4.52377,False,False,bicycle,electric_assist
2026-06-15T08:42:11Z,lime,lime:9a64caefe648,51.91449,4.48766,False,False,bicycle,electric_assist
2026-06-15T08:42:11Z,lime,lime:e2ea31811273,51.8849,4.46802,False,False,bicycle,electric_assist
2026-06-15T08:42:11Z,lime,lime:ddc69dce3cd2,51.89468,4.46197,False,False,bicycle,electric_assist
2026-06-15T08:42:11Z,lime,lime:0251411b54e8,51.90898,4.4786,False,False,bicycle,electric_assist
2026-06-15T08:42:11Z,lime,lime:58fa3f404980,51.94926,4.43266,False,False,bicycle,electric_assist
2026-06-15T08:42:11Z,lime,lime:1d0c62eef5d2,51.91368,4.46949,False,False,bicycle,electric_assist
2026-06-15T08:42:11Z,lime,lime:8b31fe7e87b4,51.89175,4.49077,False,False,bicycle,electric_assist
2026-06-15T08:42:11Z,lime,lime:51ffb88c418b,51.91568,4.38505,False,False,bicycle,electric_assist
2026-06-15T08:42:11Z,lime,lime:c4142579edd0,51.92162,4.50705,False,False,bicycle,electric_assist
2026-06-15T08:42:11Z,lime,lime:413faccfb199,51.96085,4.57976,False,True,bicycle,electric_assist
2026-06-15T08:42:11Z,lime,lime:27f91cb43ffe,51.94527,4.54299,False,False,bicycle,electric_assist
2026-06-15T08:42:11Z,lime,lime:2ecbc6ca8e26,51.92281,4.46967,False,False,bicycle,electric_assist
2026-06-15T08:42:11Z,lime,lime:1322f911ff15,51.91617,4.5257,False,False,bicycle,electric_assist
2026-06-15T08:42:11Z,lime,lime:01c683b61589,51.92068,4.3879,False,False,bicycle,electric_assist
2026-06-15T08:42:11Z,lime,lime:6ec11fb394c9,51.92799,4.3635,False,False,bicycle,electric_assist
2026-06-15T08:42:11Z,lime,lime:dc11971ca91f,51.88264,4.52117,False,False,bicycle,electric_assist
2026-06-15T08:42:11Z,lime,lime:b44d7aa0af53,51.96593,4.55117,False,False,bicycle,electric_assist
2026-06-15T08:42:11Z,lime,lime:88284a5ca63d,51.9351,4.54418,False,False,bicycle,electric_assist
2026-06-15T08:42:11Z,lime,lime:1bd2ff49b3ad,51.90896,4.47853,False,False,bicycle,electric_assist
2026-06-15T08:42:11Z,lime,lime:43411269d169,51.93904,4.4958,False,False,bicycle,electric_assist
2026-06-15T08:42:11Z,lime,lime:8533f09da358,51.94464,4.48387,False,False,bicycle,electric_assist
2026-06-15T08:42:11Z,lime,lime:73cbb0bfc11d,51.88043,4.53009,False,False,bicycle,electric_assist
2026-06-15T08:42:11Z,lime,lime:ebd1e49b5106,51.91669,4.52783,False,False,bicycle,electric_assist
2026-06-15T08:42:11Z,lime,lime:51e6e85b6901,51.88055,4.53001,False,False,bicycle,electric_assist
2026-06-15T08:42:11Z,lime,lime:215ab4c4089f,51.90824,4.52124,False,False,bicycle,electric_assist
2026-06-15T08:42:11Z,lime,lime:15c27a1f9f82,51.92667,4.5606,False,False,bicycle,electric_assist
2026-06-15T08:42:11Z,lime,lime:98c4225a4447,51.93024,4.49792,False,False,bicycle,electric_assist
2026-06-15T08:42:11Z,lime,lime:4ed32e0032c9,51.90884,4.3819,False,False,bicycle,electric_assist
2026-06-15T08:42:11Z,lime,lime:7d45064753d4,51.92259,4.47563,False,False,bicycle,electric_assist
2026-06-15T08:42:11Z,lime,lime:ccaf1c144be4,51.91504,4.52648,False,False,bicycle,electric_assist
2026-06-15T08:42:11Z,lime,lime:f8132848edf0,51.95429,4.58405,False,False,bicycle,electric_assist
2026-06-15T08:42:11Z,lime,lime:922095696fb1,51.92328,4.37406,False,False,bicycle,electric_assist
2026-06-15T08:42:11Z,lime,lime:51fd2bcd650b,51.9275,4.4568,False,False,bicycle,electric_assist
2026-06-15T08:42:11Z,lime,lime:c98cf3059763,51.92758,4.49161,False,False,bicycle,electric_assist
2026-06-15T08:42:11Z,lime,lime:2edb13ea2e07,51.94392,4.4823,False,False,bicycle,electric_assist
2026-06-15T08:42:11Z,lime,lime:b6ce798bfd4e,51.88275,4.50427,False,False,bicycle,electric_assist
2026-06-15T08:42:11Z,lime,lime:105d93a15f5c,51.9222,4.47083,False,True,bicycle,electric_assist
2026-06-15T08:42:11Z,lime,lime:2c001cde9a20,51.9332,4.36679,False,False,bicycle,electric_assist
2026-06-15T08:42:11Z,lime,lime:7027d752d8c5,51.94632,4.48144,False,False,bicycle,electric_assist
2026-06-15T08:42:11Z,lime,lime:31e7287db640,51.90834,4.49141,False,False,bicycle,electric_assist
2026-06-15T08:42:11Z,lime,lime:c5a1857a5e7f,51.91181,4.46608,False,False,bicycle,electric_assist
2026-06-15T08:42:11Z,lime,lime:86dd246776bf,51.88642,4.47197,False,False,bicycle,electric_assist
2026-06-15T08:42:11Z,lime,lime:c2cf39973c0e,51.90804,4.45185,False,False,bicycle,electric_assist
2026-06-15T08:42:11Z,lime,lime:a2e878737546,51.91005,4.4523,False,False,bicycle,electric_assist
2026-06-15T08:42:11Z,lime,lime:ea5ad337f601,51.89077,4.51879,False,False,bicycle,electric_assist
2026-06-15T08:42:11Z,lime,lime:8392902929c4,51.91854,4.51022,False,False,bicycle,electric_assist
2026-06-15T08:42:11Z,lime,lime:7da0cc264021,51.91595,4.52656,False,False,bicycle,electric_assist
2026-06-15T08:42:11Z,lime,lime:6d614e6ffa53,51.91596,4.52576,False,False,bicycle,electric_assist
2026-06-15T08:42:11Z,lime,lime:610b7a57c287,51.94231,4.47604,False,False,bicycle,electric_assist
2026-06-15T08:42:11Z,lime,lime:353615409ffd,51.88968,4.50692,False,False,bicycle,electric_assist
2026-06-15T08:42:11Z,lime,lime:b751f9b0fe83,51.9171,4.46088,False,False,bicycle,electric_assist
2026-06-15T08:42:11Z,lime,lime:675193f73cd9,51.90925,4.52352,False,False,bicycle,electric_assist
2026-06-15T08:42:11Z,lime,lime:3cc33cd89fe4,51.91717,4.52362,False,False,bicycle,electric_assist
2026-06-15T08:42:11Z,lime,lime:168969e8ef2d,51.92342,4.51182,False,False,bicycle,electric_assist
2026-06-15T08:42:11Z,lime,lime:d984e3a4ebc9,51.92562,4.47778,False,False,bicycle,electric_assist
2026-06-15T08:42:11Z,lime,lime:057e5747d12f,51.96491,4.47411,False,False,bicycle,electric_assist
2026-06-15T08:42:11Z,lime,lime:db9ba74d4332,51.95636,4.54649,False,False,bicycle,electric_assist
2026-06-15T08:42:11Z,lime,lime:282fbb900cbd,51.92913,4.5053,False,False,bicycle,electric_assist
2026-06-15T08:42:11Z,lime,lime:07907507a40a,51.87726,4.49476,False,False,bicycle,electric_assist
2026-06-15T08:42:11Z,lime,lime:319e2560d2a6,51.93911,4.49588,False,False,bicycle,electric_assist
2026-06-15T08:42:11Z,lime,lime:eb6d20029607,51.91213,4.50554,False,False,bicycle,electric_assist
2026-06-15T08:42:11Z,lime,lime:f81c884d5d69,51.91489,4.55294,False,False,bicycle,electric_assist
2026-06-15T08:42:11Z,lime,lime:f7c704a52831,51.95663,4.57493,False,False,bicycle,electric_assist
2026-06-15T08:42:11Z,lime,lime:b7a3e52554dc,51.90459,4.45188,False,False,bicycle,electric_assist
2026-06-15T08:42:11Z,lime,lime:b7345e4d12f7,51.92712,4.47634,False,False,bicycle,electric_assist
2026-06-15T08:42:11Z,lime,lime:8ef2a4827544,51.94467,4.3963,False,False,bicycle,electric_assist
2026-06-15T08:42:11Z,lime,lime:b24c360030f2,51.92285,4.50851,False,False,bicycle,electric_assist
2026-06-15T08:42:11Z,lime,lime:46503eea68ae,51.8935,4.5172,False,False,bicycle,electric_assist
2026-06-15T08:42:11Z,lime,lime:6515770c5172,51.88713,4.492,False,False,bicycle,electric_assist
2026-06-15T08:42:11Z,lime,lime:71ce794bab7c,51.911,4.50137,False,False,bicycle,electric_assist
2026-06-15T08:42:11Z,lime,lime:9c85a44eba46,51.91178,4.40884,False,False,bicycle,electric_assist
2026-06-15T08:42:11Z,lime,lime:17c5281323a8,51.97822,4.43909,False,True,bicycle,electric_assist
2026-06-15T08:42:11Z,lime,lime:e771d071e314,51.96331,4.55438,False,False,bicycle,electric_assist
2026-06-15T08:42:11Z,lime,lime:5965c791eaed,51.91406,4.45634,False,False,bicycle,electric_assist
2026-06-15T08:42:11Z,lime,lime:8265b759e41a,51.90935,4.47146,False,False,bicycle,electric_assist
2026-06-15T08:42:11Z,lime,lime:251c68f8644b,51.95895,4.47154,False,False,bicycle,electric_assist
2026-06-15T08:42:11Z,lime,lime:e4609e3b45e5,51.92016,4.412,False,False,bicycle,electric_assist
2026-06-15T08:42:11Z,lime,lime:33a44459e5a6,51.9156,4.4633,False,False,bicycle,electric_assist
2026-06-15T08:42:11Z,lime,lime:602a3b24445e,51.91337,4.50585,False,False,bicycle,electric_assist
2026-06-15T08:42:11Z,lime,lime:78ec8f55583d,51.90874,4.44282,False,False,bicycle,electric_assist
2026-06-15T08:42:11Z,lime,lime:05a1de18d92d,51.9228,4.46971,False,False,bicycle,electric_assist
2026-06-15T08:42:11Z,lime,lime:8a3aa160d156,51.91913,4.41826,False,False,bicycle,electric_assist
2026-06-15T08:42:11Z,lime,lime:d2a5b2a014ee,51.89162,4.48847,False,False,bicycle,electric_assist
2026-06-15T08:42:11Z,lime,lime:dc19f8b1fa97,51.91725,4.52308,False,False,bicycle,electric_assist
2026-06-15T08:42:11Z,lime,lime:ae5778dfdca8,51.91431,4.45882,False,False,bicycle,electric_assist
2026-06-15T08:42:11Z,lime,lime:950c9f8c928b,51.92933,4.46966,False,False,bicycle,electric_assist
2026-06-15T08:42:11Z,lime,lime:8a5e4f36ec86,51.93856,4.54338,False,False,bicycle,electric_assist
2026-06-15T08:42:11Z,lime,lime:ee278c1eacf9,51.9275,4.46442,False,False,bicycle,electric_assist
2026-06-15T08:42:11Z,lime,lime:fd7196cf5442,51.92243,4.42277,False,False,bicycle,electric_assist
2026-06-15T08:42:11Z,lime,lime:583fb8387e18,51.90933,4.50799,False,False,bicycle,electric_assist
2026-06-15T08:42:11Z,lime,lime:fc54e8dc45b1,51.91723,4.52321,False,False,bicycle,electric_assist
2026-06-15T08:42:11Z,lime,lime:0e6354d10396,51.95562,4.4631,False,False,bicycle,electric_assist
2026-06-15T08:42:11Z,lime,lime:6068e3fc98e8,51.9219,4.45155,False,False,bicycle,electric_assist
2026-06-15T08:42:11Z,lime,lime:e54137df6c61,51.91944,4.48758,False,False,bicycle,electric_assist
2026-06-15T08:42:11Z,lime,lime:e97767b74991,51.91005,4.45247,False,False,bicycle,electric_assist
2026-06-15T08:42:11Z,lime,lime:6fa697e7be8a,51.9093,4.52352,False,False,bicycle,electric_assist
2026-06-15T08:42:11Z,lime,lime:ab26d956d0b7,51.94181,4.54654,False,False,bicycle,electric_assist
2026-06-15T08:42:11Z,lime,lime:316feef749f4,51.90931,4.52352,False,False,bicycle,electric_assist
2026-06-15T08:42:11Z,lime,lime:a68b70ea593b,51.92273,4.47345,True,False,bicycle,electric_assist
2026-06-15T08:42:11Z,lime,lime:7183d201752a,51.9303,4.49295,False,False,bicycle,electric_assist
2026-06-15T08:42:11Z,lime,lime:ad2b41aa1cf4,51.94163,4.41001,False,False,bicycle,electric_assist
2026-06-15T08:42:11Z,lime,lime:7c69520fc174,51.92049,4.51055,False,False,bicycle,electric_assist
2026-06-15T08:42:11Z,lime,lime:6ac8378182cd,51.91435,4.48057,False,False,bicycle,electric_assist
2026-06-15T08:42:11Z,lime,lime:7ec98de96a9d,51.96332,4.54478,False,False,bicycle,electric_assist
2026-06-15T08:42:11Z,lime,lime:b106c7e18082,51.91937,4.53776,False,False,bicycle,electric_assist
2026-06-15T08:42:11Z,lime,lime:044bfc696484,51.89425,4.49139,False,False,bicycle,electric_assist
2026-06-15T08:42:11Z,lime,lime:aaf796224297,51.91321,4.52031,False,False,bicycle,electric_assist
2026-06-15T08:42:11Z,lime,lime:80c50cb5195f,51.9394,4.53727,False,False,bicycle,electric_assist
2026-06-15T08:42:11Z,lime,lime:d651c2306b17,51.9172,4.52343,False,False,bicycle,electric_assist
2026-06-15T08:42:11Z,lime,lime:1dd407c3afdc,51.92231,4.50225,False,False,bicycle,electric_assist
2026-06-15T08:42:11Z,lime,lime:ad4af7af1266,51.90576,4.49523,False,False,bicycle,electric_assist
2026-06-15T08:42:11Z,lime,lime:d1637d67b89e,51.92295,4.4697,False,False,bicycle,electric_assist
2026-06-15T08:42:11Z,lime,lime:5f77760e126d,51.93539,4.45836,False,False,bicycle,electric_assist
2026-06-15T08:42:11Z,lime,lime:8a13eddb2f9b,51.91457,4.46161,False,False,bicycle,electric_assist
2026-06-15T08:42:11Z,lime,lime:9274cc4707a3,51.88635,4.54932,False,False,bicycle,electric_assist
2026-06-15T08:42:11Z,lime,lime:5d90f1827ea0,51.94476,4.52702,False,False,bicycle,electric_assist
2026-06-15T08:42:11Z,lime,lime:629ca3c08e38,51.9216,4.50704,False,False,bicycle,electric_assist
2026-06-15T08:42:11Z,lime,lime:c969df94a09a,51.9211,4.55913,False,False,bicycle,electric_assist
2026-06-15T08:42:11Z,lime,lime:e0dc8ccab107,51.87831,4.44863,False,False,bicycle,electric_assist
2026-06-15T08:42:11Z,lime,lime:c8b16f8ed6db,51.95382,4.52011,False,False,bicycle,electric_assist
2026-06-15T08:42:11Z,lime,lime:c20161888541,51.90998,4.46405,False,False,bicycle,electric_assist
2026-06-15T08:42:11Z,lime,lime:e1d4c91872bd,51.90412,4.44453,False,False,bicycle,electric_assist
2026-06-15T08:42:11Z,lime,lime:cbcf5fe35341,51.91718,4.5236,False,False,bicycle,electric_assist
2026-06-15T08:42:11Z,lime,lime:6c7f5368d64c,51.89291,4.4951,False,False,bicycle,electric_assist
2026-06-15T08:42:11Z,lime,lime:c4bb2a054a9f,51.90736,4.49569,False,False,bicycle,electric_assist
2026-06-15T08:42:11Z,lime,lime:0ca185375193,51.9252,4.47393,False,False,bicycle,electric_assist
2026-06-15T08:42:11Z,lime,lime:8c03307ca4b2,51.87489,4.46806,False,False,bicycle,electric_assist
2026-06-15T08:42:11Z,lime,lime:adc55a3dea9c,51.92016,4.44355,False,False,bicycle,electric_assist
2026-06-15T08:42:11Z,lime,lime:54f1903b46d1,51.91682,4.52791,False,False,bicycle,electric_assist
2026-06-15T08:42:11Z,lime,lime:d8698ad1eac5,51.92341,4.48499,False,False,bicycle,electric_assist
2026-06-15T08:42:11Z,lime,lime:dcb8259db06c,51.8854,4.47789,False,False,bicycle,electric_assist
2026-06-15T08:42:11Z,lime,lime:3998aa52bc10,51.89433,4.4904,False,False,bicycle,electric_assist
2026-06-15T08:42:11Z,lime,lime:e55c62679499,51.91186,4.38359,False,False,bicycle,electric_assist
2026-06-15T08:42:11Z,lime,lime:f706a1db0312,51.92215,4.47096,False,False,bicycle,electric_assist
2026-06-15T08:42:11Z,lime,lime:a7dffee7f74c,51.91101,4.50137,True,False,bicycle,electric_assist
2026-06-15T08:42:11Z,lime,lime:154acfa4c9da,51.90265,4.45214,False,False,bicycle,electric_assist
2026-06-15T08:42:11Z,lime,lime:ae60b3377062,51.9076,4.52319,False,False,bicycle,electric_assist
2026-06-15T08:42:11Z,lime,lime:4314a30f3e2d,51.95854,4.4882,False,False,bicycle,electric_assist
2026-06-15T08:42:11Z,lime,lime:91ed25e63e48,51.91574,4.38501,False,False,bicycle,electric_assist
2026-06-15T08:42:11Z,lime,lime:f417a2a2ec37,51.91914,4.52688,False,False,bicycle,electric_assist
2026-06-15T08:42:11Z,lime,lime:c956e124ee9c,51.88266,4.52118,False,False,bicycle,electric_assist
2026-06-15T08:42:11Z,lime,lime:817a21983a3e,51.90667,4.47686,False,False,bicycle,electric_assist
2026-06-15T08:42:11Z,lime,lime:8efae7bd014f,51.89969,4.49582,False,False,bicycle,electric_assist
2026-06-15T08:42:11Z,lime,lime:b10e341db366,51.93086,4.51297,False,False,bicycle,electric_assist
2026-06-15T08:42:11Z,lime,lime:f1267c7b69da,51.9229,4.4695,False,False,bicycle,electric_assist
2026-06-15T08:42:11Z,lime,lime:f684bbc6b704,51.93203,4.41573,False,False,bicycle,electric_assist
2026-06-15T08:42:11Z,lime,lime:d09ee6d1ab89,51.8996,4.49595,False,False,bicycle,electric_assist
2026-06-15T08:42:11Z,lime,lime:2cd4c4324f52,51.9327,4.50708,False,False,bicycle,electric_assist
2026-06-15T08:42:11Z,lime,lime:c204c79af233,51.91775,4.48322,False,False,bicycle,electric_assist
2026-06-15T08:42:11Z,lime,lime:501dea72f1b7,51.95636,4.47137,False,False,bicycle,electric_assist
2026-06-15T08:42:11Z,lime,lime:ce682106cb0a,51.93023,4.49768,False,False,bicycle,electric_assist
2026-06-15T08:42:11Z,lime,lime:21042a56b58b,51.90689,4.3856,False,False,bicycle,electric_assist
2026-06-15T08:42:11Z,lime,lime:2379a864e87c,51.92346,4.47811,False,False,bicycle,electric_assist
2026-06-15T08:42:11Z,lime,lime:593f7640b99f,51.91465,4.48651,False,False,bicycle,electric_assist
2026-06-15T08:42:11Z,lime,lime:0a0e6ed0cda2,51.92346,4.38613,False,False,bicycle,electric_assist
2026-06-15T08:42:11Z,lime,lime:a040abf53dd3,51.92547,4.46616,False,False,bicycle,electric_assist
2026-06-15T08:42:11Z,lime,lime:03e9699cdfe9,51.91986,4.5114,False,False,bicycle,electric_assist
2026-06-15T08:42:11Z,lime,lime:f0c8dd3c1feb,51.91623,4.41197,False,False,bicycle,electric_assist
2026-06-15T08:42:11Z,lime,lime:2ba4a24e3f41,51.90624,4.45975,False,False,bicycle,electric_assist
2026-06-15T08:42:11Z,lime,lime:a1b71d8170ba,51.87493,4.46794,False,False,bicycle,electric_assist
2026-06-15T08:42:11Z,lime,lime:df2f472556cc,51.90938,4.52895,False,False,bicycle,electric_assist
2026-06-15T08:42:11Z,lime,lime:b0f573b354a9,51.90668,4.38546,False,False,bicycle,electric_assist
2026-06-15T08:42:11Z,lime,lime:14daa2ac4cef,51.91355,4.54611,False,False,bicycle,electric_assist
2026-06-15T08:42:11Z,lime,lime:85701be4979a,51.90727,4.48982,False,False,bicycle,electric_assist
2026-06-15T08:42:11Z,lime,lime:4bcd2faf62e8,51.91326,4.52063,False,False,bicycle,electric_assist
2026-06-15T08:42:11Z,lime,lime:4cbdd0cf3a28,51.92571,4.4548,False,False,bicycle,electric_assist
2026-06-15T08:42:11Z,lime,lime:68965afdae96,51.89381,4.50948,False,False,bicycle,electric_assist
2026-06-15T08:42:11Z,lime,lime:46df40e601dc,51.90128,4.46101,False,False,bicycle,electric_assist
2026-06-15T08:42:11Z,lime,lime:cb46bc3e07c0,51.90586,4.45345,False,False,bicycle,electric_assist
2026-06-15T08:42:11Z,lime,lime:d1abe8bc26a6,51.92515,4.47416,False,False,bicycle,electric_assist
2026-06-15T08:42:11Z,lime,lime:93cba878ff91,51.91951,4.51253,False,False,bicycle,electric_assist
2026-06-15T08:42:11Z,lime,lime:f98f53bcd86e,51.91521,4.52635,False,False,bicycle,electric_assist
2026-06-15T08:42:11Z,lime,lime:5f49329bcd59,51.92378,4.42105,False,False,bicycle,electric_assist
2026-06-15T08:42:11Z,lime,lime:b04242e23585,51.91864,4.51149,False,True,bicycle,electric_assist
2026-06-15T08:42:11Z,lime,lime:ece02dd42a52,51.9245,4.47618,False,False,bicycle,electric_assist
2026-06-15T08:42:11Z,lime,lime:b9f7a30c4887,51.90723,4.48908,False,False,bicycle,electric_assist
2026-06-15T08:42:11Z,lime,lime:7b8ecbea97f3,51.92149,4.40812,False,False,bicycle,electric_assist
2026-06-15T08:42:11Z,lime,lime:96e77d2b2f07,51.92286,4.4696,False,False,bicycle,electric_assist
2026-06-15T08:42:11Z,lime,lime:df986080a336,51.91735,4.47721,False,False,bicycle,electric_assist
2026-06-15T08:42:11Z,lime,lime:ba071ac97f31,51.95282,4.5561,False,False,bicycle,electric_assist
2026-06-15T08:42:11Z,lime,lime:36966ac31ad2,51.94888,4.46506,False,False,bicycle,electric_assist
2026-06-15T08:42:11Z,lime,lime:a034bdd9f102,51.9279,4.47432,False,False,bicycle,electric_assist
2026-06-15T08:42:11Z,lime,lime:256be4ae60ca,51.9668,4.46655,False,False,bicycle,electric_assist
2026-06-15T08:42:11Z,lime,lime:beee0ff99193,51.89556,4.50648,False,False,bicycle,electric_assist
2026-06-15T08:42:11Z,lime,lime:35b3134d3f9c,51.92283,4.46979,False,False,bicycle,electric_assist
2026-06-15T08:42:11Z,lime,lime:fa8971b6f6ed,51.91001,4.45234,False,False,bicycle,electric_assist
2026-06-15T08:42:11Z,lime,lime:c24f4f73edef,51.91782,4.44509,False,False,bicycle,electric_assist
2026-06-15T08:42:11Z,lime,lime:89baf8c69d9a,51.90921,4.52355,False,False,bicycle,electric_assist
2026-06-15T08:42:11Z,lime,lime:890ec651cfc5,51.92883,4.4664,False,False,bicycle,electric_assist
2026-06-15T08:42:11Z,lime,lime:9d30f8815a7f,51.88578,4.56899,False,False,bicycle,electric_assist
2026-06-15T08:42:11Z,lime,lime:39f1ca91c548,51.93239,4.43873,False,True,bicycle,electric_assist
2026-06-15T08:42:11Z,lime,lime:2b4a2db24373,51.95127,4.51551,False,False,bicycle,electric_assist
2026-06-15T08:42:11Z,lime,lime:5a72973b97fe,51.92893,4.44362,False,False,bicycle,electric_assist
2026-06-15T08:42:11Z,lime,lime:1ef7ea863f5f,51.92792,4.46874,False,False,bicycle,electric_assist
2026-06-15T08:42:11Z,lime,lime:303802905e35,51.94419,4.40244,False,False,bicycle,electric_assist
2026-06-15T08:42:11Z,lime,lime:b040d2b45031,51.9147,4.4123,False,False,bicycle,electric_assist
2026-06-15T08:42:11Z,lime,lime:8201cf30d839,51.9045,4.46045,False,False,bicycle,electric_assist
2026-06-15T08:42:11Z,lime,lime:ee87b2fe5f8f,51.9137,4.45962,False,False,bicycle,electric_assist
2026-06-15T08:42:11Z,lime,lime:c3272c16330d,51.93821,4.4043,False,False,bicycle,electric_assist
2026-06-15T08:42:11Z,lime,lime:a0d641d495c8,51.92176,4.48772,False,False,bicycle,electric_assist
2026-06-15T08:42:11Z,lime,lime:a39bbc59d492,51.91431,4.39543,False,False,bicycle,electric_assist
2026-06-15T08:42:11Z,lime,lime:c198d0d9128a,51.88188,4.48064,False,False,bicycle,electric_assist
2026-06-15T08:42:11Z,lime,lime:e623dbf4cd7c,51.88648,4.54936,False,False,bicycle,electric_assist
2026-06-15T08:42:11Z,lime,lime:298ba96f8011,51.92572,4.45488,False,False,bicycle,electric_assist
2026-06-15T08:42:11Z,lime,lime:044d403dbcc5,51.90645,4.50569,False,False,bicycle,electric_assist
2026-06-15T08:42:11Z,lime,lime:23605c95beac,51.89737,4.46924,False,True,bicycle,electric_assist
2026-06-15T08:42:11Z,lime,lime:fe794dd5146b,51.92428,4.47264,False,False,bicycle,electric_assist
2026-06-15T08:42:11Z,lime,lime:ee94812b0811,51.9309,4.51297,False,False,bicycle,electric_assist
2026-06-15T08:42:11Z,lime,lime:7c5961c176ea,51.92484,4.37922,False,False,bicycle,electric_assist
2026-06-15T08:42:11Z,lime,lime:84408d06ac0c,51.9171,4.46084,False,False,bicycle,electric_assist
2026-06-15T08:42:11Z,lime,lime:f836740b32ac,51.92246,4.43492,False,False,bicycle,electric_assist
2026-06-15T08:42:11Z,lime,lime:2ede3941d68b,51.91351,4.54615,False,False,bicycle,electric_assist
2026-06-15T08:42:11Z,lime,lime:4c11feb6e548,51.96413,4.55843,False,False,bicycle,electric_assist
2026-06-15T08:42:11Z,lime,lime:2c8d83253c39,51.91424,4.49609,False,False,bicycle,electric_assist
2026-06-15T08:42:11Z,lime,lime:f8a96f685f45,51.91185,4.46602,False,False,bicycle,electric_assist
2026-06-15T08:42:11Z,lime,lime:9c0700ce126c,51.92221,4.47102,False,False,bicycle,electric_assist
2026-06-15T08:42:11Z,lime,lime:a7fa1bc78a23,51.9244,4.47267,False,False,bicycle,electric_assist
2026-06-15T08:42:11Z,lime,lime:8654346a4fc5,51.92549,4.46631,False,False,bicycle,electric_assist
2026-06-15T08:42:11Z,lime,lime:5fd017e07cd4,51.91942,4.37845,False,False,bicycle,electric_assist
2026-06-15T08:42:11Z,lime,lime:3e32335da9d0,51.90711,4.48957,False,False,bicycle,electric_assist
2026-06-15T08:42:11Z,lime,lime:78161330b259,51.92494,4.52931,False,False,bicycle,electric_assist
2026-06-15T08:42:11Z,lime,lime:93b7623e2231,51.91905,4.46396,False,False,bicycle,electric_assist
2026-06-15T08:42:11Z,lime,lime:b15c34ec6f34,51.91918,4.48854,False,False,bicycle,electric_assist
2026-06-15T08:42:11Z,lime,lime:9f815dd72062,51.96042,4.53524,False,False,bicycle,electric_assist
2026-06-15T08:42:11Z,lime,lime:bcc29dee219a,51.91686,4.52655,False,False,bicycle,electric_assist
2026-06-15T08:42:11Z,lime,lime:7fcd5481fe31,51.8903,4.47379,False,False,bicycle,electric_assist
2026-06-15T08:42:11Z,lime,lime:e6111c3ae30d,51.94824,4.549,False,False,bicycle,electric_assist
2026-06-15T08:42:11Z,lime,lime:55391a71a42c,51.90695,4.45531,False,False,bicycle,electric_assist
2026-06-15T08:42:11Z,lime,lime:23b9459db1c1,51.92267,4.4976,False,False,bicycle,electric_assist
2026-06-15T08:42:11Z,lime,lime:ba79a32184e6,51.90596,4.40823,False,False,bicycle,electric_assist
2026-06-15T08:42:11Z,lime,lime:4e1a0f6c40b1,51.87492,4.46799,False,False,bicycle,electric_assist
2026-06-15T08:42:11Z,lime,lime:35b936a6608a,51.91504,4.45245,False,False,bicycle,electric_assist
2026-06-15T08:42:11Z,lime,lime:0504eed97967,51.95181,4.55103,False,False,bicycle,electric_assist
2026-06-15T08:42:11Z,lime,lime:19f05d33bb0d,51.91191,4.46587,True,False,bicycle,electric_assist
2026-06-15T08:42:11Z,lime,lime:ba28f7e508be,51.92781,4.47424,False,False,bicycle,electric_assist
2026-06-15T08:42:11Z,lime,lime:cc3ce53899dc,51.91716,4.52365,False,False,bicycle,electric_assist
2026-06-15T08:42:11Z,lime,lime:d6f13e0b7122,51.9228,4.47347,False,False,bicycle,electric_assist
2026-06-15T08:42:11Z,lime,lime:c5b9a4b32c0f,51.92651,4.42591,False,False,bicycle,electric_assist
2026-06-15T08:42:11Z,lime,lime:20218f6bff64,51.9183,4.38594,False,False,bicycle,electric_assist
2026-06-15T08:42:11Z,lime,lime:eacc4693674a,51.92538,4.46606,False,False,bicycle,electric_assist
2026-06-15T08:42:11Z,lime,lime:7fbfa9f3d994,51.92245,4.43493,False,False,bicycle,electric_assist
2026-06-15T08:42:11Z,lime,lime:55dda544ca6e,51.96747,4.4634,False,False,bicycle,electric_assist
2026-06-15T08:42:11Z,lime,lime:d0870f41a63a,51.91216,4.5568,False,False,bicycle,electric_assist
2026-06-15T08:42:11Z,lime,lime:b90227718df0,51.95664,4.57484,False,False,bicycle,electric_assist
2026-06-15T08:42:11Z,lime,lime:8cb83d28ee75,51.93495,4.37817,False,False,bicycle,electric_assist
2026-06-15T08:42:11Z,lime,lime:40d94a969d9f,51.96907,4.54604,False,False,bicycle,electric_assist
2026-06-15T08:42:11Z,lime,lime:fce727ae5c28,51.92692,4.52795,False,False,bicycle,electric_assist
2026-06-15T08:42:11Z,lime,lime:73e2acb52015,51.95569,4.47031,False,False,bicycle,electric_assist
2026-06-15T08:42:11Z,lime,lime:6caaf66ef4de,51.91638,4.526,False,False,bicycle,electric_assist
2026-06-15T08:42:11Z,lime,lime:1a7e096f33bd,51.92289,4.46951,False,False,bicycle,electric_assist
2026-06-15T08:42:11Z,lime,lime:8586988d6119,51.91236,4.48387,False,False,bicycle,electric_assist
2026-06-15T08:42:11Z,lime,lime:3833ade3e57b,51.92888,4.46637,False,False,bicycle,electric_assist
2026-06-15T08:42:11Z,lime,lime:2bc0a40f859b,51.9001,4.49903,False,False,bicycle,electric_assist
2026-06-15T08:42:11Z,lime,lime:e4ee68f620f8,51.95563,4.46301,False,False,bicycle,electric_assist
2026-06-15T08:42:11Z,lime,lime:552ed8066db8,51.91591,4.47803,False,False,bicycle,electric_assist
2026-06-15T08:42:11Z,lime,lime:86ba768d8237,51.9118,4.46617,False,False,bicycle,electric_assist
2026-06-15T08:42:11Z,lime,lime:5444cac5ec1e,51.88816,4.46083,False,False,bicycle,electric_assist
2026-06-15T08:42:11Z,lime,lime:3c8a2b981a7d,51.90927,4.52353,False,False,bicycle,electric_assist
2026-06-15T08:42:11Z,lime,lime:f93df0f74b5f,51.88605,4.47183,False,False,bicycle,electric_assist
2026-06-15T08:42:11Z,lime,lime:d4f1e9a53359,51.93558,4.46776,False,False,bicycle,electric_assist
2026-06-15T08:42:11Z,lime,lime:f82cf27a5869,51.92288,4.52524,False,False,bicycle,electric_assist
2026-06-15T08:42:11Z,lime,lime:d33b229ee980,51.88715,4.49149,False,False,bicycle,electric_assist
2026-06-15T08:42:11Z,lime,lime:ace7bca69c7a,51.90929,4.52353,False,False,bicycle,electric_assist
2026-06-15T08:42:11Z,lime,lime:adf8d9a88201,51.94469,4.39636,False,False,bicycle,electric_assist
2026-06-15T08:42:11Z,lime,lime:aeff2246f573,51.94992,4.51428,False,False,bicycle,electric_assist
2026-06-15T08:42:11Z,lime,lime:0a9df9d82b79,51.90928,4.52354,False,False,bicycle,electric_assist
2026-06-15T08:42:11Z,lime,lime:e4bbd888e643,51.91178,4.46625,False,False,bicycle,electric_assist
2026-06-15T08:42:11Z,lime,lime:709f9e9909d7,51.93745,4.46345,False,False,bicycle,electric_assist
2026-06-15T08:42:11Z,lime,lime:68bc9269b7f6,51.89565,4.49707,False,False,bicycle,electric_assist
2026-06-15T08:42:11Z,lime,lime:856892d35495,51.9415,4.48134,False,False,bicycle,electric_assist
2026-06-15T08:42:11Z,lime,lime:33d10bbe3224,51.89324,4.51636,False,False,bicycle,electric_assist
2026-06-15T08:42:11Z,lime,lime:ed9bbe0c714a,51.91944,4.51277,False,False,bicycle,electric_assist
2026-06-15T08:42:11Z,lime,lime:6511517decfc,51.92541,4.46611,False,False,bicycle,electric_assist
2026-06-15T08:42:11Z,lime,lime:e40b5079d2ca,51.91458,4.47738,False,False,bicycle,electric_assist
2026-06-15T08:42:11Z,lime,lime:d74103d0cbf1,51.92338,4.47837,False,False,bicycle,electric_assist
2026-06-15T08:42:11Z,lime,lime:8a51ab8e190e,51.92901,4.46585,False,False,bicycle,electric_assist
2026-06-15T08:42:11Z,lime,lime:b4dc1e4219b8,51.92161,4.50712,False,False,bicycle,electric_assist
2026-06-15T08:42:11Z,lime,lime:e3d995379e97,51.91901,4.52699,False,False,bicycle,electric_assist
2026-06-15T08:42:11Z,lime,lime:017db21d5551,51.93576,4.46338,False,False,bicycle,electric_assist
2026-06-15T08:42:11Z,lime,lime:eb2faefd22fa,51.91697,4.47332,False,False,bicycle,electric_assist
2026-06-15T08:42:11Z,lime,lime:5d4ae233e6de,51.90624,4.45989,False,False,bicycle,electric_assist
2026-06-15T08:42:11Z,lime,lime:988d929df18b,51.91592,4.4781,False,False,bicycle,electric_assist
2026-06-15T08:42:11Z,lime,lime:914612714ebe,51.91171,4.44873,False,False,bicycle,electric_assist
2026-06-15T08:42:11Z,lime,lime:2160ad171a34,51.92852,4.48883,False,False,bicycle,electric_assist
2026-06-15T08:42:11Z,lime,lime:2575bec72223,51.93043,4.47462,False,False,bicycle,electric_assist
2026-06-15T08:42:11Z,lime,lime:1dbac443c1e3,51.91345,4.46396,False,False,bicycle,electric_assist
2026-06-15T08:42:11Z,lime,lime:aa01952debe8,51.92742,4.44028,False,False,bicycle,electric_assist
2026-06-15T08:42:11Z,check,check:baa1290ed616,51.91714,4.523311,False,False,bicycle,electric_assist
2026-06-15T08:42:11Z,check,check:a29e27eea664,51.886254,4.54932,False,False,bicycle,electric_assist
2026-06-15T08:42:11Z,check,check:bc756431e246,51.91331,4.417607,False,True,bicycle,electric_assist
2026-06-15T08:42:11Z,check,check:a639ae4ec951,51.913339,4.417767,False,True,bicycle,electric_assist
2026-06-15T08:42:11Z,check,check:42970891a236,51.957675,4.501649,False,False,bicycle,electric_assist
2026-06-15T08:42:11Z,check,check:3be77ad010f2,51.938566,4.479556,True,False,bicycle,electric_assist
2026-06-15T08:42:11Z,check,check:c2693213a821,51.913335,4.417782,False,True,bicycle,electric_assist
2026-06-15T08:42:11Z,check,check:46e015c8b861,51.922828,4.469614,False,False,bicycle,electric_assist
2026-06-15T08:42:11Z,check,check:73c66ecab6fc,51.910223,4.424704,False,True,bicycle,electric_assist
2026-06-15T08:42:11Z,check,check:c277e884552e,51.908465,4.49697,False,False,bicycle,electric_assist
2026-06-15T08:42:11Z,check,check:c0b9a2e2be30,51.874275,4.523091,False,False,bicycle,electric_assist
2026-06-15T08:42:11Z,check,check:b2efd60607dd,51.922878,4.518659,False,False,bicycle,electric_assist
2026-06-15T08:42:11Z,check,check:d3e162c5d80b,51.934585,4.413944,False,False,bicycle,electric_assist
2026-06-15T08:42:11Z,check,check:6d040eac6284,51.900727,4.476314,False,False,bicycle,electric_assist
2026-06-15T08:42:11Z,check,check:18b2c8f7496b,51.921636,4.507075,True,False,bicycle,electric_assist
2026-06-15T08:42:11Z,check,check:ce67c70c1873,51.893823,4.509448,False,False,bicycle,electric_assist
2026-06-15T08:42:11Z,check,check:9e85700437bb,51.913352,4.417706,False,True,bicycle,electric_assist
2026-06-15T08:42:11Z,check,check:36143a390bcc,51.951836,4.551038,False,False,bicycle,electric_assist
2026-06-15T08:42:11Z,check,check:2e1c2accf04f,51.913315,4.417805,False,True,bicycle,electric_assist
2026-06-15T08:42:11Z,check,check:87e61fb60778,51.960562,4.47724,False,False,bicycle,electric_assist
2026-06-15T08:42:11Z,check,check:349641333672,51.930639,4.46008,False,False,bicycle,electric_assist
2026-06-15T08:42:11Z,check,check:64da966255bd,51.908363,4.49288,False,True,bicycle,electric_assist
2026-06-15T08:42:11Z,check,check:ded3ac6c542b,51.871039,4.501269,False,False,bicycle,electric_assist
2026-06-15T08:42:11Z,check,check:1f0663a4113c,51.959608,4.478938,False,False,bicycle,electric_assist
2026-06-15T08:42:11Z,check,check:8595ac997d8c,51.919719,4.513096,False,False,bicycle,electric_assist
2026-06-15T08:42:11Z,check,check:12fc88b09fd9,51.9172,4.523525,False,False,bicycle,electric_assist
2026-06-15T08:42:11Z,check,check:5a71f79607e2,51.886386,4.549341,False,False,bicycle,electric_assist
2026-06-15T08:42:11Z,check,check:b9aeb0404aca,51.925444,4.466012,False,False,bicycle,electric_assist
2026-06-15T08:42:11Z,check,check:73e546414ba4,51.913357,4.417827,False,True,bicycle,electric_assist
2026-06-15T08:42:11Z,check,check:dc1bb6b62224,51.947178,4.485119,False,True,bicycle,electric_assist
2026-06-15T08:42:11Z,check,check:35aa5c40e78d,51.923287,4.512092,False,False,bicycle,electric_assist
2026-06-15T08:42:11Z,check,check:72b30d681d96,51.928052,4.465733,False,False,bicycle,electric_assist
2026-06-15T08:42:11Z,check,check:f8c33242fed6,51.922595,4.382621,False,False,bicycle,electric_assist
2026-06-15T08:42:11Z,check,check:8518d5c3824d,51.915078,4.431237,False,False,bicycle,electric_assist
2026-06-15T08:42:11Z,check,check:e3a62563a7a7,51.930725,4.457926,False,True,bicycle,electric_assist
2026-06-15T08:42:11Z,check,check:d1a1fb5064c1,51.874077,4.494231,False,False,bicycle,electric_assist
2026-06-15T08:42:11Z,check,check:e73582110bab,51.917037,4.523486,False,False,bicycle,electric_assist
2026-06-15T08:42:11Z,check,check:5c775679c3ff,51.870398,4.496261,False,False,bicycle,electric_assist
2026-06-15T08:42:11Z,check,check:8dbd1c115819,51.946222,4.473933,False,False,bicycle,electric_assist
2026-06-15T08:42:11Z,check,check:1594e2ba6b64,51.913345,4.417802,False,True,bicycle,electric_assist
2026-06-15T08:42:11Z,check,check:d41e4ff9f0c3,51.925047,4.47431,False,False,bicycle,electric_assist
2026-06-15T08:42:11Z,check,check:d49022e7d937,51.945373,4.434239,False,False,bicycle,electric_assist
2026-06-15T08:42:11Z,check,check:2d3ce935ce83,51.90803,4.39988,False,False,bicycle,electric_assist
2026-06-15T08:42:11Z,check,check:31559a83e8bb,51.886338,4.549316,False,False,bicycle,electric_assist
2026-06-15T08:42:11Z,check,check:d223fddcec54,51.911248,4.524719,False,False,bicycle,electric_assist
2026-06-15T08:42:11Z,check,check:6c3123b6b609,51.913331,4.417776,False,True,bicycle,electric_assist
2026-06-15T08:42:11Z,check,check:554bb4e0ff75,51.961955,4.487005,False,False,bicycle,electric_assist
2026-06-15T08:42:11Z,check,check:04601595ea46,51.913334,4.417688,False,True,bicycle,electric_assist
2026-06-15T08:42:11Z,check,check:1ceb6d4d93ce,51.917296,4.461734,False,False,bicycle,electric_assist
2026-06-15T08:42:11Z,check,check:54b714cc12dd,51.905564,4.509598,False,False,bicycle,electric_assist
2026-06-15T08:42:11Z,check,check:af3a89a3444f,51.913335,4.417659,False,True,bicycle,electric_assist
2026-06-15T08:42:11Z,check,check:91e5b1f0234c,51.913335,4.417851,False,True,bicycle,electric_assist
2026-06-15T08:42:11Z,check,check:fd85bfae0f91,51.914371,4.440041,False,False,bicycle,electric_assist
2026-06-15T08:42:11Z,check,check:5d42256e0f07,51.911,4.475168,False,False,bicycle,electric_assist
2026-06-15T08:42:11Z,check,check:0acce238b92c,51.928485,4.370856,False,False,bicycle,electric_assist
2026-06-15T08:42:11Z,check,check:8698b2636fa3,51.913355,4.417607,False,True,bicycle,electric_assist
2026-06-15T08:42:11Z,check,check:65cfa3f782cb,51.942905,4.547197,False,False,bicycle,electric_assist
2026-06-15T08:42:11Z,check,check:328a7bf05f52,51.964716,4.502109,False,False,bicycle,electric_assist
2026-06-15T08:42:11Z,check,check:ebe44ab98523,51.885773,4.531692,False,True,bicycle,electric_assist
2026-06-15T08:42:11Z,check,check:ddcee7f08b35,51.916169,4.527037,False,False,bicycle,electric_assist
2026-06-15T08:42:11Z,check,check:f817b636f855,51.936631,4.473928,False,False,bicycle,electric_assist
2026-06-15T08:42:11Z,check,check:e96ec6bc2585,51.91334,4.417735,False,True,bicycle,electric_assist
2026-06-15T08:42:11Z,check,check:351ad8cbb306,51.946922,4.548637,False,False,bicycle,electric_assist
2026-06-15T08:42:11Z,check,check:bb2b5b28f4c5,51.913339,4.417602,False,True,bicycle,electric_assist
2026-06-15T08:42:11Z,check,check:4ccc8cdcdd8f,51.964799,4.502125,False,False,bicycle,electric_assist
2026-06-15T08:42:11Z,check,check:5023946a3ea9,51.913347,4.41782,False,True,bicycle,electric_assist
2026-06-15T08:42:11Z,check,check:490f9af65c50,51.913348,4.417706,False,True,bicycle,electric_assist
2026-06-15T08:42:11Z,check,check:cb5943754e34,51.890636,4.514324,False,True,bicycle,electric_assist
2026-06-15T08:42:11Z,check,check:1834eb485de7,51.956473,4.495717,False,False,bicycle,electric_assist
2026-06-15T08:42:11Z,check,check:2149784cd302,51.928623,4.466511,False,False,bicycle,electric_assist
2026-06-15T08:42:11Z,check,check:96f696fce905,51.914912,4.474231,False,False,bicycle,electric_assist
2026-06-15T08:42:11Z,check,check:19866bf0c4fc,51.896898,4.52362,False,False,bicycle,electric_assist
2026-06-15T08:42:11Z,check,check:1d36f6605f82,51.933326,4.472886,False,False,bicycle,electric_assist
2026-06-15T08:42:11Z,check,check:b3f368de5236,51.874251,4.523057,False,False,bicycle,electric_assist
2026-06-15T08:42:11Z,check,check:9ca2b213fb78,51.925503,4.506187,False,False,bicycle,electric_assist
2026-06-15T08:42:11Z,check,check:28883e03713a,51.913422,4.461622,False,False,bicycle,electric_assist
2026-06-15T08:42:11Z,check,check:245dcc89b1ea,51.916178,4.527084,False,False,bicycle,electric_assist
2026-06-15T08:42:11Z,check,check:45bd0a7760b8,51.922465,4.503139,False,False,bicycle,electric_assist
2026-06-15T08:42:11Z,check,check:cb5ed4aca378,51.91331,4.417822,False,True,bicycle,electric_assist
2026-06-15T08:42:11Z,check,check:be1e65ac47b4,51.874807,4.484608,False,False,bicycle,electric_assist
2026-06-15T08:42:11Z,check,check:caa799d90c69,51.892377,4.530745,False,False,bicycle,electric_assist
2026-06-15T08:42:11Z,check,check:32cb052cbe5a,51.905617,4.509569,False,False,bicycle,electric_assist
2026-06-15T08:42:11Z,check,check:9d6b296f383b,51.931785,4.564129,False,False,bicycle,electric_assist
2026-06-15T08:42:11Z,check,check:e9f62f0c31be,51.874257,4.523105,False,False,bicycle,electric_assist
2026-06-15T08:42:11Z,check,check:88fcb58545af,51.893587,4.496261,False,False,bicycle,electric_assist
2026-06-15T08:42:11Z,check,check:a56e0aa2edad,51.913356,4.417808,False,True,bicycle,electric_assist
2026-06-15T08:42:11Z,check,check:3456c116a7b4,51.924476,4.492622,False,False,bicycle,electric_assist
2026-06-15T08:42:11Z,check,check:5d51b247e520,51.927252,4.469369,False,False,bicycle,electric_assist
2026-06-15T08:42:11Z,check,check:f6e727b850a1,51.913356,4.417725,False,True,bicycle,electric_assist
2026-06-15T08:42:11Z,check,check:3a93b10395f3,51.892488,4.494934,False,False,bicycle,electric_assist
2026-06-15T08:42:11Z,check,check:69144b9838ae,51.897768,4.511253,False,False,bicycle,electric_assist
2026-06-15T08:42:11Z,check,check:35f868a281bd,51.913347,4.417769,False,True,bicycle,electric_assist
2026-06-15T08:42:11Z,check,check:ef5da6de5bdb,51.913355,4.417764,False,True,bicycle,electric_assist
2026-06-15T08:42:11Z,check,check:d9e26ed4e741,51.95063,4.518569,False,False,bicycle,electric_assist
2026-06-15T08:42:11Z,check,check:8c696473a8ea,51.905621,4.509563,False,False,bicycle,electric_assist
2026-06-15T08:42:11Z,check,check:a7454d2fe1c6,51.891007,4.509298,False,False,bicycle,electric_assist
2026-06-15T08:42:11Z,check,check:48f0dd80dc4f,51.91808,4.395447,False,False,bicycle,electric_assist
2026-06-15T08:42:11Z,check,check:eda9971a56a4,51.907255,4.473269,False,False,bicycle,electric_assist
2026-06-15T08:42:11Z,check,check:d6bd7694c94e,51.908353,4.467707,False,False,bicycle,electric_assist
2026-06-15T08:42:11Z,check,check:a9f0f219a589,51.913331,4.417749,False,True,bicycle,electric_assist
2026-06-15T08:42:11Z,check,check:00363be9e830,51.91334,4.417634,False,True,bicycle,electric_assist
2026-06-15T08:42:11Z,check,check:31e7c95d0da3,51.9068,4.448727,False,False,bicycle,electric_assist
2026-06-15T08:42:11Z,check,check:c4465c27cfa4,51.915037,4.486929,False,False,bicycle,electric_assist
2026-06-15T08:42:11Z,check,check:fdd75bb8aae5,51.894334,4.490505,False,False,bicycle,electric_assist
2026-06-15T08:42:11Z,check,check:3bae41b04c6f,51.942127,4.460621,False,False,bicycle,electric_assist
2026-06-15T08:42:11Z,check,check:804906b267e9,51.913346,4.41786,False,True,bicycle,electric_assist
2026-06-15T08:42:11Z,check,check:a1dcaaf20269,51.911036,4.523371,False,False,bicycle,electric_assist
2026-06-15T08:42:11Z,check,check:8b19779c7474,51.941822,4.546477,False,False,bicycle,electric_assist
2026-06-15T08:42:11Z,check,check:8c0cc3aa57b8,51.911352,4.524604,False,False,bicycle,electric_assist
2026-06-15T08:42:11Z,check,check:d4692d94dbd5,51.90501,4.440157,False,False,bicycle,electric_assist
2026-06-15T08:42:11Z,check,check:1cced706edc0,51.965536,4.504278,False,False,bicycle,electric_assist
2026-06-15T08:42:11Z,check,check:300b0b3d0226,51.913342,4.417687,False,True,bicycle,electric_assist
2026-06-15T08:42:11Z,check,check:619db89bc082,51.959553,4.506398,False,False,bicycle,electric_assist
2026-06-15T08:42:11Z,check,check:38b4a8895ba2,51.927225,4.509846,False,False,bicycle,electric_assist
2026-06-15T08:42:11Z,check,check:b9b765ff2a18,51.943627,4.47451,False,False,bicycle,electric_assist
2026-06-15T08:42:11Z,check,check:d0e322e165b7,51.913372,4.417657,False,True,bicycle,electric_assist
2026-06-15T08:42:11Z,check,check:0708ce24db44,51.94829,4.566534,False,False,bicycle,electric_assist
2026-06-15T08:42:11Z,check,check:aea1eecf5472,51.913375,4.417754,False,True,bicycle,electric_assist
2026-06-15T08:42:11Z,check,check:65c06243e782,51.913348,4.417823,False,True,bicycle,electric_assist
2026-06-15T08:42:11Z,check,check:535daeb820b0,51.910331,4.37529,False,False,bicycle,electric_assist
2026-06-15T08:42:11Z,check,check:3e6095cac415,51.873498,4.466287,False,True,bicycle,electric_assist
2026-06-15T08:42:11Z,check,check:9e6ab29e7385,51.905506,4.486825,False,False,bicycle,electric_assist
2026-06-15T08:42:11Z,check,check:6c2a34199745,51.917217,4.523402,False,False,bicycle,electric_assist
2026-06-15T08:42:11Z,check,check:ba5f63013ac1,51.878388,4.536419,False,True,bicycle,electric_assist
2026-06-15T08:42:11Z,check,check:685bd51d2300,51.917231,4.523402,False,False,bicycle,electric_assist
2026-06-15T08:42:11Z,check,check:c1be0ce37add,51.890815,4.508363,False,True,bicycle,electric_assist
2026-06-15T08:42:11Z,check,check:87bebc3a942e,51.966863,4.466627,False,False,bicycle,electric_assist
2026-06-15T08:42:11Z,check,check:2d8502820bde,51.917122,4.523327,False,False,bicycle,electric_assist
2026-06-15T08:42:11Z,check,check:38d3d36c82b0,51.963919,4.501341,False,False,bicycle,electric_assist
2026-06-15T08:42:11Z,check,check:d8634d148701,51.904337,4.48617,False,False,bicycle,electric_assist
2026-06-15T08:42:11Z,check,check:2ab3b66cb64d,51.892874,4.508372,False,False,bicycle,electric_assist
2026-06-15T08:42:11Z,check,check:03dd02df14ee,51.926145,4.517878,False,False,bicycle,electric_assist
2026-06-15T08:42:11Z,check,check:708924ef30e3,51.912635,4.476217,False,False,bicycle,electric_assist
2026-06-15T08:42:11Z,check,check:e22bf98bb2ed,51.920712,4.408161,False,False,bicycle,electric_assist
2026-06-15T08:42:11Z,check,check:bd4f8d94cc77,51.935395,4.461963,False,False,bicycle,electric_assist
2026-06-15T08:42:11Z,check,check:869530d209bd,51.908557,4.48163,False,False,bicycle,electric_assist
2026-06-15T08:42:11Z,check,check:d609777ecaf1,51.957574,4.470136,False,False,bicycle,electric_assist
2026-06-15T08:42:11Z,check,check:060d4b6e55e4,51.874487,4.477862,False,False,bicycle,electric_assist
2026-06-15T08:42:11Z,check,check:6768de214f7e,51.957656,4.501698,False,False,bicycle,electric_assist
2026-06-15T08:42:11Z,check,check:00ff5ff3b4ad,51.900666,4.502701,False,False,bicycle,electric_assist
2026-06-15T08:42:11Z,check,check:9b50a83dee19,51.916058,4.415666,False,False,bicycle,electric_assist
2026-06-15T08:42:11Z,check,check:bbc2b5c4c2d3,51.90654,4.478335,False,False,bicycle,electric_assist
2026-06-15T08:42:11Z,check,check:5060e5eeb830,51.909302,4.449044,False,True,bicycle,electric_assist
2026-06-15T08:42:11Z,check,check:f54dc618ffce,51.91158,4.478522,False,False,bicycle,electric_assist
2026-06-15T08:42:11Z,check,check:78ea3ad2a0e2,51.965925,4.470617,False,False,bicycle,electric_assist
2026-06-15T08:42:11Z,check,check:04e9d46c592c,51.958127,4.509764,False,False,bicycle,electric_assist
2026-06-15T08:42:11Z,check,check:2c3782b77e5b,51.921087,4.474434,False,False,bicycle,electric_assist
2026-06-15T08:42:11Z,check,check:8df1c92ec94a,51.912619,4.476239,False,False,bicycle,electric_assist
2026-06-15T08:42:11Z,check,check:bd1dccd7b4dd,51.917029,4.523387,False,False,bicycle,electric_assist
2026-06-15T08:42:11Z,check,check:8461b91ec9d4,51.874865,4.467944,False,False,bicycle,electric_assist
2026-06-15T08:42:11Z,check,check:a884b6a4d197,51.941318,4.538345,False,False,bicycle,electric_assist
2026-06-15T08:42:11Z,check,check:9da2b89570b3,51.913353,4.417686,False,True,bicycle,electric_assist
2026-06-15T08:42:11Z,check,check:4e7dbf20ef13,51.913321,4.417763,False,True,bicycle,electric_assist
2026-06-15T08:42:11Z,check,check:1e9cf09d95a1,51.930126,4.487267,False,True,bicycle,electric_assist
2026-06-15T08:42:11Z,check,check:fb20126a7146,51.908597,4.481517,False,False,bicycle,electric_assist
2026-06-15T08:42:11Z,check,check:4a959d796da7,51.913313,4.41773,False,True,bicycle,electric_assist
2026-06-15T08:42:11Z,check,check:f2d3658274bc,51.936412,4.496774,False,False,bicycle,electric_assist
2026-06-15T08:42:11Z,check,check:ed0f6e3552b5,51.935508,4.462504,False,False,bicycle,electric_assist
2026-06-15T08:42:11Z,check,check:30ac3250576d,51.886454,4.529132,False,False,bicycle,electric_assist
2026-06-15T08:42:11Z,check,check:8c24f14cb354,51.91336,4.41776,False,True,bicycle,electric_assist
2026-06-15T08:42:11Z,check,check:40c89e759be1,51.920962,4.559272,False,False,bicycle,electric_assist
2026-06-15T08:42:11Z,check,check:2f6760b7f3fe,51.919273,4.457698,False,False,bicycle,electric_assist
2026-06-15T08:42:11Z,check,check:8cce70d526bb,51.904481,4.460408,False,False,bicycle,electric_assist
2026-06-15T08:42:11Z,check,check:cdf7f79d115a,51.913313,4.417796,False,True,bicycle,electric_assist
2026-06-15T08:42:11Z,check,check:b34c50ed786e,51.871895,4.50011,False,False,bicycle,electric_assist
2026-06-15T08:42:11Z,check,check:07af7c7e2103,51.90679,4.523781,False,False,bicycle,electric_assist
2026-06-15T08:42:11Z,check,check:fd58b9051c52,51.914531,4.401935,False,False,bicycle,electric_assist
2026-06-15T08:42:11Z,check,check:a4c9706bc546,51.917218,4.52316,False,False,bicycle,electric_assist
2026-06-15T08:42:11Z,check,check:591bebfddf78,51.91335,4.417736,False,True,bicycle,electric_assist
2026-06-15T08:42:11Z,check,check:6e5b64377de7,51.961401,4.480231,False,False,bicycle,electric_assist
2026-06-15T08:42:11Z,check,check:e5cf61f8b039,51.920735,4.408222,False,False,bicycle,electric_assist
2026-06-15T08:42:11Z,check,check:87adcfe84bf7,51.891197,4.479496,False,False,bicycle,electric_assist
2026-06-15T08:42:11Z,check,check:f031bf42ee83,51.903893,4.509259,False,False,bicycle,electric_assist
2026-06-15T08:42:11Z,check,check:a4fe62f5cad1,51.91334,4.417781,False,True,bicycle,electric_assist
2026-06-15T08:42:11Z,check,check:69db71e56a6c,51.891378,4.511752,False,False,bicycle,electric_assist
2026-06-15T08:42:11Z,check,check:d93857515f5b,51.870037,4.471957,False,False,bicycle,electric_assist
2026-06-15T08:42:11Z,check,check:ead2f0420434,51.891883,4.496249,False,False,bicycle,electric_assist
2026-06-15T08:42:11Z,check,check:46c34f276818,51.913333,4.417821,False,True,bicycle,electric_assist
2026-06-15T08:42:11Z,check,check:6d85ead8a2b9,51.934519,4.432506,False,True,bicycle,electric_assist
2026-06-15T08:42:11Z,check,check:671230765496,51.890561,4.465365,False,False,bicycle,electric_assist
2026-06-15T08:42:11Z,check,check:6cf0e3fac77b,51.957366,4.484487,False,False,bicycle,electric_assist
2026-06-15T08:42:11Z,check,check:c88a638bc9e6,51.913348,4.417856,False,True,bicycle,electric_assist
2026-06-15T08:42:11Z,check,check:25d580bd0968,51.920172,4.434367,False,False,bicycle,electric_assist
2026-06-15T08:42:11Z,check,check:db754a32fb67,51.888407,4.487597,False,False,bicycle,electric_assist
2026-06-15T08:42:11Z,check,check:fa551decb050,51.923659,4.476472,False,False,bicycle,electric_assist
2026-06-15T08:42:11Z,check,check:df5cbde43e64,51.92975,4.47008,False,False,bicycle,electric_assist
2026-06-15T08:42:11Z,check,check:26e67b2e6500,51.923454,4.512095,False,False,bicycle,electric_assist
2026-06-15T08:42:11Z,check,check:d1e1fa60e89d,51.893039,4.4822,False,False,bicycle,electric_assist
2026-06-15T08:42:11Z,check,check:3b042e71d55b,51.874568,4.477893,False,False,bicycle,electric_assist
2026-06-15T08:42:11Z,check,check:0c46c8c54464,51.913356,4.41778,False,True,bicycle,electric_assist
2026-06-15T08:42:11Z,check,check:ded727dec1dc,51.909243,4.458297,False,False,bicycle,electric_assist
2026-06-15T08:42:11Z,check,check:33ab159baff5,51.91334,4.417727,False,True,bicycle,electric_assist
2026-06-15T08:42:11Z,check,check:37de3ad88541,51.897812,4.495894,False,False,bicycle,electric_assist
2026-06-15T08:42:11Z,check,check:b86685c2d37d,51.908901,4.478636,False,False,bicycle,electric_assist
2026-06-15T08:42:11Z,check,check:364c0e7e624c,51.960746,4.508243,False,False,bicycle,electric_assist
2026-06-15T08:42:11Z,check,check:202139bc9338,51.917225,4.523267,False,False,bicycle,electric_assist
2026-06-15T08:42:11Z,check,check:ed27d7f71a19,51.898843,4.509298,False,False,bicycle,electric_assist
2026-06-15T08:42:11Z,check,check:09c5d3f75152,51.958314,4.494854,False,False,bicycle,electric_assist
2026-06-15T08:42:11Z,check,check:bdc54cbb9da1,51.923153,4.496838,False,True,bicycle,electric_assist
2026-06-15T08:42:11Z,check,check:d14e760c8c31,51.964806,4.502093,False,False,bicycle,electric_assist
2026-06-15T08:42:11Z,check,check:554ce263480c,51.925721,4.454766,False,False,bicycle,electric_assist
2026-06-15T08:42:11Z,check,check:04784f56f049,51.957541,4.509797,False,False,bicycle,electric_assist
2026-06-15T08:42:11Z,check,check:e3b9107f1761,51.913344,4.417845,False,True,bicycle,electric_assist
2026-06-15T08:42:11Z,check,check:bc85656c0f2a,51.897438,4.507499,False,False,bicycle,electric_assist
2026-06-15T08:42:11Z,check,check:256bd86fd55c,51.892182,4.49409,False,False,bicycle,electric_assist
2026-06-15T08:42:11Z,check,check:a51b4df5424e,51.919178,4.515703,False,False,bicycle,electric_assist
2026-06-15T08:42:11Z,check,check:e8994c793220,51.919497,4.512165,False,False,bicycle,electric_assist
2026-06-15T08:42:11Z,check,check:b8bca6ff56ec,51.912462,4.430395,False,False,bicycle,electric_assist
2026-06-15T08:42:11Z,check,check:a755040ebeba,51.913325,4.417716,False,True,bicycle,electric_assist
2026-06-15T08:42:11Z,check,check:bc1741077aec,51.918447,4.4904,False,False,bicycle,electric_assist
2026-06-15T08:42:11Z,check,check:32a31691d9d6,51.887855,4.462667,False,False,bicycle,electric_assist
2026-06-15T08:42:11Z,check,check:596cbee09fcd,51.910742,4.553878,False,False,bicycle,electric_assist
2026-06-15T08:42:11Z,check,check:69f82916d157,51.913318,4.417628,False,True,bicycle,electric_assist
2026-06-15T08:42:11Z,check,check:1c06afaa1f66,51.954571,4.47644,False,False,bicycle,electric_assist
2026-06-15T08:42:11Z,check,check:e9489c942f38,51.907669,4.48048,False,False,bicycle,electric_assist
2026-06-15T08:42:11Z,check,check:5ca411865805,51.913394,4.445225,False,False,bicycle,electric_assist
2026-06-15T08:42:11Z,check,check:040fc127221d,51.906945,4.444465,False,False,bicycle,electric_assist
2026-06-15T08:42:11Z,check,check:a702c98fcfeb,51.922773,4.469682,False,False,bicycle,electric_assist
2026-06-15T08:42:11Z,check,check:7b8faad18a2c,51.921427,4.468312,False,False,bicycle,electric_assist
2026-06-15T08:42:11Z,check,check:bafe37c18c60,51.957592,4.470126,False,False,bicycle,electric_assist
2026-06-15T08:42:11Z,check,check:9102ce53c539,51.913316,4.417755,False,True,bicycle,electric_assist
2026-06-15T08:42:11Z,check,check:f0cef66813c6,51.911839,4.505544,False,False,bicycle,electric_assist
2026-06-15T08:42:11Z,check,check:a57e45068ef1,51.913356,4.417729,False,True,bicycle,electric_assist
2026-06-15T08:42:11Z,check,check:2455e80f5720,51.906978,4.407484,False,False,bicycle,electric_assist
2026-06-15T08:42:11Z,check,check:99a2015158c4,51.94635,4.551814,False,False,bicycle,electric_assist
2026-06-15T08:42:11Z,check,check:7c8767c636d8,51.91605,4.527124,False,False,bicycle,electric_assist
2026-06-15T08:42:11Z,check,check:faac258a7dbc,51.931776,4.495512,False,False,bicycle,electric_assist
2026-06-15T08:42:11Z,check,check:c7f018f858bc,51.886313,4.549263,False,True,bicycle,electric_assist
2026-06-15T08:42:11Z,check,check:88beb9e9d2d8,51.960946,4.467175,False,False,bicycle,electric_assist
2026-06-15T08:42:11Z,check,check:7bfbe21647d5,51.949244,4.432594,False,False,bicycle,electric_assist
2026-06-15T08:42:11Z,check,check:e9c34cb448a4,51.92843,4.545667,False,False,bicycle,electric_assist
2026-06-15T08:42:11Z,check,check:186ba665de16,51.917243,4.523086,False,False,bicycle,electric_assist
2026-06-15T08:42:11Z,check,check:39a1ee373668,51.917908,4.439605,False,False,bicycle,electric_assist
2026-06-15T08:42:11Z,check,check:54be3246b28d,51.909957,4.424895,False,True,bicycle,electric_assist
2026-06-15T08:42:11Z,check,check:7e4dbbb3f0f5,51.919727,4.441445,False,False,bicycle,electric_assist
2026-06-15T08:42:11Z,check,check:19a2a6d5082c,51.914519,4.401904,False,False,bicycle,electric_assist
2026-06-15T08:42:11Z,check,check:45f08d87a663,51.892821,4.479864,False,False,bicycle,electric_assist
2026-06-15T08:42:11Z,check,check:c0f3c2a61da9,51.906723,4.492154,False,False,bicycle,electric_assist
2026-06-15T08:42:11Z,check,check:2c89b4cf8b7a,51.943241,4.484441,False,False,bicycle,electric_assist
2026-06-15T08:42:11Z,check,check:092605fcb1a9,51.953883,4.468174,False,False,bicycle,electric_assist
2026-06-15T08:42:11Z,check,check:033fc2f308da,51.918436,4.510449,False,False,bicycle,electric_assist
2026-06-15T08:42:11Z,check,check:68a3e24a0fed,51.913348,4.417886,False,True,bicycle,electric_assist
2026-06-15T08:42:11Z,check,check:ed48d11bb67d,51.898683,4.505158,False,False,bicycle,electric_assist
2026-06-15T08:42:11Z,check,check:07e9e761df9b,51.90967,4.499637,False,False,bicycle,electric_assist
2026-06-15T08:42:11Z,check,check:8e2d0ad11272,51.957676,4.485814,False,False,bicycle,electric_assist
2026-06-15T08:42:11Z,check,check:4e38350d4ddf,51.957624,4.501747,False,False,bicycle,electric_assist
2026-06-15T08:42:11Z,check,check:199f5a2c0f73,51.913316,4.417696,False,True,bicycle,electric_assist
2026-06-15T08:42:11Z,check,check:55b1fe96d7fa,51.913345,4.417719,False,True,bicycle,electric_assist
2026-06-15T08:42:11Z,check,check:0f121a01d3ea,51.911314,4.489736,False,False,bicycle,electric_assist
2026-06-15T08:42:11Z,check,check:7e721c3aa425,51.880528,4.531875,False,False,bicycle,electric_assist
2026-06-15T08:42:11Z,check,check:e93893166dea,51.929318,4.467605,False,False,bicycle,electric_assist
2026-06-15T08:42:11Z,check,check:35269c482547,51.920728,4.505645,False,False,bicycle,electric_assist
2026-06-15T08:42:11Z,check,check:376dbbb4af95,51.958107,4.509768,False,False,bicycle,electric_assist
2026-06-15T08:42:11Z,check,check:13a32a2a96b1,51.963346,4.493665,False,False,bicycle,electric_assist
2026-06-15T08:42:11Z,check,check:b1cb2fe0331f,51.925431,4.466154,False,False,bicycle,electric_assist
2026-06-15T08:42:11Z,check,check:f57ce50281f6,51.913351,4.417818,False,True,bicycle,electric_assist
2026-06-15T08:42:11Z,check,check:2b6355195240,51.915222,4.474337,False,True,bicycle,electric_assist
2026-06-15T08:42:11Z,check,check:de4079f1357a,51.917035,4.523279,False,False,bicycle,electric_assist
2026-06-15T08:42:11Z,check,check:b15fd918fdd8,51.908811,4.442723,False,False,bicycle,electric_assist
2026-06-15T08:42:11Z,check,check:09316139d4b0,51.92095,4.55916,False,False,bicycle,electric_assist
2026-06-15T08:42:11Z,check,check:cbbb0bb6b328,51.928482,4.370844,False,False,bicycle,electric_assist
2026-06-15T08:42:11Z,check,check:75a2e72b43a3,51.891964,4.481416,False,False,bicycle,electric_assist
2026-06-15T08:42:11Z,check,check:17a8e4990715,51.8951,4.468365,False,False,bicycle,electric_assist
2026-06-15T08:42:11Z,check,check:00a79ab7fcce,51.894251,4.51308,False,False,bicycle,electric_assist
2026-06-15T08:42:11Z,check,check:faaf88ab808f,51.917216,4.52332,False,False,bicycle,electric_assist
2026-06-15T08:42:11Z,check,check:b8bdce780fcd,51.909917,4.424875,False,True,bicycle,electric_assist
2026-06-15T08:42:11Z,check,check:7908b695c1b8,51.913001,4.553834,False,False,bicycle,electric_assist
2026-06-15T08:42:11Z,check,check:69ebc97b74ff,51.925013,4.462543,False,False,bicycle,electric_assist
2026-06-15T08:42:11Z,check,check:58716c3a49aa,51.91699,4.523528,False,False,bicycle,electric_assist
2026-06-15T08:42:11Z,check,check:a5efc67e8794,51.913327,4.417829,False,True,bicycle,electric_assist
2026-06-15T08:42:11Z,check,check:3d636dfd2222,51.93312,4.497416,False,False,bicycle,electric_assist
2026-06-15T08:42:11Z,check,check:99b62a395571,51.91303,4.553812,False,False,bicycle,electric_assist
2026-06-15T08:42:11Z,check,check:2e8c0ead0b3e,51.959271,4.49918,False,False,bicycle,electric_assist
2026-06-15T08:42:11Z,check,check:c2cb2c2c3eee,51.904917,4.500729,False,False,bicycle,electric_assist
2026-06-15T08:42:11Z,check,check:41255b629d9b,51.935129,4.472695,False,True,bicycle,electric_assist
2026-06-15T08:42:11Z,check,check:5615af6fd88b,51.870163,4.470667,False,False,bicycle,electric_assist
2026-06-15T08:42:11Z,check,check:70ea2a0697a8,51.95383,4.520133,False,False,bicycle,electric_assist
2026-06-15T08:42:11Z,check,check:d0c623eb1902,51.91331,4.417685,False,True,bicycle,electric_assist
2026-06-15T08:42:11Z,check,check:93b49bdcaddd,51.910371,4.375388,False,False,bicycle,electric_assist
2026-06-15T08:42:11Z,check,check:267e1f39a6e7,51.888663,4.487012,False,False,bicycle,electric_assist
2026-06-15T08:42:11Z,check,check:7f92514b45e6,51.913313,4.41781,False,True,bicycle,electric_assist
2026-06-15T08:42:11Z,check,check:51ee7b4d6910,51.957639,4.501734,False,False,bicycle,electric_assist
2026-06-15T08:42:11Z,check,check:9c083f307bef,51.921746,4.48804,False,False,bicycle,electric_assist
2026-06-15T08:42:11Z,check,check:25d935e2449a,51.920171,4.48211,False,False,bicycle,electric_assist
2026-06-15T08:42:11Z,check,check:094e7d4a858a,51.893255,4.477199,False,False,bicycle,electric_assist
2026-06-15T08:42:11Z,check,check:badfb0cca0e1,51.913351,4.41778,False,True,bicycle,electric_assist
2026-06-15T08:42:11Z,check,check:57d53825cd2e,51.89509,4.468324,False,False,bicycle,electric_assist
2026-06-15T08:42:11Z,check,check:41d91996d8af,51.917818,4.438305,False,False,bicycle,electric_assist
2026-06-15T08:42:11Z,check,check:dbc3fabcd3de,51.913355,4.417787,False,True,bicycle,electric_assist
2026-06-15T08:42:11Z,check,check:06ee4b260d76,51.945827,4.485961,False,False,bicycle,electric_assist
2026-06-15T08:42:11Z,check,check:6daa6cb7e015,51.91337,4.417696,False,True,bicycle,electric_assist
2026-06-15T08:42:11Z,check,check:9c1389b719b8,51.907186,4.408196,False,False,bicycle,electric_assist
2026-06-15T08:42:11Z,check,check:530463697aee,51.916427,4.513669,False,False,bicycle,electric_assist
2026-06-15T08:42:11Z,check,check:41be005d69b3,51.880471,4.53012,False,False,bicycle,electric_assist
2026-06-15T08:42:11Z,check,check:ecfa90d7f703,51.901068,4.511293,False,False,bicycle,electric_assist
2026-06-15T08:42:11Z,check,check:e51bb027b09e,51.965919,4.470602,False,False,bicycle,electric_assist
2026-06-15T08:42:11Z,check,check:1ce447e47348,51.874286,4.523137,False,False,bicycle,electric_assist
2026-06-15T08:42:11Z,check,check:4cc385465ea3,51.913337,4.417842,False,True,bicycle,electric_assist
2026-06-15T08:42:11Z,check,check:072f2455d30d,51.951768,4.524526,False,False,bicycle,electric_assist
2026-06-15T08:42:11Z,check,check:0b53ad96ca68,51.913338,4.417735,False,True,bicycle,electric_assist
2026-06-15T08:42:11Z,check,check:842b1afb2dd9,51.9071,4.463005,False,False,bicycle,electric_assist
2026-06-15T08:42:11Z,check,check:ad53f99d2798,51.909258,4.445877,False,False,bicycle,electric_assist
2026-06-15T08:42:11Z,check,check:045cea58df64,51.913347,4.417714,False,True,bicycle,electric_assist
2026-06-15T08:42:11Z,check,check:228a69627737,51.913321,4.417796,False,True,bicycle,electric_assist
2026-06-15T08:42:11Z,check,check:033fd5202303,51.911832,4.466336,False,False,bicycle,electric_assist
2026-06-15T08:42:11Z,check,check:2ca289ec0685,51.959581,4.506424,False,False,bicycle,electric_assist
2026-06-15T08:42:11Z,check,check:3cc2ff4db24a,51.906795,4.44423,False,False,bicycle,electric_assist
2026-06-15T08:42:11Z,check,check:ee68e108b029,51.906586,4.525533,False,False,bicycle,electric_assist
2026-06-15T08:42:11Z,check,check:fbc60f279d68,51.874276,4.523095,False,False,bicycle,electric_assist
2026-06-15T08:42:11Z,check,check:ba4b36c5fb92,51.957773,4.487811,False,False,bicycle,electric_assist
2026-06-15T08:42:11Z,check,check:f19f70ce2f73,51.907553,4.461165,False,False,bicycle,electric_assist
2026-06-15T08:42:11Z,check,check:6a426ce01b39,51.91758,4.514942,False,False,bicycle,electric_assist
2026-06-15T08:42:11Z,check,check:ad7043a4d56a,51.940754,4.541516,False,False,bicycle,electric_assist
2026-06-15T08:42:11Z,check,check:88d970258001,51.921004,4.559239,False,False,bicycle,electric_assist
2026-06-15T08:42:11Z,check,check:5eda7d2408f7,51.886406,4.549286,False,True,bicycle,electric_assist
2026-06-15T08:42:11Z,check,check:bb7014eb92c8,51.88619,4.549316,False,False,bicycle,electric_assist
2026-06-15T08:42:11Z,check,check:bb914b87c854,51.871223,4.465956,False,False,bicycle,electric_assist
2026-06-15T08:42:11Z,check,check:dd7a299652c1,51.938178,4.476114,False,False,bicycle,electric_assist
2026-06-15T08:42:11Z,check,check:3d119884e050,51.90145,4.501616,False,False,bicycle,electric_assist
2026-06-15T08:42:11Z,check,check:e957f9a4fe44,51.880487,4.530048,False,False,bicycle,electric_assist
2026-06-15T08:42:11Z,check,check:fed09ba69b03,51.919956,4.387139,False,False,bicycle,electric_assist
2026-06-15T08:42:11Z,check,check:682f83ed44d0,51.914638,4.442321,False,False,bicycle,electric_assist
2026-06-15T08:42:11Z,check,check:210a899dc34b,51.949278,4.432646,False,False,bicycle,electric_assist
2026-06-15T08:42:11Z,check,check:3f0b127ecd08,51.913358,4.417772,False,True,bicycle,electric_assist
2026-06-15T08:42:11Z,check,check:b300f6d4176b,51.921816,4.460574,False,False,bicycle,electric_assist
2026-06-15T08:42:11Z,check,check:7d52f6a1ac23,51.874268,4.523105,False,False,bicycle,electric_assist
2026-06-15T08:42:11Z,check,check:46fe2670b47f,51.913403,4.400303,False,False,bicycle,electric_assist
2026-06-15T08:42:11Z,check,check:f96a032f33b2,51.907002,4.490031,False,False,bicycle,electric_assist
2026-06-15T08:42:11Z,check,check:928a96eae03a,51.884894,4.382069,False,False,bicycle,electric_assist
2026-06-15T08:42:11Z,check,check:9204f6a72ba2,51.909333,4.523542,False,False,bicycle,electric_assist
2026-06-15T08:42:11Z,check,check:eafc58e89a37,51.928021,4.547501,False,False,bicycle,electric_assist
2026-06-15T08:42:11Z,check,check:4e0728681fd9,51.913329,4.417802,False,True,bicycle,electric_assist
2026-06-15T08:42:11Z,check,check:7019a3ea9937,51.960753,4.508284,False,False,bicycle,electric_assist
2026-06-15T08:42:11Z,check,check:e0284635162e,51.913321,4.417747,False,True,bicycle,electric_assist
2026-06-15T08:42:11Z,check,check:441184481c12,51.937276,4.463566,False,False,bicycle,electric_assist
2026-06-15T08:42:11Z,check,check:fd4dbbd4908b,51.91333,4.417661,False,True,bicycle,electric_assist
2026-06-15T08:42:11Z,check,check:fd990340fc76,51.923328,4.512131,False,False,bicycle,electric_assist
2026-06-15T08:42:11Z,check,check:48e53f1a525c,51.91871,4.516233,False,False,bicycle,electric_assist
2026-06-15T08:42:11Z,check,check:59d67b3c3652,51.874103,4.494212,False,False,bicycle,electric_assist
2026-06-15T08:42:11Z,check,check:14e331acd4fd,51.912784,4.457739,False,False,bicycle,electric_assist
2026-06-15T08:42:11Z,check,check:21aa804c2b9c,51.874284,4.523116,False,False,bicycle,electric_assist
2026-06-15T08:42:11Z,check,check:3d0d9e636f30,51.910882,4.521182,False,False,bicycle,electric_assist
2026-06-15T08:42:11Z,check,check:884b45716c24,51.911138,4.481845,False,True,bicycle,electric_assist
2026-06-15T08:42:11Z,check,check:6fdde2467628,51.934512,4.460902,False,False,bicycle,electric_assist
2026-06-15T08:42:11Z,check,check:2e2be82f6d18,51.913663,4.520279,False,False,bicycle,electric_assist
2026-06-15T08:42:11Z,check,check:e85873bd9752,51.891925,4.467065,False,False,bicycle,electric_assist
2026-06-15T08:42:11Z,check,check:af15be1ff082,51.924116,4.489059,False,False,bicycle,electric_assist
2026-06-15T08:42:11Z,check,check:748caac4fad8,51.900781,4.481465,False,False,bicycle,electric_assist
2026-06-15T08:42:11Z,check,check:8d6513a3a95a,51.935032,4.464837,False,False,bicycle,electric_assist
2026-06-15T08:42:11Z,check,check:fbb6a79a6e40,51.922785,4.46956,False,False,bicycle,electric_assist
2026-06-15T08:42:11Z,check,check:68fb4c50b34b,51.949273,4.432684,False,False,bicycle,electric_assist
2026-06-15T08:42:11Z,check,check:1405fca72d03,51.895305,4.519898,False,False,bicycle,electric_assist
2026-06-15T08:42:11Z,check,check:1ad5031fe441,51.91334,4.417737,False,True,bicycle,electric_assist
2026-06-15T08:42:11Z,check,check:3da98719c5ea,51.912294,4.445091,False,False,bicycle,electric_assist
2026-06-15T08:42:11Z,check,check:dae08dbe4a45,51.915751,4.384968,False,False,bicycle,electric_assist
2026-06-15T08:42:11Z,check,check:28ab1200199f,51.898416,4.503463,False,False,bicycle,electric_assist
2026-06-15T08:42:11Z,check,check:47dac7b1d635,51.94287,4.481294,False,False,bicycle,electric_assist
2026-06-15T08:42:11Z,check,check:2fb98384f6f6,51.9206,4.387917,False,False,bicycle,electric_assist
2026-06-15T08:42:11Z,check,check:3428fb2c6cc3,51.931771,4.564067,False,False,bicycle,electric_assist
2026-06-15T08:42:11Z,check,check:81fcb107ab05,51.909269,4.523534,False,False,bicycle,electric_assist
2026-06-15T08:42:11Z,check,check:ed14ab165f98,51.874528,4.477922,False,True,bicycle,electric_assist
2026-06-15T08:42:11Z,check,check:943360cd5779,51.869815,4.474212,False,False,bicycle,electric_assist
2026-06-15T08:42:11Z,check,check:75c68eed9f85,51.911852,4.466309,False,False,bicycle,electric_assist
2026-06-15T08:42:11Z,check,check:d762f5b86a21,51.893877,4.509461,False,False,bicycle,electric_assist
2026-06-15T08:42:11Z,check,check:36fad9ee7dea,51.903845,4.464455,False,False,bicycle,electric_assist
2026-06-15T08:42:11Z,check,check:3d26b1466782,51.913337,4.417737,False,True,bicycle,electric_assist
2026-06-15T08:42:11Z,check,check:c794613800ba,51.91335,4.417642,False,True,bicycle,electric_assist
2026-06-15T08:42:11Z,check,check:3ddf6b108629,51.924872,4.488536,False,False,bicycle,electric_assist
2026-06-15T08:42:11Z,check,check:0b673d75b335,51.913337,4.417854,False,True,bicycle,electric_assist
2026-06-15T08:42:11Z,check,check:9ae714e4ace6,51.91331,4.417601,False,True,bicycle,electric_assist
2026-06-15T08:42:11Z,check,check:3259071bc22f,51.914143,4.422311,False,False,bicycle,electric_assist
2026-06-15T08:42:11Z,check,check:2f0088b547d1,51.92286,4.469507,False,False,bicycle,electric_assist
2026-06-15T08:42:11Z,check,check:5cd76c275b75,51.910374,4.375353,False,False,bicycle,electric_assist
2026-06-15T08:42:11Z,check,check:d6a913e746fa,51.909331,4.508089,False,False,bicycle,electric_assist
2026-06-15T08:42:11Z,check,check:397d5d9851da,51.91721,4.460193,False,False,bicycle,electric_assist
2026-06-15T08:42:11Z,check,check:36a2669e9a9a,51.916574,4.450465,False,False,bicycle,electric_assist
2026-06-15T08:42:11Z,check,check:0488bf7e7162,51.909056,4.442591,False,False,bicycle,electric_assist
2026-06-15T08:42:11Z,check,check:7ff219858066,51.913341,4.417793,False,True,bicycle,electric_assist
2026-06-15T08:42:11Z,check,check:ed1976509e09,51.873747,4.477062,False,False,bicycle,electric_assist
2026-06-15T08:42:11Z,check,check:a1fb8382ff56,51.875091,4.472269,False,False,bicycle,electric_assist
2026-06-15T08:42:11Z,check,check:5b5757dd1368,51.910259,4.424813,False,True,bicycle,electric_assist
2026-06-15T08:42:11Z,check,check:9e1f5e66430b,51.916117,4.527036,False,False,bicycle,electric_assist
2026-06-15T08:42:11Z,check,check:8b5e7cd65293,51.896669,4.521681,False,False,bicycle,electric_assist
2026-06-15T08:42:11Z,check,check:dcaf8b6a04c1,51.894703,4.461914,False,False,bicycle,electric_assist
2026-06-15T08:42:11Z,check,check:427b84b57691,51.913347,4.417602,False,True,bicycle,electric_assist
2026-06-15T08:42:11Z,check,check:421f24309f26,51.910525,4.522478,False,False,bicycle,electric_assist
2026-06-15T08:42:11Z,check,check:4284f0935f00,51.89746,4.508213,False,False,bicycle,electric_assist
2026-06-15T08:42:11Z,check,check:86c1a37c3b7a,51.875559,4.49337,False,False,bicycle,electric_assist
2026-06-15T08:42:11Z,check,check:c076186551cb,51.913344,4.417862,False,True,bicycle,electric_assist
2026-06-15T08:42:11Z,check,check:2cf31a205a1f,51.928478,4.370746,False,False,bicycle,electric_assist
2026-06-15T08:42:11Z,check,check:74cd6ab82f93,51.948666,4.543799,False,False,bicycle,electric_assist
2026-06-15T08:42:11Z,check,check:18bdad202e61,51.897566,4.507377,False,False,bicycle,electric_assist
2026-06-15T08:42:11Z,check,check:4d62c0e96304,51.911833,4.466283,False,False,bicycle,electric_assist
2026-06-15T08:42:11Z,check,check:52d1ee0d3eb8,51.948872,4.553779,False,False,bicycle,electric_assist
2026-06-15T08:42:11Z,check,check:a17994b75b14,51.913354,4.417782,False,True,bicycle,electric_assist
2026-06-15T08:42:11Z,check,check:b274e832e6a0,51.913317,4.417759,False,True,bicycle,electric_assist
2026-06-15T08:42:11Z,check,check:32342abfda88,51.9089,4.478666,False,False,bicycle,electric_assist
2026-06-15T08:42:11Z,check,check:1bce9dcacb0d,51.911894,4.466496,False,False,bicycle,electric_assist
2026-06-15T08:42:11Z,check,check:e6ef4eb81d51,51.876836,4.470008,False,False,bicycle,electric_assist
2026-06-15T08:42:11Z,check,check:85072a8d3bff,51.914483,4.441918,False,False,bicycle,electric_assist
2026-06-15T08:42:11Z,check,check:89d8d5d5be5b,51.916071,4.526953,False,False,bicycle,electric_assist
2026-06-15T08:42:11Z,check,check:e70d5ad15a54,51.880552,4.529989,False,False,bicycle,electric_assist
2026-06-15T08:42:11Z,check,check:5f4a3ecba14f,51.966876,4.466649,False,False,bicycle,electric_assist
2026-06-15T08:42:11Z,check,check:575d45800b35,51.935026,4.464764,False,False,bicycle,electric_assist
2026-06-15T08:42:11Z,check,check:485dcd2a254d,51.905574,4.509601,False,False,bicycle,electric_assist
2026-06-15T08:42:11Z,check,check:8e9c69ceedc2,51.939431,4.472138,False,False,bicycle,electric_assist
2026-06-15T08:42:11Z,check,check:31f3325592ca,51.913335,4.417852,False,True,bicycle,electric_assist
2026-06-15T08:42:11Z,check,check:b05ac5938330,51.888265,4.472352,False,False,bicycle,electric_assist
2026-06-15T08:42:11Z,check,check:8de529ad182b,51.894032,4.488403,False,False,bicycle,electric_assist
2026-06-15T08:42:11Z,check,check:0e8ed934ea4d,51.900838,4.503295,False,False,bicycle,electric_assist
2026-06-15T08:42:11Z,check,check:abc1e49bc233,51.890451,4.465508,False,False,bicycle,electric_assist
2026-06-15T08:42:11Z,check,check:f9914de32aba,51.903849,4.502799,False,False,bicycle,electric_assist
2026-06-15T08:42:11Z,check,check:89993b02d0ea,51.916114,4.526991,False,False,bicycle,electric_assist
2026-06-15T08:42:11Z,check,check:6c0c2803c432,51.913417,4.482254,False,False,bicycle,electric_assist
2026-06-15T08:42:11Z,check,check:804e2f848500,51.924843,4.513398,False,False,bicycle,electric_assist
2026-06-15T08:42:11Z,check,check:07646ef5ec98,51.913635,4.46943,False,False,bicycle,electric_assist
2026-06-15T08:42:11Z,check,check:e4f5bab0883c,51.924304,4.577046,False,False,bicycle,electric_assist
2026-06-15T08:42:11Z,check,check:603379599396,51.874486,4.491883,False,False,bicycle,electric_assist
2026-06-15T08:42:11Z,check,check:e584e5903c49,51.897474,4.508197,False,False,bicycle,electric_assist
2026-06-15T08:42:11Z,check,check:2dbd35e4df4e,51.912418,4.430278,False,False,bicycle,electric_assist
2026-06-15T08:42:11Z,check,check:19361b8d7df5,51.909288,4.523516,False,False,bicycle,electric_assist
2026-06-15T08:42:11Z,check,check:ebf14ffdd001,51.94925,4.432597,False,False,bicycle,electric_assist
2026-06-15T08:42:11Z,check,check:1e3c0009146c,51.963568,4.502065,False,False,bicycle,electric_assist
2026-06-15T08:42:11Z,check,check:0fc7f529ec82,51.91334,4.417755,False,True,bicycle,electric_assist
2026-06-15T08:42:11Z,check,check:443f405db064,51.913328,4.41776,False,True,bicycle,electric_assist
2026-06-15T08:42:11Z,check,check:8e00db6d8b96,51.888579,4.488718,False,False,bicycle,electric_assist
2026-06-15T08:42:11Z,check,check:55b48c1241a4,51.89324,4.483874,False,False,bicycle,electric_assist
2026-06-15T08:42:11Z,check,check:010be8b08b8f,51.910511,4.522478,False,False,bicycle,electric_assist
2026-06-15T08:42:11Z,check,check:783551f9aad7,51.908328,4.404061,False,False,bicycle,electric_assist
2026-06-15T08:42:11Z,check,check:4d4c2e48e397,51.909938,4.423347,False,False,bicycle,electric_assist
2026-06-15T08:42:11Z,check,check:d236608fbd12,51.902946,4.503403,False,False,bicycle,electric_assist
2026-06-15T08:42:11Z,check,check:c91c0bfe96de,51.913359,4.417842,False,True,bicycle,electric_assist
2026-06-15T08:42:11Z,check,check:d500401f95b2,51.895089,4.468379,False,False,bicycle,electric_assist
2026-06-15T08:42:11Z,check,check:5ef3ee8c9b41,51.958128,4.509768,False,False,bicycle,electric_assist
2026-06-15T08:42:11Z,check,check:f5383f0c13a9,51.913315,4.417752,False,True,bicycle,electric_assist
2026-06-15T08:42:11Z,check,check:338263f01348,51.913318,4.417766,False,True,bicycle,electric_assist
2026-06-15T08:42:11Z,check,check:d900db1f7a85,51.912245,4.494732,False,False,bicycle,electric_assist
2026-06-15T08:42:11Z,check,check:711f1f882007,51.913344,4.417612,False,True,bicycle,electric_assist
2026-06-15T08:42:11Z,check,check:1dce9dca13cf,51.930493,4.496387,False,True,bicycle,electric_assist
2026-06-15T08:42:11Z,check,check:80942e4405b1,51.917971,4.437145,False,False,bicycle,electric_assist
2026-06-15T08:42:11Z,check,check:c263e7f1c7e0,51.961851,4.499893,False,False,bicycle,electric_assist
2026-06-15T08:42:11Z,check,check:87d406cb698a,51.905523,4.488047,False,False,bicycle,electric_assist
2026-06-15T08:42:11Z,check,check:9853967e4d53,51.961915,4.467229,False,False,bicycle,electric_assist
2026-06-15T08:42:11Z,check,check:e1ea5a672b63,51.923211,4.493518,False,False,bicycle,electric_assist
2026-06-15T08:42:11Z,check,check:c90df80e1ea6,51.886243,4.549316,False,False,bicycle,electric_assist
2026-06-15T08:42:11Z,check,check:e9a2428d44e7,51.893588,4.526198,False,False,bicycle,electric_assist
2026-06-15T08:42:11Z,check,check:8f6fac191a02,51.951726,4.551049,False,False,bicycle,electric_assist
2026-06-15T08:42:11Z,check,check:a83151e05b44,51.945718,4.534997,False,False,bicycle,electric_assist
2026-06-15T08:42:11Z,check,check:68bbdbc2283d,51.886459,4.529142,False,False,bicycle,electric_assist
2026-06-15T08:42:11Z,check,check:39813a35f8f8,51.92798,4.488826,False,True,bicycle,electric_assist
2026-06-15T08:42:11Z,check,check:6ae4388e7a96,51.957668,4.501658,False,False,bicycle,electric_assist
2026-06-15T08:42:11Z,check,check:7954622cd5cd,51.953795,4.520089,False,False,bicycle,electric_assist
2026-06-15T08:42:11Z,check,check:3bc3810118a5,51.874043,4.492185,False,False,bicycle,electric_assist
2026-06-15T08:42:11Z,check,check:7ffddeaf6973,51.964252,4.481606,False,False,bicycle,electric_assist
2026-06-15T08:42:11Z,check,check:114b20da7f01,51.918937,4.493909,False,True,bicycle,electric_assist
2026-06-15T08:42:11Z,check,check:e0cc28a8944d,51.931949,4.457611,False,False,bicycle,electric_assist
2026-06-15T08:42:11Z,check,check:2723efb936f1,51.907994,4.493794,True,False,bicycle,electric_assist
2026-06-15T08:42:11Z,check,check:f84b95eddb5b,51.92952,4.467735,False,False,bicycle,electric_assist
2026-06-15T08:42:11Z,check,check:f5d72f4448e7,51.91332,4.417762,False,True,bicycle,electric_assist
2026-06-15T08:42:11Z,check,check:684bdfaf4aa5,51.925071,4.474357,False,False,bicycle,electric_assist
2026-06-15T08:42:11Z,check,check:deb6b006c9ea,51.908604,4.524849,False,False,bicycle,electric_assist
2026-06-15T08:42:11Z,check,check:1622c607add6,51.92343,4.480256,False,False,bicycle,electric_assist
2026-06-15T08:42:11Z,check,check:8ab1466ab644,51.882623,4.521161,False,False,bicycle,electric_assist
2026-06-15T08:42:11Z,check,check:b09530615a31,51.962873,4.501259,False,False,bicycle,electric_assist
2026-06-15T08:42:11Z,check,check:e3138abb586b,51.945249,4.555077,False,False,bicycle,electric_assist
2026-06-15T08:42:11Z,check,check:254600e7fc73,51.913348,4.417704,False,True,bicycle,electric_assist
2026-06-15T08:42:11Z,check,check:7c21b205a0b8,51.89068,4.476212,False,False,bicycle,electric_assist
2026-06-15T08:42:11Z,check,check:bef90fbd405b,51.933438,4.464496,False,True,bicycle,electric_assist
2026-06-15T08:42:11Z,check,check:c6c784517180,51.918775,4.463359,False,False,bicycle,electric_assist
2026-06-15T08:42:11Z,check,check:8b4f9c3059ea,51.96071,4.489407,False,False,bicycle,electric_assist
2026-06-15T08:42:11Z,check,check:66b6c33f6411,51.910259,4.424812,False,True,bicycle,electric_assist
2026-06-15T08:42:11Z,check,check:87edaba48aaa,51.923724,4.39947,False,False,bicycle,electric_assist
2026-06-15T08:42:11Z,check,check:5321c3f9e655,51.931999,4.415769,False,False,bicycle,electric_assist
2026-06-15T08:42:11Z,check,check:64065ffa77be,51.935318,4.460017,False,False,bicycle,electric_assist
2026-06-15T08:42:11Z,check,check:faff383be829,51.951782,4.524557,False,False,bicycle,electric_assist
2026-06-15T08:42:11Z,check,check:1cfdf1811f60,51.917218,4.523579,False,False,bicycle,electric_assist
2026-06-15T08:42:11Z,check,check:a655937e0d94,51.909995,4.473576,False,False,bicycle,electric_assist
2026-06-15T08:42:11Z,check,check:4584cfec9ee2,51.921041,4.559214,False,False,bicycle,electric_assist
2026-06-15T08:42:11Z,check,check:55ed1bbdb298,51.895077,4.469301,False,False,bicycle,electric_assist
2026-06-15T08:42:11Z,check,check:28170dedab4f,51.913322,4.417837,False,True,bicycle,electric_assist
2026-06-15T08:42:11Z,check,check:b23c14d9af28,51.961002,4.48745,False,False,bicycle,electric_assist
2026-06-15T08:42:11Z,check,check:b2443d05db9c,51.888955,4.469055,False,False,bicycle,electric_assist
2026-06-15T08:42:11Z,check,check:265eba0294b0,51.913336,4.417624,False,True,bicycle,electric_assist
2026-06-15T08:42:11Z,check,check:7171a4a0401e,51.932222,4.507917,False,False,bicycle,electric_assist
2026-06-15T08:42:11Z,check,check:6310b0291064,51.886726,4.473665,False,False,bicycle,electric_assist
2026-06-15T08:42:11Z,check,check:7ae3040b71e9,51.949259,4.432595,False,False,bicycle,electric_assist
2026-06-15T08:42:11Z,check,check:529227b131d0,51.913335,4.417737,False,True,bicycle,electric_assist
2026-06-15T08:42:11Z,check,check:1c32abb076fe,51.913344,4.417903,False,True,bicycle,electric_assist
2026-06-15T08:42:11Z,check,check:ec1b01443fd0,51.889596,4.467554,False,False,bicycle,electric_assist
2026-06-15T08:42:11Z,check,check:73a5d18e723d,51.877817,4.474558,False,False,bicycle,electric_assist
2026-06-15T08:42:11Z,check,check:586fdc59f21f,51.913347,4.417813,False,True,bicycle,electric_assist
2026-06-15T08:42:11Z,check,check:6aba8ed19168,51.935679,4.490561,False,False,bicycle,electric_assist
2026-06-15T08:42:11Z,check,check:5f9e97b94f46,51.913305,4.4177,False,True,bicycle,electric_assist
2026-06-15T08:42:11Z,check,check:64c01e85867b,51.920222,4.440829,False,False,bicycle,electric_assist
2026-06-15T08:42:11Z,check,check:443d2a941f4a,51.913335,4.417674,False,True,bicycle,electric_assist
2026-06-15T08:42:11Z,check,check:e1cc162ecbd7,51.90922,4.455547,False,True,bicycle,electric_assist
2026-06-15T08:42:11Z,check,check:29f1cfede35f,51.909594,4.448458,False,False,bicycle,electric_assist
2026-06-15T08:42:11Z,check,check:11fab6c9b19f,51.91117,4.386066,False,False,bicycle,electric_assist
2026-06-15T08:42:11Z,check,check:095662b830e7,51.903795,4.484482,False,False,bicycle,electric_assist
2026-06-15T08:42:11Z,check,check:b846629c308d,51.945949,4.490075,False,False,bicycle,electric_assist
2026-06-15T08:42:11Z,check,check:447b502d684d,51.913338,4.417729,False,True,bicycle,electric_assist
2026-06-15T08:42:11Z,check,check:ab4dd54fd5c1,51.913339,4.417863,False,True,bicycle,electric_assist
2026-06-15T08:42:11Z,check,check:0c23b025fc5e,51.921073,4.559192,False,False,bicycle,electric_assist
2026-06-15T08:42:11Z,check,check:1f3b9c29bb7d,51.892953,4.463295,False,False,bicycle,electric_assist
2026-06-15T08:42:11Z,check,check:94443da4da0a,51.919168,4.526877,False,False,bicycle,electric_assist
2026-06-15T08:42:11Z,check,check:11f03298f395,51.92316,4.486578,False,False,bicycle,electric_assist
2026-06-15T08:42:11Z,check,check:129354122953,51.886038,4.471843,False,False,bicycle,electric_assist
2026-06-15T08:42:11Z,check,check:bcb862476f25,51.913385,4.400287,False,False,bicycle,electric_assist
2026-06-15T08:42:11Z,check,check:3793b6f97682,51.909984,4.424927,False,True,bicycle,electric_assist
2026-06-15T08:42:11Z,check,check:04ee643b290f,51.928001,4.547454,False,True,bicycle,electric_assist
2026-06-15T08:42:11Z,check,check:6c1eb0a552cc,51.91595,4.441829,False,False,bicycle,electric_assist
2026-06-15T08:42:11Z,check,check:f7449aaa8f18,51.921241,4.396314,False,False,bicycle,electric_assist
2026-06-15T08:42:11Z,check,check:b8d25766a0db,51.945511,4.484754,False,False,bicycle,electric_assist
2026-06-15T08:42:11Z,check,check:7e9597532613,51.904762,4.463455,False,False,bicycle,electric_assist
2026-06-15T08:42:11Z,check,check:f4b448bfb10c,51.916394,4.489039,False,False,bicycle,electric_assist
2026-06-15T08:42:11Z,check,check:cb60e30bf36b,51.913355,4.417796,False,True,bicycle,electric_assist
2026-06-15T08:42:11Z,check,check:ceec89fa4832,51.913315,4.417624,False,True,bicycle,electric_assist
2026-06-15T08:42:11Z,check,check:d6ebff46299f,51.914495,4.484136,False,False,bicycle,electric_assist
2026-06-15T08:42:11Z,check,check:98636ea25538,51.933775,4.461496,False,False,bicycle,electric_assist
2026-06-15T08:42:11Z,check,check:3cc6cf22c536,51.925296,4.513385,False,False,bicycle,electric_assist
2026-06-15T08:42:11Z,check,check:7df394cc9532,51.913332,4.417812,False,True,bicycle,electric_assist
2026-06-15T08:42:11Z,check,check:d52df3794f41,51.927957,4.536035,False,False,bicycle,electric_assist
2026-06-15T08:42:11Z,check,check:3b3c875fe32f,51.912359,4.499465,False,False,bicycle,electric_assist
2026-06-15T08:42:11Z,check,check:809c5ae7fc14,51.913319,4.417649,False,True,bicycle,electric_assist
2026-06-15T08:42:11Z,check,check:96b3c44a0cf0,51.924008,4.394676,False,False,bicycle,electric_assist
2026-06-15T08:42:11Z,check,check:8d8d1f4bfbbc,51.925529,4.415436,False,False,bicycle,electric_assist
2026-06-15T08:42:11Z,check,check:63789c38dba6,51.913323,4.417686,False,True,bicycle,electric_assist
2026-06-15T08:42:11Z,check,check:6877dc237588,51.90346,4.464565,False,False,bicycle,electric_assist
2026-06-15T08:42:11Z,check,check:88cba6d48cd2,51.913329,4.417592,False,True,bicycle,electric_assist
2026-06-15T08:42:11Z,check,check:5ce18c6ab1da,51.922746,4.473593,False,False,bicycle,electric_assist
2026-06-15T08:42:11Z,check,check:5df789fb0b1d,51.87425,4.523095,False,False,bicycle,electric_assist
2026-06-15T08:42:11Z,check,check:11818121aa2f,51.906412,4.400949,False,False,bicycle,electric_assist
2026-06-15T08:42:11Z,check,check:eae78f09227f,51.903131,4.470929,False,False,bicycle,electric_assist
2026-06-15T08:42:11Z,check,check:6817f0895b90,51.957657,4.5017,False,False,bicycle,electric_assist
2026-06-15T08:42:11Z,check,check:0d86eb91e87f,51.913333,4.417744,False,True,bicycle,electric_assist
2026-06-15T08:42:11Z,check,check:63f549b60fa7,51.940547,4.47737,False,False,bicycle,electric_assist
2026-06-15T08:42:11Z,check,check:2d4f71b1f553,51.913354,4.41767,False,True,bicycle,electric_assist
2026-06-15T08:42:11Z,check,check:33830b2153e1,51.921829,4.441367,False,False,bicycle,electric_assist
2026-06-15T08:42:11Z,check,check:9dc582a77eab,51.913347,4.417768,False,True,bicycle,electric_assist
2026-06-15T08:42:11Z,check,check:237ca401cbf4,51.921761,4.533972,False,False,bicycle,electric_assist
2026-06-15T08:42:11Z,check,check:7b573a98c4ba,51.939434,4.468996,False,False,bicycle,electric_assist
2026-06-15T08:42:11Z,check,check:19e54c685caa,51.913306,4.417736,False,True,bicycle,electric_assist
2026-06-15T08:42:11Z,check,check:fb1110b15c0b,51.913328,4.417862,False,True,bicycle,electric_assist
2026-06-15T08:42:11Z,check,check:513caa89eeda,51.886419,4.549309,False,False,bicycle,electric_assist
2026-06-15T08:42:11Z,check,check:4edb9165a647,51.930305,4.491673,False,True,bicycle,electric_assist
2026-06-15T08:42:11Z,check,check:d80e1238fb3b,51.964591,4.468969,False,False,bicycle,electric_assist
2026-06-15T08:42:11Z,check,check:a5fa9609a30c,51.965732,4.531942,False,False,bicycle,electric_assist
2026-06-15T08:42:11Z,check,check:304fb3391744,51.921835,4.460569,False,False,bicycle,electric_assist
2026-06-15T08:42:11Z,check,check:1669df41d9cb,51.913339,4.417867,False,True,bicycle,electric_assist
2026-06-15T08:42:11Z,check,check:f75dd0d733b7,51.913338,4.417727,False,True,bicycle,electric_assist
2026-06-15T08:42:11Z,check,check:6bf1d553a28c,51.906497,4.478358,False,False,bicycle,electric_assist
2026-06-15T08:42:11Z,check,check:0565070e3cbe,51.913359,4.417799,False,True,bicycle,electric_assist
2026-06-15T08:42:11Z,check,check:6952f8b28e45,51.966601,4.47124,False,False,bicycle,electric_assist
2026-06-15T08:42:11Z,check,check:228a8a26176f,51.894089,4.467563,False,False,bicycle,electric_assist
2026-06-15T08:42:11Z,check,check:9c27d14bc239,51.901061,4.511287,False,False,bicycle,electric_assist
2026-06-15T08:42:11Z,check,check:b5813e8f8ee8,51.91351,4.435065,False,False,bicycle,electric_assist
2026-06-15T08:42:11Z,check,check:29d8982cfbc6,51.913347,4.417858,False,True,bicycle,electric_assist
2026-06-15T08:42:11Z,check,check:f1b6bc02cbf4,51.902264,4.496123,False,False,bicycle,electric_assist
2026-06-15T08:42:11Z,check,check:2fd16a375b94,51.886351,4.549322,False,False,bicycle,electric_assist
2026-06-15T08:42:11Z,check,check:7609d55ee2e6,51.907336,4.44153,False,False,bicycle,electric_assist
2026-06-15T08:42:11Z,check,check:8c57e58b2a63,51.962391,4.490446,False,False,bicycle,electric_assist
2026-06-15T08:42:11Z,check,check:ff91b9e7efca,51.910192,4.424669,False,True,bicycle,electric_assist
2026-06-15T08:42:11Z,check,check:d54ab89060ce,51.914892,4.456828,False,False,bicycle,electric_assist
2026-06-15T08:42:11Z,check,check:ec4bf85222a8,51.913347,4.417685,False,True,bicycle,electric_assist
2026-06-15T08:42:11Z,check,check:7e64fa409e9d,51.902469,4.46823,False,False,bicycle,electric_assist
2026-06-15T08:42:11Z,check,check:0e7bcb83c57b,51.934555,4.476384,False,False,bicycle,electric_assist
2026-06-15T08:42:11Z,check,check:6f9983fdc0a6,51.913358,4.41775,False,True,bicycle,electric_assist
2026-06-15T08:42:11Z,check,check:d04ce5f521cd,51.895141,4.514737,False,True,bicycle,electric_assist
2026-06-15T08:42:11Z,check,check:7e08f5d9c71e,51.913319,4.417805,False,True,bicycle,electric_assist
2026-06-15T08:42:11Z,check,check:04b8847ef3ad,51.916049,4.527164,False,False,bicycle,electric_assist
2026-06-15T08:42:11Z,check,check:e398c76f4d85,51.886395,4.466037,False,False,bicycle,electric_assist
2026-06-15T08:42:11Z,check,check:d85f6ba552a5,51.932913,4.539074,False,False,bicycle,electric_assist
2026-06-15T08:42:11Z,check,check:a80ce563d85b,51.913339,4.417721,False,True,bicycle,electric_assist
2026-06-15T08:42:11Z,check,check:307c384593c8,51.962291,4.511449,False,False,bicycle,electric_assist
2026-06-15T08:42:11Z,check,check:b9ad970d58af,51.909507,4.45801,False,False,bicycle,electric_assist
2026-06-15T08:42:11Z,check,check:ff22c1c12bb8,51.913328,4.417817,False,True,bicycle,electric_assist
2026-06-15T08:42:11Z,check,check:b1e5ad023881,51.932497,4.476013,True,False,bicycle,electric_assist
2026-06-15T08:42:11Z,check,check:41027e2be85c,51.910259,4.424832,False,True,bicycle,electric_assist
2026-06-15T08:42:11Z,check,check:80700e82de99,51.95935,4.506102,False,False,bicycle,electric_assist
2026-06-15T08:42:11Z,check,check:2c51ff38c0fd,51.949263,4.432597,False,False,bicycle,electric_assist
2026-06-15T08:42:11Z,check,check:041f0ba08c8b,51.91334,4.417637,False,True,bicycle,electric_assist
2026-06-15T08:42:11Z,check,check:7d9392edff58,51.922812,4.508535,False,False,bicycle,electric_assist
2026-06-15T08:42:11Z,check,check:e397696f3081,51.958908,4.467216,False,False,bicycle,electric_assist
2026-06-15T08:42:11Z,check,check:7b6dd51db30f,51.955614,4.506072,False,False,bicycle,electric_assist
2026-06-15T08:42:11Z,check,check:ed9d5e6e61c7,51.96469,4.502118,False,False,bicycle,electric_assist
2026-06-15T08:42:11Z,check,check:140daf7e7b9d,51.914158,4.422398,False,False,bicycle,electric_assist
2026-06-15T08:42:11Z,check,check:3d9732aff687,51.874288,4.523121,False,False,bicycle,electric_assist
2026-06-15T08:42:11Z,check,check:e8245f618f4f,51.891216,4.47946,False,False,bicycle,electric_assist
2026-06-15T08:42:11Z,check,check:60360492a6aa,51.931757,4.563915,False,False,bicycle,electric_assist
2026-06-15T08:42:11Z,check,check:86c19c816735,51.880458,4.530089,False,False,bicycle,electric_assist
2026-06-15T08:42:11Z,check,check:f0818e48df61,51.916141,4.526943,False,False,bicycle,electric_assist
2026-06-15T08:42:11Z,check,check:9f2d3ee69d6a,51.911839,4.466345,False,False,bicycle,electric_assist
2026-06-15T08:42:11Z,check,check:028b58643973,51.95763,4.501742,False,False,bicycle,electric_assist
2026-06-15T08:42:11Z,check,check:cef201e28594,51.913343,4.417825,False,True,bicycle,electric_assist
2026-06-15T08:42:11Z,check,check:b63e4f2b666f,51.916793,4.402129,False,False,bicycle,electric_assist
2026-06-15T08:42:11Z,check,check:494711a3cdf1,51.886318,4.549317,False,False,bicycle,electric_assist
2026-06-15T08:42:11Z,check,check:05402e98bb50,51.874262,4.523081,False,False,bicycle,electric_assist
2026-06-15T08:42:11Z,check,check:f0fdebd42e68,51.913982,4.486888,False,False,bicycle,electric_assist
2026-06-15T08:42:11Z,check,check:424d8bfd3159,51.892192,4.47142,False,False,bicycle,electric_assist
2026-06-15T08:42:11Z,check,check:81875134e2f1,51.913329,4.417788,False,True,bicycle,electric_assist
2026-06-15T08:42:11Z,check,check:b44e56823e2d,51.913339,4.417597,False,True,bicycle,electric_assist
2026-06-15T08:42:11Z,check,check:3eb5287d803c,51.880621,4.53194,False,False,bicycle,electric_assist
2026-06-15T08:42:11Z,check,check:acdb9a02aaf2,51.964268,4.472772,False,False,bicycle,electric_assist
2026-06-15T08:42:11Z,check,check:0c2ed5f32da3,51.960077,4.469942,False,False,bicycle,electric_assist
2026-06-15T08:42:11Z,check,check:5954471ea6e2,51.906394,4.475024,False,False,bicycle,electric_assist
2026-06-15T08:42:11Z,check,check:f0cbbf5d3e85,51.905514,4.465764,False,False,bicycle,electric_assist
2026-06-15T08:42:11Z,check,check:019d84a61c3d,51.874261,4.523074,False,False,bicycle,electric_assist
2026-06-15T08:42:11Z,check,check:75d8f5ae354b,51.911005,4.501364,False,False,bicycle,electric_assist
2026-06-15T08:42:11Z,check,check:8e1625a17d39,51.913364,4.417704,False,True,bicycle,electric_assist
2026-06-15T08:42:11Z,check,check:6d58a1175bde,51.913343,4.417745,False,True,bicycle,electric_assist
2026-06-15T08:42:11Z,check,check:5352e45ac2e1,51.932834,4.484656,False,True,bicycle,electric_assist
2026-06-15T08:42:11Z,check,check:37d0493917fd,51.961877,4.489834,False,False,bicycle,electric_assist
2026-06-15T08:42:11Z,check,check:e04b19bd14bd,51.942176,4.477286,False,False,bicycle,electric_assist
2026-06-15T08:42:11Z,check,check:677466c3f7ef,51.917231,4.52315,False,False,bicycle,electric_assist
2026-06-15T08:42:11Z,check,check:06cbf668fcf1,51.910009,4.424922,False,True,bicycle,electric_assist
2026-06-15T08:42:11Z,check,check:d28bf2a39567,51.913008,4.467227,False,False,bicycle,electric_assist
2026-06-15T08:42:11Z,check,check:f08a826b3b98,51.886447,4.529178,False,False,bicycle,electric_assist
2026-06-15T08:42:11Z,check,check:e96318a91c69,51.910601,4.459484,False,False,bicycle,electric_assist
2026-06-15T08:42:11Z,check,check:9070499cd7ea,51.902795,4.511472,False,False,bicycle,electric_assist
2026-06-15T08:42:11Z,check,check:3355867bfa1d,51.896457,4.498705,False,False,bicycle,electric_assist
2026-06-15T08:42:11Z,check,check:0741b765a25f,51.921648,4.507084,False,False,bicycle,electric_assist
2026-06-15T08:42:11Z,check,check:63eda19e3156,51.869793,4.474403,False,False,bicycle,electric_assist
2026-06-15T08:42:11Z,check,check:ec2608d9739a,51.91185,4.466352,False,False,bicycle,electric_assist
2026-06-15T08:42:11Z,check,check:8d63210d6ed1,51.911461,4.478195,False,False,bicycle,electric_assist
2026-06-15T08:42:11Z,check,check:b277b40b3497,51.874271,4.523133,False,False,bicycle,electric_assist
2026-06-15T08:42:11Z,check,check:efb6104cf3dc,51.913314,4.417828,False,True,bicycle,electric_assist
2026-06-15T08:42:11Z,check,check:4477a4eb8289,51.914182,4.457414,False,False,bicycle,electric_assist
2026-06-15T08:42:11Z,check,check:41f941d2956f,51.913339,4.417646,False,True,bicycle,electric_assist
2026-06-15T08:42:11Z,check,check:3546c4245620,51.911808,4.46636,False,False,bicycle,electric_assist
2026-06-15T08:42:11Z,check,check:cb9f8cf4089b,51.917138,4.523307,False,False,bicycle,electric_assist
2026-06-15T08:42:11Z,check,check:26a1ecd32b8a,51.877351,4.494743,False,False,bicycle,electric_assist
2026-06-15T08:42:11Z,check,check:32115d4c7d38,51.914776,4.444352,False,False,bicycle,electric_assist
2026-06-15T08:42:11Z,check,check:4eb0e8a29db2,51.913304,4.41758,False,True,bicycle,electric_assist
2026-06-15T08:42:11Z,check,check:81f5d7bfcd2d,51.933494,4.487735,False,True,bicycle,electric_assist
2026-06-15T08:42:11Z,check,check:db54577d45f0,51.958835,4.466256,False,False,bicycle,electric_assist
2026-06-15T08:42:11Z,check,check:3a40577391b0,51.905606,4.509525,False,False,bicycle,electric_assist
2026-06-15T08:42:11Z,check,check:4699a72cc755,51.87523,4.472159,False,False,bicycle,electric_assist
2026-06-15T08:42:11Z,check,check:11dbdcbdd991,51.904261,4.507035,False,False,bicycle,electric_assist
2026-06-15T08:42:11Z,check,check:1fd5f8c5205e,51.918887,4.482653,False,False,bicycle,electric_assist
2026-06-15T08:42:11Z,check,check:85fd4a1c48fb,51.870168,4.470644,False,False,bicycle,electric_assist
2026-06-15T08:42:11Z,check,check:82ca1f066089,51.943261,4.474648,False,False,bicycle,electric_assist
2026-06-15T08:42:11Z,check,check:f6e648edacd4,51.92029,4.473874,False,False,bicycle,electric_assist
2026-06-15T08:42:11Z,check,check:e4f44d9c61b0,51.927188,4.476403,False,False,bicycle,electric_assist
2026-06-15T08:42:11Z,check,check:67ea86575afb,51.958982,4.474625,False,False,bicycle,electric_assist
2026-06-15T08:42:11Z,check,check:44dc5504b39d,51.911872,4.466525,False,False,bicycle,electric_assist
2026-06-15T08:42:11Z,check,check:bfe785aad3a8,51.961367,4.480261,False,False,bicycle,electric_assist
2026-06-15T08:42:11Z,check,check:40568712c6f4,51.913323,4.417632,False,True,bicycle,electric_assist
2026-06-15T08:42:11Z,check,check:b1cfe31016c2,51.913322,4.417706,False,True,bicycle,electric_assist
2026-06-15T08:42:11Z,check,check:1e667dcd2ecd,51.94924,4.432571,False,False,bicycle,electric_assist
2026-06-15T08:42:11Z,check,check:5c52f90eaa8a,51.914216,4.496196,False,False,bicycle,electric_assist
2026-06-15T08:42:11Z,check,check:24bb53c33aeb,51.913305,4.417749,False,True,bicycle,electric_assist
2026-06-15T08:42:11Z,check,check:0b5dc7848b70,51.914445,4.459251,False,False,bicycle,electric_assist
2026-06-15T08:42:11Z,check,check:cfdaa56372d7,51.912923,4.492105,False,False,bicycle,electric_assist
2026-06-15T08:42:11Z,check,check:e08e8a0db614,51.896955,4.423205,False,True,bicycle,electric_assist
2026-06-15T08:42:11Z,check,check:be250cb6ee81,51.91332,4.417656,False,True,bicycle,electric_assist
2026-06-15T08:42:11Z,check,check:4fd6309e97bb,51.873128,4.490173,False,False,bicycle,electric_assist
2026-06-15T08:42:11Z,check,check:ad7923efd4b4,51.912023,4.490868,False,False,bicycle,electric_assist
2026-06-15T08:42:11Z,check,check:319de5dcdcda,51.874231,4.494065,False,False,bicycle,electric_assist
2026-06-15T08:42:11Z,check,check:59d77956e10a,51.930872,4.457513,False,False,bicycle,electric_assist
2026-06-15T08:42:11Z,check,check:f9883c90eb8c,51.925438,4.466157,False,False,bicycle,electric_assist
2026-06-15T08:42:11Z,check,check:6143628f4d44,51.922712,4.473474,False,False,bicycle,electric_assist
2026-06-15T08:42:11Z,check,check:53d94e9a8548,51.904458,4.406967,False,False,bicycle,electric_assist
2026-06-15T08:42:11Z,check,check:d80e08bb16f5,51.913344,4.417672,False,True,bicycle,electric_assist
2026-06-15T08:42:11Z,check,check:be97e0204a9b,51.913342,4.417731,False,True,bicycle,electric_assist
2026-06-15T08:42:11Z,check,check:6fa57b944936,51.933373,4.502902,False,False,bicycle,electric_assist
2026-06-15T08:42:11Z,check,check:74b80da5cc77,51.911575,4.425043,False,False,bicycle,electric_assist
2026-06-15T08:42:11Z,check,check:dfb87dd08beb,51.923917,4.486513,False,False,bicycle,electric_assist
2026-06-15T08:42:11Z,check,check:00bea2f8da3f,51.957678,4.501687,False,False,bicycle,electric_assist
2026-06-15T08:42:11Z,check,check:8484082d64d6,51.942452,4.537888,True,False,bicycle,electric_assist
2026-06-15T08:42:11Z,check,check:180c2438cfb6,51.877307,4.494721,False,False,bicycle,electric_assist
2026-06-15T08:42:11Z,check,check:3119810565ee,51.924743,4.517016,False,False,bicycle,electric_assist
2026-06-15T08:42:11Z,check,check:0c1a0758289d,51.892509,4.518045,False,True,bicycle,electric_assist
2026-06-15T08:42:11Z,check,check:feca83f23b4c,51.912777,4.484269,False,True,bicycle,electric_assist
2026-06-15T08:42:11Z,check,check:38dac7d279d1,51.958997,4.47158,False,False,bicycle,electric_assist
2026-06-15T08:42:11Z,check,check:fc28bf64c692,51.905555,4.509611,False,False,bicycle,electric_assist
2026-06-15T08:42:11Z,check,check:06b11f809751,51.901405,4.509105,False,False,bicycle,electric_assist
2026-06-15T08:42:11Z,check,check:e414c7e94f2e,51.89917,4.509932,False,False,bicycle,electric_assist
2026-06-15T08:42:11Z,check,check:4cb9b2828007,51.886205,4.549309,False,False,bicycle,electric_assist
2026-06-15T08:42:11Z,check,check:3bf50988b685,51.960669,4.464954,False,False,bicycle,electric_assist
2026-06-15T08:42:11Z,check,check:5fd5a897cd2b,51.913339,4.41763,False,True,bicycle,electric_assist
2026-06-15T08:42:11Z,check,check:8534f2e4de4e,51.953833,4.520117,False,False,bicycle,electric_assist
2026-06-15T08:42:11Z,check,check:7649ee51931b,51.887139,4.491587,False,False,bicycle,electric_assist
2026-06-15T08:42:11Z,check,check:9d23fc580030,51.941754,4.474414,False,False,bicycle,electric_assist
2026-06-15T08:42:11Z,check,check:eb561516aadd,51.913355,4.417611,False,True,bicycle,electric_assist
2026-06-15T08:42:11Z,check,check:b19122e4d0a8,51.92546,4.466353,False,False,bicycle,electric_assist
2026-06-15T08:42:11Z,check,check:67559da0738b,51.913045,4.5538,False,False,bicycle,electric_assist
2026-06-15T08:42:11Z,check,check:5a34e6db2ad4,51.920712,4.472041,False,False,bicycle,electric_assist
2026-06-15T08:42:11Z,check,check:4d279a754899,51.913698,4.450703,False,False,bicycle,electric_assist
2026-06-15T08:42:11Z,check,check:8ab1d6176ad0,51.913325,4.417699,False,True,bicycle,electric_assist
2026-06-15T08:42:11Z,check,check:27d98288bac3,51.913345,4.417834,False,True,bicycle,electric_assist
2026-06-15T08:42:11Z,check,check:8fa17f6b2f2d,51.913362,4.417765,False,True,bicycle,electric_assist
2026-06-15T08:42:11Z,check,check:33990d50584f,51.913332,4.417666,False,True,bicycle,electric_assist
2026-06-15T08:42:11Z,check,check:170c4b66ba67,51.900892,4.503342,False,False,bicycle,electric_assist
2026-06-15T08:42:11Z,check,check:2fb89f7b15a1,51.902509,4.465205,False,False,bicycle,electric_assist
2026-06-15T08:42:11Z,check,check:0cbc271751e0,51.912639,4.430265,False,False,bicycle,electric_assist
2026-06-15T08:42:11Z,check,check:1dc32c35f4ef,51.913352,4.417678,False,True,bicycle,electric_assist
2026-06-15T08:42:11Z,check,check:3d4787079c6f,51.932013,4.415786,False,False,bicycle,electric_assist
2026-06-15T08:42:11Z,check,check:1dfb55fea34a,51.96121,4.51028,False,False,bicycle,electric_assist
2026-06-15T08:42:11Z,check,check:12f657d67586,51.901413,4.461478,False,False,bicycle,electric_assist
2026-06-15T08:42:11Z,check,check:17ea262f0c70,51.907723,4.443635,False,False,bicycle,electric_assist
2026-06-15T08:42:11Z,check,check:1f931bc9ead2,51.955018,4.470853,False,True,bicycle,electric_assist
2026-06-15T08:42:11Z,check,check:477e6d09173d,51.961033,4.503082,False,False,bicycle,electric_assist
2026-06-15T08:42:11Z,check,check:5c21d3861df7,51.934263,4.462555,False,False,bicycle,electric_assist
2026-06-15T08:42:11Z,check,check:454f2e219323,51.912381,4.385454,False,False,bicycle,electric_assist
2026-06-15T08:42:11Z,check,check:03b909a9669b,51.931755,4.564005,False,False,bicycle,electric_assist
2026-06-15T08:42:11Z,check,check:f15bfb29ef14,51.877145,4.491546,False,False,bicycle,electric_assist
2026-06-15T08:42:11Z,check,check:2b73e12345fd,51.875646,4.493428,False,False,bicycle,electric_assist
2026-06-15T08:42:11Z,check,check:4a4dd310aa73,51.870998,4.501251,False,True,bicycle,electric_assist
2026-06-15T08:42:11Z,check,check:a6a0bdcc33c2,51.911876,4.466368,False,False,bicycle,electric_assist
2026-06-15T08:42:11Z,check,check:c61788de678d,51.923661,4.399634,False,True,bicycle,electric_assist
2026-06-15T08:42:11Z,check,check:64d8b0e18a4c,51.913341,4.417679,False,True,bicycle,electric_assist
2026-06-15T08:42:11Z,check,check:2f8776956c0b,51.913316,4.41776,False,True,bicycle,electric_assist
2026-06-15T08:42:11Z,check,check:f4d399068091,51.922338,4.471382,False,False,bicycle,electric_assist
2026-06-15T08:42:11Z,check,check:579b3054158a,51.958956,4.474486,False,False,bicycle,electric_assist
2026-06-15T08:42:11Z,check,check:327f10c1cf4e,51.913315,4.417718,False,True,bicycle,electric_assist
2026-06-15T08:42:11Z,check,check:3524767712b0,51.905586,4.50953,False,False,bicycle,electric_assist
2026-06-15T08:42:11Z,check,check:0ec39b9f8127,51.87679,4.470281,False,False,bicycle,electric_assist
2026-06-15T08:42:11Z,check,check:f6959ce55254,51.877133,4.491576,False,False,bicycle,electric_assist
2026-06-15T08:42:11Z,check,check:367b08c5e64f,51.896775,4.500088,False,False,bicycle,electric_assist
2026-06-15T08:42:11Z,check,check:6fff2680e317,51.917042,4.523306,False,False,bicycle,electric_assist
2026-06-15T08:42:11Z,check,check:d82377f18174,51.887696,4.539733,False,True,bicycle,electric_assist
2026-06-15T08:42:11Z,check,check:14ca9fc95ec8,51.925466,4.466433,False,False,bicycle,electric_assist
2026-06-15T08:42:11Z,check,check:7a5c44b1ab0d,51.913354,4.417855,False,True,bicycle,electric_assist
2026-06-15T08:42:11Z,check,check:424b946878d4,51.923031,4.478201,False,False,bicycle,electric_assist
2026-06-15T08:42:11Z,check,check:9ad9658a0b82,51.910222,4.424777,False,True,bicycle,electric_assist
2026-06-15T08:42:11Z,check,check:e6b74883b637,51.913344,4.417884,False,True,bicycle,electric_assist
2026-06-15T08:42:11Z,check,check:2ee0044497aa,51.913313,4.417822,False,True,bicycle,electric_assist
2026-06-15T08:42:11Z,check,check:ef426d0298d0,51.907207,4.489305,False,False,bicycle,electric_assist
2026-06-15T08:42:11Z,check,check:ae8e1efc1183,51.886333,4.549331,False,False,bicycle,electric_assist
2026-06-15T08:42:11Z,check,check:bdf2602c16f9,51.917437,4.430036,False,False,bicycle,electric_assist
2026-06-15T08:42:11Z,check,check:510c361cde61,51.874306,4.523123,False,False,bicycle,electric_assist
2026-06-15T08:42:11Z,check,check:a52315150a2b,51.918645,4.416506,False,False,bicycle,electric_assist
2026-06-15T08:42:11Z,check,check:fbd3f1e62a71,51.904475,4.497771,False,False,bicycle,electric_assist
2026-06-15T08:42:11Z,check,check:a4014d37e744,51.913321,4.417846,False,True,bicycle,electric_assist
2026-06-15T08:42:11Z,check,check:2caba83ea8a9,51.916974,4.485977,False,False,bicycle,electric_assist
2026-06-15T08:42:11Z,check,check:79052083683f,51.913425,4.4003,False,False,bicycle,electric_assist
2026-06-15T08:42:11Z,check,check:c3accb9befc0,51.894148,4.49134,False,False,bicycle,electric_assist
2026-06-15T08:42:11Z,check,check:4986b2b58024,51.908921,4.498487,False,False,bicycle,electric_assist
2026-06-15T08:42:11Z,check,check:31fc09a49fc7,51.915109,4.439191,False,False,bicycle,electric_assist
2026-06-15T08:42:11Z,check,check:9f8517dda221,51.91336,4.417628,False,True,bicycle,electric_assist
2026-06-15T08:42:11Z,check,check:aae797f9dee6,51.922819,4.469581,False,False,bicycle,electric_assist
2026-06-15T08:42:11Z,check,check:fd380aa0655f,51.913333,4.417857,False,True,bicycle,electric_assist
2026-06-15T08:42:11Z,check,check:6c528bb1e9ed,51.912359,4.455099,False,False,bicycle,electric_assist
2026-06-15T08:42:11Z,check,check:cad06fff5044,51.914919,4.456747,False,False,bicycle,electric_assist
2026-06-15T08:42:11Z,check,check:453c0165c6db,51.937987,4.536897,False,False,bicycle,electric_assist
2026-06-15T08:42:11Z,check,check:16fb58c9bacb,51.934605,4.413972,False,False,bicycle,electric_assist
2026-06-15T08:42:11Z,check,check:52a8270da5a0,51.949284,4.432672,False,False,bicycle,electric_assist
2026-06-15T08:42:11Z,check,check:1f09cd784ef2,51.909968,4.424926,False,False,bicycle,electric_assist
2026-06-15T08:42:11Z,check,check:be919046c752,51.949279,4.432657,False,False,bicycle,electric_assist
2026-06-15T08:42:11Z,check,check:d2919f59c728,51.921834,4.522915,False,False,bicycle,electric_assist
2026-06-15T08:42:11Z,check,check:3638dab088d1,51.944662,4.482531,False,False,bicycle,electric_assist
2026-06-15T08:42:11Z,check,check:a9d58f5ec8ce,51.913357,4.417772,False,True,bicycle,electric_assist
2026-06-15T08:42:11Z,check,check:87f300df502e,51.913346,4.417842,False,True,bicycle,electric_assist
2026-06-15T08:42:11Z,check,check:d03715b2ddcb,51.902943,4.511373,False,False,bicycle,electric_assist
2026-06-15T08:42:11Z,check,check:d0a5b11bd9ee,51.910833,4.553883,False,False,bicycle,electric_assist
2026-06-15T08:42:11Z,check,check:c0314a9e91bd,51.886226,4.54934,False,False,bicycle,electric_assist
2026-06-15T08:42:11Z,check,check:e873ec0eb1dd,51.953833,4.52011,False,False,bicycle,electric_assist
2026-06-15T08:42:11Z,check,check:e9effb519b03,51.928336,4.519231,False,False,bicycle,electric_assist
2026-06-15T08:42:11Z,check,check:f8097a680a7e,51.918959,4.493915,False,False,bicycle,electric_assist
2026-06-15T08:42:11Z,check,check:cd931d692506,51.880484,4.530044,False,False,bicycle,electric_assist
2026-06-15T08:42:11Z,check,check:9615ab52fea5,51.922197,4.482826,False,False,bicycle,electric_assist
2026-06-15T08:42:11Z,check,check:9de9cbcb1cc6,51.957665,4.501654,False,False,bicycle,electric_assist
2026-06-15T08:42:11Z,check,check:d64a8a9e8ae5,51.905893,4.443845,False,False,bicycle,electric_assist
2026-06-15T08:42:11Z,check,check:f59c6b74ff40,51.958132,4.509769,False,False,bicycle,electric_assist
2026-06-15T08:42:11Z,check,check:c211c62427d1,51.896903,4.523625,False,False,bicycle,electric_assist
2026-06-15T08:42:11Z,check,check:c5a8a50b8ffc,51.961902,4.499817,False,False,bicycle,electric_assist
2026-06-15T08:42:11Z,check,check:215c9a6a71ce,51.891404,4.511769,False,False,bicycle,electric_assist
2026-06-15T08:42:11Z,check,check:61aab358bbbd,51.91335,4.417831,False,True,bicycle,electric_assist
2026-06-15T08:42:11Z,check,check:cd93208a37ed,51.937991,4.53693,False,False,bicycle,electric_assist
2026-06-15T08:42:11Z,check,check:4b960a30f62c,51.911662,4.449547,False,False,bicycle,electric_assist
2026-06-15T08:42:11Z,check,check:0ce41b5c821b,51.935054,4.464794,False,False,bicycle,electric_assist
2026-06-15T08:42:11Z,check,check:ae40f2305ffb,51.923517,4.491128,False,False,bicycle,electric_assist
2026-06-15T08:42:11Z,check,check:6ce71cbf9248,51.920165,4.434428,False,False,bicycle,electric_assist
2026-06-15T08:42:11Z,check,check:484f02d6ff4c,51.950329,4.544601,False,False,bicycle,electric_assist
2026-06-15T08:42:11Z,check,check:a4d99eeff332,51.913348,4.417805,False,True,bicycle,electric_assist
2026-06-15T08:42:11Z,check,check:ecf4fec8ec17,51.90626,4.476852,False,False,bicycle,electric_assist
2026-06-15T08:42:11Z,check,check:e93f80063c52,51.886245,4.549332,False,False,bicycle,electric_assist
2026-06-15T08:42:11Z,check,check:f2ffbd04a9ab,51.904835,4.485988,False,False,bicycle,electric_assist
2026-06-15T08:42:11Z,check,check:55f98557204e,51.909963,4.423367,False,False,bicycle,electric_assist
2026-06-15T08:42:11Z,check,check:b90b3b71762a,51.914934,4.442471,False,False,bicycle,electric_assist
2026-06-15T08:42:11Z,check,check:55be1822cce5,51.913351,4.417724,False,True,bicycle,electric_assist
2026-06-15T08:42:11Z,check,check:7daeb776fe09,51.917197,4.523377,False,False,bicycle,electric_assist
2026-06-15T08:42:11Z,check,check:f6440f9a5455,51.913345,4.417877,False,True,bicycle,electric_assist
2026-06-15T08:42:11Z,check,check:8e5ec08267b5,51.888666,4.48872,False,False,bicycle,electric_assist
2026-06-15T08:42:11Z,check,check:de48579c9fe8,51.91893,4.488212,False,True,bicycle,electric_assist
2026-06-15T08:42:11Z,check,check:e1322ed4b017,51.913355,4.417738,False,True,bicycle,electric_assist
2026-06-15T08:42:11Z,check,check:366560b53bed,51.909463,4.442071,False,False,bicycle,electric_assist
2026-06-15T08:42:11Z,check,check:148ee3b14fc6,51.910216,4.424734,False,True,bicycle,electric_assist
2026-06-15T08:42:11Z,check,check:acac9d556b44,51.90995,4.423372,False,False,bicycle,electric_assist
2026-06-15T08:42:11Z,check,check:5f434c2bf34b,51.945051,4.482837,False,False,bicycle,electric_assist
2026-06-15T08:42:11Z,check,check:cf1fe2628ac9,51.913341,4.417754,False,True,bicycle,electric_assist
2026-06-15T08:42:11Z,check,check:16301e324b0d,51.915313,4.474135,False,False,bicycle,electric_assist
2026-06-15T08:42:11Z,check,check:d0fe8ed889f8,51.917079,4.409316,False,False,bicycle,electric_assist
2026-06-15T08:42:11Z,check,check:b1f40c3e60df,51.922794,4.46961,False,False,bicycle,electric_assist
2026-06-15T08:42:11Z,check,check:98deb7758c60,51.913354,4.417741,False,True,bicycle,electric_assist
2026-06-15T08:42:11Z,check,check:191865f6c761,51.909941,4.423341,False,False,bicycle,electric_assist
2026-06-15T08:42:11Z,check,check:e53d4b82ab6c,51.907322,4.402276,False,False,bicycle,electric_assist
2026-06-15T08:42:11Z,check,check:2186bef783de,51.920715,4.472051,False,False,bicycle,electric_assist
2026-06-15T08:42:11Z,check,check:29f158afdfe2,51.906592,4.525588,False,False,bicycle,electric_assist
2026-06-15T08:42:11Z,check,check:f9d9e81cf138,51.920294,4.412042,False,False,bicycle,electric_assist
2026-06-15T08:42:11Z,check,check:cbd971c6da9f,51.913662,4.439455,False,False,bicycle,electric_assist
2026-06-15T08:42:11Z,check,check:2b70b5793801,51.924051,4.488489,False,False,bicycle,electric_assist
2026-06-15T08:42:11Z,check,check:265b6551ca03,51.912793,4.492325,False,False,bicycle,electric_assist
2026-06-15T08:42:11Z,check,check:8916b88ef4bf,51.908543,4.481773,False,False,bicycle,electric_assist
2026-06-15T08:42:11Z,check,check:cb7b6a6c4b77,51.908081,4.460382,False,False,bicycle,electric_assist
2026-06-15T08:42:11Z,check,check:ca4f47b03d8a,51.949259,4.432559,False,False,bicycle,electric_assist
2026-06-15T08:42:11Z,check,check:1514ccbf4f19,51.960982,4.503151,False,False,bicycle,electric_assist
2026-06-15T08:42:11Z,check,check:c4cc4c7fb40f,51.922839,4.469547,False,False,bicycle,electric_assist
2026-06-15T08:42:11Z,check,check:beb0f2c0e438,51.954554,4.476428,False,False,bicycle,electric_assist
2026-06-15T08:42:11Z,check,check:6c524a39e983,51.91886,4.493982,False,False,bicycle,electric_assist
2026-06-15T08:42:11Z,check,check:33d5e8e38368,51.95951,4.473469,False,False,bicycle,electric_assist
2026-06-15T08:42:11Z,check,check:b5e964ba609c,51.908471,4.496991,False,False,bicycle,electric_assist
2026-06-15T08:42:11Z,check,check:838d7baf5404,51.906463,4.475121,False,False,bicycle,electric_assist
2026-06-15T08:42:11Z,check,check:f201a7feeaca,51.913345,4.417626,False,True,bicycle,electric_assist
2026-06-15T08:42:11Z,check,check:1a99a624a349,51.911237,4.47591,False,False,bicycle,electric_assist
2026-06-15T08:42:11Z,check,check:12945d9fba98,51.906137,4.461828,False,False,bicycle,electric_assist
2026-06-15T08:42:11Z,check,check:b6fa41ec0f62,51.909409,4.458044,False,False,bicycle,electric_assist
2026-06-15T08:42:11Z,check,check:0064b7745edb,51.95382,4.520104,False,False,bicycle,electric_assist
2026-06-15T08:42:11Z,check,check:d601b1ed4127,51.938983,4.47227,False,False,bicycle,electric_assist
2026-06-15T08:42:11Z,check,check:b7b5466fcda4,51.918427,4.446468,False,False,bicycle,electric_assist
2026-06-15T08:42:11Z,check,check:c0ec9660adfb,51.910032,4.440647,False,False,bicycle,electric_assist
2026-06-15T08:42:11Z,check,check:82d075e15112,51.929564,4.455563,False,False,bicycle,electric_assist
2026-06-15T08:42:11Z,check,check:cc143dadb2df,51.921057,4.559213,False,False,bicycle,electric_assist
2026-06-15T08:42:11Z,check,check:416e1a5fe7f8,51.913333,4.417614,False,True,bicycle,electric_assist
2026-06-15T08:42:11Z,check,check:26417db6ea5c,51.928413,4.545628,False,False,bicycle,electric_assist
2026-06-15T08:42:11Z,check,check:9c81d0284aef,51.935522,4.487908,False,True,bicycle,electric_assist
2026-06-15T08:42:11Z,check,check:2f1a0afb225c,51.915023,4.427593,False,False,bicycle,electric_assist
2026-06-15T08:42:11Z,check,check:54a0b59ea6d6,51.96071,4.489497,False,False,bicycle,electric_assist
2026-06-15T08:42:11Z,check,check:c5c8efc50b61,51.91335,4.417708,False,True,bicycle,electric_assist
2026-06-15T08:42:11Z,check,check:ed5f3a2cdae8,51.922747,4.469607,False,False,bicycle,electric_assist
2026-06-15T08:42:11Z,check,check:a13fcbff269f,51.922748,4.469552,False,False,bicycle,electric_assist
2026-06-15T08:42:11Z,check,check:db6a40813009,51.917959,4.489211,False,False,bicycle,electric_assist
2026-06-15T08:42:11Z,check,check:7a8d78e8e8f6,51.916648,4.41599,False,False,bicycle,electric_assist
2026-06-15T08:42:11Z,check,check:335512fbf2ce,51.886962,4.521308,False,False,bicycle,electric_assist
2026-06-15T08:42:11Z,check,check:f41a1f42b33b,51.910528,4.436661,False,False,bicycle,electric_assist
2026-06-15T08:42:11Z,check,check:d367e16acdfb,51.913358,4.417737,False,True,bicycle,electric_assist
2026-06-15T08:42:11Z,check,check:8c6ec769d390,51.961676,4.467184,False,False,bicycle,electric_assist
2026-06-15T08:42:11Z,check,check:e555512d9c1a,51.962838,4.501234,False,False,bicycle,electric_assist
2026-06-15T08:42:11Z,check,check:577e05cc422d,51.904436,4.484385,False,False,bicycle,electric_assist
2026-06-15T08:42:11Z,check,check:cd470b35e54c,51.88697,4.521311,False,False,bicycle,electric_assist
2026-06-15T08:42:11Z,check,check:9b75684fd855,51.928412,4.545653,False,False,bicycle,electric_assist
2026-06-15T08:42:11Z,check,check:63d06673497f,51.93033,4.458251,False,False,bicycle,electric_assist
2026-06-15T08:42:11Z,check,check:c8931a6846df,51.906465,4.505835,False,False,bicycle,electric_assist
2026-06-15T08:42:11Z,check,check:a572ecdb3d1e,51.911867,4.466487,False,False,bicycle,electric_assist
2026-06-15T08:42:11Z,check,check:68e1857ae4ee,51.919071,4.488001,False,False,bicycle,electric_assist
2026-06-15T08:42:11Z,check,check:7bd3b8d93633,51.950923,4.555051,False,False,bicycle,electric_assist
2026-06-15T08:42:11Z,check,check:e8e3fd6eb149,51.913331,4.417686,False,True,bicycle,electric_assist
2026-06-15T08:42:11Z,check,check:ce5b9b870547,51.866184,4.467317,False,True,bicycle,electric_assist
2026-06-15T08:42:11Z,check,check:660c7794c412,51.90911,4.393012,False,False,bicycle,electric_assist
2026-06-15T08:42:11Z,check,check:088cfdfaed99,51.930574,4.469896,True,False,bicycle,electric_assist
2026-06-15T08:42:11Z,check,check:55aca6612f6b,51.964793,4.502134,False,False,bicycle,electric_assist
2026-06-15T08:42:11Z,check,check:02e2e7c88335,51.919512,4.512932,False,False,bicycle,electric_assist
