timestamp,system_id,vehicle_id,lat,lon,is_reserved,is_disabled,form_factor,propulsion_type
2026-05-14T01:22:21Z,donkey,donkey:312f2894c2cb,51.8580393,4.6598706,False,False,bicycle,
2026-05-14T01:22:21Z,donkey,donkey:48f292e02a7e,51.8587068,4.7046224,False,False,bicycle,
2026-05-14T01:22:21Z,donkey,donkey:e9d67ec09f61,51.8382402,4.6858083,False,False,bicycle,
2026-05-14T01:22:21Z,donkey,donkey:f06afc37780f,51.9885129,4.3835075,False,True,bicycle,
2026-05-14T01:22:21Z,donkey,donkey:c03d5c43dceb,51.922787,4.685418,False,False,bicycle,
2026-05-14T01:22:21Z,donkey,donkey:443de1bf548f,51.9228587,4.6854058,False,False,bicycle,
2026-05-14T01:22:21Z,donkey,donkey:ff8f804be48d,51.92283,4.6854244,False,False,bicycle,
2026-05-14T01:22:21Z,donkey,donkey:5f9d35599397,51.9652712,4.6170788,False,False,bicycle,
2026-05-14T01:22:21Z,donkey,donkey:60efc28b6acb,51.9651,4.6169811,False,False,bicycle,
2026-05-14T01:22:21Z,donkey,donkey:cd2893935f02,51.9652452,4.6171928,False,False,bicycle,
2026-05-14T01:22:21Z,donkey,donkey:8f37b2373c1a,51.8385495,4.6359414,False,False,bicycle,
2026-05-14T01:22:21Z,donkey,donkey:2ec243b3dc26,51.8385552,4.6418489,False,False,bicycle,
2026-05-14T01:22:21Z,donkey,donkey:f3b70ec137b6,51.8459353,4.657356,False,False,bicycle,
2026-05-14T01:22:21Z,donkey,donkey:0da0a4dfb26c,51.8837788,4.6617832,False,False,bicycle,
2026-05-14T01:22:21Z,donkey,donkey:d3be0d7fc62a,51.8855031,4.6691657,False,False,bicycle,
2026-05-14T01:22:21Z,donkey,donkey:80f95271da8c,51.8884679,4.6876682,False,False,bicycle,
2026-05-14T01:22:21Z,donkey,donkey:a8ad4962e7ff,51.8884783,4.6877037,False,False,bicycle,
2026-05-14T01:22:21Z,felyx,felyx:a2a576818936,51.87891481666668,4.529893100000001,False,True,bicycle,electric_assist
2026-05-14T01:22:21Z,felyx,felyx:02b2e51cf7e4,51.90203393333333,4.448686716666668,False,True,bicycle,electric_assist
2026-05-14T01:22:21Z,felyx,felyx:89895c9ab142,51.919870933333335,4.478838016666667,False,False,bicycle,electric_assist
2026-05-14T01:22:21Z,felyx,felyx:8ba9a69afe65,51.903106933333326,4.468694816666666,False,True,bicycle,electric_assist
2026-05-14T01:22:21Z,felyx,felyx:6d268fd404a0,51.92680863333332,4.423349900000001,False,False,bicycle,electric_assist
2026-05-14T01:22:21Z,felyx,felyx:25aa3545bfeb,51.956395533333335,4.5293689,False,False,bicycle,electric_assist
2026-05-14T01:22:21Z,felyx,felyx:96a5c12c7342,51.89234221666667,4.5307386,False,False,bicycle,electric_assist
2026-05-14T01:22:21Z,felyx,felyx:b047a72f9bc2,51.94185843333332,4.546522700000001,False,True,bicycle,electric_assist
2026-05-14T01:22:21Z,felyx,felyx:ffe8327e2363,51.92140943333333,4.470114016666667,False,False,bicycle,electric_assist
2026-05-14T01:22:21Z,felyx,felyx:2cdc1ea45e83,51.90481703333332,4.4027841,False,False,bicycle,electric_assist
2026-05-14T01:22:21Z,felyx,felyx:29c8aad97d82,51.89561161666667,4.5244026999999996,False,False,bicycle,electric_assist
2026-05-14T01:22:21Z,felyx,felyx:32c6f46987ec,51.96044463333333,4.5353531,False,False,bicycle,electric_assist
2026-05-14T01:22:21Z,felyx,felyx:0f0b749dce43,51.91303193333332,4.553764800000001,False,False,bicycle,electric_assist
2026-05-14T01:22:21Z,felyx,felyx:6fe04933d583,51.89735491666667,4.5033859,False,False,bicycle,electric_assist
2026-05-14T01:22:21Z,felyx,felyx:87ca8a05be16,51.91893943333333,4.395428216666668,False,True,bicycle,electric_assist
2026-05-14T01:22:21Z,felyx,felyx:e5c421535413,51.909044133333325,4.457831016666667,False,False,bicycle,electric_assist
2026-05-14T01:22:21Z,felyx,felyx:4a36bc909c53,51.92859323333333,4.484512816666666,False,False,bicycle,electric_assist
2026-05-14T01:22:21Z,felyx,felyx:31e8ae0a6eeb,51.88855361666667,4.567235599999999,False,False,bicycle,electric_assist
2026-05-14T01:22:21Z,felyx,felyx:000c1c2de975,51.92611173333332,4.4233196999999995,False,False,bicycle,electric_assist
2026-05-14T01:22:21Z,felyx,felyx:e06ed4b96868,51.92088823333333,4.440571416666668,False,False,bicycle,electric_assist
2026-05-14T01:22:21Z,felyx,felyx:1f2b9765d258,51.92800773333333,4.418466400000001,False,False,bicycle,electric_assist
2026-05-14T01:22:21Z,felyx,felyx:393f8a30cb1e,51.89451341666666,4.483074416666667,False,False,bicycle,electric_assist
2026-05-14T01:22:21Z,felyx,felyx:a66578fb8b30,51.909235733333325,4.458261916666667,False,False,bicycle,electric_assist
2026-05-14T01:22:21Z,felyx,felyx:a617457ae44a,51.92313253333334,4.496824916666667,False,False,bicycle,electric_assist
2026-05-14T01:22:21Z,felyx,felyx:26776728d390,51.928171033333335,4.467678016666667,False,False,bicycle,electric_assist
2026-05-14T01:22:21Z,felyx,felyx:1378c392160b,51.87011551666667,4.474419016666667,False,True,bicycle,electric_assist
2026-05-14T01:22:21Z,felyx,felyx:a70a451f6bb1,51.92500873333333,4.413433,False,True,bicycle,electric_assist
2026-05-14T01:22:21Z,felyx,felyx:46e9506613ea,51.88601121666667,4.502819699999999,False,False,bicycle,electric_assist
2026-05-14T01:22:21Z,felyx,felyx:072de9c6f587,51.90734883333333,4.451091716666666,False,False,bicycle,electric_assist
2026-05-14T01:22:21Z,felyx,felyx:9ca375b915ec,51.90223533333333,4.4613084333333335,False,True,bicycle,electric_assist
2026-05-14T01:22:21Z,felyx,felyx:dc0b0f019a33,51.90568823333332,4.462929616666667,False,False,bicycle,electric_assist
2026-05-14T01:22:21Z,felyx,felyx:2f6f201059de,51.91703313333335,4.472331116666668,False,True,bicycle,electric_assist
2026-05-14T01:22:21Z,felyx,felyx:ec2d11a5ef4b,51.943599633333335,4.483355916666667,False,False,bicycle,electric_assist
2026-05-14T01:22:21Z,felyx,felyx:ef725b3b0e51,51.89055041666667,4.518071900000001,False,False,bicycle,electric_assist
2026-05-14T01:22:21Z,felyx,felyx:4fc80aecef09,51.91118263333333,4.524813099999999,False,False,bicycle,electric_assist
2026-05-14T01:22:21Z,felyx,felyx:b8478088f4e2,51.91723763333333,4.523412399999999,False,False,bicycle,electric_assist
2026-05-14T01:22:21Z,felyx,felyx:4393a91f7eac,51.88552721666667,4.494299916666667,False,False,bicycle,electric_assist
2026-05-14T01:22:21Z,felyx,felyx:fbedb6c24c83,51.91908223333333,4.4820513166666665,False,False,bicycle,electric_assist
2026-05-14T01:22:21Z,felyx,felyx:232565c1e39a,51.92875963333333,4.475526816666667,False,False,bicycle,electric_assist
2026-05-14T01:22:21Z,felyx,felyx:d77a48ead7fe,51.91352353333334,4.478131916666666,False,False,bicycle,electric_assist
2026-05-14T01:22:21Z,felyx,felyx:af18519e5b5e,51.95712833333334,4.476512216666666,False,False,bicycle,electric_assist
2026-05-14T01:22:21Z,felyx,felyx:a1bc9dee0d59,51.87518661666667,4.493278816666667,False,False,bicycle,electric_assist
2026-05-14T01:22:21Z,felyx,felyx:950ab7c3ae84,51.90586543333334,4.454658216666667,False,False,bicycle,electric_assist
2026-05-14T01:22:21Z,felyx,felyx:fecd1324d0db,51.887014816666664,4.531025699999999,False,False,bicycle,electric_assist
2026-05-14T01:22:21Z,felyx,felyx:8f26f4c1f544,51.95517950000001,4.462229816666667,False,True,bicycle,electric_assist
2026-05-14T01:22:21Z,felyx,felyx:c2d8b0645af1,51.927685033333326,4.5124269,False,False,bicycle,electric_assist
2026-05-14T01:22:21Z,felyx,felyx:2f4a20b75fb2,51.92676473333333,4.462781716666667,False,False,bicycle,electric_assist
2026-05-14T01:22:21Z,felyx,felyx:5ee1252e594d,51.95579961666668,4.494420216666667,False,False,bicycle,electric_assist
2026-05-14T01:22:21Z,felyx,felyx:8d6ab50295b5,51.94549791666666,4.408308450000001,False,True,bicycle,electric_assist
2026-05-14T01:22:21Z,felyx,felyx:c95a2098b412,51.91252721666666,4.47952095,False,False,bicycle,electric_assist
2026-05-14T01:22:21Z,felyx,felyx:e3b4818c7ee1,51.91800783333333,4.490870966666667,False,False,bicycle,electric_assist
2026-05-14T01:22:21Z,felyx,felyx:6fb50dc8c5c8,51.91053163333333,4.522588099999999,False,False,bicycle,electric_assist
2026-05-14T01:22:21Z,felyx,felyx:4b978fac2db9,51.92904173333333,4.473101916666667,False,False,bicycle,electric_assist
2026-05-14T01:22:21Z,felyx,felyx:e55451c7a9e6,51.90826743333333,4.396443216666667,False,False,bicycle,electric_assist
2026-05-14T01:22:21Z,felyx,felyx:352928399e43,51.88497971666667,4.5209759,False,False,bicycle,electric_assist
2026-05-14T01:22:21Z,felyx,felyx:d3fa2121cd13,51.87851921666667,4.496428416666667,False,False,bicycle,electric_assist
2026-05-14T01:22:21Z,felyx,felyx:933a435e0682,51.96360573333333,4.485004116666667,False,False,bicycle,electric_assist
2026-05-14T01:22:21Z,felyx,felyx:7f5fee8bfc5e,51.91588213333332,4.5009124,False,False,bicycle,electric_assist
2026-05-14T01:22:21Z,felyx,felyx:189931a8dff8,51.93000743333333,4.4616600166666665,False,False,bicycle,electric_assist
2026-05-14T01:22:21Z,felyx,felyx:5886c9f8194c,51.877196016666666,4.561899799999999,False,True,bicycle,electric_assist
2026-05-14T01:22:21Z,felyx,felyx:b410866b399a,51.90795463333334,4.494306016666667,False,False,bicycle,electric_assist
2026-05-14T01:22:21Z,felyx,felyx:10c1c6843ea9,51.93301293333334,4.482200616666666,False,False,bicycle,electric_assist
2026-05-14T01:22:21Z,felyx,felyx:15f68bda1648,51.92167673333333,4.492960116666666,False,False,bicycle,electric_assist
2026-05-14T01:22:21Z,felyx,felyx:b12043a14f3c,51.9040901,4.45805645,False,False,bicycle,electric_assist
2026-05-14T01:22:21Z,felyx,felyx:dcc8a02d9ac1,51.91204313333333,4.476836716666667,False,False,bicycle,electric_assist
2026-05-14T01:22:21Z,felyx,felyx:f2ecbba0b862,51.88505301666667,4.459107716666667,False,True,bicycle,electric_assist
2026-05-14T01:22:21Z,felyx,felyx:8b5be6a634a2,51.91600573333333,4.526793399999999,False,False,bicycle,electric_assist
2026-05-14T01:22:21Z,felyx,felyx:fe4507f4c0b4,51.91927883333332,4.453475816666668,False,False,bicycle,electric_assist
2026-05-14T01:22:21Z,felyx,felyx:d5668cab3cfd,51.918888233333334,4.480794216666666,False,True,bicycle,electric_assist
2026-05-14T01:22:21Z,felyx,felyx:38aa02c69fda,51.91172413333334,4.460729116666667,False,True,bicycle,electric_assist
2026-05-14T01:22:21Z,felyx,felyx:f325ee038e4f,51.871777016666655,4.5476576,False,False,bicycle,electric_assist
2026-05-14T01:22:21Z,felyx,felyx:04ea79a5e702,51.92541483333333,4.4662433166666675,False,False,bicycle,electric_assist
2026-05-14T01:22:21Z,felyx,felyx:483891c056b2,51.88061611666667,4.531930500000001,False,False,bicycle,electric_assist
2026-05-14T01:22:21Z,felyx,felyx:946882e7b939,51.93897423333332,4.495799916666666,False,False,bicycle,electric_assist
2026-05-14T01:22:21Z,felyx,felyx:8f7ccda1c469,51.88864463333332,4.567216983333334,False,False,bicycle,electric_assist
2026-05-14T01:22:21Z,felyx,felyx:27b2c555a698,51.914653849999986,4.519709066666667,False,False,bicycle,electric_assist
2026-05-14T01:22:21Z,felyx,felyx:f5dd9cc29ffa,51.89114631666667,4.477193416666667,False,False,bicycle,electric_assist
2026-05-14T01:22:21Z,felyx,felyx:3f3618a3bbef,51.89611461666667,4.5145757,False,False,bicycle,electric_assist
2026-05-14T01:22:21Z,felyx,felyx:1e2f7d1dd027,51.94997613333334,4.471379016666666,False,False,bicycle,electric_assist
2026-05-14T01:22:21Z,felyx,felyx:d24603daff9b,51.87799001666667,4.51688945,False,False,bicycle,electric_assist
2026-05-14T01:22:21Z,felyx,felyx:c9c47f98ee45,51.91350623333332,4.388660116666667,False,False,bicycle,electric_assist
2026-05-14T01:22:21Z,felyx,felyx:c4231d01e39a,51.89661381666667,4.494406316666667,False,True,bicycle,electric_assist
2026-05-14T01:22:21Z,felyx,felyx:b370562cdc4b,51.95621393333333,4.473022916666667,False,False,bicycle,electric_assist
2026-05-14T01:22:21Z,felyx,felyx:cf532d97568f,51.92080133333334,4.516402299999999,False,False,bicycle,electric_assist
2026-05-14T01:22:21Z,felyx,felyx:408c8f449ae1,51.92610283333333,4.423319200000001,False,False,bicycle,electric_assist
2026-05-14T01:22:21Z,felyx,felyx:9765c166f217,51.937639133333334,4.4961729166666675,False,False,bicycle,electric_assist
2026-05-14T01:22:21Z,felyx,felyx:2e6aadca50f2,51.91705133333333,4.523460600000001,False,False,bicycle,electric_assist
2026-05-14T01:22:21Z,felyx,felyx:58d1accf3aa5,51.871819916666674,4.495050216666666,False,False,bicycle,electric_assist
2026-05-14T01:22:21Z,felyx,felyx:e490e6ee112b,51.92791163333333,4.474071916666667,False,False,bicycle,electric_assist
2026-05-14T01:22:21Z,felyx,felyx:4aa5a61f18f1,51.921222400000005,4.47890525,False,True,bicycle,electric_assist
2026-05-14T01:22:21Z,felyx,felyx:44036d90ff61,51.92004303333332,4.5140767,False,False,bicycle,electric_assist
2026-05-14T01:22:21Z,felyx,felyx:551ea683de2b,51.91994633333333,4.4346450000000015,False,False,bicycle,electric_assist
2026-05-14T01:22:21Z,felyx,felyx:8dab2ded4c4c,51.916435333333325,4.4060456,False,True,bicycle,electric_assist
2026-05-14T01:22:21Z,felyx,felyx:f74cb819f7cc,51.92144593333334,4.5317153999999995,False,False,bicycle,electric_assist
2026-05-14T01:22:21Z,felyx,felyx:5547c12dbea4,51.923257933333325,4.493519516666667,False,False,bicycle,electric_assist
2026-05-14T01:22:21Z,felyx,felyx:d42a3225e7d3,51.93156913333334,4.480949816666667,False,False,bicycle,electric_assist
2026-05-14T01:22:21Z,felyx,felyx:e8bd5c01ed1b,51.89388671666667,4.509508299999999,False,False,bicycle,electric_assist
2026-05-14T01:22:21Z,felyx,felyx:9e7d661ab3ea,51.91606953333332,4.526875999999999,False,False,bicycle,electric_assist
2026-05-14T01:22:21Z,felyx,felyx:9f4d5ed123c4,51.924268333333345,4.5351818,False,True,bicycle,electric_assist
2026-05-14T01:22:21Z,felyx,felyx:83b8f8ded2ac,51.87185861666668,4.5254604,False,False,bicycle,electric_assist
2026-05-14T01:22:21Z,felyx,felyx:cbe9bb723d27,51.89283171666666,4.5145989,False,True,bicycle,electric_assist
2026-05-14T01:22:21Z,felyx,felyx:92ed97667fea,51.92378563333333,4.478420316666666,False,False,bicycle,electric_assist
2026-05-14T01:22:21Z,felyx,felyx:6ddcd64c7b59,51.87090391666667,4.479098216666668,False,True,bicycle,electric_assist
2026-05-14T01:22:21Z,felyx,felyx:89101891c36d,51.93427383333333,4.4221136,False,False,bicycle,electric_assist
2026-05-14T01:22:21Z,felyx,felyx:fb83539119be,51.892074916666665,4.477543316666668,False,True,bicycle,electric_assist
2026-05-14T01:22:21Z,felyx,felyx:3776b760fc2c,51.91980083333332,4.511508,False,False,bicycle,electric_assist
2026-05-14T01:22:21Z,felyx,felyx:cfba3d5ade7e,51.904403133333325,4.457998216666668,False,True,bicycle,electric_assist
2026-05-14T01:22:21Z,felyx,felyx:dbddca12759f,51.94924373333333,4.4327141999999995,False,False,bicycle,electric_assist
2026-05-14T01:22:21Z,felyx,felyx:fade944ee2d4,51.914391433333336,4.4401054166666665,False,False,bicycle,electric_assist
2026-05-14T01:22:21Z,felyx,felyx:086c1ed9e5ff,51.925844033333334,4.486715316666667,False,False,bicycle,electric_assist
2026-05-14T01:22:21Z,felyx,felyx:e3a29acadb9e,51.91944383333332,4.453432416666666,False,False,bicycle,electric_assist
2026-05-14T01:22:21Z,felyx,felyx:e15834a1d856,51.90704303333334,4.451325816666667,False,False,bicycle,electric_assist
2026-05-14T01:22:21Z,felyx,felyx:97a55c8066e4,51.93963643333333,4.4244878,False,False,bicycle,electric_assist
2026-05-14T01:22:21Z,felyx,felyx:16e98f1bfb87,51.90475483333333,4.452766216666666,False,False,bicycle,electric_assist
2026-05-14T01:22:21Z,felyx,felyx:b8e76730bded,51.929287733333325,4.481172316666667,False,False,bicycle,electric_assist
2026-05-14T01:22:21Z,felyx,felyx:b2b65043cdbc,51.90373253333334,4.462934150000001,False,False,bicycle,electric_assist
2026-05-14T01:22:21Z,felyx,felyx:91096c1cc6db,51.925116833333334,4.474005316666667,False,False,bicycle,electric_assist
2026-05-14T01:22:21Z,felyx,felyx:cdd4d81c984d,51.925968033333326,4.460020616666667,False,False,bicycle,electric_assist
2026-05-14T01:22:21Z,felyx,felyx:c3feebce6957,51.87669961666667,4.4746455166666665,False,False,bicycle,electric_assist
2026-05-14T01:22:21Z,felyx,felyx:bec29c888ec9,51.90335553333332,4.5085378,False,False,bicycle,electric_assist
2026-05-14T01:22:21Z,felyx,felyx:70eeac59223a,51.89695191666666,4.499972416666667,False,False,bicycle,electric_assist
2026-05-14T01:22:21Z,felyx,felyx:028283819f5d,51.91156453333333,4.4679472166666665,False,False,bicycle,electric_assist
2026-05-14T01:22:21Z,felyx,felyx:e1b00418c619,51.88399521666667,4.487451616666667,False,True,bicycle,electric_assist
2026-05-14T01:22:21Z,felyx,felyx:c69797737a2f,51.93293263333333,4.468345716666667,False,False,bicycle,electric_assist
2026-05-14T01:22:21Z,felyx,felyx:0e6617a34a11,51.922823133333324,4.481565316666666,False,True,bicycle,electric_assist
2026-05-14T01:22:21Z,felyx,felyx:53f5533a80a4,51.95795663333334,4.5411098999999995,False,True,bicycle,electric_assist
2026-05-14T01:22:21Z,felyx,felyx:3921e616620c,51.92531083333333,4.493889516666666,False,True,bicycle,electric_assist
2026-05-14T01:22:21Z,felyx,felyx:e1ac2464404f,51.92795843333333,4.543452199999999,False,False,bicycle,electric_assist
2026-05-14T01:22:21Z,felyx,felyx:bb12ff708d21,51.904383116666665,4.4514492,False,True,bicycle,electric_assist
2026-05-14T01:22:21Z,felyx,felyx:6634f7d1d401,51.882654416666675,4.5211466,False,False,bicycle,electric_assist
2026-05-14T01:22:21Z,felyx,felyx:8148fbc70374,51.90772803333332,4.5012212,False,False,bicycle,electric_assist
2026-05-14T01:22:21Z,felyx,felyx:38798a48ecf8,51.919760133333334,4.435840200000001,False,False,bicycle,electric_assist
2026-05-14T01:22:21Z,felyx,felyx:4062f792bbf2,51.92627133333333,4.486610416666666,False,False,bicycle,electric_assist
2026-05-14T01:22:21Z,felyx,felyx:b42ba6c5b645,51.90448233333333,4.4069468,False,False,bicycle,electric_assist
2026-05-14T01:22:21Z,felyx,felyx:836b6a0b512c,51.928208633333334,4.473187516666668,False,False,bicycle,electric_assist
2026-05-14T01:22:21Z,felyx,felyx:51bf924a1d44,51.883444516666664,4.5148121,False,False,bicycle,electric_assist
2026-05-14T01:22:21Z,felyx,felyx:eb300bee65d1,51.87454171666667,4.492121716666667,False,True,bicycle,electric_assist
2026-05-14T01:22:21Z,felyx,felyx:b1ad67dec0c8,51.935970633333326,4.492494016666667,False,False,bicycle,electric_assist
2026-05-14T01:22:21Z,felyx,felyx:544c18f14a48,51.92579056666667,4.4776867833333345,False,False,bicycle,electric_assist
2026-05-14T01:22:21Z,felyx,felyx:15eacad28be0,51.93198323333333,4.475698516666667,False,False,bicycle,electric_assist
2026-05-14T01:22:21Z,felyx,felyx:247de2ef7fef,51.918677533333316,4.4354443,False,False,bicycle,electric_assist
2026-05-14T01:22:21Z,felyx,felyx:68eaef48a1da,51.932209633333336,4.497427016666667,False,True,bicycle,electric_assist
2026-05-14T01:22:21Z,felyx,felyx:99fe9287f8c1,51.92873113333333,4.542538099999999,False,True,bicycle,electric_assist
2026-05-14T01:22:21Z,felyx,felyx:087ff5e95ecd,51.92063113333334,4.490653016666667,False,False,bicycle,electric_assist
2026-05-14T01:22:21Z,felyx,felyx:da67f9e6af37,51.93686133333333,4.479548716666667,False,False,bicycle,electric_assist
2026-05-14T01:22:21Z,felyx,felyx:68156955b422,51.911226333333325,4.524749600000001,False,False,bicycle,electric_assist
2026-05-14T01:22:21Z,felyx,felyx:61876382758b,51.91484943333333,4.477181416666667,False,False,bicycle,electric_assist
2026-05-14T01:22:21Z,felyx,felyx:7ccc0661df79,51.90278563333332,4.454757516666667,False,False,bicycle,electric_assist
2026-05-14T01:22:21Z,felyx,felyx:cd95f12c2f85,51.91365483333334,4.477351516666666,False,False,bicycle,electric_assist
2026-05-14T01:22:21Z,felyx,felyx:59c3d994f450,51.934853733333334,4.378155216666667,False,True,bicycle,electric_assist
2026-05-14T01:22:21Z,felyx,felyx:8fc097c23e68,51.900553333333335,4.483960016666667,False,False,bicycle,electric_assist
2026-05-14T01:22:21Z,felyx,felyx:6effbbef9632,51.94859713333334,4.449826116666667,False,False,bicycle,electric_assist
2026-05-14T01:22:21Z,felyx,felyx:9a8e0ff797dd,51.915277033333325,4.385250716666668,False,False,bicycle,electric_assist
2026-05-14T01:22:21Z,felyx,felyx:cee0ad72e6e8,51.94235373333332,4.480573116666667,False,False,bicycle,electric_assist
2026-05-14T01:22:21Z,felyx,felyx:05b29924e9b1,51.92520443333332,4.474026416666666,False,False,bicycle,electric_assist
2026-05-14T01:22:21Z,felyx,felyx:123a6c279c7f,51.942306933333334,4.5378036999999996,False,True,bicycle,electric_assist
2026-05-14T01:22:21Z,felyx,felyx:c256cd49e81f,51.95602453333333,4.495046216666666,False,False,bicycle,electric_assist
2026-05-14T01:22:21Z,felyx,felyx:0fdfd144f859,51.93355983333333,4.471688016666667,False,False,bicycle,electric_assist
2026-05-14T01:22:21Z,felyx,felyx:b6f27baf0937,51.945788533333335,4.449297516666666,False,False,bicycle,electric_assist
2026-05-14T01:22:21Z,felyx,felyx:d690775d9efb,51.90167593333333,4.5026233,False,False,bicycle,electric_assist
2026-05-14T01:22:21Z,felyx,felyx:355bcb940cd9,51.93081653333333,4.470351516666667,False,False,bicycle,electric_assist
2026-05-14T01:22:21Z,felyx,felyx:430caefcd1f0,51.90800243333334,4.512134400000001,False,False,bicycle,electric_assist
2026-05-14T01:22:21Z,felyx,felyx:6a4137df9474,51.945408933333326,4.483057816666667,False,False,bicycle,electric_assist
2026-05-14T01:22:21Z,felyx,felyx:eaf14be56923,51.93676563333333,4.4971908166666665,False,False,bicycle,electric_assist
2026-05-14T01:22:21Z,felyx,felyx:e3ebc6676aa4,51.92185623333333,4.460518116666666,False,True,bicycle,electric_assist
2026-05-14T01:22:21Z,felyx,felyx:878b9f88ddb7,51.91002303333333,4.457877816666666,False,True,bicycle,electric_assist
2026-05-14T01:22:21Z,felyx,felyx:7d7e8cfe052b,51.910618516666666,4.5066398166666675,False,True,bicycle,electric_assist
2026-05-14T01:22:21Z,felyx,felyx:d062fd0ffadf,51.92672973333333,4.462647616666667,False,False,bicycle,electric_assist
2026-05-14T01:22:21Z,felyx,felyx:d6c1796c48a7,51.90792833333333,4.493420616666667,False,False,bicycle,electric_assist
2026-05-14T01:22:21Z,felyx,felyx:3a22f1b8c7c0,51.91300903333334,4.448585216666666,False,False,bicycle,electric_assist
2026-05-14T01:22:21Z,felyx,felyx:5cc104264a57,51.92524163333332,4.5105785,False,False,bicycle,electric_assist
2026-05-14T01:22:21Z,felyx,felyx:fecd2becf810,51.93060823333334,4.496135016666667,False,False,bicycle,electric_assist
2026-05-14T01:22:21Z,felyx,felyx:5b8d4996de07,51.907177133333334,4.496106516666667,False,False,bicycle,electric_assist
2026-05-14T01:22:21Z,felyx,felyx:fc352eb40a73,51.92715283333333,4.476380216666666,False,False,bicycle,electric_assist
2026-05-14T01:22:21Z,felyx,felyx:55f811c77169,51.928024533333335,4.4656893166666665,False,False,bicycle,electric_assist
2026-05-14T01:22:21Z,felyx,felyx:5a13ed52b928,51.923008333333335,4.482786316666666,False,False,bicycle,electric_assist
2026-05-14T01:22:21Z,felyx,felyx:0d414062a1f4,51.92565883333333,4.50013415,False,False,bicycle,electric_assist
2026-05-14T01:22:21Z,felyx,felyx:6d6a9c852618,51.940655533333334,4.5568715,False,False,bicycle,electric_assist
2026-05-14T01:22:21Z,felyx,felyx:dfc58eb81c32,51.89220203333332,4.46977585,False,False,bicycle,electric_assist
2026-05-14T01:22:21Z,felyx,felyx:68153b6ae544,51.925713333333334,4.477901216666667,False,False,bicycle,electric_assist
2026-05-14T01:22:21Z,felyx,felyx:d6355cb84b07,51.87776041666666,4.492228616666666,False,True,bicycle,electric_assist
2026-05-14T01:22:21Z,felyx,felyx:efe7ac7b8997,51.87801571666667,4.496894016666668,False,True,bicycle,electric_assist
2026-05-14T01:22:21Z,felyx,felyx:787f3b7679c3,51.87676981666667,4.498749116666666,False,False,bicycle,electric_assist
2026-05-14T01:22:21Z,felyx,felyx:f0d9f9021731,51.908460433333325,4.481558716666666,False,True,bicycle,electric_assist
2026-05-14T01:22:21Z,felyx,felyx:c4196df04250,51.921309333333326,4.460454216666666,False,False,bicycle,electric_assist
2026-05-14T01:22:21Z,felyx,felyx:41c2ea65ff41,51.92264763333333,4.471249216666667,False,False,bicycle,electric_assist
2026-05-14T01:22:21Z,felyx,felyx:fb7e6bd7c71d,51.91422783333334,4.496031616666666,False,False,bicycle,electric_assist
2026-05-14T01:22:21Z,felyx,felyx:2cdbcb8ec8da,51.94674213333333,4.455100216666667,False,False,bicycle,electric_assist
2026-05-14T01:22:21Z,felyx,felyx:583c941572d3,51.925842166666676,4.477816866666667,False,False,bicycle,electric_assist
2026-05-14T01:22:21Z,felyx,felyx:5ac031da17f6,51.92875703333333,4.5019737,False,True,bicycle,electric_assist
2026-05-14T01:22:21Z,felyx,felyx:56efffa36148,51.90906623333333,4.452140216666668,False,True,bicycle,electric_assist
2026-05-14T01:22:21Z,felyx,felyx:ee22c7121e22,51.94632373333334,4.481974816666668,False,False,bicycle,electric_assist
2026-05-14T01:22:21Z,felyx,felyx:2fc8e1766cad,51.905134333333336,4.455910816666667,False,False,bicycle,electric_assist
2026-05-14T01:22:21Z,felyx,felyx:855ebf5c93f6,51.91735953333334,4.463606316666667,False,True,bicycle,electric_assist
2026-05-14T01:22:21Z,felyx,felyx:bf8add4a1004,51.906269933333334,4.510773,False,False,bicycle,electric_assist
2026-05-14T01:22:21Z,felyx,felyx:0ea07ae58df0,51.960735933333346,4.467439316666667,False,False,bicycle,electric_assist
2026-05-14T01:22:21Z,felyx,felyx:f9169ba31c13,51.920145633333334,4.4344379,False,False,bicycle,electric_assist
2026-05-14T01:22:21Z,felyx,felyx:3dfa2fbadbd0,51.91748113333333,4.481074716666667,False,True,bicycle,electric_assist
2026-05-14T01:22:21Z,felyx,felyx:ca28f29d9ed2,51.92800433333333,4.5474347999999996,False,False,bicycle,electric_assist
2026-05-14T01:22:21Z,felyx,felyx:40b3d06da290,51.91585073333334,4.467332016666666,False,True,bicycle,electric_assist
2026-05-14T01:22:21Z,felyx,felyx:134bb761af61,51.904508433333326,4.4070334,False,False,bicycle,electric_assist
2026-05-14T01:22:21Z,felyx,felyx:8ebb8677945d,51.87867791666666,4.5084775,False,True,bicycle,electric_assist
2026-05-14T01:22:21Z,felyx,felyx:30e452348012,51.91721793333332,4.5234027,False,False,bicycle,electric_assist
2026-05-14T01:22:21Z,felyx,felyx:5d14b260bf6f,51.92644103333333,4.5018706,False,True,bicycle,electric_assist
2026-05-14T01:22:21Z,felyx,felyx:d3d12e8fa091,51.908134133333334,4.5005263,False,False,bicycle,electric_assist
2026-05-14T01:22:21Z,felyx,felyx:9b217a8c592d,51.92111103333333,4.459666916666667,False,False,bicycle,electric_assist
2026-05-14T01:22:21Z,felyx,felyx:d813d377b40f,51.89883651666668,4.564644299999999,False,False,bicycle,electric_assist
2026-05-14T01:22:21Z,felyx,felyx:11e401906731,51.90959063333333,4.4318862,False,False,bicycle,electric_assist
2026-05-14T01:22:21Z,felyx,felyx:523b8f73e88d,51.92936023333333,4.506130500000001,False,True,bicycle,electric_assist
2026-05-14T01:22:21Z,felyx,felyx:af08311470f6,51.94332963333332,4.477759416666667,False,False,bicycle,electric_assist
2026-05-14T01:22:21Z,felyx,felyx:edf396759361,51.919820133333324,4.4725130166666665,False,False,bicycle,electric_assist
2026-05-14T01:22:21Z,felyx,felyx:cd6ea23de8ac,51.9268441,4.423351650000001,False,True,bicycle,electric_assist
2026-05-14T01:22:21Z,felyx,felyx:7cae2fbc8902,51.923144150000006,4.49680675,False,False,bicycle,electric_assist
2026-05-14T01:22:21Z,felyx,felyx:c079f5c8a4a2,51.911869633333325,4.387698816666666,False,False,bicycle,electric_assist
2026-05-14T01:22:21Z,felyx,felyx:420097c5cdf8,51.910278233333344,4.444815816666666,False,True,bicycle,electric_assist
2026-05-14T01:22:21Z,felyx,felyx:a0cde59a6335,51.92766473333333,4.478489016666667,False,False,bicycle,electric_assist
2026-05-14T01:22:21Z,felyx,felyx:1410372c66c8,51.91662253333333,4.470548016666667,False,False,bicycle,electric_assist
2026-05-14T01:22:21Z,felyx,felyx:ea6e35bf0ae4,51.91380113333332,4.475324816666668,False,True,bicycle,electric_assist
2026-05-14T01:22:21Z,felyx,felyx:1c91c9e705ba,51.97900945,4.586186299999999,False,False,bicycle,electric_assist
2026-05-14T01:22:21Z,felyx,felyx:29beff5bd0a4,51.88716551666666,4.491619816666667,False,True,bicycle,electric_assist
2026-05-14T01:22:21Z,felyx,felyx:a6d1c56be718,51.932347933333325,4.469218416666666,False,False,bicycle,electric_assist
2026-05-14T01:22:21Z,felyx,felyx:c0c7ed7562b1,51.909162333333335,4.525023299999999,False,False,bicycle,electric_assist
2026-05-14T01:22:21Z,felyx,felyx:d744cd82ed85,51.89381831666667,4.477436216666667,False,True,bicycle,electric_assist
2026-05-14T01:22:21Z,felyx,felyx:e2ef71857e15,51.942204633333326,4.4221786000000005,False,False,bicycle,electric_assist
2026-05-14T01:22:21Z,felyx,felyx:e70ed535f390,51.89881771666666,4.5646141,False,False,bicycle,electric_assist
2026-05-14T01:22:21Z,felyx,felyx:516aa20312d2,51.912812333333335,4.458393916666666,False,False,bicycle,electric_assist
2026-05-14T01:22:21Z,felyx,felyx:da7a72b424e8,51.885761416666675,4.568994299999999,False,False,bicycle,electric_assist
2026-05-14T01:22:21Z,felyx,felyx:cb0b4ee2d5e4,51.917792433333325,4.396064516666667,False,False,bicycle,electric_assist
2026-05-14T01:22:21Z,felyx,felyx:fea84fd2e3da,51.90017533333333,4.515090500000001,False,False,bicycle,electric_assist
2026-05-14T01:22:21Z,felyx,felyx:70bb655d0643,51.89067261666666,4.474518016666667,False,False,bicycle,electric_assist
2026-05-14T01:22:21Z,felyx,felyx:8a58987cd859,51.93411903333334,4.4862206166666665,False,True,bicycle,electric_assist
2026-05-14T01:22:21Z,felyx,felyx:be2faf18a311,51.920026199999995,4.4908696500000005,False,True,bicycle,electric_assist
2026-05-14T01:22:21Z,felyx,felyx:744f89dd7914,51.92055883333333,4.5068933,False,False,bicycle,electric_assist
2026-05-14T01:22:21Z,felyx,felyx:bb14e55168f6,51.933282250000005,4.469616433333333,False,False,bicycle,electric_assist
2026-05-14T01:22:21Z,felyx,felyx:c7543d6bb3fd,51.91705783333334,4.5234202,False,False,bicycle,electric_assist
2026-05-14T01:22:21Z,felyx,felyx:2e2fc73d36aa,51.86994811666667,4.487486616666666,False,True,bicycle,electric_assist
2026-05-14T01:22:21Z,felyx,felyx:b2d842916828,51.90669263333332,4.412085200000001,False,False,bicycle,electric_assist
2026-05-14T01:22:21Z,felyx,felyx:64f123902b78,51.94923073333332,4.4327173,False,False,bicycle,electric_assist
2026-05-14T01:22:21Z,felyx,felyx:3474f3d4f78d,51.92467433333333,4.5095700999999995,False,False,bicycle,electric_assist
2026-05-14T01:22:21Z,felyx,felyx:0c7cca938ee9,51.921667033333335,4.457685616666666,False,True,bicycle,electric_assist
2026-05-14T01:22:21Z,felyx,felyx:c8e0d6f448f9,51.92715393333334,4.476336316666666,False,False,bicycle,electric_assist
2026-05-14T01:22:21Z,felyx,felyx:b4cc4d0cf2f5,51.91589703333334,4.467593816666667,False,False,bicycle,electric_assist
2026-05-14T01:22:21Z,felyx,felyx:86ef2b91443e,51.91636283333334,4.451556016666667,False,False,bicycle,electric_assist
2026-05-14T01:22:21Z,felyx,felyx:9e05daa4911c,51.921693033333334,4.492890716666666,False,False,bicycle,electric_assist
2026-05-14T01:22:21Z,felyx,felyx:f94a90ae3b29,51.95651903333334,4.5499803,False,False,bicycle,electric_assist
2026-05-14T01:22:21Z,felyx,felyx:79c44ceab649,51.91513763333334,4.526460500000001,False,False,bicycle,electric_assist
2026-05-14T01:22:21Z,felyx,felyx:7d26bf8c5a04,51.91684273333333,4.4715749166666665,False,True,bicycle,electric_assist
2026-05-14T01:22:21Z,felyx,felyx:3f7d00ae45d2,51.87276591666668,4.487999116666667,False,True,bicycle,electric_assist
2026-05-14T01:22:21Z,felyx,felyx:41f3a8d0fed9,51.925582566666655,4.4776476999999995,False,False,bicycle,electric_assist
2026-05-14T01:22:21Z,felyx,felyx:eea1ca20c1b0,51.90625123333332,4.510770299999999,False,False,bicycle,electric_assist
2026-05-14T01:22:21Z,felyx,felyx:1673d47ad5bb,51.90991983333333,4.4472693166666675,False,True,bicycle,electric_assist
2026-05-14T01:22:21Z,felyx,felyx:bb7fa58cae47,51.933882733333334,4.5398895999999995,False,False,bicycle,electric_assist
2026-05-14T01:22:21Z,felyx,felyx:469980932119,51.87665031666667,4.474676116666667,False,True,bicycle,electric_assist
2026-05-14T01:22:21Z,felyx,felyx:439cc7334a5b,51.92996703333333,4.488407516666666,False,False,bicycle,electric_assist
2026-05-14T01:22:21Z,felyx,felyx:ff2a70fe1c2d,51.89927401666667,4.4783777166666665,False,False,bicycle,electric_assist
2026-05-14T01:22:21Z,felyx,felyx:35dd1da8a623,51.920720816666666,4.408273299999999,False,False,bicycle,electric_assist
2026-05-14T01:22:21Z,felyx,felyx:c2c8916e11b3,51.88939631666666,4.4706349166666675,False,False,bicycle,electric_assist
2026-05-14T01:22:21Z,felyx,felyx:384effd05002,51.943299633333325,4.4746126166666675,False,False,bicycle,electric_assist
2026-05-14T01:22:21Z,felyx,felyx:85793021426c,51.927837333333336,4.5082665,False,False,bicycle,electric_assist
2026-05-14T01:22:21Z,felyx,felyx:c13ee44e4f85,51.93067493333332,4.486598316666667,False,False,bicycle,electric_assist
2026-05-14T01:22:21Z,felyx,felyx:06f54ef41384,51.8974558,4.476656583333334,False,False,bicycle,electric_assist
2026-05-14T01:22:21Z,felyx,felyx:4a36dec2048c,51.874844116666665,4.467949516666668,False,False,bicycle,electric_assist
2026-05-14T01:22:21Z,felyx,felyx:c24ecccd5eb5,51.921280333333335,4.479074916666666,False,False,bicycle,electric_assist
2026-05-14T01:22:21Z,felyx,felyx:b344168736ed,51.92186393333333,4.460587616666667,False,False,bicycle,electric_assist
2026-05-14T01:22:21Z,felyx,felyx:ebc788190a42,51.92578993333333,4.478086933333334,False,False,bicycle,electric_assist
2026-05-14T01:22:21Z,felyx,felyx:a7bd13fa7af8,51.91904093333332,4.488496416666666,False,True,bicycle,electric_assist
2026-05-14T01:22:21Z,felyx,felyx:ddaebe12c004,51.91113673333332,4.481848816666666,False,False,bicycle,electric_assist
2026-05-14T01:22:21Z,felyx,felyx:312fbcdd064f,51.94856943333332,4.449803616666666,False,False,bicycle,electric_assist
2026-05-14T01:22:21Z,felyx,felyx:3da247fa4293,51.91908213333333,4.458727016666667,False,False,bicycle,electric_assist
2026-05-14T01:22:21Z,felyx,felyx:0f150f998b20,51.91380733333333,4.468902216666667,False,False,bicycle,electric_assist
2026-05-14T01:22:21Z,felyx,felyx:d37bad9e6b07,51.906366833333344,4.462245716666667,False,False,bicycle,electric_assist
2026-05-14T01:22:21Z,felyx,felyx:4c1a9b6c91e0,51.91711373333332,4.5233997,False,False,bicycle,electric_assist
2026-05-14T01:22:21Z,felyx,felyx:698ae07cef20,51.98175278333333,4.581094216666667,False,False,bicycle,electric_assist
2026-05-14T01:22:21Z,felyx,felyx:381a914e6a10,51.923140166666656,4.496829249999999,False,False,bicycle,electric_assist
2026-05-14T01:22:21Z,felyx,felyx:16bbbb011f9d,51.91380173333333,4.493518216666667,False,True,bicycle,electric_assist
2026-05-14T01:22:21Z,felyx,felyx:1d32f0737349,51.93281663333333,4.454802316666667,False,False,bicycle,electric_assist
2026-05-14T01:22:21Z,felyx,felyx:a6466e473295,51.961616633333335,4.475082716666666,False,False,bicycle,electric_assist
2026-05-14T01:22:21Z,felyx,felyx:a44af1517efa,51.92176873333333,4.473971316666668,False,True,bicycle,electric_assist
2026-05-14T01:22:21Z,felyx,felyx:b2531aa5e824,51.91184883333334,4.512594699999999,False,False,bicycle,electric_assist
2026-05-14T01:22:21Z,felyx,felyx:9f1a7f31ac99,51.91983133333332,4.466032216666667,False,False,bicycle,electric_assist
2026-05-14T01:22:21Z,felyx,felyx:1647bc4c69f8,51.949251333333315,4.432715200000001,False,False,bicycle,electric_assist
2026-05-14T01:22:21Z,felyx,felyx:c23a81ea087d,51.90845953333334,4.524553999999999,False,False,bicycle,electric_assist
2026-05-14T01:22:21Z,felyx,felyx:e9d1a3a874ef,51.92691323333333,4.4232689999999995,False,False,bicycle,electric_assist
2026-05-14T01:22:21Z,felyx,felyx:11c1787800fb,51.89157791666666,4.4664786166666675,False,True,bicycle,electric_assist
2026-05-14T01:22:21Z,felyx,felyx:b197e99d3256,51.89406421666666,4.527571999999999,False,False,bicycle,electric_assist
2026-05-14T01:22:21Z,felyx,felyx:4768336d6a80,51.925268733333326,4.4739598166666665,False,False,bicycle,electric_assist
2026-05-14T01:22:21Z,felyx,felyx:77e090086f75,51.91526223333333,4.475679016666668,False,False,bicycle,electric_assist
2026-05-14T01:22:21Z,felyx,felyx:91e1109cc257,51.890107216666664,4.474407616666667,False,True,bicycle,electric_assist
2026-05-14T01:22:21Z,felyx,felyx:40fa3bd1d64e,51.91477723333334,4.499195616666667,False,False,bicycle,electric_assist
2026-05-14T01:22:21Z,felyx,felyx:5f3ab9167281,51.876746616666665,4.525037,False,False,bicycle,electric_assist
2026-05-14T01:22:21Z,felyx,felyx:50583e32a24d,51.89864961666667,4.475876316666666,False,False,bicycle,electric_assist
2026-05-14T01:22:21Z,felyx,felyx:73c98a5b7ef3,51.88760701666667,4.473893316666667,False,False,bicycle,electric_assist
2026-05-14T01:22:21Z,felyx,felyx:98a66ea01e7e,51.92250223333333,4.5030961,False,False,bicycle,electric_assist
2026-05-14T01:22:21Z,felyx,felyx:02dd393e1f08,51.90380633333332,4.497189316666668,False,True,bicycle,electric_assist
2026-05-14T01:22:21Z,felyx,felyx:332f049766c5,51.92566893333333,4.477965616666666,False,False,bicycle,electric_assist
2026-05-14T01:22:21Z,felyx,felyx:a8834d09852b,51.91549923333333,4.440459916666667,False,False,bicycle,electric_assist
2026-05-14T01:22:21Z,felyx,felyx:11987f27f517,51.93569973333332,4.497764116666666,False,False,bicycle,electric_assist
2026-05-14T01:22:21Z,felyx,felyx:2182f97aeee2,51.94185533333332,4.475164016666667,False,False,bicycle,electric_assist
2026-05-14T01:22:21Z,felyx,felyx:d97a90f5a03a,51.91708233333334,4.5234017,False,False,bicycle,electric_assist
2026-05-14T01:22:21Z,felyx,felyx:91cc4d74250a,51.91201903333334,4.5025198,False,False,bicycle,electric_assist
2026-05-14T01:22:21Z,felyx,felyx:0d53264dac7a,51.93452033333333,4.499881716666667,False,False,bicycle,electric_assist
2026-05-14T01:22:21Z,felyx,felyx:d3f7e7673582,51.953056833333335,4.471431516666667,False,False,bicycle,electric_assist
2026-05-14T01:22:21Z,felyx,felyx:4f4ad68cbe47,51.94216493333333,4.460553716666666,False,False,bicycle,electric_assist
2026-05-14T01:22:21Z,felyx,felyx:2960a92d44e1,51.918455233333326,4.439840500000001,False,False,bicycle,electric_assist
2026-05-14T01:22:21Z,felyx,felyx:61574d5a6b9d,51.90681033333333,4.456841316666667,False,False,bicycle,electric_assist
2026-05-14T01:22:21Z,felyx,felyx:c328d820dc4d,51.90369923333333,4.5130067,False,False,bicycle,electric_assist
2026-05-14T01:22:21Z,felyx,felyx:79cb35f898a7,51.91783783333334,4.479987716666666,False,False,bicycle,electric_assist
2026-05-14T01:22:21Z,felyx,felyx:852f10029c5d,51.91828043333333,4.480434716666666,False,True,bicycle,electric_assist
2026-05-14T01:22:21Z,felyx,felyx:b95efeb76067,51.92227583333333,4.4393175000000005,False,False,bicycle,electric_assist
2026-05-14T01:22:21Z,felyx,felyx:6b8e7a45fcfb,51.927902133333326,4.5560716,False,False,bicycle,electric_assist
2026-05-14T01:22:21Z,felyx,felyx:a21b357b8207,51.93225603333334,4.5051603,False,False,bicycle,electric_assist
2026-05-14T01:22:21Z,felyx,felyx:b83c78e76c3c,51.91462713333333,4.467198616666668,False,False,bicycle,electric_assist
2026-05-14T01:22:21Z,felyx,felyx:1755e26c3a65,51.95661833333334,4.494380116666666,False,False,bicycle,electric_assist
2026-05-14T01:22:21Z,felyx,felyx:c8f7a3cbe33e,51.93209713333333,4.485963716666666,False,True,bicycle,electric_assist
2026-05-14T01:22:21Z,felyx,felyx:bcb33b641df3,51.926253233333334,4.459611116666665,False,False,bicycle,electric_assist
2026-05-14T01:22:21Z,felyx,felyx:27527e3d7aca,51.914585033333324,4.4161094,False,False,bicycle,electric_assist
2026-05-14T01:22:21Z,felyx,felyx:f005a4ed2ddf,51.93582503333333,4.490572716666668,False,False,bicycle,electric_assist
2026-05-14T01:22:21Z,felyx,felyx:f851579fc809,51.91465343333333,4.475475816666666,False,False,bicycle,electric_assist
2026-05-14T01:22:21Z,felyx,felyx:7874393deb87,51.90459213333334,4.507868600000001,False,False,bicycle,electric_assist
2026-05-14T01:22:21Z,felyx,felyx:17bf7cd7efc7,51.92566506666667,4.4776482,False,False,bicycle,electric_assist
2026-05-14T01:22:21Z,felyx,felyx:1dd3be06efda,51.91708853333333,4.5233995,False,False,bicycle,electric_assist
2026-05-14T01:22:21Z,felyx,felyx:b466ba0209cd,51.908394050000005,4.48143075,False,False,bicycle,electric_assist
2026-05-14T01:22:21Z,felyx,felyx:13069b122ec2,51.979010450000004,4.5861686,False,False,bicycle,electric_assist
2026-05-14T01:22:21Z,felyx,felyx:a0111b97f599,51.92748511666666,4.440237483333334,False,False,bicycle,electric_assist
2026-05-14T01:22:21Z,felyx,felyx:74970e08322d,51.91638553333333,4.5019437,False,False,bicycle,electric_assist
2026-05-14T01:22:21Z,felyx,felyx:c117ee41596a,51.92266773333334,4.475753616666667,False,False,bicycle,electric_assist
2026-05-14T01:22:21Z,felyx,felyx:6d9f9214982b,51.89192661666666,4.542018500000001,False,False,bicycle,electric_assist
2026-05-14T01:22:21Z,felyx,felyx:6f56af19c18e,51.92317753333333,4.481308016666667,False,True,bicycle,electric_assist
2026-05-14T01:22:21Z,felyx,felyx:aa2587894790,51.915713800000006,4.597099066666667,False,True,bicycle,electric_assist
2026-05-14T01:22:21Z,felyx,felyx:9b059f309692,51.9161685,4.527046233333333,False,False,bicycle,electric_assist
2026-05-14T01:22:21Z,felyx,felyx:1315a050a71c,51.88445941666667,4.513396800000001,False,False,bicycle,electric_assist
2026-05-14T01:22:21Z,felyx,felyx:d0529113a365,51.91421933333333,4.496060716666666,False,False,bicycle,electric_assist
2026-05-14T01:22:21Z,felyx,felyx:fd68ef30a1f2,51.93389621666666,4.480910433333334,False,False,bicycle,electric_assist
2026-05-14T01:22:21Z,felyx,felyx:dd0cf7d22678,51.91541883333332,4.4817482166666665,False,True,bicycle,electric_assist
2026-05-14T01:22:21Z,felyx,felyx:6c49f6dc368c,51.92539923333333,4.5085782000000005,False,False,bicycle,electric_assist
2026-05-14T01:22:21Z,felyx,felyx:5868efa4d0c5,51.91350563333333,4.485692816666667,False,False,bicycle,electric_assist
2026-05-14T01:22:21Z,felyx,felyx:1c3e45b3e36a,51.916061883333334,4.526908316666668,False,False,bicycle,electric_assist
2026-05-14T01:22:21Z,felyx,felyx:5fc9fd03489c,51.89773001666667,4.477578216666667,False,False,bicycle,electric_assist
2026-05-14T01:22:21Z,felyx,felyx:1b7030baaaf2,51.930919933333335,4.5011126,False,False,bicycle,electric_assist
2026-05-14T01:22:21Z,felyx,felyx:da73045e1005,51.91727673333333,4.5230659,False,False,bicycle,electric_assist
2026-05-14T01:22:21Z,felyx,felyx:d3d2c3626d44,51.91165973333334,4.4915070166666675,False,False,bicycle,electric_assist
2026-05-14T01:22:21Z,felyx,felyx:d8721bb106c5,51.95749903333334,4.488577116666666,False,False,bicycle,electric_assist
2026-05-14T01:22:21Z,felyx,felyx:a73135561c31,51.95713253333333,4.476522116666667,False,False,bicycle,electric_assist
2026-05-14T01:22:21Z,felyx,felyx:2c343df0ac3d,51.9206613,4.528421399999999,False,False,bicycle,electric_assist
2026-05-14T01:22:21Z,felyx,felyx:25368a0fbcd0,51.93011863333333,4.5005451,False,False,bicycle,electric_assist
2026-05-14T01:22:21Z,felyx,felyx:6e7c3bbeb718,51.962051733333325,4.5025823,False,False,bicycle,electric_assist
2026-05-14T01:22:21Z,felyx,felyx:6a978e6b202f,51.885757516666665,4.569022599999999,False,False,bicycle,electric_assist
2026-05-14T01:22:21Z,felyx,felyx:e91fe74d773d,51.94357263333332,4.4833565166666665,False,False,bicycle,electric_assist
2026-05-14T01:22:21Z,felyx,felyx:4522f02897ce,51.95374503333334,4.465044116666666,False,True,bicycle,electric_assist
2026-05-14T01:22:21Z,felyx,felyx:dc42bda4120e,51.92709823333333,4.478792016666668,False,False,bicycle,electric_assist
2026-05-14T01:22:21Z,felyx,felyx:4c527d28fd5b,51.93441973333332,4.4157511000000005,False,False,bicycle,electric_assist
2026-05-14T01:22:21Z,felyx,felyx:30725ba9d571,51.92279523333333,4.469458716666667,False,False,bicycle,electric_assist
2026-05-14T01:22:21Z,felyx,felyx:807b8d191680,51.90657953333333,4.5416227,False,False,bicycle,electric_assist
2026-05-14T01:22:21Z,felyx,felyx:3c4f54494299,51.93490663333334,4.497182516666667,False,False,bicycle,electric_assist
2026-05-14T01:22:21Z,felyx,felyx:f21e7b49122e,51.90173943333332,4.484464016666666,False,False,bicycle,electric_assist
2026-05-14T01:22:21Z,felyx,felyx:351f6be4c511,51.92426103333333,4.490874716666665,False,True,bicycle,electric_assist
2026-05-14T01:22:21Z,felyx,felyx:00bfeff3060e,51.92735323333332,4.465684216666666,False,True,bicycle,electric_assist
2026-05-14T01:22:21Z,felyx,felyx:07fb61d96c20,51.90212743333333,4.5025182,False,False,bicycle,electric_assist
2026-05-14T01:22:21Z,felyx,felyx:7392ffa5b1fe,51.927227333333335,4.470446316666668,False,False,bicycle,electric_assist
2026-05-14T01:22:21Z,felyx,felyx:ab2226d7d2f2,51.91721393333333,4.5235598,False,False,bicycle,electric_assist
2026-05-14T01:22:21Z,felyx,felyx:ef811ffbea21,51.90686363333333,4.456597116666666,False,False,bicycle,electric_assist
2026-05-14T01:22:21Z,felyx,felyx:e8474db2d4b9,51.917517833333335,4.5151707,False,False,bicycle,electric_assist
2026-05-14T01:22:21Z,felyx,felyx:8541edea8ebd,51.950317833333344,4.466053716666668,False,False,bicycle,electric_assist
2026-05-14T01:22:21Z,felyx,felyx:77dbf58b488b,51.92847063333333,4.370758116666666,False,True,bicycle,electric_assist
2026-05-14T01:22:21Z,felyx,felyx:a3de647da627,51.950658733333334,4.5186918,False,False,bicycle,electric_assist
2026-05-14T01:22:21Z,felyx,felyx:28223aaf0897,51.91599793333334,4.5269627,False,False,bicycle,electric_assist
2026-05-14T01:22:21Z,felyx,felyx:6fbd422ae04b,51.933816433333334,4.5390897,False,False,bicycle,electric_assist
2026-05-14T01:22:21Z,felyx,felyx:c45d1d75a2ec,51.89384661666666,4.5094464,False,True,bicycle,electric_assist
2026-05-14T01:22:21Z,felyx,felyx:e1c9d4da9288,51.92176123333333,4.5338812,False,False,bicycle,electric_assist
2026-05-14T01:22:21Z,felyx,felyx:32800f626999,51.917071533333335,4.52346,False,False,bicycle,electric_assist
2026-05-14T01:22:21Z,felyx,felyx:d97b8e72b4d4,51.940555733333326,4.473023716666667,False,True,bicycle,electric_assist
2026-05-14T01:22:21Z,felyx,felyx:26eb8cdbfc0e,51.88643101666667,4.474527816666667,False,False,bicycle,electric_assist
2026-05-14T01:22:21Z,felyx,felyx:ff62fc98fab1,51.90847023333334,4.4970163166666675,False,False,bicycle,electric_assist
2026-05-14T01:22:21Z,felyx,felyx:48a87fca8a9f,51.92323713333334,4.496784916666666,False,True,bicycle,electric_assist
2026-05-14T01:22:21Z,felyx,felyx:b81dafe2bf1c,51.92313506666665,4.496863866666666,False,False,bicycle,electric_assist
2026-05-14T01:22:21Z,felyx,felyx:878467912d03,51.92379295,4.4784468,False,False,bicycle,electric_assist
2026-05-14T01:22:21Z,felyx,felyx:7087b9b4e35f,51.88920201666666,4.514275799999999,False,False,bicycle,electric_assist
2026-05-14T01:22:21Z,felyx,felyx:9aa1d91c5719,51.91393793333334,4.394727216666667,False,False,bicycle,electric_assist
2026-05-14T01:22:21Z,felyx,felyx:f0e3d5b3ec73,51.913161733333325,4.394217516666666,False,False,bicycle,electric_assist
2026-05-14T01:22:21Z,felyx,felyx:8379a9f3904a,51.92025313333334,4.491268616666667,False,True,bicycle,electric_assist
2026-05-14T01:22:21Z,felyx,felyx:44a47a4c3ae8,51.92918573333333,4.481551116666667,False,False,bicycle,electric_assist
2026-05-14T01:22:21Z,felyx,felyx:89a10f4230e1,51.95151063333333,4.473832316666667,False,False,bicycle,electric_assist
2026-05-14T01:22:21Z,felyx,felyx:e700d5157535,51.95181383333333,4.472712116666667,False,False,bicycle,electric_assist
2026-05-14T01:22:21Z,felyx,felyx:879107fc9987,51.94674573333333,4.455028216666666,False,False,bicycle,electric_assist
2026-05-14T01:22:21Z,felyx,felyx:ee8d568fe8a5,51.91405773333333,4.475933816666667,False,False,bicycle,electric_assist
2026-05-14T01:22:21Z,felyx,felyx:67d44a64571e,51.93940196666667,4.4823322999999995,False,True,bicycle,electric_assist
2026-05-14T01:22:21Z,felyx,felyx:8390f027cea8,51.93667813333333,4.498644016666667,False,True,bicycle,electric_assist
2026-05-14T01:22:21Z,felyx,felyx:9abb2a724e74,51.932456833333326,4.471611816666668,False,False,bicycle,electric_assist
2026-05-14T01:22:21Z,felyx,felyx:381b217defe4,51.92436723333333,4.494435216666667,False,False,bicycle,electric_assist
2026-05-14T01:22:21Z,felyx,felyx:c95469c58994,51.90696483333333,4.492508216666666,False,False,bicycle,electric_assist
2026-05-14T01:22:21Z,felyx,felyx:aac975a7da62,51.91814133333334,4.459357016666666,False,False,bicycle,electric_assist
2026-05-14T01:22:21Z,felyx,felyx:a1968e05c7f8,51.94362313333332,4.483375816666666,False,False,bicycle,electric_assist
2026-05-14T01:22:21Z,felyx,felyx:1fb633a1dc93,51.890686816666665,4.5232997,False,False,bicycle,electric_assist
2026-05-14T01:22:21Z,felyx,felyx:10fa6c655870,51.93532543333333,4.429941699999999,False,False,bicycle,electric_assist
2026-05-14T01:22:21Z,felyx,felyx:2b9f57f7beb6,51.943697633333336,4.483529916666667,False,False,bicycle,electric_assist
2026-05-14T01:22:21Z,felyx,felyx:93b425030202,51.91030203333334,4.381596516666667,False,False,bicycle,electric_assist
2026-05-14T01:22:21Z,felyx,felyx:132f0b447de2,51.91051333333332,4.317208316666666,False,True,bicycle,electric_assist
2026-05-14T01:22:21Z,felyx,felyx:ad85c6b93442,51.933295133333324,4.502875,False,False,bicycle,electric_assist
2026-05-14T01:22:21Z,felyx,felyx:34617a0e3d09,51.92541435,4.466013633333334,False,True,bicycle,electric_assist
2026-05-14T01:22:21Z,felyx,felyx:ff26671326ce,51.92129453333334,4.4370276,False,False,bicycle,electric_assist
2026-05-14T01:22:21Z,felyx,felyx:147cfce486f9,51.92847613333333,4.5193091,False,False,bicycle,electric_assist
2026-05-14T01:22:21Z,felyx,felyx:3546f927fcde,51.95566753333332,4.463055916666666,False,False,bicycle,electric_assist
2026-05-14T01:22:21Z,felyx,felyx:9501adbafb26,51.91721953333334,4.462694716666667,False,True,bicycle,electric_assist
2026-05-14T01:22:21Z,felyx,felyx:2e195509c568,51.955124833333336,4.5098251000000005,False,False,bicycle,electric_assist
2026-05-14T01:22:21Z,felyx,felyx:02098a736b93,51.915076533333334,4.5214327,False,True,bicycle,electric_assist
2026-05-14T01:22:21Z,felyx,felyx:0e30c9fc3b0c,51.924182933333334,4.468716016666666,False,False,bicycle,electric_assist
2026-05-14T01:22:21Z,felyx,felyx:ae4607be11f2,51.89325971666668,4.517465100000001,False,False,bicycle,electric_assist
2026-05-14T01:22:21Z,felyx,felyx:53cc3701a4ef,51.91394163333332,4.469446416666666,False,False,bicycle,electric_assist
2026-05-14T01:22:21Z,felyx,felyx:29916a6b3beb,51.94347453333333,4.422719,False,False,bicycle,electric_assist
2026-05-14T01:22:21Z,felyx,felyx:4a3c34e56759,51.911791433333335,4.4390075,False,False,bicycle,electric_assist
2026-05-14T01:22:21Z,felyx,felyx:e0bcb6dd3342,51.892363616666664,4.5697393,False,False,bicycle,electric_assist
2026-05-14T01:22:21Z,felyx,felyx:256ca42f56ed,51.913053433333324,4.480553816666668,False,False,bicycle,electric_assist
2026-05-14T01:22:21Z,felyx,felyx:5e557e3bc080,51.92577613333333,4.454861516666667,False,False,bicycle,electric_assist
2026-05-14T01:22:21Z,felyx,felyx:bac3e17180e3,51.933748933333334,4.497751616666666,False,False,bicycle,electric_assist
2026-05-14T01:22:21Z,felyx,felyx:9df3cce785e0,51.928213233333324,4.473210216666667,False,False,bicycle,electric_assist
2026-05-14T01:22:21Z,felyx,felyx:9746e0ebed1f,51.93381181666667,4.5391004666666666,False,False,bicycle,electric_assist
2026-05-14T01:22:21Z,felyx,felyx:c395968a5e21,51.89120301666667,4.511943100000001,False,False,bicycle,electric_assist
2026-05-14T01:22:21Z,felyx,felyx:2e4689dda909,51.93473863333333,4.460480216666667,False,False,bicycle,electric_assist
2026-05-14T01:22:21Z,felyx,felyx:0bfa29b0cc0d,51.909786533333325,4.43877,False,True,bicycle,electric_assist
2026-05-14T01:22:21Z,felyx,felyx:0f5052b8c3fb,51.933494233333334,4.454717116666667,False,False,bicycle,electric_assist
2026-05-14T01:22:21Z,felyx,felyx:1f9259a4c4d3,51.929446033333335,4.476643616666667,False,True,bicycle,electric_assist
2026-05-14T01:22:21Z,felyx,felyx:1e73d9461f7a,51.894690216666675,4.532166999999999,False,False,bicycle,electric_assist
2026-05-14T01:22:21Z,felyx,felyx:adf224d70054,51.903081033333336,4.456184216666666,False,False,bicycle,electric_assist
2026-05-14T01:22:21Z,felyx,felyx:49bbf4fa21c6,51.92337643333334,4.490729216666667,False,True,bicycle,electric_assist
2026-05-14T01:22:21Z,felyx,felyx:9921753b2dab,51.941339533333334,4.426283200000001,False,False,bicycle,electric_assist
2026-05-14T01:22:21Z,felyx,felyx:8d2761b01c9d,51.924771883333335,4.4936278666666665,False,False,bicycle,electric_assist
2026-05-14T01:22:21Z,felyx,felyx:65b2cdf86488,51.91371903333334,4.389060116666666,False,True,bicycle,electric_assist
2026-05-14T01:22:21Z,felyx,felyx:70cbc7bd5be0,51.91246133333334,4.4303439000000004,False,False,bicycle,electric_assist
2026-05-14T01:22:21Z,felyx,felyx:d264250f955c,51.92530133333332,4.5001313,False,False,bicycle,electric_assist
2026-05-14T01:22:21Z,felyx,felyx:343f87cfc886,51.91305053333334,4.553738899999999,False,False,bicycle,electric_assist
2026-05-14T01:22:21Z,felyx,felyx:9906996f02b6,51.884965016666676,4.468818916666667,False,False,bicycle,electric_assist
2026-05-14T01:22:21Z,felyx,felyx:4e10bc1d7ecf,51.945153833333336,4.480780516666667,False,False,bicycle,electric_assist
2026-05-14T01:22:21Z,felyx,felyx:716e03f14c4c,51.936779033333345,4.470850716666666,False,False,bicycle,electric_assist
2026-05-14T01:22:21Z,felyx,felyx:0c9c0e25588f,51.91740473333332,4.485058716666668,False,False,bicycle,electric_assist
2026-05-14T01:22:21Z,felyx,felyx:6a745ad61115,51.94243923333333,4.537861199999999,False,False,bicycle,electric_assist
2026-05-14T01:22:21Z,felyx,felyx:df30038ac6e4,51.92574163333334,4.457675016666667,False,False,bicycle,electric_assist
2026-05-14T01:22:21Z,felyx,felyx:394ed6eb4fe9,51.92006258333332,4.445195733333333,False,False,bicycle,electric_assist
2026-05-14T01:22:21Z,felyx,felyx:a89cbca99b28,51.905411533333336,4.462572716666667,False,False,bicycle,electric_assist
2026-05-14T01:22:21Z,felyx,felyx:b51ad023b38d,51.931163033333334,4.4288959,False,False,bicycle,electric_assist
2026-05-14T01:22:21Z,felyx,felyx:ee9a1e2fedae,51.913912333333336,4.397657716666666,False,False,bicycle,electric_assist
2026-05-14T01:22:21Z,felyx,felyx:a08ac1ec5037,51.888139516666655,4.547903699999999,False,False,bicycle,electric_assist
2026-05-14T01:22:21Z,felyx,felyx:a5bf0925daff,51.93035933333334,4.470977516666666,False,False,bicycle,electric_assist
2026-05-14T01:22:21Z,felyx,felyx:d45f2e139890,51.93423483333333,4.4222118,False,False,bicycle,electric_assist
2026-05-14T01:22:21Z,felyx,felyx:978596c95c3e,51.92071173333334,4.392737116666668,False,False,bicycle,electric_assist
2026-05-14T01:22:21Z,felyx,felyx:1c79f409408b,51.943023933333336,4.4229904,False,False,bicycle,electric_assist
2026-05-14T01:22:21Z,felyx,felyx:1bfd76bd46fa,51.88986561666668,4.488918616666667,False,False,bicycle,electric_assist
2026-05-14T01:22:21Z,felyx,felyx:ecf69ff82115,51.925730033333345,4.454784216666668,False,False,bicycle,electric_assist
2026-05-14T01:22:21Z,felyx,felyx:933420942343,51.91257553333333,4.393134616666667,False,False,bicycle,electric_assist
2026-05-14T01:22:21Z,felyx,felyx:6610f2dbdd5f,51.91731033333333,4.4645232166666675,False,False,bicycle,electric_assist
2026-05-14T01:22:21Z,felyx,felyx:167f71ca2ea3,51.92313488333333,4.4968158,False,False,bicycle,electric_assist
2026-05-14T01:22:21Z,felyx,felyx:787312bf837c,51.90184743333333,4.485698416666667,False,False,bicycle,electric_assist
2026-05-14T01:22:21Z,felyx,felyx:97f9e68d3639,51.92907574999999,4.4758303999999995,False,False,bicycle,electric_assist
2026-05-14T01:22:21Z,felyx,felyx:8eb58246886c,51.877970616666666,4.516853199999999,False,True,bicycle,electric_assist
2026-05-14T01:22:21Z,felyx,felyx:7c9f3476ee87,51.91829943333333,4.404336,False,False,bicycle,electric_assist
2026-05-14T01:22:21Z,felyx,felyx:6ccab5673c78,51.88322021666667,4.470564816666667,False,True,bicycle,electric_assist
2026-05-14T01:22:21Z,felyx,felyx:895eaa415cdc,51.912588233333324,4.484649516666667,False,True,bicycle,electric_assist
2026-05-14T01:22:21Z,felyx,felyx:f37528de7d48,51.92106035,4.477596833333333,False,False,bicycle,electric_assist
2026-05-14T01:22:21Z,felyx,felyx:1a132a25d703,51.94132363333333,4.488182016666667,False,True,bicycle,electric_assist
2026-05-14T01:22:21Z,felyx,felyx:c7f9d733cf50,51.893039116666664,4.468275916666667,False,True,bicycle,electric_assist
2026-05-14T01:22:21Z,felyx,felyx:1e4f6bdc16e7,51.88642231666665,4.496567416666665,False,False,bicycle,electric_assist
2026-05-14T01:22:21Z,felyx,felyx:4eaca95d8377,51.91340363333334,4.443521516666667,False,False,bicycle,electric_assist
2026-05-14T01:22:21Z,felyx,felyx:d83f343bfcb1,51.90316643333333,4.456312616666666,False,False,bicycle,electric_assist
2026-05-14T01:22:21Z,felyx,felyx:d3ee91793288,51.91463623333333,4.464996316666667,False,False,bicycle,electric_assist
2026-05-14T01:22:21Z,felyx,felyx:571b7d11ce8a,51.89236918333334,4.5307229,False,False,bicycle,electric_assist
2026-05-14T01:22:21Z,felyx,felyx:110cf573572a,51.90858073333334,4.366572416666666,False,True,bicycle,electric_assist
2026-05-14T01:22:21Z,felyx,felyx:8e004dd38fc7,51.93262643333333,4.466578216666666,False,False,bicycle,electric_assist
2026-05-14T01:22:21Z,felyx,felyx:1b865cc37f16,51.91692123333333,4.467013216666667,False,False,bicycle,electric_assist
2026-05-14T01:22:21Z,felyx,felyx:afdfdeef0a5f,51.915947633333325,4.473103316666667,False,True,bicycle,electric_assist
2026-05-14T01:22:21Z,felyx,felyx:24fdf82e2824,51.916526033333334,4.443097616666666,False,True,bicycle,electric_assist
2026-05-14T01:22:21Z,felyx,felyx:c572fb748664,51.984160333333335,4.494949516666667,False,True,bicycle,electric_assist
2026-05-14T01:22:21Z,felyx,felyx:f00ca8ac4556,51.90635743333333,4.5417746,False,False,bicycle,electric_assist
2026-05-14T01:22:21Z,felyx,felyx:0a57199ab3e9,51.906461433333334,4.455435016666666,False,False,bicycle,electric_assist
2026-05-14T01:22:21Z,felyx,felyx:cca44f9d16f6,51.89163531666666,4.488039816666667,False,False,bicycle,electric_assist
2026-05-14T01:22:21Z,felyx,felyx:e8cf681ce97f,51.96746553333334,4.500710499999999,False,True,bicycle,electric_assist
2026-05-14T01:22:21Z,felyx,felyx:9c13a10ac06d,51.91654353333334,4.4348127999999996,False,True,bicycle,electric_assist
2026-05-14T01:22:21Z,felyx,felyx:16a0dc4d9b1e,51.91818403333333,4.480475316666666,False,True,bicycle,electric_assist
2026-05-14T01:22:21Z,felyx,felyx:7409fd2f266f,51.89599621666665,4.489958816666668,False,True,bicycle,electric_assist
2026-05-14T01:22:21Z,felyx,felyx:4e4dff1f8d4a,51.91118273333333,4.5248086,False,False,bicycle,electric_assist
2026-05-14T01:22:21Z,felyx,felyx:fbc303a6ed9a,51.92315350000001,4.496816116666666,False,False,bicycle,electric_assist
2026-05-14T01:22:21Z,felyx,felyx:2f08de1b447f,51.929873333333326,4.5022919,False,False,bicycle,electric_assist
2026-05-14T01:22:21Z,felyx,felyx:f40d18bca777,51.900860433333335,4.481369816666666,False,True,bicycle,electric_assist
2026-05-14T01:22:21Z,felyx,felyx:46d3e71a5dd4,51.93592003333333,4.492346816666667,False,False,bicycle,electric_assist
2026-05-14T01:22:21Z,felyx,felyx:fb8754ffabb3,51.90809273333332,4.451689916666668,False,False,bicycle,electric_assist
2026-05-14T01:22:21Z,felyx,felyx:b0aff125dc51,51.93157073333334,4.457952416666667,False,False,bicycle,electric_assist
2026-05-14T01:22:21Z,felyx,felyx:cf20d1ea22fc,51.92865173333333,4.510615699999999,False,False,bicycle,electric_assist
2026-05-14T01:22:21Z,felyx,felyx:7d4f33a67271,51.92170053333332,4.493054916666667,False,False,bicycle,electric_assist
2026-05-14T01:22:21Z,felyx,felyx:a58dd56ec7df,51.92016765,4.5002957,False,False,bicycle,electric_assist
2026-05-14T01:22:21Z,felyx,felyx:f389004bc4b1,51.89716251666666,4.5053782,False,True,bicycle,electric_assist
2026-05-14T01:22:21Z,felyx,felyx:9af3abfe3d02,51.97899425,4.5861948,False,False,bicycle,electric_assist
2026-05-14T01:22:21Z,felyx,felyx:0a783ba187ff,51.93281963333334,4.4351422000000005,False,False,bicycle,electric_assist
2026-05-14T01:22:21Z,felyx,felyx:ecaf4077d328,51.890475416666675,4.5092588000000005,False,False,bicycle,electric_assist
2026-05-14T01:22:21Z,felyx,felyx:b2331dac4177,51.921254333333344,4.474353616666667,False,False,bicycle,electric_assist
2026-05-14T01:22:21Z,felyx,felyx:36da11821661,51.91915303333333,4.5269198,False,False,bicycle,electric_assist
2026-05-14T01:22:21Z,felyx,felyx:5cc0dcf3c2aa,51.89661841666666,4.494221116666668,False,False,bicycle,electric_assist
2026-05-14T01:22:21Z,felyx,felyx:5acfba5b0cfe,51.94994023333333,4.5143151,False,False,bicycle,electric_assist
2026-05-14T01:22:21Z,felyx,felyx:0e8664404760,51.88092931666666,4.5029957,False,True,bicycle,electric_assist
2026-05-14T01:22:21Z,felyx,felyx:7d1c3885479c,51.92788596666666,4.50822465,False,False,bicycle,electric_assist
2026-05-14T01:22:21Z,felyx,felyx:bf5f636d2fd9,51.87100671666667,4.4723154166666665,False,True,bicycle,electric_assist
2026-05-14T01:22:21Z,felyx,felyx:49572019c9c2,51.88426381666667,4.488351916666667,False,True,bicycle,electric_assist
2026-05-14T01:22:21Z,felyx,felyx:d75610a1228f,51.91700863333334,4.472480716666667,False,False,bicycle,electric_assist
2026-05-14T01:22:21Z,felyx,felyx:86c1459caae9,51.915760933333324,4.490017116666667,False,True,bicycle,electric_assist
2026-05-14T01:22:21Z,felyx,felyx:48f6ac48ea18,51.90627003333334,4.541788700000001,False,True,bicycle,electric_assist
2026-05-14T01:22:21Z,felyx,felyx:190991149fea,51.98022273333333,4.5808052,False,True,bicycle,electric_assist
2026-05-14T01:22:21Z,felyx,felyx:3cc37e1b79b9,51.902452433333345,4.403742900000001,False,False,bicycle,electric_assist
2026-05-14T01:22:21Z,felyx,felyx:11a25bc24d52,51.92319223333333,4.4967927166666675,False,False,bicycle,electric_assist
2026-05-14T01:22:21Z,felyx,felyx:3626405ecf67,51.935951833333334,4.4219200999999995,False,False,bicycle,electric_assist
2026-05-14T01:22:21Z,felyx,felyx:14bd841e2c5a,51.891247816666656,4.479458516666668,True,False,bicycle,electric_assist
2026-05-14T01:22:21Z,felyx,felyx:dc8f2f9cfe36,51.92685033333334,4.5086418,False,False,bicycle,electric_assist
2026-05-14T01:22:21Z,felyx,felyx:f5a0ffc19dbb,51.91573953333333,4.464258316666667,False,False,bicycle,electric_assist
2026-05-14T01:22:21Z,felyx,felyx:e55189cf7276,51.907593733333336,4.498900016666666,False,False,bicycle,electric_assist
2026-05-14T01:22:21Z,felyx,felyx:a8e727ea124d,51.936097133333334,4.495060216666667,False,True,bicycle,electric_assist
2026-05-14T01:22:21Z,felyx,felyx:0736e892dbbb,51.92303400000001,4.6228675500000005,False,True,bicycle,electric_assist
2026-05-14T01:22:21Z,felyx,felyx:837f8c3d2015,51.892190116666676,4.477502416666668,False,False,bicycle,electric_assist
2026-05-14T01:22:21Z,felyx,felyx:41bce5a17752,51.907590633333335,4.498844316666666,False,False,bicycle,electric_assist
2026-05-14T01:22:21Z,felyx,felyx:227704d74a9d,51.92063343333332,4.474682116666667,False,False,bicycle,electric_assist
2026-05-14T01:22:21Z,felyx,felyx:3642be063df6,51.92024446666665,4.434385649999999,False,False,bicycle,electric_assist
2026-05-14T01:22:21Z,felyx,felyx:c2a71caa5572,51.91985813333334,4.472355916666667,False,False,bicycle,electric_assist
2026-05-14T01:22:21Z,felyx,felyx:cc4da905d975,51.9090919,4.454446716666667,False,False,bicycle,electric_assist
2026-05-14T01:22:21Z,felyx,felyx:1e11b9bd0cbf,51.884358816666655,4.4886131166666665,False,False,bicycle,electric_assist
2026-05-14T01:22:21Z,felyx,felyx:dd16473774d6,51.91185043333333,4.511380699999999,False,False,bicycle,electric_assist
2026-05-14T01:22:21Z,felyx,felyx:3cfc3d8d3239,51.92327353333334,4.493500316666668,False,False,bicycle,electric_assist
2026-05-14T01:22:21Z,felyx,felyx:82b533723857,51.93004123333333,4.468435316666667,False,False,bicycle,electric_assist
2026-05-14T01:22:21Z,felyx,felyx:0936250eaf21,51.92952133333333,4.467737716666667,False,False,bicycle,electric_assist
2026-05-14T01:22:21Z,felyx,felyx:d7aa3b82b694,51.932143816666674,4.485620466666666,False,False,bicycle,electric_assist
2026-05-14T01:22:21Z,felyx,felyx:972caf7e2639,51.90070863333333,4.481611716666667,False,True,bicycle,electric_assist
2026-05-14T01:22:21Z,felyx,felyx:472699afc48d,51.89867561666666,4.475865416666667,False,False,bicycle,electric_assist
2026-05-14T01:22:21Z,felyx,felyx:1a9fc253758a,51.874285616666675,4.5231784,False,False,bicycle,electric_assist
2026-05-14T01:22:21Z,felyx,felyx:a9f6289b30c7,51.917872933333335,4.3938810166666675,False,False,bicycle,electric_assist
2026-05-14T01:22:21Z,felyx,felyx:94511a893276,51.932883249999996,4.500354016666666,False,False,bicycle,electric_assist
2026-05-14T01:22:21Z,felyx,felyx:d43c324e6e30,51.92120193333334,4.479064716666667,False,False,bicycle,electric_assist
2026-05-14T01:22:21Z,felyx,felyx:d41908c21de0,51.90166043333333,4.4871771166666665,False,False,bicycle,electric_assist
2026-05-14T01:22:21Z,felyx,felyx:7f426058e328,51.91087363333333,4.5194674,False,True,bicycle,electric_assist
2026-05-14T01:22:21Z,felyx,felyx:c4acc6ea701c,51.94521733333332,4.5550752999999995,False,True,bicycle,electric_assist
2026-05-14T01:22:21Z,felyx,felyx:eb2427b188f1,51.88093851666665,4.505878500000001,False,True,bicycle,electric_assist
2026-05-14T01:22:21Z,felyx,felyx:1549f0aac4b4,51.90832753333334,4.434501800000001,False,False,bicycle,electric_assist
2026-05-14T01:22:21Z,felyx,felyx:eac05fecf959,51.93585813333333,4.491153016666666,False,False,bicycle,electric_assist
2026-05-14T01:22:21Z,felyx,felyx:090633ca9cca,51.885882816666665,4.5083416,False,True,bicycle,electric_assist
2026-05-14T01:22:21Z,felyx,felyx:6bc72db2f280,51.948981733333326,4.464996016666667,False,True,bicycle,electric_assist
2026-05-14T01:22:21Z,felyx,felyx:fc838887184d,51.88764713333333,4.4635143500000005,False,False,bicycle,electric_assist
2026-05-14T01:22:21Z,felyx,felyx:22a372a456d6,51.90077633333333,4.481648316666667,False,False,bicycle,electric_assist
2026-05-14T01:22:21Z,felyx,felyx:7db81050e8b5,51.96093033333334,4.478290416666667,False,False,bicycle,electric_assist
2026-05-14T01:22:21Z,felyx,felyx:a1e3c17a2f0e,51.92446163333334,4.472828316666667,False,False,bicycle,electric_assist
2026-05-14T01:22:21Z,felyx,felyx:405f3e53fb98,51.92102303333333,4.559218599999999,False,False,bicycle,electric_assist
2026-05-14T01:22:21Z,felyx,felyx:1623c641ad33,51.90451003333333,4.460471016666666,False,True,bicycle,electric_assist
2026-05-14T01:22:21Z,felyx,felyx:e590871bcb08,51.88744741666666,4.4671842166666655,False,False,bicycle,electric_assist
2026-05-14T01:22:21Z,felyx,felyx:7f2785d3f64e,51.89884241666667,4.564600100000001,False,False,bicycle,electric_assist
2026-05-14T01:22:21Z,felyx,felyx:403645f0e793,51.91155043333333,4.478503816666667,False,False,bicycle,electric_assist
2026-05-14T01:22:21Z,felyx,felyx:7fd5477568fc,51.90803051666667,4.399931133333334,False,False,bicycle,electric_assist
2026-05-14T01:22:21Z,felyx,felyx:f04bf108aae7,51.90718093333332,4.492087216666667,False,False,bicycle,electric_assist
2026-05-14T01:22:21Z,felyx,felyx:c8c8a2711700,51.92145123333332,4.407769099999999,False,True,bicycle,electric_assist
2026-05-14T01:22:21Z,felyx,felyx:0fcba7c3aeaf,51.941558333333326,4.4100197,False,False,bicycle,electric_assist
2026-05-14T01:22:21Z,felyx,felyx:141da0e7316c,51.90562053333333,4.4056945,False,False,bicycle,electric_assist
2026-05-14T01:22:21Z,felyx,felyx:954bdf3f35e4,51.89191091666667,4.5420106,False,False,bicycle,electric_assist
2026-05-14T01:22:21Z,felyx,felyx:e53870c7d906,51.95789293333334,4.541062800000001,False,True,bicycle,electric_assist
2026-05-14T01:22:21Z,felyx,felyx:3b5440fe1251,51.929224033333334,4.476055116666667,False,False,bicycle,electric_assist
2026-05-14T01:22:21Z,felyx,felyx:69d4557fbbb4,51.91255253333333,4.421895,False,False,bicycle,electric_assist
2026-05-14T01:22:21Z,felyx,felyx:fecbb58be853,51.92062133333334,4.490617916666666,False,False,bicycle,electric_assist
2026-05-14T01:22:21Z,felyx,felyx:4e9b3483f2c8,51.930414333333324,4.482104416666667,False,False,bicycle,electric_assist
2026-05-14T01:22:21Z,felyx,felyx:597b1dc5ba35,51.923349333333334,4.390545516666667,False,False,bicycle,electric_assist
2026-05-14T01:22:21Z,felyx,felyx:341628335c7a,51.906481533333334,4.446402316666667,False,False,bicycle,electric_assist
2026-05-14T01:22:21Z,felyx,felyx:fd26772caf46,51.94913333333334,4.514661899999999,False,False,bicycle,electric_assist
2026-05-14T01:22:21Z,felyx,felyx:0319f3402b3d,51.86864331666668,4.499531916666667,False,True,bicycle,electric_assist
2026-05-14T01:22:21Z,felyx,felyx:418fc75e5502,51.95569203333333,4.474587916666667,False,False,bicycle,electric_assist
2026-05-14T01:22:21Z,felyx,felyx:70caace5c70f,51.92565893333334,4.477851616666666,False,False,bicycle,electric_assist
2026-05-14T01:22:21Z,felyx,felyx:1e2ad85108bc,51.943962383333336,4.422568166666667,False,False,bicycle,electric_assist
2026-05-14T01:22:21Z,felyx,felyx:c948057cd831,51.925411233333335,4.5012679,False,False,bicycle,electric_assist
2026-05-14T01:22:21Z,felyx,felyx:59af983dad06,51.88662261666666,4.476373916666666,False,False,bicycle,electric_assist
2026-05-14T01:22:21Z,felyx,felyx:be2e060f56d3,51.90481658333333,4.402816683333334,False,False,bicycle,electric_assist
2026-05-14T01:22:21Z,felyx,felyx:c77f4cf4a0bb,51.88811391666667,4.490408,False,True,bicycle,electric_assist
2026-05-14T01:22:21Z,felyx,felyx:fd9893802a01,51.95847733333334,4.486004016666666,False,False,bicycle,electric_assist
2026-05-14T01:22:21Z,felyx,felyx:f2f4c5ad3d3b,51.932798633333334,4.484692416666666,False,False,bicycle,electric_assist
2026-05-14T01:22:21Z,felyx,felyx:355844d551a1,51.9322693,4.4642137,False,True,bicycle,electric_assist
2026-05-14T01:22:21Z,felyx,felyx:4187722936bb,51.907621533333334,4.461288116666666,False,False,bicycle,electric_assist
2026-05-14T01:22:21Z,felyx,felyx:d3d02c447149,51.868733516666666,4.5469379,False,True,bicycle,electric_assist
2026-05-14T01:22:21Z,felyx,felyx:ac12ad4186da,51.91339408333333,4.461252066666666,False,False,bicycle,electric_assist
2026-05-14T01:22:21Z,felyx,felyx:6b4401c11e4c,51.936781133333334,4.477709116666667,False,False,bicycle,electric_assist
2026-05-14T01:22:21Z,felyx,felyx:2c64ccce506e,51.92020474999999,4.434350800000001,False,False,bicycle,electric_assist
2026-05-14T01:22:21Z,felyx,felyx:ac43fa39816a,51.929142633333335,4.450579516666666,False,True,bicycle,electric_assist
2026-05-14T01:22:21Z,felyx,felyx:d9f3419208f2,51.899290916666665,4.478304416666666,False,False,bicycle,electric_assist
2026-05-14T01:22:21Z,felyx,felyx:20e2f263221d,51.91572093333332,4.5010485000000005,False,False,bicycle,electric_assist
2026-05-14T01:22:21Z,felyx,felyx:c22914c30fe8,51.929261633333326,4.472711616666667,False,False,bicycle,electric_assist
2026-05-14T01:22:21Z,felyx,felyx:8c3ea958a6d9,51.90679813333333,4.511307400000001,False,False,bicycle,electric_assist
2026-05-14T01:22:21Z,felyx,felyx:04bd017c374e,51.894017916666655,4.5275203,False,False,bicycle,electric_assist
2026-05-14T01:22:21Z,felyx,felyx:9ea449d52e6c,51.94927163333333,4.4327222,False,False,bicycle,electric_assist
2026-05-14T01:22:21Z,felyx,felyx:c841d783095a,51.94535731666666,4.47760605,False,False,bicycle,electric_assist
2026-05-14T01:22:21Z,felyx,felyx:989349f63a4b,51.92336363333333,4.5051648,False,False,bicycle,electric_assist
2026-05-14T01:22:21Z,felyx,felyx:66fad8b8293c,51.94441243333334,4.4823668166666675,False,False,bicycle,electric_assist
2026-05-14T01:22:21Z,felyx,felyx:99467946b4b0,51.88560721666666,4.463145516666667,False,False,bicycle,electric_assist
2026-05-14T01:22:21Z,felyx,felyx:74ef71b2a1d1,51.92264553333332,4.471180216666666,False,False,bicycle,electric_assist
2026-05-14T01:22:21Z,felyx,felyx:043c587e8591,51.95827193333333,4.488470316666667,False,False,bicycle,electric_assist
2026-05-14T01:22:21Z,felyx,felyx:36f3cd8caf9a,51.89866171666666,4.475877716666666,False,False,bicycle,electric_assist
2026-05-14T01:22:21Z,felyx,felyx:5bded9b8518c,51.88838821666666,4.5250770000000005,False,False,bicycle,electric_assist
2026-05-14T01:22:21Z,felyx,felyx:881bfb4ee12f,51.90600813333334,4.477484216666666,False,True,bicycle,electric_assist
2026-05-14T01:22:21Z,felyx,felyx:b193a46c5f49,51.88742871666667,4.467220416666667,False,False,bicycle,electric_assist
2026-05-14T01:22:21Z,felyx,felyx:561685f24608,51.95790893333333,4.5389475,False,True,bicycle,electric_assist
2026-05-14T01:22:21Z,felyx,felyx:e22b9fd12adc,51.93482153333332,4.455741516666667,False,False,bicycle,electric_assist
2026-05-14T01:22:21Z,felyx,felyx:0c9a20b48c4e,51.92516193333332,4.387704716666668,False,True,bicycle,electric_assist
2026-05-14T01:22:21Z,felyx,felyx:927e1b79d47b,51.90823363333334,4.396444816666667,False,False,bicycle,electric_assist
2026-05-14T01:22:21Z,felyx,felyx:f3be60ada70b,51.93358463333333,4.453372266666667,False,False,bicycle,electric_assist
2026-05-14T01:22:21Z,felyx,felyx:fa5d6cef2358,51.90630863333334,4.460048216666666,False,True,bicycle,electric_assist
2026-05-14T01:22:21Z,felyx,felyx:2540c3ad4fba,51.92431433333332,4.472883816666666,False,False,bicycle,electric_assist
2026-05-14T01:22:21Z,felyx,felyx:f0f79ba161b7,51.94202023333333,4.5053854,False,False,bicycle,electric_assist
2026-05-14T01:22:21Z,felyx,felyx:e9435f3f723f,51.87835771666668,4.448800416666666,False,True,bicycle,electric_assist
2026-05-14T01:22:21Z,felyx,felyx:390e109705c9,51.91187343333332,4.511752,False,False,bicycle,electric_assist
2026-05-14T01:22:21Z,felyx,felyx:07fbdcdd0fca,51.911861633333324,4.374054116666667,False,True,bicycle,electric_assist
2026-05-14T01:22:21Z,felyx,felyx:eb3b5c549d9e,51.91307141666666,4.448444483333334,False,False,bicycle,electric_assist
2026-05-14T01:22:21Z,felyx,felyx:6057992dee50,51.90690473333334,4.3856688166666675,False,False,bicycle,electric_assist
2026-05-14T01:22:21Z,felyx,felyx:35c470ef44ff,51.891478516666666,4.489013016666666,False,True,bicycle,electric_assist
2026-05-14T01:22:21Z,felyx,felyx:f884e91caf2c,51.88886461666665,4.500356099999999,False,False,bicycle,electric_assist
2026-05-14T01:22:21Z,felyx,felyx:3e80eb734ee7,51.927934333333326,4.4186979,False,False,bicycle,electric_assist
2026-05-14T01:22:21Z,felyx,felyx:22b1f0af2767,51.956358950000016,4.5293546000000005,False,False,bicycle,electric_assist
2026-05-14T01:22:21Z,felyx,felyx:be22054ea269,51.929498833333334,4.476595816666667,False,False,bicycle,electric_assist
2026-05-14T01:22:21Z,felyx,felyx:708db9b2e30f,51.88905751666667,4.5128643,False,False,bicycle,electric_assist
2026-05-14T01:22:21Z,felyx,felyx:204099060a5d,51.90387243333333,4.4014198,False,False,bicycle,electric_assist
2026-05-14T01:22:21Z,felyx,felyx:55441e49817f,51.94065453333332,4.5570281,False,False,bicycle,electric_assist
2026-05-14T01:22:21Z,felyx,felyx:b0e72244c3d6,51.91093823333334,4.522141,False,False,bicycle,electric_assist
2026-05-14T01:22:21Z,felyx,felyx:a3c0022b3edc,51.91745993333333,4.5154057000000005,False,False,bicycle,electric_assist
2026-05-14T01:22:21Z,felyx,felyx:b37dacb4ec74,51.94996403333333,4.514369599999999,False,False,bicycle,electric_assist
2026-05-14T01:22:21Z,felyx,felyx:005e8dcb8da7,51.95619143333334,4.495657416666666,False,False,bicycle,electric_assist
2026-05-14T01:22:21Z,felyx,felyx:2f1d46befd70,51.92274093333333,4.469292716666667,False,False,bicycle,electric_assist
2026-05-14T01:22:21Z,felyx,felyx:8419fe9ead7d,51.927366633333335,4.4406616166666675,False,False,bicycle,electric_assist
2026-05-14T01:22:21Z,felyx,felyx:d0efe963e217,51.94290723333333,4.481560216666666,False,True,bicycle,electric_assist
2026-05-14T01:22:21Z,felyx,felyx:478723ec4dc7,51.93253553333333,4.359830516666666,False,True,bicycle,electric_assist
2026-05-14T01:22:21Z,felyx,felyx:2e1589f722db,51.95634583333334,4.555260999999999,False,False,bicycle,electric_assist
2026-05-14T01:22:21Z,felyx,felyx:86f927d0fdb7,51.918924733333334,4.493937116666667,False,True,bicycle,electric_assist
2026-05-14T01:22:21Z,felyx,felyx:a9f0f7b43621,51.87502431666666,4.491881616666667,False,True,bicycle,electric_assist
2026-05-14T01:22:21Z,felyx,felyx:d5a8c5c7fa36,51.915368733333324,4.470093416666666,False,True,bicycle,electric_assist
2026-05-14T01:22:21Z,felyx,felyx:b933b3b220f8,51.913617233333326,4.454603616666667,False,True,bicycle,electric_assist
2026-05-14T01:22:21Z,felyx,felyx:41dc3f740212,51.918165033333324,4.475270616666667,False,False,bicycle,electric_assist
2026-05-14T01:22:21Z,felyx,felyx:5cb32d871f56,51.92016303333333,4.500215600000001,False,False,bicycle,electric_assist
2026-05-14T01:22:21Z,felyx,felyx:7f701733fd14,51.89123071666666,4.479497366666667,False,True,bicycle,electric_assist
2026-05-14T01:22:21Z,felyx,felyx:46dcb20ec281,51.892335216666666,4.464530616666667,False,False,bicycle,electric_assist
2026-05-14T01:22:21Z,felyx,felyx:dbe0ab8a9576,51.92228683333333,4.471447916666667,False,False,bicycle,electric_assist
2026-05-14T01:22:21Z,felyx,felyx:e04b600d7204,51.927653033333335,4.479577016666667,False,False,bicycle,electric_assist
2026-05-14T01:22:21Z,felyx,felyx:64fa7c4b37d7,51.92313465,4.496872683333334,False,False,bicycle,electric_assist
2026-05-14T01:22:21Z,felyx,felyx:14ed743f7324,51.92272283333333,4.464815416666666,False,True,bicycle,electric_assist
2026-05-14T01:22:21Z,felyx,felyx:bee829c43c7c,51.94371133333334,4.483564316666668,False,True,bicycle,electric_assist
2026-05-14T01:22:21Z,felyx,felyx:e2586d235505,51.92076613333333,4.408197800000001,False,False,bicycle,electric_assist
2026-05-14T01:22:21Z,felyx,felyx:f14def5d6fe7,51.92573743333333,4.454700416666666,False,False,bicycle,electric_assist
2026-05-14T01:22:21Z,felyx,felyx:f1a18747373e,51.943597733333334,4.483364816666666,False,False,bicycle,electric_assist
2026-05-14T01:22:21Z,felyx,felyx:1ed8688eb640,51.91812663333334,4.458159616666666,False,False,bicycle,electric_assist
2026-05-14T01:22:21Z,felyx,felyx:7dbdfaf0b4bd,51.93103213333334,4.5434635,False,False,bicycle,electric_assist
2026-05-14T01:22:21Z,felyx,felyx:6993cb1c46d5,51.95402943333334,4.464113616666667,False,False,bicycle,electric_assist
2026-05-14T01:22:21Z,felyx,felyx:205dde423698,51.95711603333333,4.476514416666666,False,False,bicycle,electric_assist
2026-05-14T01:22:21Z,felyx,felyx:f4a1c578fd55,51.902243133333336,4.461272016666666,False,False,bicycle,electric_assist
2026-05-14T01:22:21Z,felyx,felyx:0fda32931d14,51.92230893333333,4.471388416666667,False,False,bicycle,electric_assist
2026-05-14T01:22:21Z,felyx,felyx:9503cdbee6e1,51.91176403333334,4.383665116666667,False,False,bicycle,electric_assist
2026-05-14T01:22:21Z,felyx,felyx:5a1314991aea,51.92525793333332,4.474152316666667,False,False,bicycle,electric_assist
2026-05-14T01:22:21Z,felyx,felyx:cbff303c0018,51.91238413333333,4.476960933333334,False,False,bicycle,electric_assist
2026-05-14T01:22:21Z,felyx,felyx:2310be5b747c,51.93494063333332,4.523185,False,True,bicycle,electric_assist
2026-05-14T01:22:21Z,felyx,felyx:c356fe4d2fb8,51.956030899999995,4.495061783333333,False,False,bicycle,electric_assist
2026-05-14T01:22:21Z,felyx,felyx:65a9d0505297,51.91611803333334,4.5270463,False,False,bicycle,electric_assist
2026-05-14T01:22:21Z,felyx,felyx:f9af184e65b3,51.91703313333335,4.5478451,False,True,bicycle,electric_assist
2026-05-14T01:22:21Z,felyx,felyx:825f8bd3ec12,51.89251041666666,4.480764716666666,False,False,bicycle,electric_assist
2026-05-14T01:22:21Z,felyx,felyx:b8fac4d10eee,51.91828343333333,4.481481616666666,False,True,bicycle,electric_assist
2026-05-14T01:22:21Z,felyx,felyx:94b149dedce6,51.91634189999999,4.492082,False,False,bicycle,electric_assist
2026-05-14T01:22:21Z,felyx,felyx:0004c9551aa2,51.967451133333334,4.463372616666666,False,False,bicycle,electric_assist
2026-05-14T01:22:21Z,felyx,felyx:582d79d6342c,51.916409933333334,4.4752359166666675,False,False,bicycle,electric_assist
2026-05-14T01:22:21Z,felyx,felyx:3b52229ea876,51.912947833333334,4.448740816666667,False,False,bicycle,electric_assist
2026-05-14T01:22:21Z,felyx,felyx:8220cc1dab07,51.92247923333333,4.434977,False,False,bicycle,electric_assist
2026-05-14T01:22:21Z,felyx,felyx:c13ad6dadd7c,51.95881743333334,4.466510716666666,False,False,bicycle,electric_assist
2026-05-14T01:22:21Z,felyx,felyx:a9e4d814a23f,51.90043363333333,4.507745600000001,False,True,bicycle,electric_assist
2026-05-14T01:22:21Z,felyx,felyx:0481b99f86aa,51.92495793333332,4.5293532999999995,False,False,bicycle,electric_assist
2026-05-14T01:22:21Z,felyx,felyx:c1d98823c46f,51.887656016666675,4.473897316666665,False,False,bicycle,electric_assist
2026-05-14T01:22:21Z,felyx,felyx:d45e1652eaef,51.91622293333334,4.490268816666667,False,False,bicycle,electric_assist
2026-05-14T01:22:21Z,felyx,felyx:c59696f195d5,51.92968703333332,4.483442516666666,False,True,bicycle,electric_assist
2026-05-14T01:22:21Z,felyx,felyx:8e611606de74,51.87669471666666,4.489348816666666,False,False,bicycle,electric_assist
2026-05-14T01:22:21Z,felyx,felyx:056a67c8f9bc,51.89091911666666,4.493429916666666,False,False,bicycle,electric_assist
2026-05-14T01:22:21Z,felyx,felyx:379260e67053,51.95907653333333,4.502563200000001,False,False,bicycle,electric_assist
2026-05-14T01:22:21Z,felyx,felyx:3bfa6cae8e9f,51.88643291666667,4.467541616666667,False,False,bicycle,electric_assist
2026-05-14T01:22:21Z,felyx,felyx:93438b036aab,51.91642113333334,4.481487716666667,False,True,bicycle,electric_assist
2026-05-14T01:22:21Z,felyx,felyx:9e95947a517e,51.892337116666674,4.5307513,False,False,bicycle,electric_assist
2026-05-14T01:22:21Z,felyx,felyx:1705b8b57306,51.93335093333333,4.478312316666667,False,False,bicycle,electric_assist
2026-05-14T01:22:21Z,felyx,felyx:962077f6427d,51.934920533333326,4.470210016666667,False,False,bicycle,electric_assist
2026-05-14T01:22:21Z,felyx,felyx:4389187b3752,51.945506233333326,4.4082652,False,False,bicycle,electric_assist
2026-05-14T01:22:21Z,felyx,felyx:67d7f7f36034,51.89999781666667,4.498727116666666,False,False,bicycle,electric_assist
2026-05-14T01:22:21Z,felyx,felyx:84b012d1fab9,51.927494933333335,4.440081916666666,False,False,bicycle,electric_assist
2026-05-14T01:22:21Z,felyx,felyx:b162fd1416fb,51.87631121666667,4.555827300000001,False,True,bicycle,electric_assist
2026-05-14T01:22:21Z,felyx,felyx:b553c47931c2,51.87037021666667,4.471895716666667,False,False,bicycle,electric_assist
2026-05-14T01:22:21Z,felyx,felyx:2c6b9af9f941,51.917794733333324,4.482836516666667,False,True,bicycle,electric_assist
2026-05-14T01:22:21Z,felyx,felyx:a07746581512,51.90270033333332,4.4960563166666665,False,False,bicycle,electric_assist
2026-05-14T01:22:21Z,felyx,felyx:538c88fa3a82,51.90749703333332,4.461490716666666,False,False,bicycle,electric_assist
2026-05-14T01:22:21Z,felyx,felyx:c9ea85092252,51.94260313333333,4.471573616666667,False,False,bicycle,electric_assist
2026-05-14T01:22:21Z,felyx,felyx:720c51706b66,51.917292733333326,4.487888516666666,False,True,bicycle,electric_assist
2026-05-14T01:22:21Z,felyx,felyx:c39557c08182,51.877242116666665,4.5109124,False,True,bicycle,electric_assist
2026-05-14T01:22:21Z,felyx,felyx:1eabdba2933f,51.918089333333334,4.483965416666667,False,True,bicycle,electric_assist
2026-05-14T01:22:21Z,felyx,felyx:6fda246e49e8,51.953784033333335,4.5200551,False,True,bicycle,electric_assist
2026-05-14T01:22:21Z,felyx,felyx:51a84d7cea15,51.94257543333333,4.481335916666666,False,False,bicycle,electric_assist
2026-05-14T01:22:21Z,felyx,felyx:326cb004cd26,51.91608223333332,4.5269484,False,False,bicycle,electric_assist
2026-05-14T01:22:21Z,felyx,felyx:d0a9a2fda8a3,51.90290803333335,4.455266016666667,False,False,bicycle,electric_assist
2026-05-14T01:22:21Z,felyx,felyx:2bb90226bf7a,51.92926873333334,4.376177416666668,False,True,bicycle,electric_assist
2026-05-14T01:22:21Z,felyx,felyx:b48dd303b2d5,51.91152743333335,4.5205064,False,True,bicycle,electric_assist
2026-05-14T01:22:21Z,felyx,felyx:66b068b6f28f,51.91994473333333,4.4780632166666665,False,False,bicycle,electric_assist
2026-05-14T01:22:21Z,felyx,felyx:0002633e92e7,51.92473533333333,4.493615716666667,False,False,bicycle,electric_assist
2026-05-14T01:22:21Z,felyx,felyx:5d094891e880,51.888474916666674,4.521422599999999,False,False,bicycle,electric_assist
2026-05-14T01:22:21Z,felyx,felyx:79b925a4ebaf,51.872618716666665,4.491317416666666,False,False,bicycle,electric_assist
2026-05-14T01:22:21Z,felyx,felyx:04b4aa537e06,51.900867733333335,4.490541416666666,False,False,bicycle,electric_assist
2026-05-14T01:22:21Z,felyx,felyx:f3e140a76456,51.909800633333326,4.509473900000001,False,False,bicycle,electric_assist
2026-05-14T01:22:21Z,felyx,felyx:615d279157a9,51.87720361666667,4.483300616666667,False,True,bicycle,electric_assist
2026-05-14T01:22:21Z,felyx,felyx:13379ea22e10,51.94239613333332,4.5378953,False,False,bicycle,electric_assist
2026-05-14T01:22:21Z,felyx,felyx:b753b64e3c06,51.919112933333324,4.398355416666668,False,False,bicycle,electric_assist
2026-05-14T01:22:21Z,felyx,felyx:7991a4eea167,51.90749323333333,4.441287816666667,False,False,bicycle,electric_assist
2026-05-14T01:22:21Z,felyx,felyx:b66a444e0b75,51.92228693333334,4.471328916666667,False,False,bicycle,electric_assist
2026-05-14T01:22:21Z,felyx,felyx:2faa4a30f819,51.895343716666666,4.5214232999999995,False,False,bicycle,electric_assist
2026-05-14T01:22:21Z,felyx,felyx:644d974d0841,51.886311816666655,4.496257716666666,False,True,bicycle,electric_assist
2026-05-14T01:22:21Z,felyx,felyx:c9aad6c41b53,51.92283103333333,4.481587316666667,False,True,bicycle,electric_assist
2026-05-14T01:22:21Z,felyx,felyx:1d6aa8fe04a5,51.94671653333333,4.455073216666667,False,False,bicycle,electric_assist
2026-05-14T01:22:21Z,felyx,felyx:78127ee62d3e,51.93585993333332,4.491209016666666,False,False,bicycle,electric_assist
2026-05-14T01:22:21Z,felyx,felyx:5ab02376ad18,51.892500816666676,4.474294716666666,False,False,bicycle,electric_assist
2026-05-14T01:22:21Z,felyx,felyx:cd9999d3c3ca,51.94052013333333,4.557157633333333,False,False,bicycle,electric_assist
2026-05-14T01:22:21Z,felyx,felyx:7895bb1959a6,51.919367433333335,4.5080496000000005,False,False,bicycle,electric_assist
2026-05-14T01:22:21Z,felyx,felyx:6466b2ea2d96,51.916689933333316,4.476439216666666,False,False,bicycle,electric_assist
2026-05-14T01:22:21Z,felyx,felyx:451e223d4ed0,51.92283803333333,4.4697034166666665,False,False,bicycle,electric_assist
2026-05-14T01:22:21Z,felyx,felyx:9b91f84a8f86,51.920708533333325,4.488588216666667,False,True,bicycle,electric_assist
2026-05-14T01:22:21Z,felyx,felyx:cb06de419e0f,51.92237503333334,4.471388316666667,False,False,bicycle,electric_assist
2026-05-14T01:22:21Z,felyx,felyx:0e3837155144,51.923256933333334,4.3902023166666675,False,False,bicycle,electric_assist
2026-05-14T01:22:21Z,felyx,felyx:4b8fb29aa45e,51.92453413333332,4.486558716666667,False,True,bicycle,electric_assist
2026-05-14T01:22:21Z,felyx,felyx:2c4221c576bd,51.92188595,4.460600833333333,False,False,bicycle,electric_assist
2026-05-14T01:22:21Z,felyx,felyx:986d5090e871,51.92313923333332,4.496869816666667,False,False,bicycle,electric_assist
2026-05-14T01:22:21Z,felyx,felyx:c3e41b21a915,51.897737916666664,4.477711416666668,False,False,bicycle,electric_assist
2026-05-14T01:22:21Z,felyx,felyx:5e1c9e3f14aa,51.95952883333332,4.473477816666667,False,False,bicycle,electric_assist
2026-05-14T01:22:21Z,felyx,felyx:e278097d0dac,51.95386643333333,4.468236416666666,False,False,bicycle,electric_assist
2026-05-14T01:22:21Z,felyx,felyx:2683ddf62717,51.91098205,4.456207183333334,False,False,bicycle,electric_assist
2026-05-14T01:22:21Z,felyx,felyx:6d92a65dca92,51.920624233333335,4.476228716666666,False,False,bicycle,electric_assist
2026-05-14T01:22:21Z,felyx,felyx:117cc9327274,51.90845483333332,4.5245563,False,False,bicycle,electric_assist
2026-05-14T01:22:21Z,felyx,felyx:93f1ae982e74,51.92283313333334,4.5085444,False,True,bicycle,electric_assist
2026-05-14T01:22:21Z,felyx,felyx:0e05c6076526,51.90929773333333,4.4581258166666675,False,False,bicycle,electric_assist
2026-05-14T01:22:21Z,felyx,felyx:4a9086aa0523,51.927678733333344,4.5148608,False,False,bicycle,electric_assist
2026-05-14T01:22:21Z,felyx,felyx:fb9e74d6cd40,51.906552933333316,4.496375016666668,False,False,bicycle,electric_assist
2026-05-14T01:22:21Z,felyx,felyx:0dd74fe43a6d,51.87486251666666,4.467867316666666,False,True,bicycle,electric_assist
2026-05-14T01:22:21Z,felyx,felyx:4c5ef98aa175,51.91852573333334,4.4736276166666675,False,False,bicycle,electric_assist
2026-05-14T01:22:21Z,felyx,felyx:7b89d9b5241f,51.89312641666667,4.496530816666667,False,False,bicycle,electric_assist
2026-05-14T01:22:21Z,felyx,felyx:e4a0ea6c0b9e,51.95307973333334,4.4718983166666675,False,False,bicycle,electric_assist
2026-05-14T01:22:21Z,felyx,felyx:60987a57be83,51.89583681666666,4.469105116666667,False,True,bicycle,electric_assist
2026-05-14T01:22:21Z,felyx,felyx:4b6b60dcd65e,51.92017013333334,4.4344148,False,True,bicycle,electric_assist
2026-05-14T01:22:21Z,felyx,felyx:f0b3b904aa13,51.916900333333324,4.477419616666667,False,True,bicycle,electric_assist
2026-05-14T01:22:21Z,felyx,felyx:956c56863c1c,51.89215621666668,4.5696518,False,False,bicycle,electric_assist
2026-05-14T01:22:21Z,felyx,felyx:c11ef76e69e5,51.95467433333334,4.4637339166666665,False,False,bicycle,electric_assist
2026-05-14T01:22:21Z,felyx,felyx:e10163ab8aa4,51.89401581666666,4.516804100000001,False,False,bicycle,electric_assist
2026-05-14T01:22:21Z,felyx,felyx:6c43c280f849,51.93591203333334,4.492328916666667,False,False,bicycle,electric_assist
2026-05-14T01:22:21Z,felyx,felyx:4c52a5bd579d,51.906814733333334,4.448700916666667,False,False,bicycle,electric_assist
2026-05-14T01:22:21Z,felyx,felyx:b8adff5e5c94,51.968768133333334,4.484775516666667,False,True,bicycle,electric_assist
2026-05-14T01:22:21Z,felyx,felyx:3accf18e91a5,51.92144063333334,4.489993816666667,False,True,bicycle,electric_assist
2026-05-14T01:22:21Z,felyx,felyx:22254dab431b,51.93472843333334,4.4284146,False,False,bicycle,electric_assist
2026-05-14T01:22:21Z,felyx,felyx:c8e6033bc496,51.87746431666667,4.530004,False,True,bicycle,electric_assist
2026-05-14T01:22:21Z,felyx,felyx:747c8e701bf3,51.902229433333325,4.461226516666668,False,False,bicycle,electric_assist
2026-05-14T01:22:21Z,felyx,felyx:96b88d5c3c8d,51.93747598333332,4.470527249999999,False,True,bicycle,electric_assist
2026-05-14T01:22:21Z,felyx,felyx:195174deefdd,51.93218463333332,4.464199316666667,False,False,bicycle,electric_assist
2026-05-14T01:22:21Z,felyx,felyx:3af376b96a71,51.88747251666667,4.485628416666666,False,True,bicycle,electric_assist
2026-05-14T01:22:21Z,felyx,felyx:a30885fb1746,51.92168103333333,4.492901116666666,False,False,bicycle,electric_assist
2026-05-14T01:22:21Z,felyx,felyx:5e6bdbffb693,51.908252533333346,4.432309700000001,False,False,bicycle,electric_assist
2026-05-14T01:22:21Z,felyx,felyx:60a2fdcc9e35,51.92093103333333,4.4909726166666655,False,False,bicycle,electric_assist
2026-05-14T01:22:21Z,felyx,felyx:c109d55cd2cc,51.89215901666666,4.569641399999999,False,False,bicycle,electric_assist
2026-05-14T01:22:21Z,felyx,felyx:6c3929cde01d,51.90386063333334,4.513045600000001,False,False,bicycle,electric_assist
2026-05-14T01:22:21Z,felyx,felyx:258137704c72,51.92546713333333,4.5061613000000005,False,False,bicycle,electric_assist
2026-05-14T01:22:21Z,felyx,felyx:57e99b4c72ab,51.929440533333334,4.467841316666666,False,False,bicycle,electric_assist
2026-05-14T01:22:21Z,felyx,felyx:91281065bc14,51.87306301666667,4.492703116666666,False,True,bicycle,electric_assist
2026-05-14T01:22:21Z,felyx,felyx:1105c27c09cc,51.92271636666666,4.483525466666667,False,True,bicycle,electric_assist
2026-05-14T01:22:21Z,felyx,felyx:542c066df65a,51.916663233333345,4.5285991,False,False,bicycle,electric_assist
2026-05-14T01:22:21Z,felyx,felyx:d173926ac340,51.94301683333333,4.424364400000001,False,False,bicycle,electric_assist
2026-05-14T01:22:21Z,felyx,felyx:d7d34d75288e,51.90768563333333,4.432872100000001,False,False,bicycle,electric_assist
2026-05-14T01:22:21Z,felyx,felyx:b8ff6ac78f30,51.892130516666676,4.490245316666667,False,True,bicycle,electric_assist
2026-05-14T01:22:21Z,felyx,felyx:300c0b83d2a6,51.92042293333334,4.474400116666667,False,False,bicycle,electric_assist
2026-05-14T01:22:21Z,felyx,felyx:1025a7f45736,51.93609933333334,4.477119916666666,False,True,bicycle,electric_assist
2026-05-14T01:22:21Z,felyx,felyx:ee2f911e1206,51.920187033333335,4.490290716666666,False,True,bicycle,electric_assist
2026-05-14T01:22:21Z,felyx,felyx:6640989241c5,51.892315116666666,4.494152016666667,False,False,bicycle,electric_assist
2026-05-14T01:22:21Z,felyx,felyx:a9e338c86a2d,51.89387541666667,4.4967417166666666,False,True,bicycle,electric_assist
2026-05-14T01:22:21Z,felyx,felyx:3e2605a87ab0,51.906968733333336,4.450506616666666,False,False,bicycle,electric_assist
2026-05-14T01:22:21Z,felyx,felyx:6bd4701083d1,51.90292033333333,4.455260616666666,False,False,bicycle,electric_assist
2026-05-14T01:22:21Z,felyx,felyx:7f66b4bd02e7,51.91070933333333,4.491768816666666,False,False,bicycle,electric_assist
2026-05-14T01:22:21Z,felyx,felyx:3a5aaa3fd2a7,51.91611413333334,4.478752316666666,False,True,bicycle,electric_assist
2026-05-14T01:22:21Z,felyx,felyx:8fd20fbefae6,51.888891016666676,4.528640883333334,False,False,bicycle,electric_assist
2026-05-14T01:22:21Z,felyx,felyx:7da176c55027,51.928955033333345,4.469932116666667,False,False,bicycle,electric_assist
2026-05-14T01:22:21Z,felyx,felyx:59a6dcf6a676,51.896491616666665,4.494235916666666,False,True,bicycle,electric_assist
2026-05-14T01:22:21Z,felyx,felyx:be95af886693,51.91341193333333,4.461143016666667,False,False,bicycle,electric_assist
2026-05-14T01:22:21Z,felyx,felyx:81134277dbc6,51.89198671666666,4.460886916666666,False,True,bicycle,electric_assist
2026-05-14T01:22:21Z,felyx,felyx:88ee3aa992e1,51.930211233333324,4.5034131,False,False,bicycle,electric_assist
2026-05-14T01:22:21Z,felyx,felyx:487cea2e5853,51.885796416666665,4.5179825000000005,False,False,bicycle,electric_assist
2026-05-14T01:22:21Z,felyx,felyx:cfe567dc1d05,51.91599843333333,4.526924900000001,False,False,bicycle,electric_assist
2026-05-14T01:22:21Z,felyx,felyx:b16eb33897a7,51.957871933333344,4.541038400000001,False,False,bicycle,electric_assist
2026-05-14T01:22:21Z,felyx,felyx:05bf94e3b0e3,51.89934671666666,4.496227616666668,False,True,bicycle,electric_assist
2026-05-14T01:22:21Z,felyx,felyx:9c545dee05af,51.927451433333324,4.5036434000000005,False,False,bicycle,electric_assist
2026-05-14T01:22:21Z,felyx,felyx:88aa2e961dc9,51.912909133333336,4.380328416666667,False,False,bicycle,electric_assist
2026-05-14T01:22:21Z,felyx,felyx:38bf25ed8bf0,51.919422033333326,4.467119216666667,False,False,bicycle,electric_assist
2026-05-14T01:22:21Z,felyx,felyx:438135e5ffc8,51.91454473333333,4.481249716666666,False,False,bicycle,electric_assist
2026-05-14T01:22:21Z,felyx,felyx:5fa029ec9e87,51.98037283333334,4.581605399999999,False,True,bicycle,electric_assist
2026-05-14T01:22:21Z,felyx,felyx:873c31020673,51.89526381666667,4.5635659,False,False,bicycle,electric_assist
2026-05-14T01:22:21Z,felyx,felyx:1b8d8ab7a957,51.90634273333333,4.463270216666667,False,False,bicycle,electric_assist
2026-05-14T01:22:21Z,felyx,felyx:a8df01701ab6,51.91804463333332,4.483664616666666,False,True,bicycle,electric_assist
2026-05-14T01:22:21Z,felyx,felyx:0b5c605137cc,51.91919773333334,4.510642699999999,False,True,bicycle,electric_assist
2026-05-14T01:22:21Z,felyx,felyx:68304578b912,51.87415311666666,4.499545516666666,False,True,bicycle,electric_assist
2026-05-14T01:22:21Z,felyx,felyx:e504b098ed92,51.910855433333346,4.5538315,False,False,bicycle,electric_assist
2026-05-14T01:22:21Z,felyx,felyx:46de90729d8a,51.88856901666666,4.5672436,False,False,bicycle,electric_assist
2026-05-14T01:22:21Z,felyx,felyx:1849d4b2fdfa,51.91939513333333,4.479634916666667,False,False,bicycle,electric_assist
2026-05-14T01:22:21Z,felyx,felyx:73bcc2584cc9,51.905562550000006,4.400743316666667,False,False,bicycle,electric_assist
2026-05-14T01:22:21Z,felyx,felyx:c26183a9faa3,51.89660271666666,4.420387800000001,False,False,bicycle,electric_assist
2026-05-14T01:22:21Z,felyx,felyx:09b0902078ae,51.920161033333336,4.441968216666668,False,True,bicycle,electric_assist
2026-05-14T01:22:21Z,felyx,felyx:d3301c5f2bb6,51.94929746666666,4.432703233333333,False,False,bicycle,electric_assist
2026-05-14T01:22:21Z,felyx,felyx:0349adcc69c0,51.92025933333333,4.406948,False,False,bicycle,electric_assist
2026-05-14T01:22:21Z,felyx,felyx:95fc04c08047,51.889999716666665,4.478968916666668,False,True,bicycle,electric_assist
2026-05-14T01:22:21Z,felyx,felyx:222479725cd2,51.933781433333316,4.5390953,False,False,bicycle,electric_assist
2026-05-14T01:22:21Z,felyx,felyx:436733b95926,51.92369163333333,4.529666999999999,False,False,bicycle,electric_assist
2026-05-14T01:22:21Z,felyx,felyx:53cbbe7885d0,51.89104991666666,4.5194077,False,False,bicycle,electric_assist
2026-05-14T01:22:21Z,felyx,felyx:d9c11fc6eac1,51.961316533333346,4.480399416666666,False,False,bicycle,electric_assist
2026-05-14T01:22:21Z,felyx,felyx:eb39f7cb8933,51.923244783333324,4.489542833333333,False,False,bicycle,electric_assist
2026-05-14T01:22:21Z,felyx,felyx:82fc6610368d,51.87650884999999,4.469602166666667,False,False,bicycle,electric_assist
2026-05-14T01:22:21Z,felyx,felyx:a7cab93dd86e,51.94549503333333,4.4082758,False,False,bicycle,electric_assist
2026-05-14T01:22:21Z,felyx,felyx:2a8bfdca905b,51.88735991666667,4.4873348166666664,False,True,bicycle,electric_assist
2026-05-14T01:22:21Z,felyx,felyx:f6954ce4f2bd,51.91341933333334,4.4396652,False,False,bicycle,electric_assist
2026-05-14T01:22:21Z,felyx,felyx:7827c35c1619,51.89299361666668,4.495255316666667,False,False,bicycle,electric_assist
2026-05-14T01:22:21Z,felyx,felyx:8c73f0084b83,51.91125613333334,4.524801000000001,False,False,bicycle,electric_assist
2026-05-14T01:22:21Z,felyx,felyx:27784bb8feae,51.88849721666667,4.5043421,False,True,bicycle,electric_assist
2026-05-14T01:22:21Z,felyx,felyx:dbeeba948694,51.92151619999999,4.472233466666665,False,False,bicycle,electric_assist
2026-05-14T01:22:21Z,felyx,felyx:5a2b17e21aee,51.94373993333333,4.483585116666667,False,False,bicycle,electric_assist
2026-05-14T01:22:21Z,felyx,felyx:a290c53b4233,51.90704393333334,4.489738216666668,False,False,bicycle,electric_assist
2026-05-14T01:22:21Z,felyx,felyx:f54351f37139,51.92982973333332,4.5053156,False,True,bicycle,electric_assist
2026-05-14T01:22:21Z,felyx,felyx:2c3e89a12c41,51.916281033333334,4.4650730166666674,False,False,bicycle,electric_assist
2026-05-14T01:22:21Z,felyx,felyx:2565f133cbc1,51.89407071666666,4.509598500000001,False,True,bicycle,electric_assist
2026-05-14T01:22:21Z,felyx,felyx:fe172520d2f7,51.906446933333335,4.454797516666667,False,True,bicycle,electric_assist
2026-05-14T01:22:21Z,felyx,felyx:c55ecf9450a9,51.91606923333333,4.526908400000001,False,False,bicycle,electric_assist
2026-05-14T01:22:21Z,felyx,felyx:bf339ad80b47,51.91199543333334,4.492199516666667,False,False,bicycle,electric_assist
2026-05-14T01:22:21Z,felyx,felyx:b008973c2a9a,51.92800783333334,4.5474351,False,False,bicycle,electric_assist
2026-05-14T01:22:21Z,felyx,felyx:cb71c7ef7065,51.90479863333333,4.402785500000001,False,False,bicycle,electric_assist
2026-05-14T01:22:21Z,felyx,felyx:11f77b56bcdd,51.94691063333333,4.5674543000000005,False,False,bicycle,electric_assist
2026-05-14T01:22:21Z,felyx,felyx:b9ac27f1b5cd,51.91493123333333,4.474743800000001,False,True,bicycle,electric_assist
2026-05-14T01:22:21Z,felyx,felyx:110f43cb19b9,51.91328968333333,4.432341933333333,False,True,bicycle,electric_assist
2026-05-14T01:22:21Z,felyx,felyx:ef005d4e52a2,51.91159923333333,4.478512016666666,False,True,bicycle,electric_assist
2026-05-14T01:22:21Z,felyx,felyx:1a892ea522e9,51.88419571666667,4.5157407,False,False,bicycle,electric_assist
2026-05-14T01:22:21Z,felyx,felyx:e11fbcc89bf3,51.94797453333334,4.485570516666667,False,False,bicycle,electric_assist
2026-05-14T01:22:21Z,felyx,felyx:857abbc3c6f4,51.95628603333333,4.494337916666667,False,False,bicycle,electric_assist
2026-05-14T01:22:21Z,felyx,felyx:fc302a8bada5,51.97901645000001,4.586154199999998,False,False,bicycle,electric_assist
2026-05-14T01:22:21Z,felyx,felyx:4d9b22f0d23f,51.88732541666667,4.497167716666667,False,False,bicycle,electric_assist
2026-05-14T01:22:21Z,felyx,felyx:46c96f3d4e52,51.922477433333334,4.435011,False,False,bicycle,electric_assist
2026-05-14T01:22:21Z,felyx,felyx:c34cf7a51256,51.937907633333324,4.5399548,False,False,bicycle,electric_assist
2026-05-14T01:22:21Z,felyx,felyx:3915a3a9fdac,51.92021703333334,4.4343577666666665,False,False,bicycle,electric_assist
2026-05-14T01:22:21Z,felyx,felyx:d27edf8b24c3,51.91670263333333,4.528054200000001,False,False,bicycle,electric_assist
2026-05-14T01:22:21Z,felyx,felyx:544e48b750b1,51.91954343333333,4.5028412,False,False,bicycle,electric_assist
2026-05-14T01:22:21Z,felyx,felyx:02d784f9ec82,51.89652871666668,4.4942586166666665,False,True,bicycle,electric_assist
2026-05-14T01:22:21Z,felyx,felyx:ea3d3f4aef37,51.91016933333333,4.375090016666666,False,False,bicycle,electric_assist
2026-05-14T01:22:21Z,felyx,felyx:e0d55e28c683,51.92618551666666,4.458557716666667,False,False,bicycle,electric_assist
2026-05-14T01:22:21Z,felyx,felyx:ef7b5df6e863,51.93162883333332,4.454674516666667,False,False,bicycle,electric_assist
2026-05-14T01:22:21Z,felyx,felyx:aff4e0c34961,51.901564433333334,4.5022969999999995,False,False,bicycle,electric_assist
2026-05-14T01:22:21Z,felyx,felyx:fc6761313647,51.939120233333334,4.496138316666667,False,False,bicycle,electric_assist
2026-05-14T01:22:21Z,felyx,felyx:512ecf3c79ea,51.916391416666656,4.491054166666668,False,True,bicycle,electric_assist
2026-05-14T01:22:21Z,felyx,felyx:c17845b3a093,51.890543616666676,4.464419516666667,False,False,bicycle,electric_assist
2026-05-14T01:22:21Z,felyx,felyx:3b1a07904329,51.91315813333333,4.4634669,False,False,bicycle,electric_assist
2026-05-14T01:22:21Z,felyx,felyx:2745729dd93d,51.917483350000005,4.417779100000001,False,False,bicycle,electric_assist
2026-05-14T01:22:21Z,felyx,felyx:0c716d625910,51.927163050000004,4.4763713,False,False,bicycle,electric_assist
2026-05-14T01:22:21Z,felyx,felyx:d62b81253a71,51.90901713333333,4.4697972166666675,False,False,bicycle,electric_assist
2026-05-14T01:22:21Z,felyx,felyx:a14325e96716,51.95620423333333,4.489947916666667,False,False,bicycle,electric_assist
2026-05-14T01:22:21Z,felyx,felyx:0e675b79b88a,51.92568936666666,4.454775833333334,False,False,bicycle,electric_assist
2026-05-14T01:22:21Z,felyx,felyx:775e7600bd1b,51.88718101666667,4.4716028166666675,False,False,bicycle,electric_assist
2026-05-14T01:22:21Z,felyx,felyx:1f81c885cc69,51.925772233333326,4.566027999999999,False,True,bicycle,electric_assist
2026-05-14T01:22:21Z,felyx,felyx:6b66fa4b9c18,51.91873913333334,4.460536516666667,False,True,bicycle,electric_assist
2026-05-14T01:22:21Z,felyx,felyx:c4405d85169c,51.88764621666666,4.499515816666667,False,True,bicycle,electric_assist
2026-05-14T01:22:21Z,felyx,felyx:6a591c5e51a4,51.91108123333334,4.447414216666666,False,False,bicycle,electric_assist
2026-05-14T01:22:21Z,felyx,felyx:de59a9891ffb,51.950636833333334,4.518633899999999,False,False,bicycle,electric_assist
2026-05-14T01:22:21Z,felyx,felyx:12ddde0491f6,51.90561553333334,4.4057314,False,False,bicycle,electric_assist
2026-05-14T01:22:21Z,felyx,felyx:422d1e04aa5f,51.921932433333325,4.370950216666666,False,True,bicycle,electric_assist
2026-05-14T01:22:21Z,felyx,felyx:c931e3dea16b,51.91013223333333,4.396388916666667,False,False,bicycle,electric_assist
2026-05-14T01:22:21Z,felyx,felyx:2b8271339c4d,51.886835016666666,4.5258083,False,True,bicycle,electric_assist
2026-05-14T01:22:21Z,felyx,felyx:e5687e18d5fa,51.92431483333333,4.468885216666666,False,True,bicycle,electric_assist
2026-05-14T01:22:21Z,felyx,felyx:144b8d4a3503,51.90290923333333,4.455266616666667,False,False,bicycle,electric_assist
2026-05-14T01:22:21Z,felyx,felyx:b1ac3554a61e,51.92852453333334,4.4569818166666675,False,False,bicycle,electric_assist
2026-05-14T01:22:21Z,felyx,felyx:5486d0c642c8,51.88416541666667,4.488868216666667,False,True,bicycle,electric_assist
2026-05-14T01:22:21Z,felyx,felyx:67b81b471656,51.93682233333333,4.436410500000001,False,False,bicycle,electric_assist
2026-05-14T01:22:21Z,felyx,felyx:c8b412542408,51.91439773333333,4.440011716666667,False,False,bicycle,electric_assist
2026-05-14T01:22:21Z,felyx,felyx:7779bb5ecade,51.91598923333333,4.5269591,False,False,bicycle,electric_assist
2026-05-14T01:22:21Z,felyx,felyx:1ce910a89fad,51.917452433333324,4.448694816666667,False,True,bicycle,electric_assist
2026-05-14T01:22:21Z,felyx,felyx:8d6cc52023c7,51.92406573333333,4.491534016666666,False,True,bicycle,electric_assist
2026-05-14T01:22:21Z,felyx,felyx:3a27aa66f549,51.92939033333333,4.455113716666666,False,False,bicycle,electric_assist
2026-05-14T01:22:21Z,felyx,felyx:b2dc6b349b25,51.87106911666666,4.472382216666667,False,False,bicycle,electric_assist
2026-05-14T01:22:21Z,felyx,felyx:0fbb3db33a86,51.92525843333332,4.510563800000001,False,False,bicycle,electric_assist
2026-05-14T01:22:21Z,felyx,felyx:8d472877dfd9,51.888855816666656,4.5003399,False,True,bicycle,electric_assist
2026-05-14T01:22:21Z,felyx,felyx:3ba6338c8a86,51.88844471666666,4.455702416666666,False,False,bicycle,electric_assist
2026-05-14T01:22:21Z,felyx,felyx:5aebec2c2e55,51.919241233333324,4.4965371166666666,False,False,bicycle,electric_assist
2026-05-14T01:22:21Z,felyx,felyx:9e454c52c1a0,51.89247711666666,4.5137328,False,False,bicycle,electric_assist
2026-05-14T01:22:21Z,felyx,felyx:661311a638b3,51.93028013333332,4.496401116666667,False,True,bicycle,electric_assist
2026-05-14T01:22:21Z,felyx,felyx:a932913c5d94,51.94132073333333,4.488100416666668,False,False,bicycle,electric_assist
2026-05-14T01:22:21Z,felyx,felyx:f9e7627f35c6,51.937993133333336,4.465049316666668,False,False,bicycle,electric_assist
2026-05-14T01:22:21Z,felyx,felyx:63d2c4450206,51.92874543333334,4.4990610166666665,False,False,bicycle,electric_assist
2026-05-14T01:22:21Z,felyx,felyx:bcd96eb73c12,51.92184553333333,4.5142769,False,False,bicycle,electric_assist
2026-05-14T01:22:21Z,felyx,felyx:327309afb3b3,51.91379073333332,4.4695628166666665,False,True,bicycle,electric_assist
2026-05-14T01:22:21Z,felyx,felyx:e06452aa5252,51.924685733333334,4.5170499,False,False,bicycle,electric_assist
2026-05-14T01:22:21Z,felyx,felyx:a300f505b15b,51.90461236666666,4.4860239166666664,False,False,bicycle,electric_assist
2026-05-14T01:22:21Z,felyx,felyx:13c0155219ca,51.88909481666666,4.466027116666667,False,False,bicycle,electric_assist
2026-05-14T01:22:21Z,felyx,felyx:9dc434cc3733,51.94181613333333,4.5464227,False,True,bicycle,electric_assist
2026-05-14T01:22:21Z,felyx,felyx:d638abd275d1,51.956915333333335,4.5088373,False,False,bicycle,electric_assist
2026-05-14T01:22:21Z,felyx,felyx:2051b815f8c0,51.92312953333334,4.496903916666667,False,False,bicycle,electric_assist
2026-05-14T01:22:21Z,felyx,felyx:de272ac4fb8c,51.92462913333334,4.510370900000001,False,False,bicycle,electric_assist
2026-05-14T01:22:21Z,felyx,felyx:035e2b9953fa,51.923819833333326,4.391137816666668,False,False,bicycle,electric_assist
2026-05-14T01:22:21Z,felyx,felyx:81c24fc43b51,51.92276813333332,4.4693123166666675,False,False,bicycle,electric_assist
2026-05-14T01:22:21Z,felyx,felyx:840e4ea578d4,51.962429783333334,4.4783134,False,False,bicycle,electric_assist
2026-05-14T01:22:21Z,felyx,felyx:41ff01f9036c,51.87937401666667,4.493605616666666,False,True,bicycle,electric_assist
2026-05-14T01:22:21Z,felyx,felyx:881fb3466f5d,51.88702651666667,4.5213629,False,False,bicycle,electric_assist
2026-05-14T01:22:21Z,felyx,felyx:7a8e5235a8f6,51.915658833333325,4.500830399999999,False,False,bicycle,electric_assist
2026-05-14T01:22:21Z,felyx,felyx:1c5ab2fd3e26,51.955648833333335,4.463108316666667,False,False,bicycle,electric_assist
2026-05-14T01:22:21Z,felyx,felyx:24f0194f9f7b,51.91769893333333,4.456384716666666,False,True,bicycle,electric_assist
2026-05-14T01:22:21Z,felyx,felyx:9227e487d5b3,51.89009011666667,4.511736099999999,False,False,bicycle,electric_assist
2026-05-14T01:22:21Z,felyx,felyx:7acafa9bd4cf,51.90325373333333,4.499817816666667,False,False,bicycle,electric_assist
2026-05-14T01:22:21Z,felyx,felyx:fb0c47ac517a,51.94928801666666,4.432689450000001,False,False,bicycle,electric_assist
2026-05-14T01:22:21Z,felyx,felyx:9f11adfd95cc,51.93594773333333,4.428116,False,True,bicycle,electric_assist
2026-05-14T01:22:21Z,felyx,felyx:ff8a76f3b37d,51.88970331666667,4.5017483,False,True,bicycle,electric_assist
2026-05-14T01:22:21Z,felyx,felyx:4ff274dd95b9,51.91744203333333,4.474654516666666,False,False,bicycle,electric_assist
2026-05-14T01:22:21Z,felyx,felyx:7bce1fbe079d,51.92195343333332,4.371003316666666,False,True,bicycle,electric_assist
2026-05-14T01:22:21Z,felyx,felyx:21e34bf9cc2e,51.92391625,4.394698333333333,False,False,bicycle,electric_assist
2026-05-14T01:22:21Z,felyx,felyx:8f190dd261d8,51.91811693333333,4.475249216666667,False,False,bicycle,electric_assist
2026-05-14T01:22:21Z,felyx,felyx:35a50589864b,51.93510873333332,4.461400716666667,False,False,bicycle,electric_assist
2026-05-14T01:22:21Z,felyx,felyx:7c791f6786a5,51.92715533333333,4.476331016666666,False,False,bicycle,electric_assist
2026-05-14T01:22:21Z,felyx,felyx:b0122963a9ef,51.90082713333333,4.483695516666667,False,False,bicycle,electric_assist
2026-05-14T01:22:21Z,felyx,felyx:3db9cc876b1c,51.92023313333334,4.497965516666666,False,False,bicycle,electric_assist
2026-05-14T01:22:21Z,felyx,felyx:37271e69c923,51.96117923333334,4.5051912,False,False,bicycle,electric_assist
2026-05-14T01:22:21Z,felyx,felyx:9d5ac0fbd180,51.920049533333334,4.438786499999999,False,False,bicycle,electric_assist
2026-05-14T01:22:21Z,felyx,felyx:aa8acb42f67c,51.90149183333333,4.4914360166666665,False,False,bicycle,electric_assist
2026-05-14T01:22:21Z,felyx,felyx:74721a95f7a4,51.92056323333333,4.511568199999999,False,False,bicycle,electric_assist
2026-05-14T01:22:21Z,lime,lime:1ae4160505f1,51.90802,4.46245,False,False,bicycle,electric_assist
2026-05-14T01:22:21Z,lime,lime:910a950824cf,51.94153,4.48137,False,False,bicycle,electric_assist
2026-05-14T01:22:21Z,lime,lime:8278423feccc,51.9617,4.46714,False,True,bicycle,electric_assist
2026-05-14T01:22:21Z,lime,lime:e3d02fc67944,51.94048,4.47983,False,False,bicycle,electric_assist
2026-05-14T01:22:21Z,lime,lime:c8e6cd86eb78,51.90579,4.47579,False,False,bicycle,electric_assist
2026-05-14T01:22:21Z,lime,lime:81325416d52b,51.90285,4.46751,False,False,bicycle,electric_assist
2026-05-14T01:22:21Z,lime,lime:7ded88a828aa,51.91593,4.53153,False,False,bicycle,electric_assist
2026-05-14T01:22:21Z,lime,lime:5ef224e9bbc5,51.90125,4.48203,False,False,bicycle,electric_assist
2026-05-14T01:22:21Z,lime,lime:3e00c24f9743,51.87375,4.47704,False,False,bicycle,electric_assist
2026-05-14T01:22:21Z,lime,lime:c5edc70c4dd4,51.93244,4.47155,False,False,bicycle,electric_assist
2026-05-14T01:22:21Z,lime,lime:af340ffd3477,51.91147,4.45763,False,False,bicycle,electric_assist
2026-05-14T01:22:21Z,lime,lime:8f27b2f09b44,51.92186,4.46054,False,False,bicycle,electric_assist
2026-05-14T01:22:21Z,lime,lime:fb374417fd45,51.95616,4.53824,False,False,bicycle,electric_assist
2026-05-14T01:22:21Z,lime,lime:40754646d7d9,51.92222,4.50235,False,False,bicycle,electric_assist
2026-05-14T01:22:21Z,lime,lime:350928ff9a14,51.87433,4.52321,False,False,bicycle,electric_assist
2026-05-14T01:22:21Z,lime,lime:fadd913c977c,51.93193,4.46733,False,False,bicycle,electric_assist
2026-05-14T01:22:21Z,lime,lime:ea8428c03313,51.95085,4.47467,False,False,bicycle,electric_assist
2026-05-14T01:22:21Z,lime,lime:2b0d54fd2418,51.92091,4.52643,False,False,bicycle,electric_assist
2026-05-14T01:22:21Z,lime,lime:2b31d58127e2,51.93854,4.4796,False,False,bicycle,electric_assist
2026-05-14T01:22:21Z,lime,lime:1bf3153cb11e,51.91632,4.46951,False,False,bicycle,electric_assist
2026-05-14T01:22:21Z,lime,lime:5b260e147cb9,51.89824,4.47437,False,False,bicycle,electric_assist
2026-05-14T01:22:21Z,lime,lime:f5a9c51f8bc1,51.93643,4.47109,False,False,bicycle,electric_assist
2026-05-14T01:22:21Z,lime,lime:76b34a2b0fcb,51.91857,4.47595,False,False,bicycle,electric_assist
2026-05-14T01:22:21Z,lime,lime:973b5cc1f213,51.9312,4.40606,False,False,bicycle,electric_assist
2026-05-14T01:22:21Z,lime,lime:9d74a509c655,51.94153,4.48137,False,False,bicycle,electric_assist
2026-05-14T01:22:21Z,lime,lime:782d3b22955f,51.91852,4.46563,False,False,bicycle,electric_assist
2026-05-14T01:22:21Z,lime,lime:9a4205d45c67,51.91952,4.4718,False,False,bicycle,electric_assist
2026-05-14T01:22:21Z,lime,lime:8dfead671b19,51.92226,4.47137,False,False,bicycle,electric_assist
2026-05-14T01:22:21Z,lime,lime:ea38f84dde57,51.92543,4.46632,False,True,bicycle,electric_assist
2026-05-14T01:22:21Z,lime,lime:fe0e88b59b17,51.93618,4.44561,False,False,bicycle,electric_assist
2026-05-14T01:22:21Z,lime,lime:0670946877f0,51.91951,4.48384,False,False,bicycle,electric_assist
2026-05-14T01:22:21Z,lime,lime:623b9ddbab71,51.92505,4.47412,False,False,bicycle,electric_assist
2026-05-14T01:22:21Z,lime,lime:5d521c890f3f,51.91371,4.45009,False,False,bicycle,electric_assist
2026-05-14T01:22:21Z,lime,lime:437aca05c15c,51.9334,4.53481,False,False,bicycle,electric_assist
2026-05-14T01:22:21Z,lime,lime:0be9a3c609d2,51.92383,4.53898,False,False,bicycle,electric_assist
2026-05-14T01:22:21Z,lime,lime:e59e8e64db7b,51.91565,4.45642,False,False,bicycle,electric_assist
2026-05-14T01:22:21Z,lime,lime:b4f6fa4b70a6,51.92548,4.50623,False,False,bicycle,electric_assist
2026-05-14T01:22:21Z,lime,lime:cf70a58815bb,51.91761,4.48738,False,False,bicycle,electric_assist
2026-05-14T01:22:21Z,lime,lime:1b9d4b8ce315,51.93446,4.4591,False,False,bicycle,electric_assist
2026-05-14T01:22:21Z,lime,lime:a6507eb7c782,51.92767,4.47962,False,False,bicycle,electric_assist
2026-05-14T01:22:21Z,lime,lime:a5ab2253b10f,51.90801,4.51218,False,False,bicycle,electric_assist
2026-05-14T01:22:21Z,lime,lime:307d0059fe60,51.99469,4.36673,False,False,bicycle,electric_assist
2026-05-14T01:22:21Z,lime,lime:2287d4faab23,51.91563,4.50089,False,False,bicycle,electric_assist
2026-05-14T01:22:21Z,lime,lime:8a3b85512579,51.90767,4.50116,False,False,bicycle,electric_assist
2026-05-14T01:22:21Z,lime,lime:96b9d5f8591b,51.92285,4.50852,False,False,bicycle,electric_assist
2026-05-14T01:22:21Z,lime,lime:de99937b7aba,51.92161,4.51257,False,False,bicycle,electric_assist
2026-05-14T01:22:21Z,lime,lime:12ecb6977c6c,51.91204,4.49877,False,False,bicycle,electric_assist
2026-05-14T01:22:21Z,lime,lime:fab20311059f,51.91708,4.46083,False,False,bicycle,electric_assist
2026-05-14T01:22:21Z,lime,lime:84e1267384be,51.91411,4.42239,False,False,bicycle,electric_assist
2026-05-14T01:22:21Z,lime,lime:7e23c6e32c41,51.90723,4.48962,False,False,bicycle,electric_assist
2026-05-14T01:22:21Z,lime,lime:e026e2b2fb02,51.90844,4.4998,False,False,bicycle,electric_assist
2026-05-14T01:22:21Z,lime,lime:2e53a406495c,51.90621,4.45981,False,False,bicycle,electric_assist
2026-05-14T01:22:21Z,lime,lime:455dd97796c7,51.89067,4.47623,False,False,bicycle,electric_assist
2026-05-14T01:22:21Z,lime,lime:1a96b56cbae8,51.91511,4.5215,False,False,bicycle,electric_assist
2026-05-14T01:22:21Z,lime,lime:86a3740b0f49,51.95564,4.46301,False,False,bicycle,electric_assist
2026-05-14T01:22:21Z,lime,lime:c6f288d1a987,51.93542,4.46199,False,False,bicycle,electric_assist
2026-05-14T01:22:21Z,lime,lime:43ebba34a5b0,51.92217,4.47113,False,False,bicycle,electric_assist
2026-05-14T01:22:21Z,lime,lime:fec62decfcdb,51.92572,4.45476,False,False,bicycle,electric_assist
2026-05-14T01:22:21Z,lime,lime:dc3bfc279c62,51.93227,4.47578,False,False,bicycle,electric_assist
2026-05-14T01:22:21Z,lime,lime:b9b58b4cc2ad,51.91277,4.47588,False,False,bicycle,electric_assist
2026-05-14T01:22:21Z,lime,lime:04fde17a8c43,51.94249,4.53791,False,False,bicycle,electric_assist
2026-05-14T01:22:21Z,lime,lime:659ae4e25e06,51.92097,4.54252,False,False,bicycle,electric_assist
2026-05-14T01:22:21Z,lime,lime:f88f19c8dcdc,51.91113,4.49253,False,False,bicycle,electric_assist
2026-05-14T01:22:21Z,lime,lime:1a3fabf41f07,51.93512,4.46138,False,False,bicycle,electric_assist
2026-05-14T01:22:21Z,lime,lime:11719dbb9ffb,51.92712,4.51049,False,False,bicycle,electric_assist
2026-05-14T01:22:21Z,lime,lime:5a00350cf5cc,51.92066,4.44635,False,False,bicycle,electric_assist
2026-05-14T01:22:21Z,lime,lime:55afaf21de6d,51.92744,4.38014,False,False,bicycle,electric_assist
2026-05-14T01:22:21Z,lime,lime:bd722491955c,51.93516,4.47278,False,False,bicycle,electric_assist
2026-05-14T01:22:21Z,lime,lime:292a1c7254b9,51.92975,4.39956,False,False,bicycle,electric_assist
2026-05-14T01:22:21Z,lime,lime:7c7f24c01ef6,51.94207,4.49576,False,False,bicycle,electric_assist
2026-05-14T01:22:21Z,lime,lime:7b51a1c08c3c,51.90529,4.5,False,False,bicycle,electric_assist
2026-05-14T01:22:21Z,lime,lime:3ea2bbf35888,51.91742,4.42049,False,False,bicycle,electric_assist
2026-05-14T01:22:21Z,lime,lime:3ca92951fc7a,51.94186,4.5464,False,False,bicycle,electric_assist
2026-05-14T01:22:21Z,lime,lime:cc10c36222dd,51.90788,4.46209,False,False,bicycle,electric_assist
2026-05-14T01:22:21Z,lime,lime:98f5ff8b5e11,51.91413,4.42243,False,False,bicycle,electric_assist
2026-05-14T01:22:21Z,lime,lime:97026bcaa991,51.91152,4.4786,False,False,bicycle,electric_assist
2026-05-14T01:22:21Z,lime,lime:6ca036a144b5,51.93298,4.5059,False,False,bicycle,electric_assist
2026-05-14T01:22:21Z,lime,lime:50d7801267a7,51.91379,4.50842,False,False,bicycle,electric_assist
2026-05-14T01:22:21Z,lime,lime:f4dbf9b78343,51.90229,4.49616,False,False,bicycle,electric_assist
2026-05-14T01:22:21Z,lime,lime:845794b55f1d,51.90619,4.45692,False,False,bicycle,electric_assist
2026-05-14T01:22:21Z,lime,lime:6e0e0fef8dbb,51.91984,4.51153,False,False,bicycle,electric_assist
2026-05-14T01:22:21Z,lime,lime:24b4aa6c2b00,51.95636,4.50979,False,False,bicycle,electric_assist
2026-05-14T01:22:21Z,lime,lime:ec89481f5c3c,51.93862,4.47964,False,False,bicycle,electric_assist
2026-05-14T01:22:21Z,lime,lime:5b2d33e35cd5,51.93403,4.46579,False,False,bicycle,electric_assist
2026-05-14T01:22:21Z,lime,lime:165996119a1e,51.93109,4.47822,False,False,bicycle,electric_assist
2026-05-14T01:22:21Z,lime,lime:05db2e5771c1,51.89286,4.47772,False,False,bicycle,electric_assist
2026-05-14T01:22:21Z,lime,lime:3cec585bbab0,51.91987,4.44675,False,False,bicycle,electric_assist
2026-05-14T01:22:21Z,lime,lime:50753ac45b6c,51.95561,4.46311,False,False,bicycle,electric_assist
2026-05-14T01:22:21Z,lime,lime:43106a09e5f3,51.93144,4.46146,False,False,bicycle,electric_assist
2026-05-14T01:22:21Z,lime,lime:ca39918785fc,51.90671,4.45697,False,False,bicycle,electric_assist
2026-05-14T01:22:21Z,lime,lime:1b4bd3d9982d,51.91189,4.46631,False,False,bicycle,electric_assist
2026-05-14T01:22:21Z,lime,lime:e41d7d2426af,51.93016,4.47525,False,False,bicycle,electric_assist
2026-05-14T01:22:21Z,lime,lime:47040e36edee,51.92573,4.45487,False,False,bicycle,electric_assist
2026-05-14T01:22:21Z,lime,lime:aaa15ba71e5c,51.93212,4.40195,False,False,bicycle,electric_assist
2026-05-14T01:22:21Z,lime,lime:41d3f804dfc6,51.94181,4.54635,False,False,bicycle,electric_assist
2026-05-14T01:22:21Z,lime,lime:5c119573dff6,51.90503,4.44016,False,False,bicycle,electric_assist
2026-05-14T01:22:21Z,lime,lime:bd412a682c9f,51.91573,4.38498,False,False,bicycle,electric_assist
2026-05-14T01:22:21Z,lime,lime:641cddea56ca,51.87485,4.46799,False,False,bicycle,electric_assist
2026-05-14T01:22:21Z,lime,lime:550bf91ecc28,51.91188,4.46635,False,False,bicycle,electric_assist
2026-05-14T01:22:21Z,lime,lime:0166891dec02,51.9173,4.46445,False,False,bicycle,electric_assist
2026-05-14T01:22:21Z,lime,lime:aea39912327f,51.91083,4.5539,False,False,bicycle,electric_assist
2026-05-14T01:22:21Z,lime,lime:e055ac67b95c,51.92216,4.47087,False,False,bicycle,electric_assist
2026-05-14T01:22:21Z,lime,lime:c625480e32bd,51.90604,4.45074,False,False,bicycle,electric_assist
2026-05-14T01:22:21Z,lime,lime:601c85f47fde,51.89564,4.50648,False,False,bicycle,electric_assist
2026-05-14T01:22:21Z,lime,lime:3bce11a4a4ff,51.91559,4.50077,False,False,bicycle,electric_assist
2026-05-14T01:22:21Z,lime,lime:b4b420a439c3,51.88817,4.46091,False,False,bicycle,electric_assist
2026-05-14T01:22:21Z,lime,lime:1f2ba22ac26e,51.91428,4.4961,False,False,bicycle,electric_assist
2026-05-14T01:22:21Z,lime,lime:43f04be90582,51.91504,4.52645,False,False,bicycle,electric_assist
2026-05-14T01:22:21Z,lime,lime:a95f0f111aba,51.88899,4.46346,False,False,bicycle,electric_assist
2026-05-14T01:22:21Z,lime,lime:c9f59a2ebc36,51.92165,4.4929,False,False,bicycle,electric_assist
2026-05-14T01:22:21Z,lime,lime:11bfd2d7638e,51.90713,4.4631,False,False,bicycle,electric_assist
2026-05-14T01:22:21Z,lime,lime:2d945b7fcbc4,51.96632,4.4931,False,False,bicycle,electric_assist
2026-05-14T01:22:21Z,lime,lime:0de7a63b26de,51.94051,4.47981,True,False,bicycle,electric_assist
2026-05-14T01:22:21Z,lime,lime:a18b0833e60c,51.92111,4.44933,False,False,bicycle,electric_assist
2026-05-14T01:22:21Z,lime,lime:b4e8632c3ef4,51.94006,4.47655,False,False,bicycle,electric_assist
2026-05-14T01:22:21Z,lime,lime:93881b96c588,51.91996,4.51283,False,False,bicycle,electric_assist
2026-05-14T01:22:21Z,lime,lime:e5dd973726d9,51.91196,4.46634,False,False,bicycle,electric_assist
2026-05-14T01:22:21Z,lime,lime:e0bbc842b037,51.89931,4.48298,False,False,bicycle,electric_assist
2026-05-14T01:22:21Z,lime,lime:810f360088ad,51.93857,4.47962,False,False,bicycle,electric_assist
2026-05-14T01:22:21Z,lime,lime:777f934d779f,51.92285,4.50851,False,False,bicycle,electric_assist
2026-05-14T01:22:21Z,lime,lime:b9c53bfdbb6c,51.93087,4.45808,False,False,bicycle,electric_assist
2026-05-14T01:22:21Z,lime,lime:41a38c08e919,51.91821,4.45824,False,False,bicycle,electric_assist
2026-05-14T01:22:21Z,lime,lime:ae3049a26dca,51.91402,4.47708,False,False,bicycle,electric_assist
2026-05-14T01:22:21Z,lime,lime:baa15ba866ce,51.9112,4.52476,False,False,bicycle,electric_assist
2026-05-14T01:22:21Z,lime,lime:6746c22101b0,51.92008,4.46071,False,False,bicycle,electric_assist
2026-05-14T01:22:21Z,lime,lime:bdf9b8d6f9b2,51.92048,4.44635,False,False,bicycle,electric_assist
2026-05-14T01:22:21Z,lime,lime:b81526e84f49,51.91812,4.51174,False,False,bicycle,electric_assist
2026-05-14T01:22:21Z,lime,lime:5962781fb5ec,51.91981,4.51158,False,False,bicycle,electric_assist
2026-05-14T01:22:21Z,lime,lime:32414484579a,51.91352,4.46202,False,False,bicycle,electric_assist
2026-05-14T01:22:21Z,lime,lime:53169dbca69c,51.92736,4.44049,False,False,bicycle,electric_assist
2026-05-14T01:22:21Z,lime,lime:e2c3f8cb8709,51.9226,4.50315,False,False,bicycle,electric_assist
2026-05-14T01:22:21Z,lime,lime:9489cc2cad65,51.91108,4.48943,False,False,bicycle,electric_assist
2026-05-14T01:22:21Z,lime,lime:58b58b9170cf,51.91909,4.41831,False,False,bicycle,electric_assist
2026-05-14T01:22:21Z,lime,lime:c0b49e7ba41e,51.91786,4.41211,False,False,bicycle,electric_assist
2026-05-14T01:22:21Z,lime,lime:b1c880375fb6,51.91414,4.48383,False,False,bicycle,electric_assist
2026-05-14T01:22:21Z,lime,lime:f722c57d03e4,51.91387,4.50208,False,False,bicycle,electric_assist
2026-05-14T01:22:21Z,lime,lime:8e1dd4d26dc5,51.92215,4.46625,False,False,bicycle,electric_assist
2026-05-14T01:22:21Z,lime,lime:35d640f21b9e,51.91331,4.44411,False,False,bicycle,electric_assist
2026-05-14T01:22:21Z,lime,lime:331a2a19f6c4,51.92609,4.45789,False,False,bicycle,electric_assist
2026-05-14T01:22:21Z,lime,lime:dddc480d3480,51.93213,4.40192,False,False,bicycle,electric_assist
2026-05-14T01:22:21Z,lime,lime:2ffdf5c3dcaf,51.95556,4.51911,False,False,bicycle,electric_assist
2026-05-14T01:22:21Z,lime,lime:444599615b35,51.91885,4.45576,False,False,bicycle,electric_assist
2026-05-14T01:22:21Z,lime,lime:7dbd0dac0d25,51.89083,4.46383,False,False,bicycle,electric_assist
2026-05-14T01:22:21Z,lime,lime:f68c8d8afb92,51.93747,4.47063,False,False,bicycle,electric_assist
2026-05-14T01:22:21Z,lime,lime:a388a25c2a5a,51.92224,4.47139,False,False,bicycle,electric_assist
2026-05-14T01:22:21Z,lime,lime:7a6adcbef983,51.92228,4.47139,False,False,bicycle,electric_assist
2026-05-14T01:22:21Z,lime,lime:d2077b46066b,51.93783,4.50159,False,False,bicycle,electric_assist
2026-05-14T01:22:21Z,lime,lime:795edf9056c1,51.92253,4.50312,False,False,bicycle,electric_assist
2026-05-14T01:22:21Z,lime,lime:c679b3e13115,51.9321,4.49766,False,False,bicycle,electric_assist
2026-05-14T01:22:21Z,lime,lime:f772a7988301,51.91502,4.52144,False,False,bicycle,electric_assist
2026-05-14T01:22:21Z,lime,lime:0bd460a7ff67,51.9277,4.40607,False,False,bicycle,electric_assist
2026-05-14T01:22:21Z,lime,lime:eba2d65b512e,51.9221,4.47097,False,False,bicycle,electric_assist
2026-05-14T01:22:21Z,lime,lime:5e0e22c6fe10,51.90926,4.45821,False,False,bicycle,electric_assist
2026-05-14T01:22:21Z,lime,lime:c3c17d4f3b2f,51.90889,4.37235,False,False,bicycle,electric_assist
2026-05-14T01:22:21Z,lime,lime:cc5d3fa7b0b0,51.91616,4.41187,False,False,bicycle,electric_assist
2026-05-14T01:22:21Z,lime,lime:0ba56f4711ea,51.92318,4.49351,False,False,bicycle,electric_assist
2026-05-14T01:22:21Z,lime,lime:678050cfc878,51.91708,4.44107,False,False,bicycle,electric_assist
2026-05-14T01:22:21Z,lime,lime:1232129b1992,51.90858,4.43762,False,False,bicycle,electric_assist
2026-05-14T01:22:21Z,lime,lime:04f0a9af8a54,51.93119,4.40601,False,False,bicycle,electric_assist
2026-05-14T01:22:21Z,lime,lime:b00011b44c12,51.92511,4.47444,False,False,bicycle,electric_assist
2026-05-14T01:22:21Z,lime,lime:7b7a223d56cf,51.91762,4.38861,False,False,bicycle,electric_assist
2026-05-14T01:22:21Z,lime,lime:92f1267a799b,51.9386,4.47957,False,False,bicycle,electric_assist
2026-05-14T01:22:21Z,lime,lime:7d5dd137e35e,51.90924,4.48252,False,False,bicycle,electric_assist
2026-05-14T01:22:21Z,lime,lime:ae3a2e71e75a,51.91415,4.42228,False,False,bicycle,electric_assist
2026-05-14T01:22:21Z,lime,lime:eb8e7040186d,51.94049,4.47983,False,False,bicycle,electric_assist
2026-05-14T01:22:21Z,lime,lime:81da5571be69,51.96335,4.55472,False,False,bicycle,electric_assist
2026-05-14T01:22:21Z,lime,lime:884555226a71,51.93149,4.46155,False,False,bicycle,electric_assist
2026-05-14T01:22:21Z,lime,lime:96f1c82e0e01,51.92914,4.50534,False,False,bicycle,electric_assist
2026-05-14T01:22:21Z,lime,lime:128826332333,51.92856,4.46354,False,False,bicycle,electric_assist
2026-05-14T01:22:21Z,lime,lime:74c0d51a05eb,51.91562,4.44108,False,False,bicycle,electric_assist
2026-05-14T01:22:21Z,lime,lime:4be80cd7d001,51.93388,4.46565,False,False,bicycle,electric_assist
2026-05-14T01:22:21Z,lime,lime:21dd16daa05c,51.91508,4.52155,False,False,bicycle,electric_assist
2026-05-14T01:22:21Z,lime,lime:a6690d13c246,51.91302,4.55379,False,False,bicycle,electric_assist
2026-05-14T01:22:21Z,lime,lime:719eb797542c,51.93242,4.47154,False,False,bicycle,electric_assist
2026-05-14T01:22:21Z,lime,lime:c0b592f80ee3,51.92225,4.47142,False,False,bicycle,electric_assist
2026-05-14T01:22:21Z,lime,lime:6e36a9f71fec,51.92226,4.47142,False,False,bicycle,electric_assist
2026-05-14T01:22:21Z,lime,lime:afe834f49f2b,51.89313,4.49542,False,False,bicycle,electric_assist
2026-05-14T01:22:21Z,lime,lime:ed4407824673,51.88784,4.47097,False,False,bicycle,electric_assist
2026-05-14T01:22:21Z,lime,lime:65a350184b89,51.88604,4.46041,False,False,bicycle,electric_assist
2026-05-14T01:22:21Z,lime,lime:c1af48195172,51.89782,4.53054,False,False,bicycle,electric_assist
2026-05-14T01:22:21Z,lime,lime:c1fc17a47a37,51.91097,4.49833,False,False,bicycle,electric_assist
2026-05-14T01:22:21Z,lime,lime:a43eff35853e,51.92535,4.49376,False,False,bicycle,electric_assist
2026-05-14T01:22:21Z,lime,lime:8b9bbe7fbb9f,51.93628,4.46698,False,False,bicycle,electric_assist
2026-05-14T01:22:21Z,lime,lime:7bece8735fe2,51.9123,4.45506,False,False,bicycle,electric_assist
2026-05-14T01:22:21Z,lime,lime:3a206fc129ab,51.91561,4.52863,False,False,bicycle,electric_assist
2026-05-14T01:22:21Z,lime,lime:aac2e8bcf80d,51.90847,4.43761,False,False,bicycle,electric_assist
2026-05-14T01:22:21Z,lime,lime:a6bfe4122991,51.92207,4.43754,False,False,bicycle,electric_assist
2026-05-14T01:22:21Z,lime,lime:cab75c7d2b63,51.9128,4.476,False,False,bicycle,electric_assist
2026-05-14T01:22:21Z,lime,lime:ee6cf2e0e039,51.93337,4.50288,False,False,bicycle,electric_assist
2026-05-14T01:22:21Z,lime,lime:56dd5d014fbb,51.91498,4.43908,False,False,bicycle,electric_assist
2026-05-14T01:22:21Z,lime,lime:021b1890d8e1,51.91218,4.49246,False,False,bicycle,electric_assist
2026-05-14T01:22:21Z,lime,lime:cc3da4d75011,51.90854,4.4818,False,False,bicycle,electric_assist
2026-05-14T01:22:21Z,lime,lime:82499d9148e1,51.93371,4.47682,False,False,bicycle,electric_assist
2026-05-14T01:22:21Z,lime,lime:3759889d2b1e,51.92561,4.51751,False,False,bicycle,electric_assist
2026-05-14T01:22:21Z,lime,lime:245c9b9dd69b,51.91367,4.47978,False,False,bicycle,electric_assist
2026-05-14T01:22:21Z,lime,lime:edfa7a8299a2,51.92632,4.50036,False,False,bicycle,electric_assist
2026-05-14T01:22:21Z,lime,lime:26a8e91fdff1,51.91166,4.37271,False,False,bicycle,electric_assist
2026-05-14T01:22:21Z,lime,lime:beb524e9009b,51.9079,4.46199,False,False,bicycle,electric_assist
2026-05-14T01:22:21Z,lime,lime:873db14e05d7,51.91521,4.52639,False,False,bicycle,electric_assist
2026-05-14T01:22:21Z,lime,lime:f5a099fba7de,51.9174,4.48493,False,False,bicycle,electric_assist
2026-05-14T01:22:21Z,lime,lime:c1af5dc2b0bc,51.92219,4.47114,False,False,bicycle,electric_assist
2026-05-14T01:22:21Z,lime,lime:51fd55be53f2,51.93168,4.44332,False,False,bicycle,electric_assist
2026-05-14T01:22:21Z,lime,lime:7752e89cff49,51.93788,4.44487,False,False,bicycle,electric_assist
2026-05-14T01:22:21Z,lime,lime:2cdcb1b7d0dc,51.92918,4.44578,False,False,bicycle,electric_assist
2026-05-14T01:22:21Z,lime,lime:0b839e775786,51.90223,4.4961,False,False,bicycle,electric_assist
2026-05-14T01:22:21Z,lime,lime:f5c459b3fb57,51.90841,4.43752,False,False,bicycle,electric_assist
2026-05-14T01:22:21Z,lime,lime:c28292056afe,51.93401,4.45845,False,False,bicycle,electric_assist
2026-05-14T01:22:21Z,lime,lime:3bd5fb95cdad,51.98616,4.3517,False,False,bicycle,electric_assist
2026-05-14T01:22:21Z,lime,lime:2c40bf41e52b,51.93146,4.46153,False,False,bicycle,electric_assist
2026-05-14T01:22:21Z,lime,lime:fade2e19e182,51.92015,4.44386,False,False,bicycle,electric_assist
2026-05-14T01:22:21Z,lime,lime:65a1f7685a29,51.92335,4.40689,False,False,bicycle,electric_assist
2026-05-14T01:22:21Z,lime,lime:444a0e6d5108,51.90299,4.51134,False,False,bicycle,electric_assist
2026-05-14T01:22:21Z,lime,lime:8f60cf85f735,51.91913,4.52698,False,False,bicycle,electric_assist
2026-05-14T01:22:21Z,lime,lime:257cfffcd98d,51.91489,4.499,False,False,bicycle,electric_assist
2026-05-14T01:22:21Z,lime,lime:140de0c567a0,51.93119,4.40607,False,False,bicycle,electric_assist
2026-05-14T01:22:21Z,lime,lime:dc033e3feb84,51.92232,4.47127,False,False,bicycle,electric_assist
2026-05-14T01:22:21Z,lime,lime:5332f4f04630,51.91117,4.52483,False,False,bicycle,electric_assist
2026-05-14T01:22:21Z,lime,lime:ad679f309082,51.92231,4.47145,False,False,bicycle,electric_assist
2026-05-14T01:22:21Z,lime,lime:a3f12f46126e,51.92011,4.43438,False,False,bicycle,electric_assist
2026-05-14T01:22:21Z,lime,lime:d9b3b85d5ec4,51.9275,4.45681,False,False,bicycle,electric_assist
2026-05-14T01:22:21Z,lime,lime:08ae21305315,51.92745,4.44019,True,False,bicycle,electric_assist
2026-05-14T01:22:21Z,lime,lime:b3e2a8db03cd,51.92862,4.40753,False,False,bicycle,electric_assist
2026-05-14T01:22:21Z,lime,lime:ebc2d1898570,51.9146,4.44436,False,False,bicycle,electric_assist
2026-05-14T01:22:21Z,lime,lime:557ef89a4a9b,51.92285,4.4694,False,False,bicycle,electric_assist
2026-05-14T01:22:21Z,lime,lime:6208aff344fe,51.91895,4.52808,False,False,bicycle,electric_assist
2026-05-14T01:22:21Z,lime,lime:1003b0e916b2,51.94277,4.47689,False,False,bicycle,electric_assist
2026-05-14T01:22:21Z,lime,lime:7cdfee71fb54,51.92321,4.48976,False,False,bicycle,electric_assist
2026-05-14T01:22:21Z,lime,lime:ecf5cefd0f90,51.9232,4.4935,False,False,bicycle,electric_assist
2026-05-14T01:22:21Z,lime,lime:eac91203b457,51.89008,4.476,False,False,bicycle,electric_assist
2026-05-14T01:22:21Z,lime,lime:c606c8a48a27,51.91724,4.45306,False,False,bicycle,electric_assist
2026-05-14T01:22:21Z,lime,lime:bf959c5803f1,51.92564,4.56341,False,False,bicycle,electric_assist
2026-05-14T01:22:21Z,lime,lime:486d36ec352c,51.91104,4.50134,False,False,bicycle,electric_assist
2026-05-14T01:22:21Z,lime,lime:5929eb32f597,51.91909,4.45033,False,False,bicycle,electric_assist
2026-05-14T01:22:21Z,lime,lime:fc6df7305285,51.91768,4.51886,False,False,bicycle,electric_assist
2026-05-14T01:22:21Z,lime,lime:3db97df95c47,51.94458,4.51389,False,False,bicycle,electric_assist
2026-05-14T01:22:21Z,lime,lime:64ab2d723058,51.91451,4.4019,False,False,bicycle,electric_assist
2026-05-14T01:22:21Z,lime,lime:ed66638f18f8,51.92754,4.50912,False,False,bicycle,electric_assist
2026-05-14T01:22:21Z,lime,lime:46d56187b434,51.9136,4.46247,False,False,bicycle,electric_assist
2026-05-14T01:22:21Z,lime,lime:d3ba2ca3d100,51.92518,4.47404,False,False,bicycle,electric_assist
2026-05-14T01:22:21Z,lime,lime:cfad6de2309d,51.91085,4.55389,False,False,bicycle,electric_assist
2026-05-14T01:22:21Z,lime,lime:cebc97f73f36,51.90254,4.46524,False,False,bicycle,electric_assist
2026-05-14T01:22:21Z,lime,lime:adf4716f9974,51.94569,4.48088,False,False,bicycle,electric_assist
2026-05-14T01:22:21Z,lime,lime:cb6de0a425c7,51.94717,4.4854,False,False,bicycle,electric_assist
2026-05-14T01:22:21Z,lime,lime:d5a350436d64,51.91092,4.51953,False,False,bicycle,electric_assist
2026-05-14T01:22:21Z,lime,lime:7c6bf2375698,51.93305,4.48585,False,False,bicycle,electric_assist
2026-05-14T01:22:21Z,lime,lime:98f106b7fd65,51.92287,4.542,False,False,bicycle,electric_assist
2026-05-14T01:22:21Z,lime,lime:9c3a5b5758b1,51.95873,4.49656,False,False,bicycle,electric_assist
2026-05-14T01:22:21Z,lime,lime:8c4a45d91554,51.93247,4.47157,False,False,bicycle,electric_assist
2026-05-14T01:22:21Z,lime,lime:1ea4b510fcd0,51.9244,4.47266,False,False,bicycle,electric_assist
2026-05-14T01:22:21Z,lime,lime:fe9ac123a6c1,51.90223,4.49609,False,False,bicycle,electric_assist
2026-05-14T01:22:21Z,lime,lime:68fade2a5052,51.92503,4.47416,False,False,bicycle,electric_assist
2026-05-14T01:22:21Z,lime,lime:19f7ce7e18f5,51.93339,4.49971,False,False,bicycle,electric_assist
2026-05-14T01:22:21Z,lime,lime:b1f408802864,51.93382,4.46579,False,False,bicycle,electric_assist
2026-05-14T01:22:21Z,lime,lime:2e68a75a2cc8,51.91145,4.43966,False,False,bicycle,electric_assist
2026-05-14T01:22:21Z,lime,lime:756a7f2e1dc8,51.90933,4.50803,False,False,bicycle,electric_assist
2026-05-14T01:22:21Z,lime,lime:b7f8a2fc4fa6,51.8862,4.54942,False,False,bicycle,electric_assist
2026-05-14T01:22:21Z,lime,lime:51e75c855a02,51.99242,4.34145,False,False,bicycle,electric_assist
2026-05-14T01:22:21Z,lime,lime:8d7cb168cd3d,51.90452,4.45657,False,False,bicycle,electric_assist
2026-05-14T01:22:21Z,lime,lime:ede095ff9dc7,51.92273,4.46916,False,False,bicycle,electric_assist
2026-05-14T01:22:21Z,lime,lime:9e8048cea55d,51.88636,4.54926,False,False,bicycle,electric_assist
2026-05-14T01:22:21Z,lime,lime:447c3d54fb62,51.92288,4.46961,False,False,bicycle,electric_assist
2026-05-14T01:22:21Z,lime,lime:3dadef707481,51.90711,4.48989,False,False,bicycle,electric_assist
2026-05-14T01:22:21Z,lime,lime:c00d53ab551e,51.96573,4.47974,False,False,bicycle,electric_assist
2026-05-14T01:22:21Z,lime,lime:09feb3093b73,51.94046,4.47977,False,False,bicycle,electric_assist
2026-05-14T01:22:21Z,lime,lime:024cd159cd94,51.9304,4.46433,False,False,bicycle,electric_assist
2026-05-14T01:22:21Z,lime,lime:a9f44aa90a74,51.93476,4.47115,False,False,bicycle,electric_assist
2026-05-14T01:22:21Z,lime,lime:6d5fb38dfaec,51.93037,4.5125,False,False,bicycle,electric_assist
2026-05-14T01:22:21Z,lime,lime:339e77052ea2,51.87427,4.52313,False,False,bicycle,electric_assist
2026-05-14T01:22:21Z,lime,lime:68c576ef19d1,51.91196,4.46635,False,False,bicycle,electric_assist
2026-05-14T01:22:21Z,lime,lime:bd8ecdfbd498,51.91853,4.45177,False,False,bicycle,electric_assist
2026-05-14T01:22:21Z,lime,lime:09bb63634b8d,51.93777,4.45514,False,False,bicycle,electric_assist
2026-05-14T01:22:21Z,lime,lime:d04969f875f5,51.93297,4.48251,False,False,bicycle,electric_assist
2026-05-14T01:22:21Z,lime,lime:b2d76407753d,51.90229,4.49614,False,False,bicycle,electric_assist
2026-05-14T01:22:21Z,lime,lime:18349592a950,51.92395,4.40321,False,False,bicycle,electric_assist
2026-05-14T01:22:21Z,lime,lime:b20fb09ff824,51.92801,4.48908,False,False,bicycle,electric_assist
2026-05-14T01:22:21Z,lime,lime:a081876f35b4,51.94048,4.47979,False,False,bicycle,electric_assist
2026-05-14T01:22:21Z,lime,lime:0995edc3eb04,51.92214,4.47096,False,False,bicycle,electric_assist
2026-05-14T01:22:21Z,lime,lime:da932162bf1e,51.92231,4.47138,False,False,bicycle,electric_assist
2026-05-14T01:22:21Z,lime,lime:86bfaaa212bc,51.91992,4.4853,False,False,bicycle,electric_assist
2026-05-14T01:22:21Z,lime,lime:2765884f09eb,51.91508,4.5214,False,False,bicycle,electric_assist
2026-05-14T01:22:21Z,lime,lime:549add19a7cb,51.89072,4.51895,False,False,bicycle,electric_assist
2026-05-14T01:22:21Z,lime,lime:e4d31975a968,51.87414,4.49427,False,False,bicycle,electric_assist
2026-05-14T01:22:21Z,lime,lime:0d60bf1ee276,51.91632,4.52366,False,False,bicycle,electric_assist
2026-05-14T01:22:21Z,lime,lime:ad566cf42d1f,51.92167,4.49284,False,False,bicycle,electric_assist
2026-05-14T01:22:21Z,lime,lime:80ec1de4ec7f,51.91923,4.44749,False,False,bicycle,electric_assist
2026-05-14T01:22:21Z,lime,lime:227e0be069dc,51.9352,4.46536,False,False,bicycle,electric_assist
2026-05-14T01:22:21Z,lime,lime:3495645fc99a,51.93247,4.47161,False,False,bicycle,electric_assist
2026-05-14T01:22:21Z,lime,lime:775034f8e406,51.93445,4.46322,False,False,bicycle,electric_assist
2026-05-14T01:22:21Z,lime,lime:39b56faf1853,51.91797,4.415,False,False,bicycle,electric_assist
2026-05-14T01:22:21Z,lime,lime:a056161c6936,51.91371,4.48041,False,False,bicycle,electric_assist
2026-05-14T01:22:21Z,lime,lime:d93cbd9cacc2,51.89509,4.46832,False,False,bicycle,electric_assist
2026-05-14T01:22:21Z,lime,lime:182ceb1ad5f5,51.91993,4.51085,False,False,bicycle,electric_assist
2026-05-14T01:22:21Z,lime,lime:38f438fa7a72,51.91548,4.46887,False,False,bicycle,electric_assist
2026-05-14T01:22:21Z,lime,lime:63482d44341c,51.92169,4.46622,False,False,bicycle,electric_assist
2026-05-14T01:22:21Z,lime,lime:db81af878e24,51.92913,4.50531,False,False,bicycle,electric_assist
2026-05-14T01:22:21Z,lime,lime:02b463001303,51.91116,4.52482,False,False,bicycle,electric_assist
2026-05-14T01:22:21Z,lime,lime:6a56e70e6d9e,51.92214,4.46627,False,False,bicycle,electric_assist
2026-05-14T01:22:21Z,lime,lime:f1872b16aa32,51.92288,4.46938,False,False,bicycle,electric_assist
2026-05-14T01:22:21Z,lime,lime:246a46d7f064,51.92973,4.39381,False,False,bicycle,electric_assist
2026-05-14T01:22:21Z,lime,lime:63dba49b9eb1,51.98941,4.34369,False,False,bicycle,electric_assist
2026-05-14T01:22:21Z,lime,lime:de60061b6203,51.95562,4.46312,True,False,bicycle,electric_assist
2026-05-14T01:22:21Z,lime,lime:a45ae8a8b550,51.9254,4.50619,False,False,bicycle,electric_assist
2026-05-14T01:22:21Z,lime,lime:bfddf088f9e1,51.92932,4.39116,False,False,bicycle,electric_assist
2026-05-14T01:22:21Z,lime,lime:7bca0443cc4b,51.95814,4.53892,False,False,bicycle,electric_assist
2026-05-14T01:22:21Z,lime,lime:f3e678bfce46,51.92893,4.50984,False,False,bicycle,electric_assist
2026-05-14T01:22:21Z,lime,lime:2885affe3779,51.87369,4.48363,False,False,bicycle,electric_assist
2026-05-14T01:22:21Z,lime,lime:1298998717b4,51.91752,4.48804,False,False,bicycle,electric_assist
2026-05-14T01:22:21Z,lime,lime:280dfecb8080,51.92436,4.47262,True,False,bicycle,electric_assist
2026-05-14T01:22:21Z,lime,lime:843dc0cf9307,51.92917,4.50529,False,False,bicycle,electric_assist
2026-05-14T01:22:21Z,lime,lime:37e9a9055cd3,51.94212,4.46059,False,False,bicycle,electric_assist
2026-05-14T01:22:21Z,lime,lime:a2b0ed547956,51.92169,4.42527,False,False,bicycle,electric_assist
2026-05-14T01:22:21Z,lime,lime:b3873027fdae,51.93044,4.45824,False,False,bicycle,electric_assist
2026-05-14T01:22:21Z,lime,lime:371a8bdcccb6,51.91418,4.49608,False,False,bicycle,electric_assist
2026-05-14T01:22:21Z,lime,lime:ce9a451743a2,51.88963,4.48502,False,False,bicycle,electric_assist
2026-05-14T01:22:21Z,lime,lime:98e9deac0324,51.9223,4.47139,False,False,bicycle,electric_assist
2026-05-14T01:22:21Z,lime,lime:e156a3da5c0a,51.93499,4.46469,False,False,bicycle,electric_assist
2026-05-14T01:22:21Z,lime,lime:f64b5eaa5ffe,51.90564,4.50958,False,False,bicycle,electric_assist
2026-05-14T01:22:21Z,lime,lime:d875e5eff196,51.91618,4.41187,False,False,bicycle,electric_assist
2026-05-14T01:22:21Z,lime,lime:88c21264860f,51.92997,4.51185,False,False,bicycle,electric_assist
2026-05-14T01:22:21Z,lime,lime:3781ac8f1ca1,51.94051,4.47981,False,False,bicycle,electric_assist
2026-05-14T01:22:21Z,lime,lime:a5bff533c8f0,51.93225,4.46416,False,False,bicycle,electric_assist
2026-05-14T01:22:21Z,lime,lime:aa01a4ff7b44,51.91604,4.48763,False,False,bicycle,electric_assist
2026-05-14T01:22:21Z,lime,lime:56b1341ce9c7,51.92916,4.50534,False,False,bicycle,electric_assist
2026-05-14T01:22:21Z,lime,lime:70d32cb69c98,51.91346,4.46386,False,False,bicycle,electric_assist
2026-05-14T01:22:21Z,lime,lime:61e4c2012d26,51.91844,4.46624,False,False,bicycle,electric_assist
2026-05-14T01:22:21Z,lime,lime:757f5954c66b,51.91414,4.42238,False,False,bicycle,electric_assist
2026-05-14T01:22:21Z,lime,lime:f0d2e9fcaacd,51.9221,4.47088,False,False,bicycle,electric_assist
2026-05-14T01:22:21Z,lime,lime:f6977e40412a,51.92919,4.46386,False,False,bicycle,electric_assist
2026-05-14T01:22:21Z,lime,lime:e3a30f8edf1c,51.91678,4.48862,False,False,bicycle,electric_assist
2026-05-14T01:22:21Z,lime,lime:c68d1da4647c,51.91569,4.50075,False,False,bicycle,electric_assist
2026-05-14T01:22:21Z,lime,lime:536a3754b36b,51.88747,4.4581,False,False,bicycle,electric_assist
2026-05-14T01:22:21Z,lime,lime:05c0c832de70,51.92165,4.49288,False,False,bicycle,electric_assist
2026-05-14T01:22:21Z,lime,lime:6234211d78a4,51.89684,4.5237,False,False,bicycle,electric_assist
2026-05-14T01:22:21Z,lime,lime:66dd5e902dab,51.93134,4.50928,False,False,bicycle,electric_assist
2026-05-14T01:22:21Z,lime,lime:24ba2427bc6c,51.98431,4.37787,False,False,bicycle,electric_assist
2026-05-14T01:22:21Z,lime,lime:0ef8a0367e9d,51.91082,4.55388,False,False,bicycle,electric_assist
2026-05-14T01:22:21Z,lime,lime:579094230a1f,51.88703,4.52132,False,False,bicycle,electric_assist
2026-05-14T01:22:21Z,lime,lime:88a6eeec2e79,51.93032,4.51246,False,False,bicycle,electric_assist
2026-05-14T01:22:21Z,lime,lime:5b045ec48cc8,51.90852,4.48179,False,False,bicycle,electric_assist
2026-05-14T01:22:21Z,lime,lime:8b02b9ec137b,51.89452,4.48379,False,False,bicycle,electric_assist
2026-05-14T01:22:21Z,lime,lime:abc79507a696,51.90818,4.43717,False,False,bicycle,electric_assist
2026-05-14T01:22:21Z,lime,lime:3b5d63328e8b,51.91506,4.52141,False,False,bicycle,electric_assist
2026-05-14T01:22:21Z,lime,lime:509084d0dcd8,51.92067,4.46761,False,False,bicycle,electric_assist
2026-05-14T01:22:21Z,lime,lime:b7d922122ddb,51.87429,4.52316,False,False,bicycle,electric_assist
2026-05-14T01:22:21Z,lime,lime:75cdaa5cc7c0,51.92847,4.37078,False,False,bicycle,electric_assist
2026-05-14T01:22:21Z,lime,lime:e24ae85b36ed,51.90483,4.47466,False,False,bicycle,electric_assist
2026-05-14T01:22:21Z,lime,lime:616d6ad733f1,51.93415,4.47988,False,False,bicycle,electric_assist
2026-05-14T01:22:21Z,lime,lime:da7a799ed39e,51.91568,4.4536,False,False,bicycle,electric_assist
2026-05-14T01:22:21Z,lime,lime:b4bbbea15cd4,51.92914,4.50527,False,False,bicycle,electric_assist
2026-05-14T01:22:21Z,lime,lime:e89d9c0146e0,51.91861,4.47612,False,False,bicycle,electric_assist
2026-05-14T01:22:21Z,lime,lime:c93a51eff15c,51.87425,4.52305,False,False,bicycle,electric_assist
2026-05-14T01:22:21Z,lime,lime:8d9ea694137a,51.89848,4.54556,False,False,bicycle,electric_assist
2026-05-14T01:22:21Z,lime,lime:92adf80b1f5c,51.91364,4.46245,False,False,bicycle,electric_assist
2026-05-14T01:22:21Z,lime,lime:9e70446b80be,51.88059,4.53192,False,False,bicycle,electric_assist
2026-05-14T01:22:21Z,lime,lime:6e81a98ff437,51.91111,4.47545,False,False,bicycle,electric_assist
2026-05-14T01:22:21Z,lime,lime:72a29bcda42c,51.91177,4.46327,False,False,bicycle,electric_assist
2026-05-14T01:22:21Z,lime,lime:9b31f91fb4e1,51.89233,4.50684,False,False,bicycle,electric_assist
2026-05-14T01:22:21Z,lime,lime:dba84c9ccbbd,51.94156,4.48133,False,False,bicycle,electric_assist
2026-05-14T01:22:21Z,lime,lime:7e02b3a3158f,51.87485,4.46781,False,False,bicycle,electric_assist
2026-05-14T01:22:21Z,lime,lime:7cab41655010,51.93155,4.50728,False,False,bicycle,electric_assist
2026-05-14T01:22:21Z,lime,lime:4ea2699f473c,51.87426,4.52319,False,False,bicycle,electric_assist
2026-05-14T01:22:21Z,lime,lime:0777ad40cb97,51.92813,4.40653,False,False,bicycle,electric_assist
2026-05-14T01:22:21Z,lime,lime:cc19f80b3995,51.91536,4.47544,False,True,bicycle,electric_assist
2026-05-14T01:22:21Z,lime,lime:a8cbd353d3bf,51.91416,4.45758,False,False,bicycle,electric_assist
2026-05-14T01:22:21Z,lime,lime:577930b7ec0c,51.92018,4.4344,False,False,bicycle,electric_assist
2026-05-14T01:22:21Z,lime,lime:0ee5729697fa,51.92285,4.50856,False,False,bicycle,electric_assist
2026-05-14T01:22:21Z,lime,lime:ee6cf17055b7,51.88845,4.47882,False,False,bicycle,electric_assist
2026-05-14T01:22:21Z,lime,lime:5c7d632bddde,51.93634,4.50619,False,False,bicycle,electric_assist
2026-05-14T01:22:21Z,lime,lime:11fc335c5e35,51.9304,4.47067,False,False,bicycle,electric_assist
2026-05-14T01:22:21Z,lime,lime:46739ea0d05e,51.99107,4.36515,False,False,bicycle,electric_assist
2026-05-14T01:22:21Z,lime,lime:e2453f70172c,51.92283,4.5086,False,False,bicycle,electric_assist
2026-05-14T01:22:21Z,lime,lime:8f037cc194c1,51.91657,4.48559,False,False,bicycle,electric_assist
2026-05-14T01:22:21Z,lime,lime:394554de1bad,51.92451,4.47258,False,False,bicycle,electric_assist
2026-05-14T01:22:21Z,lime,lime:6905e3a60555,51.9223,4.47125,False,False,bicycle,electric_assist
2026-05-14T01:22:21Z,lime,lime:a817d1a98d0e,51.92077,4.54278,False,False,bicycle,electric_assist
2026-05-14T01:22:21Z,lime,lime:b4c6671cd245,51.87847,4.49704,False,False,bicycle,electric_assist
2026-05-14T01:22:21Z,lime,lime:b04b31d23230,51.90841,4.49694,False,False,bicycle,electric_assist
2026-05-14T01:22:21Z,lime,lime:ec7ba1a9eb1e,51.91423,4.49613,False,False,bicycle,electric_assist
2026-05-14T01:22:21Z,lime,lime:1b794732036d,51.91278,4.48083,False,False,bicycle,electric_assist
2026-05-14T01:22:21Z,lime,lime:dcce60e40f4c,51.9352,4.47969,False,False,bicycle,electric_assist
2026-05-14T01:22:21Z,lime,lime:0188c120beaa,51.9079,4.45383,False,False,bicycle,electric_assist
2026-05-14T01:22:21Z,lime,lime:8434b68ce4c7,51.94431,4.47133,False,False,bicycle,electric_assist
2026-05-14T01:22:21Z,lime,lime:9e428c16fcfe,51.89233,4.47664,False,False,bicycle,electric_assist
2026-05-14T01:22:21Z,lime,lime:2cafd3faaad8,51.90125,4.47968,False,False,bicycle,electric_assist
2026-05-14T01:22:21Z,lime,lime:32f37d2a1b2a,51.911,4.37643,False,False,bicycle,electric_assist
2026-05-14T01:22:21Z,lime,lime:105c628ac22a,51.94336,4.47664,False,False,bicycle,electric_assist
2026-05-14T01:22:21Z,lime,lime:d074e5b7852c,51.94052,4.4798,False,False,bicycle,electric_assist
2026-05-14T01:22:21Z,lime,lime:1bf17b56e799,51.93219,4.4977,False,False,bicycle,electric_assist
2026-05-14T01:22:21Z,lime,lime:88616d3417f0,51.93783,4.50159,False,False,bicycle,electric_assist
2026-05-14T01:22:21Z,lime,lime:9d075f917f58,51.91832,4.45604,False,False,bicycle,electric_assist
2026-05-14T01:22:21Z,lime,lime:93c7afe4a7e2,51.94768,4.54476,False,False,bicycle,electric_assist
2026-05-14T01:22:21Z,lime,lime:b90a02b8266f,51.91937,4.53776,False,False,bicycle,electric_assist
2026-05-14T01:22:21Z,lime,lime:42e8b265fc03,51.87426,4.52312,False,False,bicycle,electric_assist
2026-05-14T01:22:21Z,lime,lime:cfc151e72770,51.91681,4.40211,False,False,bicycle,electric_assist
2026-05-14T01:22:21Z,lime,lime:375c2ae733ff,51.93251,4.48217,False,False,bicycle,electric_assist
2026-05-14T01:22:21Z,lime,lime:4abf25f7c732,51.93636,4.50621,False,False,bicycle,electric_assist
2026-05-14T01:22:21Z,lime,lime:9ffe33b82354,51.94632,4.48619,False,False,bicycle,electric_assist
2026-05-14T01:22:21Z,lime,lime:a5b826dfc637,51.92318,4.49343,False,False,bicycle,electric_assist
2026-05-14T01:22:21Z,lime,lime:ff514a02ef16,51.91591,4.44995,False,False,bicycle,electric_assist
2026-05-14T01:22:21Z,lime,lime:1acd19d2ea62,51.92313,4.49347,False,False,bicycle,electric_assist
2026-05-14T01:22:21Z,lime,lime:9ca04370f35e,51.91948,4.41034,False,False,bicycle,electric_assist
2026-05-14T01:22:21Z,lime,lime:bee765c8c374,51.91621,4.4902,False,False,bicycle,electric_assist
2026-05-14T01:22:21Z,lime,lime:4ff88626ac3b,51.94157,4.48131,False,False,bicycle,electric_assist
2026-05-14T01:22:21Z,lime,lime:e18c165aeb1d,51.9911,4.36516,False,False,bicycle,electric_assist
2026-05-14T01:22:21Z,lime,lime:e0f449643f97,51.92411,4.51395,False,False,bicycle,electric_assist
2026-05-14T01:22:21Z,lime,lime:29bfc1c2c293,51.92318,4.49345,False,False,bicycle,electric_assist
2026-05-14T01:22:21Z,lime,lime:be80fa48152b,51.94213,4.46059,False,False,bicycle,electric_assist
2026-05-14T01:22:21Z,lime,lime:c851d8926b4b,51.92546,4.50879,False,False,bicycle,electric_assist
2026-05-14T01:22:21Z,lime,lime:e6d2fe887b21,51.91906,4.41829,False,False,bicycle,electric_assist
2026-05-14T01:22:21Z,lime,lime:1ffd99995cf4,51.92977,4.51176,False,False,bicycle,electric_assist
2026-05-14T01:22:21Z,lime,lime:f12cc01dc2be,51.93726,4.4685,False,False,bicycle,electric_assist
2026-05-14T01:22:21Z,lime,lime:a445dc917ad7,51.92072,4.40829,False,False,bicycle,electric_assist
2026-05-14T01:22:21Z,lime,lime:8d7637409ba1,51.92902,4.4437,False,False,bicycle,electric_assist
2026-05-14T01:22:21Z,lime,lime:e744b78f4e14,51.92714,4.45735,False,False,bicycle,electric_assist
2026-05-14T01:22:21Z,lime,lime:34edce214050,51.92318,4.49346,False,False,bicycle,electric_assist
2026-05-14T01:22:21Z,lime,lime:ec86dc73a47d,51.94269,4.47129,False,False,bicycle,electric_assist
2026-05-14T01:22:21Z,lime,lime:156f196c568d,51.91835,4.47265,True,False,bicycle,electric_assist
2026-05-14T01:22:21Z,lime,lime:ae6131269600,51.96468,4.5328,False,False,bicycle,electric_assist
2026-05-14T01:22:21Z,lime,lime:a83ebb2fffa9,51.91058,4.47336,False,False,bicycle,electric_assist
2026-05-14T01:22:21Z,lime,lime:aedcee0ff098,51.92877,4.47875,False,False,bicycle,electric_assist
2026-05-14T01:22:21Z,lime,lime:7fe63df6b456,51.93787,4.50163,False,False,bicycle,electric_assist
2026-05-14T01:22:21Z,lime,lime:ee725dd1ba50,51.92732,4.44064,False,False,bicycle,electric_assist
2026-05-14T01:22:21Z,lime,lime:56ed2a8072f6,51.90968,4.46322,False,False,bicycle,electric_assist
2026-05-14T01:22:21Z,lime,lime:0881712f77a3,51.94054,4.47295,False,False,bicycle,electric_assist
2026-05-14T01:22:21Z,lime,lime:999b1f7eae51,51.92827,4.51516,True,False,bicycle,electric_assist
2026-05-14T01:22:21Z,lime,lime:68d58303c314,51.89067,4.47624,False,False,bicycle,electric_assist
2026-05-14T01:22:21Z,lime,lime:4da15937972a,51.91568,4.48868,False,False,bicycle,electric_assist
2026-05-14T01:22:21Z,lime,lime:5519812a7670,51.91453,4.40193,False,False,bicycle,electric_assist
2026-05-14T01:22:21Z,lime,lime:a680e032889f,51.92177,4.4811,False,False,bicycle,electric_assist
2026-05-14T01:22:21Z,lime,lime:e249135a3baa,51.92273,4.46974,False,False,bicycle,electric_assist
2026-05-14T01:22:21Z,lime,lime:ebcdde6805cb,51.94048,4.47975,False,False,bicycle,electric_assist
2026-05-14T01:22:21Z,lime,lime:7ed719170488,51.92496,4.50122,False,False,bicycle,electric_assist
2026-05-14T01:22:21Z,lime,lime:085f3db9735f,51.87426,4.52314,False,False,bicycle,electric_assist
2026-05-14T01:22:21Z,lime,lime:023edc3adb75,51.89154,4.49125,False,False,bicycle,electric_assist
2026-05-14T01:22:21Z,lime,lime:1de492679b77,51.90733,4.40227,False,False,bicycle,electric_assist
2026-05-14T01:22:21Z,lime,lime:a713c89d3e01,51.9325,4.47156,False,False,bicycle,electric_assist
2026-05-14T01:22:21Z,lime,lime:e545856a2773,51.94189,4.54643,False,False,bicycle,electric_assist
2026-05-14T01:22:21Z,lime,lime:336654182bc1,51.92162,4.50715,False,False,bicycle,electric_assist
2026-05-14T01:22:21Z,lime,lime:fb16a889ed4b,51.9014,4.50905,False,False,bicycle,electric_assist
2026-05-14T01:22:21Z,lime,lime:1a2cea28de2d,51.92078,4.54251,False,False,bicycle,electric_assist
2026-05-14T01:22:21Z,lime,lime:764984d6a2fa,51.88415,4.47457,False,False,bicycle,electric_assist
2026-05-14T01:22:21Z,lime,lime:08b82659feb2,51.93572,4.46237,False,False,bicycle,electric_assist
2026-05-14T01:22:21Z,lime,lime:afb4a1101cdd,51.881,4.497,False,False,bicycle,electric_assist
2026-05-14T01:22:21Z,lime,lime:2777b73651a6,51.92913,4.50532,False,False,bicycle,electric_assist
2026-05-14T01:22:21Z,lime,lime:a79fe2ae6cef,51.89622,4.51501,False,False,bicycle,electric_assist
2026-05-14T01:22:21Z,lime,lime:6393cf6fb388,51.91583,4.48292,False,False,bicycle,electric_assist
2026-05-14T01:22:21Z,lime,lime:937bc8651ab9,51.93141,4.50711,False,False,bicycle,electric_assist
2026-05-14T01:22:21Z,lime,lime:93072961b7bc,51.88585,4.47502,False,False,bicycle,electric_assist
2026-05-14T01:22:21Z,lime,lime:e27f8e60e8fb,51.9226,4.42888,False,False,bicycle,electric_assist
2026-05-14T01:22:21Z,lime,lime:d4ac27eba64b,51.88894,4.47575,False,False,bicycle,electric_assist
2026-05-14T01:22:21Z,lime,lime:3891dc3be07b,51.93031,4.48376,False,False,bicycle,electric_assist
2026-05-14T01:22:21Z,lime,lime:8a059671d230,51.93638,4.50622,False,False,bicycle,electric_assist
2026-05-14T01:22:21Z,lime,lime:8c15ecef20c6,51.93734,4.55172,False,False,bicycle,electric_assist
2026-05-14T01:22:21Z,lime,lime:2a7f83a79f78,51.88497,4.45903,False,False,bicycle,electric_assist
2026-05-14T01:22:21Z,lime,lime:c25b73282572,51.99367,4.38653,False,False,bicycle,electric_assist
2026-05-14T01:22:21Z,lime,lime:9dec00507573,51.90296,4.51138,False,False,bicycle,electric_assist
2026-05-14T01:22:21Z,lime,lime:e64ba86cab6e,51.92286,4.46967,False,False,bicycle,electric_assist
2026-05-14T01:22:21Z,lime,lime:91d2b7cf7c67,51.91342,4.48483,False,False,bicycle,electric_assist
2026-05-14T01:22:21Z,lime,lime:a80972cddc38,51.91625,4.52556,False,False,bicycle,electric_assist
2026-05-14T01:22:21Z,lime,lime:0d32b1091854,51.90558,4.50955,False,False,bicycle,electric_assist
2026-05-14T01:22:21Z,lime,lime:f9e30ad1e5a0,51.92918,4.50524,False,False,bicycle,electric_assist
2026-05-14T01:22:21Z,lime,lime:07536f790774,51.91572,4.46275,False,False,bicycle,electric_assist
2026-05-14T01:22:21Z,lime,lime:49a0f4179dc7,51.92202,4.47075,False,False,bicycle,electric_assist
2026-05-14T01:22:21Z,lime,lime:b46d24aa10bc,51.93333,4.50288,False,False,bicycle,electric_assist
2026-05-14T01:22:21Z,lime,lime:fa04444ec0c2,51.93553,4.49989,False,False,bicycle,electric_assist
2026-05-14T01:22:21Z,lime,lime:33ca800b68d9,51.93241,4.48475,False,False,bicycle,electric_assist
2026-05-14T01:22:21Z,lime,lime:058263efe174,51.92188,4.45152,False,False,bicycle,electric_assist
2026-05-14T01:22:21Z,lime,lime:0a23d39dc9dc,51.8749,4.46792,False,False,bicycle,electric_assist
2026-05-14T01:22:21Z,lime,lime:f6f2a67496d7,51.9223,4.47126,False,False,bicycle,electric_assist
2026-05-14T01:22:21Z,lime,lime:00df3104baa8,51.91626,4.44674,False,True,bicycle,electric_assist
2026-05-14T01:22:21Z,lime,lime:9eede64f54ad,51.90299,4.51139,False,False,bicycle,electric_assist
2026-05-14T01:22:21Z,lime,lime:257e2ade72f8,51.93615,4.46214,False,False,bicycle,electric_assist
2026-05-14T01:22:21Z,lime,lime:1a3398749061,51.90949,4.44042,False,False,bicycle,electric_assist
2026-05-14T01:22:21Z,lime,lime:26b2da67b884,51.89108,4.47178,False,False,bicycle,electric_assist
2026-05-14T01:22:21Z,lime,lime:7d6da0c2c559,51.87485,4.46788,False,False,bicycle,electric_assist
2026-05-14T01:22:21Z,lime,lime:bc93e4d44b89,51.90806,4.45187,False,False,bicycle,electric_assist
2026-05-14T01:22:21Z,lime,lime:a898f36a0d9d,51.89076,4.49355,False,False,bicycle,electric_assist
2026-05-14T01:22:21Z,lime,lime:7e076e95bb34,51.92916,4.50529,False,False,bicycle,electric_assist
2026-05-14T01:22:21Z,lime,lime:d6cd642e8f46,51.9124,4.493,False,False,bicycle,electric_assist
2026-05-14T01:22:21Z,lime,lime:45cf0713b67f,51.91415,4.42231,False,False,bicycle,electric_assist
2026-05-14T01:22:21Z,lime,lime:0afd7cf8d3f1,51.93038,4.45828,False,False,bicycle,electric_assist
2026-05-14T01:22:21Z,lime,lime:bce2b20210fb,51.9421,4.46051,True,False,bicycle,electric_assist
2026-05-14T01:22:21Z,lime,lime:abe4243609e5,51.91195,4.51143,False,False,bicycle,electric_assist
2026-05-14T01:22:21Z,lime,lime:fe137d56dc45,51.89236,4.50688,False,False,bicycle,electric_assist
2026-05-14T01:22:21Z,lime,lime:d5ba754ce151,51.91692,4.5278,False,False,bicycle,electric_assist
2026-05-14T01:22:21Z,lime,lime:921aa7e22dda,51.92274,4.4695,False,False,bicycle,electric_assist
2026-05-14T01:22:21Z,lime,lime:d36798b9b138,51.93358,4.44071,False,False,bicycle,electric_assist
2026-05-14T01:22:21Z,lime,lime:8854aea7328a,51.92543,4.51355,False,False,bicycle,electric_assist
2026-05-14T01:22:21Z,lime,lime:da9cef328403,51.91173,4.46322,False,False,bicycle,electric_assist
2026-05-14T01:22:21Z,lime,lime:612716d7873b,51.92166,4.49286,False,False,bicycle,electric_assist
2026-05-14T01:22:21Z,lime,lime:c59ae29dbdc8,51.92223,4.47135,False,False,bicycle,electric_assist
2026-05-14T01:22:21Z,lime,lime:3e071025597e,51.92744,4.38038,False,False,bicycle,electric_assist
2026-05-14T01:22:21Z,lime,lime:bc66bfef2211,51.9093,4.52354,False,False,bicycle,electric_assist
2026-05-14T01:22:21Z,lime,lime:55de781eab72,51.91943,4.53773,False,False,bicycle,electric_assist
2026-05-14T01:22:21Z,lime,lime:1b871438ccd8,51.93149,4.46154,False,False,bicycle,electric_assist
2026-05-14T01:22:21Z,lime,lime:4239e5d27ad8,51.9278,4.55545,False,False,bicycle,electric_assist
2026-05-14T01:22:21Z,lime,lime:b9f3ca1343ef,51.89064,4.51425,False,False,bicycle,electric_assist
2026-05-14T01:22:21Z,lime,lime:3b542f03d765,51.91869,4.46338,False,False,bicycle,electric_assist
2026-05-14T01:22:21Z,lime,lime:ef4e428c3aa1,51.92983,4.4893,False,False,bicycle,electric_assist
2026-05-14T01:22:21Z,lime,lime:b541fa7155a3,51.91423,4.50273,False,False,bicycle,electric_assist
2026-05-14T01:22:21Z,lime,lime:ab7e3ad6d94e,51.93258,4.48429,False,False,bicycle,electric_assist
2026-05-14T01:22:21Z,lime,lime:ff9af85549c9,51.93674,4.46393,False,False,bicycle,electric_assist
2026-05-14T01:22:21Z,lime,lime:b9482219c694,51.91327,4.44718,False,False,bicycle,electric_assist
2026-05-14T01:22:21Z,lime,lime:3121fd00117d,51.93034,4.45637,False,False,bicycle,electric_assist
2026-05-14T01:22:21Z,lime,lime:e5a907660651,51.93347,4.46895,False,False,bicycle,electric_assist
2026-05-14T01:22:21Z,lime,lime:edededbc3d78,51.94787,4.50626,False,False,bicycle,electric_assist
2026-05-14T01:22:21Z,lime,lime:7a93fc208dbc,51.92219,4.47108,False,False,bicycle,electric_assist
2026-05-14T01:22:21Z,lime,lime:cc4ab9cea4ea,51.94243,4.53791,False,False,bicycle,electric_assist
2026-05-14T01:22:21Z,lime,lime:0c3769b5debb,51.93214,4.49759,False,False,bicycle,electric_assist
2026-05-14T01:22:21Z,lime,lime:278a63d0db35,51.94712,4.56452,False,False,bicycle,electric_assist
2026-05-14T01:22:21Z,lime,lime:36f7d3831bb2,51.93871,4.48343,False,False,bicycle,electric_assist
2026-05-14T01:22:21Z,lime,lime:b559da26c01e,51.91625,4.46916,False,False,bicycle,electric_assist
2026-05-14T01:22:21Z,lime,lime:595873298ccd,51.95801,4.56236,False,False,bicycle,electric_assist
2026-05-14T01:22:21Z,lime,lime:feb49b8a806f,51.9144,4.44453,False,False,bicycle,electric_assist
2026-05-14T01:22:21Z,lime,lime:3948be45cef4,51.91073,4.4917,False,False,bicycle,electric_assist
2026-05-14T01:22:21Z,lime,lime:6e64c3e57ce3,51.9333,4.50288,False,False,bicycle,electric_assist
2026-05-14T01:22:21Z,lime,lime:1575f0dc7e2b,51.88263,4.52119,False,False,bicycle,electric_assist
2026-05-14T01:22:21Z,lime,lime:9fc23c50f572,51.92015,4.45229,False,False,bicycle,electric_assist
2026-05-14T01:22:21Z,lime,lime:4fcfb794431d,51.92893,4.50975,False,False,bicycle,electric_assist
2026-05-14T01:22:21Z,lime,lime:4c2590d96c98,51.90883,4.47857,False,False,bicycle,electric_assist
2026-05-14T01:22:21Z,lime,lime:423c4f95d43a,51.92437,4.47259,False,False,bicycle,electric_assist
2026-05-14T01:22:21Z,lime,lime:ba8493f7b92a,51.91906,4.52711,False,False,bicycle,electric_assist
2026-05-14T01:22:21Z,lime,lime:d64e70a234c7,51.9228,4.46945,False,False,bicycle,electric_assist
2026-05-14T01:22:21Z,lime,lime:636d685e4c87,51.91518,4.52637,False,False,bicycle,electric_assist
2026-05-14T01:22:21Z,lime,lime:cd92c9766d5a,51.91704,4.46086,False,False,bicycle,electric_assist
2026-05-14T01:22:21Z,lime,lime:197989187364,51.89538,4.51385,False,False,bicycle,electric_assist
2026-05-14T01:22:21Z,lime,lime:38c9c6c8c408,51.91084,4.47274,False,False,bicycle,electric_assist
2026-05-14T01:22:21Z,lime,lime:d35672ba014a,51.90657,4.46281,False,False,bicycle,electric_assist
2026-05-14T01:22:21Z,lime,lime:da08d99fd26b,51.90664,4.46288,False,False,bicycle,electric_assist
2026-05-14T01:22:21Z,lime,lime:8958a1780e3e,51.91623,4.41184,False,False,bicycle,electric_assist
2026-05-14T01:22:21Z,lime,lime:071c3081890d,51.92781,4.51464,False,False,bicycle,electric_assist
2026-05-14T01:22:21Z,lime,lime:e37dcfbf44f6,51.96191,4.5291,False,False,bicycle,electric_assist
2026-05-14T01:22:21Z,lime,lime:e17a79c0fe9c,51.90037,4.39862,False,False,bicycle,electric_assist
2026-05-14T01:22:21Z,lime,lime:11933ee62b5c,51.91784,4.44509,False,False,bicycle,electric_assist
2026-05-14T01:22:21Z,lime,lime:debd502aec3e,51.90297,4.5114,False,False,bicycle,electric_assist
2026-05-14T01:22:21Z,lime,lime:176eb535f142,51.90535,4.49998,False,False,bicycle,electric_assist
2026-05-14T01:22:21Z,lime,lime:cfb20267113b,51.91601,4.47825,False,False,bicycle,electric_assist
2026-05-14T01:22:21Z,lime,lime:f0c5d3b70c63,51.90933,4.50811,False,False,bicycle,electric_assist
2026-05-14T01:22:21Z,lime,lime:d490ede32b0e,51.92526,4.41954,False,False,bicycle,electric_assist
2026-05-14T01:22:21Z,lime,lime:42f169db9c2c,51.93617,4.46219,False,False,bicycle,electric_assist
2026-05-14T01:22:21Z,lime,lime:f33761874bab,51.92431,4.47261,False,False,bicycle,electric_assist
2026-05-14T01:22:21Z,lime,lime:dd5555325599,51.90625,4.45991,False,False,bicycle,electric_assist
2026-05-14T01:22:21Z,lime,lime:39e9038fe7cb,51.90809,4.3726,False,False,bicycle,electric_assist
2026-05-14T01:22:21Z,lime,lime:35be63636119,51.93199,4.46725,False,False,bicycle,electric_assist
2026-05-14T01:22:21Z,lime,lime:37fba8e8de20,51.90563,4.50956,False,False,bicycle,electric_assist
2026-05-14T01:22:21Z,lime,lime:215830109b89,51.91509,4.52156,False,False,bicycle,electric_assist
2026-05-14T01:22:21Z,lime,lime:c7dd9800e22a,51.9169,4.4695,False,False,bicycle,electric_assist
2026-05-14T01:22:21Z,lime,lime:e2168f39860a,51.90709,4.463,False,False,bicycle,electric_assist
2026-05-14T01:22:21Z,lime,lime:6a9f55df6320,51.89275,4.47788,False,False,bicycle,electric_assist
2026-05-14T01:22:21Z,lime,lime:8fba0cd3f003,51.91739,4.42044,False,False,bicycle,electric_assist
2026-05-14T01:22:21Z,lime,lime:cf1e7eefaa3d,51.91373,4.46665,False,False,bicycle,electric_assist
2026-05-14T01:22:21Z,lime,lime:5757e2ed50dd,51.91894,4.52805,False,False,bicycle,electric_assist
2026-05-14T01:22:21Z,lime,lime:5291f8d6f0a9,51.88865,4.46941,False,False,bicycle,electric_assist
2026-05-14T01:22:21Z,lime,lime:ee0c0aad0de7,51.91077,4.55388,False,False,bicycle,electric_assist
2026-05-14T01:22:21Z,lime,lime:8f4c45cce6f4,51.98815,4.34371,False,False,bicycle,electric_assist
2026-05-14T01:22:21Z,lime,lime:8f1008b7fb4e,51.95758,4.4887,False,False,bicycle,electric_assist
2026-05-14T01:22:21Z,lime,lime:3ae7b17e4d09,51.88654,4.50411,False,False,bicycle,electric_assist
2026-05-14T01:22:21Z,lime,lime:808011ca236c,51.88019,4.50392,False,False,bicycle,electric_assist
2026-05-14T01:22:21Z,lime,lime:f14c7647d84e,51.93858,4.47965,False,False,bicycle,electric_assist
2026-05-14T01:22:21Z,lime,lime:d5f8cd321ac4,51.92281,4.46934,False,False,bicycle,electric_assist
2026-05-14T01:22:21Z,lime,lime:dea7bce67b7f,51.93081,4.37073,False,False,bicycle,electric_assist
2026-05-14T01:22:21Z,lime,lime:f655f4d0fc26,51.91197,4.46639,False,False,bicycle,electric_assist
2026-05-14T01:22:21Z,lime,lime:4c498bd6df05,51.92775,4.48144,False,False,bicycle,electric_assist
2026-05-14T01:22:21Z,lime,lime:08854637520c,51.91368,4.45963,False,False,bicycle,electric_assist
2026-05-14T01:22:21Z,lime,lime:12d934b9e031,51.95918,4.54459,False,False,bicycle,electric_assist
2026-05-14T01:22:21Z,lime,lime:ce4a5105e152,51.93249,4.45707,False,False,bicycle,electric_assist
2026-05-14T01:22:21Z,lime,lime:5e11186d155c,51.92247,4.50325,False,False,bicycle,electric_assist
2026-05-14T01:22:21Z,lime,lime:51980e2bf69d,51.92436,4.47259,False,False,bicycle,electric_assist
2026-05-14T01:22:21Z,lime,lime:a0cc35b88723,51.91396,4.43839,False,False,bicycle,electric_assist
2026-05-14T01:22:21Z,lime,lime:d461edd3645b,51.96274,4.46739,False,False,bicycle,electric_assist
2026-05-14T01:22:21Z,lime,lime:ba2c10034f25,51.9322,4.46428,False,False,bicycle,electric_assist
2026-05-14T01:22:21Z,lime,lime:894da41f0ab2,51.89562,4.50645,False,False,bicycle,electric_assist
2026-05-14T01:22:21Z,lime,lime:fc60d86d316b,51.90562,4.46286,False,False,bicycle,electric_assist
2026-05-14T01:22:21Z,lime,lime:189361ac4306,51.99798,4.33349,False,False,bicycle,electric_assist
2026-05-14T01:22:21Z,lime,lime:4caf9906d8e8,51.92095,4.55919,False,False,bicycle,electric_assist
2026-05-14T01:22:21Z,lime,lime:a66ee87dca02,51.94633,4.46812,False,False,bicycle,electric_assist
2026-05-14T01:22:21Z,lime,lime:cdb195e1e579,51.92848,4.37081,False,False,bicycle,electric_assist
2026-05-14T01:22:21Z,lime,lime:6aaa12306c7d,51.9251,4.47426,False,False,bicycle,electric_assist
2026-05-14T01:22:21Z,lime,lime:4215643b9b71,51.92234,4.47133,False,False,bicycle,electric_assist
2026-05-14T01:22:21Z,lime,lime:7e6423c8569b,51.9254,4.466,False,False,bicycle,electric_assist
2026-05-14T01:22:21Z,lime,lime:4cb207039e8c,51.92545,4.50878,False,False,bicycle,electric_assist
2026-05-14T01:22:21Z,lime,lime:876433550acd,51.90407,4.45684,False,False,bicycle,electric_assist
2026-05-14T01:22:21Z,lime,lime:96ae9263fa31,51.88963,4.49604,False,False,bicycle,electric_assist
2026-05-14T01:22:21Z,lime,lime:99aae60b427f,51.92313,4.49347,True,False,bicycle,electric_assist
2026-05-14T01:22:21Z,lime,lime:fda0b2c8f10a,51.92969,4.44706,False,False,bicycle,electric_assist
2026-05-14T01:22:21Z,lime,lime:d9e726c883a7,51.92847,4.37082,False,False,bicycle,electric_assist
2026-05-14T01:22:21Z,lime,lime:f1119df14b12,51.92226,4.47139,False,False,bicycle,electric_assist
2026-05-14T01:22:21Z,lime,lime:bd4c5237992a,51.93003,4.4749,False,False,bicycle,electric_assist
2026-05-14T01:22:21Z,lime,lime:496aa3d0da5e,51.9114,4.51296,False,False,bicycle,electric_assist
2026-05-14T01:22:21Z,lime,lime:2cd49bcc340b,51.90845,4.43756,False,False,bicycle,electric_assist
2026-05-14T01:22:21Z,lime,lime:54dc8f5b50fe,51.89264,4.47821,False,False,bicycle,electric_assist
2026-05-14T01:22:21Z,lime,lime:469b70765436,51.91899,4.48266,False,False,bicycle,electric_assist
2026-05-14T01:22:21Z,lime,lime:f8361fc2e978,51.92544,4.50617,False,False,bicycle,electric_assist
2026-05-14T01:22:21Z,lime,lime:ec9ccf0cc6e5,51.9425,4.5379,False,False,bicycle,electric_assist
2026-05-14T01:22:21Z,lime,lime:77a06ef7351b,51.91839,4.44988,False,False,bicycle,electric_assist
2026-05-14T01:22:21Z,lime,lime:c35d0b57c07f,51.90225,4.50286,False,False,bicycle,electric_assist
2026-05-14T01:22:21Z,lime,lime:42d546f3d133,51.91618,4.50078,False,False,bicycle,electric_assist
2026-05-14T01:22:21Z,lime,lime:05b552757b62,51.87238,4.52009,False,False,bicycle,electric_assist
2026-05-14T01:22:21Z,lime,lime:11a4ebb6a0a7,51.92157,4.50719,False,False,bicycle,electric_assist
2026-05-14T01:22:21Z,lime,lime:d6c114f9981f,51.90741,4.44721,False,False,bicycle,electric_assist
2026-05-14T01:22:21Z,lime,lime:3d93711962ec,51.9379,4.50168,False,False,bicycle,electric_assist
2026-05-14T01:22:21Z,lime,lime:6db70881e907,51.92916,4.50891,False,False,bicycle,electric_assist
2026-05-14T01:22:21Z,lime,lime:fab4db603bea,51.92219,4.47119,False,False,bicycle,electric_assist
2026-05-14T01:22:21Z,lime,lime:568f4aae0361,51.88635,4.54943,False,False,bicycle,electric_assist
2026-05-14T01:22:21Z,lime,lime:3ba142a661de,51.91969,4.50812,False,False,bicycle,electric_assist
2026-05-14T01:22:21Z,lime,lime:87cb081a6c0b,51.92434,4.47271,False,False,bicycle,electric_assist
2026-05-14T01:22:21Z,lime,lime:0668a9fab3c1,51.93783,4.50162,False,False,bicycle,electric_assist
2026-05-14T01:22:21Z,lime,lime:64a31ddde937,51.91924,4.39232,False,False,bicycle,electric_assist
2026-05-14T01:22:21Z,lime,lime:ad29ba21bb45,51.93147,4.46159,False,False,bicycle,electric_assist
2026-05-14T01:22:21Z,lime,lime:a6b1effadd18,51.92515,4.47405,False,False,bicycle,electric_assist
2026-05-14T01:22:21Z,lime,lime:423e4d9f7429,51.93665,4.4614,False,False,bicycle,electric_assist
2026-05-14T01:22:21Z,lime,lime:99d618345fce,51.90727,4.47333,False,False,bicycle,electric_assist
2026-05-14T01:22:21Z,lime,lime:568f2bc50166,51.88635,4.54936,False,False,bicycle,electric_assist
2026-05-14T01:22:21Z,lime,lime:ab1d87f5fc71,51.92225,4.50224,False,False,bicycle,electric_assist
2026-05-14T01:22:21Z,lime,lime:b319f9025dff,51.92213,4.47108,False,False,bicycle,electric_assist
2026-05-14T01:22:21Z,lime,lime:895172958057,51.87428,4.52323,False,False,bicycle,electric_assist
2026-05-14T01:22:21Z,lime,lime:f68eedd55d10,51.91592,4.53153,False,False,bicycle,electric_assist
2026-05-14T01:22:21Z,lime,lime:e749868a0501,51.91781,4.51807,False,False,bicycle,electric_assist
2026-05-14T01:22:21Z,lime,lime:3690b231d4d7,51.88404,4.47316,False,False,bicycle,electric_assist
2026-05-14T01:22:21Z,lime,lime:ed3935cc64dc,51.91468,4.48216,False,False,bicycle,electric_assist
2026-05-14T01:22:21Z,lime,lime:cd4b293e609a,51.89212,4.46913,False,False,bicycle,electric_assist
2026-05-14T01:22:21Z,lime,lime:96f422700791,51.93635,4.50621,False,False,bicycle,electric_assist
2026-05-14T01:22:21Z,lime,lime:6226cbc5dbbb,51.90485,4.46318,False,False,bicycle,electric_assist
2026-05-14T01:22:21Z,lime,lime:438fa8bbe64f,51.94786,4.50616,False,False,bicycle,electric_assist
2026-05-14T01:22:21Z,lime,lime:c238fe28d40b,51.92522,4.47436,False,False,bicycle,electric_assist
2026-05-14T01:22:21Z,lime,lime:be49b92c7831,51.98517,4.36391,False,False,bicycle,electric_assist
2026-05-14T01:22:21Z,lime,lime:63bc35509be0,51.93247,4.46798,False,False,bicycle,electric_assist
2026-05-14T01:22:21Z,lime,lime:1a4df4688332,51.93777,4.54903,False,False,bicycle,electric_assist
2026-05-14T01:22:21Z,lime,lime:39620f2c764b,51.92263,4.46957,False,False,bicycle,electric_assist
2026-05-14T01:22:21Z,lime,lime:869cb6d82091,51.89383,4.50946,False,False,bicycle,electric_assist
2026-05-14T01:22:21Z,lime,lime:81671795993a,51.91008,4.45228,False,False,bicycle,electric_assist
2026-05-14T01:22:21Z,lime,lime:321480c5642c,51.9379,4.50168,False,False,bicycle,electric_assist
2026-05-14T01:22:21Z,lime,lime:f953da56171f,51.91647,4.52412,False,False,bicycle,electric_assist
2026-05-14T01:22:21Z,lime,lime:b943b03a4014,51.92126,4.44928,False,False,bicycle,electric_assist
2026-05-14T01:22:21Z,lime,lime:933a16c40166,51.98824,4.34532,False,False,bicycle,electric_assist
2026-05-14T01:22:21Z,lime,lime:408140ab2339,51.90853,4.48174,False,False,bicycle,electric_assist
2026-05-14T01:22:21Z,lime,lime:d996bed7df0c,51.92166,4.50703,False,False,bicycle,electric_assist
2026-05-14T01:22:21Z,lime,lime:770350351d28,51.88964,4.49596,False,False,bicycle,electric_assist
2026-05-14T01:22:21Z,lime,lime:d8fcc1bdb4f9,51.90966,4.46324,False,False,bicycle,electric_assist
2026-05-14T01:22:21Z,lime,lime:8b478db554a8,51.99438,4.38742,False,False,bicycle,electric_assist
2026-05-14T01:22:21Z,lime,lime:700ba286ba11,51.92158,4.50713,False,False,bicycle,electric_assist
2026-05-14T01:22:21Z,lime,lime:92455f94c786,51.92551,4.50879,False,False,bicycle,electric_assist
2026-05-14T01:22:21Z,lime,lime:8ca5c9969685,51.91252,4.45206,False,False,bicycle,electric_assist
2026-05-14T01:22:21Z,lime,lime:22fe6de77476,51.90725,4.47331,False,False,bicycle,electric_assist
2026-05-14T01:22:21Z,lime,lime:9ca6327052df,51.92573,4.45482,False,False,bicycle,electric_assist
2026-05-14T01:22:21Z,lime,lime:b3e306c8d7ad,51.92287,4.542,False,False,bicycle,electric_assist
2026-05-14T01:22:21Z,lime,lime:4b134fc1d8c8,51.93099,4.50603,False,False,bicycle,electric_assist
2026-05-14T01:22:21Z,lime,lime:a829dce80328,51.91872,4.48381,False,False,bicycle,electric_assist
2026-05-14T01:22:21Z,lime,lime:176b741d1980,51.90159,4.47858,False,False,bicycle,electric_assist
2026-05-14T01:22:21Z,lime,lime:3fb64f53ada9,51.93341,4.47953,False,False,bicycle,electric_assist
2026-05-14T01:22:21Z,lime,lime:c0d4bf00d24b,51.91414,4.42227,False,False,bicycle,electric_assist
2026-05-14T01:22:21Z,lime,lime:99939bdcbfc9,51.92544,4.50619,False,False,bicycle,electric_assist
2026-05-14T01:22:21Z,lime,lime:abfa52497388,51.92468,4.51716,False,False,bicycle,electric_assist
2026-05-14T01:22:21Z,lime,lime:076304f5c103,51.87751,4.47847,False,False,bicycle,electric_assist
2026-05-14T01:22:21Z,lime,lime:d89d5478be3f,51.90537,4.45607,False,False,bicycle,electric_assist
2026-05-14T01:22:21Z,lime,lime:12800c4919d5,51.88646,4.54932,False,False,bicycle,electric_assist
2026-05-14T01:22:21Z,lime,lime:d3321fb7fddb,51.94991,4.46799,False,False,bicycle,electric_assist
2026-05-14T01:22:21Z,lime,lime:749adc819386,51.89113,4.46391,False,False,bicycle,electric_assist
2026-05-14T01:22:21Z,lime,lime:b21c613a4b01,51.91953,4.45355,False,False,bicycle,electric_assist
2026-05-14T01:22:21Z,lime,lime:2e6d9a198654,51.89819,4.47444,False,False,bicycle,electric_assist
2026-05-14T01:22:21Z,lime,lime:449cef37bf0b,51.90871,4.49914,False,False,bicycle,electric_assist
2026-05-14T01:22:21Z,lime,lime:a5afc947e5c3,51.95811,4.53895,False,False,bicycle,electric_assist
2026-05-14T01:22:21Z,lime,lime:95c12b36baf9,51.89741,4.46286,False,False,bicycle,electric_assist
2026-05-14T01:22:21Z,lime,lime:aafaac4b7696,51.90506,4.44021,False,False,bicycle,electric_assist
2026-05-14T01:22:21Z,lime,lime:105f25fa6311,51.88502,4.45897,False,False,bicycle,electric_assist
2026-05-14T01:22:21Z,lime,lime:e4bf92e39255,51.905,4.44014,False,False,bicycle,electric_assist
2026-05-14T01:22:21Z,lime,lime:1945b235c62a,51.92824,4.36229,False,False,bicycle,electric_assist
2026-05-14T01:22:21Z,lime,lime:3917ca646ad1,51.92778,4.50995,False,False,bicycle,electric_assist
2026-05-14T01:22:21Z,lime,lime:bb7d6c1a45b2,51.94053,4.47979,False,False,bicycle,electric_assist
2026-05-14T01:22:21Z,lime,lime:9451cec60b9b,51.91283,4.47598,False,False,bicycle,electric_assist
2026-05-14T01:22:21Z,lime,lime:a035a64bbc82,51.91485,4.49901,False,False,bicycle,electric_assist
2026-05-14T01:22:21Z,lime,lime:d40e4848ae3d,51.91355,4.50152,False,False,bicycle,electric_assist
2026-05-14T01:22:21Z,lime,lime:def160a3e2d2,51.94268,4.47128,False,False,bicycle,electric_assist
2026-05-14T01:22:21Z,lime,lime:da0bbc71c611,51.93593,4.4824,False,False,bicycle,electric_assist
2026-05-14T01:22:21Z,lime,lime:15d34b2da6be,51.99619,4.37304,False,False,bicycle,electric_assist
2026-05-14T01:22:21Z,lime,lime:17c513169836,51.92236,4.54799,False,False,bicycle,electric_assist
2026-05-14T01:22:21Z,lime,lime:7e00d7c228c2,51.92146,4.5317,False,False,bicycle,electric_assist
2026-05-14T01:22:21Z,lime,lime:2f65b8c5e4fe,51.98937,4.34401,False,False,bicycle,electric_assist
2026-05-14T01:22:21Z,lime,lime:120831bc0e2b,51.92265,4.47839,False,False,bicycle,electric_assist
2026-05-14T01:22:21Z,lime,lime:9211ed070ab0,51.9971,4.3527,False,False,bicycle,electric_assist
2026-05-14T01:22:21Z,lime,lime:08bf9788a92a,51.92771,4.48788,False,False,bicycle,electric_assist
2026-05-14T01:22:21Z,lime,lime:0076d3cd7d78,51.93332,4.5029,False,False,bicycle,electric_assist
2026-05-14T01:22:21Z,lime,lime:e78669d51d6d,51.91391,4.50856,False,False,bicycle,electric_assist
2026-05-14T01:22:21Z,lime,lime:60dc412b9bba,51.91325,4.5174,False,False,bicycle,electric_assist
2026-05-14T01:22:21Z,lime,lime:c969f765f96e,51.93786,4.50166,False,False,bicycle,electric_assist
2026-05-14T01:22:21Z,lime,lime:9a56f3b327bf,51.93279,4.50013,False,False,bicycle,electric_assist
2026-05-14T01:22:21Z,lime,lime:047e6700cdce,51.91957,4.50383,False,False,bicycle,electric_assist
2026-05-14T01:22:21Z,lime,lime:08cd0adafa06,51.94637,4.46818,False,False,bicycle,electric_assist
2026-05-14T01:22:21Z,lime,lime:1462adf27a42,51.89763,4.46761,False,False,bicycle,electric_assist
2026-05-14T01:22:21Z,lime,lime:6affd3e07d5c,51.90725,4.47334,False,False,bicycle,electric_assist
2026-05-14T01:22:21Z,lime,lime:4e01b6c18fe7,51.9288,4.47732,False,False,bicycle,electric_assist
2026-05-14T01:22:21Z,lime,lime:e4170564d9dd,51.90298,4.5114,False,False,bicycle,electric_assist
2026-05-14T01:22:21Z,lime,lime:e0dc50f23ac6,51.88895,4.5286,False,False,bicycle,electric_assist
2026-05-14T01:22:21Z,lime,lime:411f3b25efca,51.90722,4.47331,False,False,bicycle,electric_assist
2026-05-14T01:22:21Z,lime,lime:4343ebce7436,51.91076,4.5196,False,False,bicycle,electric_assist
2026-05-14T01:22:21Z,lime,lime:d81f204dd85d,51.92497,4.47425,False,False,bicycle,electric_assist
2026-05-14T01:22:21Z,lime,lime:de88ff73ba36,51.91615,4.52571,False,False,bicycle,electric_assist
2026-05-14T01:22:21Z,lime,lime:cb43faec15b9,51.91736,4.42034,False,False,bicycle,electric_assist
2026-05-14T01:22:21Z,lime,lime:bb76f7c46a2e,51.90229,4.4961,False,False,bicycle,electric_assist
2026-05-14T01:22:21Z,lime,lime:667e0b3a522f,51.9379,4.50166,False,False,bicycle,electric_assist
2026-05-14T01:22:21Z,lime,lime:a378faafffc0,51.89179,4.49386,False,False,bicycle,electric_assist
2026-05-14T01:22:21Z,lime,lime:44279ded8db2,51.9223,4.47129,False,False,bicycle,electric_assist
2026-05-14T01:22:21Z,lime,lime:e89805891c49,51.93793,4.50168,False,False,bicycle,electric_assist
2026-05-14T01:22:21Z,lime,lime:fd4f309cb1f0,51.90724,4.48963,False,False,bicycle,electric_assist
2026-05-14T01:22:21Z,lime,lime:0d2d311d9a36,51.92841,4.46137,False,False,bicycle,electric_assist
2026-05-14T01:22:21Z,lime,lime:a513839099b1,51.91028,4.43493,False,False,bicycle,electric_assist
2026-05-14T01:22:21Z,lime,lime:6471487235ef,51.89095,4.48309,False,False,bicycle,electric_assist
2026-05-14T01:22:21Z,lime,lime:5de2a8a9095b,51.91421,4.45505,False,False,bicycle,electric_assist
2026-05-14T01:22:21Z,lime,lime:6e1f484c6f4d,51.93688,4.41151,False,False,bicycle,electric_assist
2026-05-14T01:22:21Z,lime,lime:145124cee4c6,51.91629,4.52591,False,False,bicycle,electric_assist
2026-05-14T01:22:21Z,lime,lime:6cbea741e516,51.92068,4.4532,False,False,bicycle,electric_assist
2026-05-14T01:22:21Z,lime,lime:da4ef40a61cc,51.90333,4.46365,False,False,bicycle,electric_assist
2026-05-14T01:22:21Z,lime,lime:0e279a8f9131,51.92217,4.51288,False,False,bicycle,electric_assist
2026-05-14T01:22:21Z,lime,lime:c4597c5e0aca,51.89169,4.47238,False,False,bicycle,electric_assist
2026-05-14T01:22:21Z,lime,lime:97cbce7d4ba7,51.93117,4.40601,False,False,bicycle,electric_assist
2026-05-14T01:22:21Z,lime,lime:9b0d7546c5df,51.9217,4.49286,False,False,bicycle,electric_assist
2026-05-14T01:22:21Z,lime,lime:bb279bd00768,51.9112,4.52477,False,False,bicycle,electric_assist
2026-05-14T01:22:21Z,lime,lime:c5ee71110949,51.93687,4.4778,False,False,bicycle,electric_assist
2026-05-14T01:22:21Z,lime,lime:325dedd02743,51.91465,4.46059,False,False,bicycle,electric_assist
2026-05-14T01:22:21Z,lime,lime:532dd8f4cc75,51.93059,4.49622,False,False,bicycle,electric_assist
2026-05-14T01:22:21Z,lime,lime:2e497443356b,51.89144,4.46779,False,False,bicycle,electric_assist
2026-05-14T01:22:21Z,lime,lime:d5986e4edbbb,51.9355,4.49131,False,False,bicycle,electric_assist
2026-05-14T01:22:21Z,lime,lime:2e17d4703185,51.88628,4.54933,False,False,bicycle,electric_assist
2026-05-14T01:22:21Z,lime,lime:1229b463e9f8,51.91888,4.4822,False,False,bicycle,electric_assist
2026-05-14T01:22:21Z,lime,lime:0a6d9876b9bb,51.91464,4.43809,False,False,bicycle,electric_assist
2026-05-14T01:22:21Z,lime,lime:a526f19b9fa0,51.91412,4.42232,False,False,bicycle,electric_assist
2026-05-14T01:22:21Z,lime,lime:fcb97cb823f4,51.95135,4.4704,False,False,bicycle,electric_assist
2026-05-14T01:22:21Z,lime,lime:e28424eeda38,51.918,4.41506,False,False,bicycle,electric_assist
2026-05-14T01:22:21Z,lime,lime:6de68266da1b,51.94052,4.47975,False,False,bicycle,electric_assist
2026-05-14T01:22:21Z,lime,lime:f393f1970228,51.9168,4.40212,False,False,bicycle,electric_assist
2026-05-14T01:22:21Z,lime,lime:42c7442d1b8d,51.93205,4.40184,False,False,bicycle,electric_assist
2026-05-14T01:22:21Z,lime,lime:73582e23de7d,51.94586,4.53934,False,False,bicycle,electric_assist
2026-05-14T01:22:21Z,lime,lime:8211756e1946,51.93211,4.40193,False,False,bicycle,electric_assist
2026-05-14T01:22:21Z,lime,lime:e1fb1b02a391,51.92656,4.42688,False,False,bicycle,electric_assist
2026-05-14T01:22:21Z,lime,lime:0878ca592158,51.91919,4.46453,False,False,bicycle,electric_assist
2026-05-14T01:22:21Z,lime,lime:f37dedc3231a,51.91815,4.47457,False,False,bicycle,electric_assist
2026-05-14T01:22:21Z,lime,lime:f2d9e8a55b37,51.96193,4.46722,False,False,bicycle,electric_assist
2026-05-14T01:22:21Z,lime,lime:2eb657c8d420,51.90783,4.52165,False,False,bicycle,electric_assist
2026-05-14T01:22:21Z,lime,lime:a35baa834acc,51.90723,4.48979,False,False,bicycle,electric_assist
2026-05-14T01:22:21Z,lime,lime:d3023697b1d7,51.93336,4.49955,False,False,bicycle,electric_assist
2026-05-14T01:22:21Z,lime,lime:e2a63ffce2b8,51.92126,4.46342,False,False,bicycle,electric_assist
2026-05-14T01:22:21Z,lime,lime:1d5a3551b711,51.90788,4.462,False,False,bicycle,electric_assist
2026-05-14T01:22:21Z,lime,lime:60f9f08357fe,51.93403,4.47867,False,False,bicycle,electric_assist
2026-05-14T01:22:21Z,lime,lime:c29023860af9,51.91783,4.44508,False,False,bicycle,electric_assist
2026-05-14T01:22:21Z,lime,lime:ca3a88933a2c,51.93247,4.4716,False,False,bicycle,electric_assist
2026-05-14T01:22:21Z,lime,lime:ffd482d136a5,51.90673,4.45696,False,False,bicycle,electric_assist
2026-05-14T01:22:21Z,lime,lime:c5fe3b51f401,51.99348,4.33889,False,False,bicycle,electric_assist
2026-05-14T01:22:21Z,lime,lime:96a2806ab7de,51.90724,4.47336,False,False,bicycle,electric_assist
2026-05-14T01:22:21Z,lime,lime:14d972336d8f,51.91984,4.51156,False,False,bicycle,electric_assist
2026-05-14T01:22:21Z,lime,lime:f6604578739e,51.96748,4.46341,False,False,bicycle,electric_assist
2026-05-14T01:22:21Z,lime,lime:e8e62647fffd,51.90663,4.41203,False,False,bicycle,electric_assist
2026-05-14T01:22:21Z,lime,lime:e5e431f992d2,51.91941,4.51284,False,False,bicycle,electric_assist
2026-05-14T01:22:21Z,lime,lime:cae44fbdbd42,51.91369,4.46281,False,False,bicycle,electric_assist
2026-05-14T01:22:21Z,lime,lime:8181dc254a9f,51.92846,4.37073,False,False,bicycle,electric_assist
2026-05-14T01:22:21Z,lime,lime:7bf701035224,51.91557,4.52635,False,False,bicycle,electric_assist
2026-05-14T01:22:21Z,lime,lime:97f086449b64,51.92223,4.51286,False,False,bicycle,electric_assist
2026-05-14T01:22:21Z,lime,lime:2a53f3e1b93a,51.90653,4.47836,False,False,bicycle,electric_assist
2026-05-14T01:22:21Z,lime,lime:936bd21aae2d,51.92161,4.51256,False,False,bicycle,electric_assist
2026-05-14T01:22:21Z,lime,lime:62512334d79e,51.89561,4.50647,False,False,bicycle,electric_assist
2026-05-14T01:22:21Z,lime,lime:9cbee68aa457,51.9163,4.45173,False,False,bicycle,electric_assist
2026-05-14T01:22:21Z,lime,lime:4068240ec951,51.88893,4.52862,False,False,bicycle,electric_assist
2026-05-14T01:22:21Z,lime,lime:ec74fdcf3e0d,51.93861,4.4796,False,False,bicycle,electric_assist
2026-05-14T01:22:21Z,lime,lime:8efe58e407b2,51.91409,4.45253,False,False,bicycle,electric_assist
2026-05-14T01:22:21Z,lime,lime:2d458b6d6331,51.90846,4.49697,False,False,bicycle,electric_assist
2026-05-14T01:22:21Z,lime,lime:c8eedc7bd34e,51.92736,4.44053,False,False,bicycle,electric_assist
2026-05-14T01:22:21Z,lime,lime:87b1ea58d47d,51.90181,4.45577,False,False,bicycle,electric_assist
2026-05-14T01:22:21Z,lime,lime:f6efabea48e7,51.92891,4.45613,False,False,bicycle,electric_assist
2026-05-14T01:22:21Z,lime,lime:529d34741302,51.91656,4.44789,False,False,bicycle,electric_assist
2026-05-14T01:22:21Z,lime,lime:33708cfcf3bd,51.91356,4.50154,False,False,bicycle,electric_assist
2026-05-14T01:22:21Z,lime,lime:806f15e62f98,51.92254,4.50309,False,False,bicycle,electric_assist
2026-05-14T01:22:21Z,lime,lime:426abac694d6,51.9316,4.47659,False,False,bicycle,electric_assist
2026-05-14T01:22:21Z,lime,lime:cb5305a81475,51.92146,4.38642,False,False,bicycle,electric_assist
2026-05-14T01:22:21Z,lime,lime:5a19cc388483,51.90447,4.45627,True,False,bicycle,electric_assist
2026-05-14T01:22:21Z,lime,lime:1ce57c4087fb,51.92546,4.50621,False,False,bicycle,electric_assist
2026-05-14T01:22:21Z,lime,lime:5fa46a02b2a2,51.89387,4.48694,False,False,bicycle,electric_assist
2026-05-14T01:22:21Z,lime,lime:dfe19cb8efa9,51.91353,4.47942,False,False,bicycle,electric_assist
2026-05-14T01:22:21Z,lime,lime:2817588d54dd,51.91456,4.48764,False,False,bicycle,electric_assist
2026-05-14T01:22:21Z,lime,lime:5d5d748136fb,51.92434,4.47279,False,False,bicycle,electric_assist
2026-05-14T01:22:21Z,lime,lime:30b6429a4d97,51.91563,4.47029,False,False,bicycle,electric_assist
2026-05-14T01:22:21Z,lime,lime:60307730de27,51.98416,4.3511,False,False,bicycle,electric_assist
2026-05-14T01:22:21Z,lime,lime:8f0fce85ce27,51.89267,4.4938,False,False,bicycle,electric_assist
2026-05-14T01:22:21Z,lime,lime:c4917b54d157,51.9358,4.46336,False,False,bicycle,electric_assist
2026-05-14T01:22:21Z,lime,lime:c00f2f6eb0d5,51.91229,4.45508,False,False,bicycle,electric_assist
2026-05-14T01:22:21Z,lime,lime:d03d2979d741,51.9489,4.46503,False,False,bicycle,electric_assist
2026-05-14T01:22:21Z,lime,lime:729c15e4b87a,51.94151,4.48136,False,False,bicycle,electric_assist
2026-05-14T01:22:21Z,lime,lime:f06a09a24f10,51.91121,4.52477,False,False,bicycle,electric_assist
2026-05-14T01:22:21Z,lime,lime:7beba56132df,51.93116,4.50571,False,False,bicycle,electric_assist
2026-05-14T01:22:21Z,lime,lime:95f6a37b1684,51.98448,4.34394,False,False,bicycle,electric_assist
2026-05-14T01:22:21Z,lime,lime:efa3b3819e67,51.99472,4.36633,False,False,bicycle,electric_assist
2026-05-14T01:22:21Z,lime,lime:1d7529f4e7a3,51.9125,4.45186,False,False,bicycle,electric_assist
2026-05-14T01:22:21Z,lime,lime:28fbb87d8a98,51.92016,4.43432,False,False,bicycle,electric_assist
2026-05-14T01:22:21Z,lime,lime:2e129f0ed6e0,51.91377,4.46326,False,False,bicycle,electric_assist
2026-05-14T01:22:21Z,lime,lime:b139f9c7db85,51.89505,4.5061,False,False,bicycle,electric_assist
2026-05-14T01:22:21Z,lime,lime:fd5b71440fcf,51.94324,4.47711,False,False,bicycle,electric_assist
2026-05-14T01:22:21Z,lime,lime:74d762e85bf4,51.92516,4.47415,False,False,bicycle,electric_assist
2026-05-14T01:22:21Z,lime,lime:9845d3188e47,51.89069,4.51811,False,False,bicycle,electric_assist
2026-05-14T01:22:21Z,lime,lime:141097f8565f,51.9159,4.44181,False,False,bicycle,electric_assist
2026-05-14T01:22:21Z,lime,lime:cd796ac9321c,51.91644,4.47192,False,False,bicycle,electric_assist
2026-05-14T01:22:21Z,lime,lime:5f4f55c54aea,51.88773,4.50335,False,False,bicycle,electric_assist
2026-05-14T01:22:21Z,lime,lime:3bfec342cd49,51.92226,4.47122,False,False,bicycle,electric_assist
2026-05-14T01:22:21Z,lime,lime:a5541077f119,51.92225,4.47123,False,False,bicycle,electric_assist
2026-05-14T01:22:21Z,lime,lime:81de9188a5f7,51.90721,4.48942,True,False,bicycle,electric_assist
2026-05-14T01:22:21Z,lime,lime:844e627b5301,51.90732,4.40225,False,False,bicycle,electric_assist
2026-05-14T01:22:21Z,lime,lime:af18a6ba4f0b,51.94705,4.48535,False,False,bicycle,electric_assist
2026-05-14T01:22:21Z,lime,lime:bcc8ec45bdaf,51.90535,4.44339,False,False,bicycle,electric_assist
2026-05-14T01:22:21Z,lime,lime:55ce36a01501,51.89805,4.50241,False,False,bicycle,electric_assist
2026-05-14T01:22:21Z,lime,lime:8a5c733609e6,51.90535,4.44338,False,False,bicycle,electric_assist
2026-05-14T01:22:21Z,lime,lime:baa2a3e9c707,51.89383,4.50941,False,False,bicycle,electric_assist
2026-05-14T01:22:21Z,lime,lime:7a5cc3439bf5,51.94068,4.40453,False,False,bicycle,electric_assist
2026-05-14T01:22:21Z,lime,lime:4c03bd9a5af3,51.91925,4.4635,False,False,bicycle,electric_assist
2026-05-14T01:22:21Z,lime,lime:caa35a5382de,51.9207,4.40821,False,False,bicycle,electric_assist
2026-05-14T01:22:21Z,lime,lime:ae4cc3a1ca65,51.93613,4.46219,False,False,bicycle,electric_assist
2026-05-14T01:22:21Z,lime,lime:af4089a81589,51.91682,4.40213,False,False,bicycle,electric_assist
2026-05-14T01:22:21Z,lime,lime:49d85ebc65b5,51.94595,4.46362,False,False,bicycle,electric_assist
2026-05-14T01:22:21Z,lime,lime:7cde183a02ca,51.90296,4.51137,False,False,bicycle,electric_assist
2026-05-14T01:22:21Z,lime,lime:8a2cafc9ec26,51.89171,4.49389,False,False,bicycle,electric_assist
2026-05-14T01:22:21Z,lime,lime:e2a9feb6b59f,51.93043,4.45826,False,False,bicycle,electric_assist
2026-05-14T01:22:21Z,lime,lime:a601ae230afe,51.92139,4.4508,False,False,bicycle,electric_assist
2026-05-14T01:22:21Z,lime,lime:86223c171849,51.92288,4.46948,False,False,bicycle,electric_assist
2026-05-14T01:22:21Z,lime,lime:1764777094dc,51.91047,4.39246,False,False,bicycle,electric_assist
2026-05-14T01:22:21Z,lime,lime:1df7cb479ca7,51.92146,4.53175,False,False,bicycle,electric_assist
2026-05-14T01:22:21Z,lime,lime:d6269d2c06ef,51.92892,4.38071,False,False,bicycle,electric_assist
2026-05-14T01:22:21Z,lime,lime:316ceb3f10fa,51.92225,4.47142,False,False,bicycle,electric_assist
2026-05-14T01:22:21Z,lime,lime:c7709edcbea8,51.88817,4.46933,False,False,bicycle,electric_assist
2026-05-14T01:22:21Z,lime,lime:934e0ecab68d,51.92168,4.42525,False,False,bicycle,electric_assist
2026-05-14T01:22:21Z,lime,lime:811dfc4b6022,51.9151,4.52145,False,False,bicycle,electric_assist
2026-05-14T01:22:21Z,lime,lime:b258396f98f2,51.95712,4.50842,False,False,bicycle,electric_assist
2026-05-14T01:22:21Z,lime,lime:059f36597a22,51.92167,4.42527,False,False,bicycle,electric_assist
2026-05-14T01:22:21Z,lime,lime:3dc4552c413b,51.9386,4.47955,False,False,bicycle,electric_assist
2026-05-14T01:22:21Z,lime,lime:9cd8be3b8f60,51.92623,4.55937,False,False,bicycle,electric_assist
2026-05-14T01:22:21Z,lime,lime:04b5a71ccf6c,51.92546,4.50876,False,False,bicycle,electric_assist
2026-05-14T01:22:21Z,lime,lime:693bb0aff0b5,51.91751,4.45408,False,False,bicycle,electric_assist
2026-05-14T01:22:21Z,lime,lime:4eb74fbfaf11,51.92745,4.44024,False,False,bicycle,electric_assist
2026-05-14T01:22:21Z,lime,lime:2e2dafd322f7,51.93553,4.49132,False,False,bicycle,electric_assist
2026-05-14T01:22:21Z,lime,lime:256305e773eb,51.90937,4.47153,False,False,bicycle,electric_assist
2026-05-14T01:22:21Z,lime,lime:09be09cb1320,51.92286,4.46956,False,False,bicycle,electric_assist
2026-05-14T01:22:21Z,lime,lime:5164d2e06377,51.94533,4.46958,False,False,bicycle,electric_assist
2026-05-14T01:22:21Z,lime,lime:7f23c50584a2,51.91737,4.42053,False,False,bicycle,electric_assist
2026-05-14T01:22:21Z,lime,lime:09ea6e214338,51.92005,4.51284,False,False,bicycle,electric_assist
2026-05-14T01:22:21Z,lime,lime:dcce0f0d85b4,51.89207,4.50255,False,False,bicycle,electric_assist
2026-05-14T01:22:21Z,lime,lime:f272593c637f,51.91424,4.49609,False,False,bicycle,electric_assist
2026-05-14T01:22:21Z,lime,lime:a16883fc0dac,51.91808,4.472,False,False,bicycle,electric_assist
2026-05-14T01:22:21Z,lime,lime:254d7f69afa9,51.91499,4.52642,False,False,bicycle,electric_assist
2026-05-14T01:22:21Z,lime,lime:d42dd33498bd,51.91675,4.46744,False,False,bicycle,electric_assist
2026-05-14T01:22:21Z,lime,lime:35f04853797e,51.88453,4.50952,False,False,bicycle,electric_assist
2026-05-14T01:22:21Z,lime,lime:6b457cdaa3b0,51.90002,4.48196,False,False,bicycle,electric_assist
2026-05-14T01:22:21Z,lime,lime:9a6ba193e3c2,51.92146,4.53174,False,False,bicycle,electric_assist
2026-05-14T01:22:21Z,lime,lime:b94d5a3e7ef1,51.87209,4.46916,False,False,bicycle,electric_assist
2026-05-14T01:22:21Z,lime,lime:b96c673ead52,51.93407,4.48267,False,False,bicycle,electric_assist
2026-05-14T01:22:21Z,lime,lime:1baabd95859e,51.89275,4.51779,False,False,bicycle,electric_assist
2026-05-14T01:22:21Z,lime,lime:9f1fa44c1fd8,51.92318,4.49349,False,False,bicycle,electric_assist
2026-05-14T01:22:21Z,lime,lime:15db80ddbc35,51.91914,4.44004,False,False,bicycle,electric_assist
2026-05-14T01:22:21Z,lime,lime:e2616787376e,51.88849,4.47882,False,False,bicycle,electric_assist
2026-05-14T01:22:21Z,lime,lime:027a8668c3c0,51.93632,4.50615,False,False,bicycle,electric_assist
2026-05-14T01:22:21Z,lime,lime:51109889cead,51.92233,4.47137,False,False,bicycle,electric_assist
2026-05-14T01:22:21Z,lime,lime:d5e035085f24,51.88107,4.48647,False,False,bicycle,electric_assist
2026-05-14T01:22:21Z,lime,lime:ddfcd17baf81,51.98262,4.37911,False,False,bicycle,electric_assist
2026-05-14T01:22:21Z,lime,lime:2a82b648a36a,51.90932,4.50807,False,False,bicycle,electric_assist
2026-05-14T01:22:21Z,lime,lime:6c32b3f92ed7,51.90183,4.45584,False,False,bicycle,electric_assist
2026-05-14T01:22:21Z,lime,lime:133f95d3210b,51.91786,4.37183,False,False,bicycle,electric_assist
2026-05-14T01:22:21Z,lime,lime:d7a3ea5bf577,51.93245,4.47156,False,False,bicycle,electric_assist
2026-05-14T01:22:21Z,lime,lime:7457233107fe,51.94056,4.53619,False,False,bicycle,electric_assist
2026-05-14T01:22:21Z,lime,lime:bfa3e93482ee,51.92223,4.50227,False,False,bicycle,electric_assist
2026-05-14T01:22:21Z,lime,lime:ce99ee9189c1,51.9165,4.52268,False,False,bicycle,electric_assist
2026-05-14T01:22:21Z,lime,lime:146b90f7f3b4,51.93425,4.50057,False,False,bicycle,electric_assist
2026-05-14T01:22:21Z,lime,lime:59dc35e84b24,51.95624,4.48994,False,False,bicycle,electric_assist
2026-05-14T01:22:21Z,lime,lime:9aafc31e241f,51.93471,4.48568,False,False,bicycle,electric_assist
2026-05-14T01:22:21Z,lime,lime:febb1410e9df,51.88059,4.53193,False,False,bicycle,electric_assist
2026-05-14T01:22:21Z,lime,lime:6a54a02ba84b,51.90734,4.40227,False,False,bicycle,electric_assist
2026-05-14T01:22:21Z,lime,lime:d58a26a7c011,51.88989,4.47228,False,False,bicycle,electric_assist
2026-05-14T01:22:21Z,lime,lime:6017720f56a6,51.92162,4.50718,False,False,bicycle,electric_assist
2026-05-14T01:22:21Z,lime,lime:29a954eb5524,51.90888,4.47859,False,False,bicycle,electric_assist
2026-05-14T01:22:21Z,lime,lime:5722d8c978fa,51.9149,4.40322,False,False,bicycle,electric_assist
2026-05-14T01:22:21Z,lime,lime:f116c3b8bdf0,51.92217,4.47139,False,False,bicycle,electric_assist
2026-05-14T01:22:21Z,lime,lime:4b69de84b5c0,51.96015,4.47936,False,False,bicycle,electric_assist
2026-05-14T01:22:21Z,lime,lime:0e57e2d5f90e,51.98937,4.34404,False,False,bicycle,electric_assist
2026-05-14T01:22:21Z,lime,lime:f9611c120f6c,51.93463,4.4617,False,False,bicycle,electric_assist
2026-05-14T01:22:21Z,lime,lime:1e5391a95a28,51.89823,4.47442,False,False,bicycle,electric_assist
2026-05-14T01:22:21Z,lime,lime:5c86aebef60b,51.98599,4.35223,False,False,bicycle,electric_assist
2026-05-14T01:22:21Z,lime,lime:ba7ac0e160b7,51.93487,4.46735,False,False,bicycle,electric_assist
2026-05-14T01:22:21Z,lime,lime:ac2e06f8333d,51.94337,4.49633,False,False,bicycle,electric_assist
2026-05-14T01:22:21Z,lime,lime:5c1b20ef86d4,51.92309,4.37005,False,False,bicycle,electric_assist
2026-05-14T01:22:21Z,lime,lime:41b27a5dd235,51.92223,4.50237,False,False,bicycle,electric_assist
2026-05-14T01:22:21Z,lime,lime:d90922b5ec04,51.92226,4.47138,False,False,bicycle,electric_assist
2026-05-14T01:22:21Z,lime,lime:845f158cab4e,51.99054,4.38013,False,False,bicycle,electric_assist
2026-05-14T01:22:21Z,lime,lime:d1752990d6a4,51.92156,4.50717,False,False,bicycle,electric_assist
2026-05-14T01:22:21Z,lime,lime:b4909dfc56f6,51.91823,4.424,False,False,bicycle,electric_assist
2026-05-14T01:22:21Z,lime,lime:df89777cbc9d,51.91744,4.48808,False,False,bicycle,electric_assist
2026-05-14T01:22:21Z,lime,lime:d8cdb9fa755e,51.93635,4.50619,False,False,bicycle,electric_assist
2026-05-14T01:22:21Z,lime,lime:244442c4a054,51.88745,4.46723,False,False,bicycle,electric_assist
2026-05-14T01:22:21Z,lime,lime:cc9e6bbe13f3,51.90857,4.49636,False,False,bicycle,electric_assist
2026-05-14T01:22:21Z,lime,lime:40f832a04892,51.90623,4.51391,False,False,bicycle,electric_assist
2026-05-14T01:22:21Z,lime,lime:78c20f114865,51.92185,4.46058,False,False,bicycle,electric_assist
2026-05-14T01:22:21Z,lime,lime:e32be7c61e1b,51.91322,4.5011,False,False,bicycle,electric_assist
2026-05-14T01:22:21Z,lime,lime:d5c0487cc88c,51.91917,4.48875,False,False,bicycle,electric_assist
2026-05-14T01:22:21Z,lime,lime:8035bd0d6b25,51.91149,4.47854,False,False,bicycle,electric_assist
2026-05-14T01:22:21Z,lime,lime:500413ecd80f,51.92218,4.47105,False,False,bicycle,electric_assist
2026-05-14T01:22:21Z,lime,lime:7b1b64babc90,51.93585,4.4906,False,False,bicycle,electric_assist
2026-05-14T01:22:21Z,lime,lime:98a22118795b,51.92613,4.51774,False,False,bicycle,electric_assist
2026-05-14T01:22:21Z,lime,lime:dbd075464073,51.94735,4.56416,False,False,bicycle,electric_assist
2026-05-14T01:22:21Z,lime,lime:0e876ca6a43a,51.89944,4.48295,False,False,bicycle,electric_assist
2026-05-14T01:22:21Z,lime,lime:fd2974cb863f,51.92286,4.50871,False,False,bicycle,electric_assist
2026-05-14T01:22:21Z,lime,lime:eab102597e04,51.92776,4.50989,False,False,bicycle,electric_assist
2026-05-14T01:22:21Z,lime,lime:71b0ba062620,51.93573,4.46334,False,False,bicycle,electric_assist
2026-05-14T01:22:21Z,lime,lime:2469d4732c49,51.88965,4.50699,False,False,bicycle,electric_assist
2026-05-14T01:22:21Z,lime,lime:dbdf3273b117,51.88354,4.4647,False,False,bicycle,electric_assist
2026-05-14T01:22:21Z,lime,lime:6df5b2d04171,51.87488,4.46785,False,False,bicycle,electric_assist
2026-05-14T01:22:21Z,lime,lime:db6e99f3aac4,51.89098,4.48571,False,False,bicycle,electric_assist
2026-05-14T01:22:21Z,lime,lime:55e0254f4887,51.92193,4.42706,False,False,bicycle,electric_assist
2026-05-14T01:22:21Z,lime,lime:d81903f0c259,51.92164,4.5071,False,False,bicycle,electric_assist
2026-05-14T01:22:21Z,lime,lime:4e2b85f52327,51.91959,4.51208,False,False,bicycle,electric_assist
2026-05-14T01:22:21Z,lime,lime:1af2cc78c7f8,51.91581,4.4888,False,False,bicycle,electric_assist
2026-05-14T01:22:21Z,lime,lime:a75312b854b7,51.90925,4.52357,False,False,bicycle,electric_assist
2026-05-14T01:22:21Z,lime,lime:9a83995d6b6d,51.92508,4.47418,False,False,bicycle,electric_assist
2026-05-14T01:22:21Z,lime,lime:9fd6f335a22d,51.93178,4.50849,False,False,bicycle,electric_assist
2026-05-14T01:22:21Z,lime,lime:96feea18c99d,51.98966,4.34378,False,False,bicycle,electric_assist
2026-05-14T01:22:21Z,lime,lime:ac066a214f62,51.92063,4.45113,False,False,bicycle,electric_assist
2026-05-14T01:22:21Z,lime,lime:e7d560f5dab8,51.91851,4.46562,False,False,bicycle,electric_assist
2026-05-14T01:22:21Z,lime,lime:5d8779b079e4,51.93245,4.47156,False,False,bicycle,electric_assist
2026-05-14T01:22:21Z,lime,lime:28f51e30a0ce,51.95002,4.47514,False,False,bicycle,electric_assist
2026-05-14T01:22:21Z,lime,lime:90d9011f8c5c,51.93909,4.49583,False,False,bicycle,electric_assist
2026-05-14T01:22:21Z,lime,lime:a6e57261716b,51.87453,4.47787,False,False,bicycle,electric_assist
2026-05-14T01:22:21Z,lime,lime:fabb3772f4e5,51.91636,4.47019,False,False,bicycle,electric_assist
2026-05-14T01:22:21Z,lime,lime:1aeca6937c33,51.90623,4.51388,False,False,bicycle,electric_assist
2026-05-14T01:22:21Z,lime,lime:297124693343,51.93085,4.5071,False,False,bicycle,electric_assist
2026-05-14T01:22:21Z,lime,lime:662ac94b39d2,51.93835,4.48528,False,False,bicycle,electric_assist
2026-05-14T01:22:21Z,lime,lime:2416f6c29181,51.91415,4.4224,False,False,bicycle,electric_assist
2026-05-14T01:22:21Z,lime,lime:d1d938d1ec23,51.94665,4.55377,False,False,bicycle,electric_assist
2026-05-14T01:22:21Z,lime,lime:62672606bb56,51.90942,4.4946,True,False,bicycle,electric_assist
2026-05-14T01:22:21Z,lime,lime:3853c655b7a9,51.91522,4.5316,False,False,bicycle,electric_assist
2026-05-14T01:22:21Z,lime,lime:2715cd1b04fe,51.91157,4.47854,False,False,bicycle,electric_assist
2026-05-14T01:22:21Z,lime,lime:749c5dcb6aa0,51.93346,4.50322,False,False,bicycle,electric_assist
2026-05-14T01:22:21Z,lime,lime:caaab6a1b1b0,51.91098,4.50139,False,False,bicycle,electric_assist
2026-05-14T01:22:21Z,lime,lime:b8bffe959c76,51.92226,4.47137,False,False,bicycle,electric_assist
2026-05-14T01:22:21Z,lime,lime:7014e1fe23f2,51.87359,4.48977,False,False,bicycle,electric_assist
2026-05-14T01:22:21Z,lime,lime:15516375eb75,51.92571,4.45484,False,False,bicycle,electric_assist
2026-05-14T01:22:21Z,lime,lime:3034ba431fec,51.91793,4.45762,False,True,bicycle,electric_assist
2026-05-14T01:22:21Z,lime,lime:5a08dda141ba,51.91917,4.48214,False,False,bicycle,electric_assist
2026-05-14T01:22:21Z,lime,lime:9c4d0f8ef276,51.92585,4.49926,False,False,bicycle,electric_assist
2026-05-14T01:22:21Z,lime,lime:6193737d1fbe,51.93248,4.47145,False,False,bicycle,electric_assist
2026-05-14T01:22:21Z,lime,lime:e5f74f0fc7eb,51.92736,4.51842,False,False,bicycle,electric_assist
2026-05-14T01:22:21Z,lime,lime:79e72620f63b,51.93067,4.49627,False,False,bicycle,electric_assist
2026-05-14T01:22:21Z,lime,lime:18277bd73dea,51.93259,4.50011,False,False,bicycle,electric_assist
2026-05-14T01:22:21Z,lime,lime:be9432e6d6a7,51.9173,4.48788,False,False,bicycle,electric_assist
2026-05-14T01:22:21Z,lime,lime:5ec888b7d1bc,51.91679,4.40211,False,False,bicycle,electric_assist
2026-05-14T01:22:21Z,lime,lime:873ea805db66,51.99072,4.36489,False,False,bicycle,electric_assist
2026-05-14T01:22:21Z,lime,lime:3979015c0379,51.92158,4.50717,False,False,bicycle,electric_assist
2026-05-14T01:22:21Z,lime,lime:b6b8781e44d7,51.91149,4.46274,False,False,bicycle,electric_assist
2026-05-14T01:22:21Z,lime,lime:097d0964b168,51.92051,4.51169,False,False,bicycle,electric_assist
2026-05-14T01:22:21Z,lime,lime:dc5ab666f154,51.93863,4.47959,False,False,bicycle,electric_assist
2026-05-14T01:22:21Z,lime,lime:6fe050660381,51.93455,4.49742,False,False,bicycle,electric_assist
2026-05-14T01:22:21Z,lime,lime:25bda08d4bd5,51.9324,4.47149,False,False,bicycle,electric_assist
2026-05-14T01:22:21Z,lime,lime:66b5df739507,51.93382,4.49808,False,False,bicycle,electric_assist
2026-05-14T01:22:21Z,lime,lime:bc134827d34b,51.92167,4.49296,False,False,bicycle,electric_assist
2026-05-14T01:22:21Z,lime,lime:65d83060b0c0,51.93536,4.46205,False,False,bicycle,electric_assist
2026-05-14T01:22:21Z,lime,lime:4a1aacf3708b,51.90924,4.45816,False,False,bicycle,electric_assist
2026-05-14T01:22:21Z,lime,lime:f1fa3442ffd5,51.96333,4.55459,False,False,bicycle,electric_assist
2026-05-14T01:22:21Z,lime,lime:57ca2aef7cf3,51.93156,4.50355,False,False,bicycle,electric_assist
2026-05-14T01:22:21Z,lime,lime:09b8f728410c,51.9164,4.4898,False,False,bicycle,electric_assist
2026-05-14T01:22:21Z,lime,lime:e0717e846cde,51.941,4.49923,False,False,bicycle,electric_assist
2026-05-14T01:22:21Z,lime,lime:14017aefd370,51.92345,4.47773,False,False,bicycle,electric_assist
2026-05-14T01:22:21Z,lime,lime:c83a9ba7b22a,51.90665,4.41204,False,False,bicycle,electric_assist
2026-05-14T01:22:21Z,lime,lime:78c37aada4f7,51.90712,4.48975,False,False,bicycle,electric_assist
2026-05-14T01:22:21Z,lime,lime:d2f1889c95e8,51.92216,4.52316,False,False,bicycle,electric_assist
2026-05-14T01:22:21Z,lime,lime:f24b9dd8501e,51.91428,4.49602,False,False,bicycle,electric_assist
2026-05-14T01:22:21Z,lime,lime:33cabf8db836,51.91128,4.52467,False,False,bicycle,electric_assist
2026-05-14T01:22:21Z,lime,lime:521de08e5b6c,51.93686,4.47784,False,False,bicycle,electric_assist
2026-05-14T01:22:21Z,lime,lime:ac835a4dacde,51.88812,4.46081,False,False,bicycle,electric_assist
2026-05-14T01:22:21Z,lime,lime:260790617b9d,51.91541,4.44064,False,False,bicycle,electric_assist
2026-05-14T01:22:21Z,lime,lime:d17f8974b545,51.90973,4.46303,False,False,bicycle,electric_assist
2026-05-14T01:22:21Z,lime,lime:f74ab59abab1,51.90726,4.47329,False,False,bicycle,electric_assist
2026-05-14T01:22:21Z,lime,lime:6528b2f912c7,51.92058,4.51114,False,False,bicycle,electric_assist
2026-05-14T01:22:21Z,lime,lime:7a452e90e4bf,51.94025,4.48364,False,False,bicycle,electric_assist
2026-05-14T01:22:21Z,lime,lime:91a8b84e5583,51.91915,4.41825,False,False,bicycle,electric_assist
2026-05-14T01:22:21Z,lime,lime:a7d79bf166a3,51.91253,4.49481,False,False,bicycle,electric_assist
2026-05-14T01:22:21Z,lime,lime:ee7f6cc1483a,51.98761,4.34534,False,False,bicycle,electric_assist
2026-05-14T01:22:21Z,lime,lime:2bb9818f52fa,51.92549,4.41488,False,False,bicycle,electric_assist
2026-05-14T01:22:21Z,lime,lime:0f36be4aa367,51.91774,4.44512,False,False,bicycle,electric_assist
2026-05-14T01:22:21Z,lime,lime:5d70b647087e,51.92353,4.51195,False,False,bicycle,electric_assist
2026-05-14T01:22:21Z,lime,lime:004b57f16ba8,51.91677,4.45148,False,False,bicycle,electric_assist
2026-05-14T01:22:21Z,lime,lime:909a4bf32162,51.9111,4.46204,False,False,bicycle,electric_assist
2026-05-14T01:22:21Z,lime,lime:12363af138c9,51.90935,4.50808,False,False,bicycle,electric_assist
2026-05-14T01:22:21Z,lime,lime:6ae5899b0566,51.89565,4.50648,False,False,bicycle,electric_assist
2026-05-14T01:22:21Z,lime,lime:688a32ee9d90,51.91575,4.44534,False,False,bicycle,electric_assist
2026-05-14T01:22:21Z,lime,lime:bcff74f6c1b8,51.92224,4.47112,False,False,bicycle,electric_assist
2026-05-14T01:22:21Z,lime,lime:f24c9be4ad8d,51.90748,4.50235,False,False,bicycle,electric_assist
2026-05-14T01:22:21Z,lime,lime:cecbd9042cfa,51.87492,4.46797,False,False,bicycle,electric_assist
2026-05-14T01:22:21Z,lime,lime:abffc0a789d5,51.90583,4.45348,False,False,bicycle,electric_assist
2026-05-14T01:22:21Z,lime,lime:45e2e310b44c,51.92916,4.50528,False,False,bicycle,electric_assist
2026-05-14T01:22:21Z,lime,lime:d8bf78eeac48,51.90307,4.44166,False,False,bicycle,electric_assist
2026-05-14T01:22:21Z,lime,lime:51ef258af9a9,51.93569,4.50354,False,False,bicycle,electric_assist
2026-05-14T01:22:21Z,lime,lime:2994a7c1ee70,51.91625,4.44675,False,False,bicycle,electric_assist
2026-05-14T01:22:21Z,lime,lime:7638fb1c0cc2,51.93239,4.43871,False,False,bicycle,electric_assist
2026-05-14T01:22:21Z,lime,lime:8cd09b6fe81f,51.90547,4.53805,False,False,bicycle,electric_assist
2026-05-14T01:22:21Z,lime,lime:00650e1b353a,51.92168,4.50705,False,False,bicycle,electric_assist
2026-05-14T01:22:21Z,lime,lime:c5c690a4498e,51.90786,4.44157,False,False,bicycle,electric_assist
2026-05-14T01:22:21Z,lime,lime:3edbdc6bd0b9,51.92214,4.47082,False,False,bicycle,electric_assist
2026-05-14T01:22:21Z,lime,lime:312b0d945b6e,51.90735,4.45745,False,False,bicycle,electric_assist
2026-05-14T01:22:21Z,lime,lime:a9d74fdb5eaf,51.92317,4.49352,False,False,bicycle,electric_assist
2026-05-14T01:22:21Z,lime,lime:6d6af2f7c3b5,51.92318,4.49351,False,False,bicycle,electric_assist
2026-05-14T01:22:21Z,lime,lime:805e4b3e02c3,51.92913,4.50532,False,False,bicycle,electric_assist
2026-05-14T01:22:21Z,lime,lime:31dbaf4fcf60,51.98209,4.36573,False,False,bicycle,electric_assist
2026-05-14T01:22:21Z,lime,lime:f8a1e1964bc8,51.99772,4.33156,False,False,bicycle,electric_assist
2026-05-14T01:22:21Z,lime,lime:7bcfe1b356a5,51.90783,4.45392,False,False,bicycle,electric_assist
2026-05-14T01:22:21Z,lime,lime:68028bd7ffa3,51.92517,4.47407,False,False,bicycle,electric_assist
2026-05-14T01:22:21Z,lime,lime:c344ba7aef64,51.90302,4.51136,False,False,bicycle,electric_assist
2026-05-14T01:22:21Z,lime,lime:45e1e61292b6,51.93444,4.47276,False,False,bicycle,electric_assist
2026-05-14T01:22:21Z,lime,lime:a96c4be1102a,51.91553,4.5293,False,False,bicycle,electric_assist
2026-05-14T01:22:21Z,lime,lime:d14f8cdb2517,51.88968,4.50694,False,False,bicycle,electric_assist
2026-05-14T01:22:21Z,lime,lime:86d70ce92d6c,51.91736,4.42047,False,False,bicycle,electric_assist
2026-05-14T01:22:21Z,lime,lime:5fab2fefb485,51.9276,4.48768,False,False,bicycle,electric_assist
2026-05-14T01:22:21Z,lime,lime:a85ada43e29c,51.87831,4.44879,False,False,bicycle,electric_assist
2026-05-14T01:22:21Z,lime,lime:3eff1332141e,51.90953,4.44053,False,False,bicycle,electric_assist
2026-05-14T01:22:21Z,lime,lime:120f6f799743,51.9253,4.49387,False,False,bicycle,electric_assist
2026-05-14T01:22:21Z,lime,lime:603b7a56b965,51.90437,4.40688,False,False,bicycle,electric_assist
2026-05-14T01:22:21Z,lime,lime:1c2c0f8875f2,51.91417,4.42224,False,False,bicycle,electric_assist
2026-05-14T01:22:21Z,lime,lime:034db1641981,51.93576,4.471,False,False,bicycle,electric_assist
2026-05-14T01:22:21Z,lime,lime:65baeea6eee7,51.94737,4.56415,False,False,bicycle,electric_assist
2026-05-14T01:22:21Z,lime,lime:5ecc2930f824,51.944,4.56672,False,False,bicycle,electric_assist
2026-05-14T01:22:21Z,lime,lime:f82cf059e1b4,51.92436,4.47255,False,False,bicycle,electric_assist
2026-05-14T01:22:21Z,lime,lime:faa583fffddd,51.91635,4.4695,False,False,bicycle,electric_assist
2026-05-14T01:22:21Z,lime,lime:cea9527a173a,51.86117,4.47677,False,False,bicycle,electric_assist
2026-05-14T01:22:21Z,lime,lime:71c8d36be051,51.92091,4.5399,False,False,bicycle,electric_assist
2026-05-14T01:22:21Z,lime,lime:7c858e13cfbf,51.89214,4.50269,False,False,bicycle,electric_assist
2026-05-14T01:22:21Z,lime,lime:c6056ea20b15,51.91733,4.42047,False,False,bicycle,electric_assist
2026-05-14T01:22:21Z,lime,lime:e223b4290760,51.92515,4.47394,False,False,bicycle,electric_assist
2026-05-14T01:22:21Z,lime,lime:36b269119ed6,51.91234,4.4551,False,False,bicycle,electric_assist
2026-05-14T01:22:21Z,lime,lime:2c0777cb2b49,51.92859,4.40756,False,False,bicycle,electric_assist
2026-05-14T01:22:21Z,lime,lime:c75a570d774c,51.93487,4.46313,False,False,bicycle,electric_assist
2026-05-14T01:22:21Z,lime,lime:9df9e0b27fe1,51.99105,4.36511,False,False,bicycle,electric_assist
2026-05-14T01:22:21Z,lime,lime:ee92d92b3122,51.93755,4.48205,False,False,bicycle,electric_assist
2026-05-14T01:22:21Z,lime,lime:2fdeb40cbcd4,51.99681,4.38481,False,False,bicycle,electric_assist
2026-05-14T01:22:21Z,lime,lime:7a67de453cb4,51.91867,4.44907,False,False,bicycle,electric_assist
2026-05-14T01:22:21Z,lime,lime:cb5b98a44172,51.92727,4.51898,False,False,bicycle,electric_assist
2026-05-14T01:22:21Z,lime,lime:2c5c4bc55e2b,51.92284,4.4696,False,False,bicycle,electric_assist
2026-05-14T01:22:21Z,lime,lime:612ffe283313,51.9117,4.38368,False,False,bicycle,electric_assist
2026-05-14T01:22:21Z,lime,lime:dca214f3b864,51.93697,4.42767,False,False,bicycle,electric_assist
2026-05-14T01:22:21Z,lime,lime:44ac3c14f097,51.92223,4.47121,False,False,bicycle,electric_assist
2026-05-14T01:22:21Z,lime,lime:5ea9a29ec6b2,51.89561,4.50655,False,False,bicycle,electric_assist
2026-05-14T01:22:21Z,lime,lime:35eb6c9011b6,51.94634,4.48707,False,False,bicycle,electric_assist
2026-05-14T01:22:21Z,lime,lime:ded1cd09824c,51.91703,4.48711,False,False,bicycle,electric_assist
2026-05-14T01:22:21Z,lime,lime:2198bb3bd8d2,51.90444,4.45625,False,False,bicycle,electric_assist
2026-05-14T01:22:21Z,lime,lime:783d51a65853,51.98625,4.38088,False,False,bicycle,electric_assist
2026-05-14T01:22:21Z,lime,lime:ddabc6ed9fa7,51.91615,4.52558,False,False,bicycle,electric_assist
2026-05-14T01:22:21Z,lime,lime:cb364eb82257,51.9174,4.42056,False,False,bicycle,electric_assist
2026-05-14T01:22:21Z,lime,lime:26ae9f2e944a,51.90907,4.51131,False,False,bicycle,electric_assist
2026-05-14T01:22:21Z,lime,lime:d8905d5558f9,51.93579,4.49096,False,False,bicycle,electric_assist
2026-05-14T01:22:21Z,lime,lime:b8a8519a924a,51.90302,4.51135,False,False,bicycle,electric_assist
2026-05-14T01:22:21Z,lime,lime:1e6b5cf64d2b,51.92508,4.47407,False,False,bicycle,electric_assist
2026-05-14T01:22:21Z,lime,lime:2d30683c4d1c,51.87404,4.49416,False,False,bicycle,electric_assist
2026-05-14T01:22:21Z,lime,lime:f6a53ac9db6a,51.92284,4.46955,False,False,bicycle,electric_assist
2026-05-14T01:22:21Z,lime,lime:049ba77e254c,51.91799,4.41504,False,False,bicycle,electric_assist
2026-05-14T01:22:21Z,lime,lime:3a304d6915a9,51.90651,4.46286,False,False,bicycle,electric_assist
2026-05-14T01:22:21Z,lime,lime:937bf4685896,51.91172,4.38372,False,False,bicycle,electric_assist
2026-05-14T01:22:21Z,lime,lime:fddd9f81c80e,51.91174,4.49375,False,False,bicycle,electric_assist
2026-05-14T01:22:21Z,lime,lime:0bd48f22619a,51.90886,4.53817,False,False,bicycle,electric_assist
2026-05-14T01:22:21Z,lime,lime:d8c86f96d5d0,51.9163,4.45155,False,False,bicycle,electric_assist
2026-05-14T01:22:21Z,lime,lime:e24cc70c2d3a,51.91732,4.51827,True,False,bicycle,electric_assist
2026-05-14T01:22:21Z,lime,lime:49e9f74de168,51.90224,4.5028,False,False,bicycle,electric_assist
2026-05-14T01:22:21Z,lime,lime:a65483ee84b5,51.91487,4.40325,False,False,bicycle,electric_assist
2026-05-14T01:22:21Z,lime,lime:e1d6d0718018,51.91933,4.51413,False,False,bicycle,electric_assist
2026-05-14T01:22:21Z,lime,lime:34075aa9fed4,51.89061,4.51419,False,False,bicycle,electric_assist
2026-05-14T01:22:21Z,lime,lime:5066efc61604,51.91408,4.49602,False,False,bicycle,electric_assist
2026-05-14T01:22:21Z,lime,lime:86dde31ed316,51.94215,4.49824,False,False,bicycle,electric_assist
2026-05-14T01:22:21Z,lime,lime:a367b47b8fdd,51.92826,4.36244,False,False,bicycle,electric_assist
2026-05-14T01:22:21Z,lime,lime:02b61a408520,51.90887,4.37239,False,False,bicycle,electric_assist
2026-05-14T01:22:21Z,lime,lime:d32ce3be7eee,51.92861,4.49296,False,False,bicycle,electric_assist
2026-05-14T01:22:21Z,lime,lime:93e57b01fb6b,51.91154,4.53904,False,True,bicycle,electric_assist
2026-05-14T01:22:21Z,lime,lime:81c880737150,51.90152,4.48987,False,False,bicycle,electric_assist
2026-05-14T01:22:21Z,lime,lime:e2d933c66354,51.91803,4.47205,False,False,bicycle,electric_assist
2026-05-14T01:22:21Z,lime,lime:c4cc72027d56,51.92785,4.4819,False,False,bicycle,electric_assist
2026-05-14T01:22:21Z,lime,lime:e18675f26a1b,51.90487,4.40281,False,False,bicycle,electric_assist
2026-05-14T01:22:21Z,lime,lime:1084375037e1,51.90632,4.45989,False,False,bicycle,electric_assist
2026-05-14T01:22:21Z,lime,lime:c320c1cecabc,51.90193,4.45777,False,False,bicycle,electric_assist
2026-05-14T01:22:21Z,lime,lime:62c8f179d78f,51.88951,4.49933,False,False,bicycle,electric_assist
2026-05-14T01:22:21Z,lime,lime:05f505aee2aa,51.90794,4.51221,False,False,bicycle,electric_assist
2026-05-14T01:22:21Z,lime,lime:39c8bfffbad7,51.91849,4.48875,True,False,bicycle,electric_assist
2026-05-14T01:22:21Z,lime,lime:0fcc91455d84,51.92746,4.44024,False,False,bicycle,electric_assist
2026-05-14T01:22:21Z,lime,lime:1ef7bd4a74c3,51.93916,4.49604,False,False,bicycle,electric_assist
2026-05-14T01:22:21Z,lime,lime:522da1cb28a2,51.92867,4.51054,False,False,bicycle,electric_assist
2026-05-14T01:22:21Z,lime,lime:b460aa56a059,51.94595,4.46361,False,False,bicycle,electric_assist
2026-05-14T01:22:21Z,lime,lime:ddfee7ac8dab,51.92226,4.47102,False,False,bicycle,electric_assist
2026-05-14T01:22:21Z,lime,lime:d5a98e634f85,51.92005,4.51316,False,False,bicycle,electric_assist
2026-05-14T01:22:21Z,lime,lime:94f91917efc5,51.88648,4.49653,False,False,bicycle,electric_assist
2026-05-14T01:22:21Z,lime,lime:c3621788d63e,51.93758,4.37277,False,False,bicycle,electric_assist
2026-05-14T01:22:21Z,lime,lime:c2457ff0800b,51.92227,4.47143,False,False,bicycle,electric_assist
2026-05-14T01:22:21Z,lime,lime:3fea8f7feaba,51.9223,4.47119,False,False,bicycle,electric_assist
2026-05-14T01:22:21Z,lime,lime:b94a9726ecd1,51.93785,4.50163,False,False,bicycle,electric_assist
2026-05-14T01:22:21Z,lime,lime:35eedd6aedd9,51.95644,4.51218,False,False,bicycle,electric_assist
2026-05-14T01:22:21Z,lime,lime:a742f08446eb,51.92661,4.47356,False,False,bicycle,electric_assist
2026-05-14T01:22:21Z,lime,lime:c9652fefd72c,51.91428,4.49605,False,False,bicycle,electric_assist
2026-05-14T01:22:21Z,lime,lime:729447664931,51.92618,4.45785,False,False,bicycle,electric_assist
2026-05-14T01:22:21Z,lime,lime:9667edc4ca84,51.99795,4.33318,False,False,bicycle,electric_assist
2026-05-14T01:22:21Z,lime,lime:5ad980e642ea,51.92276,4.46949,False,False,bicycle,electric_assist
2026-05-14T01:22:21Z,lime,lime:f46abc2cabb1,51.90571,4.44394,False,False,bicycle,electric_assist
2026-05-14T01:22:21Z,lime,lime:2288e09d4775,51.91231,4.45512,False,False,bicycle,electric_assist
2026-05-14T01:22:21Z,lime,lime:c113c78e4277,51.91196,4.46648,False,False,bicycle,electric_assist
2026-05-14T01:22:21Z,lime,lime:9dcb6435d594,51.92819,4.3642,False,False,bicycle,electric_assist
2026-05-14T01:22:21Z,lime,lime:e00a8a242712,51.92921,4.44904,False,False,bicycle,electric_assist
2026-05-14T01:22:21Z,lime,lime:06a112f231b5,51.88654,4.49656,False,False,bicycle,electric_assist
2026-05-14T01:22:21Z,lime,lime:b44091a9ead4,51.92979,4.46053,False,False,bicycle,electric_assist
2026-05-14T01:22:21Z,lime,lime:3bf911033f82,51.88682,4.47996,False,False,bicycle,electric_assist
2026-05-14T01:22:21Z,lime,lime:b4ea177f3104,51.92658,4.49886,False,False,bicycle,electric_assist
2026-05-14T01:22:21Z,lime,lime:b462496b894e,51.92977,4.4744,False,False,bicycle,electric_assist
2026-05-14T01:22:21Z,lime,lime:9c45aa7363d8,51.91876,4.39196,False,False,bicycle,electric_assist
2026-05-14T01:22:21Z,lime,lime:237426f33df8,51.91492,4.40319,False,False,bicycle,electric_assist
2026-05-14T01:22:21Z,lime,lime:6b4550eafa04,51.92227,4.50224,False,False,bicycle,electric_assist
2026-05-14T01:22:21Z,lime,lime:d1098ab3c8a2,51.92228,4.47115,False,False,bicycle,electric_assist
2026-05-14T01:22:21Z,lime,lime:2bf47302f229,51.92182,4.46052,False,False,bicycle,electric_assist
2026-05-14T01:22:21Z,lime,lime:8304a6f778bc,51.91062,4.49156,False,False,bicycle,electric_assist
2026-05-14T01:22:21Z,lime,lime:68e56c28a2ff,51.90732,4.40227,False,False,bicycle,electric_assist
2026-05-14T01:22:21Z,lime,lime:d600ecb66bf4,51.92284,4.46955,False,False,bicycle,electric_assist
2026-05-14T01:22:21Z,lime,lime:63a868c2ee83,51.92743,4.38038,False,False,bicycle,electric_assist
2026-05-14T01:22:21Z,lime,lime:ef1fbf09f05f,51.91597,4.47843,False,False,bicycle,electric_assist
2026-05-14T01:22:21Z,lime,lime:ac5055be1861,51.91745,4.51169,False,False,bicycle,electric_assist
2026-05-14T01:22:21Z,lime,lime:07b4f23b35bb,51.92225,4.50228,False,False,bicycle,electric_assist
2026-05-14T01:22:21Z,lime,lime:c8ecf8a2e4ea,51.92039,4.51132,False,False,bicycle,electric_assist
2026-05-14T01:22:21Z,lime,lime:12da3b6743fa,51.91813,4.47195,False,False,bicycle,electric_assist
2026-05-14T01:22:21Z,lime,lime:cc94d5ad6b96,51.92228,4.47147,False,False,bicycle,electric_assist
2026-05-14T01:22:21Z,lime,lime:c5152ec3f9fb,51.93909,4.49587,False,False,bicycle,electric_assist
2026-05-14T01:22:21Z,lime,lime:35f3f00cffd6,51.99711,4.34261,False,False,bicycle,electric_assist
2026-05-14T01:22:21Z,lime,lime:94a83a98912a,51.93952,4.53719,False,False,bicycle,electric_assist
2026-05-14T01:22:21Z,lime,lime:c27e8be7c47c,51.93329,4.50006,False,False,bicycle,electric_assist
2026-05-14T01:22:21Z,lime,lime:096963d28a08,51.92736,4.44054,False,False,bicycle,electric_assist
2026-05-14T01:22:21Z,lime,lime:6e30402eab99,51.9415,4.48136,False,False,bicycle,electric_assist
2026-05-14T01:22:21Z,lime,lime:04335877d93b,51.87357,4.48395,False,False,bicycle,electric_assist
2026-05-14T01:22:21Z,lime,lime:37f1559f6c96,51.94188,4.54645,False,False,bicycle,electric_assist
2026-05-14T01:22:21Z,lime,lime:db4aa855fe5f,51.91152,4.47853,False,False,bicycle,electric_assist
2026-05-14T01:22:21Z,lime,lime:1bc83678258b,51.94154,4.48134,False,False,bicycle,electric_assist
2026-05-14T01:22:21Z,lime,lime:3a1ebca938e2,51.89562,4.50645,False,False,bicycle,electric_assist
2026-05-14T01:22:21Z,lime,lime:a7530fc2dac4,51.98427,4.37787,False,False,bicycle,electric_assist
2026-05-14T01:22:21Z,lime,lime:e752c809a15f,51.88753,4.46556,False,False,bicycle,electric_assist
2026-05-14T01:22:21Z,lime,lime:9771dfe4909b,51.92523,4.4742,False,False,bicycle,electric_assist
2026-05-14T01:22:21Z,lime,lime:0d11d37e9a4f,51.90655,4.45711,False,False,bicycle,electric_assist
2026-05-14T01:22:21Z,lime,lime:ddde10b0ee63,51.91866,4.51151,False,False,bicycle,electric_assist
2026-05-14T01:22:21Z,lime,lime:1ee77f5eda26,51.91785,4.51805,False,False,bicycle,electric_assist
2026-05-14T01:22:21Z,lime,lime:8373eebaa7c8,51.88268,4.52115,False,False,bicycle,electric_assist
2026-05-14T01:22:21Z,lime,lime:9f195e3cc1e4,51.95389,4.46824,False,False,bicycle,electric_assist
2026-05-14T01:22:21Z,lime,lime:b2e5affc155c,51.90499,4.44015,False,False,bicycle,electric_assist
2026-05-14T01:22:21Z,lime,lime:01de05a2fdd6,51.93783,4.50161,False,False,bicycle,electric_assist
2026-05-14T01:22:21Z,lime,lime:cbf73766796b,51.91883,4.52787,False,False,bicycle,electric_assist
2026-05-14T01:22:21Z,lime,lime:668f9622f13d,51.98206,4.34477,False,False,bicycle,electric_assist
2026-05-14T01:22:21Z,lime,lime:0107940894aa,51.91337,4.48547,False,False,bicycle,electric_assist
2026-05-14T01:22:21Z,lime,lime:a47c7d6f892c,51.94246,4.53789,False,False,bicycle,electric_assist
2026-05-14T01:22:21Z,lime,lime:93a9bac42dba,51.90553,4.50961,False,False,bicycle,electric_assist
2026-05-14T01:22:21Z,lime,lime:55ecb97f001d,51.88986,4.48366,False,False,bicycle,electric_assist
2026-05-14T01:22:21Z,lime,lime:cd71006cb502,51.93046,4.45837,False,False,bicycle,electric_assist
2026-05-14T01:22:21Z,lime,lime:e46499ea9f2b,51.92521,4.47407,False,False,bicycle,electric_assist
2026-05-14T01:22:21Z,lime,lime:dea71c59ed94,51.93647,4.47104,False,False,bicycle,electric_assist
2026-05-14T01:22:21Z,lime,lime:e0c1ad09b95b,51.92559,4.51749,False,False,bicycle,electric_assist
2026-05-14T01:22:21Z,lime,lime:945f541a7efb,51.92181,4.46058,False,False,bicycle,electric_assist
2026-05-14T01:22:21Z,lime,lime:cc73651e97c4,51.92161,4.51255,False,False,bicycle,electric_assist
2026-05-14T01:22:21Z,lime,lime:dcb02973066f,51.91632,4.5259,False,False,bicycle,electric_assist
2026-05-14T01:22:21Z,lime,lime:e9fea84abd9f,51.92213,4.47092,True,False,bicycle,electric_assist
2026-05-14T01:22:21Z,lime,lime:deb4b1fc958b,51.91649,4.44794,False,False,bicycle,electric_assist
2026-05-14T01:22:21Z,lime,lime:c20bd326072d,51.91453,4.46137,False,False,bicycle,electric_assist
2026-05-14T01:22:21Z,lime,lime:03fd34935f77,51.88911,4.52908,False,False,bicycle,electric_assist
2026-05-14T01:22:21Z,lime,lime:5e06aa04ab81,51.8984,4.47938,False,False,bicycle,electric_assist
2026-05-14T01:22:21Z,lime,lime:6b62832b49a9,51.93634,4.47528,False,False,bicycle,electric_assist
2026-05-14T01:22:21Z,lime,lime:d88f50278437,51.90513,4.45589,False,False,bicycle,electric_assist
2026-05-14T01:22:21Z,lime,lime:1d6f426e608f,51.97914,4.3488,False,False,bicycle,electric_assist
2026-05-14T01:22:21Z,lime,lime:0fa934bcb433,51.93246,4.47157,False,False,bicycle,electric_assist
2026-05-14T01:22:21Z,lime,lime:2e10700ed36d,51.94024,4.48365,False,False,bicycle,electric_assist
2026-05-14T01:22:21Z,lime,lime:f242c75d8727,51.93219,4.48555,False,False,bicycle,electric_assist
2026-05-14T01:22:21Z,lime,lime:3ef098900326,51.93875,4.46752,False,False,bicycle,electric_assist
2026-05-14T01:22:21Z,lime,lime:ae0dac3096d2,51.90749,4.5024,False,False,bicycle,electric_assist
2026-05-14T01:22:21Z,lime,lime:919964add1c5,51.92012,4.44412,False,False,bicycle,electric_assist
2026-05-14T01:22:21Z,lime,lime:8ecfa3048f81,51.91424,4.49611,False,False,bicycle,electric_assist
2026-05-14T01:22:21Z,lime,lime:d25b0720958f,51.91844,4.4837,False,False,bicycle,electric_assist
2026-05-14T01:22:21Z,lime,lime:43afc93d6881,51.9306,4.49004,False,False,bicycle,electric_assist
2026-05-14T01:22:21Z,lime,lime:b0d86391bb9c,51.9046,4.45197,False,False,bicycle,electric_assist
2026-05-14T01:22:21Z,lime,lime:38839877faf4,51.89693,4.50401,False,False,bicycle,electric_assist
2026-05-14T01:22:21Z,lime,lime:a11b550fde57,51.89134,4.46039,False,False,bicycle,electric_assist
2026-05-14T01:22:21Z,lime,lime:70d56fc5b94e,51.89386,4.52696,False,False,bicycle,electric_assist
2026-05-14T01:22:21Z,lime,lime:bf7ed200efba,51.91768,4.51884,False,False,bicycle,electric_assist
2026-05-14T01:22:21Z,lime,lime:f42589fef84a,51.98724,4.35991,False,False,bicycle,electric_assist
2026-05-14T01:22:21Z,lime,lime:833dd73680eb,51.93312,4.4973,False,False,bicycle,electric_assist
2026-05-14T01:22:21Z,lime,lime:b453b4caa68e,51.91102,4.50433,False,False,bicycle,electric_assist
2026-05-14T01:22:21Z,lime,lime:5d38f56897bd,51.91234,4.45506,False,False,bicycle,electric_assist
2026-05-14T01:22:21Z,lime,lime:6ae65e32441d,51.9141,4.42244,False,False,bicycle,electric_assist
2026-05-14T01:22:21Z,lime,lime:ffeff8732378,51.93103,4.49462,False,False,bicycle,electric_assist
2026-05-14T01:22:21Z,lime,lime:fc3f293b3c6f,51.89922,4.4846,False,False,bicycle,electric_assist
2026-05-14T01:22:21Z,lime,lime:9aafe3d85b4b,51.94436,4.5604,False,False,bicycle,electric_assist
2026-05-14T01:22:21Z,lime,lime:978523fd698c,51.91232,4.45517,False,False,bicycle,electric_assist
2026-05-14T01:22:21Z,lime,lime:3945232a0d9f,51.9161,4.45416,False,False,bicycle,electric_assist
2026-05-14T01:22:21Z,lime,lime:57bc3f36ac9f,51.92434,4.47265,False,False,bicycle,electric_assist
2026-05-14T01:22:21Z,lime,lime:e22cdf033592,51.92541,4.50878,False,False,bicycle,electric_assist
2026-05-14T01:22:21Z,lime,lime:5459b9056ec4,51.87426,4.52314,False,False,bicycle,electric_assist
2026-05-14T01:22:21Z,lime,lime:c0e4e8d93b1a,51.92742,4.38013,False,False,bicycle,electric_assist
2026-05-14T01:22:21Z,lime,lime:db8775d76bda,51.88623,4.5493,False,False,bicycle,electric_assist
2026-05-14T01:22:21Z,lime,lime:38c8a98b1936,51.90898,4.49853,False,False,bicycle,electric_assist
2026-05-14T01:22:21Z,lime,lime:b6c54347f8d2,51.95975,4.54596,False,False,bicycle,electric_assist
2026-05-14T01:22:21Z,lime,lime:51419ba44573,51.91831,4.48386,False,False,bicycle,electric_assist
2026-05-14T01:22:21Z,lime,lime:a20dd403c67d,51.92749,4.44011,False,False,bicycle,electric_assist
2026-05-14T01:22:21Z,lime,lime:c2cb0da746b1,51.93245,4.4715,False,False,bicycle,electric_assist
2026-05-14T01:22:21Z,lime,lime:052c2092b023,51.93537,4.46192,False,False,bicycle,electric_assist
2026-05-14T01:22:21Z,lime,lime:b0880dabe774,51.91566,4.48784,False,False,bicycle,electric_assist
2026-05-14T01:22:21Z,lime,lime:66c5d7b3682c,51.95624,4.48989,False,False,bicycle,electric_assist
2026-05-14T01:22:21Z,lime,lime:64068d601737,51.90376,4.46346,False,False,bicycle,electric_assist
2026-05-14T01:22:21Z,lime,lime:e5cef12ab70b,51.90295,4.51142,False,False,bicycle,electric_assist
2026-05-14T01:22:21Z,lime,lime:f5b05d3db123,51.92003,4.45209,False,False,bicycle,electric_assist
2026-05-14T01:22:21Z,lime,lime:b14959ab55fa,51.91985,4.37083,False,False,bicycle,electric_assist
2026-05-14T01:22:21Z,lime,lime:895ea805de05,51.93522,4.46137,False,False,bicycle,electric_assist
2026-05-14T01:22:21Z,lime,lime:71ee62fcc127,51.91476,4.43587,False,False,bicycle,electric_assist
2026-05-14T01:22:21Z,lime,lime:a05f79dcbd43,51.93857,4.47954,False,False,bicycle,electric_assist
2026-05-14T01:22:21Z,lime,lime:12e8d1223917,51.9116,4.47858,False,False,bicycle,electric_assist
2026-05-14T01:22:21Z,lime,lime:69d51c586f60,51.90559,4.46283,False,False,bicycle,electric_assist
2026-05-14T01:22:21Z,lime,lime:f4606c794f89,51.90499,4.4401,False,False,bicycle,electric_assist
2026-05-14T01:22:21Z,lime,lime:b3b4ffe745e8,51.92821,4.41929,False,False,bicycle,electric_assist
2026-05-14T01:22:21Z,lime,lime:d644473ac285,51.92944,4.47648,False,False,bicycle,electric_assist
2026-05-14T01:22:21Z,lime,lime:32a2dd33e10b,51.93265,4.45594,False,False,bicycle,electric_assist
2026-05-14T01:22:21Z,lime,lime:fc048155d1e8,51.91784,4.51808,False,False,bicycle,electric_assist
2026-05-14T01:22:21Z,lime,lime:758e394ad1c7,51.91121,4.49216,False,False,bicycle,electric_assist
2026-05-14T01:22:21Z,lime,lime:8a8e94bb17a0,51.91629,4.5258,False,False,bicycle,electric_assist
2026-05-14T01:22:21Z,lime,lime:d49cfaf60ccf,51.92145,4.53178,False,False,bicycle,electric_assist
2026-05-14T01:22:21Z,lime,lime:dc9145847dcd,51.87492,4.46795,False,False,bicycle,electric_assist
2026-05-14T01:22:21Z,lime,lime:75b955e3ad7c,51.90856,4.48173,False,False,bicycle,electric_assist
2026-05-14T01:22:21Z,lime,lime:14384dfc4eac,51.93659,4.46598,False,False,bicycle,electric_assist
2026-05-14T01:22:21Z,lime,lime:427b0b0e2d8b,51.89387,4.5095,False,False,bicycle,electric_assist
2026-05-14T01:22:21Z,lime,lime:c8185142e667,51.92145,4.39481,False,False,bicycle,electric_assist
2026-05-14T01:22:21Z,lime,lime:c3e456e609f1,51.93267,4.50605,False,False,bicycle,electric_assist
2026-05-14T01:22:21Z,lime,lime:a1fd1c5b162a,51.93345,4.44297,False,False,bicycle,electric_assist
2026-05-14T01:22:21Z,lime,lime:5fbb3c9bf1e5,51.9062,4.45689,False,False,bicycle,electric_assist
2026-05-14T01:22:21Z,lime,lime:492832579c14,51.91913,4.41823,False,False,bicycle,electric_assist
2026-05-14T01:22:21Z,lime,lime:680929e5ae74,51.93338,4.53478,False,False,bicycle,electric_assist
2026-05-14T01:22:21Z,lime,lime:bbad08e4c10f,51.94421,4.4713,False,False,bicycle,electric_assist
2026-05-14T01:22:21Z,lime,lime:6d3fe507355c,51.91558,4.44112,False,False,bicycle,electric_assist
2026-05-14T01:22:21Z,lime,lime:5ffa93e1eb59,51.9192,4.44008,False,False,bicycle,electric_assist
2026-05-14T01:22:21Z,lime,lime:97fda8ed6086,51.98773,4.36089,False,False,bicycle,electric_assist
2026-05-14T01:22:21Z,lime,lime:b01a6211a110,51.93134,4.49917,False,False,bicycle,electric_assist
2026-05-14T01:22:21Z,lime,lime:56a06ae335e1,51.92163,4.5071,False,False,bicycle,electric_assist
2026-05-14T01:22:21Z,lime,lime:980d35da58c4,51.93147,4.46156,False,False,bicycle,electric_assist
2026-05-14T01:22:21Z,lime,lime:0d231c3700b8,51.90619,4.51386,False,False,bicycle,electric_assist
2026-05-14T01:22:21Z,lime,lime:8715c93486db,51.93707,4.46833,False,False,bicycle,electric_assist
2026-05-14T01:22:21Z,lime,lime:d20f13f48d31,51.89332,4.51628,False,False,bicycle,electric_assist
2026-05-14T01:22:21Z,lime,lime:2a677f6cccbe,51.93788,4.50173,False,False,bicycle,electric_assist
2026-05-14T01:22:21Z,lime,lime:53614fdb0f60,51.92699,4.51835,False,False,bicycle,electric_assist
2026-05-14T01:22:21Z,lime,lime:4a9d2c01124f,51.88894,4.47727,False,False,bicycle,electric_assist
2026-05-14T01:22:21Z,lime,lime:24085c0afa48,51.92664,4.45827,False,False,bicycle,electric_assist
2026-05-14T01:22:21Z,lime,lime:52d3256f4fc5,51.91642,4.45168,False,False,bicycle,electric_assist
2026-05-14T01:22:21Z,lime,lime:68aa49b5ded3,51.90224,4.49613,False,False,bicycle,electric_assist
2026-05-14T01:22:21Z,lime,lime:fcc1717d9154,51.91625,4.46922,False,False,bicycle,electric_assist
2026-05-14T01:22:21Z,lime,lime:f4252eaf816c,51.96043,4.53528,False,False,bicycle,electric_assist
2026-05-14T01:22:21Z,lime,lime:c959ce62eb8c,51.93549,4.49133,False,False,bicycle,electric_assist
2026-05-14T01:22:21Z,lime,lime:34d2097e3b08,51.94624,4.48615,False,False,bicycle,electric_assist
2026-05-14T01:22:21Z,lime,lime:39db3e64494b,51.90635,4.46,False,False,bicycle,electric_assist
2026-05-14T01:22:21Z,lime,lime:ef7cd95ebbb3,51.91114,4.48184,False,False,bicycle,electric_assist
2026-05-14T01:22:21Z,lime,lime:698add38612b,51.91596,4.48699,False,False,bicycle,electric_assist
2026-05-14T01:22:21Z,lime,lime:8df575d2be63,51.90153,4.50498,False,False,bicycle,electric_assist
2026-05-14T01:22:21Z,lime,lime:30e1f03fefd9,51.93324,4.46674,False,False,bicycle,electric_assist
2026-05-14T01:22:21Z,check,check:8f0e3d0675a1,51.917744,4.438239,False,False,bicycle,electric_assist
2026-05-14T01:22:21Z,check,check:8e2166444fda,51.886451,4.549292,False,False,bicycle,electric_assist
2026-05-14T01:22:21Z,check,check:faf46701214b,51.94122,4.549256,False,False,bicycle,electric_assist
2026-05-14T01:22:21Z,check,check:cb21492bf64c,51.892546,4.473379,False,False,bicycle,electric_assist
2026-05-14T01:22:21Z,check,check:e5c4be5a6655,51.925925,4.486486,False,False,bicycle,electric_assist
2026-05-14T01:22:21Z,check,check:73c66ecab6fc,51.910223,4.424704,False,True,bicycle,electric_assist
2026-05-14T01:22:21Z,check,check:f6be8718a2ca,51.916986,4.465191,False,False,bicycle,electric_assist
2026-05-14T01:22:21Z,check,check:30f43924e64c,51.939433,4.542411,False,False,bicycle,electric_assist
2026-05-14T01:22:21Z,check,check:87839ed4e7b5,51.906722,4.492131,False,False,bicycle,electric_assist
2026-05-14T01:22:21Z,check,check:65bc35593646,51.910091,4.473773,False,False,bicycle,electric_assist
2026-05-14T01:22:21Z,check,check:8aab5349ff75,51.909304,4.523505,False,False,bicycle,electric_assist
2026-05-14T01:22:21Z,check,check:dba04d2b4b48,51.942496,4.537859,False,False,bicycle,electric_assist
2026-05-14T01:22:21Z,check,check:803772e04168,51.918563,4.511035,False,False,bicycle,electric_assist
2026-05-14T01:22:21Z,check,check:a94296be085d,51.907169,4.448083,False,False,bicycle,electric_assist
2026-05-14T01:22:21Z,check,check:b25662712fbc,51.927728,4.486771,False,False,bicycle,electric_assist
2026-05-14T01:22:21Z,check,check:6b19f49de7ee,51.907906,4.522734,False,False,bicycle,electric_assist
2026-05-14T01:22:21Z,check,check:17d7ffc30760,51.913686,4.460107,False,False,bicycle,electric_assist
2026-05-14T01:22:21Z,check,check:0d8130e125e1,51.945212,4.542386,False,False,bicycle,electric_assist
2026-05-14T01:22:21Z,check,check:52413dc7f411,51.91554,4.476735,False,True,bicycle,electric_assist
2026-05-14T01:22:21Z,check,check:13c026159d4f,51.887001,4.521329,False,False,bicycle,electric_assist
2026-05-14T01:22:21Z,check,check:bc5e78c8a090,51.937749,4.471467,False,False,bicycle,electric_assist
2026-05-14T01:22:21Z,check,check:5413c086be07,51.878321,4.448575,False,False,bicycle,electric_assist
2026-05-14T01:22:21Z,check,check:17326c5a70c7,51.919151,4.512786,False,False,bicycle,electric_assist
2026-05-14T01:22:21Z,check,check:d8032714a142,51.911921,4.509212,False,False,bicycle,electric_assist
2026-05-14T01:22:21Z,check,check:7adb1edf2998,51.922268,4.471425,False,False,bicycle,electric_assist
2026-05-14T01:22:21Z,check,check:d492ab3d5cc6,51.899517,4.510613,False,False,bicycle,electric_assist
2026-05-14T01:22:21Z,check,check:a9b4316cc89b,51.920748,4.511556,False,False,bicycle,electric_assist
2026-05-14T01:22:21Z,check,check:4c0b23d0fcbe,51.910862,4.553454,False,False,bicycle,electric_assist
2026-05-14T01:22:21Z,check,check:1487aa93bae1,51.965208,4.469343,False,False,bicycle,electric_assist
2026-05-14T01:22:21Z,check,check:67c7bbfe8756,51.90561,4.509564,False,False,bicycle,electric_assist
2026-05-14T01:22:21Z,check,check:d1cc179963dc,51.90949,4.523384,False,False,bicycle,electric_assist
2026-05-14T01:22:21Z,check,check:b6ee7e5c2489,51.874563,4.491959,False,False,bicycle,electric_assist
2026-05-14T01:22:21Z,check,check:c59ccafe450c,51.870174,4.498459,False,False,bicycle,electric_assist
2026-05-14T01:22:21Z,check,check:8179878af642,51.927466,4.440216,False,False,bicycle,electric_assist
2026-05-14T01:22:21Z,check,check:a70dfb4323c9,51.87112,4.465642,False,False,bicycle,electric_assist
2026-05-14T01:22:21Z,check,check:e13901dc15dd,51.949277,4.432608,False,False,bicycle,electric_assist
2026-05-14T01:22:21Z,check,check:62f28576a140,51.930068,4.480349,False,False,bicycle,electric_assist
2026-05-14T01:22:21Z,check,check:311a1432aee1,51.91723,4.523179,False,False,bicycle,electric_assist
2026-05-14T01:22:21Z,check,check:7743f7567fa3,51.964262,4.536545,False,False,bicycle,electric_assist
2026-05-14T01:22:21Z,check,check:22535945c0ed,51.909979,4.424911,False,True,bicycle,electric_assist
2026-05-14T01:22:21Z,check,check:4f8596a4e2fb,51.959661,4.505475,False,False,bicycle,electric_assist
2026-05-14T01:22:21Z,check,check:d47c70ac2418,51.911211,4.481932,False,False,bicycle,electric_assist
2026-05-14T01:22:21Z,check,check:7e451ad37279,51.93111,4.492935,False,False,bicycle,electric_assist
2026-05-14T01:22:21Z,check,check:53f11acc686e,51.90371,4.462944,False,False,bicycle,electric_assist
2026-05-14T01:22:21Z,check,check:6d588db664d7,51.916458,4.432113,False,False,bicycle,electric_assist
2026-05-14T01:22:21Z,check,check:fdf479053c1a,51.901308,4.488354,False,False,bicycle,electric_assist
2026-05-14T01:22:21Z,check,check:f81e44a0184a,51.88647,4.529159,False,False,bicycle,electric_assist
2026-05-14T01:22:21Z,check,check:0ddeac031db1,51.8805,4.530095,False,False,bicycle,electric_assist
2026-05-14T01:22:21Z,check,check:69ab3311fb4d,51.945251,4.555088,False,False,bicycle,electric_assist
2026-05-14T01:22:21Z,check,check:5999e610f27f,51.932812,4.475333,False,False,bicycle,electric_assist
2026-05-14T01:22:21Z,check,check:cb5943754e34,51.890641,4.514299,False,False,bicycle,electric_assist
2026-05-14T01:22:21Z,check,check:3d51e22a13a6,51.921355,4.521199,False,False,bicycle,electric_assist
2026-05-14T01:22:21Z,check,check:a74e7599d36c,51.930605,4.496239,False,False,bicycle,electric_assist
2026-05-14T01:22:21Z,check,check:cdc55f6ea776,51.904512,4.460305,False,False,bicycle,electric_assist
2026-05-14T01:22:21Z,check,check:0f17ffe2b774,51.90927,4.523536,False,False,bicycle,electric_assist
2026-05-14T01:22:21Z,check,check:7c30c476ebfc,51.937855,4.46517,False,False,bicycle,electric_assist
2026-05-14T01:22:21Z,check,check:6414a4b0bfde,51.902873,4.45488,False,False,bicycle,electric_assist
2026-05-14T01:22:21Z,check,check:de648f7df9f9,51.907963,4.519661,False,False,bicycle,electric_assist
2026-05-14T01:22:21Z,check,check:ae5eb9eb3385,51.935648,4.476116,False,False,bicycle,electric_assist
2026-05-14T01:22:21Z,check,check:854437c7af27,51.927761,4.470494,False,False,bicycle,electric_assist
2026-05-14T01:22:21Z,check,check:8ed6e4e902e7,51.948958,4.556072,False,False,bicycle,electric_assist
2026-05-14T01:22:21Z,check,check:ae26870b790a,51.917254,4.523039,False,False,bicycle,electric_assist
2026-05-14T01:22:21Z,check,check:333915cdd255,51.933205,4.453795,False,False,bicycle,electric_assist
2026-05-14T01:22:21Z,check,check:e38c9e14fb07,51.921661,4.507134,False,False,bicycle,electric_assist
2026-05-14T01:22:21Z,check,check:3b88f12e512a,51.917403,4.420499,False,False,bicycle,electric_assist
2026-05-14T01:22:21Z,check,check:7ddc0a2d3d38,51.922328,4.383402,False,False,bicycle,electric_assist
2026-05-14T01:22:21Z,check,check:52cb1afd51e0,51.891187,4.469239,False,False,bicycle,electric_assist
2026-05-14T01:22:21Z,check,check:1099374d93d1,51.908725,4.406177,False,False,bicycle,electric_assist
2026-05-14T01:22:21Z,check,check:b26b499853fa,51.901817,4.501804,False,False,bicycle,electric_assist
2026-05-14T01:22:21Z,check,check:841516d47362,51.888142,4.460896,False,False,bicycle,electric_assist
2026-05-14T01:22:21Z,check,check:562d9a366245,51.872793,4.463887,False,False,bicycle,electric_assist
2026-05-14T01:22:21Z,check,check:0505d713b43d,51.922673,4.497612,False,False,bicycle,electric_assist
2026-05-14T01:22:21Z,check,check:b669578d094f,51.871295,4.477677,False,False,bicycle,electric_assist
2026-05-14T01:22:21Z,check,check:abf915a0a473,51.931796,4.564111,False,False,bicycle,electric_assist
2026-05-14T01:22:21Z,check,check:e10e650ff21b,51.912155,4.43125,False,False,bicycle,electric_assist
2026-05-14T01:22:21Z,check,check:e18ab71f900d,51.908605,4.481793,False,False,bicycle,electric_assist
2026-05-14T01:22:21Z,check,check:eb90d0ab024f,51.945284,4.55505,False,False,bicycle,electric_assist
2026-05-14T01:22:21Z,check,check:d907650fa73b,51.917794,4.396277,False,False,bicycle,electric_assist
2026-05-14T01:22:21Z,check,check:fc40365c37b4,51.949262,4.43259,False,False,bicycle,electric_assist
2026-05-14T01:22:21Z,check,check:256bc62c2807,51.886265,4.47928,False,False,bicycle,electric_assist
2026-05-14T01:22:21Z,check,check:ceb102a306f6,51.927285,4.504003,False,False,bicycle,electric_assist
2026-05-14T01:22:21Z,check,check:98d74446f352,51.895603,4.506421,False,False,bicycle,electric_assist
2026-05-14T01:22:21Z,check,check:67194bacbf8c,51.910629,4.440012,False,False,bicycle,electric_assist
2026-05-14T01:22:21Z,check,check:2942f8bf3a6f,51.890421,4.493842,False,False,bicycle,electric_assist
2026-05-14T01:22:21Z,check,check:14e137fd8dcd,51.916494,4.432112,False,False,bicycle,electric_assist
2026-05-14T01:22:21Z,check,check:acf13c130aca,51.918081,4.441399,False,False,bicycle,electric_assist
2026-05-14T01:22:21Z,check,check:3d33118ee2d2,51.920115,4.510909,False,False,bicycle,electric_assist
2026-05-14T01:22:21Z,check,check:a75214c6b433,51.890585,4.46733,False,False,bicycle,electric_assist
2026-05-14T01:22:21Z,check,check:19dd85e611bd,51.918874,4.472504,False,False,bicycle,electric_assist
2026-05-14T01:22:21Z,check,check:8be2b14e92ae,51.965133,4.469296,False,False,bicycle,electric_assist
2026-05-14T01:22:21Z,check,check:0708ce24db44,51.94829,4.566534,False,False,bicycle,electric_assist
2026-05-14T01:22:21Z,check,check:290f7f2d34b0,51.943955,4.541921,False,False,bicycle,electric_assist
2026-05-14T01:22:21Z,check,check:0ee8ab887e75,51.966844,4.466649,False,False,bicycle,electric_assist
2026-05-14T01:22:21Z,check,check:6356322c2c30,51.933787,4.482835,False,False,bicycle,electric_assist
2026-05-14T01:22:21Z,check,check:7f5c7dd5f392,51.939007,4.495825,False,False,bicycle,electric_assist
2026-05-14T01:22:21Z,check,check:ba5f63013ac1,51.878524,4.536545,False,False,bicycle,electric_assist
2026-05-14T01:22:21Z,check,check:a9748a2d6fa8,51.892577,4.49036,False,False,bicycle,electric_assist
2026-05-14T01:22:21Z,check,check:c605311f4aa9,51.882654,4.521172,False,False,bicycle,electric_assist
2026-05-14T01:22:21Z,check,check:f7f8c41b9579,51.91856,4.471775,False,False,bicycle,electric_assist
2026-05-14T01:22:21Z,check,check:6e7391a787d3,51.888203,4.460866,False,False,bicycle,electric_assist
2026-05-14T01:22:21Z,check,check:354590507c6a,51.876153,4.493549,False,False,bicycle,electric_assist
2026-05-14T01:22:21Z,check,check:1a4cd57fd61a,51.942693,4.427172,False,False,bicycle,electric_assist
2026-05-14T01:22:21Z,check,check:518156fb9861,51.909761,4.464209,False,False,bicycle,electric_assist
2026-05-14T01:22:21Z,check,check:df6250981203,51.946416,4.481167,False,False,bicycle,electric_assist
2026-05-14T01:22:21Z,check,check:244e878d9106,51.927185,4.518508,False,False,bicycle,electric_assist
2026-05-14T01:22:21Z,check,check:37d2679785e2,51.917222,4.477933,False,False,bicycle,electric_assist
2026-05-14T01:22:21Z,check,check:6dbfe45bcdf9,51.956066,4.520339,False,False,bicycle,electric_assist
2026-05-14T01:22:21Z,check,check:7f3996505a36,51.921637,4.512727,False,False,bicycle,electric_assist
2026-05-14T01:22:21Z,check,check:ed8a0521fe42,51.928219,4.499862,False,False,bicycle,electric_assist
2026-05-14T01:22:21Z,check,check:7461933ca1af,51.909512,4.464148,False,False,bicycle,electric_assist
2026-05-14T01:22:21Z,check,check:c651f55c1122,51.942347,4.553727,False,False,bicycle,electric_assist
2026-05-14T01:22:21Z,check,check:f173a4ef8e7d,51.927401,4.486943,False,False,bicycle,electric_assist
2026-05-14T01:22:21Z,check,check:f45c3dd6c276,51.945879,4.534351,False,False,bicycle,electric_assist
2026-05-14T01:22:21Z,check,check:93cf4a1bc8c8,51.910545,4.475161,False,False,bicycle,electric_assist
2026-05-14T01:22:21Z,check,check:e8cc9e6d3048,51.91292,4.511465,False,False,bicycle,electric_assist
2026-05-14T01:22:21Z,check,check:f59cb1ddf4cd,51.912656,4.392873,False,False,bicycle,electric_assist
2026-05-14T01:22:21Z,check,check:024ac50f58c9,51.874285,4.523117,False,False,bicycle,electric_assist
2026-05-14T01:22:21Z,check,check:c2beb1a5446c,51.893053,4.539193,False,False,bicycle,electric_assist
2026-05-14T01:22:21Z,check,check:0e25e64c5853,51.892775,4.508337,False,False,bicycle,electric_assist
2026-05-14T01:22:21Z,check,check:c24a4f2bc107,51.906482,4.50583,False,False,bicycle,electric_assist
2026-05-14T01:22:21Z,check,check:1b4f41c43510,51.928001,4.535959,False,False,bicycle,electric_assist
2026-05-14T01:22:21Z,check,check:59b0d9c74182,51.928572,4.541902,False,False,bicycle,electric_assist
2026-05-14T01:22:21Z,check,check:c829daec4700,51.931442,4.503483,False,False,bicycle,electric_assist
2026-05-14T01:22:21Z,check,check:b7b882879508,51.886216,4.549269,False,False,bicycle,electric_assist
2026-05-14T01:22:21Z,check,check:3b97b6c26a95,51.902924,4.497891,False,False,bicycle,electric_assist
2026-05-14T01:22:21Z,check,check:7cf61a599a5c,51.91851,4.471801,False,False,bicycle,electric_assist
2026-05-14T01:22:21Z,check,check:1631729b8a47,51.912124,4.504312,False,False,bicycle,electric_assist
2026-05-14T01:22:21Z,check,check:5c3961b3e978,51.950491,4.474408,False,False,bicycle,electric_assist
2026-05-14T01:22:21Z,check,check:e5ad3a64f1cf,51.920957,4.490942,False,False,bicycle,electric_assist
2026-05-14T01:22:21Z,check,check:2791ee600fce,51.911322,4.524674,False,False,bicycle,electric_assist
2026-05-14T01:22:21Z,check,check:1b87ebc371b5,51.942668,4.481381,False,False,bicycle,electric_assist
2026-05-14T01:22:21Z,check,check:b4a4752666cc,51.913201,4.459969,False,False,bicycle,electric_assist
2026-05-14T01:22:21Z,check,check:a0e070dedf5a,51.903956,4.462864,False,False,bicycle,electric_assist
2026-05-14T01:22:21Z,check,check:7173f6585e03,51.914214,4.496206,False,False,bicycle,electric_assist
2026-05-14T01:22:21Z,check,check:ef696c8a371f,51.906681,4.474925,False,False,bicycle,electric_assist
2026-05-14T01:22:21Z,check,check:b256cff84ea4,51.927344,4.44067,False,False,bicycle,electric_assist
2026-05-14T01:22:21Z,check,check:ef608d7e2525,51.89399,4.470105,False,False,bicycle,electric_assist
2026-05-14T01:22:21Z,check,check:dbd330b9e6d0,51.920779,4.505859,False,False,bicycle,electric_assist
2026-05-14T01:22:21Z,check,check:be7515cef15f,51.925481,4.506194,False,False,bicycle,electric_assist
2026-05-14T01:22:21Z,check,check:5805c567dd88,51.934519,4.432506,False,False,bicycle,electric_assist
2026-05-14T01:22:21Z,check,check:2dc531f80c17,51.932439,4.485708,False,False,bicycle,electric_assist
2026-05-14T01:22:21Z,check,check:09e96a3efdeb,51.897857,4.544153,False,False,bicycle,electric_assist
2026-05-14T01:22:21Z,check,check:275e40d0a793,51.910795,4.451509,False,False,bicycle,electric_assist
2026-05-14T01:22:21Z,check,check:7ae06d092416,51.88622,4.549317,False,False,bicycle,electric_assist
2026-05-14T01:22:21Z,check,check:96c1cf458fd5,51.923049,4.513262,False,False,bicycle,electric_assist
2026-05-14T01:22:21Z,check,check:37a9c6292050,51.910676,4.489785,False,False,bicycle,electric_assist
2026-05-14T01:22:21Z,check,check:6e5693b70be7,51.875647,4.49338,False,False,bicycle,electric_assist
2026-05-14T01:22:21Z,check,check:be84b9c24d45,51.942634,4.472654,False,False,bicycle,electric_assist
2026-05-14T01:22:21Z,check,check:794869c13f1b,51.921502,4.394768,False,False,bicycle,electric_assist
2026-05-14T01:22:21Z,check,check:b8f874616825,51.927275,4.504024,False,False,bicycle,electric_assist
2026-05-14T01:22:21Z,check,check:55f7d5d56605,51.912224,4.502471,False,False,bicycle,electric_assist
2026-05-14T01:22:21Z,check,check:27909788df4e,51.903449,4.510204,False,False,bicycle,electric_assist
2026-05-14T01:22:21Z,check,check:d7935307970d,51.890834,4.475578,False,False,bicycle,electric_assist
2026-05-14T01:22:21Z,check,check:fd746e88d5fd,51.913164,4.459644,False,False,bicycle,electric_assist
2026-05-14T01:22:21Z,check,check:7de4332523ad,51.935432,4.468416,False,False,bicycle,electric_assist
2026-05-14T01:22:21Z,check,check:27d841e7e82f,51.890218,4.475308,False,False,bicycle,electric_assist
2026-05-14T01:22:21Z,check,check:740e1b1c17e3,51.910264,4.435134,False,False,bicycle,electric_assist
2026-05-14T01:22:21Z,check,check:6177ba592d3f,51.964959,4.49822,False,False,bicycle,electric_assist
2026-05-14T01:22:21Z,check,check:8de94e9b2a09,51.916874,4.441842,False,False,bicycle,electric_assist
2026-05-14T01:22:21Z,check,check:fe95d1a6df21,51.892676,4.489172,False,False,bicycle,electric_assist
2026-05-14T01:22:21Z,check,check:58ec552cd41d,51.889013,4.465567,False,False,bicycle,electric_assist
2026-05-14T01:22:21Z,check,check:48f4d9d9913d,51.945226,4.555076,False,False,bicycle,electric_assist
2026-05-14T01:22:21Z,check,check:6c5f16dc9bbb,51.911224,4.383931,False,False,bicycle,electric_assist
2026-05-14T01:22:21Z,check,check:323a8d5da616,51.9112,4.481937,False,False,bicycle,electric_assist
2026-05-14T01:22:21Z,check,check:0b67c9a6899c,51.92476,4.516988,False,False,bicycle,electric_assist
2026-05-14T01:22:21Z,check,check:6cec84872d18,51.927338,4.44069,False,False,bicycle,electric_assist
2026-05-14T01:22:21Z,check,check:4e49a1c1ecef,51.91924,4.488429,False,False,bicycle,electric_assist
2026-05-14T01:22:21Z,check,check:b6940bcdcb9a,51.90871,4.406074,False,False,bicycle,electric_assist
2026-05-14T01:22:21Z,check,check:3fa4e55d3cbf,51.930107,4.471041,False,False,bicycle,electric_assist
2026-05-14T01:22:21Z,check,check:49f963156db1,51.942777,4.481157,False,False,bicycle,electric_assist
2026-05-14T01:22:21Z,check,check:a145b4ab68b7,51.9172,4.523504,False,False,bicycle,electric_assist
2026-05-14T01:22:21Z,check,check:a9e922985a39,51.916146,4.462912,False,False,bicycle,electric_assist
2026-05-14T01:22:21Z,check,check:8f0bba168925,51.887395,4.497499,False,False,bicycle,electric_assist
2026-05-14T01:22:21Z,check,check:b9402bc3074a,51.909981,4.423377,False,False,bicycle,electric_assist
2026-05-14T01:22:21Z,check,check:7d64bbc2ae14,51.920025,4.514359,False,False,bicycle,electric_assist
2026-05-14T01:22:21Z,check,check:3467e8a3b4bc,51.904037,4.458296,False,False,bicycle,electric_assist
2026-05-14T01:22:21Z,check,check:1f4073d54544,51.917429,4.420514,False,False,bicycle,electric_assist
2026-05-14T01:22:21Z,check,check:d32bf3824db0,51.917395,4.420538,False,False,bicycle,electric_assist
2026-05-14T01:22:21Z,check,check:33ff5cb1d216,51.939952,4.548836,False,False,bicycle,electric_assist
2026-05-14T01:22:21Z,check,check:efefba8e946b,51.922262,4.383353,False,False,bicycle,electric_assist
2026-05-14T01:22:21Z,check,check:0785d015d4f8,51.886379,4.549305,False,False,bicycle,electric_assist
2026-05-14T01:22:21Z,check,check:27072e34136f,51.909957,4.423339,False,False,bicycle,electric_assist
2026-05-14T01:22:21Z,check,check:a775332538cf,51.916185,4.527033,False,True,bicycle,electric_assist
2026-05-14T01:22:21Z,check,check:a2b02b84e08b,51.916212,4.41199,False,True,bicycle,electric_assist
2026-05-14T01:22:21Z,check,check:c23b87606798,51.918546,4.464711,False,False,bicycle,electric_assist
2026-05-14T01:22:21Z,check,check:672fc1168af9,51.920955,4.447268,False,False,bicycle,electric_assist
2026-05-14T01:22:21Z,check,check:4c22a37047b0,51.921317,4.384584,False,False,bicycle,electric_assist
2026-05-14T01:22:21Z,check,check:d143361c596e,51.94244,4.537868,False,False,bicycle,electric_assist
2026-05-14T01:22:21Z,check,check:ff25e1699425,51.929293,4.497012,False,False,bicycle,electric_assist
2026-05-14T01:22:21Z,check,check:861d66afb688,51.892878,4.484261,False,False,bicycle,electric_assist
2026-05-14T01:22:21Z,check,check:b7153abe10ac,51.924394,4.516914,False,False,bicycle,electric_assist
2026-05-14T01:22:21Z,check,check:d9fb18624a08,51.921478,4.394797,False,False,bicycle,electric_assist
2026-05-14T01:22:21Z,check,check:754da30b36b0,51.917224,4.523478,False,False,bicycle,electric_assist
2026-05-14T01:22:21Z,check,check:7dbd7498c94d,51.893101,4.463351,False,False,bicycle,electric_assist
2026-05-14T01:22:21Z,check,check:918b27adf5da,51.922581,4.382596,False,False,bicycle,electric_assist
2026-05-14T01:22:21Z,check,check:43291b5caab1,51.961209,4.505144,False,False,bicycle,electric_assist
2026-05-14T01:22:21Z,check,check:3d9a2763dbda,51.915621,4.500832,False,False,bicycle,electric_assist
2026-05-14T01:22:21Z,check,check:fcbfb172a0a9,51.890976,4.476557,False,False,bicycle,electric_assist
2026-05-14T01:22:21Z,check,check:3e512aeb0041,51.914141,4.507475,False,False,bicycle,electric_assist
2026-05-14T01:22:21Z,check,check:6892cae3a91e,51.892291,4.476771,False,False,bicycle,electric_assist
2026-05-14T01:22:21Z,check,check:3b0e665c6b17,51.920575,4.528512,False,False,bicycle,electric_assist
2026-05-14T01:22:21Z,check,check:d497515155d1,51.901846,4.491289,False,False,bicycle,electric_assist
2026-05-14T01:22:21Z,check,check:a9c077f63af3,51.962691,4.47294,False,False,bicycle,electric_assist
2026-05-14T01:22:21Z,check,check:aa54ff745780,51.916195,4.490201,False,False,bicycle,electric_assist
2026-05-14T01:22:21Z,check,check:2b6355195240,51.915116,4.474436,False,True,bicycle,electric_assist
2026-05-14T01:22:21Z,check,check:a747995075ac,51.908487,4.504932,False,False,bicycle,electric_assist
2026-05-14T01:22:21Z,check,check:840f8332f65b,51.910715,4.553897,False,False,bicycle,electric_assist
2026-05-14T01:22:21Z,check,check:7c31d0e3c0f6,51.91725,4.523204,False,False,bicycle,electric_assist
2026-05-14T01:22:21Z,check,check:c0f7fffdcccf,51.912344,4.398634,False,False,bicycle,electric_assist
2026-05-14T01:22:21Z,check,check:ff171e739af5,51.906524,4.526498,False,False,bicycle,electric_assist
2026-05-14T01:22:21Z,check,check:4eab22bc9428,51.887013,4.52135,False,False,bicycle,electric_assist
2026-05-14T01:22:21Z,check,check:e9d21b97cc1b,51.926717,4.462617,False,False,bicycle,electric_assist
2026-05-14T01:22:21Z,check,check:55d575162066,51.890828,4.472664,False,False,bicycle,electric_assist
2026-05-14T01:22:21Z,check,check:9740c937036e,51.925457,4.508622,False,False,bicycle,electric_assist
2026-05-14T01:22:21Z,check,check:fe88040f1cb4,51.912771,4.447628,False,False,bicycle,electric_assist
2026-05-14T01:22:21Z,check,check:88f398a2f5cf,51.920529,4.469342,False,False,bicycle,electric_assist
2026-05-14T01:22:21Z,check,check:a5703ca7b351,51.920614,4.507772,False,False,bicycle,electric_assist
2026-05-14T01:22:21Z,check,check:151413958e91,51.919148,4.442665,False,False,bicycle,electric_assist
2026-05-14T01:22:21Z,check,check:5ea6d9dfac27,51.927659,4.487573,False,False,bicycle,electric_assist
2026-05-14T01:22:21Z,check,check:2825f79c2f40,51.894395,4.467105,False,False,bicycle,electric_assist
2026-05-14T01:22:21Z,check,check:46951f2f3e86,51.945041,4.482758,False,False,bicycle,electric_assist
2026-05-14T01:22:21Z,check,check:2cfed25f9391,51.907313,4.402241,False,False,bicycle,electric_assist
2026-05-14T01:22:21Z,check,check:84d28714cfd0,51.92184,4.460587,False,False,bicycle,electric_assist
2026-05-14T01:22:21Z,check,check:3087aa34882e,51.878127,4.470604,False,False,bicycle,electric_assist
2026-05-14T01:22:21Z,check,check:9a18d57f1e76,51.968735,4.484723,False,False,bicycle,electric_assist
2026-05-14T01:22:21Z,check,check:a2e86337e950,51.921008,4.559233,False,False,bicycle,electric_assist
2026-05-14T01:22:21Z,check,check:7675c2ac589c,51.949249,4.432562,False,False,bicycle,electric_assist
2026-05-14T01:22:21Z,check,check:b527c9d0940b,51.917315,4.464455,False,False,bicycle,electric_assist
2026-05-14T01:22:21Z,check,check:1751b69c94ec,51.949271,4.432598,False,False,bicycle,electric_assist
2026-05-14T01:22:21Z,check,check:ec0a0657a755,51.928845,4.509866,False,False,bicycle,electric_assist
2026-05-14T01:22:21Z,check,check:43ff65c09a90,51.870254,4.494272,False,False,bicycle,electric_assist
2026-05-14T01:22:21Z,check,check:b6f967f67eb9,51.921492,4.394828,False,False,bicycle,electric_assist
2026-05-14T01:22:21Z,check,check:e0b3723cbb69,51.911711,4.383671,False,False,bicycle,electric_assist
2026-05-14T01:22:21Z,check,check:f4e9cd8fb233,51.919277,4.442485,False,False,bicycle,electric_assist
2026-05-14T01:22:21Z,check,check:3db5aa670857,51.90648,4.446494,False,False,bicycle,electric_assist
2026-05-14T01:22:21Z,check,check:8a0a1c0e0999,51.908155,4.467318,False,True,bicycle,electric_assist
2026-05-14T01:22:21Z,check,check:1b71157ea856,51.912511,4.430477,False,False,bicycle,electric_assist
2026-05-14T01:22:21Z,check,check:b08a8e914013,51.953826,4.520087,False,False,bicycle,electric_assist
2026-05-14T01:22:21Z,check,check:9d018a886215,51.925202,4.474221,False,False,bicycle,electric_assist
2026-05-14T01:22:21Z,check,check:7af3aa2cdfed,51.907911,4.461998,False,False,bicycle,electric_assist
2026-05-14T01:22:21Z,check,check:ee26e89008b3,51.902132,4.51128,False,False,bicycle,electric_assist
2026-05-14T01:22:21Z,check,check:38f2bdc13e3e,51.869974,4.487515,False,False,bicycle,electric_assist
2026-05-14T01:22:21Z,check,check:b9d6cf560f31,51.949281,4.432649,False,False,bicycle,electric_assist
2026-05-14T01:22:21Z,check,check:bafeb3b57856,51.946933,4.473787,False,False,bicycle,electric_assist
2026-05-14T01:22:21Z,check,check:6a295c7daccc,51.920994,4.55928,False,False,bicycle,electric_assist
2026-05-14T01:22:21Z,check,check:a0ccf74f6875,51.919607,4.48642,False,False,bicycle,electric_assist
2026-05-14T01:22:21Z,check,check:666f40b03417,51.874288,4.52319,False,False,bicycle,electric_assist
2026-05-14T01:22:21Z,check,check:0e1ea2adfc7d,51.960762,4.489421,False,False,bicycle,electric_assist
2026-05-14T01:22:21Z,check,check:4175482f1ae4,51.944874,4.541784,False,False,bicycle,electric_assist
2026-05-14T01:22:21Z,check,check:000a84458dfb,51.921715,4.492905,False,False,bicycle,electric_assist
2026-05-14T01:22:21Z,check,check:66b2a8b07390,51.944619,4.482593,False,False,bicycle,electric_assist
2026-05-14T01:22:21Z,check,check:67af94ec2a9b,51.910775,4.553886,False,False,bicycle,electric_assist
2026-05-14T01:22:21Z,check,check:7851ded32019,51.894065,4.527647,False,False,bicycle,electric_assist
2026-05-14T01:22:21Z,check,check:5ae0e0c70a8a,51.921085,4.407623,False,False,bicycle,electric_assist
2026-05-14T01:22:21Z,check,check:72e7d6d5ec78,51.923318,4.512177,False,False,bicycle,electric_assist
2026-05-14T01:22:21Z,check,check:630d09dd6530,51.895368,4.501671,False,False,bicycle,electric_assist
2026-05-14T01:22:21Z,check,check:8110392694ea,51.921002,4.559288,False,False,bicycle,electric_assist
2026-05-14T01:22:21Z,check,check:2bf3c7d1b5d2,51.902405,4.494794,False,False,bicycle,electric_assist
2026-05-14T01:22:21Z,check,check:f484f1f59bd1,51.911272,4.524828,False,False,bicycle,electric_assist
2026-05-14T01:22:21Z,check,check:0bc25e6da003,51.912979,4.467264,False,False,bicycle,electric_assist
2026-05-14T01:22:21Z,check,check:c0a4dcdaecd5,51.920919,4.490953,False,False,bicycle,electric_assist
2026-05-14T01:22:21Z,check,check:4bf09109be28,51.891078,4.487767,False,False,bicycle,electric_assist
2026-05-14T01:22:21Z,check,check:6db8d5ee362b,51.921475,4.510891,False,False,bicycle,electric_assist
2026-05-14T01:22:21Z,check,check:40d9c97987e5,51.892844,4.484159,False,False,bicycle,electric_assist
2026-05-14T01:22:21Z,check,check:97883b2a20e2,51.89302,4.53898,False,False,bicycle,electric_assist
2026-05-14T01:22:21Z,check,check:12035207f9da,51.920001,4.501917,False,False,bicycle,electric_assist
2026-05-14T01:22:21Z,check,check:f0929dd5b616,51.949243,4.432594,False,False,bicycle,electric_assist
2026-05-14T01:22:21Z,check,check:535e5f41bad3,51.911603,4.478547,False,False,bicycle,electric_assist
2026-05-14T01:22:21Z,check,check:33099ee1aefe,51.917232,4.460232,False,False,bicycle,electric_assist
2026-05-14T01:22:21Z,check,check:93da3ef3996c,51.922524,4.50306,False,False,bicycle,electric_assist
2026-05-14T01:22:21Z,check,check:9fe5eb55ad33,51.920073,4.489642,False,False,bicycle,electric_assist
2026-05-14T01:22:21Z,check,check:91fc6d7542f8,51.886261,4.479327,False,False,bicycle,electric_assist
2026-05-14T01:22:21Z,check,check:73d49f2bbd38,51.961211,4.505125,False,False,bicycle,electric_assist
2026-05-14T01:22:21Z,check,check:481b54a7b381,51.919612,4.503779,False,False,bicycle,electric_assist
2026-05-14T01:22:21Z,check,check:13f0be118d15,51.926358,4.515255,False,False,bicycle,electric_assist
2026-05-14T01:22:21Z,check,check:828f8a168e66,51.893582,4.526093,False,False,bicycle,electric_assist
2026-05-14T01:22:21Z,check,check:a3b04e015d76,51.915711,4.430308,False,False,bicycle,electric_assist
2026-05-14T01:22:21Z,check,check:1e0801888b24,51.907136,4.495926,False,False,bicycle,electric_assist
2026-05-14T01:22:21Z,check,check:dbf0501ddd74,51.888954,4.481528,False,False,bicycle,electric_assist
2026-05-14T01:22:21Z,check,check:5caca41245d0,51.909985,4.423376,False,False,bicycle,electric_assist
2026-05-14T01:22:21Z,check,check:241b88893134,51.91902,4.462684,False,False,bicycle,electric_assist
2026-05-14T01:22:21Z,check,check:1184ac4a1322,51.954662,4.473566,False,False,bicycle,electric_assist
2026-05-14T01:22:21Z,check,check:3e42ea030667,51.949259,4.43264,False,False,bicycle,electric_assist
2026-05-14T01:22:21Z,check,check:1745089a9cea,51.949339,4.560211,False,False,bicycle,electric_assist
2026-05-14T01:22:21Z,check,check:c7404dcfd6be,51.916915,4.383536,False,False,bicycle,electric_assist
2026-05-14T01:22:21Z,check,check:69c7ea2b00ce,51.902856,4.454798,False,False,bicycle,electric_assist
2026-05-14T01:22:21Z,check,check:dcfa4a677546,51.908731,4.406139,False,False,bicycle,electric_assist
2026-05-14T01:22:21Z,check,check:61a4b9b6bfa1,51.928374,4.535718,False,False,bicycle,electric_assist
2026-05-14T01:22:21Z,check,check:a55e505556d0,51.910159,4.522902,False,False,bicycle,electric_assist
2026-05-14T01:22:21Z,check,check:1883cc635d8a,51.929231,4.455868,False,False,bicycle,electric_assist
2026-05-14T01:22:21Z,check,check:50e86f4c8cb8,51.917412,4.42034,False,False,bicycle,electric_assist
2026-05-14T01:22:21Z,check,check:04c65a88fc0d,51.882672,4.521168,False,False,bicycle,electric_assist
2026-05-14T01:22:21Z,check,check:e2123ff3cd6f,51.924475,4.499031,False,False,bicycle,electric_assist
2026-05-14T01:22:21Z,check,check:2a4c7998659d,51.932111,4.427971,False,False,bicycle,electric_assist
2026-05-14T01:22:21Z,check,check:03525a3a8eb7,51.90376,4.504596,False,False,bicycle,electric_assist
2026-05-14T01:22:21Z,check,check:abfa00fc4d4b,51.928019,4.547482,False,False,bicycle,electric_assist
2026-05-14T01:22:21Z,check,check:5378b8b09329,51.91725,4.523138,False,False,bicycle,electric_assist
2026-05-14T01:22:21Z,check,check:046c0ad3f61c,51.931164,4.486013,False,False,bicycle,electric_assist
2026-05-14T01:22:21Z,check,check:2d10567b12c6,51.932143,4.501275,False,False,bicycle,electric_assist
2026-05-14T01:22:21Z,check,check:f2c07da4e670,51.90639,4.47475,False,False,bicycle,electric_assist
2026-05-14T01:22:21Z,check,check:d1148f7f116f,51.915496,4.430471,False,False,bicycle,electric_assist
2026-05-14T01:22:21Z,check,check:cababd6da60d,51.92853,4.541593,False,False,bicycle,electric_assist
2026-05-14T01:22:21Z,check,check:6ff8dc18e642,51.917547,4.485047,False,False,bicycle,electric_assist
2026-05-14T01:22:21Z,check,check:041e0e1845b8,51.949279,4.432604,False,False,bicycle,electric_assist
2026-05-14T01:22:21Z,check,check:159b77443fd9,51.922387,4.471416,False,False,bicycle,electric_assist
2026-05-14T01:22:21Z,check,check:9d65faf2a5a1,51.961123,4.535403,False,False,bicycle,electric_assist
2026-05-14T01:22:21Z,check,check:5b5757dd1368,51.910216,4.424719,False,True,bicycle,electric_assist
2026-05-14T01:22:21Z,check,check:2f363c6d8774,51.920947,4.559159,False,False,bicycle,electric_assist
2026-05-14T01:22:21Z,check,check:89699a4bb8fe,51.952598,4.473558,False,False,bicycle,electric_assist
2026-05-14T01:22:21Z,check,check:821a0da0be83,51.955101,4.493831,False,False,bicycle,electric_assist
2026-05-14T01:22:21Z,check,check:498e57123334,51.890843,4.476734,False,False,bicycle,electric_assist
2026-05-14T01:22:21Z,check,check:f35c0e570057,51.894368,4.487417,False,False,bicycle,electric_assist
2026-05-14T01:22:21Z,check,check:854e786ffa7b,51.927989,4.535929,False,False,bicycle,electric_assist
2026-05-14T01:22:21Z,check,check:1474ea342b7b,51.949937,4.555351,False,False,bicycle,electric_assist
2026-05-14T01:22:21Z,check,check:68177b27bfd9,51.880438,4.530123,False,False,bicycle,electric_assist
2026-05-14T01:22:21Z,check,check:6a2bc2223ef0,51.916272,4.411991,False,False,bicycle,electric_assist
2026-05-14T01:22:21Z,check,check:06fb9848228a,51.90598,4.444617,False,False,bicycle,electric_assist
2026-05-14T01:22:21Z,check,check:1a734481996c,51.916592,4.451036,False,False,bicycle,electric_assist
2026-05-14T01:22:21Z,check,check:f4b1425cc3de,51.913562,4.485081,False,False,bicycle,electric_assist
2026-05-14T01:22:21Z,check,check:7aa5ed7591cf,51.911044,4.501355,False,False,bicycle,electric_assist
2026-05-14T01:22:21Z,check,check:e80ece1a0753,51.916219,4.490145,False,False,bicycle,electric_assist
2026-05-14T01:22:21Z,check,check:405e70862fe3,51.925467,4.513649,False,False,bicycle,electric_assist
2026-05-14T01:22:21Z,check,check:5bdcff0dc72b,51.915887,4.499985,False,False,bicycle,electric_assist
2026-05-14T01:22:21Z,check,check:0c31820dc593,51.942468,4.537822,False,False,bicycle,electric_assist
2026-05-14T01:22:21Z,check,check:51c9eb772c72,51.923992,4.488467,False,False,bicycle,electric_assist
2026-05-14T01:22:21Z,check,check:cd79b81c27b3,51.926276,4.51792,False,False,bicycle,electric_assist
2026-05-14T01:22:21Z,check,check:96afed24d082,51.94068,4.556919,False,False,bicycle,electric_assist
2026-05-14T01:22:21Z,check,check:fe4241a2864c,51.922489,4.506447,False,False,bicycle,electric_assist
2026-05-14T01:22:21Z,check,check:753ff2bfc28d,51.955089,4.493847,False,False,bicycle,electric_assist
2026-05-14T01:22:21Z,check,check:81dda90ab547,51.892322,4.530815,False,False,bicycle,electric_assist
2026-05-14T01:22:21Z,check,check:16360a583178,51.966036,4.470566,False,False,bicycle,electric_assist
2026-05-14T01:22:21Z,check,check:870701d05899,51.917014,4.441019,False,False,bicycle,electric_assist
2026-05-14T01:22:21Z,check,check:4dac669d46b5,51.871883,4.490567,False,False,bicycle,electric_assist
2026-05-14T01:22:21Z,check,check:4113ca812cc9,51.912886,4.458427,False,False,bicycle,electric_assist
2026-05-14T01:22:21Z,check,check:98c7cb2f538d,51.890735,4.493928,False,False,bicycle,electric_assist
2026-05-14T01:22:21Z,check,check:c9bc142e432f,51.902305,4.496117,False,False,bicycle,electric_assist
2026-05-14T01:22:21Z,check,check:68d18206f210,51.941732,4.474457,False,False,bicycle,electric_assist
2026-05-14T01:22:21Z,check,check:c11e023a187f,51.903998,4.484925,False,False,bicycle,electric_assist
2026-05-14T01:22:21Z,check,check:adc15a779382,51.921827,4.558642,False,False,bicycle,electric_assist
2026-05-14T01:22:21Z,check,check:22a46f363c9b,51.920737,4.510414,False,True,bicycle,electric_assist
2026-05-14T01:22:21Z,check,check:2892379f4295,51.906906,4.38565,False,False,bicycle,electric_assist
2026-05-14T01:22:21Z,check,check:115c5c5809eb,51.917404,4.420491,False,False,bicycle,electric_assist
2026-05-14T01:22:21Z,check,check:0d762fe354a8,51.918969,4.482846,False,False,bicycle,electric_assist
2026-05-14T01:22:21Z,check,check:bea9feead8b6,51.919548,4.512882,False,False,bicycle,electric_assist
2026-05-14T01:22:21Z,check,check:fc8936ea2bc3,51.911339,4.524662,False,False,bicycle,electric_assist
2026-05-14T01:22:21Z,check,check:d92e1a777493,51.942454,4.53786,False,False,bicycle,electric_assist
2026-05-14T01:22:21Z,check,check:a6bf0d862639,51.917254,4.523135,False,False,bicycle,electric_assist
2026-05-14T01:22:21Z,check,check:90665e0cc46a,51.917279,4.523003,False,False,bicycle,electric_assist
2026-05-14T01:22:21Z,check,check:433c35e12f0a,51.915805,4.453852,False,False,bicycle,electric_assist
2026-05-14T01:22:21Z,check,check:3a1143406ef6,51.885394,4.461146,False,False,bicycle,electric_assist
2026-05-14T01:22:21Z,check,check:c29ce3df9fb1,51.919627,4.441649,False,False,bicycle,electric_assist
2026-05-14T01:22:21Z,check,check:ad3068fe785a,51.906797,4.403349,False,False,bicycle,electric_assist
2026-05-14T01:22:21Z,check,check:1709139d30d4,51.910266,4.435111,False,False,bicycle,electric_assist
2026-05-14T01:22:21Z,check,check:103dba2ee2dd,51.892351,4.514301,False,False,bicycle,electric_assist
2026-05-14T01:22:21Z,check,check:f7715a79a811,51.923243,4.496736,False,True,bicycle,electric_assist
2026-05-14T01:22:21Z,check,check:acb0ce85be28,51.90647,4.497573,False,False,bicycle,electric_assist
2026-05-14T01:22:21Z,check,check:adfce9d51a3b,51.892844,4.484189,False,False,bicycle,electric_assist
2026-05-14T01:22:21Z,check,check:37469ac63f09,51.918659,4.449094,False,False,bicycle,electric_assist
2026-05-14T01:22:21Z,check,check:234d7bf1e102,51.933982,4.459597,False,False,bicycle,electric_assist
2026-05-14T01:22:21Z,check,check:353f11c57c6a,51.917084,4.523427,False,False,bicycle,electric_assist
2026-05-14T01:22:21Z,check,check:13b7383b20a2,51.915602,4.430378,False,False,bicycle,electric_assist
2026-05-14T01:22:21Z,check,check:2ed2b2db2873,51.909678,4.463239,False,False,bicycle,electric_assist
2026-05-14T01:22:21Z,check,check:c0aa6632a01c,51.921465,4.39483,False,False,bicycle,electric_assist
2026-05-14T01:22:21Z,check,check:73e2f6e071c5,51.939442,4.542428,False,False,bicycle,electric_assist
2026-05-14T01:22:21Z,check,check:af12c7aff88b,51.905506,4.486708,False,False,bicycle,electric_assist
2026-05-14T01:22:21Z,check,check:5e5feb14067c,51.903888,4.497419,False,False,bicycle,electric_assist
2026-05-14T01:22:21Z,check,check:78a40c1a959e,51.920376,4.437927,False,False,bicycle,electric_assist
2026-05-14T01:22:21Z,check,check:f9b5e40bcdb3,51.932946,4.502106,False,False,bicycle,electric_assist
2026-05-14T01:22:21Z,check,check:15ed1bfa9164,51.910799,4.553875,False,False,bicycle,electric_assist
2026-05-14T01:22:21Z,check,check:2f76898378b3,51.917185,4.523553,False,False,bicycle,electric_assist
2026-05-14T01:22:21Z,check,check:4c7da58edc66,51.886407,4.549312,False,False,bicycle,electric_assist
2026-05-14T01:22:21Z,check,check:cb4e3412c6ad,51.90216,4.461228,False,False,bicycle,electric_assist
2026-05-14T01:22:21Z,check,check:b31b8600be33,51.891651,4.466098,False,False,bicycle,electric_assist
2026-05-14T01:22:21Z,check,check:2bd53609d374,51.920259,4.440743,False,False,bicycle,electric_assist
2026-05-14T01:22:21Z,check,check:0847b23b7e6f,51.917427,4.420436,False,False,bicycle,electric_assist
2026-05-14T01:22:21Z,check,check:63592749d80c,51.893262,4.477244,False,False,bicycle,electric_assist
2026-05-14T01:22:21Z,check,check:602e7720708c,51.905112,4.501017,False,False,bicycle,electric_assist
2026-05-14T01:22:21Z,check,check:25590d1596d6,51.924475,4.47264,False,False,bicycle,electric_assist
2026-05-14T01:22:21Z,check,check:e4fe2d3f98e8,51.891649,4.47544,False,False,bicycle,electric_assist
2026-05-14T01:22:21Z,check,check:19bd1bc791d7,51.889964,4.469974,False,False,bicycle,electric_assist
2026-05-14T01:22:21Z,check,check:66b6c33f6411,51.910259,4.424812,False,True,bicycle,electric_assist
2026-05-14T01:22:21Z,check,check:8dd30032ab83,51.937518,4.436219,False,False,bicycle,electric_assist
2026-05-14T01:22:21Z,check,check:b714b5686177,51.968719,4.484714,False,False,bicycle,electric_assist
2026-05-14T01:22:21Z,check,check:8f53e70e63c3,51.917736,4.488814,False,False,bicycle,electric_assist
2026-05-14T01:22:21Z,check,check:5312837c5b19,51.927962,4.535932,False,False,bicycle,electric_assist
2026-05-14T01:22:21Z,check,check:4f7e1bd46372,51.898763,4.505159,False,False,bicycle,electric_assist
2026-05-14T01:22:21Z,check,check:148c80a3dd36,51.882638,4.521165,False,False,bicycle,electric_assist
2026-05-14T01:22:21Z,check,check:01a4c176b6ff,51.940686,4.482821,False,False,bicycle,electric_assist
2026-05-14T01:22:21Z,check,check:551980ac865d,51.912862,4.476016,False,False,bicycle,electric_assist
2026-05-14T01:22:21Z,check,check:4326f4bb667c,51.928121,4.51518,False,False,bicycle,electric_assist
2026-05-14T01:22:21Z,check,check:cb2236615983,51.904227,4.502135,False,False,bicycle,electric_assist
2026-05-14T01:22:21Z,check,check:f604b6098cf4,51.961764,4.477826,False,False,bicycle,electric_assist
2026-05-14T01:22:21Z,check,check:5b483d335e19,51.944068,4.475452,False,False,bicycle,electric_assist
2026-05-14T01:22:21Z,check,check:14505ea46eec,51.962406,4.508502,False,False,bicycle,electric_assist
2026-05-14T01:22:21Z,check,check:f20eb947eeef,51.910043,4.442282,False,False,bicycle,electric_assist
2026-05-14T01:22:21Z,check,check:a3896270670f,51.915979,4.487783,False,False,bicycle,electric_assist
2026-05-14T01:22:21Z,check,check:11e9d35aaaae,51.922197,4.52579,False,False,bicycle,electric_assist
2026-05-14T01:22:21Z,check,check:b340a7957e29,51.918949,4.462011,False,False,bicycle,electric_assist
2026-05-14T01:22:21Z,check,check:9c5aa4fa23ef,51.920454,4.504443,False,False,bicycle,electric_assist
2026-05-14T01:22:21Z,check,check:5771f68ed579,51.918888,4.492163,False,False,bicycle,electric_assist
2026-05-14T01:22:21Z,check,check:08b6f5b87f99,51.88959,4.506985,False,False,bicycle,electric_assist
2026-05-14T01:22:21Z,check,check:d301914edb95,51.932366,4.489912,False,False,bicycle,electric_assist
2026-05-14T01:22:21Z,check,check:686e6e2444e6,51.912597,4.456776,False,True,bicycle,electric_assist
2026-05-14T01:22:21Z,check,check:48d75977e2f2,51.917337,4.47086,False,False,bicycle,electric_assist
2026-05-14T01:22:21Z,check,check:b18524e42029,51.927843,4.439896,False,False,bicycle,electric_assist
2026-05-14T01:22:21Z,check,check:c401fe51fc20,51.912086,4.482757,False,False,bicycle,electric_assist
2026-05-14T01:22:21Z,check,check:bf76699eb026,51.885379,4.49588,False,False,bicycle,electric_assist
2026-05-14T01:22:21Z,check,check:0e61090f1929,51.886274,4.463387,False,False,bicycle,electric_assist
2026-05-14T01:22:21Z,check,check:12163663f09b,51.922391,4.483018,False,False,bicycle,electric_assist
2026-05-14T01:22:21Z,check,check:00efb38c0e79,51.920091,4.444916,False,False,bicycle,electric_assist
2026-05-14T01:22:21Z,check,check:3bf10c276992,51.922328,4.383403,False,False,bicycle,electric_assist
2026-05-14T01:22:21Z,check,check:c4225c5046d0,51.911982,4.380519,False,False,bicycle,electric_assist
2026-05-14T01:22:21Z,check,check:5ea9ab2f22c8,51.931729,4.542202,False,False,bicycle,electric_assist
2026-05-14T01:22:21Z,check,check:a86bea116178,51.926693,4.462666,False,False,bicycle,electric_assist
2026-05-14T01:22:21Z,check,check:2a981d21b669,51.888177,4.476509,False,False,bicycle,electric_assist
2026-05-14T01:22:21Z,check,check:d3b0a414b9b5,51.928968,4.509416,False,False,bicycle,electric_assist
2026-05-14T01:22:21Z,check,check:ec65e8824f64,51.910797,4.399013,False,False,bicycle,electric_assist
2026-05-14T01:22:21Z,check,check:72b275053daa,51.951814,4.589673,False,False,bicycle,electric_assist
2026-05-14T01:22:21Z,check,check:24dfc2c20379,51.891576,4.494121,False,False,bicycle,electric_assist
2026-05-14T01:22:21Z,check,check:c31eeed57c3c,51.922308,4.471379,False,False,bicycle,electric_assist
2026-05-14T01:22:21Z,check,check:59e2eae59d2b,51.91035,4.401867,False,False,bicycle,electric_assist
2026-05-14T01:22:21Z,check,check:772fbf9326c2,51.942377,4.476157,False,False,bicycle,electric_assist
2026-05-14T01:22:21Z,check,check:998b963afee9,51.892487,4.474208,False,False,bicycle,electric_assist
2026-05-14T01:22:21Z,check,check:28323d34c48e,51.907962,4.519685,False,False,bicycle,electric_assist
2026-05-14T01:22:21Z,check,check:fb3fdb204f87,51.907529,4.451396,False,False,bicycle,electric_assist
2026-05-14T01:22:21Z,check,check:f33c08487a14,51.874273,4.523104,False,False,bicycle,electric_assist
2026-05-14T01:22:21Z,check,check:bac4dbcbf223,51.911171,4.492732,False,False,bicycle,electric_assist
2026-05-14T01:22:21Z,check,check:0da7facf5554,51.921939,4.514254,False,False,bicycle,electric_assist
2026-05-14T01:22:21Z,check,check:9aee8392f30f,51.911198,4.481931,False,False,bicycle,electric_assist
2026-05-14T01:22:21Z,check,check:6bdb105464f0,51.933409,4.53482,False,False,bicycle,electric_assist
2026-05-14T01:22:21Z,check,check:a9a8212da6f9,51.902149,4.461302,False,False,bicycle,electric_assist
2026-05-14T01:22:21Z,check,check:cdd9417f851b,51.944464,4.55265,False,False,bicycle,electric_assist
2026-05-14T01:22:21Z,check,check:c1c7bb21b7b2,51.914093,4.456156,False,False,bicycle,electric_assist
2026-05-14T01:22:21Z,check,check:d7a13acec6ed,51.950638,4.518588,False,False,bicycle,electric_assist
2026-05-14T01:22:21Z,check,check:bb04a67ec1be,51.882687,4.521176,False,False,bicycle,electric_assist
2026-05-14T01:22:21Z,check,check:042c7c64a92d,51.888169,4.476502,False,False,bicycle,electric_assist
2026-05-14T01:22:21Z,check,check:58d1a9c4960f,51.964133,4.53681,False,False,bicycle,electric_assist
2026-05-14T01:22:21Z,check,check:a627873ad872,51.871902,4.490582,False,False,bicycle,electric_assist
2026-05-14T01:22:21Z,check,check:a1f6bfdfad07,51.935538,4.487552,False,False,bicycle,electric_assist
2026-05-14T01:22:21Z,check,check:ab24176d93a4,51.909974,4.424926,False,True,bicycle,electric_assist
2026-05-14T01:22:21Z,check,check:f84e70fb504b,51.89337,4.483711,False,False,bicycle,electric_assist
2026-05-14T01:22:21Z,check,check:3d5e8a1899b7,51.907468,4.524854,False,False,bicycle,electric_assist
2026-05-14T01:22:21Z,check,check:f779f3fdd57d,51.92728,4.504015,False,False,bicycle,electric_assist
2026-05-14T01:22:21Z,check,check:d200961702d7,51.93177,4.454957,False,True,bicycle,electric_assist
2026-05-14T01:22:21Z,check,check:c76a07e72c8f,51.951818,4.551038,False,False,bicycle,electric_assist
2026-05-14T01:22:21Z,check,check:8efa677b9bdf,51.922187,4.512902,False,False,bicycle,electric_assist
2026-05-14T01:22:21Z,check,check:e94eef5e3608,51.911455,4.49795,False,False,bicycle,electric_assist
2026-05-14T01:22:21Z,check,check:ff91b9e7efca,51.910217,4.424738,False,True,bicycle,electric_assist
2026-05-14T01:22:21Z,check,check:7e64fa409e9d,51.902469,4.46823,False,False,bicycle,electric_assist
2026-05-14T01:22:21Z,check,check:6a7132d25c12,51.88627,4.549312,False,False,bicycle,electric_assist
2026-05-14T01:22:21Z,check,check:07be53652184,51.911239,4.512264,False,False,bicycle,electric_assist
2026-05-14T01:22:21Z,check,check:11ef53dac1cc,51.901326,4.479687,False,False,bicycle,electric_assist
2026-05-14T01:22:21Z,check,check:45c1727cc7dc,51.959418,4.503678,False,False,bicycle,electric_assist
2026-05-14T01:22:21Z,check,check:9f40215be409,51.928523,4.541628,False,False,bicycle,electric_assist
2026-05-14T01:22:21Z,check,check:1b6419c08c26,51.916893,4.475666,False,False,bicycle,electric_assist
2026-05-14T01:22:21Z,check,check:0b06cc3c24e4,51.937249,4.477538,False,False,bicycle,electric_assist
2026-05-14T01:22:21Z,check,check:41027e2be85c,51.910214,4.424735,False,True,bicycle,electric_assist
2026-05-14T01:22:21Z,check,check:361bc4df9ec5,51.902294,4.496099,False,False,bicycle,electric_assist
2026-05-14T01:22:21Z,check,check:26581e0b7574,51.870125,4.474192,False,False,bicycle,electric_assist
2026-05-14T01:22:21Z,check,check:f77239d5aba8,51.892768,4.494328,False,False,bicycle,electric_assist
2026-05-14T01:22:21Z,check,check:97032461612a,51.925303,4.473898,False,False,bicycle,electric_assist
2026-05-14T01:22:21Z,check,check:12a0141d7037,51.962647,4.486751,False,False,bicycle,electric_assist
2026-05-14T01:22:21Z,check,check:1e170f3ee1f1,51.914857,4.388456,False,False,bicycle,electric_assist
2026-05-14T01:22:21Z,check,check:17bb009af803,51.943638,4.483367,False,False,bicycle,electric_assist
2026-05-14T01:22:21Z,check,check:2af77a16b77d,51.916094,4.415957,False,False,bicycle,electric_assist
2026-05-14T01:22:21Z,check,check:beb4c4a19ce3,51.908547,4.437715,False,False,bicycle,electric_assist
2026-05-14T01:22:21Z,check,check:5c90bef68fc7,51.891797,4.488141,False,False,bicycle,electric_assist
2026-05-14T01:22:21Z,check,check:384036eae210,51.89855,4.505549,False,True,bicycle,electric_assist
2026-05-14T01:22:21Z,check,check:98e558c46948,51.91932,4.442456,False,False,bicycle,electric_assist
2026-05-14T01:22:21Z,check,check:047d98d9f381,51.925087,4.511258,False,False,bicycle,electric_assist
2026-05-14T01:22:21Z,check,check:55eb446a0c4d,51.88649,4.529181,False,False,bicycle,electric_assist
2026-05-14T01:22:21Z,check,check:1e1cde0dfe6a,51.902948,4.463475,False,False,bicycle,electric_assist
2026-05-14T01:22:21Z,check,check:f96a05c5bf14,51.922288,4.383311,False,False,bicycle,electric_assist
2026-05-14T01:22:21Z,check,check:c0912d349032,51.892929,4.484342,False,False,bicycle,electric_assist
2026-05-14T01:22:21Z,check,check:5d9dfac7260d,51.945267,4.555058,False,False,bicycle,electric_assist
2026-05-14T01:22:21Z,check,check:cdc3eb3d88f9,51.911508,4.497982,False,False,bicycle,electric_assist
2026-05-14T01:22:21Z,check,check:9a8922dacf05,51.925054,4.47422,False,False,bicycle,electric_assist
2026-05-14T01:22:21Z,check,check:bf537a3f2dc9,51.917542,4.515218,False,False,bicycle,electric_assist
2026-05-14T01:22:21Z,check,check:4a1d8e293952,51.945486,4.477444,False,False,bicycle,electric_assist
2026-05-14T01:22:21Z,check,check:1c03301ca4f1,51.916955,4.477483,False,False,bicycle,electric_assist
2026-05-14T01:22:21Z,check,check:cc70da02edd0,51.911035,4.472749,False,False,bicycle,electric_assist
2026-05-14T01:22:21Z,check,check:8f288d85dd04,51.950659,4.518614,False,False,bicycle,electric_assist
2026-05-14T01:22:21Z,check,check:a6d588d6f4a1,51.925082,4.474145,False,False,bicycle,electric_assist
2026-05-14T01:22:21Z,check,check:07cb4bc47326,51.884549,4.471671,False,False,bicycle,electric_assist
2026-05-14T01:22:21Z,check,check:5b6f356e12d9,51.919625,4.469346,False,False,bicycle,electric_assist
2026-05-14T01:22:21Z,check,check:91a38630986a,51.88265,4.521168,False,False,bicycle,electric_assist
2026-05-14T01:22:21Z,check,check:44cf9e17efb4,51.950441,4.547121,False,True,bicycle,electric_assist
2026-05-14T01:22:21Z,check,check:f298447823fa,51.940566,4.473069,False,False,bicycle,electric_assist
2026-05-14T01:22:21Z,check,check:8158cb243556,51.922368,4.383439,False,False,bicycle,electric_assist
2026-05-14T01:22:21Z,check,check:9642c38dc633,51.93148,4.539648,False,False,bicycle,electric_assist
2026-05-14T01:22:21Z,check,check:0c6c559a281c,51.919008,4.418271,False,True,bicycle,electric_assist
2026-05-14T01:22:21Z,check,check:45a424e68b39,51.880462,4.530095,False,False,bicycle,electric_assist
2026-05-14T01:22:21Z,check,check:5f558b2a6fb1,51.916189,4.527109,False,False,bicycle,electric_assist
2026-05-14T01:22:21Z,check,check:fe442296783d,51.909741,4.395257,False,False,bicycle,electric_assist
2026-05-14T01:22:21Z,check,check:0bebed547d35,51.887551,4.482529,False,False,bicycle,electric_assist
2026-05-14T01:22:21Z,check,check:8b70691369e5,51.924142,4.510229,False,False,bicycle,electric_assist
2026-05-14T01:22:21Z,check,check:a8efb778f4d9,51.928666,4.501645,False,True,bicycle,electric_assist
2026-05-14T01:22:21Z,check,check:ac5313711087,51.888243,4.493761,False,False,bicycle,electric_assist
2026-05-14T01:22:21Z,check,check:3ea2b3df7776,51.92099,4.559248,False,False,bicycle,electric_assist
2026-05-14T01:22:21Z,check,check:7db274e14915,51.915712,4.466347,False,False,bicycle,electric_assist
2026-05-14T01:22:21Z,check,check:8dc960a822b4,51.908589,4.524643,False,False,bicycle,electric_assist
2026-05-14T01:22:21Z,check,check:5f1fbaf1d170,51.907691,4.495924,False,False,bicycle,electric_assist
2026-05-14T01:22:21Z,check,check:b555cfb917e3,51.920532,4.511647,False,False,bicycle,electric_assist
2026-05-14T01:22:21Z,check,check:7fbb35f885dd,51.904507,4.460426,False,False,bicycle,electric_assist
2026-05-14T01:22:21Z,check,check:c4b7f5067e1a,51.944577,4.483818,False,False,bicycle,electric_assist
2026-05-14T01:22:21Z,check,check:b0e50906a759,51.909932,4.423348,False,False,bicycle,electric_assist
2026-05-14T01:22:21Z,check,check:c9a6d597a9c0,51.925262,4.513631,False,False,bicycle,electric_assist
2026-05-14T01:22:21Z,check,check:e96804c03162,51.889718,4.501685,False,False,bicycle,electric_assist
2026-05-14T01:22:21Z,check,check:4209472784da,51.925763,4.45487,False,True,bicycle,electric_assist
2026-05-14T01:22:21Z,check,check:7f61b77e5a98,51.910766,4.489808,False,False,bicycle,electric_assist
2026-05-14T01:22:21Z,check,check:a0eaba28717e,51.895591,4.487255,False,False,bicycle,electric_assist
2026-05-14T01:22:21Z,check,check:fb6b8be8b6e9,51.944767,4.474245,False,False,bicycle,electric_assist
2026-05-14T01:22:21Z,check,check:dad6c8ba5dde,51.92243,4.471492,False,False,bicycle,electric_assist
2026-05-14T01:22:21Z,check,check:158b87852355,51.890537,4.472817,False,False,bicycle,electric_assist
2026-05-14T01:22:21Z,check,check:9637fc42d747,51.904725,4.463848,False,False,bicycle,electric_assist
2026-05-14T01:22:21Z,check,check:b6449e3b411f,51.925569,4.497457,False,False,bicycle,electric_assist
2026-05-14T01:22:21Z,check,check:90cba082c38d,51.917737,4.480032,False,False,bicycle,electric_assist
2026-05-14T01:22:21Z,check,check:5fe749286cb0,51.925078,4.474388,False,False,bicycle,electric_assist
2026-05-14T01:22:21Z,check,check:029c34a39d4f,51.938957,4.495812,False,False,bicycle,electric_assist
2026-05-14T01:22:21Z,check,check:f20494c46198,51.906425,4.400897,False,False,bicycle,electric_assist
2026-05-14T01:22:21Z,check,check:5f7d2be6e6ae,51.917409,4.420344,False,False,bicycle,electric_assist
2026-05-14T01:22:21Z,check,check:d524ecc1ce43,51.885951,4.461534,False,False,bicycle,electric_assist
2026-05-14T01:22:21Z,check,check:ad6052d693ca,51.917516,4.435992,False,False,bicycle,electric_assist
2026-05-14T01:22:21Z,check,check:16d23ebfbdb2,51.959964,4.478535,False,False,bicycle,electric_assist
2026-05-14T01:22:21Z,check,check:e50cdda01697,51.895578,4.487092,False,False,bicycle,electric_assist
2026-05-14T01:22:21Z,check,check:6ca934929bb4,51.932137,4.501267,False,False,bicycle,electric_assist
2026-05-14T01:22:21Z,check,check:08b8f42d46a6,51.904504,4.483082,False,False,bicycle,electric_assist
2026-05-14T01:22:21Z,check,check:be50272ec15d,51.916332,4.483499,False,False,bicycle,electric_assist
2026-05-14T01:22:21Z,check,check:edf27676133a,51.932933,4.539049,False,False,bicycle,electric_assist
2026-05-14T01:22:21Z,check,check:ac740b2dcfe4,51.915093,4.521499,False,False,bicycle,electric_assist
2026-05-14T01:22:21Z,check,check:f2c4bda180f9,51.892823,4.48238,False,False,bicycle,electric_assist
2026-05-14T01:22:21Z,check,check:0d3d016da02f,51.927994,4.547486,False,False,bicycle,electric_assist
2026-05-14T01:22:21Z,check,check:a1aec612c4d1,51.892313,4.473953,False,False,bicycle,electric_assist
2026-05-14T01:22:21Z,check,check:73e7625f1346,51.893374,4.48374,False,False,bicycle,electric_assist
2026-05-14T01:22:21Z,check,check:acb2229acfee,51.92006,4.615896,False,True,bicycle,electric_assist
2026-05-14T01:22:21Z,check,check:727742f51e57,51.911806,4.435959,False,False,bicycle,electric_assist
2026-05-14T01:22:21Z,check,check:489cba981474,51.949267,4.432619,False,False,bicycle,electric_assist
2026-05-14T01:22:21Z,check,check:eacb4fd462dc,51.882667,4.52117,False,False,bicycle,electric_assist
2026-05-14T01:22:21Z,check,check:907a2a3d2c76,51.928841,4.501577,False,False,bicycle,electric_assist
2026-05-14T01:22:21Z,check,check:a032ee3fffd4,51.96351,4.508891,False,False,bicycle,electric_assist
2026-05-14T01:22:21Z,check,check:c9234e531d56,51.886408,4.549318,False,False,bicycle,electric_assist
2026-05-14T01:22:21Z,check,check:eb7e3204c621,51.918911,4.49216,False,False,bicycle,electric_assist
2026-05-14T01:22:21Z,check,check:c18bb2263d66,51.910356,4.443456,False,False,bicycle,electric_assist
2026-05-14T01:22:21Z,check,check:0896b86aaeb3,51.875568,4.493346,False,False,bicycle,electric_assist
2026-05-14T01:22:21Z,check,check:fd8e5d0fce30,51.911626,4.497617,False,False,bicycle,electric_assist
2026-05-14T01:22:21Z,check,check:4c0099c13bee,51.961595,4.474856,False,False,bicycle,electric_assist
2026-05-14T01:22:21Z,check,check:f1272fee57f9,51.890647,4.51424,False,False,bicycle,electric_assist
2026-05-14T01:22:21Z,check,check:1dfb55fea34a,51.96124,4.510333,False,False,bicycle,electric_assist
2026-05-14T01:22:21Z,check,check:3c7d142192a8,51.910817,4.519424,False,False,bicycle,electric_assist
2026-05-14T01:22:21Z,check,check:e47e3b72b6db,51.89462,4.492674,False,False,bicycle,electric_assist
2026-05-14T01:22:21Z,check,check:84cb86b0196b,51.888815,4.466662,False,False,bicycle,electric_assist
2026-05-14T01:22:21Z,check,check:a203d92cea7b,51.871242,4.500349,False,False,bicycle,electric_assist
2026-05-14T01:22:21Z,check,check:029d7ba103d1,51.928551,4.456993,False,False,bicycle,electric_assist
2026-05-14T01:22:21Z,check,check:0fa3148f45cf,51.949477,4.555362,False,False,bicycle,electric_assist
2026-05-14T01:22:21Z,check,check:26be5e9543fd,51.916159,4.458293,False,False,bicycle,electric_assist
2026-05-14T01:22:21Z,check,check:52144a694983,51.891982,4.501378,False,False,bicycle,electric_assist
2026-05-14T01:22:21Z,check,check:790883e99f67,51.9255,4.508664,False,False,bicycle,electric_assist
2026-05-14T01:22:21Z,check,check:70d4bb71c3ac,51.89017,4.490441,False,False,bicycle,electric_assist
2026-05-14T01:22:21Z,check,check:9f5d2b08907d,51.921469,4.468512,False,False,bicycle,electric_assist
2026-05-14T01:22:21Z,check,check:c61788de678d,51.921489,4.394869,False,False,bicycle,electric_assist
2026-05-14T01:22:21Z,check,check:f9e8d34ad78a,51.941428,4.488837,False,False,bicycle,electric_assist
2026-05-14T01:22:21Z,check,check:a0a1328a44d4,51.95964,4.47604,False,False,bicycle,electric_assist
2026-05-14T01:22:21Z,check,check:5eb5db958267,51.914931,4.387593,False,True,bicycle,electric_assist
2026-05-14T01:22:21Z,check,check:477c16cd0a26,51.923595,4.389907,False,False,bicycle,electric_assist
2026-05-14T01:22:21Z,check,check:7f9d7a4d9bba,51.88624,4.549301,False,False,bicycle,electric_assist
2026-05-14T01:22:21Z,check,check:c114707bfc17,51.917071,4.523529,False,False,bicycle,electric_assist
2026-05-14T01:22:21Z,check,check:d03b72c633d7,51.886399,4.549307,False,False,bicycle,electric_assist
2026-05-14T01:22:21Z,check,check:aa58c7990252,51.890541,4.473532,False,False,bicycle,electric_assist
2026-05-14T01:22:21Z,check,check:a36ab7c906f8,51.920167,4.443702,False,False,bicycle,electric_assist
2026-05-14T01:22:21Z,check,check:3f41d6b4a8df,51.910997,4.475213,False,False,bicycle,electric_assist
2026-05-14T01:22:21Z,check,check:8a1be478759b,51.891052,4.481538,False,False,bicycle,electric_assist
2026-05-14T01:22:21Z,check,check:9822c2693a44,51.922465,4.4397,False,False,bicycle,electric_assist
2026-05-14T01:22:21Z,check,check:65294b48037a,51.915645,4.447689,False,False,bicycle,electric_assist
2026-05-14T01:22:21Z,check,check:e01acee0c3e2,51.925887,4.51702,False,False,bicycle,electric_assist
2026-05-14T01:22:21Z,check,check:688fe1a9df3a,51.932561,4.470428,False,False,bicycle,electric_assist
2026-05-14T01:22:21Z,check,check:8c4f0d0657df,51.937422,4.468264,False,False,bicycle,electric_assist
2026-05-14T01:22:21Z,check,check:091c2b5ffa18,51.88268,4.521184,False,False,bicycle,electric_assist
2026-05-14T01:22:21Z,check,check:ab09342d99e5,51.946941,4.548642,False,False,bicycle,electric_assist
2026-05-14T01:22:21Z,check,check:5891ad5a51f9,51.90848,4.481498,False,False,bicycle,electric_assist
2026-05-14T01:22:21Z,check,check:1c16d3037d57,51.919871,4.448728,False,False,bicycle,electric_assist
2026-05-14T01:22:21Z,check,check:bdf093f3515b,51.923762,4.511342,False,False,bicycle,electric_assist
2026-05-14T01:22:21Z,check,check:767685af14a1,51.915529,4.500983,False,False,bicycle,electric_assist
2026-05-14T01:22:21Z,check,check:e9619b6f83b1,51.90614,4.49479,False,False,bicycle,electric_assist
2026-05-14T01:22:21Z,check,check:58681fade75e,51.927978,4.547526,False,False,bicycle,electric_assist
2026-05-14T01:22:21Z,check,check:635e39c6bdfc,51.962365,4.510039,False,False,bicycle,electric_assist
2026-05-14T01:22:21Z,check,check:a3855569ee53,51.918002,4.512843,False,False,bicycle,electric_assist
2026-05-14T01:22:21Z,check,check:8aefc37d3a8f,51.917203,4.523475,False,False,bicycle,electric_assist
2026-05-14T01:22:21Z,check,check:ee5db544e1ea,51.928482,4.490306,False,False,bicycle,electric_assist
2026-05-14T01:22:21Z,check,check:64fa968b6a6d,51.922251,4.471459,False,False,bicycle,electric_assist
2026-05-14T01:22:21Z,check,check:fec05df19245,51.95328,4.462797,False,False,bicycle,electric_assist
2026-05-14T01:22:21Z,check,check:855288206fd2,51.915684,4.500984,False,False,bicycle,electric_assist
2026-05-14T01:22:21Z,check,check:b002065169e8,51.90873,4.406097,False,False,bicycle,electric_assist
2026-05-14T01:22:21Z,check,check:cc5e6703fc28,51.953716,4.464516,False,False,bicycle,electric_assist
2026-05-14T01:22:21Z,check,check:714d657e2a2b,51.874261,4.523076,False,False,bicycle,electric_assist
2026-05-14T01:22:21Z,check,check:aaf1bdf4e559,51.887868,4.47554,False,False,bicycle,electric_assist
2026-05-14T01:22:21Z,check,check:ceb5a0e1104f,51.884198,4.475102,False,False,bicycle,electric_assist
2026-05-14T01:22:21Z,check,check:173cae0f789d,51.945242,4.555069,False,False,bicycle,electric_assist
2026-05-14T01:22:21Z,check,check:9c51746fe5d1,51.918308,4.458868,False,False,bicycle,electric_assist
2026-05-14T01:22:21Z,check,check:8e5da6b6d00b,51.919989,4.510876,False,False,bicycle,electric_assist
2026-05-14T01:22:21Z,check,check:9744db3038b2,51.904519,4.460437,False,False,bicycle,electric_assist
2026-05-14T01:22:21Z,check,check:3e02a9dc363d,51.956596,4.496059,False,False,bicycle,electric_assist
2026-05-14T01:22:21Z,check,check:0688733b943f,51.909988,4.424899,False,True,bicycle,electric_assist
2026-05-14T01:22:21Z,check,check:08c63a372e1d,51.923554,4.506408,False,False,bicycle,electric_assist
2026-05-14T01:22:21Z,check,check:5f69f733ac86,51.9258,4.517388,False,False,bicycle,electric_assist
2026-05-14T01:22:21Z,check,check:aa08d8befcd6,51.959554,4.506437,False,False,bicycle,electric_assist
2026-05-14T01:22:21Z,check,check:127d48cc2429,51.968716,4.484721,False,False,bicycle,electric_assist
2026-05-14T01:22:21Z,check,check:c9c2c22f7248,51.966037,4.470543,False,False,bicycle,electric_assist
2026-05-14T01:22:21Z,check,check:16daf48175a8,51.909973,4.423373,False,False,bicycle,electric_assist
2026-05-14T01:22:21Z,check,check:6d1bd2a1c9ec,51.909185,4.49783,False,False,bicycle,electric_assist
2026-05-14T01:22:21Z,check,check:698e4740de61,51.889444,4.500003,False,False,bicycle,electric_assist
2026-05-14T01:22:21Z,check,check:a90434d7faed,51.918625,4.463024,False,False,bicycle,electric_assist
2026-05-14T01:22:21Z,check,check:06ed1ea0e492,51.961987,4.487017,False,False,bicycle,electric_assist
2026-05-14T01:22:21Z,check,check:38c35996002f,51.939474,4.469995,False,False,bicycle,electric_assist
2026-05-14T01:22:21Z,check,check:0012879377e3,51.911332,4.524686,False,False,bicycle,electric_assist
2026-05-14T01:22:21Z,check,check:e6a2e136f70a,51.884987,4.472816,False,False,bicycle,electric_assist
2026-05-14T01:22:21Z,check,check:67b79e2b459f,51.904088,4.484814,False,False,bicycle,electric_assist
2026-05-14T01:22:21Z,check,check:d5719f1fc513,51.907159,4.477026,False,False,bicycle,electric_assist
2026-05-14T01:22:21Z,check,check:d65f4d8178d4,51.937151,4.493515,False,False,bicycle,electric_assist
2026-05-14T01:22:21Z,check,check:d53a139a0893,51.907666,4.480534,False,False,bicycle,electric_assist
2026-05-14T01:22:21Z,check,check:e7544010c4ae,51.913293,4.43991,False,False,bicycle,electric_assist
2026-05-14T01:22:21Z,check,check:b6503ba74cfd,51.916211,4.490208,False,False,bicycle,electric_assist
2026-05-14T01:22:21Z,check,check:4d0d77b3df95,51.891657,4.465277,False,False,bicycle,electric_assist
2026-05-14T01:22:21Z,check,check:b54f5d229253,51.946934,4.473808,False,False,bicycle,electric_assist
2026-05-14T01:22:21Z,check,check:cfb03391430b,51.89934,4.507846,False,False,bicycle,electric_assist
2026-05-14T01:22:21Z,check,check:4bcfd34ff4c8,51.948937,4.465029,False,False,bicycle,electric_assist
2026-05-14T01:22:21Z,check,check:68012ba71ef4,51.918665,4.46299,False,False,bicycle,electric_assist
2026-05-14T01:22:21Z,check,check:148ee3b14fc6,51.910185,4.424737,False,True,bicycle,electric_assist
2026-05-14T01:22:21Z,check,check:fefbb321d6db,51.913572,4.49342,False,False,bicycle,electric_assist
2026-05-14T01:22:21Z,check,check:8073c3a15af9,51.910705,4.474251,False,False,bicycle,electric_assist
2026-05-14T01:22:21Z,check,check:2f727dbdbd84,51.902898,4.455205,False,False,bicycle,electric_assist
2026-05-14T01:22:21Z,check,check:4ac48a6cddee,51.922327,4.47143,False,False,bicycle,electric_assist
2026-05-14T01:22:21Z,check,check:a8a36465e14f,51.922279,4.471465,False,False,bicycle,electric_assist
2026-05-14T01:22:21Z,check,check:f725234b275d,51.925248,4.474303,False,False,bicycle,electric_assist
2026-05-14T01:22:21Z,check,check:7aac090f59c8,51.932953,4.539054,False,False,bicycle,electric_assist
2026-05-14T01:22:21Z,check,check:58e41b84d4b5,51.922472,4.383061,False,False,bicycle,electric_assist
2026-05-14T01:22:21Z,check,check:6fad2edc90d6,51.960787,4.466989,False,False,bicycle,electric_assist
2026-05-14T01:22:21Z,check,check:c59ee246d990,51.910596,4.456266,False,False,bicycle,electric_assist
2026-05-14T01:22:21Z,check,check:d86d9e46ce42,51.913287,4.457313,False,False,bicycle,electric_assist
2026-05-14T01:22:21Z,check,check:c1eac9af8b16,51.895313,4.484602,False,False,bicycle,electric_assist
2026-05-14T01:22:21Z,check,check:d1dc7c1ce8cf,51.911543,4.376814,False,False,bicycle,electric_assist
2026-05-14T01:22:21Z,check,check:750cf878b40e,51.894728,4.461941,False,False,bicycle,electric_assist
2026-05-14T01:22:21Z,check,check:1cf4c7580d36,51.926032,4.457245,False,False,bicycle,electric_assist
2026-05-14T01:22:21Z,check,check:3fc6e5dcbf2f,51.920559,4.39585,False,False,bicycle,electric_assist
2026-05-14T01:22:21Z,check,check:ffe32d6b330a,51.909573,4.392048,False,False,bicycle,electric_assist
2026-05-14T01:22:21Z,check,check:7606beaf6042,51.919705,4.513052,False,False,bicycle,electric_assist
2026-05-14T01:22:21Z,check,check:32a35692bb9b,51.906788,4.49631,False,False,bicycle,electric_assist
2026-05-14T01:22:21Z,check,check:c105872187e2,51.961964,4.619201,False,True,bicycle,electric_assist
2026-05-14T01:22:21Z,check,check:8e4e397bdf16,51.886788,4.464693,False,False,bicycle,electric_assist
2026-05-14T01:22:21Z,check,check:e7ba66dbef89,51.910362,4.375287,False,False,bicycle,electric_assist
2026-05-14T01:22:21Z,check,check:6948173a8ca4,51.943585,4.475546,False,False,bicycle,electric_assist
2026-05-14T01:22:21Z,check,check:643093342f7c,51.928577,4.541746,False,False,bicycle,electric_assist
2026-05-14T01:22:21Z,check,check:b4e5ee9952b3,51.908619,4.481809,False,False,bicycle,electric_assist
2026-05-14T01:22:21Z,check,check:4bdbbfaf80a1,51.921634,4.492956,False,False,bicycle,electric_assist
2026-05-14T01:22:21Z,check,check:3df7dffd39a5,51.937709,4.486321,False,False,bicycle,electric_assist
2026-05-14T01:22:21Z,check,check:aa637471faea,51.903463,4.467175,False,False,bicycle,electric_assist
2026-05-14T01:22:21Z,check,check:b30544d9e96b,51.968726,4.484719,False,False,bicycle,electric_assist
2026-05-14T01:22:21Z,check,check:9c81d0284aef,51.935522,4.487908,False,True,bicycle,electric_assist
2026-05-14T01:22:21Z,check,check:bc8a6501ca2f,51.933391,4.453591,False,True,bicycle,electric_assist
2026-05-14T01:22:21Z,check,check:2e7624bb2e2c,51.922166,4.512735,False,False,bicycle,electric_assist
2026-05-14T01:22:21Z,check,check:3e9c0c95c144,51.928473,4.540687,False,False,bicycle,electric_assist
2026-05-14T01:22:21Z,check,check:a83a8500a45b,51.907553,4.461476,False,False,bicycle,electric_assist
2026-05-14T01:22:21Z,check,check:8145a716cf56,51.917243,4.52324,False,False,bicycle,electric_assist
2026-05-14T01:22:21Z,check,check:79c67ad212e7,51.928063,4.47449,False,False,bicycle,electric_assist
2026-05-14T01:22:21Z,check,check:cd9a2119258e,51.894667,4.501217,False,False,bicycle,electric_assist
2026-05-14T01:22:21Z,check,check:9fcfaada9d24,51.949281,4.432612,False,False,bicycle,electric_assist
2026-05-14T01:22:21Z,check,check:79adddf282b1,51.910858,4.553875,False,False,bicycle,electric_assist
2026-05-14T01:22:21Z,check,check:a9fcd3c3be15,51.927488,4.455854,False,False,bicycle,electric_assist
2026-05-14T01:22:21Z,check,check:e36350b67928,51.891239,4.497231,False,False,bicycle,electric_assist
2026-05-14T01:22:21Z,check,check:730efc16c047,51.931346,4.503479,False,False,bicycle,electric_assist
2026-05-14T01:22:21Z,check,check:79aab4c7e38d,51.911328,4.44557,False,False,bicycle,electric_assist
2026-05-14T01:22:21Z,check,check:a15f08ca8fef,51.932961,4.539053,False,False,bicycle,electric_assist
2026-05-14T01:22:21Z,check,check:eedfdc9438eb,51.945214,4.555037,False,False,bicycle,electric_assist
2026-05-14T01:22:21Z,check,check:1ff56c1c7003,51.909658,4.463212,False,False,bicycle,electric_assist
2026-05-14T01:22:21Z,check,check:699c071f3dda,51.887385,4.497466,False,False,bicycle,electric_assist
2026-05-14T01:22:21Z,check,check:a8fdecfc0e0e,51.932032,4.456038,False,False,bicycle,electric_assist
2026-05-14T01:22:21Z,check,check:309bee5c747d,51.896295,4.489358,False,False,bicycle,electric_assist
2026-05-14T01:22:21Z,check,check:a7bba1791366,51.90838,4.494426,False,False,bicycle,electric_assist
2026-05-14T01:22:21Z,check,check:f536e2708cba,51.924957,4.474213,False,False,bicycle,electric_assist
2026-05-14T01:22:21Z,check,check:8d5aacdcd321,51.968751,4.484742,False,False,bicycle,electric_assist
2026-05-14T04:58:49Z,donkey,donkey:c03d5c43dceb,51.922787,4.685418,False,False,bicycle,
2026-05-14T04:58:49Z,donkey,donkey:443de1bf548f,51.9228587,4.6854058,False,False,bicycle,
2026-05-14T04:58:49Z,donkey,donkey:ff8f804be48d,51.92283,4.6854244,False,False,bicycle,
2026-05-14T04:58:49Z,donkey,donkey:5f9d35599397,51.9652712,4.6170788,False,False,bicycle,
2026-05-14T04:58:49Z,donkey,donkey:60efc28b6acb,51.9651,4.6169811,False,False,bicycle,
2026-05-14T04:58:49Z,donkey,donkey:cd2893935f02,51.9652452,4.6171928,False,False,bicycle,
2026-05-14T04:58:49Z,donkey,donkey:8f37b2373c1a,51.8385495,4.6359414,False,False,bicycle,
2026-05-14T04:58:49Z,donkey,donkey:2ec243b3dc26,51.8385552,4.6418489,False,False,bicycle,
2026-05-14T04:58:49Z,donkey,donkey:f3b70ec137b6,51.8459353,4.657356,False,False,bicycle,
2026-05-14T04:58:49Z,donkey,donkey:312f2894c2cb,51.8580393,4.6598706,False,False,bicycle,
2026-05-14T04:58:49Z,donkey,donkey:48f292e02a7e,51.8587068,4.7046224,False,False,bicycle,
2026-05-14T04:58:49Z,donkey,donkey:0da0a4dfb26c,51.8837788,4.6617832,False,False,bicycle,
2026-05-14T04:58:49Z,donkey,donkey:d3be0d7fc62a,51.8855031,4.6691657,False,False,bicycle,
2026-05-14T04:58:49Z,donkey,donkey:80f95271da8c,51.8884679,4.6876682,False,False,bicycle,
2026-05-14T04:58:49Z,donkey,donkey:a8ad4962e7ff,51.8884783,4.6877037,False,False,bicycle,
2026-05-14T04:58:49Z,donkey,donkey:f06afc37780f,51.9885129,4.3835075,False,True,bicycle,
2026-05-14T04:58:49Z,donkey,donkey:e9d67ec09f61,51.8382402,4.6858083,False,False,bicycle,
2026-05-14T04:58:49Z,lime,lime:1ae4160505f1,51.90804,4.46244,False,False,bicycle,electric_assist
2026-05-14T04:58:49Z,lime,lime:ab6ece10433c,51.91579,4.45257,False,False,bicycle,electric_assist
2026-05-14T04:58:49Z,lime,lime:910a950824cf,51.94154,4.48137,False,False,bicycle,electric_assist
2026-05-14T04:58:49Z,lime,lime:8278423feccc,51.9617,4.46714,False,True,bicycle,electric_assist
2026-05-14T04:58:49Z,lime,lime:e3d02fc67944,51.9404,4.4798,False,False,bicycle,electric_assist
2026-05-14T04:58:49Z,lime,lime:c8e6cd86eb78,51.90583,4.47592,False,False,bicycle,electric_assist
2026-05-14T04:58:49Z,lime,lime:81325416d52b,51.90287,4.46752,False,False,bicycle,electric_assist
2026-05-14T04:58:49Z,lime,lime:7ded88a828aa,51.91592,4.53148,False,False,bicycle,electric_assist
2026-05-14T04:58:49Z,lime,lime:5ef224e9bbc5,51.90128,4.48203,False,False,bicycle,electric_assist
2026-05-14T04:58:49Z,lime,lime:3e00c24f9743,51.87375,4.47702,False,False,bicycle,electric_assist
2026-05-14T04:58:49Z,lime,lime:c5edc70c4dd4,51.93248,4.4715,False,False,bicycle,electric_assist
2026-05-14T04:58:49Z,lime,lime:af340ffd3477,51.91141,4.45762,False,False,bicycle,electric_assist
2026-05-14T04:58:49Z,lime,lime:8f27b2f09b44,51.92185,4.46057,False,False,bicycle,electric_assist
2026-05-14T04:58:49Z,lime,lime:fb374417fd45,51.95618,4.53824,False,False,bicycle,electric_assist
2026-05-14T04:58:49Z,lime,lime:40754646d7d9,51.92221,4.50238,False,False,bicycle,electric_assist
2026-05-14T04:58:49Z,lime,lime:350928ff9a14,51.87432,4.52321,False,False,bicycle,electric_assist
2026-05-14T04:58:49Z,lime,lime:fadd913c977c,51.93193,4.4673,False,False,bicycle,electric_assist
2026-05-14T04:58:49Z,lime,lime:ea8428c03313,51.95084,4.47466,False,False,bicycle,electric_assist
2026-05-14T04:58:49Z,lime,lime:2b0d54fd2418,51.92092,4.52642,False,False,bicycle,electric_assist
2026-05-14T04:58:49Z,lime,lime:8e8446d1cd5b,51.91739,4.48803,False,False,bicycle,electric_assist
2026-05-14T04:58:49Z,lime,lime:1bf3153cb11e,51.91629,4.46952,False,False,bicycle,electric_assist
2026-05-14T04:58:49Z,lime,lime:5b260e147cb9,51.89812,4.4744,False,False,bicycle,electric_assist
2026-05-14T04:58:49Z,lime,lime:f5a9c51f8bc1,51.93646,4.47112,False,False,bicycle,electric_assist
2026-05-14T04:58:49Z,lime,lime:76b34a2b0fcb,51.9186,4.47604,False,False,bicycle,electric_assist
2026-05-14T04:58:49Z,lime,lime:973b5cc1f213,51.93121,4.40604,False,False,bicycle,electric_assist
2026-05-14T04:58:49Z,lime,lime:9d74a509c655,51.94152,4.48135,False,False,bicycle,electric_assist
2026-05-14T04:58:49Z,lime,lime:782d3b22955f,51.9185,4.46561,False,False,bicycle,electric_assist
2026-05-14T04:58:49Z,lime,lime:f6d0b65b45a8,51.92627,4.46199,False,False,bicycle,electric_assist
2026-05-14T04:58:49Z,lime,lime:8dfead671b19,51.9223,4.47124,False,False,bicycle,electric_assist
2026-05-14T04:58:49Z,lime,lime:ea38f84dde57,51.92544,4.4663,False,True,bicycle,electric_assist
2026-05-14T04:58:49Z,lime,lime:fe0e88b59b17,51.93616,4.44559,False,False,bicycle,electric_assist
2026-05-14T04:58:49Z,lime,lime:d47d3759d958,51.90943,4.44561,False,False,bicycle,electric_assist
2026-05-14T04:58:49Z,lime,lime:623b9ddbab71,51.9252,4.47425,False,False,bicycle,electric_assist
2026-05-14T04:58:49Z,lime,lime:5d521c890f3f,51.91375,4.44994,True,False,bicycle,electric_assist
2026-05-14T04:58:49Z,lime,lime:437aca05c15c,51.93341,4.53479,False,False,bicycle,electric_assist
2026-05-14T04:58:49Z,lime,lime:0be9a3c609d2,51.92374,4.53894,False,False,bicycle,electric_assist
2026-05-14T04:58:49Z,lime,lime:e59e8e64db7b,51.91569,4.45642,False,False,bicycle,electric_assist
2026-05-14T04:58:49Z,lime,lime:b4f6fa4b70a6,51.9255,4.50622,False,False,bicycle,electric_assist
2026-05-14T04:58:49Z,lime,lime:cf70a58815bb,51.91771,4.4872,False,False,bicycle,electric_assist
2026-05-14T04:58:49Z,lime,lime:36fbb9527471,51.92131,4.4882,False,False,bicycle,electric_assist
2026-05-14T04:58:49Z,lime,lime:a6507eb7c782,51.92771,4.47945,False,False,bicycle,electric_assist
2026-05-14T04:58:49Z,lime,lime:a5ab2253b10f,51.90804,4.51218,False,False,bicycle,electric_assist
2026-05-14T04:58:49Z,lime,lime:307d0059fe60,51.99472,4.36665,False,False,bicycle,electric_assist
2026-05-14T04:58:49Z,lime,lime:2287d4faab23,51.91566,4.50088,False,False,bicycle,electric_assist
2026-05-14T04:58:49Z,lime,lime:8a3b85512579,51.90767,4.50116,False,False,bicycle,electric_assist
2026-05-14T04:58:49Z,lime,lime:96b9d5f8591b,51.92286,4.50846,False,False,bicycle,electric_assist
2026-05-14T04:58:49Z,lime,lime:de99937b7aba,51.92168,4.51251,False,False,bicycle,electric_assist
2026-05-14T04:58:49Z,lime,lime:12ecb6977c6c,51.91197,4.49866,False,False,bicycle,electric_assist
2026-05-14T04:58:49Z,lime,lime:5fa5b8931a69,51.92206,4.47137,False,False,bicycle,electric_assist
2026-05-14T04:58:49Z,lime,lime:84e1267384be,51.91412,4.42235,False,False,bicycle,electric_assist
2026-05-14T04:58:49Z,lime,lime:7e23c6e32c41,51.90708,4.48988,False,False,bicycle,electric_assist
2026-05-14T04:58:49Z,lime,lime:e026e2b2fb02,51.9084,4.49973,False,False,bicycle,electric_assist
2026-05-14T04:58:49Z,lime,lime:2e53a406495c,51.90625,4.45983,False,False,bicycle,electric_assist
2026-05-14T04:58:49Z,lime,lime:455dd97796c7,51.89071,4.4762,False,False,bicycle,electric_assist
2026-05-14T04:58:49Z,lime,lime:1a96b56cbae8,51.91511,4.52151,False,False,bicycle,electric_assist
2026-05-14T04:58:49Z,lime,lime:86a3740b0f49,51.95564,4.46304,False,False,bicycle,electric_assist
2026-05-14T04:58:49Z,lime,lime:c6f288d1a987,51.9354,4.46203,False,False,bicycle,electric_assist
2026-05-14T04:58:49Z,lime,lime:43ebba34a5b0,51.92227,4.47136,False,False,bicycle,electric_assist
2026-05-14T04:58:49Z,lime,lime:fec62decfcdb,51.92573,4.45478,False,False,bicycle,electric_assist
2026-05-14T04:58:49Z,lime,lime:dc3bfc279c62,51.93229,4.47579,False,False,bicycle,electric_assist
2026-05-14T04:58:49Z,lime,lime:8bc2e028a8eb,51.92177,4.53392,False,False,bicycle,electric_assist
2026-05-14T04:58:49Z,lime,lime:04fde17a8c43,51.94249,4.53787,False,False,bicycle,electric_assist
2026-05-14T04:58:49Z,lime,lime:659ae4e25e06,51.92082,4.54246,False,False,bicycle,electric_assist
2026-05-14T04:58:49Z,lime,lime:f88f19c8dcdc,51.91112,4.49256,False,False,bicycle,electric_assist
2026-05-14T04:58:49Z,lime,lime:1a3fabf41f07,51.93511,4.46136,False,False,bicycle,electric_assist
2026-05-14T04:58:49Z,lime,lime:11719dbb9ffb,51.92715,4.51048,False,False,bicycle,electric_assist
2026-05-14T04:58:49Z,lime,lime:5a00350cf5cc,51.9207,4.44629,False,False,bicycle,electric_assist
2026-05-14T04:58:49Z,lime,lime:55afaf21de6d,51.92744,4.38014,False,False,bicycle,electric_assist
2026-05-14T04:58:49Z,lime,lime:bd722491955c,51.93519,4.47277,False,False,bicycle,electric_assist
2026-05-14T04:58:49Z,lime,lime:292a1c7254b9,51.92972,4.39953,False,False,bicycle,electric_assist
2026-05-14T04:58:49Z,lime,lime:7c7f24c01ef6,51.94209,4.49574,False,False,bicycle,electric_assist
2026-05-14T04:58:49Z,lime,lime:7b51a1c08c3c,51.90527,4.49995,False,False,bicycle,electric_assist
2026-05-14T04:58:49Z,lime,lime:3ea2bbf35888,51.91736,4.42046,False,False,bicycle,electric_assist
2026-05-14T04:58:49Z,lime,lime:3ca92951fc7a,51.94186,4.54639,False,False,bicycle,electric_assist
2026-05-14T04:58:49Z,lime,lime:cc10c36222dd,51.90788,4.46204,False,False,bicycle,electric_assist
2026-05-14T04:58:49Z,lime,lime:98f5ff8b5e11,51.91412,4.42235,False,False,bicycle,electric_assist
2026-05-14T04:58:49Z,lime,lime:97026bcaa991,51.91153,4.47856,False,False,bicycle,electric_assist
2026-05-14T04:58:49Z,lime,lime:6ca036a144b5,51.93296,4.50589,False,False,bicycle,electric_assist
2026-05-14T04:58:49Z,lime,lime:50d7801267a7,51.91374,4.50847,False,False,bicycle,electric_assist
2026-05-14T04:58:49Z,lime,lime:9a515ac8cd3a,51.92227,4.47152,False,False,bicycle,electric_assist
2026-05-14T04:58:49Z,lime,lime:9f2301899922,51.92232,4.47134,False,False,bicycle,electric_assist
2026-05-14T04:58:49Z,lime,lime:6e0e0fef8dbb,51.9198,4.51148,False,False,bicycle,electric_assist
2026-05-14T04:58:49Z,lime,lime:24b4aa6c2b00,51.95636,4.50974,False,False,bicycle,electric_assist
2026-05-14T04:58:49Z,lime,lime:ec89481f5c3c,51.93861,4.47954,False,False,bicycle,electric_assist
2026-05-14T04:58:49Z,lime,lime:5b2d33e35cd5,51.93392,4.46579,False,False,bicycle,electric_assist
2026-05-14T04:58:49Z,lime,lime:165996119a1e,51.93109,4.47821,False,False,bicycle,electric_assist
2026-05-14T04:58:49Z,lime,lime:b63d0e5f537f,51.87438,4.5139,False,False,bicycle,electric_assist
2026-05-14T04:58:49Z,lime,lime:3cec585bbab0,51.91992,4.44653,False,False,bicycle,electric_assist
2026-05-14T04:58:49Z,lime,lime:50753ac45b6c,51.95555,4.4631,False,False,bicycle,electric_assist
2026-05-14T04:58:49Z,lime,lime:43106a09e5f3,51.93143,4.46149,False,False,bicycle,electric_assist
2026-05-14T04:58:49Z,lime,lime:ca39918785fc,51.90673,4.45696,False,False,bicycle,electric_assist
2026-05-14T04:58:49Z,lime,lime:1b4bd3d9982d,51.91179,4.46641,False,False,bicycle,electric_assist
2026-05-14T04:58:49Z,lime,lime:e41d7d2426af,51.93015,4.47529,False,False,bicycle,electric_assist
2026-05-14T04:58:49Z,lime,lime:47040e36edee,51.92574,4.45487,False,False,bicycle,electric_assist
2026-05-14T04:58:49Z,lime,lime:aaa15ba71e5c,51.9321,4.4019,False,False,bicycle,electric_assist
2026-05-14T04:58:49Z,lime,lime:41d3f804dfc6,51.94183,4.54634,False,False,bicycle,electric_assist
2026-05-14T04:58:49Z,lime,lime:5c119573dff6,51.90508,4.44016,False,False,bicycle,electric_assist
2026-05-14T04:58:49Z,lime,lime:bd412a682c9f,51.91574,4.38495,False,False,bicycle,electric_assist
2026-05-14T04:58:49Z,lime,lime:641cddea56ca,51.87485,4.46795,False,False,bicycle,electric_assist
2026-05-14T04:58:49Z,lime,lime:550bf91ecc28,51.91186,4.46626,False,False,bicycle,electric_assist
2026-05-14T04:58:49Z,lime,lime:0166891dec02,51.91726,4.46444,False,False,bicycle,electric_assist
2026-05-14T04:58:49Z,lime,lime:aea39912327f,51.91084,4.55389,False,False,bicycle,electric_assist
2026-05-14T04:58:49Z,lime,lime:e055ac67b95c,51.92228,4.47119,False,False,bicycle,electric_assist
2026-05-14T04:58:49Z,lime,lime:c625480e32bd,51.90605,4.45071,False,False,bicycle,electric_assist
2026-05-14T04:58:49Z,lime,lime:601c85f47fde,51.89566,4.50643,False,False,bicycle,electric_assist
2026-05-14T04:58:49Z,lime,lime:3bce11a4a4ff,51.91557,4.50084,False,False,bicycle,electric_assist
2026-05-14T04:58:49Z,lime,lime:b4b420a439c3,51.88818,4.46089,False,False,bicycle,electric_assist
2026-05-14T04:58:49Z,lime,lime:1f2ba22ac26e,51.9143,4.49609,False,False,bicycle,electric_assist
2026-05-14T04:58:49Z,lime,lime:43f04be90582,51.91509,4.52658,False,False,bicycle,electric_assist
2026-05-14T04:58:49Z,lime,lime:a95f0f111aba,51.88901,4.46347,False,False,bicycle,electric_assist
2026-05-14T04:58:49Z,lime,lime:f01e5f84621a,51.92772,4.48138,False,False,bicycle,electric_assist
2026-05-14T04:58:49Z,lime,lime:11bfd2d7638e,51.90712,4.46306,False,False,bicycle,electric_assist
2026-05-14T04:58:49Z,lime,lime:2d945b7fcbc4,51.96631,4.4931,False,False,bicycle,electric_assist
2026-05-14T04:58:49Z,lime,lime:0de7a63b26de,51.94052,4.4798,True,False,bicycle,electric_assist
2026-05-14T04:58:49Z,lime,lime:a18b0833e60c,51.92112,4.44937,False,False,bicycle,electric_assist
2026-05-14T04:58:49Z,lime,lime:b4e8632c3ef4,51.94007,4.47654,False,False,bicycle,electric_assist
2026-05-14T04:58:49Z,lime,lime:93881b96c588,51.91994,4.51282,False,False,bicycle,electric_assist
2026-05-14T04:58:49Z,lime,lime:e5dd973726d9,51.91189,4.46621,False,False,bicycle,electric_assist
2026-05-14T04:58:49Z,lime,lime:e0bbc842b037,51.89931,4.48295,False,False,bicycle,electric_assist
2026-05-14T04:58:49Z,lime,lime:810f360088ad,51.93858,4.47965,False,False,bicycle,electric_assist
2026-05-14T04:58:49Z,lime,lime:7a90c2035870,51.92085,4.5105,False,False,bicycle,electric_assist
2026-05-14T04:58:49Z,lime,lime:777f934d779f,51.92286,4.5085,False,False,bicycle,electric_assist
2026-05-14T04:58:49Z,lime,lime:b9c53bfdbb6c,51.93087,4.4581,False,False,bicycle,electric_assist
2026-05-14T04:58:49Z,lime,lime:41a38c08e919,51.91812,4.45833,False,False,bicycle,electric_assist
2026-05-14T04:58:49Z,lime,lime:8473deeebd66,51.87409,4.49426,False,False,bicycle,electric_assist
2026-05-14T04:58:49Z,lime,lime:baa15ba866ce,51.91122,4.52474,False,False,bicycle,electric_assist
2026-05-14T04:58:49Z,lime,lime:6746c22101b0,51.92005,4.46077,False,False,bicycle,electric_assist
2026-05-14T04:58:49Z,lime,lime:bdf9b8d6f9b2,51.92053,4.44637,False,False,bicycle,electric_assist
2026-05-14T04:58:49Z,lime,lime:b81526e84f49,51.9181,4.51177,False,False,bicycle,electric_assist
2026-05-14T04:58:49Z,lime,lime:5962781fb5ec,51.91971,4.51161,False,False,bicycle,electric_assist
2026-05-14T04:58:49Z,lime,lime:32414484579a,51.91348,4.46199,False,False,bicycle,electric_assist
2026-05-14T04:58:49Z,lime,lime:53169dbca69c,51.92735,4.44051,False,False,bicycle,electric_assist
2026-05-14T04:58:49Z,lime,lime:e2c3f8cb8709,51.92255,4.50303,False,False,bicycle,electric_assist
2026-05-14T04:58:49Z,lime,lime:9489cc2cad65,51.91109,4.4894,False,False,bicycle,electric_assist
2026-05-14T04:58:49Z,lime,lime:58b58b9170cf,51.91909,4.4183,False,False,bicycle,electric_assist
2026-05-14T04:58:49Z,lime,lime:c0b49e7ba41e,51.91788,4.41211,False,False,bicycle,electric_assist
2026-05-14T04:58:49Z,lime,lime:b1c880375fb6,51.91375,4.48494,False,False,bicycle,electric_assist
2026-05-14T04:58:49Z,lime,lime:f722c57d03e4,51.91388,4.50208,False,False,bicycle,electric_assist
2026-05-14T04:58:49Z,lime,lime:8e1dd4d26dc5,51.92226,4.46627,False,False,bicycle,electric_assist
2026-05-14T04:58:49Z,lime,lime:35d640f21b9e,51.91332,4.44407,False,False,bicycle,electric_assist
2026-05-14T04:58:49Z,lime,lime:331a2a19f6c4,51.92609,4.45786,False,False,bicycle,electric_assist
2026-05-14T04:58:49Z,lime,lime:dddc480d3480,51.93211,4.40194,False,False,bicycle,electric_assist
2026-05-14T04:58:49Z,lime,lime:76c6920ad220,51.92933,4.46754,False,False,bicycle,electric_assist
2026-05-14T04:58:49Z,lime,lime:444599615b35,51.91892,4.45561,False,False,bicycle,electric_assist
2026-05-14T04:58:49Z,lime,lime:7dbd0dac0d25,51.89071,4.46378,False,False,bicycle,electric_assist
2026-05-14T04:58:49Z,lime,lime:f68c8d8afb92,51.93746,4.47062,False,False,bicycle,electric_assist
2026-05-14T04:58:49Z,lime,lime:79c9ba0c212a,51.95881,4.56074,False,False,bicycle,electric_assist
2026-05-14T04:58:49Z,lime,lime:7a6adcbef983,51.92222,4.47144,False,False,bicycle,electric_assist
2026-05-14T04:58:49Z,lime,lime:d2077b46066b,51.93783,4.50161,False,False,bicycle,electric_assist
2026-05-14T04:58:49Z,lime,lime:795edf9056c1,51.92257,4.50309,False,False,bicycle,electric_assist
2026-05-14T04:58:49Z,lime,lime:c679b3e13115,51.93218,4.49772,False,False,bicycle,electric_assist
2026-05-14T04:58:49Z,lime,lime:f772a7988301,51.9151,4.52152,False,False,bicycle,electric_assist
2026-05-14T04:58:49Z,lime,lime:0bd460a7ff67,51.9277,4.40604,False,False,bicycle,electric_assist
2026-05-14T04:58:49Z,lime,lime:d29b92eefd3d,51.92274,4.45786,False,False,bicycle,electric_assist
2026-05-14T04:58:49Z,lime,lime:5e0e22c6fe10,51.90928,4.45826,False,False,bicycle,electric_assist
2026-05-14T04:58:49Z,lime,lime:c3c17d4f3b2f,51.90889,4.37235,False,False,bicycle,electric_assist
2026-05-14T04:58:49Z,lime,lime:cc5d3fa7b0b0,51.91622,4.41186,False,False,bicycle,electric_assist
2026-05-14T04:58:49Z,lime,lime:0ba56f4711ea,51.92323,4.49351,False,False,bicycle,electric_assist
2026-05-14T04:58:49Z,lime,lime:678050cfc878,51.9171,4.44102,False,False,bicycle,electric_assist
2026-05-14T04:58:49Z,lime,lime:b1c34ab9cc62,51.91624,4.47432,False,False,bicycle,electric_assist
2026-05-14T04:58:49Z,lime,lime:04f0a9af8a54,51.93119,4.40605,False,False,bicycle,electric_assist
2026-05-14T04:58:49Z,lime,lime:b00011b44c12,51.92517,4.47424,False,False,bicycle,electric_assist
2026-05-14T04:58:49Z,lime,lime:7b7a223d56cf,51.91757,4.38871,False,False,bicycle,electric_assist
2026-05-14T04:58:49Z,lime,lime:92f1267a799b,51.9386,4.47969,False,False,bicycle,electric_assist
2026-05-14T04:58:49Z,lime,lime:7d5dd137e35e,51.90922,4.48249,False,False,bicycle,electric_assist
2026-05-14T04:58:49Z,lime,lime:ae3a2e71e75a,51.91414,4.4223,False,False,bicycle,electric_assist
2026-05-14T04:58:49Z,lime,lime:eb8e7040186d,51.94046,4.47981,False,False,bicycle,electric_assist
2026-05-14T04:58:49Z,lime,lime:81da5571be69,51.96334,4.55469,False,False,bicycle,electric_assist
2026-05-14T04:58:49Z,lime,lime:884555226a71,51.93145,4.46156,False,False,bicycle,electric_assist
2026-05-14T04:58:49Z,lime,lime:96f1c82e0e01,51.92914,4.50534,False,False,bicycle,electric_assist
2026-05-14T04:58:49Z,lime,lime:128826332333,51.92859,4.46351,False,False,bicycle,electric_assist
2026-05-14T04:58:49Z,lime,lime:74c0d51a05eb,51.91555,4.44102,False,False,bicycle,electric_assist
2026-05-14T04:58:49Z,lime,lime:4be80cd7d001,51.93388,4.46564,False,False,bicycle,electric_assist
2026-05-14T04:58:49Z,lime,lime:21dd16daa05c,51.91503,4.52153,False,False,bicycle,electric_assist
2026-05-14T04:58:49Z,lime,lime:a6690d13c246,51.91302,4.55379,False,False,bicycle,electric_assist
2026-05-14T04:58:49Z,lime,lime:719eb797542c,51.93244,4.47156,False,False,bicycle,electric_assist
2026-05-14T04:58:49Z,lime,lime:c0b592f80ee3,51.92229,4.47145,False,False,bicycle,electric_assist
2026-05-14T04:58:49Z,lime,lime:6e36a9f71fec,51.9222,4.47133,False,False,bicycle,electric_assist
2026-05-14T04:58:49Z,lime,lime:edc1cb116685,51.92468,4.49895,False,False,bicycle,electric_assist
2026-05-14T04:58:49Z,lime,lime:ed4407824673,51.88786,4.47095,False,False,bicycle,electric_assist
2026-05-14T04:58:49Z,lime,lime:65a350184b89,51.88603,4.46043,False,False,bicycle,electric_assist
2026-05-14T04:58:49Z,lime,lime:c1af48195172,51.89781,4.53054,False,False,bicycle,electric_assist
2026-05-14T04:58:49Z,lime,lime:c1fc17a47a37,51.911,4.4983,False,False,bicycle,electric_assist
2026-05-14T04:58:49Z,lime,lime:a43eff35853e,51.92539,4.4937,False,False,bicycle,electric_assist
2026-05-14T04:58:49Z,lime,lime:8b9bbe7fbb9f,51.93627,4.467,False,False,bicycle,electric_assist
2026-05-14T04:58:49Z,lime,lime:7bece8735fe2,51.91231,4.45506,False,False,bicycle,electric_assist
2026-05-14T04:58:49Z,lime,lime:3a206fc129ab,51.91562,4.52859,False,False,bicycle,electric_assist
2026-05-14T04:58:49Z,lime,lime:aac2e8bcf80d,51.90853,4.43772,False,False,bicycle,electric_assist
2026-05-14T04:58:49Z,lime,lime:a6bfe4122991,51.9221,4.43774,False,False,bicycle,electric_assist
2026-05-14T04:58:49Z,lime,lime:0a8a1e64a1b2,51.92526,4.51052,False,False,bicycle,electric_assist
2026-05-14T04:58:49Z,lime,lime:ee6cf2e0e039,51.93335,4.50288,False,False,bicycle,electric_assist
2026-05-14T04:58:49Z,lime,lime:56dd5d014fbb,51.91491,4.43914,False,False,bicycle,electric_assist
2026-05-14T04:58:49Z,lime,lime:021b1890d8e1,51.91216,4.49247,False,False,bicycle,electric_assist
2026-05-14T04:58:49Z,lime,lime:cc3da4d75011,51.90868,4.48179,False,False,bicycle,electric_assist
2026-05-14T04:58:49Z,lime,lime:3759889d2b1e,51.92563,4.51751,False,False,bicycle,electric_assist
2026-05-14T04:58:49Z,lime,lime:09b47817bc91,51.95167,4.5511,False,False,bicycle,electric_assist
2026-05-14T04:58:49Z,lime,lime:245c9b9dd69b,51.91372,4.47979,False,False,bicycle,electric_assist
2026-05-14T04:58:49Z,lime,lime:edfa7a8299a2,51.9263,4.50033,False,False,bicycle,electric_assist
2026-05-14T04:58:49Z,lime,lime:26a8e91fdff1,51.91166,4.37269,False,False,bicycle,electric_assist
2026-05-14T04:58:49Z,lime,lime:beb524e9009b,51.90785,4.46207,False,False,bicycle,electric_assist
2026-05-14T04:58:49Z,lime,lime:873db14e05d7,51.91525,4.52634,False,False,bicycle,electric_assist
2026-05-14T04:58:49Z,lime,lime:f5a099fba7de,51.91747,4.48514,False,False,bicycle,electric_assist
2026-05-14T04:58:49Z,lime,lime:c1af5dc2b0bc,51.92219,4.47114,False,False,bicycle,electric_assist
2026-05-14T04:58:49Z,lime,lime:51fd55be53f2,51.93169,4.44328,False,False,bicycle,electric_assist
2026-05-14T04:58:49Z,lime,lime:7752e89cff49,51.93789,4.44488,False,False,bicycle,electric_assist
2026-05-14T04:58:49Z,lime,lime:2cdcb1b7d0dc,51.92917,4.44575,False,False,bicycle,electric_assist
2026-05-14T04:58:49Z,lime,lime:646db2b84cbc,51.92286,4.47834,False,False,bicycle,electric_assist
2026-05-14T04:58:49Z,lime,lime:cc17bca86a47,51.93454,4.46875,False,False,bicycle,electric_assist
2026-05-14T04:58:49Z,lime,lime:c28292056afe,51.93391,4.45808,False,False,bicycle,electric_assist
2026-05-14T04:58:49Z,lime,lime:3bd5fb95cdad,51.98615,4.35167,False,False,bicycle,electric_assist
2026-05-14T04:58:49Z,lime,lime:2c40bf41e52b,51.93145,4.46155,False,False,bicycle,electric_assist
2026-05-14T04:58:49Z,lime,lime:fade2e19e182,51.92015,4.44385,False,False,bicycle,electric_assist
2026-05-14T04:58:49Z,lime,lime:65a1f7685a29,51.92336,4.40688,False,False,bicycle,electric_assist
2026-05-14T04:58:49Z,lime,lime:444a0e6d5108,51.90297,4.51138,False,False,bicycle,electric_assist
2026-05-14T04:58:49Z,lime,lime:8f60cf85f735,51.91914,4.52699,False,False,bicycle,electric_assist
2026-05-14T04:58:49Z,lime,lime:257cfffcd98d,51.91488,4.49897,False,False,bicycle,electric_assist
2026-05-14T04:58:49Z,lime,lime:140de0c567a0,51.93118,4.40602,False,False,bicycle,electric_assist
2026-05-14T04:58:49Z,lime,lime:dc033e3feb84,51.92237,4.47144,False,False,bicycle,electric_assist
2026-05-14T04:58:49Z,lime,lime:5332f4f04630,51.91114,4.52482,False,False,bicycle,electric_assist
2026-05-14T04:58:49Z,lime,lime:44f02c59448c,51.90298,4.51138,False,False,bicycle,electric_assist
2026-05-14T04:58:49Z,lime,lime:a3f12f46126e,51.92015,4.4344,False,False,bicycle,electric_assist
2026-05-14T04:58:49Z,lime,lime:d9b3b85d5ec4,51.9275,4.45683,False,False,bicycle,electric_assist
2026-05-14T04:58:49Z,lime,lime:08ae21305315,51.92747,4.44019,True,False,bicycle,electric_assist
2026-05-14T04:58:49Z,lime,lime:b3e2a8db03cd,51.92862,4.40754,False,False,bicycle,electric_assist
2026-05-14T04:58:49Z,lime,lime:ebc2d1898570,51.91465,4.4444,False,False,bicycle,electric_assist
2026-05-14T04:58:49Z,lime,lime:557ef89a4a9b,51.92282,4.46933,False,False,bicycle,electric_assist
2026-05-14T04:58:49Z,lime,lime:6208aff344fe,51.91893,4.52811,False,False,bicycle,electric_assist
2026-05-14T04:58:49Z,lime,lime:1003b0e916b2,51.94278,4.47688,False,False,bicycle,electric_assist
2026-05-14T04:58:49Z,lime,lime:7cdfee71fb54,51.92329,4.48973,False,False,bicycle,electric_assist
2026-05-14T04:58:49Z,lime,lime:ecf5cefd0f90,51.9232,4.49345,False,False,bicycle,electric_assist
2026-05-14T04:58:49Z,lime,lime:eac91203b457,51.89008,4.47599,False,False,bicycle,electric_assist
2026-05-14T04:58:49Z,lime,lime:c606c8a48a27,51.9172,4.45304,False,False,bicycle,electric_assist
2026-05-14T04:58:49Z,lime,lime:bf959c5803f1,51.92564,4.56339,False,False,bicycle,electric_assist
2026-05-14T04:58:49Z,lime,lime:486d36ec352c,51.91105,4.50133,False,False,bicycle,electric_assist
2026-05-14T04:58:49Z,lime,lime:5929eb32f597,51.9191,4.45029,False,False,bicycle,electric_assist
2026-05-14T04:58:49Z,lime,lime:fc6df7305285,51.91768,4.51882,False,False,bicycle,electric_assist
2026-05-14T04:58:49Z,lime,lime:3db97df95c47,51.94449,4.51393,False,False,bicycle,electric_assist
2026-05-14T04:58:49Z,lime,lime:64ab2d723058,51.91453,4.40188,False,False,bicycle,electric_assist
2026-05-14T04:58:49Z,lime,lime:ed66638f18f8,51.92751,4.50912,False,False,bicycle,electric_assist
2026-05-14T04:58:49Z,lime,lime:46d56187b434,51.9136,4.46244,False,False,bicycle,electric_assist
2026-05-14T04:58:49Z,lime,lime:d3ba2ca3d100,51.9252,4.47404,False,False,bicycle,electric_assist
2026-05-14T04:58:49Z,lime,lime:cfad6de2309d,51.91085,4.55386,False,False,bicycle,electric_assist
2026-05-14T04:58:49Z,lime,lime:f06b19dab22f,51.91126,4.48182,False,False,bicycle,electric_assist
2026-05-14T04:58:49Z,lime,lime:adf4716f9974,51.94571,4.4809,False,False,bicycle,electric_assist
2026-05-14T04:58:49Z,lime,lime:cb6de0a425c7,51.94718,4.4854,False,False,bicycle,electric_assist
2026-05-14T04:58:49Z,lime,lime:d5a350436d64,51.91094,4.51952,False,False,bicycle,electric_assist
2026-05-14T04:58:49Z,lime,lime:1fff5fecd9f9,51.92458,4.47259,False,False,bicycle,electric_assist
2026-05-14T04:58:49Z,lime,lime:98f106b7fd65,51.92287,4.54197,False,False,bicycle,electric_assist
2026-05-14T04:58:49Z,lime,lime:9c3a5b5758b1,51.95874,4.49654,False,False,bicycle,electric_assist
2026-05-14T04:58:49Z,lime,lime:8c4a45d91554,51.93247,4.47153,False,False,bicycle,electric_assist
2026-05-14T04:58:49Z,lime,lime:1ea4b510fcd0,51.92446,4.47262,False,False,bicycle,electric_assist
2026-05-14T04:58:49Z,lime,lime:d4919af60438,51.92225,4.47143,False,False,bicycle,electric_assist
2026-05-14T04:58:49Z,lime,lime:68fade2a5052,51.92508,4.47418,False,False,bicycle,electric_assist
2026-05-14T04:58:49Z,lime,lime:19f7ce7e18f5,51.93339,4.49969,False,False,bicycle,electric_assist
2026-05-14T04:58:49Z,lime,lime:b1f408802864,51.93381,4.46578,False,False,bicycle,electric_assist
2026-05-14T04:58:49Z,lime,lime:2e68a75a2cc8,51.91145,4.43964,False,False,bicycle,electric_assist
2026-05-14T04:58:49Z,lime,lime:756a7f2e1dc8,51.90933,4.50801,False,False,bicycle,electric_assist
2026-05-14T04:58:49Z,lime,lime:458e74e54b30,51.90701,4.48995,False,False,bicycle,electric_assist
2026-05-14T04:58:49Z,lime,lime:51e75c855a02,51.99248,4.34141,False,False,bicycle,electric_assist
2026-05-14T04:58:49Z,lime,lime:8d7cb168cd3d,51.90446,4.45649,False,False,bicycle,electric_assist
2026-05-14T04:58:49Z,lime,lime:ede095ff9dc7,51.92287,4.46912,False,False,bicycle,electric_assist
2026-05-14T04:58:49Z,lime,lime:9e8048cea55d,51.88639,4.54938,False,False,bicycle,electric_assist
2026-05-14T04:58:49Z,lime,lime:447c3d54fb62,51.92281,4.46962,False,False,bicycle,electric_assist
2026-05-14T04:58:49Z,lime,lime:3dadef707481,51.90721,4.48979,False,False,bicycle,electric_assist
2026-05-14T04:58:49Z,lime,lime:c00d53ab551e,51.96574,4.47972,False,False,bicycle,electric_assist
2026-05-14T04:58:49Z,lime,lime:09feb3093b73,51.94045,4.47975,False,False,bicycle,electric_assist
2026-05-14T04:58:49Z,lime,lime:024cd159cd94,51.93043,4.46432,False,False,bicycle,electric_assist
2026-05-14T04:58:49Z,lime,lime:a9f44aa90a74,51.93476,4.47117,False,False,bicycle,electric_assist
2026-05-14T04:58:49Z,lime,lime:6d5fb38dfaec,51.93035,4.51248,False,False,bicycle,electric_assist
2026-05-14T04:58:49Z,lime,lime:339e77052ea2,51.87428,4.52309,False,False,bicycle,electric_assist
2026-05-14T04:58:49Z,lime,lime:68c576ef19d1,51.91174,4.46613,False,False,bicycle,electric_assist
2026-05-14T04:58:49Z,lime,lime:bd8ecdfbd498,51.91852,4.45172,False,False,bicycle,electric_assist
2026-05-14T04:58:49Z,lime,lime:09bb63634b8d,51.93776,4.45513,False,False,bicycle,electric_assist
2026-05-14T04:58:49Z,lime,lime:d04969f875f5,51.93298,4.48251,False,False,bicycle,electric_assist
2026-05-14T04:58:49Z,lime,lime:dc275b627d4c,51.92225,4.47145,False,False,bicycle,electric_assist
2026-05-14T04:58:49Z,lime,lime:18349592a950,51.92396,4.40315,False,False,bicycle,electric_assist
2026-05-14T04:58:49Z,lime,lime:b20fb09ff824,51.92796,4.48907,False,False,bicycle,electric_assist
2026-05-14T04:58:49Z,lime,lime:a081876f35b4,51.94046,4.47978,False,False,bicycle,electric_assist
2026-05-14T04:58:49Z,lime,lime:0995edc3eb04,51.92227,4.47119,False,False,bicycle,electric_assist
2026-05-14T04:58:49Z,lime,lime:da932162bf1e,51.92233,4.47136,False,False,bicycle,electric_assist
2026-05-14T04:58:49Z,lime,lime:86bfaaa212bc,51.92001,4.48525,False,False,bicycle,electric_assist
2026-05-14T04:58:49Z,lime,lime:2765884f09eb,51.91509,4.5214,False,False,bicycle,electric_assist
2026-05-14T04:58:49Z,lime,lime:549add19a7cb,51.89075,4.51891,False,False,bicycle,electric_assist
2026-05-14T04:58:49Z,lime,lime:e4d31975a968,51.87415,4.49427,False,False,bicycle,electric_assist
2026-05-14T04:58:49Z,lime,lime:0d60bf1ee276,51.91635,4.52372,False,False,bicycle,electric_assist
2026-05-14T04:58:49Z,lime,lime:8fb06518bfb2,51.92075,4.54261,False,False,bicycle,electric_assist
2026-05-14T04:58:49Z,lime,lime:80ec1de4ec7f,51.91917,4.44758,False,False,bicycle,electric_assist
2026-05-14T04:58:49Z,lime,lime:227e0be069dc,51.93519,4.46535,False,False,bicycle,electric_assist
2026-05-14T04:58:49Z,lime,lime:3495645fc99a,51.93247,4.47161,False,False,bicycle,electric_assist
2026-05-14T04:58:49Z,lime,lime:775034f8e406,51.93443,4.46323,False,False,bicycle,electric_assist
2026-05-14T04:58:49Z,lime,lime:39b56faf1853,51.91799,4.41501,False,False,bicycle,electric_assist
2026-05-14T04:58:49Z,lime,lime:a056161c6936,51.91369,4.48044,False,False,bicycle,electric_assist
2026-05-14T04:58:49Z,lime,lime:d93cbd9cacc2,51.89512,4.46827,False,False,bicycle,electric_assist
2026-05-14T04:58:49Z,lime,lime:182ceb1ad5f5,51.91993,4.51082,False,False,bicycle,electric_assist
2026-05-14T04:58:49Z,lime,lime:63482d44341c,51.92169,4.46617,False,False,bicycle,electric_assist
2026-05-14T04:58:49Z,lime,lime:db81af878e24,51.92914,4.50534,False,False,bicycle,electric_assist
2026-05-14T04:58:49Z,lime,lime:02b463001303,51.91114,4.52484,False,False,bicycle,electric_assist
2026-05-14T04:58:49Z,lime,lime:6a56e70e6d9e,51.92218,4.46624,False,False,bicycle,electric_assist
2026-05-14T04:58:49Z,lime,lime:f1872b16aa32,51.92289,4.46936,False,False,bicycle,electric_assist
2026-05-14T04:58:49Z,lime,lime:246a46d7f064,51.92975,4.3938,False,False,bicycle,electric_assist
2026-05-14T04:58:49Z,lime,lime:63dba49b9eb1,51.9894,4.34388,False,False,bicycle,electric_assist
2026-05-14T04:58:49Z,lime,lime:de60061b6203,51.95561,4.46312,True,False,bicycle,electric_assist
2026-05-14T04:58:49Z,lime,lime:a45ae8a8b550,51.92542,4.50616,False,False,bicycle,electric_assist
2026-05-14T04:58:49Z,lime,lime:bfddf088f9e1,51.9293,4.39118,False,False,bicycle,electric_assist
2026-05-14T04:58:49Z,lime,lime:7bca0443cc4b,51.95814,4.5389,False,False,bicycle,electric_assist
2026-05-14T04:58:49Z,lime,lime:f3e678bfce46,51.92893,4.50979,False,False,bicycle,electric_assist
2026-05-14T04:58:49Z,lime,lime:2885affe3779,51.87361,4.48358,False,False,bicycle,electric_assist
2026-05-14T04:58:49Z,lime,lime:1298998717b4,51.91755,4.48799,False,False,bicycle,electric_assist
2026-05-14T04:58:49Z,lime,lime:280dfecb8080,51.9244,4.47261,True,False,bicycle,electric_assist
2026-05-14T04:58:49Z,lime,lime:843dc0cf9307,51.9292,4.5053,False,False,bicycle,electric_assist
2026-05-14T04:58:49Z,lime,lime:37e9a9055cd3,51.94212,4.46058,False,False,bicycle,electric_assist
2026-05-14T04:58:49Z,lime,lime:a2b0ed547956,51.92169,4.42525,False,False,bicycle,electric_assist
2026-05-14T04:58:49Z,lime,lime:b3873027fdae,51.93042,4.45826,False,False,bicycle,electric_assist
2026-05-14T04:58:49Z,lime,lime:371a8bdcccb6,51.91418,4.4961,False,False,bicycle,electric_assist
2026-05-14T04:58:49Z,lime,lime:2ad698811b6e,51.92294,4.46954,False,False,bicycle,electric_assist
2026-05-14T04:58:49Z,lime,lime:98e9deac0324,51.92233,4.47131,False,False,bicycle,electric_assist
2026-05-14T04:58:49Z,lime,lime:d8feffc196c8,51.86856,4.502,False,True,bicycle,electric_assist
2026-05-14T04:58:49Z,lime,lime:f64b5eaa5ffe,51.90563,4.50957,False,False,bicycle,electric_assist
2026-05-14T04:58:49Z,lime,lime:7689463ad762,51.92696,4.40506,False,False,bicycle,electric_assist
2026-05-14T04:58:49Z,lime,lime:88c21264860f,51.92995,4.51185,False,False,bicycle,electric_assist
2026-05-14T04:58:49Z,lime,lime:3781ac8f1ca1,51.94051,4.47978,False,False,bicycle,electric_assist
2026-05-14T04:58:49Z,lime,lime:a5bff533c8f0,51.93227,4.46413,False,False,bicycle,electric_assist
2026-05-14T04:58:49Z,lime,lime:aa01a4ff7b44,51.91593,4.48791,False,False,bicycle,electric_assist
2026-05-14T04:58:49Z,lime,lime:56b1341ce9c7,51.92915,4.50534,False,False,bicycle,electric_assist
2026-05-14T04:58:49Z,lime,lime:70d32cb69c98,51.91352,4.46384,False,False,bicycle,electric_assist
2026-05-14T04:58:49Z,lime,lime:61e4c2012d26,51.91844,4.46623,False,False,bicycle,electric_assist
2026-05-14T04:58:49Z,lime,lime:757f5954c66b,51.91414,4.42233,False,False,bicycle,electric_assist
2026-05-14T04:58:49Z,lime,lime:f0d2e9fcaacd,51.92224,4.47122,False,False,bicycle,electric_assist
2026-05-14T04:58:49Z,lime,lime:f6977e40412a,51.92916,4.46384,False,False,bicycle,electric_assist
2026-05-14T04:58:49Z,lime,lime:e3a30f8edf1c,51.9168,4.48868,False,False,bicycle,electric_assist
2026-05-14T04:58:49Z,lime,lime:536a3754b36b,51.88746,4.45812,False,False,bicycle,electric_assist
2026-05-14T04:58:49Z,lime,lime:d96f5b4dd1ed,51.94594,4.48558,False,False,bicycle,electric_assist
2026-05-14T04:58:49Z,lime,lime:6234211d78a4,51.89684,4.52366,False,False,bicycle,electric_assist
2026-05-14T04:58:49Z,lime,lime:66dd5e902dab,51.93134,4.50922,False,False,bicycle,electric_assist
2026-05-14T04:58:49Z,lime,lime:24ba2427bc6c,51.98428,4.37784,False,False,bicycle,electric_assist
2026-05-14T04:58:49Z,lime,lime:0ef8a0367e9d,51.91083,4.55386,False,False,bicycle,electric_assist
2026-05-14T04:58:49Z,lime,lime:579094230a1f,51.88702,4.52138,False,False,bicycle,electric_assist
2026-05-14T04:58:49Z,lime,lime:88a6eeec2e79,51.93034,4.51245,False,False,bicycle,electric_assist
2026-05-14T04:58:49Z,lime,lime:5b045ec48cc8,51.90851,4.48174,False,False,bicycle,electric_assist
2026-05-14T04:58:49Z,lime,lime:8b02b9ec137b,51.89445,4.48394,False,False,bicycle,electric_assist
2026-05-14T04:58:49Z,lime,lime:fafa0fbc61b5,51.91096,4.49825,False,False,bicycle,electric_assist
2026-05-14T04:58:49Z,lime,lime:509084d0dcd8,51.92068,4.46762,False,False,bicycle,electric_assist
2026-05-14T04:58:49Z,lime,lime:b7d922122ddb,51.87429,4.52313,False,False,bicycle,electric_assist
2026-05-14T04:58:49Z,lime,lime:75cdaa5cc7c0,51.92848,4.37076,False,False,bicycle,electric_assist
2026-05-14T04:58:49Z,lime,lime:e24ae85b36ed,51.90484,4.47465,False,False,bicycle,electric_assist
2026-05-14T04:58:49Z,lime,lime:616d6ad733f1,51.93415,4.47986,False,False,bicycle,electric_assist
2026-05-14T04:58:49Z,lime,lime:da7a799ed39e,51.91572,4.45358,False,False,bicycle,electric_assist
2026-05-14T04:58:49Z,lime,lime:b4bbbea15cd4,51.92916,4.50528,False,False,bicycle,electric_assist
2026-05-14T04:58:49Z,lime,lime:f24f971c59ad,51.93377,4.47389,False,False,bicycle,electric_assist
2026-05-14T04:58:49Z,lime,lime:c93a51eff15c,51.87424,4.52303,False,False,bicycle,electric_assist
2026-05-14T04:58:49Z,lime,lime:8d9ea694137a,51.89851,4.54553,False,False,bicycle,electric_assist
2026-05-14T04:58:49Z,lime,lime:92adf80b1f5c,51.91358,4.46248,False,False,bicycle,electric_assist
2026-05-14T04:58:49Z,lime,lime:d2bb772d3c98,51.92164,4.50708,False,False,bicycle,electric_assist
2026-05-14T04:58:49Z,lime,lime:6e81a98ff437,51.91113,4.47543,False,False,bicycle,electric_assist
2026-05-14T04:58:49Z,lime,lime:72a29bcda42c,51.91181,4.46337,False,False,bicycle,electric_assist
2026-05-14T04:58:49Z,lime,lime:9b31f91fb4e1,51.89235,4.50686,False,False,bicycle,electric_assist
2026-05-14T04:58:49Z,lime,lime:dba84c9ccbbd,51.94157,4.48132,False,False,bicycle,electric_assist
2026-05-14T04:58:49Z,lime,lime:c80c517eee46,51.8745,4.47784,False,False,bicycle,electric_assist
2026-05-14T04:58:49Z,lime,lime:7cab41655010,51.93155,4.50732,False,False,bicycle,electric_assist
2026-05-14T04:58:49Z,lime,lime:4ea2699f473c,51.87426,4.52315,False,False,bicycle,electric_assist
2026-05-14T04:58:49Z,lime,lime:0777ad40cb97,51.92813,4.40649,False,False,bicycle,electric_assist
2026-05-14T04:58:49Z,lime,lime:cc19f80b3995,51.9152,4.47548,False,True,bicycle,electric_assist
2026-05-14T04:58:49Z,lime,lime:577930b7ec0c,51.92018,4.43436,False,False,bicycle,electric_assist
2026-05-14T04:58:49Z,lime,lime:0ee5729697fa,51.92287,4.50855,False,False,bicycle,electric_assist
2026-05-14T04:58:49Z,lime,lime:ee6cf17055b7,51.88848,4.47883,False,False,bicycle,electric_assist
2026-05-14T04:58:49Z,lime,lime:5c7d632bddde,51.9364,4.50621,False,False,bicycle,electric_assist
2026-05-14T04:58:49Z,lime,lime:11fc335c5e35,51.9304,4.47062,False,False,bicycle,electric_assist
2026-05-14T04:58:49Z,lime,lime:46739ea0d05e,51.99109,4.36515,False,False,bicycle,electric_assist
2026-05-14T04:58:49Z,lime,lime:e2453f70172c,51.92283,4.50857,False,False,bicycle,electric_assist
2026-05-14T04:58:49Z,lime,lime:7565efc2da59,51.93245,4.46809,False,False,bicycle,electric_assist
2026-05-14T04:58:49Z,lime,lime:5baaa3f2f32b,51.91774,4.48017,False,False,bicycle,electric_assist
2026-05-14T04:58:49Z,lime,lime:6905e3a60555,51.92229,4.47097,False,False,bicycle,electric_assist
2026-05-14T04:58:49Z,lime,lime:a817d1a98d0e,51.92078,4.54274,False,False,bicycle,electric_assist
2026-05-14T04:58:49Z,lime,lime:b4c6671cd245,51.87848,4.49702,False,False,bicycle,electric_assist
2026-05-14T04:58:49Z,lime,lime:b04b31d23230,51.90844,4.49697,False,False,bicycle,electric_assist
2026-05-14T04:58:49Z,lime,lime:ec7ba1a9eb1e,51.91423,4.49607,False,False,bicycle,electric_assist
2026-05-14T04:58:49Z,lime,lime:1b794732036d,51.91286,4.48079,False,False,bicycle,electric_assist
2026-05-14T04:58:49Z,lime,lime:dcce60e40f4c,51.93523,4.47965,False,False,bicycle,electric_assist
2026-05-14T04:58:49Z,lime,lime:0188c120beaa,51.90782,4.45384,False,False,bicycle,electric_assist
2026-05-14T04:58:49Z,lime,lime:8434b68ce4c7,51.94429,4.47133,False,False,bicycle,electric_assist
2026-05-14T04:58:49Z,lime,lime:2cafd3faaad8,51.90129,4.47966,False,False,bicycle,electric_assist
2026-05-14T04:58:49Z,lime,lime:32f37d2a1b2a,51.91101,4.37641,False,False,bicycle,electric_assist
2026-05-14T04:58:49Z,lime,lime:105c628ac22a,51.94336,4.47665,False,False,bicycle,electric_assist
2026-05-14T04:58:49Z,lime,lime:d074e5b7852c,51.94046,4.47978,False,False,bicycle,electric_assist
2026-05-14T04:58:49Z,lime,lime:1bf17b56e799,51.93215,4.49767,False,False,bicycle,electric_assist
2026-05-14T04:58:49Z,lime,lime:88616d3417f0,51.93786,4.50159,False,False,bicycle,electric_assist
2026-05-14T04:58:49Z,lime,lime:93c7afe4a7e2,51.94767,4.54474,False,False,bicycle,electric_assist
2026-05-14T04:58:49Z,lime,lime:b90a02b8266f,51.91936,4.53772,False,False,bicycle,electric_assist
2026-05-14T04:58:49Z,lime,lime:42e8b265fc03,51.87426,4.52312,False,False,bicycle,electric_assist
2026-05-14T04:58:49Z,lime,lime:cfc151e72770,51.9168,4.4021,False,False,bicycle,electric_assist
2026-05-14T04:58:49Z,lime,lime:8bafb1a67743,51.92567,4.51757,False,False,bicycle,electric_assist
2026-05-14T04:58:49Z,lime,lime:4abf25f7c732,51.93635,4.5062,False,False,bicycle,electric_assist
2026-05-14T04:58:49Z,lime,lime:9ffe33b82354,51.94628,4.48625,False,False,bicycle,electric_assist
2026-05-14T04:58:49Z,lime,lime:82d0f65115b1,51.90699,4.48957,False,False,bicycle,electric_assist
2026-05-14T04:58:49Z,lime,lime:ff514a02ef16,51.91592,4.44995,False,False,bicycle,electric_assist
2026-05-14T04:58:49Z,lime,lime:9ca04370f35e,51.91951,4.41037,False,False,bicycle,electric_assist
2026-05-14T04:58:49Z,lime,lime:bee765c8c374,51.91623,4.49021,False,False,bicycle,electric_assist
2026-05-14T04:58:49Z,lime,lime:4ff88626ac3b,51.94162,4.48129,False,False,bicycle,electric_assist
2026-05-14T04:58:49Z,lime,lime:e18c165aeb1d,51.99109,4.36516,False,False,bicycle,electric_assist
2026-05-14T04:58:49Z,lime,lime:e0f449643f97,51.92409,4.51392,False,False,bicycle,electric_assist
2026-05-14T04:58:49Z,lime,lime:29bfc1c2c293,51.92322,4.49343,False,False,bicycle,electric_assist
2026-05-14T04:58:49Z,lime,lime:be80fa48152b,51.94215,4.46051,False,False,bicycle,electric_assist
2026-05-14T04:58:49Z,lime,lime:c851d8926b4b,51.92537,4.5089,False,False,bicycle,electric_assist
2026-05-14T04:58:49Z,lime,lime:e6d2fe887b21,51.91908,4.41831,False,False,bicycle,electric_assist
2026-05-14T04:58:49Z,lime,lime:1ffd99995cf4,51.92977,4.51177,False,False,bicycle,electric_assist
2026-05-14T04:58:49Z,lime,lime:f12cc01dc2be,51.93726,4.46848,False,False,bicycle,electric_assist
2026-05-14T04:58:49Z,lime,lime:a445dc917ad7,51.92078,4.40824,False,False,bicycle,electric_assist
2026-05-14T04:58:49Z,lime,lime:8d7637409ba1,51.92904,4.44368,False,False,bicycle,electric_assist
2026-05-14T04:58:49Z,lime,lime:e744b78f4e14,51.92717,4.45733,False,False,bicycle,electric_assist
2026-05-14T04:58:49Z,lime,lime:34edce214050,51.92324,4.49349,False,False,bicycle,electric_assist
2026-05-14T04:58:49Z,lime,lime:c792dfc1c207,51.93614,4.46611,False,False,bicycle,electric_assist
2026-05-14T04:58:49Z,lime,lime:eb32a77200e1,51.92225,4.47155,False,False,bicycle,electric_assist
2026-05-14T04:58:49Z,lime,lime:ae6131269600,51.96465,4.53283,False,False,bicycle,electric_assist
2026-05-14T04:58:49Z,lime,lime:a83ebb2fffa9,51.91056,4.47396,False,False,bicycle,electric_assist
2026-05-14T04:58:49Z,lime,lime:aedcee0ff098,51.92879,4.47879,False,False,bicycle,electric_assist
2026-05-14T04:58:49Z,lime,lime:7fe63df6b456,51.93786,4.50165,False,False,bicycle,electric_assist
2026-05-14T04:58:49Z,lime,lime:ee725dd1ba50,51.92733,4.44065,False,False,bicycle,electric_assist
2026-05-14T04:58:49Z,lime,lime:56ed2a8072f6,51.90969,4.46317,False,False,bicycle,electric_assist
2026-05-14T04:58:49Z,lime,lime:0881712f77a3,51.9405,4.47294,False,False,bicycle,electric_assist
2026-05-14T04:58:49Z,lime,lime:999b1f7eae51,51.92829,4.51512,True,False,bicycle,electric_assist
2026-05-14T04:58:49Z,lime,lime:68d58303c314,51.89071,4.47619,False,False,bicycle,electric_assist
2026-05-14T04:58:49Z,lime,lime:4da15937972a,51.91563,4.48877,False,False,bicycle,electric_assist
2026-05-14T04:58:49Z,lime,lime:5519812a7670,51.91454,4.40191,False,False,bicycle,electric_assist
2026-05-14T04:58:49Z,lime,lime:f8ef75e26750,51.9143,4.44633,False,False,bicycle,electric_assist
2026-05-14T04:58:49Z,lime,lime:ebcdde6805cb,51.94048,4.47973,False,False,bicycle,electric_assist
2026-05-14T04:58:49Z,lime,lime:7ed719170488,51.92498,4.50124,False,False,bicycle,electric_assist
2026-05-14T04:58:49Z,lime,lime:085f3db9735f,51.87427,4.52313,False,False,bicycle,electric_assist
2026-05-14T04:58:49Z,lime,lime:0e2b8754fa0e,51.89304,4.49167,False,False,bicycle,electric_assist
2026-05-14T04:58:49Z,lime,lime:1de492679b77,51.90733,4.40226,False,False,bicycle,electric_assist
2026-05-14T04:58:49Z,lime,lime:a713c89d3e01,51.93251,4.47155,False,False,bicycle,electric_assist
2026-05-14T04:58:49Z,lime,lime:e545856a2773,51.94185,4.54643,False,False,bicycle,electric_assist
2026-05-14T04:58:49Z,lime,lime:336654182bc1,51.92161,4.50712,False,False,bicycle,electric_assist
2026-05-14T04:58:49Z,lime,lime:fb16a889ed4b,51.9014,4.50909,False,False,bicycle,electric_assist
2026-05-14T04:58:49Z,lime,lime:1a2cea28de2d,51.92081,4.54254,False,False,bicycle,electric_assist
2026-05-14T04:58:49Z,lime,lime:764984d6a2fa,51.88415,4.47453,False,False,bicycle,electric_assist
2026-05-14T04:58:49Z,lime,lime:08b82659feb2,51.93578,4.46236,False,False,bicycle,electric_assist
2026-05-14T04:58:49Z,lime,lime:afb4a1101cdd,51.88098,4.49698,False,False,bicycle,electric_assist
2026-05-14T04:58:49Z,lime,lime:a79fe2ae6cef,51.89613,4.51501,False,False,bicycle,electric_assist
2026-05-14T04:58:49Z,lime,lime:6393cf6fb388,51.91582,4.48296,False,False,bicycle,electric_assist
2026-05-14T04:58:49Z,lime,lime:937bc8651ab9,51.93143,4.50711,False,False,bicycle,electric_assist
2026-05-14T04:58:49Z,lime,lime:e27f8e60e8fb,51.92264,4.42894,False,False,bicycle,electric_assist
2026-05-14T04:58:49Z,lime,lime:d4ac27eba64b,51.88895,4.47571,False,False,bicycle,electric_assist
2026-05-14T04:58:49Z,lime,lime:3891dc3be07b,51.93028,4.48375,False,False,bicycle,electric_assist
2026-05-14T04:58:49Z,lime,lime:8a059671d230,51.93636,4.50618,False,False,bicycle,electric_assist
2026-05-14T04:58:49Z,lime,lime:8c15ecef20c6,51.93736,4.5517,False,False,bicycle,electric_assist
2026-05-14T04:58:49Z,lime,lime:2a7f83a79f78,51.885,4.45906,False,False,bicycle,electric_assist
2026-05-14T04:58:49Z,lime,lime:c25b73282572,51.99371,4.38652,False,False,bicycle,electric_assist
2026-05-14T04:58:49Z,lime,lime:9dec00507573,51.90295,4.51136,False,False,bicycle,electric_assist
2026-05-14T04:58:49Z,lime,lime:e64ba86cab6e,51.92284,4.46961,False,False,bicycle,electric_assist
2026-05-14T04:58:49Z,lime,lime:91d2b7cf7c67,51.91344,4.48482,False,False,bicycle,electric_assist
2026-05-14T04:58:49Z,lime,lime:a80972cddc38,51.91622,4.52551,False,False,bicycle,electric_assist
2026-05-14T04:58:49Z,lime,lime:0d32b1091854,51.90556,4.50955,False,False,bicycle,electric_assist
2026-05-14T04:58:49Z,lime,lime:f9e30ad1e5a0,51.92917,4.50524,False,False,bicycle,electric_assist
2026-05-14T04:58:49Z,lime,lime:07536f790774,51.9157,4.46271,False,False,bicycle,electric_assist
2026-05-14T04:58:49Z,lime,lime:49a0f4179dc7,51.92218,4.4707,False,False,bicycle,electric_assist
2026-05-14T04:58:49Z,lime,lime:b46d24aa10bc,51.93333,4.50291,False,False,bicycle,electric_assist
2026-05-14T04:58:49Z,lime,lime:fa04444ec0c2,51.93552,4.49989,False,False,bicycle,electric_assist
2026-05-14T04:58:49Z,lime,lime:33ca800b68d9,51.93241,4.48474,False,False,bicycle,electric_assist
2026-05-14T04:58:49Z,lime,lime:058263efe174,51.92191,4.45162,False,False,bicycle,electric_assist
2026-05-14T04:58:49Z,lime,lime:0a23d39dc9dc,51.8749,4.46791,False,False,bicycle,electric_assist
2026-05-14T04:58:49Z,lime,lime:f6f2a67496d7,51.92236,4.4713,False,False,bicycle,electric_assist
2026-05-14T04:58:49Z,lime,lime:00df3104baa8,51.91625,4.44669,False,True,bicycle,electric_assist
2026-05-14T04:58:49Z,lime,lime:9eede64f54ad,51.90301,4.51136,False,False,bicycle,electric_assist
2026-05-14T04:58:49Z,lime,lime:257e2ade72f8,51.93617,4.46211,False,False,bicycle,electric_assist
2026-05-14T04:58:49Z,lime,lime:1a3398749061,51.90949,4.44043,False,False,bicycle,electric_assist
2026-05-14T04:58:49Z,lime,lime:e4c39f797d8d,51.91673,4.5278,False,False,bicycle,electric_assist
2026-05-14T04:58:49Z,lime,lime:26b2da67b884,51.89114,4.47186,False,False,bicycle,electric_assist
2026-05-14T04:58:49Z,lime,lime:7d6da0c2c559,51.87487,4.46786,False,False,bicycle,electric_assist
2026-05-14T04:58:49Z,lime,lime:523fb88dc914,51.91759,4.4536,False,False,bicycle,electric_assist
2026-05-14T04:58:49Z,lime,lime:92c016c9b348,51.9229,4.46972,False,False,bicycle,electric_assist
2026-05-14T04:58:49Z,lime,lime:7e076e95bb34,51.92918,4.5053,False,False,bicycle,electric_assist
2026-05-14T04:58:49Z,lime,lime:d6cd642e8f46,51.91237,4.49304,False,False,bicycle,electric_assist
2026-05-14T04:58:49Z,lime,lime:45cf0713b67f,51.91414,4.42227,False,False,bicycle,electric_assist
2026-05-14T04:58:49Z,lime,lime:0afd7cf8d3f1,51.93041,4.45827,False,False,bicycle,electric_assist
2026-05-14T04:58:49Z,lime,lime:bce2b20210fb,51.94211,4.46052,True,False,bicycle,electric_assist
2026-05-14T04:58:49Z,lime,lime:abe4243609e5,51.91194,4.51146,False,False,bicycle,electric_assist
2026-05-14T04:58:49Z,lime,lime:fe137d56dc45,51.89235,4.50686,False,False,bicycle,electric_assist
2026-05-14T04:58:49Z,lime,lime:d5ba754ce151,51.91698,4.52776,False,False,bicycle,electric_assist
2026-05-14T04:58:49Z,lime,lime:921aa7e22dda,51.92279,4.46949,False,False,bicycle,electric_assist
2026-05-14T04:58:49Z,lime,lime:d36798b9b138,51.93359,4.44073,False,False,bicycle,electric_assist
2026-05-14T04:58:49Z,lime,lime:da9cef328403,51.91174,4.46319,False,False,bicycle,electric_assist
2026-05-14T04:58:49Z,lime,lime:953220d5898e,51.92431,4.47288,False,False,bicycle,electric_assist
2026-05-14T04:58:49Z,lime,lime:c59ae29dbdc8,51.92221,4.47126,False,False,bicycle,electric_assist
2026-05-14T04:58:49Z,lime,lime:3e071025597e,51.92744,4.38037,False,False,bicycle,electric_assist
2026-05-14T04:58:49Z,lime,lime:bc66bfef2211,51.90931,4.52352,False,False,bicycle,electric_assist
2026-05-14T04:58:49Z,lime,lime:cd2157ec9d11,51.91181,4.46643,False,False,bicycle,electric_assist
2026-05-14T04:58:49Z,lime,lime:1b871438ccd8,51.93147,4.46156,False,False,bicycle,electric_assist
2026-05-14T04:58:49Z,lime,lime:4239e5d27ad8,51.92779,4.55541,False,False,bicycle,electric_assist
2026-05-14T04:58:49Z,lime,lime:b9f3ca1343ef,51.89065,4.51424,False,False,bicycle,electric_assist
2026-05-14T04:58:49Z,lime,lime:f0841c206c21,51.90721,4.48975,False,False,bicycle,electric_assist
2026-05-14T04:58:49Z,lime,lime:ef4e428c3aa1,51.92977,4.48933,False,False,bicycle,electric_assist
2026-05-14T04:58:49Z,lime,lime:b541fa7155a3,51.91425,4.50279,False,False,bicycle,electric_assist
2026-05-14T04:58:49Z,lime,lime:ab7e3ad6d94e,51.93255,4.48423,False,False,bicycle,electric_assist
2026-05-14T04:58:49Z,lime,lime:ff9af85549c9,51.93676,4.46395,False,False,bicycle,electric_assist
2026-05-14T04:58:49Z,lime,lime:b9482219c694,51.91333,4.44724,False,False,bicycle,electric_assist
2026-05-14T04:58:49Z,lime,lime:3121fd00117d,51.93034,4.45638,False,False,bicycle,electric_assist
2026-05-14T04:58:49Z,lime,lime:e5a907660651,51.93347,4.4689,False,False,bicycle,electric_assist
2026-05-14T04:58:49Z,lime,lime:edededbc3d78,51.94789,4.50623,False,False,bicycle,electric_assist
2026-05-14T04:58:49Z,lime,lime:7a93fc208dbc,51.92224,4.47117,False,False,bicycle,electric_assist
2026-05-14T04:58:49Z,lime,lime:cc4ab9cea4ea,51.94243,4.5379,False,False,bicycle,electric_assist
2026-05-14T04:58:49Z,lime,lime:0c3769b5debb,51.93217,4.49765,False,False,bicycle,electric_assist
2026-05-14T04:58:49Z,lime,lime:278a63d0db35,51.94712,4.56452,False,False,bicycle,electric_assist
2026-05-14T04:58:49Z,lime,lime:c217ae587702,51.94326,4.47555,False,False,bicycle,electric_assist
2026-05-14T04:58:49Z,lime,lime:880bbe779d03,51.92467,4.49044,False,False,bicycle,electric_assist
2026-05-14T04:58:49Z,lime,lime:595873298ccd,51.95801,4.56232,False,False,bicycle,electric_assist
2026-05-14T04:58:49Z,lime,lime:feb49b8a806f,51.91443,4.44455,False,False,bicycle,electric_assist
2026-05-14T04:58:49Z,lime,lime:3948be45cef4,51.91069,4.49179,False,False,bicycle,electric_assist
2026-05-14T04:58:49Z,lime,lime:70aa837624ae,51.92438,4.47255,False,False,bicycle,electric_assist
2026-05-14T04:58:49Z,lime,lime:1575f0dc7e2b,51.88264,4.52117,False,False,bicycle,electric_assist
2026-05-14T04:58:49Z,lime,lime:9fc23c50f572,51.92006,4.45233,False,False,bicycle,electric_assist
2026-05-14T04:58:49Z,lime,lime:4fcfb794431d,51.9289,4.50974,False,False,bicycle,electric_assist
2026-05-14T04:58:49Z,lime,lime:4c2590d96c98,51.90875,4.4787,False,False,bicycle,electric_assist
2026-05-14T04:58:49Z,lime,lime:423c4f95d43a,51.92446,4.47259,False,False,bicycle,electric_assist
2026-05-14T04:58:49Z,lime,lime:ba8493f7b92a,51.91906,4.52708,False,False,bicycle,electric_assist
2026-05-14T04:58:49Z,lime,lime:d64e70a234c7,51.92274,4.46955,False,False,bicycle,electric_assist
2026-05-14T04:58:49Z,lime,lime:636d685e4c87,51.91523,4.52636,False,False,bicycle,electric_assist
2026-05-14T04:58:49Z,lime,lime:cb3106714246,51.9174,4.42995,False,False,bicycle,electric_assist
2026-05-14T04:58:49Z,lime,lime:197989187364,51.89541,4.51388,False,False,bicycle,electric_assist
2026-05-14T04:58:49Z,lime,lime:38c9c6c8c408,51.91085,4.47274,False,False,bicycle,electric_assist
2026-05-14T04:58:49Z,lime,lime:d35672ba014a,51.9066,4.46283,False,False,bicycle,electric_assist
2026-05-14T04:58:49Z,lime,lime:da08d99fd26b,51.90662,4.46291,False,False,bicycle,electric_assist
2026-05-14T04:58:49Z,lime,lime:8958a1780e3e,51.91624,4.41182,False,False,bicycle,electric_assist
2026-05-14T04:58:49Z,lime,lime:071c3081890d,51.92783,4.51464,False,False,bicycle,electric_assist
2026-05-14T04:58:49Z,lime,lime:e37dcfbf44f6,51.96192,4.52908,False,False,bicycle,electric_assist
2026-05-14T04:58:49Z,lime,lime:e17a79c0fe9c,51.90035,4.39866,False,False,bicycle,electric_assist
2026-05-14T04:58:49Z,lime,lime:11933ee62b5c,51.91784,4.44508,False,False,bicycle,electric_assist
2026-05-14T04:58:49Z,lime,lime:debd502aec3e,51.90294,4.51141,False,False,bicycle,electric_assist
2026-05-14T04:58:49Z,lime,lime:176eb535f142,51.90533,4.49989,False,False,bicycle,electric_assist
2026-05-14T04:58:49Z,lime,lime:9791c9b49637,51.92019,4.50502,False,False,bicycle,electric_assist
2026-05-14T04:58:49Z,lime,lime:f0c5d3b70c63,51.90935,4.50809,False,False,bicycle,electric_assist
2026-05-14T04:58:49Z,lime,lime:d490ede32b0e,51.92525,4.4195,False,False,bicycle,electric_assist
2026-05-14T04:58:49Z,lime,lime:42f169db9c2c,51.93618,4.46216,False,False,bicycle,electric_assist
2026-05-14T04:58:49Z,lime,lime:f33761874bab,51.92438,4.4726,False,False,bicycle,electric_assist
2026-05-14T04:58:49Z,lime,lime:dd5555325599,51.90629,4.45995,False,False,bicycle,electric_assist
2026-05-14T04:58:49Z,lime,lime:39e9038fe7cb,51.90809,4.37258,False,False,bicycle,electric_assist
2026-05-14T04:58:49Z,lime,lime:35be63636119,51.93202,4.46725,False,False,bicycle,electric_assist
2026-05-14T04:58:49Z,lime,lime:37fba8e8de20,51.90565,4.50955,False,False,bicycle,electric_assist
2026-05-14T04:58:49Z,lime,lime:215830109b89,51.9151,4.52153,False,False,bicycle,electric_assist
2026-05-14T04:58:49Z,lime,lime:c7dd9800e22a,51.91689,4.46946,False,False,bicycle,electric_assist
2026-05-14T04:58:49Z,lime,lime:e2168f39860a,51.90708,4.46299,False,False,bicycle,electric_assist
2026-05-14T04:58:49Z,lime,lime:6a9f55df6320,51.89275,4.47788,False,False,bicycle,electric_assist
2026-05-14T04:58:49Z,lime,lime:8fba0cd3f003,51.91734,4.42046,False,False,bicycle,electric_assist
2026-05-14T04:58:49Z,lime,lime:cf1e7eefaa3d,51.91373,4.46661,False,False,bicycle,electric_assist
2026-05-14T04:58:49Z,lime,lime:5757e2ed50dd,51.91897,4.52807,False,False,bicycle,electric_assist
2026-05-14T04:58:49Z,lime,lime:5291f8d6f0a9,51.88866,4.46942,False,False,bicycle,electric_assist
2026-05-14T04:58:49Z,lime,lime:ee0c0aad0de7,51.91077,4.55388,False,False,bicycle,electric_assist
2026-05-14T04:58:49Z,lime,lime:8f4c45cce6f4,51.98807,4.34377,False,False,bicycle,electric_assist
2026-05-14T04:58:49Z,lime,lime:8f1008b7fb4e,51.95758,4.48869,False,False,bicycle,electric_assist
2026-05-14T04:58:49Z,lime,lime:3ae7b17e4d09,51.88655,4.5041,False,False,bicycle,electric_assist
2026-05-14T04:58:49Z,lime,lime:808011ca236c,51.8802,4.50394,False,False,bicycle,electric_assist
2026-05-14T04:58:49Z,lime,lime:f14c7647d84e,51.93859,4.47972,False,False,bicycle,electric_assist
2026-05-14T04:58:49Z,lime,lime:d5f8cd321ac4,51.92279,4.46928,False,False,bicycle,electric_assist
2026-05-14T04:58:49Z,lime,lime:3723b3964ba1,51.92078,4.40812,False,False,bicycle,electric_assist
2026-05-14T04:58:49Z,lime,lime:f655f4d0fc26,51.91186,4.46647,False,False,bicycle,electric_assist
2026-05-14T04:58:49Z,lime,lime:4c498bd6df05,51.92771,4.48142,False,False,bicycle,electric_assist
2026-05-14T04:58:49Z,lime,lime:08854637520c,51.91364,4.4596,False,False,bicycle,electric_assist
2026-05-14T04:58:49Z,lime,lime:ce4a5105e152,51.93251,4.45709,False,False,bicycle,electric_assist
2026-05-14T04:58:49Z,lime,lime:5e11186d155c,51.92249,4.50323,False,False,bicycle,electric_assist
2026-05-14T04:58:49Z,lime,lime:51980e2bf69d,51.92441,4.4725,False,False,bicycle,electric_assist
2026-05-14T04:58:49Z,lime,lime:a0cc35b88723,51.914,4.43839,False,False,bicycle,electric_assist
2026-05-14T04:58:49Z,lime,lime:d461edd3645b,51.96275,4.46738,False,False,bicycle,electric_assist
2026-05-14T04:58:49Z,lime,lime:ba2c10034f25,51.93226,4.46417,False,False,bicycle,electric_assist
2026-05-14T04:58:49Z,lime,lime:894da41f0ab2,51.89562,4.50643,False,False,bicycle,electric_assist
2026-05-14T04:58:49Z,lime,lime:fc60d86d316b,51.90566,4.46288,False,False,bicycle,electric_assist
2026-05-14T04:58:49Z,lime,lime:4caf9906d8e8,51.92097,4.55921,False,False,bicycle,electric_assist
2026-05-14T04:58:49Z,lime,lime:a66ee87dca02,51.94634,4.46811,False,False,bicycle,electric_assist
2026-05-14T04:58:49Z,lime,lime:cdb195e1e579,51.92848,4.37081,False,False,bicycle,electric_assist
2026-05-14T04:58:49Z,lime,lime:6aaa12306c7d,51.92511,4.4743,False,False,bicycle,electric_assist
2026-05-14T04:58:49Z,lime,lime:4215643b9b71,51.9223,4.47123,False,False,bicycle,electric_assist
2026-05-14T04:58:49Z,lime,lime:97949d902125,51.91146,4.44402,False,False,bicycle,electric_assist
2026-05-14T04:58:49Z,lime,lime:4cb207039e8c,51.9255,4.50876,False,False,bicycle,electric_assist
2026-05-14T04:58:49Z,lime,lime:876433550acd,51.9041,4.4568,False,False,bicycle,electric_assist
2026-05-14T04:58:49Z,lime,lime:96ae9263fa31,51.88964,4.49607,False,False,bicycle,electric_assist
2026-05-14T04:58:49Z,lime,lime:99aae60b427f,51.92326,4.49347,True,False,bicycle,electric_assist
2026-05-14T04:58:49Z,lime,lime:fda0b2c8f10a,51.92974,4.44704,False,False,bicycle,electric_assist
2026-05-14T04:58:49Z,lime,lime:d9e726c883a7,51.92846,4.3708,False,False,bicycle,electric_assist
2026-05-14T04:58:49Z,lime,lime:f1119df14b12,51.92202,4.47125,False,False,bicycle,electric_assist
2026-05-14T04:58:49Z,lime,lime:bd4c5237992a,51.93003,4.47483,False,False,bicycle,electric_assist
2026-05-14T04:58:49Z,lime,lime:496aa3d0da5e,51.91136,4.51299,False,False,bicycle,electric_assist
2026-05-14T04:58:49Z,lime,lime:2cd49bcc340b,51.90847,4.4376,False,False,bicycle,electric_assist
2026-05-14T04:58:49Z,lime,lime:54dc8f5b50fe,51.89264,4.47818,False,False,bicycle,electric_assist
2026-05-14T04:58:49Z,lime,lime:469b70765436,51.91885,4.48269,False,False,bicycle,electric_assist
2026-05-14T04:58:49Z,lime,lime:f8361fc2e978,51.92546,4.50617,False,False,bicycle,electric_assist
2026-05-14T04:58:49Z,lime,lime:ec9ccf0cc6e5,51.94246,4.53787,False,False,bicycle,electric_assist
2026-05-14T04:58:49Z,lime,lime:77a06ef7351b,51.91839,4.44995,False,False,bicycle,electric_assist
2026-05-14T04:58:49Z,lime,lime:c35d0b57c07f,51.90228,4.50281,False,False,bicycle,electric_assist
2026-05-14T04:58:49Z,lime,lime:42d546f3d133,51.91615,4.50079,False,False,bicycle,electric_assist
2026-05-14T04:58:49Z,lime,lime:05b552757b62,51.87239,4.52011,False,False,bicycle,electric_assist
2026-05-14T04:58:49Z,lime,lime:11a4ebb6a0a7,51.92153,4.50719,False,False,bicycle,electric_assist
2026-05-14T04:58:49Z,lime,lime:d6c114f9981f,51.90743,4.44717,False,False,bicycle,electric_assist
2026-05-14T04:58:49Z,lime,lime:3d93711962ec,51.93791,4.50168,False,False,bicycle,electric_assist
2026-05-14T04:58:49Z,lime,lime:6db70881e907,51.92916,4.5089,False,False,bicycle,electric_assist
2026-05-14T04:58:49Z,lime,lime:fab4db603bea,51.92225,4.47126,False,False,bicycle,electric_assist
2026-05-14T04:58:49Z,lime,lime:568f4aae0361,51.88636,4.54934,False,False,bicycle,electric_assist
2026-05-14T04:58:49Z,lime,lime:3ba142a661de,51.91967,4.50821,False,False,bicycle,electric_assist
2026-05-14T04:58:49Z,lime,lime:87cb081a6c0b,51.92446,4.47265,False,False,bicycle,electric_assist
2026-05-14T04:58:49Z,lime,lime:0668a9fab3c1,51.93786,4.50161,False,False,bicycle,electric_assist
2026-05-14T04:58:49Z,lime,lime:64a31ddde937,51.91923,4.39233,False,False,bicycle,electric_assist
2026-05-14T04:58:49Z,lime,lime:ad29ba21bb45,51.93146,4.46162,False,False,bicycle,electric_assist
2026-05-14T04:58:49Z,lime,lime:a6b1effadd18,51.92523,4.47401,False,False,bicycle,electric_assist
2026-05-14T04:58:49Z,lime,lime:423e4d9f7429,51.93665,4.46138,False,False,bicycle,electric_assist
2026-05-14T04:58:49Z,lime,lime:99d618345fce,51.90729,4.4733,False,False,bicycle,electric_assist
2026-05-14T04:58:49Z,lime,lime:568f2bc50166,51.8864,4.5493,False,False,bicycle,electric_assist
2026-05-14T04:58:49Z,lime,lime:ab1d87f5fc71,51.92224,4.50233,False,False,bicycle,electric_assist
2026-05-14T04:58:49Z,lime,lime:b319f9025dff,51.92223,4.47134,False,False,bicycle,electric_assist
2026-05-14T04:58:49Z,lime,lime:895172958057,51.87431,4.52319,False,False,bicycle,electric_assist
2026-05-14T04:58:49Z,lime,lime:f68eedd55d10,51.91588,4.53146,False,False,bicycle,electric_assist
2026-05-14T04:58:49Z,lime,lime:e749868a0501,51.91781,4.51807,False,False,bicycle,electric_assist
2026-05-14T04:58:49Z,lime,lime:3690b231d4d7,51.88404,4.47314,False,False,bicycle,electric_assist
2026-05-14T04:58:49Z,lime,lime:ed3935cc64dc,51.91468,4.48216,False,False,bicycle,electric_assist
2026-05-14T04:58:49Z,lime,lime:cd4b293e609a,51.89212,4.46909,False,False,bicycle,electric_assist
2026-05-14T04:58:49Z,lime,lime:96f422700791,51.93633,4.50618,False,False,bicycle,electric_assist
2026-05-14T04:58:49Z,lime,lime:6226cbc5dbbb,51.90487,4.4632,False,False,bicycle,electric_assist
2026-05-14T04:58:49Z,lime,lime:438fa8bbe64f,51.94787,4.50611,False,False,bicycle,electric_assist
2026-05-14T04:58:49Z,lime,lime:c238fe28d40b,51.92523,4.47416,False,False,bicycle,electric_assist
2026-05-14T04:58:49Z,lime,lime:be49b92c7831,51.98517,4.36391,False,False,bicycle,electric_assist
2026-05-14T04:58:49Z,lime,lime:63bc35509be0,51.93245,4.46806,False,False,bicycle,electric_assist
2026-05-14T04:58:49Z,lime,lime:1a4df4688332,51.93774,4.54901,False,False,bicycle,electric_assist
2026-05-14T04:58:49Z,lime,lime:b26aafe4c88e,51.91323,4.48201,False,False,bicycle,electric_assist
2026-05-14T04:58:49Z,lime,lime:81671795993a,51.91011,4.45223,False,False,bicycle,electric_assist
2026-05-14T04:58:49Z,lime,lime:321480c5642c,51.93791,4.50169,False,False,bicycle,electric_assist
2026-05-14T04:58:49Z,lime,lime:f953da56171f,51.91638,4.5241,False,False,bicycle,electric_assist
2026-05-14T04:58:49Z,lime,lime:b943b03a4014,51.92127,4.44925,False,False,bicycle,electric_assist
2026-05-14T04:58:49Z,lime,lime:933a16c40166,51.98825,4.34542,False,False,bicycle,electric_assist
2026-05-14T04:58:49Z,lime,lime:408140ab2339,51.90854,4.48173,False,False,bicycle,electric_assist
2026-05-14T04:58:49Z,lime,lime:d996bed7df0c,51.92165,4.50703,False,False,bicycle,electric_assist
2026-05-14T04:58:49Z,lime,lime:770350351d28,51.88962,4.49595,False,False,bicycle,electric_assist
2026-05-14T04:58:49Z,lime,lime:d8fcc1bdb4f9,51.90965,4.46329,False,False,bicycle,electric_assist
2026-05-14T04:58:49Z,lime,lime:8b478db554a8,51.99437,4.38739,False,False,bicycle,electric_assist
2026-05-14T04:58:49Z,lime,lime:700ba286ba11,51.92151,4.50713,False,False,bicycle,electric_assist
2026-05-14T04:58:49Z,lime,lime:92455f94c786,51.92552,4.50882,False,False,bicycle,electric_assist
2026-05-14T04:58:49Z,lime,lime:8ca5c9969685,51.91247,4.45207,False,False,bicycle,electric_assist
2026-05-14T04:58:49Z,lime,lime:22fe6de77476,51.90723,4.47331,False,False,bicycle,electric_assist
2026-05-14T04:58:49Z,lime,lime:9ca6327052df,51.92573,4.4548,False,False,bicycle,electric_assist
2026-05-14T04:58:49Z,lime,lime:b3e306c8d7ad,51.92287,4.542,False,False,bicycle,electric_assist
2026-05-14T04:58:49Z,lime,lime:4b134fc1d8c8,51.93102,4.506,False,False,bicycle,electric_assist
2026-05-14T04:58:49Z,lime,lime:a829dce80328,51.91839,4.48396,False,False,bicycle,electric_assist
2026-05-14T04:58:49Z,lime,lime:176b741d1980,51.9016,4.47848,False,False,bicycle,electric_assist
2026-05-14T04:58:49Z,lime,lime:3fb64f53ada9,51.93342,4.47954,False,False,bicycle,electric_assist
2026-05-14T04:58:49Z,lime,lime:c0d4bf00d24b,51.91414,4.4223,False,False,bicycle,electric_assist
2026-05-14T04:58:49Z,lime,lime:99939bdcbfc9,51.92546,4.50617,False,False,bicycle,electric_assist
2026-05-14T04:58:49Z,lime,lime:abfa52497388,51.92465,4.51702,False,False,bicycle,electric_assist
2026-05-14T04:58:49Z,lime,lime:076304f5c103,51.87751,4.47847,False,False,bicycle,electric_assist
2026-05-14T04:58:49Z,lime,lime:d89d5478be3f,51.90535,4.45604,False,False,bicycle,electric_assist
2026-05-14T04:58:49Z,lime,lime:12800c4919d5,51.88655,4.5494,False,False,bicycle,electric_assist
2026-05-14T04:58:49Z,lime,lime:d3321fb7fddb,51.94995,4.46793,False,False,bicycle,electric_assist
2026-05-14T04:58:49Z,lime,lime:749adc819386,51.89113,4.46391,False,False,bicycle,electric_assist
2026-05-14T04:58:49Z,lime,lime:b21c613a4b01,51.9196,4.45349,False,False,bicycle,electric_assist
2026-05-14T04:58:49Z,lime,lime:2e6d9a198654,51.89819,4.47442,False,False,bicycle,electric_assist
2026-05-14T04:58:49Z,lime,lime:449cef37bf0b,51.9087,4.49909,False,False,bicycle,electric_assist
2026-05-14T04:58:49Z,lime,lime:a5afc947e5c3,51.95809,4.53894,False,False,bicycle,electric_assist
2026-05-14T04:58:49Z,lime,lime:95c12b36baf9,51.89741,4.46284,False,False,bicycle,electric_assist
2026-05-14T04:58:49Z,lime,lime:aafaac4b7696,51.90508,4.44019,False,False,bicycle,electric_assist
2026-05-14T04:58:49Z,lime,lime:105f25fa6311,51.88502,4.45899,False,False,bicycle,electric_assist
2026-05-14T04:58:49Z,lime,lime:e4bf92e39255,51.90501,4.44013,False,False,bicycle,electric_assist
2026-05-14T04:58:49Z,lime,lime:1945b235c62a,51.92824,4.36226,False,False,bicycle,electric_assist
2026-05-14T04:58:49Z,lime,lime:3917ca646ad1,51.92783,4.50992,False,False,bicycle,electric_assist
2026-05-14T04:58:49Z,lime,lime:bb7d6c1a45b2,51.94051,4.47977,False,False,bicycle,electric_assist
2026-05-14T04:58:49Z,lime,lime:bcc63af0ebd3,51.93302,4.47904,False,False,bicycle,electric_assist
2026-05-14T04:58:49Z,lime,lime:a035a64bbc82,51.91489,4.49902,False,False,bicycle,electric_assist
2026-05-14T04:58:49Z,lime,lime:d40e4848ae3d,51.91358,4.50155,False,False,bicycle,electric_assist
2026-05-14T04:58:49Z,lime,lime:def160a3e2d2,51.94266,4.47127,False,False,bicycle,electric_assist
2026-05-14T04:58:49Z,lime,lime:da0bbc71c611,51.93595,4.48237,False,False,bicycle,electric_assist
2026-05-14T04:58:49Z,lime,lime:15d34b2da6be,51.9962,4.37296,False,False,bicycle,electric_assist
2026-05-14T04:58:49Z,lime,lime:17c513169836,51.92237,4.54798,False,False,bicycle,electric_assist
2026-05-14T04:58:49Z,lime,lime:7e00d7c228c2,51.92141,4.53172,False,False,bicycle,electric_assist
2026-05-14T04:58:49Z,lime,lime:2f65b8c5e4fe,51.98935,4.344,False,False,bicycle,electric_assist
2026-05-14T04:58:49Z,lime,lime:67cbf02a7ac6,51.92764,4.50938,False,False,bicycle,electric_assist
2026-05-14T04:58:49Z,lime,lime:120831bc0e2b,51.92258,4.47833,False,False,bicycle,electric_assist
2026-05-14T04:58:49Z,lime,lime:08bf9788a92a,51.92768,4.48785,False,False,bicycle,electric_assist
2026-05-14T04:58:49Z,lime,lime:0076d3cd7d78,51.93335,4.50287,False,False,bicycle,electric_assist
2026-05-14T04:58:49Z,lime,lime:e78669d51d6d,51.91391,4.50863,False,False,bicycle,electric_assist
2026-05-14T04:58:49Z,lime,lime:60dc412b9bba,51.91325,4.5174,False,False,bicycle,electric_assist
2026-05-14T04:58:49Z,lime,lime:c969f765f96e,51.93787,4.50165,False,False,bicycle,electric_assist
2026-05-14T04:58:49Z,lime,lime:9a56f3b327bf,51.93276,4.50015,False,False,bicycle,electric_assist
2026-05-14T04:58:49Z,lime,lime:716222e4d939,51.9108,4.55387,False,False,bicycle,electric_assist
2026-05-14T04:58:49Z,lime,lime:08cd0adafa06,51.94634,4.46814,False,False,bicycle,electric_assist
2026-05-14T04:58:49Z,lime,lime:1462adf27a42,51.89763,4.46756,False,False,bicycle,electric_assist
2026-05-14T04:58:49Z,lime,lime:6affd3e07d5c,51.90722,4.47334,False,False,bicycle,electric_assist
2026-05-14T04:58:49Z,lime,lime:4e01b6c18fe7,51.92886,4.47726,False,False,bicycle,electric_assist
2026-05-14T04:58:49Z,lime,lime:e4170564d9dd,51.90299,4.51139,False,False,bicycle,electric_assist
2026-05-14T04:58:49Z,lime,lime:e0dc50f23ac6,51.88898,4.5286,False,False,bicycle,electric_assist
2026-05-14T04:58:49Z,lime,lime:411f3b25efca,51.90723,4.47332,False,False,bicycle,electric_assist
2026-05-14T04:58:49Z,lime,lime:4343ebce7436,51.91077,4.51952,False,False,bicycle,electric_assist
2026-05-14T04:58:49Z,lime,lime:d81f204dd85d,51.92509,4.47428,False,False,bicycle,electric_assist
2026-05-14T04:58:49Z,lime,lime:de88ff73ba36,51.91638,4.52583,False,False,bicycle,electric_assist
2026-05-14T04:58:49Z,lime,lime:cb43faec15b9,51.91737,4.42036,False,False,bicycle,electric_assist
2026-05-14T04:58:49Z,lime,lime:2e866f5275f4,51.91943,4.51254,False,False,bicycle,electric_assist
2026-05-14T04:58:49Z,lime,lime:667e0b3a522f,51.93789,4.50167,False,False,bicycle,electric_assist
2026-05-14T04:58:49Z,lime,lime:a378faafffc0,51.89181,4.49387,False,False,bicycle,electric_assist
2026-05-14T04:58:49Z,lime,lime:44279ded8db2,51.92227,4.47112,False,False,bicycle,electric_assist
2026-05-14T04:58:49Z,lime,lime:36ad38c49426,51.94212,4.4983,False,False,bicycle,electric_assist
2026-05-14T04:58:49Z,lime,lime:fd4f309cb1f0,51.90722,4.48958,False,False,bicycle,electric_assist
2026-05-14T04:58:49Z,lime,lime:0d2d311d9a36,51.92841,4.46134,False,False,bicycle,electric_assist
2026-05-14T04:58:49Z,lime,lime:c1b4165de6f8,51.91687,4.52776,False,False,bicycle,electric_assist
2026-05-14T04:58:49Z,lime,lime:6471487235ef,51.89095,4.48308,False,False,bicycle,electric_assist
2026-05-14T04:58:49Z,lime,lime:5de2a8a9095b,51.91422,4.45507,False,False,bicycle,electric_assist
2026-05-14T04:58:49Z,lime,lime:6e1f484c6f4d,51.93691,4.41153,False,False,bicycle,electric_assist
2026-05-14T04:58:49Z,lime,lime:145124cee4c6,51.91635,4.52583,False,False,bicycle,electric_assist
2026-05-14T04:58:49Z,lime,lime:6cbea741e516,51.92071,4.45324,False,False,bicycle,electric_assist
2026-05-14T04:58:49Z,lime,lime:da4ef40a61cc,51.90331,4.46374,False,False,bicycle,electric_assist
2026-05-14T04:58:49Z,lime,lime:0e279a8f9131,51.92221,4.51282,False,False,bicycle,electric_assist
2026-05-14T04:58:49Z,lime,lime:bbb454faf243,51.88956,4.50688,False,False,bicycle,electric_assist
2026-05-14T04:58:49Z,lime,lime:c4597c5e0aca,51.89169,4.47237,False,False,bicycle,electric_assist
2026-05-14T04:58:49Z,lime,lime:97cbce7d4ba7,51.93118,4.40601,False,False,bicycle,electric_assist
2026-05-14T04:58:49Z,lime,lime:e5240ed6924c,51.95763,4.50169,False,False,bicycle,electric_assist
2026-05-14T04:58:49Z,lime,lime:bb279bd00768,51.91119,4.52476,False,False,bicycle,electric_assist
2026-05-14T04:58:49Z,lime,lime:c5ee71110949,51.93686,4.47779,False,False,bicycle,electric_assist
2026-05-14T04:58:49Z,lime,lime:325dedd02743,51.91464,4.46055,False,False,bicycle,electric_assist
2026-05-14T04:58:49Z,lime,lime:532dd8f4cc75,51.93059,4.49631,False,False,bicycle,electric_assist
2026-05-14T04:58:49Z,lime,lime:2e497443356b,51.89144,4.46779,False,False,bicycle,electric_assist
2026-05-14T04:58:49Z,lime,lime:d5986e4edbbb,51.93551,4.49134,False,False,bicycle,electric_assist
2026-05-14T04:58:49Z,lime,lime:2e17d4703185,51.8863,4.54931,False,False,bicycle,electric_assist
2026-05-14T04:58:49Z,lime,lime:8e7f32688553,51.90058,4.47661,False,False,bicycle,electric_assist
2026-05-14T04:58:49Z,lime,lime:0a6d9876b9bb,51.91462,4.43808,False,False,bicycle,electric_assist
2026-05-14T04:58:49Z,lime,lime:a526f19b9fa0,51.91411,4.42233,False,False,bicycle,electric_assist
2026-05-14T04:58:49Z,lime,lime:fcb97cb823f4,51.95134,4.47039,False,False,bicycle,electric_assist
2026-05-14T04:58:49Z,lime,lime:b9d15d4d7e1c,51.92972,4.39955,False,True,bicycle,electric_assist
2026-05-14T04:58:49Z,lime,lime:e28424eeda38,51.91801,4.41505,False,False,bicycle,electric_assist
2026-05-14T04:58:49Z,lime,lime:6de68266da1b,51.94048,4.47975,False,False,bicycle,electric_assist
2026-05-14T04:58:49Z,lime,lime:f393f1970228,51.91681,4.40213,False,False,bicycle,electric_assist
2026-05-14T04:58:49Z,lime,lime:42c7442d1b8d,51.93207,4.4019,False,False,bicycle,electric_assist
2026-05-14T04:58:49Z,lime,lime:73582e23de7d,51.94588,4.53935,False,False,bicycle,electric_assist
2026-05-14T04:58:49Z,lime,lime:8211756e1946,51.93212,4.40191,False,False,bicycle,electric_assist
2026-05-14T04:58:49Z,lime,lime:e1fb1b02a391,51.92622,4.42633,False,False,bicycle,electric_assist
2026-05-14T04:58:49Z,lime,lime:0878ca592158,51.91919,4.46459,False,False,bicycle,electric_assist
2026-05-14T04:58:49Z,lime,lime:f37dedc3231a,51.91815,4.47452,False,False,bicycle,electric_assist
2026-05-14T04:58:49Z,lime,lime:f2d9e8a55b37,51.96193,4.4672,False,False,bicycle,electric_assist
2026-05-14T04:58:49Z,lime,lime:2eb657c8d420,51.90772,4.52176,False,False,bicycle,electric_assist
2026-05-14T04:58:49Z,lime,lime:a35baa834acc,51.90722,4.48982,False,False,bicycle,electric_assist
2026-05-14T04:58:49Z,lime,lime:d3023697b1d7,51.93336,4.49954,False,False,bicycle,electric_assist
2026-05-14T04:58:49Z,lime,lime:e2a63ffce2b8,51.92127,4.4634,False,False,bicycle,electric_assist
2026-05-14T04:58:49Z,lime,lime:1d5a3551b711,51.90787,4.46202,False,False,bicycle,electric_assist
2026-05-14T04:58:49Z,lime,lime:60f9f08357fe,51.93403,4.47866,False,False,bicycle,electric_assist
2026-05-14T04:58:49Z,lime,lime:c29023860af9,51.91783,4.44505,False,False,bicycle,electric_assist
2026-05-14T04:58:49Z,lime,lime:ca3a88933a2c,51.93248,4.47158,False,False,bicycle,electric_assist
2026-05-14T04:58:49Z,lime,lime:ffd482d136a5,51.90674,4.45694,False,False,bicycle,electric_assist
2026-05-14T04:58:49Z,lime,lime:c5fe3b51f401,51.99351,4.33887,False,False,bicycle,electric_assist
2026-05-14T04:58:49Z,lime,lime:96a2806ab7de,51.90722,4.47336,False,False,bicycle,electric_assist
2026-05-14T04:58:49Z,lime,lime:14d972336d8f,51.9198,4.5114,False,False,bicycle,electric_assist
2026-05-14T04:58:49Z,lime,lime:f6604578739e,51.96747,4.46342,False,False,bicycle,electric_assist
2026-05-14T04:58:49Z,lime,lime:e8e62647fffd,51.90666,4.41202,False,False,bicycle,electric_assist
2026-05-14T04:58:49Z,lime,lime:e5e431f992d2,51.91944,4.51279,False,False,bicycle,electric_assist
2026-05-14T04:58:49Z,lime,lime:cae44fbdbd42,51.91369,4.46279,False,False,bicycle,electric_assist
2026-05-14T04:58:49Z,lime,lime:8181dc254a9f,51.92846,4.37073,False,False,bicycle,electric_assist
2026-05-14T04:58:49Z,lime,lime:7bf701035224,51.91558,4.52636,False,False,bicycle,electric_assist
2026-05-14T04:58:49Z,lime,lime:97f086449b64,51.92217,4.51285,False,False,bicycle,electric_assist
2026-05-14T04:58:49Z,lime,lime:2a53f3e1b93a,51.90652,4.47841,False,False,bicycle,electric_assist
2026-05-14T04:58:49Z,lime,lime:936bd21aae2d,51.92165,4.51255,False,False,bicycle,electric_assist
2026-05-14T04:58:49Z,lime,lime:c8dab42141be,51.87498,4.46794,False,False,bicycle,electric_assist
2026-05-14T04:58:49Z,lime,lime:9cbee68aa457,51.91632,4.45169,False,False,bicycle,electric_assist
2026-05-14T04:58:49Z,lime,lime:ee7f49df7f0b,51.93581,4.49059,False,False,bicycle,electric_assist
2026-05-14T04:58:49Z,lime,lime:4068240ec951,51.88894,4.52862,False,False,bicycle,electric_assist
2026-05-14T04:58:49Z,lime,lime:ec74fdcf3e0d,51.93861,4.47963,False,False,bicycle,electric_assist
2026-05-14T04:58:49Z,lime,lime:8efe58e407b2,51.91405,4.4526,False,False,bicycle,electric_assist
2026-05-14T04:58:49Z,lime,lime:2d458b6d6331,51.9085,4.49698,False,False,bicycle,electric_assist
2026-05-14T04:58:49Z,lime,lime:c8eedc7bd34e,51.92736,4.44054,False,False,bicycle,electric_assist
2026-05-14T04:58:49Z,lime,lime:87b1ea58d47d,51.90169,4.45579,False,False,bicycle,electric_assist
2026-05-14T04:58:49Z,lime,lime:f6efabea48e7,51.92896,4.45614,False,False,bicycle,electric_assist
2026-05-14T04:58:49Z,lime,lime:529d34741302,51.91656,4.44785,False,False,bicycle,electric_assist
2026-05-14T04:58:49Z,lime,lime:33708cfcf3bd,51.91356,4.50153,False,False,bicycle,electric_assist
2026-05-14T04:58:49Z,lime,lime:d18c0e8d6d41,51.92273,4.46954,False,False,bicycle,electric_assist
2026-05-14T04:58:49Z,lime,lime:426abac694d6,51.93161,4.47661,False,False,bicycle,electric_assist
2026-05-14T04:58:49Z,lime,lime:cb5305a81475,51.92143,4.38639,False,False,bicycle,electric_assist
2026-05-14T04:58:49Z,lime,lime:5a19cc388483,51.90444,4.45629,True,False,bicycle,electric_assist
2026-05-14T04:58:49Z,lime,lime:1ce57c4087fb,51.92547,4.50622,False,False,bicycle,electric_assist
2026-05-14T04:58:49Z,lime,lime:5fa46a02b2a2,51.89386,4.48696,False,False,bicycle,electric_assist
2026-05-14T04:58:49Z,lime,lime:dfe19cb8efa9,51.91354,4.47936,False,False,bicycle,electric_assist
2026-05-14T04:58:49Z,lime,lime:2817588d54dd,51.91461,4.48765,False,False,bicycle,electric_assist
2026-05-14T04:58:49Z,lime,lime:5d5d748136fb,51.92443,4.47272,False,False,bicycle,electric_assist
2026-05-14T04:58:49Z,lime,lime:30b6429a4d97,51.91563,4.47029,False,False,bicycle,electric_assist
2026-05-14T04:58:49Z,lime,lime:60307730de27,51.98413,4.35106,False,False,bicycle,electric_assist
2026-05-14T04:58:49Z,lime,lime:c4917b54d157,51.93577,4.4634,False,False,bicycle,electric_assist
2026-05-14T04:58:49Z,lime,lime:d03d2979d741,51.94889,4.46503,False,False,bicycle,electric_assist
2026-05-14T04:58:49Z,lime,lime:729c15e4b87a,51.94153,4.48136,False,False,bicycle,electric_assist
2026-05-14T04:58:49Z,lime,lime:f06a09a24f10,51.91121,4.52475,False,False,bicycle,electric_assist
2026-05-14T04:58:49Z,lime,lime:7beba56132df,51.93121,4.50575,False,False,bicycle,electric_assist
2026-05-14T04:58:49Z,lime,lime:efa3b3819e67,51.99471,4.36633,False,False,bicycle,electric_assist
2026-05-14T04:58:49Z,lime,lime:1d7529f4e7a3,51.91244,4.45185,False,False,bicycle,electric_assist
2026-05-14T04:58:49Z,lime,lime:28fbb87d8a98,51.92018,4.43435,False,False,bicycle,electric_assist
2026-05-14T04:58:49Z,lime,lime:2e129f0ed6e0,51.91376,4.46331,False,False,bicycle,electric_assist
2026-05-14T04:58:49Z,lime,lime:b139f9c7db85,51.89508,4.50609,False,False,bicycle,electric_assist
2026-05-14T04:58:49Z,lime,lime:fd5b71440fcf,51.94328,4.47712,False,False,bicycle,electric_assist
2026-05-14T04:58:49Z,lime,lime:74d762e85bf4,51.92529,4.47411,False,False,bicycle,electric_assist
2026-05-14T04:58:49Z,lime,lime:9845d3188e47,51.89071,4.5181,False,False,bicycle,electric_assist
2026-05-14T04:58:49Z,lime,lime:141097f8565f,51.91585,4.44175,False,False,bicycle,electric_assist
2026-05-14T04:58:49Z,lime,lime:4de1eb6a0d01,51.90552,4.45377,False,False,bicycle,electric_assist
2026-05-14T04:58:49Z,lime,lime:5f4f55c54aea,51.88772,4.50334,False,False,bicycle,electric_assist
2026-05-14T04:58:49Z,lime,lime:3bfec342cd49,51.92233,4.47131,False,False,bicycle,electric_assist
2026-05-14T04:58:49Z,lime,lime:cd095fea646a,51.92091,4.50986,False,False,bicycle,electric_assist
2026-05-14T04:58:49Z,lime,lime:a5541077f119,51.92223,4.47104,False,False,bicycle,electric_assist
2026-05-14T04:58:49Z,lime,lime:81de9188a5f7,51.90728,4.48968,True,False,bicycle,electric_assist
2026-05-14T04:58:49Z,lime,lime:844e627b5301,51.90731,4.40222,False,False,bicycle,electric_assist
2026-05-14T04:58:49Z,lime,lime:af18a6ba4f0b,51.94704,4.48533,False,False,bicycle,electric_assist
2026-05-14T04:58:49Z,lime,lime:bcc8ec45bdaf,51.90542,4.44344,False,False,bicycle,electric_assist
2026-05-14T04:58:49Z,lime,lime:eb3024d61a00,51.92141,4.47867,False,False,bicycle,electric_assist
2026-05-14T04:58:49Z,lime,lime:8a5c733609e6,51.90539,4.44335,False,False,bicycle,electric_assist
2026-05-14T04:58:49Z,lime,lime:baa2a3e9c707,51.89381,4.50946,False,False,bicycle,electric_assist
2026-05-14T04:58:49Z,lime,lime:7a5cc3439bf5,51.94071,4.40449,False,False,bicycle,electric_assist
2026-05-14T04:58:49Z,lime,lime:ec68d6f07cde,51.92017,4.43767,False,False,bicycle,electric_assist
2026-05-14T04:58:49Z,lime,lime:caa35a5382de,51.92074,4.40817,False,False,bicycle,electric_assist
2026-05-14T04:58:49Z,lime,lime:0c078b8fd0bc,51.91685,4.52764,False,False,bicycle,electric_assist
2026-05-14T04:58:49Z,lime,lime:ae4cc3a1ca65,51.93616,4.46216,False,False,bicycle,electric_assist
2026-05-14T04:58:49Z,lime,lime:af4089a81589,51.91682,4.40214,False,False,bicycle,electric_assist
2026-05-14T04:58:49Z,lime,lime:49d85ebc65b5,51.94597,4.46359,False,False,bicycle,electric_assist
2026-05-14T04:58:49Z,lime,lime:7cde183a02ca,51.90299,4.51138,False,False,bicycle,electric_assist
2026-05-14T04:58:49Z,lime,lime:8a2cafc9ec26,51.89173,4.49391,False,False,bicycle,electric_assist
2026-05-14T04:58:49Z,lime,lime:e2a9feb6b59f,51.93041,4.45829,False,False,bicycle,electric_assist
2026-05-14T04:58:49Z,lime,lime:a601ae230afe,51.92142,4.4508,False,False,bicycle,electric_assist
2026-05-14T04:58:49Z,lime,lime:86223c171849,51.92283,4.46949,False,False,bicycle,electric_assist
2026-05-14T04:58:49Z,lime,lime:1764777094dc,51.91046,4.39243,False,False,bicycle,electric_assist
2026-05-14T04:58:49Z,lime,lime:1df7cb479ca7,51.92145,4.53174,False,False,bicycle,electric_assist
2026-05-14T04:58:49Z,lime,lime:d6269d2c06ef,51.92893,4.38069,False,False,bicycle,electric_assist
2026-05-14T04:58:49Z,lime,lime:316ceb3f10fa,51.9222,4.47133,False,False,bicycle,electric_assist
2026-05-14T04:58:49Z,lime,lime:c7709edcbea8,51.88819,4.46935,False,False,bicycle,electric_assist
2026-05-14T04:58:49Z,lime,lime:934e0ecab68d,51.92168,4.42526,False,False,bicycle,electric_assist
2026-05-14T04:58:49Z,lime,lime:811dfc4b6022,51.91511,4.52145,False,False,bicycle,electric_assist
2026-05-14T04:58:49Z,lime,lime:b258396f98f2,51.95715,4.50829,False,False,bicycle,electric_assist
2026-05-14T04:58:49Z,lime,lime:059f36597a22,51.92167,4.42526,False,False,bicycle,electric_assist
2026-05-14T04:58:49Z,lime,lime:3dc4552c413b,51.93862,4.47957,False,False,bicycle,electric_assist
2026-05-14T04:58:49Z,lime,lime:9cd8be3b8f60,51.92621,4.55936,False,False,bicycle,electric_assist
2026-05-14T04:58:49Z,lime,lime:9c4940cfa88f,51.93098,4.50601,False,False,bicycle,electric_assist
2026-05-14T04:58:49Z,lime,lime:693bb0aff0b5,51.91752,4.4541,False,False,bicycle,electric_assist
2026-05-14T04:58:49Z,lime,lime:4eb74fbfaf11,51.92745,4.44023,False,False,bicycle,electric_assist
2026-05-14T04:58:49Z,lime,lime:2e2dafd322f7,51.93557,4.49128,False,False,bicycle,electric_assist
2026-05-14T04:58:49Z,lime,lime:3526bd62258f,51.90628,4.45987,False,False,bicycle,electric_assist
2026-05-14T04:58:49Z,lime,lime:09be09cb1320,51.92289,4.46953,False,False,bicycle,electric_assist
2026-05-14T04:58:49Z,lime,lime:5164d2e06377,51.94532,4.46957,False,False,bicycle,electric_assist
2026-05-14T04:58:49Z,lime,lime:7f23c50584a2,51.91735,4.42049,False,False,bicycle,electric_assist
2026-05-14T04:58:49Z,lime,lime:09ea6e214338,51.91999,4.51285,False,False,bicycle,electric_assist
2026-05-14T04:58:49Z,lime,lime:dcce0f0d85b4,51.89205,4.50254,False,False,bicycle,electric_assist
2026-05-14T04:58:49Z,lime,lime:f272593c637f,51.91426,4.49607,False,False,bicycle,electric_assist
2026-05-14T04:58:49Z,lime,lime:b31ca290a3da,51.92699,4.4859,False,False,bicycle,electric_assist
2026-05-14T04:58:49Z,lime,lime:254d7f69afa9,51.91502,4.52646,False,False,bicycle,electric_assist
2026-05-14T04:58:49Z,lime,lime:d42dd33498bd,51.91673,4.46747,False,False,bicycle,electric_assist
2026-05-14T04:58:49Z,lime,lime:35f04853797e,51.88447,4.50953,False,False,bicycle,electric_assist
2026-05-14T04:58:49Z,lime,lime:56c622e849c3,51.88069,4.53192,False,False,bicycle,electric_assist
2026-05-14T04:58:49Z,lime,lime:9a6ba193e3c2,51.92144,4.53173,False,False,bicycle,electric_assist
2026-05-14T04:58:49Z,lime,lime:b94d5a3e7ef1,51.87208,4.46918,False,False,bicycle,electric_assist
2026-05-14T04:58:49Z,lime,lime:b96c673ead52,51.9341,4.4827,False,False,bicycle,electric_assist
2026-05-14T04:58:49Z,lime,lime:1baabd95859e,51.89273,4.51777,False,False,bicycle,electric_assist
2026-05-14T04:58:49Z,lime,lime:9f1fa44c1fd8,51.92316,4.49345,False,False,bicycle,electric_assist
2026-05-14T04:58:49Z,lime,lime:15db80ddbc35,51.91914,4.44006,False,False,bicycle,electric_assist
2026-05-14T04:58:49Z,lime,lime:e2616787376e,51.8885,4.47882,False,False,bicycle,electric_assist
2026-05-14T04:58:49Z,lime,lime:027a8668c3c0,51.93629,4.50612,False,False,bicycle,electric_assist
2026-05-14T04:58:49Z,lime,lime:51109889cead,51.92234,4.4713,False,False,bicycle,electric_assist
2026-05-14T04:58:49Z,lime,lime:d5e035085f24,51.88104,4.48649,False,False,bicycle,electric_assist
2026-05-14T04:58:49Z,lime,lime:ddfcd17baf81,51.98261,4.37909,False,False,bicycle,electric_assist
2026-05-14T04:58:49Z,lime,lime:2a82b648a36a,51.90932,4.50806,False,False,bicycle,electric_assist
2026-05-14T04:58:49Z,lime,lime:6c32b3f92ed7,51.90194,4.45591,False,False,bicycle,electric_assist
2026-05-14T04:58:49Z,lime,lime:133f95d3210b,51.91786,4.37181,False,False,bicycle,electric_assist
2026-05-14T04:58:49Z,lime,lime:d7a3ea5bf577,51.93249,4.47152,False,False,bicycle,electric_assist
2026-05-14T04:58:49Z,lime,lime:7457233107fe,51.94058,4.53616,False,False,bicycle,electric_assist
2026-05-14T04:58:49Z,lime,lime:bfa3e93482ee,51.92222,4.50241,False,False,bicycle,electric_assist
2026-05-14T04:58:49Z,lime,lime:ce99ee9189c1,51.91639,4.52252,False,False,bicycle,electric_assist
2026-05-14T04:58:49Z,lime,lime:146b90f7f3b4,51.93428,4.50061,False,False,bicycle,electric_assist
2026-05-14T04:58:49Z,lime,lime:59dc35e84b24,51.95627,4.48989,False,False,bicycle,electric_assist
2026-05-14T04:58:49Z,lime,lime:9aafc31e241f,51.93466,4.48564,False,False,bicycle,electric_assist
2026-05-14T04:58:49Z,lime,lime:072ba33194bf,51.88496,4.50222,False,False,bicycle,electric_assist
2026-05-14T04:58:49Z,lime,lime:6a54a02ba84b,51.90731,4.40227,False,False,bicycle,electric_assist
2026-05-14T04:58:49Z,lime,lime:d58a26a7c011,51.88992,4.47222,False,False,bicycle,electric_assist
2026-05-14T04:58:49Z,lime,lime:6017720f56a6,51.92164,4.50715,False,False,bicycle,electric_assist
2026-05-14T04:58:49Z,lime,lime:29a954eb5524,51.9089,4.47865,False,False,bicycle,electric_assist
2026-05-14T04:58:49Z,lime,lime:5722d8c978fa,51.91488,4.40324,False,False,bicycle,electric_assist
2026-05-14T04:58:49Z,lime,lime:f116c3b8bdf0,51.92224,4.4714,False,False,bicycle,electric_assist
2026-05-14T04:58:49Z,lime,lime:4b69de84b5c0,51.96019,4.47932,False,False,bicycle,electric_assist
2026-05-14T04:58:49Z,lime,lime:0e57e2d5f90e,51.98937,4.34399,False,False,bicycle,electric_assist
2026-05-14T04:58:49Z,lime,lime:f9611c120f6c,51.93464,4.46169,False,False,bicycle,electric_assist
2026-05-14T04:58:49Z,lime,lime:1e5391a95a28,51.89821,4.47441,False,False,bicycle,electric_assist
2026-05-14T04:58:49Z,lime,lime:5c86aebef60b,51.98599,4.35223,False,False,bicycle,electric_assist
2026-05-14T04:58:49Z,lime,lime:ba7ac0e160b7,51.93488,4.46736,False,False,bicycle,electric_assist
2026-05-14T04:58:49Z,lime,lime:ac2e06f8333d,51.94333,4.49629,False,False,bicycle,electric_assist
2026-05-14T04:58:49Z,lime,lime:5c1b20ef86d4,51.92309,4.37002,False,False,bicycle,electric_assist
2026-05-14T04:58:49Z,lime,lime:41b27a5dd235,51.92224,4.50237,False,False,bicycle,electric_assist
2026-05-14T04:58:49Z,lime,lime:d90922b5ec04,51.92227,4.47134,False,False,bicycle,electric_assist
2026-05-14T04:58:49Z,lime,lime:845f158cab4e,51.99049,4.38014,False,False,bicycle,electric_assist
2026-05-14T04:58:49Z,lime,lime:d1752990d6a4,51.92154,4.50711,False,False,bicycle,electric_assist
2026-05-14T04:58:49Z,lime,lime:b4909dfc56f6,51.9182,4.42408,False,False,bicycle,electric_assist
2026-05-14T04:58:49Z,lime,lime:df89777cbc9d,51.91738,4.48809,False,False,bicycle,electric_assist
2026-05-14T04:58:49Z,lime,lime:d8cdb9fa755e,51.93634,4.50613,False,False,bicycle,electric_assist
2026-05-14T04:58:49Z,lime,lime:244442c4a054,51.88747,4.46722,False,False,bicycle,electric_assist
2026-05-14T04:58:49Z,lime,lime:cc9e6bbe13f3,51.9086,4.49634,False,False,bicycle,electric_assist
2026-05-14T04:58:49Z,lime,lime:40f832a04892,51.90624,4.51391,False,False,bicycle,electric_assist
2026-05-14T04:58:49Z,lime,lime:78c20f114865,51.92185,4.46057,False,False,bicycle,electric_assist
2026-05-14T04:58:49Z,lime,lime:e32be7c61e1b,51.91323,4.50108,False,False,bicycle,electric_assist
2026-05-14T04:58:49Z,lime,lime:307c38af7a5e,51.92517,4.5135,False,False,bicycle,electric_assist
2026-05-14T04:58:49Z,lime,lime:8035bd0d6b25,51.91152,4.4785,False,False,bicycle,electric_assist
2026-05-14T04:58:49Z,lime,lime:500413ecd80f,51.92224,4.47109,False,False,bicycle,electric_assist
2026-05-14T04:58:49Z,lime,lime:7b1b64babc90,51.93587,4.49061,False,False,bicycle,electric_assist
2026-05-14T04:58:49Z,lime,lime:98a22118795b,51.92612,4.51778,False,False,bicycle,electric_assist
2026-05-14T04:58:49Z,lime,lime:dbd075464073,51.94736,4.56414,False,False,bicycle,electric_assist
2026-05-14T04:58:49Z,lime,lime:0e876ca6a43a,51.89934,4.48295,False,False,bicycle,electric_assist
2026-05-14T04:58:49Z,lime,lime:fd2974cb863f,51.92287,4.50868,False,False,bicycle,electric_assist
2026-05-14T04:58:49Z,lime,lime:eab102597e04,51.92777,4.50988,False,False,bicycle,electric_assist
2026-05-14T04:58:49Z,lime,lime:71b0ba062620,51.93573,4.46337,False,False,bicycle,electric_assist
2026-05-14T04:58:49Z,lime,lime:2469d4732c49,51.88961,4.50695,False,False,bicycle,electric_assist
2026-05-14T04:58:49Z,lime,lime:dbdf3273b117,51.88355,4.46466,False,False,bicycle,electric_assist
2026-05-14T04:58:49Z,lime,lime:6df5b2d04171,51.87487,4.46781,False,False,bicycle,electric_assist
2026-05-14T04:58:49Z,lime,lime:db6e99f3aac4,51.89097,4.48576,False,False,bicycle,electric_assist
2026-05-14T04:58:49Z,lime,lime:55e0254f4887,51.92194,4.42705,False,False,bicycle,electric_assist
2026-05-14T04:58:49Z,lime,lime:4a1d2c13bea0,51.92439,4.47269,False,False,bicycle,electric_assist
2026-05-14T04:58:49Z,lime,lime:4e2b85f52327,51.91949,4.51209,False,False,bicycle,electric_assist
2026-05-14T04:58:49Z,lime,lime:1af2cc78c7f8,51.9158,4.48885,False,False,bicycle,electric_assist
2026-05-14T04:58:49Z,lime,lime:a75312b854b7,51.90927,4.52355,False,False,bicycle,electric_assist
2026-05-14T04:58:49Z,lime,lime:9a83995d6b6d,51.92519,4.47432,False,False,bicycle,electric_assist
2026-05-14T04:58:49Z,lime,lime:9fd6f335a22d,51.93184,4.50843,False,False,bicycle,electric_assist
2026-05-14T04:58:49Z,lime,lime:96feea18c99d,51.98965,4.34377,False,False,bicycle,electric_assist
2026-05-14T04:58:49Z,lime,lime:ac066a214f62,51.92065,4.45114,False,False,bicycle,electric_assist
2026-05-14T04:58:49Z,lime,lime:e7d560f5dab8,51.91852,4.46562,False,False,bicycle,electric_assist
2026-05-14T04:58:49Z,lime,lime:5d8779b079e4,51.93246,4.47152,False,False,bicycle,electric_assist
2026-05-14T04:58:49Z,lime,lime:28f51e30a0ce,51.95003,4.4751,False,False,bicycle,electric_assist
2026-05-14T04:58:49Z,lime,lime:90d9011f8c5c,51.93909,4.49579,False,False,bicycle,electric_assist
2026-05-14T04:58:49Z,lime,lime:87643234f805,51.91216,4.44918,False,False,bicycle,electric_assist
2026-05-14T04:58:49Z,lime,lime:6b935d7c680b,51.91314,4.44105,False,False,bicycle,electric_assist
2026-05-14T04:58:49Z,lime,lime:1aeca6937c33,51.90622,4.51387,False,False,bicycle,electric_assist
2026-05-14T04:58:49Z,lime,lime:297124693343,51.93087,4.50706,False,False,bicycle,electric_assist
2026-05-14T04:58:49Z,lime,lime:662ac94b39d2,51.93834,4.48525,False,False,bicycle,electric_assist
2026-05-14T04:58:49Z,lime,lime:2416f6c29181,51.91416,4.42234,False,False,bicycle,electric_assist
2026-05-14T04:58:49Z,lime,lime:d1d938d1ec23,51.94665,4.55375,False,False,bicycle,electric_assist
2026-05-14T04:58:49Z,lime,lime:62672606bb56,51.90941,4.49451,True,False,bicycle,electric_assist
2026-05-14T04:58:49Z,lime,lime:3853c655b7a9,51.91522,4.53168,False,False,bicycle,electric_assist
2026-05-14T04:58:49Z,lime,lime:2715cd1b04fe,51.91153,4.47857,False,False,bicycle,electric_assist
2026-05-14T04:58:49Z,lime,lime:749c5dcb6aa0,51.93347,4.50321,False,False,bicycle,electric_assist
2026-05-14T04:58:49Z,lime,lime:caaab6a1b1b0,51.91098,4.5014,False,False,bicycle,electric_assist
2026-05-14T04:58:49Z,lime,lime:b8bffe959c76,51.92227,4.47132,False,False,bicycle,electric_assist
2026-05-14T04:58:49Z,lime,lime:7014e1fe23f2,51.8736,4.48981,False,False,bicycle,electric_assist
2026-05-14T04:58:49Z,lime,lime:15516375eb75,51.92573,4.45483,False,False,bicycle,electric_assist
2026-05-14T04:58:49Z,lime,lime:3034ba431fec,51.91789,4.45758,False,True,bicycle,electric_assist
2026-05-14T04:58:49Z,lime,lime:207a25144c9b,51.92163,4.49297,False,False,bicycle,electric_assist
2026-05-14T04:58:49Z,lime,lime:9c4d0f8ef276,51.92586,4.49927,False,False,bicycle,electric_assist
2026-05-14T04:58:49Z,lime,lime:6193737d1fbe,51.93244,4.47149,False,False,bicycle,electric_assist
2026-05-14T04:58:49Z,lime,lime:e5f74f0fc7eb,51.92739,4.51841,False,False,bicycle,electric_assist
2026-05-14T04:58:49Z,lime,lime:79e72620f63b,51.93061,4.49629,False,False,bicycle,electric_assist
2026-05-14T04:58:49Z,lime,lime:18277bd73dea,51.93264,4.50016,False,False,bicycle,electric_assist
2026-05-14T04:58:49Z,lime,lime:be9432e6d6a7,51.91731,4.4878,False,False,bicycle,electric_assist
2026-05-14T04:58:49Z,lime,lime:5ec888b7d1bc,51.91679,4.40209,False,False,bicycle,electric_assist
2026-05-14T04:58:49Z,lime,lime:873ea805db66,51.99074,4.36488,False,False,bicycle,electric_assist
2026-05-14T04:58:49Z,lime,lime:b8a8e8e0974f,51.92437,4.47276,False,False,bicycle,electric_assist
2026-05-14T04:58:49Z,lime,lime:b6b8781e44d7,51.91139,4.46266,False,False,bicycle,electric_assist
2026-05-14T04:58:49Z,lime,lime:097d0964b168,51.92045,4.51165,False,False,bicycle,electric_assist
2026-05-14T04:58:49Z,lime,lime:dc5ab666f154,51.93857,4.47968,False,False,bicycle,electric_assist
2026-05-14T04:58:49Z,lime,lime:6fe050660381,51.93454,4.49735,False,False,bicycle,electric_assist
2026-05-14T04:58:49Z,lime,lime:25bda08d4bd5,51.93242,4.47148,False,False,bicycle,electric_assist
2026-05-14T04:58:49Z,lime,lime:d027446a1efd,51.93267,4.47534,False,False,bicycle,electric_assist
2026-05-14T04:58:49Z,lime,lime:0dc2eb3fab29,51.94708,4.48757,False,False,bicycle,electric_assist
2026-05-14T04:58:49Z,lime,lime:65d83060b0c0,51.93539,4.462,False,False,bicycle,electric_assist
2026-05-14T04:58:49Z,lime,lime:4a1aacf3708b,51.90924,4.45817,False,False,bicycle,electric_assist
2026-05-14T04:58:49Z,lime,lime:f1fa3442ffd5,51.96334,4.55459,False,False,bicycle,electric_assist
2026-05-14T04:58:49Z,lime,lime:57ca2aef7cf3,51.93159,4.50358,False,False,bicycle,electric_assist
2026-05-14T04:58:49Z,lime,lime:09b8f728410c,51.91647,4.48977,False,False,bicycle,electric_assist
2026-05-14T04:58:49Z,lime,lime:e0717e846cde,51.94099,4.49925,False,False,bicycle,electric_assist
2026-05-14T04:58:49Z,lime,lime:14017aefd370,51.92332,4.4777,False,False,bicycle,electric_assist
2026-05-14T04:58:49Z,lime,lime:c83a9ba7b22a,51.90666,4.41202,False,False,bicycle,electric_assist
2026-05-14T04:58:49Z,lime,lime:78c37aada4f7,51.90711,4.48969,False,False,bicycle,electric_assist
2026-05-14T04:58:49Z,lime,lime:d2f1889c95e8,51.92218,4.52317,False,False,bicycle,electric_assist
2026-05-14T04:58:49Z,lime,lime:f24b9dd8501e,51.91432,4.49603,False,False,bicycle,electric_assist
2026-05-14T04:58:49Z,lime,lime:33cabf8db836,51.91128,4.52469,False,False,bicycle,electric_assist
2026-05-14T04:58:49Z,lime,lime:521de08e5b6c,51.9369,4.47778,False,False,bicycle,electric_assist
2026-05-14T04:58:49Z,lime,lime:ac835a4dacde,51.88817,4.46085,False,False,bicycle,electric_assist
2026-05-14T04:58:49Z,lime,lime:260790617b9d,51.91539,4.44063,False,False,bicycle,electric_assist
2026-05-14T04:58:49Z,lime,lime:f74ab59abab1,51.90729,4.47329,False,False,bicycle,electric_assist
2026-05-14T04:58:49Z,lime,lime:6528b2f912c7,51.92058,4.51112,False,False,bicycle,electric_assist
2026-05-14T04:58:49Z,lime,lime:7a452e90e4bf,51.94025,4.48362,False,False,bicycle,electric_assist
2026-05-14T04:58:49Z,lime,lime:91a8b84e5583,51.91917,4.41826,False,False,bicycle,electric_assist
2026-05-14T04:58:49Z,lime,lime:a7d79bf166a3,51.91253,4.49476,False,False,bicycle,electric_assist
2026-05-14T04:58:49Z,lime,lime:ee7f6cc1483a,51.9876,4.34532,False,False,bicycle,electric_assist
2026-05-14T04:58:49Z,lime,lime:2bb9818f52fa,51.92548,4.41491,False,False,bicycle,electric_assist
2026-05-14T04:58:49Z,lime,lime:0f36be4aa367,51.91775,4.44513,False,False,bicycle,electric_assist
2026-05-14T04:58:49Z,lime,lime:5d70b647087e,51.92348,4.51185,False,False,bicycle,electric_assist
2026-05-14T04:58:49Z,lime,lime:004b57f16ba8,51.91675,4.45151,False,False,bicycle,electric_assist
2026-05-14T04:58:49Z,lime,lime:909a4bf32162,51.91101,4.46197,False,False,bicycle,electric_assist
2026-05-14T04:58:49Z,lime,lime:12363af138c9,51.90937,4.50807,False,False,bicycle,electric_assist
2026-05-14T04:58:49Z,lime,lime:6ae5899b0566,51.89565,4.50648,False,False,bicycle,electric_assist
2026-05-14T04:58:49Z,lime,lime:688a32ee9d90,51.91578,4.44535,False,False,bicycle,electric_assist
2026-05-14T04:58:49Z,lime,lime:cf8c384ec109,51.91473,4.4823,False,False,bicycle,electric_assist
2026-05-14T04:58:49Z,lime,lime:f24c9be4ad8d,51.90749,4.50236,False,False,bicycle,electric_assist
2026-05-14T04:58:49Z,lime,lime:cecbd9042cfa,51.87493,4.46796,False,False,bicycle,electric_assist
2026-05-14T04:58:49Z,lime,lime:abffc0a789d5,51.90595,4.45347,False,False,bicycle,electric_assist
2026-05-14T04:58:49Z,lime,lime:45e2e310b44c,51.92918,4.50527,False,False,bicycle,electric_assist
2026-05-14T04:58:49Z,lime,lime:d8bf78eeac48,51.90311,4.44167,False,False,bicycle,electric_assist
2026-05-14T04:58:49Z,lime,lime:51ef258af9a9,51.93569,4.50353,False,False,bicycle,electric_assist
2026-05-14T04:58:49Z,lime,lime:2994a7c1ee70,51.91625,4.44677,False,False,bicycle,electric_assist
2026-05-14T04:58:49Z,lime,lime:7638fb1c0cc2,51.9324,4.43869,False,False,bicycle,electric_assist
2026-05-14T04:58:49Z,lime,lime:8cd09b6fe81f,51.90546,4.53801,False,False,bicycle,electric_assist
2026-05-14T04:58:49Z,lime,lime:00650e1b353a,51.92169,4.50703,False,False,bicycle,electric_assist
2026-05-14T04:58:49Z,lime,lime:c5c690a4498e,51.90789,4.44154,False,False,bicycle,electric_assist
2026-05-14T04:58:49Z,lime,lime:3edbdc6bd0b9,51.92223,4.47112,False,False,bicycle,electric_assist
2026-05-14T04:58:49Z,lime,lime:312b0d945b6e,51.90737,4.4574,False,False,bicycle,electric_assist
2026-05-14T04:58:49Z,lime,lime:a1c130aff64c,51.90108,4.48691,False,False,bicycle,electric_assist
2026-05-14T04:58:49Z,lime,lime:e5164e0ae7e3,51.91684,4.52682,False,False,bicycle,electric_assist
2026-05-14T04:58:49Z,lime,lime:805e4b3e02c3,51.92916,4.50532,False,False,bicycle,electric_assist
2026-05-14T04:58:49Z,lime,lime:31dbaf4fcf60,51.98211,4.36573,False,False,bicycle,electric_assist
2026-05-14T04:58:49Z,lime,lime:f8a1e1964bc8,51.99773,4.33157,False,False,bicycle,electric_assist
2026-05-14T04:58:49Z,lime,lime:7bcfe1b356a5,51.90778,4.45392,False,False,bicycle,electric_assist
2026-05-14T04:58:49Z,lime,lime:68028bd7ffa3,51.92518,4.47417,False,False,bicycle,electric_assist
2026-05-14T04:58:49Z,lime,lime:c344ba7aef64,51.90299,4.51138,False,False,bicycle,electric_assist
2026-05-14T04:58:49Z,lime,lime:45e1e61292b6,51.93439,4.47278,False,False,bicycle,electric_assist
2026-05-14T04:58:49Z,lime,lime:a96c4be1102a,51.91561,4.5292,False,False,bicycle,electric_assist
2026-05-14T04:58:49Z,lime,lime:d14f8cdb2517,51.88957,4.5069,False,False,bicycle,electric_assist
2026-05-14T04:58:49Z,lime,lime:86d70ce92d6c,51.91735,4.42049,False,False,bicycle,electric_assist
2026-05-14T04:58:49Z,lime,lime:5fab2fefb485,51.92756,4.48758,False,False,bicycle,electric_assist
2026-05-14T04:58:49Z,lime,lime:a85ada43e29c,51.87824,4.44877,False,False,bicycle,electric_assist
2026-05-14T04:58:49Z,lime,lime:3eff1332141e,51.90954,4.44049,False,False,bicycle,electric_assist
2026-05-14T04:58:49Z,lime,lime:120f6f799743,51.92529,4.49393,False,False,bicycle,electric_assist
2026-05-14T04:58:49Z,lime,lime:603b7a56b965,51.90436,4.40686,False,False,bicycle,electric_assist
2026-05-14T04:58:49Z,lime,lime:1c2c0f8875f2,51.91416,4.42226,False,False,bicycle,electric_assist
2026-05-14T04:58:49Z,lime,lime:034db1641981,51.93573,4.47108,False,False,bicycle,electric_assist
2026-05-14T04:58:49Z,lime,lime:65baeea6eee7,51.94739,4.56411,False,False,bicycle,electric_assist
2026-05-14T04:58:49Z,lime,lime:5ecc2930f824,51.944,4.56673,False,False,bicycle,electric_assist
2026-05-14T04:58:49Z,lime,lime:f82cf059e1b4,51.92447,4.47256,False,False,bicycle,electric_assist
2026-05-14T04:58:49Z,lime,lime:9d61ec7394bc,51.88963,4.49596,False,False,bicycle,electric_assist
2026-05-14T04:58:49Z,lime,lime:cea9527a173a,51.86118,4.47676,False,False,bicycle,electric_assist
2026-05-14T04:58:49Z,lime,lime:9b004557097f,51.92409,4.51401,False,False,bicycle,electric_assist
2026-05-14T04:58:49Z,lime,lime:71c8d36be051,51.92089,4.5399,False,False,bicycle,electric_assist
2026-05-14T04:58:49Z,lime,lime:7c858e13cfbf,51.89214,4.50269,False,False,bicycle,electric_assist
2026-05-14T04:58:49Z,lime,lime:c6056ea20b15,51.91731,4.42048,False,False,bicycle,electric_assist
2026-05-14T04:58:49Z,lime,lime:e223b4290760,51.92516,4.474,False,False,bicycle,electric_assist
2026-05-14T04:58:49Z,lime,lime:36b269119ed6,51.91232,4.45509,False,False,bicycle,electric_assist
2026-05-14T04:58:49Z,lime,lime:2c0777cb2b49,51.92858,4.40759,False,False,bicycle,electric_assist
2026-05-14T04:58:49Z,lime,lime:c75a570d774c,51.93495,4.46311,False,False,bicycle,electric_assist
2026-05-14T04:58:49Z,lime,lime:9df9e0b27fe1,51.99107,4.36513,False,False,bicycle,electric_assist
2026-05-14T04:58:49Z,lime,lime:ee92d92b3122,51.93754,4.48199,False,False,bicycle,electric_assist
2026-05-14T04:58:49Z,lime,lime:2fdeb40cbcd4,51.99681,4.38478,False,False,bicycle,electric_assist
2026-05-14T04:58:49Z,lime,lime:7a67de453cb4,51.91868,4.44912,False,False,bicycle,electric_assist
2026-05-14T04:58:49Z,lime,lime:cb5b98a44172,51.92732,4.51907,False,False,bicycle,electric_assist
2026-05-14T04:58:49Z,lime,lime:2c5c4bc55e2b,51.92267,4.46964,False,False,bicycle,electric_assist
2026-05-14T04:58:49Z,lime,lime:612ffe283313,51.91175,4.38363,False,False,bicycle,electric_assist
2026-05-14T04:58:49Z,lime,lime:7b39a687299b,51.95895,4.47157,False,False,bicycle,electric_assist
2026-05-14T04:58:49Z,lime,lime:44ac3c14f097,51.92227,4.47135,False,False,bicycle,electric_assist
2026-05-14T04:58:49Z,lime,lime:5ea9a29ec6b2,51.89563,4.50645,False,False,bicycle,electric_assist
2026-05-14T04:58:49Z,lime,lime:35eb6c9011b6,51.94636,4.48705,False,False,bicycle,electric_assist
2026-05-14T04:58:49Z,lime,lime:ded1cd09824c,51.9171,4.48686,False,False,bicycle,electric_assist
2026-05-14T04:58:49Z,lime,lime:810de62068b1,51.90738,4.48939,False,False,bicycle,electric_assist
2026-05-14T04:58:49Z,lime,lime:783d51a65853,51.98623,4.38086,False,False,bicycle,electric_assist
2026-05-14T04:58:49Z,lime,lime:ddabc6ed9fa7,51.91619,4.52557,False,False,bicycle,electric_assist
2026-05-14T04:58:49Z,lime,lime:cb364eb82257,51.91733,4.42053,False,False,bicycle,electric_assist
2026-05-14T04:58:49Z,lime,lime:26ae9f2e944a,51.90903,4.51146,False,False,bicycle,electric_assist
2026-05-14T04:58:49Z,lime,lime:d8905d5558f9,51.93573,4.49095,False,False,bicycle,electric_assist
2026-05-14T04:58:49Z,lime,lime:b8a8519a924a,51.903,4.51136,False,False,bicycle,electric_assist
2026-05-14T04:58:49Z,lime,lime:1e6b5cf64d2b,51.92511,4.47413,False,False,bicycle,electric_assist
2026-05-14T04:58:49Z,lime,lime:2d30683c4d1c,51.87405,4.49417,False,False,bicycle,electric_assist
2026-05-14T04:58:49Z,lime,lime:f6a53ac9db6a,51.92284,4.46958,False,False,bicycle,electric_assist
2026-05-14T04:58:49Z,lime,lime:049ba77e254c,51.91803,4.41498,False,False,bicycle,electric_assist
2026-05-14T04:58:49Z,lime,lime:3a304d6915a9,51.90649,4.46288,True,False,bicycle,electric_assist
2026-05-14T04:58:49Z,lime,lime:937bf4685896,51.91172,4.3837,False,False,bicycle,electric_assist
2026-05-14T04:58:49Z,lime,lime:fddd9f81c80e,51.91173,4.49381,False,False,bicycle,electric_assist
2026-05-14T04:58:49Z,lime,lime:0bd48f22619a,51.90888,4.53816,False,False,bicycle,electric_assist
2026-05-14T04:58:49Z,lime,lime:d8c86f96d5d0,51.91626,4.45158,False,False,bicycle,electric_assist
2026-05-14T04:58:49Z,lime,lime:e24cc70c2d3a,51.91738,4.51829,True,False,bicycle,electric_assist
2026-05-14T04:58:49Z,lime,lime:49e9f74de168,51.90226,4.50279,False,False,bicycle,electric_assist
2026-05-14T04:58:49Z,lime,lime:a65483ee84b5,51.91485,4.40327,False,False,bicycle,electric_assist
2026-05-14T04:58:49Z,lime,lime:e1d6d0718018,51.91922,4.51409,False,False,bicycle,electric_assist
2026-05-14T04:58:49Z,lime,lime:34075aa9fed4,51.89064,4.51421,False,False,bicycle,electric_assist
2026-05-14T04:58:49Z,lime,lime:5066efc61604,51.91413,4.49601,False,False,bicycle,electric_assist
2026-05-14T04:58:49Z,lime,lime:86dde31ed316,51.94218,4.4982,False,False,bicycle,electric_assist
2026-05-14T04:58:49Z,lime,lime:a367b47b8fdd,51.92822,4.36241,False,False,bicycle,electric_assist
2026-05-14T04:58:49Z,lime,lime:02b61a408520,51.90887,4.37245,False,False,bicycle,electric_assist
2026-05-14T04:58:49Z,lime,lime:d32ce3be7eee,51.92861,4.493,False,False,bicycle,electric_assist
2026-05-14T04:58:49Z,lime,lime:93e57b01fb6b,51.91156,4.53902,False,True,bicycle,electric_assist
2026-05-14T04:58:49Z,lime,lime:81c880737150,51.90169,4.48993,False,False,bicycle,electric_assist
2026-05-14T04:58:49Z,lime,lime:e2d933c66354,51.91805,4.47209,False,False,bicycle,electric_assist
2026-05-14T04:58:49Z,lime,lime:c4cc72027d56,51.92788,4.48183,False,False,bicycle,electric_assist
2026-05-14T04:58:49Z,lime,lime:b5b7db6f3748,51.92757,4.40444,False,False,bicycle,electric_assist
2026-05-14T04:58:49Z,lime,lime:1084375037e1,51.90633,4.45993,False,False,bicycle,electric_assist
2026-05-14T04:58:49Z,lime,lime:c320c1cecabc,51.90193,4.45781,False,False,bicycle,electric_assist
2026-05-14T04:58:49Z,lime,lime:62c8f179d78f,51.88947,4.49931,False,False,bicycle,electric_assist
2026-05-14T04:58:49Z,lime,lime:05f505aee2aa,51.90798,4.51237,False,False,bicycle,electric_assist
2026-05-14T04:58:49Z,lime,lime:4bbd01ac5fef,51.90924,4.4582,False,False,bicycle,electric_assist
2026-05-14T04:58:49Z,lime,lime:0fcc91455d84,51.92747,4.44024,False,False,bicycle,electric_assist
2026-05-14T04:58:49Z,lime,lime:1ef7bd4a74c3,51.93919,4.496,False,False,bicycle,electric_assist
2026-05-14T04:58:49Z,lime,lime:522da1cb28a2,51.92857,4.51049,False,False,bicycle,electric_assist
2026-05-14T04:58:49Z,lime,lime:b460aa56a059,51.94595,4.4636,False,False,bicycle,electric_assist
2026-05-14T04:58:49Z,lime,lime:ddfee7ac8dab,51.92236,4.47104,False,False,bicycle,electric_assist
2026-05-14T04:58:49Z,lime,lime:d5a98e634f85,51.91999,4.51311,False,False,bicycle,electric_assist
2026-05-14T04:58:49Z,lime,lime:94f91917efc5,51.88645,4.49661,False,False,bicycle,electric_assist
2026-05-14T04:58:49Z,lime,lime:c3621788d63e,51.93759,4.37276,False,False,bicycle,electric_assist
2026-05-14T04:58:49Z,lime,lime:c2457ff0800b,51.92225,4.47135,False,False,bicycle,electric_assist
2026-05-14T04:58:49Z,lime,lime:3fea8f7feaba,51.92239,4.47144,False,False,bicycle,electric_assist
2026-05-14T04:58:49Z,lime,lime:b94a9726ecd1,51.93787,4.50163,False,False,bicycle,electric_assist
2026-05-14T04:58:49Z,lime,lime:35eedd6aedd9,51.95643,4.51217,False,False,bicycle,electric_assist
2026-05-14T04:58:49Z,lime,lime:9ec768b7382f,51.91622,4.47435,False,False,bicycle,electric_assist
2026-05-14T04:58:49Z,lime,lime:c9652fefd72c,51.91426,4.496,False,False,bicycle,electric_assist
2026-05-14T04:58:49Z,lime,lime:729447664931,51.92618,4.45782,False,False,bicycle,electric_assist
2026-05-14T04:58:49Z,lime,lime:9667edc4ca84,51.99797,4.33319,False,False,bicycle,electric_assist
2026-05-14T04:58:49Z,lime,lime:5ad980e642ea,51.92268,4.46954,False,False,bicycle,electric_assist
2026-05-14T04:58:49Z,lime,lime:f46abc2cabb1,51.90576,4.44399,False,False,bicycle,electric_assist
2026-05-14T04:58:49Z,lime,lime:2288e09d4775,51.91231,4.45509,False,False,bicycle,electric_assist
2026-05-14T04:58:49Z,lime,lime:c113c78e4277,51.91229,4.46636,False,False,bicycle,electric_assist
2026-05-14T04:58:49Z,lime,lime:9dcb6435d594,51.92816,4.36412,False,False,bicycle,electric_assist
2026-05-14T04:58:49Z,lime,lime:e00a8a242712,51.92925,4.44898,False,False,bicycle,electric_assist
2026-05-14T04:58:49Z,lime,lime:06a112f231b5,51.88658,4.49654,False,False,bicycle,electric_assist
2026-05-14T04:58:49Z,lime,lime:b44091a9ead4,51.92979,4.4605,False,False,bicycle,electric_assist
2026-05-14T04:58:49Z,lime,lime:3bf911033f82,51.88681,4.47999,False,False,bicycle,electric_assist
2026-05-14T04:58:49Z,lime,lime:b4ea177f3104,51.92658,4.49884,False,False,bicycle,electric_assist
2026-05-14T04:58:49Z,lime,lime:b462496b894e,51.92977,4.47441,False,False,bicycle,electric_assist
2026-05-14T04:58:49Z,lime,lime:9c45aa7363d8,51.91877,4.39197,False,False,bicycle,electric_assist
2026-05-14T04:58:49Z,lime,lime:237426f33df8,51.91489,4.40323,False,False,bicycle,electric_assist
2026-05-14T04:58:49Z,lime,lime:6b4550eafa04,51.92228,4.50225,False,False,bicycle,electric_assist
2026-05-14T04:58:49Z,lime,lime:d1098ab3c8a2,51.92233,4.4712,False,False,bicycle,electric_assist
2026-05-14T04:58:49Z,lime,lime:2bf47302f229,51.92184,4.46055,False,False,bicycle,electric_assist
2026-05-14T04:58:49Z,lime,lime:8304a6f778bc,51.91062,4.49156,False,False,bicycle,electric_assist
2026-05-14T04:58:49Z,lime,lime:68e56c28a2ff,51.90732,4.40225,False,False,bicycle,electric_assist
2026-05-14T04:58:49Z,lime,lime:d600ecb66bf4,51.92283,4.46952,False,False,bicycle,electric_assist
2026-05-14T04:58:49Z,lime,lime:63a868c2ee83,51.92741,4.38036,False,False,bicycle,electric_assist
2026-05-14T04:58:49Z,lime,lime:166d414b395d,51.89043,4.47336,False,True,bicycle,electric_assist
2026-05-14T04:58:49Z,lime,lime:ac5055be1861,51.91746,4.51169,False,False,bicycle,electric_assist
2026-05-14T04:58:49Z,lime,lime:07b4f23b35bb,51.92224,4.50241,False,False,bicycle,electric_assist
2026-05-14T04:58:49Z,lime,lime:c8ecf8a2e4ea,51.92035,4.51128,False,False,bicycle,electric_assist
2026-05-14T04:58:49Z,lime,lime:0f37306d7f12,51.92227,4.47147,False,False,bicycle,electric_assist
2026-05-14T04:58:49Z,lime,lime:cc94d5ad6b96,51.92226,4.47141,False,False,bicycle,electric_assist
2026-05-14T04:58:49Z,lime,lime:c5152ec3f9fb,51.93906,4.4958,False,False,bicycle,electric_assist
2026-05-14T04:58:49Z,lime,lime:35f3f00cffd6,51.99712,4.34259,False,False,bicycle,electric_assist
2026-05-14T04:58:49Z,lime,lime:94a83a98912a,51.93952,4.53735,False,False,bicycle,electric_assist
2026-05-14T04:58:49Z,lime,lime:c27e8be7c47c,51.93331,4.50002,False,False,bicycle,electric_assist
2026-05-14T04:58:49Z,lime,lime:096963d28a08,51.92735,4.44052,False,False,bicycle,electric_assist
2026-05-14T04:58:49Z,lime,lime:6e30402eab99,51.94149,4.48136,False,False,bicycle,electric_assist
2026-05-14T04:58:49Z,lime,lime:04335877d93b,51.87355,4.48393,False,False,bicycle,electric_assist
2026-05-14T04:58:49Z,lime,lime:37f1559f6c96,51.94185,4.54644,False,False,bicycle,electric_assist
2026-05-14T04:58:49Z,lime,lime:db4aa855fe5f,51.91155,4.4785,False,False,bicycle,electric_assist
2026-05-14T04:58:49Z,lime,lime:1bc83678258b,51.94152,4.48133,False,False,bicycle,electric_assist
2026-05-14T04:58:49Z,lime,lime:1ba24a846c4c,51.91112,4.48191,False,False,bicycle,electric_assist
2026-05-14T04:58:49Z,lime,lime:a7530fc2dac4,51.98427,4.37785,False,False,bicycle,electric_assist
2026-05-14T04:58:49Z,lime,lime:7064ab73e5f7,51.88733,4.48719,False,False,bicycle,electric_assist
2026-05-14T04:58:49Z,lime,lime:9771dfe4909b,51.92526,4.4741,False,False,bicycle,electric_assist
2026-05-14T04:58:49Z,lime,lime:0d11d37e9a4f,51.90657,4.45709,False,False,bicycle,electric_assist
2026-05-14T04:58:49Z,lime,lime:ddde10b0ee63,51.91865,4.51153,False,False,bicycle,electric_assist
2026-05-14T04:58:49Z,lime,lime:1ee77f5eda26,51.91783,4.51804,False,False,bicycle,electric_assist
2026-05-14T04:58:49Z,lime,lime:8373eebaa7c8,51.88268,4.52117,False,False,bicycle,electric_assist
2026-05-14T04:58:49Z,lime,lime:9f195e3cc1e4,51.9539,4.4682,False,False,bicycle,electric_assist
2026-05-14T04:58:49Z,lime,lime:b2e5affc155c,51.90498,4.4401,False,False,bicycle,electric_assist
2026-05-14T04:58:49Z,lime,lime:01de05a2fdd6,51.93783,4.50161,False,False,bicycle,electric_assist
2026-05-14T04:58:49Z,lime,lime:cbf73766796b,51.91886,4.52786,False,False,bicycle,electric_assist
2026-05-14T04:58:49Z,lime,lime:668f9622f13d,51.98206,4.34477,False,False,bicycle,electric_assist
2026-05-14T04:58:49Z,lime,lime:0107940894aa,51.91335,4.48553,False,False,bicycle,electric_assist
2026-05-14T04:58:49Z,lime,lime:a47c7d6f892c,51.94247,4.53789,False,False,bicycle,electric_assist
2026-05-14T04:58:49Z,lime,lime:93a9bac42dba,51.90553,4.50958,False,False,bicycle,electric_assist
2026-05-14T04:58:49Z,lime,lime:55ecb97f001d,51.88988,4.48369,False,False,bicycle,electric_assist
2026-05-14T04:58:49Z,lime,lime:cd71006cb502,51.93047,4.45838,False,False,bicycle,electric_assist
2026-05-14T04:58:49Z,lime,lime:e46499ea9f2b,51.92521,4.47403,False,False,bicycle,electric_assist
2026-05-14T04:58:49Z,lime,lime:dea71c59ed94,51.93648,4.47107,False,False,bicycle,electric_assist
2026-05-14T04:58:49Z,lime,lime:e0c1ad09b95b,51.92563,4.51755,False,False,bicycle,electric_assist
2026-05-14T04:58:49Z,lime,lime:945f541a7efb,51.92185,4.46055,False,False,bicycle,electric_assist
2026-05-14T04:58:49Z,lime,lime:cc73651e97c4,51.92162,4.51254,False,False,bicycle,electric_assist
2026-05-14T04:58:49Z,lime,lime:dcb02973066f,51.91633,4.52587,False,False,bicycle,electric_assist
2026-05-14T04:58:49Z,lime,lime:e9fea84abd9f,51.92227,4.47098,True,False,bicycle,electric_assist
2026-05-14T04:58:49Z,lime,lime:deb4b1fc958b,51.91648,4.44794,False,False,bicycle,electric_assist
2026-05-14T04:58:49Z,lime,lime:c20bd326072d,51.9145,4.46141,False,False,bicycle,electric_assist
2026-05-14T04:58:49Z,lime,lime:03fd34935f77,51.88911,4.52905,False,False,bicycle,electric_assist
2026-05-14T04:58:49Z,lime,lime:5e06aa04ab81,51.89842,4.47939,False,False,bicycle,electric_assist
2026-05-14T04:58:49Z,lime,lime:6b62832b49a9,51.93632,4.47532,False,False,bicycle,electric_assist
2026-05-14T04:58:49Z,lime,lime:d88f50278437,51.90511,4.45583,False,False,bicycle,electric_assist
2026-05-14T04:58:49Z,lime,lime:1d6f426e608f,51.97914,4.34879,False,False,bicycle,electric_assist
2026-05-14T04:58:49Z,lime,lime:0fa934bcb433,51.93248,4.47154,False,False,bicycle,electric_assist
2026-05-14T04:58:49Z,lime,lime:2e10700ed36d,51.94027,4.48364,False,False,bicycle,electric_assist
2026-05-14T04:58:49Z,lime,lime:f242c75d8727,51.93224,4.48552,True,False,bicycle,electric_assist
2026-05-14T04:58:49Z,lime,lime:3ef098900326,51.93877,4.46751,False,False,bicycle,electric_assist
2026-05-14T04:58:49Z,lime,lime:ae0dac3096d2,51.90748,4.50235,False,False,bicycle,electric_assist
2026-05-14T04:58:49Z,lime,lime:919964add1c5,51.92009,4.4441,False,False,bicycle,electric_assist
2026-05-14T04:58:49Z,lime,lime:8ecfa3048f81,51.91427,4.49607,False,False,bicycle,electric_assist
2026-05-14T04:58:49Z,lime,lime:d25b0720958f,51.91837,4.4838,False,False,bicycle,electric_assist
2026-05-14T04:58:49Z,lime,lime:43afc93d6881,51.93059,4.49003,False,False,bicycle,electric_assist
2026-05-14T04:58:49Z,lime,lime:b0d86391bb9c,51.90461,4.45198,False,False,bicycle,electric_assist
2026-05-14T04:58:49Z,lime,lime:38839877faf4,51.89696,4.50404,False,False,bicycle,electric_assist
2026-05-14T04:58:49Z,lime,lime:a11b550fde57,51.89137,4.4604,False,False,bicycle,electric_assist
2026-05-14T04:58:49Z,lime,lime:70d56fc5b94e,51.89383,4.527,False,False,bicycle,electric_assist
2026-05-14T04:58:49Z,lime,lime:bf7ed200efba,51.91768,4.51884,False,False,bicycle,electric_assist
2026-05-14T04:58:49Z,lime,lime:f42589fef84a,51.98726,4.35996,False,False,bicycle,electric_assist
2026-05-14T04:58:49Z,lime,lime:833dd73680eb,51.93314,4.49734,False,False,bicycle,electric_assist
2026-05-14T04:58:49Z,lime,lime:b453b4caa68e,51.91105,4.50442,False,False,bicycle,electric_assist
2026-05-14T04:58:49Z,lime,lime:5d38f56897bd,51.91235,4.45507,False,False,bicycle,electric_assist
2026-05-14T04:58:49Z,lime,lime:6ae65e32441d,51.91416,4.42235,False,False,bicycle,electric_assist
2026-05-14T04:58:49Z,lime,lime:ffeff8732378,51.93107,4.49454,False,False,bicycle,electric_assist
2026-05-14T04:58:49Z,lime,lime:fc3f293b3c6f,51.89917,4.48461,False,False,bicycle,electric_assist
2026-05-14T04:58:49Z,lime,lime:9aafe3d85b4b,51.94432,4.56041,False,False,bicycle,electric_assist
2026-05-14T04:58:49Z,lime,lime:978523fd698c,51.91235,4.45509,False,False,bicycle,electric_assist
2026-05-14T04:58:49Z,lime,lime:3945232a0d9f,51.91611,4.4542,False,False,bicycle,electric_assist
2026-05-14T04:58:49Z,lime,lime:57bc3f36ac9f,51.92452,4.47276,False,False,bicycle,electric_assist
2026-05-14T04:58:49Z,lime,lime:e22cdf033592,51.92547,4.50873,False,False,bicycle,electric_assist
2026-05-14T04:58:49Z,lime,lime:5459b9056ec4,51.87427,4.52314,False,False,bicycle,electric_assist
2026-05-14T04:58:49Z,lime,lime:c0e4e8d93b1a,51.92741,4.38012,False,False,bicycle,electric_assist
2026-05-14T04:58:49Z,lime,lime:db8775d76bda,51.8863,4.54934,False,False,bicycle,electric_assist
2026-05-14T04:58:49Z,lime,lime:38c8a98b1936,51.90895,4.49849,False,False,bicycle,electric_assist
2026-05-14T04:58:49Z,lime,lime:b6c54347f8d2,51.95977,4.54595,False,False,bicycle,electric_assist
2026-05-14T04:58:49Z,lime,lime:a8b28cdbaa40,51.93028,4.48377,False,False,bicycle,electric_assist
2026-05-14T04:58:49Z,lime,lime:a20dd403c67d,51.92749,4.4401,False,False,bicycle,electric_assist
2026-05-14T04:58:49Z,lime,lime:c2cb0da746b1,51.93246,4.47149,False,False,bicycle,electric_assist
2026-05-14T04:58:49Z,lime,lime:052c2092b023,51.9353,4.46195,False,False,bicycle,electric_assist
2026-05-14T04:58:49Z,lime,lime:868d61a97963,51.9162,4.47434,False,False,bicycle,electric_assist
2026-05-14T04:58:49Z,lime,lime:66c5d7b3682c,51.95625,4.48988,False,False,bicycle,electric_assist
2026-05-14T04:58:49Z,lime,lime:64068d601737,51.9037,4.46344,False,False,bicycle,electric_assist
2026-05-14T04:58:49Z,lime,lime:e5cef12ab70b,51.90293,4.51139,False,False,bicycle,electric_assist
2026-05-14T04:58:49Z,lime,lime:f5b05d3db123,51.91998,4.45207,False,False,bicycle,electric_assist
2026-05-14T04:58:49Z,lime,lime:b14959ab55fa,51.91985,4.3708,False,False,bicycle,electric_assist
2026-05-14T04:58:49Z,lime,lime:895ea805de05,51.93518,4.46136,False,False,bicycle,electric_assist
2026-05-14T04:58:49Z,lime,lime:340b654bcda1,51.91619,4.44672,False,False,bicycle,electric_assist
2026-05-14T04:58:49Z,lime,lime:4cdeb69ee1df,51.93098,4.45637,False,False,bicycle,electric_assist
2026-05-14T04:58:49Z,lime,lime:a56ae0f4d374,51.96336,4.47121,False,False,bicycle,electric_assist
2026-05-14T04:58:49Z,lime,lime:69d51c586f60,51.90564,4.46283,False,False,bicycle,electric_assist
2026-05-14T04:58:49Z,lime,lime:f4606c794f89,51.90499,4.44009,False,False,bicycle,electric_assist
2026-05-14T04:58:49Z,lime,lime:b3b4ffe745e8,51.92821,4.41925,False,False,bicycle,electric_assist
2026-05-14T04:58:49Z,lime,lime:d644473ac285,51.92946,4.47641,False,False,bicycle,electric_assist
2026-05-14T04:58:49Z,lime,lime:32a2dd33e10b,51.9327,4.45596,False,False,bicycle,electric_assist
2026-05-14T04:58:49Z,lime,lime:fc048155d1e8,51.91784,4.51806,False,False,bicycle,electric_assist
2026-05-14T04:58:49Z,lime,lime:758e394ad1c7,51.91125,4.4922,False,False,bicycle,electric_assist
2026-05-14T04:58:49Z,lime,lime:8a8e94bb17a0,51.91626,4.52579,False,False,bicycle,electric_assist
2026-05-14T04:58:49Z,lime,lime:d49cfaf60ccf,51.92145,4.53173,False,False,bicycle,electric_assist
2026-05-14T04:58:49Z,lime,lime:68cd04cad215,51.95092,4.55509,False,False,bicycle,electric_assist
2026-05-14T04:58:49Z,lime,lime:75b955e3ad7c,51.90854,4.48174,False,False,bicycle,electric_assist
2026-05-14T04:58:49Z,lime,lime:14384dfc4eac,51.93669,4.46598,False,False,bicycle,electric_assist
2026-05-14T04:58:49Z,lime,lime:fc3485bf0d00,51.90293,4.51139,False,False,bicycle,electric_assist
2026-05-14T04:58:49Z,lime,lime:c8185142e667,51.92145,4.39482,False,False,bicycle,electric_assist
2026-05-14T04:58:49Z,lime,lime:e88891ae38af,51.91696,4.52771,False,False,bicycle,electric_assist
2026-05-14T04:58:49Z,lime,lime:fa91486bbcae,51.91777,4.51812,False,False,bicycle,electric_assist
2026-05-14T04:58:49Z,lime,lime:c3e456e609f1,51.9327,4.50607,False,False,bicycle,electric_assist
2026-05-14T04:58:49Z,lime,lime:a1fd1c5b162a,51.93345,4.44297,False,False,bicycle,electric_assist
2026-05-14T04:58:49Z,lime,lime:2bc6f2417f64,51.92287,4.47126,False,False,bicycle,electric_assist
2026-05-14T04:58:49Z,lime,lime:492832579c14,51.91915,4.41822,False,False,bicycle,electric_assist
2026-05-14T04:58:49Z,lime,lime:680929e5ae74,51.93339,4.53478,False,False,bicycle,electric_assist
2026-05-14T04:58:49Z,lime,lime:bbad08e4c10f,51.94419,4.47132,False,False,bicycle,electric_assist
2026-05-14T04:58:49Z,lime,lime:6d3fe507355c,51.91554,4.44108,False,False,bicycle,electric_assist
2026-05-14T04:58:49Z,lime,lime:5ffa93e1eb59,51.91917,4.44005,False,False,bicycle,electric_assist
2026-05-14T04:58:49Z,lime,lime:97fda8ed6086,51.98774,4.36085,False,False,bicycle,electric_assist
2026-05-14T04:58:49Z,lime,lime:b01a6211a110,51.93134,4.49913,False,False,bicycle,electric_assist
2026-05-14T04:58:49Z,lime,lime:8754f9b69b28,51.92441,4.47252,False,False,bicycle,electric_assist
2026-05-14T04:58:49Z,lime,lime:980d35da58c4,51.93145,4.46156,False,False,bicycle,electric_assist
2026-05-14T04:58:49Z,lime,lime:0d231c3700b8,51.90617,4.51382,False,False,bicycle,electric_assist
2026-05-14T04:58:49Z,lime,lime:8715c93486db,51.93709,4.46838,False,False,bicycle,electric_assist
2026-05-14T04:58:49Z,lime,lime:d20f13f48d31,51.89333,4.51633,False,False,bicycle,electric_assist
2026-05-14T04:58:49Z,lime,lime:2a677f6cccbe,51.93791,4.50169,False,False,bicycle,electric_assist
2026-05-14T04:58:49Z,lime,lime:53614fdb0f60,51.92703,4.51843,False,False,bicycle,electric_assist
2026-05-14T04:58:49Z,lime,lime:4a9d2c01124f,51.88883,4.47727,False,False,bicycle,electric_assist
2026-05-14T04:58:49Z,lime,lime:24085c0afa48,51.92667,4.45826,False,False,bicycle,electric_assist
2026-05-14T04:58:49Z,lime,lime:52d3256f4fc5,51.91644,4.4517,False,False,bicycle,electric_assist
2026-05-14T04:58:49Z,lime,lime:4c91e1516d94,51.92864,4.493,False,False,bicycle,electric_assist
2026-05-14T04:58:49Z,lime,lime:9cfe49a8a5fd,51.94185,4.54644,False,False,bicycle,electric_assist
2026-05-14T04:58:49Z,lime,lime:f4252eaf816c,51.96045,4.53524,False,False,bicycle,electric_assist
2026-05-14T04:58:49Z,lime,lime:c959ce62eb8c,51.93557,4.49132,False,False,bicycle,electric_assist
2026-05-14T04:58:49Z,lime,lime:34d2097e3b08,51.94623,4.48614,False,False,bicycle,electric_assist
2026-05-14T04:58:49Z,lime,lime:39db3e64494b,51.90631,4.45985,False,False,bicycle,electric_assist
2026-05-14T04:58:49Z,lime,lime:ef7cd95ebbb3,51.91117,4.48176,False,False,bicycle,electric_assist
2026-05-14T04:58:49Z,lime,lime:698add38612b,51.91639,4.4869,False,False,bicycle,electric_assist
2026-05-14T04:58:49Z,lime,lime:8df575d2be63,51.90154,4.50499,False,False,bicycle,electric_assist
2026-05-14T04:58:49Z,lime,lime:30e1f03fefd9,51.93321,4.46679,False,False,bicycle,electric_assist
2026-05-14T04:58:49Z,felyx,felyx:a2a576818936,51.87891481666668,4.529893100000001,False,True,bicycle,electric_assist
2026-05-14T04:58:49Z,felyx,felyx:02b2e51cf7e4,51.90203393333333,4.448686716666668,False,True,bicycle,electric_assist
2026-05-14T04:58:49Z,felyx,felyx:79d24cd4627a,51.922779133333336,4.469527416666667,False,False,bicycle,electric_assist
2026-05-14T04:58:49Z,felyx,felyx:8ba9a69afe65,51.903106933333326,4.468694816666666,False,True,bicycle,electric_assist
2026-05-14T04:58:49Z,felyx,felyx:6d268fd404a0,51.92680863333332,4.423349900000001,False,False,bicycle,electric_assist
2026-05-14T04:58:49Z,felyx,felyx:25aa3545bfeb,51.956395533333335,4.5293689,False,False,bicycle,electric_assist
2026-05-14T04:58:49Z,felyx,felyx:96a5c12c7342,51.89234221666667,4.5307386,False,False,bicycle,electric_assist
2026-05-14T04:58:49Z,felyx,felyx:b047a72f9bc2,51.94185843333332,4.546522700000001,False,True,bicycle,electric_assist
2026-05-14T04:58:49Z,felyx,felyx:ffe8327e2363,51.92140943333333,4.470114016666667,False,False,bicycle,electric_assist
2026-05-14T04:58:49Z,felyx,felyx:2cdc1ea45e83,51.90481703333332,4.4027841,False,False,bicycle,electric_assist
2026-05-14T04:58:49Z,felyx,felyx:29c8aad97d82,51.89561161666667,4.5244026999999996,False,False,bicycle,electric_assist
2026-05-14T04:58:49Z,felyx,felyx:32c6f46987ec,51.96044463333333,4.5353531,False,False,bicycle,electric_assist
2026-05-14T04:58:49Z,felyx,felyx:0f0b749dce43,51.91303193333332,4.553764800000001,False,False,bicycle,electric_assist
2026-05-14T04:58:49Z,felyx,felyx:6fe04933d583,51.89735491666667,4.5033859,False,False,bicycle,electric_assist
2026-05-14T04:58:49Z,felyx,felyx:87ca8a05be16,51.91893943333333,4.395428216666668,False,True,bicycle,electric_assist
2026-05-14T04:58:49Z,felyx,felyx:b7c576e21201,51.88647351666666,4.496570416666667,False,False,bicycle,electric_assist
2026-05-14T04:58:49Z,felyx,felyx:e5c421535413,51.909044133333325,4.457831016666667,False,False,bicycle,electric_assist
2026-05-14T04:58:49Z,felyx,felyx:4a36bc909c53,51.92859323333333,4.484512816666666,False,False,bicycle,electric_assist
2026-05-14T04:58:49Z,felyx,felyx:31e8ae0a6eeb,51.88855361666667,4.567235599999999,False,False,bicycle,electric_assist
2026-05-14T04:58:49Z,felyx,felyx:000c1c2de975,51.92611173333332,4.4233196999999995,False,False,bicycle,electric_assist
2026-05-14T04:58:49Z,felyx,felyx:e06ed4b96868,51.92088823333333,4.440571416666668,False,False,bicycle,electric_assist
2026-05-14T04:58:49Z,felyx,felyx:1f2b9765d258,51.92800773333333,4.418466400000001,False,False,bicycle,electric_assist
2026-05-14T04:58:49Z,felyx,felyx:393f8a30cb1e,51.89451341666666,4.483074416666667,False,False,bicycle,electric_assist
2026-05-14T04:58:49Z,felyx,felyx:a66578fb8b30,51.909235733333325,4.458261916666667,False,False,bicycle,electric_assist
2026-05-14T04:58:49Z,felyx,felyx:a617457ae44a,51.92313253333334,4.496824916666667,False,False,bicycle,electric_assist
2026-05-14T04:58:49Z,felyx,felyx:7be0060d3b88,51.931112433333325,4.462010916666666,False,False,bicycle,electric_assist
2026-05-14T04:58:49Z,felyx,felyx:1378c392160b,51.87011551666667,4.474419016666667,False,False,bicycle,electric_assist
2026-05-14T04:58:49Z,felyx,felyx:a70a451f6bb1,51.92500873333333,4.413433,False,True,bicycle,electric_assist
2026-05-14T04:58:49Z,felyx,felyx:46e9506613ea,51.88601121666667,4.502819699999999,False,False,bicycle,electric_assist
2026-05-14T04:58:49Z,felyx,felyx:072de9c6f587,51.90734883333333,4.451091716666666,False,False,bicycle,electric_assist
2026-05-14T04:58:49Z,felyx,felyx:9ca375b915ec,51.90223533333333,4.4613084333333335,False,True,bicycle,electric_assist
2026-05-14T04:58:49Z,felyx,felyx:dc0b0f019a33,51.90568823333332,4.462929616666667,False,False,bicycle,electric_assist
2026-05-14T04:58:49Z,felyx,felyx:2f6f201059de,51.91703313333335,4.472331116666668,False,True,bicycle,electric_assist
2026-05-14T04:58:49Z,felyx,felyx:ec2d11a5ef4b,51.943599633333335,4.483355916666667,False,False,bicycle,electric_assist
2026-05-14T04:58:49Z,felyx,felyx:ef725b3b0e51,51.89055041666667,4.518071900000001,False,False,bicycle,electric_assist
2026-05-14T04:58:49Z,felyx,felyx:4fc80aecef09,51.91118263333333,4.524813099999999,False,False,bicycle,electric_assist
2026-05-14T04:58:49Z,felyx,felyx:b8478088f4e2,51.91723763333333,4.523412399999999,False,False,bicycle,electric_assist
2026-05-14T04:58:49Z,felyx,felyx:4393a91f7eac,51.88552721666667,4.494299916666667,False,False,bicycle,electric_assist
2026-05-14T04:58:49Z,felyx,felyx:b7fc12b924c5,51.92317173333332,4.496808016666666,False,True,bicycle,electric_assist
2026-05-14T04:58:49Z,felyx,felyx:232565c1e39a,51.92875963333333,4.475526816666667,False,False,bicycle,electric_assist
2026-05-14T04:58:49Z,felyx,felyx:d77a48ead7fe,51.91352353333334,4.478131916666666,False,False,bicycle,electric_assist
2026-05-14T04:58:49Z,felyx,felyx:af18519e5b5e,51.95712833333334,4.476512216666666,False,False,bicycle,electric_assist
2026-05-14T04:58:49Z,felyx,felyx:a1bc9dee0d59,51.87518661666667,4.493278816666667,False,False,bicycle,electric_assist
2026-05-14T04:58:49Z,felyx,felyx:950ab7c3ae84,51.90586543333334,4.454658216666667,False,False,bicycle,electric_assist
2026-05-14T04:58:49Z,felyx,felyx:fecd1324d0db,51.887014816666664,4.531025699999999,False,False,bicycle,electric_assist
2026-05-14T04:58:49Z,felyx,felyx:8f26f4c1f544,51.95517950000001,4.462229816666667,False,True,bicycle,electric_assist
2026-05-14T04:58:49Z,felyx,felyx:c2d8b0645af1,51.927685033333326,4.5124269,False,False,bicycle,electric_assist
2026-05-14T04:58:49Z,felyx,felyx:2f4a20b75fb2,51.92676473333333,4.462781716666667,False,False,bicycle,electric_assist
2026-05-14T04:58:49Z,felyx,felyx:5ee1252e594d,51.95579961666668,4.494420216666667,False,False,bicycle,electric_assist
2026-05-14T04:58:49Z,felyx,felyx:8d6ab50295b5,51.94549791666666,4.408308450000001,False,True,bicycle,electric_assist
2026-05-14T04:58:49Z,felyx,felyx:c95a2098b412,51.91252721666666,4.47952095,False,False,bicycle,electric_assist
2026-05-14T04:58:49Z,felyx,felyx:e3b4818c7ee1,51.91800783333333,4.490870966666667,False,False,bicycle,electric_assist
2026-05-14T04:58:49Z,felyx,felyx:6fb50dc8c5c8,51.91053163333333,4.522588099999999,False,False,bicycle,electric_assist
2026-05-14T04:58:49Z,felyx,felyx:9af76f024953,51.90776281666667,4.453804150000001,False,False,bicycle,electric_assist
2026-05-14T04:58:49Z,felyx,felyx:e55451c7a9e6,51.90826743333333,4.396443216666667,False,False,bicycle,electric_assist
2026-05-14T04:58:49Z,felyx,felyx:352928399e43,51.88497971666667,4.5209759,False,False,bicycle,electric_assist
2026-05-14T04:58:49Z,felyx,felyx:d3fa2121cd13,51.87851921666667,4.496428416666667,False,False,bicycle,electric_assist
2026-05-14T04:58:49Z,felyx,felyx:933a435e0682,51.96360573333333,4.485004116666667,False,False,bicycle,electric_assist
2026-05-14T04:58:49Z,felyx,felyx:7f5fee8bfc5e,51.91588213333332,4.5009124,False,False,bicycle,electric_assist
2026-05-14T04:58:49Z,felyx,felyx:189931a8dff8,51.93000743333333,4.4616600166666665,False,False,bicycle,electric_assist
2026-05-14T04:58:49Z,felyx,felyx:5886c9f8194c,51.877196016666666,4.561899799999999,False,True,bicycle,electric_assist
2026-05-14T04:58:49Z,felyx,felyx:b410866b399a,51.90795463333334,4.494306016666667,False,False,bicycle,electric_assist
2026-05-14T04:58:49Z,felyx,felyx:10c1c6843ea9,51.93301293333334,4.482200616666666,False,False,bicycle,electric_assist
2026-05-14T04:58:49Z,felyx,felyx:15f68bda1648,51.92167673333333,4.492960116666666,False,False,bicycle,electric_assist
2026-05-14T04:58:49Z,felyx,felyx:b12043a14f3c,51.9040901,4.45805645,False,False,bicycle,electric_assist
2026-05-14T04:58:49Z,felyx,felyx:dcc8a02d9ac1,51.91204313333333,4.476836716666667,False,False,bicycle,electric_assist
2026-05-14T04:58:49Z,felyx,felyx:f2ecbba0b862,51.88505301666667,4.459107716666667,False,False,bicycle,electric_assist
2026-05-14T04:58:49Z,felyx,felyx:8b5be6a634a2,51.91600573333333,4.526793399999999,False,False,bicycle,electric_assist
2026-05-14T04:58:49Z,felyx,felyx:fe4507f4c0b4,51.91927883333332,4.453475816666668,False,False,bicycle,electric_assist
2026-05-14T04:58:49Z,felyx,felyx:d5668cab3cfd,51.918888233333334,4.480794216666666,False,True,bicycle,electric_assist
2026-05-14T04:58:49Z,felyx,felyx:38aa02c69fda,51.91172413333334,4.460729116666667,False,True,bicycle,electric_assist
2026-05-14T04:58:49Z,felyx,felyx:f325ee038e4f,51.871777016666655,4.5476576,False,False,bicycle,electric_assist
2026-05-14T04:58:49Z,felyx,felyx:04ea79a5e702,51.92541483333333,4.4662433166666675,False,False,bicycle,electric_assist
2026-05-14T04:58:49Z,felyx,felyx:483891c056b2,51.88061611666667,4.531930500000001,False,False,bicycle,electric_assist
2026-05-14T04:58:49Z,felyx,felyx:946882e7b939,51.93897423333332,4.495799916666666,False,False,bicycle,electric_assist
2026-05-14T04:58:49Z,felyx,felyx:8f7ccda1c469,51.88864463333332,4.567216983333334,False,False,bicycle,electric_assist
2026-05-14T04:58:49Z,felyx,felyx:27b2c555a698,51.914653849999986,4.519709066666667,False,False,bicycle,electric_assist
2026-05-14T04:58:49Z,felyx,felyx:f5dd9cc29ffa,51.89114631666667,4.477193416666667,False,False,bicycle,electric_assist
2026-05-14T04:58:49Z,felyx,felyx:3f3618a3bbef,51.89611461666667,4.5145757,False,True,bicycle,electric_assist
2026-05-14T04:58:49Z,felyx,felyx:1e2f7d1dd027,51.94997613333334,4.471379016666666,False,False,bicycle,electric_assist
2026-05-14T04:58:49Z,felyx,felyx:d24603daff9b,51.87799001666667,4.51688945,False,False,bicycle,electric_assist
2026-05-14T04:58:49Z,felyx,felyx:c9c47f98ee45,51.91350623333332,4.388660116666667,False,False,bicycle,electric_assist
2026-05-14T04:58:49Z,felyx,felyx:c4231d01e39a,51.89661381666667,4.494406316666667,False,True,bicycle,electric_assist
2026-05-14T04:58:49Z,felyx,felyx:b370562cdc4b,51.95621393333333,4.473022916666667,False,False,bicycle,electric_assist
2026-05-14T04:58:49Z,felyx,felyx:cf532d97568f,51.92080133333334,4.516402299999999,False,False,bicycle,electric_assist
2026-05-14T04:58:49Z,felyx,felyx:408c8f449ae1,51.92610283333333,4.423319200000001,False,False,bicycle,electric_assist
2026-05-14T04:58:49Z,felyx,felyx:9765c166f217,51.937639133333334,4.4961729166666675,False,False,bicycle,electric_assist
2026-05-14T04:58:49Z,felyx,felyx:56ca94223b73,51.92286913333334,4.508503200000001,False,False,bicycle,electric_assist
2026-05-14T04:58:49Z,felyx,felyx:2e6aadca50f2,51.91705133333333,4.523460600000001,False,False,bicycle,electric_assist
2026-05-14T04:58:49Z,felyx,felyx:58d1accf3aa5,51.871819916666674,4.495050216666666,False,False,bicycle,electric_assist
2026-05-14T04:58:49Z,felyx,felyx:e490e6ee112b,51.92791163333333,4.474071916666667,False,False,bicycle,electric_assist
2026-05-14T04:58:49Z,felyx,felyx:4aa5a61f18f1,51.921222400000005,4.47890525,False,True,bicycle,electric_assist
2026-05-14T04:58:49Z,felyx,felyx:44036d90ff61,51.92004303333332,4.5140767,False,False,bicycle,electric_assist
2026-05-14T04:58:49Z,felyx,felyx:35530e2d4d72,51.91987733333333,4.487697716666666,False,False,bicycle,electric_assist
2026-05-14T04:58:49Z,felyx,felyx:551ea683de2b,51.91994633333333,4.4346450000000015,False,False,bicycle,electric_assist
2026-05-14T04:58:49Z,felyx,felyx:8dab2ded4c4c,51.916435333333325,4.4060456,False,True,bicycle,electric_assist
2026-05-14T04:58:49Z,felyx,felyx:f74cb819f7cc,51.92144593333334,4.5317153999999995,False,False,bicycle,electric_assist
2026-05-14T04:58:49Z,felyx,felyx:5547c12dbea4,51.923257933333325,4.493519516666667,False,False,bicycle,electric_assist
2026-05-14T04:58:49Z,felyx,felyx:d42a3225e7d3,51.93156913333334,4.480949816666667,False,False,bicycle,electric_assist
2026-05-14T04:58:49Z,felyx,felyx:9e7d661ab3ea,51.91606953333332,4.526875999999999,False,False,bicycle,electric_assist
2026-05-14T04:58:49Z,felyx,felyx:9f4d5ed123c4,51.924268333333345,4.5351818,False,True,bicycle,electric_assist
2026-05-14T04:58:49Z,felyx,felyx:83b8f8ded2ac,51.87185861666668,4.5254604,False,False,bicycle,electric_assist
2026-05-14T04:58:49Z,felyx,felyx:cbe9bb723d27,51.89283171666666,4.5145989,False,True,bicycle,electric_assist
2026-05-14T04:58:49Z,felyx,felyx:92ed97667fea,51.92378563333333,4.478420316666666,False,False,bicycle,electric_assist
2026-05-14T04:58:49Z,felyx,felyx:6ddcd64c7b59,51.87090391666667,4.479098216666668,False,False,bicycle,electric_assist
2026-05-14T04:58:49Z,felyx,felyx:89101891c36d,51.93427383333333,4.4221136,False,False,bicycle,electric_assist
2026-05-14T04:58:49Z,felyx,felyx:fb83539119be,51.892074916666665,4.477543316666668,False,True,bicycle,electric_assist
2026-05-14T04:58:49Z,felyx,felyx:3776b760fc2c,51.91980083333332,4.511508,False,False,bicycle,electric_assist
2026-05-14T04:58:49Z,felyx,felyx:cfba3d5ade7e,51.904403133333325,4.457998216666668,False,True,bicycle,electric_assist
2026-05-14T04:58:49Z,felyx,felyx:dbddca12759f,51.94924373333333,4.4327141999999995,False,False,bicycle,electric_assist
2026-05-14T04:58:49Z,felyx,felyx:fade944ee2d4,51.914391433333336,4.4401054166666665,False,False,bicycle,electric_assist
2026-05-14T04:58:49Z,felyx,felyx:086c1ed9e5ff,51.925844033333334,4.486715316666667,False,False,bicycle,electric_assist
2026-05-14T04:58:49Z,felyx,felyx:52c507bb58be,51.94315924999998,4.420109133333333,False,False,bicycle,electric_assist
2026-05-14T04:58:49Z,felyx,felyx:e15834a1d856,51.90704303333334,4.451325816666667,False,False,bicycle,electric_assist
2026-05-14T04:58:49Z,felyx,felyx:97a55c8066e4,51.93963643333333,4.4244878,False,False,bicycle,electric_assist
2026-05-14T04:58:49Z,felyx,felyx:16e98f1bfb87,51.90475483333333,4.452766216666666,False,False,bicycle,electric_assist
2026-05-14T04:58:49Z,felyx,felyx:b8e76730bded,51.929287733333325,4.481172316666667,False,False,bicycle,electric_assist
2026-05-14T04:58:49Z,felyx,felyx:b2b65043cdbc,51.90373253333334,4.462934150000001,False,False,bicycle,electric_assist
2026-05-14T04:58:49Z,felyx,felyx:91096c1cc6db,51.925116833333334,4.474005316666667,False,False,bicycle,electric_assist
2026-05-14T04:58:49Z,felyx,felyx:cdd4d81c984d,51.925968033333326,4.460020616666667,False,False,bicycle,electric_assist
2026-05-14T04:58:49Z,felyx,felyx:c3feebce6957,51.87669961666667,4.4746455166666665,False,False,bicycle,electric_assist
2026-05-14T04:58:49Z,felyx,felyx:bec29c888ec9,51.90335553333332,4.5085378,False,False,bicycle,electric_assist
2026-05-14T04:58:49Z,felyx,felyx:70eeac59223a,51.89695191666666,4.499972416666667,False,False,bicycle,electric_assist
2026-05-14T04:58:49Z,felyx,felyx:028283819f5d,51.91156453333333,4.4679472166666665,False,False,bicycle,electric_assist
2026-05-14T04:58:49Z,felyx,felyx:e1b00418c619,51.88399521666667,4.487451616666667,False,True,bicycle,electric_assist
2026-05-14T04:58:49Z,felyx,felyx:c69797737a2f,51.93293263333333,4.468345716666667,False,False,bicycle,electric_assist
2026-05-14T04:58:49Z,felyx,felyx:0e6617a34a11,51.922823133333324,4.481565316666666,False,True,bicycle,electric_assist
2026-05-14T04:58:49Z,felyx,felyx:53f5533a80a4,51.95795663333334,4.5411098999999995,False,True,bicycle,electric_assist
2026-05-14T04:58:49Z,felyx,felyx:3921e616620c,51.92531083333333,4.493889516666666,False,True,bicycle,electric_assist
2026-05-14T04:58:49Z,felyx,felyx:e1ac2464404f,51.92795843333333,4.543452199999999,False,False,bicycle,electric_assist
2026-05-14T04:58:49Z,felyx,felyx:bb12ff708d21,51.904383116666665,4.4514492,False,True,bicycle,electric_assist
2026-05-14T04:58:49Z,felyx,felyx:6634f7d1d401,51.882654416666675,4.5211466,False,False,bicycle,electric_assist
2026-05-14T04:58:49Z,felyx,felyx:8148fbc70374,51.90772803333332,4.5012212,False,False,bicycle,electric_assist
2026-05-14T04:58:49Z,felyx,felyx:38798a48ecf8,51.919760133333334,4.435840200000001,False,False,bicycle,electric_assist
2026-05-14T04:58:49Z,felyx,felyx:4062f792bbf2,51.92627133333333,4.486610416666666,False,False,bicycle,electric_assist
2026-05-14T04:58:49Z,felyx,felyx:b42ba6c5b645,51.90448233333333,4.4069468,False,False,bicycle,electric_assist
2026-05-14T04:58:49Z,felyx,felyx:836b6a0b512c,51.928208633333334,4.473187516666668,False,False,bicycle,electric_assist
2026-05-14T04:58:49Z,felyx,felyx:51bf924a1d44,51.883444516666664,4.5148121,False,False,bicycle,electric_assist
2026-05-14T04:58:49Z,felyx,felyx:eb300bee65d1,51.87454171666667,4.492121716666667,False,False,bicycle,electric_assist
2026-05-14T04:58:49Z,felyx,felyx:b1ad67dec0c8,51.935970633333326,4.492494016666667,False,False,bicycle,electric_assist
2026-05-14T04:58:49Z,felyx,felyx:544c18f14a48,51.92579056666667,4.4776867833333345,False,False,bicycle,electric_assist
2026-05-14T04:58:49Z,felyx,felyx:15eacad28be0,51.93198323333333,4.475698516666667,False,False,bicycle,electric_assist
2026-05-14T04:58:49Z,felyx,felyx:247de2ef7fef,51.918677533333316,4.4354443,False,False,bicycle,electric_assist
2026-05-14T04:58:49Z,felyx,felyx:68eaef48a1da,51.932209633333336,4.497427016666667,False,True,bicycle,electric_assist
2026-05-14T04:58:49Z,felyx,felyx:99fe9287f8c1,51.92873113333333,4.542538099999999,False,True,bicycle,electric_assist
2026-05-14T04:58:49Z,felyx,felyx:e611a6ec5d88,51.913880333333324,4.454916616666667,False,False,bicycle,electric_assist
2026-05-14T04:58:49Z,felyx,felyx:eb223927f8dc,51.95629853333333,4.494294816666667,False,False,bicycle,electric_assist
2026-05-14T04:58:49Z,felyx,felyx:68156955b422,51.911226333333325,4.524749600000001,False,False,bicycle,electric_assist
2026-05-14T04:58:49Z,felyx,felyx:61876382758b,51.91484943333333,4.477181416666667,False,False,bicycle,electric_assist
2026-05-14T04:58:49Z,felyx,felyx:7ccc0661df79,51.90278563333332,4.454757516666667,False,False,bicycle,electric_assist
2026-05-14T04:58:49Z,felyx,felyx:cd95f12c2f85,51.91365483333334,4.477351516666666,False,False,bicycle,electric_assist
2026-05-14T04:58:49Z,felyx,felyx:59c3d994f450,51.934853733333334,4.378155216666667,False,True,bicycle,electric_assist
2026-05-14T04:58:49Z,felyx,felyx:8fc097c23e68,51.900553333333335,4.483960016666667,False,False,bicycle,electric_assist
2026-05-14T04:58:49Z,felyx,felyx:6effbbef9632,51.94859713333334,4.449826116666667,False,False,bicycle,electric_assist
2026-05-14T04:58:49Z,felyx,felyx:9a8e0ff797dd,51.915277033333325,4.385250716666668,False,False,bicycle,electric_assist
2026-05-14T04:58:49Z,felyx,felyx:cee0ad72e6e8,51.94235373333332,4.480573116666667,False,False,bicycle,electric_assist
2026-05-14T04:58:49Z,felyx,felyx:05b29924e9b1,51.92520443333332,4.474026416666666,False,False,bicycle,electric_assist
2026-05-14T04:58:49Z,felyx,felyx:123a6c279c7f,51.942306933333334,4.5378036999999996,False,True,bicycle,electric_assist
2026-05-14T04:58:49Z,felyx,felyx:c256cd49e81f,51.95602453333333,4.495046216666666,False,False,bicycle,electric_assist
2026-05-14T04:58:49Z,felyx,felyx:0fdfd144f859,51.93355983333333,4.471688016666667,False,False,bicycle,electric_assist
2026-05-14T04:58:49Z,felyx,felyx:b6f27baf0937,51.945788533333335,4.449297516666666,False,False,bicycle,electric_assist
2026-05-14T04:58:49Z,felyx,felyx:d690775d9efb,51.90167593333333,4.5026233,False,False,bicycle,electric_assist
2026-05-14T04:58:49Z,felyx,felyx:355bcb940cd9,51.93081653333333,4.470351516666667,False,False,bicycle,electric_assist
2026-05-14T04:58:49Z,felyx,felyx:430caefcd1f0,51.90800243333334,4.512134400000001,False,False,bicycle,electric_assist
2026-05-14T04:58:49Z,felyx,felyx:6a4137df9474,51.945408933333326,4.483057816666667,False,False,bicycle,electric_assist
2026-05-14T04:58:49Z,felyx,felyx:eaf14be56923,51.93676563333333,4.4971908166666665,False,False,bicycle,electric_assist
2026-05-14T04:58:49Z,felyx,felyx:e3ebc6676aa4,51.92185623333333,4.460518116666666,False,True,bicycle,electric_assist
2026-05-14T04:58:49Z,felyx,felyx:878b9f88ddb7,51.91002303333333,4.457877816666666,False,True,bicycle,electric_assist
2026-05-14T04:58:49Z,felyx,felyx:7d7e8cfe052b,51.910618516666666,4.5066398166666675,False,True,bicycle,electric_assist
2026-05-14T04:58:49Z,felyx,felyx:d062fd0ffadf,51.92672973333333,4.462647616666667,False,False,bicycle,electric_assist
2026-05-14T04:58:49Z,felyx,felyx:d6c1796c48a7,51.90792833333333,4.493420616666667,False,False,bicycle,electric_assist
2026-05-14T04:58:49Z,felyx,felyx:3a22f1b8c7c0,51.91300903333334,4.448585216666666,False,False,bicycle,electric_assist
2026-05-14T04:58:49Z,felyx,felyx:777f4379c03f,51.91795803333331,4.487836816666668,False,False,bicycle,electric_assist
2026-05-14T04:58:49Z,felyx,felyx:fecd2becf810,51.93060823333334,4.496135016666667,False,False,bicycle,electric_assist
2026-05-14T04:58:49Z,felyx,felyx:5b8d4996de07,51.907177133333334,4.496106516666667,False,False,bicycle,electric_assist
2026-05-14T04:58:49Z,felyx,felyx:fc352eb40a73,51.92715283333333,4.476380216666666,False,False,bicycle,electric_assist
2026-05-14T04:58:49Z,felyx,felyx:55f811c77169,51.928024533333335,4.4656893166666665,False,False,bicycle,electric_assist
2026-05-14T04:58:49Z,felyx,felyx:d72f9d89c01a,51.90533933333333,4.446081316666667,False,False,bicycle,electric_assist
2026-05-14T04:58:49Z,felyx,felyx:0d414062a1f4,51.92565883333333,4.50013415,False,False,bicycle,electric_assist
2026-05-14T04:58:49Z,felyx,felyx:6d6a9c852618,51.940655533333334,4.5568715,False,False,bicycle,electric_assist
2026-05-14T04:58:49Z,felyx,felyx:dfc58eb81c32,51.89220203333332,4.46977585,False,False,bicycle,electric_assist
2026-05-14T04:58:49Z,felyx,felyx:68153b6ae544,51.925713333333334,4.477901216666667,False,False,bicycle,electric_assist
2026-05-14T04:58:49Z,felyx,felyx:d6355cb84b07,51.87776041666666,4.492228616666666,False,False,bicycle,electric_assist
2026-05-14T04:58:49Z,felyx,felyx:efe7ac7b8997,51.87801571666667,4.496894016666668,False,False,bicycle,electric_assist
2026-05-14T04:58:49Z,felyx,felyx:787f3b7679c3,51.87676981666667,4.498749116666666,False,False,bicycle,electric_assist
2026-05-14T04:58:49Z,felyx,felyx:f0d9f9021731,51.908460433333325,4.481558716666666,False,True,bicycle,electric_assist
2026-05-14T04:58:49Z,felyx,felyx:c4196df04250,51.921309333333326,4.460454216666666,False,False,bicycle,electric_assist
2026-05-14T04:58:49Z,felyx,felyx:41c2ea65ff41,51.92264763333333,4.471249216666667,False,False,bicycle,electric_assist
2026-05-14T04:58:49Z,felyx,felyx:fb7e6bd7c71d,51.91422783333334,4.496031616666666,False,False,bicycle,electric_assist
2026-05-14T04:58:49Z,felyx,felyx:2cdbcb8ec8da,51.94674213333333,4.455100216666667,False,False,bicycle,electric_assist
2026-05-14T04:58:49Z,felyx,felyx:583c941572d3,51.925842166666676,4.477816866666667,False,False,bicycle,electric_assist
2026-05-14T04:58:49Z,felyx,felyx:5ac031da17f6,51.92875703333333,4.5019737,False,True,bicycle,electric_assist
2026-05-14T04:58:49Z,felyx,felyx:56efffa36148,51.90906623333333,4.452140216666668,False,True,bicycle,electric_assist
2026-05-14T04:58:49Z,felyx,felyx:ee22c7121e22,51.94632373333334,4.481974816666668,False,False,bicycle,electric_assist
2026-05-14T04:58:49Z,felyx,felyx:2fc8e1766cad,51.905134333333336,4.455910816666667,False,False,bicycle,electric_assist
2026-05-14T04:58:49Z,felyx,felyx:855ebf5c93f6,51.91735953333334,4.463606316666667,False,True,bicycle,electric_assist
2026-05-14T04:58:49Z,felyx,felyx:bf8add4a1004,51.906269933333334,4.510773,False,False,bicycle,electric_assist
2026-05-14T04:58:49Z,felyx,felyx:0ea07ae58df0,51.960735933333346,4.467439316666667,False,False,bicycle,electric_assist
2026-05-14T04:58:49Z,felyx,felyx:f9169ba31c13,51.920145633333334,4.4344379,False,False,bicycle,electric_assist
2026-05-14T04:58:49Z,felyx,felyx:3dfa2fbadbd0,51.91748113333333,4.481074716666667,False,True,bicycle,electric_assist
2026-05-14T04:58:49Z,felyx,felyx:ca28f29d9ed2,51.92800433333333,4.5474347999999996,False,False,bicycle,electric_assist
2026-05-14T04:58:49Z,felyx,felyx:40b3d06da290,51.91585073333334,4.467332016666666,False,True,bicycle,electric_assist
2026-05-14T04:58:49Z,felyx,felyx:134bb761af61,51.904508433333326,4.4070334,False,False,bicycle,electric_assist
2026-05-14T04:58:49Z,felyx,felyx:8ebb8677945d,51.87867791666666,4.5084775,False,False,bicycle,electric_assist
2026-05-14T04:58:49Z,felyx,felyx:30e452348012,51.91721793333332,4.5234027,False,False,bicycle,electric_assist
2026-05-14T04:58:49Z,felyx,felyx:5d14b260bf6f,51.92644103333333,4.5018706,False,True,bicycle,electric_assist
2026-05-14T04:58:49Z,felyx,felyx:d3d12e8fa091,51.908134133333334,4.5005263,False,False,bicycle,electric_assist
2026-05-14T04:58:49Z,felyx,felyx:9b217a8c592d,51.92111103333333,4.459666916666667,False,False,bicycle,electric_assist
2026-05-14T04:58:49Z,felyx,felyx:d813d377b40f,51.89883651666668,4.564644299999999,False,False,bicycle,electric_assist
2026-05-14T04:58:49Z,felyx,felyx:11e401906731,51.90959063333333,4.4318862,False,False,bicycle,electric_assist
2026-05-14T04:58:49Z,felyx,felyx:523b8f73e88d,51.92936023333333,4.506130500000001,False,True,bicycle,electric_assist
2026-05-14T04:58:49Z,felyx,felyx:af08311470f6,51.94332963333332,4.477759416666667,False,False,bicycle,electric_assist
2026-05-14T04:58:49Z,felyx,felyx:edf396759361,51.919820133333324,4.4725130166666665,False,False,bicycle,electric_assist
2026-05-14T04:58:49Z,felyx,felyx:cd6ea23de8ac,51.9268441,4.423351650000001,False,True,bicycle,electric_assist
2026-05-14T04:58:49Z,felyx,felyx:7cae2fbc8902,51.923144150000006,4.49680675,False,False,bicycle,electric_assist
2026-05-14T04:58:49Z,felyx,felyx:c079f5c8a4a2,51.911869633333325,4.387698816666666,False,False,bicycle,electric_assist
2026-05-14T04:58:49Z,felyx,felyx:420097c5cdf8,51.910278233333344,4.444815816666666,False,True,bicycle,electric_assist
2026-05-14T04:58:49Z,felyx,felyx:a0cde59a6335,51.92766473333333,4.478489016666667,False,False,bicycle,electric_assist
2026-05-14T04:58:49Z,felyx,felyx:1410372c66c8,51.91662253333333,4.470548016666667,False,False,bicycle,electric_assist
2026-05-14T04:58:49Z,felyx,felyx:ea6e35bf0ae4,51.91380113333332,4.475324816666668,False,True,bicycle,electric_assist
2026-05-14T04:58:49Z,felyx,felyx:1c91c9e705ba,51.97900945,4.586186299999999,False,False,bicycle,electric_assist
2026-05-14T04:58:49Z,felyx,felyx:29beff5bd0a4,51.88716551666666,4.491619816666667,False,True,bicycle,electric_assist
2026-05-14T04:58:49Z,felyx,felyx:a6d1c56be718,51.932347933333325,4.469218416666666,False,False,bicycle,electric_assist
2026-05-14T04:58:49Z,felyx,felyx:c0c7ed7562b1,51.909162333333335,4.525023299999999,False,False,bicycle,electric_assist
2026-05-14T04:58:49Z,felyx,felyx:d744cd82ed85,51.89381831666667,4.477436216666667,False,False,bicycle,electric_assist
2026-05-14T04:58:49Z,felyx,felyx:e2ef71857e15,51.942204633333326,4.4221786000000005,False,False,bicycle,electric_assist
2026-05-14T04:58:49Z,felyx,felyx:e70ed535f390,51.89881771666666,4.5646141,False,False,bicycle,electric_assist
2026-05-14T04:58:49Z,felyx,felyx:516aa20312d2,51.912812333333335,4.458393916666666,False,False,bicycle,electric_assist
2026-05-14T04:58:49Z,felyx,felyx:da7a72b424e8,51.885761416666675,4.568994299999999,False,False,bicycle,electric_assist
2026-05-14T04:58:49Z,felyx,felyx:cb0b4ee2d5e4,51.917792433333325,4.396064516666667,False,False,bicycle,electric_assist
2026-05-14T04:58:49Z,felyx,felyx:fea84fd2e3da,51.90017533333333,4.515090500000001,False,False,bicycle,electric_assist
2026-05-14T04:58:49Z,felyx,felyx:70bb655d0643,51.89067261666666,4.474518016666667,False,False,bicycle,electric_assist
2026-05-14T04:58:49Z,felyx,felyx:8a58987cd859,51.93411903333334,4.4862206166666665,False,True,bicycle,electric_assist
2026-05-14T04:58:49Z,felyx,felyx:be2faf18a311,51.920026199999995,4.4908696500000005,False,True,bicycle,electric_assist
2026-05-14T04:58:49Z,felyx,felyx:744f89dd7914,51.92055883333333,4.5068933,False,False,bicycle,electric_assist
2026-05-14T04:58:49Z,felyx,felyx:bb14e55168f6,51.933282250000005,4.469616433333333,False,False,bicycle,electric_assist
2026-05-14T04:58:49Z,felyx,felyx:c7543d6bb3fd,51.91705783333334,4.5234202,False,False,bicycle,electric_assist
2026-05-14T04:58:49Z,felyx,felyx:2e2fc73d36aa,51.86994811666667,4.487486616666666,False,False,bicycle,electric_assist
2026-05-14T04:58:49Z,felyx,felyx:b2d842916828,51.90669263333332,4.412085200000001,False,False,bicycle,electric_assist
2026-05-14T04:58:49Z,felyx,felyx:64f123902b78,51.94923073333332,4.4327173,False,False,bicycle,electric_assist
2026-05-14T04:58:49Z,felyx,felyx:3474f3d4f78d,51.92467433333333,4.5095700999999995,False,False,bicycle,electric_assist
2026-05-14T04:58:49Z,felyx,felyx:0c7cca938ee9,51.921667033333335,4.457685616666666,False,True,bicycle,electric_assist
2026-05-14T04:58:49Z,felyx,felyx:c8e0d6f448f9,51.92715393333334,4.476336316666666,False,False,bicycle,electric_assist
2026-05-14T04:58:49Z,felyx,felyx:b4cc4d0cf2f5,51.91589703333334,4.467593816666667,False,False,bicycle,electric_assist
2026-05-14T04:58:49Z,felyx,felyx:86ef2b91443e,51.91636283333334,4.451556016666667,False,False,bicycle,electric_assist
2026-05-14T04:58:49Z,felyx,felyx:9e05daa4911c,51.921693033333334,4.492890716666666,False,False,bicycle,electric_assist
2026-05-14T04:58:49Z,felyx,felyx:f94a90ae3b29,51.95651903333334,4.5499803,False,False,bicycle,electric_assist
2026-05-14T04:58:49Z,felyx,felyx:79c44ceab649,51.91513763333334,4.526460500000001,False,False,bicycle,electric_assist
2026-05-14T04:58:49Z,felyx,felyx:7d26bf8c5a04,51.91684273333333,4.4715749166666665,False,True,bicycle,electric_assist
2026-05-14T04:58:49Z,felyx,felyx:3f7d00ae45d2,51.87276591666668,4.487999116666667,False,False,bicycle,electric_assist
2026-05-14T04:58:49Z,felyx,felyx:41f3a8d0fed9,51.925582566666655,4.4776476999999995,False,False,bicycle,electric_assist
2026-05-14T04:58:49Z,felyx,felyx:eea1ca20c1b0,51.90625123333332,4.510770299999999,False,True,bicycle,electric_assist
2026-05-14T04:58:49Z,felyx,felyx:1673d47ad5bb,51.90991983333333,4.4472693166666675,False,True,bicycle,electric_assist
2026-05-14T04:58:49Z,felyx,felyx:bb7fa58cae47,51.933882733333334,4.5398895999999995,False,False,bicycle,electric_assist
2026-05-14T04:58:49Z,felyx,felyx:469980932119,51.87665031666667,4.474676116666667,False,False,bicycle,electric_assist
2026-05-14T04:58:49Z,felyx,felyx:439cc7334a5b,51.92996703333333,4.488407516666666,False,False,bicycle,electric_assist
2026-05-14T04:58:49Z,felyx,felyx:ff2a70fe1c2d,51.89927401666667,4.4783777166666665,False,False,bicycle,electric_assist
2026-05-14T04:58:49Z,felyx,felyx:35dd1da8a623,51.920720816666666,4.408273299999999,False,False,bicycle,electric_assist
2026-05-14T04:58:49Z,felyx,felyx:c2c8916e11b3,51.88939631666666,4.4706349166666675,False,False,bicycle,electric_assist
2026-05-14T04:58:49Z,felyx,felyx:384effd05002,51.943299633333325,4.4746126166666675,False,False,bicycle,electric_assist
2026-05-14T04:58:49Z,felyx,felyx:85793021426c,51.927837333333336,4.5082665,False,False,bicycle,electric_assist
2026-05-14T04:58:49Z,felyx,felyx:c13ee44e4f85,51.93067493333332,4.486598316666667,False,False,bicycle,electric_assist
2026-05-14T04:58:49Z,felyx,felyx:06f54ef41384,51.8974558,4.476656583333334,False,False,bicycle,electric_assist
2026-05-14T04:58:49Z,felyx,felyx:4a36dec2048c,51.874844116666665,4.467949516666668,False,False,bicycle,electric_assist
2026-05-14T04:58:49Z,felyx,felyx:cce4463e8584,51.92173103333332,4.492939916666666,False,True,bicycle,electric_assist
2026-05-14T04:58:49Z,felyx,felyx:b344168736ed,51.92186393333333,4.460587616666667,False,False,bicycle,electric_assist
2026-05-14T04:58:49Z,felyx,felyx:ebc788190a42,51.92578993333333,4.478086933333334,False,False,bicycle,electric_assist
2026-05-14T04:58:49Z,felyx,felyx:a7bd13fa7af8,51.91904093333332,4.488496416666666,False,True,bicycle,electric_assist
2026-05-14T04:58:49Z,felyx,felyx:ddaebe12c004,51.91113673333332,4.481848816666666,False,False,bicycle,electric_assist
2026-05-14T04:58:49Z,felyx,felyx:312fbcdd064f,51.94856943333332,4.449803616666666,False,False,bicycle,electric_assist
2026-05-14T04:58:49Z,felyx,felyx:3da247fa4293,51.91908213333333,4.458727016666667,False,False,bicycle,electric_assist
2026-05-14T04:58:49Z,felyx,felyx:0f150f998b20,51.91380733333333,4.468902216666667,False,False,bicycle,electric_assist
2026-05-14T04:58:49Z,felyx,felyx:d37bad9e6b07,51.906366833333344,4.462245716666667,False,False,bicycle,electric_assist
2026-05-14T04:58:49Z,felyx,felyx:4c1a9b6c91e0,51.91711373333332,4.5233997,False,True,bicycle,electric_assist
2026-05-14T04:58:49Z,felyx,felyx:698ae07cef20,51.98175278333333,4.581094216666667,False,False,bicycle,electric_assist
2026-05-14T04:58:49Z,felyx,felyx:381a914e6a10,51.923140166666656,4.496829249999999,False,False,bicycle,electric_assist
2026-05-14T04:58:49Z,felyx,felyx:16bbbb011f9d,51.91380173333333,4.493518216666667,False,True,bicycle,electric_assist
2026-05-14T04:58:49Z,felyx,felyx:1d32f0737349,51.93281663333333,4.454802316666667,False,False,bicycle,electric_assist
2026-05-14T04:58:49Z,felyx,felyx:a6466e473295,51.961616633333335,4.475082716666666,False,False,bicycle,electric_assist
2026-05-14T04:58:49Z,felyx,felyx:a44af1517efa,51.92176873333333,4.473971316666668,False,True,bicycle,electric_assist
2026-05-14T04:58:49Z,felyx,felyx:b2531aa5e824,51.91184883333334,4.512594699999999,False,False,bicycle,electric_assist
2026-05-14T04:58:49Z,felyx,felyx:9f1a7f31ac99,51.91983133333332,4.466032216666667,False,False,bicycle,electric_assist
2026-05-14T04:58:49Z,felyx,felyx:1647bc4c69f8,51.949251333333315,4.432715200000001,False,False,bicycle,electric_assist
2026-05-14T04:58:49Z,felyx,felyx:c23a81ea087d,51.90845953333334,4.524553999999999,False,False,bicycle,electric_assist
2026-05-14T04:58:49Z,felyx,felyx:e9d1a3a874ef,51.92691323333333,4.4232689999999995,False,False,bicycle,electric_assist
2026-05-14T04:58:49Z,felyx,felyx:11c1787800fb,51.89157791666666,4.4664786166666675,False,True,bicycle,electric_assist
2026-05-14T04:58:49Z,felyx,felyx:b197e99d3256,51.89406421666666,4.527571999999999,False,False,bicycle,electric_assist
2026-05-14T04:58:49Z,felyx,felyx:4768336d6a80,51.925268733333326,4.4739598166666665,False,False,bicycle,electric_assist
2026-05-14T04:58:49Z,felyx,felyx:27d62b79a0b9,51.886138616666656,4.461768616666666,False,False,bicycle,electric_assist
2026-05-14T04:58:49Z,felyx,felyx:91e1109cc257,51.890107216666664,4.474407616666667,False,False,bicycle,electric_assist
2026-05-14T04:58:49Z,felyx,felyx:40fa3bd1d64e,51.91477723333334,4.499195616666667,False,False,bicycle,electric_assist
2026-05-14T04:58:49Z,felyx,felyx:5f3ab9167281,51.876746616666665,4.525037,False,False,bicycle,electric_assist
2026-05-14T04:58:49Z,felyx,felyx:50583e32a24d,51.89864961666667,4.475876316666666,False,False,bicycle,electric_assist
2026-05-14T04:58:49Z,felyx,felyx:73c98a5b7ef3,51.88760701666667,4.473893316666667,False,False,bicycle,electric_assist
2026-05-14T04:58:49Z,felyx,felyx:98a66ea01e7e,51.92250223333333,4.5030961,False,False,bicycle,electric_assist
2026-05-14T04:58:49Z,felyx,felyx:02dd393e1f08,51.90380633333332,4.497189316666668,False,True,bicycle,electric_assist
2026-05-14T04:58:49Z,felyx,felyx:332f049766c5,51.92566893333333,4.477965616666666,False,False,bicycle,electric_assist
2026-05-14T04:58:49Z,felyx,felyx:a8834d09852b,51.91549923333333,4.440459916666667,False,False,bicycle,electric_assist
2026-05-14T04:58:49Z,felyx,felyx:11987f27f517,51.93569973333332,4.497764116666666,False,False,bicycle,electric_assist
2026-05-14T04:58:49Z,felyx,felyx:2182f97aeee2,51.94185533333332,4.475164016666667,False,False,bicycle,electric_assist
2026-05-14T04:58:49Z,felyx,felyx:d97a90f5a03a,51.91708233333334,4.5234017,False,False,bicycle,electric_assist
2026-05-14T04:58:49Z,felyx,felyx:5c512d26c195,51.916266033333336,4.470241316666668,False,False,bicycle,electric_assist
2026-05-14T04:58:49Z,felyx,felyx:0d53264dac7a,51.93452033333333,4.499881716666667,False,False,bicycle,electric_assist
2026-05-14T04:58:49Z,felyx,felyx:d3f7e7673582,51.953056833333335,4.471431516666667,False,False,bicycle,electric_assist
2026-05-14T04:58:49Z,felyx,felyx:4f4ad68cbe47,51.94216493333333,4.460553716666666,False,False,bicycle,electric_assist
2026-05-14T04:58:49Z,felyx,felyx:2960a92d44e1,51.918455233333326,4.439840500000001,False,True,bicycle,electric_assist
2026-05-14T04:58:49Z,felyx,felyx:61574d5a6b9d,51.90681033333333,4.456841316666667,False,False,bicycle,electric_assist
2026-05-14T04:58:49Z,felyx,felyx:c328d820dc4d,51.90369923333333,4.5130067,False,False,bicycle,electric_assist
2026-05-14T04:58:49Z,felyx,felyx:45482261005e,51.874342416666664,4.523278899999999,False,False,bicycle,electric_assist
2026-05-14T04:58:49Z,felyx,felyx:852f10029c5d,51.91828043333333,4.480434716666666,False,True,bicycle,electric_assist
2026-05-14T04:58:49Z,felyx,felyx:b95efeb76067,51.92227583333333,4.4393175000000005,False,False,bicycle,electric_assist
2026-05-14T04:58:49Z,felyx,felyx:6b8e7a45fcfb,51.927902133333326,4.5560716,False,False,bicycle,electric_assist
2026-05-14T04:58:49Z,felyx,felyx:a21b357b8207,51.93225603333334,4.5051603,False,False,bicycle,electric_assist
2026-05-14T04:58:49Z,felyx,felyx:b83c78e76c3c,51.91462713333333,4.467198616666668,False,False,bicycle,electric_assist
2026-05-14T04:58:49Z,felyx,felyx:1755e26c3a65,51.95661833333334,4.494380116666666,False,False,bicycle,electric_assist
2026-05-14T04:58:49Z,felyx,felyx:c8f7a3cbe33e,51.93209713333333,4.485963716666666,False,True,bicycle,electric_assist
2026-05-14T04:58:49Z,felyx,felyx:bcb33b641df3,51.926253233333334,4.459611116666665,False,False,bicycle,electric_assist
2026-05-14T04:58:49Z,felyx,felyx:27527e3d7aca,51.914585033333324,4.4161094,False,False,bicycle,electric_assist
2026-05-14T04:58:49Z,felyx,felyx:f005a4ed2ddf,51.93582503333333,4.490572716666668,False,False,bicycle,electric_assist
2026-05-14T04:58:49Z,felyx,felyx:7874393deb87,51.90459213333334,4.507868600000001,False,False,bicycle,electric_assist
2026-05-14T04:58:49Z,felyx,felyx:17bf7cd7efc7,51.92566506666667,4.4776482,False,False,bicycle,electric_assist
2026-05-14T04:58:49Z,felyx,felyx:1dd3be06efda,51.91708853333333,4.5233995,False,False,bicycle,electric_assist
2026-05-14T04:58:49Z,felyx,felyx:b466ba0209cd,51.908394050000005,4.48143075,False,False,bicycle,electric_assist
2026-05-14T04:58:49Z,felyx,felyx:13069b122ec2,51.979010450000004,4.5861686,False,False,bicycle,electric_assist
2026-05-14T04:58:49Z,felyx,felyx:a0111b97f599,51.92748511666666,4.440237483333334,False,True,bicycle,electric_assist
2026-05-14T04:58:49Z,felyx,felyx:74970e08322d,51.91638553333333,4.5019437,False,False,bicycle,electric_assist
2026-05-14T04:58:49Z,felyx,felyx:c117ee41596a,51.92266773333334,4.475753616666667,False,False,bicycle,electric_assist
2026-05-14T04:58:49Z,felyx,felyx:ab3ed4b72025,51.88984956666666,4.547918666666667,False,False,bicycle,electric_assist
2026-05-14T04:58:49Z,felyx,felyx:6f56af19c18e,51.92317753333333,4.481308016666667,False,True,bicycle,electric_assist
2026-05-14T04:58:49Z,felyx,felyx:aa2587894790,51.915713800000006,4.597099066666667,False,True,bicycle,electric_assist
2026-05-14T04:58:49Z,felyx,felyx:9b059f309692,51.9161685,4.527046233333333,False,False,bicycle,electric_assist
2026-05-14T04:58:49Z,felyx,felyx:1315a050a71c,51.88445941666667,4.513396800000001,False,False,bicycle,electric_assist
2026-05-14T04:58:49Z,felyx,felyx:d0529113a365,51.91421933333333,4.496060716666666,False,False,bicycle,electric_assist
2026-05-14T04:58:49Z,felyx,felyx:fd68ef30a1f2,51.93389621666666,4.480910433333334,False,False,bicycle,electric_assist
2026-05-14T04:58:49Z,felyx,felyx:dd0cf7d22678,51.91541883333332,4.4817482166666665,False,True,bicycle,electric_assist
2026-05-14T04:58:49Z,felyx,felyx:6c49f6dc368c,51.92539923333333,4.5085782000000005,False,False,bicycle,electric_assist
2026-05-14T04:58:49Z,felyx,felyx:5868efa4d0c5,51.91350563333333,4.485692816666667,False,False,bicycle,electric_assist
2026-05-14T04:58:49Z,felyx,felyx:1c3e45b3e36a,51.916061883333334,4.526908316666668,False,False,bicycle,electric_assist
2026-05-14T04:58:49Z,felyx,felyx:5fc9fd03489c,51.89773001666667,4.477578216666667,False,False,bicycle,electric_assist
2026-05-14T04:58:49Z,felyx,felyx:1b7030baaaf2,51.930919933333335,4.5011126,False,False,bicycle,electric_assist
2026-05-14T04:58:49Z,felyx,felyx:da73045e1005,51.91727673333333,4.5230659,False,False,bicycle,electric_assist
2026-05-14T04:58:49Z,felyx,felyx:d3d2c3626d44,51.91165973333334,4.4915070166666675,False,False,bicycle,electric_assist
2026-05-14T04:58:49Z,felyx,felyx:d8721bb106c5,51.95749903333334,4.488577116666666,False,False,bicycle,electric_assist
2026-05-14T04:58:49Z,felyx,felyx:a73135561c31,51.95713253333333,4.476522116666667,False,False,bicycle,electric_assist
2026-05-14T04:58:49Z,felyx,felyx:2c343df0ac3d,51.9206613,4.528421399999999,False,False,bicycle,electric_assist
2026-05-14T04:58:49Z,felyx,felyx:25368a0fbcd0,51.93011863333333,4.5005451,False,False,bicycle,electric_assist
2026-05-14T04:58:49Z,felyx,felyx:6e7c3bbeb718,51.962051733333325,4.5025823,False,False,bicycle,electric_assist
2026-05-14T04:58:49Z,felyx,felyx:6a978e6b202f,51.885757516666665,4.569022599999999,False,False,bicycle,electric_assist
2026-05-14T04:58:49Z,felyx,felyx:e91fe74d773d,51.94357263333332,4.4833565166666665,False,False,bicycle,electric_assist
2026-05-14T04:58:49Z,felyx,felyx:4522f02897ce,51.95374503333334,4.465044116666666,False,True,bicycle,electric_assist
2026-05-14T04:58:49Z,felyx,felyx:dc42bda4120e,51.92709823333333,4.478792016666668,False,False,bicycle,electric_assist
2026-05-14T04:58:49Z,felyx,felyx:4c527d28fd5b,51.93441973333332,4.4157511000000005,False,False,bicycle,electric_assist
2026-05-14T04:58:49Z,felyx,felyx:30725ba9d571,51.92279523333333,4.469458716666667,False,False,bicycle,electric_assist
2026-05-14T04:58:49Z,felyx,felyx:807b8d191680,51.90657953333333,4.5416227,False,False,bicycle,electric_assist
2026-05-14T04:58:49Z,felyx,felyx:3c4f54494299,51.93490663333334,4.497182516666667,False,False,bicycle,electric_assist
2026-05-14T04:58:49Z,felyx,felyx:f21e7b49122e,51.90173943333332,4.484464016666666,False,False,bicycle,electric_assist
2026-05-14T04:58:49Z,felyx,felyx:351f6be4c511,51.92426103333333,4.490874716666665,False,True,bicycle,electric_assist
2026-05-14T04:58:49Z,felyx,felyx:00bfeff3060e,51.92735323333332,4.465684216666666,False,True,bicycle,electric_assist
2026-05-14T04:58:49Z,felyx,felyx:07fb61d96c20,51.90212743333333,4.5025182,False,False,bicycle,electric_assist
2026-05-14T04:58:49Z,felyx,felyx:7392ffa5b1fe,51.927227333333335,4.470446316666668,False,False,bicycle,electric_assist
2026-05-14T04:58:49Z,felyx,felyx:ab2226d7d2f2,51.91721393333333,4.5235598,False,False,bicycle,electric_assist
2026-05-14T04:58:49Z,felyx,felyx:ef811ffbea21,51.90686363333333,4.456597116666666,False,False,bicycle,electric_assist
2026-05-14T04:58:49Z,felyx,felyx:e8474db2d4b9,51.917517833333335,4.5151707,False,False,bicycle,electric_assist
2026-05-14T04:58:49Z,felyx,felyx:8541edea8ebd,51.950317833333344,4.466053716666668,False,False,bicycle,electric_assist
2026-05-14T04:58:49Z,felyx,felyx:77dbf58b488b,51.92847063333333,4.370758116666666,False,True,bicycle,electric_assist
2026-05-14T04:58:49Z,felyx,felyx:a3de647da627,51.950658733333334,4.5186918,False,False,bicycle,electric_assist
2026-05-14T04:58:49Z,felyx,felyx:28223aaf0897,51.91599793333334,4.5269627,False,False,bicycle,electric_assist
2026-05-14T04:58:49Z,felyx,felyx:6fbd422ae04b,51.933816433333334,4.5390897,False,False,bicycle,electric_assist
2026-05-14T04:58:49Z,felyx,felyx:c45d1d75a2ec,51.89384661666666,4.5094464,False,True,bicycle,electric_assist
2026-05-14T04:58:49Z,felyx,felyx:e1c9d4da9288,51.92176123333333,4.5338812,False,False,bicycle,electric_assist
2026-05-14T04:58:49Z,felyx,felyx:32800f626999,51.917071533333335,4.52346,False,False,bicycle,electric_assist
2026-05-14T04:58:49Z,felyx,felyx:d97b8e72b4d4,51.940555733333326,4.473023716666667,False,True,bicycle,electric_assist
2026-05-14T04:58:49Z,felyx,felyx:26eb8cdbfc0e,51.88643101666667,4.474527816666667,False,False,bicycle,electric_assist
2026-05-14T04:58:49Z,felyx,felyx:ff62fc98fab1,51.90847023333334,4.4970163166666675,False,False,bicycle,electric_assist
2026-05-14T04:58:49Z,felyx,felyx:48a87fca8a9f,51.92323713333334,4.496784916666666,False,True,bicycle,electric_assist
2026-05-14T04:58:49Z,felyx,felyx:b81dafe2bf1c,51.92313506666665,4.496863866666666,False,False,bicycle,electric_assist
2026-05-14T04:58:49Z,felyx,felyx:878467912d03,51.92379295,4.4784468,False,False,bicycle,electric_assist
2026-05-14T04:58:49Z,felyx,felyx:7087b9b4e35f,51.88920201666666,4.514275799999999,False,False,bicycle,electric_assist
2026-05-14T04:58:49Z,felyx,felyx:9aa1d91c5719,51.91393793333334,4.394727216666667,False,False,bicycle,electric_assist
2026-05-14T04:58:49Z,felyx,felyx:f0e3d5b3ec73,51.913161733333325,4.394217516666666,False,False,bicycle,electric_assist
2026-05-14T04:58:49Z,felyx,felyx:8379a9f3904a,51.92025313333334,4.491268616666667,False,True,bicycle,electric_assist
2026-05-14T04:58:49Z,felyx,felyx:44a47a4c3ae8,51.92918573333333,4.481551116666667,False,False,bicycle,electric_assist
2026-05-14T04:58:49Z,felyx,felyx:89a10f4230e1,51.95151063333333,4.473832316666667,False,False,bicycle,electric_assist
2026-05-14T04:58:49Z,felyx,felyx:e700d5157535,51.95181383333333,4.472712116666667,False,False,bicycle,electric_assist
2026-05-14T04:58:49Z,felyx,felyx:879107fc9987,51.94674573333333,4.455028216666666,False,False,bicycle,electric_assist
2026-05-14T04:58:49Z,felyx,felyx:54aea288c634,51.90477833333332,4.4027354,False,False,bicycle,electric_assist
2026-05-14T04:58:49Z,felyx,felyx:67d44a64571e,51.93940196666667,4.4823322999999995,False,True,bicycle,electric_assist
2026-05-14T04:58:49Z,felyx,felyx:8390f027cea8,51.93667813333333,4.498644016666667,False,True,bicycle,electric_assist
2026-05-14T04:58:49Z,felyx,felyx:9abb2a724e74,51.932456833333326,4.471611816666668,False,False,bicycle,electric_assist
2026-05-14T04:58:49Z,felyx,felyx:381b217defe4,51.92436723333333,4.494435216666667,False,False,bicycle,electric_assist
2026-05-14T04:58:49Z,felyx,felyx:c95469c58994,51.90696483333333,4.492508216666666,False,False,bicycle,electric_assist
2026-05-14T04:58:49Z,felyx,felyx:aac975a7da62,51.91814133333334,4.459357016666666,False,False,bicycle,electric_assist
2026-05-14T04:58:49Z,felyx,felyx:a1968e05c7f8,51.94362313333332,4.483375816666666,False,False,bicycle,electric_assist
2026-05-14T04:58:49Z,felyx,felyx:1fb633a1dc93,51.890686816666665,4.5232997,False,False,bicycle,electric_assist
2026-05-14T04:58:49Z,felyx,felyx:611b3b475273,51.91643443333334,4.481367716666667,False,False,bicycle,electric_assist
2026-05-14T04:58:49Z,felyx,felyx:10fa6c655870,51.93532543333333,4.429941699999999,False,False,bicycle,electric_assist
2026-05-14T04:58:49Z,felyx,felyx:2b9f57f7beb6,51.943697633333336,4.483529916666667,False,False,bicycle,electric_assist
2026-05-14T04:58:49Z,felyx,felyx:93b425030202,51.91030203333334,4.381596516666667,False,False,bicycle,electric_assist
2026-05-14T04:58:49Z,felyx,felyx:132f0b447de2,51.91051333333332,4.317208316666666,False,True,bicycle,electric_assist
2026-05-14T04:58:49Z,felyx,felyx:ad85c6b93442,51.933295133333324,4.502875,False,False,bicycle,electric_assist
2026-05-14T04:58:49Z,felyx,felyx:34617a0e3d09,51.92541435,4.466013633333334,False,True,bicycle,electric_assist
2026-05-14T04:58:49Z,felyx,felyx:ff26671326ce,51.92129453333334,4.4370276,False,False,bicycle,electric_assist
2026-05-14T04:58:49Z,felyx,felyx:147cfce486f9,51.92847613333333,4.5193091,False,False,bicycle,electric_assist
2026-05-14T04:58:49Z,felyx,felyx:3546f927fcde,51.95566753333332,4.463055916666666,False,False,bicycle,electric_assist
2026-05-14T04:58:49Z,felyx,felyx:9501adbafb26,51.91721953333334,4.462694716666667,False,True,bicycle,electric_assist
2026-05-14T04:58:49Z,felyx,felyx:2e195509c568,51.955124833333336,4.5098251000000005,False,False,bicycle,electric_assist
2026-05-14T04:58:49Z,felyx,felyx:02098a736b93,51.915076533333334,4.5214327,False,True,bicycle,electric_assist
2026-05-14T04:58:49Z,felyx,felyx:0e30c9fc3b0c,51.924182933333334,4.468716016666666,False,False,bicycle,electric_assist
2026-05-14T04:58:49Z,felyx,felyx:ae4607be11f2,51.89325971666668,4.517465100000001,False,False,bicycle,electric_assist
2026-05-14T04:58:49Z,felyx,felyx:53cc3701a4ef,51.91394163333332,4.469446416666666,False,False,bicycle,electric_assist
2026-05-14T04:58:49Z,felyx,felyx:29916a6b3beb,51.94347453333333,4.422719,False,False,bicycle,electric_assist
2026-05-14T04:58:49Z,felyx,felyx:4a3c34e56759,51.911791433333335,4.4390075,False,False,bicycle,electric_assist
2026-05-14T04:58:49Z,felyx,felyx:e0bcb6dd3342,51.892363616666664,4.5697393,False,False,bicycle,electric_assist
2026-05-14T04:58:49Z,felyx,felyx:256ca42f56ed,51.913053433333324,4.480553816666668,False,False,bicycle,electric_assist
2026-05-14T04:58:49Z,felyx,felyx:5e557e3bc080,51.92577613333333,4.454861516666667,False,False,bicycle,electric_assist
2026-05-14T04:58:49Z,felyx,felyx:bac3e17180e3,51.933748933333334,4.497751616666666,False,False,bicycle,electric_assist
2026-05-14T04:58:49Z,felyx,felyx:9df3cce785e0,51.928213233333324,4.473210216666667,False,False,bicycle,electric_assist
2026-05-14T04:58:49Z,felyx,felyx:9746e0ebed1f,51.93381181666667,4.5391004666666666,False,False,bicycle,electric_assist
2026-05-14T04:58:49Z,felyx,felyx:c395968a5e21,51.89120301666667,4.511943100000001,False,False,bicycle,electric_assist
2026-05-14T04:58:49Z,felyx,felyx:76f84ab81711,51.92544053333333,4.466035516666666,False,False,bicycle,electric_assist
2026-05-14T04:58:49Z,felyx,felyx:0bfa29b0cc0d,51.909786533333325,4.43877,False,True,bicycle,electric_assist
2026-05-14T04:58:49Z,felyx,felyx:0f5052b8c3fb,51.933494233333334,4.454717116666667,False,False,bicycle,electric_assist
2026-05-14T04:58:49Z,felyx,felyx:1f9259a4c4d3,51.929446033333335,4.476643616666667,False,True,bicycle,electric_assist
2026-05-14T04:58:49Z,felyx,felyx:1e73d9461f7a,51.894690216666675,4.532166999999999,False,False,bicycle,electric_assist
2026-05-14T04:58:49Z,felyx,felyx:adf224d70054,51.903081033333336,4.456184216666666,False,False,bicycle,electric_assist
2026-05-14T04:58:49Z,felyx,felyx:49bbf4fa21c6,51.92337643333334,4.490729216666667,False,True,bicycle,electric_assist
2026-05-14T04:58:49Z,felyx,felyx:9921753b2dab,51.941339533333334,4.426283200000001,False,False,bicycle,electric_assist
2026-05-14T04:58:49Z,felyx,felyx:8d2761b01c9d,51.924771883333335,4.4936278666666665,False,False,bicycle,electric_assist
2026-05-14T04:58:49Z,felyx,felyx:65b2cdf86488,51.91371903333334,4.389060116666666,False,True,bicycle,electric_assist
2026-05-14T04:58:49Z,felyx,felyx:70cbc7bd5be0,51.91246133333334,4.4303439000000004,False,False,bicycle,electric_assist
2026-05-14T04:58:49Z,felyx,felyx:d264250f955c,51.92530133333332,4.5001313,False,False,bicycle,electric_assist
2026-05-14T04:58:49Z,felyx,felyx:343f87cfc886,51.91305053333334,4.553738899999999,False,False,bicycle,electric_assist
2026-05-14T04:58:49Z,felyx,felyx:9906996f02b6,51.884965016666676,4.468818916666667,False,False,bicycle,electric_assist
2026-05-14T04:58:49Z,felyx,felyx:4e10bc1d7ecf,51.945153833333336,4.480780516666667,False,False,bicycle,electric_assist
2026-05-14T04:58:49Z,felyx,felyx:716e03f14c4c,51.936779033333345,4.470850716666666,False,False,bicycle,electric_assist
2026-05-14T04:58:49Z,felyx,felyx:0c9c0e25588f,51.91740473333332,4.485058716666668,False,False,bicycle,electric_assist
2026-05-14T04:58:49Z,felyx,felyx:6a745ad61115,51.94243923333333,4.537861199999999,False,False,bicycle,electric_assist
2026-05-14T04:58:49Z,felyx,felyx:df30038ac6e4,51.92574163333334,4.457675016666667,False,False,bicycle,electric_assist
2026-05-14T04:58:49Z,felyx,felyx:394ed6eb4fe9,51.92006258333332,4.445195733333333,False,False,bicycle,electric_assist
2026-05-14T04:58:49Z,felyx,felyx:a89cbca99b28,51.905411533333336,4.462572716666667,False,False,bicycle,electric_assist
2026-05-14T04:58:49Z,felyx,felyx:b51ad023b38d,51.931163033333334,4.4288959,False,False,bicycle,electric_assist
2026-05-14T04:58:49Z,felyx,felyx:ee9a1e2fedae,51.913912333333336,4.397657716666666,False,False,bicycle,electric_assist
2026-05-14T04:58:49Z,felyx,felyx:a08ac1ec5037,51.888139516666655,4.547903699999999,False,False,bicycle,electric_assist
2026-05-14T04:58:49Z,felyx,felyx:a5bf0925daff,51.93035933333334,4.470977516666666,False,False,bicycle,electric_assist
2026-05-14T04:58:49Z,felyx,felyx:e745921ab85b,51.93928533333332,4.427327399999999,False,False,bicycle,electric_assist
2026-05-14T04:58:49Z,felyx,felyx:978596c95c3e,51.92071173333334,4.392737116666668,False,False,bicycle,electric_assist
2026-05-14T04:58:49Z,felyx,felyx:1c79f409408b,51.943023933333336,4.4229904,False,False,bicycle,electric_assist
2026-05-14T04:58:49Z,felyx,felyx:1bfd76bd46fa,51.88986561666668,4.488918616666667,False,False,bicycle,electric_assist
2026-05-14T04:58:49Z,felyx,felyx:ecf69ff82115,51.925730033333345,4.454784216666668,False,False,bicycle,electric_assist
2026-05-14T04:58:49Z,felyx,felyx:933420942343,51.91257553333333,4.393134616666667,False,False,bicycle,electric_assist
2026-05-14T04:58:49Z,felyx,felyx:6610f2dbdd5f,51.91731033333333,4.4645232166666675,False,False,bicycle,electric_assist
2026-05-14T04:58:49Z,felyx,felyx:167f71ca2ea3,51.92313488333333,4.4968158,False,False,bicycle,electric_assist
2026-05-14T04:58:49Z,felyx,felyx:787312bf837c,51.90184743333333,4.485698416666667,False,False,bicycle,electric_assist
2026-05-14T04:58:49Z,felyx,felyx:97f9e68d3639,51.92907574999999,4.4758303999999995,False,False,bicycle,electric_assist
2026-05-14T04:58:49Z,felyx,felyx:8eb58246886c,51.877970616666666,4.516853199999999,False,True,bicycle,electric_assist
2026-05-14T04:58:49Z,felyx,felyx:7c9f3476ee87,51.91829943333333,4.404336,False,False,bicycle,electric_assist
2026-05-14T04:58:49Z,felyx,felyx:6ccab5673c78,51.88322021666667,4.470564816666667,False,True,bicycle,electric_assist
2026-05-14T04:58:49Z,felyx,felyx:895eaa415cdc,51.912588233333324,4.484649516666667,False,True,bicycle,electric_assist
2026-05-14T04:58:49Z,felyx,felyx:f37528de7d48,51.92106035,4.477596833333333,False,False,bicycle,electric_assist
2026-05-14T04:58:49Z,felyx,felyx:1a132a25d703,51.94132363333333,4.488182016666667,False,True,bicycle,electric_assist
2026-05-14T04:58:49Z,felyx,felyx:c7f9d733cf50,51.893039116666664,4.468275916666667,False,True,bicycle,electric_assist
2026-05-14T04:58:49Z,felyx,felyx:1e4f6bdc16e7,51.88642231666665,4.496567416666665,False,False,bicycle,electric_assist
2026-05-14T04:58:49Z,felyx,felyx:d83f343bfcb1,51.90316643333333,4.456312616666666,False,False,bicycle,electric_assist
2026-05-14T04:58:49Z,felyx,felyx:912ea6c5ae44,51.92193753333332,4.4631920166666665,False,False,bicycle,electric_assist
2026-05-14T04:58:49Z,felyx,felyx:571b7d11ce8a,51.89236918333334,4.5307229,False,False,bicycle,electric_assist
2026-05-14T04:58:49Z,felyx,felyx:110cf573572a,51.90858073333334,4.366572416666666,False,True,bicycle,electric_assist
2026-05-14T04:58:49Z,felyx,felyx:8e004dd38fc7,51.93262643333333,4.466578216666666,False,False,bicycle,electric_assist
2026-05-14T04:58:49Z,felyx,felyx:1b865cc37f16,51.91692123333333,4.467013216666667,False,True,bicycle,electric_assist
2026-05-14T04:58:49Z,felyx,felyx:afdfdeef0a5f,51.915947633333325,4.473103316666667,False,True,bicycle,electric_assist
2026-05-14T04:58:49Z,felyx,felyx:24fdf82e2824,51.916526033333334,4.443097616666666,False,True,bicycle,electric_assist
2026-05-14T04:58:49Z,felyx,felyx:c572fb748664,51.984160333333335,4.494949516666667,False,True,bicycle,electric_assist
2026-05-14T04:58:49Z,felyx,felyx:f00ca8ac4556,51.90635743333333,4.5417746,False,False,bicycle,electric_assist
2026-05-14T04:58:49Z,felyx,felyx:0a57199ab3e9,51.906461433333334,4.455435016666666,False,False,bicycle,electric_assist
2026-05-14T04:58:49Z,felyx,felyx:cca44f9d16f6,51.89163531666666,4.488039816666667,False,False,bicycle,electric_assist
2026-05-14T04:58:49Z,felyx,felyx:e8cf681ce97f,51.96746553333334,4.500710499999999,False,True,bicycle,electric_assist
2026-05-14T04:58:49Z,felyx,felyx:9c13a10ac06d,51.91654353333334,4.4348127999999996,False,True,bicycle,electric_assist
2026-05-14T04:58:49Z,felyx,felyx:16a0dc4d9b1e,51.91818403333333,4.480475316666666,False,True,bicycle,electric_assist
2026-05-14T04:58:49Z,felyx,felyx:7409fd2f266f,51.89599621666665,4.489958816666668,False,False,bicycle,electric_assist
2026-05-14T04:58:49Z,felyx,felyx:4e4dff1f8d4a,51.91118273333333,4.5248086,False,False,bicycle,electric_assist
2026-05-14T04:58:49Z,felyx,felyx:fbc303a6ed9a,51.92315350000001,4.496816116666666,False,False,bicycle,electric_assist
2026-05-14T04:58:49Z,felyx,felyx:2f08de1b447f,51.929873333333326,4.5022919,False,False,bicycle,electric_assist
2026-05-14T04:58:49Z,felyx,felyx:f40d18bca777,51.900860433333335,4.481369816666666,False,True,bicycle,electric_assist
2026-05-14T04:58:49Z,felyx,felyx:46d3e71a5dd4,51.93592003333333,4.492346816666667,False,False,bicycle,electric_assist
2026-05-14T04:58:49Z,felyx,felyx:07bfffecb883,51.93283593333334,4.456683416666667,False,False,bicycle,electric_assist
2026-05-14T04:58:49Z,felyx,felyx:b0aff125dc51,51.93157073333334,4.457952416666667,False,False,bicycle,electric_assist
2026-05-14T04:58:49Z,felyx,felyx:cf20d1ea22fc,51.92865173333333,4.510615699999999,False,False,bicycle,electric_assist
2026-05-14T04:58:49Z,felyx,felyx:7d4f33a67271,51.92170053333332,4.493054916666667,False,False,bicycle,electric_assist
2026-05-14T04:58:49Z,felyx,felyx:a58dd56ec7df,51.92016765,4.5002957,False,False,bicycle,electric_assist
2026-05-14T04:58:49Z,felyx,felyx:f389004bc4b1,51.89716251666666,4.5053782,False,True,bicycle,electric_assist
2026-05-14T04:58:49Z,felyx,felyx:9af3abfe3d02,51.97899425,4.5861948,False,False,bicycle,electric_assist
2026-05-14T04:58:49Z,felyx,felyx:0a783ba187ff,51.93281963333334,4.4351422000000005,False,False,bicycle,electric_assist
2026-05-14T04:58:49Z,felyx,felyx:ecaf4077d328,51.890475416666675,4.5092588000000005,False,False,bicycle,electric_assist
2026-05-14T04:58:49Z,felyx,felyx:b2331dac4177,51.921254333333344,4.474353616666667,False,False,bicycle,electric_assist
2026-05-14T04:58:49Z,felyx,felyx:36da11821661,51.91915303333333,4.5269198,False,False,bicycle,electric_assist
2026-05-14T04:58:49Z,felyx,felyx:ac14a8d48bd0,51.889492816666674,4.482665616666667,False,False,bicycle,electric_assist
2026-05-14T04:58:49Z,felyx,felyx:5acfba5b0cfe,51.94994023333333,4.5143151,False,False,bicycle,electric_assist
2026-05-14T04:58:49Z,felyx,felyx:0e8664404760,51.88092931666666,4.5029957,False,True,bicycle,electric_assist
2026-05-14T04:58:49Z,felyx,felyx:7d1c3885479c,51.92788596666666,4.50822465,False,False,bicycle,electric_assist
2026-05-14T04:58:49Z,felyx,felyx:bf5f636d2fd9,51.87100671666667,4.4723154166666665,False,False,bicycle,electric_assist
2026-05-14T04:58:49Z,felyx,felyx:49572019c9c2,51.88426381666667,4.488351916666667,False,True,bicycle,electric_assist
2026-05-14T04:58:49Z,felyx,felyx:d75610a1228f,51.91700863333334,4.472480716666667,False,False,bicycle,electric_assist
2026-05-14T04:58:49Z,felyx,felyx:86c1459caae9,51.918076533333334,4.489966916666666,False,True,bicycle,electric_assist
2026-05-14T04:58:49Z,felyx,felyx:48f6ac48ea18,51.90627003333334,4.541788700000001,False,True,bicycle,electric_assist
2026-05-14T04:58:49Z,felyx,felyx:190991149fea,51.98022273333333,4.5808052,False,True,bicycle,electric_assist
2026-05-14T04:58:49Z,felyx,felyx:3cc37e1b79b9,51.902452433333345,4.403742900000001,False,False,bicycle,electric_assist
2026-05-14T04:58:49Z,felyx,felyx:11a25bc24d52,51.92319223333333,4.4967927166666675,False,False,bicycle,electric_assist
2026-05-14T04:58:49Z,felyx,felyx:3626405ecf67,51.935951833333334,4.4219200999999995,False,False,bicycle,electric_assist
2026-05-14T04:58:49Z,felyx,felyx:14bd841e2c5a,51.891247816666656,4.479458516666668,False,False,bicycle,electric_assist
2026-05-14T04:58:49Z,felyx,felyx:dc8f2f9cfe36,51.92685033333334,4.5086418,False,False,bicycle,electric_assist
2026-05-14T04:58:49Z,felyx,felyx:f5a0ffc19dbb,51.91573953333333,4.464258316666667,False,False,bicycle,electric_assist
2026-05-14T04:58:49Z,felyx,felyx:e55189cf7276,51.907593733333336,4.498900016666666,False,False,bicycle,electric_assist
2026-05-14T04:58:49Z,felyx,felyx:a8e727ea124d,51.936097133333334,4.495060216666667,False,True,bicycle,electric_assist
2026-05-14T04:58:49Z,felyx,felyx:0736e892dbbb,51.92303400000001,4.6228675500000005,False,True,bicycle,electric_assist
2026-05-14T04:58:49Z,felyx,felyx:837f8c3d2015,51.892190116666676,4.477502416666668,False,False,bicycle,electric_assist
2026-05-14T04:58:49Z,felyx,felyx:41bce5a17752,51.907590633333335,4.498844316666666,False,False,bicycle,electric_assist
2026-05-14T04:58:49Z,felyx,felyx:227704d74a9d,51.92063343333332,4.474682116666667,False,False,bicycle,electric_assist
2026-05-14T04:58:49Z,felyx,felyx:3642be063df6,51.92024446666665,4.434385649999999,False,False,bicycle,electric_assist
2026-05-14T04:58:49Z,felyx,felyx:c2a71caa5572,51.91985813333334,4.472355916666667,False,False,bicycle,electric_assist
2026-05-14T04:58:49Z,felyx,felyx:cc4da905d975,51.9090919,4.454446716666667,False,False,bicycle,electric_assist
2026-05-14T04:58:49Z,felyx,felyx:1e11b9bd0cbf,51.884358816666655,4.4886131166666665,False,False,bicycle,electric_assist
2026-05-14T04:58:49Z,felyx,felyx:dd16473774d6,51.91185043333333,4.511380699999999,False,False,bicycle,electric_assist
2026-05-14T04:58:49Z,felyx,felyx:3cfc3d8d3239,51.92327353333334,4.493500316666668,False,False,bicycle,electric_assist
2026-05-14T04:58:49Z,felyx,felyx:82b533723857,51.93004123333333,4.468435316666667,False,False,bicycle,electric_assist
2026-05-14T04:58:49Z,felyx,felyx:0936250eaf21,51.92952133333333,4.467737716666667,False,False,bicycle,electric_assist
2026-05-14T04:58:49Z,felyx,felyx:d7aa3b82b694,51.932143816666674,4.485620466666666,False,False,bicycle,electric_assist
2026-05-14T04:58:49Z,felyx,felyx:972caf7e2639,51.90070863333333,4.481611716666667,False,True,bicycle,electric_assist
2026-05-14T04:58:49Z,felyx,felyx:472699afc48d,51.89867561666666,4.475865416666667,False,False,bicycle,electric_assist
2026-05-14T04:58:49Z,felyx,felyx:1a9fc253758a,51.874285616666675,4.5231784,False,False,bicycle,electric_assist
2026-05-14T04:58:49Z,felyx,felyx:a9f6289b30c7,51.917872933333335,4.3938810166666675,False,False,bicycle,electric_assist
2026-05-14T04:58:49Z,felyx,felyx:94511a893276,51.932883249999996,4.500354016666666,False,False,bicycle,electric_assist
2026-05-14T04:58:49Z,felyx,felyx:0ee97246a22d,51.91330483333332,4.432529000000001,False,False,bicycle,electric_assist
2026-05-14T04:58:49Z,felyx,felyx:d41908c21de0,51.90166043333333,4.4871771166666665,False,False,bicycle,electric_assist
2026-05-14T04:58:49Z,felyx,felyx:7f426058e328,51.91087363333333,4.5194674,False,True,bicycle,electric_assist
2026-05-14T04:58:49Z,felyx,felyx:c4acc6ea701c,51.94521733333332,4.5550752999999995,False,True,bicycle,electric_assist
2026-05-14T04:58:49Z,felyx,felyx:eb2427b188f1,51.88093851666665,4.505878500000001,False,False,bicycle,electric_assist
2026-05-14T04:58:49Z,felyx,felyx:1549f0aac4b4,51.90832753333334,4.434501800000001,False,False,bicycle,electric_assist
2026-05-14T04:58:49Z,felyx,felyx:eac05fecf959,51.93585813333333,4.491153016666666,True,False,bicycle,electric_assist
2026-05-14T04:58:49Z,felyx,felyx:090633ca9cca,51.885882816666665,4.5083416,False,True,bicycle,electric_assist
2026-05-14T04:58:49Z,felyx,felyx:6bc72db2f280,51.948981733333326,4.464996016666667,False,True,bicycle,electric_assist
2026-05-14T04:58:49Z,felyx,felyx:fc838887184d,51.88764713333333,4.4635143500000005,False,False,bicycle,electric_assist
2026-05-14T04:58:49Z,felyx,felyx:22a372a456d6,51.90077633333333,4.481648316666667,False,False,bicycle,electric_assist
2026-05-14T04:58:49Z,felyx,felyx:7db81050e8b5,51.96093033333334,4.478290416666667,False,True,bicycle,electric_assist
2026-05-14T04:58:49Z,felyx,felyx:a1e3c17a2f0e,51.92446163333334,4.472828316666667,False,False,bicycle,electric_assist
2026-05-14T04:58:49Z,felyx,felyx:405f3e53fb98,51.92102303333333,4.559218599999999,False,False,bicycle,electric_assist
2026-05-14T04:58:49Z,felyx,felyx:1623c641ad33,51.90451003333333,4.460471016666666,False,True,bicycle,electric_assist
2026-05-14T04:58:49Z,felyx,felyx:e590871bcb08,51.88744741666666,4.4671842166666655,False,False,bicycle,electric_assist
2026-05-14T04:58:49Z,felyx,felyx:7f2785d3f64e,51.89884241666667,4.564600100000001,False,False,bicycle,electric_assist
2026-05-14T04:58:49Z,felyx,felyx:403645f0e793,51.91155043333333,4.478503816666667,False,False,bicycle,electric_assist
2026-05-14T04:58:49Z,felyx,felyx:7fd5477568fc,51.90803051666667,4.399931133333334,False,False,bicycle,electric_assist
2026-05-14T04:58:49Z,felyx,felyx:f04bf108aae7,51.90718093333332,4.492087216666667,False,False,bicycle,electric_assist
2026-05-14T04:58:49Z,felyx,felyx:c8c8a2711700,51.92145123333332,4.407769099999999,False,True,bicycle,electric_assist
2026-05-14T04:58:49Z,felyx,felyx:0fcba7c3aeaf,51.941558333333326,4.4100197,False,False,bicycle,electric_assist
2026-05-14T04:58:49Z,felyx,felyx:141da0e7316c,51.90562053333333,4.4056945,False,False,bicycle,electric_assist
2026-05-14T04:58:49Z,felyx,felyx:a6aa35c31337,51.88055301666667,4.552885,False,False,bicycle,electric_assist
2026-05-14T04:58:49Z,felyx,felyx:e53870c7d906,51.95789293333334,4.541062800000001,False,True,bicycle,electric_assist
2026-05-14T04:58:49Z,felyx,felyx:3b5440fe1251,51.929224033333334,4.476055116666667,False,False,bicycle,electric_assist
2026-05-14T04:58:49Z,felyx,felyx:69d4557fbbb4,51.91255253333333,4.421895,False,False,bicycle,electric_assist
2026-05-14T04:58:49Z,felyx,felyx:6a1e3635297d,51.92281023333332,4.5084800000000005,False,False,bicycle,electric_assist
2026-05-14T04:58:49Z,felyx,felyx:4e9b3483f2c8,51.930414333333324,4.482104416666667,False,False,bicycle,electric_assist
2026-05-14T04:58:49Z,felyx,felyx:597b1dc5ba35,51.923349333333334,4.390545516666667,False,False,bicycle,electric_assist
2026-05-14T04:58:49Z,felyx,felyx:341628335c7a,51.906481533333334,4.446402316666667,False,False,bicycle,electric_assist
2026-05-14T04:58:49Z,felyx,felyx:fd26772caf46,51.94913333333334,4.514661899999999,False,False,bicycle,electric_assist
2026-05-14T04:58:49Z,felyx,felyx:0319f3402b3d,51.86864331666668,4.499531916666667,False,True,bicycle,electric_assist
2026-05-14T04:58:49Z,felyx,felyx:418fc75e5502,51.95569203333333,4.474587916666667,False,False,bicycle,electric_assist
2026-05-14T04:58:49Z,felyx,felyx:70caace5c70f,51.92565893333334,4.477851616666666,False,False,bicycle,electric_assist
2026-05-14T04:58:49Z,felyx,felyx:1e2ad85108bc,51.943962383333336,4.422568166666667,False,False,bicycle,electric_assist
2026-05-14T04:58:49Z,felyx,felyx:c948057cd831,51.925411233333335,4.5012679,False,False,bicycle,electric_assist
2026-05-14T04:58:49Z,felyx,felyx:59af983dad06,51.88662261666666,4.476373916666666,False,False,bicycle,electric_assist
2026-05-14T04:58:49Z,felyx,felyx:be2e060f56d3,51.90481658333333,4.402816683333334,False,False,bicycle,electric_assist
2026-05-14T04:58:49Z,felyx,felyx:c77f4cf4a0bb,51.88811391666667,4.490408,False,True,bicycle,electric_assist
2026-05-14T04:58:49Z,felyx,felyx:fd9893802a01,51.95847733333334,4.486004016666666,False,False,bicycle,electric_assist
2026-05-14T04:58:49Z,felyx,felyx:f2f4c5ad3d3b,51.932798633333334,4.484692416666666,False,False,bicycle,electric_assist
2026-05-14T04:58:49Z,felyx,felyx:355844d551a1,51.9322693,4.4642137,False,True,bicycle,electric_assist
2026-05-14T04:58:49Z,felyx,felyx:4187722936bb,51.907621533333334,4.461288116666666,False,False,bicycle,electric_assist
2026-05-14T04:58:49Z,felyx,felyx:d3d02c447149,51.868733516666666,4.5469379,False,True,bicycle,electric_assist
2026-05-14T04:58:49Z,felyx,felyx:ac12ad4186da,51.91339408333333,4.461252066666666,False,False,bicycle,electric_assist
2026-05-14T04:58:49Z,felyx,felyx:6b4401c11e4c,51.936781133333334,4.477709116666667,False,False,bicycle,electric_assist
2026-05-14T04:58:49Z,felyx,felyx:2c64ccce506e,51.92020474999999,4.434350800000001,False,False,bicycle,electric_assist
2026-05-14T04:58:49Z,felyx,felyx:ac43fa39816a,51.929142633333335,4.450579516666666,False,True,bicycle,electric_assist
2026-05-14T04:58:49Z,felyx,felyx:d9f3419208f2,51.899290916666665,4.478304416666666,False,False,bicycle,electric_assist
2026-05-14T04:58:49Z,felyx,felyx:20e2f263221d,51.91572093333332,4.5010485000000005,False,False,bicycle,electric_assist
2026-05-14T04:58:49Z,felyx,felyx:c22914c30fe8,51.929261633333326,4.472711616666667,False,False,bicycle,electric_assist
2026-05-14T04:58:49Z,felyx,felyx:8c3ea958a6d9,51.90679813333333,4.511307400000001,False,False,bicycle,electric_assist
2026-05-14T04:58:49Z,felyx,felyx:04bd017c374e,51.894017916666655,4.5275203,False,False,bicycle,electric_assist
2026-05-14T04:58:49Z,felyx,felyx:9ea449d52e6c,51.94927163333333,4.4327222,False,False,bicycle,electric_assist
2026-05-14T04:58:49Z,felyx,felyx:c841d783095a,51.94535731666666,4.47760605,False,False,bicycle,electric_assist
2026-05-14T04:58:49Z,felyx,felyx:989349f63a4b,51.92336363333333,4.5051648,False,False,bicycle,electric_assist
2026-05-14T04:58:49Z,felyx,felyx:66fad8b8293c,51.94441243333334,4.4823668166666675,False,False,bicycle,electric_assist
2026-05-14T04:58:49Z,felyx,felyx:99467946b4b0,51.88560721666666,4.463145516666667,False,True,bicycle,electric_assist
2026-05-14T04:58:49Z,felyx,felyx:74ef71b2a1d1,51.92264553333332,4.471180216666666,False,False,bicycle,electric_assist
2026-05-14T04:58:49Z,felyx,felyx:043c587e8591,51.95827193333333,4.488470316666667,False,False,bicycle,electric_assist
2026-05-14T04:58:49Z,felyx,felyx:9fff7783e716,51.904202033333334,4.4840745166666665,False,False,bicycle,electric_assist
2026-05-14T04:58:49Z,felyx,felyx:5bded9b8518c,51.88838821666666,4.5250770000000005,False,False,bicycle,electric_assist
2026-05-14T04:58:49Z,felyx,felyx:881bfb4ee12f,51.90600813333334,4.477484216666666,False,True,bicycle,electric_assist
2026-05-14T04:58:49Z,felyx,felyx:b193a46c5f49,51.88742871666667,4.467220416666667,False,False,bicycle,electric_assist
2026-05-14T04:58:49Z,felyx,felyx:561685f24608,51.95790893333333,4.5389475,False,True,bicycle,electric_assist
2026-05-14T04:58:49Z,felyx,felyx:e22b9fd12adc,51.93482153333332,4.455741516666667,False,False,bicycle,electric_assist
2026-05-14T04:58:49Z,felyx,felyx:0c9a20b48c4e,51.92516193333332,4.387704716666668,False,True,bicycle,electric_assist
2026-05-14T04:58:49Z,felyx,felyx:927e1b79d47b,51.90823363333334,4.396444816666667,False,False,bicycle,electric_assist
2026-05-14T04:58:49Z,felyx,felyx:f3be60ada70b,51.93358463333333,4.453372266666667,False,False,bicycle,electric_assist
2026-05-14T04:58:49Z,felyx,felyx:fa5d6cef2358,51.90630863333334,4.460048216666666,False,True,bicycle,electric_assist
2026-05-14T04:58:49Z,felyx,felyx:2540c3ad4fba,51.92431433333332,4.472883816666666,False,False,bicycle,electric_assist
2026-05-14T04:58:49Z,felyx,felyx:f0f79ba161b7,51.94202023333333,4.5053854,False,False,bicycle,electric_assist
2026-05-14T04:58:49Z,felyx,felyx:e9435f3f723f,51.87835771666668,4.448800416666666,False,False,bicycle,electric_assist
2026-05-14T04:58:49Z,felyx,felyx:390e109705c9,51.91187343333332,4.511752,False,False,bicycle,electric_assist
2026-05-14T04:58:49Z,felyx,felyx:07fbdcdd0fca,51.911861633333324,4.374054116666667,False,True,bicycle,electric_assist
2026-05-14T04:58:49Z,felyx,felyx:eb3b5c549d9e,51.91307141666666,4.448444483333334,False,False,bicycle,electric_assist
2026-05-14T04:58:49Z,felyx,felyx:6057992dee50,51.90690473333334,4.3856688166666675,False,False,bicycle,electric_assist
2026-05-14T04:58:49Z,felyx,felyx:35c470ef44ff,51.891478516666666,4.489013016666666,False,True,bicycle,electric_assist
2026-05-14T04:58:49Z,felyx,felyx:f884e91caf2c,51.88886461666665,4.500356099999999,False,False,bicycle,electric_assist
2026-05-14T04:58:49Z,felyx,felyx:3e80eb734ee7,51.927934333333326,4.4186979,False,False,bicycle,electric_assist
2026-05-14T04:58:49Z,felyx,felyx:22b1f0af2767,51.956358950000016,4.5293546000000005,False,False,bicycle,electric_assist
2026-05-14T04:58:49Z,felyx,felyx:be22054ea269,51.929498833333334,4.476595816666667,False,False,bicycle,electric_assist
2026-05-14T04:58:49Z,felyx,felyx:708db9b2e30f,51.88905751666667,4.5128643,False,False,bicycle,electric_assist
2026-05-14T04:58:49Z,felyx,felyx:204099060a5d,51.90387243333333,4.4014198,False,False,bicycle,electric_assist
2026-05-14T04:58:49Z,felyx,felyx:55441e49817f,51.94065453333332,4.5570281,False,False,bicycle,electric_assist
2026-05-14T04:58:49Z,felyx,felyx:b0e72244c3d6,51.91093823333334,4.522141,False,False,bicycle,electric_assist
2026-05-14T04:58:49Z,felyx,felyx:a3c0022b3edc,51.91745993333333,4.5154057000000005,False,False,bicycle,electric_assist
2026-05-14T04:58:49Z,felyx,felyx:b37dacb4ec74,51.94996403333333,4.514369599999999,False,False,bicycle,electric_assist
2026-05-14T04:58:49Z,felyx,felyx:005e8dcb8da7,51.95619143333334,4.495657416666666,False,False,bicycle,electric_assist
2026-05-14T04:58:49Z,felyx,felyx:2f1d46befd70,51.92274093333333,4.469292716666667,False,False,bicycle,electric_assist
2026-05-14T04:58:49Z,felyx,felyx:8419fe9ead7d,51.927366633333335,4.4406616166666675,False,False,bicycle,electric_assist
2026-05-14T04:58:49Z,felyx,felyx:d0efe963e217,51.94290723333333,4.481560216666666,False,True,bicycle,electric_assist
2026-05-14T04:58:49Z,felyx,felyx:478723ec4dc7,51.93253553333333,4.359830516666666,False,True,bicycle,electric_assist
2026-05-14T04:58:49Z,felyx,felyx:2e1589f722db,51.95634583333334,4.555260999999999,False,False,bicycle,electric_assist
2026-05-14T04:58:49Z,felyx,felyx:86f927d0fdb7,51.918924733333334,4.493937116666667,False,True,bicycle,electric_assist
2026-05-14T04:58:49Z,felyx,felyx:a9f0f7b43621,51.87502431666666,4.491881616666667,False,False,bicycle,electric_assist
2026-05-14T04:58:49Z,felyx,felyx:d5a8c5c7fa36,51.915368733333324,4.470093416666666,False,True,bicycle,electric_assist
2026-05-14T04:58:49Z,felyx,felyx:b933b3b220f8,51.913617233333326,4.454603616666667,False,True,bicycle,electric_assist
2026-05-14T04:58:49Z,felyx,felyx:41dc3f740212,51.918165033333324,4.475270616666667,False,False,bicycle,electric_assist
2026-05-14T04:58:49Z,felyx,felyx:5cb32d871f56,51.92016303333333,4.500215600000001,False,False,bicycle,electric_assist
2026-05-14T04:58:49Z,felyx,felyx:7f701733fd14,51.89123071666666,4.479497366666667,False,False,bicycle,electric_assist
2026-05-14T04:58:49Z,felyx,felyx:46dcb20ec281,51.892335216666666,4.464530616666667,False,False,bicycle,electric_assist
2026-05-14T04:58:49Z,felyx,felyx:dbe0ab8a9576,51.92228683333333,4.471447916666667,False,False,bicycle,electric_assist
2026-05-14T04:58:49Z,felyx,felyx:e04b600d7204,51.927653033333335,4.479577016666667,False,False,bicycle,electric_assist
2026-05-14T04:58:49Z,felyx,felyx:64fa7c4b37d7,51.92313465,4.496872683333334,False,False,bicycle,electric_assist
2026-05-14T04:58:49Z,felyx,felyx:14ed743f7324,51.92272283333333,4.464815416666666,False,True,bicycle,electric_assist
2026-05-14T04:58:49Z,felyx,felyx:bee829c43c7c,51.94371133333334,4.483564316666668,False,True,bicycle,electric_assist
2026-05-14T04:58:49Z,felyx,felyx:e2586d235505,51.92076613333333,4.408197800000001,False,False,bicycle,electric_assist
2026-05-14T04:58:49Z,felyx,felyx:f14def5d6fe7,51.92573743333333,4.454700416666666,False,False,bicycle,electric_assist
2026-05-14T04:58:49Z,felyx,felyx:f1a18747373e,51.943597733333334,4.483364816666666,False,False,bicycle,electric_assist
2026-05-14T04:58:49Z,felyx,felyx:1ed8688eb640,51.91812663333334,4.458159616666666,False,False,bicycle,electric_assist
2026-05-14T04:58:49Z,felyx,felyx:7dbdfaf0b4bd,51.93103213333334,4.5434635,False,False,bicycle,electric_assist
2026-05-14T04:58:49Z,felyx,felyx:6993cb1c46d5,51.95402943333334,4.464113616666667,False,False,bicycle,electric_assist
2026-05-14T04:58:49Z,felyx,felyx:205dde423698,51.95711603333333,4.476514416666666,False,False,bicycle,electric_assist
2026-05-14T04:58:49Z,felyx,felyx:f4a1c578fd55,51.902243133333336,4.461272016666666,False,False,bicycle,electric_assist
2026-05-14T04:58:49Z,felyx,felyx:0fda32931d14,51.92230893333333,4.471388416666667,False,False,bicycle,electric_assist
2026-05-14T04:58:49Z,felyx,felyx:9503cdbee6e1,51.91176403333334,4.383665116666667,False,False,bicycle,electric_assist
2026-05-14T04:58:49Z,felyx,felyx:5a1314991aea,51.92525793333332,4.474152316666667,False,False,bicycle,electric_assist
2026-05-14T04:58:49Z,felyx,felyx:cbff303c0018,51.91238413333333,4.476960933333334,False,False,bicycle,electric_assist
2026-05-14T04:58:49Z,felyx,felyx:2310be5b747c,51.93494063333332,4.523185,False,True,bicycle,electric_assist
2026-05-14T04:58:49Z,felyx,felyx:c356fe4d2fb8,51.956030899999995,4.495061783333333,False,False,bicycle,electric_assist
2026-05-14T04:58:49Z,felyx,felyx:65a9d0505297,51.91611803333334,4.5270463,False,False,bicycle,electric_assist
2026-05-14T04:58:49Z,felyx,felyx:f9af184e65b3,51.91703313333335,4.5478451,False,True,bicycle,electric_assist
2026-05-14T04:58:49Z,felyx,felyx:825f8bd3ec12,51.89251041666666,4.480764716666666,False,False,bicycle,electric_assist
2026-05-14T04:58:49Z,felyx,felyx:b8fac4d10eee,51.91828343333333,4.481481616666666,False,True,bicycle,electric_assist
2026-05-14T04:58:49Z,felyx,felyx:63ec2f4ad9a1,51.90880741666666,4.4902433833333335,False,False,bicycle,electric_assist
2026-05-14T04:58:49Z,felyx,felyx:0004c9551aa2,51.967451133333334,4.463372616666666,False,False,bicycle,electric_assist
2026-05-14T04:58:49Z,felyx,felyx:582d79d6342c,51.916409933333334,4.4752359166666675,False,False,bicycle,electric_assist
2026-05-14T04:58:49Z,felyx,felyx:3b52229ea876,51.912947833333334,4.448740816666667,False,False,bicycle,electric_assist
2026-05-14T04:58:49Z,felyx,felyx:8220cc1dab07,51.92247923333333,4.434977,False,False,bicycle,electric_assist
2026-05-14T04:58:49Z,felyx,felyx:c13ad6dadd7c,51.95881743333334,4.466510716666666,False,False,bicycle,electric_assist
2026-05-14T04:58:49Z,felyx,felyx:a9e4d814a23f,51.90043363333333,4.507745600000001,False,True,bicycle,electric_assist
2026-05-14T04:58:49Z,felyx,felyx:0481b99f86aa,51.92495793333332,4.5293532999999995,False,False,bicycle,electric_assist
2026-05-14T04:58:49Z,felyx,felyx:c1d98823c46f,51.887656016666675,4.473897316666665,False,False,bicycle,electric_assist
2026-05-14T04:58:49Z,felyx,felyx:d45e1652eaef,51.91622293333334,4.490268816666667,False,False,bicycle,electric_assist
2026-05-14T04:58:49Z,felyx,felyx:c59696f195d5,51.92968703333332,4.483442516666666,False,True,bicycle,electric_assist
2026-05-14T04:58:49Z,felyx,felyx:8e611606de74,51.87669471666666,4.489348816666666,False,False,bicycle,electric_assist
2026-05-14T04:58:49Z,felyx,felyx:056a67c8f9bc,51.89091911666666,4.493429916666666,False,False,bicycle,electric_assist
2026-05-14T04:58:49Z,felyx,felyx:379260e67053,51.95907653333333,4.502563200000001,False,False,bicycle,electric_assist
2026-05-14T04:58:49Z,felyx,felyx:3bfa6cae8e9f,51.88643291666667,4.467541616666667,False,False,bicycle,electric_assist
2026-05-14T04:58:49Z,felyx,felyx:93438b036aab,51.91642113333334,4.481487716666667,False,True,bicycle,electric_assist
2026-05-14T04:58:49Z,felyx,felyx:9e95947a517e,51.892337116666674,4.5307513,False,False,bicycle,electric_assist
2026-05-14T04:58:49Z,felyx,felyx:1705b8b57306,51.93335093333333,4.478312316666667,False,False,bicycle,electric_assist
2026-05-14T04:58:49Z,felyx,felyx:962077f6427d,51.934920533333326,4.470210016666667,False,False,bicycle,electric_assist
2026-05-14T04:58:49Z,felyx,felyx:4389187b3752,51.945506233333326,4.4082652,False,False,bicycle,electric_assist
2026-05-14T04:58:49Z,felyx,felyx:67d7f7f36034,51.89999781666667,4.498727116666666,False,False,bicycle,electric_assist
2026-05-14T04:58:49Z,felyx,felyx:84b012d1fab9,51.927494933333335,4.440081916666666,False,False,bicycle,electric_assist
2026-05-14T04:58:49Z,felyx,felyx:b162fd1416fb,51.87631121666667,4.555827300000001,False,True,bicycle,electric_assist
2026-05-14T04:58:49Z,felyx,felyx:b553c47931c2,51.87037021666667,4.471895716666667,False,False,bicycle,electric_assist
2026-05-14T04:58:49Z,felyx,felyx:2c6b9af9f941,51.917794733333324,4.482836516666667,False,True,bicycle,electric_assist
2026-05-14T04:58:49Z,felyx,felyx:b40a10c83b13,51.91930453333333,4.480502416666668,False,False,bicycle,electric_assist
2026-05-14T04:58:49Z,felyx,felyx:538c88fa3a82,51.90749703333332,4.461490716666666,False,False,bicycle,electric_assist
2026-05-14T04:58:49Z,felyx,felyx:c9ea85092252,51.94260313333333,4.471573616666667,False,False,bicycle,electric_assist
2026-05-14T04:58:49Z,felyx,felyx:720c51706b66,51.917292733333326,4.487888516666666,False,True,bicycle,electric_assist
2026-05-14T04:58:49Z,felyx,felyx:c39557c08182,51.877242116666665,4.5109124,False,True,bicycle,electric_assist
2026-05-14T04:58:49Z,felyx,felyx:1eabdba2933f,51.918089333333334,4.483965416666667,False,True,bicycle,electric_assist
2026-05-14T04:58:49Z,felyx,felyx:6fda246e49e8,51.953784033333335,4.5200551,False,True,bicycle,electric_assist
2026-05-14T04:58:49Z,felyx,felyx:51a84d7cea15,51.94257543333333,4.481335916666666,False,False,bicycle,electric_assist
2026-05-14T04:58:49Z,felyx,felyx:326cb004cd26,51.91608223333332,4.5269484,False,False,bicycle,electric_assist
2026-05-14T04:58:49Z,felyx,felyx:d0a9a2fda8a3,51.90290803333335,4.455266016666667,False,False,bicycle,electric_assist
2026-05-14T04:58:49Z,felyx,felyx:2bb90226bf7a,51.92926873333334,4.376177416666668,False,True,bicycle,electric_assist
2026-05-14T04:58:49Z,felyx,felyx:b48dd303b2d5,51.91152743333335,4.5205064,False,True,bicycle,electric_assist
2026-05-14T04:58:49Z,felyx,felyx:66b068b6f28f,51.91994473333333,4.4780632166666665,False,False,bicycle,electric_assist
2026-05-14T04:58:49Z,felyx,felyx:0002633e92e7,51.92473533333333,4.493615716666667,False,False,bicycle,electric_assist
2026-05-14T04:58:49Z,felyx,felyx:5d094891e880,51.888474916666674,4.521422599999999,False,False,bicycle,electric_assist
2026-05-14T04:58:49Z,felyx,felyx:79b925a4ebaf,51.872618716666665,4.491317416666666,False,False,bicycle,electric_assist
2026-05-14T04:58:49Z,felyx,felyx:04b4aa537e06,51.900867733333335,4.490541416666666,False,False,bicycle,electric_assist
2026-05-14T04:58:49Z,felyx,felyx:f3e140a76456,51.909800633333326,4.509473900000001,False,False,bicycle,electric_assist
2026-05-14T04:58:49Z,felyx,felyx:615d279157a9,51.87720361666667,4.483300616666667,False,False,bicycle,electric_assist
2026-05-14T04:58:49Z,felyx,felyx:13379ea22e10,51.94239613333332,4.5378953,False,False,bicycle,electric_assist
2026-05-14T04:58:49Z,felyx,felyx:b753b64e3c06,51.919112933333324,4.398355416666668,False,False,bicycle,electric_assist
2026-05-14T04:58:49Z,felyx,felyx:7991a4eea167,51.90749323333333,4.441287816666667,False,False,bicycle,electric_assist
2026-05-14T04:58:49Z,felyx,felyx:b66a444e0b75,51.92228693333334,4.471328916666667,False,False,bicycle,electric_assist
2026-05-14T04:58:49Z,felyx,felyx:2faa4a30f819,51.895343716666666,4.5214232999999995,False,False,bicycle,electric_assist
2026-05-14T04:58:49Z,felyx,felyx:644d974d0841,51.886311816666655,4.496257716666666,False,True,bicycle,electric_assist
2026-05-14T04:58:49Z,felyx,felyx:c9aad6c41b53,51.92283103333333,4.481587316666667,False,True,bicycle,electric_assist
2026-05-14T04:58:49Z,felyx,felyx:1d6aa8fe04a5,51.94671653333333,4.455073216666667,False,False,bicycle,electric_assist
2026-05-14T04:58:49Z,felyx,felyx:78127ee62d3e,51.93585993333332,4.491209016666666,False,True,bicycle,electric_assist
2026-05-14T04:58:49Z,felyx,felyx:5ab02376ad18,51.892500816666676,4.474294716666666,False,False,bicycle,electric_assist
2026-05-14T04:58:49Z,felyx,felyx:cd9999d3c3ca,51.94052013333333,4.557157633333333,False,False,bicycle,electric_assist
2026-05-14T04:58:49Z,felyx,felyx:7895bb1959a6,51.919367433333335,4.5080496000000005,False,False,bicycle,electric_assist
2026-05-14T04:58:49Z,felyx,felyx:6466b2ea2d96,51.916689933333316,4.476439216666666,False,False,bicycle,electric_assist
2026-05-14T04:58:49Z,felyx,felyx:451e223d4ed0,51.92283803333333,4.4697034166666665,False,False,bicycle,electric_assist
2026-05-14T04:58:49Z,felyx,felyx:9b91f84a8f86,51.920708533333325,4.488588216666667,False,True,bicycle,electric_assist
2026-05-14T04:58:49Z,felyx,felyx:cb06de419e0f,51.92237503333334,4.471388316666667,False,False,bicycle,electric_assist
2026-05-14T04:58:49Z,felyx,felyx:0e3837155144,51.923256933333334,4.3902023166666675,False,False,bicycle,electric_assist
2026-05-14T04:58:49Z,felyx,felyx:4b8fb29aa45e,51.92453413333332,4.486558716666667,False,True,bicycle,electric_assist
2026-05-14T04:58:49Z,felyx,felyx:2c4221c576bd,51.92188595,4.460600833333333,False,False,bicycle,electric_assist
2026-05-14T04:58:49Z,felyx,felyx:986d5090e871,51.92313923333332,4.496869816666667,False,False,bicycle,electric_assist
2026-05-14T04:58:49Z,felyx,felyx:c3e41b21a915,51.897737916666664,4.477711416666668,False,False,bicycle,electric_assist
2026-05-14T04:58:49Z,felyx,felyx:5e1c9e3f14aa,51.95952883333332,4.473477816666667,False,False,bicycle,electric_assist
2026-05-14T04:58:49Z,felyx,felyx:2683ddf62717,51.91098205,4.456207183333334,False,False,bicycle,electric_assist
2026-05-14T04:58:49Z,felyx,felyx:6d92a65dca92,51.920624233333335,4.476228716666666,False,False,bicycle,electric_assist
2026-05-14T04:58:49Z,felyx,felyx:117cc9327274,51.90845483333332,4.5245563,False,False,bicycle,electric_assist
2026-05-14T04:58:49Z,felyx,felyx:93f1ae982e74,51.92283313333334,4.5085444,False,True,bicycle,electric_assist
2026-05-14T04:58:49Z,felyx,felyx:0e05c6076526,51.90929773333333,4.4581258166666675,False,False,bicycle,electric_assist
2026-05-14T04:58:49Z,felyx,felyx:4a9086aa0523,51.927678733333344,4.5148608,False,False,bicycle,electric_assist
2026-05-14T04:58:49Z,felyx,felyx:fb9e74d6cd40,51.906552933333316,4.496375016666668,False,False,bicycle,electric_assist
2026-05-14T04:58:49Z,felyx,felyx:0dd74fe43a6d,51.87486251666666,4.467867316666666,False,False,bicycle,electric_assist
2026-05-14T04:58:49Z,felyx,felyx:84f180ce4c7e,51.923680833333336,4.485758716666668,False,False,bicycle,electric_assist
2026-05-14T04:58:49Z,felyx,felyx:7b89d9b5241f,51.89312641666667,4.496530816666667,False,False,bicycle,electric_assist
2026-05-14T04:58:49Z,felyx,felyx:e4a0ea6c0b9e,51.95307973333334,4.4718983166666675,False,False,bicycle,electric_assist
2026-05-14T04:58:49Z,felyx,felyx:60987a57be83,51.89583681666666,4.469105116666667,False,True,bicycle,electric_assist
2026-05-14T04:58:49Z,felyx,felyx:4b6b60dcd65e,51.92017013333334,4.4344148,False,True,bicycle,electric_assist
2026-05-14T04:58:49Z,felyx,felyx:f0b3b904aa13,51.916900333333324,4.477419616666667,False,True,bicycle,electric_assist
2026-05-14T04:58:49Z,felyx,felyx:956c56863c1c,51.89215621666668,4.5696518,False,False,bicycle,electric_assist
2026-05-14T04:58:49Z,felyx,felyx:c11ef76e69e5,51.95467433333334,4.4637339166666665,False,False,bicycle,electric_assist
2026-05-14T04:58:49Z,felyx,felyx:e10163ab8aa4,51.89401581666666,4.516804100000001,False,False,bicycle,electric_assist
2026-05-14T04:58:49Z,felyx,felyx:6c43c280f849,51.93591203333334,4.492328916666667,False,False,bicycle,electric_assist
2026-05-14T04:58:49Z,felyx,felyx:4c52a5bd579d,51.906814733333334,4.448700916666667,False,False,bicycle,electric_assist
2026-05-14T04:58:49Z,felyx,felyx:b8adff5e5c94,51.968768133333334,4.484775516666667,False,True,bicycle,electric_assist
2026-05-14T04:58:49Z,felyx,felyx:3accf18e91a5,51.92144063333334,4.489993816666667,False,True,bicycle,electric_assist
2026-05-14T04:58:49Z,felyx,felyx:22254dab431b,51.93472843333334,4.4284146,False,False,bicycle,electric_assist
2026-05-14T04:58:49Z,felyx,felyx:c8e6033bc496,51.87746431666667,4.530004,False,True,bicycle,electric_assist
2026-05-14T04:58:49Z,felyx,felyx:747c8e701bf3,51.902229433333325,4.461226516666668,False,False,bicycle,electric_assist
2026-05-14T04:58:49Z,felyx,felyx:96b88d5c3c8d,51.93747598333332,4.470527249999999,False,True,bicycle,electric_assist
2026-05-14T04:58:49Z,felyx,felyx:195174deefdd,51.93218463333332,4.464199316666667,False,True,bicycle,electric_assist
2026-05-14T04:58:49Z,felyx,felyx:3af376b96a71,51.88747251666667,4.485628416666666,False,True,bicycle,electric_assist
2026-05-14T04:58:49Z,felyx,felyx:a30885fb1746,51.92168103333333,4.492901116666666,False,False,bicycle,electric_assist
2026-05-14T04:58:49Z,felyx,felyx:5e6bdbffb693,51.908252533333346,4.432309700000001,False,False,bicycle,electric_assist
2026-05-14T04:58:49Z,felyx,felyx:60a2fdcc9e35,51.92093103333333,4.4909726166666655,False,False,bicycle,electric_assist
2026-05-14T04:58:49Z,felyx,felyx:c109d55cd2cc,51.89215901666666,4.569641399999999,False,False,bicycle,electric_assist
2026-05-14T04:58:49Z,felyx,felyx:6c3929cde01d,51.90386063333334,4.513045600000001,False,False,bicycle,electric_assist
2026-05-14T04:58:49Z,felyx,felyx:8c07624bbd05,51.928062033333326,4.4188671,False,False,bicycle,electric_assist
2026-05-14T04:58:49Z,felyx,felyx:57e99b4c72ab,51.929440533333334,4.467841316666666,False,False,bicycle,electric_assist
2026-05-14T04:58:49Z,felyx,felyx:91281065bc14,51.87306301666667,4.492703116666666,False,False,bicycle,electric_assist
2026-05-14T04:58:49Z,felyx,felyx:1105c27c09cc,51.92271636666666,4.483525466666667,False,True,bicycle,electric_assist
2026-05-14T04:58:49Z,felyx,felyx:542c066df65a,51.916663233333345,4.5285991,False,False,bicycle,electric_assist
2026-05-14T04:58:49Z,felyx,felyx:d173926ac340,51.94301683333333,4.424364400000001,False,False,bicycle,electric_assist
2026-05-14T04:58:49Z,felyx,felyx:d7d34d75288e,51.90768563333333,4.432872100000001,False,False,bicycle,electric_assist
2026-05-14T04:58:49Z,felyx,felyx:b8ff6ac78f30,51.892130516666676,4.490245316666667,False,True,bicycle,electric_assist
2026-05-14T04:58:49Z,felyx,felyx:300c0b83d2a6,51.92042293333334,4.474400116666667,False,False,bicycle,electric_assist
2026-05-14T04:58:49Z,felyx,felyx:1025a7f45736,51.93609933333334,4.477119916666666,False,True,bicycle,electric_assist
2026-05-14T04:58:49Z,felyx,felyx:ee2f911e1206,51.920187033333335,4.490290716666666,False,True,bicycle,electric_assist
2026-05-14T04:58:49Z,felyx,felyx:ad11eb989c9a,51.924082833333316,4.498769116666668,False,False,bicycle,electric_assist
2026-05-14T04:58:49Z,felyx,felyx:a9e338c86a2d,51.89387541666667,4.4967417166666666,False,True,bicycle,electric_assist
2026-05-14T04:58:49Z,felyx,felyx:3e2605a87ab0,51.906968733333336,4.450506616666666,False,False,bicycle,electric_assist
2026-05-14T04:58:49Z,felyx,felyx:6bd4701083d1,51.90292033333333,4.455260616666666,False,False,bicycle,electric_assist
2026-05-14T04:58:49Z,felyx,felyx:7f66b4bd02e7,51.91070933333333,4.491768816666666,False,False,bicycle,electric_assist
2026-05-14T04:58:49Z,felyx,felyx:3a5aaa3fd2a7,51.91611413333334,4.478752316666666,False,True,bicycle,electric_assist
2026-05-14T04:58:49Z,felyx,felyx:8fd20fbefae6,51.888891016666676,4.528640883333334,False,False,bicycle,electric_assist
2026-05-14T04:58:49Z,felyx,felyx:7da176c55027,51.928955033333345,4.469932116666667,False,False,bicycle,electric_assist
2026-05-14T04:58:49Z,felyx,felyx:d8cb289321cb,51.92227303333334,4.471328616666667,False,False,bicycle,electric_assist
2026-05-14T04:58:49Z,felyx,felyx:be95af886693,51.91341193333333,4.461143016666667,False,False,bicycle,electric_assist
2026-05-14T04:58:49Z,felyx,felyx:81134277dbc6,51.89198671666666,4.460886916666666,False,True,bicycle,electric_assist
2026-05-14T04:58:49Z,felyx,felyx:88ee3aa992e1,51.930211233333324,4.5034131,False,False,bicycle,electric_assist
2026-05-14T04:58:49Z,felyx,felyx:487cea2e5853,51.885796416666665,4.5179825000000005,False,False,bicycle,electric_assist
2026-05-14T04:58:49Z,felyx,felyx:cfe567dc1d05,51.91599843333333,4.526924900000001,False,False,bicycle,electric_assist
2026-05-14T04:58:49Z,felyx,felyx:b16eb33897a7,51.957871933333344,4.541038400000001,False,False,bicycle,electric_assist
2026-05-14T04:58:49Z,felyx,felyx:05bf94e3b0e3,51.89934671666666,4.496227616666668,False,True,bicycle,electric_assist
2026-05-14T04:58:49Z,felyx,felyx:9c545dee05af,51.927451433333324,4.5036434000000005,False,False,bicycle,electric_assist
2026-05-14T04:58:49Z,felyx,felyx:88aa2e961dc9,51.912909133333336,4.380328416666667,False,False,bicycle,electric_assist
2026-05-14T04:58:49Z,felyx,felyx:38bf25ed8bf0,51.919422033333326,4.467119216666667,False,False,bicycle,electric_assist
2026-05-14T04:58:49Z,felyx,felyx:438135e5ffc8,51.91454473333333,4.481249716666666,False,False,bicycle,electric_assist
2026-05-14T04:58:49Z,felyx,felyx:5fa029ec9e87,51.98037283333334,4.581605399999999,False,True,bicycle,electric_assist
2026-05-14T04:58:49Z,felyx,felyx:873c31020673,51.89526381666667,4.5635659,False,False,bicycle,electric_assist
2026-05-14T04:58:49Z,felyx,felyx:1b8d8ab7a957,51.90634273333333,4.463270216666667,False,False,bicycle,electric_assist
2026-05-14T04:58:49Z,felyx,felyx:a8df01701ab6,51.91804463333332,4.483664616666666,False,True,bicycle,electric_assist
2026-05-14T04:58:49Z,felyx,felyx:0b5c605137cc,51.91919773333334,4.510642699999999,False,True,bicycle,electric_assist
2026-05-14T04:58:49Z,felyx,felyx:68304578b912,51.87415311666666,4.499545516666666,False,False,bicycle,electric_assist
2026-05-14T04:58:49Z,felyx,felyx:e504b098ed92,51.910855433333346,4.5538315,False,False,bicycle,electric_assist
2026-05-14T04:58:49Z,felyx,felyx:46de90729d8a,51.88856901666666,4.5672436,False,False,bicycle,electric_assist
2026-05-14T04:58:49Z,felyx,felyx:73bcc2584cc9,51.905562550000006,4.400743316666667,False,False,bicycle,electric_assist
2026-05-14T04:58:49Z,felyx,felyx:c26183a9faa3,51.89660271666666,4.420387800000001,False,False,bicycle,electric_assist
2026-05-14T04:58:49Z,felyx,felyx:09b0902078ae,51.920161033333336,4.441968216666668,False,True,bicycle,electric_assist
2026-05-14T04:58:49Z,felyx,felyx:d3301c5f2bb6,51.94929746666666,4.432703233333333,False,False,bicycle,electric_assist
2026-05-14T04:58:49Z,felyx,felyx:0349adcc69c0,51.92025933333333,4.406948,False,False,bicycle,electric_assist
2026-05-14T04:58:49Z,felyx,felyx:95fc04c08047,51.889999716666665,4.478968916666668,False,False,bicycle,electric_assist
2026-05-14T04:58:49Z,felyx,felyx:222479725cd2,51.933781433333316,4.5390953,False,False,bicycle,electric_assist
2026-05-14T04:58:49Z,felyx,felyx:436733b95926,51.92369163333333,4.529666999999999,False,False,bicycle,electric_assist
2026-05-14T04:58:49Z,felyx,felyx:53cbbe7885d0,51.89104991666666,4.5194077,False,False,bicycle,electric_assist
2026-05-14T04:58:49Z,felyx,felyx:d9c11fc6eac1,51.961316533333346,4.480399416666666,False,False,bicycle,electric_assist
2026-05-14T04:58:49Z,felyx,felyx:eb39f7cb8933,51.923244783333324,4.489542833333333,False,False,bicycle,electric_assist
2026-05-14T04:58:49Z,felyx,felyx:82fc6610368d,51.87650884999999,4.469602166666667,False,False,bicycle,electric_assist
2026-05-14T04:58:49Z,felyx,felyx:a7cab93dd86e,51.94549503333333,4.4082758,False,False,bicycle,electric_assist
2026-05-14T04:58:49Z,felyx,felyx:2a8bfdca905b,51.88735991666667,4.4873348166666664,False,True,bicycle,electric_assist
2026-05-14T04:58:49Z,felyx,felyx:f6954ce4f2bd,51.91341933333334,4.4396652,False,False,bicycle,electric_assist
2026-05-14T04:58:49Z,felyx,felyx:0d83872cb5f8,51.92403913333332,4.498395916666666,False,False,bicycle,electric_assist
2026-05-14T04:58:49Z,felyx,felyx:8c73f0084b83,51.91125613333334,4.524801000000001,False,False,bicycle,electric_assist
2026-05-14T04:58:49Z,felyx,felyx:27784bb8feae,51.88849721666667,4.5043421,False,True,bicycle,electric_assist
2026-05-14T04:58:49Z,felyx,felyx:dbeeba948694,51.92151619999999,4.472233466666665,False,False,bicycle,electric_assist
2026-05-14T04:58:49Z,felyx,felyx:5a2b17e21aee,51.94373993333333,4.483585116666667,False,False,bicycle,electric_assist
2026-05-14T04:58:49Z,felyx,felyx:a290c53b4233,51.90747653333334,4.4901780166666665,False,False,bicycle,electric_assist
2026-05-14T04:58:49Z,felyx,felyx:f54351f37139,51.92982973333332,4.5053156,False,True,bicycle,electric_assist
2026-05-14T04:58:49Z,felyx,felyx:2c3e89a12c41,51.916281033333334,4.4650730166666674,False,False,bicycle,electric_assist
2026-05-14T04:58:49Z,felyx,felyx:2565f133cbc1,51.89407071666666,4.509598500000001,False,True,bicycle,electric_assist
2026-05-14T04:58:49Z,felyx,felyx:fe172520d2f7,51.906446933333335,4.454797516666667,False,True,bicycle,electric_assist
2026-05-14T04:58:49Z,felyx,felyx:c55ecf9450a9,51.91606923333333,4.526908400000001,False,False,bicycle,electric_assist
2026-05-14T04:58:49Z,felyx,felyx:bf339ad80b47,51.91199543333334,4.492199516666667,False,False,bicycle,electric_assist
2026-05-14T04:58:49Z,felyx,felyx:b008973c2a9a,51.92800783333334,4.5474351,False,False,bicycle,electric_assist
2026-05-14T04:58:49Z,felyx,felyx:cb71c7ef7065,51.90479863333333,4.402785500000001,False,False,bicycle,electric_assist
2026-05-14T04:58:49Z,felyx,felyx:11f77b56bcdd,51.94691063333333,4.5674543000000005,False,False,bicycle,electric_assist
2026-05-14T04:58:49Z,felyx,felyx:b9ac27f1b5cd,51.91493123333333,4.474743800000001,False,True,bicycle,electric_assist
2026-05-14T04:58:49Z,felyx,felyx:110f43cb19b9,51.91328968333333,4.432341933333333,False,True,bicycle,electric_assist
2026-05-14T04:58:49Z,felyx,felyx:ef005d4e52a2,51.91159923333333,4.478512016666666,False,True,bicycle,electric_assist
2026-05-14T04:58:49Z,felyx,felyx:1a892ea522e9,51.88419571666667,4.5157407,False,False,bicycle,electric_assist
2026-05-14T04:58:49Z,felyx,felyx:e715ce596962,51.92889928333333,4.46705355,False,False,bicycle,electric_assist
2026-05-14T04:58:49Z,felyx,felyx:857abbc3c6f4,51.95628603333333,4.494337916666667,False,False,bicycle,electric_assist
2026-05-14T04:58:49Z,felyx,felyx:fc302a8bada5,51.97901645000001,4.586154199999998,False,False,bicycle,electric_assist
2026-05-14T04:58:49Z,felyx,felyx:4d9b22f0d23f,51.88732541666667,4.497167716666667,False,False,bicycle,electric_assist
2026-05-14T04:58:49Z,felyx,felyx:46c96f3d4e52,51.922477433333334,4.435011,False,False,bicycle,electric_assist
2026-05-14T04:58:49Z,felyx,felyx:c34cf7a51256,51.937907633333324,4.5399548,False,False,bicycle,electric_assist
2026-05-14T04:58:49Z,felyx,felyx:3915a3a9fdac,51.92021703333334,4.4343577666666665,False,False,bicycle,electric_assist
2026-05-14T04:58:49Z,felyx,felyx:d27edf8b24c3,51.91670263333333,4.528054200000001,False,False,bicycle,electric_assist
2026-05-14T04:58:49Z,felyx,felyx:544e48b750b1,51.91954343333333,4.5028412,False,False,bicycle,electric_assist
2026-05-14T04:58:49Z,felyx,felyx:02d784f9ec82,51.89652871666668,4.4942586166666665,False,True,bicycle,electric_assist
2026-05-14T04:58:49Z,felyx,felyx:ea3d3f4aef37,51.91016933333333,4.375090016666666,False,False,bicycle,electric_assist
2026-05-14T04:58:49Z,felyx,felyx:e0d55e28c683,51.92618551666666,4.458557716666667,False,False,bicycle,electric_assist
2026-05-14T04:58:49Z,felyx,felyx:ef7b5df6e863,51.93162883333332,4.454674516666667,False,False,bicycle,electric_assist
2026-05-14T04:58:49Z,felyx,felyx:aff4e0c34961,51.901564433333334,4.5022969999999995,False,False,bicycle,electric_assist
2026-05-14T04:58:49Z,felyx,felyx:fc6761313647,51.939120233333334,4.496138316666667,False,False,bicycle,electric_assist
2026-05-14T04:58:49Z,felyx,felyx:512ecf3c79ea,51.916391416666656,4.491054166666668,False,True,bicycle,electric_assist
2026-05-14T04:58:49Z,felyx,felyx:c17845b3a093,51.890543616666676,4.464419516666667,False,False,bicycle,electric_assist
2026-05-14T04:58:49Z,felyx,felyx:3b1a07904329,51.91315813333333,4.4634669,False,False,bicycle,electric_assist
2026-05-14T04:58:49Z,felyx,felyx:2745729dd93d,51.917483350000005,4.417779100000001,False,False,bicycle,electric_assist
2026-05-14T04:58:49Z,felyx,felyx:0c716d625910,51.927163050000004,4.4763713,False,False,bicycle,electric_assist
2026-05-14T04:58:49Z,felyx,felyx:d62b81253a71,51.90901713333333,4.4697972166666675,False,False,bicycle,electric_assist
2026-05-14T04:58:49Z,felyx,felyx:a14325e96716,51.95620423333333,4.489947916666667,False,False,bicycle,electric_assist
2026-05-14T04:58:49Z,felyx,felyx:0e675b79b88a,51.92568936666666,4.454775833333334,False,False,bicycle,electric_assist
2026-05-14T04:58:49Z,felyx,felyx:775e7600bd1b,51.88718101666667,4.4716028166666675,False,False,bicycle,electric_assist
2026-05-14T04:58:49Z,felyx,felyx:1f81c885cc69,51.925772233333326,4.566027999999999,False,True,bicycle,electric_assist
2026-05-14T04:58:49Z,felyx,felyx:6b66fa4b9c18,51.91873913333334,4.460536516666667,False,True,bicycle,electric_assist
2026-05-14T04:58:49Z,felyx,felyx:c4405d85169c,51.88764621666666,4.499515816666667,False,True,bicycle,electric_assist
2026-05-14T04:58:49Z,felyx,felyx:6a591c5e51a4,51.91108123333334,4.447414216666666,False,False,bicycle,electric_assist
2026-05-14T04:58:49Z,felyx,felyx:de59a9891ffb,51.950636833333334,4.518633899999999,False,False,bicycle,electric_assist
2026-05-14T04:58:49Z,felyx,felyx:12ddde0491f6,51.90561553333334,4.4057314,False,False,bicycle,electric_assist
2026-05-14T04:58:49Z,felyx,felyx:422d1e04aa5f,51.921932433333325,4.370950216666666,False,True,bicycle,electric_assist
2026-05-14T04:58:49Z,felyx,felyx:c931e3dea16b,51.91013223333333,4.396388916666667,False,False,bicycle,electric_assist
2026-05-14T04:58:49Z,felyx,felyx:2b8271339c4d,51.886835016666666,4.5258083,False,True,bicycle,electric_assist
2026-05-14T04:58:49Z,felyx,felyx:e5687e18d5fa,51.92431483333333,4.468885216666666,False,True,bicycle,electric_assist
2026-05-14T04:58:49Z,felyx,felyx:144b8d4a3503,51.90290923333333,4.455266616666667,False,False,bicycle,electric_assist
2026-05-14T04:58:49Z,felyx,felyx:b1ac3554a61e,51.92852453333334,4.4569818166666675,False,False,bicycle,electric_assist
2026-05-14T04:58:49Z,felyx,felyx:5486d0c642c8,51.88416541666667,4.488868216666667,False,True,bicycle,electric_assist
2026-05-14T04:58:49Z,felyx,felyx:67b81b471656,51.93682233333333,4.436410500000001,False,False,bicycle,electric_assist
2026-05-14T04:58:49Z,felyx,felyx:c8b412542408,51.91439773333333,4.440011716666667,False,False,bicycle,electric_assist
2026-05-14T04:58:49Z,felyx,felyx:7779bb5ecade,51.91598923333333,4.5269591,False,False,bicycle,electric_assist
2026-05-14T04:58:49Z,felyx,felyx:1ce910a89fad,51.917452433333324,4.448694816666667,False,True,bicycle,electric_assist
2026-05-14T04:58:49Z,felyx,felyx:8d6cc52023c7,51.92406573333333,4.491534016666666,False,True,bicycle,electric_assist
2026-05-14T04:58:49Z,felyx,felyx:3a27aa66f549,51.92939033333333,4.455113716666666,False,False,bicycle,electric_assist
2026-05-14T04:58:49Z,felyx,felyx:b2dc6b349b25,51.87106911666666,4.472382216666667,False,False,bicycle,electric_assist
2026-05-14T04:58:49Z,felyx,felyx:0fbb3db33a86,51.92525843333332,4.510563800000001,False,False,bicycle,electric_assist
2026-05-14T04:58:49Z,felyx,felyx:8d472877dfd9,51.888855816666656,4.5003399,False,True,bicycle,electric_assist
2026-05-14T04:58:49Z,felyx,felyx:3ba6338c8a86,51.88844471666666,4.455702416666666,False,False,bicycle,electric_assist
2026-05-14T04:58:49Z,felyx,felyx:5aebec2c2e55,51.919241233333324,4.4965371166666666,False,False,bicycle,electric_assist
2026-05-14T04:58:49Z,felyx,felyx:9e454c52c1a0,51.89247711666666,4.5137328,False,False,bicycle,electric_assist
2026-05-14T04:58:49Z,felyx,felyx:661311a638b3,51.93028013333332,4.496401116666667,False,True,bicycle,electric_assist
2026-05-14T04:58:49Z,felyx,felyx:a932913c5d94,51.94132073333333,4.488100416666668,False,False,bicycle,electric_assist
2026-05-14T04:58:49Z,felyx,felyx:f9e7627f35c6,51.937993133333336,4.465049316666668,False,False,bicycle,electric_assist
2026-05-14T04:58:49Z,felyx,felyx:63d2c4450206,51.92874543333334,4.4990610166666665,False,True,bicycle,electric_assist
2026-05-14T04:58:49Z,felyx,felyx:bcd96eb73c12,51.92184553333333,4.5142769,False,False,bicycle,electric_assist
2026-05-14T04:58:49Z,felyx,felyx:327309afb3b3,51.91379073333332,4.4695628166666665,False,True,bicycle,electric_assist
2026-05-14T04:58:49Z,felyx,felyx:e06452aa5252,51.924685733333334,4.5170499,False,False,bicycle,electric_assist
2026-05-14T04:58:49Z,felyx,felyx:a300f505b15b,51.90461236666666,4.4860239166666664,False,False,bicycle,electric_assist
2026-05-14T04:58:49Z,felyx,felyx:13c0155219ca,51.88909481666666,4.466027116666667,False,False,bicycle,electric_assist
2026-05-14T04:58:49Z,felyx,felyx:9dc434cc3733,51.94181613333333,4.5464227,False,True,bicycle,electric_assist
2026-05-14T04:58:49Z,felyx,felyx:d638abd275d1,51.956915333333335,4.5088373,False,True,bicycle,electric_assist
2026-05-14T04:58:49Z,felyx,felyx:2051b815f8c0,51.92312953333334,4.496903916666667,False,False,bicycle,electric_assist
2026-05-14T04:58:49Z,felyx,felyx:de272ac4fb8c,51.92462913333334,4.510370900000001,False,False,bicycle,electric_assist
2026-05-14T04:58:49Z,felyx,felyx:035e2b9953fa,51.923819833333326,4.391137816666668,False,False,bicycle,electric_assist
2026-05-14T04:58:49Z,felyx,felyx:81c24fc43b51,51.92276813333332,4.4693123166666675,False,False,bicycle,electric_assist
2026-05-14T04:58:49Z,felyx,felyx:840e4ea578d4,51.962429783333334,4.4783134,False,False,bicycle,electric_assist
2026-05-14T04:58:49Z,felyx,felyx:41ff01f9036c,51.87937401666667,4.493605616666666,False,True,bicycle,electric_assist
2026-05-14T04:58:49Z,felyx,felyx:881fb3466f5d,51.88702651666667,4.5213629,False,True,bicycle,electric_assist
2026-05-14T04:58:49Z,felyx,felyx:7a8e5235a8f6,51.915658833333325,4.500830399999999,False,False,bicycle,electric_assist
2026-05-14T04:58:49Z,felyx,felyx:1c5ab2fd3e26,51.955648833333335,4.463108316666667,False,False,bicycle,electric_assist
2026-05-14T04:58:49Z,felyx,felyx:24f0194f9f7b,51.91769893333333,4.456384716666666,False,True,bicycle,electric_assist
2026-05-14T04:58:49Z,felyx,felyx:9227e487d5b3,51.89009011666667,4.511736099999999,False,False,bicycle,electric_assist
2026-05-14T04:58:49Z,felyx,felyx:7acafa9bd4cf,51.90325373333333,4.499817816666667,False,False,bicycle,electric_assist
2026-05-14T04:58:49Z,felyx,felyx:fb0c47ac517a,51.94928801666666,4.432689450000001,False,False,bicycle,electric_assist
2026-05-14T04:58:49Z,felyx,felyx:9f11adfd95cc,51.93594773333333,4.428116,False,True,bicycle,electric_assist
2026-05-14T04:58:49Z,felyx,felyx:ff8a76f3b37d,51.88970331666667,4.5017483,False,True,bicycle,electric_assist
2026-05-14T04:58:49Z,felyx,felyx:4ff274dd95b9,51.91744203333333,4.474654516666666,False,False,bicycle,electric_assist
2026-05-14T04:58:49Z,felyx,felyx:7bce1fbe079d,51.92195343333332,4.371003316666666,False,True,bicycle,electric_assist
2026-05-14T04:58:49Z,felyx,felyx:21e34bf9cc2e,51.92391625,4.394698333333333,False,False,bicycle,electric_assist
2026-05-14T04:58:49Z,felyx,felyx:8f190dd261d8,51.91811693333333,4.475249216666667,False,False,bicycle,electric_assist
2026-05-14T04:58:49Z,felyx,felyx:35a50589864b,51.93510873333332,4.461400716666667,False,False,bicycle,electric_assist
2026-05-14T04:58:49Z,felyx,felyx:7c791f6786a5,51.92715533333333,4.476331016666666,False,False,bicycle,electric_assist
2026-05-14T04:58:49Z,felyx,felyx:b0122963a9ef,51.90082713333333,4.483695516666667,False,False,bicycle,electric_assist
2026-05-14T04:58:49Z,felyx,felyx:3db9cc876b1c,51.92023313333334,4.497965516666666,False,False,bicycle,electric_assist
2026-05-14T04:58:49Z,felyx,felyx:37271e69c923,51.96117923333334,4.5051912,False,False,bicycle,electric_assist
2026-05-14T04:58:49Z,felyx,felyx:9d5ac0fbd180,51.920049533333334,4.438786499999999,False,False,bicycle,electric_assist
2026-05-14T04:58:49Z,felyx,felyx:aa8acb42f67c,51.90149183333333,4.4914360166666665,False,False,bicycle,electric_assist
2026-05-14T04:58:49Z,felyx,felyx:74721a95f7a4,51.92056323333333,4.511568199999999,False,False,bicycle,electric_assist
2026-05-14T04:58:49Z,check,check:8f0e3d0675a1,51.917762,4.438308,False,False,bicycle,electric_assist
2026-05-14T04:58:49Z,check,check:8e2166444fda,51.886474,4.549323,False,False,bicycle,electric_assist
2026-05-14T04:58:49Z,check,check:faf46701214b,51.941219,4.549281,False,False,bicycle,electric_assist
2026-05-14T04:58:49Z,check,check:cb21492bf64c,51.892556,4.473374,False,False,bicycle,electric_assist
2026-05-14T04:58:49Z,check,check:e5c4be5a6655,51.925932,4.486506,False,False,bicycle,electric_assist
2026-05-14T04:58:49Z,check,check:73c66ecab6fc,51.910223,4.424704,False,True,bicycle,electric_assist
2026-05-14T04:58:49Z,check,check:f6be8718a2ca,51.916995,4.465153,False,False,bicycle,electric_assist
2026-05-14T04:58:49Z,check,check:30f43924e64c,51.939445,4.542417,False,False,bicycle,electric_assist
2026-05-14T04:58:49Z,check,check:87839ed4e7b5,51.90673,4.492087,False,False,bicycle,electric_assist
2026-05-14T04:58:49Z,check,check:65bc35593646,51.910107,4.473758,False,False,bicycle,electric_assist
2026-05-14T04:58:49Z,check,check:8aab5349ff75,51.909294,4.523525,False,False,bicycle,electric_assist
2026-05-14T04:58:49Z,check,check:dba04d2b4b48,51.94247,4.537867,False,False,bicycle,electric_assist
2026-05-14T04:58:49Z,check,check:803772e04168,51.918531,4.511094,False,False,bicycle,electric_assist
2026-05-14T04:58:49Z,check,check:a94296be085d,51.907195,4.448058,False,False,bicycle,electric_assist
2026-05-14T04:58:49Z,check,check:b25662712fbc,51.927782,4.486565,False,False,bicycle,electric_assist
2026-05-14T04:58:49Z,check,check:6b19f49de7ee,51.907901,4.522736,False,False,bicycle,electric_assist
2026-05-14T04:58:49Z,check,check:17d7ffc30760,51.913606,4.459978,False,False,bicycle,electric_assist
2026-05-14T04:58:49Z,check,check:0d8130e125e1,51.945193,4.542404,False,False,bicycle,electric_assist
2026-05-14T04:58:49Z,check,check:52413dc7f411,51.91554,4.476735,False,True,bicycle,electric_assist
2026-05-14T04:58:49Z,check,check:13c026159d4f,51.887001,4.521333,False,False,bicycle,electric_assist
2026-05-14T04:58:49Z,check,check:bc5e78c8a090,51.937732,4.471524,False,False,bicycle,electric_assist
2026-05-14T04:58:49Z,check,check:3f8fceffb82c,51.916301,4.412048,False,False,bicycle,electric_assist
2026-05-14T04:58:49Z,check,check:5413c086be07,51.878315,4.448554,False,False,bicycle,electric_assist
2026-05-14T04:58:49Z,check,check:17326c5a70c7,51.919148,4.512732,False,False,bicycle,electric_assist
2026-05-14T04:58:49Z,check,check:d8032714a142,51.911896,4.509198,False,False,bicycle,electric_assist
2026-05-14T04:58:49Z,check,check:7adb1edf2998,51.922263,4.471476,False,False,bicycle,electric_assist
2026-05-14T04:58:49Z,check,check:d492ab3d5cc6,51.899531,4.510614,False,False,bicycle,electric_assist
2026-05-14T04:58:49Z,check,check:a9b4316cc89b,51.920739,4.511566,False,False,bicycle,electric_assist
2026-05-14T04:58:49Z,check,check:4c0b23d0fcbe,51.910856,4.553454,False,False,bicycle,electric_assist
2026-05-14T04:58:49Z,check,check:1487aa93bae1,51.965201,4.469352,False,False,bicycle,electric_assist
2026-05-14T04:58:49Z,check,check:67c7bbfe8756,51.905574,4.509568,False,False,bicycle,electric_assist
2026-05-14T04:58:49Z,check,check:d1cc179963dc,51.909481,4.523372,False,False,bicycle,electric_assist
2026-05-14T04:58:49Z,check,check:b6ee7e5c2489,51.874531,4.491941,False,False,bicycle,electric_assist
2026-05-14T04:58:49Z,check,check:c59ccafe450c,51.87018,4.498479,False,False,bicycle,electric_assist
2026-05-14T04:58:49Z,check,check:8179878af642,51.927458,4.440224,False,False,bicycle,electric_assist
2026-05-14T04:58:49Z,check,check:a70dfb4323c9,51.87114,4.46563,False,False,bicycle,electric_assist
2026-05-14T04:58:49Z,check,check:e13901dc15dd,51.94926,4.432618,False,False,bicycle,electric_assist
2026-05-14T04:58:49Z,check,check:62f28576a140,51.930038,4.48035,False,False,bicycle,electric_assist
2026-05-14T04:58:49Z,check,check:311a1432aee1,51.917244,4.523158,False,False,bicycle,electric_assist
2026-05-14T04:58:49Z,check,check:7743f7567fa3,51.964228,4.536567,False,False,bicycle,electric_assist
2026-05-14T04:58:49Z,check,check:22535945c0ed,51.909968,4.424932,False,True,bicycle,electric_assist
2026-05-14T04:58:49Z,check,check:4f8596a4e2fb,51.95968,4.505487,False,False,bicycle,electric_assist
2026-05-14T04:58:49Z,check,check:d47c70ac2418,51.9113,4.481973,False,False,bicycle,electric_assist
2026-05-14T04:58:49Z,check,check:7e451ad37279,51.931088,4.492865,False,False,bicycle,electric_assist
2026-05-14T04:58:49Z,check,check:53f11acc686e,51.903735,4.46301,False,False,bicycle,electric_assist
2026-05-14T04:58:49Z,check,check:6d588db664d7,51.916551,4.432039,False,False,bicycle,electric_assist
2026-05-14T04:58:49Z,check,check:fdf479053c1a,51.901307,4.488351,False,False,bicycle,electric_assist
2026-05-14T04:58:49Z,check,check:f81e44a0184a,51.886465,4.529152,False,False,bicycle,electric_assist
2026-05-14T04:58:49Z,check,check:0ddeac031db1,51.880492,4.530069,False,False,bicycle,electric_assist
2026-05-14T04:58:49Z,check,check:69ab3311fb4d,51.945249,4.555073,False,False,bicycle,electric_assist
2026-05-14T04:58:49Z,check,check:5999e610f27f,51.932802,4.475314,False,False,bicycle,electric_assist
2026-05-14T04:58:49Z,check,check:cb5943754e34,51.890644,4.514302,False,False,bicycle,electric_assist
2026-05-14T04:58:49Z,check,check:3d51e22a13a6,51.92137,4.521173,False,False,bicycle,electric_assist
2026-05-14T04:58:49Z,check,check:a74e7599d36c,51.93059,4.496136,False,False,bicycle,electric_assist
2026-05-14T04:58:49Z,check,check:cdc55f6ea776,51.904506,4.460307,False,False,bicycle,electric_assist
2026-05-14T04:58:49Z,check,check:0f17ffe2b774,51.909276,4.523558,False,False,bicycle,electric_assist
2026-05-14T04:58:49Z,check,check:7c30c476ebfc,51.937808,4.465192,False,False,bicycle,electric_assist
2026-05-14T04:58:49Z,check,check:6414a4b0bfde,51.902855,4.454905,False,False,bicycle,electric_assist
2026-05-14T04:58:49Z,check,check:de648f7df9f9,51.907983,4.519742,False,False,bicycle,electric_assist
2026-05-14T04:58:49Z,check,check:ae5eb9eb3385,51.935635,4.476172,False,False,bicycle,electric_assist
2026-05-14T04:58:49Z,check,check:854437c7af27,51.927758,4.470485,False,False,bicycle,electric_assist
2026-05-14T04:58:49Z,check,check:8ed6e4e902e7,51.949007,4.555949,False,False,bicycle,electric_assist
2026-05-14T04:58:49Z,check,check:ae26870b790a,51.917252,4.523022,False,False,bicycle,electric_assist
2026-05-14T04:58:49Z,check,check:333915cdd255,51.933186,4.453795,False,False,bicycle,electric_assist
2026-05-14T04:58:49Z,check,check:e38c9e14fb07,51.921651,4.507129,False,False,bicycle,electric_assist
2026-05-14T04:58:49Z,check,check:3b88f12e512a,51.917376,4.420561,False,False,bicycle,electric_assist
2026-05-14T04:58:49Z,check,check:7ddc0a2d3d38,51.92242,4.38344,False,False,bicycle,electric_assist
2026-05-14T04:58:49Z,check,check:52cb1afd51e0,51.891173,4.469239,False,False,bicycle,electric_assist
2026-05-14T04:58:49Z,check,check:1099374d93d1,51.908671,4.406146,False,False,bicycle,electric_assist
2026-05-14T04:58:49Z,check,check:b26b499853fa,51.901774,4.501822,False,False,bicycle,electric_assist
2026-05-14T04:58:49Z,check,check:841516d47362,51.888139,4.460907,False,False,bicycle,electric_assist
2026-05-14T04:58:49Z,check,check:562d9a366245,51.87279,4.46387,False,False,bicycle,electric_assist
2026-05-14T04:58:49Z,check,check:0505d713b43d,51.92267,4.497615,False,False,bicycle,electric_assist
2026-05-14T04:58:49Z,check,check:b669578d094f,51.871283,4.477668,False,False,bicycle,electric_assist
2026-05-14T04:58:49Z,check,check:abf915a0a473,51.931799,4.564152,False,False,bicycle,electric_assist
2026-05-14T04:58:49Z,check,check:e10e650ff21b,51.912167,4.431292,False,False,bicycle,electric_assist
2026-05-14T04:58:49Z,check,check:e18ab71f900d,51.908596,4.481783,False,False,bicycle,electric_assist
2026-05-14T04:58:49Z,check,check:eb90d0ab024f,51.945235,4.555035,False,False,bicycle,electric_assist
2026-05-14T04:58:49Z,check,check:d907650fa73b,51.917805,4.396257,False,False,bicycle,electric_assist
2026-05-14T04:58:49Z,check,check:fc40365c37b4,51.949255,4.432598,False,False,bicycle,electric_assist
2026-05-14T04:58:49Z,check,check:256bc62c2807,51.88623,4.479303,False,False,bicycle,electric_assist
2026-05-14T04:58:49Z,check,check:ceb102a306f6,51.927284,4.504008,False,False,bicycle,electric_assist
2026-05-14T04:58:49Z,check,check:98d74446f352,51.895607,4.50642,False,False,bicycle,electric_assist
2026-05-14T04:58:49Z,check,check:67194bacbf8c,51.910634,4.44001,False,False,bicycle,electric_assist
2026-05-14T04:58:49Z,check,check:2942f8bf3a6f,51.890422,4.493864,False,False,bicycle,electric_assist
2026-05-14T04:58:49Z,check,check:14e137fd8dcd,51.916524,4.43203,False,False,bicycle,electric_assist
2026-05-14T04:58:49Z,check,check:acf13c130aca,51.91809,4.441459,False,False,bicycle,electric_assist
2026-05-14T04:58:49Z,check,check:3d33118ee2d2,51.92002,4.510883,False,False,bicycle,electric_assist
2026-05-14T04:58:49Z,check,check:a75214c6b433,51.890593,4.467361,False,False,bicycle,electric_assist
2026-05-14T04:58:49Z,check,check:19dd85e611bd,51.91883,4.472539,False,False,bicycle,electric_assist
2026-05-14T04:58:49Z,check,check:8be2b14e92ae,51.965116,4.469272,False,False,bicycle,electric_assist
2026-05-14T04:58:49Z,check,check:0708ce24db44,51.94829,4.566534,False,False,bicycle,electric_assist
2026-05-14T04:58:49Z,check,check:290f7f2d34b0,51.943936,4.541924,False,False,bicycle,electric_assist
2026-05-14T04:58:49Z,check,check:0ee8ab887e75,51.966848,4.466666,False,False,bicycle,electric_assist
2026-05-14T04:58:49Z,check,check:6356322c2c30,51.933779,4.482788,False,False,bicycle,electric_assist
2026-05-14T04:58:49Z,check,check:7f5c7dd5f392,51.939008,4.495815,False,False,bicycle,electric_assist
2026-05-14T04:58:49Z,check,check:ba5f63013ac1,51.878442,4.536631,False,False,bicycle,electric_assist
2026-05-14T04:58:49Z,check,check:a9748a2d6fa8,51.89254,4.490388,False,False,bicycle,electric_assist
2026-05-14T04:58:49Z,check,check:13b079318ba1,51.918874,4.493903,False,True,bicycle,electric_assist
2026-05-14T04:58:49Z,check,check:c605311f4aa9,51.882642,4.521144,False,False,bicycle,electric_assist
2026-05-14T04:58:49Z,check,check:f7f8c41b9579,51.918557,4.471734,False,False,bicycle,electric_assist
2026-05-14T04:58:49Z,check,check:6e7391a787d3,51.88816,4.460878,False,False,bicycle,electric_assist
2026-05-14T04:58:49Z,check,check:354590507c6a,51.876161,4.493547,False,False,bicycle,electric_assist
2026-05-14T04:58:49Z,check,check:1a4cd57fd61a,51.942668,4.427186,False,False,bicycle,electric_assist
2026-05-14T04:58:49Z,check,check:518156fb9861,51.909851,4.463852,False,False,bicycle,electric_assist
2026-05-14T04:58:49Z,check,check:df6250981203,51.946425,4.481161,False,False,bicycle,electric_assist
2026-05-14T04:58:49Z,check,check:244e878d9106,51.927169,4.51862,False,False,bicycle,electric_assist
2026-05-14T04:58:49Z,check,check:98c062c994b7,51.889854,4.505717,False,False,bicycle,electric_assist
2026-05-14T04:58:49Z,check,check:6dbfe45bcdf9,51.956125,4.520257,False,False,bicycle,electric_assist
2026-05-14T04:58:49Z,check,check:7f3996505a36,51.921618,4.512731,False,False,bicycle,electric_assist
2026-05-14T04:58:49Z,check,check:ed8a0521fe42,51.928204,4.499838,False,False,bicycle,electric_assist
2026-05-14T04:58:49Z,check,check:7461933ca1af,51.909506,4.464067,False,False,bicycle,electric_assist
2026-05-14T04:58:49Z,check,check:c651f55c1122,51.942355,4.553763,False,False,bicycle,electric_assist
2026-05-14T04:58:49Z,check,check:f173a4ef8e7d,51.927346,4.486943,False,False,bicycle,electric_assist
2026-05-14T04:58:49Z,check,check:f45c3dd6c276,51.945875,4.534343,False,False,bicycle,electric_assist
2026-05-14T04:58:49Z,check,check:93cf4a1bc8c8,51.910559,4.475187,False,False,bicycle,electric_assist
2026-05-14T04:58:49Z,check,check:e8cc9e6d3048,51.912905,4.511433,False,False,bicycle,electric_assist
2026-05-14T04:58:49Z,check,check:f59cb1ddf4cd,51.912646,4.392817,False,False,bicycle,electric_assist
2026-05-14T04:58:49Z,check,check:024ac50f58c9,51.874283,4.52311,False,False,bicycle,electric_assist
2026-05-14T04:58:49Z,check,check:c2beb1a5446c,51.89304,4.539199,False,False,bicycle,electric_assist
2026-05-14T04:58:49Z,check,check:0e25e64c5853,51.892762,4.508392,False,False,bicycle,electric_assist
2026-05-14T04:58:49Z,check,check:c24a4f2bc107,51.906463,4.505804,False,False,bicycle,electric_assist
2026-05-14T04:58:49Z,check,check:1b4f41c43510,51.927986,4.535963,False,False,bicycle,electric_assist
2026-05-14T04:58:49Z,check,check:59b0d9c74182,51.928543,4.541937,False,False,bicycle,electric_assist
2026-05-14T04:58:49Z,check,check:c829daec4700,51.931394,4.503465,False,False,bicycle,electric_assist
2026-05-14T04:58:49Z,check,check:b7b882879508,51.886198,4.549268,False,False,bicycle,electric_assist
2026-05-14T04:58:49Z,check,check:3b97b6c26a95,51.902879,4.497887,False,False,bicycle,electric_assist
2026-05-14T04:58:49Z,check,check:7cf61a599a5c,51.918552,4.471711,False,False,bicycle,electric_assist
2026-05-14T04:58:49Z,check,check:1631729b8a47,51.912143,4.504336,False,False,bicycle,electric_assist
2026-05-14T04:58:49Z,check,check:5c3961b3e978,51.950501,4.474406,False,False,bicycle,electric_assist
2026-05-14T04:58:49Z,check,check:e5ad3a64f1cf,51.920939,4.490949,False,False,bicycle,electric_assist
2026-05-14T04:58:49Z,check,check:2791ee600fce,51.911294,4.524674,False,False,bicycle,electric_assist
2026-05-14T04:58:49Z,check,check:1b87ebc371b5,51.942654,4.481384,False,False,bicycle,electric_assist
2026-05-14T04:58:49Z,check,check:b4a4752666cc,51.913183,4.459928,False,False,bicycle,electric_assist
2026-05-14T04:58:49Z,check,check:a0e070dedf5a,51.903962,4.462854,False,False,bicycle,electric_assist
2026-05-14T04:58:49Z,check,check:7173f6585e03,51.914197,4.496202,False,False,bicycle,electric_assist
2026-05-14T04:58:49Z,check,check:4df77647f6ca,51.949252,4.432601,False,False,bicycle,electric_assist
2026-05-14T04:58:49Z,check,check:ef696c8a371f,51.90667,4.475053,False,False,bicycle,electric_assist
2026-05-14T04:58:49Z,check,check:b256cff84ea4,51.927351,4.440662,False,False,bicycle,electric_assist
2026-05-14T04:58:49Z,check,check:ef608d7e2525,51.893966,4.470029,False,False,bicycle,electric_assist
2026-05-14T04:58:49Z,check,check:8bce3901817e,51.911953,4.436297,False,False,bicycle,electric_assist
2026-05-14T04:58:49Z,check,check:dbd330b9e6d0,51.920743,4.505869,False,False,bicycle,electric_assist
2026-05-14T04:58:49Z,check,check:6c9f586e532d,51.924874,4.488497,False,False,bicycle,electric_assist
2026-05-14T04:58:49Z,check,check:5805c567dd88,51.934519,4.432506,False,False,bicycle,electric_assist
2026-05-14T04:58:49Z,check,check:2dc531f80c17,51.932435,4.485746,False,False,bicycle,electric_assist
2026-05-14T04:58:49Z,check,check:09e96a3efdeb,51.897864,4.544149,False,False,bicycle,electric_assist
2026-05-14T04:58:49Z,check,check:275e40d0a793,51.910811,4.451508,False,False,bicycle,electric_assist
2026-05-14T04:58:49Z,check,check:7ae06d092416,51.886214,4.549322,False,False,bicycle,electric_assist
2026-05-14T04:58:49Z,check,check:96c1cf458fd5,51.923042,4.513283,False,False,bicycle,electric_assist
2026-05-14T04:58:49Z,check,check:37a9c6292050,51.910655,4.489811,False,False,bicycle,electric_assist
2026-05-14T04:58:49Z,check,check:6e5693b70be7,51.875668,4.493425,False,False,bicycle,electric_assist
2026-05-14T04:58:49Z,check,check:be84b9c24d45,51.942636,4.472635,False,False,bicycle,electric_assist
2026-05-14T04:58:49Z,check,check:794869c13f1b,51.921483,4.394723,False,False,bicycle,electric_assist
2026-05-14T04:58:49Z,check,check:b8f874616825,51.927256,4.504013,False,False,bicycle,electric_assist
2026-05-14T04:58:49Z,check,check:55f7d5d56605,51.912217,4.502435,False,False,bicycle,electric_assist
2026-05-14T04:58:49Z,check,check:27909788df4e,51.903416,4.510258,False,False,bicycle,electric_assist
2026-05-14T04:58:49Z,check,check:d7935307970d,51.890824,4.475614,False,False,bicycle,electric_assist
2026-05-14T04:58:49Z,check,check:fd746e88d5fd,51.913158,4.459632,False,False,bicycle,electric_assist
2026-05-14T04:58:49Z,check,check:7de4332523ad,51.93545,4.468432,False,False,bicycle,electric_assist
2026-05-14T04:58:49Z,check,check:27d841e7e82f,51.890208,4.475285,False,False,bicycle,electric_assist
2026-05-14T04:58:49Z,check,check:740e1b1c17e3,51.910268,4.435139,False,False,bicycle,electric_assist
2026-05-14T04:58:49Z,check,check:6177ba592d3f,51.964951,4.498196,False,False,bicycle,electric_assist
2026-05-14T04:58:49Z,check,check:8de94e9b2a09,51.916845,4.441835,False,False,bicycle,electric_assist
2026-05-14T04:58:49Z,check,check:fe95d1a6df21,51.892692,4.489089,False,False,bicycle,electric_assist
2026-05-14T04:58:49Z,check,check:58ec552cd41d,51.889009,4.465562,False,False,bicycle,electric_assist
2026-05-14T04:58:49Z,check,check:48f4d9d9913d,51.945217,4.555084,False,False,bicycle,electric_assist
2026-05-14T04:58:49Z,check,check:6c5f16dc9bbb,51.911194,4.383955,False,False,bicycle,electric_assist
2026-05-14T04:58:49Z,check,check:323a8d5da616,51.911214,4.481941,False,False,bicycle,electric_assist
2026-05-14T04:58:49Z,check,check:0b67c9a6899c,51.924744,4.516961,False,False,bicycle,electric_assist
2026-05-14T04:58:49Z,check,check:6cec84872d18,51.927334,4.440684,False,False,bicycle,electric_assist
2026-05-14T04:58:49Z,check,check:4e49a1c1ecef,51.919101,4.488377,False,False,bicycle,electric_assist
2026-05-14T04:58:49Z,check,check:b6940bcdcb9a,51.908729,4.406056,False,False,bicycle,electric_assist
2026-05-14T04:58:49Z,check,check:f5c48ad816dd,51.907839,4.453813,False,False,bicycle,electric_assist
2026-05-14T04:58:49Z,check,check:49f963156db1,51.942764,4.481153,False,False,bicycle,electric_assist
2026-05-14T04:58:49Z,check,check:a145b4ab68b7,51.917196,4.523495,False,False,bicycle,electric_assist
2026-05-14T04:58:49Z,check,check:a9e922985a39,51.91614,4.462893,False,False,bicycle,electric_assist
2026-05-14T04:58:49Z,check,check:8f0bba168925,51.887358,4.497504,False,False,bicycle,electric_assist
2026-05-14T04:58:49Z,check,check:b9402bc3074a,51.909959,4.423385,False,False,bicycle,electric_assist
2026-05-14T04:58:49Z,check,check:7d64bbc2ae14,51.92002,4.514362,False,False,bicycle,electric_assist
2026-05-14T04:58:49Z,check,check:3467e8a3b4bc,51.90405,4.458078,False,False,bicycle,electric_assist
2026-05-14T04:58:49Z,check,check:1f4073d54544,51.917409,4.420497,False,False,bicycle,electric_assist
2026-05-14T04:58:49Z,check,check:d32bf3824db0,51.917403,4.420547,False,False,bicycle,electric_assist
2026-05-14T04:58:49Z,check,check:33ff5cb1d216,51.939944,4.548793,False,False,bicycle,electric_assist
2026-05-14T04:58:49Z,check,check:efefba8e946b,51.922324,4.383326,False,False,bicycle,electric_assist
2026-05-14T04:58:49Z,check,check:0785d015d4f8,51.88637,4.549313,False,False,bicycle,electric_assist
2026-05-14T04:58:49Z,check,check:27072e34136f,51.909928,4.423336,False,False,bicycle,electric_assist
2026-05-14T04:58:49Z,check,check:a775332538cf,51.916185,4.527033,False,True,bicycle,electric_assist
2026-05-14T04:58:49Z,check,check:6f211afa97e2,51.933402,4.431532,False,False,bicycle,electric_assist
2026-05-14T04:58:49Z,check,check:a2b02b84e08b,51.916212,4.41199,False,True,bicycle,electric_assist
2026-05-14T04:58:49Z,check,check:c23b87606798,51.918503,4.464721,False,False,bicycle,electric_assist
2026-05-14T04:58:49Z,check,check:9beb2909239b,51.91336,4.460693,False,False,bicycle,electric_assist
2026-05-14T04:58:49Z,check,check:672fc1168af9,51.920956,4.447241,False,False,bicycle,electric_assist
2026-05-14T04:58:49Z,check,check:4c22a37047b0,51.92132,4.384583,False,False,bicycle,electric_assist
2026-05-14T04:58:49Z,check,check:d143361c596e,51.942419,4.537855,False,False,bicycle,electric_assist
2026-05-14T04:58:49Z,check,check:ff25e1699425,51.929269,4.496826,False,False,bicycle,electric_assist
2026-05-14T04:58:49Z,check,check:861d66afb688,51.892901,4.484271,False,False,bicycle,electric_assist
2026-05-14T04:58:49Z,check,check:b7153abe10ac,51.9244,4.516954,False,False,bicycle,electric_assist
2026-05-14T04:58:49Z,check,check:d9fb18624a08,51.921447,4.394803,False,False,bicycle,electric_assist
2026-05-14T04:58:49Z,check,check:754da30b36b0,51.917236,4.523469,False,False,bicycle,electric_assist
2026-05-14T04:58:49Z,check,check:7dbd7498c94d,51.893103,4.463361,False,False,bicycle,electric_assist
2026-05-14T04:58:49Z,check,check:918b27adf5da,51.922592,4.382586,False,False,bicycle,electric_assist
2026-05-14T04:58:49Z,check,check:43291b5caab1,51.961173,4.505131,False,False,bicycle,electric_assist
2026-05-14T04:58:49Z,check,check:3d9a2763dbda,51.915617,4.500822,False,False,bicycle,electric_assist
2026-05-14T04:58:49Z,check,check:fcbfb172a0a9,51.890977,4.476562,False,False,bicycle,electric_assist
2026-05-14T04:58:49Z,check,check:3e512aeb0041,51.914128,4.507465,False,False,bicycle,electric_assist
2026-05-14T04:58:49Z,check,check:6892cae3a91e,51.891908,4.47668,False,False,bicycle,electric_assist
2026-05-14T04:58:49Z,check,check:3b0e665c6b17,51.92056,4.528502,False,False,bicycle,electric_assist
2026-05-14T04:58:49Z,check,check:d497515155d1,51.901788,4.491331,False,False,bicycle,electric_assist
2026-05-14T04:58:49Z,check,check:a9c077f63af3,51.962694,4.472938,False,False,bicycle,electric_assist
2026-05-14T04:58:49Z,check,check:aa54ff745780,51.916176,4.490213,False,False,bicycle,electric_assist
2026-05-14T04:58:49Z,check,check:2b6355195240,51.915116,4.474436,False,True,bicycle,electric_assist
2026-05-14T04:58:49Z,check,check:a747995075ac,51.908527,4.504906,False,False,bicycle,electric_assist
2026-05-14T04:58:49Z,check,check:840f8332f65b,51.910724,4.553898,False,False,bicycle,electric_assist
2026-05-14T04:58:49Z,check,check:7c31d0e3c0f6,51.917244,4.523221,False,False,bicycle,electric_assist
2026-05-14T04:58:49Z,check,check:c0f7fffdcccf,51.912321,4.398617,False,False,bicycle,electric_assist
2026-05-14T04:58:49Z,check,check:ff171e739af5,51.906516,4.526461,False,False,bicycle,electric_assist
2026-05-14T04:58:49Z,check,check:4eab22bc9428,51.886998,4.521331,False,False,bicycle,electric_assist
2026-05-14T04:58:49Z,check,check:e9d21b97cc1b,51.926729,4.462616,False,False,bicycle,electric_assist
2026-05-14T04:58:49Z,check,check:55d575162066,51.890801,4.472663,False,False,bicycle,electric_assist
2026-05-14T04:58:49Z,check,check:3037febac48c,51.916766,4.41021,False,False,bicycle,electric_assist
2026-05-14T04:58:49Z,check,check:9740c937036e,51.925458,4.50863,False,False,bicycle,electric_assist
2026-05-14T04:58:49Z,check,check:fe88040f1cb4,51.912774,4.447604,False,False,bicycle,electric_assist
2026-05-14T04:58:49Z,check,check:88f398a2f5cf,51.920536,4.469397,False,False,bicycle,electric_assist
2026-05-14T04:58:49Z,check,check:a5703ca7b351,51.920608,4.507743,False,False,bicycle,electric_assist
2026-05-14T04:58:49Z,check,check:151413958e91,51.919175,4.442642,False,False,bicycle,electric_assist
2026-05-14T04:58:49Z,check,check:5ea6d9dfac27,51.927625,4.48751,False,False,bicycle,electric_assist
2026-05-14T04:58:49Z,check,check:2825f79c2f40,51.894393,4.467118,False,False,bicycle,electric_assist
2026-05-14T04:58:49Z,check,check:46951f2f3e86,51.945039,4.482762,False,False,bicycle,electric_assist
2026-05-14T04:58:49Z,check,check:2cfed25f9391,51.90733,4.402263,False,False,bicycle,electric_assist
2026-05-14T04:58:49Z,check,check:84d28714cfd0,51.921839,4.460587,False,False,bicycle,electric_assist
2026-05-14T04:58:49Z,check,check:3087aa34882e,51.878109,4.470598,False,False,bicycle,electric_assist
2026-05-14T04:58:49Z,check,check:9a18d57f1e76,51.968739,4.484734,False,False,bicycle,electric_assist
2026-05-14T04:58:49Z,check,check:a2e86337e950,51.921018,4.559231,False,False,bicycle,electric_assist
2026-05-14T04:58:49Z,check,check:7675c2ac589c,51.949266,4.432553,False,False,bicycle,electric_assist
2026-05-14T04:58:49Z,check,check:b527c9d0940b,51.917316,4.464438,False,False,bicycle,electric_assist
2026-05-14T04:58:49Z,check,check:1751b69c94ec,51.949265,4.432618,False,False,bicycle,electric_assist
2026-05-14T04:58:49Z,check,check:ec0a0657a755,51.928824,4.50986,False,False,bicycle,electric_assist
2026-05-14T04:58:49Z,check,check:43ff65c09a90,51.870243,4.494278,False,False,bicycle,electric_assist
2026-05-14T04:58:49Z,check,check:b6f967f67eb9,51.921509,4.394804,False,False,bicycle,electric_assist
2026-05-14T04:58:49Z,check,check:f4e9cd8fb233,51.919298,4.442481,False,False,bicycle,electric_assist
2026-05-14T04:58:49Z,check,check:3db5aa670857,51.906482,4.446488,False,False,bicycle,electric_assist
2026-05-14T04:58:49Z,check,check:8a0a1c0e0999,51.908169,4.467333,False,True,bicycle,electric_assist
2026-05-14T04:58:49Z,check,check:b08a8e914013,51.953814,4.520101,False,False,bicycle,electric_assist
2026-05-14T04:58:49Z,check,check:9d018a886215,51.925283,4.47416,False,False,bicycle,electric_assist
2026-05-14T04:58:49Z,check,check:7af3aa2cdfed,51.907913,4.462022,False,False,bicycle,electric_assist
2026-05-14T04:58:49Z,check,check:ee26e89008b3,51.902131,4.511274,False,False,bicycle,electric_assist
2026-05-14T04:58:49Z,check,check:38f2bdc13e3e,51.869968,4.487505,False,False,bicycle,electric_assist
2026-05-14T04:58:49Z,check,check:b9d6cf560f31,51.949266,4.432642,False,False,bicycle,electric_assist
2026-05-14T04:58:49Z,check,check:bafeb3b57856,51.946932,4.473794,False,False,bicycle,electric_assist
2026-05-14T04:58:49Z,check,check:6a295c7daccc,51.920991,4.559283,False,False,bicycle,electric_assist
2026-05-14T04:58:49Z,check,check:a0ccf74f6875,51.919564,4.486509,False,False,bicycle,electric_assist
2026-05-14T04:58:49Z,check,check:666f40b03417,51.874299,4.52319,False,False,bicycle,electric_assist
2026-05-14T04:58:49Z,check,check:0e1ea2adfc7d,51.96071,4.489456,False,False,bicycle,electric_assist
2026-05-14T04:58:49Z,check,check:4175482f1ae4,51.94486,4.541793,False,False,bicycle,electric_assist
2026-05-14T04:58:49Z,check,check:66b2a8b07390,51.944653,4.482557,False,False,bicycle,electric_assist
2026-05-14T04:58:49Z,check,check:67af94ec2a9b,51.910778,4.553885,False,False,bicycle,electric_assist
2026-05-14T04:58:49Z,check,check:7851ded32019,51.894085,4.527641,False,False,bicycle,electric_assist
2026-05-14T04:58:49Z,check,check:5ae0e0c70a8a,51.921056,4.407839,False,False,bicycle,electric_assist
2026-05-14T04:58:49Z,check,check:72e7d6d5ec78,51.923325,4.512148,False,False,bicycle,electric_assist
2026-05-14T04:58:49Z,check,check:630d09dd6530,51.895355,4.501662,False,False,bicycle,electric_assist
2026-05-14T04:58:49Z,check,check:8110392694ea,51.921021,4.559264,False,False,bicycle,electric_assist
2026-05-14T04:58:49Z,check,check:2bf3c7d1b5d2,51.902416,4.494784,False,False,bicycle,electric_assist
2026-05-14T04:58:49Z,check,check:f484f1f59bd1,51.911274,4.524829,False,False,bicycle,electric_assist
2026-05-14T04:58:49Z,check,check:0bc25e6da003,51.912961,4.467355,False,False,bicycle,electric_assist
2026-05-14T04:58:49Z,check,check:c0a4dcdaecd5,51.920917,4.490966,False,False,bicycle,electric_assist
2026-05-14T04:58:49Z,check,check:4bf09109be28,51.891124,4.48771,False,False,bicycle,electric_assist
2026-05-14T04:58:49Z,check,check:abad789a7b15,51.942578,4.423081,False,False,bicycle,electric_assist
2026-05-14T04:58:49Z,check,check:6db8d5ee362b,51.921477,4.510919,False,False,bicycle,electric_assist
2026-05-14T04:58:49Z,check,check:40d9c97987e5,51.892838,4.484201,False,False,bicycle,electric_assist
2026-05-14T04:58:49Z,check,check:b517b1db2092,51.938577,4.479487,False,False,bicycle,electric_assist
2026-05-14T04:58:49Z,check,check:12035207f9da,51.919989,4.501934,False,False,bicycle,electric_assist
2026-05-14T04:58:49Z,check,check:f0929dd5b616,51.949237,4.432615,False,False,bicycle,electric_assist
2026-05-14T04:58:49Z,check,check:535e5f41bad3,51.91159,4.478567,False,False,bicycle,electric_assist
2026-05-14T04:58:49Z,check,check:33099ee1aefe,51.917189,4.460248,False,False,bicycle,electric_assist
2026-05-14T04:58:49Z,check,check:93da3ef3996c,51.922548,4.50307,False,False,bicycle,electric_assist
2026-05-14T04:58:49Z,check,check:9fe5eb55ad33,51.919947,4.48972,False,False,bicycle,electric_assist
2026-05-14T04:58:49Z,check,check:91fc6d7542f8,51.88625,4.479301,False,False,bicycle,electric_assist
2026-05-14T04:58:49Z,check,check:73d49f2bbd38,51.961177,4.505113,False,False,bicycle,electric_assist
2026-05-14T04:58:49Z,check,check:481b54a7b381,51.91963,4.503763,False,False,bicycle,electric_assist
2026-05-14T04:58:49Z,check,check:13f0be118d15,51.926349,4.515265,False,False,bicycle,electric_assist
2026-05-14T04:58:49Z,check,check:828f8a168e66,51.893583,4.526076,False,False,bicycle,electric_assist
2026-05-14T04:58:49Z,check,check:a3b04e015d76,51.915708,4.430323,False,False,bicycle,electric_assist
2026-05-14T04:58:49Z,check,check:1e0801888b24,51.907121,4.496101,False,False,bicycle,electric_assist
2026-05-14T04:58:49Z,check,check:dbf0501ddd74,51.888941,4.481524,False,False,bicycle,electric_assist
2026-05-14T04:58:49Z,check,check:5caca41245d0,51.909989,4.423378,False,False,bicycle,electric_assist
2026-05-14T04:58:49Z,check,check:241b88893134,51.91903,4.462638,False,False,bicycle,electric_assist
2026-05-14T04:58:49Z,check,check:1184ac4a1322,51.954664,4.473593,False,False,bicycle,electric_assist
2026-05-14T04:58:49Z,check,check:3e42ea030667,51.949261,4.432645,False,False,bicycle,electric_assist
2026-05-14T04:58:49Z,check,check:1745089a9cea,51.949275,4.5602,False,False,bicycle,electric_assist
2026-05-14T04:58:49Z,check,check:c7404dcfd6be,51.916929,4.383556,False,False,bicycle,electric_assist
2026-05-14T04:58:49Z,check,check:69c7ea2b00ce,51.902853,4.454784,False,False,bicycle,electric_assist
2026-05-14T04:58:49Z,check,check:dcfa4a677546,51.908703,4.406124,False,False,bicycle,electric_assist
2026-05-14T04:58:49Z,check,check:61a4b9b6bfa1,51.928406,4.535708,False,False,bicycle,electric_assist
2026-05-14T04:58:49Z,check,check:a55e505556d0,51.910119,4.52291,False,False,bicycle,electric_assist
2026-05-14T04:58:49Z,check,check:1883cc635d8a,51.929202,4.455829,False,False,bicycle,electric_assist
2026-05-14T04:58:49Z,check,check:50e86f4c8cb8,51.917412,4.42033,False,False,bicycle,electric_assist
2026-05-14T04:58:49Z,check,check:04c65a88fc0d,51.882662,4.521166,False,False,bicycle,electric_assist
2026-05-14T04:58:49Z,check,check:e2123ff3cd6f,51.924491,4.499069,False,False,bicycle,electric_assist
2026-05-14T04:58:49Z,check,check:2a4c7998659d,51.932096,4.42787,False,False,bicycle,electric_assist
2026-05-14T04:58:49Z,check,check:03525a3a8eb7,51.903315,4.504516,False,False,bicycle,electric_assist
2026-05-14T04:58:49Z,check,check:abfa00fc4d4b,51.92802,4.547454,False,False,bicycle,electric_assist
2026-05-14T04:58:49Z,check,check:5378b8b09329,51.91723,4.523142,False,False,bicycle,electric_assist
2026-05-14T04:58:49Z,check,check:046c0ad3f61c,51.931166,4.486049,False,False,bicycle,electric_assist
2026-05-14T04:58:49Z,check,check:2d10567b12c6,51.932138,4.501262,False,False,bicycle,electric_assist
2026-05-14T04:58:49Z,check,check:f2c07da4e670,51.906622,4.474701,False,False,bicycle,electric_assist
2026-05-14T04:58:49Z,check,check:d1148f7f116f,51.915515,4.430466,False,False,bicycle,electric_assist
2026-05-14T04:58:49Z,check,check:cababd6da60d,51.928546,4.541603,False,False,bicycle,electric_assist
2026-05-14T04:58:49Z,check,check:056fcc191dbb,51.922034,4.485526,False,False,bicycle,electric_assist
2026-05-14T04:58:49Z,check,check:6ff8dc18e642,51.917645,4.484831,False,False,bicycle,electric_assist
2026-05-14T04:58:49Z,check,check:041e0e1845b8,51.949265,4.432597,False,False,bicycle,electric_assist
2026-05-14T04:58:49Z,check,check:159b77443fd9,51.922367,4.471428,False,False,bicycle,electric_assist
2026-05-14T04:58:49Z,check,check:9d65faf2a5a1,51.960872,4.535376,False,False,bicycle,electric_assist
2026-05-14T04:58:49Z,check,check:5b5757dd1368,51.910212,4.424686,False,True,bicycle,electric_assist
2026-05-14T04:58:49Z,check,check:2f363c6d8774,51.920939,4.559156,False,False,bicycle,electric_assist
2026-05-14T04:58:49Z,check,check:89699a4bb8fe,51.952573,4.47354,False,False,bicycle,electric_assist
2026-05-14T04:58:49Z,check,check:f3eb0a9aa2e7,51.923877,4.478625,False,False,bicycle,electric_assist
2026-05-14T04:58:49Z,check,check:498e57123334,51.890836,4.476735,False,False,bicycle,electric_assist
2026-05-14T04:58:49Z,check,check:f35c0e570057,51.894368,4.487412,False,False,bicycle,electric_assist
2026-05-14T04:58:49Z,check,check:854e786ffa7b,51.92798,4.535917,False,False,bicycle,electric_assist
2026-05-14T04:58:49Z,check,check:1474ea342b7b,51.949813,4.555167,False,False,bicycle,electric_assist
2026-05-14T04:58:49Z,check,check:68177b27bfd9,51.88043,4.530122,False,False,bicycle,electric_assist
2026-05-14T04:58:49Z,check,check:6a2bc2223ef0,51.916335,4.411981,False,False,bicycle,electric_assist
2026-05-14T04:58:49Z,check,check:06fb9848228a,51.905962,4.444635,False,False,bicycle,electric_assist
2026-05-14T04:58:49Z,check,check:a58c4ba4b99c,51.905847,4.490905,False,True,bicycle,electric_assist
2026-05-14T04:58:49Z,check,check:1a734481996c,51.916589,4.451078,False,False,bicycle,electric_assist
2026-05-14T04:58:49Z,check,check:f4b1425cc3de,51.913586,4.485142,False,False,bicycle,electric_assist
2026-05-14T04:58:49Z,check,check:7aa5ed7591cf,51.911046,4.50134,False,False,bicycle,electric_assist
2026-05-14T04:58:49Z,check,check:831a1ccc9c9e,51.921453,4.531769,False,False,bicycle,electric_assist
2026-05-14T04:58:49Z,check,check:405e70862fe3,51.925474,4.513672,False,False,bicycle,electric_assist
2026-05-14T04:58:49Z,check,check:5bdcff0dc72b,51.915814,4.500004,False,False,bicycle,electric_assist
2026-05-14T04:58:49Z,check,check:0c31820dc593,51.942459,4.537854,False,False,bicycle,electric_assist
2026-05-14T04:58:49Z,check,check:a66ba38aceb2,51.922831,4.508651,False,False,bicycle,electric_assist
2026-05-14T04:58:49Z,check,check:cd79b81c27b3,51.92631,4.517837,False,False,bicycle,electric_assist
2026-05-14T04:58:49Z,check,check:96afed24d082,51.94065,4.556906,False,False,bicycle,electric_assist
2026-05-14T04:58:49Z,check,check:fe4241a2864c,51.92249,4.506447,False,False,bicycle,electric_assist
2026-05-14T04:58:49Z,check,check:753ff2bfc28d,51.955082,4.49383,False,False,bicycle,electric_assist
2026-05-14T04:58:49Z,check,check:81dda90ab547,51.892314,4.530797,False,False,bicycle,electric_assist
2026-05-14T04:58:49Z,check,check:16360a583178,51.96603,4.470551,False,False,bicycle,electric_assist
2026-05-14T04:58:49Z,check,check:870701d05899,51.917039,4.441019,False,False,bicycle,electric_assist
2026-05-14T04:58:49Z,check,check:4dac669d46b5,51.871888,4.490589,False,False,bicycle,electric_assist
2026-05-14T04:58:49Z,check,check:4113ca812cc9,51.912873,4.458415,False,False,bicycle,electric_assist
2026-05-14T04:58:49Z,check,check:98c7cb2f538d,51.890734,4.493881,False,False,bicycle,electric_assist
2026-05-14T04:58:49Z,check,check:c9bc142e432f,51.902288,4.496131,False,False,bicycle,electric_assist
2026-05-14T04:58:49Z,check,check:68d18206f210,51.941725,4.474457,False,False,bicycle,electric_assist
2026-05-14T04:58:49Z,check,check:c11e023a187f,51.903971,4.484912,False,False,bicycle,electric_assist
2026-05-14T04:58:49Z,check,check:adc15a779382,51.921806,4.558639,False,False,bicycle,electric_assist
2026-05-14T04:58:49Z,check,check:22a46f363c9b,51.920737,4.510414,False,True,bicycle,electric_assist
2026-05-14T04:58:49Z,check,check:2892379f4295,51.906884,4.38563,False,False,bicycle,electric_assist
2026-05-14T04:58:49Z,check,check:115c5c5809eb,51.917383,4.420505,False,False,bicycle,electric_assist
2026-05-14T04:58:49Z,check,check:0d762fe354a8,51.919101,4.482673,False,False,bicycle,electric_assist
2026-05-14T04:58:49Z,check,check:bea9feead8b6,51.919552,4.512847,False,False,bicycle,electric_assist
2026-05-14T04:58:49Z,check,check:fc8936ea2bc3,51.911338,4.524619,False,False,bicycle,electric_assist
2026-05-14T04:58:49Z,check,check:d92e1a777493,51.942421,4.537872,False,False,bicycle,electric_assist
2026-05-14T04:58:49Z,check,check:a6bf0d862639,51.917266,4.523142,False,False,bicycle,electric_assist
2026-05-14T04:58:49Z,check,check:90665e0cc46a,51.917247,4.522999,False,False,bicycle,electric_assist
2026-05-14T04:58:49Z,check,check:433c35e12f0a,51.915822,4.453837,False,False,bicycle,electric_assist
2026-05-14T04:58:49Z,check,check:3a1143406ef6,51.885391,4.461081,False,False,bicycle,electric_assist
2026-05-14T04:58:49Z,check,check:c29ce3df9fb1,51.919604,4.441659,False,False,bicycle,electric_assist
2026-05-14T04:58:49Z,check,check:ad3068fe785a,51.906798,4.403328,False,False,bicycle,electric_assist
2026-05-14T04:58:49Z,check,check:1709139d30d4,51.910222,4.43512,False,False,bicycle,electric_assist
2026-05-14T04:58:49Z,check,check:103dba2ee2dd,51.892344,4.514234,False,False,bicycle,electric_assist
2026-05-14T04:58:49Z,check,check:f7715a79a811,51.923243,4.496736,False,True,bicycle,electric_assist
2026-05-14T04:58:49Z,check,check:acb0ce85be28,51.906597,4.497793,False,False,bicycle,electric_assist
2026-05-14T04:58:49Z,check,check:adfce9d51a3b,51.892869,4.484218,False,False,bicycle,electric_assist
2026-05-14T04:58:49Z,check,check:37469ac63f09,51.91873,4.449063,False,False,bicycle,electric_assist
2026-05-14T04:58:49Z,check,check:234d7bf1e102,51.933976,4.459616,False,False,bicycle,electric_assist
2026-05-14T04:58:49Z,check,check:353f11c57c6a,51.917083,4.523414,False,False,bicycle,electric_assist
2026-05-14T04:58:49Z,check,check:13b7383b20a2,51.915587,4.430316,False,False,bicycle,electric_assist
2026-05-14T04:58:49Z,check,check:2ed2b2db2873,51.909668,4.463248,False,False,bicycle,electric_assist
2026-05-14T04:58:49Z,check,check:c0aa6632a01c,51.921449,4.3948,False,False,bicycle,electric_assist
2026-05-14T04:58:49Z,check,check:73e2f6e071c5,51.939446,4.542445,False,False,bicycle,electric_assist
2026-05-14T04:58:49Z,check,check:5e5feb14067c,51.903865,4.497414,False,False,bicycle,electric_assist
2026-05-14T04:58:49Z,check,check:78a40c1a959e,51.920361,4.437902,False,False,bicycle,electric_assist
2026-05-14T04:58:49Z,check,check:f9b5e40bcdb3,51.932931,4.502117,False,False,bicycle,electric_assist
2026-05-14T04:58:49Z,check,check:2f76898378b3,51.917202,4.523574,False,False,bicycle,electric_assist
2026-05-14T04:58:49Z,check,check:4c7da58edc66,51.886415,4.549332,False,False,bicycle,electric_assist
2026-05-14T04:58:49Z,check,check:cb4e3412c6ad,51.902166,4.461271,False,False,bicycle,electric_assist
2026-05-14T04:58:49Z,check,check:b31b8600be33,51.891635,4.466057,False,False,bicycle,electric_assist
2026-05-14T04:58:49Z,check,check:2bd53609d374,51.920238,4.44074,False,False,bicycle,electric_assist
2026-05-14T04:58:49Z,check,check:0847b23b7e6f,51.917388,4.42042,False,False,bicycle,electric_assist
2026-05-14T04:58:49Z,check,check:63592749d80c,51.893296,4.477226,False,False,bicycle,electric_assist
2026-05-14T04:58:49Z,check,check:602e7720708c,51.905112,4.501043,False,False,bicycle,electric_assist
2026-05-14T04:58:49Z,check,check:bd77e9572bc6,51.923929,4.48402,False,False,bicycle,electric_assist
2026-05-14T04:58:49Z,check,check:e4fe2d3f98e8,51.891651,4.475414,False,False,bicycle,electric_assist
2026-05-14T04:58:49Z,check,check:97703824c9de,51.912074,4.482741,False,False,bicycle,electric_assist
2026-05-14T04:58:49Z,check,check:19bd1bc791d7,51.889985,4.469943,False,False,bicycle,electric_assist
2026-05-14T04:58:49Z,check,check:66b6c33f6411,51.910259,4.424812,False,True,bicycle,electric_assist
2026-05-14T04:58:49Z,check,check:8dd30032ab83,51.937584,4.436269,False,False,bicycle,electric_assist
2026-05-14T04:58:49Z,check,check:b714b5686177,51.968726,4.484708,False,False,bicycle,electric_assist
2026-05-14T04:58:49Z,check,check:8f53e70e63c3,51.917897,4.488821,False,False,bicycle,electric_assist
2026-05-14T04:58:49Z,check,check:5312837c5b19,51.927961,4.535926,False,False,bicycle,electric_assist
2026-05-14T04:58:49Z,check,check:4f7e1bd46372,51.89875,4.505142,False,False,bicycle,electric_assist
2026-05-14T04:58:49Z,check,check:148c80a3dd36,51.882632,4.521174,False,False,bicycle,electric_assist
2026-05-14T04:58:49Z,check,check:01a4c176b6ff,51.940678,4.482832,False,False,bicycle,electric_assist
2026-05-14T04:58:49Z,check,check:551980ac865d,51.912833,4.476014,False,False,bicycle,electric_assist
2026-05-14T04:58:49Z,check,check:4326f4bb667c,51.928199,4.515132,False,False,bicycle,electric_assist
2026-05-14T04:58:49Z,check,check:cb2236615983,51.904221,4.502115,False,False,bicycle,electric_assist
2026-05-14T04:58:49Z,check,check:f604b6098cf4,51.961739,4.477792,False,False,bicycle,electric_assist
2026-05-14T04:58:49Z,check,check:5b483d335e19,51.944059,4.475729,False,False,bicycle,electric_assist
2026-05-14T04:58:49Z,check,check:14505ea46eec,51.962404,4.508509,False,False,bicycle,electric_assist
2026-05-14T04:58:49Z,check,check:f20eb947eeef,51.910038,4.442274,False,False,bicycle,electric_assist
2026-05-14T04:58:49Z,check,check:a3896270670f,51.915686,4.487695,False,False,bicycle,electric_assist
2026-05-14T04:58:49Z,check,check:11e9d35aaaae,51.922184,4.52579,False,False,bicycle,electric_assist
2026-05-14T04:58:49Z,check,check:b340a7957e29,51.918962,4.46204,False,False,bicycle,electric_assist
2026-05-14T04:58:49Z,check,check:9c5aa4fa23ef,51.920523,4.504336,False,False,bicycle,electric_assist
2026-05-14T04:58:49Z,check,check:5771f68ed579,51.918899,4.492171,False,False,bicycle,electric_assist
2026-05-14T04:58:49Z,check,check:08b6f5b87f99,51.889572,4.506993,False,False,bicycle,electric_assist
2026-05-14T04:58:49Z,check,check:d301914edb95,51.932341,4.489893,False,False,bicycle,electric_assist
2026-05-14T04:58:49Z,check,check:686e6e2444e6,51.912597,4.456776,False,True,bicycle,electric_assist
2026-05-14T04:58:49Z,check,check:48d75977e2f2,51.917353,4.470854,False,False,bicycle,electric_assist
2026-05-14T04:58:49Z,check,check:b18524e42029,51.927837,4.439884,False,False,bicycle,electric_assist
2026-05-14T04:58:49Z,check,check:c401fe51fc20,51.912082,4.482734,False,False,bicycle,electric_assist
2026-05-14T04:58:49Z,check,check:bf76699eb026,51.8854,4.495873,False,False,bicycle,electric_assist
2026-05-14T04:58:49Z,check,check:6b96d2eb8131,51.917667,4.486877,False,False,bicycle,electric_assist
2026-05-14T04:58:49Z,check,check:0e61090f1929,51.88626,4.463415,False,False,bicycle,electric_assist
2026-05-14T04:58:49Z,check,check:12163663f09b,51.922324,4.482967,False,False,bicycle,electric_assist
2026-05-14T04:58:49Z,check,check:00efb38c0e79,51.920104,4.44492,False,False,bicycle,electric_assist
2026-05-14T04:58:49Z,check,check:3bf10c276992,51.922415,4.383512,False,False,bicycle,electric_assist
2026-05-14T04:58:49Z,check,check:c4225c5046d0,51.911965,4.38051,False,False,bicycle,electric_assist
2026-05-14T04:58:49Z,check,check:5ea9ab2f22c8,51.931729,4.542195,False,False,bicycle,electric_assist
2026-05-14T04:58:49Z,check,check:a86bea116178,51.9267,4.462655,False,False,bicycle,electric_assist
2026-05-14T04:58:49Z,check,check:2a981d21b669,51.888183,4.476499,False,False,bicycle,electric_assist
2026-05-14T04:58:49Z,check,check:d3b0a414b9b5,51.929009,4.509471,False,False,bicycle,electric_assist
2026-05-14T04:58:49Z,check,check:ec65e8824f64,51.9108,4.399007,False,False,bicycle,electric_assist
2026-05-14T04:58:49Z,check,check:72b275053daa,51.951778,4.589674,False,False,bicycle,electric_assist
2026-05-14T04:58:49Z,check,check:24dfc2c20379,51.891584,4.494134,False,False,bicycle,electric_assist
2026-05-14T04:58:49Z,check,check:c31eeed57c3c,51.922266,4.471365,False,False,bicycle,electric_assist
2026-05-14T04:58:49Z,check,check:59e2eae59d2b,51.910333,4.401895,False,False,bicycle,electric_assist
2026-05-14T04:58:49Z,check,check:772fbf9326c2,51.942368,4.476116,False,False,bicycle,electric_assist
2026-05-14T04:58:49Z,check,check:998b963afee9,51.892469,4.474197,False,False,bicycle,electric_assist
2026-05-14T04:58:49Z,check,check:28323d34c48e,51.90797,4.519707,False,False,bicycle,electric_assist
2026-05-14T04:58:49Z,check,check:fb3fdb204f87,51.907468,4.451417,False,False,bicycle,electric_assist
2026-05-14T04:58:49Z,check,check:f33c08487a14,51.874267,4.5231,False,False,bicycle,electric_assist
2026-05-14T04:58:49Z,check,check:0da7facf5554,51.921905,4.514292,False,False,bicycle,electric_assist
2026-05-14T04:58:49Z,check,check:9aee8392f30f,51.911183,4.481936,False,False,bicycle,electric_assist
2026-05-14T04:58:49Z,check,check:6bdb105464f0,51.93341,4.534813,False,False,bicycle,electric_assist
2026-05-14T04:58:49Z,check,check:a9a8212da6f9,51.902174,4.461288,False,False,bicycle,electric_assist
2026-05-14T04:58:49Z,check,check:cdd9417f851b,51.944459,4.552673,False,False,bicycle,electric_assist
2026-05-14T04:58:49Z,check,check:c1c7bb21b7b2,51.914089,4.456156,False,False,bicycle,electric_assist
2026-05-14T04:58:49Z,check,check:d7a13acec6ed,51.950637,4.518584,False,False,bicycle,electric_assist
2026-05-14T04:58:49Z,check,check:bb04a67ec1be,51.882683,4.521188,False,False,bicycle,electric_assist
2026-05-14T04:58:49Z,check,check:042c7c64a92d,51.888164,4.476495,False,False,bicycle,electric_assist
2026-05-14T04:58:49Z,check,check:58d1a9c4960f,51.96412,4.536784,False,False,bicycle,electric_assist
2026-05-14T04:58:49Z,check,check:a627873ad872,51.871922,4.490601,False,False,bicycle,electric_assist
2026-05-14T04:58:49Z,check,check:a1f6bfdfad07,51.935546,4.487528,False,False,bicycle,electric_assist
2026-05-14T04:58:49Z,check,check:ab24176d93a4,51.909959,4.424939,False,True,bicycle,electric_assist
2026-05-14T04:58:49Z,check,check:f84e70fb504b,51.893351,4.483724,False,False,bicycle,electric_assist
2026-05-14T04:58:49Z,check,check:3d5e8a1899b7,51.907479,4.524802,False,False,bicycle,electric_assist
2026-05-14T04:58:49Z,check,check:f779f3fdd57d,51.927268,4.504011,False,False,bicycle,electric_assist
2026-05-14T04:58:49Z,check,check:d200961702d7,51.93177,4.454957,False,True,bicycle,electric_assist
2026-05-14T04:58:49Z,check,check:c76a07e72c8f,51.951801,4.551023,False,False,bicycle,electric_assist
2026-05-14T04:58:49Z,check,check:8efa677b9bdf,51.92217,4.512881,False,False,bicycle,electric_assist
2026-05-14T04:58:49Z,check,check:e94eef5e3608,51.911438,4.497978,False,False,bicycle,electric_assist
2026-05-14T04:58:49Z,check,check:ff91b9e7efca,51.91022,4.424716,False,True,bicycle,electric_assist
2026-05-14T04:58:49Z,check,check:7e64fa409e9d,51.902469,4.46823,False,False,bicycle,electric_assist
2026-05-14T04:58:49Z,check,check:6a7132d25c12,51.886265,4.5493,False,False,bicycle,electric_assist
2026-05-14T04:58:49Z,check,check:07be53652184,51.911254,4.512286,False,False,bicycle,electric_assist
2026-05-14T04:58:49Z,check,check:11ef53dac1cc,51.901305,4.479692,False,False,bicycle,electric_assist
2026-05-14T04:58:49Z,check,check:45c1727cc7dc,51.959418,4.503702,False,False,bicycle,electric_assist
2026-05-14T04:58:49Z,check,check:9f40215be409,51.928537,4.54162,False,False,bicycle,electric_assist
2026-05-14T04:58:49Z,check,check:799ce5065d85,51.894036,4.488402,False,False,bicycle,electric_assist
2026-05-14T04:58:49Z,check,check:0b06cc3c24e4,51.937245,4.477509,False,False,bicycle,electric_assist
2026-05-14T04:58:49Z,check,check:41027e2be85c,51.910214,4.424735,False,True,bicycle,electric_assist
2026-05-14T04:58:49Z,check,check:361bc4df9ec5,51.902288,4.496098,False,False,bicycle,electric_assist
2026-05-14T04:58:49Z,check,check:26581e0b7574,51.870138,4.474186,False,False,bicycle,electric_assist
2026-05-14T04:58:49Z,check,check:f77239d5aba8,51.892811,4.494313,False,False,bicycle,electric_assist
2026-05-14T04:58:49Z,check,check:97032461612a,51.925253,4.473971,False,False,bicycle,electric_assist
2026-05-14T04:58:49Z,check,check:12a0141d7037,51.962653,4.486742,False,False,bicycle,electric_assist
2026-05-14T04:58:49Z,check,check:1e170f3ee1f1,51.914886,4.388447,False,False,bicycle,electric_assist
2026-05-14T04:58:49Z,check,check:17bb009af803,51.943645,4.483367,False,False,bicycle,electric_assist
2026-05-14T04:58:49Z,check,check:2af77a16b77d,51.916097,4.415937,False,False,bicycle,electric_assist
2026-05-14T04:58:49Z,check,check:5ce5fb37ad0f,51.949271,4.432591,False,False,bicycle,electric_assist
2026-05-14T04:58:49Z,check,check:d961df9b38ba,51.90619,4.461815,False,False,bicycle,electric_assist
2026-05-14T04:58:49Z,check,check:5c90bef68fc7,51.891828,4.48816,False,False,bicycle,electric_assist
2026-05-14T04:58:49Z,check,check:384036eae210,51.89855,4.505549,False,True,bicycle,electric_assist
2026-05-14T04:58:49Z,check,check:98e558c46948,51.919318,4.442465,False,False,bicycle,electric_assist
2026-05-14T04:58:49Z,check,check:047d98d9f381,51.925079,4.5112,False,False,bicycle,electric_assist
2026-05-14T04:58:49Z,check,check:55eb446a0c4d,51.886464,4.52919,False,False,bicycle,electric_assist
2026-05-14T04:58:49Z,check,check:1e1cde0dfe6a,51.902909,4.463525,False,False,bicycle,electric_assist
2026-05-14T04:58:49Z,check,check:f96a05c5bf14,51.92235,4.383278,False,False,bicycle,electric_assist
2026-05-14T04:58:49Z,check,check:c0912d349032,51.892911,4.484256,False,False,bicycle,electric_assist
2026-05-14T04:58:49Z,check,check:5d9dfac7260d,51.945282,4.555089,False,False,bicycle,electric_assist
2026-05-14T04:58:49Z,check,check:cdc3eb3d88f9,51.911527,4.498006,False,False,bicycle,electric_assist
2026-05-14T04:58:49Z,check,check:9a8922dacf05,51.92539,4.474131,False,False,bicycle,electric_assist
2026-05-14T04:58:49Z,check,check:bf537a3f2dc9,51.917518,4.515209,False,False,bicycle,electric_assist
2026-05-14T04:58:49Z,check,check:4a1d8e293952,51.945479,4.47745,False,False,bicycle,electric_assist
2026-05-14T04:58:49Z,check,check:48484d15755b,51.925231,4.513524,False,False,bicycle,electric_assist
2026-05-14T04:58:49Z,check,check:cc70da02edd0,51.911029,4.472756,False,False,bicycle,electric_assist
2026-05-14T04:58:49Z,check,check:8f288d85dd04,51.950657,4.51862,False,False,bicycle,electric_assist
2026-05-14T04:58:49Z,check,check:a6d588d6f4a1,51.925151,4.474205,False,False,bicycle,electric_assist
2026-05-14T04:58:49Z,check,check:07cb4bc47326,51.88454,4.471683,False,False,bicycle,electric_assist
2026-05-14T04:58:49Z,check,check:5b6f356e12d9,51.91967,4.469281,False,False,bicycle,electric_assist
2026-05-14T04:58:49Z,check,check:91a38630986a,51.882657,4.521144,False,False,bicycle,electric_assist
2026-05-14T04:58:49Z,check,check:44cf9e17efb4,51.950441,4.547121,False,True,bicycle,electric_assist
2026-05-14T04:58:49Z,check,check:f298447823fa,51.940547,4.473056,False,False,bicycle,electric_assist
2026-05-14T04:58:49Z,check,check:8158cb243556,51.92237,4.383426,False,False,bicycle,electric_assist
2026-05-14T04:58:49Z,check,check:9642c38dc633,51.931474,4.539658,False,False,bicycle,electric_assist
2026-05-14T04:58:49Z,check,check:0c6c559a281c,51.919008,4.418271,False,True,bicycle,electric_assist
2026-05-14T04:58:49Z,check,check:45a424e68b39,51.880446,4.530071,False,False,bicycle,electric_assist
2026-05-14T04:58:49Z,check,check:5f558b2a6fb1,51.91615,4.52712,False,False,bicycle,electric_assist
2026-05-14T04:58:49Z,check,check:fe442296783d,51.909698,4.395274,False,False,bicycle,electric_assist
2026-05-14T04:58:49Z,check,check:0bebed547d35,51.887685,4.482456,False,False,bicycle,electric_assist
2026-05-14T04:58:49Z,check,check:8b70691369e5,51.924161,4.510223,False,False,bicycle,electric_assist
2026-05-14T04:58:49Z,check,check:a8efb778f4d9,51.928666,4.501645,False,True,bicycle,electric_assist
2026-05-14T04:58:49Z,check,check:ac5313711087,51.888232,4.493751,False,False,bicycle,electric_assist
2026-05-14T04:58:49Z,check,check:3ea2b3df7776,51.920975,4.559242,False,False,bicycle,electric_assist
2026-05-14T04:58:49Z,check,check:7db274e14915,51.91572,4.466357,False,False,bicycle,electric_assist
2026-05-14T04:58:49Z,check,check:8dc960a822b4,51.908593,4.524641,False,False,bicycle,electric_assist
2026-05-14T04:58:49Z,check,check:5f1fbaf1d170,51.907231,4.49622,False,False,bicycle,electric_assist
2026-05-14T04:58:49Z,check,check:b555cfb917e3,51.920557,4.511653,False,False,bicycle,electric_assist
2026-05-14T04:58:49Z,check,check:7fbb35f885dd,51.904512,4.460434,False,False,bicycle,electric_assist
2026-05-14T04:58:49Z,check,check:c4b7f5067e1a,51.944563,4.483827,False,False,bicycle,electric_assist
2026-05-14T04:58:49Z,check,check:83d8acf8c9e8,51.919633,4.441623,False,False,bicycle,electric_assist
2026-05-14T04:58:49Z,check,check:b0e50906a759,51.909914,4.423343,False,False,bicycle,electric_assist
2026-05-14T04:58:49Z,check,check:c9a6d597a9c0,51.925303,4.513568,False,False,bicycle,electric_assist
2026-05-14T04:58:49Z,check,check:e96804c03162,51.889693,4.501706,False,False,bicycle,electric_assist
2026-05-14T04:58:49Z,check,check:4209472784da,51.92578,4.454903,False,True,bicycle,electric_assist
2026-05-14T04:58:49Z,check,check:7f61b77e5a98,51.910714,4.489789,False,False,bicycle,electric_assist
2026-05-14T04:58:49Z,check,check:a0eaba28717e,51.8956,4.487239,False,False,bicycle,electric_assist
2026-05-14T04:58:49Z,check,check:fb6b8be8b6e9,51.94478,4.474269,False,False,bicycle,electric_assist
2026-05-14T04:58:49Z,check,check:dad6c8ba5dde,51.922388,4.471375,False,False,bicycle,electric_assist
2026-05-14T04:58:49Z,check,check:158b87852355,51.890584,4.472686,False,False,bicycle,electric_assist
2026-05-14T04:58:49Z,check,check:9637fc42d747,51.904733,4.463799,False,False,bicycle,electric_assist
2026-05-14T04:58:49Z,check,check:b6449e3b411f,51.925557,4.497455,False,False,bicycle,electric_assist
2026-05-14T04:58:49Z,check,check:72b7b50fc45f,51.92078,4.50582,False,False,bicycle,electric_assist
2026-05-14T04:58:49Z,check,check:5fe749286cb0,51.925171,4.474136,False,False,bicycle,electric_assist
2026-05-14T04:58:49Z,check,check:029c34a39d4f,51.938961,4.495828,False,False,bicycle,electric_assist
2026-05-14T04:58:49Z,check,check:f20494c46198,51.906429,4.400918,False,False,bicycle,electric_assist
2026-05-14T04:58:49Z,check,check:5f7d2be6e6ae,51.917395,4.420361,False,False,bicycle,electric_assist
2026-05-14T04:58:49Z,check,check:ad6052d693ca,51.917544,4.436014,False,False,bicycle,electric_assist
2026-05-14T04:58:49Z,check,check:16d23ebfbdb2,51.95997,4.47854,False,False,bicycle,electric_assist
2026-05-14T04:58:49Z,check,check:e50cdda01697,51.895555,4.487111,False,False,bicycle,electric_assist
2026-05-14T04:58:49Z,check,check:6ca934929bb4,51.932122,4.501257,False,False,bicycle,electric_assist
2026-05-14T04:58:49Z,check,check:08b8f42d46a6,51.904494,4.483082,False,False,bicycle,electric_assist
2026-05-14T04:58:49Z,check,check:be50272ec15d,51.916291,4.483506,False,False,bicycle,electric_assist
2026-05-14T04:58:49Z,check,check:edf27676133a,51.932952,4.539035,False,False,bicycle,electric_assist
2026-05-14T04:58:49Z,check,check:ac740b2dcfe4,51.915054,4.521521,False,False,bicycle,electric_assist
2026-05-14T04:58:49Z,check,check:f2c4bda180f9,51.892813,4.482348,False,False,bicycle,electric_assist
2026-05-14T04:58:49Z,check,check:0d3d016da02f,51.927992,4.547457,False,False,bicycle,electric_assist
2026-05-14T04:58:49Z,check,check:a1aec612c4d1,51.892322,4.473957,False,False,bicycle,electric_assist
2026-05-14T04:58:49Z,check,check:73e7625f1346,51.893359,4.48374,False,False,bicycle,electric_assist
2026-05-14T04:58:49Z,check,check:acb2229acfee,51.920045,4.615904,False,True,bicycle,electric_assist
2026-05-14T04:58:49Z,check,check:727742f51e57,51.911802,4.435954,False,False,bicycle,electric_assist
2026-05-14T04:58:49Z,check,check:489cba981474,51.949268,4.432612,False,False,bicycle,electric_assist
2026-05-14T04:58:49Z,check,check:eacb4fd462dc,51.882658,4.52118,False,False,bicycle,electric_assist
2026-05-14T04:58:49Z,check,check:907a2a3d2c76,51.928856,4.501558,False,False,bicycle,electric_assist
2026-05-14T04:58:49Z,check,check:a032ee3fffd4,51.963512,4.508916,False,False,bicycle,electric_assist
2026-05-14T04:58:49Z,check,check:c9234e531d56,51.886402,4.549313,False,False,bicycle,electric_assist
2026-05-14T04:58:49Z,check,check:eb7e3204c621,51.918927,4.492169,False,False,bicycle,electric_assist
2026-05-14T04:58:49Z,check,check:c18bb2263d66,51.910314,4.443464,False,False,bicycle,electric_assist
2026-05-14T04:58:49Z,check,check:0896b86aaeb3,51.875561,4.493349,False,False,bicycle,electric_assist
2026-05-14T04:58:49Z,check,check:fd8e5d0fce30,51.911617,4.497588,False,False,bicycle,electric_assist
2026-05-14T04:58:49Z,check,check:4c0099c13bee,51.961574,4.47488,False,False,bicycle,electric_assist
2026-05-14T04:58:49Z,check,check:f1272fee57f9,51.890634,4.514259,False,False,bicycle,electric_assist
2026-05-14T04:58:49Z,check,check:1dfb55fea34a,51.961225,4.510318,False,False,bicycle,electric_assist
2026-05-14T04:58:49Z,check,check:3c7d142192a8,51.910789,4.51948,False,False,bicycle,electric_assist
2026-05-14T04:58:49Z,check,check:e47e3b72b6db,51.894631,4.492688,False,False,bicycle,electric_assist
2026-05-14T04:58:49Z,check,check:84cb86b0196b,51.888793,4.466635,False,False,bicycle,electric_assist
2026-05-14T04:58:49Z,check,check:a203d92cea7b,51.871224,4.500376,False,False,bicycle,electric_assist
2026-05-14T04:58:49Z,check,check:029d7ba103d1,51.928515,4.45698,False,False,bicycle,electric_assist
2026-05-14T04:58:49Z,check,check:0fa3148f45cf,51.949906,4.55532,False,False,bicycle,electric_assist
2026-05-14T04:58:49Z,check,check:26be5e9543fd,51.916134,4.45827,False,False,bicycle,electric_assist
2026-05-14T04:58:49Z,check,check:52144a694983,51.891963,4.501376,False,False,bicycle,electric_assist
2026-05-14T04:58:49Z,check,check:790883e99f67,51.925489,4.508609,False,False,bicycle,electric_assist
2026-05-14T04:58:49Z,check,check:70d4bb71c3ac,51.890152,4.490415,False,False,bicycle,electric_assist
2026-05-14T04:58:49Z,check,check:9f5d2b08907d,51.921379,4.46876,False,False,bicycle,electric_assist
2026-05-14T04:58:49Z,check,check:c61788de678d,51.921502,4.394785,False,False,bicycle,electric_assist
2026-05-14T04:58:49Z,check,check:f9e8d34ad78a,51.941414,4.488839,False,False,bicycle,electric_assist
2026-05-14T04:58:49Z,check,check:a0a1328a44d4,51.959639,4.476076,False,False,bicycle,electric_assist
2026-05-14T04:58:49Z,check,check:5eb5db958267,51.914931,4.387593,False,True,bicycle,electric_assist
2026-05-14T04:58:49Z,check,check:477c16cd0a26,51.923585,4.389889,False,False,bicycle,electric_assist
2026-05-14T04:58:49Z,check,check:7f9d7a4d9bba,51.886259,4.549287,False,False,bicycle,electric_assist
2026-05-14T04:58:49Z,check,check:c114707bfc17,51.917086,4.523496,False,False,bicycle,electric_assist
2026-05-14T04:58:49Z,check,check:d03b72c633d7,51.886395,4.549297,False,False,bicycle,electric_assist
2026-05-14T04:58:49Z,check,check:aa58c7990252,51.890511,4.47355,False,False,bicycle,electric_assist
2026-05-14T04:58:49Z,check,check:a36ab7c906f8,51.92015,4.443731,False,False,bicycle,electric_assist
2026-05-14T04:58:49Z,check,check:3f41d6b4a8df,51.911018,4.475193,False,False,bicycle,electric_assist
2026-05-14T04:58:49Z,check,check:8a1be478759b,51.890975,4.481554,False,False,bicycle,electric_assist
2026-05-14T04:58:49Z,check,check:9822c2693a44,51.922507,4.439676,False,False,bicycle,electric_assist
2026-05-14T04:58:49Z,check,check:65294b48037a,51.915632,4.447692,False,False,bicycle,electric_assist
2026-05-14T04:58:49Z,check,check:e01acee0c3e2,51.925895,4.51706,False,False,bicycle,electric_assist
2026-05-14T04:58:49Z,check,check:688fe1a9df3a,51.932535,4.470414,False,False,bicycle,electric_assist
2026-05-14T04:58:49Z,check,check:8c4f0d0657df,51.937312,4.46819,False,False,bicycle,electric_assist
2026-05-14T04:58:49Z,check,check:091c2b5ffa18,51.882674,4.521173,False,False,bicycle,electric_assist
2026-05-14T04:58:49Z,check,check:ab09342d99e5,51.946921,4.548632,False,False,bicycle,electric_assist
2026-05-14T04:58:49Z,check,check:5891ad5a51f9,51.908419,4.481487,False,False,bicycle,electric_assist
2026-05-14T04:58:49Z,check,check:1c16d3037d57,51.919852,4.448737,False,False,bicycle,electric_assist
2026-05-14T04:58:49Z,check,check:bdf093f3515b,51.92374,4.511337,False,False,bicycle,electric_assist
2026-05-14T04:58:49Z,check,check:767685af14a1,51.915595,4.500806,False,False,bicycle,electric_assist
2026-05-14T04:58:49Z,check,check:e9619b6f83b1,51.906061,4.494694,False,False,bicycle,electric_assist
2026-05-14T04:58:49Z,check,check:58681fade75e,51.928015,4.547506,False,False,bicycle,electric_assist
2026-05-14T04:58:49Z,check,check:635e39c6bdfc,51.962357,4.510055,False,False,bicycle,electric_assist
2026-05-14T04:58:49Z,check,check:a3855569ee53,51.918021,4.512823,False,False,bicycle,electric_assist
2026-05-14T04:58:49Z,check,check:023b41e88d9a,51.917729,4.492052,False,False,bicycle,electric_assist
2026-05-14T04:58:49Z,check,check:8aefc37d3a8f,51.917195,4.523485,False,False,bicycle,electric_assist
2026-05-14T04:58:49Z,check,check:ee5db544e1ea,51.92844,4.490267,False,False,bicycle,electric_assist
2026-05-14T04:58:49Z,check,check:64fa968b6a6d,51.922276,4.471486,False,False,bicycle,electric_assist
2026-05-14T04:58:49Z,check,check:fec05df19245,51.953299,4.462784,False,False,bicycle,electric_assist
2026-05-14T04:58:49Z,check,check:855288206fd2,51.915692,4.500909,False,False,bicycle,electric_assist
2026-05-14T04:58:49Z,check,check:b002065169e8,51.908717,4.406089,False,False,bicycle,electric_assist
2026-05-14T04:58:49Z,check,check:cc5e6703fc28,51.95374,4.464551,False,False,bicycle,electric_assist
2026-05-14T04:58:49Z,check,check:714d657e2a2b,51.874286,4.52306,False,False,bicycle,electric_assist
2026-05-14T04:58:49Z,check,check:aaf1bdf4e559,51.88786,4.475478,False,False,bicycle,electric_assist
2026-05-14T04:58:49Z,check,check:ceb5a0e1104f,51.8842,4.475122,False,False,bicycle,electric_assist
2026-05-14T04:58:49Z,check,check:173cae0f789d,51.945227,4.555047,False,False,bicycle,electric_assist
2026-05-14T04:58:49Z,check,check:9c51746fe5d1,51.918303,4.458845,False,False,bicycle,electric_assist
2026-05-14T04:58:49Z,check,check:8e5da6b6d00b,51.920006,4.510763,False,False,bicycle,electric_assist
2026-05-14T04:58:49Z,check,check:9744db3038b2,51.904503,4.460437,False,False,bicycle,electric_assist
2026-05-14T04:58:49Z,check,check:3e02a9dc363d,51.956575,4.496003,False,False,bicycle,electric_assist
2026-05-14T04:58:49Z,check,check:0688733b943f,51.909967,4.42488,False,True,bicycle,electric_assist
2026-05-14T04:58:49Z,check,check:08c63a372e1d,51.923552,4.506357,False,False,bicycle,electric_assist
2026-05-14T04:58:49Z,check,check:5f69f733ac86,51.925789,4.517399,False,False,bicycle,electric_assist
2026-05-14T04:58:49Z,check,check:aa08d8befcd6,51.959546,4.506428,False,False,bicycle,electric_assist
2026-05-14T04:58:49Z,check,check:127d48cc2429,51.968719,4.484712,False,False,bicycle,electric_assist
2026-05-14T04:58:49Z,check,check:c9c2c22f7248,51.966049,4.470545,False,False,bicycle,electric_assist
2026-05-14T04:58:49Z,check,check:16daf48175a8,51.909968,4.423369,False,False,bicycle,electric_assist
2026-05-14T04:58:49Z,check,check:6d1bd2a1c9ec,51.909194,4.497809,False,False,bicycle,electric_assist
2026-05-14T04:58:49Z,check,check:698e4740de61,51.88945,4.500014,False,False,bicycle,electric_assist
2026-05-14T04:58:49Z,check,check:a90434d7faed,51.918548,4.462913,False,False,bicycle,electric_assist
2026-05-14T04:58:49Z,check,check:06ed1ea0e492,51.962005,4.486986,False,False,bicycle,electric_assist
2026-05-14T04:58:49Z,check,check:38c35996002f,51.939473,4.469995,False,False,bicycle,electric_assist
2026-05-14T04:58:49Z,check,check:0012879377e3,51.911323,4.524672,False,False,bicycle,electric_assist
2026-05-14T04:58:49Z,check,check:e6a2e136f70a,51.885144,4.472613,False,False,bicycle,electric_assist
2026-05-14T04:58:49Z,check,check:67b79e2b459f,51.904019,4.484848,False,False,bicycle,electric_assist
2026-05-14T04:58:49Z,check,check:d5719f1fc513,51.907174,4.476954,False,False,bicycle,electric_assist
2026-05-14T04:58:49Z,check,check:d65f4d8178d4,51.937155,4.493487,False,False,bicycle,electric_assist
2026-05-14T04:58:49Z,check,check:d53a139a0893,51.90766,4.480519,False,False,bicycle,electric_assist
2026-05-14T04:58:49Z,check,check:3f2ffebe278d,51.927843,4.439882,False,False,bicycle,electric_assist
2026-05-14T04:58:49Z,check,check:e7544010c4ae,51.913308,4.439922,False,False,bicycle,electric_assist
2026-05-14T04:58:49Z,check,check:b6503ba74cfd,51.916202,4.490197,False,False,bicycle,electric_assist
2026-05-14T04:58:49Z,check,check:4d0d77b3df95,51.89165,4.46524,False,False,bicycle,electric_assist
2026-05-14T04:58:49Z,check,check:b54f5d229253,51.946929,4.47379,False,False,bicycle,electric_assist
2026-05-14T04:58:49Z,check,check:8561e3d2c4aa,51.912501,4.430466,False,False,bicycle,electric_assist
2026-05-14T04:58:49Z,check,check:4bcfd34ff4c8,51.948916,4.465024,False,False,bicycle,electric_assist
2026-05-14T04:58:49Z,check,check:68012ba71ef4,51.918695,4.462987,False,False,bicycle,electric_assist
2026-05-14T04:58:49Z,check,check:148ee3b14fc6,51.910185,4.424737,False,True,bicycle,electric_assist
2026-05-14T04:58:49Z,check,check:fefbb321d6db,51.913569,4.493406,False,False,bicycle,electric_assist
2026-05-14T04:58:49Z,check,check:8073c3a15af9,51.910691,4.474251,False,False,bicycle,electric_assist
2026-05-14T04:58:49Z,check,check:2f727dbdbd84,51.902886,4.455194,False,False,bicycle,electric_assist
2026-05-14T04:58:49Z,check,check:4ac48a6cddee,51.922327,4.471503,False,False,bicycle,electric_assist
2026-05-14T04:58:49Z,check,check:a8a36465e14f,51.922284,4.471465,False,False,bicycle,electric_assist
2026-05-14T04:58:49Z,check,check:f725234b275d,51.925261,4.474073,False,False,bicycle,electric_assist
2026-05-14T04:58:49Z,check,check:7aac090f59c8,51.932948,4.53907,False,False,bicycle,electric_assist
2026-05-14T04:58:49Z,check,check:58e41b84d4b5,51.922442,4.383049,False,False,bicycle,electric_assist
2026-05-14T04:58:49Z,check,check:6fad2edc90d6,51.960799,4.466984,False,False,bicycle,electric_assist
2026-05-14T04:58:49Z,check,check:c59ee246d990,51.910574,4.45624,False,False,bicycle,electric_assist
2026-05-14T04:58:49Z,check,check:d86d9e46ce42,51.913263,4.4573,False,False,bicycle,electric_assist
2026-05-14T04:58:49Z,check,check:c1eac9af8b16,51.895309,4.484661,False,False,bicycle,electric_assist
2026-05-14T04:58:49Z,check,check:d1dc7c1ce8cf,51.911537,4.376814,False,False,bicycle,electric_assist
2026-05-14T04:58:49Z,check,check:750cf878b40e,51.894701,4.461942,False,False,bicycle,electric_assist
2026-05-14T04:58:49Z,check,check:1cf4c7580d36,51.92603,4.457232,False,False,bicycle,electric_assist
2026-05-14T04:58:49Z,check,check:3fc6e5dcbf2f,51.920545,4.395865,False,False,bicycle,electric_assist
2026-05-14T04:58:49Z,check,check:ffe32d6b330a,51.909567,4.392069,False,False,bicycle,electric_assist
2026-05-14T04:58:49Z,check,check:a13a90ae20cc,51.912816,4.475993,False,False,bicycle,electric_assist
2026-05-14T04:58:49Z,check,check:7606beaf6042,51.919714,4.513019,False,False,bicycle,electric_assist
2026-05-14T04:58:49Z,check,check:32a35692bb9b,51.906754,4.496264,False,False,bicycle,electric_assist
2026-05-14T04:58:49Z,check,check:c105872187e2,51.961964,4.619201,False,True,bicycle,electric_assist
2026-05-14T04:58:49Z,check,check:8e4e397bdf16,51.886792,4.464707,False,False,bicycle,electric_assist
2026-05-14T04:58:49Z,check,check:e7ba66dbef89,51.910348,4.375245,False,False,bicycle,electric_assist
2026-05-14T04:58:49Z,check,check:6948173a8ca4,51.943527,4.475538,False,False,bicycle,electric_assist
2026-05-14T04:58:49Z,check,check:643093342f7c,51.928586,4.541778,False,False,bicycle,electric_assist
2026-05-14T04:58:49Z,check,check:b4e5ee9952b3,51.908598,4.481767,False,False,bicycle,electric_assist
2026-05-14T04:58:49Z,check,check:4bdbbfaf80a1,51.921628,4.492943,False,False,bicycle,electric_assist
2026-05-14T04:58:49Z,check,check:3df7dffd39a5,51.937728,4.486333,False,False,bicycle,electric_assist
2026-05-14T04:58:49Z,check,check:aa637471faea,51.903449,4.467173,False,False,bicycle,electric_assist
2026-05-14T04:58:49Z,check,check:b30544d9e96b,51.968729,4.484728,False,False,bicycle,electric_assist
2026-05-14T04:58:49Z,check,check:9c81d0284aef,51.935522,4.487908,False,True,bicycle,electric_assist
2026-05-14T04:58:49Z,check,check:bc8a6501ca2f,51.933373,4.453588,False,True,bicycle,electric_assist
2026-05-14T04:58:49Z,check,check:2e7624bb2e2c,51.922209,4.512724,False,False,bicycle,electric_assist
2026-05-14T04:58:49Z,check,check:3e9c0c95c144,51.928441,4.540696,False,False,bicycle,electric_assist
2026-05-14T04:58:49Z,check,check:a83a8500a45b,51.907497,4.46147,False,False,bicycle,electric_assist
2026-05-14T04:58:49Z,check,check:8145a716cf56,51.917238,4.523257,False,False,bicycle,electric_assist
2026-05-14T04:58:49Z,check,check:675b2cca55ed,51.920321,4.474974,False,False,bicycle,electric_assist
2026-05-14T04:58:49Z,check,check:cd9a2119258e,51.894653,4.501195,False,False,bicycle,electric_assist
2026-05-14T04:58:49Z,check,check:9fcfaada9d24,51.949277,4.432619,False,False,bicycle,electric_assist
2026-05-14T04:58:49Z,check,check:79adddf282b1,51.910856,4.553876,False,False,bicycle,electric_assist
2026-05-14T04:58:49Z,check,check:a9fcd3c3be15,51.927575,4.455847,False,False,bicycle,electric_assist
2026-05-14T04:58:49Z,check,check:e36350b67928,51.891241,4.49725,False,False,bicycle,electric_assist
2026-05-14T04:58:49Z,check,check:8d18cd43fe80,51.932134,4.501234,False,False,bicycle,electric_assist
2026-05-14T04:58:49Z,check,check:79aab4c7e38d,51.911254,4.445566,False,False,bicycle,electric_assist
2026-05-14T04:58:49Z,check,check:a15f08ca8fef,51.932961,4.539079,False,False,bicycle,electric_assist
2026-05-14T04:58:49Z,check,check:eedfdc9438eb,51.945225,4.555068,False,False,bicycle,electric_assist
2026-05-14T04:58:49Z,check,check:1ff56c1c7003,51.909636,4.463197,False,False,bicycle,electric_assist
2026-05-14T04:58:49Z,check,check:699c071f3dda,51.887375,4.497481,False,False,bicycle,electric_assist
2026-05-14T04:58:49Z,check,check:a8fdecfc0e0e,51.932026,4.456034,False,False,bicycle,electric_assist
2026-05-14T04:58:49Z,check,check:309bee5c747d,51.896316,4.489345,False,False,bicycle,electric_assist
2026-05-14T04:58:49Z,check,check:a7bba1791366,51.907482,4.494489,False,False,bicycle,electric_assist
2026-05-14T04:58:49Z,check,check:f536e2708cba,51.925156,4.474421,False,False,bicycle,electric_assist
2026-05-14T04:58:49Z,check,check:8d5aacdcd321,51.968748,4.484744,False,False,bicycle,electric_assist
