timestamp,system_id,vehicle_id,lat,lon,is_reserved,is_disabled,form_factor,propulsion_type
2026-06-22T04:16:42Z,donkey,donkey:c9469ac5b32c,51.8586682,4.7046973,False,False,bicycle,
2026-06-22T04:16:42Z,donkey,donkey:db6ba3bd40bc,51.8585288,4.7040851,False,False,bicycle,
2026-06-22T04:16:42Z,donkey,donkey:feb194d80822,51.9884737,4.3836251,False,False,bicycle,
2026-06-22T04:16:42Z,donkey,donkey:b9fc2ab11083,51.988495,4.3835583,False,False,bicycle,
2026-06-22T04:16:42Z,donkey,donkey:d6f42e4ded25,51.98848,4.383695,False,False,bicycle,
2026-06-22T04:16:42Z,donkey,donkey:fb52652843aa,51.9884967,4.383575,False,False,bicycle,
2026-06-22T04:16:42Z,donkey,donkey:4b36f8717e57,51.9652452,4.6171928,False,False,bicycle,
2026-06-22T04:16:42Z,donkey,donkey:6e7eaa70de68,51.9651139,4.61701,False,False,bicycle,
2026-06-22T04:16:42Z,donkey,donkey:fffc52b9745f,51.9651493,4.6171044,False,False,bicycle,
2026-06-22T04:16:42Z,donkey,donkey:026ef4bf44a3,51.9652417,4.61719,False,False,bicycle,
2026-06-22T04:16:42Z,donkey,donkey:0cb735169052,51.9652452,4.6171928,False,False,bicycle,
2026-06-22T04:16:42Z,donkey,donkey:9b0d5bc7c534,51.9652033,4.6171183,False,False,bicycle,
2026-06-22T04:16:42Z,donkey,donkey:798ca3f53535,51.9652452,4.6171928,False,False,bicycle,
2026-06-22T04:16:42Z,donkey,donkey:4c7390106556,51.9652167,4.6171583,False,False,bicycle,
2026-06-22T04:16:42Z,donkey,donkey:149f90523322,51.9652789,4.6171819,False,False,bicycle,
2026-06-22T04:16:42Z,donkey,donkey:18c11adb90d1,51.9651752,4.6170937,False,False,bicycle,
2026-06-22T04:16:42Z,donkey,donkey:a45459ab8988,51.839137,4.626984,False,True,bicycle,
2026-06-22T04:16:42Z,donkey,donkey:5d7f7dc423cb,51.8391697,4.6269536,False,False,bicycle,
2026-06-22T04:16:42Z,donkey,donkey:8f37b2373c1a,51.8385495,4.6359414,False,False,bicycle,
2026-06-22T04:16:42Z,donkey,donkey:41d99d75d814,51.8385891,4.6418341,False,False,bicycle,
2026-06-22T04:16:42Z,donkey,donkey:b8a75f64ffbd,51.84599,4.6573915,False,False,bicycle,
2026-06-22T04:16:42Z,donkey,donkey:ed532b3c7d7e,51.8453752,4.6304692,False,False,bicycle,
2026-06-22T04:16:42Z,felyx,felyx:68d4a0a7b6b6,51.91124983333333,4.481976116666667,False,True,bicycle,electric_assist
2026-06-22T04:16:42Z,felyx,felyx:8f2dc31940b2,51.89301971666667,4.5391915,False,True,bicycle,electric_assist
2026-06-22T04:16:42Z,felyx,felyx:182ae920d602,51.92838933333334,4.467538616666667,False,True,bicycle,electric_assist
2026-06-22T04:16:42Z,felyx,felyx:ec9a44db71b4,51.91564593333332,4.441002516666668,False,False,bicycle,electric_assist
2026-06-22T04:16:42Z,felyx,felyx:df3962c0257b,51.94928453333333,4.4326267999999995,False,False,bicycle,electric_assist
2026-06-22T04:16:42Z,felyx,felyx:80e172e9f45c,51.884539016666665,4.468018816666667,False,True,bicycle,electric_assist
2026-06-22T04:16:42Z,felyx,felyx:224598141dee,51.91966301666666,4.447971433333334,False,False,bicycle,electric_assist
2026-06-22T04:16:42Z,felyx,felyx:4f31292694e9,51.93857483333333,4.479463416666667,False,True,bicycle,electric_assist
2026-06-22T04:16:42Z,felyx,felyx:63fdf7586522,51.92516013333334,4.481743416666666,False,True,bicycle,electric_assist
2026-06-22T04:16:42Z,felyx,felyx:b21bbba5dd32,51.91232823333333,4.395820716666666,False,False,bicycle,electric_assist
2026-06-22T04:16:42Z,felyx,felyx:8d87c25ccb58,51.890736716666666,4.493814816666667,False,True,bicycle,electric_assist
2026-06-22T04:16:42Z,felyx,felyx:dba6feaece99,51.956993433333345,4.497690816666667,False,True,bicycle,electric_assist
2026-06-22T04:16:42Z,felyx,felyx:60196a1e648f,51.92321803333333,4.390415016666667,False,True,bicycle,electric_assist
2026-06-22T04:16:42Z,felyx,felyx:7fb2c393062b,51.89831611666666,4.480857816666667,False,False,bicycle,electric_assist
2026-06-22T04:16:42Z,felyx,felyx:8d7cd5a48921,51.873698016666665,4.490804616666667,False,False,bicycle,electric_assist
2026-06-22T04:16:42Z,felyx,felyx:1ea6267cb1a9,51.93340463333334,4.352036016666666,False,True,bicycle,electric_assist
2026-06-22T04:16:42Z,felyx,felyx:575d3b0901e9,51.88958951666667,4.5068596,False,True,bicycle,electric_assist
2026-06-22T04:16:42Z,felyx,felyx:c927670ac112,51.91568643333333,4.449288016666668,False,False,bicycle,electric_assist
2026-06-22T04:16:42Z,felyx,felyx:ed6727dbee31,51.91911133333333,4.469402816666666,False,False,bicycle,electric_assist
2026-06-22T04:16:42Z,felyx,felyx:47afa8225bb3,51.93219373333333,4.5080999,False,True,bicycle,electric_assist
2026-06-22T04:16:42Z,felyx,felyx:dc2eba5a9ce3,51.945489633333324,4.408248100000001,False,False,bicycle,electric_assist
2026-06-22T04:16:42Z,felyx,felyx:70e5dae3084c,51.88343615,4.5146926999999994,False,True,bicycle,electric_assist
2026-06-22T04:16:42Z,felyx,felyx:f50056711af4,51.8728582,4.4623454166666665,False,True,bicycle,electric_assist
2026-06-22T04:16:42Z,felyx,felyx:33aa2d081d0d,51.91203873333333,4.498852716666667,False,False,bicycle,electric_assist
2026-06-22T04:16:42Z,felyx,felyx:e3240d75300c,51.90541213333333,4.486510516666667,False,False,bicycle,electric_assist
2026-06-22T04:16:42Z,felyx,felyx:163569139cd8,51.88860641666667,4.483746216666667,False,False,bicycle,electric_assist
2026-06-22T04:16:42Z,felyx,felyx:ec1b86e41a77,51.90497723333333,4.487201016666667,False,False,bicycle,electric_assist
2026-06-22T04:16:42Z,felyx,felyx:9d466e051680,51.91024983333334,4.375359416666666,False,False,bicycle,electric_assist
2026-06-22T04:16:42Z,felyx,felyx:b779f9d3c910,51.91481699999999,4.499150733333334,False,False,bicycle,electric_assist
2026-06-22T04:16:42Z,felyx,felyx:9f4c65f380f5,51.96000433333334,4.4768397166666665,False,False,bicycle,electric_assist
2026-06-22T04:16:42Z,felyx,felyx:8ee2a3632ed3,51.907612533333335,4.4458358166666665,False,False,bicycle,electric_assist
2026-06-22T04:16:42Z,felyx,felyx:88fde6c9dae0,51.876698516666664,4.485764116666667,False,False,bicycle,electric_assist
2026-06-22T04:16:42Z,felyx,felyx:e07521e908ac,51.92267223333333,4.497617916666666,False,False,bicycle,electric_assist
2026-06-22T04:16:42Z,felyx,felyx:0f1d0e8c617f,51.938996033333325,4.469208916666666,False,False,bicycle,electric_assist
2026-06-22T04:16:42Z,felyx,felyx:d49c065713aa,51.91605843333333,4.5257635,False,False,bicycle,electric_assist
2026-06-22T04:16:42Z,felyx,felyx:6621a0bf2232,51.92712933333333,4.476339016666667,False,False,bicycle,electric_assist
2026-06-22T04:16:42Z,felyx,felyx:e89fb066a1f0,51.94181173333334,4.5463856,False,False,bicycle,electric_assist
2026-06-22T04:16:42Z,felyx,felyx:54e044cfa9f7,51.91073783333333,4.5125551,False,False,bicycle,electric_assist
2026-06-22T04:16:42Z,felyx,felyx:127107a89c5f,51.91155623333334,4.449712016666666,False,True,bicycle,electric_assist
2026-06-22T04:16:42Z,felyx,felyx:ad5f29dc7e95,51.91908423333332,4.507410500000001,False,True,bicycle,electric_assist
2026-06-22T04:16:42Z,felyx,felyx:9122c9df42f1,51.91751553333334,4.380838016666667,False,False,bicycle,electric_assist
2026-06-22T04:16:42Z,felyx,felyx:28cf17912d1e,51.94938918333334,4.554549216666667,False,False,bicycle,electric_assist
2026-06-22T04:16:42Z,felyx,felyx:1516ce9efc40,51.94168553333334,4.4259773,False,False,bicycle,electric_assist
2026-06-22T04:16:42Z,felyx,felyx:bf6fc19faeca,51.926850933333334,4.518152199999999,False,False,bicycle,electric_assist
2026-06-22T04:16:42Z,felyx,felyx:482732be7005,51.93488304999999,4.4701117166666675,False,False,bicycle,electric_assist
2026-06-22T04:16:42Z,felyx,felyx:301024f09136,51.913369533333324,4.459709916666668,False,True,bicycle,electric_assist
2026-06-22T04:16:42Z,felyx,felyx:a2eb55ac4b00,51.93051643333334,4.5025014,False,False,bicycle,electric_assist
2026-06-22T04:16:42Z,felyx,felyx:6a41c200c77d,51.93490011666665,4.47013025,False,False,bicycle,electric_assist
2026-06-22T04:16:42Z,felyx,felyx:041fea92d660,51.92996993333333,4.480747816666667,False,True,bicycle,electric_assist
2026-06-22T04:16:42Z,felyx,felyx:e664a8495cc5,51.93450813333334,4.4998129166666665,False,False,bicycle,electric_assist
2026-06-22T04:16:42Z,felyx,felyx:b02e92770654,51.89183781666667,4.480612216666667,False,True,bicycle,electric_assist
2026-06-22T04:16:42Z,felyx,felyx:ae62211f0c61,51.94217413333333,4.460509616666668,False,True,bicycle,electric_assist
2026-06-22T04:16:42Z,felyx,felyx:815c3093af8f,51.94531911666665,4.46756095,False,False,bicycle,electric_assist
2026-06-22T04:16:42Z,felyx,felyx:ce7f3c41be02,51.90934253333334,4.471380416666666,False,True,bicycle,electric_assist
2026-06-22T04:16:42Z,felyx,felyx:0d6f54ca3439,51.95038943333335,4.546864,False,False,bicycle,electric_assist
2026-06-22T04:16:42Z,felyx,felyx:b4916dd21f24,51.945483833333334,4.4082699,False,True,bicycle,electric_assist
2026-06-22T04:16:42Z,felyx,felyx:c6b9373a20dd,51.980052533333335,4.580826300000001,False,False,bicycle,electric_assist
2026-06-22T04:16:42Z,felyx,felyx:873b47823732,51.88867948333333,4.488823,False,False,bicycle,electric_assist
2026-06-22T04:16:42Z,felyx,felyx:e9d16e60a1c0,51.899317716666665,4.485228616666666,False,False,bicycle,electric_assist
2026-06-22T04:16:42Z,felyx,felyx:6440db00ea05,51.94046823333333,4.5583102,True,False,bicycle,electric_assist
2026-06-22T04:16:42Z,felyx,felyx:3087054ee240,51.91303023333333,4.613661916666665,False,True,bicycle,electric_assist
2026-06-22T04:16:42Z,felyx,felyx:b4d59af62f64,51.89219321666666,4.5696467,False,False,bicycle,electric_assist
2026-06-22T04:16:42Z,felyx,felyx:0b2b0dc9be5c,51.88651901666667,4.549321600000001,False,False,bicycle,electric_assist
2026-06-22T04:16:42Z,felyx,felyx:510f47bc2fd3,51.92544113333334,4.487697416666666,False,False,bicycle,electric_assist
2026-06-22T04:16:42Z,felyx,felyx:f13a865c6158,51.96336303333332,4.5342958,False,False,bicycle,electric_assist
2026-06-22T04:16:42Z,felyx,felyx:77f68cd2ae9c,51.90795728333333,4.452895716666666,False,False,bicycle,electric_assist
2026-06-22T04:16:42Z,felyx,felyx:98784a92ef48,51.92306133333333,4.484549216666667,False,False,bicycle,electric_assist
2026-06-22T04:16:42Z,felyx,felyx:045ca7298ac2,51.87476111666666,4.471022016666667,False,False,bicycle,electric_assist
2026-06-22T04:16:42Z,felyx,felyx:09be78c64449,51.93484436666666,4.470056233333334,False,True,bicycle,electric_assist
2026-06-22T04:16:42Z,felyx,felyx:c5fd7e6ec532,51.91090183333334,4.460402416666666,False,False,bicycle,electric_assist
2026-06-22T04:16:42Z,felyx,felyx:d1f3044404b8,51.90603663333333,4.446340116666668,False,False,bicycle,electric_assist
2026-06-22T04:16:42Z,felyx,felyx:5d38c1062768,51.88429349999999,4.470915566666667,False,False,bicycle,electric_assist
2026-06-22T04:16:42Z,felyx,felyx:927fc9683391,51.89462331666667,4.501722,False,True,bicycle,electric_assist
2026-06-22T04:16:42Z,felyx,felyx:a4f9676071ff,51.90785391666666,4.466912833333333,False,False,bicycle,electric_assist
2026-06-22T04:16:42Z,felyx,felyx:29e9fa04c22f,51.93211963333332,4.401241000000001,False,False,bicycle,electric_assist
2026-06-22T04:16:42Z,felyx,felyx:7112c5dc3b61,51.93378913333333,4.4648779166666674,False,True,bicycle,electric_assist
2026-06-22T04:16:42Z,felyx,felyx:f3ee2345eeb1,51.933845633333334,4.481050516666666,False,False,bicycle,electric_assist
2026-06-22T04:16:42Z,felyx,felyx:3bbe288377f6,51.902233133333326,4.461260116666668,False,False,bicycle,electric_assist
2026-06-22T04:16:42Z,felyx,felyx:9f765e685950,51.91800963333332,4.457752616666666,False,False,bicycle,electric_assist
2026-06-22T04:16:42Z,felyx,felyx:6f7f859c5250,51.90112723333333,4.459486916666667,False,False,bicycle,electric_assist
2026-06-22T04:16:42Z,felyx,felyx:09af23eb1b3b,51.91129453333333,4.5247158,False,False,bicycle,electric_assist
2026-06-22T04:16:42Z,felyx,felyx:caae6fd2d0e9,51.900832433333335,4.490597616666666,False,True,bicycle,electric_assist
2026-06-22T04:16:42Z,felyx,felyx:2b6ea9014ed9,51.93383673333332,4.5398342000000005,False,False,bicycle,electric_assist
2026-06-22T04:16:42Z,felyx,felyx:ad01d8a9f891,51.918185233333325,4.474441716666667,False,False,bicycle,electric_assist
2026-06-22T04:16:42Z,felyx,felyx:155140cfb17b,51.91288413333333,4.522088599999999,False,False,bicycle,electric_assist
2026-06-22T04:16:42Z,felyx,felyx:e832be4a3897,51.938003433333336,4.4262003000000005,False,False,bicycle,electric_assist
2026-06-22T04:16:42Z,felyx,felyx:7cf0b1184991,51.88687311666665,4.497725116666667,False,False,bicycle,electric_assist
2026-06-22T04:16:42Z,felyx,felyx:b2378cb2a3e9,51.927969233333336,4.536022600000001,False,True,bicycle,electric_assist
2026-06-22T04:16:42Z,felyx,felyx:0bffe3e75199,51.93257663333334,4.4661362166666665,False,True,bicycle,electric_assist
2026-06-22T04:16:42Z,felyx,felyx:817515871410,51.90386283333334,4.5130059000000005,False,False,bicycle,electric_assist
2026-06-22T04:16:42Z,felyx,felyx:3a4946c5199e,51.92863323333333,4.5071114,False,False,bicycle,electric_assist
2026-06-22T04:16:42Z,felyx,felyx:530bb6740e9d,51.91574843333333,4.450501916666667,False,False,bicycle,electric_assist
2026-06-22T04:16:42Z,felyx,felyx:97a34d0692d7,51.96352763333334,4.5020669,False,True,bicycle,electric_assist
2026-06-22T04:16:42Z,felyx,felyx:84765460ff9a,51.90837214999999,4.504609983333333,False,True,bicycle,electric_assist
2026-06-22T04:16:42Z,felyx,felyx:cd670a2cf61e,51.90082973333333,4.4978502166666665,False,False,bicycle,electric_assist
2026-06-22T04:16:42Z,felyx,felyx:61d3aa7665e2,51.926633733333325,4.5277766,False,False,bicycle,electric_assist
2026-06-22T04:16:42Z,felyx,felyx:7aceccdafdea,51.949925933333326,4.514245,False,False,bicycle,electric_assist
2026-06-22T04:16:42Z,felyx,felyx:8f8f62beaac5,51.91926753333334,4.505286600000001,False,False,bicycle,electric_assist
2026-06-22T04:16:42Z,felyx,felyx:ee1b06515c83,51.92636393333334,4.496510416666666,False,False,bicycle,electric_assist
2026-06-22T04:16:42Z,felyx,felyx:87fb880821ae,51.91190893333333,4.4923662166666665,False,False,bicycle,electric_assist
2026-06-22T04:16:42Z,felyx,felyx:74b2a79a3c70,51.920764999999996,4.408115666666667,False,True,bicycle,electric_assist
2026-06-22T04:16:42Z,felyx,felyx:22e242f9708c,51.921753333333335,4.533818299999999,False,False,bicycle,electric_assist
2026-06-22T04:16:42Z,felyx,felyx:d5c834bfd1bd,51.91252713333333,4.4219042,False,False,bicycle,electric_assist
2026-06-22T04:16:42Z,felyx,felyx:2ef08b62ff68,51.93275693333333,4.463958016666667,False,False,bicycle,electric_assist
2026-06-22T04:16:42Z,felyx,felyx:c9b9c0f7f95e,51.92622053333332,4.4232061,False,False,bicycle,electric_assist
2026-06-22T04:16:42Z,felyx,felyx:7eb8a5de82a0,51.89917581666668,4.481898516666666,False,False,bicycle,electric_assist
2026-06-22T04:16:42Z,felyx,felyx:1b7d26c9d160,51.89883651666668,4.5645509,False,False,bicycle,electric_assist
2026-06-22T04:16:42Z,felyx,felyx:a923629be6ca,51.93576383333333,4.486485616666667,False,False,bicycle,electric_assist
2026-06-22T04:16:42Z,felyx,felyx:751ebd52ecbe,51.90788923333333,4.467026416666667,False,True,bicycle,electric_assist
2026-06-22T04:16:42Z,felyx,felyx:c71611ded5a4,51.91013043333333,4.461597816666666,False,False,bicycle,electric_assist
2026-06-22T04:16:42Z,felyx,felyx:e3cc5938be63,51.94184303333333,4.5464667,False,False,bicycle,electric_assist
2026-06-22T04:16:42Z,felyx,felyx:aec7f5ba36e5,51.88280031666667,4.504390000000001,False,False,bicycle,electric_assist
2026-06-22T04:16:42Z,felyx,felyx:8ef33474803d,51.92984119999999,4.456577766666666,False,False,bicycle,electric_assist
2026-06-22T04:16:42Z,felyx,felyx:f915a669e03c,51.92252321666667,4.5030783166666675,False,False,bicycle,electric_assist
2026-06-22T04:16:42Z,felyx,felyx:7ebaf5c7f9d1,51.908195833333345,4.459983316666667,False,False,bicycle,electric_assist
2026-06-22T04:16:42Z,felyx,felyx:13c98dbfc4fd,51.90857173333333,4.492497716666667,False,False,bicycle,electric_assist
2026-06-22T04:16:42Z,felyx,felyx:bd2e86412c8a,51.87446441666666,4.4778558166666675,False,False,bicycle,electric_assist
2026-06-22T04:16:42Z,felyx,felyx:dc2ba4e5f5ac,51.94260263333333,4.481347916666667,False,False,bicycle,electric_assist
2026-06-22T04:16:42Z,felyx,felyx:72feee81c8ed,51.92029943333333,4.4226971,False,False,bicycle,electric_assist
2026-06-22T04:16:42Z,felyx,felyx:dc6f4e5a840a,51.93140193333333,4.436828599999999,False,False,bicycle,electric_assist
2026-06-22T04:16:42Z,felyx,felyx:1b72a07ffde3,51.90934563333333,4.471474916666666,False,False,bicycle,electric_assist
2026-06-22T04:16:42Z,felyx,felyx:670e66a2b6ce,51.91423543333333,4.471355116666667,False,False,bicycle,electric_assist
2026-06-22T04:16:42Z,felyx,felyx:bb67a08602ca,51.96085633333334,4.5296064000000005,False,True,bicycle,electric_assist
2026-06-22T04:16:42Z,felyx,felyx:5fe8e0fa8c2d,51.91624713333334,4.413975799999999,False,False,bicycle,electric_assist
2026-06-22T04:16:42Z,felyx,felyx:3a151d39733d,51.92101853333333,4.559234,False,True,bicycle,electric_assist
2026-06-22T04:16:42Z,felyx,felyx:236929cb255b,51.94209163333333,4.4211775,False,False,bicycle,electric_assist
2026-06-22T04:16:42Z,felyx,felyx:76c539bd4cf5,51.916007233333325,4.5144896,False,False,bicycle,electric_assist
2026-06-22T04:16:42Z,felyx,felyx:a2d0fc5ab9cd,51.914408583333326,4.437046833333333,False,False,bicycle,electric_assist
2026-06-22T04:16:42Z,felyx,felyx:5552e4a45609,51.90568443333333,4.462922116666666,False,False,bicycle,electric_assist
2026-06-22T04:16:42Z,felyx,felyx:604e4767dc57,51.897839416666656,4.5081756,False,True,bicycle,electric_assist
2026-06-22T04:16:42Z,felyx,felyx:ec4485f889a0,51.94245973333333,4.5378419,False,True,bicycle,electric_assist
2026-06-22T04:16:42Z,felyx,felyx:341c8ae5b724,51.957677433333345,4.473511916666666,False,False,bicycle,electric_assist
2026-06-22T04:16:42Z,felyx,felyx:666fa0f5c56e,51.93230453333334,4.484840416666666,False,False,bicycle,electric_assist
2026-06-22T04:16:42Z,felyx,felyx:6336c9411878,51.91145773333333,4.4246232,False,False,bicycle,electric_assist
2026-06-22T04:16:42Z,felyx,felyx:fd41f9a60c39,51.919304133333334,4.5051821,False,True,bicycle,electric_assist
2026-06-22T04:16:42Z,felyx,felyx:0ce731552805,51.880367233333324,4.535894266666666,False,False,bicycle,electric_assist
2026-06-22T04:16:42Z,felyx,felyx:f4d667be9d85,51.90459353333334,4.456876516666667,False,False,bicycle,electric_assist
2026-06-22T04:16:42Z,felyx,felyx:764e87f49167,51.89867581666667,4.475872016666667,False,True,bicycle,electric_assist
2026-06-22T04:16:42Z,felyx,felyx:f050ac49c1de,51.88619751666666,4.5492959,False,False,bicycle,electric_assist
2026-06-22T04:16:42Z,felyx,felyx:7f8d11cd346c,51.88869901666666,4.5088446000000015,False,False,bicycle,electric_assist
2026-06-22T04:16:42Z,felyx,felyx:196b7c434135,51.94289503333333,4.4240337,False,False,bicycle,electric_assist
2026-06-22T04:16:42Z,felyx,felyx:c455e737dc98,51.917048833333325,4.5232958000000005,False,False,bicycle,electric_assist
2026-06-22T04:16:42Z,felyx,felyx:dd309fcbb1bf,51.895591716666665,4.5064738,False,True,bicycle,electric_assist
2026-06-22T04:16:42Z,felyx,felyx:8fc3da370089,51.93404703333334,4.459536916666667,False,False,bicycle,electric_assist
2026-06-22T04:16:42Z,felyx,felyx:23e3a1dc684c,51.88958421666667,4.5069293,False,False,bicycle,electric_assist
2026-06-22T04:16:42Z,felyx,felyx:6f54f928d718,51.90877913333333,4.498940416666667,False,False,bicycle,electric_assist
2026-06-22T04:16:42Z,felyx,felyx:056d8248d4b2,51.88038531666667,4.5358434999999995,False,False,bicycle,electric_assist
2026-06-22T04:16:42Z,felyx,felyx:892f369cde14,51.91524396666667,4.410138983333334,False,False,bicycle,electric_assist
2026-06-22T04:16:42Z,felyx,felyx:7f095b20f566,51.92450343333332,4.5098358,False,True,bicycle,electric_assist
2026-06-22T04:16:42Z,felyx,felyx:0eba6e7668ae,51.916609833333325,4.4661676166666675,False,False,bicycle,electric_assist
2026-06-22T04:16:42Z,felyx,felyx:7e9142ecb9d5,51.90841043333333,4.4595396166666665,False,False,bicycle,electric_assist
2026-06-22T04:16:42Z,felyx,felyx:e202ae87f4c1,51.921011633333336,4.559197099999999,False,True,bicycle,electric_assist
2026-06-22T04:16:42Z,felyx,felyx:8be034269e45,51.87032331666666,4.463085516666667,False,True,bicycle,electric_assist
2026-06-22T04:16:42Z,felyx,felyx:adc48b562886,51.93013353333335,4.464773616666667,False,False,bicycle,electric_assist
2026-06-22T04:16:42Z,felyx,felyx:06405c5318ca,51.89310161666667,4.5392127,False,False,bicycle,electric_assist
2026-06-22T04:16:42Z,felyx,felyx:a72e135f6c38,51.89652471666666,4.419117400000001,False,False,bicycle,electric_assist
2026-06-22T04:16:42Z,felyx,felyx:bcfcb747ec10,51.90348743333334,4.471606016666666,False,False,bicycle,electric_assist
2026-06-22T04:16:42Z,felyx,felyx:cd22e78bb734,51.96743653333333,4.4967338166666675,False,True,bicycle,electric_assist
2026-06-22T04:16:42Z,felyx,felyx:0440367c7f22,51.91929773333332,4.442491116666666,False,False,bicycle,electric_assist
2026-06-22T04:16:42Z,felyx,felyx:560d96080a8f,51.961195783333345,4.5051651,False,False,bicycle,electric_assist
2026-06-22T04:16:42Z,felyx,felyx:e2d76724d02d,51.94575893333334,4.449236716666667,False,False,bicycle,electric_assist
2026-06-22T04:16:42Z,felyx,felyx:a9cc09624b65,51.87670361666666,4.497086216666668,False,False,bicycle,electric_assist
2026-06-22T04:16:42Z,felyx,felyx:a455baf03ebb,51.90563543333332,4.453742216666668,False,False,bicycle,electric_assist
2026-06-22T04:16:42Z,felyx,felyx:c799bd87c98e,51.89268731666666,4.489987316666668,False,True,bicycle,electric_assist
2026-06-22T04:16:42Z,felyx,felyx:458a0a56c2ac,51.91737313333333,4.420497700000001,False,False,bicycle,electric_assist
2026-06-22T04:16:42Z,felyx,felyx:0eb4ab3d2d22,51.92221193333333,4.502296599999999,False,False,bicycle,electric_assist
2026-06-22T04:16:42Z,felyx,felyx:dafd135a7835,51.978937349999995,4.5861879000000005,False,True,bicycle,electric_assist
2026-06-22T04:16:42Z,felyx,felyx:f76dd8162a8c,51.96320633333333,4.486735916666667,False,True,bicycle,electric_assist
2026-06-22T04:16:42Z,felyx,felyx:318779e8e34b,51.87426311666666,4.5230807,False,True,bicycle,electric_assist
2026-06-22T04:16:42Z,felyx,felyx:222d7d11519e,51.95235183333333,4.467915816666666,False,False,bicycle,electric_assist
2026-06-22T04:16:42Z,felyx,felyx:06c2950fe359,51.904478433333324,4.460438616666667,False,False,bicycle,electric_assist
2026-06-22T04:16:42Z,felyx,felyx:58c6b4156698,51.92821643333333,4.462413716666667,False,False,bicycle,electric_assist
2026-06-22T04:16:42Z,felyx,felyx:1da3892f9590,51.905300933333336,4.446106316666666,False,False,bicycle,electric_assist
2026-06-22T04:16:42Z,felyx,felyx:19b0f18c0106,51.93047216666667,4.470784166666666,False,True,bicycle,electric_assist
2026-06-22T04:16:42Z,felyx,felyx:1835d540964f,51.91745393333333,4.4774108166666675,False,True,bicycle,electric_assist
2026-06-22T04:16:42Z,felyx,felyx:5227362eb398,51.92684053333333,4.462840016666666,False,False,bicycle,electric_assist
2026-06-22T04:16:42Z,felyx,felyx:2775bde28837,51.94994713333334,4.514349100000001,False,False,bicycle,electric_assist
2026-06-22T04:16:42Z,felyx,felyx:49a3c09fa855,51.914546833333326,4.490588016666666,False,True,bicycle,electric_assist
2026-06-22T04:16:42Z,felyx,felyx:90abc706f045,51.90711693333333,4.5251282999999995,False,False,bicycle,electric_assist
2026-06-22T04:16:42Z,felyx,felyx:88b92acb4621,51.96334173333334,4.554587799999999,False,False,bicycle,electric_assist
2026-06-22T04:16:42Z,felyx,felyx:f84ba4eefeb4,51.90710573333333,4.454746116666667,False,False,bicycle,electric_assist
2026-06-22T04:16:42Z,felyx,felyx:f30f8b6060b8,51.88955341666666,4.480531116666667,False,False,bicycle,electric_assist
2026-06-22T04:16:42Z,felyx,felyx:ab59cadbb080,51.88595681666667,4.461708116666666,False,False,bicycle,electric_assist
2026-06-22T04:16:42Z,felyx,felyx:22443211df08,51.90698383333333,4.455930216666668,False,False,bicycle,electric_assist
2026-06-22T04:16:42Z,felyx,felyx:4573134fdb4e,51.907516533333336,4.4615261166666675,False,False,bicycle,electric_assist
2026-06-22T04:16:42Z,felyx,felyx:1a7817d89998,51.92147126666667,4.531703966666666,False,True,bicycle,electric_assist
2026-06-22T04:16:42Z,felyx,felyx:73a057502e0d,51.92381283333334,4.505664299999999,False,False,bicycle,electric_assist
2026-06-22T04:16:42Z,felyx,felyx:8e17f5233e76,51.89692881666667,4.5053756,False,True,bicycle,electric_assist
2026-06-22T04:16:42Z,felyx,felyx:047645f4fdf3,51.88739491666667,4.458099716666666,False,False,bicycle,electric_assist
2026-06-22T04:16:42Z,felyx,felyx:375cb7fdc850,51.895291316666665,4.5634557,False,False,bicycle,electric_assist
2026-06-22T04:16:42Z,felyx,felyx:5eb20eaf75b2,51.92731973333333,4.5194488,False,False,bicycle,electric_assist
2026-06-22T04:16:42Z,felyx,felyx:2afb23203752,51.95180493333334,4.524555599999999,False,False,bicycle,electric_assist
2026-06-22T04:16:42Z,felyx,felyx:eb14c5c2d51f,51.88014875,4.472657200000001,False,True,bicycle,electric_assist
2026-06-22T04:16:42Z,felyx,felyx:d98cd0b12ead,51.91125663333334,4.524831699999999,False,False,bicycle,electric_assist
2026-06-22T04:16:42Z,felyx,felyx:4aac3bb33761,51.92553661666666,4.4154403,False,False,bicycle,electric_assist
2026-06-22T04:16:42Z,felyx,felyx:cf7433e90150,51.93194333333333,4.486355216666666,False,False,bicycle,electric_assist
2026-06-22T04:16:42Z,felyx,felyx:e4c6c9a17e47,51.90933603333333,4.482590216666667,False,False,bicycle,electric_assist
2026-06-22T04:16:42Z,felyx,felyx:228dbdbc5fef,51.96154783333333,4.5104411,False,False,bicycle,electric_assist
2026-06-22T04:16:42Z,felyx,felyx:84e52ba862f8,51.90703581666666,4.575459883333334,False,True,bicycle,electric_assist
2026-06-22T04:16:42Z,felyx,felyx:68873f499785,51.91248863333334,4.4303916999999995,False,True,bicycle,electric_assist
2026-06-22T04:16:42Z,felyx,felyx:0a5a32d055e8,51.876757216666654,4.498691116666667,False,False,bicycle,electric_assist
2026-06-22T04:16:42Z,felyx,felyx:20a6e6e1616d,51.94521383333334,4.475095716666667,False,False,bicycle,electric_assist
2026-06-22T04:16:42Z,felyx,felyx:7504786fcfe8,51.91224063333334,4.499504016666667,False,False,bicycle,electric_assist
2026-06-22T04:16:42Z,felyx,felyx:45005646ec25,51.91928043333334,4.444607516666666,False,False,bicycle,electric_assist
2026-06-22T04:16:42Z,felyx,felyx:fd988ab6776c,51.91518043333334,4.440137516666666,False,True,bicycle,electric_assist
2026-06-22T04:16:42Z,felyx,felyx:df01164b68a9,51.93425383333332,4.4333569,False,False,bicycle,electric_assist
2026-06-22T04:16:42Z,felyx,felyx:3a1c7cb26153,51.88642121666666,4.5492627,False,False,bicycle,electric_assist
2026-06-22T04:16:42Z,felyx,felyx:b518051169fd,51.87316271666667,4.490437816666667,False,False,bicycle,electric_assist
2026-06-22T04:16:42Z,felyx,felyx:0e7f31382a0d,51.936895733333316,4.4794387166666665,False,False,bicycle,electric_assist
2026-06-22T04:16:42Z,felyx,felyx:ca190f2a14e3,51.92277973333332,4.5012101,False,False,bicycle,electric_assist
2026-06-22T04:16:42Z,felyx,felyx:7e5618b16d6e,51.87764881666667,4.474832383333332,False,True,bicycle,electric_assist
2026-06-22T04:16:42Z,felyx,felyx:42ca485bb6ae,51.920967533333325,4.4861231166666675,False,True,bicycle,electric_assist
2026-06-22T04:16:42Z,felyx,felyx:d5efa7cd43e5,51.883246516666674,4.511159500000001,False,False,bicycle,electric_assist
2026-06-22T04:16:42Z,felyx,felyx:ede04cec379d,51.90716793333333,4.500664499999999,False,True,bicycle,electric_assist
2026-06-22T04:16:42Z,felyx,felyx:24038f3af52e,51.91642783333333,4.443577116666667,True,False,bicycle,electric_assist
2026-06-22T04:16:42Z,felyx,felyx:cd13836857c7,51.89885101666667,4.564634,False,False,bicycle,electric_assist
2026-06-22T04:16:42Z,felyx,felyx:2364d5b8b750,51.91830943333333,4.4322508,False,False,bicycle,electric_assist
2026-06-22T04:16:42Z,felyx,felyx:39f54b0a29ee,51.922520433333325,4.5030183,False,False,bicycle,electric_assist
2026-06-22T04:16:42Z,felyx,felyx:bff4a16e41ad,51.94597233333334,4.5412869,False,True,bicycle,electric_assist
2026-06-22T04:16:42Z,felyx,felyx:693e2906bdcc,51.93174153333333,4.428885299999999,False,False,bicycle,electric_assist
2026-06-22T04:16:42Z,felyx,felyx:935b09b4e626,51.90798793333333,4.5122085,False,True,bicycle,electric_assist
2026-06-22T04:16:42Z,felyx,felyx:45521b4fdaf5,51.87482645000001,4.5245262833333335,False,True,bicycle,electric_assist
2026-06-22T04:16:42Z,felyx,felyx:b15cea2044c6,51.93382683333333,4.465712716666666,False,True,bicycle,electric_assist
2026-06-22T04:16:42Z,felyx,felyx:489ba8920543,51.887800016666674,4.462741516666667,False,False,bicycle,electric_assist
2026-06-22T04:16:42Z,felyx,felyx:f22ef6904f88,51.92862953333333,4.464746216666667,False,False,bicycle,electric_assist
2026-06-22T04:16:42Z,felyx,felyx:1b7960d60fdc,51.93947043333332,4.482455116666668,False,False,bicycle,electric_assist
2026-06-22T04:16:42Z,felyx,felyx:72164ef7d0d4,51.90299663333333,4.467340316666666,False,False,bicycle,electric_assist
2026-06-22T04:16:42Z,felyx,felyx:0a23248be9cc,51.93122733333333,4.427008,False,True,bicycle,electric_assist
2026-06-22T04:16:42Z,felyx,felyx:ed9be5ffd92d,51.919636733333334,4.5087095999999995,False,False,bicycle,electric_assist
2026-06-22T04:16:42Z,felyx,felyx:65bc575d0708,51.93177253333333,4.484067716666667,False,True,bicycle,electric_assist
2026-06-22T04:16:42Z,felyx,felyx:07c415f49270,51.90474823333334,4.4054051,False,False,bicycle,electric_assist
2026-06-22T04:16:42Z,felyx,felyx:48aee8ef26c2,51.91144283333333,4.4781728166666666,False,False,bicycle,electric_assist
2026-06-22T04:16:42Z,felyx,felyx:63e19f3e3e36,51.91915683333333,4.4183162000000005,False,False,bicycle,electric_assist
2026-06-22T04:16:42Z,felyx,felyx:cd998743a87c,51.932390633333334,4.481036716666667,False,False,bicycle,electric_assist
2026-06-22T04:16:42Z,felyx,felyx:6a880668854e,51.95188373333334,4.466392716666666,False,True,bicycle,electric_assist
2026-06-22T04:16:42Z,felyx,felyx:17871b413633,51.887577516666674,4.4641548166666665,False,True,bicycle,electric_assist
2026-06-22T04:16:42Z,felyx,felyx:8dd061470589,51.95064313333334,4.5186093,False,True,bicycle,electric_assist
2026-06-22T04:16:42Z,felyx,felyx:0c4c57b5d320,51.876910416666675,4.482152516666667,False,False,bicycle,electric_assist
2026-06-22T04:16:42Z,felyx,felyx:50aed1d1e347,51.94617303333333,4.478464716666666,False,False,bicycle,electric_assist
2026-06-22T04:16:42Z,felyx,felyx:e7ab66f2bd58,51.90757483333333,4.455500716666667,False,False,bicycle,electric_assist
2026-06-22T04:16:42Z,felyx,felyx:938f299e1793,51.88985521666667,4.492573816666668,False,False,bicycle,electric_assist
2026-06-22T04:16:42Z,felyx,felyx:9dfcaef12ef3,51.93518873333334,4.5343874999999985,False,False,bicycle,electric_assist
2026-06-22T04:16:42Z,felyx,felyx:c30ccd081aad,51.91544353333333,4.476825616666667,False,True,bicycle,electric_assist
2026-06-22T04:16:42Z,felyx,felyx:eb2345863143,51.907874716666655,4.467044483333334,False,True,bicycle,electric_assist
2026-06-22T04:16:42Z,felyx,felyx:aad847246242,51.898835016666666,4.5646344999999995,False,False,bicycle,electric_assist
2026-06-22T04:16:42Z,felyx,felyx:2b02d136bb2e,51.92413093333333,4.490547216666667,False,False,bicycle,electric_assist
2026-06-22T04:16:42Z,felyx,felyx:c255c416af88,51.87180011666667,4.495038316666665,False,False,bicycle,electric_assist
2026-06-22T04:16:42Z,felyx,felyx:8d269b7b0371,51.90568623333334,4.462884216666668,False,False,bicycle,electric_assist
2026-06-22T04:16:42Z,felyx,felyx:bc039d42e33c,51.87375941666665,4.477058416666667,False,False,bicycle,electric_assist
2026-06-22T04:16:42Z,felyx,felyx:b5ea4d110a37,51.908131033333326,4.492390216666667,False,True,bicycle,electric_assist
2026-06-22T04:16:42Z,felyx,felyx:9e50bbe2bd82,51.907671133333324,4.4510395166666665,False,True,bicycle,electric_assist
2026-06-22T04:16:42Z,felyx,felyx:73945925a207,51.93730343333333,4.497989616666666,False,True,bicycle,electric_assist
2026-06-22T04:16:42Z,felyx,felyx:0289dc2e3b79,51.942178933333324,4.4606386166666665,False,False,bicycle,electric_assist
2026-06-22T04:16:42Z,felyx,felyx:ab4658cce73e,51.900007233333326,4.481900016666667,False,False,bicycle,electric_assist
2026-06-22T04:16:42Z,felyx,felyx:399af53ed460,51.90555916666668,4.509618249999999,False,False,bicycle,electric_assist
2026-06-22T04:16:42Z,felyx,felyx:820857644b47,51.92807063333333,4.486773416666668,False,True,bicycle,electric_assist
2026-06-22T04:16:42Z,felyx,felyx:094868ba9cbf,51.88061341666667,4.531978099999999,False,False,bicycle,electric_assist
2026-06-22T04:16:42Z,felyx,felyx:e2d6d6ff4422,51.93693103333332,4.4912390166666665,False,False,bicycle,electric_assist
2026-06-22T04:16:42Z,felyx,felyx:a1a50ee0cc44,51.928601733333345,4.492878016666666,False,False,bicycle,electric_assist
2026-06-22T04:16:42Z,felyx,felyx:4592e15fa333,51.92246023333333,4.383037516666667,False,True,bicycle,electric_assist
2026-06-22T04:16:42Z,felyx,felyx:54e931cf5b23,51.963237333333346,4.493627016666666,False,False,bicycle,electric_assist
2026-06-22T04:16:42Z,felyx,felyx:c1054b6d6298,51.88681621666666,4.478207716666667,False,False,bicycle,electric_assist
2026-06-22T04:16:42Z,felyx,felyx:134d4e42b466,51.884652416666654,4.471707716666667,False,False,bicycle,electric_assist
2026-06-22T04:16:42Z,felyx,felyx:ad610a38d196,51.910233633333334,4.470142916666667,False,True,bicycle,electric_assist
2026-06-22T04:16:42Z,felyx,felyx:5c82610e933f,51.939929633333335,4.425403700000001,False,False,bicycle,electric_assist
2026-06-22T04:16:42Z,felyx,felyx:eb895a783572,51.88426391666667,4.470793316666667,False,False,bicycle,electric_assist
2026-06-22T04:16:42Z,felyx,felyx:d20c088caa27,51.94316393333333,4.4201016,False,True,bicycle,electric_assist
2026-06-22T04:16:42Z,felyx,felyx:46edefb857a6,51.93175513333335,4.5639021,False,False,bicycle,electric_assist
2026-06-22T04:16:42Z,felyx,felyx:9b632bd1e9ee,51.91500273333334,4.392716316666667,False,False,bicycle,electric_assist
2026-06-22T04:16:42Z,felyx,felyx:10bfa60320be,51.903074133333334,4.4049848,False,False,bicycle,electric_assist
2026-06-22T04:16:42Z,felyx,felyx:b4851c461f7d,51.90971283333332,4.446073116666666,False,False,bicycle,electric_assist
2026-06-22T04:16:42Z,felyx,felyx:77a8f7e594dc,51.87917331666665,4.548325799999999,False,True,bicycle,electric_assist
2026-06-22T04:16:42Z,felyx,felyx:c889bebf3589,51.902185633333325,4.461233216666667,True,False,bicycle,electric_assist
2026-06-22T04:16:42Z,felyx,felyx:5783b8b328bb,51.92838603333332,4.5150473,False,False,bicycle,electric_assist
2026-06-22T04:16:42Z,felyx,felyx:49e1e58eb35c,51.922832433333326,4.469633116666666,False,False,bicycle,electric_assist
2026-06-22T04:16:42Z,felyx,felyx:f89aae995c9b,51.87263371666667,4.491328116666667,False,False,bicycle,electric_assist
2026-06-22T04:16:42Z,felyx,felyx:3d61e3f8da4c,51.913404133333344,4.4003375,False,True,bicycle,electric_assist
2026-06-22T04:16:42Z,felyx,felyx:e9356ce7785c,51.92860736666667,4.4868581,False,False,bicycle,electric_assist
2026-06-22T04:16:42Z,felyx,felyx:6a0587fd0236,51.93433573333333,4.5423629,False,False,bicycle,electric_assist
2026-06-22T04:16:42Z,felyx,felyx:9d95bec67c2f,51.88640711666667,4.549301499999999,False,True,bicycle,electric_assist
2026-06-22T04:16:42Z,felyx,felyx:e544af5c4ab6,51.89236071666666,4.530662100000001,False,True,bicycle,electric_assist
2026-06-22T04:16:42Z,felyx,felyx:1a6ff505be70,51.93995303333333,4.425381600000001,False,True,bicycle,electric_assist
2026-06-22T04:16:42Z,felyx,felyx:d3c02e626abb,51.93167173333333,4.464781916666667,False,False,bicycle,electric_assist
2026-06-22T04:16:42Z,felyx,felyx:0aa065b6aef5,51.92101953333333,4.5592649000000005,False,True,bicycle,electric_assist
2026-06-22T04:16:42Z,felyx,felyx:7d9e165af887,51.89070271666666,4.5194101,False,False,bicycle,electric_assist
2026-06-22T04:16:42Z,felyx,felyx:6443424f3630,51.906339633333324,4.460000316666666,False,False,bicycle,electric_assist
2026-06-22T04:16:42Z,felyx,felyx:b9fb6b29b89f,51.951591033333344,4.464401016666667,False,False,bicycle,electric_assist
2026-06-22T04:16:42Z,felyx,felyx:3e6dedf558f6,51.94374643333334,4.4745492166666665,False,False,bicycle,electric_assist
2026-06-22T04:16:42Z,felyx,felyx:026f0b655339,51.91626823333333,4.381667266666666,False,False,bicycle,electric_assist
2026-06-22T04:16:42Z,felyx,felyx:9b725ae316a0,51.916891933333325,4.488250916666666,False,False,bicycle,electric_assist
2026-06-22T04:16:42Z,felyx,felyx:91aa84f1cbfb,51.90934503333333,4.471406916666667,False,True,bicycle,electric_assist
2026-06-22T04:16:42Z,felyx,felyx:f188740a4767,51.934818333333325,4.47011275,False,False,bicycle,electric_assist
2026-06-22T04:16:42Z,felyx,felyx:9681028e0af0,51.93390543333332,4.4532160166666666,False,False,bicycle,electric_assist
2026-06-22T04:16:42Z,felyx,felyx:954108e14b64,51.91556563333333,4.458902516666668,False,False,bicycle,electric_assist
2026-06-22T04:16:42Z,felyx,felyx:13dc6cbf3f91,51.93673283333332,4.476003016666667,False,False,bicycle,electric_assist
2026-06-22T04:16:42Z,felyx,felyx:a7938f2c5fc4,51.921681533333334,4.507005200000001,False,False,bicycle,electric_assist
2026-06-22T04:16:42Z,felyx,felyx:e506cd9ed936,51.92176913333332,4.533813399999999,True,False,bicycle,electric_assist
2026-06-22T04:16:42Z,felyx,felyx:cfdce586c1d3,51.91751473333333,4.5152307,False,False,bicycle,electric_assist
2026-06-22T04:16:42Z,felyx,felyx:ff753ddf1260,51.907355333333335,4.460292916666667,False,False,bicycle,electric_assist
2026-06-22T04:16:42Z,felyx,felyx:4d596823f96c,51.91304403333333,4.5537539,False,False,bicycle,electric_assist
2026-06-22T04:16:42Z,felyx,felyx:38633f393fc2,51.89896521666667,4.5070253,False,False,bicycle,electric_assist
2026-06-22T04:16:42Z,felyx,felyx:daa6d57574e2,51.87730801666667,4.5172080999999995,False,False,bicycle,electric_assist
2026-06-22T04:16:42Z,felyx,felyx:742cbf688590,51.906877633333345,4.385630916666667,False,False,bicycle,electric_assist
2026-06-22T04:16:42Z,felyx,felyx:717585314f38,51.91652583333333,4.443083816666667,False,True,bicycle,electric_assist
2026-06-22T04:16:42Z,felyx,felyx:6ad71df0100d,51.916114533333335,4.468444016666667,False,True,bicycle,electric_assist
2026-06-22T04:16:42Z,felyx,felyx:31b56962256f,51.922131033333336,4.517219099999999,False,False,bicycle,electric_assist
2026-06-22T04:16:42Z,felyx,felyx:45c36fee694f,51.88895861666666,4.466273516666666,False,False,bicycle,electric_assist
2026-06-22T04:16:42Z,felyx,felyx:727a65641fb8,51.92582533333332,4.492787016666667,False,False,bicycle,electric_assist
2026-06-22T04:16:42Z,felyx,felyx:1f2dfc3c4cc6,51.90969113333334,4.495402116666667,False,False,bicycle,electric_assist
2026-06-22T04:16:42Z,felyx,felyx:f19e9a9d80b6,51.91766823333334,4.449777316666668,False,True,bicycle,electric_assist
2026-06-22T04:16:42Z,felyx,felyx:96d26d61bb39,51.931379633333336,4.464807616666667,False,False,bicycle,electric_assist
2026-06-22T04:16:42Z,felyx,felyx:96f26a999849,51.914340133333326,4.460702316666666,False,True,bicycle,electric_assist
2026-06-22T04:16:42Z,felyx,felyx:3f31c75083b4,51.91750833333333,4.463173916666667,False,False,bicycle,electric_assist
2026-06-22T04:16:42Z,felyx,felyx:648ca4293e8d,51.88652811666666,4.5492664,False,False,bicycle,electric_assist
2026-06-22T04:16:42Z,felyx,felyx:029867e2cd2b,51.91495111666666,4.433926733333333,False,False,bicycle,electric_assist
2026-06-22T04:16:42Z,felyx,felyx:5cfb3310065d,51.87585631666668,4.497982716666667,False,False,bicycle,electric_assist
2026-06-22T04:16:42Z,felyx,felyx:a2c0532425d7,51.936365333333335,4.463363916666667,False,True,bicycle,electric_assist
2026-06-22T04:16:42Z,felyx,felyx:755e8cb09a0e,51.94055535,4.473084766666667,False,True,bicycle,electric_assist
2026-06-22T04:16:42Z,felyx,felyx:65860896cf21,51.91884363333334,4.461409716666667,False,False,bicycle,electric_assist
2026-06-22T04:16:42Z,felyx,felyx:b4ea1d1ed37e,51.89959621666666,4.486139616666668,False,False,bicycle,electric_assist
2026-06-22T04:16:42Z,felyx,felyx:bfadb189a2b8,51.88429031666666,4.470862916666667,False,False,bicycle,electric_assist
2026-06-22T04:16:42Z,felyx,felyx:4365a332072e,51.911027433333324,4.483404516666666,False,True,bicycle,electric_assist
2026-06-22T04:16:42Z,felyx,felyx:48900d001525,51.91728393333332,4.4354696,False,False,bicycle,electric_assist
2026-06-22T04:16:42Z,felyx,felyx:d9e29c321b81,51.906293633333334,4.460023016666668,False,False,bicycle,electric_assist
2026-06-22T04:16:42Z,felyx,felyx:d0984512ecd0,51.93218323333334,4.490708916666667,False,False,bicycle,electric_assist
2026-06-22T04:16:42Z,felyx,felyx:a46bfef8c67d,51.920002333333336,4.4203112,False,False,bicycle,electric_assist
2026-06-22T04:16:42Z,felyx,felyx:63d0de452260,51.92253470000001,4.503053716666666,False,False,bicycle,electric_assist
2026-06-22T04:16:42Z,felyx,felyx:7566cccabbf9,51.87845591666666,4.519007,False,False,bicycle,electric_assist
2026-06-22T04:16:42Z,felyx,felyx:8a70d3f985f6,51.9390844,4.422609616666667,False,False,bicycle,electric_assist
2026-06-22T04:16:42Z,felyx,felyx:04e030768f63,51.87716101666667,4.516831999999999,False,False,bicycle,electric_assist
2026-06-22T04:16:42Z,felyx,felyx:6ebab754b7d5,51.91740844999999,4.4205378,False,False,bicycle,electric_assist
2026-06-22T04:16:42Z,felyx,felyx:c7ca9981eeaf,51.93062843333334,4.464087316666667,False,False,bicycle,electric_assist
2026-06-22T04:16:42Z,felyx,felyx:112de031e7b5,51.93727523333334,4.463613116666667,False,True,bicycle,electric_assist
2026-06-22T04:16:42Z,felyx,felyx:0021f0ce045f,51.91286223333333,4.4760080166666665,False,True,bicycle,electric_assist
2026-06-22T04:16:42Z,felyx,felyx:8e9b617176be,51.89254741666667,4.472957316666666,False,False,bicycle,electric_assist
2026-06-22T04:16:42Z,felyx,felyx:c5deb0650179,51.93493613333332,4.491924216666666,False,False,bicycle,electric_assist
2026-06-22T04:16:42Z,felyx,felyx:42f487718cb9,51.92606633333333,4.4969425166666674,False,True,bicycle,electric_assist
2026-06-22T04:16:42Z,felyx,felyx:322ce12411ee,51.93349433333332,4.462650816666666,False,False,bicycle,electric_assist
2026-06-22T04:16:42Z,felyx,felyx:bb198a2a3c73,51.92278813333333,4.481697716666667,False,False,bicycle,electric_assist
2026-06-22T04:16:42Z,felyx,felyx:fa69f6f88a68,51.88646301666666,4.5493274,False,False,bicycle,electric_assist
2026-06-22T04:16:42Z,felyx,felyx:632e73bd5823,51.890585116666664,4.569855099999999,False,True,bicycle,electric_assist
2026-06-22T04:16:42Z,felyx,felyx:9cf1381d1956,51.92267953333333,4.483522916666667,False,False,bicycle,electric_assist
2026-06-22T04:16:42Z,felyx,felyx:ee3070f2ac9d,51.93666523333333,4.497534816666667,False,False,bicycle,electric_assist
2026-06-22T04:16:42Z,felyx,felyx:a7e9b90b7db6,51.928457333333334,4.478323816666666,False,False,bicycle,electric_assist
2026-06-22T04:16:42Z,felyx,felyx:b34b986f7b9c,51.890571349999995,4.5181239500000006,False,False,bicycle,electric_assist
2026-06-22T04:16:42Z,felyx,felyx:dd542be5b92b,51.89403741666667,4.478621516666666,False,False,bicycle,electric_assist
2026-06-22T04:16:42Z,felyx,felyx:88b38089c795,51.920810333333336,4.408270900000001,False,False,bicycle,electric_assist
2026-06-22T04:16:42Z,felyx,felyx:69f6a8a52f8f,51.877161816666664,4.5173144,False,False,bicycle,electric_assist
2026-06-22T04:16:42Z,felyx,felyx:2ec470193477,51.88438081666666,4.4901324166666665,False,True,bicycle,electric_assist
2026-06-22T04:16:42Z,felyx,felyx:01fa4cc3a57f,51.91796213333334,4.5126868,False,False,bicycle,electric_assist
2026-06-22T04:16:42Z,felyx,felyx:51d1ab8f3898,51.898832716666654,4.5646372,False,False,bicycle,electric_assist
2026-06-22T04:16:42Z,felyx,felyx:e67bb70c5bf9,51.93700503333332,4.4205212000000005,False,False,bicycle,electric_assist
2026-06-22T04:16:42Z,felyx,felyx:52b37800002d,51.907878333333336,4.467064116666666,False,False,bicycle,electric_assist
2026-06-22T04:16:42Z,felyx,felyx:3e5733a88501,51.91475443333333,4.4120717,False,False,bicycle,electric_assist
2026-06-22T04:16:42Z,felyx,felyx:a2702d07a5c9,51.91563753333334,4.499275316666667,False,False,bicycle,electric_assist
2026-06-22T04:16:42Z,felyx,felyx:6d1b7ba09ad8,51.93665763333333,4.483490216666667,False,False,bicycle,electric_assist
2026-06-22T04:16:42Z,felyx,felyx:d7e552259660,51.910129383333334,4.4458176,False,False,bicycle,electric_assist
2026-06-22T04:16:42Z,felyx,felyx:088fae05778a,51.93926843333334,4.471118416666667,False,False,bicycle,electric_assist
2026-06-22T04:16:42Z,felyx,felyx:9c85e566cb61,51.90438423333333,4.4603510166666664,False,False,bicycle,electric_assist
2026-06-22T04:16:42Z,felyx,felyx:b67e9473ef0a,51.94248443333332,4.537878799999999,False,True,bicycle,electric_assist
2026-06-22T04:16:42Z,felyx,felyx:ff3c39e9382d,51.923097283333334,4.526769483333335,False,False,bicycle,electric_assist
2026-06-22T04:16:42Z,felyx,felyx:bafeaef76e64,51.93175363333334,4.563961599999999,False,False,bicycle,electric_assist
2026-06-22T04:16:42Z,felyx,felyx:249c0f51d60f,51.92419033333333,4.489168816666667,False,True,bicycle,electric_assist
2026-06-22T04:16:42Z,felyx,felyx:46ef65e4edb2,51.88087181666667,4.513575899999999,False,True,bicycle,electric_assist
2026-06-22T04:16:42Z,felyx,felyx:ab93a0a9305c,51.91376453333334,4.4349724,False,False,bicycle,electric_assist
2026-06-22T04:16:42Z,felyx,felyx:f2524fb61b69,51.891852416666666,4.465464116666666,False,False,bicycle,electric_assist
2026-06-22T04:16:42Z,felyx,felyx:8839d78d243c,51.934594733333334,4.490339416666667,False,False,bicycle,electric_assist
2026-06-22T04:16:42Z,felyx,felyx:6d920a9fa46d,51.92614143333333,4.423295,False,False,bicycle,electric_assist
2026-06-22T04:16:42Z,felyx,felyx:ca21cb83b071,51.924768033333336,4.493605616666666,False,False,bicycle,electric_assist
2026-06-22T04:16:42Z,felyx,felyx:361b0e184015,51.932820099999994,4.454762783333335,False,False,bicycle,electric_assist
2026-06-22T04:16:42Z,felyx,felyx:4ff94183c57e,51.93425538333332,4.455027383333334,False,False,bicycle,electric_assist
2026-06-22T04:16:42Z,felyx,felyx:759092b0d056,51.905620633333335,4.462913716666667,False,False,bicycle,electric_assist
2026-06-22T04:16:42Z,felyx,felyx:6d6da4e9710b,51.92092533333334,4.447024616666667,False,True,bicycle,electric_assist
2026-06-22T04:16:42Z,felyx,felyx:1bd0d93bfd0a,51.92248938333334,4.50309425,False,False,bicycle,electric_assist
2026-06-22T04:16:42Z,felyx,felyx:247a0aec4750,51.943080133333325,4.420165000000001,False,False,bicycle,electric_assist
2026-06-22T04:16:42Z,felyx,felyx:0ab783f587a3,51.91390973333334,4.464518816666668,False,False,bicycle,electric_assist
2026-06-22T04:16:42Z,felyx,felyx:e73868585cfc,51.91070263333332,4.454009816666667,False,False,bicycle,electric_assist
2026-06-22T04:16:42Z,felyx,felyx:e2fcf18be64f,51.91071323333333,4.441253916666667,False,False,bicycle,electric_assist
2026-06-22T04:16:42Z,felyx,felyx:24c8be105ae2,51.92072723333334,4.528630000000001,False,False,bicycle,electric_assist
2026-06-22T04:16:42Z,felyx,felyx:8429e804d64f,51.89758031666667,4.511261299999999,False,False,bicycle,electric_assist
2026-06-22T04:16:42Z,felyx,felyx:a80e3de43352,51.98001741666666,4.5808722999999985,False,False,bicycle,electric_assist
2026-06-22T04:16:42Z,felyx,felyx:389a5c0f591e,51.94526723333333,4.487094916666666,False,False,bicycle,electric_assist
2026-06-22T04:16:42Z,felyx,felyx:9680cdc8b008,51.93703283333332,4.476276116666667,False,False,bicycle,electric_assist
2026-06-22T04:16:42Z,felyx,felyx:579ae96dcf95,51.91347003333333,4.481778416666667,False,True,bicycle,electric_assist
2026-06-22T04:16:42Z,felyx,felyx:8cb436caf8fe,51.891418316666666,4.487065116666667,False,False,bicycle,electric_assist
2026-06-22T04:16:42Z,felyx,felyx:9028b7caa713,51.89312291666666,4.53922,False,False,bicycle,electric_assist
2026-06-22T04:16:42Z,felyx,felyx:41575b9ad2a9,51.91555923333333,4.396616316666667,False,False,bicycle,electric_assist
2026-06-22T04:16:42Z,felyx,felyx:461d09f41b13,51.88593461666666,4.5118816,False,False,bicycle,electric_assist
2026-06-22T04:16:42Z,felyx,felyx:25934926feef,51.913665733333325,4.465421316666667,False,False,bicycle,electric_assist
2026-06-22T04:16:42Z,felyx,felyx:f4f2b0eb2328,51.94543093333333,4.486975016666666,False,False,bicycle,electric_assist
2026-06-22T04:16:42Z,felyx,felyx:3c99e1c23e49,51.91596383333333,4.526846299999999,False,False,bicycle,electric_assist
2026-06-22T04:16:42Z,felyx,felyx:59089e0f1c05,51.92292603333334,4.517632,False,False,bicycle,electric_assist
2026-06-22T04:16:42Z,felyx,felyx:9f5ff0161785,51.931438299999996,4.4579486,False,True,bicycle,electric_assist
2026-06-22T04:16:42Z,felyx,felyx:9631001f7278,51.91909053333334,4.418271699999999,False,False,bicycle,electric_assist
2026-06-22T04:16:42Z,felyx,felyx:b40475b80c23,51.95759233333334,4.483136416666666,False,False,bicycle,electric_assist
2026-06-22T04:16:42Z,felyx,felyx:d6346b64e200,51.91340003333333,4.400351900000001,False,False,bicycle,electric_assist
2026-06-22T04:16:42Z,felyx,felyx:115d11a35509,51.92193043333333,4.370881716666667,False,False,bicycle,electric_assist
2026-06-22T04:16:42Z,felyx,felyx:8b431bc5fb19,51.87136901666667,4.463373116666667,False,True,bicycle,electric_assist
2026-06-22T04:16:42Z,felyx,felyx:e11891ba6874,51.874302416666666,4.5231371,False,False,bicycle,electric_assist
2026-06-22T04:16:42Z,felyx,felyx:0e997f36a4e6,51.895233716666674,4.519888400000001,False,False,bicycle,electric_assist
2026-06-22T04:16:42Z,felyx,felyx:522ee918a075,51.92139853333333,4.5110756,False,False,bicycle,electric_assist
2026-06-22T04:16:42Z,felyx,felyx:0223c109b152,51.89174231666666,4.480549716666667,False,False,bicycle,electric_assist
2026-06-22T04:16:42Z,felyx,felyx:f3877c3523e0,51.873081416666686,4.470378416666668,False,False,bicycle,electric_assist
2026-06-22T04:16:42Z,felyx,felyx:2e57f2130cca,51.88484571666666,4.5032774,False,True,bicycle,electric_assist
2026-06-22T04:16:42Z,felyx,felyx:bb76d91068e6,51.920531733333334,4.5042532,False,False,bicycle,electric_assist
2026-06-22T04:16:42Z,felyx,felyx:be5b0e854ef9,51.91606053333332,4.381424216666666,False,False,bicycle,electric_assist
2026-06-22T04:16:42Z,felyx,felyx:bfbbb1e95950,51.95639483333333,4.5320917,False,False,bicycle,electric_assist
2026-06-22T04:16:42Z,felyx,felyx:3ac7180c7e7a,51.94656703333333,4.481091116666668,False,False,bicycle,electric_assist
2026-06-22T04:16:42Z,felyx,felyx:765dcf6f1e24,51.911700316666675,4.3861102333333335,False,False,bicycle,electric_assist
2026-06-22T04:16:42Z,felyx,felyx:b36d13d3af51,51.90566933333333,4.462918816666668,False,False,bicycle,electric_assist
2026-06-22T04:16:42Z,felyx,felyx:9468a48dee86,51.94673181666666,4.455050916666666,False,False,bicycle,electric_assist
2026-06-22T04:16:42Z,felyx,felyx:fdc5e9f696d9,51.919810633333334,4.511399700000001,False,False,bicycle,electric_assist
2026-06-22T04:16:42Z,felyx,felyx:0f2f2acf007c,51.89358361666666,4.5261089,False,False,bicycle,electric_assist
2026-06-22T04:16:42Z,felyx,felyx:d6b3c3d6ab6a,51.92572363333333,4.454851116666667,False,False,bicycle,electric_assist
2026-06-22T04:16:42Z,felyx,felyx:f9c041a54382,51.92251306666667,4.503084733333333,False,True,bicycle,electric_assist
2026-06-22T04:16:42Z,felyx,felyx:a1cbc2a68648,51.88850231666667,4.470110916666666,False,False,bicycle,electric_assist
2026-06-22T04:16:42Z,felyx,felyx:536ecd185fef,51.94496613333334,4.482527716666666,False,False,bicycle,electric_assist
2026-06-22T04:16:42Z,felyx,felyx:6d6b94861546,51.904971633333325,4.444959716666666,False,False,bicycle,electric_assist
2026-06-22T04:16:42Z,felyx,felyx:36038e9a2d01,51.90937483333333,4.448194916666668,False,False,bicycle,electric_assist
2026-06-22T04:16:42Z,felyx,felyx:5aa4a9237f3c,51.89189331666667,4.488430316666666,False,False,bicycle,electric_assist
2026-06-22T04:16:42Z,felyx,felyx:6720646c94cb,51.928846033333336,4.543640000000001,False,False,bicycle,electric_assist
2026-06-22T04:16:42Z,felyx,felyx:4da8eb5eec43,51.904797333333335,4.442706816666667,False,False,bicycle,electric_assist
2026-06-22T04:16:42Z,felyx,felyx:88786f24ec45,51.92526665,4.485423666666667,True,False,bicycle,electric_assist
2026-06-22T04:16:42Z,felyx,felyx:0944348f0482,51.911890033333336,4.386364916666667,False,False,bicycle,electric_assist
2026-06-22T04:16:42Z,felyx,felyx:c9c0015ad747,51.892240616666676,4.569682599999999,False,False,bicycle,electric_assist
2026-06-22T04:16:42Z,felyx,felyx:f4faf8b27e43,51.910464033333334,4.446998216666667,False,False,bicycle,electric_assist
2026-06-22T04:16:42Z,felyx,felyx:aeb3f556a30d,51.91804673333333,4.4150274000000005,False,True,bicycle,electric_assist
2026-06-22T04:16:42Z,felyx,felyx:a0352e42c604,51.89356021666667,4.526061,False,False,bicycle,electric_assist
2026-06-22T04:16:42Z,felyx,felyx:fbb2193dbcaa,51.87205891666668,4.474471416666666,False,False,bicycle,electric_assist
2026-06-22T04:16:42Z,felyx,felyx:93a20784e594,51.90704553333333,4.489729016666667,False,False,bicycle,electric_assist
2026-06-22T04:16:42Z,felyx,felyx:4ab7b19945aa,51.914635733333334,4.448668616666667,False,False,bicycle,electric_assist
2026-06-22T04:16:42Z,felyx,felyx:e7b97b0fcf22,51.94926103333333,4.4325336,False,False,bicycle,electric_assist
2026-06-22T04:16:42Z,felyx,felyx:386690acb437,51.88861801666667,4.567300699999999,False,True,bicycle,electric_assist
2026-06-22T04:16:42Z,felyx,felyx:3f55cee7e051,51.91902113333334,4.448312316666667,False,False,bicycle,electric_assist
2026-06-22T04:16:42Z,felyx,felyx:c94b38ecbafa,51.93639093333332,4.471033216666667,False,False,bicycle,electric_assist
2026-06-22T04:16:42Z,felyx,felyx:6c378d885470,51.92903793333333,4.5008294,False,False,bicycle,electric_assist
2026-06-22T04:16:42Z,felyx,felyx:d70d4d5b64a1,51.91555483333333,4.4865737166666655,False,True,bicycle,electric_assist
2026-06-22T04:16:42Z,felyx,felyx:8efa29c8d2b3,51.91120493333333,4.5247921,False,False,bicycle,electric_assist
2026-06-22T04:16:42Z,felyx,felyx:ef873a1e6322,51.91037223333333,4.4464591166666665,False,False,bicycle,electric_assist
2026-06-22T04:16:42Z,felyx,felyx:3d03e88f1f02,51.9175245,4.5151005333333325,False,False,bicycle,electric_assist
2026-06-22T04:16:42Z,felyx,felyx:60b5af762c98,51.911679833333324,4.425133400000001,False,False,bicycle,electric_assist
2026-06-22T04:16:42Z,felyx,felyx:c87f190ea454,51.893894216666666,4.5038525,False,False,bicycle,electric_assist
2026-06-22T04:16:42Z,felyx,felyx:68f4012de60e,51.91947763333332,4.465598816666666,False,True,bicycle,electric_assist
2026-06-22T04:16:42Z,felyx,felyx:bbb9157d0744,51.932967833333336,4.479044316666667,False,False,bicycle,electric_assist
2026-06-22T04:16:42Z,felyx,felyx:6c0abea0eaf9,51.898502216666664,4.5208306,False,False,bicycle,electric_assist
2026-06-22T04:16:42Z,felyx,felyx:62f95a9004e6,51.933242333333325,4.490941916666667,False,True,bicycle,electric_assist
2026-06-22T04:16:42Z,felyx,felyx:c5101d833708,51.925702833333325,4.477945216666667,False,False,bicycle,electric_assist
2026-06-22T04:16:42Z,felyx,felyx:47c6fc0f71bb,51.93488074999999,4.470054216666667,False,False,bicycle,electric_assist
2026-06-22T04:16:42Z,felyx,felyx:d983b98e97cc,51.91842943333332,4.433443,False,False,bicycle,electric_assist
2026-06-22T04:16:42Z,felyx,felyx:4c2951f25918,51.918953333333334,4.493860116666666,False,False,bicycle,electric_assist
2026-06-22T04:16:42Z,felyx,felyx:6f7668912f3a,51.93723463333335,4.439334800000001,False,False,bicycle,electric_assist
2026-06-22T04:16:42Z,felyx,felyx:0a6dcace6b5e,51.922483033333336,4.4784610166666665,False,False,bicycle,electric_assist
2026-06-22T04:16:42Z,felyx,felyx:f5edaa3be9b5,51.91707353333332,4.460836516666667,False,True,bicycle,electric_assist
2026-06-22T04:16:42Z,felyx,felyx:d5eaf8c6aca6,51.921959333333334,4.371099416666666,False,True,bicycle,electric_assist
2026-06-22T04:16:42Z,felyx,felyx:ef39c8343d80,51.94647143333333,4.4866726166666675,False,False,bicycle,electric_assist
2026-06-22T04:16:42Z,felyx,felyx:281ff9b89590,51.88433801666666,4.501963399999999,False,True,bicycle,electric_assist
2026-06-22T04:16:42Z,felyx,felyx:6939885d6f43,51.92023453333332,4.527048199999999,False,False,bicycle,electric_assist
2026-06-22T04:16:42Z,felyx,felyx:cdadb18d452a,51.90297425,4.511353799999999,False,True,bicycle,electric_assist
2026-06-22T04:16:42Z,felyx,felyx:29f90383ac2a,51.896469716666665,4.4942333166666675,False,False,bicycle,electric_assist
2026-06-22T04:16:42Z,felyx,felyx:d8bcda0b79c6,51.89510321666667,4.4914576166666675,False,False,bicycle,electric_assist
2026-06-22T04:16:42Z,felyx,felyx:e9f40350c1bf,51.883394316666674,4.514249100000001,False,True,bicycle,electric_assist
2026-06-22T04:16:42Z,felyx,felyx:168698b52a7d,51.900362433333335,4.476526916666668,False,False,bicycle,electric_assist
2026-06-22T04:16:42Z,felyx,felyx:a4ef6901795e,51.953854333333325,4.468239716666667,False,False,bicycle,electric_assist
2026-06-22T04:16:42Z,felyx,felyx:f7e3c8362448,51.90871143333333,4.464774116666666,False,False,bicycle,electric_assist
2026-06-22T04:16:42Z,felyx,felyx:bfd41c622ee4,51.925040633333346,4.462759316666667,False,False,bicycle,electric_assist
2026-06-22T04:16:42Z,felyx,felyx:583de1308d9b,51.90497693333333,4.4048585000000005,False,False,bicycle,electric_assist
2026-06-22T04:16:42Z,felyx,felyx:3ce1e59c0fb1,51.920070433333336,4.5141546,False,False,bicycle,electric_assist
2026-06-22T04:16:42Z,felyx,felyx:fda7fb54a9ab,51.934700233333324,4.475573516666667,False,False,bicycle,electric_assist
2026-06-22T04:16:42Z,felyx,felyx:b8f097b8c381,51.93337973333334,4.5028853,False,False,bicycle,electric_assist
2026-06-22T04:16:42Z,felyx,felyx:494f78375e1a,51.95132313333334,4.4704303166666675,False,False,bicycle,electric_assist
2026-06-22T04:16:42Z,felyx,felyx:ccbe391d4f1e,51.895239016666665,4.5198518,False,False,bicycle,electric_assist
2026-06-22T04:16:42Z,felyx,felyx:2c8bae974ed5,51.93007533333332,4.508614199999999,False,True,bicycle,electric_assist
2026-06-22T04:16:42Z,felyx,felyx:8ba774dcff8f,51.93852933333333,4.4217849,False,False,bicycle,electric_assist
2026-06-22T04:16:42Z,felyx,felyx:e3ca06ac3f7d,51.92426713333332,4.500346200000001,False,False,bicycle,electric_assist
2026-06-22T04:16:42Z,felyx,felyx:a30b4b02d319,51.9517219,4.551081533333333,False,True,bicycle,electric_assist
2026-06-22T04:16:42Z,felyx,felyx:11f84830182a,51.88427221666667,4.488375816666666,False,False,bicycle,electric_assist
2026-06-22T04:16:42Z,felyx,felyx:6c877667d8a9,51.91103123333334,4.501383800000001,False,True,bicycle,electric_assist
2026-06-22T04:16:42Z,felyx,felyx:43a20a9f2bbf,51.90900513333333,4.4370650000000005,False,False,bicycle,electric_assist
2026-06-22T04:16:42Z,felyx,felyx:231769fbd3c0,51.92390763333333,4.5299176,False,False,bicycle,electric_assist
2026-06-22T04:16:42Z,felyx,felyx:eae3bf2c0059,51.88038281666666,4.5358533,False,False,bicycle,electric_assist
2026-06-22T04:16:42Z,felyx,felyx:02c280cbfe54,51.89189321666666,4.471967616666666,False,False,bicycle,electric_assist
2026-06-22T04:16:42Z,felyx,felyx:6c7dfa15d545,51.919484433333345,4.490387716666667,False,False,bicycle,electric_assist
2026-06-22T04:16:42Z,felyx,felyx:79573e8d638e,51.87104851666667,4.472379216666667,False,False,bicycle,electric_assist
2026-06-22T04:16:42Z,felyx,felyx:cd1bf1b8e6d7,51.88542961666667,4.486351216666667,False,False,bicycle,electric_assist
2026-06-22T04:16:42Z,felyx,felyx:b799babbecba,51.94071473333333,4.4218249,False,False,bicycle,electric_assist
2026-06-22T04:16:42Z,felyx,felyx:9a02becca3a2,51.90442063333333,4.484857116666666,False,False,bicycle,electric_assist
2026-06-22T04:16:42Z,felyx,felyx:579f3cd54edb,51.89026671666667,4.5059168,False,True,bicycle,electric_assist
2026-06-22T04:16:42Z,felyx,felyx:7b30f1b956b3,51.898834216666664,4.5645606999999995,False,False,bicycle,electric_assist
2026-06-22T04:16:42Z,felyx,felyx:de84f1be8aa4,51.90922956666667,4.501733766666666,False,False,bicycle,electric_assist
2026-06-22T04:16:42Z,felyx,felyx:997dc23e47a3,51.96375293333333,4.536618999999999,False,False,bicycle,electric_assist
2026-06-22T04:16:42Z,felyx,felyx:dbb6f1a4e57e,51.92998883333333,4.4707625166666665,False,False,bicycle,electric_assist
2026-06-22T04:16:42Z,felyx,felyx:9da160dcf201,51.94433163333333,4.482326316666666,False,False,bicycle,electric_assist
2026-06-22T04:16:42Z,felyx,felyx:71190b986e7e,51.91868393333333,4.435412800000001,False,True,bicycle,electric_assist
2026-06-22T04:16:42Z,felyx,felyx:30c1583e7718,51.917480833333336,4.515224300000001,False,False,bicycle,electric_assist
2026-06-22T04:16:42Z,felyx,felyx:0d9ce6313ef1,51.94523343333333,4.487004716666666,False,False,bicycle,electric_assist
2026-06-22T04:16:42Z,felyx,felyx:058da2eeb3ea,51.932857733333336,4.479547816666667,False,False,bicycle,electric_assist
2026-06-22T04:16:42Z,felyx,felyx:7da75604f2dd,51.936972033333326,4.420714800000001,False,False,bicycle,electric_assist
2026-06-22T04:16:42Z,felyx,felyx:74bc8a486415,51.93407923333333,4.5417088,False,False,bicycle,electric_assist
2026-06-22T04:16:42Z,felyx,felyx:f8678bfc4caa,51.91899143333333,4.444284616666668,False,False,bicycle,electric_assist
2026-06-22T04:16:42Z,felyx,felyx:a2890ea98c0d,51.92169533333334,4.492814816666667,False,True,bicycle,electric_assist
2026-06-22T04:16:42Z,felyx,felyx:cdd07a0e2af4,51.92481883333333,4.487037616666667,False,False,bicycle,electric_assist
2026-06-22T04:16:42Z,felyx,felyx:7dae1f3779f9,51.912036433333334,4.388432216666667,False,False,bicycle,electric_assist
2026-06-22T04:16:42Z,felyx,felyx:c08cb8614f2a,51.921024933333335,4.477239216666667,False,True,bicycle,electric_assist
2026-06-22T04:16:42Z,felyx,felyx:84fd48cdda55,51.917045833333326,4.5234858000000004,False,False,bicycle,electric_assist
2026-06-22T04:16:42Z,felyx,felyx:c91d087f04d9,51.955747933333335,4.460920716666666,False,False,bicycle,electric_assist
2026-06-22T04:16:42Z,felyx,felyx:5dc2d8fb5155,51.91474233333332,4.461092716666668,False,True,bicycle,electric_assist
2026-06-22T04:16:42Z,felyx,felyx:cdbe02bb2912,51.89211421666667,4.5086842,False,True,bicycle,electric_assist
2026-06-22T04:16:42Z,felyx,felyx:95d520482bdc,51.98135823333333,4.340175716666667,False,True,bicycle,electric_assist
2026-06-22T04:16:42Z,felyx,felyx:b4540da1b78f,51.899436816666665,4.478683016666667,False,False,bicycle,electric_assist
2026-06-22T04:16:42Z,felyx,felyx:777e869ad7ee,51.94638243333334,4.480272716666668,False,False,bicycle,electric_assist
2026-06-22T04:16:42Z,felyx,felyx:e46459d0dc6d,51.921115433333334,4.5303774,False,False,bicycle,electric_assist
2026-06-22T04:16:42Z,felyx,felyx:4ff2838d7cb6,51.92134335000001,4.446791000000001,False,False,bicycle,electric_assist
2026-06-22T04:16:42Z,felyx,felyx:561538aebe0e,51.88273761666665,4.5042519,False,False,bicycle,electric_assist
2026-06-22T04:16:42Z,felyx,felyx:aa4eb5fef252,51.931783133333326,4.5641388,False,True,bicycle,electric_assist
2026-06-22T04:16:42Z,felyx,felyx:cec13f8e5af6,51.914278833333334,4.396762316666667,False,False,bicycle,electric_assist
2026-06-22T04:16:42Z,felyx,felyx:89a836aa9444,51.91777183333333,4.490936016666666,False,True,bicycle,electric_assist
2026-06-22T04:16:42Z,felyx,felyx:1ae99b452736,51.95867743333333,4.467985916666667,False,False,bicycle,electric_assist
2026-06-22T04:16:42Z,felyx,felyx:82c12b799a86,51.899191816666665,4.5011901000000005,False,True,bicycle,electric_assist
2026-06-22T04:16:42Z,felyx,felyx:b3e1e24c665f,51.95876573333333,4.5116441,False,False,bicycle,electric_assist
2026-06-22T04:16:42Z,felyx,felyx:4673606f61fe,51.915517333333334,4.423350400000001,False,False,bicycle,electric_assist
2026-06-22T04:16:42Z,felyx,felyx:3176a7e07857,51.96025643333335,4.470014916666666,False,False,bicycle,electric_assist
2026-06-22T04:16:42Z,felyx,felyx:bedfa377aef5,51.89649081666667,4.501645099999999,False,False,bicycle,electric_assist
2026-06-22T04:16:42Z,felyx,felyx:c42652d34d3a,51.91980173333333,4.5114229,False,False,bicycle,electric_assist
2026-06-22T04:16:42Z,felyx,felyx:6f5dbf146c19,51.925537333333324,4.4154081000000005,False,False,bicycle,electric_assist
2026-06-22T04:16:42Z,felyx,felyx:6566b7b98efe,51.91674823333333,4.419172200000001,False,False,bicycle,electric_assist
2026-06-22T04:16:42Z,felyx,felyx:d7514cd225ac,51.92845353333333,4.370730616666666,False,True,bicycle,electric_assist
2026-06-22T04:16:42Z,felyx,felyx:f9f9b37e76df,51.918008433333334,4.4577574166666665,True,False,bicycle,electric_assist
2026-06-22T04:16:42Z,felyx,felyx:326975bbb529,51.91488053333333,4.478828416666667,False,False,bicycle,electric_assist
2026-06-22T04:16:42Z,felyx,felyx:74562542470e,51.92356223333333,4.489407316666666,False,True,bicycle,electric_assist
2026-06-22T04:16:42Z,felyx,felyx:0150f58ddfc9,51.92085565,4.483308,False,True,bicycle,electric_assist
2026-06-22T04:16:42Z,felyx,felyx:994830b4b528,51.90773223333334,4.480582916666667,False,False,bicycle,electric_assist
2026-06-22T04:16:42Z,felyx,felyx:e98f88e91f15,51.917319733333336,4.429921500000001,False,False,bicycle,electric_assist
2026-06-22T04:16:42Z,felyx,felyx:dd5875579918,51.88595761666667,4.469640816666666,False,False,bicycle,electric_assist
2026-06-22T04:16:42Z,felyx,felyx:558488badd6d,51.916275850000005,4.481278583333333,False,True,bicycle,electric_assist
2026-06-22T04:16:42Z,felyx,felyx:f34ce73c89e0,51.92195013333333,4.370926816666667,False,True,bicycle,electric_assist
2026-06-22T04:16:42Z,felyx,felyx:f1d9e2422ec9,51.93485231666667,4.4700599,False,False,bicycle,electric_assist
2026-06-22T04:16:42Z,felyx,felyx:03391c88e49b,51.91609043333332,4.488636916666667,False,True,bicycle,electric_assist
2026-06-22T04:16:42Z,felyx,felyx:90b3ac839f65,51.93634623333334,4.479646416666667,False,False,bicycle,electric_assist
2026-06-22T04:16:42Z,felyx,felyx:0ee1525bafc9,51.875863083333336,4.530965800000001,False,True,bicycle,electric_assist
2026-06-22T04:16:42Z,felyx,felyx:130ffd43a3d9,51.90713853333334,4.5218179,False,True,bicycle,electric_assist
2026-06-22T04:16:42Z,felyx,felyx:fa67c0744872,51.89183491666665,4.499045316666667,False,False,bicycle,electric_assist
2026-06-22T04:16:42Z,felyx,felyx:5abd79004082,51.90308220000001,4.468764983333334,False,False,bicycle,electric_assist
2026-06-22T04:16:42Z,felyx,felyx:71118be8d1df,51.93577933333332,4.468291116666666,False,False,bicycle,electric_assist
2026-06-22T04:16:42Z,felyx,felyx:32148960fa04,51.92572533333334,4.2572721,False,True,bicycle,electric_assist
2026-06-22T04:16:42Z,felyx,felyx:f327736df882,51.91911663333333,4.450544816666667,False,False,bicycle,electric_assist
2026-06-22T04:16:42Z,felyx,felyx:c1a541d976c5,51.96054823333334,4.508700499999999,False,False,bicycle,electric_assist
2026-06-22T04:16:42Z,felyx,felyx:e8947f8dfefe,51.96006783333333,4.465903516666666,False,True,bicycle,electric_assist
2026-06-22T04:16:42Z,felyx,felyx:d06210218392,51.94182123333333,4.475107816666666,False,True,bicycle,electric_assist
2026-06-22T04:16:42Z,felyx,felyx:c4ef24a96e3b,51.91379563333333,4.454426916666668,False,False,bicycle,electric_assist
2026-06-22T04:16:42Z,felyx,felyx:4601fc730599,51.91301498333333,4.553721599999999,False,False,bicycle,electric_assist
2026-06-22T04:16:42Z,felyx,felyx:fe54c24aa3be,51.907872133333335,4.399019716666667,False,False,bicycle,electric_assist
2026-06-22T04:16:42Z,felyx,felyx:50ae3373bcd9,51.92475303333333,4.493620716666666,False,False,bicycle,electric_assist
2026-06-22T04:16:42Z,felyx,felyx:43420c1eb84f,51.918197649999996,4.377454383333332,False,False,bicycle,electric_assist
2026-06-22T04:16:42Z,felyx,felyx:b5982b231536,51.90925993333334,4.5235204,False,True,bicycle,electric_assist
2026-06-22T04:16:42Z,felyx,felyx:8575b401b6d5,51.9170839,4.460819683333333,False,False,bicycle,electric_assist
2026-06-22T04:16:42Z,felyx,felyx:7c8c2ecbc659,51.95201473333333,4.4727645166666665,False,False,bicycle,electric_assist
2026-06-22T04:16:42Z,felyx,felyx:5144d8b49e96,51.91790023333332,4.465394216666668,False,False,bicycle,electric_assist
2026-06-22T04:16:42Z,felyx,felyx:c84ea0138a47,51.911164633333335,4.43968,False,False,bicycle,electric_assist
2026-06-22T04:16:42Z,felyx,felyx:d18c546ec354,51.90701063333333,4.489735316666667,False,False,bicycle,electric_assist
2026-06-22T04:16:42Z,felyx,felyx:425df023da71,51.91647533333333,4.486736316666667,False,False,bicycle,electric_assist
2026-06-22T04:16:42Z,felyx,felyx:0b577968becf,51.93255193333333,4.505461599999999,False,False,bicycle,electric_assist
2026-06-22T04:16:42Z,felyx,felyx:7dd250473b7b,51.924300300000006,4.500501616666667,False,True,bicycle,electric_assist
2026-06-22T04:16:42Z,felyx,felyx:ebcadd9cb2a0,51.93350643333333,4.464308616666667,False,False,bicycle,electric_assist
2026-06-22T04:16:42Z,felyx,felyx:28bb963a5e43,51.91619796666667,4.527040700000001,False,False,bicycle,electric_assist
2026-06-22T04:16:42Z,felyx,felyx:fd4ea2e5db40,51.93859333333333,4.496216816666667,False,True,bicycle,electric_assist
2026-06-22T04:16:42Z,felyx,felyx:8bf870d042ed,51.89829721666666,4.507417300000001,False,False,bicycle,electric_assist
2026-06-22T04:16:42Z,felyx,felyx:c3236c2335f0,51.91373033333332,4.465373016666666,False,False,bicycle,electric_assist
2026-06-22T04:16:42Z,felyx,felyx:1ea8c0fd92de,51.931610433333326,4.541646899999999,False,False,bicycle,electric_assist
2026-06-22T04:16:42Z,felyx,felyx:f0c4e80e6be7,51.958616433333326,4.507626,False,False,bicycle,electric_assist
2026-06-22T04:16:42Z,felyx,felyx:2e549d19f566,51.931468733333325,4.461412116666668,False,False,bicycle,electric_assist
2026-06-22T04:16:42Z,felyx,felyx:33ebb3830e38,51.92189073333333,4.514239699999999,False,True,bicycle,electric_assist
2026-06-22T04:16:42Z,felyx,felyx:becae1e56521,51.92244795,4.503044733333334,False,False,bicycle,electric_assist
2026-06-22T04:16:42Z,felyx,felyx:543e4dbc97d6,51.919102433333336,4.4182677,False,False,bicycle,electric_assist
2026-06-22T04:16:42Z,felyx,felyx:207a6191a7c9,51.9410172,4.426669716666667,False,False,bicycle,electric_assist
2026-06-22T04:16:42Z,felyx,felyx:bf310e8b6295,51.91941753333333,4.485160816666667,False,True,bicycle,electric_assist
2026-06-22T04:16:42Z,felyx,felyx:5172ea015f47,51.877338516666676,4.494745816666667,False,False,bicycle,electric_assist
2026-06-22T04:16:42Z,felyx,felyx:5096fcd76dd2,51.93318243333333,4.496639116666667,False,False,bicycle,electric_assist
2026-06-22T04:16:42Z,felyx,felyx:cca91a65947f,51.91827193333334,4.4322669999999995,False,False,bicycle,electric_assist
2026-06-22T04:16:42Z,felyx,felyx:cc4166ffe800,51.90787693333334,4.445591916666667,False,False,bicycle,electric_assist
2026-06-22T04:16:42Z,felyx,felyx:9aa3900842e6,51.91178123333334,4.4358645,False,False,bicycle,electric_assist
2026-06-22T04:16:42Z,felyx,felyx:29e71a439ca8,51.899361116666654,4.4786254166666675,False,False,bicycle,electric_assist
2026-06-22T04:16:42Z,felyx,felyx:6d1aed0f57db,51.87832811666667,4.468918116666667,False,False,bicycle,electric_assist
2026-06-22T04:16:42Z,felyx,felyx:d3e46dd7ef77,51.908225133333325,4.524335999999999,False,False,bicycle,electric_assist
2026-06-22T04:16:42Z,felyx,felyx:608f36f0cdeb,51.874320016666665,4.5232280000000005,False,False,bicycle,electric_assist
2026-06-22T04:16:42Z,felyx,felyx:fcd1ae68be09,51.93743943333334,4.462590016666667,False,False,bicycle,electric_assist
2026-06-22T04:16:42Z,felyx,felyx:154cd2dc5406,51.88654051666667,4.549287383333333,False,False,bicycle,electric_assist
2026-06-22T04:16:42Z,felyx,felyx:a1ad898a679c,51.931738633333325,4.5639427999999995,False,False,bicycle,electric_assist
2026-06-22T04:16:42Z,felyx,felyx:fb0594d88483,51.908213633333325,4.5243383,False,False,bicycle,electric_assist
2026-06-22T04:16:42Z,felyx,felyx:7018215758c5,51.90871523333334,4.4061013,False,False,bicycle,electric_assist
2026-06-22T04:16:42Z,felyx,felyx:ef0381875b2c,51.92713423333333,4.476301916666667,False,False,bicycle,electric_assist
2026-06-22T04:16:42Z,felyx,felyx:412f10d66a11,51.925690933333335,4.517697999999998,False,False,bicycle,electric_assist
2026-06-22T04:16:42Z,felyx,felyx:4035bc977c1e,51.905454433333325,4.5126520999999995,False,True,bicycle,electric_assist
2026-06-22T04:16:42Z,felyx,felyx:1b0f51e3e87b,51.88329911666667,4.513983499999999,False,True,bicycle,electric_assist
2026-06-22T04:16:42Z,felyx,felyx:3137e38c6bc1,51.935055933333324,4.498719216666667,False,False,bicycle,electric_assist
2026-06-22T04:16:42Z,felyx,felyx:79e5bedebd6b,51.93262653333333,4.371661216666666,False,False,bicycle,electric_assist
2026-06-22T04:16:42Z,felyx,felyx:891247a0b8b4,51.93425863333333,4.4724965166666655,False,False,bicycle,electric_assist
2026-06-22T04:16:42Z,felyx,felyx:b92904975e10,51.92218493333333,4.482239116666667,False,False,bicycle,electric_assist
2026-06-22T04:16:42Z,felyx,felyx:5ad456ef8c8b,51.946858133333336,4.5558378,False,True,bicycle,electric_assist
2026-06-22T04:16:42Z,felyx,felyx:c8d36be8dd8c,51.93330733333334,4.490804816666667,False,False,bicycle,electric_assist
2026-06-22T04:16:42Z,felyx,felyx:a5d991d3a6ab,51.887612116666666,4.5027879,False,False,bicycle,electric_assist
2026-06-22T04:16:42Z,felyx,felyx:154c5e7e9c24,51.92088953333334,4.4981942166666675,False,False,bicycle,electric_assist
2026-06-22T04:16:42Z,felyx,felyx:d74f711b16cc,51.96234703333333,4.5115233,False,False,bicycle,electric_assist
2026-06-22T04:16:42Z,felyx,felyx:98f6daa5ace3,51.87874591666667,4.5361953,False,False,bicycle,electric_assist
2026-06-22T04:16:42Z,felyx,felyx:155b332314b3,51.90360223333333,4.447754916666667,True,False,bicycle,electric_assist
2026-06-22T04:16:42Z,felyx,felyx:8df35f08708a,51.92550443333332,4.4154296,False,False,bicycle,electric_assist
2026-06-22T04:16:42Z,felyx,felyx:b747a477a80a,51.912316933333344,4.454989916666667,False,True,bicycle,electric_assist
2026-06-22T04:16:42Z,felyx,felyx:3787cb65b529,51.917300133333335,4.517477299999999,False,True,bicycle,electric_assist
2026-06-22T04:16:42Z,felyx,felyx:ac93705e4937,51.89482291666666,4.4651126166666675,False,False,bicycle,electric_assist
2026-06-22T04:16:42Z,felyx,felyx:ceb6b3aecb64,51.88622501666667,4.479898016666667,False,False,bicycle,electric_assist
2026-06-22T04:16:42Z,felyx,felyx:8b6288c5ce35,51.93472393333334,4.433943,False,False,bicycle,electric_assist
2026-06-22T04:16:42Z,felyx,felyx:3bd055788341,51.896196216666674,4.5145501999999995,False,False,bicycle,electric_assist
2026-06-22T04:16:42Z,felyx,felyx:8e9d99bca7b5,51.91813263333333,4.458874416666666,False,False,bicycle,electric_assist
2026-06-22T04:16:42Z,felyx,felyx:314cd1e17add,51.95825663333335,4.492329016666666,False,True,bicycle,electric_assist
2026-06-22T04:16:42Z,felyx,felyx:aa07f54cf15b,51.91132323333333,4.5246963,False,False,bicycle,electric_assist
2026-06-22T04:16:42Z,felyx,felyx:4ed101bf1368,51.91474551666666,4.486568933333333,False,False,bicycle,electric_assist
2026-06-22T04:16:42Z,felyx,felyx:9056f0a12d9b,51.89345591666666,4.468969816666668,False,False,bicycle,electric_assist
2026-06-22T04:16:42Z,felyx,felyx:0f9a708b1119,51.88631901666666,4.472053816666667,False,True,bicycle,electric_assist
2026-06-22T04:16:42Z,felyx,felyx:1fcdf650d56e,51.91611773333334,4.5272434,False,False,bicycle,electric_assist
2026-06-22T04:16:42Z,felyx,felyx:23cfdd00c27a,51.94870913333332,4.561424599999999,False,False,bicycle,electric_assist
2026-06-22T04:16:42Z,felyx,felyx:cb7db79462d9,51.87430861666667,4.523160699999999,False,False,bicycle,electric_assist
2026-06-22T04:16:42Z,felyx,felyx:e49a033dfc97,51.89673755000001,4.505823916666667,False,True,bicycle,electric_assist
2026-06-22T04:16:42Z,felyx,felyx:c0f7cdd3956f,51.94890383333332,4.464993516666666,False,False,bicycle,electric_assist
2026-06-22T04:16:42Z,felyx,felyx:9ce506dba25d,51.94672373333332,4.455109116666668,False,False,bicycle,electric_assist
2026-06-22T04:16:42Z,felyx,felyx:0fe64e381b5d,51.93350343333333,4.5029471,False,True,bicycle,electric_assist
2026-06-22T04:16:42Z,felyx,felyx:d593081c76ef,51.90041943333334,4.398594516666666,False,False,bicycle,electric_assist
2026-06-22T04:16:42Z,felyx,felyx:6a4d5e10ccc0,51.94934743333333,4.5157758,False,True,bicycle,electric_assist
2026-06-22T04:16:42Z,felyx,felyx:2ce9398617c9,51.90787763333333,4.467063116666668,False,False,bicycle,electric_assist
2026-06-22T04:16:42Z,felyx,felyx:ac5bbc98fac4,51.90952103333334,4.463279216666668,False,False,bicycle,electric_assist
2026-06-22T04:16:42Z,felyx,felyx:284ee594d0f1,51.94751103333333,4.480445616666667,False,False,bicycle,electric_assist
2026-06-22T04:16:42Z,felyx,felyx:1a801405f57a,51.890738016666674,4.468445416666666,False,False,bicycle,electric_assist
2026-06-22T04:16:42Z,felyx,felyx:1fea09df0c90,51.91098153333334,4.501390599999999,False,False,bicycle,electric_assist
2026-06-22T04:16:42Z,felyx,felyx:1e6dfd446c79,51.91862503333333,4.4354417,False,False,bicycle,electric_assist
2026-06-22T04:16:42Z,felyx,felyx:06f4aca2ab15,51.90123823333333,4.477455416666667,False,False,bicycle,electric_assist
2026-06-22T04:16:42Z,felyx,felyx:21c1c854ca0b,51.93191943333333,4.428047500000001,False,True,bicycle,electric_assist
2026-06-22T04:16:42Z,felyx,felyx:c0646703054c,51.877238116666675,4.494695216666667,False,False,bicycle,electric_assist
2026-06-22T04:16:42Z,felyx,felyx:15e2d44d9605,51.92099708333333,4.5592482,False,False,bicycle,electric_assist
2026-06-22T04:16:42Z,felyx,felyx:65d53a07ac0e,51.93182733333333,4.490633116666666,False,True,bicycle,electric_assist
2026-06-22T04:16:42Z,felyx,felyx:dd23aff7533e,51.927453633333336,4.5346921999999985,False,False,bicycle,electric_assist
2026-06-22T04:16:42Z,felyx,felyx:b29a86fad12b,51.94719273333333,4.485038216666666,False,False,bicycle,electric_assist
2026-06-22T04:16:42Z,felyx,felyx:3c6be6fc57db,51.915708133333325,4.3850353166666665,False,False,bicycle,electric_assist
2026-06-22T04:16:42Z,felyx,felyx:a0797e161f2c,51.87128811666666,4.471272816666666,False,False,bicycle,electric_assist
2026-06-22T04:16:42Z,felyx,felyx:6c63a73427f7,51.946407483333324,4.472832349999999,False,True,bicycle,electric_assist
2026-06-22T04:16:42Z,felyx,felyx:e828a6fefc28,51.92817031666667,4.503202600000001,False,False,bicycle,electric_assist
2026-06-22T04:16:42Z,felyx,felyx:16776afe03d0,51.90201968333334,4.493058166666667,False,False,bicycle,electric_assist
2026-06-22T04:16:42Z,felyx,felyx:1327e25207eb,51.91120603333333,4.4818559166666665,False,True,bicycle,electric_assist
2026-06-22T04:16:42Z,felyx,felyx:6e4e5eba06da,51.94599363333334,4.478932916666667,False,False,bicycle,electric_assist
2026-06-22T04:16:42Z,felyx,felyx:6aea548dc56b,51.921022733333324,4.5592667,False,False,bicycle,electric_assist
2026-06-22T04:16:42Z,felyx,felyx:cddd45e22ad0,51.91515463333334,4.476294016666667,False,True,bicycle,electric_assist
2026-06-22T04:16:42Z,felyx,felyx:aa8419cb2a2e,51.89213881666666,4.569622700000001,False,False,bicycle,electric_assist
2026-06-22T04:16:42Z,felyx,felyx:36555084b1c5,51.89577431666666,4.4670154166666665,False,False,bicycle,electric_assist
2026-06-22T04:16:42Z,felyx,felyx:57025aa03972,51.94124863333333,4.4046213000000005,False,False,bicycle,electric_assist
2026-06-22T04:16:42Z,felyx,felyx:edc9627f54e6,51.91117014999999,4.4727890000000015,False,False,bicycle,electric_assist
2026-06-22T04:16:42Z,felyx,felyx:86fa6521d58a,51.906263433333336,4.5416339,False,False,bicycle,electric_assist
2026-06-22T04:16:42Z,felyx,felyx:4a64ce9f3e60,51.89237901666667,4.471005616666668,False,False,bicycle,electric_assist
2026-06-22T04:16:42Z,felyx,felyx:ce5a4e93d746,51.91654563333333,4.4299692,False,True,bicycle,electric_assist
2026-06-22T04:16:42Z,felyx,felyx:f9caccaf9684,51.884143816666665,4.488604716666667,False,False,bicycle,electric_assist
2026-06-22T04:16:42Z,felyx,felyx:8454186cd992,51.94992743333333,4.51428,False,False,bicycle,electric_assist
2026-06-22T04:16:42Z,felyx,felyx:e695fec186e4,51.91832326666666,4.489877216666666,False,True,bicycle,electric_assist
2026-06-22T04:16:42Z,felyx,felyx:921db00130c8,51.91631123333333,4.499575216666667,False,False,bicycle,electric_assist
2026-06-22T04:16:42Z,felyx,felyx:6368cb6bf702,51.919572833333326,4.441689216666667,False,False,bicycle,electric_assist
2026-06-22T04:16:42Z,felyx,felyx:cf63f2d9c336,51.93648703333333,4.498700016666667,False,False,bicycle,electric_assist
2026-06-22T04:16:42Z,felyx,felyx:2359ecc09269,51.93003193333333,4.4802109166666675,False,False,bicycle,electric_assist
2026-06-22T04:16:42Z,felyx,felyx:3ed2790dc3f4,51.93888253333332,4.475809216666667,False,True,bicycle,electric_assist
2026-06-22T04:16:42Z,felyx,felyx:876321ffa62b,51.95041483333333,4.546754699999999,False,True,bicycle,electric_assist
2026-06-22T04:16:42Z,felyx,felyx:cdf40235a77e,51.889457916666665,4.477312716666667,False,False,bicycle,electric_assist
2026-06-22T04:16:42Z,felyx,felyx:8635eac24dd6,51.89469071666668,4.5321662,False,True,bicycle,electric_assist
2026-06-22T04:16:42Z,felyx,felyx:eccfb3e0b6ae,51.94926163333332,4.432673,False,False,bicycle,electric_assist
2026-06-22T04:16:42Z,felyx,felyx:d755bc84a191,51.94671643333332,4.455046216666666,False,False,bicycle,electric_assist
2026-06-22T04:16:42Z,felyx,felyx:7ff333d5723c,51.943273733333335,4.4757369166666665,False,False,bicycle,electric_assist
2026-06-22T04:16:42Z,felyx,felyx:a8ae14e7efb6,51.945376533333324,4.486988416666667,False,False,bicycle,electric_assist
2026-06-22T04:16:42Z,felyx,felyx:33befb113157,51.916978333333326,4.4537107166666665,False,False,bicycle,electric_assist
2026-06-22T04:16:42Z,felyx,felyx:8b5bd3ba3311,51.886010116666654,4.520050400000001,False,True,bicycle,electric_assist
2026-06-22T04:16:42Z,felyx,felyx:9edce28c57cd,51.92181441666666,4.464243033333333,False,False,bicycle,electric_assist
2026-06-22T04:16:42Z,felyx,felyx:c1cb06effe39,51.91119273333333,4.481948116666667,False,False,bicycle,electric_assist
2026-06-22T04:16:42Z,felyx,felyx:fc7f259e9804,51.954890833333344,4.474324016666667,False,False,bicycle,electric_assist
2026-06-22T04:16:42Z,felyx,felyx:9875e1dc66db,51.916695833333335,4.447141816666667,False,True,bicycle,electric_assist
2026-06-22T04:16:42Z,felyx,felyx:f237de62fec0,51.93726543333334,4.355431416666666,False,True,bicycle,electric_assist
2026-06-22T04:16:42Z,felyx,felyx:d8cf47b4b165,51.86967821666668,4.477860216666666,False,True,bicycle,electric_assist
2026-06-22T04:16:42Z,felyx,felyx:f30b14d69246,51.94157673333333,4.4261134,False,False,bicycle,electric_assist
2026-06-22T04:16:42Z,felyx,felyx:53481304c00e,51.94926533333333,4.432727099999999,False,False,bicycle,electric_assist
2026-06-22T04:16:42Z,felyx,felyx:72aa38d54757,51.91073613333333,4.441306916666667,False,True,bicycle,electric_assist
2026-06-22T04:16:42Z,felyx,felyx:4dae456676d1,51.915942133333324,4.381766016666667,False,False,bicycle,electric_assist
2026-06-22T04:16:42Z,felyx,felyx:e9a5ab7cce47,51.92732003333334,4.482224016666668,False,False,bicycle,electric_assist
2026-06-22T04:16:42Z,felyx,felyx:159090b009f8,51.87485021666666,4.498352416666667,False,False,bicycle,electric_assist
2026-06-22T04:16:42Z,felyx,felyx:127973dcacf4,51.92662323333333,4.458295416666667,False,False,bicycle,electric_assist
2026-06-22T04:16:42Z,felyx,felyx:193f7dd504ec,51.918175233333336,4.380105416666666,False,False,bicycle,electric_assist
2026-06-22T04:16:42Z,felyx,felyx:7d34895e37ea,51.933225033333336,4.4246368,False,False,bicycle,electric_assist
2026-06-22T04:16:42Z,felyx,felyx:ab47eea9335b,51.935129933333336,4.423179316666666,False,False,bicycle,electric_assist
2026-06-22T04:16:42Z,felyx,felyx:1403b6cf0390,51.933331333333335,4.469290516666667,False,False,bicycle,electric_assist
2026-06-22T04:16:42Z,felyx,felyx:af49629e2de2,51.91021583333333,4.375351016666666,False,False,bicycle,electric_assist
2026-06-22T04:16:42Z,felyx,felyx:20734a5e7949,51.91983693333333,4.493448816666667,False,False,bicycle,electric_assist
2026-06-22T04:16:42Z,felyx,felyx:92316c1189a2,51.912776083333334,4.389902566666668,False,False,bicycle,electric_assist
2026-06-22T04:16:42Z,felyx,felyx:0abf7ddf03d1,51.92248885,4.50309495,False,False,bicycle,electric_assist
2026-06-22T04:16:42Z,felyx,felyx:cbae864c666f,51.95709753333334,4.476523516666667,False,False,bicycle,electric_assist
2026-06-22T04:16:42Z,felyx,felyx:c98a8be7fca3,51.90961553333333,4.448447216666667,False,False,bicycle,electric_assist
2026-06-22T04:16:42Z,felyx,felyx:373c4f458a28,51.957758533333326,4.475045816666667,False,False,bicycle,electric_assist
2026-06-22T04:16:42Z,felyx,felyx:8d546953f9a5,51.93089543333333,4.481495016666667,False,False,bicycle,electric_assist
2026-06-22T04:16:42Z,felyx,felyx:cccae4097c38,51.89156511666666,4.4909527166666665,False,True,bicycle,electric_assist
2026-06-22T04:16:42Z,felyx,felyx:656a9873d7c5,51.91375773333332,4.434983900000001,False,True,bicycle,electric_assist
2026-06-22T04:16:42Z,felyx,felyx:fd92b4079610,51.91697898333332,4.491350083333333,False,True,bicycle,electric_assist
2026-06-22T04:16:42Z,felyx,felyx:1577776a5066,51.91789113333333,4.381393716666666,False,True,bicycle,electric_assist
2026-06-22T04:16:42Z,felyx,felyx:aebe22fe2c73,51.93273663333332,4.475437916666667,False,False,bicycle,electric_assist
2026-06-22T04:16:42Z,felyx,felyx:7f176c20e511,51.93459743333332,4.490320416666667,False,False,bicycle,electric_assist
2026-06-22T04:16:42Z,felyx,felyx:f365598f8d57,51.94819843333333,4.450404016666667,False,False,bicycle,electric_assist
2026-06-22T04:16:42Z,felyx,felyx:b7247d5ce425,51.89110181666666,4.499742816666668,False,False,bicycle,electric_assist
2026-06-22T04:16:42Z,felyx,felyx:83d67bb997b6,51.927442533333334,4.534710199999999,False,False,bicycle,electric_assist
2026-06-22T04:16:42Z,felyx,felyx:968051971569,51.926380133333325,4.5179439,False,False,bicycle,electric_assist
2026-06-22T04:16:42Z,felyx,felyx:f8c66a40f08b,51.92179893333333,4.481677816666666,False,False,bicycle,electric_assist
2026-06-22T04:16:42Z,felyx,felyx:5ddf317be070,51.92795013333333,4.536028399999999,False,False,bicycle,electric_assist
2026-06-22T04:16:42Z,felyx,felyx:0ac649e2b0a1,51.90633843333333,4.459996016666667,False,False,bicycle,electric_assist
2026-06-22T04:16:42Z,felyx,felyx:a90c5c0090f2,51.87432351666666,4.5232284,False,False,bicycle,electric_assist
2026-06-22T04:16:42Z,felyx,felyx:d9d14f9b6bae,51.90841363333334,4.481485716666667,False,False,bicycle,electric_assist
2026-06-22T04:16:42Z,felyx,felyx:23cc94de850a,51.87774761666667,4.523760199999999,False,True,bicycle,electric_assist
2026-06-22T04:16:42Z,felyx,felyx:655b36592fba,51.93177603333333,4.4259524,False,False,bicycle,electric_assist
2026-06-22T04:16:42Z,felyx,felyx:f8330422a155,51.93724633333333,4.536105999999999,False,False,bicycle,electric_assist
2026-06-22T04:16:42Z,felyx,felyx:f82c1ce79cfb,51.87908781666666,4.524102,False,True,bicycle,electric_assist
2026-06-22T04:16:42Z,felyx,felyx:a90142c24402,51.91562623333332,4.483710316666667,False,False,bicycle,electric_assist
2026-06-22T04:16:42Z,felyx,felyx:69cd6332c1d3,51.956245433333336,4.472121516666666,False,False,bicycle,electric_assist
2026-06-22T04:16:42Z,felyx,felyx:9730b9e0e123,51.909986733333334,4.385859016666667,False,True,bicycle,electric_assist
2026-06-22T04:16:42Z,felyx,felyx:698f7ac14c98,51.89884001666666,4.564595899999999,False,False,bicycle,electric_assist
2026-06-22T04:16:42Z,felyx,felyx:71264bd1070e,51.92743493333333,4.5346362000000004,False,False,bicycle,electric_assist
2026-06-22T04:16:42Z,felyx,felyx:c0af4ccc130f,51.937845633333325,4.5399004,False,True,bicycle,electric_assist
2026-06-22T04:16:42Z,felyx,felyx:985b2b3a0861,51.902111266666665,4.48573075,False,True,bicycle,electric_assist
2026-06-22T04:16:42Z,felyx,felyx:5a07969f0ebd,51.92510683333334,4.489292416666668,False,False,bicycle,electric_assist
2026-06-22T04:16:42Z,felyx,felyx:d5cfcefb45f7,51.93292963333333,4.4980738166666665,False,False,bicycle,electric_assist
2026-06-22T04:16:42Z,felyx,felyx:21b1eb2b4f6a,51.95819213333334,4.4883268166666666,False,False,bicycle,electric_assist
2026-06-22T04:16:42Z,felyx,felyx:94c1c9b69a95,51.92248736666667,4.503041833333333,False,False,bicycle,electric_assist
2026-06-22T04:16:42Z,felyx,felyx:8e7ba34fd114,51.87811351666666,4.517138699999999,False,False,bicycle,electric_assist
2026-06-22T04:16:42Z,felyx,felyx:97b76f7d58fc,51.935460833333345,4.481395016666666,False,False,bicycle,electric_assist
2026-06-22T04:16:42Z,felyx,felyx:5849ed3471ef,51.90938923333332,4.5214878,False,False,bicycle,electric_assist
2026-06-22T04:16:42Z,felyx,felyx:c7ecf6cf0f30,51.92126771666666,4.471084883333334,False,True,bicycle,electric_assist
2026-06-22T04:16:42Z,felyx,felyx:90bbc53a4071,51.911493333333325,4.512870200000001,False,True,bicycle,electric_assist
2026-06-22T04:16:42Z,felyx,felyx:04f0d9332b4c,51.91514623333334,4.476215816666667,False,True,bicycle,electric_assist
2026-06-22T04:16:42Z,felyx,felyx:165c4adfa073,51.88583931666666,4.4992960166666665,False,False,bicycle,electric_assist
2026-06-22T04:16:42Z,felyx,felyx:f6723a984986,51.90750883333333,4.461457116666668,False,False,bicycle,electric_assist
2026-06-22T04:16:42Z,felyx,felyx:e5bf6b81b468,51.93051131666666,4.458496516666668,False,False,bicycle,electric_assist
2026-06-22T04:16:42Z,felyx,felyx:94cc47b3a708,51.95064323333333,4.5185756999999995,False,False,bicycle,electric_assist
2026-06-22T04:16:42Z,felyx,felyx:b722773db761,51.92252053333334,4.5030629666666675,False,False,bicycle,electric_assist
2026-06-22T04:16:42Z,felyx,felyx:3db5b3e41656,51.870376016666654,4.4718771166666675,False,True,bicycle,electric_assist
2026-06-22T04:16:42Z,felyx,felyx:90c3f48efa3e,51.93289543333333,4.492148616666667,False,True,bicycle,electric_assist
2026-06-22T04:16:42Z,felyx,felyx:4f13bfd6db71,51.93794243333333,4.4260178,False,False,bicycle,electric_assist
2026-06-22T04:16:42Z,felyx,felyx:8cbbcc17643a,51.89384331666667,4.509483499999999,False,False,bicycle,electric_assist
2026-06-22T04:16:42Z,felyx,felyx:64514dcaf45a,51.93570313333333,4.461285316666666,False,False,bicycle,electric_assist
2026-06-22T04:16:42Z,felyx,felyx:e42bc57def6b,51.91376653333334,4.456131416666667,False,False,bicycle,electric_assist
2026-06-22T04:16:42Z,felyx,felyx:c8a86aa00b2b,51.895237916666666,4.519925399999999,False,False,bicycle,electric_assist
2026-06-22T04:16:42Z,felyx,felyx:a358e7203912,51.91385833333334,4.454608416666668,False,False,bicycle,electric_assist
2026-06-22T04:16:42Z,felyx,felyx:b636fbdcf24f,51.91650553333334,4.489114716666667,False,True,bicycle,electric_assist
2026-06-22T04:16:42Z,felyx,felyx:7bc1dd9a5026,51.901560733333326,4.4878457166666665,False,False,bicycle,electric_assist
2026-06-22T04:16:42Z,felyx,felyx:d3730a7c6ebb,51.92688571666665,4.504763499999999,False,True,bicycle,electric_assist
2026-06-22T04:16:42Z,felyx,felyx:6a2e3f9abdab,51.91727803333333,4.454505516666667,False,True,bicycle,electric_assist
2026-06-22T04:16:42Z,felyx,felyx:ae15ad5a62ab,51.93177703333333,4.5639917,False,False,bicycle,electric_assist
2026-06-22T04:16:42Z,felyx,felyx:8c5d9a9f362f,51.9421584,4.460610399999999,False,False,bicycle,electric_assist
2026-06-22T04:16:42Z,felyx,felyx:647d84d2dfc6,51.90704843333333,4.489823516666667,False,False,bicycle,electric_assist
2026-06-22T04:16:42Z,felyx,felyx:440a8ba9f1fa,51.91571003333333,4.385022216666667,False,False,bicycle,electric_assist
2026-06-22T04:16:42Z,felyx,felyx:62424b39c017,51.93389113333332,4.452951016666667,False,False,bicycle,electric_assist
2026-06-22T04:16:42Z,felyx,felyx:da0d20664e9f,51.90786253333334,4.467058616666667,False,False,bicycle,electric_assist
2026-06-22T04:16:42Z,felyx,felyx:7774fda7cf59,51.91510773333333,4.4153431,False,True,bicycle,electric_assist
2026-06-22T04:16:42Z,felyx,felyx:dd7a556834dd,51.923172433333335,4.493586583333334,False,True,bicycle,electric_assist
2026-06-22T04:16:42Z,felyx,felyx:e26c9c1bd500,51.94497683333333,4.471758216666668,False,False,bicycle,electric_assist
2026-06-22T04:16:42Z,felyx,felyx:2bbb2dbfdf25,51.89839181666667,4.5075633999999996,False,False,bicycle,electric_assist
2026-06-22T04:16:42Z,felyx,felyx:2edf460b6e6b,51.91024843333332,4.454848316666667,False,False,bicycle,electric_assist
2026-06-22T04:16:42Z,felyx,felyx:8f938190d8f1,51.92252633333332,4.503093750000001,False,False,bicycle,electric_assist
2026-06-22T04:16:42Z,felyx,felyx:84e868797e58,51.95804043333332,4.470380816666666,False,True,bicycle,electric_assist
2026-06-22T04:16:42Z,felyx,felyx:69e3af39df22,51.89773131666668,4.5104427,False,False,bicycle,electric_assist
2026-06-22T04:16:42Z,felyx,felyx:2673d1a486ce,51.886466716666675,4.5492661000000005,False,False,bicycle,electric_assist
2026-06-22T04:16:42Z,felyx,felyx:e60b18175439,51.91750463333332,4.463235116666667,False,False,bicycle,electric_assist
2026-06-22T04:16:42Z,felyx,felyx:7086cf69e30e,51.93445253333333,4.563789,False,True,bicycle,electric_assist
2026-06-22T04:16:42Z,felyx,felyx:133d97f8e358,51.92480283333333,4.497774016666666,False,False,bicycle,electric_assist
2026-06-22T04:16:42Z,felyx,felyx:0b3598849d6e,51.919824233333344,4.511494700000001,False,False,bicycle,electric_assist
2026-06-22T04:16:42Z,felyx,felyx:0d3a53e75d97,51.913729833333335,4.477163316666666,False,False,bicycle,electric_assist
2026-06-22T04:16:42Z,felyx,felyx:f6e12e66c9e2,51.91353443333333,4.476369016666666,False,False,bicycle,electric_assist
2026-06-22T04:16:42Z,felyx,felyx:e4fec95f5084,51.87349061666667,4.470312716666667,False,True,bicycle,electric_assist
2026-06-22T04:16:42Z,felyx,felyx:bade11e567e7,51.92098663333333,4.559104400000001,False,False,bicycle,electric_assist
2026-06-22T04:16:42Z,felyx,felyx:4fa8014368bf,51.925482733333325,4.482665216666667,False,False,bicycle,electric_assist
2026-06-22T04:16:42Z,felyx,felyx:ba4b9195b18c,51.91735393333333,4.422758600000001,False,True,bicycle,electric_assist
2026-06-22T04:16:42Z,felyx,felyx:f8afb299ffe4,51.95132273333334,4.470485016666666,False,False,bicycle,electric_assist
2026-06-22T04:16:42Z,felyx,felyx:72868a61f8f7,51.95555963333334,4.5366878,False,False,bicycle,electric_assist
2026-06-22T04:16:42Z,felyx,felyx:49a5705fa9f8,51.945829733333326,4.489408316666668,False,False,bicycle,electric_assist
2026-06-22T04:16:42Z,felyx,felyx:1aba4a296bb6,51.89744521666667,4.469188116666667,False,False,bicycle,electric_assist
2026-06-22T04:16:42Z,felyx,felyx:634744cd88ad,51.895212816666664,4.511941100000001,False,True,bicycle,electric_assist
2026-06-22T04:16:42Z,felyx,felyx:0cbd20d9f112,51.91814293333333,4.454907116666667,False,True,bicycle,electric_assist
2026-06-22T04:16:42Z,felyx,felyx:af920fe48c66,51.94093153333332,4.425092500000001,False,False,bicycle,electric_assist
2026-06-22T04:16:42Z,felyx,felyx:935c6e0b78d7,51.92818143333333,4.488930516666666,False,False,bicycle,electric_assist
2026-06-22T04:16:42Z,felyx,felyx:1a21a42dd2e6,51.90384413333333,4.513012100000001,False,False,bicycle,electric_assist
2026-06-22T04:16:42Z,felyx,felyx:e64cf69a1b0c,51.95377583333333,4.5200603,False,False,bicycle,electric_assist
2026-06-22T04:16:42Z,felyx,felyx:49dd7285d403,51.87354991666666,4.483283916666666,False,False,bicycle,electric_assist
2026-06-22T04:16:42Z,felyx,felyx:ccc5f22ac029,51.92287043333333,4.469782116666668,False,True,bicycle,electric_assist
2026-06-22T04:16:42Z,felyx,felyx:2e637a2208cb,51.93116573333332,4.406019,False,False,bicycle,electric_assist
2026-06-22T04:16:42Z,felyx,felyx:1d885ee8a68c,51.93115653333332,4.4266541,False,False,bicycle,electric_assist
2026-06-22T04:16:42Z,felyx,felyx:8251f05eee31,51.908250516666676,4.49159875,False,True,bicycle,electric_assist
2026-06-22T04:16:42Z,felyx,felyx:51d2b721c37a,51.91167343333333,4.386208016666668,False,True,bicycle,electric_assist
2026-06-22T04:16:42Z,felyx,felyx:4cf1c661bcac,51.87673611666668,4.485894416666667,False,True,bicycle,electric_assist
2026-06-22T04:16:42Z,felyx,felyx:fe591eeebca6,51.91171723333333,4.4909894166666655,False,False,bicycle,electric_assist
2026-06-22T04:16:42Z,felyx,felyx:8325df8b5ae4,51.90787533333334,4.453796316666668,False,False,bicycle,electric_assist
2026-06-22T04:16:42Z,felyx,felyx:3846acc32c11,51.92750893333333,4.5109933,False,False,bicycle,electric_assist
2026-06-22T04:16:42Z,felyx,felyx:ac8f1faa791a,51.94378563333332,4.470570516666668,False,True,bicycle,electric_assist
2026-06-22T04:16:42Z,felyx,felyx:f59c6ae556f6,51.91213973333333,4.4373062,False,False,bicycle,electric_assist
2026-06-22T04:16:42Z,felyx,felyx:75ae7e708498,51.87731258333334,4.52123155,False,True,bicycle,electric_assist
2026-06-22T04:16:42Z,felyx,felyx:819c6987f094,51.87166161666667,4.491542216666666,False,False,bicycle,electric_assist
2026-06-22T04:16:42Z,felyx,felyx:19b717782011,51.93210598333334,4.401948450000001,False,False,bicycle,electric_assist
2026-06-22T04:16:42Z,felyx,felyx:3ef2c23004cf,51.91265296666667,4.481670866666668,False,True,bicycle,electric_assist
2026-06-22T04:16:42Z,felyx,felyx:178de4a2f36f,51.911374633333324,4.379175616666666,False,True,bicycle,electric_assist
2026-06-22T04:16:42Z,felyx,felyx:819d2db85869,51.89527631666666,4.5371277999999995,False,True,bicycle,electric_assist
2026-06-22T04:16:42Z,felyx,felyx:cfb877f22703,51.93596273333332,4.492517616666667,False,False,bicycle,electric_assist
2026-06-22T04:16:42Z,felyx,felyx:67cd48eda6a9,51.88759461666667,4.5065674,False,False,bicycle,electric_assist
2026-06-22T04:16:42Z,felyx,felyx:7127f2f6680d,51.921494033333325,4.5316868,False,True,bicycle,electric_assist
2026-06-22T04:16:42Z,felyx,felyx:d6149fa14a55,51.92112223333333,4.5591205,False,False,bicycle,electric_assist
2026-06-22T04:16:42Z,felyx,felyx:fda91389cbc3,51.89655301666667,4.494266016666667,False,True,bicycle,electric_assist
2026-06-22T04:16:42Z,felyx,felyx:3a871066b0d1,51.92322283333332,4.482648716666668,False,True,bicycle,electric_assist
2026-06-22T04:16:42Z,felyx,felyx:566408e170ed,51.91988463333333,4.487601416666667,False,True,bicycle,electric_assist
2026-06-22T04:16:42Z,felyx,felyx:37afd6f62aa4,51.93556353333333,4.498785916666668,False,False,bicycle,electric_assist
2026-06-22T04:16:42Z,felyx,felyx:fa7515b36f97,51.92783413333332,4.463787416666667,False,False,bicycle,electric_assist
2026-06-22T04:16:42Z,felyx,felyx:52fce371b2c0,51.91449253333334,4.427175000000001,False,False,bicycle,electric_assist
2026-06-22T04:16:42Z,felyx,felyx:6a55e07ac366,51.91944593333333,4.5065864,False,False,bicycle,electric_assist
2026-06-22T04:16:42Z,felyx,felyx:a9ff113f3831,51.88573601666666,4.5021871,False,False,bicycle,electric_assist
2026-06-22T04:16:42Z,felyx,felyx:ec721402207d,51.926931133333326,4.492700416666667,False,False,bicycle,electric_assist
2026-06-22T04:16:42Z,felyx,felyx:b72f52b1d89b,51.91832973333333,4.489839216666666,False,False,bicycle,electric_assist
2026-06-22T04:16:42Z,felyx,felyx:94adcc6526bc,51.90856713333333,4.433025100000001,True,False,bicycle,electric_assist
2026-06-22T04:16:42Z,felyx,felyx:ab79a43f1f59,51.958994433333324,4.471634016666668,False,False,bicycle,electric_assist
2026-06-22T04:16:42Z,felyx,felyx:c56e3f55326a,51.912380433333325,4.451084716666667,False,True,bicycle,electric_assist
2026-06-22T04:16:42Z,felyx,felyx:e9e0a96aca8c,51.89512751666666,4.468314216666667,False,True,bicycle,electric_assist
2026-06-22T04:16:42Z,felyx,felyx:264733ca78c1,51.92844983333332,4.545643599999999,False,False,bicycle,electric_assist
2026-06-22T04:16:42Z,felyx,felyx:e339ab2ae569,51.905617633333335,4.509601900000001,False,False,bicycle,electric_assist
2026-06-22T04:16:42Z,felyx,felyx:fa43e1be6f0c,51.914534833333335,4.4019577,False,False,bicycle,electric_assist
2026-06-22T04:16:42Z,felyx,felyx:0527e3129cf0,51.91780993333334,4.445119916666667,False,False,bicycle,electric_assist
2026-06-22T04:16:42Z,felyx,felyx:164849832e25,51.912751933333325,4.457831416666667,False,False,bicycle,electric_assist
2026-06-22T04:16:42Z,felyx,felyx:35d4d4ee6a19,51.92798384999999,4.536046649999999,False,False,bicycle,electric_assist
2026-06-22T04:16:42Z,felyx,felyx:40f08e582ddb,51.934944033333345,4.470177983333334,False,True,bicycle,electric_assist
2026-06-22T04:16:42Z,felyx,felyx:ef18dc8d9c27,51.886276616666656,4.549272299999999,False,False,bicycle,electric_assist
2026-06-22T04:16:42Z,felyx,felyx:cc8f89db0be3,51.91121163333334,4.524802900000001,False,False,bicycle,electric_assist
2026-06-22T04:16:42Z,felyx,felyx:197c98b514a6,51.92218293333334,4.482269516666666,False,False,bicycle,electric_assist
2026-06-22T04:16:42Z,felyx,felyx:de6972793942,51.94151123333332,4.481385016666667,False,False,bicycle,electric_assist
2026-06-22T04:16:42Z,felyx,felyx:9f6837fb4857,51.92307453333333,4.478281316666668,False,False,bicycle,electric_assist
2026-06-22T04:16:42Z,felyx,felyx:f2d424c935d1,51.87673091666667,4.486007016666667,False,True,bicycle,electric_assist
2026-06-22T04:16:42Z,felyx,felyx:c2c0bfebc1e3,51.907328416666665,4.4455357499999995,False,False,bicycle,electric_assist
2026-06-22T04:16:42Z,felyx,felyx:8c620b4af000,51.92094083333332,4.4981742166666665,False,False,bicycle,electric_assist
2026-06-22T04:16:42Z,felyx,felyx:5d8e41dad471,51.93143083333332,4.461434516666667,False,False,bicycle,electric_assist
2026-06-22T04:16:42Z,felyx,felyx:603c5d314e17,51.93325363333334,4.490926016666666,False,False,bicycle,electric_assist
2026-06-22T04:16:42Z,felyx,felyx:9f987ce6b2c1,51.89952001666667,4.5042946,False,False,bicycle,electric_assist
2026-06-22T04:16:42Z,felyx,felyx:58b651793519,51.92625223333334,4.441831016666667,False,False,bicycle,electric_assist
2026-06-22T04:16:42Z,felyx,felyx:7d53065605a1,51.920858133333326,4.510447599999999,False,True,bicycle,electric_assist
2026-06-22T04:16:42Z,felyx,felyx:f618942b428e,51.91233763333332,4.460048316666666,False,False,bicycle,electric_assist
2026-06-22T04:16:42Z,felyx,felyx:ef4896e5aa48,51.941652316666655,4.426026166666667,False,False,bicycle,electric_assist
2026-06-22T04:16:42Z,felyx,felyx:491fe01a0c35,51.922510883333345,4.503067466666667,False,True,bicycle,electric_assist
2026-06-22T04:16:42Z,felyx,felyx:91eef3ec2d12,51.92878373333333,4.496300616666667,False,True,bicycle,electric_assist
2026-06-22T04:16:42Z,felyx,felyx:e4879406e255,51.941818533333326,4.546346799999999,False,False,bicycle,electric_assist
2026-06-22T04:16:42Z,felyx,felyx:e4e9d84638e8,51.87105771666667,4.472351916666667,False,True,bicycle,electric_assist
2026-06-22T04:16:42Z,felyx,felyx:265a29ca66ae,51.89867521666666,4.475862516666667,False,False,bicycle,electric_assist
2026-06-22T04:16:42Z,felyx,felyx:e3259d809878,51.95508763333334,4.5124354,False,True,bicycle,electric_assist
2026-06-22T04:16:42Z,felyx,felyx:6e3a44ef2244,51.96118183333333,4.5051611,False,True,bicycle,electric_assist
2026-06-22T04:16:42Z,felyx,felyx:e929c86f62d5,51.94834693333333,4.566272700000001,False,True,bicycle,electric_assist
2026-06-22T04:16:42Z,felyx,felyx:aa23acef55c4,51.93183333333333,4.484034016666666,False,True,bicycle,electric_assist
2026-06-22T04:16:42Z,felyx,felyx:6ac4aee1bfd7,51.87795621666667,4.516879799999999,False,False,bicycle,electric_assist
2026-06-22T04:16:42Z,felyx,felyx:28a337fe4af5,51.92801633333333,4.547524699999999,False,False,bicycle,electric_assist
2026-06-22T04:16:42Z,felyx,felyx:7de8d04e4933,51.94182673333333,4.546347600000001,False,False,bicycle,electric_assist
2026-06-22T04:16:42Z,felyx,felyx:7b2b0a83017f,51.91945493333333,4.506606199999999,False,False,bicycle,electric_assist
2026-06-22T04:16:42Z,felyx,felyx:0cd2159fcc3f,51.91153663333333,4.386098416666667,False,False,bicycle,electric_assist
2026-06-22T04:16:42Z,felyx,felyx:695c66cd47d6,51.91201663333333,4.388441316666667,False,False,bicycle,electric_assist
2026-06-22T04:16:42Z,felyx,felyx:e3dfba312cfb,51.89684581666666,4.5217808999999995,False,False,bicycle,electric_assist
2026-06-22T04:16:42Z,felyx,felyx:8e9bed434759,51.963573033333326,4.5341081,False,True,bicycle,electric_assist
2026-06-22T04:16:42Z,felyx,felyx:72f0745d5e15,51.889983816666664,4.493857816666666,False,False,bicycle,electric_assist
2026-06-22T04:16:42Z,felyx,felyx:7b5c8728a5c7,51.88862931666665,4.489258216666666,False,True,bicycle,electric_assist
2026-06-22T04:16:42Z,felyx,felyx:d7d401d0cc02,51.90892983333333,4.469613516666667,False,True,bicycle,electric_assist
2026-06-22T04:16:42Z,felyx,felyx:a9fdf821ef07,51.886374716666666,4.549290899999999,False,False,bicycle,electric_assist
2026-06-22T04:16:42Z,felyx,felyx:0ab1ce111651,51.91070363333333,4.456336716666667,False,False,bicycle,electric_assist
2026-06-22T04:16:42Z,felyx,felyx:652a0a9af2d1,51.90532123333334,4.5008243000000006,False,False,bicycle,electric_assist
2026-06-22T04:16:42Z,felyx,felyx:2e31c3e3bf04,51.91158253333333,4.478460516666666,False,False,bicycle,electric_assist
2026-06-22T04:16:42Z,felyx,felyx:3dd885c6611a,51.91909494999999,4.484291233333334,False,True,bicycle,electric_assist
2026-06-22T04:16:42Z,felyx,felyx:1dfcd080caa7,51.908226433333326,4.505349,False,False,bicycle,electric_assist
2026-06-22T04:16:42Z,felyx,felyx:39fdf02c5011,51.91619453333333,4.527232,False,False,bicycle,electric_assist
2026-06-22T04:16:42Z,felyx,felyx:33ca8428c088,51.931757333333344,4.564011100000001,False,False,bicycle,electric_assist
2026-06-22T04:16:42Z,felyx,felyx:cab482206d68,51.921713333333344,4.514846599999999,False,False,bicycle,electric_assist
2026-06-22T04:16:42Z,felyx,felyx:c926321efb7e,51.89632441666666,4.489209216666667,False,True,bicycle,electric_assist
2026-06-22T04:16:42Z,felyx,felyx:f4b1a4e96b0f,51.918964933333335,4.493884916666668,False,False,bicycle,electric_assist
2026-06-22T04:16:42Z,felyx,felyx:a1bacb1828e6,51.93557403333333,4.424396600000001,False,False,bicycle,electric_assist
2026-06-22T04:16:42Z,felyx,felyx:992394af8861,51.93698243333333,4.420534200000001,False,False,bicycle,electric_assist
2026-06-22T04:16:42Z,felyx,felyx:bca6840450cf,51.92089073333334,4.5263979999999995,False,False,bicycle,electric_assist
2026-06-22T04:16:42Z,felyx,felyx:ff467bdf718f,51.931514316666664,4.461469133333334,False,False,bicycle,electric_assist
2026-06-22T04:16:42Z,felyx,felyx:1fddbd0e8086,51.92300746666666,4.500065166666667,False,True,bicycle,electric_assist
2026-06-22T04:16:42Z,felyx,felyx:9f05aec771cc,51.92150818333333,4.45627995,False,False,bicycle,electric_assist
2026-06-22T04:16:42Z,felyx,felyx:009dc707282b,51.93787053333334,4.472288316666667,False,False,bicycle,electric_assist
2026-06-22T04:16:42Z,felyx,felyx:1c5883c92449,51.87845761666667,4.497493516666665,False,True,bicycle,electric_assist
2026-06-22T04:16:42Z,felyx,felyx:74f0101cacfe,51.91928263333333,4.449993416666667,False,False,bicycle,electric_assist
2026-06-22T04:16:42Z,felyx,felyx:7e91058f9e97,51.91010103333333,4.5210433000000005,False,False,bicycle,electric_assist
2026-06-22T04:16:42Z,felyx,felyx:3bcde4284658,51.90111293333332,4.5112005,False,False,bicycle,electric_assist
2026-06-22T04:16:42Z,felyx,felyx:41f73f071104,51.91376153333333,4.444904216666666,False,False,bicycle,electric_assist
2026-06-22T04:16:42Z,felyx,felyx:214cca987e02,51.93330733333334,4.4909321166666665,False,False,bicycle,electric_assist
2026-06-22T04:16:42Z,felyx,felyx:ca7fbaeb11f7,51.947687433333336,4.475061816666668,False,False,bicycle,electric_assist
2026-06-22T04:16:42Z,felyx,felyx:5b56c515f0e5,51.93426413333332,4.422044600000001,False,False,bicycle,electric_assist
2026-06-22T04:16:42Z,felyx,felyx:0517769d9a32,51.86043091666667,4.548883999999999,False,False,bicycle,electric_assist
2026-06-22T04:16:42Z,felyx,felyx:d34a70506ce8,51.9050375,4.466545816666668,False,False,bicycle,electric_assist
2026-06-22T04:16:42Z,felyx,felyx:edbd1fd99f3b,51.91707963333333,4.460769116666667,False,True,bicycle,electric_assist
2026-06-22T04:16:42Z,felyx,felyx:25d1911e7fc3,51.87588701666667,4.5512008999999995,False,True,bicycle,electric_assist
2026-06-22T04:16:42Z,felyx,felyx:dc8a4b4301bc,51.92886373333334,4.4670173166666665,False,False,bicycle,electric_assist
2026-06-22T04:16:42Z,felyx,felyx:d737b09f18d3,51.89167941666666,4.475849816666667,False,False,bicycle,electric_assist
2026-06-22T04:16:42Z,felyx,felyx:87b1d49ba522,51.922504333333336,4.5031465,False,False,bicycle,electric_assist
2026-06-22T04:16:42Z,felyx,felyx:e38de902a631,51.926269133333335,4.4231154,False,False,bicycle,electric_assist
2026-06-22T04:16:42Z,felyx,felyx:3dee8a10de7f,51.92795723333334,4.536076399999999,False,False,bicycle,electric_assist
2026-06-22T04:16:42Z,felyx,felyx:124c3a2a246c,51.91861293333333,4.435472300000001,False,False,bicycle,electric_assist
2026-06-22T04:16:42Z,felyx,felyx:3ea48807ded7,51.87735871666667,4.494714616666667,False,False,bicycle,electric_assist
2026-06-22T04:16:42Z,felyx,felyx:9e8740c78839,51.88637661666667,4.5492889,False,False,bicycle,electric_assist
2026-06-22T04:16:42Z,felyx,felyx:fbd9f12b99d7,51.90657083333333,4.4081038,False,False,bicycle,electric_assist
2026-06-22T04:16:42Z,felyx,felyx:334009d0b5ee,51.9396907,4.410982566666666,False,False,bicycle,electric_assist
2026-06-22T04:16:42Z,felyx,felyx:1a97beb1d93f,51.963393933333336,4.554662400000001,False,False,bicycle,electric_assist
2026-06-22T04:16:42Z,felyx,felyx:a819b0ca093c,51.961120133333345,4.502904099999999,False,False,bicycle,electric_assist
2026-06-22T04:16:42Z,felyx,felyx:f1f970938fd9,51.909286433333335,4.455592516666667,False,False,bicycle,electric_assist
2026-06-22T04:16:42Z,felyx,felyx:45c2112131b7,51.916672633333334,4.451637516666666,False,True,bicycle,electric_assist
2026-06-22T04:16:42Z,felyx,felyx:a940b2c0cd02,51.92321633333333,4.390437816666666,False,True,bicycle,electric_assist
2026-06-22T04:16:42Z,felyx,felyx:952e9580530d,51.92657443333332,4.498953916666666,False,True,bicycle,electric_assist
2026-06-22T04:16:42Z,felyx,felyx:dea791e8aea7,51.896327516666666,4.489347416666666,False,True,bicycle,electric_assist
2026-06-22T04:16:42Z,felyx,felyx:2ee6d5e62a43,51.914141933333326,4.384498316666668,False,False,bicycle,electric_assist
2026-06-22T04:16:42Z,felyx,felyx:6bee2d236136,51.90059583333333,4.4827681166666675,False,True,bicycle,electric_assist
2026-06-22T04:16:42Z,felyx,felyx:9867235c231d,51.90677873333334,4.525391600000001,False,False,bicycle,electric_assist
2026-06-22T04:16:42Z,felyx,felyx:a9c22d5c1baa,51.961708833333326,4.499834716666667,False,False,bicycle,electric_assist
2026-06-22T04:16:42Z,felyx,felyx:b12f0ff73445,51.90595473333333,4.462272116666668,False,False,bicycle,electric_assist
2026-06-22T04:16:42Z,felyx,felyx:b363d60dcb3a,51.91668203333332,4.456975216666667,False,False,bicycle,electric_assist
2026-06-22T04:16:42Z,felyx,felyx:6e08ae7e74e8,51.89381555000001,4.5094137,False,False,bicycle,electric_assist
2026-06-22T04:16:42Z,felyx,felyx:769b7a659d2c,51.93958953333333,4.485453716666668,False,True,bicycle,electric_assist
2026-06-22T04:16:42Z,felyx,felyx:183199917c97,51.96164453333335,4.476446616666666,False,False,bicycle,electric_assist
2026-06-22T04:16:42Z,felyx,felyx:9f578728ef37,51.934877483333324,4.470080050000001,False,False,bicycle,electric_assist
2026-06-22T04:16:42Z,felyx,felyx:ec1b30598066,51.89770611666667,4.510531599999999,False,False,bicycle,electric_assist
2026-06-22T04:16:42Z,felyx,felyx:1dcc66a61002,51.926645233333325,4.484123616666666,False,True,bicycle,electric_assist
2026-06-22T04:16:42Z,felyx,felyx:074eaa835e43,51.92302083333334,4.489155616666667,False,True,bicycle,electric_assist
2026-06-22T04:16:42Z,felyx,felyx:d720d56138a2,51.89661311666667,4.494247916666667,False,False,bicycle,electric_assist
2026-06-22T04:16:42Z,felyx,felyx:c32c09bd7f65,51.91978233333332,4.5288889,False,False,bicycle,electric_assist
2026-06-22T04:16:42Z,felyx,felyx:8d49e1146c9d,51.88754981666667,4.488350616666668,False,True,bicycle,electric_assist
2026-06-22T04:16:42Z,felyx,felyx:05a552351a5c,51.93068856666666,4.428426616666666,False,True,bicycle,electric_assist
2026-06-22T04:16:42Z,felyx,felyx:0206c734c44f,51.90028523333334,4.511357099999999,False,True,bicycle,electric_assist
2026-06-22T04:16:42Z,felyx,felyx:c970fb4553b6,51.90512253333333,4.5041758,False,True,bicycle,electric_assist
2026-06-22T04:16:42Z,felyx,felyx:68b02c5af810,51.93060273333334,4.4961396166666665,False,True,bicycle,electric_assist
2026-06-22T04:16:42Z,felyx,felyx:6b3a58397dd9,51.96745053333334,4.4633725166666665,False,False,bicycle,electric_assist
2026-06-22T04:16:42Z,felyx,felyx:1250ed4be0e2,51.90220933333333,4.461211016666667,False,False,bicycle,electric_assist
2026-06-22T04:16:42Z,felyx,felyx:f5a2d4efffbd,51.933171333333334,4.496511216666668,False,True,bicycle,electric_assist
2026-06-22T04:16:42Z,felyx,felyx:009a67db2417,51.899365116666665,4.478645916666666,False,False,bicycle,electric_assist
2026-06-22T04:16:42Z,felyx,felyx:5867c2a4f5a1,51.95041423333334,4.5467743,False,True,bicycle,electric_assist
2026-06-22T04:16:42Z,felyx,felyx:f6a286b6210c,51.913548933333345,4.461873616666668,False,False,bicycle,electric_assist
2026-06-22T04:16:42Z,felyx,felyx:fc7b35c1a04a,51.958362433333335,4.490511716666666,False,False,bicycle,electric_assist
2026-06-22T04:16:42Z,felyx,felyx:96afd6faf822,51.90908353333333,4.448891516666667,False,False,bicycle,electric_assist
2026-06-22T04:16:42Z,felyx,felyx:dc31987aeb7f,51.91436303333332,4.417310400000001,False,False,bicycle,electric_assist
2026-06-22T04:16:42Z,felyx,felyx:319a9c2e67be,51.88635581666667,4.459076016666668,False,False,bicycle,electric_assist
2026-06-22T04:16:42Z,felyx,felyx:e12a101cbbbc,51.91892093333333,4.4893311166666665,False,False,bicycle,electric_assist
2026-06-22T04:16:42Z,felyx,felyx:e8ad6a327d85,51.920615633333334,4.451533116666667,False,False,bicycle,electric_assist
2026-06-22T04:16:42Z,felyx,felyx:f80371ca19e4,51.92341755,4.490422533333334,False,True,bicycle,electric_assist
2026-06-22T04:16:42Z,felyx,felyx:6b2519d038c3,51.90470853333332,4.443187016666666,False,False,bicycle,electric_assist
2026-06-22T04:16:42Z,felyx,felyx:326874a3b2f7,51.88643761666667,4.496519016666667,False,True,bicycle,electric_assist
2026-06-22T04:16:42Z,felyx,felyx:9650803948aa,51.898665416666674,4.475889816666667,False,False,bicycle,electric_assist
2026-06-22T04:16:42Z,felyx,felyx:377a92686644,51.91844583333333,4.449932116666667,False,False,bicycle,electric_assist
2026-06-22T04:16:42Z,felyx,felyx:3508d9241596,51.95300493333335,4.490800016666666,False,False,bicycle,electric_assist
2026-06-22T04:16:42Z,felyx,felyx:b0724a9f7f0b,51.90306893333334,4.4049732,False,False,bicycle,electric_assist
2026-06-22T04:16:42Z,felyx,felyx:ef1d0450305e,51.92571923333333,4.454739616666666,False,False,bicycle,electric_assist
2026-06-22T04:16:42Z,felyx,felyx:fd4c7ae2fb6b,51.88694733333334,4.521302266666666,False,False,bicycle,electric_assist
2026-06-22T04:16:42Z,felyx,felyx:1abfb2adb317,51.89204281666666,4.483397816666667,False,False,bicycle,electric_assist
2026-06-22T04:16:42Z,felyx,felyx:8943d303d570,51.883059883333324,4.515210099999999,False,True,bicycle,electric_assist
2026-06-22T04:16:42Z,felyx,felyx:b6806b0cf3ac,51.89831821666666,4.478123416666667,False,False,bicycle,electric_assist
2026-06-22T04:16:42Z,felyx,felyx:34542bd502f5,51.91413833333333,4.390519816666667,False,False,bicycle,electric_assist
2026-06-22T04:16:42Z,felyx,felyx:a1fa0151f8d2,51.917739033333326,4.445242316666667,False,False,bicycle,electric_assist
2026-06-22T04:16:42Z,felyx,felyx:93735a0c6352,51.95858153333334,4.475147616666667,False,False,bicycle,electric_assist
2026-06-22T04:16:42Z,felyx,felyx:03908ba6ac08,51.96097533333333,4.478287516666667,False,False,bicycle,electric_assist
2026-06-22T04:16:42Z,felyx,felyx:bc1da1d92357,51.92942693333332,4.476403616666667,False,True,bicycle,electric_assist
2026-06-22T04:16:42Z,felyx,felyx:1e2f1517d03d,51.92220303333333,4.488854216666666,False,True,bicycle,electric_assist
2026-06-22T04:16:42Z,felyx,felyx:7dcf2a5125d8,51.91992033333332,4.487831516666666,False,True,bicycle,electric_assist
2026-06-22T04:16:42Z,felyx,felyx:5a4cd86d6590,51.904624633333334,4.4568697166666675,False,False,bicycle,electric_assist
2026-06-22T04:16:42Z,felyx,felyx:63f8cd49c57f,51.89190985000001,4.5382858499999985,False,True,bicycle,electric_assist
2026-06-22T04:16:42Z,felyx,felyx:3a81705e0e17,51.91334836666667,4.432531599999999,False,True,bicycle,electric_assist
2026-06-22T04:16:42Z,felyx,felyx:6c488949b27d,51.91784073333333,4.459461516666668,False,False,bicycle,electric_assist
2026-06-22T04:16:42Z,felyx,felyx:e41e78a9d518,51.90805873333334,4.5121742,False,False,bicycle,electric_assist
2026-06-22T04:16:42Z,felyx,felyx:9762ddd35c9d,51.90469253333334,4.453993016666667,False,False,bicycle,electric_assist
2026-06-22T04:16:42Z,felyx,felyx:d36ffcc94d0f,51.89379401666667,4.5094147,False,False,bicycle,electric_assist
2026-06-22T04:16:42Z,lime,lime:76d5d6747bb1,51.8809,4.50307,False,False,bicycle,electric_assist
2026-06-22T04:16:42Z,lime,lime:3a5d03cc0045,51.92091,4.49105,False,False,bicycle,electric_assist
2026-06-22T04:16:42Z,lime,lime:b4ea9a167d41,51.93278,4.52209,False,False,bicycle,electric_assist
2026-06-22T04:16:42Z,lime,lime:790949930d45,51.89816,4.47436,False,True,bicycle,electric_assist
2026-06-22T04:16:42Z,lime,lime:496f18de7dea,51.8908,4.46349,False,False,bicycle,electric_assist
2026-06-22T04:16:42Z,lime,lime:f3f87304c1a7,51.89065,4.4827,False,False,bicycle,electric_assist
2026-06-22T04:16:42Z,lime,lime:1819b0d3a487,51.91461,4.46728,False,False,bicycle,electric_assist
2026-06-22T04:16:42Z,lime,lime:4d7fdd81a2a4,51.9104,4.44627,False,False,bicycle,electric_assist
2026-06-22T04:16:42Z,lime,lime:7bc65ddc59a5,51.91706,4.4608,False,False,bicycle,electric_assist
2026-06-22T04:16:42Z,lime,lime:2d1ca685d6e6,51.91242,4.49299,False,False,bicycle,electric_assist
2026-06-22T04:16:42Z,lime,lime:c0c1f4ba8833,51.9217,4.50687,False,False,bicycle,electric_assist
2026-06-22T04:16:42Z,lime,lime:ef37e1ab6db5,51.88976,4.48136,False,False,bicycle,electric_assist
2026-06-22T04:16:42Z,lime,lime:63a83f854bba,51.90944,4.38735,False,False,bicycle,electric_assist
2026-06-22T04:16:42Z,lime,lime:02c61ea03c35,51.89107,4.48482,False,False,bicycle,electric_assist
2026-06-22T04:16:42Z,lime,lime:0fa4e296ff76,51.91538,4.44079,False,False,bicycle,electric_assist
2026-06-22T04:16:42Z,lime,lime:19018e315ab0,51.92775,4.45606,False,False,bicycle,electric_assist
2026-06-22T04:16:42Z,lime,lime:7a31e866a77e,51.91091,4.52114,False,False,bicycle,electric_assist
2026-06-22T04:16:42Z,lime,lime:e7ab78636932,51.93622,4.5428,False,False,bicycle,electric_assist
2026-06-22T04:16:42Z,lime,lime:cc6ff4ca675a,51.90724,4.48936,False,False,bicycle,electric_assist
2026-06-22T04:16:42Z,lime,lime:e63e3b6b8c43,51.90249,4.46526,False,False,bicycle,electric_assist
2026-06-22T04:16:42Z,lime,lime:7d748e59b5c5,51.92134,4.46577,False,False,bicycle,electric_assist
2026-06-22T04:16:42Z,lime,lime:06c82db91c41,51.88855,4.52799,False,True,bicycle,electric_assist
2026-06-22T04:16:42Z,lime,lime:adbfad6a1754,51.91785,4.44516,False,False,bicycle,electric_assist
2026-06-22T04:16:42Z,lime,lime:3214acc8f6a1,51.93614,4.46862,False,False,bicycle,electric_assist
2026-06-22T04:16:42Z,lime,lime:490cdf0447ac,51.94597,4.53536,False,False,bicycle,electric_assist
2026-06-22T04:16:42Z,lime,lime:3e96c04a7f60,51.93608,4.46861,False,False,bicycle,electric_assist
2026-06-22T04:16:42Z,lime,lime:3ea36e006006,51.9198,4.46506,False,False,bicycle,electric_assist
2026-06-22T04:16:42Z,lime,lime:524ce8797bf5,51.89112,4.50843,False,False,bicycle,electric_assist
2026-06-22T04:16:42Z,lime,lime:71921bb290cd,51.91234,4.45507,False,False,bicycle,electric_assist
2026-06-22T04:16:42Z,lime,lime:f57b11262133,51.92916,4.50524,False,False,bicycle,electric_assist
2026-06-22T04:16:42Z,lime,lime:64a2207a74d8,51.88825,4.51799,False,False,bicycle,electric_assist
2026-06-22T04:16:42Z,lime,lime:6e733f29d2f1,51.90548,4.50962,False,False,bicycle,electric_assist
2026-06-22T04:16:42Z,lime,lime:95b663414d9f,51.90658,4.41195,False,False,bicycle,electric_assist
2026-06-22T04:16:42Z,lime,lime:94d00fe7086c,51.93025,4.48378,False,False,bicycle,electric_assist
2026-06-22T04:16:42Z,lime,lime:6ba1c3863042,51.91651,4.44975,False,False,bicycle,electric_assist
2026-06-22T04:16:42Z,lime,lime:7ddd550a7e9c,51.92,4.44605,False,False,bicycle,electric_assist
2026-06-22T04:16:42Z,lime,lime:72fac07cdd0c,51.93059,4.49622,False,False,bicycle,electric_assist
2026-06-22T04:16:42Z,lime,lime:50ef88ee7530,51.94225,4.49998,False,False,bicycle,electric_assist
2026-06-22T04:16:42Z,lime,lime:1892a68ba309,51.91121,4.52472,False,True,bicycle,electric_assist
2026-06-22T04:16:42Z,lime,lime:772041291a7d,51.91359,4.48581,False,False,bicycle,electric_assist
2026-06-22T04:16:42Z,lime,lime:da28147b2895,51.91781,4.44499,False,False,bicycle,electric_assist
2026-06-22T04:16:42Z,lime,lime:6a99a30b4a2a,51.92053,4.5116,False,False,bicycle,electric_assist
2026-06-22T04:16:42Z,lime,lime:0e80445ea4dd,51.91183,4.46639,False,False,bicycle,electric_assist
2026-06-22T04:16:42Z,lime,lime:4fa5be305b39,51.93257,4.48428,False,False,bicycle,electric_assist
2026-06-22T04:16:42Z,lime,lime:9dd2b40fc220,51.94367,4.5471,False,False,bicycle,electric_assist
2026-06-22T04:16:42Z,lime,lime:b55228790591,51.92422,4.47986,False,False,bicycle,electric_assist
2026-06-22T04:16:42Z,lime,lime:da2fc4a4d3a0,51.90846,4.44604,False,False,bicycle,electric_assist
2026-06-22T04:16:42Z,lime,lime:6994a20486ab,51.92369,4.53097,False,False,bicycle,electric_assist
2026-06-22T04:16:42Z,lime,lime:6741b3cc1947,51.91007,4.45223,False,False,bicycle,electric_assist
2026-06-22T04:16:42Z,lime,lime:975f319625dd,51.91782,4.44513,True,False,bicycle,electric_assist
2026-06-22T04:16:42Z,lime,lime:8ab7f9d04278,51.94267,4.47129,False,False,bicycle,electric_assist
2026-06-22T04:16:42Z,lime,lime:a61da4944688,51.89297,4.5144,False,False,bicycle,electric_assist
2026-06-22T04:16:42Z,lime,lime:115ad87a61d5,51.95763,4.50175,False,False,bicycle,electric_assist
2026-06-22T04:16:42Z,lime,lime:44db62387728,51.91109,4.48194,False,False,bicycle,electric_assist
2026-06-22T04:16:42Z,lime,lime:65f7fb0c4892,51.90966,4.44573,False,False,bicycle,electric_assist
2026-06-22T04:16:42Z,lime,lime:9ad0220c43aa,51.91015,4.44424,False,False,bicycle,electric_assist
2026-06-22T04:16:42Z,lime,lime:2a64bfd4c290,51.88818,4.46089,False,False,bicycle,electric_assist
2026-06-22T04:16:42Z,lime,lime:0e8dbab60887,51.93895,4.53867,False,False,bicycle,electric_assist
2026-06-22T04:16:42Z,lime,lime:041a40d701eb,51.92045,4.45492,False,False,bicycle,electric_assist
2026-06-22T04:16:42Z,lime,lime:1c18b6148d26,51.93742,4.47477,False,False,bicycle,electric_assist
2026-06-22T04:16:42Z,lime,lime:48a17db0994e,51.9189,4.49392,False,True,bicycle,electric_assist
2026-06-22T04:16:42Z,lime,lime:8fbcb238b9fb,51.9282,4.45678,False,False,bicycle,electric_assist
2026-06-22T04:16:42Z,lime,lime:903fc02e17dc,51.91215,4.39966,False,False,bicycle,electric_assist
2026-06-22T04:16:42Z,lime,lime:6bd5114c2141,51.93951,4.45508,False,False,bicycle,electric_assist
2026-06-22T04:16:42Z,lime,lime:063764257c96,51.92789,4.49048,False,False,bicycle,electric_assist
2026-06-22T04:16:42Z,lime,lime:718bdb214ef1,51.88994,4.48728,False,False,bicycle,electric_assist
2026-06-22T04:16:42Z,lime,lime:bb59528686f8,51.89295,4.51447,False,False,bicycle,electric_assist
2026-06-22T04:16:42Z,lime,lime:d56c5a21a43e,51.92083,4.51048,False,False,bicycle,electric_assist
2026-06-22T04:16:42Z,lime,lime:2d5d9de92dae,51.93226,4.46417,False,False,bicycle,electric_assist
2026-06-22T04:16:42Z,lime,lime:1f834f1fd1a9,51.89231,4.46473,False,False,bicycle,electric_assist
2026-06-22T04:16:42Z,lime,lime:e9c68ae94c69,51.90446,4.46043,False,False,bicycle,electric_assist
2026-06-22T04:16:42Z,lime,lime:72f1011bde56,51.91391,4.43561,False,False,bicycle,electric_assist
2026-06-22T04:16:42Z,lime,lime:e37339acc69e,51.91259,4.44724,False,False,bicycle,electric_assist
2026-06-22T04:16:42Z,lime,lime:bb8672614692,51.93165,4.52136,False,False,bicycle,electric_assist
2026-06-22T04:16:42Z,lime,lime:06b27a9a634f,51.9115,4.47814,False,False,bicycle,electric_assist
2026-06-22T04:16:42Z,lime,lime:3621975689f7,51.92747,4.45684,False,False,bicycle,electric_assist
2026-06-22T04:16:42Z,lime,lime:f80b1b6e3960,51.88992,4.47224,False,False,bicycle,electric_assist
2026-06-22T04:16:42Z,lime,lime:92b336d7de5c,51.91224,4.51091,False,False,bicycle,electric_assist
2026-06-22T04:16:42Z,lime,lime:49d7965d8e70,51.91605,4.48936,True,False,bicycle,electric_assist
2026-06-22T04:16:42Z,lime,lime:fbf4793b179b,51.885,4.45909,False,False,bicycle,electric_assist
2026-06-22T04:16:42Z,lime,lime:87c78437dd5b,51.92467,4.51481,False,False,bicycle,electric_assist
2026-06-22T04:16:42Z,lime,lime:497339ccd06b,51.90931,4.50799,False,False,bicycle,electric_assist
2026-06-22T04:16:42Z,lime,lime:81f77193af06,51.9404,4.47976,False,False,bicycle,electric_assist
2026-06-22T04:16:42Z,lime,lime:3f4a647ad898,51.90203,4.50573,False,False,bicycle,electric_assist
2026-06-22T04:16:42Z,lime,lime:37656ad86aca,51.90033,4.47654,False,True,bicycle,electric_assist
2026-06-22T04:16:42Z,lime,lime:1a59e9971a2b,51.90916,4.52165,False,False,bicycle,electric_assist
2026-06-22T04:16:42Z,lime,lime:7dfb40d2427a,51.89168,4.46521,False,False,bicycle,electric_assist
2026-06-22T04:16:42Z,lime,lime:74e83922a81a,51.91513,4.52146,False,False,bicycle,electric_assist
2026-06-22T04:16:42Z,lime,lime:d6ed9026de12,51.91625,4.41195,False,False,bicycle,electric_assist
2026-06-22T04:16:42Z,lime,lime:491004f11593,51.93782,4.50162,False,False,bicycle,electric_assist
2026-06-22T04:16:42Z,lime,lime:82c6cb7e1fba,51.91738,4.49185,False,False,bicycle,electric_assist
2026-06-22T04:16:42Z,lime,lime:29879644ca22,51.96159,4.54361,False,False,bicycle,electric_assist
2026-06-22T04:16:42Z,lime,lime:fe1769e7403b,51.88617,4.54934,False,False,bicycle,electric_assist
2026-06-22T04:16:42Z,lime,lime:9f4c3d890812,51.95431,4.58403,False,False,bicycle,electric_assist
2026-06-22T04:16:42Z,lime,lime:bb0d89773a83,51.91152,4.47847,False,False,bicycle,electric_assist
2026-06-22T04:16:42Z,lime,lime:b6156f7ab3e6,51.95907,4.53819,False,False,bicycle,electric_assist
2026-06-22T04:16:42Z,lime,lime:8be243bb2d2d,51.91619,4.52713,False,True,bicycle,electric_assist
2026-06-22T04:16:42Z,lime,lime:b117817830c7,51.92216,4.36956,False,False,bicycle,electric_assist
2026-06-22T04:16:42Z,lime,lime:eb14f1ce0298,51.93598,4.46591,False,False,bicycle,electric_assist
2026-06-22T04:16:42Z,lime,lime:f0ee486ab06b,51.89649,4.49417,False,False,bicycle,electric_assist
2026-06-22T04:16:42Z,lime,lime:77bd5374794d,51.89647,4.49407,False,False,bicycle,electric_assist
2026-06-22T04:16:42Z,lime,lime:0343ccc14034,51.91373,4.54655,False,False,bicycle,electric_assist
2026-06-22T04:16:42Z,lime,lime:5e58b67b1c80,51.93511,4.49282,False,False,bicycle,electric_assist
2026-06-22T04:16:42Z,lime,lime:83f2519003ce,51.94336,4.4767,False,False,bicycle,electric_assist
2026-06-22T04:16:42Z,lime,lime:e2faa2271e17,51.91886,4.54252,False,False,bicycle,electric_assist
2026-06-22T04:16:42Z,lime,lime:08a4f34702c8,51.90728,4.40227,False,False,bicycle,electric_assist
2026-06-22T04:16:42Z,lime,lime:ca2ad737617c,51.92946,4.44682,False,False,bicycle,electric_assist
2026-06-22T04:16:42Z,lime,lime:1d9ba10d08a0,51.9196,4.51178,False,False,bicycle,electric_assist
2026-06-22T04:16:42Z,lime,lime:aaec9d396ac0,51.93535,4.48774,False,False,bicycle,electric_assist
2026-06-22T04:16:42Z,lime,lime:246f39506924,51.95821,4.4633,False,False,bicycle,electric_assist
2026-06-22T04:16:42Z,lime,lime:a3edb3faa24d,51.91963,4.51174,False,False,bicycle,electric_assist
2026-06-22T04:16:42Z,lime,lime:741e59f60fa1,51.91734,4.42052,False,False,bicycle,electric_assist
2026-06-22T04:16:42Z,lime,lime:a1e992b443db,51.91668,4.44961,False,False,bicycle,electric_assist
2026-06-22T04:16:42Z,lime,lime:ed857f2954d7,51.92113,4.46601,False,False,bicycle,electric_assist
2026-06-22T04:16:42Z,lime,lime:bcde2ad23b35,51.87375,4.47703,False,False,bicycle,electric_assist
2026-06-22T04:16:42Z,lime,lime:7e19d5f73f39,51.88901,4.46546,False,False,bicycle,electric_assist
2026-06-22T04:16:42Z,lime,lime:73f6c64b371b,51.89346,4.51723,False,False,bicycle,electric_assist
2026-06-22T04:16:42Z,lime,lime:ccd558353c6b,51.87409,4.49426,False,False,bicycle,electric_assist
2026-06-22T04:16:42Z,lime,lime:9de048319690,51.93031,4.48378,False,False,bicycle,electric_assist
2026-06-22T04:16:42Z,lime,lime:10af7fbaabfa,51.91429,4.47216,False,True,bicycle,electric_assist
2026-06-22T04:16:42Z,lime,lime:b37912266017,51.89086,4.4678,False,False,bicycle,electric_assist
2026-06-22T04:16:42Z,lime,lime:a08d92f6c548,51.93781,4.50164,False,False,bicycle,electric_assist
2026-06-22T04:16:42Z,lime,lime:3787675df049,51.92044,4.50452,False,False,bicycle,electric_assist
2026-06-22T04:16:42Z,lime,lime:e1a7d4512d48,51.93782,4.50162,False,False,bicycle,electric_assist
2026-06-22T04:16:42Z,lime,lime:5fabc8ba64e0,51.92845,4.37084,False,False,bicycle,electric_assist
2026-06-22T04:16:42Z,lime,lime:28324f2d1153,51.91672,4.52802,False,False,bicycle,electric_assist
2026-06-22T04:16:42Z,lime,lime:1bd33ed45883,51.90706,4.46311,True,False,bicycle,electric_assist
2026-06-22T04:16:42Z,lime,lime:f84812d25f59,51.90582,4.44376,False,False,bicycle,electric_assist
2026-06-22T04:16:42Z,lime,lime:e62669898307,51.93226,4.4856,False,False,bicycle,electric_assist
2026-06-22T04:16:42Z,lime,lime:c69a44e69190,51.91128,4.52469,False,False,bicycle,electric_assist
2026-06-22T04:16:42Z,lime,lime:ebe8334e09e1,51.92326,4.47771,False,False,bicycle,electric_assist
2026-06-22T04:16:42Z,lime,lime:2fb0d57a7898,51.93059,4.49621,False,False,bicycle,electric_assist
2026-06-22T04:16:42Z,lime,lime:7c83d0ac4d3e,51.91737,4.4918,False,False,bicycle,electric_assist
2026-06-22T04:16:42Z,lime,lime:4b6339035f81,51.93783,4.50164,False,False,bicycle,electric_assist
2026-06-22T04:16:42Z,lime,lime:ab7b38f70f50,51.91885,4.5493,False,False,bicycle,electric_assist
2026-06-22T04:16:42Z,lime,lime:acb641d49f14,51.93318,4.43983,False,False,bicycle,electric_assist
2026-06-22T04:16:42Z,lime,lime:eb21d9b4f463,51.90643,4.50578,False,False,bicycle,electric_assist
2026-06-22T04:16:42Z,lime,lime:de67471dd0ec,51.92144,4.44949,False,False,bicycle,electric_assist
2026-06-22T04:16:42Z,lime,lime:ea909ecafdc7,51.9378,4.50169,False,False,bicycle,electric_assist
2026-06-22T04:16:42Z,lime,lime:0ac6af8f5753,51.93036,4.50782,False,False,bicycle,electric_assist
2026-06-22T04:16:42Z,lime,lime:e62e1cf6f122,51.92085,4.49095,False,False,bicycle,electric_assist
2026-06-22T04:16:42Z,lime,lime:e54065459526,51.90438,4.45645,False,False,bicycle,electric_assist
2026-06-22T04:16:42Z,lime,lime:3edd5946b605,51.90834,4.4491,False,False,bicycle,electric_assist
2026-06-22T04:16:42Z,lime,lime:b4a97903c799,51.92549,4.41548,False,False,bicycle,electric_assist
2026-06-22T04:16:42Z,lime,lime:98c750ecc75c,51.91028,4.38191,False,False,bicycle,electric_assist
2026-06-22T04:16:42Z,lime,lime:a69bd51d6a8c,51.9177,4.48008,False,False,bicycle,electric_assist
2026-06-22T04:16:42Z,lime,lime:dde7bc69c2e4,51.90632,4.45996,False,False,bicycle,electric_assist
2026-06-22T04:16:42Z,lime,lime:8694dbc3680e,51.94284,4.42861,False,False,bicycle,electric_assist
2026-06-22T04:16:42Z,lime,lime:16dc42b68348,51.89739,4.46923,False,False,bicycle,electric_assist
2026-06-22T04:16:42Z,lime,lime:df8c0efa4c5f,51.88746,4.50212,False,False,bicycle,electric_assist
2026-06-22T04:16:42Z,lime,lime:f35fcc75f1b5,51.92751,4.49693,False,False,bicycle,electric_assist
2026-06-22T04:16:42Z,lime,lime:c9ed4503aaaf,51.91375,4.54649,False,False,bicycle,electric_assist
2026-06-22T04:16:42Z,lime,lime:9497488dc84f,51.89383,4.50944,False,False,bicycle,electric_assist
2026-06-22T04:16:42Z,lime,lime:6996cf45e31e,51.9245,4.48542,False,False,bicycle,electric_assist
2026-06-22T04:16:42Z,lime,lime:688ccddd87c1,51.91282,4.49351,False,False,bicycle,electric_assist
2026-06-22T04:16:42Z,lime,lime:1fafbcebca4b,51.92216,4.47127,False,False,bicycle,electric_assist
2026-06-22T04:16:42Z,lime,lime:91c2e19ad2a1,51.90625,4.40724,False,False,bicycle,electric_assist
2026-06-22T04:16:42Z,lime,lime:fc16ae1ead7e,51.93693,4.42776,False,False,bicycle,electric_assist
2026-06-22T04:16:42Z,lime,lime:3e145ae9c236,51.9049,4.49859,False,False,bicycle,electric_assist
2026-06-22T04:16:42Z,lime,lime:dcfee6470dfb,51.92211,4.47138,False,False,bicycle,electric_assist
2026-06-22T04:16:42Z,lime,lime:633143909b83,51.94041,4.47974,False,False,bicycle,electric_assist
2026-06-22T04:16:42Z,lime,lime:ca5deda52cea,51.90929,4.45818,False,False,bicycle,electric_assist
2026-06-22T04:16:42Z,lime,lime:fae38a2645dd,51.8864,4.54933,False,False,bicycle,electric_assist
2026-06-22T04:16:42Z,lime,lime:17d857800042,51.92098,4.54201,False,False,bicycle,electric_assist
2026-06-22T04:16:42Z,lime,lime:6661fac94204,51.88887,4.4988,False,False,bicycle,electric_assist
2026-06-22T04:16:42Z,lime,lime:458624eb870f,51.91007,4.44423,False,False,bicycle,electric_assist
2026-06-22T04:16:42Z,lime,lime:b0b4ee67d484,51.9177,4.41218,False,False,bicycle,electric_assist
2026-06-22T04:16:42Z,lime,lime:5a95ccbb9a89,51.93775,4.54902,False,False,bicycle,electric_assist
2026-06-22T04:16:42Z,lime,lime:41eaf3e60117,51.91417,4.45948,False,False,bicycle,electric_assist
2026-06-22T04:16:42Z,lime,lime:addcb2d3ee97,51.90343,4.46367,False,False,bicycle,electric_assist
2026-06-22T04:16:42Z,lime,lime:7adb00188643,51.94548,4.46696,False,False,bicycle,electric_assist
2026-06-22T04:16:42Z,lime,lime:77e5c8f1daa2,51.92109,4.51202,False,False,bicycle,electric_assist
2026-06-22T04:16:42Z,lime,lime:ca5054f29318,51.88536,4.49372,False,False,bicycle,electric_assist
2026-06-22T04:16:42Z,lime,lime:997b4cffd52a,51.93219,4.49529,False,False,bicycle,electric_assist
2026-06-22T04:16:42Z,lime,lime:85c79ebea3bf,51.93145,4.50718,False,False,bicycle,electric_assist
2026-06-22T04:16:42Z,lime,lime:c1653e7cba14,51.90938,4.38732,False,False,bicycle,electric_assist
2026-06-22T04:16:42Z,lime,lime:31772923db67,51.93028,4.48374,False,False,bicycle,electric_assist
2026-06-22T04:16:42Z,lime,lime:97d080a5a094,51.90643,4.44289,False,False,bicycle,electric_assist
2026-06-22T04:16:42Z,lime,lime:1d2a85b6ffc3,51.92085,4.49817,False,False,bicycle,electric_assist
2026-06-22T04:16:42Z,lime,lime:8fc717ebd1ea,51.9758,4.46015,False,False,bicycle,electric_assist
2026-06-22T04:16:42Z,lime,lime:26fca5b9818e,51.9331,4.45938,False,False,bicycle,electric_assist
2026-06-22T04:16:42Z,lime,lime:3527f92c83e5,51.90657,4.4629,False,False,bicycle,electric_assist
2026-06-22T04:16:42Z,lime,lime:a5cb19d6bd6a,51.9178,4.4451,False,False,bicycle,electric_assist
2026-06-22T04:16:42Z,lime,lime:620ccfb9b8b4,51.92852,4.49276,False,False,bicycle,electric_assist
2026-06-22T04:16:42Z,lime,lime:9d055c3db79a,51.90213,4.51398,False,False,bicycle,electric_assist
2026-06-22T04:16:42Z,lime,lime:38adefd686b2,51.89561,4.50648,False,False,bicycle,electric_assist
2026-06-22T04:16:42Z,lime,lime:049e79e07deb,51.92036,4.42264,False,False,bicycle,electric_assist
2026-06-22T04:16:42Z,lime,lime:b1bf17eee1b6,51.89605,4.51457,False,False,bicycle,electric_assist
2026-06-22T04:16:42Z,lime,lime:102352798c20,51.94181,4.54639,True,False,bicycle,electric_assist
2026-06-22T04:16:42Z,lime,lime:84a4c3d4b951,51.9104,4.44693,False,False,bicycle,electric_assist
2026-06-22T04:16:42Z,lime,lime:e98cb252274b,51.94226,4.49988,False,False,bicycle,electric_assist
2026-06-22T04:16:42Z,lime,lime:b4abe555ad65,51.92553,4.41543,False,False,bicycle,electric_assist
2026-06-22T04:16:42Z,lime,lime:ee0afda0b55d,51.91004,4.44528,False,False,bicycle,electric_assist
2026-06-22T04:16:42Z,lime,lime:ad02244a24e1,51.92988,4.51557,False,False,bicycle,electric_assist
2026-06-22T04:16:42Z,lime,lime:0f4a2063682b,51.91122,4.52475,False,False,bicycle,electric_assist
2026-06-22T04:16:42Z,lime,lime:ee0016a6f875,51.92442,4.3774,False,False,bicycle,electric_assist
2026-06-22T04:16:42Z,lime,lime:9cca58ffc79e,51.9158,4.45017,False,False,bicycle,electric_assist
2026-06-22T04:16:42Z,lime,lime:582332222272,51.89469,4.46193,False,False,bicycle,electric_assist
2026-06-22T04:16:42Z,lime,lime:6dc40a9bbaef,51.90448,4.45642,False,False,bicycle,electric_assist
2026-06-22T04:16:42Z,lime,lime:7f68879b98c2,51.88278,4.50434,False,False,bicycle,electric_assist
2026-06-22T04:16:42Z,lime,lime:c57c5ebc99d2,51.92469,4.42225,False,False,bicycle,electric_assist
2026-06-22T04:16:42Z,lime,lime:6d8cec2802a4,51.92149,4.40771,True,False,bicycle,electric_assist
2026-06-22T04:16:42Z,lime,lime:1747cf3aed16,51.93592,4.49526,False,False,bicycle,electric_assist
2026-06-22T04:16:42Z,lime,lime:a21b295516b2,51.91165,4.53906,False,False,bicycle,electric_assist
2026-06-22T04:16:42Z,lime,lime:5a60d2050383,51.94361,4.50081,False,False,bicycle,electric_assist
2026-06-22T04:16:42Z,lime,lime:e37df116cfdf,51.8942,4.49148,False,False,bicycle,electric_assist
2026-06-22T04:16:42Z,lime,lime:26941fbfaa69,51.92188,4.49276,False,False,bicycle,electric_assist
2026-06-22T04:16:42Z,lime,lime:43dc6e33a9a6,51.93858,4.47952,False,False,bicycle,electric_assist
2026-06-22T04:16:42Z,lime,lime:5c3e73213c2d,51.92427,4.38758,False,False,bicycle,electric_assist
2026-06-22T04:16:42Z,lime,lime:9de06a4cab72,51.93472,4.47123,False,False,bicycle,electric_assist
2026-06-22T04:16:42Z,lime,lime:d3f0b17c88bd,51.92323,4.49351,False,False,bicycle,electric_assist
2026-06-22T04:16:42Z,lime,lime:7d1fafa780c9,51.9231,4.4968,False,False,bicycle,electric_assist
2026-06-22T04:16:42Z,lime,lime:f0b809709530,51.89718,4.5014,False,False,bicycle,electric_assist
2026-06-22T04:16:42Z,lime,lime:2ce299a56e4e,51.91413,4.50741,False,False,bicycle,electric_assist
2026-06-22T04:16:42Z,lime,lime:4f03c5bcb3a1,51.92149,4.45627,False,False,bicycle,electric_assist
2026-06-22T04:16:42Z,lime,lime:37f61f3fedc1,51.92754,4.45685,False,False,bicycle,electric_assist
2026-06-22T04:16:42Z,lime,lime:c188d2814ff5,51.93326,4.49099,False,False,bicycle,electric_assist
2026-06-22T04:16:42Z,lime,lime:c70ea129efdb,51.9056,4.50959,False,False,bicycle,electric_assist
2026-06-22T04:16:42Z,lime,lime:9d02d384cf4f,51.88897,4.48161,False,False,bicycle,electric_assist
2026-06-22T04:16:42Z,lime,lime:9a49afc69884,51.90924,4.45829,False,False,bicycle,electric_assist
2026-06-22T04:16:42Z,lime,lime:aabed75079ad,51.96172,4.52794,False,False,bicycle,electric_assist
2026-06-22T04:16:42Z,lime,lime:72823ac7d71b,51.95905,4.53822,False,False,bicycle,electric_assist
2026-06-22T04:16:42Z,lime,lime:08ef54359f40,51.91413,4.50742,False,False,bicycle,electric_assist
2026-06-22T04:16:42Z,lime,lime:70608f31a75c,51.90679,4.45701,False,False,bicycle,electric_assist
2026-06-22T04:16:42Z,lime,lime:6e817c8ff2c1,51.87426,4.52302,False,False,bicycle,electric_assist
2026-06-22T04:16:42Z,lime,lime:131f232a9918,51.92751,4.45587,False,False,bicycle,electric_assist
2026-06-22T04:16:42Z,lime,lime:b1de899bf0a0,51.92722,4.5089,False,False,bicycle,electric_assist
2026-06-22T04:16:42Z,lime,lime:907d225f688c,51.9092,4.44937,False,False,bicycle,electric_assist
2026-06-22T04:16:42Z,lime,lime:8add9803dba2,51.92977,4.45736,False,False,bicycle,electric_assist
2026-06-22T04:16:42Z,lime,lime:ed5ecac83ef3,51.90524,4.44868,False,False,bicycle,electric_assist
2026-06-22T04:16:42Z,lime,lime:b5b8b55f9315,51.88964,4.49596,False,False,bicycle,electric_assist
2026-06-22T04:16:42Z,lime,lime:dc4ad2d04a2d,51.93142,4.46157,True,False,bicycle,electric_assist
2026-06-22T04:16:42Z,lime,lime:ef12313bc00f,51.91112,4.48187,False,False,bicycle,electric_assist
2026-06-22T04:16:42Z,lime,lime:802cefce1a64,51.92095,4.50987,False,False,bicycle,electric_assist
2026-06-22T04:16:42Z,lime,lime:73867351fb25,51.93515,4.49204,False,False,bicycle,electric_assist
2026-06-22T04:16:42Z,lime,lime:4b9db1f2494d,51.91111,4.44628,False,False,bicycle,electric_assist
2026-06-22T04:16:42Z,lime,lime:23bc96682524,51.90895,4.47861,False,False,bicycle,electric_assist
2026-06-22T04:16:42Z,lime,lime:79c459caba0b,51.87371,4.47709,False,False,bicycle,electric_assist
2026-06-22T04:16:42Z,lime,lime:4022f50e6014,51.91742,4.46453,False,False,bicycle,electric_assist
2026-06-22T04:16:42Z,lime,lime:7339286a9100,51.93308,4.47937,False,False,bicycle,electric_assist
2026-06-22T04:16:42Z,lime,lime:5278fb5eb07a,51.92313,4.49678,False,False,bicycle,electric_assist
2026-06-22T04:16:42Z,lime,lime:1538eb711438,51.91132,4.48969,False,False,bicycle,electric_assist
2026-06-22T04:16:42Z,lime,lime:4ce21ad12682,51.91008,4.45222,False,False,bicycle,electric_assist
2026-06-22T04:16:42Z,lime,lime:0ab9195f6817,51.93418,4.48634,False,False,bicycle,electric_assist
2026-06-22T04:16:42Z,lime,lime:c67466a4c5a4,51.9114,4.44646,False,False,bicycle,electric_assist
2026-06-22T04:16:42Z,lime,lime:66f5cfc6a593,51.94679,4.45792,False,False,bicycle,electric_assist
2026-06-22T04:16:42Z,lime,lime:0ca81f2e09ed,51.93781,4.50165,False,False,bicycle,electric_assist
2026-06-22T04:16:42Z,lime,lime:b40291651905,51.93059,4.46915,False,False,bicycle,electric_assist
2026-06-22T04:16:42Z,lime,lime:ea211a505b46,51.91985,4.51152,False,False,bicycle,electric_assist
2026-06-22T04:16:42Z,lime,lime:061cf3a8efc8,51.93303,4.45514,False,False,bicycle,electric_assist
2026-06-22T04:16:42Z,lime,lime:6a87441e84c0,51.92536,4.51727,False,False,bicycle,electric_assist
2026-06-22T04:16:42Z,lime,lime:7f4c75d28a09,51.92019,4.50515,False,False,bicycle,electric_assist
2026-06-22T04:16:42Z,lime,lime:37eeb1c3ffba,51.93849,4.47414,False,False,bicycle,electric_assist
2026-06-22T04:16:42Z,lime,lime:309c5c58d332,51.90446,4.45637,False,False,bicycle,electric_assist
2026-06-22T04:16:42Z,lime,lime:32181f257ce1,51.88961,4.49602,False,False,bicycle,electric_assist
2026-06-22T04:16:42Z,lime,lime:7ac5e281caf6,51.93171,4.48039,False,False,bicycle,electric_assist
2026-06-22T04:16:42Z,lime,lime:9b949dfff95e,51.9303,4.48365,False,False,bicycle,electric_assist
2026-06-22T04:16:42Z,lime,lime:d34605af15d5,51.94022,4.48368,False,False,bicycle,electric_assist
2026-06-22T04:16:42Z,lime,lime:b327440ec4ae,51.89163,4.48903,False,False,bicycle,electric_assist
2026-06-22T04:16:42Z,lime,lime:f2afcbc0a853,51.87374,4.47706,False,False,bicycle,electric_assist
2026-06-22T04:16:42Z,lime,lime:6cf9d08b0fa6,51.92175,4.43864,False,False,bicycle,electric_assist
2026-06-22T04:16:42Z,lime,lime:e92b4d1dd603,51.89656,4.49437,False,False,bicycle,electric_assist
2026-06-22T04:16:42Z,lime,lime:0286145e060b,51.89114,4.47961,False,False,bicycle,electric_assist
2026-06-22T04:16:42Z,lime,lime:e73d3e2daff4,51.93058,4.49626,False,False,bicycle,electric_assist
2026-06-22T04:16:42Z,lime,lime:eb4255022ff2,51.9384,4.46604,False,False,bicycle,electric_assist
2026-06-22T04:16:42Z,lime,lime:4af45a3cbbd0,51.9354,4.46204,False,False,bicycle,electric_assist
2026-06-22T04:16:42Z,lime,lime:2e64883ff04a,51.89329,4.49089,False,False,bicycle,electric_assist
2026-06-22T04:16:42Z,lime,lime:c2dc9030f133,51.89636,4.4191,False,False,bicycle,electric_assist
2026-06-22T04:16:42Z,lime,lime:4c8257532890,51.92917,4.50531,False,False,bicycle,electric_assist
2026-06-22T04:16:42Z,lime,lime:4444a1a13587,51.95561,4.46304,False,False,bicycle,electric_assist
2026-06-22T04:16:42Z,lime,lime:8d6f028a4a66,51.92886,4.49197,False,False,bicycle,electric_assist
2026-06-22T04:16:42Z,lime,lime:8d623f5f5680,51.96691,4.46663,False,True,bicycle,electric_assist
2026-06-22T04:16:42Z,lime,lime:46ac2b84d7c2,51.93782,4.50162,False,False,bicycle,electric_assist
2026-06-22T04:16:42Z,lime,lime:b8b36b7ed84e,51.93588,4.49179,False,False,bicycle,electric_assist
2026-06-22T04:16:42Z,lime,lime:7dbd0e87b661,51.87452,4.47786,False,False,bicycle,electric_assist
2026-06-22T04:16:42Z,lime,lime:bb6cf024725b,51.8922,4.47149,False,False,bicycle,electric_assist
2026-06-22T04:16:42Z,lime,lime:15f1b589e575,51.92298,4.46973,False,False,bicycle,electric_assist
2026-06-22T04:16:42Z,lime,lime:9cca59dd23d3,51.90751,4.45147,False,False,bicycle,electric_assist
2026-06-22T04:16:42Z,lime,lime:dafcc001be60,51.91008,4.4453,False,False,bicycle,electric_assist
2026-06-22T04:16:42Z,lime,lime:7beaa0c361fa,51.91704,4.46086,False,False,bicycle,electric_assist
2026-06-22T04:16:42Z,lime,lime:8a81f1ee562a,51.9141,4.42238,False,False,bicycle,electric_assist
2026-06-22T04:16:42Z,lime,lime:252d633e9978,51.92321,4.4935,False,False,bicycle,electric_assist
2026-06-22T04:16:42Z,lime,lime:4a378fef9410,51.89342,4.51724,False,False,bicycle,electric_assist
2026-06-22T04:16:42Z,lime,lime:f3db62284d57,51.91672,4.52812,False,False,bicycle,electric_assist
2026-06-22T04:16:42Z,lime,lime:9244b37ece5b,51.91091,4.40549,False,False,bicycle,electric_assist
2026-06-22T04:16:42Z,lime,lime:76c9cdec246f,51.91788,4.445,False,False,bicycle,electric_assist
2026-06-22T04:16:42Z,lime,lime:70f7a39eb35a,51.90076,4.48239,False,False,bicycle,electric_assist
2026-06-22T04:16:42Z,lime,lime:5b94483cba1a,51.911,4.44388,False,False,bicycle,electric_assist
2026-06-22T04:16:42Z,lime,lime:5b22069aded8,51.89651,4.49428,False,False,bicycle,electric_assist
2026-06-22T04:16:42Z,lime,lime:174095adac97,51.88995,4.46684,False,False,bicycle,electric_assist
2026-06-22T04:16:42Z,lime,lime:0bb691b91004,51.93313,4.4793,False,False,bicycle,electric_assist
2026-06-22T04:16:42Z,lime,lime:01b22c07f12f,51.91596,4.48754,False,False,bicycle,electric_assist
2026-06-22T04:16:42Z,lime,lime:108d1cba66cd,51.91941,4.51286,False,False,bicycle,electric_assist
2026-06-22T04:16:42Z,lime,lime:3c1cb92b1112,51.92191,4.37083,False,False,bicycle,electric_assist
2026-06-22T04:16:42Z,lime,lime:f6046842383b,51.88646,4.52916,False,False,bicycle,electric_assist
2026-06-22T04:16:42Z,lime,lime:cbdcce882b10,51.93637,4.36707,False,False,bicycle,electric_assist
2026-06-22T04:16:42Z,lime,lime:281a32157046,51.88541,4.47791,False,False,bicycle,electric_assist
2026-06-22T04:16:42Z,lime,lime:a1a4b13ff251,51.91956,4.46617,False,False,bicycle,electric_assist
2026-06-22T04:16:42Z,lime,lime:ca4c2d9583d3,51.91073,4.51023,False,False,bicycle,electric_assist
2026-06-22T04:16:42Z,lime,lime:f6d4d2fb1068,51.92081,4.51046,False,False,bicycle,electric_assist
2026-06-22T04:16:42Z,lime,lime:4a0ecd7d5365,51.8907,4.48265,False,False,bicycle,electric_assist
2026-06-22T04:16:42Z,lime,lime:acd202d4d83a,51.92205,4.50241,False,False,bicycle,electric_assist
2026-06-22T04:16:42Z,lime,lime:69be11d0dee7,51.91627,4.38057,False,False,bicycle,electric_assist
2026-06-22T04:16:42Z,lime,lime:c7998bf7bfba,51.94358,4.50066,False,False,bicycle,electric_assist
2026-06-22T04:16:42Z,lime,lime:4312ccfcbae6,51.92096,4.54179,False,False,bicycle,electric_assist
2026-06-22T04:16:42Z,lime,lime:bbf32deb7adb,51.92768,4.48142,False,False,bicycle,electric_assist
2026-06-22T04:16:42Z,lime,lime:6f161fcbeb40,51.96205,4.54299,False,False,bicycle,electric_assist
2026-06-22T04:16:42Z,lime,lime:35e2d5ee4a08,51.87828,4.44881,False,False,bicycle,electric_assist
2026-06-22T04:16:42Z,lime,lime:cc5fc8e49403,51.92915,4.5053,False,False,bicycle,electric_assist
2026-06-22T04:16:42Z,lime,lime:c41aaf9d44b8,51.95663,4.57492,False,False,bicycle,electric_assist
2026-06-22T04:16:42Z,lime,lime:937866e5839c,51.9254,4.50879,False,False,bicycle,electric_assist
2026-06-22T04:16:42Z,lime,lime:e74f1faa73fa,51.90934,4.47139,False,False,bicycle,electric_assist
2026-06-22T04:16:42Z,lime,lime:aeb5acd8b510,51.9225,4.50309,False,False,bicycle,electric_assist
2026-06-22T04:16:42Z,lime,lime:1def918cb161,51.94541,4.56784,False,False,bicycle,electric_assist
2026-06-22T04:16:42Z,lime,lime:ec035daaa2a5,51.93835,4.53844,False,False,bicycle,electric_assist
2026-06-22T04:16:42Z,lime,lime:7624c9737932,51.92171,4.49301,False,False,bicycle,electric_assist
2026-06-22T04:16:42Z,lime,lime:c2d6d3ac4147,51.93647,4.47108,False,False,bicycle,electric_assist
2026-06-22T04:16:42Z,lime,lime:ce7e8e10fc5d,51.9096,4.52131,False,False,bicycle,electric_assist
2026-06-22T04:16:42Z,lime,lime:0de05885c08f,51.96412,4.55843,False,False,bicycle,electric_assist
2026-06-22T04:16:42Z,lime,lime:b07a32275e92,51.94594,4.48555,False,False,bicycle,electric_assist
2026-06-22T04:16:42Z,lime,lime:6ee230ea5aec,51.92918,4.46383,False,False,bicycle,electric_assist
2026-06-22T04:16:42Z,lime,lime:cc67a5b86bee,51.92426,4.38754,False,False,bicycle,electric_assist
2026-06-22T04:16:42Z,lime,lime:1719f1eda183,51.92097,4.54176,False,False,bicycle,electric_assist
2026-06-22T04:16:42Z,lime,lime:5ac7ca47ba98,51.88537,4.47785,False,False,bicycle,electric_assist
2026-06-22T04:16:42Z,lime,lime:3dc4340d0d25,51.92141,4.39482,False,False,bicycle,electric_assist
2026-06-22T04:16:42Z,lime,lime:f6234fdad9fd,51.92308,4.37971,False,False,bicycle,electric_assist
2026-06-22T04:16:42Z,lime,lime:7bb44ed4c358,51.92266,4.46487,False,False,bicycle,electric_assist
2026-06-22T04:16:42Z,lime,lime:f13afdfe2927,51.88643,4.52912,False,False,bicycle,electric_assist
2026-06-22T04:16:42Z,lime,lime:0b6c6fbe83a2,51.92447,4.39802,False,False,bicycle,electric_assist
2026-06-22T04:16:42Z,lime,lime:78f178b60714,51.91234,4.4551,False,False,bicycle,electric_assist
2026-06-22T04:16:42Z,lime,lime:3da56a76150e,51.90136,4.46108,False,False,bicycle,electric_assist
2026-06-22T04:16:42Z,lime,lime:6f6f049361c3,51.93692,4.473,False,False,bicycle,electric_assist
2026-06-22T04:16:42Z,lime,lime:c98b90d8a77c,51.93782,4.50162,False,False,bicycle,electric_assist
2026-06-22T04:16:42Z,lime,lime:aaa52a4feeb4,51.90975,4.39503,False,False,bicycle,electric_assist
2026-06-22T04:16:42Z,lime,lime:2f05a477fe7b,51.93176,4.4435,False,False,bicycle,electric_assist
2026-06-22T04:16:42Z,lime,lime:1b927fcbe2d4,51.9358,4.46339,False,False,bicycle,electric_assist
2026-06-22T04:16:42Z,lime,lime:0c657490621c,51.9152,4.46293,False,False,bicycle,electric_assist
2026-06-22T04:16:42Z,lime,lime:eb0f0fd4dcd9,51.92564,4.55687,False,False,bicycle,electric_assist
2026-06-22T04:16:42Z,lime,lime:32789b3ac666,51.9201,4.49679,False,False,bicycle,electric_assist
2026-06-22T04:16:42Z,lime,lime:5f19cb80d39c,51.9201,4.43768,False,False,bicycle,electric_assist
2026-06-22T04:16:42Z,lime,lime:6002865f1482,51.88518,4.49891,False,False,bicycle,electric_assist
2026-06-22T04:16:42Z,lime,lime:73bc6a3f9bec,51.91004,4.45229,False,False,bicycle,electric_assist
2026-06-22T04:16:42Z,lime,lime:368ea0de6994,51.94161,4.41001,False,False,bicycle,electric_assist
2026-06-22T04:16:42Z,lime,lime:260c3b01f7b4,51.92265,4.49757,False,False,bicycle,electric_assist
2026-06-22T04:16:42Z,lime,lime:20e54b973b95,51.92146,4.49312,False,False,bicycle,electric_assist
2026-06-22T04:16:42Z,lime,lime:bd368d72c093,51.90749,4.44935,False,False,bicycle,electric_assist
2026-06-22T04:16:42Z,lime,lime:e30c086ecabc,51.88821,4.46092,False,False,bicycle,electric_assist
2026-06-22T04:16:42Z,lime,lime:ddd8ce7e808d,51.92159,4.37435,False,False,bicycle,electric_assist
2026-06-22T04:16:42Z,lime,lime:aa4c67c8f777,51.89761,4.51116,False,False,bicycle,electric_assist
2026-06-22T04:16:42Z,lime,lime:3c70ec6c410d,51.93304,4.49729,False,False,bicycle,electric_assist
2026-06-22T04:16:42Z,lime,lime:5684b7a4090e,51.91309,4.45957,False,False,bicycle,electric_assist
2026-06-22T04:16:42Z,lime,lime:c19147040abd,51.92305,4.42198,False,False,bicycle,electric_assist
2026-06-22T04:16:42Z,lime,lime:0cd3284f3812,51.92126,4.45636,False,False,bicycle,electric_assist
2026-06-22T04:16:42Z,lime,lime:c7bbf79082b0,51.93364,4.49787,False,False,bicycle,electric_assist
2026-06-22T04:16:42Z,lime,lime:13d9f9827c24,51.87454,4.47792,False,False,bicycle,electric_assist
2026-06-22T04:16:42Z,lime,lime:7e0be2032b5c,51.92163,4.51273,False,False,bicycle,electric_assist
2026-06-22T04:16:42Z,lime,lime:09a92918992a,51.92975,4.46828,False,False,bicycle,electric_assist
2026-06-22T04:16:42Z,lime,lime:99567d7d9235,51.91224,4.45503,False,False,bicycle,electric_assist
2026-06-22T04:16:42Z,lime,lime:f7d09061fabe,51.9465,4.48662,False,False,bicycle,electric_assist
2026-06-22T04:16:42Z,lime,lime:8c4ef0b81242,51.90498,4.44008,False,False,bicycle,electric_assist
2026-06-22T04:16:42Z,lime,lime:7d9038670a53,51.91656,4.44856,False,False,bicycle,electric_assist
2026-06-22T04:16:42Z,lime,lime:93f1448f574d,51.90935,4.50804,False,False,bicycle,electric_assist
2026-06-22T04:16:42Z,lime,lime:73ceb5d6b7ab,51.93621,4.54281,False,False,bicycle,electric_assist
2026-06-22T04:16:42Z,lime,lime:57fb220d1c30,51.94296,4.47088,False,False,bicycle,electric_assist
2026-06-22T04:16:42Z,lime,lime:765ed8613ac0,51.92433,4.47284,False,False,bicycle,electric_assist
2026-06-22T04:16:42Z,lime,lime:35e6abc18bb6,51.91149,4.47813,False,False,bicycle,electric_assist
2026-06-22T04:16:42Z,lime,lime:1a8a33b1567a,51.93363,4.4427,False,False,bicycle,electric_assist
2026-06-22T04:16:42Z,lime,lime:ddeaf64c9e06,51.92952,4.46779,False,False,bicycle,electric_assist
2026-06-22T04:16:42Z,lime,lime:ec8c3c9c9f49,51.9,4.47844,False,False,bicycle,electric_assist
2026-06-22T04:16:42Z,lime,lime:fdc7cfc53132,51.9153,4.52964,False,False,bicycle,electric_assist
2026-06-22T04:16:42Z,lime,lime:b0d43077faf6,51.93323,4.49105,False,False,bicycle,electric_assist
2026-06-22T04:16:42Z,lime,lime:ea3266eaa5f3,51.88943,4.48343,False,False,bicycle,electric_assist
2026-06-22T04:16:42Z,lime,lime:a68d3b317972,51.88904,4.46547,False,False,bicycle,electric_assist
2026-06-22T04:16:42Z,lime,lime:730e7389e06e,51.93851,4.47414,False,False,bicycle,electric_assist
2026-06-22T04:16:42Z,lime,lime:aa3b903f0292,51.87411,4.49422,False,False,bicycle,electric_assist
2026-06-22T04:16:42Z,lime,lime:4cd2015abdbe,51.90481,4.40279,False,False,bicycle,electric_assist
2026-06-22T04:16:42Z,lime,lime:7f3490675a9f,51.92739,4.44042,False,False,bicycle,electric_assist
2026-06-22T04:16:42Z,lime,lime:615af9360d02,51.91572,4.48881,False,False,bicycle,electric_assist
2026-06-22T04:16:42Z,lime,lime:074f34c9ded7,51.90351,4.46464,False,False,bicycle,electric_assist
2026-06-22T04:16:42Z,lime,lime:f70e4c1b75e3,51.94705,4.48526,False,False,bicycle,electric_assist
2026-06-22T04:16:42Z,lime,lime:e0c3447400d6,51.89057,4.48695,False,False,bicycle,electric_assist
2026-06-22T04:16:42Z,lime,lime:2af07c6cf0f8,51.96517,4.46432,False,False,bicycle,electric_assist
2026-06-22T04:16:42Z,lime,lime:6e2dee3a57ec,51.93412,4.48154,False,False,bicycle,electric_assist
2026-06-22T04:16:42Z,lime,lime:024b48b922b7,51.90428,4.45654,False,False,bicycle,electric_assist
2026-06-22T04:16:42Z,lime,lime:948caa2b4f11,51.91247,4.50971,False,False,bicycle,electric_assist
2026-06-22T04:16:42Z,lime,lime:e4710597db5d,51.92254,4.54717,False,False,bicycle,electric_assist
2026-06-22T04:16:42Z,lime,lime:faf3b3340bbc,51.91018,4.44429,False,False,bicycle,electric_assist
2026-06-22T04:16:42Z,lime,lime:d6a3c29f558e,51.91416,4.50751,False,False,bicycle,electric_assist
2026-06-22T04:16:42Z,lime,lime:c10d9211e68b,51.92776,4.55542,False,False,bicycle,electric_assist
2026-06-22T04:16:42Z,lime,lime:3605827bf999,51.9079,4.46208,False,False,bicycle,electric_assist
2026-06-22T04:16:42Z,lime,lime:e6988954d14f,51.89655,4.49429,False,False,bicycle,electric_assist
2026-06-22T04:16:42Z,lime,lime:b1e22f1712dc,51.92154,4.50697,False,False,bicycle,electric_assist
2026-06-22T04:16:42Z,lime,lime:361bacb68579,51.89736,4.46672,False,False,bicycle,electric_assist
2026-06-22T04:16:42Z,lime,lime:2cfde658feb0,51.91883,4.4116,False,False,bicycle,electric_assist
2026-06-22T04:16:42Z,lime,lime:8e90307ab004,51.93808,4.47443,False,False,bicycle,electric_assist
2026-06-22T04:16:42Z,lime,lime:0dcb76a4233f,51.90631,4.46004,False,False,bicycle,electric_assist
2026-06-22T04:16:42Z,lime,lime:c73eabc81957,51.92942,4.50213,False,False,bicycle,electric_assist
2026-06-22T04:16:42Z,lime,lime:0bb2e3e60feb,51.95336,4.51463,False,False,bicycle,electric_assist
2026-06-22T04:16:42Z,lime,lime:3b0f792b8cb6,51.91988,4.44322,False,False,bicycle,electric_assist
2026-06-22T04:16:42Z,lime,lime:869c0b9e4193,51.92182,4.51433,False,False,bicycle,electric_assist
2026-06-22T04:16:42Z,lime,lime:e681402832f3,51.88644,4.47203,False,False,bicycle,electric_assist
2026-06-22T04:16:42Z,lime,lime:cbb7ae851952,51.87412,4.49428,False,False,bicycle,electric_assist
2026-06-22T04:16:42Z,lime,lime:b77b9f79bbcf,51.89816,4.4744,False,False,bicycle,electric_assist
2026-06-22T04:16:42Z,lime,lime:8423e99a001a,51.88645,4.52916,False,False,bicycle,electric_assist
2026-06-22T04:16:42Z,lime,lime:139f78a04509,51.91978,4.51144,False,False,bicycle,electric_assist
2026-06-22T04:16:42Z,lime,lime:911c74a46b3c,51.93498,4.48662,False,False,bicycle,electric_assist
2026-06-22T04:16:42Z,lime,lime:51586880d271,51.96447,4.47468,False,False,bicycle,electric_assist
2026-06-22T04:16:42Z,lime,lime:64e81661ad51,51.89074,4.46475,False,False,bicycle,electric_assist
2026-06-22T04:16:42Z,lime,lime:45653d3d1f83,51.92266,4.49756,False,False,bicycle,electric_assist
2026-06-22T04:16:42Z,lime,lime:9d31d4a47088,51.89651,4.49432,False,False,bicycle,electric_assist
2026-06-22T04:16:42Z,lime,lime:6a9381f7b30c,51.93835,4.46777,False,False,bicycle,electric_assist
2026-06-22T04:16:42Z,lime,lime:b292ddd18836,51.91389,4.44375,False,False,bicycle,electric_assist
2026-06-22T04:16:42Z,lime,lime:d8f53fc774c2,51.92174,4.53389,False,False,bicycle,electric_assist
2026-06-22T04:16:42Z,lime,lime:70567d3059a2,51.92728,4.4947,False,False,bicycle,electric_assist
2026-06-22T04:16:42Z,lime,lime:6483c6201871,51.92872,4.49809,False,False,bicycle,electric_assist
2026-06-22T04:16:42Z,lime,lime:85af191ff4eb,51.94731,4.47234,False,False,bicycle,electric_assist
2026-06-22T04:16:42Z,lime,lime:a0c9475265d9,51.94306,4.47569,False,False,bicycle,electric_assist
2026-06-22T04:16:42Z,lime,lime:0c3d041c27ab,51.89312,4.4955,False,False,bicycle,electric_assist
2026-06-22T04:16:42Z,lime,lime:5bd108b2394a,51.91099,4.3764,False,False,bicycle,electric_assist
2026-06-22T04:16:42Z,lime,lime:59cdae0d228e,51.94788,4.48603,False,False,bicycle,electric_assist
2026-06-22T04:16:42Z,lime,lime:35ab948c7cd1,51.91586,4.48898,False,False,bicycle,electric_assist
2026-06-22T04:16:42Z,lime,lime:f4211d6ba670,51.94041,4.47971,False,False,bicycle,electric_assist
2026-06-22T04:16:42Z,lime,lime:2ff6e0128c80,51.91194,4.43637,False,False,bicycle,electric_assist
2026-06-22T04:16:42Z,lime,lime:70029d7ac4a9,51.92453,4.4913,False,False,bicycle,electric_assist
2026-06-22T04:16:42Z,lime,lime:b062d71607cb,51.9345,4.48368,False,False,bicycle,electric_assist
2026-06-22T04:16:42Z,lime,lime:002f414ebd3a,51.91798,4.51268,False,False,bicycle,electric_assist
2026-06-22T04:16:42Z,lime,lime:b52cc79eda4b,51.88731,4.47472,True,False,bicycle,electric_assist
2026-06-22T04:16:42Z,lime,lime:eeb92316bd6f,51.8916,4.55824,False,False,bicycle,electric_assist
2026-06-22T04:16:42Z,lime,lime:f896931e5464,51.93688,4.49139,False,False,bicycle,electric_assist
2026-06-22T04:16:42Z,lime,lime:5ac0c4fb9291,51.91309,4.51767,False,False,bicycle,electric_assist
2026-06-22T04:16:42Z,lime,lime:cdcc77f78c12,51.92979,4.45911,False,False,bicycle,electric_assist
2026-06-22T04:16:42Z,lime,lime:4720e2fd67c0,51.90623,4.45998,False,False,bicycle,electric_assist
2026-06-22T04:16:42Z,lime,lime:da00b42b7b0f,51.93328,4.50287,False,False,bicycle,electric_assist
2026-06-22T04:16:42Z,lime,lime:da85040d88ae,51.92155,4.48124,False,True,bicycle,electric_assist
2026-06-22T04:16:42Z,lime,lime:2a4ba9665090,51.91912,4.54243,False,False,bicycle,electric_assist
2026-06-22T04:16:42Z,lime,lime:8a694d31bfa8,51.93861,4.47954,False,False,bicycle,electric_assist
2026-06-22T04:16:42Z,lime,lime:8efb56a42b04,51.87358,4.48371,False,False,bicycle,electric_assist
2026-06-22T04:16:42Z,lime,lime:ececc29d6e37,51.91792,4.3718,False,True,bicycle,electric_assist
2026-06-22T04:16:42Z,lime,lime:377faf89de47,51.91885,4.4116,False,False,bicycle,electric_assist
2026-06-22T04:16:42Z,lime,lime:6527ffe9c069,51.93567,4.49935,False,False,bicycle,electric_assist
2026-06-22T04:16:42Z,lime,lime:4815328a9593,51.9228,4.54203,False,False,bicycle,electric_assist
2026-06-22T04:16:42Z,lime,lime:cb68b5581ee5,51.928,4.53632,False,False,bicycle,electric_assist
2026-06-22T04:16:42Z,lime,lime:236841e0d126,51.93023,4.48372,False,False,bicycle,electric_assist
2026-06-22T04:16:42Z,lime,lime:be09efd3435e,51.92947,4.45663,False,False,bicycle,electric_assist
2026-06-22T04:16:42Z,lime,lime:659b0e1b3c81,51.92088,4.55936,False,False,bicycle,electric_assist
2026-06-22T04:16:42Z,lime,lime:e54fc767093f,51.89814,4.47438,False,False,bicycle,electric_assist
2026-06-22T04:16:42Z,lime,lime:fa0133a8afdb,51.92537,4.50621,False,False,bicycle,electric_assist
2026-06-22T04:16:42Z,lime,lime:3b20aa4e195a,51.92751,4.45588,False,False,bicycle,electric_assist
2026-06-22T04:16:42Z,lime,lime:8d7ff4864b4c,51.93258,4.47599,False,False,bicycle,electric_assist
2026-06-22T04:16:42Z,lime,lime:2016c6f801ce,51.89222,4.46841,False,False,bicycle,electric_assist
2026-06-22T04:16:42Z,lime,lime:448c7e4b7ec8,51.93376,4.48808,False,False,bicycle,electric_assist
2026-06-22T04:16:42Z,lime,lime:b1619385128f,51.88018,4.50391,False,False,bicycle,electric_assist
2026-06-22T04:16:42Z,lime,lime:708a81af8e12,51.91761,4.48985,False,False,bicycle,electric_assist
2026-06-22T04:16:42Z,lime,lime:6bc2ad37c50c,51.96306,4.47366,False,False,bicycle,electric_assist
2026-06-22T04:16:42Z,lime,lime:bd7087520c20,51.95561,4.46304,False,False,bicycle,electric_assist
2026-06-22T04:16:42Z,lime,lime:4d07f8fddecf,51.9006,4.49825,False,False,bicycle,electric_assist
2026-06-22T04:16:42Z,lime,lime:da817ba35f7c,51.91731,4.49193,False,False,bicycle,electric_assist
2026-06-22T04:16:42Z,lime,lime:d53642490a40,51.94155,4.51121,False,False,bicycle,electric_assist
2026-06-22T04:16:42Z,lime,lime:7a9f2a01318f,51.91985,4.44675,False,False,bicycle,electric_assist
2026-06-22T04:16:42Z,lime,lime:ae6ca86dde33,51.91296,4.53481,False,False,bicycle,electric_assist
2026-06-22T04:16:42Z,lime,lime:d1d90c182144,51.89758,4.51121,False,False,bicycle,electric_assist
2026-06-22T04:16:42Z,lime,lime:7e503a87c245,51.91654,4.45076,False,False,bicycle,electric_assist
2026-06-22T04:16:42Z,lime,lime:3dce0d7483ff,51.9225,4.40897,False,False,bicycle,electric_assist
2026-06-22T04:16:42Z,lime,lime:4913302e4201,51.92943,4.49218,False,False,bicycle,electric_assist
2026-06-22T04:16:42Z,lime,lime:4daca6397329,51.89115,4.47953,False,False,bicycle,electric_assist
2026-06-22T04:16:42Z,lime,lime:26e2f46c00cd,51.92094,4.491,False,False,bicycle,electric_assist
2026-06-22T04:16:42Z,lime,lime:9aaff86a0a00,51.8976,4.51128,False,False,bicycle,electric_assist
2026-06-22T04:16:42Z,lime,lime:ee60a5ba4e34,51.93795,4.44357,False,False,bicycle,electric_assist
2026-06-22T04:16:42Z,lime,lime:ffa44cdd0567,51.9155,4.48746,False,False,bicycle,electric_assist
2026-06-22T04:16:42Z,lime,lime:f56dd97a20e6,51.92981,4.49013,False,False,bicycle,electric_assist
2026-06-22T04:16:42Z,lime,lime:84f9b15ffd3c,51.91892,4.49379,False,False,bicycle,electric_assist
2026-06-22T04:16:42Z,lime,lime:2cbbf0a1c9ac,51.90659,4.412,False,False,bicycle,electric_assist
2026-06-22T04:16:42Z,lime,lime:d6cc5587be19,51.92008,4.4441,False,False,bicycle,electric_assist
2026-06-22T04:16:42Z,lime,lime:fbac4cc755ad,51.9372,4.53613,False,False,bicycle,electric_assist
2026-06-22T04:16:42Z,lime,lime:e519c0cee185,51.92981,4.44675,False,False,bicycle,electric_assist
2026-06-22T04:16:42Z,lime,lime:020530ea37e0,51.90933,4.50807,False,False,bicycle,electric_assist
2026-06-22T04:16:42Z,lime,lime:dd9903c1a265,51.91677,4.40211,False,False,bicycle,electric_assist
2026-06-22T04:16:42Z,lime,lime:9a5fda3235b1,51.93037,4.531,False,True,bicycle,electric_assist
2026-06-22T04:16:42Z,lime,lime:026245eb7efc,51.90691,4.47825,False,False,bicycle,electric_assist
2026-06-22T04:16:42Z,lime,lime:d02e989e36ce,51.93024,4.48364,False,False,bicycle,electric_assist
2026-06-22T04:16:42Z,lime,lime:c72020c0b336,51.92914,4.48804,False,False,bicycle,electric_assist
2026-06-22T04:16:42Z,lime,lime:a7781d6b9fd0,51.93343,4.53477,False,True,bicycle,electric_assist
2026-06-22T04:16:42Z,lime,lime:596e6f27a5d4,51.92849,4.37077,False,False,bicycle,electric_assist
2026-06-22T04:16:42Z,lime,lime:4d8bd0e9278e,51.90318,4.50453,False,False,bicycle,electric_assist
2026-06-22T04:16:42Z,lime,lime:69073018ea92,51.93325,4.49097,False,False,bicycle,electric_assist
2026-06-22T04:16:42Z,lime,lime:32e6148e9062,51.94332,4.50067,False,False,bicycle,electric_assist
2026-06-22T04:16:42Z,lime,lime:63f68f0dea73,51.88815,4.46088,False,False,bicycle,electric_assist
2026-06-22T04:16:42Z,lime,lime:e3d3b9bec7ee,51.94891,4.46503,False,False,bicycle,electric_assist
2026-06-22T04:16:42Z,lime,lime:5ac2e4ccdb15,51.93871,4.46949,False,False,bicycle,electric_assist
2026-06-22T04:16:42Z,lime,lime:5b07f368618f,51.92181,4.46054,False,False,bicycle,electric_assist
2026-06-22T04:16:42Z,lime,lime:a694f1357805,51.91436,4.50884,False,False,bicycle,electric_assist
2026-06-22T04:16:42Z,lime,lime:e53037a260d2,51.90349,4.46462,False,False,bicycle,electric_assist
2026-06-22T04:16:42Z,lime,lime:b46356144e85,51.88446,4.49781,False,True,bicycle,electric_assist
2026-06-22T04:16:42Z,lime,lime:54c759ae1c41,51.93124,4.47766,False,False,bicycle,electric_assist
2026-06-22T04:16:42Z,lime,lime:b8d6c4a38778,51.96046,4.53542,False,False,bicycle,electric_assist
2026-06-22T04:16:42Z,lime,lime:71c22acc2bbb,51.90174,4.50062,False,False,bicycle,electric_assist
2026-06-22T04:16:42Z,lime,lime:6a756c3846d6,51.96424,4.57216,False,False,bicycle,electric_assist
2026-06-22T04:16:42Z,lime,lime:59f93b0ea62e,51.92122,4.39632,False,True,bicycle,electric_assist
2026-06-22T04:16:42Z,lime,lime:f18eb84a4db6,51.89481,4.48696,False,False,bicycle,electric_assist
2026-06-22T04:16:42Z,lime,lime:2c35b813b6e8,51.91368,4.45007,False,False,bicycle,electric_assist
2026-06-22T04:16:42Z,lime,lime:b1e115100c45,51.96899,4.46195,False,False,bicycle,electric_assist
2026-06-22T04:16:42Z,lime,lime:bc11231edf48,51.90969,4.4457,False,False,bicycle,electric_assist
2026-06-22T04:16:42Z,lime,lime:7b82a8f72308,51.91368,4.38406,False,False,bicycle,electric_assist
2026-06-22T04:16:42Z,lime,lime:42eadde0a60d,51.89213,4.47495,False,False,bicycle,electric_assist
2026-06-22T04:16:42Z,lime,lime:09990cec736a,51.90934,4.50802,False,False,bicycle,electric_assist
2026-06-22T04:16:42Z,lime,lime:55c070740ed2,51.91035,4.37529,False,False,bicycle,electric_assist
2026-06-22T04:16:42Z,lime,lime:163ec0a3e5cb,51.91065,4.51981,False,False,bicycle,electric_assist
2026-06-22T04:16:42Z,lime,lime:50f507d25e9f,51.91175,4.38369,False,False,bicycle,electric_assist
2026-06-22T04:16:42Z,lime,lime:d09542deed28,51.91414,4.38757,False,False,bicycle,electric_assist
2026-06-22T04:16:42Z,lime,lime:d21b5726133f,51.9093,4.52353,False,False,bicycle,electric_assist
2026-06-22T04:16:42Z,lime,lime:cc3217f27452,51.92547,4.50873,False,False,bicycle,electric_assist
2026-06-22T04:16:42Z,lime,lime:e688c0a6fd4d,51.87826,4.44862,False,False,bicycle,electric_assist
2026-06-22T04:16:42Z,lime,lime:66e87caaa86f,51.9219,4.55841,False,False,bicycle,electric_assist
2026-06-22T04:16:42Z,lime,lime:5e20564032c4,51.9556,4.46304,False,False,bicycle,electric_assist
2026-06-22T04:16:42Z,lime,lime:8daf59f11b03,51.9131,4.3785,False,False,bicycle,electric_assist
2026-06-22T04:16:42Z,lime,lime:6ecc70b833f1,51.91851,4.53814,False,False,bicycle,electric_assist
2026-06-22T04:16:42Z,lime,lime:0cd4a03950ac,51.93448,4.46333,False,False,bicycle,electric_assist
2026-06-22T04:16:42Z,lime,lime:2329a18a14ce,51.9287,4.49807,False,False,bicycle,electric_assist
2026-06-22T04:16:42Z,lime,lime:70154666881e,51.9101,4.52085,False,False,bicycle,electric_assist
2026-06-22T04:16:42Z,lime,lime:fde583dbacc1,51.89471,4.46189,False,False,bicycle,electric_assist
2026-06-22T04:16:42Z,lime,lime:ce5dc2d0a2d7,51.93235,4.48247,False,False,bicycle,electric_assist
2026-06-22T04:16:42Z,lime,lime:0c990c0983e2,51.93397,4.4984,False,False,bicycle,electric_assist
2026-06-22T04:16:42Z,lime,lime:ef6fbf646ac1,51.90932,4.50807,False,False,bicycle,electric_assist
2026-06-22T04:16:42Z,lime,lime:b8184b2e784f,51.88497,4.51216,False,False,bicycle,electric_assist
2026-06-22T04:16:42Z,lime,lime:554c66d1c489,51.91454,4.44456,False,False,bicycle,electric_assist
2026-06-22T04:16:42Z,lime,lime:030dc2b3c64a,51.94786,4.50619,False,False,bicycle,electric_assist
2026-06-22T04:16:42Z,lime,lime:f69e30764cbc,51.94003,4.48466,False,False,bicycle,electric_assist
2026-06-22T04:16:42Z,lime,lime:9328d6c0cc03,51.93489,4.46731,False,False,bicycle,electric_assist
2026-06-22T04:16:42Z,lime,lime:401276a8e72f,51.90138,4.46118,False,False,bicycle,electric_assist
2026-06-22T04:16:42Z,lime,lime:75b3fe465fbb,51.94588,4.53947,False,False,bicycle,electric_assist
2026-06-22T04:16:42Z,lime,lime:2991226d54df,51.96137,4.51886,False,False,bicycle,electric_assist
2026-06-22T04:16:42Z,lime,lime:878209193016,51.87411,4.49426,False,False,bicycle,electric_assist
2026-06-22T04:16:42Z,lime,lime:f2144bac05aa,51.92143,4.53181,False,False,bicycle,electric_assist
2026-06-22T04:16:42Z,lime,lime:31f2674eb87b,51.91362,4.54623,False,False,bicycle,electric_assist
2026-06-22T04:16:42Z,lime,lime:394700571208,51.92917,4.50531,False,False,bicycle,electric_assist
2026-06-22T04:16:42Z,lime,lime:87c0affd43d2,51.95218,4.55142,False,False,bicycle,electric_assist
2026-06-22T04:16:42Z,lime,lime:60ed2d9bbbf7,51.92441,4.47282,False,False,bicycle,electric_assist
2026-06-22T04:16:42Z,lime,lime:9b5d63aa5cd9,51.94367,4.45905,False,False,bicycle,electric_assist
2026-06-22T04:16:42Z,lime,lime:7c3762266523,51.89818,4.47444,False,False,bicycle,electric_assist
2026-06-22T04:16:42Z,lime,lime:5d2cc22d5f85,51.90036,4.5399,False,False,bicycle,electric_assist
2026-06-22T04:16:42Z,lime,lime:74f3b5b47533,51.91934,4.5152,False,False,bicycle,electric_assist
2026-06-22T04:16:42Z,lime,lime:3ec14aff7b1e,51.89048,4.46441,False,True,bicycle,electric_assist
2026-06-22T04:16:42Z,lime,lime:1494ff092c95,51.96473,4.39163,False,False,bicycle,electric_assist
2026-06-22T04:16:42Z,lime,lime:d25339542c2c,51.93546,4.43845,False,False,bicycle,electric_assist
2026-06-22T04:16:42Z,lime,lime:20fa1c12f89a,51.91161,4.5391,False,False,bicycle,electric_assist
2026-06-22T04:16:42Z,lime,lime:54cc4abbd2ac,51.93497,4.4568,False,False,bicycle,electric_assist
2026-06-22T04:16:42Z,lime,lime:eb044067d666,51.91651,4.44968,False,False,bicycle,electric_assist
2026-06-22T04:16:42Z,lime,lime:7ded0090e5fb,51.93224,4.46421,False,False,bicycle,electric_assist
2026-06-22T04:16:42Z,lime,lime:0585ae0a9912,51.87352,4.48369,False,False,bicycle,electric_assist
2026-06-22T04:16:42Z,lime,lime:66786ac5f5d8,51.91402,4.38433,False,False,bicycle,electric_assist
2026-06-22T04:16:42Z,lime,lime:1a6ed7510e80,51.8805,4.53001,False,False,bicycle,electric_assist
2026-06-22T04:16:42Z,lime,lime:04ab559aa182,51.93899,4.53867,False,False,bicycle,electric_assist
2026-06-22T04:16:42Z,lime,lime:ac36fe90d0e6,51.91532,4.44012,False,False,bicycle,electric_assist
2026-06-22T04:16:42Z,lime,lime:0fa97df119d5,51.9205,4.44239,False,False,bicycle,electric_assist
2026-06-22T04:16:42Z,lime,lime:1e4a5842adc3,51.92181,4.55371,False,False,bicycle,electric_assist
2026-06-22T04:16:42Z,lime,lime:03c19c55e3e7,51.92959,4.47223,False,False,bicycle,electric_assist
2026-06-22T04:16:42Z,lime,lime:d5167396f881,51.93014,4.44284,False,False,bicycle,electric_assist
2026-06-22T04:16:42Z,lime,lime:a5a002650e0e,51.91191,4.43641,False,False,bicycle,electric_assist
2026-06-22T04:16:42Z,lime,lime:734bf8ccac14,51.91003,4.45222,False,True,bicycle,electric_assist
2026-06-22T04:16:42Z,lime,lime:292c9bfe3b98,51.92161,4.50688,False,False,bicycle,electric_assist
2026-06-22T04:16:42Z,lime,lime:9b634eb79fb0,51.92236,4.548,False,False,bicycle,electric_assist
2026-06-22T04:16:42Z,lime,lime:f45231e31b67,51.94725,4.37574,False,False,bicycle,electric_assist
2026-06-22T04:16:42Z,lime,lime:59ef8ed6d97e,51.92282,4.46964,False,False,bicycle,electric_assist
2026-06-22T04:16:42Z,lime,lime:914c5ff9218f,51.90519,4.44406,False,False,bicycle,electric_assist
2026-06-22T04:16:42Z,lime,lime:f7271b6327a7,51.91503,4.45245,False,False,bicycle,electric_assist
2026-06-22T04:16:42Z,lime,lime:e7065ee94674,51.91935,4.45166,False,False,bicycle,electric_assist
2026-06-22T04:16:42Z,lime,lime:99c6441448c8,51.9216,4.50702,False,False,bicycle,electric_assist
2026-06-22T04:16:42Z,lime,lime:725480229204,51.92149,4.39484,False,False,bicycle,electric_assist
2026-06-22T04:16:42Z,lime,lime:6edb8e2fdb4d,51.921,4.54169,False,False,bicycle,electric_assist
2026-06-22T04:16:42Z,lime,lime:4f221637ac82,51.92125,4.45638,False,False,bicycle,electric_assist
2026-06-22T04:16:42Z,lime,lime:5a2ace4f68ff,51.93664,4.47546,False,False,bicycle,electric_assist
2026-06-22T04:16:42Z,lime,lime:652d4e273be5,51.90666,4.52607,False,False,bicycle,electric_assist
2026-06-22T04:16:42Z,lime,lime:8973c19b4bc6,51.91469,4.44441,False,False,bicycle,electric_assist
2026-06-22T04:16:42Z,lime,lime:0ba7d45db0af,51.92999,4.39252,False,False,bicycle,electric_assist
2026-06-22T04:16:42Z,lime,lime:2d13718b1f74,51.91488,4.40321,False,False,bicycle,electric_assist
2026-06-22T04:16:42Z,lime,lime:977e62aba3f9,51.93131,4.49913,False,False,bicycle,electric_assist
2026-06-22T04:16:42Z,lime,lime:dbba5dbd0eee,51.89815,4.47722,False,False,bicycle,electric_assist
2026-06-22T04:16:42Z,lime,lime:f575b98a4c88,51.92018,4.50508,False,False,bicycle,electric_assist
2026-06-22T04:16:42Z,lime,lime:a848064fcd19,51.92164,4.50686,False,False,bicycle,electric_assist
2026-06-22T04:16:42Z,lime,lime:35d813a60c6a,51.91785,4.44503,False,False,bicycle,electric_assist
2026-06-22T04:16:42Z,lime,lime:283097a75056,51.89144,4.489,False,False,bicycle,electric_assist
2026-06-22T04:16:42Z,lime,lime:ce34fb2b50b7,51.96413,4.55835,False,False,bicycle,electric_assist
2026-06-22T04:16:42Z,lime,lime:10fe9907c79a,51.90677,4.44784,False,False,bicycle,electric_assist
2026-06-22T04:16:42Z,lime,lime:ace5daca83c4,51.93149,4.46705,False,False,bicycle,electric_assist
2026-06-22T04:16:42Z,lime,lime:ccfbcbf83003,51.91672,4.52805,False,False,bicycle,electric_assist
2026-06-22T04:16:42Z,lime,lime:60b49c61b675,51.90943,4.38735,False,False,bicycle,electric_assist
2026-06-22T04:16:42Z,lime,lime:6053715c286b,51.94226,4.50005,False,False,bicycle,electric_assist
2026-06-22T04:16:42Z,lime,lime:51ee2ba3f006,51.9386,4.47964,False,False,bicycle,electric_assist
2026-06-22T04:16:42Z,lime,lime:c6386befa1c0,51.89658,4.49417,False,False,bicycle,electric_assist
2026-06-22T04:16:42Z,lime,lime:051322dca5d3,51.9158,4.5004,False,False,bicycle,electric_assist
2026-06-22T04:16:42Z,lime,lime:7cb9cb52a9bf,51.88816,4.46086,False,False,bicycle,electric_assist
2026-06-22T04:16:42Z,lime,lime:12b7be0a1051,51.9014,4.46116,False,False,bicycle,electric_assist
2026-06-22T04:16:42Z,lime,lime:2aea8ad5da10,51.93591,4.47477,False,False,bicycle,electric_assist
2026-06-22T04:16:42Z,lime,lime:5b8db98a0b63,51.92185,4.46059,False,False,bicycle,electric_assist
2026-06-22T04:16:42Z,lime,lime:303ccf64ca15,51.91935,4.46339,False,False,bicycle,electric_assist
2026-06-22T04:16:42Z,lime,lime:2a3179f99cdd,51.92307,4.49671,False,False,bicycle,electric_assist
2026-06-22T04:16:42Z,lime,lime:828b12db96dd,51.92278,4.46973,False,False,bicycle,electric_assist
2026-06-22T04:16:42Z,lime,lime:21088b2c2a74,51.90707,4.45402,False,False,bicycle,electric_assist
2026-06-22T04:16:42Z,lime,lime:6e8f21905133,51.92085,4.49107,False,False,bicycle,electric_assist
2026-06-22T04:16:42Z,lime,lime:97b51dfe0725,51.92168,4.50686,False,False,bicycle,electric_assist
2026-06-22T04:16:42Z,lime,lime:2d49c467eac3,51.94905,4.47514,False,False,bicycle,electric_assist
2026-06-22T04:16:42Z,lime,lime:47e8ff7064a0,51.9164,4.48879,False,False,bicycle,electric_assist
2026-06-22T04:16:42Z,lime,lime:0c87fdd03a84,51.92337,4.38555,False,False,bicycle,electric_assist
2026-06-22T04:16:42Z,lime,lime:bff7850ef736,51.90284,4.46749,False,False,bicycle,electric_assist
2026-06-22T04:16:42Z,lime,lime:0190437a38de,51.92192,4.37099,False,False,bicycle,electric_assist
2026-06-22T04:16:42Z,lime,lime:485f789d1852,51.91514,4.44842,False,False,bicycle,electric_assist
2026-06-22T04:16:42Z,lime,lime:e0c5f7b22ac1,51.93647,4.44317,False,False,bicycle,electric_assist
2026-06-22T04:16:42Z,lime,lime:6fc3d83c07c2,51.92149,4.49322,False,False,bicycle,electric_assist
2026-06-22T04:16:42Z,lime,lime:4451b5e0fb13,51.93178,4.44355,False,False,bicycle,electric_assist
2026-06-22T04:16:42Z,lime,lime:7f512e53cfb0,51.93915,4.53739,False,False,bicycle,electric_assist
2026-06-22T04:16:42Z,lime,lime:623308a2536d,51.93615,4.55384,False,True,bicycle,electric_assist
2026-06-22T04:16:42Z,lime,lime:86e7a88a8989,51.92361,4.41477,False,False,bicycle,electric_assist
2026-06-22T04:16:42Z,lime,lime:a84cead5b3ca,51.89371,4.48951,False,False,bicycle,electric_assist
2026-06-22T04:16:42Z,lime,lime:8d9e21c2761f,51.91322,4.41183,False,False,bicycle,electric_assist
2026-06-22T04:16:42Z,lime,lime:4a29ac98ad19,51.93416,4.46376,False,False,bicycle,electric_assist
2026-06-22T04:16:42Z,lime,lime:d4845a43548c,51.9066,4.41197,False,False,bicycle,electric_assist
2026-06-22T04:16:42Z,lime,lime:af8468e4868d,51.94592,4.53938,False,False,bicycle,electric_assist
2026-06-22T04:16:42Z,lime,lime:e9c59dfa4b0e,51.88815,4.46088,False,False,bicycle,electric_assist
2026-06-22T04:16:42Z,lime,lime:4bd9e3ce88e2,51.9335,4.48775,False,False,bicycle,electric_assist
2026-06-22T04:16:42Z,lime,lime:17ef98a031c4,51.92024,4.45337,False,False,bicycle,electric_assist
2026-06-22T04:16:42Z,lime,lime:99e03cd306d3,51.94324,4.3819,False,False,bicycle,electric_assist
2026-06-22T04:16:42Z,lime,lime:7c59489df904,51.88932,4.52578,False,False,bicycle,electric_assist
2026-06-22T04:16:42Z,lime,lime:5446eb5c56f7,51.91466,4.43826,False,False,bicycle,electric_assist
2026-06-22T04:16:42Z,lime,lime:029439912a33,51.93386,4.48702,False,False,bicycle,electric_assist
2026-06-22T04:16:42Z,lime,lime:f360ea7ecb7b,51.91712,4.49183,False,False,bicycle,electric_assist
2026-06-22T04:16:42Z,lime,lime:c33a423cf523,51.92474,4.556,False,False,bicycle,electric_assist
2026-06-22T04:16:42Z,lime,lime:9ba5f020754c,51.94435,4.50237,False,False,bicycle,electric_assist
2026-06-22T04:16:42Z,lime,lime:7d2f3d03e820,51.90785,4.45332,False,False,bicycle,electric_assist
2026-06-22T04:16:42Z,lime,lime:d0aa6bec8d4a,51.90806,4.51968,False,False,bicycle,electric_assist
2026-06-22T04:16:42Z,lime,lime:0908d52978c5,51.89027,4.51986,False,False,bicycle,electric_assist
2026-06-22T04:16:42Z,lime,lime:1720473f3dda,51.91784,4.44505,False,False,bicycle,electric_assist
2026-06-22T04:16:42Z,lime,lime:bc55065d8f99,51.93582,4.49969,False,False,bicycle,electric_assist
2026-06-22T04:16:42Z,lime,lime:4a07eb8423db,51.94468,4.39634,False,False,bicycle,electric_assist
2026-06-22T04:16:42Z,lime,lime:085af0945ffb,51.9232,4.42659,False,False,bicycle,electric_assist
2026-06-22T04:16:42Z,lime,lime:a114d2efd392,51.90323,4.50206,False,False,bicycle,electric_assist
2026-06-22T04:16:42Z,lime,lime:efd05b666986,51.918,4.41504,False,False,bicycle,electric_assist
2026-06-22T04:16:42Z,lime,lime:ebb11650b8cc,51.87373,4.47707,False,False,bicycle,electric_assist
2026-06-22T04:16:42Z,lime,lime:3385689f9342,51.93057,4.4963,False,False,bicycle,electric_assist
2026-06-22T04:16:42Z,lime,lime:639b6f040445,51.93102,4.4949,False,False,bicycle,electric_assist
2026-06-22T04:16:42Z,lime,lime:7624d5cb1b2c,51.91957,4.4662,False,False,bicycle,electric_assist
2026-06-22T04:16:42Z,lime,lime:a445ab1c530a,51.95135,4.47047,False,False,bicycle,electric_assist
2026-06-22T04:16:42Z,lime,lime:1827ae463d9a,51.9216,4.54944,False,False,bicycle,electric_assist
2026-06-22T04:16:42Z,lime,lime:26a82f27e74d,51.89767,4.51132,False,False,bicycle,electric_assist
2026-06-22T04:16:42Z,lime,lime:ad32755dfc53,51.92179,4.52292,False,False,bicycle,electric_assist
2026-06-22T04:16:42Z,lime,lime:b9d3c36c0fd8,51.87828,4.44877,False,False,bicycle,electric_assist
2026-06-22T04:16:42Z,lime,lime:f4d0127f09a6,51.93528,4.49753,False,False,bicycle,electric_assist
2026-06-22T04:16:42Z,lime,lime:be023ff3e19e,51.92281,4.46969,False,False,bicycle,electric_assist
2026-06-22T04:16:42Z,lime,lime:814f65cebda8,51.92578,4.47854,False,True,bicycle,electric_assist
2026-06-22T04:16:42Z,lime,lime:9cac7b75f621,51.87829,4.44878,False,False,bicycle,electric_assist
2026-06-22T04:16:42Z,lime,lime:8bbe18c940e5,51.89,4.50032,False,False,bicycle,electric_assist
2026-06-22T04:16:42Z,lime,lime:67834adc0fb3,51.89681,4.52175,False,False,bicycle,electric_assist
2026-06-22T04:16:42Z,lime,lime:33bd7174eaa3,51.89561,4.50649,False,False,bicycle,electric_assist
2026-06-22T04:16:42Z,lime,lime:7f118f1e01ab,51.92165,4.49305,False,False,bicycle,electric_assist
2026-06-22T04:16:42Z,lime,lime:51fe81df42c7,51.88695,4.52125,False,False,bicycle,electric_assist
2026-06-22T04:16:42Z,lime,lime:6ff84812b303,51.92714,4.50187,False,False,bicycle,electric_assist
2026-06-22T04:16:42Z,lime,lime:a30b2030262e,51.92248,4.50322,False,False,bicycle,electric_assist
2026-06-22T04:16:42Z,lime,lime:fcdad818ddfc,51.93053,4.49615,False,False,bicycle,electric_assist
2026-06-22T04:16:42Z,lime,lime:d339c4b00b7f,51.89652,4.49426,False,False,bicycle,electric_assist
2026-06-22T04:16:42Z,lime,lime:41c42eba2353,51.94581,4.53503,False,False,bicycle,electric_assist
2026-06-22T04:16:42Z,lime,lime:0f493b3ba01b,51.88318,4.47315,False,False,bicycle,electric_assist
2026-06-22T04:16:42Z,lime,lime:09729a90a001,51.92246,4.50322,False,False,bicycle,electric_assist
2026-06-22T04:16:42Z,lime,lime:368f76ee3492,51.92982,4.38683,False,False,bicycle,electric_assist
2026-06-22T04:16:42Z,lime,lime:0ed303fdab99,51.89116,4.47958,False,False,bicycle,electric_assist
2026-06-22T04:16:42Z,lime,lime:06b3a97bcd4e,51.91668,4.52807,False,False,bicycle,electric_assist
2026-06-22T04:16:42Z,lime,lime:0c5bf9c7397d,51.92112,4.46209,False,False,bicycle,electric_assist
2026-06-22T04:16:42Z,lime,lime:3a39498918cb,51.92847,4.37081,False,False,bicycle,electric_assist
2026-06-22T04:16:42Z,lime,lime:849f8323585e,51.89676,4.46225,False,False,bicycle,electric_assist
2026-06-22T04:16:42Z,lime,lime:e6f9f3ae02ef,51.93371,4.48124,False,False,bicycle,electric_assist
2026-06-22T04:16:42Z,lime,lime:54e35344f4a6,51.91927,4.48603,False,True,bicycle,electric_assist
2026-06-22T04:16:42Z,lime,lime:4e7eef5cf66e,51.9426,4.47257,False,False,bicycle,electric_assist
2026-06-22T04:16:42Z,lime,lime:8d52fed805eb,51.94706,4.42541,False,False,bicycle,electric_assist
2026-06-22T04:16:42Z,lime,lime:215996e630bb,51.96163,4.47487,False,False,bicycle,electric_assist
2026-06-22T04:16:42Z,lime,lime:956ff4c7eb57,51.93061,4.49622,False,False,bicycle,electric_assist
2026-06-22T04:16:42Z,lime,lime:6fc5af2a88c9,51.93825,4.47047,False,False,bicycle,electric_assist
2026-06-22T04:16:42Z,lime,lime:f6af85c3e859,51.91411,4.42239,False,False,bicycle,electric_assist
2026-06-22T04:16:42Z,lime,lime:51a76d7bf556,51.90555,4.50958,False,False,bicycle,electric_assist
2026-06-22T04:16:42Z,lime,lime:6f9ca95380f7,51.93645,4.44319,False,False,bicycle,electric_assist
2026-06-22T04:16:42Z,lime,lime:93fc2bb734ec,51.93103,4.49111,False,False,bicycle,electric_assist
2026-06-22T04:16:42Z,lime,lime:5b4a056b1243,51.92807,4.48826,False,True,bicycle,electric_assist
2026-06-22T04:16:42Z,lime,lime:07d7ffb58658,51.9287,4.46272,False,True,bicycle,electric_assist
2026-06-22T04:16:42Z,lime,lime:2fc888aa7518,51.93125,4.46809,False,False,bicycle,electric_assist
2026-06-22T04:16:42Z,lime,lime:a472ac811140,51.91917,4.41826,False,False,bicycle,electric_assist
2026-06-22T04:16:42Z,lime,lime:ae20b19ab5b9,51.89388,4.50179,False,False,bicycle,electric_assist
2026-06-22T04:16:42Z,lime,lime:49d2320ec3f2,51.90636,4.51379,False,False,bicycle,electric_assist
2026-06-22T04:16:42Z,lime,lime:566ede1b08db,51.93492,4.48958,False,False,bicycle,electric_assist
2026-06-22T04:16:42Z,lime,lime:6d35235157c8,51.90532,4.45503,False,False,bicycle,electric_assist
2026-06-22T04:16:42Z,lime,lime:d1285691602e,51.92594,4.50281,False,False,bicycle,electric_assist
2026-06-22T04:16:42Z,lime,lime:3b436bf7061f,51.91007,4.45221,False,False,bicycle,electric_assist
2026-06-22T04:16:42Z,lime,lime:23eb0758aa0f,51.89381,4.50944,False,False,bicycle,electric_assist
2026-06-22T04:16:42Z,lime,lime:267b472b1775,51.88958,4.50699,False,False,bicycle,electric_assist
2026-06-22T04:16:42Z,lime,lime:9d6d9eb200d7,51.91414,4.50749,False,False,bicycle,electric_assist
2026-06-22T04:16:42Z,lime,lime:6f0002c60813,51.91078,4.51952,False,False,bicycle,electric_assist
2026-06-22T04:16:42Z,lime,lime:74973ffc4bdb,51.9275,4.49695,False,False,bicycle,electric_assist
2026-06-22T04:16:42Z,lime,lime:44d6fbfad8b9,51.91777,4.43702,False,False,bicycle,electric_assist
2026-06-22T04:16:42Z,lime,lime:fd37382ed40a,51.90895,4.47853,False,False,bicycle,electric_assist
2026-06-22T04:16:42Z,lime,lime:6039eef245f1,51.90294,4.51136,False,False,bicycle,electric_assist
2026-06-22T04:16:42Z,lime,lime:1e7a17814800,51.91476,4.42044,False,False,bicycle,electric_assist
2026-06-22T04:16:42Z,lime,lime:725cbc3f4bc8,51.90879,4.48812,False,True,bicycle,electric_assist
2026-06-22T04:16:42Z,lime,lime:bc2ca890996d,51.94107,4.48831,False,False,bicycle,electric_assist
2026-06-22T04:16:42Z,lime,lime:2e9426a645bf,51.92832,4.43801,False,True,bicycle,electric_assist
2026-06-22T04:16:42Z,lime,lime:729c961d961b,51.90643,4.50578,False,False,bicycle,electric_assist
2026-06-22T04:16:42Z,lime,lime:650b83db553f,51.94324,4.47387,False,False,bicycle,electric_assist
2026-06-22T04:16:42Z,lime,lime:f91fa209fae2,51.93375,4.46144,False,False,bicycle,electric_assist
2026-06-22T04:16:42Z,lime,lime:cc5b74f7f0ed,51.89883,4.54505,False,False,bicycle,electric_assist
2026-06-22T04:16:42Z,lime,lime:0bd45d0348d0,51.91346,4.48551,False,False,bicycle,electric_assist
2026-06-22T04:16:42Z,lime,lime:63448cb5f1f3,51.89241,4.46456,False,False,bicycle,electric_assist
2026-06-22T04:16:42Z,lime,lime:620002354dd0,51.90778,4.4542,False,False,bicycle,electric_assist
2026-06-22T04:16:42Z,lime,lime:0802750cd1bf,51.89782,4.4958,False,False,bicycle,electric_assist
2026-06-22T04:16:42Z,lime,lime:cd61eac7654b,51.90445,4.45636,False,False,bicycle,electric_assist
2026-06-22T04:16:42Z,lime,lime:db8220011151,51.87426,4.52307,False,False,bicycle,electric_assist
2026-06-22T04:16:42Z,lime,lime:23791d5271a1,51.92318,4.49688,False,False,bicycle,electric_assist
2026-06-22T04:16:42Z,lime,lime:29b1a945c788,51.93531,4.48772,False,False,bicycle,electric_assist
2026-06-22T04:16:42Z,lime,lime:49dc92dcd254,51.92046,4.5109,False,False,bicycle,electric_assist
2026-06-22T04:16:42Z,lime,lime:a03c8047d541,51.90935,4.38725,False,False,bicycle,electric_assist
2026-06-22T04:16:42Z,lime,lime:52fef6d8af0a,51.93117,4.44859,False,False,bicycle,electric_assist
2026-06-22T04:16:42Z,lime,lime:8986d5818846,51.92914,4.50535,False,False,bicycle,electric_assist
2026-06-22T04:16:42Z,lime,lime:9fcfb4ce3b95,51.93776,4.38535,False,False,bicycle,electric_assist
2026-06-22T04:16:42Z,lime,lime:716ec3bb86d4,51.91002,4.45223,False,False,bicycle,electric_assist
2026-06-22T04:16:42Z,lime,lime:872edd637896,51.92381,4.51137,False,False,bicycle,electric_assist
2026-06-22T04:16:42Z,lime,lime:886fdae284b4,51.93824,4.4043,False,False,bicycle,electric_assist
2026-06-22T04:16:42Z,lime,lime:cda84e520ce6,51.92444,4.37737,False,False,bicycle,electric_assist
2026-06-22T04:16:42Z,lime,lime:e63d8d2b4e8a,51.91645,4.48884,False,False,bicycle,electric_assist
2026-06-22T04:16:42Z,lime,lime:51c73edbae6a,51.96031,4.53119,False,False,bicycle,electric_assist
2026-06-22T04:16:42Z,lime,lime:8a61c883c8de,51.92303,4.49693,False,False,bicycle,electric_assist
2026-06-22T04:16:42Z,lime,lime:14b6ea34db13,51.91668,4.46439,False,False,bicycle,electric_assist
2026-06-22T04:16:42Z,lime,lime:a82b99334501,51.92344,4.51592,False,False,bicycle,electric_assist
2026-06-22T04:16:42Z,lime,lime:746aee06b253,51.89641,4.4944,False,False,bicycle,electric_assist
2026-06-22T04:16:42Z,lime,lime:3b7a234688c4,51.95376,4.52007,False,False,bicycle,electric_assist
2026-06-22T04:16:42Z,lime,lime:436820a6e63d,51.92245,4.47164,False,False,bicycle,electric_assist
2026-06-22T04:16:42Z,lime,lime:f921311dcfa4,51.92666,4.56052,False,False,bicycle,electric_assist
2026-06-22T04:16:42Z,lime,lime:5be722178cb6,51.91462,4.48775,False,False,bicycle,electric_assist
2026-06-22T04:16:42Z,lime,lime:e5a3e571af5a,51.91788,4.44517,False,False,bicycle,electric_assist
2026-06-22T04:16:42Z,lime,lime:fa4f9fe458cf,51.92117,4.55923,False,False,bicycle,electric_assist
2026-06-22T04:16:42Z,lime,lime:2c3d34241bc6,51.90989,4.44837,False,True,bicycle,electric_assist
2026-06-22T04:16:42Z,lime,lime:734c0571bb9d,51.89661,4.41907,False,False,bicycle,electric_assist
2026-06-22T04:16:42Z,lime,lime:f1ca1068dc77,51.9528,4.51608,False,False,bicycle,electric_assist
2026-06-22T04:16:42Z,lime,lime:1dd890c8d0f8,51.91708,4.4608,False,False,bicycle,electric_assist
2026-06-22T04:16:42Z,lime,lime:09292ed9608c,51.94078,4.5352,False,False,bicycle,electric_assist
2026-06-22T04:16:42Z,lime,lime:bd097b943e0d,51.91778,4.48007,False,False,bicycle,electric_assist
2026-06-22T04:16:42Z,lime,lime:8d15cff679d4,51.93949,4.537,False,False,bicycle,electric_assist
2026-06-22T04:16:42Z,lime,lime:9a0fd32c1dfb,51.9145,4.40192,False,False,bicycle,electric_assist
2026-06-22T04:16:42Z,lime,lime:63f64a562678,51.93312,4.36672,False,False,bicycle,electric_assist
2026-06-22T04:16:42Z,lime,lime:3a7c644ecfcd,51.91142,4.45772,False,False,bicycle,electric_assist
2026-06-22T04:16:42Z,lime,lime:1b4ea3c3fc52,51.93656,4.4721,False,False,bicycle,electric_assist
2026-06-22T04:16:42Z,lime,lime:a757293f478a,51.92797,4.48348,False,False,bicycle,electric_assist
2026-06-22T04:16:42Z,lime,lime:1c6324e8dcf8,51.91634,4.48573,False,False,bicycle,electric_assist
2026-06-22T04:16:42Z,lime,lime:a2f2de712a44,51.91459,4.46719,False,False,bicycle,electric_assist
2026-06-22T04:16:42Z,lime,lime:62a39d7eaa04,51.92861,4.49289,False,False,bicycle,electric_assist
2026-06-22T04:16:42Z,lime,lime:349161947793,51.90441,4.45636,False,False,bicycle,electric_assist
2026-06-22T04:16:42Z,lime,lime:487710f82583,51.92541,4.46619,False,False,bicycle,electric_assist
2026-06-22T04:16:42Z,lime,lime:c68808e74b0e,51.91607,4.45825,False,False,bicycle,electric_assist
2026-06-22T04:16:42Z,lime,lime:130df682fff5,51.91968,4.44195,False,False,bicycle,electric_assist
2026-06-22T04:16:42Z,lime,lime:9587c224d4e7,51.91334,4.50985,False,False,bicycle,electric_assist
2026-06-22T04:16:42Z,lime,lime:52c4ef4675ec,51.93341,4.46182,False,False,bicycle,electric_assist
2026-06-22T04:16:42Z,lime,lime:8524fb345dbe,51.89644,4.49422,False,False,bicycle,electric_assist
2026-06-22T04:16:42Z,lime,lime:86d06c9a7271,51.9123,4.45508,False,False,bicycle,electric_assist
2026-06-22T04:16:42Z,lime,lime:6141aaebc066,51.92267,4.45746,False,False,bicycle,electric_assist
2026-06-22T04:16:42Z,lime,lime:d48ef87d3c4b,51.92383,4.51133,False,False,bicycle,electric_assist
2026-06-22T04:16:42Z,lime,lime:1e17c254699b,51.87355,4.48373,False,False,bicycle,electric_assist
2026-06-22T04:16:42Z,lime,lime:a22d7e956b17,51.90661,4.41197,False,False,bicycle,electric_assist
2026-06-22T04:16:42Z,lime,lime:b397200a0d42,51.91735,4.46427,False,False,bicycle,electric_assist
2026-06-22T04:16:42Z,lime,lime:6f4c92928f1f,51.91962,4.5117,False,False,bicycle,electric_assist
2026-06-22T04:16:42Z,lime,lime:9b21e85065a8,51.92189,4.55463,False,False,bicycle,electric_assist
2026-06-22T04:16:42Z,lime,lime:95a2e9510bb4,51.95281,4.51613,False,False,bicycle,electric_assist
2026-06-22T04:16:42Z,lime,lime:b610583dc52f,51.9437,4.47668,False,False,bicycle,electric_assist
2026-06-22T04:16:42Z,lime,lime:b656deb2787f,51.94926,4.43269,False,False,bicycle,electric_assist
2026-06-22T04:16:42Z,lime,lime:fce680d08ce5,51.89008,4.50033,False,False,bicycle,electric_assist
2026-06-22T04:16:42Z,lime,lime:1180c3bb57c1,51.92983,4.45744,False,False,bicycle,electric_assist
2026-06-22T04:16:42Z,lime,lime:8271bcdd1269,51.88998,4.48573,False,False,bicycle,electric_assist
2026-06-22T04:16:42Z,lime,lime:6ed32245f696,51.938,4.46501,False,False,bicycle,electric_assist
2026-06-22T04:16:42Z,lime,lime:c039b954070c,51.90136,4.4612,False,False,bicycle,electric_assist
2026-06-22T04:16:42Z,lime,lime:74af69aca41f,51.95312,4.51107,False,False,bicycle,electric_assist
2026-06-22T04:16:42Z,lime,lime:062cac01620e,51.93601,4.47378,False,False,bicycle,electric_assist
2026-06-22T04:16:42Z,lime,lime:20a46f14745f,51.94291,4.47334,False,False,bicycle,electric_assist
2026-06-22T04:16:42Z,lime,lime:07c41d518068,51.92174,4.43859,False,False,bicycle,electric_assist
2026-06-22T04:16:42Z,lime,lime:46266c948add,51.88622,4.54929,False,False,bicycle,electric_assist
2026-06-22T04:16:42Z,lime,lime:c2bed96034c8,51.92308,4.49667,False,False,bicycle,electric_assist
2026-06-22T04:16:42Z,lime,lime:e9ff93708c7d,51.91559,4.45813,False,False,bicycle,electric_assist
2026-06-22T04:16:42Z,lime,lime:80a133acc393,51.92545,4.50621,False,False,bicycle,electric_assist
2026-06-22T04:16:42Z,lime,lime:8114fe8c06c6,51.89343,4.48894,False,False,bicycle,electric_assist
2026-06-22T04:16:42Z,lime,lime:e4feea27565c,51.9384,4.48333,True,False,bicycle,electric_assist
2026-06-22T04:16:42Z,lime,lime:1417c67bea7e,51.93098,4.45637,False,False,bicycle,electric_assist
2026-06-22T04:16:42Z,lime,lime:2f385c2e15d7,51.93306,4.49726,False,False,bicycle,electric_assist
2026-06-22T04:16:42Z,lime,lime:c94a2d7aa90e,51.94235,4.49941,False,False,bicycle,electric_assist
2026-06-22T04:16:42Z,lime,lime:17f3f933b2e3,51.9208,4.54241,False,False,bicycle,electric_assist
2026-06-22T04:16:42Z,lime,lime:ee8587d4555a,51.91101,4.37647,False,False,bicycle,electric_assist
2026-06-22T04:16:42Z,lime,lime:6ab09a92affc,51.88805,4.46934,False,False,bicycle,electric_assist
2026-06-22T04:16:42Z,lime,lime:111a5eee0fa8,51.90631,4.45998,False,False,bicycle,electric_assist
2026-06-22T04:16:42Z,lime,lime:62f549098309,51.89076,4.48381,False,False,bicycle,electric_assist
2026-06-22T04:16:42Z,lime,lime:dbff46835437,51.90427,4.45587,False,False,bicycle,electric_assist
2026-06-22T04:16:42Z,lime,lime:d425484eefb9,51.91937,4.48839,False,False,bicycle,electric_assist
2026-06-22T04:16:42Z,lime,lime:f2f334bb546e,51.9099,4.44573,False,False,bicycle,electric_assist
2026-06-22T04:16:42Z,lime,lime:68e9feebc462,51.89221,4.47139,False,False,bicycle,electric_assist
2026-06-22T04:16:42Z,lime,lime:f6dfe3dae256,51.95386,4.4682,False,False,bicycle,electric_assist
2026-06-22T04:16:42Z,lime,lime:6bfe50143aed,51.88272,4.50425,False,False,bicycle,electric_assist
2026-06-22T04:16:42Z,lime,lime:be0747e64644,51.92747,4.41711,False,False,bicycle,electric_assist
2026-06-22T04:16:42Z,lime,lime:b0a7a8952e33,51.89656,4.49431,False,False,bicycle,electric_assist
2026-06-22T04:16:42Z,lime,lime:38a855e67940,51.90919,4.4431,False,False,bicycle,electric_assist
2026-06-22T04:16:42Z,lime,lime:53873e4a43a6,51.91173,4.46624,False,False,bicycle,electric_assist
2026-06-22T04:16:42Z,lime,lime:388621fec589,51.93458,4.45914,False,False,bicycle,electric_assist
2026-06-22T04:16:42Z,lime,lime:e2d1b401a27c,51.95383,4.52016,False,False,bicycle,electric_assist
2026-06-22T04:16:42Z,lime,lime:5cc7c1ab28b0,51.95065,4.4742,False,False,bicycle,electric_assist
2026-06-22T04:16:42Z,lime,lime:b806ca83d5e2,51.96076,4.47347,False,False,bicycle,electric_assist
2026-06-22T04:16:42Z,lime,lime:198292518dc6,51.92932,4.4972,False,False,bicycle,electric_assist
2026-06-22T04:16:42Z,lime,lime:261b13da0cb9,51.9025,4.46527,False,False,bicycle,electric_assist
2026-06-22T04:16:42Z,lime,lime:d6372e563461,51.91899,4.45843,False,False,bicycle,electric_assist
2026-06-22T04:16:42Z,lime,lime:577217391ef2,51.88736,4.47307,False,False,bicycle,electric_assist
2026-06-22T04:16:42Z,lime,lime:79b545e37ada,51.93365,4.44821,False,False,bicycle,electric_assist
2026-06-22T04:16:42Z,lime,lime:fc61e5d0cf96,51.92136,4.45638,False,False,bicycle,electric_assist
2026-06-22T04:16:42Z,lime,lime:5169f307608e,51.93191,4.37316,False,False,bicycle,electric_assist
2026-06-22T04:16:42Z,lime,lime:5bbd8ef38e48,51.94185,4.54649,True,False,bicycle,electric_assist
2026-06-22T04:16:42Z,lime,lime:2c055f6c7cdf,51.92569,4.41527,False,False,bicycle,electric_assist
2026-06-22T04:16:42Z,lime,lime:feecaa6c5b36,51.87481,4.468,False,False,bicycle,electric_assist
2026-06-22T04:16:42Z,lime,lime:9554e6eccc95,51.94995,4.46801,False,False,bicycle,electric_assist
2026-06-22T04:16:42Z,lime,lime:66b0212603c6,51.8741,4.49434,False,False,bicycle,electric_assist
2026-06-22T04:16:42Z,lime,lime:247d8ed58a8e,51.9199,4.50525,False,False,bicycle,electric_assist
2026-06-22T04:16:42Z,lime,lime:367fec405b3e,51.89077,4.48745,False,False,bicycle,electric_assist
2026-06-22T04:16:42Z,lime,lime:820feff071ae,51.88658,4.45763,False,False,bicycle,electric_assist
2026-06-22T04:16:42Z,lime,lime:6a6c54fde9f1,51.94391,4.53974,False,False,bicycle,electric_assist
2026-06-22T04:16:42Z,lime,lime:5bf3c340e1d6,51.93226,4.46411,False,False,bicycle,electric_assist
2026-06-22T04:16:42Z,lime,lime:c1def4211c0b,51.91272,4.51797,False,False,bicycle,electric_assist
2026-06-22T04:16:42Z,lime,lime:13c2223eb526,51.90596,4.44461,False,False,bicycle,electric_assist
2026-06-22T04:16:42Z,lime,lime:0061fbac3729,51.93325,4.49098,False,False,bicycle,electric_assist
2026-06-22T04:16:42Z,lime,lime:bf45adf2f365,51.9241,4.51397,False,False,bicycle,electric_assist
2026-06-22T04:16:42Z,lime,lime:b370729505da,51.92172,4.49305,False,False,bicycle,electric_assist
2026-06-22T04:16:42Z,lime,lime:bb0da99bf85f,51.89915,4.48186,False,False,bicycle,electric_assist
2026-06-22T04:16:42Z,lime,lime:effc073bba84,51.91185,4.45008,False,False,bicycle,electric_assist
2026-06-22T04:16:42Z,lime,lime:28f1d1829a90,51.94282,4.42863,False,False,bicycle,electric_assist
2026-06-22T04:16:42Z,lime,lime:db49e4d3acab,51.88644,4.5292,False,False,bicycle,electric_assist
2026-06-22T04:16:42Z,lime,lime:bf78d53470ae,51.90551,4.50958,False,False,bicycle,electric_assist
2026-06-22T04:16:42Z,lime,lime:ffbba6247e07,51.92595,4.50276,False,False,bicycle,electric_assist
2026-06-22T04:16:42Z,lime,lime:7c7884388b7a,51.91403,4.44728,False,False,bicycle,electric_assist
2026-06-22T04:16:42Z,lime,lime:d0b0eeb54566,51.92093,4.49093,False,False,bicycle,electric_assist
2026-06-22T04:16:42Z,lime,lime:3586ddd57fec,51.9145,4.40185,False,False,bicycle,electric_assist
2026-06-22T04:16:42Z,lime,lime:bc5f9b0b76c5,51.90767,4.43867,False,False,bicycle,electric_assist
2026-06-22T04:16:42Z,lime,lime:3695e3579330,51.91288,4.4057,False,False,bicycle,electric_assist
2026-06-22T04:16:42Z,lime,lime:b51a1e3295e3,51.90558,4.5095,False,False,bicycle,electric_assist
2026-06-22T04:16:42Z,lime,lime:a9af4438347f,51.91419,4.50265,False,False,bicycle,electric_assist
2026-06-22T04:16:42Z,lime,lime:0ebfab0634b7,51.93299,4.487,False,False,bicycle,electric_assist
2026-06-22T04:16:42Z,lime,lime:0cdaacaffc3d,51.93667,4.46396,False,False,bicycle,electric_assist
2026-06-22T04:16:42Z,lime,lime:903b1868999b,51.92017,4.43804,False,False,bicycle,electric_assist
2026-06-22T04:16:42Z,lime,lime:a8b16805c58b,51.91477,4.38765,False,False,bicycle,electric_assist
2026-06-22T04:16:42Z,lime,lime:bd0006cb0b93,51.9303,4.48362,False,False,bicycle,electric_assist
2026-06-22T04:16:42Z,lime,lime:241f0a4a9398,51.89755,4.51115,False,False,bicycle,electric_assist
2026-06-22T04:16:42Z,lime,lime:246937a62bc4,51.94186,4.54651,False,False,bicycle,electric_assist
2026-06-22T04:16:42Z,lime,lime:6c1680bd0770,51.90346,4.53258,False,False,bicycle,electric_assist
2026-06-22T04:16:42Z,lime,lime:729279cd334e,51.91234,4.45505,False,False,bicycle,electric_assist
2026-06-22T04:16:42Z,lime,lime:c7e9589c9d61,51.9167,4.52812,False,False,bicycle,electric_assist
2026-06-22T04:16:42Z,lime,lime:8078572d1398,51.91479,4.41229,False,False,bicycle,electric_assist
2026-06-22T04:16:42Z,lime,lime:da8dcc65e074,51.93321,4.47626,False,False,bicycle,electric_assist
2026-06-22T04:16:42Z,lime,lime:928fc3a8196d,51.93254,4.47604,False,False,bicycle,electric_assist
2026-06-22T04:16:42Z,lime,lime:e10d8c360ded,51.91818,4.47968,False,False,bicycle,electric_assist
2026-06-22T04:16:42Z,lime,lime:227afe28a051,51.89794,4.4958,False,False,bicycle,electric_assist
2026-06-22T04:16:42Z,lime,lime:4aa66197483e,51.92473,4.50333,False,False,bicycle,electric_assist
2026-06-22T04:16:42Z,lime,lime:e8729717dee4,51.93722,4.53613,False,False,bicycle,electric_assist
2026-06-22T04:16:42Z,lime,lime:23979c46c5f3,51.91785,4.445,False,False,bicycle,electric_assist
2026-06-22T04:16:42Z,lime,lime:b1ef05fd8754,51.9055,4.50959,False,False,bicycle,electric_assist
2026-06-22T04:16:42Z,lime,lime:25ab13076520,51.9127,4.40558,False,False,bicycle,electric_assist
2026-06-22T04:16:42Z,lime,lime:f32ba54741cc,51.93743,4.46676,False,False,bicycle,electric_assist
2026-06-22T04:16:42Z,lime,lime:5a79c7780441,51.91708,4.46084,False,False,bicycle,electric_assist
2026-06-22T04:16:42Z,lime,lime:ee42b38add28,51.94538,4.46727,False,False,bicycle,electric_assist
2026-06-22T04:16:42Z,lime,lime:1bba2136ed96,51.89339,4.51732,False,False,bicycle,electric_assist
2026-06-22T04:16:42Z,lime,lime:2e52a9222811,51.9216,4.50708,False,False,bicycle,electric_assist
2026-06-22T04:16:42Z,lime,lime:03539aeb6f1f,51.94402,4.47254,False,False,bicycle,electric_assist
2026-06-22T04:16:42Z,lime,lime:a578c1cbfef7,51.9386,4.4795,False,False,bicycle,electric_assist
2026-06-22T04:16:42Z,lime,lime:3f3b161f566c,51.88645,4.52912,False,False,bicycle,electric_assist
2026-06-22T04:16:42Z,lime,lime:8747f5b4e61a,51.92911,4.49193,False,False,bicycle,electric_assist
2026-06-22T04:16:42Z,lime,lime:eddc7ce02dec,51.93123,4.47773,False,False,bicycle,electric_assist
2026-06-22T04:16:42Z,lime,lime:d110a267a85c,51.91638,4.46434,False,False,bicycle,electric_assist
2026-06-22T04:16:42Z,lime,lime:a88054169931,51.93924,4.53883,False,False,bicycle,electric_assist
2026-06-22T04:16:42Z,lime,lime:18905e6a85a8,51.92725,4.50406,False,False,bicycle,electric_assist
2026-06-22T04:16:42Z,lime,lime:46d97aac919d,51.93057,4.49637,False,False,bicycle,electric_assist
2026-06-22T04:16:42Z,lime,lime:87dbbee3733d,51.93384,4.46788,False,False,bicycle,electric_assist
2026-06-22T04:16:42Z,lime,lime:15eb77ab1246,51.93283,4.48466,False,False,bicycle,electric_assist
2026-06-22T04:16:42Z,lime,lime:9abaf631b0de,51.90253,4.46525,False,False,bicycle,electric_assist
2026-06-22T04:16:42Z,lime,lime:15d8735841c7,51.90198,4.48581,False,False,bicycle,electric_assist
2026-06-22T04:16:42Z,lime,lime:3e786e0b213e,51.92002,4.44235,False,False,bicycle,electric_assist
2026-06-22T04:16:42Z,lime,lime:6061f78dfed6,51.8956,4.50651,False,False,bicycle,electric_assist
2026-06-22T04:16:42Z,lime,lime:ae9c2effb257,51.90642,4.52579,False,False,bicycle,electric_assist
2026-06-22T04:16:42Z,lime,lime:ee829d1f38c7,51.90131,4.50906,True,False,bicycle,electric_assist
2026-06-22T04:16:42Z,lime,lime:629f5c472034,51.92917,4.46427,False,False,bicycle,electric_assist
2026-06-22T04:16:42Z,lime,lime:e1fcbcd7e56e,51.88623,4.54935,False,False,bicycle,electric_assist
2026-06-22T04:16:42Z,lime,lime:1811ac24b5e6,51.92404,4.50069,False,False,bicycle,electric_assist
2026-06-22T04:16:42Z,lime,lime:b699cf8996c2,51.90067,4.39088,False,False,bicycle,electric_assist
2026-06-22T04:16:42Z,lime,lime:2694d392db4a,51.92798,4.53637,False,False,bicycle,electric_assist
2026-06-22T04:16:42Z,lime,lime:3cf5852e8f5f,51.93612,4.48837,False,False,bicycle,electric_assist
2026-06-22T04:16:42Z,lime,lime:c994b2c0aa86,51.92752,4.49689,False,False,bicycle,electric_assist
2026-06-22T04:16:42Z,lime,lime:d6a5435c85d1,51.90019,4.47844,False,False,bicycle,electric_assist
2026-06-22T04:16:42Z,lime,lime:b612bc4f35e2,51.92689,4.47234,False,False,bicycle,electric_assist
2026-06-22T04:16:42Z,lime,lime:4ed256adc6ec,51.90557,4.50954,False,False,bicycle,electric_assist
2026-06-22T04:16:42Z,lime,lime:6b8c9c2e6010,51.87431,4.52316,False,False,bicycle,electric_assist
2026-06-22T04:16:42Z,lime,lime:5445a7e4d546,51.93055,4.49626,False,False,bicycle,electric_assist
2026-06-22T04:16:42Z,lime,lime:d7a61f697fb5,51.89229,4.46475,False,False,bicycle,electric_assist
2026-06-22T04:16:42Z,lime,lime:96736fd60520,51.93829,4.53842,False,False,bicycle,electric_assist
2026-06-22T04:16:42Z,lime,lime:ca5b047dd90b,51.92112,4.4659,False,False,bicycle,electric_assist
2026-06-22T04:16:42Z,lime,lime:a20a8851662b,51.90372,4.44795,False,True,bicycle,electric_assist
2026-06-22T04:16:42Z,lime,lime:d61d236de238,51.90878,4.38193,False,False,bicycle,electric_assist
2026-06-22T04:16:42Z,lime,lime:ed5edff438b4,51.90719,4.37511,False,False,bicycle,electric_assist
2026-06-22T04:16:42Z,lime,lime:58442ca5e8e6,51.90963,4.44577,False,False,bicycle,electric_assist
2026-06-22T04:16:42Z,lime,lime:e4edf85b8955,51.92151,4.45758,False,False,bicycle,electric_assist
2026-06-22T04:16:42Z,lime,lime:435013ad60a7,51.92332,4.38558,False,False,bicycle,electric_assist
2026-06-22T04:16:42Z,lime,lime:c12eb65dda80,51.89815,4.47441,False,False,bicycle,electric_assist
2026-06-22T04:16:42Z,lime,lime:51bd2189a5b6,51.89783,4.49592,False,False,bicycle,electric_assist
2026-06-22T04:16:42Z,lime,lime:94df66e2f33f,51.89501,4.49749,False,False,bicycle,electric_assist
2026-06-22T04:16:42Z,lime,lime:9251be217fe4,51.9243,4.40848,False,False,bicycle,electric_assist
2026-06-22T04:16:42Z,lime,lime:ac0154de064b,51.91964,4.37602,False,False,bicycle,electric_assist
2026-06-22T04:16:42Z,lime,lime:c1ea21e9e75d,51.88878,4.48754,False,False,bicycle,electric_assist
2026-06-22T04:16:42Z,lime,lime:5eb454a6ee9f,51.93459,4.41398,False,False,bicycle,electric_assist
2026-06-22T04:16:42Z,lime,lime:385fe5d8ed6d,51.93859,4.47962,False,False,bicycle,electric_assist
2026-06-22T04:16:42Z,lime,lime:7b853a91acc7,51.91399,4.4525,False,False,bicycle,electric_assist
2026-06-22T04:16:42Z,lime,lime:472bb74ef38a,51.91007,4.45225,False,False,bicycle,electric_assist
2026-06-22T04:16:42Z,lime,lime:3145f7c59ec2,51.91552,4.44069,False,False,bicycle,electric_assist
2026-06-22T04:16:42Z,lime,lime:16ad38574a46,51.90448,4.40702,False,False,bicycle,electric_assist
2026-06-22T04:16:42Z,lime,lime:b0082c4a5b36,51.92282,4.4697,False,False,bicycle,electric_assist
2026-06-22T04:16:42Z,lime,lime:20786579d9bf,51.9537,4.46462,False,False,bicycle,electric_assist
2026-06-22T04:16:42Z,lime,lime:f3fb443f89db,51.91939,4.53774,False,False,bicycle,electric_assist
2026-06-22T04:16:42Z,lime,lime:84db76a2b983,51.91272,4.51797,False,False,bicycle,electric_assist
2026-06-22T04:16:42Z,lime,lime:971bfd621b51,51.93975,4.41098,False,False,bicycle,electric_assist
2026-06-22T04:16:42Z,lime,lime:ca279fbcb536,51.92002,4.50184,False,False,bicycle,electric_assist
2026-06-22T04:16:42Z,lime,lime:64e39849dbdd,51.90447,4.46044,False,False,bicycle,electric_assist
2026-06-22T04:16:42Z,lime,lime:b2c7a2b7b6dc,51.8783,4.44876,False,False,bicycle,electric_assist
2026-06-22T04:16:42Z,lime,lime:9acf9556f66b,51.89473,4.46191,False,True,bicycle,electric_assist
2026-06-22T04:16:42Z,lime,lime:60c6d3f81704,51.90647,4.50575,False,False,bicycle,electric_assist
2026-06-22T04:16:42Z,lime,lime:d2ec324948de,51.95222,4.51738,False,False,bicycle,electric_assist
2026-06-22T04:16:42Z,lime,lime:b422fc5e07f9,51.90449,4.41412,False,False,bicycle,electric_assist
2026-06-22T04:16:42Z,lime,lime:6169c8839170,51.92222,4.47141,False,False,bicycle,electric_assist
2026-06-22T04:16:42Z,lime,lime:70ca0fcf0d15,51.90767,4.39653,False,False,bicycle,electric_assist
2026-06-22T04:16:42Z,lime,lime:29d8c2ce3515,51.91138,4.50644,False,False,bicycle,electric_assist
2026-06-22T04:16:42Z,lime,lime:181c14ee7fe8,51.92724,4.49311,False,False,bicycle,electric_assist
2026-06-22T04:16:42Z,lime,lime:1d2158d90208,51.9296,4.47209,False,False,bicycle,electric_assist
2026-06-22T04:16:42Z,lime,lime:46c3e32c5434,51.90722,4.45295,False,False,bicycle,electric_assist
2026-06-22T04:16:42Z,lime,lime:e800fc172353,51.91341,4.47954,False,False,bicycle,electric_assist
2026-06-22T04:16:42Z,lime,lime:cf345b50b587,51.88959,4.50692,False,False,bicycle,electric_assist
2026-06-22T04:16:42Z,lime,lime:3a5be5eb832c,51.9216,4.54944,False,False,bicycle,electric_assist
2026-06-22T04:16:42Z,lime,lime:756a4e3ade23,51.94357,4.46959,False,False,bicycle,electric_assist
2026-06-22T04:16:42Z,lime,lime:7c11240c9cae,51.8871,4.49777,False,False,bicycle,electric_assist
2026-06-22T04:16:42Z,lime,lime:711a3e94aa9f,51.9608,4.57976,False,False,bicycle,electric_assist
2026-06-22T04:16:42Z,lime,lime:fdce99a22bf2,51.94627,4.5607,False,False,bicycle,electric_assist
2026-06-22T04:16:42Z,lime,lime:50b0991f6e70,51.89563,4.4991,False,False,bicycle,electric_assist
2026-06-22T04:16:42Z,lime,lime:891d76b2e0ad,51.92048,4.39252,False,False,bicycle,electric_assist
2026-06-22T04:16:42Z,lime,lime:b7d8b76f6631,51.92189,4.46063,False,False,bicycle,electric_assist
2026-06-22T04:16:42Z,lime,lime:c326dea4ebd5,51.94463,4.44156,False,False,bicycle,electric_assist
2026-06-22T04:16:42Z,lime,lime:20ab1ae5c2fe,51.91838,4.42412,False,False,bicycle,electric_assist
2026-06-22T04:16:42Z,lime,lime:1fbddf6604c0,51.94251,4.53791,False,False,bicycle,electric_assist
2026-06-22T04:16:42Z,lime,lime:43e32273bb8d,51.9241,4.514,False,False,bicycle,electric_assist
2026-06-22T04:16:42Z,lime,lime:5326c58848c1,51.89293,4.47799,False,False,bicycle,electric_assist
2026-06-22T04:16:42Z,lime,lime:eec6dc1d1d03,51.90874,4.50469,False,False,bicycle,electric_assist
2026-06-22T04:16:42Z,lime,lime:d1fd2360924e,51.94047,4.47978,False,False,bicycle,electric_assist
2026-06-22T04:16:42Z,lime,lime:380bc63c0f7d,51.89762,4.46214,False,False,bicycle,electric_assist
2026-06-22T04:16:42Z,lime,lime:707466bb9f5a,51.93528,4.48777,False,False,bicycle,electric_assist
2026-06-22T04:16:42Z,lime,lime:ce22a983266d,51.91103,4.50133,False,False,bicycle,electric_assist
2026-06-22T04:16:42Z,lime,lime:e65db29fd1b7,51.93952,4.53714,False,True,bicycle,electric_assist
2026-06-22T04:16:42Z,lime,lime:e7a324267f01,51.91148,4.47862,False,False,bicycle,electric_assist
2026-06-22T04:16:42Z,lime,lime:485e441a2281,51.91006,4.45218,False,False,bicycle,electric_assist
2026-06-22T04:16:42Z,lime,lime:376d14fa26bb,51.94469,4.51253,False,False,bicycle,electric_assist
2026-06-22T04:16:42Z,lime,lime:cf751a105b1b,51.96431,4.53797,False,False,bicycle,electric_assist
2026-06-22T04:16:42Z,lime,lime:64c8c3b4139b,51.91003,4.45227,False,False,bicycle,electric_assist
2026-06-22T04:16:42Z,lime,lime:904b1b06b7bb,51.88041,4.53004,False,False,bicycle,electric_assist
2026-06-22T04:16:42Z,lime,lime:990053edbbd6,51.88817,4.46088,False,False,bicycle,electric_assist
2026-06-22T04:16:42Z,lime,lime:8e9335e9d30f,51.90896,4.51156,False,False,bicycle,electric_assist
2026-06-22T04:16:42Z,lime,lime:f719d075df06,51.89654,4.49437,False,False,bicycle,electric_assist
2026-06-22T04:16:42Z,lime,lime:148bb8f940f3,51.92275,4.46545,False,False,bicycle,electric_assist
2026-06-22T04:16:42Z,lime,lime:d879bb92708b,51.88995,4.46689,False,False,bicycle,electric_assist
2026-06-22T04:16:42Z,lime,lime:de127b4a6c9d,51.9407,4.53518,False,False,bicycle,electric_assist
2026-06-22T04:16:42Z,lime,lime:1431b4122f45,51.88328,4.47077,False,False,bicycle,electric_assist
2026-06-22T04:16:42Z,lime,lime:76cc71c4d686,51.93591,4.48926,False,False,bicycle,electric_assist
2026-06-22T04:16:42Z,lime,lime:589d398724da,51.90914,4.48243,False,False,bicycle,electric_assist
2026-06-22T04:16:42Z,lime,lime:22da1fb02e07,51.93419,4.48524,False,False,bicycle,electric_assist
2026-06-22T04:16:42Z,lime,lime:88540e469b3d,51.9347,4.46328,False,False,bicycle,electric_assist
2026-06-22T04:16:42Z,lime,lime:d545762ef098,51.88276,4.50431,False,False,bicycle,electric_assist
2026-06-22T04:16:42Z,lime,lime:fb52ea8f71d0,51.91301,4.5041,False,False,bicycle,electric_assist
2026-06-22T04:16:42Z,lime,lime:7065b80ea7e1,51.94676,4.3834,False,False,bicycle,electric_assist
2026-06-22T04:16:42Z,lime,lime:b51731273e1d,51.88975,4.49143,False,False,bicycle,electric_assist
2026-06-22T04:16:42Z,lime,lime:854f1f738ebd,51.91122,4.52475,False,False,bicycle,electric_assist
2026-06-22T04:16:42Z,lime,lime:f02af083d164,51.90446,4.46039,False,False,bicycle,electric_assist
2026-06-22T04:16:42Z,lime,lime:40c4b20ca3db,51.9165,4.44789,False,False,bicycle,electric_assist
2026-06-22T04:16:42Z,lime,lime:02b61be1803c,51.94609,4.45129,False,False,bicycle,electric_assist
2026-06-22T04:16:42Z,lime,lime:714158e6da4e,51.89295,4.49717,False,False,bicycle,electric_assist
2026-06-22T04:16:42Z,lime,lime:6a008e8ce318,51.89639,4.41913,False,True,bicycle,electric_assist
2026-06-22T04:16:42Z,lime,lime:26c2570f4d3a,51.93908,4.4958,False,False,bicycle,electric_assist
2026-06-22T04:16:42Z,lime,lime:ef51be803a30,51.92417,4.49059,False,False,bicycle,electric_assist
2026-06-22T04:16:42Z,lime,lime:2926b09cd9f7,51.9116,4.53905,False,False,bicycle,electric_assist
2026-06-22T04:16:42Z,lime,lime:14c6dd19eff9,51.93765,4.4716,False,False,bicycle,electric_assist
2026-06-22T04:16:42Z,lime,lime:1eaabee7bf2f,51.91726,4.4205,False,False,bicycle,electric_assist
2026-06-22T04:16:42Z,lime,lime:ddd1027311f7,51.92162,4.49302,False,False,bicycle,electric_assist
2026-06-22T04:16:42Z,lime,lime:5bfe5353a69a,51.92749,4.4969,False,False,bicycle,electric_assist
2026-06-22T04:16:42Z,lime,lime:18940751a2cf,51.92433,4.4728,False,False,bicycle,electric_assist
2026-06-22T04:16:42Z,lime,lime:5dcdb6734262,51.93417,4.48529,False,False,bicycle,electric_assist
2026-06-22T04:16:42Z,lime,lime:7848180fdb8c,51.93246,4.45541,False,False,bicycle,electric_assist
2026-06-22T04:16:42Z,lime,lime:16e8ec0b5c4c,51.92897,4.50112,False,False,bicycle,electric_assist
2026-06-22T04:16:42Z,lime,lime:aae228400f6a,51.90273,4.44637,False,False,bicycle,electric_assist
2026-06-22T04:16:42Z,lime,lime:3307bc1175a8,51.91719,4.46459,False,False,bicycle,electric_assist
2026-06-22T04:16:42Z,lime,lime:cccf32aad28e,51.94046,4.47974,False,False,bicycle,electric_assist
2026-06-22T04:16:42Z,lime,lime:66c7d0de40b1,51.94226,4.49992,False,False,bicycle,electric_assist
2026-06-22T04:16:42Z,lime,lime:8456397c7587,51.91115,4.4819,False,False,bicycle,electric_assist
2026-06-22T04:16:42Z,lime,lime:6f4aa8cd56c8,51.91863,4.45142,False,False,bicycle,electric_assist
2026-06-22T04:16:42Z,lime,lime:069f7e23bc20,51.94074,4.53522,False,False,bicycle,electric_assist
2026-06-22T04:16:42Z,lime,lime:2d6dd6221ad2,51.90678,4.54168,False,False,bicycle,electric_assist
2026-06-22T04:16:42Z,lime,lime:56c4585a93bc,51.94576,4.48322,False,False,bicycle,electric_assist
2026-06-22T04:16:42Z,lime,lime:798a28668306,51.90559,4.50957,False,False,bicycle,electric_assist
2026-06-22T04:16:42Z,lime,lime:bffc90b2c9fa,51.90136,4.46119,False,False,bicycle,electric_assist
2026-06-22T04:16:42Z,lime,lime:0db431e4db89,51.93592,4.47487,False,False,bicycle,electric_assist
2026-06-22T04:16:42Z,lime,lime:f8aa6d4f9332,51.90581,4.40623,False,False,bicycle,electric_assist
2026-06-22T04:16:42Z,lime,lime:e993a07b4ab2,51.89644,4.4942,False,False,bicycle,electric_assist
2026-06-22T04:16:42Z,lime,lime:9bd2a341ea8e,51.92545,4.50884,False,False,bicycle,electric_assist
2026-06-22T04:16:42Z,lime,lime:5ef7098350e5,51.91253,4.45203,False,False,bicycle,electric_assist
2026-06-22T04:16:42Z,lime,lime:a4b3f443632d,51.9438,4.50266,False,False,bicycle,electric_assist
2026-06-22T04:16:42Z,lime,lime:c70367c42e47,51.91105,4.50133,False,False,bicycle,electric_assist
2026-06-22T04:16:42Z,lime,lime:2275010ffda4,51.93446,4.45911,False,False,bicycle,electric_assist
2026-06-22T04:16:42Z,lime,lime:14244b577bea,51.88714,4.4977,False,False,bicycle,electric_assist
2026-06-22T04:16:42Z,lime,lime:d402da8e654d,51.94521,4.48104,False,True,bicycle,electric_assist
2026-06-22T04:16:42Z,lime,lime:dc1e17aec599,51.89785,4.49594,False,False,bicycle,electric_assist
2026-06-22T04:16:42Z,lime,lime:6ae80b578438,51.93298,4.47906,False,False,bicycle,electric_assist
2026-06-22T04:16:42Z,lime,lime:a7aec61c825e,51.93508,4.47291,False,False,bicycle,electric_assist
2026-06-22T04:16:42Z,lime,lime:73188215ded2,51.91453,4.40187,False,False,bicycle,electric_assist
2026-06-22T04:16:42Z,lime,lime:afea974d1ea9,51.91272,4.44754,False,False,bicycle,electric_assist
2026-06-22T04:16:42Z,lime,lime:a0a5a81863d2,51.9299,4.51555,False,False,bicycle,electric_assist
2026-06-22T04:16:42Z,lime,lime:e65527c29b43,51.95414,4.5682,False,False,bicycle,electric_assist
2026-06-22T04:16:42Z,lime,lime:504382a2b42a,51.92092,4.49097,False,False,bicycle,electric_assist
2026-06-22T04:16:42Z,lime,lime:f1df7d778593,51.87439,4.47814,False,False,bicycle,electric_assist
2026-06-22T04:16:42Z,lime,lime:25d04e7548a4,51.93774,4.47156,False,False,bicycle,electric_assist
2026-06-22T04:16:42Z,lime,lime:ba2bc8f4951b,51.94325,4.47634,False,False,bicycle,electric_assist
2026-06-22T04:16:42Z,lime,lime:d8550bb4ec54,51.90555,4.5097,False,False,bicycle,electric_assist
2026-06-22T04:16:42Z,lime,lime:5a10fa900d0a,51.91787,4.44505,False,False,bicycle,electric_assist
2026-06-22T04:16:42Z,lime,lime:ab30e70d9bca,51.92145,4.53172,False,False,bicycle,electric_assist
2026-06-22T04:16:42Z,lime,lime:1968c0391538,51.88648,4.51101,False,False,bicycle,electric_assist
2026-06-22T04:16:42Z,lime,lime:6d138b989218,51.90809,4.37254,False,False,bicycle,electric_assist
2026-06-22T04:16:42Z,lime,lime:b6ae0acc4f48,51.89654,4.49414,False,False,bicycle,electric_assist
2026-06-22T04:16:42Z,lime,lime:51df6116369c,51.93224,4.4642,False,False,bicycle,electric_assist
2026-06-22T04:16:42Z,lime,lime:a04e9d3aa68d,51.92025,4.48179,False,False,bicycle,electric_assist
2026-06-22T04:16:42Z,lime,lime:74534d00bca2,51.9333,4.50288,False,False,bicycle,electric_assist
2026-06-22T04:16:42Z,lime,lime:9602924f1b7b,51.90176,4.47875,False,False,bicycle,electric_assist
2026-06-22T04:16:42Z,lime,lime:e5b9492931c8,51.94523,4.55508,False,False,bicycle,electric_assist
2026-06-22T04:16:42Z,lime,lime:d1ae76d4f4b6,51.89383,4.51701,False,False,bicycle,electric_assist
2026-06-22T04:16:42Z,lime,lime:8558093d50b1,51.94849,4.51176,False,False,bicycle,electric_assist
2026-06-22T04:16:42Z,lime,lime:f5b2dadae464,51.91732,4.42047,False,False,bicycle,electric_assist
2026-06-22T04:16:42Z,lime,lime:183c0d85ecd6,51.93399,4.49845,False,False,bicycle,electric_assist
2026-06-22T04:16:42Z,lime,lime:0a1140a35fde,51.94726,4.37574,False,False,bicycle,electric_assist
2026-06-22T04:16:42Z,lime,lime:3b06d224cc7c,51.92284,4.38265,False,False,bicycle,electric_assist
2026-06-22T04:16:42Z,lime,lime:3d39f37d4a24,51.94324,4.48442,False,False,bicycle,electric_assist
2026-06-22T04:16:42Z,lime,lime:7fabad4ea18e,51.90652,4.45181,False,False,bicycle,electric_assist
2026-06-22T04:16:42Z,lime,lime:9205db6d3930,51.90008,4.48737,False,False,bicycle,electric_assist
2026-06-22T04:16:42Z,lime,lime:fbe6e768a4f0,51.93858,4.47962,False,False,bicycle,electric_assist
2026-06-22T04:16:42Z,lime,lime:efb0f2961999,51.90852,4.49633,True,False,bicycle,electric_assist
2026-06-22T04:16:42Z,lime,lime:2c32d443ef4d,51.94104,4.45743,False,False,bicycle,electric_assist
2026-06-22T04:16:42Z,lime,lime:d37968a9eb41,51.91573,4.385,False,False,bicycle,electric_assist
2026-06-22T04:16:42Z,lime,lime:49cb19944546,51.92162,4.50687,False,False,bicycle,electric_assist
2026-06-22T04:16:42Z,lime,lime:aa76695d7680,51.92466,4.51485,False,False,bicycle,electric_assist
2026-06-22T04:16:42Z,lime,lime:f5ae708904a5,51.93485,4.48174,False,False,bicycle,electric_assist
2026-06-22T04:16:42Z,lime,lime:b7615484f0f6,51.89383,4.50944,False,False,bicycle,electric_assist
2026-06-22T04:16:42Z,lime,lime:ee75cd0f21ec,51.93547,4.4877,False,False,bicycle,electric_assist
2026-06-22T04:16:42Z,lime,lime:8f385cf2f791,51.92542,4.50883,False,False,bicycle,electric_assist
2026-06-22T04:16:42Z,lime,lime:0b0eb91b5dcd,51.92274,4.49023,False,False,bicycle,electric_assist
2026-06-22T04:16:42Z,lime,lime:e763ea65e599,51.86488,4.48227,False,False,bicycle,electric_assist
2026-06-22T04:16:42Z,lime,lime:8d7821f2ad5f,51.93627,4.54273,False,False,bicycle,electric_assist
2026-06-22T04:16:42Z,lime,lime:10516cf82a63,51.94628,4.48622,False,False,bicycle,electric_assist
2026-06-22T04:16:42Z,lime,lime:cd4252b93d94,51.89937,4.47769,False,False,bicycle,electric_assist
2026-06-22T04:16:42Z,lime,lime:1cdf130b5eca,51.87426,4.52319,False,False,bicycle,electric_assist
2026-06-22T04:16:42Z,lime,lime:35740b3d5e6c,51.92743,4.44024,False,False,bicycle,electric_assist
2026-06-22T04:16:42Z,lime,lime:bdcb06cc393a,51.92034,4.42266,False,False,bicycle,electric_assist
2026-06-22T04:16:42Z,lime,lime:be1ee12c7045,51.90168,4.50846,False,False,bicycle,electric_assist
2026-06-22T04:16:42Z,lime,lime:a313dfde4865,51.92162,4.50689,False,False,bicycle,electric_assist
2026-06-22T04:16:42Z,lime,lime:ad8ae966e2f0,51.92254,4.46498,False,False,bicycle,electric_assist
2026-06-22T04:16:42Z,lime,lime:44f185eb144e,51.92574,4.45484,False,False,bicycle,electric_assist
2026-06-22T04:16:42Z,lime,lime:a6b0fc31436f,51.91856,4.46296,False,False,bicycle,electric_assist
2026-06-22T04:16:42Z,lime,lime:b6c63a040eec,51.91962,4.51174,False,False,bicycle,electric_assist
2026-06-22T04:16:42Z,lime,lime:f88f16dba532,51.92248,4.50327,False,False,bicycle,electric_assist
2026-06-22T04:16:42Z,lime,lime:21c665e0fcb0,51.9303,4.50275,False,False,bicycle,electric_assist
2026-06-22T04:16:42Z,lime,lime:c671f998d6aa,51.91005,4.47566,False,False,bicycle,electric_assist
2026-06-22T04:16:42Z,lime,lime:ed0433e5c23b,51.894,4.48594,False,False,bicycle,electric_assist
2026-06-22T04:16:42Z,lime,lime:afef0d3aeebf,51.92227,4.47138,False,False,bicycle,electric_assist
2026-06-22T04:16:42Z,lime,lime:f63f46a813eb,51.93433,4.50038,False,False,bicycle,electric_assist
2026-06-22T04:16:42Z,lime,lime:e98401a6c062,51.92539,4.49153,False,False,bicycle,electric_assist
2026-06-22T04:16:42Z,lime,lime:051c28f421ac,51.9296,4.47206,False,False,bicycle,electric_assist
2026-06-22T04:16:42Z,lime,lime:8e5a3f460c5c,51.92209,4.55453,False,False,bicycle,electric_assist
2026-06-22T04:16:42Z,lime,lime:607bdb4d82e4,51.96047,4.5354,False,False,bicycle,electric_assist
2026-06-22T04:16:42Z,lime,lime:3b6c4127939f,51.92961,4.47213,False,False,bicycle,electric_assist
2026-06-22T04:16:42Z,lime,lime:bc48835fff7f,51.87354,4.48342,False,False,bicycle,electric_assist
2026-06-22T04:16:42Z,lime,lime:5451b76061ae,51.9344,4.46651,False,False,bicycle,electric_assist
2026-06-22T04:16:42Z,lime,lime:f78f8b57363a,51.93183,4.37317,False,False,bicycle,electric_assist
2026-06-22T04:16:42Z,lime,lime:0a8dd32cda8c,51.87727,4.49472,False,False,bicycle,electric_assist
2026-06-22T04:16:42Z,lime,lime:553c6ac303be,51.8978,4.49578,False,False,bicycle,electric_assist
2026-06-22T04:16:42Z,lime,lime:764247c8d073,51.89658,4.4191,False,False,bicycle,electric_assist
2026-06-22T04:16:42Z,lime,lime:5f58da109ad8,51.89203,4.50463,False,False,bicycle,electric_assist
2026-06-22T04:16:42Z,lime,lime:79d0f42bd580,51.89382,4.50944,False,False,bicycle,electric_assist
2026-06-22T04:16:42Z,lime,lime:374a30c97a82,51.88822,4.46085,False,False,bicycle,electric_assist
2026-06-22T04:16:42Z,lime,lime:9c2dd6e2252b,51.9246,4.42211,False,False,bicycle,electric_assist
2026-06-22T04:16:42Z,lime,lime:7662933c87ea,51.94531,4.53893,False,False,bicycle,electric_assist
2026-06-22T04:16:42Z,lime,lime:38d13ff431f4,51.9234,4.48892,False,False,bicycle,electric_assist
2026-06-22T04:16:42Z,lime,lime:00de951a2d8b,51.89833,4.50828,False,False,bicycle,electric_assist
2026-06-22T04:16:42Z,lime,lime:6205922f4bf1,51.92318,4.4935,False,False,bicycle,electric_assist
2026-06-22T04:16:42Z,lime,lime:f4d4f543006d,51.92109,4.39922,False,False,bicycle,electric_assist
2026-06-22T04:16:42Z,lime,lime:cd44e1e21a76,51.91175,4.38377,False,False,bicycle,electric_assist
2026-06-22T04:16:42Z,lime,lime:2ed7d84a9ace,51.92543,4.50883,False,False,bicycle,electric_assist
2026-06-22T04:16:42Z,lime,lime:936bfd130215,51.94366,4.48355,False,False,bicycle,electric_assist
2026-06-22T04:16:42Z,lime,lime:fb67330ea3b0,51.92256,4.49758,False,False,bicycle,electric_assist
2026-06-22T04:16:42Z,lime,lime:e622daa35162,51.93553,4.46724,False,False,bicycle,electric_assist
2026-06-22T04:16:42Z,lime,lime:69757ca08bb7,51.92745,4.50962,False,True,bicycle,electric_assist
2026-06-22T04:16:42Z,lime,lime:bbd5e255b7b2,51.89381,4.50942,False,False,bicycle,electric_assist
2026-06-22T04:16:42Z,lime,lime:986ec153199f,51.90886,4.47861,False,False,bicycle,electric_assist
2026-06-22T04:16:42Z,lime,lime:53255d75287e,51.90631,4.45989,False,False,bicycle,electric_assist
2026-06-22T04:16:42Z,lime,lime:a7a52756c148,51.92073,4.54267,False,False,bicycle,electric_assist
2026-06-22T04:16:42Z,lime,lime:7278d00f7a75,51.88899,4.48156,False,False,bicycle,electric_assist
2026-06-22T04:16:42Z,lime,lime:9e2def798942,51.91787,4.47994,False,False,bicycle,electric_assist
2026-06-22T04:16:42Z,lime,lime:974a45048142,51.9274,4.56631,False,False,bicycle,electric_assist
2026-06-22T04:16:42Z,lime,lime:d346c1f8a96b,51.93344,4.49955,False,False,bicycle,electric_assist
2026-06-22T04:16:42Z,lime,lime:f264d6b08cb4,51.96001,4.58498,False,False,bicycle,electric_assist
2026-06-22T04:16:42Z,lime,lime:aaa47d0844a9,51.91731,4.42051,False,False,bicycle,electric_assist
2026-06-22T04:16:42Z,lime,lime:8447aa1c596f,51.93196,4.49778,False,False,bicycle,electric_assist
2026-06-22T04:16:42Z,lime,lime:c052c6536dad,51.94362,4.48351,False,False,bicycle,electric_assist
2026-06-22T04:16:42Z,lime,lime:fc9d63911ed3,51.92261,4.49758,False,False,bicycle,electric_assist
2026-06-22T04:16:42Z,lime,lime:cfaa881c97ce,51.92102,4.54197,False,False,bicycle,electric_assist
2026-06-22T04:16:42Z,lime,lime:499530e72bf4,51.94547,4.47829,False,False,bicycle,electric_assist
2026-06-22T04:16:42Z,lime,lime:ce3c01fe7abf,51.91007,4.45222,False,False,bicycle,electric_assist
2026-06-22T04:16:42Z,lime,lime:5d5444d22a38,51.91869,4.45077,False,False,bicycle,electric_assist
2026-06-22T04:16:42Z,lime,lime:38351ef95ed1,51.9289,4.45623,False,False,bicycle,electric_assist
2026-06-22T04:16:42Z,lime,lime:f4557b41ab32,51.90875,4.38186,False,False,bicycle,electric_assist
2026-06-22T04:16:42Z,lime,lime:d1268b9da50d,51.91079,4.38163,False,False,bicycle,electric_assist
2026-06-22T04:16:42Z,lime,lime:099724389003,51.91454,4.40687,False,False,bicycle,electric_assist
2026-06-22T04:16:42Z,lime,lime:dc3604d5b4c3,51.92432,4.47284,False,False,bicycle,electric_assist
2026-06-22T04:16:42Z,lime,lime:19adce4a50ae,51.89789,4.50238,False,False,bicycle,electric_assist
2026-06-22T04:16:42Z,lime,lime:3cc4daf41cea,51.92786,4.48136,False,False,bicycle,electric_assist
2026-06-22T04:16:42Z,lime,lime:75205d8c48f7,51.89833,4.47949,False,False,bicycle,electric_assist
2026-06-22T04:16:42Z,lime,lime:f2aa87035b7d,51.90845,4.44606,False,False,bicycle,electric_assist
2026-06-22T04:16:42Z,lime,lime:b3f954866dc6,51.93436,4.50037,False,False,bicycle,electric_assist
2026-06-22T04:16:42Z,lime,lime:ffb5cc6ec2cb,51.94186,4.54652,False,False,bicycle,electric_assist
2026-06-22T04:16:42Z,lime,lime:e204ea0ea91a,51.90932,4.50809,False,False,bicycle,electric_assist
2026-06-22T04:16:42Z,lime,lime:badf52846c94,51.89819,4.50315,False,False,bicycle,electric_assist
2026-06-22T04:16:42Z,lime,lime:a87fb60f8a0d,51.91247,4.48427,False,False,bicycle,electric_assist
2026-06-22T04:16:42Z,lime,lime:8614e8a8eab6,51.92796,4.53641,False,False,bicycle,electric_assist
2026-06-22T04:16:42Z,lime,lime:bbc4667270fd,51.93008,4.47083,False,False,bicycle,electric_assist
2026-06-22T04:16:42Z,lime,lime:d96912661010,51.92917,4.50533,False,False,bicycle,electric_assist
2026-06-22T04:16:42Z,lime,lime:2ca1b4d96a8b,51.90913,4.48234,False,False,bicycle,electric_assist
2026-06-22T04:16:42Z,lime,lime:1a00a0d502d8,51.94843,4.56849,False,False,bicycle,electric_assist
2026-06-22T04:16:42Z,lime,lime:d70c53e5fa46,51.90539,4.45599,False,False,bicycle,electric_assist
2026-06-22T04:16:42Z,lime,lime:d4a7536588ec,51.94024,4.53899,False,False,bicycle,electric_assist
2026-06-22T04:16:42Z,lime,lime:54349604814b,51.9081,4.51993,True,False,bicycle,electric_assist
2026-06-22T04:16:42Z,lime,lime:bce80bce16d8,51.93898,4.4958,False,False,bicycle,electric_assist
2026-06-22T04:16:42Z,lime,lime:ab500c89e6fa,51.93316,4.45943,False,False,bicycle,electric_assist
2026-06-22T04:16:42Z,lime,lime:ae05b6bd23d5,51.90661,4.41204,False,False,bicycle,electric_assist
2026-06-22T04:16:42Z,lime,lime:844671ffd6eb,51.9078,4.45419,False,False,bicycle,electric_assist
2026-06-22T04:16:42Z,lime,lime:0024f3ff9799,51.94392,4.46972,False,False,bicycle,electric_assist
2026-06-22T04:16:42Z,lime,lime:6fc3eae91d2b,51.90881,4.38194,False,False,bicycle,electric_assist
2026-06-22T04:16:42Z,lime,lime:1d4dae57a231,51.941,4.44574,False,False,bicycle,electric_assist
2026-06-22T04:16:42Z,lime,lime:2889f6a9467e,51.91161,4.53903,False,False,bicycle,electric_assist
2026-06-22T04:16:42Z,lime,lime:62f576265bbb,51.87358,4.484,False,False,bicycle,electric_assist
2026-06-22T04:16:42Z,lime,lime:f7f7d2d93a22,51.92241,4.50322,False,False,bicycle,electric_assist
2026-06-22T04:16:42Z,lime,lime:15136dd62a63,51.91708,4.46083,False,False,bicycle,electric_assist
2026-06-22T04:16:42Z,lime,lime:75e0d3a93e5b,51.90941,4.52376,False,False,bicycle,electric_assist
2026-06-22T04:16:42Z,lime,lime:21543a57a7c4,51.89114,4.47954,False,False,bicycle,electric_assist
2026-06-22T04:16:42Z,lime,lime:dc0ab0986dc5,51.9063,4.45988,False,False,bicycle,electric_assist
2026-06-22T04:16:42Z,lime,lime:2637a34510e0,51.87357,4.48336,False,False,bicycle,electric_assist
2026-06-22T04:16:42Z,lime,lime:858dc2eae316,51.91885,4.50996,False,False,bicycle,electric_assist
2026-06-22T04:16:42Z,lime,lime:686bd3db151a,51.9452,4.47501,False,False,bicycle,electric_assist
2026-06-22T04:16:42Z,lime,lime:d1910cdae60e,51.91482,4.4386,False,False,bicycle,electric_assist
2026-06-22T04:16:42Z,lime,lime:28a2820b46e3,51.92107,4.46589,False,False,bicycle,electric_assist
2026-06-22T04:16:42Z,check,check:266d80373a25,51.934188,4.457235,False,False,bicycle,electric_assist
2026-06-22T04:16:42Z,check,check:a29e27eea664,51.886161,4.549413,False,False,bicycle,electric_assist
2026-06-22T04:16:42Z,check,check:bc756431e246,51.91331,4.417607,False,True,bicycle,electric_assist
2026-06-22T04:16:42Z,check,check:a639ae4ec951,51.913339,4.417767,False,True,bicycle,electric_assist
2026-06-22T04:16:42Z,check,check:42970891a236,51.957664,4.501652,False,False,bicycle,electric_assist
2026-06-22T04:16:42Z,check,check:1360fc47b6b3,51.951659,4.489703,False,False,bicycle,electric_assist
2026-06-22T04:16:42Z,check,check:c2693213a821,51.913335,4.417782,False,True,bicycle,electric_assist
2026-06-22T04:16:42Z,check,check:0ae6c454ba68,51.919106,4.418185,False,False,bicycle,electric_assist
2026-06-22T04:16:42Z,check,check:73c66ecab6fc,51.910223,4.424704,False,True,bicycle,electric_assist
2026-06-22T04:16:42Z,check,check:7cbfa0bd5e6c,51.94907,4.476713,False,False,bicycle,electric_assist
2026-06-22T04:16:42Z,check,check:548d7c967a38,51.89476,4.501302,False,False,bicycle,electric_assist
2026-06-22T04:16:42Z,check,check:c0b9a2e2be30,51.874254,4.523076,False,False,bicycle,electric_assist
2026-06-22T04:16:42Z,check,check:80209acf96da,51.890177,4.471167,False,False,bicycle,electric_assist
2026-06-22T04:16:42Z,check,check:b306f2120f77,51.934584,4.413927,False,False,bicycle,electric_assist
2026-06-22T04:16:42Z,check,check:ac1689400c0e,51.918092,4.489196,False,False,bicycle,electric_assist
2026-06-22T04:16:42Z,check,check:e19eb88b7c6f,51.874255,4.523139,False,False,bicycle,electric_assist
2026-06-22T04:16:42Z,check,check:53f6dbc3a99a,51.870203,4.470804,False,False,bicycle,electric_assist
2026-06-22T04:16:42Z,check,check:7a994cb5d736,51.871649,4.470033,False,False,bicycle,electric_assist
2026-06-22T04:16:42Z,check,check:9e85700437bb,51.913352,4.417706,False,True,bicycle,electric_assist
2026-06-22T04:16:42Z,check,check:c3f531f6a7dd,51.93144,4.461489,False,False,bicycle,electric_assist
2026-06-22T04:16:42Z,check,check:2e1c2accf04f,51.913315,4.417805,False,True,bicycle,electric_assist
2026-06-22T04:16:42Z,check,check:19fd1f9682bf,51.921146,4.522568,False,False,bicycle,electric_assist
2026-06-22T04:16:42Z,check,check:994927b4eb13,51.911245,4.492773,False,False,bicycle,electric_assist
2026-06-22T04:16:42Z,check,check:64da966255bd,51.908396,4.492869,False,True,bicycle,electric_assist
2026-06-22T04:16:42Z,check,check:ded3ac6c542b,51.87104,4.501231,False,False,bicycle,electric_assist
2026-06-22T04:16:42Z,check,check:1f0663a4113c,51.959631,4.479084,False,False,bicycle,electric_assist
2026-06-22T04:16:42Z,check,check:d2389b20d573,51.930289,4.483732,False,True,bicycle,electric_assist
2026-06-22T04:16:42Z,check,check:a9095fdedd71,51.929184,4.505229,False,False,bicycle,electric_assist
2026-06-22T04:16:42Z,check,check:5a71f79607e2,51.886385,4.549301,False,False,bicycle,electric_assist
2026-06-22T04:16:42Z,check,check:7a08b36b0319,51.936418,4.498616,False,False,bicycle,electric_assist
2026-06-22T04:16:42Z,check,check:73e546414ba4,51.913357,4.417827,False,True,bicycle,electric_assist
2026-06-22T04:16:42Z,check,check:6eea8f62e072,51.943806,4.481969,False,False,bicycle,electric_assist
2026-06-22T04:16:42Z,check,check:a8574cf87393,51.961878,4.48983,False,False,bicycle,electric_assist
2026-06-22T04:16:42Z,check,check:6fbe37c825ce,51.874078,4.494166,False,False,bicycle,electric_assist
2026-06-22T04:16:42Z,check,check:92d46037552e,51.929831,4.542962,False,False,bicycle,electric_assist
2026-06-22T04:16:42Z,check,check:ca58afd46266,51.918501,4.396484,False,False,bicycle,electric_assist
2026-06-22T04:16:42Z,check,check:81b7670cc330,51.918455,4.404907,False,False,bicycle,electric_assist
2026-06-22T04:16:42Z,check,check:154339b19570,51.943265,4.47972,False,False,bicycle,electric_assist
2026-06-22T04:16:42Z,check,check:a33da6581c3f,51.95942,4.503699,False,False,bicycle,electric_assist
2026-06-22T04:16:42Z,check,check:3643e361d933,51.916903,4.488536,False,False,bicycle,electric_assist
2026-06-22T04:16:42Z,check,check:caf57bb5799c,51.963233,4.486737,False,False,bicycle,electric_assist
2026-06-22T04:16:42Z,check,check:5c775679c3ff,51.870379,4.496162,False,False,bicycle,electric_assist
2026-06-22T04:16:42Z,check,check:12f5c2343412,51.94322,4.480202,False,False,bicycle,electric_assist
2026-06-22T04:16:42Z,check,check:1594e2ba6b64,51.913345,4.417802,False,True,bicycle,electric_assist
2026-06-22T04:16:42Z,check,check:0091cd28b46b,51.893624,4.526317,False,False,bicycle,electric_assist
2026-06-22T04:16:42Z,check,check:98dc42c7c03a,51.941863,4.474642,False,True,bicycle,electric_assist
2026-06-22T04:16:42Z,check,check:e91a48c14cf2,51.94513,4.434293,False,False,bicycle,electric_assist
2026-06-22T04:16:42Z,check,check:e2415b11b71b,51.921224,4.396358,False,False,bicycle,electric_assist
2026-06-22T04:16:42Z,check,check:9f6b19bff85e,51.886281,4.549296,False,False,bicycle,electric_assist
2026-06-22T04:16:42Z,check,check:af784fd137c2,51.917558,4.515132,False,False,bicycle,electric_assist
2026-06-22T04:16:42Z,check,check:6c3123b6b609,51.913331,4.417776,False,True,bicycle,electric_assist
2026-06-22T04:16:42Z,check,check:554bb4e0ff75,51.961933,4.486951,False,False,bicycle,electric_assist
2026-06-22T04:16:42Z,check,check:04601595ea46,51.913334,4.417688,False,True,bicycle,electric_assist
2026-06-22T04:16:42Z,check,check:82f37d8a162a,51.914033,4.520541,False,False,bicycle,electric_assist
2026-06-22T04:16:42Z,check,check:a3e2647dad8c,51.890651,4.476129,False,False,bicycle,electric_assist
2026-06-22T04:16:42Z,check,check:af3a89a3444f,51.913335,4.417659,False,True,bicycle,electric_assist
2026-06-22T04:16:42Z,check,check:91e5b1f0234c,51.913335,4.417851,False,True,bicycle,electric_assist
2026-06-22T04:16:42Z,check,check:63839569a217,51.915898,4.500427,False,False,bicycle,electric_assist
2026-06-22T04:16:42Z,check,check:4433b047f82c,51.886235,4.5493,False,False,bicycle,electric_assist
2026-06-22T04:16:42Z,check,check:4a9a87636698,51.91535,4.396678,False,False,bicycle,electric_assist
2026-06-22T04:16:42Z,check,check:8698b2636fa3,51.913355,4.417607,False,True,bicycle,electric_assist
2026-06-22T04:16:42Z,check,check:bd0e3eb51004,51.956629,4.495947,False,False,bicycle,electric_assist
2026-06-22T04:16:42Z,check,check:328a7bf05f52,51.964696,4.502108,False,False,bicycle,electric_assist
2026-06-22T04:16:42Z,check,check:ebe44ab98523,51.885741,4.531688,False,True,bicycle,electric_assist
2026-06-22T04:16:42Z,check,check:ddcee7f08b35,51.91616,4.527035,False,False,bicycle,electric_assist
2026-06-22T04:16:42Z,check,check:a6c65508b086,51.912691,4.438049,False,False,bicycle,electric_assist
2026-06-22T04:16:42Z,check,check:e96ec6bc2585,51.91334,4.417735,False,True,bicycle,electric_assist
2026-06-22T04:16:42Z,check,check:8161b3cfea76,51.909335,4.471394,False,False,bicycle,electric_assist
2026-06-22T04:16:42Z,check,check:bb2b5b28f4c5,51.913339,4.417602,False,True,bicycle,electric_assist
2026-06-22T04:16:42Z,check,check:4ccc8cdcdd8f,51.964792,4.502115,False,False,bicycle,electric_assist
2026-06-22T04:16:42Z,check,check:5023946a3ea9,51.913347,4.41782,False,True,bicycle,electric_assist
2026-06-22T04:16:42Z,check,check:490f9af65c50,51.913348,4.417706,False,True,bicycle,electric_assist
2026-06-22T04:16:42Z,check,check:cb5943754e34,51.890636,4.514324,False,True,bicycle,electric_assist
2026-06-22T04:16:42Z,check,check:cb65441a2689,51.962194,4.47057,False,False,bicycle,electric_assist
2026-06-22T04:16:42Z,check,check:6a22cd4d1763,51.954673,4.493423,False,False,bicycle,electric_assist
2026-06-22T04:16:42Z,check,check:b0f16a8afd35,51.915572,4.405123,False,False,bicycle,electric_assist
2026-06-22T04:16:42Z,check,check:5f2c7a271c68,51.95064,4.518566,False,False,bicycle,electric_assist
2026-06-22T04:16:42Z,check,check:62102553da01,51.874261,4.523075,False,False,bicycle,electric_assist
2026-06-22T04:16:42Z,check,check:a09b4970cc04,51.871011,4.487314,False,False,bicycle,electric_assist
2026-06-22T04:16:42Z,check,check:255e5cf2a846,51.943608,4.483406,False,False,bicycle,electric_assist
2026-06-22T04:16:42Z,check,check:85ebe91e4e61,51.937869,4.476223,False,False,bicycle,electric_assist
2026-06-22T04:16:42Z,check,check:18ce8c64be8a,51.920466,4.442355,False,False,bicycle,electric_assist
2026-06-22T04:16:42Z,check,check:cb5ed4aca378,51.91331,4.417822,False,True,bicycle,electric_assist
2026-06-22T04:16:42Z,check,check:bba20cd7a885,51.890256,4.474958,False,False,bicycle,electric_assist
2026-06-22T04:16:42Z,check,check:0fd07e2befcf,51.951766,4.524572,False,False,bicycle,electric_assist
2026-06-22T04:16:42Z,check,check:6393b078c38d,51.914464,4.469185,False,False,bicycle,electric_assist
2026-06-22T04:16:42Z,check,check:c333204a86bb,51.931749,4.564072,False,False,bicycle,electric_assist
2026-06-22T04:16:42Z,check,check:e9f62f0c31be,51.874248,4.523088,False,False,bicycle,electric_assist
2026-06-22T04:16:42Z,check,check:8afbb551e4af,51.927492,4.509028,False,False,bicycle,electric_assist
2026-06-22T04:16:42Z,check,check:a56e0aa2edad,51.913356,4.417808,False,True,bicycle,electric_assist
2026-06-22T04:16:42Z,check,check:5889e091bf26,51.916053,4.52705,False,False,bicycle,electric_assist
2026-06-22T04:16:42Z,check,check:cd955cdecced,51.925263,4.513738,False,True,bicycle,electric_assist
2026-06-22T04:16:42Z,check,check:f6e727b850a1,51.913356,4.417725,False,True,bicycle,electric_assist
2026-06-22T04:16:42Z,check,check:53960641f4be,51.95383,4.492395,False,False,bicycle,electric_assist
2026-06-22T04:16:42Z,check,check:35f868a281bd,51.913347,4.417769,False,True,bicycle,electric_assist
2026-06-22T04:16:42Z,check,check:ef5da6de5bdb,51.913355,4.417764,False,True,bicycle,electric_assist
2026-06-22T04:16:42Z,check,check:7596722549fc,51.896673,4.496518,False,False,bicycle,electric_assist
2026-06-22T04:16:42Z,check,check:32ef00d30c90,51.944681,4.47033,False,False,bicycle,electric_assist
2026-06-22T04:16:42Z,check,check:cfc32a644c17,51.893629,4.526238,False,False,bicycle,electric_assist
2026-06-22T04:16:42Z,check,check:629d2baceeba,51.909003,4.392901,False,False,bicycle,electric_assist
2026-06-22T04:16:42Z,check,check:26751d33c414,51.928596,4.492894,False,False,bicycle,electric_assist
2026-06-22T04:16:42Z,check,check:3f2284a37205,51.95961,4.506442,False,False,bicycle,electric_assist
2026-06-22T04:16:42Z,check,check:a9f0f219a589,51.913331,4.417749,False,True,bicycle,electric_assist
2026-06-22T04:16:42Z,check,check:00363be9e830,51.91334,4.417634,False,True,bicycle,electric_assist
2026-06-22T04:16:42Z,check,check:ad865e92e2b4,51.906982,4.455299,False,False,bicycle,electric_assist
2026-06-22T04:16:42Z,check,check:154076cf1aad,51.957637,4.50168,False,False,bicycle,electric_assist
2026-06-22T04:16:42Z,check,check:0e0344937d51,51.925478,4.508512,False,False,bicycle,electric_assist
2026-06-22T04:16:42Z,check,check:7f840a1c94fe,51.925437,4.506135,False,False,bicycle,electric_assist
2026-06-22T04:16:42Z,check,check:804906b267e9,51.913346,4.41786,False,True,bicycle,electric_assist
2026-06-22T04:16:42Z,check,check:d1ea03e552a7,51.886361,4.549297,False,False,bicycle,electric_assist
2026-06-22T04:16:42Z,check,check:ea02b40e53c3,51.937193,4.536072,False,False,bicycle,electric_assist
2026-06-22T04:16:42Z,check,check:f630348127bb,51.949959,4.471365,False,False,bicycle,electric_assist
2026-06-22T04:16:42Z,check,check:726aa20cbe9f,51.92847,4.370734,False,False,bicycle,electric_assist
2026-06-22T04:16:42Z,check,check:c1c09b6d371b,51.95864,4.495689,False,False,bicycle,electric_assist
2026-06-22T04:16:42Z,check,check:300b0b3d0226,51.913342,4.417687,False,True,bicycle,electric_assist
2026-06-22T04:16:42Z,check,check:55e6ce9c205f,51.887627,4.46344,False,False,bicycle,electric_assist
2026-06-22T04:16:42Z,check,check:65b071a2b9be,51.872131,4.469566,False,False,bicycle,electric_assist
2026-06-22T04:16:42Z,check,check:d75ce52016bc,51.950618,4.518614,False,False,bicycle,electric_assist
2026-06-22T04:16:42Z,check,check:d0e322e165b7,51.913372,4.417657,False,True,bicycle,electric_assist
2026-06-22T04:16:42Z,check,check:0708ce24db44,51.94829,4.566534,False,False,bicycle,electric_assist
2026-06-22T04:16:42Z,check,check:aea1eecf5472,51.913375,4.417754,False,True,bicycle,electric_assist
2026-06-22T04:16:42Z,check,check:65c06243e782,51.913348,4.417823,False,True,bicycle,electric_assist
2026-06-22T04:16:42Z,check,check:535daeb820b0,51.910372,4.375219,False,False,bicycle,electric_assist
2026-06-22T04:16:42Z,check,check:3e6095cac415,51.873493,4.466194,False,True,bicycle,electric_assist
2026-06-22T04:16:42Z,check,check:b7806f759639,51.922849,4.508493,False,False,bicycle,electric_assist
2026-06-22T04:16:42Z,check,check:410ae454a19e,51.934683,4.490239,False,False,bicycle,electric_assist
2026-06-22T04:16:42Z,check,check:ba5f63013ac1,51.878388,4.536419,False,True,bicycle,electric_assist
2026-06-22T04:16:42Z,check,check:07b06214562c,51.923004,4.497906,False,False,bicycle,electric_assist
2026-06-22T04:16:42Z,check,check:c1be0ce37add,51.89082,4.508379,False,False,bicycle,electric_assist
2026-06-22T04:16:42Z,check,check:7d02704e5bbf,51.963475,4.485606,False,False,bicycle,electric_assist
2026-06-22T04:16:42Z,check,check:b4878ac04a43,51.953778,4.520071,False,False,bicycle,electric_assist
2026-06-22T04:16:42Z,check,check:e56238fe033d,51.918387,4.46622,False,False,bicycle,electric_assist
2026-06-22T04:16:42Z,check,check:c760470854fd,51.91084,4.492086,False,False,bicycle,electric_assist
2026-06-22T04:16:42Z,check,check:3ee2f315dcb6,51.964894,4.474275,False,False,bicycle,electric_assist
2026-06-22T04:16:42Z,check,check:53f6ff53fcb4,51.899525,4.497965,False,False,bicycle,electric_assist
2026-06-22T04:16:42Z,check,check:80591b4a70bd,51.952645,4.473402,False,False,bicycle,electric_assist
2026-06-22T04:16:42Z,check,check:811b40abbd37,51.943253,4.4802,False,False,bicycle,electric_assist
2026-06-22T04:16:42Z,check,check:7b2dbcba5512,51.928042,4.500678,False,False,bicycle,electric_assist
2026-06-22T04:16:42Z,check,check:d237c626bcc7,51.906837,4.456794,False,False,bicycle,electric_assist
2026-06-22T04:16:42Z,check,check:7d4d8d995414,51.957639,4.501737,False,False,bicycle,electric_assist
2026-06-22T04:16:42Z,check,check:d5bbf726a9b9,51.912779,4.444789,False,False,bicycle,electric_assist
2026-06-22T04:16:42Z,check,check:d2bdf64eeedb,51.893825,4.509447,False,False,bicycle,electric_assist
2026-06-22T04:16:42Z,check,check:6768de214f7e,51.957652,4.501707,False,False,bicycle,electric_assist
2026-06-22T04:16:42Z,check,check:bf7f5fee5f40,51.94236,4.553762,False,True,bicycle,electric_assist
2026-06-22T04:16:42Z,check,check:a63b8d1bd3ab,51.912586,4.430322,False,False,bicycle,electric_assist
2026-06-22T04:16:42Z,check,check:345b1c7ea10d,51.932076,4.475692,False,False,bicycle,electric_assist
2026-06-22T04:16:42Z,check,check:798385f80092,51.933535,4.497739,False,False,bicycle,electric_assist
2026-06-22T04:16:42Z,check,check:9c5a5518bf99,51.901338,4.461071,False,False,bicycle,electric_assist
2026-06-22T04:16:42Z,check,check:1224a513a9ec,51.918322,4.448109,False,False,bicycle,electric_assist
2026-06-22T04:16:42Z,check,check:04e9d46c592c,51.958115,4.509801,False,False,bicycle,electric_assist
2026-06-22T04:16:42Z,check,check:431b04824e40,51.950628,4.518664,False,False,bicycle,electric_assist
2026-06-22T04:16:42Z,check,check:50f78c12bb94,51.906561,4.462894,False,False,bicycle,electric_assist
2026-06-22T04:16:42Z,check,check:fc8d0c33153e,51.930486,4.504036,False,True,bicycle,electric_assist
2026-06-22T04:16:42Z,check,check:8c121e1ddf9b,51.876826,4.470148,False,False,bicycle,electric_assist
2026-06-22T04:16:42Z,check,check:abda9c335d35,51.909235,4.523491,False,False,bicycle,electric_assist
2026-06-22T04:16:42Z,check,check:9da2b89570b3,51.913353,4.417686,False,True,bicycle,electric_assist
2026-06-22T04:16:42Z,check,check:4e7dbf20ef13,51.913321,4.417763,False,True,bicycle,electric_assist
2026-06-22T04:16:42Z,check,check:1e9cf09d95a1,51.930111,4.487208,False,True,bicycle,electric_assist
2026-06-22T04:16:42Z,check,check:65eed7c75881,51.892812,4.464936,False,False,bicycle,electric_assist
2026-06-22T04:16:42Z,check,check:4a959d796da7,51.913313,4.41773,False,True,bicycle,electric_assist
2026-06-22T04:16:42Z,check,check:1de4cb41d3e3,51.934237,4.485161,False,False,bicycle,electric_assist
2026-06-22T04:16:42Z,check,check:db8399880ccb,51.921286,4.385875,False,False,bicycle,electric_assist
2026-06-22T04:16:42Z,check,check:f21b6e59a008,51.963591,4.485038,False,False,bicycle,electric_assist
2026-06-22T04:16:42Z,check,check:8c24f14cb354,51.91336,4.41776,False,True,bicycle,electric_assist
2026-06-22T04:16:42Z,check,check:62a88bc0e327,51.922592,4.518496,False,False,bicycle,electric_assist
2026-06-22T04:16:42Z,check,check:48758549e5df,51.927797,4.481464,False,False,bicycle,electric_assist
2026-06-22T04:16:42Z,check,check:6909bc744066,51.8864,4.5493,False,False,bicycle,electric_assist
2026-06-22T04:16:42Z,check,check:cdf7f79d115a,51.913313,4.417796,False,True,bicycle,electric_assist
2026-06-22T04:16:42Z,check,check:ef4179405570,51.87409,4.494263,False,False,bicycle,electric_assist
2026-06-22T04:16:42Z,check,check:07af7c7e2103,51.906771,4.523751,False,False,bicycle,electric_assist
2026-06-22T04:16:42Z,check,check:4d6b0916aba7,51.923164,4.506173,False,False,bicycle,electric_assist
2026-06-22T04:16:42Z,check,check:a741befff61c,51.958183,4.508391,False,False,bicycle,electric_assist
2026-06-22T04:16:42Z,check,check:591bebfddf78,51.91335,4.417736,False,True,bicycle,electric_assist
2026-06-22T04:16:42Z,check,check:6e5b64377de7,51.961392,4.480225,False,False,bicycle,electric_assist
2026-06-22T04:16:42Z,check,check:c0c3f91ff026,51.919102,4.418268,False,False,bicycle,electric_assist
2026-06-22T04:16:42Z,check,check:52626732e8f0,51.909573,4.448428,False,False,bicycle,electric_assist
2026-06-22T04:16:42Z,check,check:8526ae7c4268,51.907665,4.450985,False,False,bicycle,electric_assist
2026-06-22T04:16:42Z,check,check:a4fe62f5cad1,51.91334,4.417781,False,True,bicycle,electric_assist
2026-06-22T04:16:42Z,check,check:06c29faa6e1d,51.874244,4.523038,False,False,bicycle,electric_assist
2026-06-22T04:16:42Z,check,check:d353d9640af1,51.874241,4.523081,False,False,bicycle,electric_assist
2026-06-22T04:16:42Z,check,check:858bf4adee42,51.925414,4.506108,False,False,bicycle,electric_assist
2026-06-22T04:16:42Z,check,check:46c34f276818,51.913333,4.417821,False,True,bicycle,electric_assist
2026-06-22T04:16:42Z,check,check:6d85ead8a2b9,51.934519,4.432506,False,True,bicycle,electric_assist
2026-06-22T04:16:42Z,check,check:e1e14ed3c1d3,51.910188,4.42478,False,True,bicycle,electric_assist
2026-06-22T04:16:42Z,check,check:20c143a19494,51.926318,4.51184,False,False,bicycle,electric_assist
2026-06-22T04:16:42Z,check,check:5ff5cb217d0d,51.957781,4.487823,False,False,bicycle,electric_assist
2026-06-22T04:16:42Z,check,check:c88a638bc9e6,51.913348,4.417856,False,True,bicycle,electric_assist
2026-06-22T04:16:42Z,check,check:25d580bd0968,51.920162,4.434419,False,False,bicycle,electric_assist
2026-06-22T04:16:42Z,check,check:0815a793ded9,51.942468,4.537861,False,False,bicycle,electric_assist
2026-06-22T04:16:42Z,check,check:517fbe6fc87a,51.920895,4.498179,False,False,bicycle,electric_assist
2026-06-22T04:16:42Z,check,check:29dc5884d340,51.892229,4.473839,False,False,bicycle,electric_assist
2026-06-22T04:16:42Z,check,check:9878db13e15f,51.874253,4.523021,False,False,bicycle,electric_assist
2026-06-22T04:16:42Z,check,check:b5eebf0ac839,51.911229,4.492758,False,False,bicycle,electric_assist
2026-06-22T04:16:42Z,check,check:b529167acfb3,51.93052,4.458445,False,False,bicycle,electric_assist
2026-06-22T04:16:42Z,check,check:0c46c8c54464,51.913356,4.41778,False,True,bicycle,electric_assist
2026-06-22T04:16:42Z,check,check:46679e1492f6,51.901251,4.479698,False,False,bicycle,electric_assist
2026-06-22T04:16:42Z,check,check:33ab159baff5,51.91334,4.417727,False,True,bicycle,electric_assist
2026-06-22T04:16:42Z,check,check:c57d2acf31ad,51.913813,4.454296,False,False,bicycle,electric_assist
2026-06-22T04:16:42Z,check,check:274234f35ca0,51.947369,4.486848,False,False,bicycle,electric_assist
2026-06-22T04:16:42Z,check,check:7e743d3359de,51.917392,4.430011,False,False,bicycle,electric_assist
2026-06-22T04:16:42Z,check,check:5e2c3552134e,51.918869,4.444121,False,False,bicycle,electric_assist
2026-06-22T04:16:42Z,check,check:20d6ec53af02,51.909619,4.453375,False,False,bicycle,electric_assist
2026-06-22T04:16:42Z,check,check:e10b9308057f,51.925027,4.486172,False,False,bicycle,electric_assist
2026-06-22T04:16:42Z,check,check:aca6ca2233a4,51.919602,4.512942,False,True,bicycle,electric_assist
2026-06-22T04:16:42Z,check,check:d14e760c8c31,51.964802,4.50211,False,False,bicycle,electric_assist
2026-06-22T04:16:42Z,check,check:1e81f68c21d0,51.931741,4.500672,False,False,bicycle,electric_assist
2026-06-22T04:16:42Z,check,check:25199eb2ae23,51.927419,4.440337,False,False,bicycle,electric_assist
2026-06-22T04:16:42Z,check,check:e3b9107f1761,51.913344,4.417845,False,True,bicycle,electric_assist
2026-06-22T04:16:42Z,check,check:77ac1d0fd7ac,51.899728,4.50486,False,False,bicycle,electric_assist
2026-06-22T04:16:42Z,check,check:a1bf97b43242,51.912819,4.51018,False,False,bicycle,electric_assist
2026-06-22T04:16:42Z,check,check:edc7aed1b110,51.916122,4.527073,False,False,bicycle,electric_assist
2026-06-22T04:16:42Z,check,check:45d42b576000,51.916083,4.526915,False,False,bicycle,electric_assist
2026-06-22T04:16:42Z,check,check:b8bca6ff56ec,51.912707,4.430337,False,False,bicycle,electric_assist
2026-06-22T04:16:42Z,check,check:a755040ebeba,51.913325,4.417716,False,True,bicycle,electric_assist
2026-06-22T04:16:42Z,check,check:0ee0d7231b43,51.907795,4.521728,False,False,bicycle,electric_assist
2026-06-22T04:16:42Z,check,check:159579089647,51.93091,4.465912,False,False,bicycle,electric_assist
2026-06-22T04:16:42Z,check,check:b8d85246a39d,51.920971,4.55915,False,False,bicycle,electric_assist
2026-06-22T04:16:42Z,check,check:69f82916d157,51.913318,4.417628,False,True,bicycle,electric_assist
2026-06-22T04:16:42Z,check,check:f18d695c2b94,51.95063,4.518634,False,False,bicycle,electric_assist
2026-06-22T04:16:42Z,check,check:be3cfa25c379,51.907274,4.489616,False,False,bicycle,electric_assist
2026-06-22T04:16:42Z,check,check:e20a03ff09b4,51.911001,4.501382,False,False,bicycle,electric_assist
2026-06-22T04:16:42Z,check,check:9ed93eb7d771,51.908013,4.512185,False,False,bicycle,electric_assist
2026-06-22T04:16:42Z,check,check:efe4c6083752,51.874262,4.523083,False,False,bicycle,electric_assist
2026-06-22T04:16:42Z,check,check:98793d7d8646,51.886184,4.549293,False,False,bicycle,electric_assist
2026-06-22T04:16:42Z,check,check:05e9abd8d82f,51.90138,4.461251,False,False,bicycle,electric_assist
2026-06-22T04:16:42Z,check,check:9102ce53c539,51.913316,4.417755,False,True,bicycle,electric_assist
2026-06-22T04:16:42Z,check,check:8dfa67f0efbb,51.889805,4.484181,False,False,bicycle,electric_assist
2026-06-22T04:16:42Z,check,check:a57e45068ef1,51.913356,4.417729,False,True,bicycle,electric_assist
2026-06-22T04:16:42Z,check,check:2455e80f5720,51.906923,4.407483,False,False,bicycle,electric_assist
2026-06-22T04:16:42Z,check,check:d9ce567951a4,51.927985,4.456327,False,False,bicycle,electric_assist
2026-06-22T04:16:42Z,check,check:55c5d0b265b9,51.942199,4.460496,False,False,bicycle,electric_assist
2026-06-22T04:16:42Z,check,check:f72a6fa8eb20,51.929629,4.486222,False,True,bicycle,electric_assist
2026-06-22T04:16:42Z,check,check:c7f018f858bc,51.886295,4.549305,False,True,bicycle,electric_assist
2026-06-22T04:16:42Z,check,check:2e57376e9c54,51.941501,4.481296,False,False,bicycle,electric_assist
2026-06-22T04:16:42Z,check,check:7bfbe21647d5,51.949231,4.432573,False,False,bicycle,electric_assist
2026-06-22T04:16:42Z,check,check:e076edca7523,51.916115,4.527032,False,False,bicycle,electric_assist
2026-06-22T04:16:42Z,check,check:9cd2d5a33dda,51.916546,4.434719,False,False,bicycle,electric_assist
2026-06-22T04:16:42Z,check,check:770e48b09fde,51.889479,4.500142,False,False,bicycle,electric_assist
2026-06-22T04:16:42Z,check,check:30094bab5001,51.932872,4.538993,False,False,bicycle,electric_assist
2026-06-22T04:16:42Z,check,check:f800ee4ea323,51.901346,4.461233,False,False,bicycle,electric_assist
2026-06-22T04:16:42Z,check,check:63120aacd004,51.888416,4.496154,False,False,bicycle,electric_assist
2026-06-22T04:16:42Z,check,check:654b6c095b6f,51.960907,4.467117,False,False,bicycle,electric_assist
2026-06-22T04:16:42Z,check,check:c2693c5ab249,51.929556,4.460506,False,False,bicycle,electric_assist
2026-06-22T04:16:42Z,check,check:63df8e391409,51.950629,4.518645,False,False,bicycle,electric_assist
2026-06-22T04:16:42Z,check,check:5db647da2a15,51.909148,4.520472,False,False,bicycle,electric_assist
2026-06-22T04:16:42Z,check,check:6d17527165a4,51.931516,4.499247,False,False,bicycle,electric_assist
2026-06-22T04:16:42Z,check,check:a11c66cd2f35,51.912966,4.508376,False,False,bicycle,electric_assist
2026-06-22T04:16:42Z,check,check:68a3e24a0fed,51.913348,4.417886,False,True,bicycle,electric_assist
2026-06-22T04:16:42Z,check,check:1a953ae12a80,51.921023,4.559219,False,False,bicycle,electric_assist
2026-06-22T04:16:42Z,check,check:e30778a2cb9a,51.900587,4.476646,False,False,bicycle,electric_assist
2026-06-22T04:16:42Z,check,check:eb1b50acf9ac,51.877158,4.494086,False,False,bicycle,electric_assist
2026-06-22T04:16:42Z,check,check:97df06b8d4da,51.924843,4.487016,False,False,bicycle,electric_assist
2026-06-22T04:16:42Z,check,check:4e38350d4ddf,51.92741,4.440347,False,False,bicycle,electric_assist
2026-06-22T04:16:42Z,check,check:199f5a2c0f73,51.913316,4.417696,False,True,bicycle,electric_assist
2026-06-22T04:16:42Z,check,check:55b1fe96d7fa,51.913345,4.417719,False,True,bicycle,electric_assist
2026-06-22T04:16:42Z,check,check:4c6722eb3251,51.904837,4.474405,False,False,bicycle,electric_assist
2026-06-22T04:16:42Z,check,check:923b2efd287e,51.895262,4.51989,False,False,bicycle,electric_assist
2026-06-22T04:16:42Z,check,check:41f4a492e918,51.930903,4.458135,False,False,bicycle,electric_assist
2026-06-22T04:16:42Z,check,check:138133228b85,51.923505,4.491096,False,True,bicycle,electric_assist
2026-06-22T04:16:42Z,check,check:376dbbb4af95,51.958117,4.509773,False,False,bicycle,electric_assist
2026-06-22T04:16:42Z,check,check:b983c32fb29d,51.886455,4.549324,False,False,bicycle,electric_assist
2026-06-22T04:16:42Z,check,check:e53240f8aa52,51.921689,4.488025,False,False,bicycle,electric_assist
2026-06-22T04:16:42Z,check,check:f57ce50281f6,51.913351,4.417818,False,True,bicycle,electric_assist
2026-06-22T04:16:42Z,check,check:2b6355195240,51.915222,4.474337,False,True,bicycle,electric_assist
2026-06-22T04:16:42Z,check,check:f604112d5ebd,51.933464,4.453499,False,False,bicycle,electric_assist
2026-06-22T04:16:42Z,check,check:737468e09f15,51.919133,4.387786,False,False,bicycle,electric_assist
2026-06-22T04:16:42Z,check,check:09316139d4b0,51.920936,4.559129,False,False,bicycle,electric_assist
2026-06-22T04:16:42Z,check,check:9b8c72e608f9,51.928466,4.370825,False,False,bicycle,electric_assist
2026-06-22T04:16:42Z,check,check:b6f75b16c91d,51.963604,4.485008,False,False,bicycle,electric_assist
2026-06-22T04:16:42Z,check,check:ac9dd1091aad,51.964828,4.507191,False,False,bicycle,electric_assist
2026-06-22T04:16:42Z,check,check:8da1055cf7ce,51.89216,4.513758,False,False,bicycle,electric_assist
2026-06-22T04:16:42Z,check,check:aff0eabb67cd,51.958347,4.508082,False,False,bicycle,electric_assist
2026-06-22T04:16:42Z,check,check:b8bdce780fcd,51.909948,4.424945,False,True,bicycle,electric_assist
2026-06-22T04:16:42Z,check,check:cb532c38f7c0,51.892352,4.50791,False,False,bicycle,electric_assist
2026-06-22T04:16:42Z,check,check:c967015d011b,51.912964,4.553838,False,False,bicycle,electric_assist
2026-06-22T04:16:42Z,check,check:97a5d4bfeb50,51.937888,4.556622,False,False,bicycle,electric_assist
2026-06-22T04:16:42Z,check,check:519c97971f76,51.940561,4.473023,False,False,bicycle,electric_assist
2026-06-22T04:16:42Z,check,check:a5efc67e8794,51.913327,4.417829,False,True,bicycle,electric_assist
2026-06-22T04:16:42Z,check,check:885ad2ead677,51.958319,4.492273,False,False,bicycle,electric_assist
2026-06-22T04:16:42Z,check,check:99b62a395571,51.913001,4.553788,False,False,bicycle,electric_assist
2026-06-22T04:16:42Z,check,check:5b14d8bf5e3c,51.927102,4.421712,False,False,bicycle,electric_assist
2026-06-22T04:16:42Z,check,check:8ff3f9cba5fa,51.950471,4.546396,False,False,bicycle,electric_assist
2026-06-22T04:16:42Z,check,check:d1367c5c3ce0,51.909952,4.424891,False,True,bicycle,electric_assist
2026-06-22T04:16:42Z,check,check:ab24b5fc5e73,51.92446,4.499132,False,False,bicycle,electric_assist
2026-06-22T04:16:42Z,check,check:70ea2a0697a8,51.953809,4.520123,False,False,bicycle,electric_assist
2026-06-22T04:16:42Z,check,check:d0c623eb1902,51.91331,4.417685,False,True,bicycle,electric_assist
2026-06-22T04:16:42Z,check,check:93b49bdcaddd,51.910366,4.375378,False,False,bicycle,electric_assist
2026-06-22T04:16:42Z,check,check:95ad35cc2973,51.916101,4.527094,False,False,bicycle,electric_assist
2026-06-22T04:16:42Z,check,check:7f92514b45e6,51.913313,4.41781,False,True,bicycle,electric_assist
2026-06-22T04:16:42Z,check,check:773d55597c7c,51.919407,4.467435,False,False,bicycle,electric_assist
2026-06-22T04:16:42Z,check,check:178c4a2cdd39,51.953793,4.492387,False,False,bicycle,electric_assist
2026-06-22T04:16:42Z,check,check:0212977b0952,51.920474,4.443786,False,False,bicycle,electric_assist
2026-06-22T04:16:42Z,check,check:8e5158c7f05b,51.916063,4.527091,False,False,bicycle,electric_assist
2026-06-22T04:16:42Z,check,check:217ef73251b1,51.955871,4.467558,False,False,bicycle,electric_assist
2026-06-22T04:16:42Z,check,check:badfb0cca0e1,51.913351,4.41778,False,True,bicycle,electric_assist
2026-06-22T04:16:42Z,check,check:d8aafa281745,51.889704,4.502158,False,False,bicycle,electric_assist
2026-06-22T04:16:42Z,check,check:f7983b262e12,51.920957,4.559223,False,False,bicycle,electric_assist
2026-06-22T04:16:42Z,check,check:dbc3fabcd3de,51.913355,4.417787,False,True,bicycle,electric_assist
2026-06-22T04:16:42Z,check,check:c8ae7c5afa96,51.920995,4.559186,False,False,bicycle,electric_assist
2026-06-22T04:16:42Z,check,check:6daa6cb7e015,51.91337,4.417696,False,True,bicycle,electric_assist
2026-06-22T04:16:42Z,check,check:a68a9b3051c6,51.957672,4.501687,False,False,bicycle,electric_assist
2026-06-22T04:16:42Z,check,check:530463697aee,51.916425,4.513652,False,False,bicycle,electric_assist
2026-06-22T04:16:42Z,check,check:41be005d69b3,51.880456,4.530109,False,False,bicycle,electric_assist
2026-06-22T04:16:42Z,check,check:f4341bddcdcf,51.918348,4.439196,False,False,bicycle,electric_assist
2026-06-22T04:16:42Z,check,check:c0ede4af4968,51.90712,4.495715,False,False,bicycle,electric_assist
2026-06-22T04:16:42Z,check,check:4cc385465ea3,51.913337,4.417842,False,True,bicycle,electric_assist
2026-06-22T04:16:42Z,check,check:cf8a6bd99fbd,51.916026,4.527015,False,False,bicycle,electric_assist
2026-06-22T04:16:42Z,check,check:0b53ad96ca68,51.913338,4.417735,False,True,bicycle,electric_assist
2026-06-22T04:16:42Z,check,check:f3fcee754317,51.913025,4.440863,False,False,bicycle,electric_assist
2026-06-22T04:16:42Z,check,check:4893e69f44c5,51.945838,4.485981,False,False,bicycle,electric_assist
2026-06-22T04:16:42Z,check,check:045cea58df64,51.913347,4.417714,False,True,bicycle,electric_assist
2026-06-22T04:16:42Z,check,check:228a69627737,51.913321,4.417796,False,True,bicycle,electric_assist
2026-06-22T04:16:42Z,check,check:00eb5a6a2de0,51.911132,4.449182,False,False,bicycle,electric_assist
2026-06-22T04:16:42Z,check,check:d1d72095709e,51.928429,4.474717,False,False,bicycle,electric_assist
2026-06-22T04:16:42Z,check,check:9a87305f107b,51.918869,4.492157,False,False,bicycle,electric_assist
2026-06-22T04:16:42Z,check,check:54a8a9546c8f,51.906444,4.526514,False,False,bicycle,electric_assist
2026-06-22T04:16:42Z,check,check:2dc4449a4b73,51.914495,4.437723,False,False,bicycle,electric_assist
2026-06-22T04:16:42Z,check,check:35e80ea75fe7,51.931491,4.477792,False,False,bicycle,electric_assist
2026-06-22T04:16:42Z,check,check:50a67adb42ac,51.942109,4.460579,False,False,bicycle,electric_assist
2026-06-22T04:16:42Z,check,check:6a426ce01b39,51.917514,4.514919,False,False,bicycle,electric_assist
2026-06-22T04:16:42Z,check,check:d1f442deaee6,51.936447,4.498642,False,False,bicycle,electric_assist
2026-06-22T04:16:42Z,check,check:5806611fd102,51.933647,4.479674,False,False,bicycle,electric_assist
2026-06-22T04:16:42Z,check,check:62c283db35e0,51.910094,4.423511,False,False,bicycle,electric_assist
2026-06-22T04:16:42Z,check,check:85a25d6377ee,51.90043,4.50905,False,False,bicycle,electric_assist
2026-06-22T04:16:42Z,check,check:bb7014eb92c8,51.886177,4.549295,False,False,bicycle,electric_assist
2026-06-22T04:16:42Z,check,check:143bdfbf1a93,51.954648,4.476155,False,False,bicycle,electric_assist
2026-06-22T04:16:42Z,check,check:f5b7bf60b161,51.958721,4.496424,False,False,bicycle,electric_assist
2026-06-22T04:16:42Z,check,check:4de816c97c01,51.945215,4.55505,False,False,bicycle,electric_assist
2026-06-22T04:16:42Z,check,check:0d3a3346b477,51.933686,4.497742,False,False,bicycle,electric_assist
2026-06-22T04:16:42Z,check,check:ced2ea16774b,51.945229,4.475036,False,True,bicycle,electric_assist
2026-06-22T04:16:42Z,check,check:682f83ed44d0,51.914615,4.442218,False,False,bicycle,electric_assist
2026-06-22T04:16:42Z,check,check:ec3d02273cf1,51.936449,4.498623,False,False,bicycle,electric_assist
2026-06-22T04:16:42Z,check,check:3f0b127ecd08,51.913358,4.417772,False,True,bicycle,electric_assist
2026-06-22T04:16:42Z,check,check:c00c2f0c1060,51.930657,4.464052,False,False,bicycle,electric_assist
2026-06-22T04:16:42Z,check,check:222621aafd44,51.923509,4.511865,False,False,bicycle,electric_assist
2026-06-22T04:16:42Z,check,check:edcb9c57662c,51.958427,4.488907,False,False,bicycle,electric_assist
2026-06-22T04:16:42Z,check,check:6e7f8ff6a037,51.927895,4.508159,False,False,bicycle,electric_assist
2026-06-22T04:16:42Z,check,check:af1b6be72ea6,51.894707,4.532182,False,False,bicycle,electric_assist
2026-06-22T04:16:42Z,check,check:a97ebdf0f454,51.946416,4.481154,False,False,bicycle,electric_assist
2026-06-22T04:16:42Z,check,check:a5475ede628d,51.940698,4.535148,False,False,bicycle,electric_assist
2026-06-22T04:16:42Z,check,check:4e0728681fd9,51.913329,4.417802,False,True,bicycle,electric_assist
2026-06-22T04:16:42Z,check,check:3ccb812b8127,51.902866,4.506916,False,False,bicycle,electric_assist
2026-06-22T04:16:42Z,check,check:708b927abf62,51.916147,4.52695,False,False,bicycle,electric_assist
2026-06-22T04:16:42Z,check,check:e0284635162e,51.913321,4.417747,False,True,bicycle,electric_assist
2026-06-22T04:16:42Z,check,check:3bbc30e159d2,51.925404,4.466045,False,False,bicycle,electric_assist
2026-06-22T04:16:42Z,check,check:fd4dbbd4908b,51.91333,4.417661,False,True,bicycle,electric_assist
2026-06-22T04:16:42Z,check,check:9141b0898d47,51.927493,4.516484,False,False,bicycle,electric_assist
2026-06-22T04:16:42Z,check,check:19ffdd18ec0d,51.889751,4.486811,False,False,bicycle,electric_assist
2026-06-22T04:16:42Z,check,check:1eee07b3c201,51.93527,4.4627,False,False,bicycle,electric_assist
2026-06-22T04:16:42Z,check,check:ab66b46403c3,51.918652,4.44021,False,False,bicycle,electric_assist
2026-06-22T04:16:42Z,check,check:84b373dd62b6,51.874567,4.47788,False,False,bicycle,electric_assist
2026-06-22T04:16:42Z,check,check:f9d1a8945cc1,51.930772,4.54951,False,False,bicycle,electric_assist
2026-06-22T04:16:42Z,check,check:a51a57a7dfb7,51.924815,4.500952,False,False,bicycle,electric_assist
2026-06-22T04:16:42Z,check,check:f86baed643ad,51.927661,4.509283,False,False,bicycle,electric_assist
2026-06-22T04:16:42Z,check,check:c3feb9eae1d4,51.918,4.512815,False,False,bicycle,electric_assist
2026-06-22T04:16:42Z,check,check:fb9045954dcb,51.912608,4.476261,False,False,bicycle,electric_assist
2026-06-22T04:16:42Z,check,check:0e4116069e14,51.91474,4.444251,False,False,bicycle,electric_assist
2026-06-22T04:16:42Z,check,check:5e84e2ebf1ca,51.927175,4.476427,False,False,bicycle,electric_assist
2026-06-22T04:16:42Z,check,check:b27a445e5e69,51.917633,4.448175,False,False,bicycle,electric_assist
2026-06-22T04:16:42Z,check,check:73a70a7f859c,51.935489,4.466466,False,True,bicycle,electric_assist
2026-06-22T04:16:42Z,check,check:9f2afc94a2fd,51.958054,4.468478,False,True,bicycle,electric_assist
2026-06-22T04:16:42Z,check,check:fd2fa70938b4,51.874243,4.523015,False,False,bicycle,electric_assist
2026-06-22T04:16:42Z,check,check:1ad5031fe441,51.91334,4.417737,False,True,bicycle,electric_assist
2026-06-22T04:16:42Z,check,check:fed7cfe76242,51.91282,4.386393,False,False,bicycle,electric_assist
2026-06-22T04:16:42Z,check,check:29a23b16c1ac,51.916768,4.402108,False,False,bicycle,electric_assist
2026-06-22T04:16:42Z,check,check:931d3b808c1b,51.897913,4.513192,False,True,bicycle,electric_assist
2026-06-22T04:16:42Z,check,check:dd76ac84ee86,51.914278,4.444529,False,False,bicycle,electric_assist
2026-06-22T04:16:42Z,check,check:54e61bde9dda,51.940527,4.472979,False,False,bicycle,electric_assist
2026-06-22T04:16:42Z,check,check:3428fb2c6cc3,51.931746,4.564066,False,False,bicycle,electric_assist
2026-06-22T04:16:42Z,check,check:1e866c783c5d,51.901322,4.461145,False,False,bicycle,electric_assist
2026-06-22T04:16:42Z,check,check:d2719bc913b7,51.874242,4.523033,False,False,bicycle,electric_assist
2026-06-22T04:16:42Z,check,check:57582c92c951,51.874082,4.494164,False,False,bicycle,electric_assist
2026-06-22T04:16:42Z,check,check:c22dc42bc67b,51.886641,4.498407,False,False,bicycle,electric_assist
2026-06-22T04:16:42Z,check,check:077e953fe51e,51.938007,4.483828,False,False,bicycle,electric_assist
2026-06-22T04:16:42Z,check,check:3d26b1466782,51.913337,4.417737,False,True,bicycle,electric_assist
2026-06-22T04:16:42Z,check,check:c794613800ba,51.91335,4.417642,False,True,bicycle,electric_assist
2026-06-22T04:16:42Z,check,check:798ca00ef16a,51.953831,4.52015,False,False,bicycle,electric_assist
2026-06-22T04:16:42Z,check,check:0b673d75b335,51.913337,4.417854,False,True,bicycle,electric_assist
2026-06-22T04:16:42Z,check,check:c52c58a968fa,51.910806,4.44529,False,False,bicycle,electric_assist
2026-06-22T04:16:42Z,check,check:9ae714e4ace6,51.91331,4.417601,False,True,bicycle,electric_assist
2026-06-22T04:16:42Z,check,check:2233e7407b1d,51.91939,4.377664,False,False,bicycle,electric_assist
2026-06-22T04:16:42Z,check,check:d22bef8a2737,51.929574,4.506245,False,False,bicycle,electric_assist
2026-06-22T04:16:42Z,check,check:fa24320e6a9a,51.914875,4.385534,False,False,bicycle,electric_assist
2026-06-22T04:16:42Z,check,check:0284572d2046,51.910156,4.445905,False,True,bicycle,electric_assist
2026-06-22T04:16:42Z,check,check:8a58c47180c7,51.897546,4.511291,False,False,bicycle,electric_assist
2026-06-22T04:16:42Z,check,check:810fc7be6689,51.965917,4.470586,False,False,bicycle,electric_assist
2026-06-22T04:16:42Z,check,check:35795c5eaf82,51.911186,4.463513,False,False,bicycle,electric_assist
2026-06-22T04:16:42Z,check,check:7ff219858066,51.913341,4.417793,False,True,bicycle,electric_assist
2026-06-22T04:16:42Z,check,check:2143ee535e40,51.871812,4.471599,False,False,bicycle,electric_assist
2026-06-22T04:16:42Z,check,check:985ed8446b54,51.891225,4.479464,False,False,bicycle,electric_assist
2026-06-22T04:16:42Z,check,check:5b5757dd1368,51.910154,4.424816,False,True,bicycle,electric_assist
2026-06-22T04:16:42Z,check,check:9e1f5e66430b,51.9161,4.527032,False,False,bicycle,electric_assist
2026-06-22T04:16:42Z,check,check:c54ca01354d8,51.900434,4.509061,False,True,bicycle,electric_assist
2026-06-22T04:16:42Z,check,check:0d541d60135e,51.897984,4.513976,False,False,bicycle,electric_assist
2026-06-22T04:16:42Z,check,check:427b84b57691,51.913347,4.417602,False,True,bicycle,electric_assist
2026-06-22T04:16:42Z,check,check:775b43c1c7fb,51.915677,4.440899,False,False,bicycle,electric_assist
2026-06-22T04:16:42Z,check,check:c0f67fec96d3,51.957687,4.478977,False,False,bicycle,electric_assist
2026-06-22T04:16:42Z,check,check:1f6128f6d9ff,51.942618,4.481363,False,False,bicycle,electric_assist
2026-06-22T04:16:42Z,check,check:c076186551cb,51.913344,4.417862,False,True,bicycle,electric_assist
2026-06-22T04:16:42Z,check,check:de15a289dbe2,51.966828,4.466642,False,False,bicycle,electric_assist
2026-06-22T04:16:42Z,check,check:710b77008548,51.92719,4.510023,False,False,bicycle,electric_assist
2026-06-22T04:16:42Z,check,check:11dbb91921cd,51.898548,4.504197,False,False,bicycle,electric_assist
2026-06-22T04:16:42Z,check,check:9ed15bcc2e64,51.925362,4.4927,False,False,bicycle,electric_assist
2026-06-22T04:16:42Z,check,check:c9f587101037,51.905074,4.474906,False,False,bicycle,electric_assist
2026-06-22T04:16:42Z,check,check:a17994b75b14,51.913354,4.417782,False,True,bicycle,electric_assist
2026-06-22T04:16:42Z,check,check:b274e832e6a0,51.913317,4.417759,False,True,bicycle,electric_assist
2026-06-22T04:16:42Z,check,check:0c669f4abaa2,51.956771,4.495953,False,False,bicycle,electric_assist
2026-06-22T04:16:42Z,check,check:4a05dd6ab5c7,51.959534,4.57004,False,False,bicycle,electric_assist
2026-06-22T04:16:42Z,check,check:891d75d357c0,51.870135,4.494214,False,False,bicycle,electric_assist
2026-06-22T04:16:42Z,check,check:d92f5f539318,51.918013,4.412282,False,False,bicycle,electric_assist
2026-06-22T04:16:42Z,check,check:24169ea82fec,51.923803,4.502831,False,False,bicycle,electric_assist
2026-06-22T04:16:42Z,check,check:97d6e9119f95,51.874306,4.523168,False,False,bicycle,electric_assist
2026-06-22T04:16:42Z,check,check:7c090a048af6,51.958947,4.471626,False,False,bicycle,electric_assist
2026-06-22T04:16:42Z,check,check:c311df9b4eba,51.926698,4.462644,False,False,bicycle,electric_assist
2026-06-22T04:16:42Z,check,check:4c4619818b60,51.91195,4.499688,False,False,bicycle,electric_assist
2026-06-22T04:16:42Z,check,check:49bee597c210,51.955633,4.505979,False,False,bicycle,electric_assist
2026-06-22T04:16:42Z,check,check:31f3325592ca,51.913335,4.417852,False,True,bicycle,electric_assist
2026-06-22T04:16:42Z,check,check:4165781b38c0,51.927163,4.502864,False,False,bicycle,electric_assist
2026-06-22T04:16:42Z,check,check:6c119838d4b4,51.910078,4.473756,False,False,bicycle,electric_assist
2026-06-22T04:16:42Z,check,check:f4f4994ea834,51.916074,4.527172,False,False,bicycle,electric_assist
2026-06-22T04:16:42Z,check,check:9bf753f19ab4,51.890759,4.471043,False,False,bicycle,electric_assist
2026-06-22T04:16:42Z,check,check:de8ec5abd3b5,51.926637,4.458261,False,False,bicycle,electric_assist
2026-06-22T04:16:42Z,check,check:a2ec73f11324,51.934675,4.461718,False,False,bicycle,electric_assist
2026-06-22T04:16:42Z,check,check:48649f3f0031,51.932928,4.539053,False,False,bicycle,electric_assist
2026-06-22T04:16:42Z,check,check:4a9187e3d2f0,51.916104,4.527042,False,False,bicycle,electric_assist
2026-06-22T04:16:42Z,check,check:a45a0103f0e1,51.952347,4.466765,False,False,bicycle,electric_assist
2026-06-22T04:16:42Z,check,check:edb15b8a7c29,51.886462,4.5493,False,False,bicycle,electric_assist
2026-06-22T04:16:42Z,check,check:e4f5bab0883c,51.924295,4.57704,False,False,bicycle,electric_assist
2026-06-22T04:16:42Z,check,check:9fb86a52c919,51.869978,4.49024,False,False,bicycle,electric_assist
2026-06-22T04:16:42Z,check,check:3872e9b5614c,51.891732,4.474332,False,False,bicycle,electric_assist
2026-06-22T04:16:42Z,check,check:086a6ddd4d30,51.907589,4.512795,False,False,bicycle,electric_assist
2026-06-22T04:16:42Z,check,check:a734f7a9fb46,51.915591,4.43037,False,False,bicycle,electric_assist
2026-06-22T04:16:42Z,check,check:b6e41f5264b3,51.922182,4.402536,False,False,bicycle,electric_assist
2026-06-22T04:16:42Z,check,check:24c0d6db15f7,51.913333,4.445281,False,False,bicycle,electric_assist
2026-06-22T04:16:42Z,check,check:0fc7f529ec82,51.91334,4.417755,False,True,bicycle,electric_assist
2026-06-22T04:16:42Z,check,check:443f405db064,51.913328,4.41776,False,True,bicycle,electric_assist
2026-06-22T04:16:42Z,check,check:085840ec86aa,51.88043,4.53012,False,False,bicycle,electric_assist
2026-06-22T04:16:42Z,check,check:8500fee3fb8a,51.880485,4.530053,False,False,bicycle,electric_assist
2026-06-22T04:16:42Z,check,check:71fe9c1dbe81,51.938964,4.495758,False,False,bicycle,electric_assist
2026-06-22T04:16:42Z,check,check:5b384a58b3dd,51.928463,4.370728,False,False,bicycle,electric_assist
2026-06-22T04:16:42Z,check,check:1291eaba3c28,51.919158,4.526872,False,False,bicycle,electric_assist
2026-06-22T04:16:42Z,check,check:131005e23ec0,51.912989,4.553813,False,False,bicycle,electric_assist
2026-06-22T04:16:42Z,check,check:c91c0bfe96de,51.913359,4.417842,False,True,bicycle,electric_assist
2026-06-22T04:16:42Z,check,check:7ae7370d6cc2,51.936711,4.497203,False,False,bicycle,electric_assist
2026-06-22T04:16:42Z,check,check:266b51f52031,51.904936,4.47503,False,False,bicycle,electric_assist
2026-06-22T04:16:42Z,check,check:f5383f0c13a9,51.913315,4.417752,False,True,bicycle,electric_assist
2026-06-22T04:16:42Z,check,check:338263f01348,51.913318,4.417766,False,True,bicycle,electric_assist
2026-06-22T04:16:42Z,check,check:42eda3560da8,51.888425,4.494613,False,False,bicycle,electric_assist
2026-06-22T04:16:42Z,check,check:2f3c5fcb0ef6,51.956779,4.49429,False,False,bicycle,electric_assist
2026-06-22T04:16:42Z,check,check:711f1f882007,51.913344,4.417612,False,True,bicycle,electric_assist
2026-06-22T04:16:42Z,check,check:1dce9dca13cf,51.930493,4.496387,False,True,bicycle,electric_assist
2026-06-22T04:16:42Z,check,check:b9d62c8e89ab,51.910406,4.446047,False,False,bicycle,electric_assist
2026-06-22T04:16:42Z,check,check:9952ed19eaf3,51.920685,4.451997,False,False,bicycle,electric_assist
2026-06-22T04:16:42Z,check,check:c7b4aba905b3,51.9659,4.47062,False,False,bicycle,electric_assist
2026-06-22T04:16:42Z,check,check:9853967e4d53,51.961932,4.467219,False,False,bicycle,electric_assist
2026-06-22T04:16:42Z,check,check:15b0679a9778,51.904267,4.447679,False,False,bicycle,electric_assist
2026-06-22T04:16:42Z,check,check:c90df80e1ea6,51.88623,4.549311,False,False,bicycle,electric_assist
2026-06-22T04:16:42Z,check,check:a972a60c7e94,51.894617,4.492437,False,False,bicycle,electric_assist
2026-06-22T04:16:42Z,check,check:d06e4d8c4d1d,51.920861,4.498179,False,False,bicycle,electric_assist
2026-06-22T04:16:42Z,check,check:a1bc6932eecd,51.927972,4.536051,False,False,bicycle,electric_assist
2026-06-22T04:16:42Z,check,check:65f212e27fd5,51.945788,4.534423,False,False,bicycle,electric_assist
2026-06-22T04:16:42Z,check,check:4021ff84be08,51.928057,4.473865,False,False,bicycle,electric_assist
2026-06-22T04:16:42Z,check,check:6ae4388e7a96,51.957659,4.501658,False,False,bicycle,electric_assist
2026-06-22T04:16:42Z,check,check:2f0f35594ad2,51.936569,4.484047,False,False,bicycle,electric_assist
2026-06-22T04:16:42Z,check,check:9e0af232a880,51.885157,4.495831,False,False,bicycle,electric_assist
2026-06-22T04:16:42Z,check,check:2e923661e78a,51.934418,4.492613,False,False,bicycle,electric_assist
2026-06-22T04:16:42Z,check,check:114b20da7f01,51.918937,4.493909,False,True,bicycle,electric_assist
2026-06-22T04:16:42Z,check,check:3cd033aa40e2,51.95564,4.506014,False,False,bicycle,electric_assist
2026-06-22T04:16:42Z,check,check:02e50b0c3bcb,51.922277,4.502292,False,False,bicycle,electric_assist
2026-06-22T04:16:42Z,check,check:b45d5a50139b,51.874253,4.523118,False,False,bicycle,electric_assist
2026-06-22T04:16:42Z,check,check:f5d72f4448e7,51.91332,4.417762,False,True,bicycle,electric_assist
2026-06-22T04:16:42Z,check,check:8b26160a0261,51.919987,4.51078,False,False,bicycle,electric_assist
2026-06-22T04:16:42Z,check,check:37ad8247538b,51.924424,4.487102,False,False,bicycle,electric_assist
2026-06-22T04:16:42Z,check,check:63949d5c3b39,51.959008,4.466312,False,False,bicycle,electric_assist
2026-06-22T04:16:42Z,check,check:f9da311202e1,51.903186,4.497532,False,False,bicycle,electric_assist
2026-06-22T04:16:42Z,check,check:b09530615a31,51.962853,4.501192,False,False,bicycle,electric_assist
2026-06-22T04:16:42Z,check,check:6dc5b7281025,51.958996,4.474585,False,False,bicycle,electric_assist
2026-06-22T04:16:42Z,check,check:254600e7fc73,51.913348,4.417704,False,True,bicycle,electric_assist
2026-06-22T04:16:42Z,check,check:11fd863741f2,51.887743,4.484835,False,False,bicycle,electric_assist
2026-06-22T04:16:42Z,check,check:f11c03fb0845,51.892854,4.489466,False,False,bicycle,electric_assist
2026-06-22T04:16:42Z,check,check:116f2eaeff35,51.96491,4.474249,False,False,bicycle,electric_assist
2026-06-22T04:16:42Z,check,check:377865a0404d,51.93091,4.458132,False,True,bicycle,electric_assist
2026-06-22T04:16:42Z,check,check:66b6c33f6411,51.910259,4.424812,False,True,bicycle,electric_assist
2026-06-22T04:16:42Z,check,check:72cc14a49276,51.913292,4.457347,False,False,bicycle,electric_assist
2026-06-22T04:16:42Z,check,check:5321c3f9e655,51.932012,4.415802,False,False,bicycle,electric_assist
2026-06-22T04:16:42Z,check,check:182c1fd7a9a7,51.938975,4.495794,False,False,bicycle,electric_assist
2026-06-22T04:16:42Z,check,check:faff383be829,51.951747,4.524551,False,False,bicycle,electric_assist
2026-06-22T04:16:42Z,check,check:4cddb6e9e527,51.943286,4.474632,False,False,bicycle,electric_assist
2026-06-22T04:16:42Z,check,check:58ec75444181,51.906566,4.492451,False,True,bicycle,electric_assist
2026-06-22T04:16:42Z,check,check:0a1b42e64da5,51.951998,4.489627,False,False,bicycle,electric_assist
2026-06-22T04:16:42Z,check,check:2ac39338b44e,51.903566,4.471891,False,False,bicycle,electric_assist
2026-06-22T04:16:42Z,check,check:28170dedab4f,51.913322,4.417837,False,True,bicycle,electric_assist
2026-06-22T04:16:42Z,check,check:b23c14d9af28,51.961002,4.487432,False,False,bicycle,electric_assist
2026-06-22T04:16:42Z,check,check:fa50192c1d7b,51.909334,4.471436,False,False,bicycle,electric_assist
2026-06-22T04:16:42Z,check,check:265eba0294b0,51.913336,4.417624,False,True,bicycle,electric_assist
2026-06-22T04:16:42Z,check,check:b6f0918bbb5e,51.916045,4.526997,False,False,bicycle,electric_assist
2026-06-22T04:16:42Z,check,check:74a9ef528300,51.886717,4.473697,False,True,bicycle,electric_assist
2026-06-22T04:16:42Z,check,check:092e6fea98d7,51.921639,4.512561,False,False,bicycle,electric_assist
2026-06-22T04:16:42Z,check,check:529227b131d0,51.913335,4.417737,False,True,bicycle,electric_assist
2026-06-22T04:16:42Z,check,check:1c32abb076fe,51.913344,4.417903,False,True,bicycle,electric_assist
2026-06-22T04:16:42Z,check,check:efa984ca1627,51.892525,4.51031,False,False,bicycle,electric_assist
2026-06-22T04:16:42Z,check,check:60703a1fcf9a,51.955781,4.467677,False,False,bicycle,electric_assist
2026-06-22T04:16:42Z,check,check:586fdc59f21f,51.913347,4.417813,False,True,bicycle,electric_assist
2026-06-22T04:16:42Z,check,check:a7adf8650d4b,51.947294,4.540672,False,False,bicycle,electric_assist
2026-06-22T04:16:42Z,check,check:5f9e97b94f46,51.913305,4.4177,False,True,bicycle,electric_assist
2026-06-22T04:16:42Z,check,check:7d5a5bd00aec,51.94924,4.432571,False,False,bicycle,electric_assist
2026-06-22T04:16:42Z,check,check:443d2a941f4a,51.913335,4.417674,False,True,bicycle,electric_assist
2026-06-22T04:16:42Z,check,check:ee128f28401a,51.911819,4.509202,False,False,bicycle,electric_assist
2026-06-22T04:16:42Z,check,check:e2366bac5ce1,51.920528,4.511648,False,True,bicycle,electric_assist
2026-06-22T04:16:42Z,check,check:ee62b26493d7,51.904089,4.399458,False,False,bicycle,electric_assist
2026-06-22T04:16:42Z,check,check:f5c44a21f7f4,51.874247,4.523052,False,False,bicycle,electric_assist
2026-06-22T04:16:42Z,check,check:6a4cd9d10fdc,51.917073,4.483891,False,False,bicycle,electric_assist
2026-06-22T04:16:42Z,check,check:447b502d684d,51.913338,4.417729,False,True,bicycle,electric_assist
2026-06-22T04:16:42Z,check,check:ab4dd54fd5c1,51.913339,4.417863,False,True,bicycle,electric_assist
2026-06-22T04:16:42Z,check,check:1d90f7adc238,51.913013,4.553816,False,False,bicycle,electric_assist
2026-06-22T04:16:42Z,check,check:5facf1b90381,51.88624,4.54929,False,False,bicycle,electric_assist
2026-06-22T04:16:42Z,check,check:5860d2f658b0,51.928005,4.547501,False,False,bicycle,electric_assist
2026-06-22T04:16:42Z,check,check:fe6435ef879f,51.927868,4.50727,False,False,bicycle,electric_assist
2026-06-22T04:16:42Z,check,check:44e438b57f90,51.876292,4.484355,False,False,bicycle,electric_assist
2026-06-22T04:16:42Z,check,check:bcb862476f25,51.913383,4.400291,False,False,bicycle,electric_assist
2026-06-22T04:16:42Z,check,check:f13ac862671a,51.886475,4.496558,False,False,bicycle,electric_assist
2026-06-22T04:16:42Z,check,check:04ee643b290f,51.927955,4.547451,False,True,bicycle,electric_assist
2026-06-22T04:16:42Z,check,check:cb777d751fab,51.911008,4.444011,False,False,bicycle,electric_assist
2026-06-22T04:16:42Z,check,check:6c709e248a1a,51.927658,4.5032,False,False,bicycle,electric_assist
2026-06-22T04:16:42Z,check,check:d9aac1e05357,51.928571,4.511031,False,False,bicycle,electric_assist
2026-06-22T04:16:42Z,check,check:7752c41749d0,51.932454,4.475985,False,False,bicycle,electric_assist
2026-06-22T04:16:42Z,check,check:c0f1f9a52acd,51.896589,4.521718,False,False,bicycle,electric_assist
2026-06-22T04:16:42Z,check,check:8ddb2fa74fb1,51.940804,4.549387,False,False,bicycle,electric_assist
2026-06-22T04:16:42Z,check,check:cb60e30bf36b,51.913355,4.417796,False,True,bicycle,electric_assist
2026-06-22T04:16:42Z,check,check:ceec89fa4832,51.913315,4.417624,False,True,bicycle,electric_assist
2026-06-22T04:16:42Z,check,check:4b109affe53b,51.942416,4.537866,False,False,bicycle,electric_assist
2026-06-22T04:16:42Z,check,check:d6ebff46299f,51.914517,4.484116,False,False,bicycle,electric_assist
2026-06-22T04:16:42Z,check,check:691897ee8cda,51.906564,4.492485,False,False,bicycle,electric_assist
2026-06-22T04:16:42Z,check,check:7df394cc9532,51.913332,4.417812,False,True,bicycle,electric_assist
2026-06-22T04:16:42Z,check,check:17f54a4d2033,51.935373,4.462028,False,False,bicycle,electric_assist
2026-06-22T04:16:42Z,check,check:7ed9b1c5e514,51.909206,4.523514,False,False,bicycle,electric_assist
2026-06-22T04:16:42Z,check,check:809c5ae7fc14,51.913319,4.417649,False,True,bicycle,electric_assist
2026-06-22T04:16:42Z,check,check:8e833657b783,51.921806,4.397995,False,False,bicycle,electric_assist
2026-06-22T04:16:42Z,check,check:3f51ba57c485,51.928252,4.462451,False,False,bicycle,electric_assist
2026-06-22T04:16:42Z,check,check:63789c38dba6,51.913323,4.417686,False,True,bicycle,electric_assist
2026-06-22T04:16:42Z,check,check:572497093391,51.958692,4.499152,False,False,bicycle,electric_assist
2026-06-22T04:16:42Z,check,check:88cba6d48cd2,51.913329,4.417592,False,True,bicycle,electric_assist
2026-06-22T04:16:42Z,check,check:9f0f84d7b50b,51.897879,4.513024,False,False,bicycle,electric_assist
2026-06-22T04:16:42Z,check,check:6e5c50e23432,51.93177,4.564129,False,False,bicycle,electric_assist
2026-06-22T04:16:42Z,check,check:832ab136d6c4,51.908816,4.503268,False,False,bicycle,electric_assist
2026-06-22T04:16:42Z,check,check:be99939dc65d,51.908031,4.512113,False,False,bicycle,electric_assist
2026-06-22T04:16:42Z,check,check:9c0e2ed47b77,51.957816,4.493388,False,False,bicycle,electric_assist
2026-06-22T04:16:42Z,check,check:6817f0895b90,51.95764,4.501712,False,False,bicycle,electric_assist
2026-06-22T04:16:42Z,check,check:0d86eb91e87f,51.913333,4.417744,False,True,bicycle,electric_assist
2026-06-22T04:16:42Z,check,check:fd3428238449,51.930514,4.503094,False,False,bicycle,electric_assist
2026-06-22T04:16:42Z,check,check:2d4f71b1f553,51.913354,4.41767,False,True,bicycle,electric_assist
2026-06-22T04:16:42Z,check,check:560c06693203,51.909978,4.424943,False,True,bicycle,electric_assist
2026-06-22T04:16:42Z,check,check:9dc582a77eab,51.913347,4.417768,False,True,bicycle,electric_assist
2026-06-22T04:16:42Z,check,check:ced594fc3d80,51.957651,4.501697,False,False,bicycle,electric_assist
2026-06-22T04:16:42Z,check,check:5969274324c5,51.918862,4.490553,False,False,bicycle,electric_assist
2026-06-22T04:16:42Z,check,check:19e54c685caa,51.913306,4.417736,False,True,bicycle,electric_assist
2026-06-22T04:16:42Z,check,check:fb1110b15c0b,51.913328,4.417862,False,True,bicycle,electric_assist
2026-06-22T04:16:42Z,check,check:513caa89eeda,51.886393,4.549292,False,False,bicycle,electric_assist
2026-06-22T04:16:42Z,check,check:edc0b2bfb858,51.926082,4.457323,False,False,bicycle,electric_assist
2026-06-22T04:16:42Z,check,check:3c7c6019d22c,51.911273,4.492908,False,False,bicycle,electric_assist
2026-06-22T04:16:42Z,check,check:a84377c94d1e,51.965731,4.531955,False,False,bicycle,electric_assist
2026-06-22T04:16:42Z,check,check:1f82a007df74,51.916068,4.526917,False,False,bicycle,electric_assist
2026-06-22T04:16:42Z,check,check:1669df41d9cb,51.913339,4.417867,False,True,bicycle,electric_assist
2026-06-22T04:16:42Z,check,check:f75dd0d733b7,51.913338,4.417727,False,True,bicycle,electric_assist
2026-06-22T04:16:42Z,check,check:b3bc00cf1063,51.890391,4.49382,False,False,bicycle,electric_assist
2026-06-22T04:16:42Z,check,check:0565070e3cbe,51.913359,4.417799,False,True,bicycle,electric_assist
2026-06-22T04:16:42Z,check,check:dacbe405c7e1,51.957752,4.475078,False,False,bicycle,electric_assist
2026-06-22T04:16:42Z,check,check:62be681b949b,51.909918,4.424961,False,True,bicycle,electric_assist
2026-06-22T04:16:42Z,check,check:116b012d0241,51.874305,4.523175,False,False,bicycle,electric_assist
2026-06-22T04:16:42Z,check,check:03fd4be2848b,51.949241,4.432623,False,False,bicycle,electric_assist
2026-06-22T04:16:42Z,check,check:29d8982cfbc6,51.913347,4.417858,False,True,bicycle,electric_assist
2026-06-22T04:16:42Z,check,check:e3f7db3e83d3,51.90134,4.461211,False,False,bicycle,electric_assist
2026-06-22T04:16:42Z,check,check:2fd16a375b94,51.886338,4.549279,False,False,bicycle,electric_assist
2026-06-22T04:16:42Z,check,check:841fdbc3ae24,51.946262,4.486158,False,False,bicycle,electric_assist
2026-06-22T04:16:42Z,check,check:f0eb13e8aea2,51.927279,4.49299,False,False,bicycle,electric_assist
2026-06-22T04:16:42Z,check,check:437c6cbdf59e,51.957079,4.511399,False,False,bicycle,electric_assist
2026-06-22T04:16:42Z,check,check:ff91b9e7efca,51.910192,4.424669,False,True,bicycle,electric_assist
2026-06-22T04:16:42Z,check,check:02cd42abb3f4,51.927101,4.42172,False,False,bicycle,electric_assist
2026-06-22T04:16:42Z,check,check:ec4bf85222a8,51.913347,4.417685,False,True,bicycle,electric_assist
2026-06-22T04:16:42Z,check,check:7e64fa409e9d,51.902469,4.46823,False,False,bicycle,electric_assist
2026-06-22T04:16:42Z,check,check:3316ef7e4c9f,51.924313,4.492482,False,True,bicycle,electric_assist
2026-06-22T04:16:42Z,check,check:6f9983fdc0a6,51.913358,4.41775,False,True,bicycle,electric_assist
2026-06-22T04:16:42Z,check,check:d04ce5f521cd,51.895153,4.514823,False,False,bicycle,electric_assist
2026-06-22T04:16:42Z,check,check:7e08f5d9c71e,51.913319,4.417805,False,True,bicycle,electric_assist
2026-06-22T04:16:42Z,check,check:7c92f2f5f405,51.953821,4.520106,False,False,bicycle,electric_assist
2026-06-22T04:16:42Z,check,check:c2ac7f67934d,51.915865,4.499774,False,False,bicycle,electric_assist
2026-06-22T04:16:42Z,check,check:25a5591ee056,51.956834,4.493173,False,False,bicycle,electric_assist
2026-06-22T04:16:42Z,check,check:a80ce563d85b,51.913339,4.417721,False,True,bicycle,electric_assist
2026-06-22T04:16:42Z,check,check:a4676d55696d,51.907855,4.466988,False,False,bicycle,electric_assist
2026-06-22T04:16:42Z,check,check:a84b38999fc3,51.886333,4.483713,False,False,bicycle,electric_assist
2026-06-22T04:16:42Z,check,check:ff22c1c12bb8,51.913328,4.417817,False,True,bicycle,electric_assist
2026-06-22T04:16:42Z,check,check:411eb4345bd4,51.953931,4.492539,False,False,bicycle,electric_assist
2026-06-22T04:16:42Z,check,check:41027e2be85c,51.910102,4.424855,False,True,bicycle,electric_assist
2026-06-22T04:16:42Z,check,check:341c5f8f9efb,51.910826,4.553866,False,False,bicycle,electric_assist
2026-06-22T04:16:42Z,check,check:041f0ba08c8b,51.91334,4.417637,False,True,bicycle,electric_assist
2026-06-22T04:16:42Z,check,check:c8eafb66254a,51.917708,4.476881,False,False,bicycle,electric_assist
2026-06-22T04:16:42Z,check,check:b452503e1892,51.957039,4.470492,False,False,bicycle,electric_assist
2026-06-22T04:16:42Z,check,check:f55e6f420f63,51.964705,4.502112,False,False,bicycle,electric_assist
2026-06-22T04:16:42Z,check,check:ccac2916f490,51.930001,4.504256,False,False,bicycle,electric_assist
2026-06-22T04:16:42Z,check,check:3af58b673276,51.959976,4.471322,False,False,bicycle,electric_assist
2026-06-22T04:16:42Z,check,check:f27cd9ea5589,51.902442,4.502807,False,False,bicycle,electric_assist
2026-06-22T04:16:42Z,check,check:50660837f9ed,51.870809,4.467896,False,False,bicycle,electric_assist
2026-06-22T04:16:42Z,check,check:eae5333d73e8,51.931764,4.564069,False,False,bicycle,electric_assist
2026-06-22T04:16:42Z,check,check:364ef9f1ae8e,51.910548,4.361757,False,False,bicycle,electric_assist
2026-06-22T04:16:42Z,check,check:f0818e48df61,51.916111,4.526917,False,False,bicycle,electric_assist
2026-06-22T04:16:42Z,check,check:31c9afff01c8,51.940751,4.541502,False,False,bicycle,electric_assist
2026-06-22T04:16:42Z,check,check:b33f29c8f3ef,51.89245,4.510534,False,False,bicycle,electric_assist
2026-06-22T04:16:42Z,check,check:cef201e28594,51.913343,4.417825,False,True,bicycle,electric_assist
2026-06-22T04:16:42Z,check,check:51591b4bd56c,51.916226,4.411979,False,False,bicycle,electric_assist
2026-06-22T04:16:42Z,check,check:494711a3cdf1,51.886326,4.549316,False,False,bicycle,electric_assist
2026-06-22T04:16:42Z,check,check:3c5f1fa0706f,51.880436,4.530093,False,True,bicycle,electric_assist
2026-06-22T04:16:42Z,check,check:331aad3aa977,51.8864,4.549276,False,False,bicycle,electric_assist
2026-06-22T04:16:42Z,check,check:26f05a19c947,51.874422,4.491949,False,False,bicycle,electric_assist
2026-06-22T04:16:42Z,check,check:81875134e2f1,51.913329,4.417788,False,True,bicycle,electric_assist
2026-06-22T04:16:42Z,check,check:b44e56823e2d,51.913339,4.417597,False,True,bicycle,electric_assist
2026-06-22T04:16:42Z,check,check:3fa764b066f7,51.89175,4.474293,False,False,bicycle,electric_assist
2026-06-22T04:16:42Z,check,check:80f909f29b29,51.934133,4.454789,False,False,bicycle,electric_assist
2026-06-22T04:16:42Z,check,check:5c84518feec3,51.961901,4.487183,False,False,bicycle,electric_assist
2026-06-22T04:16:42Z,check,check:2d6fb367b779,51.925466,4.506139,False,False,bicycle,electric_assist
2026-06-22T04:16:42Z,check,check:21265a06e31d,51.916061,4.526909,False,False,bicycle,electric_assist
2026-06-22T04:16:42Z,check,check:474c318eea2a,51.904188,4.503494,False,False,bicycle,electric_assist
2026-06-22T04:16:42Z,check,check:56cc25a09c10,51.916154,4.527055,False,False,bicycle,electric_assist
2026-06-22T04:16:42Z,check,check:8e1625a17d39,51.913364,4.417704,False,True,bicycle,electric_assist
2026-06-22T04:16:42Z,check,check:6d58a1175bde,51.913343,4.417745,False,True,bicycle,electric_assist
2026-06-22T04:16:42Z,check,check:5352e45ac2e1,51.932844,4.484645,False,True,bicycle,electric_assist
2026-06-22T04:16:42Z,check,check:64835ddda752,51.921087,4.559156,False,False,bicycle,electric_assist
2026-06-22T04:16:42Z,check,check:59e4ae003d34,51.928008,4.547478,False,False,bicycle,electric_assist
2026-06-22T04:16:42Z,check,check:817d42dbe318,51.957643,4.501721,False,False,bicycle,electric_assist
2026-06-22T04:16:42Z,check,check:c833e7151ed8,51.916243,4.380629,False,False,bicycle,electric_assist
2026-06-22T04:16:42Z,check,check:bf612943b01c,51.913438,4.485537,False,False,bicycle,electric_assist
2026-06-22T04:16:42Z,check,check:e682f5ba3403,51.87527,4.492507,False,False,bicycle,electric_assist
2026-06-22T04:16:42Z,check,check:33dbd8cd14c8,51.928475,4.370855,False,False,bicycle,electric_assist
2026-06-22T04:16:42Z,check,check:e56cb240981c,51.893866,4.509466,False,False,bicycle,electric_assist
2026-06-22T04:16:42Z,check,check:b922bf32d99a,51.897384,4.507362,False,False,bicycle,electric_assist
2026-06-22T04:16:42Z,check,check:9472f7da6a16,51.90188,4.493348,False,False,bicycle,electric_assist
2026-06-22T04:16:42Z,check,check:0e16cf861bab,51.874284,4.523037,False,False,bicycle,electric_assist
2026-06-22T04:16:42Z,check,check:774e1288cf60,51.916576,4.434738,False,False,bicycle,electric_assist
2026-06-22T04:16:42Z,check,check:25049e403f0b,51.950696,4.464364,False,False,bicycle,electric_assist
2026-06-22T04:16:42Z,check,check:c8c45c77543a,51.886214,4.549297,False,False,bicycle,electric_assist
2026-06-22T04:16:42Z,check,check:efb6104cf3dc,51.913314,4.417828,False,True,bicycle,electric_assist
2026-06-22T04:16:42Z,check,check:c1d509f9283a,51.895246,4.500661,False,False,bicycle,electric_assist
2026-06-22T04:16:42Z,check,check:41f941d2956f,51.913339,4.417646,False,True,bicycle,electric_assist
2026-06-22T04:16:42Z,check,check:4868981c38b2,51.940554,4.47303,False,False,bicycle,electric_assist
2026-06-22T04:16:42Z,check,check:4e7d8f0581d4,51.934739,4.490264,False,False,bicycle,electric_assist
2026-06-22T04:16:42Z,check,check:abb92f864e60,51.910873,4.519495,False,False,bicycle,electric_assist
2026-06-22T04:16:42Z,check,check:26a1ecd32b8a,51.877302,4.494721,False,True,bicycle,electric_assist
2026-06-22T04:16:42Z,check,check:e158c17abe05,51.945498,4.477657,False,False,bicycle,electric_assist
2026-06-22T04:16:42Z,check,check:4eb0e8a29db2,51.913304,4.41758,False,True,bicycle,electric_assist
2026-06-22T04:16:42Z,check,check:6bc71a7f6e6e,51.934003,4.488577,False,False,bicycle,electric_assist
2026-06-22T04:16:42Z,check,check:702393db4e75,51.907615,4.461275,False,False,bicycle,electric_assist
2026-06-22T04:16:42Z,check,check:d8c95ce6f83d,51.925231,4.508494,False,False,bicycle,electric_assist
2026-06-22T04:16:42Z,check,check:85c6fc1cf453,51.874092,4.496625,False,False,bicycle,electric_assist
2026-06-22T04:16:42Z,check,check:c53a45efd024,51.932739,4.470151,False,False,bicycle,electric_assist
2026-06-22T04:16:42Z,check,check:52a7fb1bbeda,51.931994,4.415732,False,False,bicycle,electric_assist
2026-06-22T04:16:42Z,check,check:30a59f164bcb,51.897867,4.495946,False,False,bicycle,electric_assist
2026-06-22T04:16:42Z,check,check:4d0784f4fa7b,51.917765,4.487463,False,False,bicycle,electric_assist
2026-06-22T04:16:42Z,check,check:1b8fd30df487,51.929823,4.542969,False,False,bicycle,electric_assist
2026-06-22T04:16:42Z,check,check:88ee3588bdb7,51.92455,4.515422,False,False,bicycle,electric_assist
2026-06-22T04:16:42Z,check,check:daebdcd20ade,51.958049,4.494452,False,False,bicycle,electric_assist
2026-06-22T04:16:42Z,check,check:d82b42c0fc7d,51.932896,4.466255,False,False,bicycle,electric_assist
2026-06-22T04:16:42Z,check,check:821f00933b70,51.965292,4.473736,False,False,bicycle,electric_assist
2026-06-22T04:16:42Z,check,check:40568712c6f4,51.913323,4.417632,False,True,bicycle,electric_assist
2026-06-22T04:16:42Z,check,check:b1cfe31016c2,51.913322,4.417706,False,True,bicycle,electric_assist
2026-06-22T04:16:42Z,check,check:2db8ff38daec,51.910745,4.553853,False,False,bicycle,electric_assist
2026-06-22T04:16:42Z,check,check:864ebe6df7e1,51.926683,4.462642,False,False,bicycle,electric_assist
2026-06-22T04:16:42Z,check,check:24bb53c33aeb,51.913305,4.417749,False,True,bicycle,electric_assist
2026-06-22T04:16:42Z,check,check:cfaf6ae9a2f8,51.92449,4.499143,False,False,bicycle,electric_assist
2026-06-22T04:16:42Z,check,check:9fad289077bd,51.931742,4.564056,False,False,bicycle,electric_assist
2026-06-22T04:16:42Z,check,check:56867b52650c,51.899405,4.509441,False,False,bicycle,electric_assist
2026-06-22T04:16:42Z,check,check:be250cb6ee81,51.91332,4.417656,False,True,bicycle,electric_assist
2026-06-22T04:16:42Z,check,check:41091bd49c42,51.874062,4.494175,False,False,bicycle,electric_assist
2026-06-22T04:16:42Z,check,check:37d47b34a916,51.935386,4.461931,False,False,bicycle,electric_assist
2026-06-22T04:16:42Z,check,check:7d45a3e0c542,51.936829,4.479567,False,False,bicycle,electric_assist
2026-06-22T04:16:42Z,check,check:e44f7a88a217,51.934193,4.483198,False,False,bicycle,electric_assist
2026-06-22T04:16:42Z,check,check:3dbd57fe0fbc,51.921236,4.39633,False,False,bicycle,electric_assist
2026-06-22T04:16:42Z,check,check:570ec660b423,51.942206,4.460484,False,False,bicycle,electric_assist
2026-06-22T04:16:42Z,check,check:6a7b08edd31d,51.904378,4.405505,False,False,bicycle,electric_assist
2026-06-22T04:16:42Z,check,check:57e36d2b97e6,51.874279,4.523152,False,False,bicycle,electric_assist
2026-06-22T04:16:42Z,check,check:d80e08bb16f5,51.913344,4.417672,False,True,bicycle,electric_assist
2026-06-22T04:16:42Z,check,check:be97e0204a9b,51.913342,4.417731,False,True,bicycle,electric_assist
2026-06-22T04:16:42Z,check,check:e73411e1fedf,51.93237,4.504589,False,False,bicycle,electric_assist
2026-06-22T04:16:42Z,check,check:57056c600ac2,51.934539,4.476382,False,False,bicycle,electric_assist
2026-06-22T04:16:42Z,check,check:a213e5f0e96c,51.933901,4.539887,False,False,bicycle,electric_assist
2026-06-22T04:16:42Z,check,check:e2475b89b1a8,51.934309,4.542358,False,False,bicycle,electric_assist
2026-06-22T04:16:42Z,check,check:faca9b50f10c,51.959434,4.503683,False,False,bicycle,electric_assist
2026-06-22T04:16:42Z,check,check:4c9baf2c853d,51.925845,4.51745,False,False,bicycle,electric_assist
2026-06-22T04:16:42Z,check,check:34189b4c1821,51.886214,4.549304,False,False,bicycle,electric_assist
2026-06-22T04:16:42Z,check,check:224874f5b647,51.892509,4.518045,False,True,bicycle,electric_assist
2026-06-22T04:16:42Z,check,check:feca83f23b4c,51.912777,4.484269,False,True,bicycle,electric_assist
2026-06-22T04:16:42Z,check,check:149eba1fa5f9,51.964305,4.47286,False,False,bicycle,electric_assist
2026-06-22T04:16:42Z,check,check:91d9a83453d7,51.912,4.5113,False,False,bicycle,electric_assist
2026-06-22T04:16:42Z,check,check:442fc62637b6,51.90628,4.46224,False,False,bicycle,electric_assist
2026-06-22T04:16:42Z,check,check:e172615a14c7,51.922838,4.469569,False,False,bicycle,electric_assist
2026-06-22T04:16:42Z,check,check:096c675bc9df,51.911019,4.492497,False,False,bicycle,electric_assist
2026-06-22T04:16:42Z,check,check:3bf50988b685,51.960652,4.464932,False,False,bicycle,electric_assist
2026-06-22T04:16:42Z,check,check:5fd5a897cd2b,51.913339,4.41763,False,True,bicycle,electric_assist
2026-06-22T04:16:42Z,check,check:95cc02f2d07c,51.920902,4.498204,False,False,bicycle,electric_assist
2026-06-22T04:16:42Z,check,check:c89e64625ca4,51.89653,4.498757,False,False,bicycle,electric_assist
2026-06-22T04:16:42Z,check,check:34fbce9f16f7,51.956614,4.495945,False,False,bicycle,electric_assist
2026-06-22T04:16:42Z,check,check:eb561516aadd,51.913355,4.417611,False,True,bicycle,electric_assist
2026-06-22T04:16:42Z,check,check:18d1e2bb498d,51.932674,4.455898,False,False,bicycle,electric_assist
2026-06-22T04:16:42Z,check,check:67559da0738b,51.91303,4.553775,False,False,bicycle,electric_assist
2026-06-22T04:16:42Z,check,check:e59f175ed22a,51.961787,4.467066,False,False,bicycle,electric_assist
2026-06-22T04:16:42Z,check,check:3a275ec47912,51.900122,4.478309,False,False,bicycle,electric_assist
2026-06-22T04:16:42Z,check,check:8ab1d6176ad0,51.913325,4.417699,False,True,bicycle,electric_assist
2026-06-22T04:16:42Z,check,check:2baba235b628,51.906697,4.495709,False,False,bicycle,electric_assist
2026-06-22T04:16:42Z,check,check:27d98288bac3,51.913345,4.417834,False,True,bicycle,electric_assist
2026-06-22T04:16:42Z,check,check:8fa17f6b2f2d,51.913362,4.417765,False,True,bicycle,electric_assist
2026-06-22T04:16:42Z,check,check:33990d50584f,51.913332,4.417666,False,True,bicycle,electric_assist
2026-06-22T04:16:42Z,check,check:5735887968dd,51.894785,4.467795,False,True,bicycle,electric_assist
2026-06-22T04:16:42Z,check,check:2fb89f7b15a1,51.902401,4.465295,False,False,bicycle,electric_assist
2026-06-22T04:16:42Z,check,check:df318addbf2b,51.905028,4.466416,False,False,bicycle,electric_assist
2026-06-22T04:16:42Z,check,check:1dc32c35f4ef,51.913352,4.417678,False,True,bicycle,electric_assist
2026-06-22T04:16:42Z,check,check:3d4787079c6f,51.932001,4.415805,False,False,bicycle,electric_assist
2026-06-22T04:16:42Z,check,check:1dfb55fea34a,51.961144,4.51028,False,False,bicycle,electric_assist
2026-06-22T04:16:42Z,check,check:cee7c1500f0c,51.916218,4.527208,False,False,bicycle,electric_assist
2026-06-22T04:16:42Z,check,check:5e6867441380,51.924672,4.50126,False,False,bicycle,electric_assist
2026-06-22T04:16:42Z,check,check:b80198998dd2,51.924539,4.515429,False,False,bicycle,electric_assist
2026-06-22T04:16:42Z,check,check:b805a7966bd4,51.962196,4.511293,False,False,bicycle,electric_assist
2026-06-22T04:16:42Z,check,check:229657aca826,51.936896,4.498341,False,False,bicycle,electric_assist
2026-06-22T04:16:42Z,check,check:5a3081ea2110,51.914218,4.395593,False,False,bicycle,electric_assist
2026-06-22T04:16:42Z,check,check:03b909a9669b,51.931743,4.564003,False,False,bicycle,electric_assist
2026-06-22T04:16:42Z,check,check:f15bfb29ef14,51.87713,4.491538,False,False,bicycle,electric_assist
2026-06-22T04:16:42Z,check,check:ebe5a1f2bf0e,51.923941,4.394723,False,False,bicycle,electric_assist
2026-06-22T04:16:42Z,check,check:4a4dd310aa73,51.870973,4.501251,False,True,bicycle,electric_assist
2026-06-22T04:16:42Z,check,check:e1f945c483d8,51.913375,4.445178,False,False,bicycle,electric_assist
2026-06-22T04:16:42Z,check,check:abdc79af60ee,51.909946,4.424927,False,True,bicycle,electric_assist
2026-06-22T04:16:42Z,check,check:64d8b0e18a4c,51.913341,4.417679,False,True,bicycle,electric_assist
2026-06-22T04:16:42Z,check,check:2f8776956c0b,51.913316,4.41776,False,True,bicycle,electric_assist
2026-06-22T04:16:42Z,check,check:838c5a1d93ac,51.958738,4.467802,False,False,bicycle,electric_assist
2026-06-22T04:16:42Z,check,check:87af1702100f,51.958547,4.475169,False,False,bicycle,electric_assist
2026-06-22T04:16:42Z,check,check:327f10c1cf4e,51.913315,4.417718,False,True,bicycle,electric_assist
2026-06-22T04:16:42Z,check,check:e370a680afab,51.943384,4.484956,False,False,bicycle,electric_assist
2026-06-22T04:16:42Z,check,check:566e7857f0ae,51.874255,4.523115,False,False,bicycle,electric_assist
2026-06-22T04:16:42Z,check,check:1805f34107a2,51.908024,4.512155,False,False,bicycle,electric_assist
2026-06-22T04:16:42Z,check,check:1b0ad553cc75,51.92547,4.506147,False,False,bicycle,electric_assist
2026-06-22T04:16:42Z,check,check:76c7fd0242b2,51.935134,4.486594,False,False,bicycle,electric_assist
2026-06-22T04:16:42Z,check,check:130155f8ec6d,51.901377,4.461146,False,False,bicycle,electric_assist
2026-06-22T04:16:42Z,check,check:5964b890abd3,51.949244,4.432615,False,False,bicycle,electric_assist
2026-06-22T04:16:42Z,check,check:7a5c44b1ab0d,51.913354,4.417855,False,True,bicycle,electric_assist
2026-06-22T04:16:42Z,check,check:4bcd0eeecb61,51.921222,4.396348,False,False,bicycle,electric_assist
2026-06-22T04:16:42Z,check,check:9ad9658a0b82,51.910222,4.424777,False,True,bicycle,electric_assist
2026-06-22T04:16:42Z,check,check:e6b74883b637,51.913344,4.417884,False,True,bicycle,electric_assist
2026-06-22T04:16:42Z,check,check:2ee0044497aa,51.913313,4.417822,False,True,bicycle,electric_assist
2026-06-22T04:16:42Z,check,check:8c53a8998bfe,51.886297,4.549297,False,False,bicycle,electric_assist
2026-06-22T04:16:42Z,check,check:90f88db411bd,51.873168,4.470922,False,False,bicycle,electric_assist
2026-06-22T04:16:42Z,check,check:9790f24f3894,51.870746,4.498182,False,False,bicycle,electric_assist
2026-06-22T04:16:42Z,check,check:5153f50fcef2,51.91566,4.500799,False,False,bicycle,electric_assist
2026-06-22T04:16:42Z,check,check:a52315150a2b,51.918579,4.416515,False,False,bicycle,electric_assist
2026-06-22T04:16:42Z,check,check:0bd83484b0cd,51.945469,4.477899,False,False,bicycle,electric_assist
2026-06-22T04:16:42Z,check,check:a4014d37e744,51.913321,4.417846,False,True,bicycle,electric_assist
2026-06-22T04:16:42Z,check,check:6f390187a16a,51.923803,4.520084,False,False,bicycle,electric_assist
2026-06-22T04:16:42Z,check,check:79052083683f,51.913438,4.400317,False,False,bicycle,electric_assist
2026-06-22T04:16:42Z,check,check:a590f94b47ef,51.895074,4.468305,False,False,bicycle,electric_assist
2026-06-22T04:16:42Z,check,check:5555b5cb41b2,51.905957,4.498984,False,False,bicycle,electric_assist
2026-06-22T04:16:42Z,check,check:55358c23958e,51.916573,4.450495,False,False,bicycle,electric_assist
2026-06-22T04:16:42Z,check,check:444425e880a9,51.944203,4.471284,False,False,bicycle,electric_assist
2026-06-22T04:16:42Z,check,check:9f8517dda221,51.91336,4.417628,False,True,bicycle,electric_assist
2026-06-22T04:16:42Z,check,check:3761711679ef,51.917843,4.445093,False,False,bicycle,electric_assist
2026-06-22T04:16:42Z,check,check:fd380aa0655f,51.913333,4.417857,False,True,bicycle,electric_assist
2026-06-22T04:16:42Z,check,check:c0ea3e06d3a5,51.953821,4.492372,False,False,bicycle,electric_assist
2026-06-22T04:16:42Z,check,check:78a63e14c105,51.957643,4.50171,False,False,bicycle,electric_assist
2026-06-22T04:16:42Z,check,check:f45e03b1d49a,51.904263,4.447664,False,False,bicycle,electric_assist
2026-06-22T04:16:42Z,check,check:16fb58c9bacb,51.934579,4.413974,False,False,bicycle,electric_assist
2026-06-22T04:16:42Z,check,check:52a8270da5a0,51.949273,4.432669,False,False,bicycle,electric_assist
2026-06-22T04:16:42Z,check,check:3e5268b34667,51.961178,4.505196,False,False,bicycle,electric_assist
2026-06-22T04:16:42Z,check,check:8a3b2c4dc798,51.96051,4.488574,False,False,bicycle,electric_assist
2026-06-22T04:16:42Z,check,check:d09da7c65285,51.95065,4.51856,False,False,bicycle,electric_assist
2026-06-22T04:16:42Z,check,check:a9d58f5ec8ce,51.913357,4.417772,False,True,bicycle,electric_assist
2026-06-22T04:16:42Z,check,check:87f300df502e,51.913346,4.417842,False,True,bicycle,electric_assist
2026-06-22T04:16:42Z,check,check:56d33a949194,51.940413,4.539528,False,False,bicycle,electric_assist
2026-06-22T04:16:42Z,check,check:b1476b857dc9,51.922594,4.382612,False,False,bicycle,electric_assist
2026-06-22T04:16:42Z,check,check:c0314a9e91bd,51.886205,4.549318,False,False,bicycle,electric_assist
2026-06-22T04:16:42Z,check,check:e873ec0eb1dd,51.95383,4.52012,False,False,bicycle,electric_assist
2026-06-22T04:16:42Z,check,check:b2cbdb839657,51.918912,4.493862,False,False,bicycle,electric_assist
2026-06-22T04:16:42Z,check,check:1092a2232db8,51.915396,4.410088,False,False,bicycle,electric_assist
2026-06-22T04:16:42Z,check,check:1c708fcabd3b,51.962045,4.474195,False,False,bicycle,electric_assist
2026-06-22T04:16:42Z,check,check:e9f5bdd2da55,51.92001,4.501798,False,False,bicycle,electric_assist
2026-06-22T04:16:42Z,check,check:9290344c67c4,51.964688,4.502156,False,False,bicycle,electric_assist
2026-06-22T04:16:42Z,check,check:701d03c83d41,51.928474,4.370826,False,False,bicycle,electric_assist
2026-06-22T04:16:42Z,check,check:f59c6b74ff40,51.927416,4.44033,False,False,bicycle,electric_assist
2026-06-22T04:16:42Z,check,check:a541a8bc2fdf,51.932314,4.493595,False,False,bicycle,electric_assist
2026-06-22T04:16:42Z,check,check:f7b663941297,51.922262,4.512695,False,True,bicycle,electric_assist
2026-06-22T04:16:42Z,check,check:215c9a6a71ce,51.891424,4.511801,False,False,bicycle,electric_assist
2026-06-22T04:16:42Z,check,check:61aab358bbbd,51.91335,4.417831,False,True,bicycle,electric_assist
2026-06-22T04:16:42Z,check,check:b95a80a4f23d,51.934394,4.461845,False,False,bicycle,electric_assist
2026-06-22T04:16:42Z,check,check:ff6add14bc9c,51.941882,4.50512,False,False,bicycle,electric_assist
2026-06-22T04:16:42Z,check,check:fe37f5d94cb9,51.946155,4.557425,False,False,bicycle,electric_assist
2026-06-22T04:16:42Z,check,check:19f2514e6b64,51.920775,4.472077,False,False,bicycle,electric_assist
2026-06-22T04:16:42Z,check,check:47cea87f5c08,51.892728,4.486675,False,False,bicycle,electric_assist
2026-06-22T04:16:42Z,check,check:21691d9180c1,51.915601,4.500805,False,False,bicycle,electric_assist
2026-06-22T04:16:42Z,check,check:26206e6b77ba,51.914157,4.422311,False,False,bicycle,electric_assist
2026-06-22T04:16:42Z,check,check:309f6b7e3a6e,51.895127,4.516024,False,False,bicycle,electric_assist
2026-06-22T04:16:42Z,check,check:a4d99eeff332,51.913348,4.417805,False,True,bicycle,electric_assist
2026-06-22T04:16:42Z,check,check:bbb5ffd08b0c,51.916115,4.526957,False,False,bicycle,electric_assist
2026-06-22T04:16:42Z,check,check:e93f80063c52,51.886244,4.549308,False,False,bicycle,electric_assist
2026-06-22T04:16:42Z,check,check:62adbf7f78c2,51.937852,4.539959,False,False,bicycle,electric_assist
2026-06-22T04:16:42Z,check,check:55f98557204e,51.909957,4.423369,False,False,bicycle,electric_assist
2026-06-22T04:16:42Z,check,check:be386d516369,51.931755,4.564035,False,False,bicycle,electric_assist
2026-06-22T04:16:42Z,check,check:55be1822cce5,51.913351,4.417724,False,True,bicycle,electric_assist
2026-06-22T04:16:42Z,check,check:ceb50f0a08ff,51.886445,4.549301,False,False,bicycle,electric_assist
2026-06-22T04:16:42Z,check,check:5c53feec5da2,51.89555,4.506496,False,False,bicycle,electric_assist
2026-06-22T04:16:42Z,check,check:f6440f9a5455,51.913345,4.417877,False,True,bicycle,electric_assist
2026-06-22T04:16:42Z,check,check:d1c5050ecf2a,51.874268,4.523174,False,False,bicycle,electric_assist
2026-06-22T04:16:42Z,check,check:de48579c9fe8,51.91887,4.488338,False,True,bicycle,electric_assist
2026-06-22T04:16:42Z,check,check:e1322ed4b017,51.913355,4.417738,False,True,bicycle,electric_assist
2026-06-22T04:16:42Z,check,check:b65a3eb6f427,51.903064,4.468594,False,False,bicycle,electric_assist
2026-06-22T04:16:42Z,check,check:148ee3b14fc6,51.910128,4.424825,False,True,bicycle,electric_assist
2026-06-22T04:16:42Z,check,check:930169f62d10,51.918993,4.440313,False,False,bicycle,electric_assist
2026-06-22T04:16:42Z,check,check:2bf38938eb68,51.956752,4.49598,False,False,bicycle,electric_assist
2026-06-22T04:16:42Z,check,check:cf1fe2628ac9,51.913341,4.417754,False,True,bicycle,electric_assist
2026-06-22T04:16:42Z,check,check:3b1fac04a20b,51.949262,4.432597,False,False,bicycle,electric_assist
2026-06-22T04:16:42Z,check,check:d0fe8ed889f8,51.917065,4.409283,False,False,bicycle,electric_assist
2026-06-22T04:16:42Z,check,check:abc245fd2596,51.880455,4.530076,False,False,bicycle,electric_assist
2026-06-22T04:16:42Z,check,check:98deb7758c60,51.913354,4.417741,False,True,bicycle,electric_assist
2026-06-22T04:16:42Z,check,check:b2167f54a20c,51.917847,4.445151,False,False,bicycle,electric_assist
2026-06-22T04:16:42Z,check,check:f74e1f858ff2,51.929587,4.459275,False,False,bicycle,electric_assist
2026-06-22T04:16:42Z,check,check:253d25db2262,51.924749,4.513164,False,True,bicycle,electric_assist
2026-06-22T04:16:42Z,check,check:28ccd9c7f8b0,51.961698,4.490953,False,False,bicycle,electric_assist
2026-06-22T04:16:42Z,check,check:e2963d2acb5f,51.927563,4.503566,False,False,bicycle,electric_assist
2026-06-22T04:16:42Z,check,check:7590f5b6eb6e,51.915869,4.499781,False,False,bicycle,electric_assist
2026-06-22T04:16:42Z,check,check:f916b14bae3d,51.909015,4.4426,False,False,bicycle,electric_assist
2026-06-22T04:16:42Z,check,check:248b74420a5d,51.9228,4.469689,False,False,bicycle,electric_assist
2026-06-22T04:16:42Z,check,check:b1098bab21ac,51.953721,4.471389,False,False,bicycle,electric_assist
2026-06-22T04:16:42Z,check,check:102850e8e885,51.890476,4.465325,False,False,bicycle,electric_assist
2026-06-22T04:16:42Z,check,check:ca4f47b03d8a,51.949245,4.432555,False,False,bicycle,electric_assist
2026-06-22T04:16:42Z,check,check:6efa4bc326af,51.919152,4.442631,False,False,bicycle,electric_assist
2026-06-22T04:16:42Z,check,check:dde82391c434,51.937558,4.476823,False,False,bicycle,electric_assist
2026-06-22T04:16:42Z,check,check:05e3893bfea7,51.945824,4.489386,False,False,bicycle,electric_assist
2026-06-22T04:16:42Z,check,check:164d61039b5a,51.929264,4.454612,False,False,bicycle,electric_assist
2026-06-22T04:16:42Z,check,check:e7db257cdca8,51.943582,4.480616,False,False,bicycle,electric_assist
2026-06-22T04:16:42Z,check,check:5c4052e03e6f,51.880431,4.530121,False,False,bicycle,electric_assist
2026-06-22T04:16:42Z,check,check:7bde1b9e5ba7,51.931999,4.41577,False,False,bicycle,electric_assist
2026-06-22T04:16:42Z,check,check:f201a7feeaca,51.913345,4.417626,False,True,bicycle,electric_assist
2026-06-22T04:16:42Z,check,check:3e036a6764d4,51.922574,4.434939,False,False,bicycle,electric_assist
2026-06-22T04:16:42Z,check,check:fb2f0b1d3db9,51.919073,4.418309,False,False,bicycle,electric_assist
2026-06-22T04:16:42Z,check,check:064c4c2389c9,51.916996,4.523418,False,False,bicycle,electric_assist
2026-06-22T04:16:42Z,check,check:8f3b09af1fa5,51.907152,4.495785,False,True,bicycle,electric_assist
2026-06-22T04:16:42Z,check,check:7815e126cd55,51.936706,4.497592,False,False,bicycle,electric_assist
2026-06-22T04:16:42Z,check,check:3ff29f147b72,51.957203,4.497693,False,False,bicycle,electric_assist
2026-06-22T04:16:42Z,check,check:d0c2fb4f685b,51.919705,4.50805,False,False,bicycle,electric_assist
2026-06-22T04:16:42Z,check,check:d3f47b9dab19,51.918488,4.468207,False,False,bicycle,electric_assist
2026-06-22T04:16:42Z,check,check:1c0339cc7b42,51.941531,4.481343,False,False,bicycle,electric_assist
2026-06-22T04:16:42Z,check,check:416e1a5fe7f8,51.913333,4.417614,False,True,bicycle,electric_assist
2026-06-22T04:16:42Z,check,check:1151abe819a4,51.945212,4.555032,False,False,bicycle,electric_assist
2026-06-22T04:16:42Z,check,check:9c81d0284aef,51.935522,4.487908,False,True,bicycle,electric_assist
2026-06-22T04:16:42Z,check,check:bb2951f63f8f,51.936438,4.498615,False,False,bicycle,electric_assist
2026-06-22T04:16:42Z,check,check:80f70897a4a0,51.961883,4.489824,False,False,bicycle,electric_assist
2026-06-22T04:16:42Z,check,check:c5c8efc50b61,51.91335,4.417708,False,True,bicycle,electric_assist
2026-06-22T04:16:42Z,check,check:ed5f3a2cdae8,51.922823,4.469522,False,True,bicycle,electric_assist
2026-06-22T04:16:42Z,check,check:5da913c62453,51.929117,4.463124,False,False,bicycle,electric_assist
2026-06-22T04:16:42Z,check,check:162990ec3e64,51.92088,4.490981,False,True,bicycle,electric_assist
2026-06-22T04:16:42Z,check,check:efc69abebcc4,51.890106,4.50033,False,False,bicycle,electric_assist
2026-06-22T04:16:42Z,check,check:2503b9d20da4,51.886405,4.549278,False,False,bicycle,electric_assist
2026-06-22T04:16:42Z,check,check:cb66634e12e7,51.901414,4.4612,False,False,bicycle,electric_assist
2026-06-22T04:16:42Z,check,check:d367e16acdfb,51.913358,4.417737,False,True,bicycle,electric_assist
2026-06-22T04:16:42Z,check,check:8c6ec769d390,51.961613,4.46718,False,False,bicycle,electric_assist
2026-06-22T04:16:42Z,check,check:5bc0b665a647,51.940458,4.479778,False,False,bicycle,electric_assist
2026-06-22T04:16:42Z,check,check:5aad657940fd,51.928628,4.487145,False,False,bicycle,electric_assist
2026-06-22T04:16:42Z,check,check:9d42b00dab2d,51.914184,4.496045,False,False,bicycle,electric_assist
2026-06-22T04:16:42Z,check,check:bad632e90e9d,51.928896,4.509708,False,False,bicycle,electric_assist
2026-06-22T04:16:42Z,check,check:4348ae0a2bdb,51.909725,4.505692,False,False,bicycle,electric_assist
2026-06-22T04:16:42Z,check,check:b83e574bf65f,51.895586,4.506421,False,False,bicycle,electric_assist
2026-06-22T04:16:42Z,check,check:07c49dfbb468,51.906497,4.505774,False,False,bicycle,electric_assist
2026-06-22T04:16:42Z,check,check:62785a171c16,51.903201,4.456486,False,False,bicycle,electric_assist
2026-06-22T04:16:42Z,check,check:7bd3b8d93633,51.950961,4.555294,False,False,bicycle,electric_assist
2026-06-22T04:16:42Z,check,check:e8e3fd6eb149,51.913331,4.417686,False,True,bicycle,electric_assist
2026-06-22T04:16:42Z,check,check:cacc61e53e8d,51.910102,4.423516,False,False,bicycle,electric_assist
2026-06-22T04:16:42Z,check,check:660c7794c412,51.909106,4.392992,False,False,bicycle,electric_assist
2026-06-22T04:16:42Z,check,check:f6fc6dcb85f3,51.886433,4.54929,False,False,bicycle,electric_assist
2026-06-22T04:16:42Z,check,check:a1bbf8b0da19,51.908743,4.445717,False,False,bicycle,electric_assist
2026-06-22T04:16:42Z,check,check:ea365588e302,51.91506,4.521477,False,False,bicycle,electric_assist
2026-06-22T04:16:42Z,check,check:55aca6612f6b,51.964808,4.502125,False,False,bicycle,electric_assist
2026-06-22T04:16:42Z,check,check:caca5379ea58,51.954089,4.473039,False,False,bicycle,electric_assist
