timestamp,system_id,vehicle_id,lat,lon,is_reserved,is_disabled,form_factor,propulsion_type
2026-04-07T01:03:34Z,donkey,donkey:11d7cde149cd,51.9855026,4.3875655,False,False,bicycle,
2026-04-07T01:03:34Z,donkey,donkey:ea92ef61141c,51.996429,4.3698093,False,False,bicycle,
2026-04-07T01:03:34Z,donkey,donkey:de07222a5332,51.9964135,4.3698362,False,False,bicycle,
2026-04-07T01:03:34Z,donkey,donkey:a2c184f73dca,51.9962007,4.3699447,False,True,bicycle,
2026-04-07T01:03:34Z,donkey,donkey:165dff83d3cf,51.9832958,4.3471396,False,False,bicycle,
2026-04-07T01:03:34Z,donkey,donkey:370647fefdd4,51.9833532,4.3470811,False,False,bicycle,
2026-04-07T01:03:34Z,donkey,donkey:799b502ffd30,51.983384,4.347111,False,False,bicycle,
2026-04-07T01:03:34Z,donkey,donkey:41a6d897005b,51.9971377,4.3835943,False,False,bicycle,
2026-04-07T01:03:34Z,donkey,donkey:ef787fa728e3,51.9810713,4.3418504,False,True,bicycle,
2026-04-07T01:03:34Z,donkey,donkey:45db317a21ea,51.9810408,4.3418236,False,False,bicycle,
2026-04-07T01:03:34Z,donkey,donkey:497b0630d004,51.993267,4.3593357,False,True,bicycle,
2026-04-07T01:03:34Z,donkey,donkey:ecff0765eb53,51.9956422,4.3413241,False,False,bicycle,
2026-04-07T01:03:34Z,donkey,donkey:c2bfbe893899,51.9956533,4.3412545,False,False,bicycle,
2026-04-07T01:03:34Z,donkey,donkey:759f2643ebd8,51.9936994,4.387087,False,False,bicycle,
2026-04-07T01:03:34Z,donkey,donkey:e11999deabc0,51.9923868,4.3413533,False,True,bicycle,
2026-04-07T01:03:34Z,donkey,donkey:e994fd74fb06,51.9923215,4.3410811,False,False,bicycle,
2026-04-07T01:03:34Z,donkey,donkey:04f1ba466f2f,51.9924004,4.3414097,False,False,bicycle,
2026-04-07T01:03:34Z,donkey,donkey:3b5dbc33313c,51.9924594,4.3413037,False,False,bicycle,
2026-04-07T01:03:34Z,donkey,donkey:745da1d78b89,51.9819511,4.3456909,False,False,bicycle,
2026-04-07T01:03:34Z,donkey,donkey:cdabba186a1a,51.9819511,4.3456909,False,False,bicycle,
2026-04-07T01:03:34Z,donkey,donkey:b4ed583302d7,51.981927,4.3457661,False,True,bicycle,
2026-04-07T01:03:34Z,donkey,donkey:e4b73715fda4,51.9848962,4.3609139,False,True,bicycle,
2026-04-07T01:03:34Z,donkey,donkey:8ed4b0f2aa9f,51.9849099,4.3609071,False,True,bicycle,
2026-04-07T01:03:34Z,donkey,donkey:6a5bc31cdfec,51.9849099,4.3609071,False,False,bicycle,
2026-04-07T01:03:34Z,donkey,donkey:ac8fdddb39c9,51.9972856,4.3718201,False,False,bicycle,
2026-04-07T01:03:34Z,donkey,donkey:4fa78130c402,51.9973411,4.3718199,False,False,bicycle,
2026-04-07T01:03:34Z,donkey,donkey:a333836288b0,51.9972698,4.3717472,False,False,bicycle,
2026-04-07T01:03:34Z,donkey,donkey:a9d06c3fb4b8,51.9974171,4.3731208,False,True,bicycle,
2026-04-07T01:03:34Z,donkey,donkey:2a3d83fe92c7,51.997375,4.373125,False,True,bicycle,
2026-04-07T01:03:34Z,donkey,donkey:f3c9ec3723b8,51.9968797,4.3720697,False,False,bicycle,
2026-04-07T01:03:34Z,donkey,donkey:c596f884a672,51.9969204,4.3720427,False,True,bicycle,
2026-04-07T01:03:34Z,donkey,donkey:6239234ba919,51.9901942,4.3646623,False,True,bicycle,
2026-04-07T01:03:34Z,donkey,donkey:f23971bf3da8,51.9902827,4.3644593,False,False,bicycle,
2026-04-07T01:03:34Z,donkey,donkey:067f13a789de,51.9902827,4.3644593,False,False,bicycle,
2026-04-07T01:03:34Z,donkey,donkey:1efd92014395,51.9902827,4.3644593,False,False,bicycle,
2026-04-07T01:03:34Z,donkey,donkey:c5496d04f156,51.9902567,4.3645933,False,False,bicycle,
2026-04-07T01:03:34Z,donkey,donkey:f969c3fb6fcd,51.9902827,4.3644593,False,True,bicycle,
2026-04-07T01:03:34Z,donkey,donkey:9d17e6f6d7fa,51.9902827,4.3644593,False,False,bicycle,
2026-04-07T01:03:34Z,donkey,donkey:54d5c7258143,51.9902667,4.3646002,False,False,bicycle,
2026-04-07T01:03:34Z,donkey,donkey:6879becf4705,51.9902825,4.3645786,False,True,bicycle,
2026-04-07T01:03:34Z,donkey,donkey:a7cf0f3b9825,51.9902827,4.3644593,False,False,bicycle,
2026-04-07T01:03:34Z,donkey,donkey:e45445f6aed1,51.9875529,4.3457194,False,True,bicycle,
2026-04-07T01:03:34Z,donkey,donkey:48c3127d6a8d,51.9875645,4.3457608,False,True,bicycle,
2026-04-07T01:03:34Z,donkey,donkey:b1a2ea324b46,51.9942704,4.353769,False,True,bicycle,
2026-04-07T01:03:34Z,donkey,donkey:7d51a55c3f35,51.9939359,4.353609,False,False,bicycle,
2026-04-07T01:03:34Z,donkey,donkey:fad137c1a32a,51.994167,4.3536638,False,False,bicycle,
2026-04-07T01:03:34Z,donkey,donkey:982e8244a38c,51.997977,4.3546604,False,True,bicycle,
2026-04-07T01:03:34Z,donkey,donkey:4f59c22444e6,51.9979689,4.3549758,False,False,bicycle,
2026-04-07T01:03:34Z,donkey,donkey:5b92669d69bf,51.9974689,4.3788246,False,False,bicycle,
2026-04-07T01:03:34Z,donkey,donkey:64009d448f3b,51.9976756,4.3787447,False,True,bicycle,
2026-04-07T01:03:34Z,donkey,donkey:60df60592a0e,51.9974655,4.3786066,False,False,bicycle,
2026-04-07T01:03:34Z,donkey,donkey:cf98f66a0d1a,51.9909756,4.3652718,False,False,bicycle,
2026-04-07T01:03:34Z,donkey,donkey:482f157cc4c4,51.990972,4.3652981,False,False,bicycle,
2026-04-07T01:03:34Z,donkey,donkey:a4665288c5a1,51.9909793,4.3653493,False,False,bicycle,
2026-04-07T01:03:34Z,donkey,donkey:fbc5ad7bbdfd,51.9651185,4.6169205,False,False,bicycle,
2026-04-07T01:03:34Z,donkey,donkey:064274a4827c,51.844619,4.6385736,False,False,bicycle,
2026-04-07T01:03:34Z,donkey,donkey:24cf5338557c,51.8446422,4.6386125,False,False,bicycle,
2026-04-07T01:03:34Z,donkey,donkey:2daeba413649,51.8441983,4.6221039,False,False,bicycle,
2026-04-07T01:03:34Z,donkey,donkey:384d34788a46,51.8502197,4.6454811,False,False,bicycle,
2026-04-07T01:03:34Z,donkey,donkey:c2269ec8e2ea,51.8502216,4.6457802,False,False,bicycle,
2026-04-07T01:03:34Z,donkey,donkey:debdf3bb5269,51.8385624,4.6418411,False,False,bicycle,
2026-04-07T01:03:34Z,donkey,donkey:6a562fb3e71b,51.8457808,4.6575171,False,False,bicycle,
2026-04-07T01:03:34Z,donkey,donkey:df3a3abdf6bb,51.8452954,4.630562,False,False,bicycle,
2026-04-07T01:03:34Z,donkey,donkey:2f7436e45bd3,51.8454372,4.630563,False,False,bicycle,
2026-04-07T01:03:34Z,donkey,donkey:d0a57391b485,51.9228063,4.6854813,False,False,bicycle,
2026-04-07T01:03:34Z,donkey,donkey:443de1bf548f,51.9228587,4.6854058,False,False,bicycle,
2026-04-07T01:03:34Z,donkey,donkey:0da0a4dfb26c,51.8837788,4.6617832,False,False,bicycle,
2026-04-07T01:03:34Z,donkey,donkey:f67ca48573ed,51.884168,4.6653847,False,False,bicycle,
2026-04-07T01:03:34Z,donkey,donkey:549165656d1c,51.8860635,4.6588539,False,False,bicycle,
2026-04-07T01:03:34Z,donkey,donkey:a7ee2dc3eb28,51.8884701,4.6877262,False,False,bicycle,
2026-04-07T01:03:34Z,donkey,donkey:97d6bc1e0552,51.8884701,4.6877262,False,False,bicycle,
2026-04-07T01:03:34Z,lime,lime:43bddbdb15ca,51.90493,4.44011,False,False,bicycle,electric_assist
2026-04-07T01:03:34Z,lime,lime:32c308804671,51.93304,4.47913,False,False,bicycle,electric_assist
2026-04-07T01:03:34Z,lime,lime:054e809e72cf,51.92733,4.44068,False,False,bicycle,electric_assist
2026-04-07T01:03:34Z,lime,lime:e12cf03d62e2,51.93028,4.48371,False,False,bicycle,electric_assist
2026-04-07T01:03:34Z,lime,lime:af2846c03273,51.92598,4.48244,False,False,bicycle,electric_assist
2026-04-07T01:03:34Z,lime,lime:9d6eb56ba882,51.91237,4.50912,False,False,bicycle,electric_assist
2026-04-07T01:03:34Z,lime,lime:c7751c8edbac,51.92005,4.45209,False,False,bicycle,electric_assist
2026-04-07T01:03:34Z,lime,lime:cff7da933297,51.88355,4.50708,False,False,bicycle,electric_assist
2026-04-07T01:03:34Z,lime,lime:1ae3c4d5e70d,51.92186,4.46063,False,False,bicycle,electric_assist
2026-04-07T01:03:34Z,lime,lime:92648017ed88,51.92103,4.38881,False,False,bicycle,electric_assist
2026-04-07T01:03:34Z,lime,lime:320fd20de2c1,51.92873,4.49899,False,False,bicycle,electric_assist
2026-04-07T01:03:34Z,lime,lime:95077588aa72,51.92411,4.48823,False,False,bicycle,electric_assist
2026-04-07T01:03:34Z,lime,lime:248761c6224d,51.92622,4.4821,False,False,bicycle,electric_assist
2026-04-07T01:03:34Z,lime,lime:008231f165ff,51.92534,4.49386,False,False,bicycle,electric_assist
2026-04-07T01:03:34Z,lime,lime:5ab721b0423b,51.93486,4.37817,False,False,bicycle,electric_assist
2026-04-07T01:03:34Z,lime,lime:161f96585c72,51.92273,4.47348,False,False,bicycle,electric_assist
2026-04-07T01:03:34Z,lime,lime:0eaf72067aa6,51.89885,4.4996,False,False,bicycle,electric_assist
2026-04-07T01:03:34Z,lime,lime:c66c684748cb,51.88639,4.54939,False,False,bicycle,electric_assist
2026-04-07T01:03:34Z,lime,lime:d527219e3e18,51.91504,4.51652,False,False,bicycle,electric_assist
2026-04-07T01:03:34Z,lime,lime:3a44d62cd4b4,51.94933,4.43263,False,False,bicycle,electric_assist
2026-04-07T01:03:34Z,lime,lime:5b7264d2935d,51.92608,4.45785,False,False,bicycle,electric_assist
2026-04-07T01:03:34Z,lime,lime:b96f53c265dd,51.91781,4.44507,False,False,bicycle,electric_assist
2026-04-07T01:03:34Z,lime,lime:3c6b8fb907c1,51.87426,4.52313,False,False,bicycle,electric_assist
2026-04-07T01:03:34Z,lime,lime:6e33d191e577,51.92564,4.4152,False,False,bicycle,electric_assist
2026-04-07T01:03:34Z,lime,lime:1025215e0066,51.90471,4.50513,False,False,bicycle,electric_assist
2026-04-07T01:03:34Z,lime,lime:f31d37757f80,51.92161,4.50709,False,False,bicycle,electric_assist
2026-04-07T01:03:34Z,lime,lime:f52cc97315ac,51.88868,4.48174,False,False,bicycle,electric_assist
2026-04-07T01:03:34Z,lime,lime:48fa9f085bde,51.91509,4.48415,False,False,bicycle,electric_assist
2026-04-07T01:03:34Z,lime,lime:b1c099843ba4,51.88706,4.52141,False,False,bicycle,electric_assist
2026-04-07T01:03:34Z,lime,lime:052bbc992bda,51.91636,4.48156,False,False,bicycle,electric_assist
2026-04-07T01:03:34Z,lime,lime:4ea0ea961468,51.92057,4.47405,False,False,bicycle,electric_assist
2026-04-07T01:03:34Z,lime,lime:0c8098142dce,51.9209,4.47192,False,False,bicycle,electric_assist
2026-04-07T01:03:34Z,lime,lime:98f42fc7eb51,51.88635,4.54944,False,False,bicycle,electric_assist
2026-04-07T01:03:34Z,lime,lime:2f54f3af58a8,51.93318,4.45553,False,False,bicycle,electric_assist
2026-04-07T01:03:34Z,lime,lime:1c4124504891,51.90946,4.44205,False,False,bicycle,electric_assist
2026-04-07T01:03:34Z,lime,lime:bf326c231929,51.92435,4.50386,False,False,bicycle,electric_assist
2026-04-07T01:03:34Z,lime,lime:9fb88d9f63ca,51.9201,4.49665,False,False,bicycle,electric_assist
2026-04-07T01:03:34Z,lime,lime:5fc4d67e2414,51.90499,4.44011,False,False,bicycle,electric_assist
2026-04-07T01:03:34Z,lime,lime:f9435c695ccb,51.92097,4.54208,False,False,bicycle,electric_assist
2026-04-07T01:03:34Z,lime,lime:e8f950d07235,51.91956,4.51501,False,False,bicycle,electric_assist
2026-04-07T01:03:34Z,lime,lime:dd86085f4b3e,51.91733,4.43404,False,False,bicycle,electric_assist
2026-04-07T01:03:34Z,lime,lime:aef53781543b,51.92167,4.49296,False,False,bicycle,electric_assist
2026-04-07T01:03:34Z,lime,lime:bba54ef7fcc4,51.92403,4.47955,False,False,bicycle,electric_assist
2026-04-07T01:03:34Z,lime,lime:10ba6f57bde7,51.99124,4.365,False,False,bicycle,electric_assist
2026-04-07T01:03:34Z,lime,lime:585eabab041f,51.91279,4.476,False,False,bicycle,electric_assist
2026-04-07T01:03:34Z,lime,lime:8355c5c33e0f,51.88263,4.52118,False,False,bicycle,electric_assist
2026-04-07T01:03:34Z,lime,lime:d4d42473cac4,51.91975,4.50596,False,False,bicycle,electric_assist
2026-04-07T01:03:34Z,lime,lime:9ae7ea103640,51.90588,4.47591,False,False,bicycle,electric_assist
2026-04-07T01:03:34Z,lime,lime:abd48ceb17c6,51.93171,4.49692,False,False,bicycle,electric_assist
2026-04-07T01:03:34Z,lime,lime:e8bc2665e3d8,51.91337,4.52293,False,False,bicycle,electric_assist
2026-04-07T01:03:34Z,lime,lime:cc296614649f,51.90655,4.45175,False,False,bicycle,electric_assist
2026-04-07T01:03:34Z,lime,lime:9b075788c5b2,51.91487,4.45042,False,False,bicycle,electric_assist
2026-04-07T01:03:34Z,lime,lime:2a8ad80be311,51.8743,4.52315,False,False,bicycle,electric_assist
2026-04-07T01:03:34Z,lime,lime:a2c66ab3fcea,51.9014,4.49115,False,False,bicycle,electric_assist
2026-04-07T01:03:34Z,lime,lime:12c5ff0e7fd3,51.92224,4.50223,False,False,bicycle,electric_assist
2026-04-07T01:03:34Z,lime,lime:f1a47df55710,51.94588,4.47219,False,False,bicycle,electric_assist
2026-04-07T01:03:34Z,lime,lime:8a37275df996,51.93061,4.49616,False,False,bicycle,electric_assist
2026-04-07T01:03:34Z,lime,lime:023359800906,51.9201,4.44389,False,False,bicycle,electric_assist
2026-04-07T01:03:34Z,lime,lime:bdc2f083c3b6,51.9267,4.46259,False,False,bicycle,electric_assist
2026-04-07T01:03:34Z,lime,lime:6f096681d52f,51.91784,4.51806,False,False,bicycle,electric_assist
2026-04-07T01:03:34Z,lime,lime:8d8f01c49ce5,51.91554,4.3966,False,False,bicycle,electric_assist
2026-04-07T01:03:34Z,lime,lime:b80061274175,51.90628,4.49732,False,False,bicycle,electric_assist
2026-04-07T01:03:34Z,lime,lime:d8419ee6faeb,51.94356,4.50202,False,False,bicycle,electric_assist
2026-04-07T01:03:34Z,lime,lime:6e58e90a4c98,51.92562,4.48858,False,False,bicycle,electric_assist
2026-04-07T01:03:34Z,lime,lime:01203cd02b8b,51.90705,4.44181,False,False,bicycle,electric_assist
2026-04-07T01:03:34Z,lime,lime:5aabc5be3743,51.92243,4.46604,False,False,bicycle,electric_assist
2026-04-07T01:03:34Z,lime,lime:d35b81e603ab,51.90174,4.49234,False,False,bicycle,electric_assist
2026-04-07T01:03:34Z,lime,lime:6ca6e09cf961,51.92689,4.50191,False,False,bicycle,electric_assist
2026-04-07T01:03:34Z,lime,lime:8149a91a2928,51.92163,4.50711,False,False,bicycle,electric_assist
2026-04-07T01:03:34Z,lime,lime:fcfc7cff2334,51.94243,4.53785,False,False,bicycle,electric_assist
2026-04-07T01:03:34Z,lime,lime:4ff214ca4e91,51.93774,4.55372,False,False,bicycle,electric_assist
2026-04-07T01:03:34Z,lime,lime:a3d68487b172,51.88061,4.534,False,False,bicycle,electric_assist
2026-04-07T01:03:34Z,lime,lime:531abe90c9fb,51.93471,4.46812,False,False,bicycle,electric_assist
2026-04-07T01:03:34Z,lime,lime:a2fc1613de69,51.9112,4.386,False,False,bicycle,electric_assist
2026-04-07T01:03:34Z,lime,lime:69ea6b76cd1c,51.93458,4.45809,False,False,bicycle,electric_assist
2026-04-07T01:03:34Z,lime,lime:e73af4ddc323,51.92221,4.50225,False,False,bicycle,electric_assist
2026-04-07T01:03:34Z,lime,lime:0c1f4ceb0f2b,51.96078,4.47353,False,False,bicycle,electric_assist
2026-04-07T01:03:34Z,lime,lime:2bc3b055669d,51.89009,4.50023,False,False,bicycle,electric_assist
2026-04-07T01:03:34Z,lime,lime:a3714c96b101,51.89473,4.46193,False,False,bicycle,electric_assist
2026-04-07T01:03:34Z,lime,lime:3601cbdc28d3,51.88645,4.54931,False,False,bicycle,electric_assist
2026-04-07T01:03:34Z,lime,lime:38115fa06d8d,51.92318,4.41527,False,False,bicycle,electric_assist
2026-04-07T01:03:34Z,lime,lime:0945871da534,51.92867,4.51037,False,False,bicycle,electric_assist
2026-04-07T01:03:34Z,lime,lime:436afaf0ba31,51.91925,4.48188,False,False,bicycle,electric_assist
2026-04-07T01:03:34Z,lime,lime:e97393e48df3,51.94249,4.53793,False,False,bicycle,electric_assist
2026-04-07T01:03:34Z,lime,lime:46439bfe4879,51.91728,4.49181,False,False,bicycle,electric_assist
2026-04-07T01:03:34Z,lime,lime:abcda4f7781c,51.94461,4.48722,False,False,bicycle,electric_assist
2026-04-07T01:03:34Z,lime,lime:cee50726cb42,51.92324,4.49345,False,False,bicycle,electric_assist
2026-04-07T01:03:34Z,lime,lime:6366c592f5b1,51.91416,4.49593,False,False,bicycle,electric_assist
2026-04-07T01:03:34Z,lime,lime:8d4c26f10c4e,51.95894,4.47159,False,False,bicycle,electric_assist
2026-04-07T01:03:34Z,lime,lime:2b9d6fbe49e5,51.96414,4.55164,False,False,bicycle,electric_assist
2026-04-07T01:03:34Z,lime,lime:9218187b569b,51.91613,4.49006,False,False,bicycle,electric_assist
2026-04-07T01:03:34Z,lime,lime:54e1286e8adb,51.92087,4.45304,False,False,bicycle,electric_assist
2026-04-07T01:03:34Z,lime,lime:b5d33993aa29,51.88045,4.53011,False,False,bicycle,electric_assist
2026-04-07T01:03:34Z,lime,lime:1ff56917e412,51.90926,4.45822,False,False,bicycle,electric_assist
2026-04-07T01:03:34Z,lime,lime:7e41d9446ff5,51.91331,4.43252,False,False,bicycle,electric_assist
2026-04-07T01:03:34Z,lime,lime:0604974013e9,51.90789,4.50137,False,False,bicycle,electric_assist
2026-04-07T01:03:34Z,lime,lime:8b789dca3e21,51.92249,4.48737,False,False,bicycle,electric_assist
2026-04-07T01:03:34Z,lime,lime:fd7937d08bab,51.95093,4.55513,False,False,bicycle,electric_assist
2026-04-07T01:03:34Z,lime,lime:764d631d5141,51.9539,4.46816,False,False,bicycle,electric_assist
2026-04-07T01:03:34Z,lime,lime:1b27d20440b3,51.90325,4.39801,False,False,bicycle,electric_assist
2026-04-07T01:03:34Z,lime,lime:59817a6119bd,51.90169,4.49237,False,False,bicycle,electric_assist
2026-04-07T01:03:34Z,lime,lime:208dae569f35,51.89203,4.50466,False,False,bicycle,electric_assist
2026-04-07T01:03:34Z,lime,lime:93530aee2d84,51.92847,4.37072,False,False,bicycle,electric_assist
2026-04-07T01:03:34Z,lime,lime:f69f7947cd8c,51.93035,4.46431,False,False,bicycle,electric_assist
2026-04-07T01:03:34Z,lime,lime:f48134a982d3,51.91558,4.38505,False,False,bicycle,electric_assist
2026-04-07T01:03:34Z,lime,lime:0ec788a1301f,51.93317,4.522,False,False,bicycle,electric_assist
2026-04-07T01:03:34Z,lime,lime:e8876e4dda17,51.91696,4.52777,False,False,bicycle,electric_assist
2026-04-07T01:03:34Z,lime,lime:99fe1ce3f25a,51.93155,4.49927,False,False,bicycle,electric_assist
2026-04-07T01:03:34Z,lime,lime:34f5d1e6d7b6,51.90029,4.48724,False,False,bicycle,electric_assist
2026-04-07T01:03:34Z,lime,lime:023dba2d7aaa,51.91566,4.49925,False,False,bicycle,electric_assist
2026-04-07T01:03:34Z,lime,lime:3c2e3a166718,51.9033,4.50384,False,False,bicycle,electric_assist
2026-04-07T01:03:34Z,lime,lime:ffb7594a4fb0,51.90989,4.45479,False,False,bicycle,electric_assist
2026-04-07T01:03:34Z,lime,lime:f092486b251a,51.88685,4.4801,False,False,bicycle,electric_assist
2026-04-07T01:03:34Z,lime,lime:b41e15a1f757,51.88991,4.51945,False,False,bicycle,electric_assist
2026-04-07T01:03:34Z,lime,lime:dd9fdc06fa00,51.90054,4.49942,False,False,bicycle,electric_assist
2026-04-07T01:03:34Z,lime,lime:b0f38485f6cd,51.92287,4.46973,False,False,bicycle,electric_assist
2026-04-07T01:03:34Z,lime,lime:a84d342d4220,51.94559,4.56865,False,False,bicycle,electric_assist
2026-04-07T01:03:34Z,lime,lime:d7130eebaacc,51.88816,4.4609,False,False,bicycle,electric_assist
2026-04-07T01:03:34Z,lime,lime:3d9831131020,51.94246,4.53789,False,False,bicycle,electric_assist
2026-04-07T01:03:34Z,lime,lime:6e1d79174921,51.99707,4.37155,False,False,bicycle,electric_assist
2026-04-07T01:03:34Z,lime,lime:20633a97a2c6,51.91154,4.47859,False,False,bicycle,electric_assist
2026-04-07T01:03:34Z,lime,lime:0ad0404349af,51.91195,4.50399,False,False,bicycle,electric_assist
2026-04-07T01:03:34Z,lime,lime:d73e40b5da87,51.92256,4.40894,False,False,bicycle,electric_assist
2026-04-07T01:03:34Z,lime,lime:69109a236f22,51.92846,4.49308,False,False,bicycle,electric_assist
2026-04-07T01:03:34Z,lime,lime:15a41919b34f,51.89069,4.48652,False,False,bicycle,electric_assist
2026-04-07T01:03:34Z,lime,lime:dbda918e77a4,51.88817,4.4609,False,False,bicycle,electric_assist
2026-04-07T01:03:34Z,lime,lime:8cb059cff4cb,51.91347,4.4765,False,False,bicycle,electric_assist
2026-04-07T01:03:34Z,lime,lime:3f6bb709bade,51.88445,4.50953,False,False,bicycle,electric_assist
2026-04-07T01:03:34Z,lime,lime:42a4f3ce4178,51.95384,4.52014,False,False,bicycle,electric_assist
2026-04-07T01:03:34Z,lime,lime:59c5b95abe2b,51.91138,4.49773,False,False,bicycle,electric_assist
2026-04-07T01:03:34Z,lime,lime:ed7f5338804b,51.92315,4.49349,False,False,bicycle,electric_assist
2026-04-07T01:03:34Z,lime,lime:839eff70b7a5,51.91566,4.49794,False,False,bicycle,electric_assist
2026-04-07T01:03:34Z,lime,lime:ec8da2cab607,51.91675,4.43836,False,False,bicycle,electric_assist
2026-04-07T01:03:34Z,lime,lime:0708ba248ad6,51.92698,4.47231,False,False,bicycle,electric_assist
2026-04-07T01:03:34Z,lime,lime:6b6c2af01066,51.93994,4.47645,False,False,bicycle,electric_assist
2026-04-07T01:03:34Z,lime,lime:79a8b884133a,51.92524,4.50922,False,True,bicycle,electric_assist
2026-04-07T01:03:34Z,lime,lime:962c5f5e99a1,51.90325,4.39802,False,False,bicycle,electric_assist
2026-04-07T01:03:34Z,lime,lime:f6d7cf0f237d,51.90327,4.50203,False,False,bicycle,electric_assist
2026-04-07T01:03:34Z,lime,lime:88262ea06be4,51.89087,4.49339,False,False,bicycle,electric_assist
2026-04-07T01:03:34Z,lime,lime:ec1651b9b4e7,51.9079,4.50139,False,False,bicycle,electric_assist
2026-04-07T01:03:34Z,lime,lime:46bfe190028c,51.99134,4.34842,False,False,bicycle,electric_assist
2026-04-07T01:03:34Z,lime,lime:0a46e5bd6d2c,51.92918,4.50529,False,False,bicycle,electric_assist
2026-04-07T01:03:34Z,lime,lime:69dc63ff51ee,51.92852,4.502,False,False,bicycle,electric_assist
2026-04-07T01:03:34Z,lime,lime:496c2cd8f8dc,51.93556,4.46813,False,False,bicycle,electric_assist
2026-04-07T01:03:34Z,lime,lime:0b16144e479d,51.92164,4.49292,False,False,bicycle,electric_assist
2026-04-07T01:03:34Z,lime,lime:79ae8a900349,51.92889,4.5098,False,False,bicycle,electric_assist
2026-04-07T01:03:34Z,lime,lime:2fd0cd4c41e7,51.92068,4.52492,False,False,bicycle,electric_assist
2026-04-07T01:03:34Z,lime,lime:080cfcc84822,51.92738,4.52091,False,False,bicycle,electric_assist
2026-04-07T01:03:34Z,lime,lime:f8dead2e8d98,51.95322,4.47454,False,False,bicycle,electric_assist
2026-04-07T01:03:34Z,lime,lime:103f29be2a3b,51.94183,4.54646,False,False,bicycle,electric_assist
2026-04-07T01:03:34Z,lime,lime:93cf3fc5b81a,51.92946,4.46778,False,False,bicycle,electric_assist
2026-04-07T01:03:34Z,lime,lime:18d6c46d3d76,51.91424,4.49609,False,False,bicycle,electric_assist
2026-04-07T01:03:34Z,lime,lime:eaa8731584c7,51.95889,4.48098,False,False,bicycle,electric_assist
2026-04-07T01:03:34Z,lime,lime:dbbe0edf952f,51.93397,4.49706,False,False,bicycle,electric_assist
2026-04-07T01:03:34Z,lime,lime:b7dc6d575491,51.91619,4.4902,False,False,bicycle,electric_assist
2026-04-07T01:03:34Z,lime,lime:220fdd7fef01,51.9303,4.48374,False,False,bicycle,electric_assist
2026-04-07T01:03:34Z,lime,lime:f5da959d900f,51.88934,4.49135,False,False,bicycle,electric_assist
2026-04-07T01:03:34Z,lime,lime:b96b89d1be05,51.92106,4.52612,False,False,bicycle,electric_assist
2026-04-07T01:03:34Z,lime,lime:b8060e142c0c,51.93205,4.48557,False,False,bicycle,electric_assist
2026-04-07T01:03:34Z,lime,lime:feac0d9d7536,51.92733,4.44065,False,False,bicycle,electric_assist
2026-04-07T01:03:34Z,lime,lime:df444dd54116,51.9471,4.48521,False,False,bicycle,electric_assist
2026-04-07T01:03:34Z,lime,lime:bf814b629368,51.89688,4.52184,False,False,bicycle,electric_assist
2026-04-07T01:03:34Z,lime,lime:997385f38c51,51.93827,4.4043,False,False,bicycle,electric_assist
2026-04-07T01:03:34Z,lime,lime:292656af3577,51.91411,4.42241,False,False,bicycle,electric_assist
2026-04-07T01:03:34Z,lime,lime:56e1287b7be0,51.96337,4.55459,False,False,bicycle,electric_assist
2026-04-07T01:03:34Z,lime,lime:806c6450f562,51.9626,4.4877,False,False,bicycle,electric_assist
2026-04-07T01:03:34Z,lime,lime:0a8e31ee41fb,51.93699,4.42772,False,False,bicycle,electric_assist
2026-04-07T01:03:34Z,lime,lime:c90d6a956db1,51.95923,4.49366,False,False,bicycle,electric_assist
2026-04-07T01:03:34Z,lime,lime:5e4179e0dc8e,51.9291,4.46385,False,False,bicycle,electric_assist
2026-04-07T01:03:34Z,lime,lime:d2147653fbf3,51.89187,4.47343,False,False,bicycle,electric_assist
2026-04-07T01:03:34Z,lime,lime:2cb7051c57e0,51.91387,4.39749,False,False,bicycle,electric_assist
2026-04-07T01:03:34Z,lime,lime:5a1780264710,51.94052,4.47983,False,False,bicycle,electric_assist
2026-04-07T01:03:34Z,lime,lime:1978ca0e65da,51.91344,4.43256,False,False,bicycle,electric_assist
2026-04-07T01:03:34Z,lime,lime:4640a492a525,51.92092,4.47215,False,False,bicycle,electric_assist
2026-04-07T01:03:34Z,lime,lime:a0b166ad6eb7,51.90407,4.50458,False,False,bicycle,electric_assist
2026-04-07T01:03:34Z,lime,lime:3ef8506592eb,51.93224,4.46415,False,False,bicycle,electric_assist
2026-04-07T01:03:34Z,lime,lime:732f4dafebfd,51.90405,4.50334,False,False,bicycle,electric_assist
2026-04-07T01:03:34Z,lime,lime:286278c15579,51.90308,4.46872,False,False,bicycle,electric_assist
2026-04-07T01:03:34Z,lime,lime:bc45d6f1fc52,51.8873,4.53794,False,False,bicycle,electric_assist
2026-04-07T01:03:34Z,lime,lime:323ed6643f73,51.92964,4.47986,False,False,bicycle,electric_assist
2026-04-07T01:03:34Z,lime,lime:7eac336415b9,51.93141,4.50715,False,False,bicycle,electric_assist
2026-04-07T01:03:34Z,lime,lime:80e73d40bf7b,51.93551,4.45822,False,False,bicycle,electric_assist
2026-04-07T01:03:34Z,lime,lime:6b4ef3e7c936,51.92777,4.47664,False,False,bicycle,electric_assist
2026-04-07T01:03:34Z,lime,lime:328a0c31126c,51.89734,4.4692,False,False,bicycle,electric_assist
2026-04-07T01:03:34Z,lime,lime:3dbe76781723,51.89555,4.5065,False,False,bicycle,electric_assist
2026-04-07T01:03:34Z,lime,lime:b582535d3a35,51.9905,4.35723,False,False,bicycle,electric_assist
2026-04-07T01:03:34Z,lime,lime:3c5b6b321322,51.92966,4.44803,False,False,bicycle,electric_assist
2026-04-07T01:03:34Z,lime,lime:bc88e9d08805,51.94629,4.48708,False,False,bicycle,electric_assist
2026-04-07T01:03:34Z,lime,lime:c95ce273b6f0,51.92949,4.50105,False,False,bicycle,electric_assist
2026-04-07T01:03:34Z,lime,lime:3628dd266050,51.91803,4.41503,False,False,bicycle,electric_assist
2026-04-07T01:03:34Z,lime,lime:f09c6af9c0ce,51.89919,4.48179,False,False,bicycle,electric_assist
2026-04-07T01:03:34Z,lime,lime:dd286b7f1fd2,51.89685,4.5218,False,False,bicycle,electric_assist
2026-04-07T01:03:34Z,lime,lime:6226b8c79752,51.88699,4.50499,False,False,bicycle,electric_assist
2026-04-07T01:03:34Z,lime,lime:1dd9c5d5fd15,51.91103,4.50139,False,False,bicycle,electric_assist
2026-04-07T01:03:34Z,lime,lime:d7a751e97eb1,51.99633,4.37248,False,False,bicycle,electric_assist
2026-04-07T01:03:34Z,lime,lime:147ad7bb8a89,51.92448,4.49909,False,False,bicycle,electric_assist
2026-04-07T01:03:34Z,lime,lime:cfce48687308,51.92791,4.45634,False,False,bicycle,electric_assist
2026-04-07T01:03:34Z,lime,lime:0d0b622888ac,51.92028,4.4721,False,False,bicycle,electric_assist
2026-04-07T01:03:34Z,lime,lime:f95e69520e3e,51.92167,4.49297,False,False,bicycle,electric_assist
2026-04-07T01:03:34Z,lime,lime:650af053db55,51.92256,4.50312,False,False,bicycle,electric_assist
2026-04-07T01:03:34Z,lime,lime:37122ca4895d,51.89436,4.46272,False,True,bicycle,electric_assist
2026-04-07T01:03:34Z,lime,lime:8270428e726e,51.92667,4.46264,False,False,bicycle,electric_assist
2026-04-07T01:03:34Z,lime,lime:1a56c8bbaae0,51.88818,4.4609,False,False,bicycle,electric_assist
2026-04-07T01:03:34Z,lime,lime:4ca418ef19a4,51.91242,4.43034,False,False,bicycle,electric_assist
2026-04-07T01:03:34Z,lime,lime:91f31cc35dd9,51.91003,4.45668,False,False,bicycle,electric_assist
2026-04-07T01:03:34Z,lime,lime:48db15710ef7,51.92004,4.4452,False,False,bicycle,electric_assist
2026-04-07T01:03:34Z,lime,lime:dfb352f4a439,51.92321,4.48786,False,False,bicycle,electric_assist
2026-04-07T01:03:34Z,lime,lime:0a8c1c1641e4,51.93163,4.45627,False,False,bicycle,electric_assist
2026-04-07T01:03:34Z,lime,lime:05486bb76b93,51.92677,4.54953,False,False,bicycle,electric_assist
2026-04-07T01:03:34Z,lime,lime:dd5125a11b2a,51.93165,4.49895,False,False,bicycle,electric_assist
2026-04-07T01:03:34Z,lime,lime:a07b7d2c7be4,51.88322,4.47313,False,False,bicycle,electric_assist
2026-04-07T01:03:34Z,lime,lime:922d4ce06eee,51.91088,4.51944,False,False,bicycle,electric_assist
2026-04-07T01:03:34Z,lime,lime:c9fa410c1009,51.88894,4.47888,False,False,bicycle,electric_assist
2026-04-07T01:03:34Z,lime,lime:ca9451601274,51.90343,4.50465,False,False,bicycle,electric_assist
2026-04-07T01:03:34Z,lime,lime:7df3fb9310cb,51.88648,4.49655,False,False,bicycle,electric_assist
2026-04-07T01:03:34Z,lime,lime:9ce9d4009b1e,51.93774,4.55371,False,False,bicycle,electric_assist
2026-04-07T01:03:34Z,lime,lime:c9efba9e9d19,51.91472,4.43584,False,False,bicycle,electric_assist
2026-04-07T01:03:34Z,lime,lime:3e757bdce309,51.90762,4.3964,False,False,bicycle,electric_assist
2026-04-07T01:03:34Z,lime,lime:5eb40643eec0,51.93036,4.51245,False,False,bicycle,electric_assist
2026-04-07T01:03:34Z,lime,lime:9af31b3a08ff,51.9306,4.49616,False,False,bicycle,electric_assist
2026-04-07T01:03:34Z,lime,lime:59868011c7ec,51.89758,4.5113,False,False,bicycle,electric_assist
2026-04-07T01:03:34Z,lime,lime:bb765e6155d1,51.89038,4.48539,False,False,bicycle,electric_assist
2026-04-07T01:03:34Z,lime,lime:66203aa418d9,51.87488,4.4679,False,False,bicycle,electric_assist
2026-04-07T01:03:34Z,lime,lime:e9554e6acd3d,51.92775,4.47656,False,False,bicycle,electric_assist
2026-04-07T01:03:34Z,lime,lime:26eb85c0dbc1,51.92019,4.44316,False,False,bicycle,electric_assist
2026-04-07T01:03:34Z,lime,lime:8d0db8ae9d74,51.92268,4.47339,False,False,bicycle,electric_assist
2026-04-07T01:03:34Z,lime,lime:577267fb6c7c,51.9346,4.49815,False,False,bicycle,electric_assist
2026-04-07T01:03:34Z,lime,lime:b7ec828307cd,51.92798,4.47953,False,False,bicycle,electric_assist
2026-04-07T01:03:34Z,lime,lime:39864c385b09,51.92735,4.44063,False,False,bicycle,electric_assist
2026-04-07T01:03:34Z,lime,lime:c27f2f8d7fbd,51.97187,4.49616,False,False,bicycle,electric_assist
2026-04-07T01:03:34Z,lime,lime:42b1a1e92253,51.94526,4.47502,False,False,bicycle,electric_assist
2026-04-07T01:03:34Z,lime,lime:9143de5560fe,51.91535,4.50028,False,False,bicycle,electric_assist
2026-04-07T01:03:34Z,lime,lime:54c572d1d031,51.9433,4.47164,False,True,bicycle,electric_assist
2026-04-07T01:03:34Z,lime,lime:dce018e7f4e4,51.93373,4.47684,False,False,bicycle,electric_assist
2026-04-07T01:03:34Z,lime,lime:1a7dceb25840,51.92738,4.44045,False,False,bicycle,electric_assist
2026-04-07T01:03:34Z,lime,lime:1fbe140b15cb,51.89915,4.48464,False,False,bicycle,electric_assist
2026-04-07T01:03:34Z,lime,lime:60294cd628d3,51.91782,4.44505,False,False,bicycle,electric_assist
2026-04-07T01:03:34Z,lime,lime:d23c70db4fa1,51.90781,4.46235,False,False,bicycle,electric_assist
2026-04-07T01:03:34Z,lime,lime:56f696b123bd,51.89937,4.47777,False,False,bicycle,electric_assist
2026-04-07T01:03:34Z,lime,lime:dd681671f686,51.99086,4.36439,False,False,bicycle,electric_assist
2026-04-07T01:03:34Z,lime,lime:1a866939cdbf,51.87486,4.46793,False,False,bicycle,electric_assist
2026-04-07T01:03:34Z,lime,lime:db555e34b1df,51.92736,4.44054,False,False,bicycle,electric_assist
2026-04-07T01:03:34Z,lime,lime:7b948fc872a8,51.92015,4.50019,False,False,bicycle,electric_assist
2026-04-07T01:03:34Z,lime,lime:c59985025484,51.88915,4.48687,False,False,bicycle,electric_assist
2026-04-07T01:03:34Z,lime,lime:b794bac444a2,51.91687,4.52785,False,True,bicycle,electric_assist
2026-04-07T01:03:34Z,lime,lime:4244c462e734,51.92041,4.4226,False,False,bicycle,electric_assist
2026-04-07T01:03:34Z,lime,lime:c443050f14a9,51.92164,4.50702,False,False,bicycle,electric_assist
2026-04-07T01:03:34Z,lime,lime:d9dfbd5e4bdc,51.90603,4.47566,False,False,bicycle,electric_assist
2026-04-07T01:03:34Z,lime,lime:8ca290d252cb,51.92034,4.42269,False,False,bicycle,electric_assist
2026-04-07T01:03:34Z,lime,lime:bac75b7d13ac,51.90704,4.45535,False,False,bicycle,electric_assist
2026-04-07T01:03:34Z,lime,lime:5eb6cb5f82d2,51.93558,4.49556,False,False,bicycle,electric_assist
2026-04-07T01:03:34Z,lime,lime:c2b09e408e54,51.91232,4.45513,False,False,bicycle,electric_assist
2026-04-07T01:03:34Z,lime,lime:a53d5b1c39e7,51.959,4.47154,False,False,bicycle,electric_assist
2026-04-07T01:03:34Z,lime,lime:d8bdbd9ec35e,51.93236,4.47471,False,False,bicycle,electric_assist
2026-04-07T01:03:34Z,lime,lime:58b7c7cf87dc,51.89114,4.47958,False,False,bicycle,electric_assist
2026-04-07T01:03:34Z,lime,lime:d94717994b4f,51.92264,4.47343,False,False,bicycle,electric_assist
2026-04-07T01:03:34Z,lime,lime:e6de9e6e7cf6,51.92914,4.50534,False,True,bicycle,electric_assist
2026-04-07T01:03:34Z,lime,lime:6fee3a3df76d,51.90307,4.44289,False,False,bicycle,electric_assist
2026-04-07T01:03:34Z,lime,lime:952a981fdcb1,51.91705,4.441,False,False,bicycle,electric_assist
2026-04-07T01:03:34Z,lime,lime:ff49e0d99b91,51.9149,4.46563,False,False,bicycle,electric_assist
2026-04-07T01:03:34Z,lime,lime:45efc2c80900,51.92107,4.5411,False,False,bicycle,electric_assist
2026-04-07T01:03:34Z,lime,lime:68f0432f40c2,51.94529,4.53896,False,False,bicycle,electric_assist
2026-04-07T01:03:34Z,lime,lime:add44bdb14c7,51.99762,4.33335,False,False,bicycle,electric_assist
2026-04-07T01:03:34Z,lime,lime:69653b0e5206,51.9174,4.48518,False,False,bicycle,electric_assist
2026-04-07T01:03:34Z,lime,lime:72ce87aee9d2,51.89031,4.51981,False,False,bicycle,electric_assist
2026-04-07T01:03:34Z,lime,lime:12ea6389ad94,51.94061,4.43231,False,False,bicycle,electric_assist
2026-04-07T01:03:34Z,lime,lime:94687d245bf1,51.93394,4.49698,False,False,bicycle,electric_assist
2026-04-07T01:03:34Z,lime,lime:9ff1c4aa97c3,51.9255,4.50621,False,False,bicycle,electric_assist
2026-04-07T01:03:34Z,lime,lime:009ec06d6706,51.89768,4.51132,False,False,bicycle,electric_assist
2026-04-07T01:03:34Z,lime,lime:f5918ab8f351,51.94248,4.53792,False,False,bicycle,electric_assist
2026-04-07T01:03:34Z,lime,lime:fa4c1996c3a5,51.96242,4.4656,False,False,bicycle,electric_assist
2026-04-07T01:03:34Z,lime,lime:dd2fdab79217,51.91004,4.45227,False,False,bicycle,electric_assist
2026-04-07T01:03:34Z,lime,lime:b813dc3f7b8e,51.89692,4.52367,False,False,bicycle,electric_assist
2026-04-07T01:03:34Z,lime,lime:0b863f0b9fac,51.88685,4.48009,False,False,bicycle,electric_assist
2026-04-07T01:03:34Z,lime,lime:818088b8754e,51.91889,4.4939,False,False,bicycle,electric_assist
2026-04-07T01:03:34Z,lime,lime:3cef1a58bd46,51.94185,4.5464,False,False,bicycle,electric_assist
2026-04-07T01:03:34Z,lime,lime:6a2e1b79ccf1,51.90627,4.49737,False,False,bicycle,electric_assist
2026-04-07T01:03:34Z,lime,lime:7336a9e5abd4,51.92728,4.50784,False,False,bicycle,electric_assist
2026-04-07T01:03:34Z,lime,lime:cf9e6a2e81e5,51.92763,4.50412,False,False,bicycle,electric_assist
2026-04-07T01:03:34Z,lime,lime:0a812e48989b,51.93344,4.44294,False,False,bicycle,electric_assist
2026-04-07T01:03:34Z,lime,lime:c42ec120784a,51.91512,4.52149,False,False,bicycle,electric_assist
2026-04-07T01:03:34Z,lime,lime:61cd521b5dc1,51.91932,4.44929,False,False,bicycle,electric_assist
2026-04-07T01:03:34Z,lime,lime:346a8b163915,51.91507,4.52155,False,False,bicycle,electric_assist
2026-04-07T01:03:34Z,lime,lime:9a45acf6669c,51.9102,4.44464,False,False,bicycle,electric_assist
2026-04-07T01:03:34Z,lime,lime:9d6303505b6c,51.88819,4.46084,False,False,bicycle,electric_assist
2026-04-07T01:03:34Z,lime,lime:1bcf78254ec6,51.8942,4.49933,False,False,bicycle,electric_assist
2026-04-07T01:03:34Z,lime,lime:b1ea2ca387ef,51.9144,4.41239,False,False,bicycle,electric_assist
2026-04-07T01:03:34Z,lime,lime:1117fed6177e,51.8901,4.48291,False,False,bicycle,electric_assist
2026-04-07T01:03:34Z,lime,lime:5a522879c897,51.92299,4.38674,False,False,bicycle,electric_assist
2026-04-07T01:03:34Z,lime,lime:8b4aa61ff20c,51.944,4.50287,False,False,bicycle,electric_assist
2026-04-07T01:03:34Z,lime,lime:db1242b1625f,51.93304,4.49738,False,False,bicycle,electric_assist
2026-04-07T01:03:34Z,lime,lime:6c921c07eaf0,51.89222,4.49831,False,False,bicycle,electric_assist
2026-04-07T01:03:34Z,lime,lime:bd45f585664e,51.89056,4.47279,False,False,bicycle,electric_assist
2026-04-07T01:03:34Z,lime,lime:d97ee0935e72,51.96492,4.54914,False,False,bicycle,electric_assist
2026-04-07T01:03:34Z,lime,lime:2362a8d37691,51.92268,4.47347,False,False,bicycle,electric_assist
2026-04-07T01:03:34Z,lime,lime:8195ec30f7a2,51.91353,4.47647,False,False,bicycle,electric_assist
2026-04-07T01:03:34Z,lime,lime:51838e3676cb,51.93365,4.48112,False,False,bicycle,electric_assist
2026-04-07T01:03:34Z,lime,lime:4801c202dee1,51.93248,4.46782,False,False,bicycle,electric_assist
2026-04-07T01:03:34Z,lime,lime:2579a8b9fbbd,51.88507,4.51255,False,False,bicycle,electric_assist
2026-04-07T01:03:34Z,lime,lime:90f6b059ef65,51.93214,4.49573,False,False,bicycle,electric_assist
2026-04-07T01:03:34Z,lime,lime:4d7ffb70d3ed,51.92943,4.49222,False,False,bicycle,electric_assist
2026-04-07T01:03:34Z,lime,lime:28b9ec7f7cda,51.89762,4.51139,False,False,bicycle,electric_assist
2026-04-07T01:03:34Z,lime,lime:0a09820ce20a,51.92299,4.5156,False,False,bicycle,electric_assist
2026-04-07T01:03:34Z,lime,lime:91a3fe261b3f,51.92881,4.46906,False,False,bicycle,electric_assist
2026-04-07T01:03:34Z,lime,lime:3471f6348b8b,51.9319,4.49773,False,False,bicycle,electric_assist
2026-04-07T01:03:34Z,lime,lime:5ed2bc7493a8,51.91227,4.45909,False,False,bicycle,electric_assist
2026-04-07T01:03:34Z,lime,lime:9cde7b1d0fd3,51.93265,4.45594,False,False,bicycle,electric_assist
2026-04-07T01:03:34Z,lime,lime:09399d51faa6,51.89921,4.48311,True,False,bicycle,electric_assist
2026-04-07T01:03:34Z,lime,lime:2f5dafaec338,51.92574,4.45483,False,False,bicycle,electric_assist
2026-04-07T01:03:34Z,lime,lime:1eac0e3e62ad,51.90924,4.45823,False,False,bicycle,electric_assist
2026-04-07T01:03:34Z,lime,lime:24eee975c113,51.91131,4.48971,False,False,bicycle,electric_assist
2026-04-07T01:03:34Z,lime,lime:5a71925bf014,51.99299,4.35259,False,False,bicycle,electric_assist
2026-04-07T01:03:34Z,lime,lime:d956d012f10c,51.90345,4.5046,False,False,bicycle,electric_assist
2026-04-07T01:03:34Z,lime,lime:76540d3e757b,51.87487,4.46787,False,False,bicycle,electric_assist
2026-04-07T01:03:34Z,lime,lime:b5198e2fb2ed,51.88997,4.46889,False,False,bicycle,electric_assist
2026-04-07T01:03:34Z,lime,lime:af0acd30bf67,51.88263,4.52118,False,False,bicycle,electric_assist
2026-04-07T01:03:34Z,lime,lime:b64855baf84c,51.93723,4.53614,False,False,bicycle,electric_assist
2026-04-07T01:03:34Z,lime,lime:79ea35b557c6,51.92082,4.47601,False,False,bicycle,electric_assist
2026-04-07T01:03:34Z,lime,lime:b4c199177456,51.90566,4.46287,False,False,bicycle,electric_assist
2026-04-07T01:03:34Z,lime,lime:2abbb9630b6f,51.94328,4.47157,False,False,bicycle,electric_assist
2026-04-07T01:03:34Z,lime,lime:1c76907348dc,51.92107,4.54123,False,False,bicycle,electric_assist
2026-04-07T01:03:34Z,lime,lime:9b3005c9d90e,51.91738,4.42049,False,False,bicycle,electric_assist
2026-04-07T01:03:34Z,lime,lime:2a676ad0cf39,51.90009,4.48286,False,False,bicycle,electric_assist
2026-04-07T01:03:34Z,lime,lime:d6901ba67453,51.92739,4.44044,False,False,bicycle,electric_assist
2026-04-07T01:03:34Z,lime,lime:1e5e9614330f,51.90469,4.4539,False,False,bicycle,electric_assist
2026-04-07T01:03:34Z,lime,lime:1db78ce38e5b,51.93335,4.42025,False,False,bicycle,electric_assist
2026-04-07T01:03:34Z,lime,lime:f7d8e412af4f,51.98262,4.37907,False,False,bicycle,electric_assist
2026-04-07T01:03:34Z,lime,lime:b0b0a8725127,51.91293,4.48537,False,False,bicycle,electric_assist
2026-04-07T01:03:34Z,lime,lime:e5c18913f520,51.90136,4.48043,False,False,bicycle,electric_assist
2026-04-07T01:03:34Z,lime,lime:03c5646c1ba5,51.91383,4.45004,False,False,bicycle,electric_assist
2026-04-07T01:03:34Z,lime,lime:9a4e7a58af6e,51.92542,4.51738,False,False,bicycle,electric_assist
2026-04-07T01:03:34Z,lime,lime:20b88e00c530,51.88964,4.49599,False,False,bicycle,electric_assist
2026-04-07T01:03:34Z,lime,lime:a75fbcf5211c,51.95474,4.4668,False,True,bicycle,electric_assist
2026-04-07T01:03:34Z,lime,lime:a19e2453dcc2,51.88631,4.47065,False,False,bicycle,electric_assist
2026-04-07T01:03:34Z,lime,lime:37f9a52b9277,51.87374,4.47703,False,False,bicycle,electric_assist
2026-04-07T01:03:34Z,lime,lime:2c030b5f230b,51.93446,4.46327,False,False,bicycle,electric_assist
2026-04-07T01:03:34Z,lime,lime:7d814faa1652,51.93326,4.49099,False,False,bicycle,electric_assist
2026-04-07T01:03:34Z,lime,lime:3f21dc604480,51.9157,4.47067,False,False,bicycle,electric_assist
2026-04-07T01:03:34Z,lime,lime:843ff97b8427,51.90499,4.44014,False,False,bicycle,electric_assist
2026-04-07T01:03:34Z,lime,lime:2195d8d21ee2,51.89236,4.53073,False,False,bicycle,electric_assist
2026-04-07T01:03:34Z,lime,lime:f16abacde6b3,51.88581,4.50841,False,False,bicycle,electric_assist
2026-04-07T01:03:34Z,lime,lime:9f6621753043,51.90766,4.39641,False,True,bicycle,electric_assist
2026-04-07T01:03:34Z,lime,lime:acb87077a3da,51.94205,4.40694,False,False,bicycle,electric_assist
2026-04-07T01:03:34Z,lime,lime:32988d1b9422,51.92472,4.51471,False,False,bicycle,electric_assist
2026-04-07T01:03:34Z,lime,lime:cc1606bd02f0,51.92771,4.4836,False,False,bicycle,electric_assist
2026-04-07T01:03:34Z,lime,lime:ea6e07c9f8a3,51.90793,4.50138,False,False,bicycle,electric_assist
2026-04-07T01:03:34Z,lime,lime:9d7deb2862b3,51.92261,4.38263,False,False,bicycle,electric_assist
2026-04-07T01:03:34Z,lime,lime:aee794c27bed,51.90808,4.45184,False,False,bicycle,electric_assist
2026-04-07T01:03:34Z,lime,lime:ac8a49e6963b,51.89389,4.50949,False,False,bicycle,electric_assist
2026-04-07T01:03:34Z,lime,lime:5fb627731011,51.89938,4.48302,False,False,bicycle,electric_assist
2026-04-07T01:03:34Z,lime,lime:8e379608e420,51.88637,4.54936,False,False,bicycle,electric_assist
2026-04-07T01:03:34Z,lime,lime:8054c7db74c5,51.93555,4.4745,False,False,bicycle,electric_assist
2026-04-07T01:03:34Z,lime,lime:196bde947a20,51.91421,4.49612,False,False,bicycle,electric_assist
2026-04-07T01:03:34Z,lime,lime:b4fcd0d3c92a,51.92083,4.4961,False,False,bicycle,electric_assist
2026-04-07T01:03:34Z,lime,lime:4bbd92773b4b,51.93375,4.45595,False,False,bicycle,electric_assist
2026-04-07T01:03:34Z,lime,lime:0cda29897707,51.91009,4.51961,False,True,bicycle,electric_assist
2026-04-07T01:03:34Z,lime,lime:9817bb9cfd24,51.91707,4.46085,False,False,bicycle,electric_assist
2026-04-07T01:03:34Z,lime,lime:9af71d3e9325,51.9328,4.47532,False,False,bicycle,electric_assist
2026-04-07T01:03:34Z,lime,lime:0dc584177b20,51.92322,4.49349,False,False,bicycle,electric_assist
2026-04-07T01:03:34Z,lime,lime:e67dd2f28174,51.89119,4.47964,False,False,bicycle,electric_assist
2026-04-07T01:03:34Z,lime,lime:bbf90d4a1753,51.92165,4.49294,False,False,bicycle,electric_assist
2026-04-07T01:03:34Z,lime,lime:da218d4f4d56,51.92262,4.3826,False,False,bicycle,electric_assist
2026-04-07T01:03:34Z,lime,lime:dfa697f994c0,51.93661,4.48558,False,False,bicycle,electric_assist
2026-04-07T01:03:34Z,lime,lime:643da0cf69d4,51.91201,4.4908,False,False,bicycle,electric_assist
2026-04-07T01:03:34Z,lime,lime:662f133c69ac,51.92285,4.46966,False,False,bicycle,electric_assist
2026-04-07T01:03:34Z,lime,lime:401f9755595a,51.92083,4.47605,False,False,bicycle,electric_assist
2026-04-07T01:03:34Z,lime,lime:cc2eb281c2da,51.99708,4.37153,False,False,bicycle,electric_assist
2026-04-07T01:03:34Z,lime,lime:0a64b4fdbe72,51.89471,4.46189,False,False,bicycle,electric_assist
2026-04-07T01:03:34Z,lime,lime:8c8c188d29aa,51.92531,4.51733,False,False,bicycle,electric_assist
2026-04-07T01:03:34Z,lime,lime:a470ccfc7184,51.92276,4.47348,False,False,bicycle,electric_assist
2026-04-07T01:03:34Z,lime,lime:30ca959cb475,51.92087,4.51471,False,False,bicycle,electric_assist
2026-04-07T01:03:34Z,lime,lime:4dd1351da63a,51.92785,4.5423,False,False,bicycle,electric_assist
2026-04-07T01:03:34Z,lime,lime:58576a18ae7b,51.90283,4.46951,False,False,bicycle,electric_assist
2026-04-07T01:03:34Z,lime,lime:859d7a075e31,51.91117,4.52481,False,False,bicycle,electric_assist
2026-04-07T01:03:34Z,lime,lime:f6dbeba19014,51.91472,4.43864,False,False,bicycle,electric_assist
2026-04-07T01:03:34Z,lime,lime:556832c14b45,51.92536,4.51732,False,False,bicycle,electric_assist
2026-04-07T01:03:34Z,lime,lime:a8c06ef3765d,51.90447,4.407,False,False,bicycle,electric_assist
2026-04-07T01:03:34Z,lime,lime:1994bbd22518,51.93694,4.42767,False,False,bicycle,electric_assist
2026-04-07T01:03:34Z,lime,lime:de3a80be39b5,51.91737,4.42054,False,False,bicycle,electric_assist
2026-04-07T01:03:34Z,lime,lime:54eb84afacd9,51.89821,4.4796,False,False,bicycle,electric_assist
2026-04-07T01:03:34Z,lime,lime:eb03a820d024,51.94401,4.50286,False,False,bicycle,electric_assist
2026-04-07T01:03:34Z,lime,lime:b8fb62974e82,51.91975,4.51298,False,False,bicycle,electric_assist
2026-04-07T01:03:34Z,lime,lime:cba31e995c35,51.88051,4.53003,False,False,bicycle,electric_assist
2026-04-07T01:03:34Z,lime,lime:e2db3afefdcb,51.91799,4.41507,True,False,bicycle,electric_assist
2026-04-07T01:03:34Z,lime,lime:9b9673c70f29,51.90939,4.48251,False,False,bicycle,electric_assist
2026-04-07T01:03:34Z,lime,lime:e9ca0a04418a,51.91147,4.46283,False,False,bicycle,electric_assist
2026-04-07T01:03:34Z,lime,lime:7f4c6acd299a,51.92742,4.51095,False,False,bicycle,electric_assist
2026-04-07T01:03:34Z,lime,lime:e48a2ac76e44,51.90361,4.40087,False,False,bicycle,electric_assist
2026-04-07T01:03:34Z,lime,lime:55e7dce2576c,51.91822,4.48337,False,False,bicycle,electric_assist
2026-04-07T01:03:34Z,lime,lime:6bbf05d6e10e,51.92705,4.51044,False,False,bicycle,electric_assist
2026-04-07T01:03:34Z,lime,lime:bda2956d7b03,51.93141,4.46148,False,False,bicycle,electric_assist
2026-04-07T01:03:34Z,lime,lime:e2ae222e95ea,51.92307,4.49676,False,False,bicycle,electric_assist
2026-04-07T01:03:34Z,lime,lime:2547768096f8,51.94523,4.55505,False,False,bicycle,electric_assist
2026-04-07T01:03:34Z,lime,lime:204b1f5c4088,51.92628,4.42692,False,False,bicycle,electric_assist
2026-04-07T01:03:34Z,lime,lime:0c336c15d5f5,51.93598,4.46599,False,False,bicycle,electric_assist
2026-04-07T01:03:34Z,lime,lime:63dbc8f63e69,51.89836,4.4735,False,False,bicycle,electric_assist
2026-04-07T01:03:34Z,lime,lime:abbcc14c5598,51.91423,4.4961,False,False,bicycle,electric_assist
2026-04-07T01:03:34Z,lime,lime:1192126ddc5b,51.93329,4.4542,False,False,bicycle,electric_assist
2026-04-07T01:03:34Z,lime,lime:19f877c840af,51.90938,4.50807,False,False,bicycle,electric_assist
2026-04-07T01:03:34Z,lime,lime:a8a327902e6b,51.92736,4.44054,False,False,bicycle,electric_assist
2026-04-07T01:03:34Z,lime,lime:8c64d85d9a51,51.98846,4.38355,False,False,bicycle,electric_assist
2026-04-07T01:03:34Z,lime,lime:b29297301344,51.94289,4.48394,False,False,bicycle,electric_assist
2026-04-07T01:03:34Z,lime,lime:3565c504dc6f,51.95138,4.47047,False,False,bicycle,electric_assist
2026-04-07T01:03:34Z,lime,lime:2dd58b5e0012,51.9599,4.47883,False,False,bicycle,electric_assist
2026-04-07T01:03:34Z,lime,lime:7060d8aed2f2,51.92688,4.47295,False,False,bicycle,electric_assist
2026-04-07T01:03:34Z,lime,lime:1b09b9f0de68,51.9177,4.48788,False,False,bicycle,electric_assist
2026-04-07T01:03:34Z,lime,lime:37e95d0c04d5,51.8938,4.50945,False,False,bicycle,electric_assist
2026-04-07T01:03:34Z,lime,lime:0de6650a0f3e,51.92274,4.45788,False,False,bicycle,electric_assist
2026-04-07T01:03:34Z,lime,lime:3497666ac308,51.9126,4.52731,False,False,bicycle,electric_assist
2026-04-07T01:03:34Z,lime,lime:130e153e3eda,51.9115,4.47857,False,False,bicycle,electric_assist
2026-04-07T01:03:34Z,lime,lime:12d90e53b972,51.92188,4.54603,False,False,bicycle,electric_assist
2026-04-07T01:03:34Z,lime,lime:9416442b80fd,51.90577,4.40237,False,False,bicycle,electric_assist
2026-04-07T01:03:34Z,lime,lime:de7adce71a1f,51.90142,4.49246,False,False,bicycle,electric_assist
2026-04-07T01:03:34Z,lime,lime:46a1cde4341f,51.94328,4.47462,False,False,bicycle,electric_assist
2026-04-07T01:03:34Z,lime,lime:2e20a2f7c160,51.93472,4.46205,False,False,bicycle,electric_assist
2026-04-07T01:03:34Z,lime,lime:54408b069351,51.92186,4.46059,False,False,bicycle,electric_assist
2026-04-07T01:03:34Z,lime,lime:f6222d1a2c27,51.88896,4.46875,False,False,bicycle,electric_assist
2026-04-07T01:03:34Z,lime,lime:a3f1c381c4b1,51.93332,4.50286,False,False,bicycle,electric_assist
2026-04-07T01:03:34Z,lime,lime:85c6c7b40921,51.90932,4.50802,False,False,bicycle,electric_assist
2026-04-07T01:03:34Z,lime,lime:bbf2bc5c153f,51.93023,4.49304,False,False,bicycle,electric_assist
2026-04-07T01:03:34Z,lime,lime:3bd3ef103f19,51.9208,4.45117,False,False,bicycle,electric_assist
2026-04-07T01:03:34Z,lime,lime:eed0ddb6ea5f,51.90562,4.46287,False,False,bicycle,electric_assist
2026-04-07T01:03:34Z,lime,lime:634e8a24090b,51.9173,4.48516,False,False,bicycle,electric_assist
2026-04-07T01:03:34Z,lime,lime:eb35faaa5ad4,51.91505,4.42761,False,False,bicycle,electric_assist
2026-04-07T01:03:34Z,lime,lime:124f343ac41a,51.8869,4.49773,False,False,bicycle,electric_assist
2026-04-07T01:03:34Z,lime,lime:1f86a5bfa7f2,51.91753,4.48787,False,False,bicycle,electric_assist
2026-04-07T01:03:34Z,lime,lime:3822434f0963,51.92271,4.47347,False,False,bicycle,electric_assist
2026-04-07T01:03:34Z,lime,lime:a57411074148,51.9896,4.37495,False,False,bicycle,electric_assist
2026-04-07T01:03:34Z,lime,lime:069659400390,51.93729,4.47714,False,False,bicycle,electric_assist
2026-04-07T01:03:34Z,lime,lime:4f7a2aced3b3,51.91367,4.47738,False,False,bicycle,electric_assist
2026-04-07T01:03:34Z,lime,lime:edef6435ec54,51.89387,4.46776,False,True,bicycle,electric_assist
2026-04-07T01:03:34Z,lime,lime:99f5fbb9d82f,51.9099,4.52103,False,False,bicycle,electric_assist
2026-04-07T01:03:34Z,lime,lime:93e71342323c,51.91453,4.40192,False,False,bicycle,electric_assist
2026-04-07T01:03:34Z,lime,lime:2286354ebfe0,51.87486,4.46791,False,False,bicycle,electric_assist
2026-04-07T01:03:34Z,lime,lime:e2aba9c3bb37,51.96191,4.46725,False,False,bicycle,electric_assist
2026-04-07T01:03:34Z,lime,lime:163dcbed7678,51.92664,4.42682,False,False,bicycle,electric_assist
2026-04-07T01:03:34Z,lime,lime:b915bb77c168,51.95135,4.44448,False,False,bicycle,electric_assist
2026-04-07T01:03:34Z,lime,lime:f76b03a7abcb,51.89927,4.49723,False,False,bicycle,electric_assist
2026-04-07T01:03:34Z,lime,lime:ccde5a37797c,51.92693,4.50196,False,False,bicycle,electric_assist
2026-04-07T01:03:34Z,lime,lime:875484443f6d,51.9055,4.46762,False,False,bicycle,electric_assist
2026-04-07T01:03:34Z,lime,lime:8320714e5734,51.91061,4.44286,False,False,bicycle,electric_assist
2026-04-07T01:03:34Z,lime,lime:a9480b28f87b,51.91303,4.55378,False,False,bicycle,electric_assist
2026-04-07T01:03:34Z,lime,lime:6fde63b1d2dc,51.90655,4.4521,False,False,bicycle,electric_assist
2026-04-07T01:03:34Z,lime,lime:00a14450b5d3,51.91635,4.46434,False,False,bicycle,electric_assist
2026-04-07T01:03:34Z,lime,lime:48ab455ff6db,51.91245,4.43027,False,False,bicycle,electric_assist
2026-04-07T01:03:34Z,lime,lime:7394f7688508,51.91655,4.44789,False,False,bicycle,electric_assist
2026-04-07T01:03:34Z,lime,lime:f5afdd3c79d1,51.93723,4.53611,False,False,bicycle,electric_assist
2026-04-07T01:03:34Z,lime,lime:216c2472291d,51.92269,4.47345,False,False,bicycle,electric_assist
2026-04-07T01:03:34Z,lime,lime:139d3bce3e0d,51.90305,4.46859,False,False,bicycle,electric_assist
2026-04-07T01:03:34Z,lime,lime:51cb39857ca4,51.91508,4.52151,False,False,bicycle,electric_assist
2026-04-07T01:03:34Z,lime,lime:7673d79309f3,51.88508,4.51254,False,False,bicycle,electric_assist
2026-04-07T01:03:34Z,lime,lime:95e13b884bfc,51.91261,4.44973,False,False,bicycle,electric_assist
2026-04-07T01:03:34Z,lime,lime:a9ffc64f2fa5,51.92175,4.55461,True,False,bicycle,electric_assist
2026-04-07T01:03:34Z,lime,lime:f84a54b2be96,51.91743,4.48519,False,False,bicycle,electric_assist
2026-04-07T01:03:34Z,lime,lime:dba57eb7799f,51.91779,4.44506,False,False,bicycle,electric_assist
2026-04-07T01:03:34Z,lime,lime:025fdb3b9825,51.89211,4.56966,False,False,bicycle,electric_assist
2026-04-07T01:03:34Z,lime,lime:c62ef5cf5102,51.92073,4.46777,False,False,bicycle,electric_assist
2026-04-07T01:03:34Z,lime,lime:feaf1238c99c,51.93449,4.469,False,False,bicycle,electric_assist
2026-04-07T01:03:34Z,lime,lime:66d856a8569c,51.91891,4.49389,False,False,bicycle,electric_assist
2026-04-07T01:03:34Z,lime,lime:83c2e11e3a06,51.93494,4.46856,False,False,bicycle,electric_assist
2026-04-07T01:03:34Z,lime,lime:88730205a6aa,51.93674,4.42771,False,False,bicycle,electric_assist
2026-04-07T01:03:34Z,lime,lime:e6586152e3c4,51.93395,4.46872,False,False,bicycle,electric_assist
2026-04-07T01:03:34Z,lime,lime:a33f4d0a143d,51.88509,4.51261,False,False,bicycle,electric_assist
2026-04-07T01:03:34Z,lime,lime:e2706c2db582,51.94151,4.48139,False,False,bicycle,electric_assist
2026-04-07T01:03:34Z,lime,lime:bacc73b01283,51.92287,4.46962,False,False,bicycle,electric_assist
2026-04-07T01:03:34Z,lime,lime:e0ac92941847,51.92189,4.46063,False,False,bicycle,electric_assist
2026-04-07T01:03:34Z,lime,lime:36ecb4dbdf9c,51.91152,4.47859,False,False,bicycle,electric_assist
2026-04-07T01:03:34Z,lime,lime:4e4a4196fd3c,51.90618,4.51379,False,False,bicycle,electric_assist
2026-04-07T01:03:34Z,lime,lime:074dd3d83799,51.92542,4.46618,False,False,bicycle,electric_assist
2026-04-07T01:03:34Z,lime,lime:d28927da59d2,51.92467,4.49051,False,False,bicycle,electric_assist
2026-04-07T01:03:34Z,lime,lime:fc809b9b4f7f,51.89207,4.48761,False,False,bicycle,electric_assist
2026-04-07T01:03:34Z,lime,lime:a78cf16af5f2,51.92239,4.38311,False,False,bicycle,electric_assist
2026-04-07T01:03:34Z,lime,lime:3f0eea909b2d,51.91421,4.49604,False,False,bicycle,electric_assist
2026-04-07T01:03:34Z,lime,lime:4a0f09a53792,51.91953,4.45495,False,False,bicycle,electric_assist
2026-04-07T01:03:34Z,lime,lime:f9c0625137e2,51.92005,4.44467,False,False,bicycle,electric_assist
2026-04-07T01:03:34Z,lime,lime:89ea0d9484f3,51.92698,4.50064,False,False,bicycle,electric_assist
2026-04-07T01:03:34Z,lime,lime:92453c0a6e37,51.91098,4.50143,False,False,bicycle,electric_assist
2026-04-07T01:03:34Z,lime,lime:b0c7ebc0696f,51.94924,4.54287,False,False,bicycle,electric_assist
2026-04-07T01:03:34Z,lime,lime:6600f12ee637,51.90667,4.52288,False,False,bicycle,electric_assist
2026-04-07T01:03:34Z,lime,lime:95c4639e5b09,51.92268,4.47341,False,False,bicycle,electric_assist
2026-04-07T01:03:34Z,lime,lime:fd1f5e8798e4,51.9132,4.50111,False,False,bicycle,electric_assist
2026-04-07T01:03:34Z,lime,lime:896c92e30e1d,51.90336,4.50475,False,False,bicycle,electric_assist
2026-04-07T01:03:34Z,lime,lime:abf88db1d951,51.93246,4.47155,False,False,bicycle,electric_assist
2026-04-07T01:03:34Z,lime,lime:6e58f30ee29e,51.87459,4.47797,False,False,bicycle,electric_assist
2026-04-07T01:03:34Z,lime,lime:7e3f049945e4,51.92039,4.50446,False,False,bicycle,electric_assist
2026-04-07T01:03:34Z,lime,lime:fa4edcba481b,51.88799,4.46388,False,False,bicycle,electric_assist
2026-04-07T01:03:34Z,lime,lime:2e5dd19f8c04,51.88957,4.51937,False,False,bicycle,electric_assist
2026-04-07T01:03:34Z,lime,lime:377997edfac6,51.87427,4.5231,False,False,bicycle,electric_assist
2026-04-07T01:03:34Z,lime,lime:62ed9b0092fb,51.91833,4.4591,False,False,bicycle,electric_assist
2026-04-07T01:03:34Z,lime,lime:f112ce8145c9,51.92932,4.49731,False,False,bicycle,electric_assist
2026-04-07T01:03:34Z,lime,lime:3a3d92278cbe,51.8969,4.52187,False,False,bicycle,electric_assist
2026-04-07T01:03:34Z,lime,lime:61a0b30281a0,51.92914,4.50531,False,False,bicycle,electric_assist
2026-04-07T01:03:34Z,lime,lime:8c09042d396d,51.91785,4.51807,False,False,bicycle,electric_assist
2026-04-07T01:03:34Z,lime,lime:c1a7d7ebd65e,51.94151,4.48139,False,False,bicycle,electric_assist
2026-04-07T01:03:34Z,lime,lime:38ecc228b1d4,51.88559,4.48541,False,True,bicycle,electric_assist
2026-04-07T01:03:34Z,lime,lime:f206c9cdba08,51.90753,4.45569,False,False,bicycle,electric_assist
2026-04-07T01:03:34Z,lime,lime:5f2d574bc818,51.89218,4.56963,False,False,bicycle,electric_assist
2026-04-07T01:03:34Z,lime,lime:4975469424dd,51.91246,4.43041,False,False,bicycle,electric_assist
2026-04-07T01:03:34Z,lime,lime:c0f4700c8dd6,51.90321,4.4646,False,False,bicycle,electric_assist
2026-04-07T01:03:34Z,lime,lime:5aff382d07b2,51.92277,4.47346,False,False,bicycle,electric_assist
2026-04-07T01:03:34Z,lime,lime:eaf1503a1613,51.92875,4.49634,False,False,bicycle,electric_assist
2026-04-07T01:03:34Z,lime,lime:73b3f4cde607,51.91651,4.48478,False,False,bicycle,electric_assist
2026-04-07T01:03:34Z,lime,lime:7911c61cdf1f,51.96745,4.46337,False,False,bicycle,electric_assist
2026-04-07T01:03:34Z,lime,lime:80292218d9e8,51.98953,4.34284,False,False,bicycle,electric_assist
2026-04-07T01:03:34Z,lime,lime:7c312c2dd4ad,51.90557,4.50961,False,False,bicycle,electric_assist
2026-04-07T01:03:34Z,lime,lime:f554f1c7c0b0,51.91116,4.48194,False,False,bicycle,electric_assist
2026-04-07T01:03:34Z,lime,lime:30d128affbd0,51.90662,4.49571,False,False,bicycle,electric_assist
2026-04-07T01:03:34Z,lime,lime:0e3568f4c848,51.88963,4.49598,False,False,bicycle,electric_assist
2026-04-07T01:03:34Z,lime,lime:c3e32732327b,51.89112,4.47188,False,False,bicycle,electric_assist
2026-04-07T01:03:34Z,lime,lime:679d1423a5ed,51.88075,4.50711,False,False,bicycle,electric_assist
2026-04-07T01:03:34Z,lime,lime:ea947e04a53a,51.93331,4.5029,False,False,bicycle,electric_assist
2026-04-07T01:03:34Z,lime,lime:783e4063f387,51.92278,4.46963,False,False,bicycle,electric_assist
2026-04-07T01:03:34Z,lime,lime:312a65fab6f8,51.94133,4.40902,False,False,bicycle,electric_assist
2026-04-07T01:03:34Z,lime,lime:44e4da338cae,51.90737,4.40207,False,False,bicycle,electric_assist
2026-04-07T01:03:34Z,lime,lime:84c80f281948,51.9389,4.47578,False,False,bicycle,electric_assist
2026-04-07T01:03:34Z,lime,lime:ba383fece24c,51.94524,4.47498,False,False,bicycle,electric_assist
2026-04-07T01:03:34Z,lime,lime:9abdfc2a9f45,51.93742,4.4735,False,False,bicycle,electric_assist
2026-04-07T01:03:34Z,lime,lime:9bc9aab8a59c,51.91591,4.45665,False,False,bicycle,electric_assist
2026-04-07T01:03:34Z,lime,lime:2c860cad76ca,51.92732,4.45669,False,False,bicycle,electric_assist
2026-04-07T01:03:34Z,lime,lime:4e54d42a0164,51.92754,4.51815,False,False,bicycle,electric_assist
2026-04-07T01:03:34Z,lime,lime:d43c1c2462d7,51.94633,4.48711,False,False,bicycle,electric_assist
2026-04-07T01:03:34Z,lime,lime:cb4430d7d807,51.88452,4.48567,False,False,bicycle,electric_assist
2026-04-07T01:03:34Z,lime,lime:07bc05d2c30f,51.92747,4.38042,False,False,bicycle,electric_assist
2026-04-07T01:03:34Z,lime,lime:f77079d51df3,51.91987,4.44837,False,False,bicycle,electric_assist
2026-04-07T01:03:34Z,lime,lime:9bba7ace521b,51.89338,4.51732,False,False,bicycle,electric_assist
2026-04-07T01:03:34Z,lime,lime:279cacae7ea0,51.88644,4.54938,False,False,bicycle,electric_assist
2026-04-07T01:03:34Z,lime,lime:e2f056fd3df2,51.91753,4.45526,False,False,bicycle,electric_assist
2026-04-07T01:03:34Z,lime,lime:81a6297aca37,51.9962,4.37313,False,False,bicycle,electric_assist
2026-04-07T01:03:34Z,lime,lime:d5b97a4d07d6,51.90731,4.40224,False,False,bicycle,electric_assist
2026-04-07T01:03:34Z,lime,lime:6f0449a55fff,51.92141,4.47889,False,True,bicycle,electric_assist
2026-04-07T01:03:34Z,lime,lime:0f280a1fba64,51.89204,4.50464,False,False,bicycle,electric_assist
2026-04-07T01:03:34Z,lime,lime:43bfcb66620c,51.8743,4.52321,False,False,bicycle,electric_assist
2026-04-07T01:03:34Z,lime,lime:2c0d970ac45d,51.91336,4.43255,False,False,bicycle,electric_assist
2026-04-07T01:03:34Z,lime,lime:1bd0d32d31f2,51.92387,4.53492,False,False,bicycle,electric_assist
2026-04-07T01:03:34Z,lime,lime:ce86bb4ffb26,51.98174,4.36689,False,False,bicycle,electric_assist
2026-04-07T01:03:34Z,lime,lime:6b376ee933e7,51.89281,4.47778,False,False,bicycle,electric_assist
2026-04-07T01:03:34Z,lime,lime:940c82fe25ad,51.99241,4.34136,False,False,bicycle,electric_assist
2026-04-07T01:03:34Z,lime,lime:d5e6658f58b6,51.91905,4.41832,False,False,bicycle,electric_assist
2026-04-07T01:03:34Z,lime,lime:6b12022bc3ab,51.92538,4.50895,False,False,bicycle,electric_assist
2026-04-07T01:03:34Z,lime,lime:df784e56cfeb,51.93587,4.47311,False,False,bicycle,electric_assist
2026-04-07T01:03:34Z,lime,lime:9203d9fa56e2,51.88714,4.49155,False,True,bicycle,electric_assist
2026-04-07T01:03:34Z,lime,lime:bb76591c99fa,51.94245,4.53797,False,False,bicycle,electric_assist
2026-04-07T01:03:34Z,lime,lime:e96665efa8fd,51.92311,4.49675,False,False,bicycle,electric_assist
2026-04-07T01:03:34Z,lime,lime:e59413ce3338,51.91109,4.48945,False,False,bicycle,electric_assist
2026-04-07T01:03:34Z,lime,lime:a252663afe99,51.91735,4.42056,False,False,bicycle,electric_assist
2026-04-07T01:03:34Z,lime,lime:08beb615cb36,51.88968,4.50687,False,False,bicycle,electric_assist
2026-04-07T01:03:34Z,lime,lime:568d8021bf6d,51.90056,4.49943,False,False,bicycle,electric_assist
2026-04-07T01:03:34Z,lime,lime:b138fb4c2210,51.9974,4.33414,False,False,bicycle,electric_assist
2026-04-07T01:03:34Z,lime,lime:94f9c893ea98,51.96759,4.47312,False,True,bicycle,electric_assist
2026-04-07T01:03:34Z,lime,lime:5db8a3f011f4,51.92401,4.48143,False,False,bicycle,electric_assist
2026-04-07T01:03:34Z,lime,lime:e0ad1ae83fa3,51.9524,4.4651,False,False,bicycle,electric_assist
2026-04-07T01:03:34Z,lime,lime:1c0a9628c080,51.92733,4.44065,False,False,bicycle,electric_assist
2026-04-07T01:03:34Z,lime,lime:b542030b098a,51.94928,4.43264,False,False,bicycle,electric_assist
2026-04-07T01:03:34Z,lime,lime:54b59dd1d39e,51.93275,4.45591,False,False,bicycle,electric_assist
2026-04-07T01:03:34Z,lime,lime:bf655e724a09,51.88837,4.51444,False,False,bicycle,electric_assist
2026-04-07T01:03:34Z,lime,lime:2ac19ba7c023,51.94025,4.45077,False,False,bicycle,electric_assist
2026-04-07T01:03:34Z,lime,lime:0e29d9a2105f,51.92498,4.53218,False,False,bicycle,electric_assist
2026-04-07T01:03:34Z,lime,lime:0ec537e0f7c5,51.8928,4.5137,False,False,bicycle,electric_assist
2026-04-07T01:03:34Z,lime,lime:23de3f065561,51.92267,4.47346,False,False,bicycle,electric_assist
2026-04-07T01:03:34Z,lime,lime:8956026edc5d,51.92995,4.48079,False,False,bicycle,electric_assist
2026-04-07T01:03:34Z,lime,lime:6a042300e02e,51.90951,4.44033,False,False,bicycle,electric_assist
2026-04-07T01:03:34Z,lime,lime:99444235f0e7,51.92959,4.45889,False,False,bicycle,electric_assist
2026-04-07T01:03:34Z,lime,lime:9d791bd3a6a3,51.91333,4.50987,False,False,bicycle,electric_assist
2026-04-07T01:03:34Z,lime,lime:5282a4f749bb,51.91528,4.52973,False,False,bicycle,electric_assist
2026-04-07T01:03:34Z,lime,lime:6cb90b3dc218,51.88059,4.53195,False,False,bicycle,electric_assist
2026-04-07T01:03:34Z,lime,lime:a754a93e8fc7,51.92834,4.49984,False,False,bicycle,electric_assist
2026-04-07T01:03:34Z,lime,lime:2b5e0fa776b1,51.92158,4.50715,False,False,bicycle,electric_assist
2026-04-07T01:03:34Z,lime,lime:814e0a226bc0,51.90427,4.4975,False,False,bicycle,electric_assist
2026-04-07T01:03:34Z,lime,lime:4370d0fc0409,51.93256,4.48428,False,False,bicycle,electric_assist
2026-04-07T01:03:34Z,lime,lime:6b422ef495c5,51.90304,4.46866,False,False,bicycle,electric_assist
2026-04-07T01:03:34Z,lime,lime:37f4079da915,51.90993,4.49623,False,False,bicycle,electric_assist
2026-04-07T01:03:34Z,lime,lime:5b74555b038a,51.93812,4.55522,False,False,bicycle,electric_assist
2026-04-07T01:03:34Z,lime,lime:1a121ddcd09a,51.94152,4.48136,False,False,bicycle,electric_assist
2026-04-07T01:03:34Z,lime,lime:6bf0f5053df0,51.90203,4.45793,False,False,bicycle,electric_assist
2026-04-07T01:03:34Z,lime,lime:6445b78fdd3f,51.92502,4.49152,False,False,bicycle,electric_assist
2026-04-07T01:03:34Z,lime,lime:2ac29fb7541e,51.88865,4.48178,False,False,bicycle,electric_assist
2026-04-07T01:03:34Z,lime,lime:580f1eaca1d2,51.98205,4.34476,False,False,bicycle,electric_assist
2026-04-07T01:03:34Z,lime,lime:5779c7a51937,51.92765,4.48123,False,False,bicycle,electric_assist
2026-04-07T01:03:34Z,lime,lime:e1b58e413927,51.90881,4.52198,False,False,bicycle,electric_assist
2026-04-07T01:03:34Z,lime,lime:4432961d6b0a,51.92175,4.38408,False,False,bicycle,electric_assist
2026-04-07T01:03:34Z,lime,lime:678ac14a1543,51.92817,4.48138,False,False,bicycle,electric_assist
2026-04-07T01:03:34Z,lime,lime:cccc112746d7,51.90586,4.4564,False,False,bicycle,electric_assist
2026-04-07T01:03:34Z,lime,lime:3fe72c297f05,51.91083,4.52113,False,False,bicycle,electric_assist
2026-04-07T01:03:34Z,lime,lime:d029aecd9a23,51.92057,4.47531,False,False,bicycle,electric_assist
2026-04-07T01:03:34Z,lime,lime:eeaae2663961,51.90736,4.40223,False,False,bicycle,electric_assist
2026-04-07T01:03:34Z,lime,lime:1f0c4118981b,51.89678,4.45973,False,False,bicycle,electric_assist
2026-04-07T01:03:34Z,lime,lime:a07d8d27fb15,51.9033,4.39804,False,False,bicycle,electric_assist
2026-04-07T01:03:34Z,lime,lime:85fb65c44858,51.92112,4.5179,False,False,bicycle,electric_assist
2026-04-07T01:03:34Z,lime,lime:c4bcabbf40d7,51.88928,4.48331,False,True,bicycle,electric_assist
2026-04-07T01:03:34Z,lime,lime:62abac173b31,51.91334,4.43253,False,False,bicycle,electric_assist
2026-04-07T01:03:34Z,lime,lime:eab1ae95685e,51.89999,4.47848,False,False,bicycle,electric_assist
2026-04-07T01:03:34Z,lime,lime:348687d74644,51.9347,4.48566,False,False,bicycle,electric_assist
2026-04-07T01:03:34Z,lime,lime:9ea922afb207,51.95919,4.49358,False,True,bicycle,electric_assist
2026-04-07T01:03:34Z,lime,lime:eb848bc2c6d3,51.91839,4.49356,False,True,bicycle,electric_assist
2026-04-07T01:03:34Z,lime,lime:95a90c7b0750,51.93673,4.48309,False,False,bicycle,electric_assist
2026-04-07T01:03:34Z,lime,lime:09e71eb210da,51.92104,4.55922,False,False,bicycle,electric_assist
2026-04-07T01:03:34Z,lime,lime:7520b1e4e4b4,51.99626,4.37328,False,False,bicycle,electric_assist
2026-04-07T01:03:34Z,lime,lime:9fdf89a848b9,51.90233,4.49614,False,False,bicycle,electric_assist
2026-04-07T01:03:34Z,lime,lime:04958dc219ac,51.93108,4.49109,False,False,bicycle,electric_assist
2026-04-07T01:03:34Z,lime,lime:4817de1e76d1,51.92165,4.46622,False,False,bicycle,electric_assist
2026-04-07T01:03:34Z,lime,lime:019d8c2b682e,51.90446,4.46042,False,False,bicycle,electric_assist
2026-04-07T01:03:34Z,lime,lime:0bdfc846203e,51.93243,4.47154,False,False,bicycle,electric_assist
2026-04-07T01:03:34Z,lime,lime:eed308134440,51.92167,4.50706,False,False,bicycle,electric_assist
2026-04-07T01:03:34Z,lime,lime:a338afc922ec,51.94329,4.47157,False,False,bicycle,electric_assist
2026-04-07T01:03:34Z,lime,lime:b5022ae5c6a5,51.92859,4.47386,False,False,bicycle,electric_assist
2026-04-07T01:03:34Z,lime,lime:959b8f9765f7,51.95095,4.55509,True,False,bicycle,electric_assist
2026-04-07T01:03:34Z,lime,lime:5e1d7ca373f3,51.94152,4.48137,False,False,bicycle,electric_assist
2026-04-07T01:03:34Z,lime,lime:600ae547b6a7,51.92117,4.51182,False,False,bicycle,electric_assist
2026-04-07T01:03:34Z,lime,lime:1a8632d02dd1,51.98367,4.34357,False,False,bicycle,electric_assist
2026-04-07T01:03:34Z,lime,lime:aaa1d380599e,51.91884,4.49398,False,False,bicycle,electric_assist
2026-04-07T01:03:34Z,lime,lime:5342889662e2,51.93962,4.47641,False,False,bicycle,electric_assist
2026-04-07T01:03:34Z,lime,lime:ee46a464937a,51.90791,4.46197,False,False,bicycle,electric_assist
2026-04-07T01:03:34Z,lime,lime:0a504a38c2d6,51.91354,4.49343,False,False,bicycle,electric_assist
2026-04-07T01:03:34Z,lime,lime:2bfda2c899e8,51.90114,4.51083,False,False,bicycle,electric_assist
2026-04-07T01:03:34Z,lime,lime:acb4eee9f83f,51.96004,4.56022,False,False,bicycle,electric_assist
2026-04-07T01:03:34Z,lime,lime:d6548806be63,51.87374,4.47704,False,False,bicycle,electric_assist
2026-04-07T01:03:34Z,lime,lime:88aa1878a1f2,51.9224,4.46399,False,False,bicycle,electric_assist
2026-04-07T01:03:34Z,lime,lime:dbe1856fdbf8,51.9424,4.53789,False,False,bicycle,electric_assist
2026-04-07T01:03:34Z,lime,lime:bb1bbf6986ce,51.91231,4.45506,False,False,bicycle,electric_assist
2026-04-07T01:03:34Z,lime,lime:bebed858518e,51.89556,4.50654,False,False,bicycle,electric_assist
2026-04-07T01:03:34Z,lime,lime:c9101252e075,51.89917,4.48462,False,False,bicycle,electric_assist
2026-04-07T01:03:34Z,lime,lime:969902798163,51.92737,4.4405,False,False,bicycle,electric_assist
2026-04-07T01:03:34Z,lime,lime:eba31e3d066d,51.91934,4.50684,False,False,bicycle,electric_assist
2026-04-07T01:03:34Z,lime,lime:1c622636d684,51.909,4.51159,False,False,bicycle,electric_assist
2026-04-07T01:03:34Z,lime,lime:f074a07f5160,51.9241,4.514,False,False,bicycle,electric_assist
2026-04-07T01:03:34Z,lime,lime:e55678cb5c9e,51.91238,4.52241,False,False,bicycle,electric_assist
2026-04-07T01:03:34Z,lime,lime:5a063600c253,51.94381,4.42259,False,False,bicycle,electric_assist
2026-04-07T01:03:34Z,lime,lime:d93d175ba52a,51.9385,4.55206,False,False,bicycle,electric_assist
2026-04-07T01:03:34Z,lime,lime:15235494399d,51.93796,4.4649,False,False,bicycle,electric_assist
2026-04-07T01:03:34Z,lime,lime:13899e36cd53,51.92228,4.50228,False,False,bicycle,electric_assist
2026-04-07T01:03:34Z,lime,lime:8d00143f000d,51.92164,4.37587,False,False,bicycle,electric_assist
2026-04-07T01:03:34Z,lime,lime:6e665a334125,51.91793,4.41497,False,False,bicycle,electric_assist
2026-04-07T01:03:34Z,lime,lime:9d63f4267ce4,51.93175,4.56384,False,False,bicycle,electric_assist
2026-04-07T01:03:34Z,lime,lime:fb89feb01d20,51.92378,4.47912,False,False,bicycle,electric_assist
2026-04-07T01:03:34Z,lime,lime:0c1f99bab16c,51.91893,4.49389,False,False,bicycle,electric_assist
2026-04-07T01:03:34Z,lime,lime:67864fd2c5e4,51.93532,4.49992,False,False,bicycle,electric_assist
2026-04-07T01:03:34Z,lime,lime:f25e66911f74,51.92277,4.47348,False,False,bicycle,electric_assist
2026-04-07T01:03:34Z,lime,lime:f147039baaf4,51.87484,4.46795,False,False,bicycle,electric_assist
2026-04-07T01:03:34Z,lime,lime:4ac0b1096706,51.91101,4.50143,False,False,bicycle,electric_assist
2026-04-07T01:03:34Z,lime,lime:5a1b2f8e4d77,51.9571,4.47114,False,False,bicycle,electric_assist
2026-04-07T01:03:34Z,lime,lime:92067a1ced64,51.92212,4.46405,False,False,bicycle,electric_assist
2026-04-07T01:03:34Z,lime,lime:aa7c2d6cfa1b,51.91425,4.4961,False,False,bicycle,electric_assist
2026-04-07T01:03:34Z,lime,lime:c11ed9c8f3e1,51.93332,4.48111,False,False,bicycle,electric_assist
2026-04-07T01:03:34Z,lime,lime:fad725331be4,51.91569,4.49924,False,False,bicycle,electric_assist
2026-04-07T01:03:34Z,lime,lime:df02f4e060fc,51.88277,4.50431,False,True,bicycle,electric_assist
2026-04-07T01:03:34Z,lime,lime:160e594874cf,51.92101,4.55924,False,False,bicycle,electric_assist
2026-04-07T01:03:34Z,lime,lime:bcb3418d779f,51.98961,4.3751,False,False,bicycle,electric_assist
2026-04-07T01:03:34Z,lime,lime:a5a04b3a4bf0,51.94285,4.47471,False,False,bicycle,electric_assist
2026-04-07T01:03:34Z,lime,lime:ac1d928a2cc0,51.91351,4.48205,False,False,bicycle,electric_assist
2026-04-07T01:03:34Z,lime,lime:488e43b8ad08,51.91866,4.46329,False,False,bicycle,electric_assist
2026-04-07T01:03:34Z,lime,lime:f13f1c8a3e4b,51.91374,4.44892,True,False,bicycle,electric_assist
2026-04-07T01:03:34Z,lime,lime:a0ef2aa0fba7,51.92276,4.48819,False,False,bicycle,electric_assist
2026-04-07T01:03:34Z,lime,lime:7878970e27ac,51.91511,4.52146,False,False,bicycle,electric_assist
2026-04-07T01:03:34Z,lime,lime:57154c19e6c1,51.93168,4.49692,False,False,bicycle,electric_assist
2026-04-07T01:03:34Z,lime,lime:1f9a027bf223,51.90052,4.48155,False,False,bicycle,electric_assist
2026-04-07T01:03:34Z,lime,lime:b141c2baf113,51.92319,4.49341,False,False,bicycle,electric_assist
2026-04-07T01:03:34Z,lime,lime:cada42d012c0,51.98966,4.35747,False,False,bicycle,electric_assist
2026-04-07T01:03:34Z,lime,lime:6399d48fbf06,51.92539,4.46608,False,False,bicycle,electric_assist
2026-04-07T01:03:34Z,lime,lime:31d8a98db3be,51.9534,4.46792,False,True,bicycle,electric_assist
2026-04-07T01:03:34Z,lime,lime:857534d68d48,51.92747,4.50703,False,False,bicycle,electric_assist
2026-04-07T01:03:34Z,lime,lime:9a06401d16f1,51.98858,4.34672,False,False,bicycle,electric_assist
2026-04-07T01:03:34Z,lime,lime:8f0db59bb0dd,51.91415,4.42235,False,False,bicycle,electric_assist
2026-04-07T01:03:34Z,lime,lime:182aef3d260c,51.91392,4.51834,False,False,bicycle,electric_assist
2026-04-07T01:03:34Z,lime,lime:6c86df156be9,51.93669,4.48323,False,False,bicycle,electric_assist
2026-04-07T01:03:34Z,lime,lime:2e9ed9cabc0b,51.90241,4.49615,False,False,bicycle,electric_assist
2026-04-07T01:03:34Z,lime,lime:0c528f850651,51.89342,4.51727,False,False,bicycle,electric_assist
2026-04-07T01:03:34Z,lime,lime:86c12b869ddb,51.94705,4.48752,False,False,bicycle,electric_assist
2026-04-07T01:03:34Z,lime,lime:6a195d585e9e,51.90931,4.49737,False,False,bicycle,electric_assist
2026-04-07T01:03:34Z,lime,lime:66a67a256900,51.91891,4.4939,False,False,bicycle,electric_assist
2026-04-07T01:03:34Z,lime,lime:c2394156be8b,51.91004,4.4522,False,False,bicycle,electric_assist
2026-04-07T01:03:34Z,lime,lime:0dcb6f42de8b,51.93728,4.4538,False,False,bicycle,electric_assist
2026-04-07T01:03:34Z,lime,lime:250403784d52,51.92608,4.48559,False,False,bicycle,electric_assist
2026-04-07T01:03:34Z,lime,lime:3e6ac8ceb3cd,51.88714,4.49156,False,False,bicycle,electric_assist
2026-04-07T01:03:34Z,lime,lime:04f1de185209,51.94213,4.46059,False,False,bicycle,electric_assist
2026-04-07T01:03:34Z,lime,lime:5f4a3c3c6bea,51.92286,4.50854,False,False,bicycle,electric_assist
2026-04-07T01:03:34Z,lime,lime:5ce7f10282b6,51.92802,4.54756,False,False,bicycle,electric_assist
2026-04-07T01:03:34Z,lime,lime:db125cc04e0e,51.91909,4.50892,False,False,bicycle,electric_assist
2026-04-07T01:03:34Z,lime,lime:20f8a81c3d98,51.92145,4.4744,False,False,bicycle,electric_assist
2026-04-07T01:03:34Z,lime,lime:fb615c0fb040,51.9355,4.45826,False,False,bicycle,electric_assist
2026-04-07T01:03:34Z,lime,lime:2cc08bbca182,51.92918,4.50526,False,False,bicycle,electric_assist
2026-04-07T01:03:34Z,lime,lime:b22cda50653b,51.88541,4.5025,False,False,bicycle,electric_assist
2026-04-07T01:03:34Z,lime,lime:1454b7fcddd6,51.92773,4.47656,False,False,bicycle,electric_assist
2026-04-07T01:03:34Z,lime,lime:1461fec7cdee,51.92094,4.52641,False,False,bicycle,electric_assist
2026-04-07T01:03:34Z,lime,lime:8b162e82f386,51.92784,4.50997,False,False,bicycle,electric_assist
2026-04-07T01:03:34Z,lime,lime:2b7fb7c4f1e5,51.94523,4.47913,False,False,bicycle,electric_assist
2026-04-07T01:03:34Z,lime,lime:a8b9f7acc0ce,51.93252,4.50019,False,False,bicycle,electric_assist
2026-04-07T01:03:34Z,lime,lime:7503fd29281e,51.89246,4.48515,False,False,bicycle,electric_assist
2026-04-07T01:03:34Z,lime,lime:b64befa4301e,51.91565,4.49797,False,False,bicycle,electric_assist
2026-04-07T01:03:34Z,lime,lime:9d6d66d0dca9,51.92267,4.47343,False,False,bicycle,electric_assist
2026-04-07T01:03:34Z,lime,lime:361381118d8d,51.9415,4.48138,False,False,bicycle,electric_assist
2026-04-07T01:03:34Z,lime,lime:13f629be3670,51.92781,4.47671,False,False,bicycle,electric_assist
2026-04-07T01:03:34Z,lime,lime:620322e83560,51.92339,4.4069,False,False,bicycle,electric_assist
2026-04-07T01:03:34Z,lime,lime:19e550cc061b,51.9142,4.49611,False,False,bicycle,electric_assist
2026-04-07T01:03:34Z,lime,lime:f907f47f55cd,51.99092,4.35931,False,False,bicycle,electric_assist
2026-04-07T01:03:34Z,lime,lime:9de793ffe26f,51.88912,4.52456,False,False,bicycle,electric_assist
2026-04-07T01:03:34Z,lime,lime:846fd178cb4d,51.92572,4.45477,False,False,bicycle,electric_assist
2026-04-07T01:03:34Z,lime,lime:ed7cb2dced1c,51.88639,4.54943,True,False,bicycle,electric_assist
2026-04-07T01:03:34Z,lime,lime:06cb59c8c1f1,51.93032,4.48373,False,False,bicycle,electric_assist
2026-04-07T01:03:34Z,lime,lime:4273aae9a853,51.92733,4.44065,False,False,bicycle,electric_assist
2026-04-07T01:03:34Z,lime,lime:8ea98e73c794,51.8908,4.51885,False,False,bicycle,electric_assist
2026-04-07T01:03:34Z,lime,lime:1c0870e8b659,51.92448,4.49904,False,False,bicycle,electric_assist
2026-04-07T01:03:34Z,lime,lime:e058c5331f0f,51.90811,4.50042,False,False,bicycle,electric_assist
2026-04-07T01:03:34Z,lime,lime:ecec76040690,51.94283,4.4745,False,False,bicycle,electric_assist
2026-04-07T01:03:34Z,lime,lime:9c4e103cdae4,51.93119,4.45666,False,False,bicycle,electric_assist
2026-04-07T01:03:34Z,lime,lime:42db26d1f8d7,51.91522,4.52972,False,False,bicycle,electric_assist
2026-04-07T01:03:34Z,lime,lime:2b6eaa4e13e9,51.92739,4.46067,False,False,bicycle,electric_assist
2026-04-07T01:03:34Z,lime,lime:9291055739ca,51.91993,4.51081,False,False,bicycle,electric_assist
2026-04-07T01:03:34Z,lime,lime:dadd354b50fa,51.9425,4.53788,False,False,bicycle,electric_assist
2026-04-07T01:03:34Z,lime,lime:ac6821e6da35,51.99759,4.33334,False,False,bicycle,electric_assist
2026-04-07T01:03:34Z,lime,lime:ba1ecc710efd,51.92917,4.50532,False,False,bicycle,electric_assist
2026-04-07T01:03:34Z,lime,lime:4b4a7d67225a,51.90865,4.50369,False,False,bicycle,electric_assist
2026-04-07T01:03:34Z,lime,lime:afa61e9fe2fe,51.93158,4.50362,False,False,bicycle,electric_assist
2026-04-07T01:03:34Z,lime,lime:c086dbb659a4,51.94432,4.48557,False,False,bicycle,electric_assist
2026-04-07T01:03:34Z,lime,lime:abe6569e45da,51.90934,4.4583,False,False,bicycle,electric_assist
2026-04-07T01:03:34Z,lime,lime:656596a83b1b,51.91424,4.49616,False,False,bicycle,electric_assist
2026-04-07T01:03:34Z,lime,lime:003eeaa0eed8,51.9073,4.40624,False,False,bicycle,electric_assist
2026-04-07T01:03:34Z,lime,lime:2c0725c3f037,51.91366,4.4489,False,False,bicycle,electric_assist
2026-04-07T01:03:34Z,lime,lime:dc99cff7e9e0,51.93142,4.46147,False,False,bicycle,electric_assist
2026-04-07T01:03:34Z,lime,lime:b64630a75c47,51.92687,4.47298,False,False,bicycle,electric_assist
2026-04-07T01:03:34Z,lime,lime:e1d006660868,51.90451,4.46039,False,False,bicycle,electric_assist
2026-04-07T01:03:34Z,lime,lime:67e591e5c511,51.93362,4.44331,False,True,bicycle,electric_assist
2026-04-07T01:03:34Z,lime,lime:821a54ff7d35,51.92112,4.55918,False,False,bicycle,electric_assist
2026-04-07T01:03:34Z,lime,lime:099327f703b2,51.91649,4.47106,False,False,bicycle,electric_assist
2026-04-07T01:03:34Z,lime,lime:98ebbf31ec5d,51.9255,4.50073,False,False,bicycle,electric_assist
2026-04-07T01:03:34Z,lime,lime:79cdf804c18e,51.88817,4.46084,False,False,bicycle,electric_assist
2026-04-07T01:03:34Z,lime,lime:1cbc1c6bf5f5,51.90557,4.50956,False,False,bicycle,electric_assist
2026-04-07T01:03:34Z,lime,lime:9db32954ba12,51.90566,4.45249,False,False,bicycle,electric_assist
2026-04-07T01:03:34Z,lime,lime:2019f660575b,51.93664,4.49864,False,False,bicycle,electric_assist
2026-04-07T01:03:34Z,lime,lime:f14be9b1489c,51.9585,4.56732,False,True,bicycle,electric_assist
2026-04-07T01:03:34Z,lime,lime:9be263c96ca9,51.91853,4.51024,False,False,bicycle,electric_assist
2026-04-07T01:03:34Z,lime,lime:5288f0c583c8,51.92167,4.38402,False,False,bicycle,electric_assist
2026-04-07T01:03:34Z,lime,lime:fdce517be1bb,51.9112,4.48184,False,False,bicycle,electric_assist
2026-04-07T01:03:34Z,lime,lime:fcd4f593e5f6,51.93329,4.49098,False,False,bicycle,electric_assist
2026-04-07T01:03:34Z,lime,lime:2850e1ec7226,51.94053,4.47299,False,False,bicycle,electric_assist
2026-04-07T01:03:34Z,lime,lime:ceb26e9bb980,51.9274,4.50962,False,False,bicycle,electric_assist
2026-04-07T01:03:34Z,lime,lime:20b00c7dca3b,51.92886,4.50182,False,False,bicycle,electric_assist
2026-04-07T01:03:34Z,lime,lime:c3dd3c273b2c,51.91058,4.38596,False,False,bicycle,electric_assist
2026-04-07T01:03:34Z,lime,lime:a96ed5a07be4,51.95562,4.5191,False,False,bicycle,electric_assist
2026-04-07T01:03:34Z,lime,lime:eaab6d4efa52,51.90057,4.49941,False,False,bicycle,electric_assist
2026-04-07T01:03:34Z,lime,lime:19ae8e89c513,51.94634,4.46816,False,False,bicycle,electric_assist
2026-04-07T01:03:34Z,lime,lime:711fd3ee02a1,51.92783,4.46857,False,False,bicycle,electric_assist
2026-04-07T01:03:34Z,lime,lime:df2b914920e7,51.94154,4.48134,False,False,bicycle,electric_assist
2026-04-07T01:03:34Z,lime,lime:ccd490cd6e17,51.92098,4.5593,False,False,bicycle,electric_assist
2026-04-07T01:03:34Z,lime,lime:43838b27dd26,51.91424,4.49615,False,False,bicycle,electric_assist
2026-04-07T01:03:34Z,lime,lime:7102a139e30b,51.89678,4.45976,False,False,bicycle,electric_assist
2026-04-07T01:03:34Z,lime,lime:d48190788737,51.92624,4.55938,False,False,bicycle,electric_assist
2026-04-07T01:03:34Z,lime,lime:bb7993b2a702,51.91528,4.52971,False,False,bicycle,electric_assist
2026-04-07T01:03:34Z,lime,lime:5e4e36bf5e3c,51.91611,4.5143,False,False,bicycle,electric_assist
2026-04-07T01:03:34Z,lime,lime:07de1577a5f4,51.93205,4.4888,False,False,bicycle,electric_assist
2026-04-07T01:03:34Z,lime,lime:b692447c9710,51.93452,4.46087,False,False,bicycle,electric_assist
2026-04-07T01:03:34Z,lime,lime:941b6898c599,51.91472,4.40834,False,True,bicycle,electric_assist
2026-04-07T01:03:34Z,lime,lime:ca766ff35178,51.90564,4.46293,False,False,bicycle,electric_assist
2026-04-07T01:03:34Z,lime,lime:cdb6d84f087e,51.91779,4.4383,False,False,bicycle,electric_assist
2026-04-07T01:03:34Z,lime,lime:3220d9a56d34,51.93449,4.45914,False,False,bicycle,electric_assist
2026-04-07T01:03:34Z,lime,lime:1c8735f45af1,51.90754,4.45563,False,False,bicycle,electric_assist
2026-04-07T01:03:34Z,lime,lime:b53fc3b2b645,51.99391,4.3413,False,False,bicycle,electric_assist
2026-04-07T01:03:34Z,lime,lime:68644d920255,51.8947,4.46188,False,False,bicycle,electric_assist
2026-04-07T01:03:34Z,lime,lime:b68142a28bc8,51.93635,4.47348,False,False,bicycle,electric_assist
2026-04-07T01:03:34Z,lime,lime:ceaa69781311,51.92768,4.47669,False,False,bicycle,electric_assist
2026-04-07T01:03:34Z,lime,lime:f15b6929c83e,51.94043,4.42908,False,False,bicycle,electric_assist
2026-04-07T01:03:34Z,lime,lime:2c633e1c02ae,51.90339,4.50505,True,False,bicycle,electric_assist
2026-04-07T01:03:34Z,lime,lime:aedb4f79cb89,51.89026,4.47119,False,False,bicycle,electric_assist
2026-04-07T01:03:34Z,lime,lime:99e684a9e0a8,51.94398,4.50289,False,False,bicycle,electric_assist
2026-04-07T01:03:34Z,lime,lime:d966a2804507,51.91319,4.44725,False,False,bicycle,electric_assist
2026-04-07T01:03:34Z,lime,lime:c39026ab660f,51.9978,4.33168,False,False,bicycle,electric_assist
2026-04-07T01:03:34Z,lime,lime:b66b1f15b855,51.88528,4.46218,False,False,bicycle,electric_assist
2026-04-07T01:03:34Z,lime,lime:3eba9bd69e1f,51.93498,4.45682,False,False,bicycle,electric_assist
2026-04-07T01:03:34Z,lime,lime:9dd1be27d76d,51.91413,4.42234,False,False,bicycle,electric_assist
2026-04-07T01:03:34Z,lime,lime:8d93357168ed,51.95725,4.4744,False,False,bicycle,electric_assist
2026-04-07T01:03:34Z,lime,lime:2a18a289843d,51.93022,4.48019,False,True,bicycle,electric_assist
2026-04-07T01:03:34Z,lime,lime:0d0207ff0260,51.94322,4.36788,False,False,bicycle,electric_assist
2026-04-07T01:03:34Z,lime,lime:30aa28c625e4,51.92163,4.50708,False,False,bicycle,electric_assist
2026-04-07T01:03:34Z,lime,lime:e566b163aa19,51.92918,4.50524,False,False,bicycle,electric_assist
2026-04-07T01:03:34Z,lime,lime:4cd2cec205f7,51.92664,4.48416,False,True,bicycle,electric_assist
2026-04-07T01:03:34Z,lime,lime:d05fc87f9182,51.92747,4.44021,False,False,bicycle,electric_assist
2026-04-07T01:03:34Z,lime,lime:6c66946004ac,51.92675,4.46261,False,False,bicycle,electric_assist
2026-04-07T01:03:34Z,lime,lime:9f86d4dc1672,51.94181,4.54651,False,False,bicycle,electric_assist
2026-04-07T01:03:34Z,lime,lime:5e93df500681,51.9185,4.4808,False,False,bicycle,electric_assist
2026-04-07T01:03:34Z,lime,lime:357a36d62a33,51.91988,4.41573,False,False,bicycle,electric_assist
2026-04-07T01:03:34Z,lime,lime:517019295059,51.91877,4.4631,False,False,bicycle,electric_assist
2026-04-07T01:03:34Z,lime,lime:d23e144e69ef,51.92324,4.49354,False,False,bicycle,electric_assist
2026-04-07T01:03:34Z,lime,lime:f2f8488747ef,51.92335,4.49043,False,False,bicycle,electric_assist
2026-04-07T01:03:34Z,lime,lime:fff597e7c218,51.91162,4.47856,False,False,bicycle,electric_assist
2026-04-07T01:03:34Z,lime,lime:f5b2767b236f,51.92878,4.5018,False,False,bicycle,electric_assist
2026-04-07T01:03:34Z,lime,lime:9827a88b2044,51.93025,4.48375,False,False,bicycle,electric_assist
2026-04-07T01:03:34Z,lime,lime:3cc3ba587ead,51.94366,4.45152,False,False,bicycle,electric_assist
2026-04-07T01:03:34Z,lime,lime:9bb259ba8a8c,51.90356,4.44588,False,False,bicycle,electric_assist
2026-04-07T01:03:34Z,lime,lime:bc371e892fce,51.93331,4.42027,False,False,bicycle,electric_assist
2026-04-07T01:03:34Z,lime,lime:fd9c6100c567,51.91102,4.52501,False,False,bicycle,electric_assist
2026-04-07T01:03:34Z,lime,lime:29054e849f69,51.88613,4.4745,False,False,bicycle,electric_assist
2026-04-07T01:03:34Z,lime,lime:ae3ca90ee223,51.9254,4.46606,False,False,bicycle,electric_assist
2026-04-07T01:03:34Z,lime,lime:44df6fa34c9e,51.93316,4.49758,False,False,bicycle,electric_assist
2026-04-07T01:03:34Z,lime,lime:b051f903ac68,51.92789,4.51001,False,False,bicycle,electric_assist
2026-04-07T01:03:34Z,lime,lime:4821433faf6f,51.9169,4.43897,False,False,bicycle,electric_assist
2026-04-07T01:03:34Z,lime,lime:db4894da0861,51.94579,4.44803,False,False,bicycle,electric_assist
2026-04-07T01:03:34Z,lime,lime:c07707ac5124,51.91779,4.43831,False,False,bicycle,electric_assist
2026-04-07T01:03:34Z,lime,lime:d8b467a9b31b,51.92736,4.44051,False,False,bicycle,electric_assist
2026-04-07T01:03:34Z,lime,lime:a0d920254e08,51.91576,4.45044,False,False,bicycle,electric_assist
2026-04-07T01:03:34Z,lime,lime:fe6f26645862,51.92269,4.47348,False,False,bicycle,electric_assist
2026-04-07T01:03:34Z,lime,lime:0a9f5c34480d,51.9328,4.47536,False,False,bicycle,electric_assist
2026-04-07T01:03:34Z,lime,lime:d2387dabb313,51.9429,4.47469,False,False,bicycle,electric_assist
2026-04-07T01:03:34Z,lime,lime:b664f158c914,51.9227,4.47346,False,False,bicycle,electric_assist
2026-04-07T01:03:34Z,lime,lime:d15707a6728e,51.96256,4.48768,False,False,bicycle,electric_assist
2026-04-07T01:03:34Z,lime,lime:f7039ab82c91,51.92692,4.50195,False,False,bicycle,electric_assist
2026-04-07T01:03:34Z,lime,lime:24b571ddf014,51.91452,4.47731,False,False,bicycle,electric_assist
2026-04-07T01:03:34Z,lime,lime:77e5bd04ce82,51.93693,4.45333,False,False,bicycle,electric_assist
2026-04-07T01:03:34Z,lime,lime:26ea6ed06ace,51.90941,4.52893,False,False,bicycle,electric_assist
2026-04-07T01:03:34Z,lime,lime:7de79e4718a6,51.9232,4.49348,False,False,bicycle,electric_assist
2026-04-07T01:03:34Z,lime,lime:8747df7a659d,51.8828,4.50434,False,False,bicycle,electric_assist
2026-04-07T01:03:34Z,lime,lime:346d666683a4,51.90306,4.46871,False,False,bicycle,electric_assist
2026-04-07T01:03:34Z,lime,lime:7fa8b43f0a05,51.91488,4.40319,False,False,bicycle,electric_assist
2026-04-07T01:03:34Z,lime,lime:c1a0b5bafb9d,51.93557,4.47449,False,False,bicycle,electric_assist
2026-04-07T01:03:34Z,lime,lime:a868fc2fb0ab,51.94626,4.46815,False,False,bicycle,electric_assist
2026-04-07T01:03:34Z,lime,lime:37369d8813e7,51.92541,4.46609,False,False,bicycle,electric_assist
2026-04-07T01:03:34Z,lime,lime:3fe0bfb68629,51.89827,4.50512,False,False,bicycle,electric_assist
2026-04-07T01:03:34Z,lime,lime:2dae9d905b7a,51.93406,4.47423,False,False,bicycle,electric_assist
2026-04-07T01:03:34Z,lime,lime:15a1f42d9a0d,51.96593,4.50178,False,False,bicycle,electric_assist
2026-04-07T01:03:34Z,lime,lime:f0035687a288,51.88932,4.4833,False,False,bicycle,electric_assist
2026-04-07T01:03:34Z,lime,lime:60e8fc4fe873,51.91587,4.47834,False,False,bicycle,electric_assist
2026-04-07T01:03:34Z,lime,lime:0407dc47265b,51.9252,4.49253,False,False,bicycle,electric_assist
2026-04-07T01:03:34Z,lime,lime:b0c1d9673dcd,51.9183,4.48227,False,False,bicycle,electric_assist
2026-04-07T01:03:34Z,lime,lime:70d3651436f4,51.93354,4.44059,False,False,bicycle,electric_assist
2026-04-07T01:03:34Z,lime,lime:82f0c703361d,51.98351,4.362,False,False,bicycle,electric_assist
2026-04-07T01:03:34Z,lime,lime:e06925aeccbb,51.94388,4.4727,False,False,bicycle,electric_assist
2026-04-07T01:03:34Z,lime,lime:6f287078af9c,51.89132,4.49913,False,False,bicycle,electric_assist
2026-04-07T01:03:34Z,lime,lime:b97e8ac14226,51.92161,4.50716,False,False,bicycle,electric_assist
2026-04-07T01:03:34Z,lime,lime:3fccea5c826b,51.9148,4.45165,False,False,bicycle,electric_assist
2026-04-07T01:03:34Z,lime,lime:70d71eacb5be,51.99714,4.35267,False,False,bicycle,electric_assist
2026-04-07T01:03:34Z,lime,lime:64303b3520ba,51.91908,4.50891,False,False,bicycle,electric_assist
2026-04-07T01:03:34Z,lime,lime:b07ff25a7fc9,51.90234,4.49612,False,False,bicycle,electric_assist
2026-04-07T01:03:34Z,lime,lime:9b182416aa0c,51.91101,4.52507,False,False,bicycle,electric_assist
2026-04-07T01:03:34Z,lime,lime:b57226142db4,51.91589,4.48845,False,False,bicycle,electric_assist
2026-04-07T01:03:34Z,lime,lime:96bcc7da38d2,51.92746,4.50972,False,False,bicycle,electric_assist
2026-04-07T01:03:34Z,lime,lime:9020dd44c694,51.8984,4.4735,False,False,bicycle,electric_assist
2026-04-07T01:03:34Z,lime,lime:5791d7b8475b,51.90218,4.46141,False,False,bicycle,electric_assist
2026-04-07T01:03:34Z,lime,lime:2a203f69cd60,51.90788,4.46201,False,False,bicycle,electric_assist
2026-04-07T01:03:34Z,lime,lime:2f59dbe358cd,51.89951,4.53465,False,False,bicycle,electric_assist
2026-04-07T01:03:34Z,lime,lime:267fd23af144,51.90021,4.49872,False,False,bicycle,electric_assist
2026-04-07T01:03:34Z,lime,lime:5f71a63d3955,51.9117,4.38371,True,False,bicycle,electric_assist
2026-04-07T01:03:34Z,lime,lime:4ab9ad741700,51.88259,4.5212,False,False,bicycle,electric_assist
2026-04-07T01:03:34Z,lime,lime:097175169bb2,51.89472,4.46186,False,False,bicycle,electric_assist
2026-04-07T01:03:34Z,lime,lime:16b779acd750,51.89076,4.46373,False,True,bicycle,electric_assist
2026-04-07T01:03:34Z,lime,lime:4ab93036bf29,51.94535,4.47822,False,False,bicycle,electric_assist
2026-04-07T01:03:34Z,lime,lime:1a9b60d6f36e,51.92273,4.47348,False,False,bicycle,electric_assist
2026-04-07T01:03:34Z,lime,lime:ab7e27133266,51.93698,4.42776,False,False,bicycle,electric_assist
2026-04-07T01:03:34Z,lime,lime:6ffde18860d7,51.92442,4.49902,False,False,bicycle,electric_assist
2026-04-07T01:03:34Z,lime,lime:6ffc7ff78dec,51.89876,4.47508,False,False,bicycle,electric_assist
2026-04-07T01:03:34Z,lime,lime:97b358e90bc9,51.91565,4.50095,False,False,bicycle,electric_assist
2026-04-07T01:03:34Z,lime,lime:7f7098ec3d51,51.93025,4.48378,False,False,bicycle,electric_assist
2026-04-07T01:03:34Z,lime,lime:d5dc75bc1383,51.93334,4.48108,False,False,bicycle,electric_assist
2026-04-07T01:03:34Z,lime,lime:8bab7b248a3b,51.92169,4.49287,False,False,bicycle,electric_assist
2026-04-07T01:03:34Z,lime,lime:56e2e6075dba,51.9341,4.48002,False,False,bicycle,electric_assist
2026-04-07T01:03:34Z,lime,lime:8dd2aae43eed,51.89688,4.52175,False,False,bicycle,electric_assist
2026-04-07T01:03:34Z,lime,lime:b0bd5df96a35,51.92276,4.47347,False,False,bicycle,electric_assist
2026-04-07T01:03:34Z,lime,lime:a3b025d835d4,51.91938,4.51403,False,False,bicycle,electric_assist
2026-04-07T01:03:34Z,lime,lime:77d02a75bef4,51.92163,4.50709,False,False,bicycle,electric_assist
2026-04-07T01:03:34Z,lime,lime:afa320644107,51.88728,4.53794,False,False,bicycle,electric_assist
2026-04-07T01:03:34Z,lime,lime:0ed08ab7dadb,51.9352,4.4616,False,False,bicycle,electric_assist
2026-04-07T01:03:34Z,lime,lime:503215d61ad2,51.91505,4.53025,False,False,bicycle,electric_assist
2026-04-07T01:03:34Z,lime,lime:3ae0e95310fe,51.93122,4.40608,False,False,bicycle,electric_assist
2026-04-07T01:03:34Z,lime,lime:5ef7d1a1de48,51.9287,4.49904,False,False,bicycle,electric_assist
2026-04-07T01:03:34Z,lime,lime:5c808361b2d4,51.91552,4.47024,False,False,bicycle,electric_assist
2026-04-07T01:03:34Z,lime,lime:e9df22132840,51.93423,4.46368,False,False,bicycle,electric_assist
2026-04-07T01:03:34Z,lime,lime:2a8e24695d77,51.93325,4.45423,False,False,bicycle,electric_assist
2026-04-07T01:03:34Z,lime,lime:0c269c5d4267,51.9165,4.44795,False,False,bicycle,electric_assist
2026-04-07T01:03:34Z,lime,lime:b7bab6fd17bd,51.92904,4.5021,False,False,bicycle,electric_assist
2026-04-07T01:03:34Z,lime,lime:8e6a57ad752f,51.93497,4.46886,False,False,bicycle,electric_assist
2026-04-07T01:03:34Z,lime,lime:ef809779103f,51.91776,4.4451,False,False,bicycle,electric_assist
2026-04-07T01:03:34Z,lime,lime:e9585ffa752c,51.92095,4.47207,False,False,bicycle,electric_assist
2026-04-07T01:03:34Z,lime,lime:0f705fa0ece8,51.88715,4.49151,False,False,bicycle,electric_assist
2026-04-07T01:03:34Z,lime,lime:0287188c7b6e,51.92936,4.49218,False,False,bicycle,electric_assist
2026-04-07T01:03:34Z,lime,lime:481823beec81,51.92417,4.48003,False,False,bicycle,electric_assist
2026-04-07T01:03:34Z,lime,lime:71f641cfcb0d,51.91099,4.50142,False,False,bicycle,electric_assist
2026-04-07T01:03:34Z,lime,lime:a304c6ca1603,51.9281,4.41885,False,False,bicycle,electric_assist
2026-04-07T01:03:34Z,lime,lime:afed3fa19a42,51.89839,4.50819,False,False,bicycle,electric_assist
2026-04-07T01:03:34Z,lime,lime:db86b5f9afa0,51.90146,4.47944,False,False,bicycle,electric_assist
2026-04-07T01:03:34Z,lime,lime:ef83c9590b3a,51.91104,4.48187,False,False,bicycle,electric_assist
2026-04-07T01:03:34Z,lime,lime:767ecc70c00d,51.89996,4.47855,False,False,bicycle,electric_assist
2026-04-07T01:03:34Z,lime,lime:5660ed13ed9e,51.93027,4.48377,False,False,bicycle,electric_assist
2026-04-07T01:03:34Z,lime,lime:3553f8b7df13,51.9153,4.52979,False,False,bicycle,electric_assist
2026-04-07T01:03:34Z,lime,lime:803124b9312d,51.92005,4.44455,False,False,bicycle,electric_assist
2026-04-07T01:03:34Z,lime,lime:302d9141af8a,51.91915,4.46079,False,False,bicycle,electric_assist
2026-04-07T01:03:34Z,lime,lime:b252210f10f5,51.92884,4.50184,False,False,bicycle,electric_assist
2026-04-07T01:03:34Z,lime,lime:ac7c839b9137,51.92913,4.50891,False,False,bicycle,electric_assist
2026-04-07T01:03:34Z,lime,lime:a6a9ba0351ce,51.93074,4.45793,False,False,bicycle,electric_assist
2026-04-07T01:03:34Z,lime,lime:158fdd362641,51.91255,4.51058,False,False,bicycle,electric_assist
2026-04-07T01:03:34Z,lime,lime:108741526030,51.92659,4.494,False,False,bicycle,electric_assist
2026-04-07T01:03:34Z,lime,lime:b96020dbf4ec,51.90933,4.4583,False,False,bicycle,electric_assist
2026-04-07T01:03:34Z,lime,lime:cbd7c04bfaec,51.93648,4.46336,False,False,bicycle,electric_assist
2026-04-07T01:03:34Z,lime,lime:00cb6ba03aab,51.92517,4.49252,False,False,bicycle,electric_assist
2026-04-07T01:03:34Z,lime,lime:cf2f6b54a91b,51.93334,4.50291,False,False,bicycle,electric_assist
2026-04-07T01:03:34Z,lime,lime:ffb5cf89e429,51.90284,4.46783,False,False,bicycle,electric_assist
2026-04-07T01:03:34Z,lime,lime:1474d252a380,51.94835,4.51076,False,False,bicycle,electric_assist
2026-04-07T01:03:34Z,lime,lime:306f035df02f,51.93251,4.43844,False,False,bicycle,electric_assist
2026-04-07T01:03:34Z,lime,lime:ce91ac83e7e2,51.91353,4.49344,False,False,bicycle,electric_assist
2026-04-07T01:03:34Z,lime,lime:03ed8458726a,51.90127,4.45557,False,False,bicycle,electric_assist
2026-04-07T01:03:34Z,lime,lime:7d8527e7cbb8,51.89952,4.53465,False,False,bicycle,electric_assist
2026-04-07T01:03:34Z,lime,lime:595e85fb53c2,51.93852,4.47962,False,False,bicycle,electric_assist
2026-04-07T01:03:34Z,lime,lime:23c2d2b94512,51.91413,4.42236,False,False,bicycle,electric_assist
2026-04-07T01:03:34Z,lime,lime:08af1730bb5c,51.96289,4.47543,False,False,bicycle,electric_assist
2026-04-07T01:03:34Z,lime,lime:2fb99a015c14,51.91707,4.4608,False,False,bicycle,electric_assist
2026-04-07T01:03:34Z,lime,lime:52cf1077044d,51.92539,4.5174,False,False,bicycle,electric_assist
2026-04-07T01:03:34Z,lime,lime:094d6aaa23c6,51.92775,4.47687,False,False,bicycle,electric_assist
2026-04-07T01:03:34Z,lime,lime:dae4811406cd,51.94926,4.43267,False,False,bicycle,electric_assist
2026-04-07T01:03:34Z,lime,lime:3287e754d6bb,51.90683,4.49591,False,False,bicycle,electric_assist
2026-04-07T01:03:34Z,lime,lime:31667919b746,51.9189,4.49039,False,False,bicycle,electric_assist
2026-04-07T01:03:34Z,lime,lime:87ab017e91d5,51.949,4.45414,False,False,bicycle,electric_assist
2026-04-07T01:03:34Z,lime,lime:03ce521efc0d,51.93119,4.47646,False,False,bicycle,electric_assist
2026-04-07T01:03:34Z,lime,lime:189b0bbef0b4,51.94524,4.47497,False,False,bicycle,electric_assist
2026-04-07T01:03:34Z,lime,lime:0a38eea7024b,51.92311,4.40879,False,False,bicycle,electric_assist
2026-04-07T01:03:34Z,lime,lime:35e844fba934,51.91154,4.49089,False,False,bicycle,electric_assist
2026-04-07T01:03:34Z,lime,lime:132e6fe4de32,51.93164,4.50445,False,False,bicycle,electric_assist
2026-04-07T01:03:34Z,lime,lime:e45dbcafc9bf,51.93631,4.46046,False,False,bicycle,electric_assist
2026-04-07T01:03:34Z,lime,lime:d49156c34d25,51.93741,4.47472,False,False,bicycle,electric_assist
2026-04-07T01:03:34Z,lime,lime:56871ed8ad5f,51.90545,4.46771,False,False,bicycle,electric_assist
2026-04-07T01:03:34Z,lime,lime:fe1388d62539,51.90233,4.49615,False,False,bicycle,electric_assist
2026-04-07T01:03:34Z,lime,lime:dcc175d4c0a8,51.94244,4.53794,False,False,bicycle,electric_assist
2026-04-07T01:03:34Z,lime,lime:0c6d2fe0e71a,51.9294,4.44879,False,False,bicycle,electric_assist
2026-04-07T01:03:34Z,lime,lime:f157e9882639,51.92146,4.45637,False,False,bicycle,electric_assist
2026-04-07T01:03:34Z,lime,lime:80b70963464a,51.92627,4.50136,False,False,bicycle,electric_assist
2026-04-07T01:03:34Z,lime,lime:049a452f2b3b,51.92168,4.49294,False,False,bicycle,electric_assist
2026-04-07T01:03:34Z,lime,lime:a427b7f435d9,51.91938,4.51399,False,False,bicycle,electric_assist
2026-04-07T01:03:34Z,lime,lime:168e68ca52ef,51.92084,4.47204,False,False,bicycle,electric_assist
2026-04-07T01:03:34Z,lime,lime:a44e48d2fad6,51.93546,4.4621,False,True,bicycle,electric_assist
2026-04-07T01:03:34Z,lime,lime:9f502695316b,51.94625,4.4862,False,False,bicycle,electric_assist
2026-04-07T01:03:34Z,lime,lime:badf628262b2,51.92093,4.54175,False,False,bicycle,electric_assist
2026-04-07T01:03:34Z,lime,lime:0279b001bce5,51.92318,4.49351,False,False,bicycle,electric_assist
2026-04-07T01:03:34Z,lime,lime:5017be495018,51.87429,4.52318,False,False,bicycle,electric_assist
2026-04-07T01:03:34Z,lime,lime:37c324f3edfa,51.9106,4.38595,False,False,bicycle,electric_assist
2026-04-07T01:03:34Z,lime,lime:4ea24c722b28,51.94895,4.46502,False,False,bicycle,electric_assist
2026-04-07T01:03:34Z,lime,lime:6a58b0eff9d1,51.916,4.4643,False,False,bicycle,electric_assist
2026-04-07T01:03:34Z,lime,lime:5a5f273e097c,51.93245,4.4715,False,False,bicycle,electric_assist
2026-04-07T01:03:34Z,lime,lime:fef5c5178fa5,51.92541,4.50868,False,False,bicycle,electric_assist
2026-04-07T01:03:34Z,lime,lime:03b8b62dee81,51.92502,4.48637,True,False,bicycle,electric_assist
2026-04-07T01:03:34Z,lime,lime:221c675d0fb9,51.91395,4.39739,False,False,bicycle,electric_assist
2026-04-07T01:03:34Z,lime,lime:3727770a3d31,51.93141,4.46158,False,False,bicycle,electric_assist
2026-04-07T01:03:34Z,lime,lime:0454efe4ef64,51.94887,4.46497,False,False,bicycle,electric_assist
2026-04-07T01:03:34Z,lime,lime:fe85f0d41888,51.92089,4.49098,False,False,bicycle,electric_assist
2026-04-07T01:03:34Z,lime,lime:34d093bf91a3,51.8931,4.48224,True,False,bicycle,electric_assist
2026-04-07T01:03:34Z,lime,lime:d2036c754d50,51.88703,4.52137,False,False,bicycle,electric_assist
2026-04-07T01:03:34Z,lime,lime:a277f3f0f9d1,51.90944,4.52895,False,False,bicycle,electric_assist
2026-04-07T01:03:34Z,lime,lime:38cc89143564,51.91157,4.47858,False,False,bicycle,electric_assist
2026-04-07T01:03:34Z,lime,lime:d4c7e1e37b23,51.92778,4.48172,False,False,bicycle,electric_assist
2026-04-07T01:03:34Z,lime,lime:18d5eb2e6bb7,51.88643,4.54939,False,False,bicycle,electric_assist
2026-04-07T01:03:34Z,lime,lime:8578ff428082,51.94775,4.5571,False,False,bicycle,electric_assist
2026-04-07T01:03:34Z,lime,lime:b17c460df5cc,51.91279,4.44968,False,False,bicycle,electric_assist
2026-04-07T01:03:34Z,lime,lime:af3814fdfc44,51.95572,4.4671,False,False,bicycle,electric_assist
2026-04-07T01:03:34Z,lime,lime:77278a30c73a,51.92296,4.48805,False,False,bicycle,electric_assist
2026-04-07T01:03:34Z,lime,lime:5c139597d364,51.89849,4.54557,False,False,bicycle,electric_assist
2026-04-07T01:03:34Z,lime,lime:8ee6748a34af,51.90732,4.49966,False,False,bicycle,electric_assist
2026-04-07T01:03:34Z,lime,lime:54176d092fe7,51.88718,4.49157,False,False,bicycle,electric_assist
2026-04-07T01:03:34Z,lime,lime:52084064b535,51.88912,4.52905,False,False,bicycle,electric_assist
2026-04-07T01:03:34Z,lime,lime:031e6b68824e,51.92265,4.4734,False,False,bicycle,electric_assist
2026-04-07T01:03:34Z,lime,lime:0819d616425a,51.91673,4.46738,False,False,bicycle,electric_assist
2026-04-07T01:03:34Z,lime,lime:cac384c6fec7,51.91113,4.49252,False,False,bicycle,electric_assist
2026-04-07T01:03:34Z,lime,lime:1f61e4e1bbc0,51.91692,4.52787,False,False,bicycle,electric_assist
2026-04-07T01:03:34Z,lime,lime:5a13b582bbe1,51.88965,4.49596,False,False,bicycle,electric_assist
2026-04-07T01:03:34Z,lime,lime:a3a8e6f953b3,51.95134,4.47046,False,False,bicycle,electric_assist
2026-04-07T01:03:34Z,lime,lime:216bd2a8ec56,51.89214,4.56965,False,True,bicycle,electric_assist
2026-04-07T01:03:34Z,lime,lime:8b3ff8080f36,51.92911,4.4699,False,False,bicycle,electric_assist
2026-04-07T01:03:34Z,lime,lime:1bf7a503c95b,51.91193,4.46643,False,False,bicycle,electric_assist
2026-04-07T01:03:34Z,lime,lime:86203ad75cbc,51.91172,4.38369,False,False,bicycle,electric_assist
2026-04-07T01:03:34Z,lime,lime:33539812f64b,51.92164,4.49298,False,False,bicycle,electric_assist
2026-04-07T01:03:34Z,lime,lime:ef5364601e0a,51.89382,4.50945,False,False,bicycle,electric_assist
2026-04-07T01:03:34Z,lime,lime:cd937bc3ace9,51.9201,4.43752,False,False,bicycle,electric_assist
2026-04-07T01:03:34Z,lime,lime:84b4fc678bc8,51.91712,4.46083,False,False,bicycle,electric_assist
2026-04-07T01:03:34Z,lime,lime:4a2345fd2219,51.99426,4.36098,False,False,bicycle,electric_assist
2026-04-07T01:03:34Z,lime,lime:6563f7ca8f1b,51.95322,4.53577,False,False,bicycle,electric_assist
2026-04-07T01:03:34Z,lime,lime:b8e2829b85b9,51.95836,4.49045,False,False,bicycle,electric_assist
2026-04-07T01:03:34Z,lime,lime:028824c2dbc2,51.90268,4.50737,False,False,bicycle,electric_assist
2026-04-07T01:03:34Z,lime,lime:f71d704f55c8,51.91474,4.44619,False,False,bicycle,electric_assist
2026-04-07T01:03:34Z,lime,lime:0d7eb1115d35,51.90498,4.44013,False,False,bicycle,electric_assist
2026-04-07T01:03:34Z,lime,lime:50fcc94f51fe,51.9178,4.44504,False,False,bicycle,electric_assist
2026-04-07T01:03:34Z,lime,lime:a4d04f11d7a4,51.91784,4.44517,False,False,bicycle,electric_assist
2026-04-07T01:03:34Z,lime,lime:411e6c2787c5,51.93722,4.53616,False,False,bicycle,electric_assist
2026-04-07T01:03:34Z,lime,lime:23bd1cbe1f22,51.90943,4.52142,False,False,bicycle,electric_assist
2026-04-07T01:03:34Z,lime,lime:97fa601771c6,51.91576,4.4876,False,True,bicycle,electric_assist
2026-04-07T01:03:34Z,lime,lime:0d08cfcefdd4,51.92179,4.44911,False,False,bicycle,electric_assist
2026-04-07T01:03:34Z,lime,lime:c71357f7be2a,51.96178,4.47931,False,False,bicycle,electric_assist
2026-04-07T01:03:34Z,lime,lime:fdf70f5df0e6,51.92546,4.46642,True,False,bicycle,electric_assist
2026-04-07T01:03:34Z,lime,lime:c1c0c5c4b890,51.91691,4.52773,False,False,bicycle,electric_assist
2026-04-07T01:03:34Z,lime,lime:4319c46e8d3d,51.93957,4.4769,False,False,bicycle,electric_assist
2026-04-07T01:03:34Z,lime,lime:46f7cfb42a08,51.8947,4.46193,False,False,bicycle,electric_assist
2026-04-07T01:03:34Z,lime,lime:ba814af63040,51.92697,4.47232,False,False,bicycle,electric_assist
2026-04-07T01:03:34Z,lime,lime:d4045999dc7f,51.90165,4.48727,False,False,bicycle,electric_assist
2026-04-07T01:03:34Z,lime,lime:3842ffa7f2ab,51.92384,4.53494,False,False,bicycle,electric_assist
2026-04-07T01:03:34Z,lime,lime:503922378c6c,51.92405,4.54347,False,False,bicycle,electric_assist
2026-04-07T01:03:34Z,lime,lime:f566de6656df,51.91512,4.52154,False,False,bicycle,electric_assist
2026-04-07T01:03:34Z,lime,lime:0f7ca73ea868,51.90648,4.45706,False,False,bicycle,electric_assist
2026-04-07T01:03:34Z,lime,lime:ac0a93447a40,51.92283,4.4815,False,False,bicycle,electric_assist
2026-04-07T01:03:34Z,lime,lime:55cfbdba5415,51.93975,4.48427,False,False,bicycle,electric_assist
2026-04-07T01:03:34Z,lime,lime:a36eb83c2d8a,51.92916,4.50529,False,False,bicycle,electric_assist
2026-04-07T01:03:34Z,lime,lime:1e41d8cf78f2,51.90641,4.45184,False,False,bicycle,electric_assist
2026-04-07T01:03:34Z,lime,lime:c0de0f454d41,51.90927,4.45827,False,False,bicycle,electric_assist
2026-04-07T01:03:34Z,lime,lime:43c235518ff1,51.94731,4.52673,False,False,bicycle,electric_assist
2026-04-07T01:03:34Z,lime,lime:c70c5a88c8fc,51.93603,4.43724,False,False,bicycle,electric_assist
2026-04-07T01:03:34Z,lime,lime:ee7d451516af,51.91079,4.40541,False,False,bicycle,electric_assist
2026-04-07T01:03:34Z,lime,lime:9e5d95372812,51.90934,4.49733,False,False,bicycle,electric_assist
2026-04-07T01:03:34Z,lime,lime:556be9bc4ad1,51.9093,4.50795,False,False,bicycle,electric_assist
2026-04-07T01:03:34Z,lime,lime:edd27c67c585,51.92203,4.51503,False,False,bicycle,electric_assist
2026-04-07T01:03:34Z,lime,lime:599fe1a2eb1d,51.92312,4.48288,False,False,bicycle,electric_assist
2026-04-07T01:03:34Z,lime,lime:c2ded8e65fe0,51.90736,4.40212,False,False,bicycle,electric_assist
2026-04-07T01:03:34Z,lime,lime:32bdba8827ce,51.90873,4.40611,False,False,bicycle,electric_assist
2026-04-07T01:03:34Z,lime,lime:289f95c14b4b,51.95991,4.47877,False,False,bicycle,electric_assist
2026-04-07T01:03:34Z,lime,lime:b9af12c0dc3c,51.9463,4.56071,False,False,bicycle,electric_assist
2026-04-07T01:03:34Z,lime,lime:4bb90bb70411,51.92851,4.50155,False,False,bicycle,electric_assist
2026-04-07T01:03:34Z,lime,lime:b06d3b914fa5,51.91446,4.43734,False,False,bicycle,electric_assist
2026-04-07T01:03:34Z,lime,lime:3bd5be5521a5,51.90218,4.46141,False,False,bicycle,electric_assist
2026-04-07T01:03:34Z,lime,lime:bbc381dde608,51.92276,4.47355,False,False,bicycle,electric_assist
2026-04-07T01:03:34Z,lime,lime:e371e912ead4,51.99759,4.33333,False,False,bicycle,electric_assist
2026-04-07T01:03:34Z,lime,lime:f14663d58354,51.90552,4.50963,False,False,bicycle,electric_assist
2026-04-07T01:03:34Z,lime,lime:aa74be2546e7,51.93723,4.45382,False,False,bicycle,electric_assist
2026-04-07T01:03:34Z,lime,lime:63d10775c9a1,51.91818,4.3896,False,False,bicycle,electric_assist
2026-04-07T01:03:34Z,lime,lime:c7bba403af85,51.92169,4.49303,False,False,bicycle,electric_assist
2026-04-07T01:03:34Z,lime,lime:2862963f0295,51.92004,4.51405,False,False,bicycle,electric_assist
2026-04-07T01:03:34Z,lime,lime:b0bf947c570a,51.93035,4.50783,False,False,bicycle,electric_assist
2026-04-07T01:03:34Z,lime,lime:d527544af484,51.90795,4.46228,False,False,bicycle,electric_assist
2026-04-07T01:03:34Z,lime,lime:d9853f7abebc,51.92968,4.476,False,False,bicycle,electric_assist
2026-04-07T01:03:34Z,lime,lime:6f1fdecd0239,51.92272,4.47347,False,False,bicycle,electric_assist
2026-04-07T01:03:34Z,lime,lime:a43debe11b56,51.92362,4.47915,False,False,bicycle,electric_assist
2026-04-07T01:03:34Z,lime,lime:d1e5ef93cc20,51.93855,4.47966,False,False,bicycle,electric_assist
2026-04-07T01:03:34Z,lime,lime:27fed3387d00,51.94389,4.50265,False,False,bicycle,electric_assist
2026-04-07T01:03:34Z,lime,lime:ae6c5e124bcb,51.91533,4.44021,False,False,bicycle,electric_assist
2026-04-07T01:03:34Z,lime,lime:a866d2594cb9,51.93508,4.46505,False,False,bicycle,electric_assist
2026-04-07T01:03:34Z,lime,lime:971f180479df,51.92171,4.49291,False,False,bicycle,electric_assist
2026-04-07T01:03:34Z,lime,lime:5542de127b23,51.92733,4.48354,False,False,bicycle,electric_assist
2026-04-07T01:03:34Z,lime,lime:76f4dd8c2e31,51.94462,4.48725,False,False,bicycle,electric_assist
2026-04-07T01:03:34Z,lime,lime:68dcd7d5c940,51.93875,4.46708,False,False,bicycle,electric_assist
2026-04-07T01:03:34Z,lime,lime:6ccacc78db95,51.92748,4.51092,False,False,bicycle,electric_assist
2026-04-07T01:03:34Z,lime,lime:adb1a6b29d77,51.93511,4.46622,False,False,bicycle,electric_assist
2026-04-07T01:03:34Z,lime,lime:1e2a61f47a76,51.95357,4.50875,False,False,bicycle,electric_assist
2026-04-07T01:03:34Z,lime,lime:70a13f79cb58,51.95133,4.47045,False,False,bicycle,electric_assist
2026-04-07T01:03:34Z,lime,lime:9db2719d8f51,51.92737,4.50967,False,False,bicycle,electric_assist
2026-04-07T01:03:34Z,lime,lime:aab048fa6203,51.92435,4.48026,False,False,bicycle,electric_assist
2026-04-07T01:03:34Z,lime,lime:91711f33c3ea,51.92227,4.4877,False,False,bicycle,electric_assist
2026-04-07T01:03:34Z,lime,lime:7050158dd2be,51.90924,4.49461,False,False,bicycle,electric_assist
2026-04-07T01:03:34Z,lime,lime:4589f2ea8e3f,51.9119,4.46648,False,False,bicycle,electric_assist
2026-04-07T01:03:34Z,lime,lime:b9670194e5bc,51.93628,4.47703,False,False,bicycle,electric_assist
2026-04-07T01:03:34Z,lime,lime:ec094c374b3d,51.91752,4.4536,False,False,bicycle,electric_assist
2026-04-07T01:03:34Z,lime,lime:07a6b1919e08,51.92666,4.46265,False,False,bicycle,electric_assist
2026-04-07T01:03:34Z,lime,lime:a05254c9e74d,51.90215,4.46144,False,False,bicycle,electric_assist
2026-04-07T01:03:34Z,lime,lime:1b309f4d3c1e,51.94264,4.47259,False,False,bicycle,electric_assist
2026-04-07T01:03:34Z,lime,lime:f135278153a9,51.9424,4.49921,False,False,bicycle,electric_assist
2026-04-07T01:03:34Z,lime,lime:65bdecad3ce6,51.8828,4.50435,False,False,bicycle,electric_assist
2026-04-07T01:03:34Z,lime,lime:6a50cb9ed8b3,51.91537,4.49982,False,False,bicycle,electric_assist
2026-04-07T01:03:34Z,lime,lime:98f266dde619,51.92604,4.51641,False,False,bicycle,electric_assist
2026-04-07T01:03:34Z,lime,lime:4fe0908d5d64,51.96095,4.46727,False,False,bicycle,electric_assist
2026-04-07T01:03:34Z,lime,lime:a63e92b3bcfe,51.89849,4.54559,False,False,bicycle,electric_assist
2026-04-07T01:03:34Z,lime,lime:0e54be803199,51.87493,4.46787,False,False,bicycle,electric_assist
2026-04-07T01:03:34Z,lime,lime:fffdf0b7c114,51.90446,4.46042,False,False,bicycle,electric_assist
2026-04-07T01:03:34Z,lime,lime:a7b10c94b797,51.94291,4.47581,False,False,bicycle,electric_assist
2026-04-07T01:03:34Z,lime,lime:8bed9f53cdde,51.91061,4.38593,False,False,bicycle,electric_assist
2026-04-07T01:03:34Z,lime,lime:fc62ac2f9485,51.91913,4.50901,False,False,bicycle,electric_assist
2026-04-07T01:03:34Z,lime,lime:ea96e57286d6,51.92096,4.54217,False,False,bicycle,electric_assist
2026-04-07T01:03:34Z,lime,lime:ddb3d845b41c,51.94928,4.43268,False,False,bicycle,electric_assist
2026-04-07T01:03:34Z,lime,lime:0987932c0bd2,51.91853,4.43923,False,False,bicycle,electric_assist
2026-04-07T01:03:34Z,lime,lime:0b8ac845fa5f,51.94594,4.48561,False,False,bicycle,electric_assist
2026-04-07T01:03:34Z,lime,lime:56c0e72c0391,51.91589,4.47815,False,False,bicycle,electric_assist
2026-04-07T01:03:34Z,lime,lime:cfa6a7880bff,51.93917,4.46818,False,False,bicycle,electric_assist
2026-04-07T01:03:34Z,lime,lime:f6ba9d0bda79,51.91913,4.44751,False,False,bicycle,electric_assist
2026-04-07T01:03:34Z,lime,lime:4b0e1d6f51d5,51.87426,4.5231,False,False,bicycle,electric_assist
2026-04-07T01:03:34Z,lime,lime:d53d6551f091,51.98751,4.359,False,False,bicycle,electric_assist
2026-04-07T01:03:34Z,lime,lime:56cafed30793,51.91969,4.55469,False,False,bicycle,electric_assist
2026-04-07T01:03:34Z,lime,lime:f8dd95b645e7,51.90927,4.45824,False,False,bicycle,electric_assist
2026-04-07T01:03:34Z,lime,lime:31126710074d,51.92132,4.44832,False,False,bicycle,electric_assist
2026-04-07T01:03:34Z,lime,lime:e7f97185d1bb,51.93027,4.48383,False,False,bicycle,electric_assist
2026-04-07T01:03:34Z,lime,lime:0319d2c9a06f,51.93147,4.49952,False,False,bicycle,electric_assist
2026-04-07T01:03:34Z,lime,lime:f7876a4854fe,51.89896,4.48083,False,False,bicycle,electric_assist
2026-04-07T01:03:34Z,lime,lime:3d5091b1bf5b,51.92863,4.4633,False,False,bicycle,electric_assist
2026-04-07T01:03:34Z,lime,lime:a499a6b758fd,51.92514,4.50921,False,False,bicycle,electric_assist
2026-04-07T01:03:34Z,lime,lime:481ffb33c2b9,51.91617,4.52212,False,False,bicycle,electric_assist
2026-04-07T01:03:34Z,lime,lime:ab3588a3f9a1,51.95991,4.47876,False,False,bicycle,electric_assist
2026-04-07T01:03:34Z,lime,lime:d930645097f2,51.94459,4.48377,False,False,bicycle,electric_assist
2026-04-07T01:03:34Z,lime,lime:c0c4a2415c81,51.92546,4.46645,False,False,bicycle,electric_assist
2026-04-07T01:03:34Z,lime,lime:4ff436f18587,51.91151,4.49146,False,False,bicycle,electric_assist
2026-04-07T01:03:34Z,lime,lime:15d38ee79d40,51.94218,4.42718,False,False,bicycle,electric_assist
2026-04-07T01:03:34Z,lime,lime:8a39b7f61503,51.94078,4.50892,False,False,bicycle,electric_assist
2026-04-07T01:03:34Z,lime,lime:954050218dc1,51.93356,4.48107,False,False,bicycle,electric_assist
2026-04-07T01:03:34Z,lime,lime:31c4dd3c27a2,51.93214,4.47569,False,False,bicycle,electric_assist
2026-04-07T01:03:34Z,lime,lime:1aa618e15179,51.89117,4.46392,False,False,bicycle,electric_assist
2026-04-07T01:03:34Z,lime,lime:47094ae3b5ac,51.98204,4.34477,False,True,bicycle,electric_assist
2026-04-07T01:03:34Z,lime,lime:48a6910ae66e,51.89829,4.47761,False,False,bicycle,electric_assist
2026-04-07T01:03:34Z,lime,lime:8a6c054ee6ed,51.89925,4.51056,False,True,bicycle,electric_assist
2026-04-07T01:03:34Z,lime,lime:8da2717ef4dc,51.92765,4.47656,False,False,bicycle,electric_assist
2026-04-07T01:03:34Z,lime,lime:d65fdedd2ec2,51.90493,4.50376,False,False,bicycle,electric_assist
2026-04-07T01:03:34Z,lime,lime:9de549c56340,51.93576,4.4904,False,False,bicycle,electric_assist
2026-04-07T01:03:34Z,lime,lime:68af78ff3736,51.93336,4.46017,False,False,bicycle,electric_assist
2026-04-07T01:03:34Z,lime,lime:90d759df9f7d,51.90754,4.45686,False,False,bicycle,electric_assist
2026-04-07T01:03:34Z,lime,lime:095e643ffeaf,51.93968,4.48429,False,False,bicycle,electric_assist
2026-04-07T01:03:34Z,lime,lime:ec0f90735481,51.90151,4.55318,False,False,bicycle,electric_assist
2026-04-07T01:03:34Z,lime,lime:f19eb28be764,51.88634,4.54932,False,False,bicycle,electric_assist
2026-04-07T01:03:34Z,lime,lime:1c82e278988c,51.99124,4.36502,False,False,bicycle,electric_assist
2026-04-07T01:03:34Z,lime,lime:b1f17495088d,51.91504,4.39272,False,False,bicycle,electric_assist
2026-04-07T01:03:34Z,lime,lime:afa8668faa4d,51.91071,4.51981,True,False,bicycle,electric_assist
2026-04-07T01:03:34Z,lime,lime:f23161431e59,51.91844,4.48854,False,False,bicycle,electric_assist
2026-04-07T01:03:34Z,lime,lime:a59896ab4442,51.92083,4.51053,False,False,bicycle,electric_assist
2026-04-07T01:03:34Z,lime,lime:80e60fec972c,51.90275,4.45426,False,False,bicycle,electric_assist
2026-04-07T01:03:34Z,lime,lime:1fd6cea06e08,51.91091,4.46029,False,False,bicycle,electric_assist
2026-04-07T01:03:34Z,lime,lime:9f27201bb1d8,51.87487,4.46792,False,False,bicycle,electric_assist
2026-04-07T01:03:34Z,lime,lime:e91e4b8a28df,51.87482,4.46788,False,False,bicycle,electric_assist
2026-04-07T01:03:34Z,lime,lime:a17113480169,51.89686,4.52184,False,False,bicycle,electric_assist
2026-04-07T01:03:34Z,lime,lime:7d82e3422a70,51.95584,4.51918,False,False,bicycle,electric_assist
2026-04-07T01:03:34Z,lime,lime:074349211688,51.92912,4.50534,False,False,bicycle,electric_assist
2026-04-07T01:03:34Z,lime,lime:dc2cff1cab7a,51.9113,4.44547,False,False,bicycle,electric_assist
2026-04-07T01:03:34Z,lime,lime:5d783517aa0f,51.90944,4.44031,False,False,bicycle,electric_assist
2026-04-07T01:03:34Z,lime,lime:99f8fcdb4de2,51.92321,4.49347,False,False,bicycle,electric_assist
2026-04-07T01:03:34Z,lime,lime:2174e741e7b1,51.93563,4.46814,False,False,bicycle,electric_assist
2026-04-07T01:03:34Z,lime,lime:3046c05f4293,51.91066,4.51956,False,False,bicycle,electric_assist
2026-04-07T01:03:34Z,lime,lime:ce412d292911,51.92496,4.50234,False,False,bicycle,electric_assist
2026-04-07T01:03:34Z,lime,lime:8cb77dc85942,51.88583,4.50839,False,False,bicycle,electric_assist
2026-04-07T01:03:34Z,lime,lime:36e309f47d56,51.91503,4.52149,False,False,bicycle,electric_assist
2026-04-07T01:03:34Z,lime,lime:c26afab9c13e,51.91233,4.45501,False,False,bicycle,electric_assist
2026-04-07T01:03:34Z,lime,lime:d97262bdeffd,51.92066,4.47566,False,False,bicycle,electric_assist
2026-04-07T01:03:34Z,lime,lime:82986113ea4c,51.91146,4.45792,False,False,bicycle,electric_assist
2026-04-07T01:03:34Z,lime,lime:ff559d4888b1,51.92733,4.44069,False,False,bicycle,electric_assist
2026-04-07T01:03:34Z,lime,lime:01be4eded947,51.92785,4.51887,False,False,bicycle,electric_assist
2026-04-07T01:03:34Z,lime,lime:518566fb128e,51.91124,4.49304,False,False,bicycle,electric_assist
2026-04-07T01:03:34Z,lime,lime:abf7b7c9743e,51.91237,4.45509,False,False,bicycle,electric_assist
2026-04-07T01:03:34Z,lime,lime:2dedcd65f18f,51.91737,4.42052,False,False,bicycle,electric_assist
2026-04-07T01:03:34Z,lime,lime:18999e9fe207,51.90851,4.4643,False,False,bicycle,electric_assist
2026-04-07T01:03:34Z,lime,lime:e88ac7fdce97,51.91411,4.4224,False,False,bicycle,electric_assist
2026-04-07T01:03:34Z,lime,lime:d281b41b59f0,51.90788,4.52433,False,False,bicycle,electric_assist
2026-04-07T01:03:34Z,lime,lime:d5cfe17d12ab,51.92505,4.49165,False,False,bicycle,electric_assist
2026-04-07T01:03:34Z,lime,lime:647d29f7e88c,51.94425,4.47129,False,False,bicycle,electric_assist
2026-04-07T01:03:34Z,lime,lime:76e3f96154ec,51.88717,4.49152,False,False,bicycle,electric_assist
2026-04-07T01:03:34Z,lime,lime:ad52eaad3de8,51.90114,4.4801,False,False,bicycle,electric_assist
2026-04-07T01:03:34Z,lime,lime:ac2d76447914,51.90226,4.50263,False,False,bicycle,electric_assist
2026-04-07T01:03:34Z,lime,lime:08ba73008dc0,51.89936,4.48291,False,False,bicycle,electric_assist
2026-04-07T01:03:34Z,lime,lime:24a982c985d7,51.92547,4.50078,False,False,bicycle,electric_assist
2026-04-07T01:03:34Z,lime,lime:a67c28010019,51.91996,4.51401,False,False,bicycle,electric_assist
2026-04-07T01:03:34Z,lime,lime:8fd5fbd19508,51.98966,4.37491,False,False,bicycle,electric_assist
2026-04-07T01:03:34Z,lime,lime:88059cc875a6,51.89602,4.51451,False,False,bicycle,electric_assist
2026-04-07T01:03:34Z,lime,lime:06754f4d0c66,51.90649,4.50582,False,False,bicycle,electric_assist
2026-04-07T01:03:34Z,lime,lime:4b19e1a9c4ef,51.89345,4.50183,False,False,bicycle,electric_assist
2026-04-07T01:03:34Z,lime,lime:ce7b942a138a,51.91025,4.38284,False,False,bicycle,electric_assist
2026-04-07T01:03:34Z,lime,lime:1d19576a1d38,51.93325,4.49101,False,False,bicycle,electric_assist
2026-04-07T01:03:34Z,lime,lime:a1019748795a,51.91895,4.44247,False,False,bicycle,electric_assist
2026-04-07T01:03:34Z,lime,lime:49596371882d,51.91094,4.50146,False,False,bicycle,electric_assist
2026-04-07T01:03:34Z,lime,lime:85193d1394f4,51.91525,4.44028,False,False,bicycle,electric_assist
2026-04-07T01:03:34Z,lime,lime:6d41ba67991d,51.92207,4.51509,False,False,bicycle,electric_assist
2026-04-07T01:03:34Z,lime,lime:94719c0d6292,51.91084,4.51946,False,False,bicycle,electric_assist
2026-04-07T01:03:34Z,lime,lime:e83ea2fad8c3,51.92104,4.54127,False,False,bicycle,electric_assist
2026-04-07T01:03:34Z,lime,lime:fbed5ede921e,51.92873,4.50178,False,False,bicycle,electric_assist
2026-04-07T01:03:34Z,lime,lime:3ac060053780,51.91169,4.50549,False,False,bicycle,electric_assist
2026-04-07T01:03:34Z,lime,lime:0fc8d3d23fa9,51.90683,4.44719,False,False,bicycle,electric_assist
2026-04-07T01:03:34Z,lime,lime:763d909be305,51.91848,4.47262,False,False,bicycle,electric_assist
2026-04-07T01:03:34Z,lime,lime:6d0e94b69450,51.91634,4.42551,False,False,bicycle,electric_assist
2026-04-07T01:03:34Z,lime,lime:ce9c7760df13,51.98854,4.34389,False,False,bicycle,electric_assist
2026-04-07T01:03:34Z,lime,lime:4545266c48ef,51.91908,4.44728,False,False,bicycle,electric_assist
2026-04-07T01:03:34Z,lime,lime:0857c21c1f87,51.93663,4.47558,False,False,bicycle,electric_assist
2026-04-07T01:03:34Z,lime,lime:134670fcd314,51.91428,4.48062,False,False,bicycle,electric_assist
2026-04-07T01:03:34Z,lime,lime:ad7eb792e527,51.90558,4.50954,False,False,bicycle,electric_assist
2026-04-07T01:03:34Z,lime,lime:0b384b4d2608,51.93417,4.46618,False,False,bicycle,electric_assist
2026-04-07T01:03:34Z,lime,lime:e66ecc0087cb,51.92473,4.51475,False,False,bicycle,electric_assist
2026-04-07T01:03:34Z,lime,lime:00651945ea64,51.88965,4.49603,False,False,bicycle,electric_assist
2026-04-07T01:03:34Z,lime,lime:edf8acc6d737,51.93726,4.36664,False,False,bicycle,electric_assist
2026-04-07T01:03:34Z,lime,lime:3b42e0c157b5,51.91631,4.42556,False,False,bicycle,electric_assist
2026-04-07T01:03:34Z,lime,lime:4d880bd2ffe3,51.89758,4.51131,False,False,bicycle,electric_assist
2026-04-07T01:03:34Z,lime,lime:3010175475b7,51.9379,4.48612,False,False,bicycle,electric_assist
2026-04-07T01:03:34Z,lime,lime:2ebc2011cc79,51.93901,4.49582,False,False,bicycle,electric_assist
2026-04-07T01:03:34Z,lime,lime:f4e3ba21f1e3,51.91008,4.4523,False,False,bicycle,electric_assist
2026-04-07T01:03:34Z,lime,lime:d160f51048af,51.93452,4.47649,False,False,bicycle,electric_assist
2026-04-07T01:03:34Z,lime,lime:72eda94ef9d1,51.9156,4.44116,False,False,bicycle,electric_assist
2026-04-07T01:03:34Z,lime,lime:f0f408929e21,51.92318,4.49356,False,False,bicycle,electric_assist
2026-04-07T01:03:34Z,lime,lime:fb1a0735ee4e,51.91236,4.51086,False,False,bicycle,electric_assist
2026-04-07T01:03:34Z,lime,lime:a86af564fe81,51.92954,4.46287,False,False,bicycle,electric_assist
2026-04-07T01:03:34Z,lime,lime:0a52d8718da2,51.92,4.51089,False,False,bicycle,electric_assist
2026-04-07T01:03:34Z,lime,lime:6d8db188340a,51.9211,4.55919,False,False,bicycle,electric_assist
2026-04-07T01:03:34Z,lime,lime:1a827f493351,51.8627,4.5548,False,True,bicycle,electric_assist
2026-04-07T01:03:34Z,lime,lime:129230757c9e,51.9209,4.47205,False,False,bicycle,electric_assist
2026-04-07T01:03:34Z,lime,lime:8174a6d02894,51.90595,4.47581,False,False,bicycle,electric_assist
2026-04-07T01:03:34Z,lime,lime:685e3ba3bb4f,51.91025,4.38284,False,False,bicycle,electric_assist
2026-04-07T01:03:34Z,lime,lime:2c9bf4f2d0b2,51.93667,4.43556,False,False,bicycle,electric_assist
2026-04-07T01:03:34Z,lime,lime:577438fe40c2,51.91551,4.48755,False,False,bicycle,electric_assist
2026-04-07T01:03:34Z,lime,lime:ef50932ef9b1,51.89112,4.47295,False,False,bicycle,electric_assist
2026-04-07T01:03:34Z,lime,lime:68a6f047fa76,51.9232,4.49355,False,False,bicycle,electric_assist
2026-04-07T01:03:34Z,lime,lime:68e5ddb695e6,51.92143,4.44871,False,False,bicycle,electric_assist
2026-04-07T01:03:34Z,lime,lime:5c2a8b7a5e60,51.93448,4.4591,False,False,bicycle,electric_assist
2026-04-07T01:03:34Z,lime,lime:96463c9c1bf4,51.92933,4.48788,False,False,bicycle,electric_assist
2026-04-07T01:03:34Z,lime,lime:7bafb92c0845,51.9885,4.34398,False,False,bicycle,electric_assist
2026-04-07T01:03:34Z,lime,lime:ef622e89797a,51.89282,4.47781,False,False,bicycle,electric_assist
2026-04-07T01:03:34Z,lime,lime:a43bf44ce9fa,51.88647,4.52922,False,False,bicycle,electric_assist
2026-04-07T01:03:34Z,lime,lime:48b79c0443d1,51.99636,4.36973,False,False,bicycle,electric_assist
2026-04-07T01:03:34Z,lime,lime:42360f962756,51.92534,4.50903,False,False,bicycle,electric_assist
2026-04-07T01:03:34Z,lime,lime:c5cdbf30a421,51.90933,4.49739,False,False,bicycle,electric_assist
2026-04-07T01:03:34Z,lime,lime:8a2a604e31eb,51.95703,4.48712,False,False,bicycle,electric_assist
2026-04-07T01:03:34Z,lime,lime:db88fc2cc8f3,51.90449,4.4604,False,False,bicycle,electric_assist
2026-04-07T01:03:34Z,lime,lime:f6660d88842f,51.90246,4.49613,False,False,bicycle,electric_assist
2026-04-07T01:03:34Z,lime,lime:0c4e9c97d0b2,51.9969,4.3837,False,False,bicycle,electric_assist
2026-04-07T01:03:34Z,lime,lime:bbe8d3c85240,51.8968,4.52175,False,False,bicycle,electric_assist
2026-04-07T01:03:34Z,lime,lime:809da2bfdf5d,51.91317,4.44727,False,False,bicycle,electric_assist
2026-04-07T01:03:34Z,lime,lime:d157e8c720f2,51.91829,4.48226,False,False,bicycle,electric_assist
2026-04-07T01:03:34Z,lime,lime:7fcaa03483a8,51.92414,4.50403,False,False,bicycle,electric_assist
2026-04-07T01:03:34Z,lime,lime:86d6c9931a0c,51.89302,4.51757,False,False,bicycle,electric_assist
2026-04-07T01:03:34Z,lime,lime:f98e1517c5b7,51.92547,4.51356,True,False,bicycle,electric_assist
2026-04-07T01:03:34Z,lime,lime:ae86c013326d,51.89039,4.47126,False,False,bicycle,electric_assist
2026-04-07T01:03:34Z,lime,lime:dc3be3cada9d,51.93856,4.47949,False,False,bicycle,electric_assist
2026-04-07T01:03:34Z,lime,lime:c8cc26adefdd,51.92285,4.54199,False,False,bicycle,electric_assist
2026-04-07T01:03:34Z,lime,lime:005006c1ca22,51.93476,4.49861,False,False,bicycle,electric_assist
2026-04-07T01:03:34Z,lime,lime:3f8e2e6923f6,51.94732,4.52673,False,False,bicycle,electric_assist
2026-04-07T01:03:34Z,felyx,felyx:168a8db431c5,51.94696023333333,4.4725004166666675,False,False,bicycle,electric_assist
2026-04-07T01:03:34Z,felyx,felyx:70f94439c97b,51.921064233333325,4.559204200000001,False,True,bicycle,electric_assist
2026-04-07T01:03:34Z,felyx,felyx:be4dbc416c87,51.90665803333332,4.412051450000001,False,False,bicycle,electric_assist
2026-04-07T01:03:34Z,felyx,felyx:8cf8e921a3ef,51.88469161666667,4.494844416666668,False,True,bicycle,electric_assist
2026-04-07T01:03:34Z,felyx,felyx:d57a2793a2be,51.952672933333325,4.4666050166666675,False,False,bicycle,electric_assist
2026-04-07T01:03:34Z,felyx,felyx:ede43779290e,51.91607453333333,4.5257651999999995,False,False,bicycle,electric_assist
2026-04-07T01:03:34Z,felyx,felyx:61f42f9295d1,51.90000933333333,4.5534741,False,True,bicycle,electric_assist
2026-04-07T01:03:34Z,felyx,felyx:cf4c9bff9292,51.94831973333333,4.56638,False,True,bicycle,electric_assist
2026-04-07T01:03:34Z,felyx,felyx:aadc92d9a93d,51.953220750000014,4.584345766666666,False,True,bicycle,electric_assist
2026-04-07T01:03:34Z,felyx,felyx:a931416df0d8,51.931764733333324,4.370360116666666,False,False,bicycle,electric_assist
2026-04-07T01:03:34Z,felyx,felyx:37e7a687a5db,51.94066793333333,4.5569347,False,False,bicycle,electric_assist
2026-04-07T01:03:34Z,felyx,felyx:50f330b35aeb,51.91795473333333,4.379910216666667,False,False,bicycle,electric_assist
2026-04-07T01:03:34Z,felyx,felyx:c860c7ccab78,51.88647761666666,4.5492868,False,True,bicycle,electric_assist
2026-04-07T01:03:34Z,felyx,felyx:f5a7f3eb8085,51.90948983333333,4.436286000000001,False,False,bicycle,electric_assist
2026-04-07T01:03:34Z,felyx,felyx:6fdafd9846c0,51.88799411666667,4.493745316666666,False,False,bicycle,electric_assist
2026-04-07T01:03:34Z,felyx,felyx:115d023e49b0,51.88265261666667,4.521137599999999,False,False,bicycle,electric_assist
2026-04-07T01:03:34Z,felyx,felyx:7dec157c36da,51.91197813333333,4.390153316666666,False,False,bicycle,electric_assist
2026-04-07T01:03:34Z,felyx,felyx:cff56eff6a59,51.88097041666666,4.501566899999999,False,False,bicycle,electric_assist
2026-04-07T01:03:34Z,felyx,felyx:24cdac82b086,51.946684633333334,4.455161016666666,False,False,bicycle,electric_assist
2026-04-07T01:03:34Z,felyx,felyx:ba8b11a51817,51.92185243333332,4.6102831166666665,False,True,bicycle,electric_assist
2026-04-07T01:03:34Z,felyx,felyx:4a7d8fd2ac76,51.89029961666667,4.519877900000001,False,False,bicycle,electric_assist
2026-04-07T01:03:34Z,felyx,felyx:6da3bdda9f22,51.933449733333326,4.4630631166666666,False,False,bicycle,electric_assist
2026-04-07T01:03:34Z,felyx,felyx:60752d579c5b,51.949239633333335,4.4325665,False,False,bicycle,electric_assist
2026-04-07T01:03:34Z,felyx,felyx:111d5f61feb1,51.89807921666667,4.5716423,False,True,bicycle,electric_assist
2026-04-07T01:03:34Z,felyx,felyx:df708f076f0e,51.938091933333325,4.474072316666667,False,False,bicycle,electric_assist
2026-04-07T01:03:34Z,felyx,felyx:580e3eb9e8e7,51.95303803333333,4.471243816666667,False,False,bicycle,electric_assist
2026-04-07T01:03:34Z,felyx,felyx:9ebc481b5113,51.92917563333334,4.5052748,False,True,bicycle,electric_assist
2026-04-07T01:03:34Z,felyx,felyx:c1527ae0742d,51.870480016666676,4.471980016666667,False,False,bicycle,electric_assist
2026-04-07T01:03:34Z,felyx,felyx:35de6a132a97,51.89348701666666,4.471264516666666,False,False,bicycle,electric_assist
2026-04-07T01:03:34Z,felyx,felyx:3c53079b096d,51.919290133333334,4.386737116666667,False,False,bicycle,electric_assist
2026-04-07T01:03:34Z,felyx,felyx:9f8c828dd488,51.94482743333332,4.469804416666667,False,False,bicycle,electric_assist
2026-04-07T01:03:34Z,felyx,felyx:e0b7e8ec0c25,51.88665111666666,4.558933499999999,False,True,bicycle,electric_assist
2026-04-07T01:03:34Z,felyx,felyx:de68889b5a68,51.88766271666667,4.462778016666667,False,False,bicycle,electric_assist
2026-04-07T01:03:34Z,felyx,felyx:df0cc0bbe9ba,51.908456133333324,4.444178516666667,False,False,bicycle,electric_assist
2026-04-07T01:03:34Z,felyx,felyx:f77d5e90a1eb,51.89529201666665,4.5019819000000005,False,False,bicycle,electric_assist
2026-04-07T01:03:34Z,felyx,felyx:ee375ab4ea7a,51.883979316666675,4.504517599999999,False,False,bicycle,electric_assist
2026-04-07T01:03:34Z,felyx,felyx:f3c8cd0e303f,51.89900091666667,4.5440381,False,False,bicycle,electric_assist
2026-04-07T01:03:34Z,felyx,felyx:f35eb2cdcdbc,51.91376503333333,4.442210616666667,False,False,bicycle,electric_assist
2026-04-07T01:03:34Z,felyx,felyx:f377ff49a66b,51.904467933333336,4.460480016666667,False,False,bicycle,electric_assist
2026-04-07T01:03:34Z,felyx,felyx:50b4c5957142,51.91870813333333,4.440689516666668,False,False,bicycle,electric_assist
2026-04-07T01:03:34Z,felyx,felyx:131c4d9de904,51.909502883333325,4.525318983333333,False,False,bicycle,electric_assist
2026-04-07T01:03:34Z,felyx,felyx:c3b18376b520,51.92021276666666,4.491054983333333,False,True,bicycle,electric_assist
2026-04-07T01:03:34Z,felyx,felyx:19a916e4cb6a,51.93393823333334,4.469661216666667,False,False,bicycle,electric_assist
2026-04-07T01:03:34Z,felyx,felyx:f29bccc5381c,51.950650233333334,4.518633799999999,False,True,bicycle,electric_assist
2026-04-07T01:03:34Z,felyx,felyx:f263b41a8c96,51.944585133333334,4.4360082,False,False,bicycle,electric_assist
2026-04-07T01:03:34Z,felyx,felyx:c539c5e66140,51.86800121666666,4.490833516666668,False,True,bicycle,electric_assist
2026-04-07T01:03:34Z,felyx,felyx:4669ad2f8571,51.892746216666666,4.5698033,False,False,bicycle,electric_assist
2026-04-07T01:03:34Z,felyx,felyx:0f6dde4722be,51.90671333333332,4.319492716666666,False,False,bicycle,electric_assist
2026-04-07T01:03:34Z,felyx,felyx:f8f5e66def07,51.933761133333334,4.488488116666667,False,True,bicycle,electric_assist
2026-04-07T01:03:34Z,felyx,felyx:005ea5b21127,51.88423925,4.494726066666667,False,True,bicycle,electric_assist
2026-04-07T01:03:34Z,felyx,felyx:d1eb87c72242,51.99338953333332,4.4816076166666665,False,True,bicycle,electric_assist
2026-04-07T01:03:34Z,felyx,felyx:333ca1a3ad5c,51.90911543333333,4.4394577,False,False,bicycle,electric_assist
2026-04-07T01:03:34Z,felyx,felyx:3dee82a527c0,51.962631033333345,4.4868081166666665,False,False,bicycle,electric_assist
2026-04-07T01:03:34Z,felyx,felyx:822de4c36603,51.91618355,4.527297866666667,False,True,bicycle,electric_assist
2026-04-07T01:03:34Z,felyx,felyx:7c899440603d,51.94045024999999,4.4797495666666665,False,False,bicycle,electric_assist
2026-04-07T01:03:34Z,felyx,felyx:339bf1ba3333,51.92165743333334,4.4724031166666665,False,False,bicycle,electric_assist
2026-04-07T01:03:34Z,felyx,felyx:eb589cd75fc7,51.88092301666668,4.501553499999999,False,False,bicycle,electric_assist
2026-04-07T01:03:34Z,felyx,felyx:2c0ea59e779a,51.929638033333326,4.5819201,False,False,bicycle,electric_assist
2026-04-07T01:03:34Z,felyx,felyx:4382d58bd307,51.898735666666674,4.502181583333334,False,False,bicycle,electric_assist
2026-04-07T01:03:34Z,felyx,felyx:5a0af2e7b841,51.94830723333333,4.566299,False,True,bicycle,electric_assist
2026-04-07T01:03:34Z,felyx,felyx:9d516eb8849e,51.878548316666674,4.5364733,False,True,bicycle,electric_assist
2026-04-07T01:03:34Z,felyx,felyx:014b646ec288,51.930305233333335,4.4972364166666665,False,True,bicycle,electric_assist
2026-04-07T01:03:34Z,felyx,felyx:938ed86c3015,51.96709573333333,4.496950816666668,False,False,bicycle,electric_assist
2026-04-07T01:03:34Z,felyx,felyx:f0ef6218ebe9,51.90261743333333,4.5110876,False,True,bicycle,electric_assist
2026-04-07T01:03:34Z,felyx,felyx:cde65bab7986,51.91845833333333,4.4110736,False,False,bicycle,electric_assist
2026-04-07T01:03:34Z,felyx,felyx:a17360a5e20c,51.890870316666664,4.475694216666667,True,False,bicycle,electric_assist
2026-04-07T01:03:34Z,felyx,felyx:7e1bd62214b9,51.87684001666666,4.491443716666667,False,True,bicycle,electric_assist
2026-04-07T01:03:34Z,felyx,felyx:eafd8facc548,51.901545433333325,4.485937216666667,False,True,bicycle,electric_assist
2026-04-07T01:03:34Z,felyx,felyx:cb3404ad7156,51.87455081666667,4.477880516666667,False,True,bicycle,electric_assist
2026-04-07T01:03:34Z,felyx,felyx:f66cb80c8cc0,51.891758016666664,4.497124716666666,False,False,bicycle,electric_assist
2026-04-07T01:03:34Z,felyx,felyx:8c06ada5a6f4,51.90498173333333,4.440102716666666,False,False,bicycle,electric_assist
2026-04-07T01:03:34Z,felyx,felyx:e885bcfe642b,51.90935433333335,4.5235131,False,False,bicycle,electric_assist
2026-04-07T01:03:34Z,felyx,felyx:9439fbab18fb,51.91810643333333,4.4395597,False,True,bicycle,electric_assist
2026-04-07T01:03:34Z,felyx,felyx:7040047c4d63,51.951780833333345,4.524534799999999,False,False,bicycle,electric_assist
2026-04-07T01:03:34Z,felyx,felyx:ace872f8f1bd,51.87931251666667,4.488331616666668,False,True,bicycle,electric_assist
2026-04-07T01:03:34Z,felyx,felyx:f49b77f3d905,51.870557816666675,4.474434216666667,False,False,bicycle,electric_assist
2026-04-07T01:03:34Z,felyx,felyx:8ce5bb74a96d,51.86512471666667,4.535082399999999,False,True,bicycle,electric_assist
2026-04-07T01:03:34Z,felyx,felyx:eb7d576ed026,51.95906543333334,4.468493816666666,False,False,bicycle,electric_assist
2026-04-07T01:03:34Z,felyx,felyx:0c1cd6723fb6,51.94571895,4.44912205,False,False,bicycle,electric_assist
2026-04-07T01:03:34Z,felyx,felyx:4335e72f3ac6,51.96390843333334,4.472073516666667,False,False,bicycle,electric_assist
2026-04-07T01:03:34Z,felyx,felyx:82b41681e26f,51.94664963333333,4.553842899999999,False,True,bicycle,electric_assist
2026-04-07T01:03:34Z,felyx,felyx:1af387b8ec6e,51.93408443333332,4.475977916666667,False,False,bicycle,electric_assist
2026-04-07T01:03:34Z,felyx,felyx:4e16ed5faeff,51.92958183333333,4.469236016666666,False,False,bicycle,electric_assist
2026-04-07T01:03:34Z,felyx,felyx:b089709a4d57,51.89986101666667,4.5083623,False,False,bicycle,electric_assist
2026-04-07T01:03:34Z,felyx,felyx:612bfa797c59,51.92824823333334,4.372905616666666,False,False,bicycle,electric_assist
2026-04-07T01:03:34Z,felyx,felyx:60b7da239d9e,51.88775751666667,4.470924516666668,False,False,bicycle,electric_assist
2026-04-07T01:03:34Z,felyx,felyx:7ef0fa1335ff,51.87109056666667,4.470676800000001,False,False,bicycle,electric_assist
2026-04-07T01:03:34Z,felyx,felyx:fa8b61134bd3,51.960424833333335,4.465319016666667,False,False,bicycle,electric_assist
2026-04-07T01:03:34Z,felyx,felyx:6a682a68b677,51.94257753333333,4.5426983,False,False,bicycle,electric_assist
2026-04-07T01:03:34Z,felyx,felyx:d6f8879d6a12,51.875827616666655,4.451083316666667,False,False,bicycle,electric_assist
2026-04-07T01:03:34Z,felyx,felyx:a6f57d1f3620,51.94728676666667,4.526721033333333,False,False,bicycle,electric_assist
2026-04-07T01:03:34Z,felyx,felyx:01b131e9a103,51.90840653333333,4.5027132000000005,False,False,bicycle,electric_assist
2026-04-07T01:03:34Z,felyx,felyx:6948554179fd,51.908729333333326,4.4061266,False,False,bicycle,electric_assist
2026-04-07T01:03:34Z,felyx,felyx:418976956ab1,51.943581983333324,4.483809033333333,False,False,bicycle,electric_assist
2026-04-07T01:03:34Z,felyx,felyx:876baf116a5d,51.93689903333333,4.4275894,False,False,bicycle,electric_assist
2026-04-07T01:03:34Z,felyx,felyx:cbe9bb723d27,51.89283171666666,4.5145989,False,False,bicycle,electric_assist
2026-04-07T01:03:34Z,felyx,felyx:0b8b34743d0a,51.94116853333333,4.4046476000000006,False,False,bicycle,electric_assist
2026-04-07T01:03:34Z,felyx,felyx:6b7907716786,51.91186273333333,4.5125946,False,False,bicycle,electric_assist
2026-04-07T01:03:34Z,felyx,felyx:e9f74d6709da,51.886176616666674,4.5289795,False,False,bicycle,electric_assist
2026-04-07T01:03:34Z,felyx,felyx:bc09de166d5f,51.90647373333333,4.453224716666667,False,False,bicycle,electric_assist
2026-04-07T01:03:34Z,felyx,felyx:6166ed8194af,51.94996993333332,4.5143567000000004,False,False,bicycle,electric_assist
2026-04-07T01:03:34Z,felyx,felyx:fbf51fe5356a,51.886420816666664,4.496560616666666,False,False,bicycle,electric_assist
2026-04-07T01:03:34Z,felyx,felyx:1bb65fdb7d0b,51.92389533333333,4.5056942,False,False,bicycle,electric_assist
2026-04-07T01:03:34Z,felyx,felyx:bb4a004b34dd,51.91458413333333,4.415663100000001,False,True,bicycle,electric_assist
2026-04-07T01:03:34Z,felyx,felyx:38137be38513,51.87192521666666,4.5202526,False,False,bicycle,electric_assist
2026-04-07T01:03:34Z,felyx,felyx:8f3676fa6630,51.91677073333334,4.4021246,False,False,bicycle,electric_assist
2026-04-07T01:03:34Z,felyx,felyx:b9eb6f4ad024,51.934892233333315,4.358615216666665,False,False,bicycle,electric_assist
2026-04-07T01:03:34Z,felyx,felyx:bab4ecc211ed,51.918785833333345,4.616462416666668,False,False,bicycle,electric_assist
2026-04-07T01:03:34Z,felyx,felyx:6e7fe9253bb3,51.91057713333332,4.454833916666666,False,False,bicycle,electric_assist
2026-04-07T01:03:34Z,felyx,felyx:38fc722c4a05,51.90457763333333,4.4052698,False,False,bicycle,electric_assist
2026-04-07T01:03:34Z,felyx,felyx:6bd460224bc7,51.901136233333325,4.401822599999999,False,False,bicycle,electric_assist
2026-04-07T01:03:34Z,felyx,felyx:43301a41fa9d,51.90707753333332,4.451260016666668,False,False,bicycle,electric_assist
2026-04-07T01:03:34Z,felyx,felyx:ac9539be6695,51.938567733333336,4.421784800000001,False,False,bicycle,electric_assist
2026-04-07T01:03:34Z,felyx,felyx:b0515b410429,51.92252973333334,4.5030629,False,False,bicycle,electric_assist
2026-04-07T01:03:34Z,felyx,felyx:b89e48c49510,51.917498333333334,4.517229100000001,False,False,bicycle,electric_assist
2026-04-07T01:03:34Z,felyx,felyx:a777eb957175,51.91615563333333,4.443393516666667,False,False,bicycle,electric_assist
2026-04-07T01:03:34Z,felyx,felyx:bfc44403880a,51.88289341666667,4.5049437,False,False,bicycle,electric_assist
2026-04-07T01:03:34Z,felyx,felyx:903de22e4ff8,51.86086061666666,4.542031199999999,False,True,bicycle,electric_assist
2026-04-07T01:03:34Z,felyx,felyx:d69aa0b0e0c0,51.91549653333333,4.5153053,False,False,bicycle,electric_assist
2026-04-07T01:03:34Z,felyx,felyx:ef289ca7e9d4,51.89536291666666,4.501372600000001,False,True,bicycle,electric_assist
2026-04-07T01:03:34Z,felyx,felyx:7a2fdd31227a,51.90799533333334,4.457678816666668,False,False,bicycle,electric_assist
2026-04-07T01:03:34Z,felyx,felyx:67c9f94799c5,51.93793033333333,4.539936699999999,False,True,bicycle,electric_assist
2026-04-07T01:03:34Z,felyx,felyx:cc3cee5b34b9,51.92693543333333,4.484842016666667,False,False,bicycle,electric_assist
2026-04-07T01:03:34Z,felyx,felyx:8113b533d7e4,51.94995013333334,4.514259099999999,False,False,bicycle,electric_assist
2026-04-07T01:03:34Z,felyx,felyx:4fe2adf854e2,51.92547763333333,4.506146,False,True,bicycle,electric_assist
2026-04-07T01:03:34Z,felyx,felyx:5d86dd4619f8,51.94243783333333,4.476096716666667,False,True,bicycle,electric_assist
2026-04-07T01:03:34Z,felyx,felyx:7483701bac55,51.92052303333333,4.507321600000001,False,False,bicycle,electric_assist
2026-04-07T01:03:34Z,felyx,felyx:b94c53b2e65c,51.90110663333333,4.401823600000001,False,False,bicycle,electric_assist
2026-04-07T01:03:34Z,felyx,felyx:0ba3075b6499,51.87535971666667,4.517945800000001,False,True,bicycle,electric_assist
2026-04-07T01:03:34Z,felyx,felyx:19e0b50bfa8e,51.914501733333324,4.4018898,False,False,bicycle,electric_assist
2026-04-07T01:03:34Z,felyx,felyx:984582143f6e,51.913383933333336,4.441339116666668,False,False,bicycle,electric_assist
2026-04-07T01:03:34Z,felyx,felyx:f738c64b2052,51.915792833333334,4.443084716666666,False,False,bicycle,electric_assist
2026-04-07T01:03:34Z,felyx,felyx:e8c95ce21d51,51.92289361666666,4.515633533333333,False,False,bicycle,electric_assist
2026-04-07T01:03:34Z,felyx,felyx:346d76bb7971,51.90791383333333,4.462030416666668,False,False,bicycle,electric_assist
2026-04-07T01:03:34Z,felyx,felyx:010c642e4a18,51.94369753333333,4.495974716666666,False,False,bicycle,electric_assist
2026-04-07T01:03:34Z,felyx,felyx:cb904b5b7724,51.90387053333333,4.445971316666667,False,False,bicycle,electric_assist
2026-04-07T01:03:34Z,felyx,felyx:1e3d607ea44c,51.92430293333332,4.485587516666666,False,True,bicycle,electric_assist
2026-04-07T01:03:34Z,felyx,felyx:ee3cb06e45ab,51.92917983333333,4.5052477,False,False,bicycle,electric_assist
2026-04-07T01:03:34Z,felyx,felyx:9aaefa00cd69,51.91576023333334,4.501048,False,False,bicycle,electric_assist
2026-04-07T01:03:34Z,felyx,felyx:44acb2504405,51.94114033333334,4.4078512,False,False,bicycle,electric_assist
2026-04-07T01:03:34Z,felyx,felyx:92a0df6bd13c,51.95254803333335,4.4750376166666666,False,False,bicycle,electric_assist
2026-04-07T01:03:34Z,felyx,felyx:9ea5a05d9bdc,51.886443316666664,4.549286599999999,False,True,bicycle,electric_assist
2026-04-07T01:03:34Z,felyx,felyx:4364f6d1c6da,51.91906113333332,4.482255716666667,False,False,bicycle,electric_assist
2026-04-07T01:03:34Z,felyx,felyx:7e0ca63d9915,51.90308748333334,4.46849305,False,False,bicycle,electric_assist
2026-04-07T01:03:34Z,felyx,felyx:386f94c69969,51.896931816666665,4.523583299999999,False,False,bicycle,electric_assist
2026-04-07T01:03:34Z,felyx,felyx:5e9016e61c8f,51.868521716666656,4.4538314166666675,False,True,bicycle,electric_assist
2026-04-07T01:03:34Z,felyx,felyx:d4a1fe8139b9,51.88831721666668,4.463965816666667,False,False,bicycle,electric_assist
2026-04-07T01:03:34Z,felyx,felyx:fc2692520b5b,51.93029143333333,4.498077816666665,False,False,bicycle,electric_assist
2026-04-07T01:03:34Z,felyx,felyx:46ede35da24d,51.98843248333333,4.500144016666668,False,True,bicycle,electric_assist
2026-04-07T01:03:34Z,felyx,felyx:ad497307bdc7,51.91195295000001,4.390130216666666,False,False,bicycle,electric_assist
2026-04-07T01:03:34Z,felyx,felyx:e90b85b34bcd,51.90293823333333,4.468355716666666,False,False,bicycle,electric_assist
2026-04-07T01:03:34Z,felyx,felyx:0bdaaaa5cb63,51.947320233333315,4.5267141,False,True,bicycle,electric_assist
2026-04-07T01:03:34Z,felyx,felyx:85db87a6294c,51.927132933333326,4.422240000000001,False,False,bicycle,electric_assist
2026-04-07T01:03:34Z,felyx,felyx:745b20c0e342,51.84506051666668,4.530818400000001,False,True,bicycle,electric_assist
2026-04-07T01:03:34Z,felyx,felyx:66f7f041fd03,51.94931463333334,4.432760600000001,False,False,bicycle,electric_assist
2026-04-07T01:03:34Z,felyx,felyx:6377e4ab5a40,51.92023643333333,4.496847116666666,False,False,bicycle,electric_assist
2026-04-07T01:03:34Z,felyx,felyx:af212e2152b8,51.94728843333334,4.526701999999999,False,False,bicycle,electric_assist
2026-04-07T01:03:34Z,felyx,felyx:01cfd1bb3963,51.92321543333334,4.489059916666667,False,False,bicycle,electric_assist
2026-04-07T01:03:34Z,felyx,felyx:ff181cdb9208,51.912474733333326,4.430381099999999,False,True,bicycle,electric_assist
2026-04-07T01:03:34Z,felyx,felyx:7e78d932837c,51.942456433333334,4.537835500000001,False,False,bicycle,electric_assist
2026-04-07T01:03:34Z,felyx,felyx:ab2ef7f1a2f8,51.929507933333326,4.5023543,False,True,bicycle,electric_assist
2026-04-07T01:03:34Z,felyx,felyx:39e76db7018f,51.91961423333334,4.443428316666667,False,False,bicycle,electric_assist
2026-04-07T01:03:34Z,felyx,felyx:216be099a93b,51.88280111666666,4.5332063,False,True,bicycle,electric_assist
2026-04-07T01:03:34Z,felyx,felyx:14e6949fd4e9,51.91669623333333,4.470866316666667,False,False,bicycle,electric_assist
2026-04-07T01:03:34Z,felyx,felyx:012aaf9d88b0,51.92594163333333,4.459868716666667,False,False,bicycle,electric_assist
2026-04-07T01:03:34Z,felyx,felyx:126dd8c42bfc,51.94923643333333,4.5602188,False,True,bicycle,electric_assist
2026-04-07T01:03:34Z,felyx,felyx:f91eecd54747,51.93641523333334,4.485054616666667,False,False,bicycle,electric_assist
2026-04-07T01:03:34Z,felyx,felyx:5ea89e8720e0,51.91469106666667,4.379933633333333,False,True,bicycle,electric_assist
2026-04-07T01:03:34Z,felyx,felyx:80859c643bab,51.91358953333334,4.441384616666666,False,False,bicycle,electric_assist
2026-04-07T01:03:34Z,felyx,felyx:2f89f5226e20,51.967472433333334,4.496748316666666,False,False,bicycle,electric_assist
2026-04-07T01:03:34Z,felyx,felyx:689f675a7818,51.87761401666667,4.498262616666667,False,False,bicycle,electric_assist
2026-04-07T01:03:34Z,felyx,felyx:8ad500ec58e1,51.89648061666666,4.498374616666666,False,False,bicycle,electric_assist
2026-04-07T01:03:34Z,felyx,felyx:b303ebbcf85e,51.922338833333335,4.5820973,False,True,bicycle,electric_assist
2026-04-07T01:03:34Z,felyx,felyx:3889e69ac743,51.94268473333333,4.4248307,False,True,bicycle,electric_assist
2026-04-07T01:03:34Z,felyx,felyx:1374a13161fa,51.87511401666667,4.463387316666667,False,False,bicycle,electric_assist
2026-04-07T01:03:34Z,felyx,felyx:92a70ef0d1c9,51.88666911666666,4.457664916666667,False,False,bicycle,electric_assist
2026-04-07T01:03:34Z,felyx,felyx:9b5e3d608dfc,51.937092833333324,4.471784016666668,False,False,bicycle,electric_assist
2026-04-07T01:03:34Z,felyx,felyx:769555aa64cf,51.904578333333326,4.4052037,False,False,bicycle,electric_assist
2026-04-07T01:03:34Z,felyx,felyx:56a0e01eb0f2,51.880598116666675,4.5319029,False,False,bicycle,electric_assist
2026-04-07T01:03:34Z,felyx,felyx:107dacba86db,51.92229623333333,4.479110616666668,False,False,bicycle,electric_assist
2026-04-07T01:03:34Z,felyx,felyx:0172f59d4228,51.963592350000006,4.485081233333333,False,False,bicycle,electric_assist
2026-04-07T01:03:34Z,felyx,felyx:3600fd92e8b1,51.88492801666666,4.522686299999999,False,False,bicycle,electric_assist
2026-04-07T01:03:34Z,felyx,felyx:4a54c58c475f,51.89364311666666,4.492887916666667,False,False,bicycle,electric_assist
2026-04-07T01:03:34Z,felyx,felyx:f02a40bbff78,51.89303151666666,4.539195299999999,False,False,bicycle,electric_assist
2026-04-07T01:03:34Z,felyx,felyx:01671e1ba066,51.87699731666666,4.468748616666667,False,False,bicycle,electric_assist
2026-04-07T01:03:34Z,felyx,felyx:5366c31a37bb,51.912454999999994,4.545870766666667,False,True,bicycle,electric_assist
2026-04-07T01:03:34Z,felyx,felyx:69eb6917ae1a,51.897463816666665,4.5036017,False,True,bicycle,electric_assist
2026-04-07T01:03:34Z,felyx,felyx:a355914b49c5,51.93709113333332,4.491822416666666,False,False,bicycle,electric_assist
2026-04-07T01:03:34Z,felyx,felyx:10b1e812d25b,51.963333133333336,4.5544405999999995,False,True,bicycle,electric_assist
2026-04-07T01:03:34Z,felyx,felyx:72396e7419cc,51.956277833333324,4.466585016666666,False,False,bicycle,electric_assist
2026-04-07T01:03:34Z,felyx,felyx:c8b2872690cb,51.89747701666667,4.499718016666668,False,False,bicycle,electric_assist
2026-04-07T01:03:34Z,felyx,felyx:717bd082a6d2,51.90291523333333,4.463399016666667,False,False,bicycle,electric_assist
2026-04-07T01:03:34Z,felyx,felyx:86f1f9fbd957,51.92778203333333,4.480987116666666,False,False,bicycle,electric_assist
2026-04-07T01:03:34Z,felyx,felyx:35811562b8d1,51.913014633333326,4.553820699999999,False,False,bicycle,electric_assist
2026-04-07T01:03:34Z,felyx,felyx:5499c404ed99,51.87539171666668,4.5178948000000005,False,False,bicycle,electric_assist
2026-04-07T01:03:34Z,felyx,felyx:f6c4f91d49f5,51.95786343333333,4.541148499999999,False,False,bicycle,electric_assist
2026-04-07T01:03:34Z,felyx,felyx:25dccda4a26c,51.930350433333324,4.4723328166666665,False,False,bicycle,electric_assist
2026-04-07T01:03:34Z,felyx,felyx:1742e7047d83,51.92103483333333,4.441849216666667,False,True,bicycle,electric_assist
2026-04-07T01:03:34Z,felyx,felyx:09d07d77a5de,51.93488603333333,4.378151916666666,False,False,bicycle,electric_assist
2026-04-07T01:03:34Z,felyx,felyx:6eced49e96b5,51.891902616666655,4.5057087,False,False,bicycle,electric_assist
2026-04-07T01:03:34Z,felyx,felyx:ee261f0609da,51.91621103333333,4.490134316666667,False,False,bicycle,electric_assist
2026-04-07T01:03:34Z,felyx,felyx:e4373e87298a,51.92098003333333,4.5007974,False,False,bicycle,electric_assist
2026-04-07T01:03:34Z,felyx,felyx:e339e82e589e,51.906569033333334,4.4034607999999995,False,False,bicycle,electric_assist
2026-04-07T01:03:34Z,felyx,felyx:5f7a1495ff41,51.91952143333332,4.3910115166666674,False,True,bicycle,electric_assist
2026-04-07T01:03:34Z,felyx,felyx:b85854d43c5b,51.88959771666667,4.5042086,False,True,bicycle,electric_assist
2026-04-07T01:03:34Z,felyx,felyx:5429cc1b7982,51.91573449999999,4.442779516666667,False,False,bicycle,electric_assist
2026-04-07T01:03:34Z,felyx,felyx:1ce3eca23a07,51.92495613333334,4.502471,False,False,bicycle,electric_assist
2026-04-07T01:03:34Z,felyx,felyx:1100d02ead5d,51.92520453333333,4.474100016666667,False,False,bicycle,electric_assist
2026-04-07T01:03:34Z,felyx,felyx:a96e2d460cd4,51.953781333333346,4.520032,False,False,bicycle,electric_assist
2026-04-07T01:03:34Z,felyx,felyx:6c8704b713bc,51.89371401666668,4.464564716666667,False,False,bicycle,electric_assist
2026-04-07T01:03:34Z,felyx,felyx:f91d1611942d,51.87680693333334,4.4988076333333336,False,False,bicycle,electric_assist
2026-04-07T01:03:34Z,felyx,felyx:4f6791950948,51.90447013333334,4.460429016666668,False,True,bicycle,electric_assist
2026-04-07T01:03:34Z,felyx,felyx:65fbd17b53e1,51.91163673333334,4.493025516666667,False,False,bicycle,electric_assist
2026-04-07T01:03:34Z,felyx,felyx:ddbe093ad966,51.945325033333326,4.486980616666666,False,False,bicycle,electric_assist
2026-04-07T01:03:34Z,felyx,felyx:3ca33f83e4a9,51.927218433333344,4.5196372,False,False,bicycle,electric_assist
2026-04-07T01:03:34Z,felyx,felyx:f9b69af48cb2,51.89761851666667,4.477573016666668,False,False,bicycle,electric_assist
2026-04-07T01:03:34Z,felyx,felyx:11da361df8be,51.91621343333333,4.501704,False,False,bicycle,electric_assist
2026-04-07T01:03:34Z,felyx,felyx:a5a4c5f76a3b,51.96778453333334,4.502283799999999,False,False,bicycle,electric_assist
2026-04-07T01:03:34Z,felyx,felyx:8a8fa520d5ed,51.95896053333333,4.471639016666667,False,False,bicycle,electric_assist
2026-04-07T01:03:34Z,felyx,felyx:060a6bfd1691,51.870217816666674,4.493810716666667,False,False,bicycle,electric_assist
2026-04-07T01:03:34Z,felyx,felyx:80353ba9ede5,51.85022061666667,4.5297375,False,False,bicycle,electric_assist
2026-04-07T01:03:34Z,felyx,felyx:6059f266b90c,51.92193143333334,4.370884149999998,False,True,bicycle,electric_assist
2026-04-07T01:03:34Z,felyx,felyx:89266330fed0,51.937623749999986,4.4678686,False,True,bicycle,electric_assist
2026-04-07T01:03:34Z,felyx,felyx:fc2058f17304,51.91991213333334,4.478528616666667,False,True,bicycle,electric_assist
2026-04-07T01:03:34Z,felyx,felyx:c93401205cc2,51.93396593333333,4.544138899999999,False,True,bicycle,electric_assist
2026-04-07T01:03:34Z,felyx,felyx:6beb60a7d9fd,51.901083033333336,4.489690616666667,False,False,bicycle,electric_assist
2026-04-07T01:03:34Z,felyx,felyx:b7a171c7f386,51.94482033333334,4.564046600000001,False,False,bicycle,electric_assist
2026-04-07T01:03:34Z,felyx,felyx:a3c9b3a0e3b8,51.91840203333332,4.4149086,False,False,bicycle,electric_assist
2026-04-07T01:03:34Z,felyx,felyx:a24e4a0122df,51.945705833333335,4.449017716666666,False,False,bicycle,electric_assist
2026-04-07T01:03:34Z,felyx,felyx:2fbaa53c29d3,51.91923853333333,4.5083123,False,False,bicycle,electric_assist
2026-04-07T01:03:34Z,felyx,felyx:b988060283b0,51.93091553333334,4.461124816666667,False,True,bicycle,electric_assist
2026-04-07T01:03:34Z,felyx,felyx:56feb3c6f7ef,51.93729653333332,4.478228116666666,False,False,bicycle,electric_assist
2026-04-07T01:03:34Z,felyx,felyx:9644d70ebd5b,51.91388563333333,4.502129200000001,False,False,bicycle,electric_assist
2026-04-07T01:03:34Z,felyx,felyx:126fcebd6b19,51.95762823333333,4.5017678,False,False,bicycle,electric_assist
2026-04-07T01:03:34Z,felyx,felyx:e2833aaa722e,51.90555433333335,4.509654500000001,False,False,bicycle,electric_assist
2026-04-07T01:03:34Z,felyx,felyx:bd4b8f47d25a,51.905295633333324,4.448683316666667,False,False,bicycle,electric_assist
2026-04-07T01:03:34Z,felyx,felyx:70bf428e841e,51.95305883333334,4.471438416666667,False,False,bicycle,electric_assist
2026-04-07T01:03:34Z,felyx,felyx:9102fcdb9501,51.922676233333334,4.497599816666667,False,False,bicycle,electric_assist
2026-04-07T01:03:34Z,felyx,felyx:57a96839d2aa,51.9130359,4.6141229333333325,False,True,bicycle,electric_assist
2026-04-07T01:03:34Z,felyx,felyx:cebafd8dfa3b,51.91944826666666,4.460409616666667,False,False,bicycle,electric_assist
2026-04-07T01:03:34Z,felyx,felyx:b765f0812f9d,51.929037533333336,4.460718816666666,False,False,bicycle,electric_assist
2026-04-07T01:03:34Z,felyx,felyx:2a57ff0d5138,51.87211661666667,4.520546100000001,False,True,bicycle,electric_assist
2026-04-07T01:03:34Z,felyx,felyx:1279b63088ea,51.95531343333334,4.5419461,False,False,bicycle,electric_assist
2026-04-07T01:03:34Z,felyx,felyx:c6685158bd8a,51.92722143333334,4.4221205,False,False,bicycle,electric_assist
2026-04-07T01:03:34Z,felyx,felyx:722605b96eb6,51.888469916666665,4.5208938,False,False,bicycle,electric_assist
2026-04-07T01:03:34Z,felyx,felyx:5c8ea41d8491,51.94405243333333,4.481540516666667,False,False,bicycle,electric_assist
2026-04-07T01:03:34Z,felyx,felyx:05c2b8926bf0,51.90503513333333,4.466611716666667,False,False,bicycle,electric_assist
2026-04-07T01:03:34Z,felyx,felyx:9455817b30dd,51.94429693333333,4.479985516666666,False,False,bicycle,electric_assist
2026-04-07T01:03:34Z,felyx,felyx:e03d84441c52,51.935198033333336,4.475880016666667,False,False,bicycle,electric_assist
2026-04-07T01:03:34Z,felyx,felyx:b4bd2b869579,51.919287033333326,4.466350516666665,False,False,bicycle,electric_assist
2026-04-07T01:03:34Z,felyx,felyx:4e01e9b57d1f,51.87663141666667,4.484378816666666,False,False,bicycle,electric_assist
2026-04-07T01:03:34Z,felyx,felyx:c191f0b2bd93,51.93628661666666,4.490659900000001,False,True,bicycle,electric_assist
2026-04-07T01:03:34Z,felyx,felyx:2e563c488c3b,51.920007333333324,4.473686516666667,False,False,bicycle,electric_assist
2026-04-07T01:03:34Z,felyx,felyx:696e3e45e34d,51.883552816666665,4.5432253000000005,False,True,bicycle,electric_assist
2026-04-07T01:03:34Z,felyx,felyx:185f42bab5ab,51.92706533333333,4.5845587000000005,False,True,bicycle,electric_assist
2026-04-07T01:03:34Z,felyx,felyx:72054b2e3b8d,51.91418893333332,4.390715016666668,False,False,bicycle,electric_assist
2026-04-07T01:03:34Z,felyx,felyx:605511ea37ca,51.95559623333333,4.4702453166666665,False,False,bicycle,electric_assist
2026-04-07T01:03:34Z,felyx,felyx:36eb7a8833dc,51.94117813333334,4.404605800000001,False,False,bicycle,electric_assist
2026-04-07T01:03:34Z,felyx,felyx:319b16f5c4cf,51.922594533333324,4.382620816666666,False,True,bicycle,electric_assist
2026-04-07T01:03:34Z,felyx,felyx:a2a9a71d230f,51.92591883333333,4.459866316666666,False,True,bicycle,electric_assist
2026-04-07T01:03:34Z,felyx,felyx:e0ef25495e00,51.99471673333334,4.5087398,False,True,bicycle,electric_assist
2026-04-07T01:03:34Z,felyx,felyx:741a70feb566,51.886732716666664,4.457768016666666,False,False,bicycle,electric_assist
2026-04-07T01:03:34Z,felyx,felyx:0432019a8591,51.90757563333333,4.432287100000001,False,False,bicycle,electric_assist
2026-04-07T01:03:34Z,felyx,felyx:faf58c983d92,51.89060141666668,4.503312599999999,False,False,bicycle,electric_assist
2026-04-07T01:03:34Z,felyx,felyx:18253ed282c8,51.966373333333344,4.470916216666668,False,False,bicycle,electric_assist
2026-04-07T01:03:34Z,felyx,felyx:69886a7f4758,51.887337916666674,4.546060799999999,False,True,bicycle,electric_assist
2026-04-07T01:03:34Z,felyx,felyx:190be45f108c,51.9510019,4.555189366666665,False,True,bicycle,electric_assist
2026-04-07T01:03:34Z,felyx,felyx:e0379aef8e3f,51.916306633333335,4.464324716666668,False,True,bicycle,electric_assist
2026-04-07T01:03:34Z,felyx,felyx:1fa86d13d29d,51.88426061666667,4.4974499166666675,False,True,bicycle,electric_assist
2026-04-07T01:03:34Z,felyx,felyx:1c21e6ca8cec,51.960415733333335,4.5353005,False,True,bicycle,electric_assist
2026-04-07T01:03:34Z,felyx,felyx:5aff6157d48e,51.933097133333334,4.374315216666666,False,True,bicycle,electric_assist
2026-04-07T01:03:34Z,felyx,felyx:c1d76196ece8,51.96092663333334,4.467208116666668,False,False,bicycle,electric_assist
2026-04-07T01:03:34Z,felyx,felyx:11c1787800fb,51.89157791666666,4.4664786166666675,False,True,bicycle,electric_assist
2026-04-07T01:03:34Z,felyx,felyx:4f2f0f015f71,51.92685436666667,4.423412050000001,False,False,bicycle,electric_assist
2026-04-07T01:03:34Z,felyx,felyx:e0e7a47275fc,51.90112063333333,4.5020690000000005,False,True,bicycle,electric_assist
2026-04-07T01:03:34Z,felyx,felyx:c45fdf2e47b6,51.906440933333336,4.400947500000001,False,False,bicycle,electric_assist
2026-04-07T01:03:34Z,felyx,felyx:07335a263ba5,51.89065191666668,4.5114027000000005,False,False,bicycle,electric_assist
2026-04-07T01:03:34Z,felyx,felyx:59706dc6a1cf,51.92621493333333,4.526147700000001,False,True,bicycle,electric_assist
2026-04-07T01:03:34Z,felyx,felyx:04e118d3460e,51.89275391666666,4.482772916666667,False,False,bicycle,electric_assist
2026-04-07T01:03:34Z,felyx,felyx:8ec7053ca63f,51.905214433333335,4.487325816666668,False,False,bicycle,electric_assist
2026-04-07T01:03:34Z,felyx,felyx:23c275c1d31c,51.90564183333332,4.4004172000000015,False,False,bicycle,electric_assist
2026-04-07T01:03:34Z,felyx,felyx:88db51e1f737,51.91847695,4.392486283333333,False,True,bicycle,electric_assist
2026-04-07T01:03:34Z,felyx,felyx:9d76ae3b91f5,51.95163903333334,4.474215816666666,False,False,bicycle,electric_assist
2026-04-07T01:03:34Z,felyx,felyx:88d105e0f3d6,51.91396393333332,4.3904145166666675,False,False,bicycle,electric_assist
2026-04-07T01:03:34Z,felyx,felyx:4fbce11bc1d6,51.927140983333324,4.422236666666667,False,False,bicycle,electric_assist
2026-04-07T01:03:34Z,felyx,felyx:a95ebd307241,51.91003593333333,4.442397016666668,False,False,bicycle,electric_assist
2026-04-07T01:03:34Z,felyx,felyx:4cdc72e960db,51.94244643333333,4.5378585,False,False,bicycle,electric_assist
2026-04-07T01:03:34Z,felyx,felyx:36d918819614,51.926677683333345,4.4626569,False,True,bicycle,electric_assist
2026-04-07T01:03:34Z,felyx,felyx:97b373967680,51.892208016666665,4.5696696999999995,False,False,bicycle,electric_assist
2026-04-07T01:03:34Z,felyx,felyx:5550d99aa1fa,51.911416433333336,4.492026416666667,False,False,bicycle,electric_assist
2026-04-07T01:03:34Z,felyx,felyx:b4dbb0c6e5ff,51.968849533333334,4.551496299999999,False,False,bicycle,electric_assist
2026-04-07T01:03:34Z,felyx,felyx:895251f57c9b,51.932513733333316,4.434763600000001,False,False,bicycle,electric_assist
2026-04-07T01:03:34Z,felyx,felyx:d7d4d44af166,51.919341033333325,4.504989200000001,False,False,bicycle,electric_assist
2026-04-07T01:03:34Z,felyx,felyx:7a774c558e23,51.88346061666666,4.514804,False,False,bicycle,electric_assist
2026-04-07T01:03:34Z,felyx,felyx:de6a09aa470e,51.90865363333334,4.398261816666668,False,False,bicycle,electric_assist
2026-04-07T01:03:34Z,felyx,felyx:507452ae2556,51.91795883333333,4.457674716666667,False,False,bicycle,electric_assist
2026-04-07T01:03:34Z,felyx,felyx:69940a5b27af,51.87429691666666,4.523166400000001,False,False,bicycle,electric_assist
2026-04-07T01:03:34Z,felyx,felyx:1b6f8fd03ba2,51.89221501666666,4.569651499999999,False,False,bicycle,electric_assist
2026-04-07T01:03:34Z,felyx,felyx:eaccf7afbf62,51.93292543333333,4.479377016666667,False,True,bicycle,electric_assist
2026-04-07T01:03:34Z,felyx,felyx:ce1c20f51ab9,51.905702233333336,4.444414516666667,False,True,bicycle,electric_assist
2026-04-07T01:03:34Z,felyx,felyx:c4c8411bfbac,51.91757453333332,4.4186194,False,False,bicycle,electric_assist
2026-04-07T01:03:34Z,felyx,felyx:9974e9a5999a,51.90763523333333,4.5103799,False,True,bicycle,electric_assist
2026-04-07T01:03:34Z,felyx,felyx:f62d8a24a2c1,51.92383913333334,4.5093452,False,False,bicycle,electric_assist
2026-04-07T01:03:34Z,felyx,felyx:0afdfc1e7dc8,51.91977553333333,4.4201418,False,False,bicycle,electric_assist
2026-04-07T01:03:34Z,felyx,felyx:4ce33be8eaa2,51.951749633333336,4.5511058,False,True,bicycle,electric_assist
2026-04-07T01:03:34Z,felyx,felyx:c99b5cae2155,51.922430533333326,4.5032014,False,False,bicycle,electric_assist
2026-04-07T01:03:34Z,felyx,felyx:dcf5cc58b432,51.92601543333333,4.516791399999999,False,False,bicycle,electric_assist
2026-04-07T01:03:34Z,felyx,felyx:5a97a5095b7c,51.92238523333333,4.619558833333334,False,True,bicycle,electric_assist
2026-04-07T01:03:34Z,felyx,felyx:8d10c118627e,51.96779983333332,4.499172916666668,False,False,bicycle,electric_assist
2026-04-07T01:03:34Z,felyx,felyx:2767762e8e51,51.895119016666655,4.520438716666667,False,True,bicycle,electric_assist
2026-04-07T01:03:34Z,felyx,felyx:717a0d59c0b6,51.89223821666666,4.569683,False,True,bicycle,electric_assist
2026-04-07T01:03:34Z,felyx,felyx:6a961e2071a8,51.87359681666667,4.4839444166666675,False,False,bicycle,electric_assist
2026-04-07T01:03:34Z,felyx,felyx:441c2ed83ea8,51.92917933333334,4.5079306,False,True,bicycle,electric_assist
2026-04-07T01:03:34Z,felyx,felyx:82909b628499,51.907348633333335,4.491084616666668,False,False,bicycle,electric_assist
2026-04-07T01:03:34Z,felyx,felyx:0663a59e72a7,51.92174043333333,4.4814201166666665,False,False,bicycle,electric_assist
2026-04-07T01:03:34Z,felyx,felyx:72124f00e2ba,51.95680493333334,4.509103799999999,False,False,bicycle,electric_assist
2026-04-07T01:03:34Z,felyx,felyx:816aa2c9d47f,51.934899133333325,4.3781489166666665,False,True,bicycle,electric_assist
2026-04-07T01:03:34Z,felyx,felyx:4cb90247e4c2,51.910806866666654,4.3281445666666665,False,True,bicycle,electric_assist
2026-04-07T01:03:34Z,felyx,felyx:f4fe20a0cba9,51.928495033333334,4.370848116666665,False,False,bicycle,electric_assist
2026-04-07T01:03:34Z,felyx,felyx:c5a97d47ef5f,51.90755653333334,4.458773116666666,False,True,bicycle,electric_assist
2026-04-07T01:03:34Z,felyx,felyx:7af512b3d0a8,51.90984283333334,4.473106516666667,False,True,bicycle,electric_assist
2026-04-07T01:03:34Z,felyx,felyx:c15be9201d36,51.88665491666667,4.457739116666667,False,False,bicycle,electric_assist
2026-04-07T01:03:34Z,felyx,felyx:f7dad0ad5361,51.97490485000001,4.547350300000001,False,False,bicycle,electric_assist
2026-04-07T01:03:34Z,felyx,felyx:239717426e53,51.91987443333334,4.511411799999999,False,True,bicycle,electric_assist
2026-04-07T01:03:34Z,felyx,felyx:6b1bc202cacf,51.91325363333333,4.391269416666666,False,False,bicycle,electric_assist
2026-04-07T01:03:34Z,felyx,felyx:d1f5e1d1bd3e,51.88481431666667,4.510171,False,False,bicycle,electric_assist
2026-04-07T01:03:34Z,felyx,felyx:c5e9722b2b74,51.88348721666666,4.5152558,False,False,bicycle,electric_assist
2026-04-07T01:03:34Z,felyx,felyx:05202a7d98c4,51.93534703333332,4.5912353999999995,False,False,bicycle,electric_assist
2026-04-07T01:03:34Z,felyx,felyx:0e320a96a441,51.907110033333325,4.451271616666666,False,False,bicycle,electric_assist
2026-04-07T01:03:34Z,felyx,felyx:657707ee4e83,51.942126833333326,4.460595116666667,False,False,bicycle,electric_assist
2026-04-07T01:03:34Z,felyx,felyx:1de045fb3985,51.915561533333324,4.442767616666666,False,False,bicycle,electric_assist
2026-04-07T01:03:34Z,felyx,felyx:9a499b6f4b41,51.91644473333334,4.468432916666666,False,False,bicycle,electric_assist
2026-04-07T01:03:34Z,felyx,felyx:1bdc5c51f21d,51.91076303333332,4.457632516666666,False,True,bicycle,electric_assist
2026-04-07T01:03:34Z,felyx,felyx:3d18099c64a3,51.94346493333334,4.4227050000000006,False,False,bicycle,electric_assist
2026-04-07T01:03:34Z,felyx,felyx:3286c9669f71,51.950973433333345,4.468817716666667,False,False,bicycle,electric_assist
2026-04-07T01:03:34Z,felyx,felyx:f88a34e543ee,51.89245811666667,4.530602299999999,False,False,bicycle,electric_assist
2026-04-07T01:03:34Z,felyx,felyx:a3179d171b31,51.92054996666667,4.447164833333333,False,False,bicycle,electric_assist
2026-04-07T01:03:34Z,felyx,felyx:1600f663f73e,51.876995766666674,4.468732,False,False,bicycle,electric_assist
2026-04-07T01:03:34Z,felyx,felyx:326df925377d,51.89084391666667,4.492833616666667,False,False,bicycle,electric_assist
2026-04-07T01:03:34Z,felyx,felyx:5f49bf214217,51.87156951666667,4.5424747,False,True,bicycle,electric_assist
2026-04-07T01:03:34Z,felyx,felyx:8f3d90a2128d,51.946905933333326,4.472538516666667,False,False,bicycle,electric_assist
2026-04-07T01:03:34Z,felyx,felyx:0bcd1054ccf8,51.967376133333325,4.5352376,False,False,bicycle,electric_assist
2026-04-07T01:03:34Z,felyx,felyx:8ae622376759,51.96189493333333,4.475416316666666,False,False,bicycle,electric_assist
2026-04-07T01:03:34Z,felyx,felyx:69989ba5d125,51.90176683333333,4.501646599999999,False,False,bicycle,electric_assist
2026-04-07T01:03:34Z,felyx,felyx:bd43aa1c13c9,51.91966763333333,4.4389432,False,False,bicycle,electric_assist
2026-04-07T01:03:34Z,felyx,felyx:d43fd17aeda6,51.96055863333333,4.477222216666666,False,False,bicycle,electric_assist
2026-04-07T01:03:34Z,felyx,felyx:9c981f5f0fa0,51.95911413333333,4.493532516666666,False,False,bicycle,electric_assist
2026-04-07T01:03:34Z,felyx,felyx:b2486c11d42e,51.95899503333334,4.474597716666667,False,False,bicycle,electric_assist
2026-04-07T01:03:34Z,felyx,felyx:10f3c240a574,51.876765816666655,4.489149416666668,False,False,bicycle,electric_assist
2026-04-07T01:03:34Z,felyx,felyx:8568136b87cc,51.95302313333334,4.471325016666667,False,False,bicycle,electric_assist
2026-04-07T01:03:34Z,felyx,felyx:eefdfc8eef73,51.95027403333333,4.467823216666667,False,False,bicycle,electric_assist
2026-04-07T01:03:34Z,felyx,felyx:95bd62dbca50,51.894972816666666,4.531885766666666,False,False,bicycle,electric_assist
2026-04-07T01:03:34Z,felyx,felyx:2b13f65ac023,51.89351681666667,4.477881616666666,False,False,bicycle,electric_assist
2026-04-07T01:03:34Z,felyx,felyx:1ad2709ce0c5,51.88643591666667,4.467560216666667,False,False,bicycle,electric_assist
2026-04-07T01:03:34Z,felyx,felyx:cbdbaddfc80a,51.91820418333333,4.489302816666667,False,False,bicycle,electric_assist
2026-04-07T01:03:34Z,felyx,felyx:e67a0add1427,51.872278916666666,4.5832263,False,True,bicycle,electric_assist
2026-04-07T01:03:34Z,felyx,felyx:914b41e3858b,51.927321433333326,4.516636800000001,False,True,bicycle,electric_assist
2026-04-07T01:03:34Z,felyx,felyx:d2a5822284d7,51.96708043333333,4.496841616666666,False,False,bicycle,electric_assist
2026-04-07T01:03:34Z,felyx,felyx:78a63bd3e9cd,51.92668205,4.462646816666667,False,False,bicycle,electric_assist
2026-04-07T01:03:34Z,felyx,felyx:dfb1d7211719,51.939227200000005,4.362200466666666,False,True,bicycle,electric_assist
2026-04-07T01:03:34Z,felyx,felyx:d48f0cee7341,51.911879533333334,4.5125739,False,False,bicycle,electric_assist
2026-04-07T01:03:34Z,felyx,felyx:3517dbffab06,51.89529771666667,4.5635085,False,True,bicycle,electric_assist
2026-04-07T01:03:34Z,felyx,felyx:21c24aa20603,51.93189556666667,4.457619583333333,False,False,bicycle,electric_assist
2026-04-07T01:03:34Z,felyx,felyx:6ada8dec5d32,51.89269541666666,4.479179916666667,False,False,bicycle,electric_assist
2026-04-07T01:03:34Z,felyx,felyx:bb1953918472,51.908926733333324,4.447511216666666,False,True,bicycle,electric_assist
2026-04-07T01:03:34Z,felyx,felyx:e98ff2a91f18,51.92514523333333,4.474117616666667,False,True,bicycle,electric_assist
2026-04-07T01:03:34Z,felyx,felyx:4c91d579a0df,51.87658291666668,4.487121316666667,False,False,bicycle,electric_assist
2026-04-07T01:03:34Z,felyx,felyx:530cb2644671,51.929831833333346,4.542947799999999,False,True,bicycle,electric_assist
2026-04-07T01:03:34Z,felyx,felyx:8fd221ecaad9,51.92815813333333,4.519095600000001,False,False,bicycle,electric_assist
2026-04-07T01:03:34Z,felyx,felyx:8fc4ba77747f,51.94530853333334,4.487024116666667,False,False,bicycle,electric_assist
2026-04-07T01:03:34Z,felyx,felyx:ca34a2b4193f,51.93043703333332,4.4332734,False,False,bicycle,electric_assist
2026-04-07T01:03:34Z,felyx,felyx:0f93b33ae173,51.90451843333334,4.497967216666668,False,False,bicycle,electric_assist
2026-04-07T01:03:34Z,felyx,felyx:247111505686,51.87786961666667,4.471871716666667,False,True,bicycle,electric_assist
2026-04-07T01:03:34Z,felyx,felyx:0a9409ad5384,51.89545651666667,4.4953253166666665,False,False,bicycle,electric_assist
2026-04-07T01:03:34Z,felyx,felyx:12f0d9fa7455,51.925917433333346,4.460321416666667,False,True,bicycle,electric_assist
2026-04-07T01:03:34Z,felyx,felyx:82ac6d6224f5,51.93210283333334,4.401938100000001,False,False,bicycle,electric_assist
2026-04-07T01:03:34Z,felyx,felyx:956401aa5682,51.889507,4.500136166666667,False,True,bicycle,electric_assist
2026-04-07T01:03:34Z,felyx,felyx:fc95fe097002,51.87424381666666,4.5230364000000005,False,False,bicycle,electric_assist
2026-04-07T01:03:34Z,felyx,felyx:f7c7516123ec,51.89226801666666,4.468668216666666,False,False,bicycle,electric_assist
2026-04-07T01:03:34Z,felyx,felyx:239caa15fba8,51.91747423333333,4.522378799999999,False,False,bicycle,electric_assist
2026-04-07T01:03:34Z,felyx,felyx:30fd99606747,51.93277943333332,4.479562216666666,False,False,bicycle,electric_assist
2026-04-07T01:03:34Z,felyx,felyx:6fa86d0145fe,51.925179633333336,4.474032716666666,False,False,bicycle,electric_assist
2026-04-07T01:03:34Z,felyx,felyx:a1fe99e4051c,51.89222191666667,4.569658199999999,False,False,bicycle,electric_assist
2026-04-07T01:03:34Z,felyx,felyx:c5d5369b19ff,51.90626393333333,4.457920416666668,False,False,bicycle,electric_assist
2026-04-07T01:03:34Z,felyx,felyx:6b2bed4067cf,51.92765373333333,4.4764217166666675,False,False,bicycle,electric_assist
2026-04-07T01:03:34Z,felyx,felyx:475ff90997db,51.87483861666666,4.484696716666666,False,False,bicycle,electric_assist
2026-04-07T01:03:34Z,felyx,felyx:d2c6a5f1aed1,51.89044521666666,4.487499816666667,False,True,bicycle,electric_assist
2026-04-07T01:03:34Z,felyx,felyx:6dec9831ed1e,51.891817016666664,4.5139889,False,False,bicycle,electric_assist
2026-04-07T01:03:34Z,felyx,felyx:c10eaa1d1382,51.914754816666665,4.616777783333334,False,True,bicycle,electric_assist
2026-04-07T01:03:34Z,felyx,felyx:5276c817354e,51.891416316666664,4.496959116666668,False,False,bicycle,electric_assist
2026-04-07T01:03:34Z,felyx,felyx:57d0ce9d7c69,51.92762343333334,4.464257816666667,False,False,bicycle,electric_assist
2026-04-07T01:03:34Z,felyx,felyx:5aadb782a1a3,51.927211833333324,4.491746616666666,False,False,bicycle,electric_assist
2026-04-07T01:03:34Z,felyx,felyx:57a582a343b9,51.949956949999994,4.514370033333334,False,False,bicycle,electric_assist
2026-04-07T01:03:34Z,felyx,felyx:edf895304762,51.959086933333346,4.493558516666666,False,False,bicycle,electric_assist
2026-04-07T01:03:34Z,felyx,felyx:0f42a996b614,51.92263603333333,4.497596116666667,False,False,bicycle,electric_assist
2026-04-07T01:03:34Z,felyx,felyx:d1ec56526fed,51.94296073333333,4.352652016666666,False,False,bicycle,electric_assist
2026-04-07T01:03:34Z,felyx,felyx:88040d3cd21a,51.919490233333335,4.390957116666666,False,True,bicycle,electric_assist
2026-04-07T01:03:34Z,felyx,felyx:4a36cf497704,51.92318393333334,4.623240533333334,False,False,bicycle,electric_assist
2026-04-07T01:03:34Z,felyx,felyx:b03ef474fe6a,51.93112006666667,4.372372083333333,False,True,bicycle,electric_assist
2026-04-07T01:03:34Z,felyx,felyx:ec734404b6d3,51.95654723333334,4.5499610666666666,False,True,bicycle,electric_assist
2026-04-07T01:03:34Z,felyx,felyx:a1f11e6c391e,51.92279683333333,4.488453416666667,False,False,bicycle,electric_assist
2026-04-07T01:03:34Z,felyx,felyx:131a0c6ee242,51.91171593333333,4.4251883,False,False,bicycle,electric_assist
2026-04-07T01:03:34Z,felyx,felyx:9b5aaa35a65f,51.929015816666656,4.472346033333334,False,False,bicycle,electric_assist
2026-04-07T01:03:34Z,felyx,felyx:e9707f91c92f,51.956515533333345,4.5499033,False,True,bicycle,electric_assist
2026-04-07T01:03:34Z,felyx,felyx:553edd980c41,51.92991133333332,4.5022973,False,True,bicycle,electric_assist
2026-04-07T01:03:34Z,felyx,felyx:a66938e6d88c,51.88881811666667,4.5085071999999995,False,False,bicycle,electric_assist
2026-04-07T01:03:34Z,felyx,felyx:07eb0a4e54e4,51.92410023333334,4.489062616666667,True,False,bicycle,electric_assist
2026-04-07T01:03:34Z,felyx,felyx:c6652ddbe55d,51.92177463333334,4.533818,False,False,bicycle,electric_assist
2026-04-07T01:03:34Z,felyx,felyx:deb207be47d8,51.89265001666666,4.468767116666668,False,False,bicycle,electric_assist
2026-04-07T01:03:34Z,felyx,felyx:2b35a61e4398,51.934030833333324,4.476056316666668,False,False,bicycle,electric_assist
2026-04-07T01:03:34Z,felyx,felyx:6fddb1bdc516,51.99331083333334,4.481737616666666,False,True,bicycle,electric_assist
2026-04-07T01:03:34Z,felyx,felyx:cbc383ba6ac8,51.871063716666676,4.465607016666667,False,False,bicycle,electric_assist
2026-04-07T01:03:34Z,felyx,felyx:245a79950516,51.876857216666664,4.530224799999999,False,False,bicycle,electric_assist
2026-04-07T01:03:34Z,felyx,felyx:9a98871cf8bc,51.90963953333333,4.5273564,False,False,bicycle,electric_assist
2026-04-07T01:03:34Z,felyx,felyx:960298f64792,51.94701559999999,4.541239233333333,False,False,bicycle,electric_assist
2026-04-07T01:03:34Z,felyx,felyx:07151c7dbf74,51.94927713333332,4.432674300000001,False,False,bicycle,electric_assist
2026-04-07T01:03:34Z,felyx,felyx:df6ca5b46e07,51.91712983333333,4.488270816666667,False,True,bicycle,electric_assist
2026-04-07T01:03:34Z,felyx,felyx:9c11721ab95b,51.916177133333335,4.501638099999999,False,True,bicycle,electric_assist
2026-04-07T01:03:34Z,felyx,felyx:139e0e171386,51.93224913333333,4.346418216666667,False,False,bicycle,electric_assist
2026-04-07T01:03:34Z,felyx,felyx:68b30390004b,51.93853913333333,4.5369833999999996,False,True,bicycle,electric_assist
2026-04-07T01:03:34Z,felyx,felyx:d5e2a8cbcf7a,51.91723303333333,4.5227010000000005,False,False,bicycle,electric_assist
2026-04-07T01:03:34Z,felyx,felyx:57bf1972ddbd,51.86850691666667,4.453853516666666,False,True,bicycle,electric_assist
2026-04-07T01:03:34Z,felyx,felyx:6438ab96d0c6,51.940485633333346,4.407204800000001,False,False,bicycle,electric_assist
2026-04-07T01:03:34Z,felyx,felyx:e7e5e56fa9ea,51.96164273333334,4.5274223,False,False,bicycle,electric_assist
2026-04-07T01:03:34Z,felyx,felyx:f68356c8cfe2,51.876806316666666,4.489588016666667,False,False,bicycle,electric_assist
2026-04-07T01:03:34Z,felyx,felyx:94648a87c73c,51.96043563333333,4.535278400000001,False,True,bicycle,electric_assist
2026-04-07T01:03:34Z,felyx,felyx:f8da918fea8d,51.92169193333333,4.492812816666666,False,False,bicycle,electric_assist
2026-04-07T01:03:34Z,felyx,felyx:e4deac7a4852,51.96091113333333,4.464030316666667,False,False,bicycle,electric_assist
2026-04-07T01:03:34Z,felyx,felyx:37d5a645d720,51.918383133333315,4.467812116666668,False,True,bicycle,electric_assist
2026-04-07T01:03:34Z,felyx,felyx:8d3f8f6a57b3,51.87674501666667,4.485791116666667,False,False,bicycle,electric_assist
2026-04-07T01:03:34Z,felyx,felyx:f5a7d925c25f,51.91720443333333,4.4338156,False,True,bicycle,electric_assist
2026-04-07T01:03:34Z,felyx,felyx:276b0e87db9e,51.96132673333333,4.480310116666667,False,False,bicycle,electric_assist
2026-04-07T01:03:34Z,felyx,felyx:7ff38d562cab,51.92194223333332,4.370912016666666,False,True,bicycle,electric_assist
2026-04-07T01:03:34Z,felyx,felyx:fb969515c69c,51.90686893333333,4.5461944999999995,False,True,bicycle,electric_assist
2026-04-07T01:03:34Z,felyx,felyx:b9f50cea84c9,51.87202171666666,4.5282435,False,True,bicycle,electric_assist
2026-04-07T01:03:34Z,felyx,felyx:892ac011fb1a,51.87148401666667,4.474749216666666,False,False,bicycle,electric_assist
2026-04-07T01:03:34Z,felyx,felyx:0548662daff0,51.88546111666666,4.464147216666667,False,False,bicycle,electric_assist
2026-04-07T01:03:34Z,felyx,felyx:3556e0919c5f,51.91628423333333,4.4869611166666665,False,False,bicycle,electric_assist
2026-04-07T01:03:34Z,felyx,felyx:184ac5d093a8,51.91074334999999,4.4378354,False,False,bicycle,electric_assist
2026-04-07T01:03:34Z,felyx,felyx:4cf3fb87c428,51.95759275,4.4701087,False,False,bicycle,electric_assist
2026-04-07T01:03:34Z,felyx,felyx:92b8c672cb35,51.892671916666664,4.479065016666667,False,False,bicycle,electric_assist
2026-04-07T01:03:34Z,felyx,felyx:fc0dbe558ef3,51.92089793333332,4.5263670000000005,False,False,bicycle,electric_assist
2026-04-07T01:03:34Z,felyx,felyx:7f9b19789340,51.92007563333333,4.4899373166666665,False,True,bicycle,electric_assist
2026-04-07T01:03:34Z,felyx,felyx:324ab5229863,51.961510033333326,4.5437026000000005,False,True,bicycle,electric_assist
2026-04-07T01:03:34Z,felyx,felyx:bf1fe26dbf72,51.92027193333333,4.396214416666668,False,False,bicycle,electric_assist
2026-04-07T01:03:34Z,felyx,felyx:4979b9b230e0,51.94318073333333,4.547155900000001,False,False,bicycle,electric_assist
2026-04-07T01:03:34Z,felyx,felyx:f8bbb20ba80b,51.92468263333334,4.474712416666667,False,True,bicycle,electric_assist
2026-04-07T01:03:34Z,felyx,felyx:92f4cc2fd787,51.89300291666667,4.5392205,False,False,bicycle,electric_assist
2026-04-07T01:03:34Z,felyx,felyx:e5edf2e1b102,51.94247743333333,4.5378519,False,True,bicycle,electric_assist
2026-04-07T01:03:34Z,felyx,felyx:470e6176be74,51.89694521666668,4.5235387,False,False,bicycle,electric_assist
2026-04-07T01:03:34Z,felyx,felyx:0802b4981745,51.91068533333333,4.476728016666666,False,True,bicycle,electric_assist
2026-04-07T01:03:34Z,felyx,felyx:bcb92cc52cef,51.90449193333334,4.4069543,False,False,bicycle,electric_assist
2026-04-07T01:03:34Z,felyx,felyx:5216009b265d,51.955136133333326,4.512418499999999,False,False,bicycle,electric_assist
2026-04-07T01:03:34Z,felyx,felyx:242def9bcfe1,51.87920541666667,4.52786,False,False,bicycle,electric_assist
2026-04-07T01:03:34Z,felyx,felyx:4f644a6b61e9,51.953019233333336,4.471338816666668,False,False,bicycle,electric_assist
2026-04-07T01:03:34Z,felyx,felyx:d5c820e2ea72,51.90307133333334,4.468571316666668,False,True,bicycle,electric_assist
2026-04-07T01:03:34Z,felyx,felyx:a9cbfd448bb5,51.944848033333336,4.5640545999999995,False,True,bicycle,electric_assist
2026-04-07T01:03:34Z,felyx,felyx:8e97c8f0d90a,51.90628423333333,4.407443300000001,False,True,bicycle,electric_assist
2026-04-07T01:03:34Z,felyx,felyx:b463beed2e70,51.914198133333336,4.390705016666666,False,False,bicycle,electric_assist
2026-04-07T01:03:34Z,felyx,felyx:b175294a4e3a,51.89687601666665,4.524282599999999,False,False,bicycle,electric_assist
2026-04-07T01:03:34Z,felyx,felyx:4a63a2572537,51.890738216666655,4.478359016666667,False,False,bicycle,electric_assist
2026-04-07T01:03:34Z,felyx,felyx:58c7dd8e7517,51.886418516666666,4.549279699999999,False,False,bicycle,electric_assist
2026-04-07T01:03:34Z,felyx,felyx:1b6c72d4d42e,51.93243583333332,4.471575816666667,False,True,bicycle,electric_assist
2026-04-07T01:03:34Z,felyx,felyx:1243810e9a32,51.87833271666667,4.448657016666667,False,False,bicycle,electric_assist
2026-04-07T01:03:34Z,felyx,felyx:1e4b86793314,51.87612604999999,4.496586666666667,False,True,bicycle,electric_assist
2026-04-07T01:03:34Z,felyx,felyx:e1756821d076,51.957538633333336,4.508898999999999,False,False,bicycle,electric_assist
2026-04-07T01:03:34Z,felyx,felyx:974f8ce0e171,51.877820716666676,4.5239335,False,False,bicycle,electric_assist
2026-04-07T01:03:34Z,felyx,felyx:05e44195038c,51.91932423333333,4.625196233333334,False,True,bicycle,electric_assist
2026-04-07T01:03:34Z,felyx,felyx:59cfdfe205d7,51.904533233333325,4.405252,False,False,bicycle,electric_assist
2026-04-07T01:03:34Z,felyx,felyx:d426521efba3,51.92606403333332,4.423385200000001,False,False,bicycle,electric_assist
2026-04-07T01:03:34Z,felyx,felyx:074baf2a29f3,51.926170249999984,4.351069033333333,False,True,bicycle,electric_assist
2026-04-07T01:03:34Z,felyx,felyx:b78020e05038,51.882018616666656,4.5152858,False,False,bicycle,electric_assist
2026-04-07T01:03:34Z,felyx,felyx:9ded59dc335d,51.87763651666667,4.498297916666667,False,False,bicycle,electric_assist
2026-04-07T01:03:34Z,felyx,felyx:a06708c7aee2,51.92437423333334,4.5314291,False,False,bicycle,electric_assist
2026-04-07T01:03:34Z,felyx,felyx:604869f7d2b7,51.963623633333334,4.484989916666667,False,False,bicycle,electric_assist
2026-04-07T01:03:34Z,felyx,felyx:7abc77c52ce5,51.945137633333324,4.5380622,False,False,bicycle,electric_assist
2026-04-07T01:03:34Z,felyx,felyx:81a8cc8290b3,51.934493933333336,4.499785416666667,False,False,bicycle,electric_assist
2026-04-07T01:03:34Z,felyx,felyx:d5332a6661a5,51.91401683333333,4.383531716666667,False,False,bicycle,electric_assist
2026-04-07T01:03:34Z,felyx,felyx:20ecbcf24e8e,51.93580443333334,4.4376847999999995,False,False,bicycle,electric_assist
2026-04-07T01:03:34Z,felyx,felyx:ab7445ff329c,51.93395143333334,4.469687516666667,False,False,bicycle,electric_assist
2026-04-07T01:03:34Z,felyx,felyx:c5163ec38e0a,51.88379931666667,4.502747100000001,False,False,bicycle,electric_assist
2026-04-07T01:03:34Z,felyx,felyx:39178cb15ed4,51.92739173333332,4.5533934,False,True,bicycle,electric_assist
2026-04-07T01:03:34Z,felyx,felyx:fa161c4f18c6,51.89166581666666,4.465330716666667,False,False,bicycle,electric_assist
2026-04-07T01:03:34Z,felyx,felyx:f192c6e26e85,51.91383943333333,4.441520716666667,False,True,bicycle,electric_assist
2026-04-07T01:03:34Z,felyx,felyx:ba4e366d55d7,51.90609033333333,4.5412078,False,False,bicycle,electric_assist
2026-04-07T01:03:34Z,felyx,felyx:c0a3729c453f,51.87769921666666,4.554637399999999,False,True,bicycle,electric_assist
2026-04-07T01:03:34Z,felyx,felyx:95dfd6098a79,51.91623033333334,4.5271533,False,False,bicycle,electric_assist
2026-04-07T01:03:34Z,felyx,felyx:7cf0e9b5b204,51.90864011666666,4.439360883333334,False,False,bicycle,electric_assist
2026-04-07T01:03:34Z,felyx,felyx:ffa3ba5f8bf5,51.86763711666667,4.477785016666667,False,False,bicycle,electric_assist
2026-04-07T01:03:34Z,felyx,felyx:cbdb3e40962b,51.95065983333334,4.5185968,False,False,bicycle,electric_assist
2026-04-07T01:03:34Z,felyx,felyx:268962f36c42,51.87482091666667,4.490082316666667,False,False,bicycle,electric_assist
2026-04-07T01:03:34Z,felyx,felyx:1e74550f9931,51.90682198333334,4.408154183333335,False,True,bicycle,electric_assist
2026-04-07T01:03:34Z,felyx,felyx:7a551743d0cb,51.94728623333334,4.5267015,False,False,bicycle,electric_assist
2026-04-07T01:03:34Z,felyx,felyx:5621c50d7e70,51.92340393333333,4.4907272166666665,False,True,bicycle,electric_assist
2026-04-07T01:03:34Z,felyx,felyx:7dce9297e857,51.94929261666665,4.432690316666666,False,False,bicycle,electric_assist
2026-04-07T01:03:34Z,felyx,felyx:e9d4ec08ecd0,51.90705093333332,4.4399531,False,False,bicycle,electric_assist
2026-04-07T01:03:34Z,felyx,felyx:179673a2618e,51.95228823333334,4.556219899999999,False,False,bicycle,electric_assist
2026-04-07T01:03:34Z,felyx,felyx:0703e9a81d51,51.89299191666667,4.5391699999999995,False,False,bicycle,electric_assist
2026-04-07T01:03:34Z,felyx,felyx:8af15e44f3cf,51.908013633333326,4.499915416666667,False,False,bicycle,electric_assist
2026-04-07T01:03:34Z,felyx,felyx:4e06f3b9dbad,51.91598023333333,4.467887016666667,False,True,bicycle,electric_assist
2026-04-07T01:03:34Z,felyx,felyx:522095430cdc,51.917118233333326,4.5233604,False,False,bicycle,electric_assist
2026-04-07T01:03:34Z,felyx,felyx:4a566c3518bc,51.88777808333333,4.474803533333334,False,False,bicycle,electric_assist
2026-04-07T01:03:34Z,felyx,felyx:de6eaba044ab,51.935162000000005,4.475889133333334,False,True,bicycle,electric_assist
2026-04-07T01:03:34Z,felyx,felyx:ef073cdd52e7,51.89591501666666,4.499132416666667,False,False,bicycle,electric_assist
2026-04-07T01:03:34Z,felyx,felyx:ed8684485191,51.89242231666667,4.5167515,False,False,bicycle,electric_assist
2026-04-07T01:03:34Z,felyx,felyx:3016adb8517c,51.907907033333345,4.453488716666666,False,False,bicycle,electric_assist
2026-04-07T01:03:34Z,felyx,felyx:26daef6cf2c4,51.90772023333334,4.501207699999999,False,False,bicycle,electric_assist
2026-04-07T01:03:34Z,felyx,felyx:0468e419749c,51.91155523333333,4.458523716666667,False,True,bicycle,electric_assist
2026-04-07T01:03:34Z,felyx,felyx:cbd9da4f83e9,51.93093243333333,4.433385400000001,False,False,bicycle,electric_assist
2026-04-07T01:03:34Z,felyx,felyx:d7457a61d84a,51.914916133333314,4.487143016666667,False,False,bicycle,electric_assist
2026-04-07T01:03:34Z,felyx,felyx:acc26a3e79c9,51.908889133333325,4.381899916666667,False,False,bicycle,electric_assist
2026-04-07T01:03:34Z,felyx,felyx:e668c219aa99,51.92173773333333,4.492974916666666,False,False,bicycle,electric_assist
2026-04-07T01:03:34Z,felyx,felyx:4f1fb0599251,51.91604553333333,4.442079916666667,False,False,bicycle,electric_assist
2026-04-07T01:03:34Z,felyx,felyx:1572e36724ea,51.895302516666675,4.502351399999999,False,True,bicycle,electric_assist
2026-04-07T01:03:34Z,felyx,felyx:ad8d36149ce8,51.91913723333332,4.392248016666667,False,False,bicycle,electric_assist
2026-04-07T01:03:34Z,felyx,felyx:6376aa04c75c,51.925265833333334,4.496197616666667,False,True,bicycle,electric_assist
2026-04-07T01:03:34Z,felyx,felyx:02b4951a0aa9,51.926012633333315,4.5094665,False,False,bicycle,electric_assist
2026-04-07T01:03:34Z,felyx,felyx:2c27a2857b99,51.92716183333333,4.422224,False,False,bicycle,electric_assist
2026-04-07T01:03:34Z,felyx,felyx:348e61a5bd7e,51.90852833333333,4.398176616666667,False,False,bicycle,electric_assist
2026-04-07T01:03:34Z,felyx,felyx:d83309736c22,51.956732233333334,4.531947100000001,False,True,bicycle,electric_assist
2026-04-07T01:03:34Z,felyx,felyx:5785c8edeebb,51.90559993333333,4.509646500000001,False,False,bicycle,electric_assist
2026-04-07T01:03:34Z,felyx,felyx:9c3477793d0b,51.93092043333333,4.4334057,False,False,bicycle,electric_assist
2026-04-07T01:03:34Z,felyx,felyx:0508300919f0,51.87696501666665,4.468732216666667,False,False,bicycle,electric_assist
2026-04-07T01:03:34Z,felyx,felyx:29c5b0872fae,51.92253183333334,4.5029924,False,False,bicycle,electric_assist
2026-04-07T01:03:34Z,felyx,felyx:bd2e49b633b1,51.90811253333332,4.372652816666666,False,False,bicycle,electric_assist
2026-04-07T01:03:34Z,felyx,felyx:f1c7a0abea9d,51.90803273333332,4.5121541,False,False,bicycle,electric_assist
2026-04-07T01:03:34Z,felyx,felyx:0658fea1dc1d,51.957573833333335,4.5089646,False,False,bicycle,electric_assist
2026-04-07T01:03:34Z,felyx,felyx:781e66d7179b,51.88571441666666,4.533443,False,False,bicycle,electric_assist
2026-04-07T01:03:34Z,felyx,felyx:8d2b6d4e4255,51.90976413333333,4.464070316666667,False,False,bicycle,electric_assist
2026-04-07T01:03:34Z,felyx,felyx:cc67bb31f78b,51.93237383333334,4.5634926,False,True,bicycle,electric_assist
2026-04-07T01:03:34Z,felyx,felyx:7b59910892f1,51.917290833333325,4.429845000000001,False,True,bicycle,electric_assist
2026-04-07T01:03:34Z,felyx,felyx:600e1391aef7,51.88470811666666,4.472582016666667,False,False,bicycle,electric_assist
2026-04-07T01:03:34Z,felyx,felyx:0ed43357d71c,51.87749341666666,4.471941716666667,False,False,bicycle,electric_assist
2026-04-07T01:03:34Z,felyx,felyx:f33811b37cd1,51.94247953333333,4.5378362999999995,False,False,bicycle,electric_assist
2026-04-07T01:03:34Z,felyx,felyx:95de0ed4d22a,51.91226663333334,4.483000316666667,False,True,bicycle,electric_assist
2026-04-07T01:03:34Z,felyx,felyx:cb9a859791e9,51.89219631666667,4.569655099999999,False,True,bicycle,electric_assist
2026-04-07T01:03:34Z,felyx,felyx:7afdee43fec0,51.91479603333334,4.444433816666667,False,True,bicycle,electric_assist
2026-04-07T01:03:34Z,felyx,felyx:688bdb5dd95d,51.916741733333346,4.449461416666667,False,False,bicycle,electric_assist
2026-04-07T01:03:34Z,felyx,felyx:f8bafdd9aab4,51.961770333333334,4.5280054,False,False,bicycle,electric_assist
2026-04-07T01:03:34Z,felyx,felyx:4ae5898856da,51.928796833333344,4.382853716666667,False,True,bicycle,electric_assist
2026-04-07T01:03:34Z,felyx,felyx:855656d35336,51.921729750000004,4.492948800000001,False,True,bicycle,electric_assist
2026-04-07T01:03:34Z,felyx,felyx:d9963771829b,51.95688393333334,4.474920116666667,False,False,bicycle,electric_assist
2026-04-07T01:03:34Z,felyx,felyx:8c34f12bfb5c,51.9170015,4.491350533333333,False,True,bicycle,electric_assist
2026-04-07T01:03:34Z,felyx,felyx:fa7c1322b338,51.89524241666666,4.5018428,False,True,bicycle,electric_assist
2026-04-07T01:03:34Z,felyx,felyx:2af863eb3372,51.96032903333334,4.470127416666666,False,True,bicycle,electric_assist
2026-04-07T01:03:34Z,felyx,felyx:6b4f7fd6266a,51.90259583333332,4.448693116666667,False,False,bicycle,electric_assist
2026-04-07T01:03:34Z,felyx,felyx:e0b5f7330e77,51.92821953333333,4.4192276,False,False,bicycle,electric_assist
2026-04-07T01:03:34Z,felyx,felyx:7a39dcba227e,51.94401323333333,4.4224874,False,False,bicycle,electric_assist
2026-04-07T01:03:34Z,felyx,felyx:b1f14a98bcd9,51.92117761666666,4.459919816666667,False,False,bicycle,electric_assist
2026-04-07T01:03:34Z,felyx,felyx:00b76bef4d32,51.902903133333325,4.463413916666668,False,True,bicycle,electric_assist
2026-04-07T01:03:34Z,felyx,felyx:386835dea071,51.94994873333333,4.5143107,False,False,bicycle,electric_assist
2026-04-07T01:03:34Z,felyx,felyx:50d68db2048e,51.872510116666675,4.486673416666667,False,False,bicycle,electric_assist
2026-04-07T01:03:34Z,felyx,felyx:10a7ca71c222,51.89089991666666,4.472678916666666,False,False,bicycle,electric_assist
2026-04-07T01:03:34Z,felyx,felyx:292a6c2e69db,51.91114713333333,4.463604616666666,False,True,bicycle,electric_assist
2026-04-07T01:03:34Z,felyx,felyx:fcf97368db29,51.88064411666665,4.5068231,False,False,bicycle,electric_assist
2026-04-07T01:03:34Z,felyx,felyx:ff1cdc554d34,51.87140981666666,4.471326116666666,False,False,bicycle,electric_assist
2026-04-07T01:03:34Z,felyx,felyx:8cbe0bed4f6b,51.90110963333333,4.477461816666667,False,False,bicycle,electric_assist
2026-04-07T01:03:34Z,felyx,felyx:3129caa82764,51.88638471666666,4.5492688,False,False,bicycle,electric_assist
2026-04-07T01:03:34Z,felyx,felyx:b82c25a91de9,51.90598933333334,4.498959516666666,False,False,bicycle,electric_assist
2026-04-07T01:03:34Z,felyx,felyx:855a3c7dc77b,51.93363033333334,4.463096016666666,False,False,bicycle,electric_assist
2026-04-07T01:03:34Z,felyx,felyx:887674e05a44,51.907062733333326,4.489823516666667,False,False,bicycle,electric_assist
2026-04-07T01:03:34Z,felyx,felyx:a393617cd20b,51.90551773333333,4.462744716666667,False,True,bicycle,electric_assist
2026-04-07T01:03:34Z,felyx,felyx:4b257cc2b62a,51.91120823333334,4.472825716666667,False,False,bicycle,electric_assist
2026-04-07T01:03:34Z,felyx,felyx:e77313d5ac89,51.89688181666668,4.5236943,False,False,bicycle,electric_assist
2026-04-07T01:03:34Z,felyx,felyx:1efd07a5c3d1,51.87668271666666,4.474681416666667,False,False,bicycle,electric_assist
2026-04-07T01:03:34Z,felyx,felyx:1d91caae7b68,51.91252923333333,4.452370516666667,False,False,bicycle,electric_assist
2026-04-07T01:03:34Z,felyx,felyx:1566568eadc0,51.91873693333333,4.515754499999999,False,False,bicycle,electric_assist
2026-04-07T01:03:34Z,felyx,felyx:1b8b6898553e,51.91182903333333,4.4358241000000005,False,False,bicycle,electric_assist
2026-04-07T01:03:34Z,felyx,felyx:bf1122404fc2,51.86212001666667,4.530767499999999,False,True,bicycle,electric_assist
2026-04-07T01:03:34Z,felyx,felyx:380e0e9f55cd,51.910646933333325,4.4595371166666675,False,False,bicycle,electric_assist
2026-04-07T01:03:34Z,felyx,felyx:0b7bfe697c30,51.885564816666665,4.494241116666667,False,False,bicycle,electric_assist
2026-04-07T01:03:34Z,felyx,felyx:64e98d819f03,51.91667629999999,4.396810533333333,False,False,bicycle,electric_assist
2026-04-07T01:03:34Z,felyx,felyx:19d12671c653,51.896634216666676,4.523826699999999,False,True,bicycle,electric_assist
2026-04-07T01:03:34Z,felyx,felyx:37e7ec4379bc,51.90480183333334,4.402781600000001,False,False,bicycle,electric_assist
2026-04-07T01:03:34Z,felyx,felyx:a6427e0910a7,51.887559916666675,4.5080100000000005,False,False,bicycle,electric_assist
2026-04-07T01:03:34Z,felyx,felyx:cb8992ff2a00,51.91591913333333,4.477996616666667,False,False,bicycle,electric_assist
2026-04-07T01:03:34Z,felyx,felyx:bf3bc78bdf4d,51.91096303333333,4.374830316666666,False,False,bicycle,electric_assist
2026-04-07T01:03:34Z,felyx,felyx:f5ba044c77b1,51.90731553333333,4.402155400000001,False,True,bicycle,electric_assist
2026-04-07T01:03:34Z,felyx,felyx:22d37a4b02ce,51.94657993333333,4.5493168,False,True,bicycle,electric_assist
2026-04-07T01:03:34Z,felyx,felyx:551f87113d7e,51.88815051666666,4.458427716666667,False,False,bicycle,electric_assist
2026-04-07T01:03:34Z,felyx,felyx:e5b4129adc72,51.89006661666667,4.479366416666666,False,False,bicycle,electric_assist
2026-04-07T01:03:34Z,felyx,felyx:6a8b08981013,51.87112661666667,4.488340016666668,False,False,bicycle,electric_assist
2026-04-07T01:03:34Z,felyx,felyx:19954d113501,51.90670403333334,4.5228663000000005,False,False,bicycle,electric_assist
2026-04-07T01:03:34Z,felyx,felyx:69f487a1f9f3,51.92364441666666,4.392242950000001,True,False,bicycle,electric_assist
2026-04-07T01:03:34Z,felyx,felyx:a94983dac67b,51.860831016666666,4.508520099999999,False,True,bicycle,electric_assist
2026-04-07T01:03:34Z,felyx,felyx:792471011f40,51.89360321666666,4.5059495,False,True,bicycle,electric_assist
2026-04-07T01:03:34Z,felyx,felyx:d30317633f04,51.948803533333326,4.5758468,False,True,bicycle,electric_assist
2026-04-07T01:03:34Z,felyx,felyx:16d955ed51ab,51.91638553333333,4.481397216666666,False,False,bicycle,electric_assist
2026-04-07T01:03:34Z,felyx,felyx:ee1f3aebd054,51.91578303333335,4.488937516666666,False,False,bicycle,electric_assist
2026-04-07T01:03:34Z,felyx,felyx:b6edd8551f45,51.89031301666668,4.5486153,False,True,bicycle,electric_assist
2026-04-07T01:03:34Z,felyx,felyx:9771c1921e4f,51.92254133333333,4.502988,False,True,bicycle,electric_assist
2026-04-07T01:03:34Z,felyx,felyx:9dddc7e94c77,51.88218011666667,4.6076401166666665,False,True,bicycle,electric_assist
2026-04-07T01:03:34Z,felyx,felyx:e66ffe4ac7e7,51.88701993333334,4.521322083333332,False,False,bicycle,electric_assist
2026-04-07T01:03:34Z,felyx,felyx:ed28e550503b,51.887491516666664,4.486993616666667,False,True,bicycle,electric_assist
2026-04-07T01:03:34Z,felyx,felyx:744c7c3b6757,51.95005833333333,4.467946316666666,False,False,bicycle,electric_assist
2026-04-07T01:03:34Z,felyx,felyx:aa7bb0269f13,51.90820303333333,4.5072392,False,False,bicycle,electric_assist
2026-04-07T01:03:34Z,felyx,felyx:2f6368fc544d,51.913132533333325,4.463415816666667,False,False,bicycle,electric_assist
2026-04-07T01:03:34Z,felyx,felyx:3c9108297818,51.959415000000014,4.558683050000001,False,True,bicycle,electric_assist
2026-04-07T01:03:34Z,felyx,felyx:49e1a895bacc,51.92779283333333,4.484236816666666,False,False,bicycle,electric_assist
2026-04-07T01:03:34Z,felyx,felyx:6120d1f25929,51.90669153333334,4.5452448,False,True,bicycle,electric_assist
2026-04-07T01:03:34Z,felyx,felyx:d6905c9fd17a,51.974588833333335,4.547889016666666,False,True,bicycle,electric_assist
2026-04-07T01:03:34Z,felyx,felyx:779f4744d287,51.95953443333333,4.5132526,False,False,bicycle,electric_assist
2026-04-07T01:03:34Z,felyx,felyx:72938054e7b7,51.966372033333336,4.470900116666666,False,False,bicycle,electric_assist
2026-04-07T01:03:34Z,felyx,felyx:ef4bd7500d67,51.933945599999994,4.453224783333334,False,False,bicycle,electric_assist
2026-04-07T01:03:34Z,felyx,felyx:61fa7cfc3a3c,51.92819563333334,4.4192568,False,False,bicycle,electric_assist
2026-04-07T01:03:34Z,felyx,felyx:4f9c08fe1598,51.92887143333334,4.501318800000001,False,False,bicycle,electric_assist
2026-04-07T01:03:34Z,felyx,felyx:1cd7b4f9c715,51.95295753333333,4.470925216666667,False,False,bicycle,electric_assist
2026-04-07T01:03:34Z,felyx,felyx:5e63e82f1aed,51.953122300000004,4.4659472000000004,False,False,bicycle,electric_assist
2026-04-07T01:03:34Z,felyx,felyx:9e4c110e72bd,51.94562173333333,4.5393571999999995,False,False,bicycle,electric_assist
2026-04-07T01:03:34Z,felyx,felyx:259ae7b37511,51.932875133333326,4.489794216666668,False,True,bicycle,electric_assist
2026-04-07T01:03:34Z,felyx,felyx:3d3225dee619,51.930349033333336,4.4724180166666665,False,True,bicycle,electric_assist
2026-04-07T01:03:34Z,felyx,felyx:ad64ec2ffa2d,51.92154954999999,4.479568050000001,False,False,bicycle,electric_assist
2026-04-07T01:03:34Z,felyx,felyx:3d0a065aa8bc,51.94690213333333,4.4394971,False,False,bicycle,electric_assist
2026-04-07T01:03:34Z,felyx,felyx:60e0dc7babf7,51.92356633333333,4.4851273166666665,False,False,bicycle,electric_assist
2026-04-07T01:03:34Z,felyx,felyx:ee1769ff9c2b,51.91199403333333,4.4579215166666675,False,False,bicycle,electric_assist
2026-04-07T01:03:34Z,felyx,felyx:eef0977713ef,51.88807249999999,4.5470281833333335,False,True,bicycle,electric_assist
2026-04-07T01:03:34Z,felyx,felyx:ee07af0a9261,51.90784003333333,4.494904316666666,False,False,bicycle,electric_assist
2026-04-07T01:03:34Z,felyx,felyx:a4091741fc0e,51.88960651666667,4.5085790999999995,False,True,bicycle,electric_assist
2026-04-07T01:03:34Z,felyx,felyx:bdd55b699378,51.90556663333333,4.462795016666666,False,False,bicycle,electric_assist
2026-04-07T01:03:34Z,felyx,felyx:1b20baeb05c9,51.894973799999995,4.420046216666667,False,True,bicycle,electric_assist
2026-04-07T01:03:34Z,felyx,felyx:39cf82708658,51.928211933333316,4.419270800000001,False,False,bicycle,electric_assist
2026-04-07T01:03:34Z,felyx,felyx:57942ed059ee,51.93494063333332,4.523185,False,True,bicycle,electric_assist
2026-04-07T01:03:34Z,felyx,felyx:bd61c7663bae,51.9071938,4.4461751666666665,False,True,bicycle,electric_assist
2026-04-07T01:03:34Z,felyx,felyx:600f3b41800f,51.91567723333333,4.4887363166666665,False,False,bicycle,electric_assist
2026-04-07T01:03:34Z,felyx,felyx:4a79649b74f5,51.919701133333334,4.438979,False,False,bicycle,electric_assist
2026-04-07T01:03:34Z,felyx,felyx:f53532fa70b2,51.89255561666668,4.490470516666667,False,False,bicycle,electric_assist
2026-04-07T01:03:34Z,felyx,felyx:5c7c6c227f4a,51.920601233333336,4.4111371,False,False,bicycle,electric_assist
2026-04-07T01:03:34Z,felyx,felyx:9ca33807213d,51.91748183333334,4.451779516666666,False,False,bicycle,electric_assist
2026-04-07T01:03:34Z,felyx,felyx:6a0e79bba882,51.94261793333333,4.423085599999999,False,True,bicycle,electric_assist
2026-04-07T01:03:34Z,felyx,felyx:5a93dc2c3408,51.908044733333334,4.5990353,False,True,bicycle,electric_assist
2026-04-07T01:03:34Z,felyx,felyx:afb4f75f2ac9,51.92105413333333,4.5093986,False,True,bicycle,electric_assist
2026-04-07T01:03:34Z,felyx,felyx:25affbc7f7c6,51.913346133333334,4.432529400000001,False,False,bicycle,electric_assist
2026-04-07T01:03:34Z,felyx,felyx:179e5963a345,51.93333723333334,4.502871,False,True,bicycle,electric_assist
2026-04-07T01:03:34Z,felyx,felyx:c48eece93e44,51.91250353333332,4.449092916666668,False,True,bicycle,electric_assist
2026-04-07T01:03:34Z,felyx,felyx:78a11eed870d,51.912848033333326,4.476014616666666,False,True,bicycle,electric_assist
2026-04-07T01:03:34Z,felyx,felyx:93542a84ffe1,51.86048081666665,4.488258916666666,False,True,bicycle,electric_assist
2026-04-07T01:03:34Z,felyx,felyx:6facfb1a39c0,51.94123423333333,4.4046233,False,False,bicycle,electric_assist
2026-04-07T01:03:34Z,felyx,felyx:f07294a1a8c7,51.91309673333333,4.456231616666667,False,False,bicycle,electric_assist
2026-04-07T01:03:34Z,felyx,felyx:be9cb16110cb,51.87793221666668,4.5236632,False,False,bicycle,electric_assist
2026-04-07T01:03:34Z,felyx,felyx:4bd3f4292b0b,51.87292411666667,4.467455216666666,False,False,bicycle,electric_assist
2026-04-07T01:03:34Z,felyx,felyx:16f2c29851a3,51.88046901666666,4.587891600000001,False,True,bicycle,electric_assist
2026-04-07T01:03:34Z,felyx,felyx:63a2c49064b1,51.880947716666675,4.5015663,False,False,bicycle,electric_assist
2026-04-07T01:03:34Z,felyx,felyx:a9c964667346,51.94929563333333,4.4327448,False,False,bicycle,electric_assist
2026-04-07T01:03:34Z,felyx,felyx:5d893a52cf4a,51.90614573333335,4.5419212,False,False,bicycle,electric_assist
2026-04-07T01:03:34Z,felyx,felyx:2c42e93ef4a2,51.89290381666667,4.5409348,False,False,bicycle,electric_assist
2026-04-07T01:03:34Z,felyx,felyx:e5f7fc3d3e33,51.924981433333336,4.5293323,False,False,bicycle,electric_assist
2026-04-07T01:03:34Z,felyx,felyx:8d6c7076609c,51.89396381666667,4.463127416666667,False,False,bicycle,electric_assist
2026-04-07T01:03:34Z,felyx,felyx:27ea51876d22,51.92108603333333,4.441823616666667,False,True,bicycle,electric_assist
2026-04-07T01:03:34Z,felyx,felyx:99c0df16a189,51.90870045,4.40610295,False,False,bicycle,electric_assist
2026-04-07T01:03:34Z,felyx,felyx:eb502ebcc865,51.894183616666666,4.467942016666667,False,False,bicycle,electric_assist
2026-04-07T01:03:34Z,felyx,felyx:bd418d5984a6,51.89141821666667,4.471299716666667,False,False,bicycle,electric_assist
2026-04-07T01:03:34Z,felyx,felyx:f6b1c6f4336b,51.96048713333334,4.535331800000001,False,True,bicycle,electric_assist
2026-04-07T01:03:34Z,felyx,felyx:6f55e894424f,51.91956573333333,4.4226444,False,False,bicycle,electric_assist
2026-04-07T01:03:34Z,felyx,felyx:5af318313749,51.929488266666674,4.476420733333334,False,True,bicycle,electric_assist
2026-04-07T01:03:34Z,felyx,felyx:1595d831ef8e,51.92083053333334,4.457679716666667,False,False,bicycle,electric_assist
2026-04-07T01:03:34Z,felyx,felyx:1f822e9ab3df,51.923618833333336,4.511748600000001,False,False,bicycle,electric_assist
2026-04-07T01:03:34Z,felyx,felyx:f8fdd1fbc5c0,51.87943681666668,4.524208,False,False,bicycle,electric_assist
2026-04-07T01:03:34Z,felyx,felyx:a01b28cf3f4f,51.88499851666667,4.5213166000000005,False,True,bicycle,electric_assist
2026-04-07T01:03:34Z,felyx,felyx:bd765df7283d,51.89309226666667,4.491617433333333,False,False,bicycle,electric_assist
2026-04-07T01:03:34Z,felyx,felyx:e7c6336edf86,51.931600333333336,4.4996365166666665,False,False,bicycle,electric_assist
2026-04-07T01:03:34Z,felyx,felyx:38f39b99f41f,51.95131023333334,4.5978207,False,True,bicycle,electric_assist
2026-04-07T01:03:34Z,felyx,felyx:7af82384b593,51.87288001666668,4.5882317,False,True,bicycle,electric_assist
2026-04-07T01:03:34Z,felyx,felyx:b234a4514fb8,51.921613316666665,4.507115933333333,False,False,bicycle,electric_assist
2026-04-07T01:03:34Z,felyx,felyx:57a6ebab05cf,51.90448413333334,4.4069733,False,False,bicycle,electric_assist
2026-04-07T01:03:34Z,felyx,felyx:1ca32eb96b0f,51.87120941666668,4.5839238,False,True,bicycle,electric_assist
2026-04-07T01:03:34Z,felyx,felyx:03d6d240197b,51.961951133333336,4.471619316666667,False,False,bicycle,electric_assist
2026-04-07T01:03:34Z,felyx,felyx:dcf2ed207c43,51.92537853333332,4.5307552,False,False,bicycle,electric_assist
2026-04-07T01:03:34Z,felyx,felyx:dc2c354560f9,51.91290763333333,4.500636699999999,False,False,bicycle,electric_assist
2026-04-07T01:03:34Z,felyx,felyx:40b40ab7ca04,51.91617293333333,4.443381916666667,False,False,bicycle,electric_assist
2026-04-07T01:03:34Z,felyx,felyx:2a0bf60691b8,51.92192533333333,4.493563316666667,False,False,bicycle,electric_assist
2026-04-07T01:03:34Z,felyx,felyx:523aa5c1ae24,51.91197763333332,4.390152116666668,False,False,bicycle,electric_assist
2026-04-07T01:03:34Z,felyx,felyx:2f8c5756ece2,51.95579653333333,4.467683416666667,False,False,bicycle,electric_assist
2026-04-07T01:03:34Z,felyx,felyx:7c2a831957fa,51.91119403333334,4.506337599999999,False,False,bicycle,electric_assist
2026-04-07T01:03:34Z,felyx,felyx:e41d7242660f,51.94517013333334,4.5354444,False,True,bicycle,electric_assist
2026-04-07T01:03:34Z,felyx,felyx:5282c96a7a88,51.93586473333333,4.4375993000000005,False,False,bicycle,electric_assist
2026-04-07T01:03:34Z,felyx,felyx:318c7e9607c6,51.915077133333334,4.521479899999999,False,True,bicycle,electric_assist
2026-04-07T01:03:34Z,felyx,felyx:2d4ee6496f39,51.957876133333336,4.541041599999999,False,False,bicycle,electric_assist
2026-04-07T01:03:34Z,felyx,felyx:0fd253a13c11,51.88115841666666,4.497056516666667,False,True,bicycle,electric_assist
2026-04-07T01:03:34Z,felyx,felyx:f692a729f6b1,51.913604333333325,4.478047116666667,False,False,bicycle,electric_assist
2026-04-07T01:03:34Z,felyx,felyx:46a1906ee8a4,51.91121663333334,4.4374648,False,True,bicycle,electric_assist
2026-04-07T01:03:34Z,felyx,felyx:9599d61bc5ee,51.905825033333336,4.405938000000001,False,False,bicycle,electric_assist
2026-04-07T01:03:34Z,felyx,felyx:3f1bc0150b6c,51.93434933333333,4.499655616666666,False,False,bicycle,electric_assist
2026-04-07T01:03:34Z,felyx,felyx:e8e5a99ad263,51.85860421666666,4.5578673,False,True,bicycle,electric_assist
2026-04-07T01:03:34Z,felyx,felyx:0a8fd88a82ab,51.96409943333333,4.5036813,False,False,bicycle,electric_assist
2026-04-07T01:03:34Z,felyx,felyx:9ef6b5aceb11,51.908149050000006,4.444125550000001,False,True,bicycle,electric_assist
2026-04-07T01:03:34Z,felyx,felyx:b0e7192ad347,51.91158773333333,4.467261116666666,False,False,bicycle,electric_assist
2026-04-07T01:03:34Z,felyx,felyx:af872a47032a,51.886427516666664,4.467525016666666,False,False,bicycle,electric_assist
2026-04-07T01:03:34Z,felyx,felyx:38d9202ab978,51.916256233333336,4.527108699999999,False,False,bicycle,electric_assist
2026-04-07T01:03:34Z,felyx,felyx:e98f5633530d,51.91982493333333,4.391377416666667,False,True,bicycle,electric_assist
2026-04-07T01:03:34Z,felyx,felyx:0ca1d532cc79,51.919156433333335,4.493684016666666,False,False,bicycle,electric_assist
2026-04-07T01:03:34Z,felyx,felyx:bad51730c3e2,51.915553033333325,4.463282416666666,False,True,bicycle,electric_assist
2026-04-07T01:03:34Z,felyx,felyx:0354fa51ea0a,51.90897043333333,4.330064916666666,False,False,bicycle,electric_assist
2026-04-07T01:03:34Z,felyx,felyx:b19326cd19df,51.912584233333334,4.456233816666667,False,True,bicycle,electric_assist
2026-04-07T01:03:34Z,felyx,felyx:e219d54c320e,51.921405233333346,4.408504500000001,False,True,bicycle,electric_assist
2026-04-07T01:03:34Z,felyx,felyx:f21adf311c67,51.91037983333334,4.450216516666666,False,True,bicycle,electric_assist
2026-04-07T01:03:34Z,felyx,felyx:55116fb5a1a5,51.92462383333333,4.497388816666668,False,False,bicycle,electric_assist
2026-04-07T01:03:34Z,felyx,felyx:c3559404330f,51.92406463333332,4.5058147,False,False,bicycle,electric_assist
2026-04-07T01:03:34Z,felyx,felyx:311c0c48f3a7,51.86432401666667,4.475295616666667,False,False,bicycle,electric_assist
2026-04-07T01:03:34Z,felyx,felyx:02c9513e6741,51.95262603333334,4.473642616666667,False,False,bicycle,electric_assist
2026-04-07T01:03:34Z,felyx,felyx:5fded891344c,51.89587649999999,4.526170466666667,False,False,bicycle,electric_assist
2026-04-07T01:03:34Z,felyx,felyx:c1d309d4b0e4,51.92838343333332,4.491221516666667,False,False,bicycle,electric_assist
2026-04-07T01:03:34Z,felyx,felyx:e8412c9c99a9,51.898490716666664,4.5024659,False,False,bicycle,electric_assist
2026-04-07T01:03:34Z,felyx,felyx:ec933bbc2ca0,51.925712133333334,4.454742516666666,False,False,bicycle,electric_assist
2026-04-07T01:03:34Z,felyx,felyx:2dea129521f5,51.921319833333335,4.4518553166666655,False,True,bicycle,electric_assist
2026-04-07T01:03:34Z,felyx,felyx:00b05d0fc18f,51.960424933333336,4.5352589000000005,False,False,bicycle,electric_assist
2026-04-07T01:03:34Z,felyx,felyx:a9b0e340b851,51.91326613333334,4.391258916666666,False,False,bicycle,electric_assist
2026-04-07T01:03:34Z,felyx,felyx:37139674eb64,51.94663243333333,4.4551315166666665,False,False,bicycle,electric_assist
2026-04-07T01:03:34Z,felyx,felyx:ece12e16b382,51.92107943333334,4.4348404,False,True,bicycle,electric_assist
2026-04-07T01:03:34Z,felyx,felyx:0e3070b7e23a,51.89579520000001,4.508729533333334,False,True,bicycle,electric_assist
2026-04-07T01:03:34Z,felyx,felyx:1c6e83acdf47,51.89075041666666,4.5511353,False,False,bicycle,electric_assist
2026-04-07T01:03:34Z,felyx,felyx:3dc30ea84bf5,51.93557943333334,4.497817516666667,False,False,bicycle,electric_assist
2026-04-07T01:03:34Z,felyx,felyx:4094a01c67fc,51.916708833333324,4.446753216666666,False,True,bicycle,electric_assist
2026-04-07T01:03:34Z,felyx,felyx:f0d7e7f0b076,51.91740763333334,4.430020799999999,False,True,bicycle,electric_assist
2026-04-07T01:03:34Z,felyx,felyx:af8013ab5cb8,51.89187431666666,4.472004716666667,False,False,bicycle,electric_assist
2026-04-07T01:03:34Z,felyx,felyx:6c91161824e9,51.890629116666666,4.5143042,False,False,bicycle,electric_assist
2026-04-07T01:03:34Z,felyx,felyx:753f2086779d,51.89355461666667,4.471273216666666,False,False,bicycle,electric_assist
2026-04-07T01:03:34Z,felyx,felyx:46980e7f1ac4,51.91668513333334,4.486601016666667,False,False,bicycle,electric_assist
2026-04-07T01:03:34Z,felyx,felyx:f44a0879d49d,51.87901671666667,4.5075,False,False,bicycle,electric_assist
2026-04-07T01:03:34Z,felyx,felyx:9e36ce0bd262,51.928823033333344,4.4831383166666665,False,False,bicycle,electric_assist
2026-04-07T01:03:34Z,felyx,felyx:75eaf3f51384,51.92662633333333,4.5181679,False,False,bicycle,electric_assist
2026-04-07T01:03:34Z,felyx,felyx:2fdbd57f1959,51.904821633333334,4.4027747,False,False,bicycle,electric_assist
2026-04-07T01:03:34Z,felyx,felyx:f79dbab6f878,51.87890971666667,4.5081929,False,False,bicycle,electric_assist
2026-04-07T01:03:34Z,felyx,felyx:1eccb61b05e8,51.91948445,4.459811133333334,False,False,bicycle,electric_assist
2026-04-07T01:03:34Z,felyx,felyx:7a5f5d30cbac,51.92933553333334,4.5018774,False,False,bicycle,electric_assist
2026-04-07T01:03:34Z,felyx,felyx:adb41d2d30db,51.960920633333345,4.464060516666667,False,False,bicycle,electric_assist
2026-04-07T01:03:34Z,felyx,felyx:ba1200fc5cce,51.94995013333334,4.514391399999999,False,True,bicycle,electric_assist
2026-04-07T01:03:34Z,felyx,felyx:7a9d5ce87ebf,51.91198623333332,4.502554900000001,False,False,bicycle,electric_assist
2026-04-07T01:03:34Z,felyx,felyx:fbc66b56a36c,51.89319811666665,4.5522945,False,False,bicycle,electric_assist
2026-04-07T01:03:34Z,felyx,felyx:dec5371a9f01,51.90097073333334,4.478363116666668,False,False,bicycle,electric_assist
2026-04-07T01:03:34Z,felyx,felyx:12ec6c0e40a9,51.93584073333333,4.4376574,False,False,bicycle,electric_assist
2026-04-07T01:03:34Z,felyx,felyx:53e071bd0b04,51.92746193333335,4.380311216666667,False,True,bicycle,electric_assist
2026-04-07T01:03:34Z,felyx,felyx:95b7e6c52d49,51.92108523333333,4.456185916666667,False,False,bicycle,electric_assist
2026-04-07T01:03:34Z,felyx,felyx:50669793273b,51.937137299999996,4.478370650000001,False,False,bicycle,electric_assist
2026-04-07T01:03:34Z,felyx,felyx:9c3f9ac944a8,51.91756893333333,4.515005000000001,False,False,bicycle,electric_assist
2026-04-07T01:03:34Z,felyx,felyx:c78a0383a297,51.896774916666665,4.521701799999999,False,True,bicycle,electric_assist
2026-04-07T01:03:34Z,felyx,felyx:bb7b428a8539,51.914521533333335,4.4018856,False,False,bicycle,electric_assist
2026-04-07T01:03:34Z,felyx,felyx:a054eab328ce,51.93485873333334,4.374788716666666,False,False,bicycle,electric_assist
2026-04-07T01:03:34Z,felyx,felyx:fd8c37857e2c,51.890039416666674,4.583842599999999,False,True,bicycle,electric_assist
2026-04-07T01:03:34Z,felyx,felyx:82acef3cca4c,51.96324693333334,4.486923916666668,False,True,bicycle,electric_assist
2026-04-07T01:03:34Z,felyx,felyx:aa50fc85c51f,51.95916643333334,4.493495616666667,False,False,bicycle,electric_assist
2026-04-07T01:03:34Z,felyx,felyx:0e8a5a49893a,51.87890221666667,4.5081564,False,False,bicycle,electric_assist
2026-04-07T01:03:34Z,felyx,felyx:77075075a9ea,51.93848153333333,4.475073416666667,False,False,bicycle,electric_assist
2026-04-07T01:03:34Z,felyx,felyx:b2963c37334b,51.92296173333334,4.394657616666667,False,False,bicycle,electric_assist
2026-04-07T01:03:34Z,felyx,felyx:d308b5293345,51.94184853333332,4.5465619,False,True,bicycle,electric_assist
2026-04-07T01:03:34Z,felyx,felyx:fda58b6dd928,51.952346233333344,4.580533699999999,False,True,bicycle,electric_assist
2026-04-07T01:03:34Z,felyx,felyx:98c6dfc8234f,51.85410151666667,4.358306816666666,False,True,bicycle,electric_assist
2026-04-07T01:03:34Z,felyx,felyx:ca3b77e0537b,51.959012533333336,4.5051537,False,False,bicycle,electric_assist
2026-04-07T01:03:34Z,felyx,felyx:8431728cfefb,51.94527283333333,4.467577016666667,False,False,bicycle,electric_assist
2026-04-07T01:03:34Z,felyx,felyx:9c1ebdcc883e,51.87685751666667,4.5521942,False,True,bicycle,electric_assist
2026-04-07T01:03:34Z,felyx,felyx:f78f6eaf6d3e,51.963825633333336,4.5374137,False,True,bicycle,electric_assist
2026-04-07T01:03:34Z,felyx,felyx:32615bc084a8,51.93404903333333,4.4288065,False,False,bicycle,electric_assist
2026-04-07T01:03:34Z,felyx,felyx:045269bff45c,51.91778673333333,4.5180419999999994,False,False,bicycle,electric_assist
2026-04-07T01:03:34Z,felyx,felyx:5b9573e6f062,51.94784613333333,4.506069,False,True,bicycle,electric_assist
2026-04-07T01:03:34Z,felyx,felyx:a26157e890f6,51.959296033333345,4.556675,False,True,bicycle,electric_assist
2026-04-07T01:03:34Z,felyx,felyx:cb37aad00515,51.91805913333332,4.476002316666667,False,False,bicycle,electric_assist
2026-04-07T01:03:34Z,felyx,felyx:0d9c219e8c07,51.90726633333333,4.477252716666666,False,False,bicycle,electric_assist
2026-04-07T01:03:34Z,felyx,felyx:5ca6e0a8b358,51.930427433333335,4.4387322000000005,False,True,bicycle,electric_assist
2026-04-07T01:03:34Z,felyx,felyx:c9410d891b22,51.91101053333333,4.472776516666666,False,False,bicycle,electric_assist
2026-04-07T01:03:34Z,felyx,felyx:c1a2dc8ab593,51.92133093333333,4.4413983166666675,False,False,bicycle,electric_assist
2026-04-07T01:03:34Z,felyx,felyx:839340aafca9,51.90222263333333,4.461283516666667,False,False,bicycle,electric_assist
2026-04-07T01:03:34Z,felyx,felyx:446b619cac36,51.90915963333334,4.5198037,False,False,bicycle,electric_assist
2026-04-07T01:03:34Z,felyx,felyx:0cf5053dd6e5,51.90700663333333,4.473420416666666,False,True,bicycle,electric_assist
2026-04-07T01:03:34Z,felyx,felyx:15a20118c83a,51.88830206666666,4.4771739,False,False,bicycle,electric_assist
2026-04-07T01:03:34Z,felyx,felyx:ff76dffe1d55,51.933920333333326,4.5399028,False,True,bicycle,electric_assist
2026-04-07T01:03:34Z,felyx,felyx:9f60a485d6a8,51.902957433333334,4.5113623,False,True,bicycle,electric_assist
2026-04-07T01:03:34Z,felyx,felyx:4761409712c2,51.87893651666666,4.5082305,False,False,bicycle,electric_assist
2026-04-07T01:03:34Z,felyx,felyx:1d09df02139c,51.91278833333334,4.441990916666668,False,True,bicycle,electric_assist
2026-04-07T01:03:34Z,felyx,felyx:5f24d5d2b4c5,51.94346053333334,4.5391196,False,False,bicycle,electric_assist
2026-04-07T01:03:34Z,felyx,felyx:49472f072c31,51.963827133333346,4.570779399999999,False,True,bicycle,electric_assist
2026-04-07T01:03:34Z,felyx,felyx:e42cdb8eb5b8,51.94693313333333,4.4394608,False,False,bicycle,electric_assist
2026-04-07T01:03:34Z,felyx,felyx:fbfc4f304ade,51.91071873333334,4.510195599999999,False,False,bicycle,electric_assist
2026-04-07T01:03:34Z,felyx,felyx:2ab6eb80b25b,51.88275291666667,4.504305199999999,False,False,bicycle,electric_assist
2026-04-07T01:03:34Z,felyx,felyx:c124d1167a64,51.91947803333334,4.397553616666667,False,False,bicycle,electric_assist
2026-04-07T01:03:34Z,felyx,felyx:8ac44d2c87ad,51.921522933333335,4.452630316666668,False,False,bicycle,electric_assist
2026-04-07T01:03:34Z,felyx,felyx:2dccb8236d24,51.93094443333332,4.485479316666666,False,True,bicycle,electric_assist
2026-04-07T01:03:34Z,felyx,felyx:fe5ab601ad70,51.911126033333325,4.481818316666667,False,False,bicycle,electric_assist
2026-04-07T01:03:34Z,felyx,felyx:988979c5657b,51.93175103333333,4.4805048833333325,False,False,bicycle,electric_assist
2026-04-07T01:03:34Z,felyx,felyx:c4228edfa934,51.894417616666665,4.5020628,False,False,bicycle,electric_assist
2026-04-07T01:03:34Z,felyx,felyx:7a05ec1e0c63,51.95575183333334,4.578883899999999,False,True,bicycle,electric_assist
2026-04-07T01:03:34Z,felyx,felyx:fd3597a83cf3,51.95385803333335,4.5201247,False,False,bicycle,electric_assist
2026-04-07T01:03:34Z,felyx,felyx:bb308a271aa8,51.898935916666666,4.507067999999999,False,False,bicycle,electric_assist
2026-04-07T01:03:34Z,felyx,felyx:3a775af89382,51.88856340000001,4.5672583,False,True,bicycle,electric_assist
2026-04-07T01:03:34Z,felyx,felyx:9c3f85f8a7ed,51.93792413333333,4.5017025,False,False,bicycle,electric_assist
2026-04-07T01:03:34Z,felyx,felyx:29de538fac55,51.912243933333336,4.483001116666666,False,False,bicycle,electric_assist
2026-04-07T01:03:34Z,felyx,felyx:560d4e258106,51.871952416666666,4.5503715,False,True,bicycle,electric_assist
2026-04-07T01:03:34Z,felyx,felyx:8e518fe4d4fb,51.949233833333324,4.4325775,False,False,bicycle,electric_assist
2026-04-07T01:03:34Z,felyx,felyx:65dcc79d0755,51.92181433333334,4.412990400000001,False,True,bicycle,electric_assist
2026-04-07T01:03:34Z,felyx,felyx:15a01335066f,51.87373951666667,4.466318916666667,False,False,bicycle,electric_assist
2026-04-07T01:03:34Z,felyx,felyx:bd8614898f2b,51.910597333333335,4.475551616666667,False,False,bicycle,electric_assist
2026-04-07T01:03:34Z,felyx,felyx:5d589f52207f,51.92241876666667,4.483868616666667,False,False,bicycle,electric_assist
2026-04-07T01:03:34Z,felyx,felyx:21d6c81c6a81,51.96411733333332,4.5037385,False,False,bicycle,electric_assist
2026-04-07T01:03:34Z,felyx,felyx:a6bd50dcb917,51.905065316666665,4.401733383333333,False,True,bicycle,electric_assist
2026-04-07T01:03:34Z,felyx,felyx:fa289bb9f503,51.90792403333333,4.493534516666667,False,False,bicycle,electric_assist
2026-04-07T01:03:34Z,felyx,felyx:8c411796294d,51.94132243333334,4.4258294000000005,False,False,bicycle,electric_assist
2026-04-07T01:03:34Z,felyx,felyx:9724b50ade8c,51.934104533333326,4.429516199999999,False,False,bicycle,electric_assist
2026-04-07T01:03:34Z,felyx,felyx:e861750da4e0,51.90478133333332,4.4027701,False,True,bicycle,electric_assist
2026-04-07T01:03:34Z,felyx,felyx:483111ca3e4c,51.898137516666665,4.571684199999999,False,True,bicycle,electric_assist
2026-04-07T01:03:34Z,felyx,felyx:155dc8365db8,51.949230433333334,4.602194516666666,False,True,bicycle,electric_assist
2026-04-07T01:03:34Z,felyx,felyx:42af61642fad,51.95696883333334,4.472906116666667,False,False,bicycle,electric_assist
2026-04-07T01:03:34Z,felyx,felyx:cef8a4937d66,51.931239433333324,4.476157716666667,False,False,bicycle,electric_assist
2026-04-07T01:03:34Z,felyx,felyx:cff91235f3ac,51.961536333333335,4.478141416666666,False,False,bicycle,electric_assist
2026-04-07T01:03:34Z,felyx,felyx:e52652e3c3c8,51.91136063333334,4.379155916666667,False,False,bicycle,electric_assist
2026-04-07T01:03:34Z,felyx,felyx:cac02516da20,51.91281853333333,4.5108272,False,True,bicycle,electric_assist
2026-04-07T01:03:34Z,felyx,felyx:8f1d9714a7aa,51.93065813333332,4.4691856166666675,False,False,bicycle,electric_assist
2026-04-07T01:03:34Z,felyx,felyx:59cf7996bd7f,51.91826713333333,4.4227829000000005,False,False,bicycle,electric_assist
2026-04-07T01:03:34Z,felyx,felyx:0451fd766258,51.895015716666656,4.4896513166666665,False,False,bicycle,electric_assist
2026-04-07T01:03:34Z,felyx,felyx:50cc263bf274,51.91745013333332,4.422439000000001,False,False,bicycle,electric_assist
2026-04-07T01:03:34Z,felyx,felyx:27476c72a32f,51.929714533333325,4.479998916666666,False,False,bicycle,electric_assist
2026-04-07T01:03:34Z,felyx,felyx:61568a254d8d,51.87327891666667,4.489530216666665,False,False,bicycle,electric_assist
2026-04-07T01:03:34Z,felyx,felyx:b529f62ef536,51.96377773333334,4.5567552,False,True,bicycle,electric_assist
2026-04-07T01:03:34Z,felyx,felyx:c61f3b652842,51.90501288333333,4.510638566666666,False,False,bicycle,electric_assist
2026-04-07T01:03:34Z,felyx,felyx:e29f045a0eec,51.92436263333334,4.472581016666667,False,False,bicycle,electric_assist
2026-04-07T01:03:34Z,felyx,felyx:cbbbe984eab9,51.883173516666666,4.5029854,False,False,bicycle,electric_assist
2026-04-07T01:03:34Z,felyx,felyx:fd1d4bfee1d4,51.91000743333334,4.385858716666667,False,False,bicycle,electric_assist
2026-04-07T01:03:34Z,felyx,felyx:e79f28bdf686,51.88811981666666,4.493647616666666,False,False,bicycle,electric_assist
2026-04-07T01:03:34Z,felyx,felyx:b21b344003af,51.99369113333334,4.481150516666666,False,True,bicycle,electric_assist
2026-04-07T01:03:34Z,felyx,felyx:27cece04862b,51.91034953333333,4.375759016666667,False,False,bicycle,electric_assist
2026-04-07T01:03:34Z,felyx,felyx:c72a671e53ed,51.91154403333333,4.478484816666667,False,False,bicycle,electric_assist
2026-04-07T01:03:34Z,felyx,felyx:9b77e6c445da,51.96167288333332,4.5437500166666664,False,True,bicycle,electric_assist
2026-04-07T01:03:34Z,felyx,felyx:cc4e40254a48,51.918301533333334,4.484917416666667,False,True,bicycle,electric_assist
2026-04-07T01:03:34Z,felyx,felyx:3d65aa90d448,51.91699953333334,4.5180880000000005,False,False,bicycle,electric_assist
2026-04-07T01:03:34Z,felyx,felyx:420c9d12eaf5,51.912243133333334,4.483052316666666,False,False,bicycle,electric_assist
2026-04-07T01:03:34Z,felyx,felyx:b05e4a9c427a,51.92852593333333,4.363679316666667,False,True,bicycle,electric_assist
2026-04-07T01:03:34Z,felyx,felyx:bb650ce4c315,51.931405733333335,4.4933671166666675,False,False,bicycle,electric_assist
2026-04-07T01:03:34Z,felyx,felyx:3140fed7b8cb,51.923361533333335,4.484697616666666,False,False,bicycle,electric_assist
2026-04-07T01:03:34Z,felyx,felyx:41fe28c3cf8f,51.928486133333344,4.370878816666665,False,False,bicycle,electric_assist
2026-04-07T01:03:34Z,felyx,felyx:4af15c1e6c4f,51.949263833333326,4.432584899999999,False,False,bicycle,electric_assist
2026-04-07T01:03:34Z,felyx,felyx:0c0b997b6372,51.91454673333332,4.4019756,False,False,bicycle,electric_assist
2026-04-07T01:03:34Z,felyx,felyx:f875f78c5838,51.91098073333332,4.498301316666667,False,True,bicycle,electric_assist
2026-04-07T01:03:34Z,felyx,felyx:d1cde6324a84,51.911431033333336,4.4371897,False,True,bicycle,electric_assist
2026-04-07T01:03:34Z,felyx,felyx:ccd6dec29f48,51.89355381666667,4.493684316666667,False,False,bicycle,electric_assist
2026-04-07T01:03:34Z,felyx,felyx:b15315c3b55e,51.90927463333334,4.4824393166666665,False,True,bicycle,electric_assist
2026-04-07T01:03:34Z,felyx,felyx:bced839e8241,51.87480061666667,4.490113516666668,False,False,bicycle,electric_assist
2026-04-07T01:03:34Z,felyx,felyx:f60b484fa26d,51.92845573333334,4.370787016666666,False,False,bicycle,electric_assist
2026-04-07T01:03:34Z,felyx,felyx:b3ec77bb817b,51.91668373333333,4.472817016666666,False,False,bicycle,electric_assist
2026-04-07T01:03:34Z,felyx,felyx:fbceea9c72be,51.90450973333332,4.4069733,False,False,bicycle,electric_assist
2026-04-07T01:03:34Z,felyx,felyx:dd6da872e981,51.87391621666668,4.474124916666667,False,True,bicycle,electric_assist
2026-04-07T01:03:34Z,felyx,felyx:021333996c7f,51.911357333333335,4.391259116666666,False,False,bicycle,electric_assist
2026-04-07T01:03:34Z,felyx,felyx:8c67d928ffdb,51.94678953333333,4.560739,False,False,bicycle,electric_assist
2026-04-07T01:03:34Z,felyx,felyx:6a6d8136f54b,51.920227633333326,4.414065000000001,False,False,bicycle,electric_assist
2026-04-07T01:03:34Z,felyx,felyx:441d15dbf331,51.88489761666666,4.522838699999999,False,False,bicycle,electric_assist
2026-04-07T01:03:34Z,felyx,felyx:2cff7acad65d,51.93796763333333,4.465058316666668,False,False,bicycle,electric_assist
2026-04-07T01:03:34Z,felyx,felyx:437c546dd766,51.89103621666666,4.500948999999999,False,False,bicycle,electric_assist
2026-04-07T01:03:34Z,felyx,felyx:25f5e99c9b20,51.90707823333334,4.450265516666668,False,False,bicycle,electric_assist
2026-04-07T01:03:34Z,felyx,felyx:7898b42c865b,51.91223763333334,4.483006716666667,False,False,bicycle,electric_assist
2026-04-07T01:03:34Z,felyx,felyx:78be15998a1a,51.88061941666666,4.5318711999999985,False,True,bicycle,electric_assist
2026-04-07T01:03:34Z,felyx,felyx:fea9a48e3a22,51.91256783333333,4.456894616666667,False,False,bicycle,electric_assist
2026-04-07T01:03:34Z,felyx,felyx:20719d7781c5,51.935786533333335,4.4377042,False,False,bicycle,electric_assist
2026-04-07T01:03:34Z,felyx,felyx:9857d5fae64e,51.893170316666655,4.491207816666666,False,False,bicycle,electric_assist
2026-04-07T01:03:34Z,felyx,felyx:514a6f51c879,51.943472833333324,4.4225897000000005,False,False,bicycle,electric_assist
2026-04-07T01:03:34Z,felyx,felyx:72f3c3381510,51.90884903333333,4.478632516666668,False,True,bicycle,electric_assist
2026-04-07T01:03:34Z,felyx,felyx:bf041f381e06,51.91172093333333,4.383684716666667,False,False,bicycle,electric_assist
2026-04-07T01:03:34Z,felyx,felyx:8f75493c4ee8,51.923020650000005,4.457239116666667,False,False,bicycle,electric_assist
2026-04-07T01:03:34Z,felyx,felyx:7a7210934197,51.92026633333333,4.389340416666667,False,True,bicycle,electric_assist
2026-04-07T01:03:34Z,felyx,felyx:6cbb27bd4ff6,51.87003041666667,4.481770216666666,False,False,bicycle,electric_assist
2026-04-07T01:03:34Z,felyx,felyx:bb979af0f966,51.929673733333324,4.474416016666666,False,False,bicycle,electric_assist
2026-04-07T01:03:34Z,felyx,felyx:88ebccdb9700,51.91609043333332,4.5256259,False,False,bicycle,electric_assist
2026-04-07T01:03:34Z,felyx,felyx:669a4c1bd0cc,51.90482293333333,4.402801299999999,False,False,bicycle,electric_assist
2026-04-07T01:03:34Z,felyx,felyx:856db2c07234,51.93767313333332,4.470799316666666,False,False,bicycle,electric_assist
2026-04-07T01:03:34Z,felyx,felyx:3578b3b77ecb,51.91743783333333,4.5154594,False,False,bicycle,electric_assist
2026-04-07T01:03:34Z,felyx,felyx:4fb2dddf302d,51.927879733333334,4.418868699999999,False,False,bicycle,electric_assist
2026-04-07T01:03:34Z,felyx,felyx:4a3eef13074a,51.892133916666666,4.5696292000000005,False,True,bicycle,electric_assist
2026-04-07T01:03:34Z,felyx,felyx:37aa9f241bb2,51.87037891666667,4.471879616666667,False,False,bicycle,electric_assist
2026-04-07T01:03:34Z,felyx,felyx:b25075e15428,51.91683161666667,4.4914623,False,False,bicycle,electric_assist
2026-04-07T01:03:34Z,felyx,felyx:22e4716f867b,51.93838393333333,4.485386416666667,False,False,bicycle,electric_assist
2026-04-07T01:03:34Z,felyx,felyx:7399563a3181,51.931354033333335,4.4276429,False,False,bicycle,electric_assist
2026-04-07T01:03:34Z,felyx,felyx:d0eb4f2ba550,51.93382653333333,4.496475816666666,False,False,bicycle,electric_assist
2026-04-07T01:03:34Z,felyx,felyx:aee5a20d7f81,51.929008933333336,4.4931770166666665,False,False,bicycle,electric_assist
2026-04-07T01:03:34Z,check,check:a354f6608dd6,51.932381,4.438222,False,False,bicycle,electric_assist
2026-04-07T01:03:34Z,check,check:dd0cb8dc6498,51.963318,4.534315,False,False,bicycle,electric_assist
2026-04-07T01:03:34Z,check,check:280adfa4c286,51.925925,4.460183,False,False,bicycle,electric_assist
2026-04-07T01:03:34Z,check,check:21dff6f1facd,51.916323,4.446146,False,False,bicycle,electric_assist
2026-04-07T01:03:34Z,check,check:2bd771f17b36,51.916219,4.527063,False,False,bicycle,electric_assist
2026-04-07T01:03:34Z,check,check:1da40677e764,51.912434,4.430421,False,False,bicycle,electric_assist
2026-04-07T01:03:34Z,check,check:d95249ca06ac,51.94928,4.432653,False,False,bicycle,electric_assist
2026-04-07T01:03:34Z,check,check:0730f1809bb9,51.956769,4.531928,False,False,bicycle,electric_assist
2026-04-07T01:03:34Z,check,check:db0318b8e039,51.916089,4.526989,False,False,bicycle,electric_assist
2026-04-07T01:03:34Z,check,check:d6ef61f4aebd,51.9541,4.508086,False,False,bicycle,electric_assist
2026-04-07T01:03:34Z,check,check:1b84f40988f1,51.896898,4.523557,False,False,bicycle,electric_assist
2026-04-07T01:03:34Z,check,check:1eec05e01c71,51.93695,4.427703,False,False,bicycle,electric_assist
2026-04-07T01:03:34Z,check,check:c74d404e3322,51.936666,4.464968,False,False,bicycle,electric_assist
2026-04-07T01:03:34Z,check,check:2f42751ad1f1,51.916085,4.526978,False,False,bicycle,electric_assist
2026-04-07T01:03:34Z,check,check:5221d19a7033,51.965015,4.503876,False,False,bicycle,electric_assist
2026-04-07T01:03:34Z,check,check:c893445148d2,51.917227,4.523309,False,False,bicycle,electric_assist
2026-04-07T01:03:34Z,check,check:5b16221bd960,51.903217,4.440844,False,False,bicycle,electric_assist
2026-04-07T01:03:34Z,check,check:ff432ccce774,51.943556,4.537243,False,False,bicycle,electric_assist
2026-04-07T01:03:34Z,check,check:90aaed7358a8,51.934968,4.45687,False,False,bicycle,electric_assist
2026-04-07T01:03:34Z,check,check:83aaeac45af7,51.949251,4.432627,False,False,bicycle,electric_assist
2026-04-07T01:03:34Z,check,check:592dc9c0604f,51.928038,4.46908,False,False,bicycle,electric_assist
2026-04-07T01:03:34Z,check,check:46d521a597ef,51.938763,4.467554,False,False,bicycle,electric_assist
2026-04-07T01:03:34Z,check,check:681a617fc256,51.899521,4.504302,False,False,bicycle,electric_assist
2026-04-07T01:03:34Z,check,check:fef673802f25,51.916071,4.527009,False,False,bicycle,electric_assist
2026-04-07T01:03:34Z,check,check:1744178325d3,51.917825,4.518035,False,False,bicycle,electric_assist
2026-04-07T01:03:34Z,check,check:ebaef5a2d7d0,51.927497,4.51813,False,False,bicycle,electric_assist
2026-04-07T01:03:34Z,check,check:a021c7ae6ff9,51.871779,4.488698,False,False,bicycle,electric_assist
2026-04-07T01:03:34Z,check,check:fd66fbd89a01,51.916046,4.527103,False,False,bicycle,electric_assist
2026-04-07T01:03:34Z,check,check:555248298dec,51.9187,4.464678,False,False,bicycle,electric_assist
2026-04-07T01:03:34Z,check,check:1d1459e5f83c,51.911346,4.524677,False,False,bicycle,electric_assist
2026-04-07T01:03:34Z,check,check:f75018cbf962,51.932462,4.471633,False,False,bicycle,electric_assist
2026-04-07T01:03:34Z,check,check:144ec193c78e,51.957439,4.490696,False,False,bicycle,electric_assist
2026-04-07T01:03:34Z,check,check:62765a3cc6f1,51.894042,4.527509,False,False,bicycle,electric_assist
2026-04-07T01:03:34Z,check,check:2dbe704cac55,51.9321,4.438139,False,False,bicycle,electric_assist
2026-04-07T01:03:34Z,check,check:c07a831d132b,51.906299,4.476883,False,False,bicycle,electric_assist
2026-04-07T01:03:34Z,check,check:e13901dc15dd,51.949262,4.432677,False,False,bicycle,electric_assist
2026-04-07T01:03:34Z,check,check:7d26d2540d91,51.911568,4.478534,False,False,bicycle,electric_assist
2026-04-07T01:03:34Z,check,check:09559d91e3e1,51.939372,4.549083,False,False,bicycle,electric_assist
2026-04-07T01:03:34Z,check,check:215b60902743,51.923621,4.485857,False,False,bicycle,electric_assist
2026-04-07T01:03:34Z,check,check:443f7e10a5dc,51.940666,4.556918,False,True,bicycle,electric_assist
2026-04-07T01:03:34Z,check,check:5bf2a4b3d179,51.880614,4.531957,False,False,bicycle,electric_assist
2026-04-07T01:03:34Z,check,check:e46efc5b7254,51.966091,4.502201,False,False,bicycle,electric_assist
2026-04-07T01:03:34Z,check,check:bc015a79f72b,51.968636,4.484738,False,False,bicycle,electric_assist
2026-04-07T01:03:34Z,check,check:a523ecb0313d,51.91708,4.523281,False,False,bicycle,electric_assist
2026-04-07T01:03:34Z,check,check:490d3dd5492e,51.909257,4.44584,False,False,bicycle,electric_assist
2026-04-07T01:03:34Z,check,check:9009fa794d07,51.910963,4.490295,False,False,bicycle,electric_assist
2026-04-07T01:03:34Z,check,check:67bee7cd2829,51.940646,4.557003,False,False,bicycle,electric_assist
2026-04-07T01:03:34Z,check,check:7ed68d3ec4d8,51.955423,4.457992,False,False,bicycle,electric_assist
2026-04-07T01:03:34Z,check,check:9fca9690fa4d,51.920913,4.498164,False,False,bicycle,electric_assist
2026-04-07T01:03:34Z,check,check:3774dab4ca22,51.902216,4.502539,False,False,bicycle,electric_assist
2026-04-07T01:03:34Z,check,check:7674a5e4bfc0,51.962687,4.472949,False,False,bicycle,electric_assist
2026-04-07T01:03:34Z,check,check:157a5e96491f,51.954462,4.4752,False,False,bicycle,electric_assist
2026-04-07T01:03:34Z,check,check:fa802aa3fb3b,51.916094,4.526945,False,False,bicycle,electric_assist
2026-04-07T01:03:34Z,check,check:27b7db236d15,51.906937,4.444449,False,False,bicycle,electric_assist
2026-04-07T01:03:34Z,check,check:e82880276642,51.936549,4.499557,False,False,bicycle,electric_assist
2026-04-07T01:03:34Z,check,check:f30c1c6ca8cb,51.955029,4.539322,False,False,bicycle,electric_assist
2026-04-07T01:03:34Z,check,check:41a3582df2c9,51.885409,4.486316,False,False,bicycle,electric_assist
2026-04-07T01:03:34Z,check,check:e91fdf949c83,51.927807,4.518931,False,False,bicycle,electric_assist
2026-04-07T01:03:34Z,check,check:6be0e6afe1ac,51.891923,4.501395,False,False,bicycle,electric_assist
2026-04-07T01:03:34Z,check,check:450d1b951cea,51.919271,4.442475,False,False,bicycle,electric_assist
2026-04-07T01:03:34Z,check,check:efd36c6d372f,51.90967,4.463959,False,False,bicycle,electric_assist
2026-04-07T01:03:34Z,check,check:250f7dbf4b4e,51.94926,4.432691,False,False,bicycle,electric_assist
2026-04-07T01:03:34Z,check,check:136e7420a906,51.921698,4.493027,False,False,bicycle,electric_assist
2026-04-07T01:03:34Z,check,check:dcd3868e3cb4,51.877007,4.469969,False,False,bicycle,electric_assist
2026-04-07T01:03:34Z,check,check:4350529ec6be,51.958748,4.480914,False,False,bicycle,electric_assist
2026-04-07T01:03:34Z,check,check:eabb2bbf9df9,51.924118,4.490875,False,False,bicycle,electric_assist
2026-04-07T01:03:34Z,check,check:ac00f6105e4d,51.890293,4.476223,False,False,bicycle,electric_assist
2026-04-07T01:03:34Z,check,check:552e6909f09f,51.886451,4.54932,False,False,bicycle,electric_assist
2026-04-07T01:03:34Z,check,check:c231d9fb8886,51.893546,4.526071,False,False,bicycle,electric_assist
2026-04-07T01:03:34Z,check,check:00e7569e5167,51.916049,4.526744,False,False,bicycle,electric_assist
2026-04-07T01:03:34Z,check,check:29824d806208,51.925477,4.508502,False,False,bicycle,electric_assist
2026-04-07T01:03:34Z,check,check:78d33aa1785f,51.919052,4.418301,False,False,bicycle,electric_assist
2026-04-07T01:03:34Z,check,check:f84a922ddebd,51.905377,4.455086,False,False,bicycle,electric_assist
2026-04-07T01:03:34Z,check,check:062431bb45b5,51.937946,4.486053,False,False,bicycle,electric_assist
2026-04-07T01:03:34Z,check,check:7a5472d5dcba,51.904069,4.44328,False,False,bicycle,electric_assist
2026-04-07T01:03:34Z,check,check:86d31bb8df91,51.92344,4.51355,False,False,bicycle,electric_assist
2026-04-07T01:03:34Z,check,check:4cbd8d86cf9c,51.908291,4.493884,False,True,bicycle,electric_assist
2026-04-07T01:03:34Z,check,check:fc40365c37b4,51.949254,4.432653,False,False,bicycle,electric_assist
2026-04-07T01:03:34Z,check,check:5e8ef02a9b11,51.945129,4.54185,False,False,bicycle,electric_assist
2026-04-07T01:03:34Z,check,check:8ac84530bdc1,51.912166,4.494561,False,False,bicycle,electric_assist
2026-04-07T01:03:34Z,check,check:67caedd62498,51.916161,4.526925,False,False,bicycle,electric_assist
2026-04-07T01:03:34Z,check,check:d3360d61efe9,51.919684,4.465851,False,False,bicycle,electric_assist
2026-04-07T01:03:34Z,check,check:24f715d2d14e,51.925926,4.541591,False,False,bicycle,electric_assist
2026-04-07T01:03:34Z,check,check:8670f6f34111,51.886446,4.549316,False,False,bicycle,electric_assist
2026-04-07T01:03:34Z,check,check:43188588f222,51.943928,4.539799,False,False,bicycle,electric_assist
2026-04-07T01:03:34Z,check,check:28c79a6510ee,51.922258,4.502271,False,False,bicycle,electric_assist
2026-04-07T01:03:34Z,check,check:d38c80c873dc,51.945438,4.47676,False,False,bicycle,electric_assist
2026-04-07T01:03:34Z,check,check:83ec77bf6ea9,51.905897,4.487422,False,False,bicycle,electric_assist
2026-04-07T01:03:34Z,check,check:372b3ff1e789,51.922448,4.43482,False,False,bicycle,electric_assist
2026-04-07T01:03:34Z,check,check:0708ce24db44,51.94829,4.566534,False,False,bicycle,electric_assist
2026-04-07T01:03:34Z,check,check:62c09d37a82f,51.958551,4.463442,False,False,bicycle,electric_assist
2026-04-07T01:03:34Z,check,check:279e59ffaf12,51.89533,4.489362,False,False,bicycle,electric_assist
2026-04-07T01:03:34Z,check,check:10c1074314ed,51.904999,4.488178,False,False,bicycle,electric_assist
2026-04-07T01:03:34Z,check,check:730dd5135123,51.96235,4.490477,False,False,bicycle,electric_assist
2026-04-07T01:03:34Z,check,check:4c7e4ba0354f,51.933594,4.497794,False,False,bicycle,electric_assist
2026-04-07T01:03:34Z,check,check:21f7dceba10e,51.927722,4.509096,False,False,bicycle,electric_assist
2026-04-07T01:03:34Z,check,check:4a6a468040ee,51.950212,4.515332,False,False,bicycle,electric_assist
2026-04-07T01:03:34Z,check,check:1c922258f35d,51.887133,4.49155,False,False,bicycle,electric_assist
2026-04-07T01:03:34Z,check,check:e34b1b9b97d9,51.915864,4.475974,False,False,bicycle,electric_assist
2026-04-07T01:03:34Z,check,check:f21b1cf34436,51.93463,4.436331,False,False,bicycle,electric_assist
2026-04-07T01:03:34Z,check,check:f8785b55715e,51.910845,4.553881,False,False,bicycle,electric_assist
2026-04-07T01:03:34Z,check,check:ea8f28a4c222,51.937311,4.462663,False,False,bicycle,electric_assist
2026-04-07T01:03:34Z,check,check:c20e615de8c5,51.912817,4.522162,False,False,bicycle,electric_assist
2026-04-07T01:03:34Z,check,check:75a4d54db755,51.917097,4.523278,False,False,bicycle,electric_assist
2026-04-07T01:03:34Z,check,check:bde04d982788,51.955077,4.512433,False,False,bicycle,electric_assist
2026-04-07T01:03:34Z,check,check:6dbfe45bcdf9,51.956084,4.520224,False,False,bicycle,electric_assist
2026-04-07T01:03:34Z,check,check:8127c49c0bec,51.920875,4.498279,False,False,bicycle,electric_assist
2026-04-07T01:03:34Z,check,check:afdcd96a9c7f,51.912732,4.477906,False,False,bicycle,electric_assist
2026-04-07T01:03:34Z,check,check:4e364b9b17a2,51.927657,4.547366,False,False,bicycle,electric_assist
2026-04-07T01:03:34Z,check,check:1a290aa61b32,51.96593,4.470603,False,False,bicycle,electric_assist
2026-04-07T01:03:34Z,check,check:68820de1cb44,51.931781,4.564079,False,False,bicycle,electric_assist
2026-04-07T01:03:34Z,check,check:c14a39d9ba76,51.948335,4.566406,False,False,bicycle,electric_assist
2026-04-07T01:03:34Z,check,check:0350001f2c68,51.912126,4.462199,False,False,bicycle,electric_assist
2026-04-07T01:03:34Z,check,check:88a34eed5dcd,51.919907,4.447971,False,False,bicycle,electric_assist
2026-04-07T01:03:34Z,check,check:dec97625a19f,51.963478,4.485626,False,False,bicycle,electric_assist
2026-04-07T01:03:34Z,check,check:dbfffb403954,51.957734,4.487803,False,False,bicycle,electric_assist
2026-04-07T01:03:34Z,check,check:0d87f8352afd,51.896173,4.499906,False,False,bicycle,electric_assist
2026-04-07T01:03:34Z,check,check:85d154093505,51.901414,4.503778,False,False,bicycle,electric_assist
2026-04-07T01:03:34Z,check,check:d5b689818ca8,51.920936,4.526299,False,False,bicycle,electric_assist
2026-04-07T01:03:34Z,check,check:d27b0eabaeed,51.903789,4.454983,False,False,bicycle,electric_assist
2026-04-07T01:03:34Z,check,check:73376ca528bf,51.917332,4.447583,False,False,bicycle,electric_assist
2026-04-07T01:03:34Z,check,check:718e47fc403a,51.917846,4.445076,False,False,bicycle,electric_assist
2026-04-07T01:03:34Z,check,check:d03fc9964507,51.920066,4.489944,False,False,bicycle,electric_assist
2026-04-07T01:03:34Z,check,check:df12ff2b6af3,51.919019,4.444216,False,False,bicycle,electric_assist
2026-04-07T01:03:34Z,check,check:b1880be23eed,51.960729,4.491359,False,False,bicycle,electric_assist
2026-04-07T01:03:34Z,check,check:4d1222a2bf25,51.916194,4.526996,False,False,bicycle,electric_assist
2026-04-07T01:03:34Z,check,check:f9f8f369df4c,51.958974,4.47161,False,False,bicycle,electric_assist
2026-04-07T01:03:34Z,check,check:68b3c565e2b1,51.922664,4.497704,False,False,bicycle,electric_assist
2026-04-07T01:03:34Z,check,check:99d70126893d,51.919298,4.442459,False,False,bicycle,electric_assist
2026-04-07T01:03:34Z,check,check:13748bd658e8,51.911339,4.504822,False,False,bicycle,electric_assist
2026-04-07T01:03:34Z,check,check:3137228ff660,51.911929,4.511444,False,False,bicycle,electric_assist
2026-04-07T01:03:34Z,check,check:b5906a6f1852,51.905941,4.487485,False,False,bicycle,electric_assist
2026-04-07T01:03:34Z,check,check:1552da1efbe7,51.929533,4.460546,False,False,bicycle,electric_assist
2026-04-07T01:03:34Z,check,check:e82faa44ad64,51.880341,4.536038,False,False,bicycle,electric_assist
2026-04-07T01:03:34Z,check,check:7aaab32bbefc,51.927809,4.460922,False,False,bicycle,electric_assist
2026-04-07T01:03:34Z,check,check:1129461e946f,51.873462,4.475403,False,False,bicycle,electric_assist
2026-04-07T01:03:34Z,check,check:beff37ad6dd5,51.962713,4.472926,False,False,bicycle,electric_assist
2026-04-07T01:03:34Z,check,check:4d4dbd3bcee8,51.884842,4.47175,False,False,bicycle,electric_assist
2026-04-07T01:03:34Z,check,check:cf8b4aa8cf4f,51.962722,4.472852,False,False,bicycle,electric_assist
2026-04-07T01:03:34Z,check,check:5da0f08964de,51.915865,4.500368,False,False,bicycle,electric_assist
2026-04-07T01:03:34Z,check,check:1fa6688e36c2,51.908871,4.478654,True,False,bicycle,electric_assist
2026-04-07T01:03:34Z,check,check:aacaa72439c9,51.885437,4.486373,False,False,bicycle,electric_assist
2026-04-07T01:03:34Z,check,check:96311114622f,51.936862,4.497171,False,False,bicycle,electric_assist
2026-04-07T01:03:34Z,check,check:1953cfe20794,51.959097,4.493629,False,False,bicycle,electric_assist
2026-04-07T01:03:34Z,check,check:facad6355b1e,51.929828,4.543101,False,False,bicycle,electric_assist
2026-04-07T01:03:34Z,check,check:5ba1f286efca,51.934154,4.483055,False,False,bicycle,electric_assist
2026-04-07T01:03:34Z,check,check:1c6871d96eab,51.911022,4.501359,False,False,bicycle,electric_assist
2026-04-07T01:03:34Z,check,check:87e08331659a,51.893045,4.539222,False,False,bicycle,electric_assist
2026-04-07T01:03:34Z,check,check:879072dd0360,51.960547,4.47723,False,False,bicycle,electric_assist
2026-04-07T01:03:34Z,check,check:796b071def9a,51.92509,4.489459,False,False,bicycle,electric_assist
2026-04-07T01:03:34Z,check,check:423336b300dc,51.908073,4.50043,False,False,bicycle,electric_assist
2026-04-07T01:03:34Z,check,check:d1190e95a362,51.930275,4.483684,False,False,bicycle,electric_assist
2026-04-07T01:03:34Z,check,check:eff0c26387ea,51.936951,4.427623,False,False,bicycle,electric_assist
2026-04-07T01:03:34Z,check,check:e738a7445746,51.875636,4.494178,False,False,bicycle,electric_assist
2026-04-07T01:03:34Z,check,check:58962bd5c95f,51.958348,4.488522,False,False,bicycle,electric_assist
2026-04-07T01:03:34Z,check,check:76ea94ceb5a1,51.918194,4.484056,False,False,bicycle,electric_assist
2026-04-07T01:03:34Z,check,check:fe743e42bc27,51.922214,4.488899,False,False,bicycle,electric_assist
2026-04-07T01:03:34Z,check,check:34344abadd9c,51.919381,4.465673,False,False,bicycle,electric_assist
2026-04-07T01:03:34Z,check,check:03fafe85069b,51.91333,4.432554,False,False,bicycle,electric_assist
2026-04-07T01:03:34Z,check,check:7a7faf51490b,51.906485,4.525604,False,False,bicycle,electric_assist
2026-04-07T01:03:34Z,check,check:8b22ee0e9af6,51.919321,4.526935,False,False,bicycle,electric_assist
2026-04-07T01:03:34Z,check,check:11a8d5a56685,51.916245,4.52699,False,False,bicycle,electric_assist
2026-04-07T01:03:34Z,check,check:ec8d6aed7682,51.916328,4.425562,False,False,bicycle,electric_assist
2026-04-07T01:03:34Z,check,check:d448cd3074f9,51.904073,4.443199,False,False,bicycle,electric_assist
2026-04-07T01:03:34Z,check,check:689a3631c0d0,51.937889,4.501669,False,False,bicycle,electric_assist
2026-04-07T01:03:34Z,check,check:8af33a192dfb,51.918703,4.449097,False,False,bicycle,electric_assist
2026-04-07T01:03:34Z,check,check:b6b3ef31755f,51.905574,4.476638,False,False,bicycle,electric_assist
2026-04-07T01:03:34Z,check,check:9dfdc91453bd,51.908409,4.493691,False,False,bicycle,electric_assist
2026-04-07T01:03:34Z,check,check:352553e615a6,51.929175,4.50527,False,False,bicycle,electric_assist
2026-04-07T01:03:34Z,check,check:f61fabd98bf8,51.894525,4.552885,False,False,bicycle,electric_assist
2026-04-07T01:03:34Z,check,check:0e0da09a06af,51.925916,4.541586,False,False,bicycle,electric_assist
2026-04-07T01:03:34Z,check,check:31a0e54fa80e,51.968646,4.48471,False,False,bicycle,electric_assist
2026-04-07T01:03:34Z,check,check:956eeb048bc6,51.949587,4.542057,False,False,bicycle,electric_assist
2026-04-07T01:03:34Z,check,check:5e881ea78b7c,51.897929,4.502437,False,False,bicycle,electric_assist
2026-04-07T01:03:34Z,check,check:8b61c67e937c,51.909961,4.499764,False,False,bicycle,electric_assist
2026-04-07T01:03:34Z,check,check:ef8f2329b407,51.878478,4.51904,False,False,bicycle,electric_assist
2026-04-07T01:03:34Z,check,check:061dc38e7607,51.939364,4.549043,False,False,bicycle,electric_assist
2026-04-07T01:03:34Z,check,check:40abf35546ee,51.954085,4.508039,False,False,bicycle,electric_assist
2026-04-07T01:03:34Z,check,check:ad320b92e209,51.869803,4.486876,False,False,bicycle,electric_assist
2026-04-07T01:03:34Z,check,check:44d1cdb374dd,51.93866,4.482131,False,False,bicycle,electric_assist
2026-04-07T01:03:34Z,check,check:f72aaeac12c2,51.910899,4.497858,False,False,bicycle,electric_assist
2026-04-07T01:03:34Z,check,check:9f3c67c5a6ad,51.911791,4.435922,False,False,bicycle,electric_assist
2026-04-07T01:03:34Z,check,check:002ee7064698,51.916144,4.527035,False,False,bicycle,electric_assist
2026-04-07T01:03:34Z,check,check:bfd1c9a7abd7,51.916233,4.52704,False,False,bicycle,electric_assist
2026-04-07T01:03:34Z,check,check:39a312750b13,51.916217,4.526904,False,False,bicycle,electric_assist
2026-04-07T01:03:34Z,check,check:7d909ae40f09,51.916077,4.527177,False,False,bicycle,electric_assist
2026-04-07T01:03:34Z,check,check:59f97f16aa29,51.911841,4.435859,False,False,bicycle,electric_assist
2026-04-07T01:03:34Z,check,check:d5d055fc6882,51.902935,4.511252,False,False,bicycle,electric_assist
2026-04-07T01:03:34Z,check,check:789cda9396b7,51.916081,4.526918,False,False,bicycle,electric_assist
2026-04-07T01:03:34Z,check,check:18541387c93f,51.906173,4.475509,False,False,bicycle,electric_assist
2026-04-07T01:03:34Z,check,check:d2e6658e6419,51.880379,4.535927,False,False,bicycle,electric_assist
2026-04-07T01:03:34Z,check,check:2932cd5a5032,51.949971,4.471403,False,False,bicycle,electric_assist
2026-04-07T01:03:34Z,check,check:76270959d850,51.931774,4.564073,False,False,bicycle,electric_assist
2026-04-07T01:03:34Z,check,check:727971675719,51.933539,4.477596,False,False,bicycle,electric_assist
2026-04-07T01:03:34Z,check,check:ba057502e0eb,51.933895,4.539903,False,False,bicycle,electric_assist
2026-04-07T01:03:34Z,check,check:98f571d39c73,51.891827,4.487604,False,False,bicycle,electric_assist
2026-04-07T01:03:34Z,check,check:a344900bcfdf,51.893546,4.526062,False,False,bicycle,electric_assist
2026-04-07T01:03:34Z,check,check:a7e663e20b5e,51.917554,4.487161,False,False,bicycle,electric_assist
2026-04-07T01:03:34Z,check,check:c39416b9a851,51.892377,4.530682,False,False,bicycle,electric_assist
2026-04-07T01:03:34Z,check,check:57a2dd172dfc,51.915699,4.499284,False,False,bicycle,electric_assist
2026-04-07T01:03:34Z,check,check:077f7430a2b8,51.920909,4.509986,False,False,bicycle,electric_assist
2026-04-07T01:03:34Z,check,check:59d17e6ab237,51.916094,4.527012,False,False,bicycle,electric_assist
2026-04-07T01:03:34Z,check,check:bac2844d3915,51.92151,4.505837,False,False,bicycle,electric_assist
2026-04-07T01:03:34Z,check,check:e5e24ad92ed0,51.925365,4.49265,False,False,bicycle,electric_assist
2026-04-07T01:03:34Z,check,check:90c1e488ad4d,51.92067,4.476519,False,False,bicycle,electric_assist
2026-04-07T01:03:34Z,check,check:5500a5f1554b,51.916052,4.52703,False,False,bicycle,electric_assist
2026-04-07T01:03:34Z,check,check:8a56b8c37e94,51.943649,4.469661,False,False,bicycle,electric_assist
2026-04-07T01:03:34Z,check,check:fdda09127d92,51.909515,4.444633,False,False,bicycle,electric_assist
2026-04-07T01:03:34Z,check,check:d505a4734380,51.917137,4.523269,False,False,bicycle,electric_assist
2026-04-07T01:03:34Z,check,check:8918a6cfaac2,51.89549,4.487111,False,False,bicycle,electric_assist
2026-04-07T01:03:34Z,check,check:073c8a24f489,51.909354,4.471443,False,False,bicycle,electric_assist
2026-04-07T01:03:34Z,check,check:18d600c14390,51.91905,4.418297,False,False,bicycle,electric_assist
2026-04-07T01:03:34Z,check,check:b68a18447df2,51.930274,4.472259,False,False,bicycle,electric_assist
2026-04-07T01:03:34Z,check,check:a83e076b03de,51.922764,4.469591,False,False,bicycle,electric_assist
2026-04-07T01:03:34Z,check,check:ff81270845ec,51.934938,4.491226,False,False,bicycle,electric_assist
2026-04-07T01:03:34Z,check,check:10a1c4cd8047,51.962448,4.511587,False,False,bicycle,electric_assist
2026-04-07T01:03:34Z,check,check:dd386664d4ed,51.945651,4.467701,False,False,bicycle,electric_assist
2026-04-07T01:03:34Z,check,check:0026af35356c,51.958421,4.507913,False,False,bicycle,electric_assist
2026-04-07T01:03:34Z,check,check:30a745daa7dc,51.916124,4.527198,False,False,bicycle,electric_assist
2026-04-07T01:03:34Z,check,check:18f3f1b4a37c,51.941831,4.5465,False,False,bicycle,electric_assist
2026-04-07T01:03:34Z,check,check:6df9b8c2eb59,51.915948,4.527129,False,False,bicycle,electric_assist
2026-04-07T01:03:34Z,check,check:62077c93ecb5,51.937612,4.466926,False,False,bicycle,electric_assist
2026-04-07T01:03:34Z,check,check:4ce087daf2d9,51.895075,4.469126,True,False,bicycle,electric_assist
2026-04-07T01:03:34Z,check,check:ac62dcd585a5,51.963558,4.485218,False,False,bicycle,electric_assist
2026-04-07T01:03:34Z,check,check:0c40f517c817,51.933831,4.458766,False,False,bicycle,electric_assist
2026-04-07T01:03:34Z,check,check:66cd472036e1,51.963314,4.486385,False,False,bicycle,electric_assist
2026-04-07T01:03:34Z,check,check:a2e86337e950,51.92981,4.542947,False,False,bicycle,electric_assist
2026-04-07T01:03:34Z,check,check:757bdd49a40b,51.910869,4.553868,False,False,bicycle,electric_assist
2026-04-07T01:03:34Z,check,check:b5cb912dbe2b,51.952303,4.467944,False,False,bicycle,electric_assist
2026-04-07T01:03:34Z,check,check:1751b69c94ec,51.949268,4.432581,False,False,bicycle,electric_assist
2026-04-07T01:03:34Z,check,check:dcd3bd2a431f,51.910812,4.553897,False,False,bicycle,electric_assist
2026-04-07T01:03:34Z,check,check:131ce2206fad,51.960899,4.467259,False,False,bicycle,electric_assist
2026-04-07T01:03:34Z,check,check:af2aff5c0c92,51.963555,4.485257,False,False,bicycle,electric_assist
2026-04-07T01:03:34Z,check,check:82a4697a020d,51.949265,4.432608,False,False,bicycle,electric_assist
2026-04-07T01:03:34Z,check,check:5b949f8a4e19,51.87846,4.51702,False,False,bicycle,electric_assist
2026-04-07T01:03:34Z,check,check:11bc88acde06,51.916108,4.526967,False,False,bicycle,electric_assist
2026-04-07T01:03:34Z,check,check:b8d4a6f371ff,51.943308,4.536788,False,False,bicycle,electric_assist
2026-04-07T01:03:34Z,check,check:6429bdd3480a,51.917104,4.522886,False,False,bicycle,electric_assist
2026-04-07T01:03:34Z,check,check:5dfa81983d2d,51.932473,4.475988,False,False,bicycle,electric_assist
2026-04-07T01:03:34Z,check,check:1e059e4d311d,51.920182,4.469232,False,False,bicycle,electric_assist
2026-04-07T01:03:34Z,check,check:31d070a80018,51.916118,4.527034,False,False,bicycle,electric_assist
2026-04-07T01:03:34Z,check,check:5da069ef783a,51.902845,4.445497,False,False,bicycle,electric_assist
2026-04-07T01:03:34Z,check,check:1cc4917da36b,51.968618,4.484716,False,False,bicycle,electric_assist
2026-04-07T01:03:34Z,check,check:a22fa6346e77,51.916128,4.527015,False,False,bicycle,electric_assist
2026-04-07T01:03:34Z,check,check:534643318ede,51.931185,4.539735,False,False,bicycle,electric_assist
2026-04-07T01:03:34Z,check,check:53fc11231f7e,51.909251,4.523536,False,False,bicycle,electric_assist
2026-04-07T01:03:34Z,check,check:565c358c6472,51.927798,4.535679,False,False,bicycle,electric_assist
2026-04-07T01:03:34Z,check,check:bb169eb8d0fb,51.93311,4.492301,False,False,bicycle,electric_assist
2026-04-07T01:03:34Z,check,check:e8e1274136f1,51.921347,4.451669,False,False,bicycle,electric_assist
2026-04-07T01:03:34Z,check,check:b50b880ecdff,51.885403,4.486366,False,False,bicycle,electric_assist
2026-04-07T01:03:34Z,check,check:30251c84d615,51.928469,4.540725,False,False,bicycle,electric_assist
2026-04-07T01:03:34Z,check,check:742af0a7b032,51.948234,4.565995,False,False,bicycle,electric_assist
2026-04-07T01:03:34Z,check,check:d691d476489c,51.968678,4.484673,False,False,bicycle,electric_assist
2026-04-07T01:03:34Z,check,check:196ca663e6c3,51.914498,4.463637,False,False,bicycle,electric_assist
2026-04-07T01:03:34Z,check,check:ff46f364c55f,51.925957,4.541594,False,False,bicycle,electric_assist
2026-04-07T01:03:34Z,check,check:0740b39b4755,51.941362,4.543475,False,False,bicycle,electric_assist
2026-04-07T01:03:34Z,check,check:ed78146324dd,51.914184,4.496094,False,False,bicycle,electric_assist
2026-04-07T01:03:34Z,check,check:228f6433f5e8,51.921405,4.531825,False,False,bicycle,electric_assist
2026-04-07T01:03:34Z,check,check:0aef2b104062,51.916213,4.526968,False,False,bicycle,electric_assist
2026-04-07T01:03:34Z,check,check:4df1c8a21511,51.951379,4.470526,False,False,bicycle,electric_assist
2026-04-07T01:03:34Z,check,check:e8cb4881fd1e,51.87776,4.523816,False,False,bicycle,electric_assist
2026-04-07T01:03:34Z,check,check:7b364867affa,51.869801,4.486885,False,False,bicycle,electric_assist
2026-04-07T01:03:34Z,check,check:1432396410f9,51.903926,4.458197,False,False,bicycle,electric_assist
2026-04-07T01:03:34Z,check,check:811aef51c55c,51.920359,4.468651,False,False,bicycle,electric_assist
2026-04-07T01:03:34Z,check,check:b3cbe9561a94,51.968689,4.484679,False,False,bicycle,electric_assist
2026-04-07T01:03:34Z,check,check:20b51d1e1799,51.926718,4.462633,False,False,bicycle,electric_assist
2026-04-07T01:03:34Z,check,check:0c88d6234c62,51.928969,4.544336,False,False,bicycle,electric_assist
2026-04-07T01:03:34Z,check,check:5b537ad3c3f1,51.951329,4.470489,False,False,bicycle,electric_assist
2026-04-07T01:03:34Z,check,check:cd56e8f8dc2b,51.962648,4.493836,False,False,bicycle,electric_assist
2026-04-07T01:03:34Z,check,check:67aa02283293,51.935393,4.490128,False,False,bicycle,electric_assist
2026-04-07T01:03:34Z,check,check:5ba2ee32bad4,51.942404,4.47015,False,False,bicycle,electric_assist
2026-04-07T01:03:34Z,check,check:65768df8c7be,51.909608,4.521355,False,False,bicycle,electric_assist
2026-04-07T01:03:34Z,check,check:8f5f129fa4ea,51.921729,4.492968,False,False,bicycle,electric_assist
2026-04-07T01:03:34Z,check,check:ad4881ed607d,51.91763,4.459199,False,False,bicycle,electric_assist
2026-04-07T01:03:34Z,check,check:62a779952d3b,51.953177,4.472049,False,False,bicycle,electric_assist
2026-04-07T01:03:34Z,check,check:eb855b7b646f,51.925423,4.508589,False,False,bicycle,electric_assist
2026-04-07T01:03:34Z,check,check:03b58fa5485b,51.932946,4.539029,False,False,bicycle,electric_assist
2026-04-07T01:03:34Z,check,check:1ad624594fc0,51.94871,4.471169,False,False,bicycle,electric_assist
2026-04-07T01:03:34Z,check,check:9a87fc2b8697,51.895924,4.486545,False,False,bicycle,electric_assist
2026-04-07T01:03:34Z,check,check:12e025bf774f,51.916045,4.527151,False,False,bicycle,electric_assist
2026-04-07T01:03:34Z,check,check:a5454d46d66f,51.903223,4.44086,False,False,bicycle,electric_assist
2026-04-07T01:03:34Z,check,check:998f58cd6dea,51.955074,4.512444,False,False,bicycle,electric_assist
2026-04-07T01:03:34Z,check,check:2bdbe0890aed,51.919806,4.487859,False,False,bicycle,electric_assist
2026-04-07T01:03:34Z,check,check:8da8ce48cc37,51.869826,4.48686,False,False,bicycle,electric_assist
2026-04-07T01:03:34Z,check,check:dfbad2f00bac,51.920466,4.466774,False,False,bicycle,electric_assist
2026-04-07T01:03:34Z,check,check:fb2032ebc51e,51.919494,4.469256,False,False,bicycle,electric_assist
2026-04-07T01:03:34Z,check,check:faf7ba9ebef5,51.917119,4.523477,False,False,bicycle,electric_assist
2026-04-07T01:03:34Z,check,check:143a2e702957,51.927787,4.465596,False,False,bicycle,electric_assist
2026-04-07T01:03:34Z,check,check:cba1c3e69d3d,51.903715,4.443358,False,False,bicycle,electric_assist
2026-04-07T01:03:34Z,check,check:3d3ce538f567,51.958378,4.508061,False,False,bicycle,electric_assist
2026-04-07T01:03:34Z,check,check:c13a0bc8e288,51.916654,4.488065,False,False,bicycle,electric_assist
2026-04-07T01:03:34Z,check,check:67db1b5c2f8f,51.92153,4.453672,False,False,bicycle,electric_assist
2026-04-07T01:03:34Z,check,check:0c4ef4764aa0,51.896876,4.523666,False,False,bicycle,electric_assist
2026-04-07T01:03:34Z,check,check:a1d952c98708,51.908288,4.493858,False,False,bicycle,electric_assist
2026-04-07T01:03:34Z,check,check:91adfa794cee,51.902203,4.448393,False,False,bicycle,electric_assist
2026-04-07T01:03:34Z,check,check:c623939535ae,51.897919,4.475079,False,False,bicycle,electric_assist
2026-04-07T01:03:34Z,check,check:8167c3db6dd5,51.877079,4.490886,False,False,bicycle,electric_assist
2026-04-07T01:03:34Z,check,check:26d9399480db,51.90791,4.444073,False,False,bicycle,electric_assist
2026-04-07T01:03:34Z,check,check:069f81f343c0,51.872085,4.49702,False,False,bicycle,electric_assist
2026-04-07T01:03:34Z,check,check:4887975d89c6,51.910308,4.444316,False,False,bicycle,electric_assist
2026-04-07T01:03:34Z,check,check:51db5de811b8,51.958953,4.474549,False,False,bicycle,electric_assist
2026-04-07T01:03:34Z,check,check:eb5a1ce8f01d,51.933885,4.53988,False,False,bicycle,electric_assist
2026-04-07T01:03:34Z,check,check:041e0e1845b8,51.915917,4.526872,False,False,bicycle,electric_assist
2026-04-07T01:03:34Z,check,check:e1ca1c3256f5,51.938505,4.479726,False,False,bicycle,electric_assist
2026-04-07T01:03:34Z,check,check:3ce024339434,51.898736,4.475039,False,False,bicycle,electric_assist
2026-04-07T01:03:34Z,check,check:deaa6d4941ee,51.92095,4.559187,False,False,bicycle,electric_assist
2026-04-07T01:03:34Z,check,check:76c8427c6ab2,51.916166,4.527136,False,False,bicycle,electric_assist
2026-04-07T01:03:34Z,check,check:68056b6ffa89,51.916199,4.526953,False,False,bicycle,electric_assist
2026-04-07T01:03:34Z,check,check:8e357888d366,51.930273,4.542751,False,False,bicycle,electric_assist
2026-04-07T01:03:34Z,check,check:920459f43e7e,51.899309,4.472731,False,False,bicycle,electric_assist
2026-04-07T01:03:34Z,check,check:16df9d07be87,51.910959,4.511794,False,False,bicycle,electric_assist
2026-04-07T01:03:34Z,check,check:89aa58a6c999,51.958773,4.53116,False,False,bicycle,electric_assist
2026-04-07T01:03:34Z,check,check:789c7454fc44,51.937236,4.536158,False,False,bicycle,electric_assist
2026-04-07T01:03:34Z,check,check:7d5a3ccb3679,51.916285,4.526988,False,False,bicycle,electric_assist
2026-04-07T01:03:34Z,check,check:bb9fd89b3382,51.904468,4.46046,False,False,bicycle,electric_assist
2026-04-07T01:03:34Z,check,check:a2af8a95e329,51.919513,4.509338,False,False,bicycle,electric_assist
2026-04-07T01:03:34Z,check,check:4fa5fbfc677d,51.920176,4.500654,False,False,bicycle,electric_assist
2026-04-07T01:03:34Z,check,check:1b92f88d782b,51.925945,4.541595,False,False,bicycle,electric_assist
2026-04-07T01:03:34Z,check,check:a9ca9794fd60,51.87484,4.46797,False,False,bicycle,electric_assist
2026-04-07T01:03:34Z,check,check:395d044e807b,51.924004,4.505317,False,False,bicycle,electric_assist
2026-04-07T01:03:34Z,check,check:d082dc794401,51.916588,4.446872,False,False,bicycle,electric_assist
2026-04-07T01:03:34Z,check,check:82f43f6237c3,51.945238,4.475021,False,False,bicycle,electric_assist
2026-04-07T01:03:34Z,check,check:e3ad47116c18,51.924176,4.48828,False,False,bicycle,electric_assist
2026-04-07T01:03:34Z,check,check:ec087f205afd,51.916157,4.527121,False,False,bicycle,electric_assist
2026-04-07T01:03:34Z,check,check:a1f19cbabc3e,51.89936,4.483148,False,False,bicycle,electric_assist
2026-04-07T01:03:34Z,check,check:f217271207d5,51.938027,4.429176,False,False,bicycle,electric_assist
2026-04-07T01:03:34Z,check,check:6d84ebe9f581,51.968654,4.484699,False,False,bicycle,electric_assist
2026-04-07T01:03:34Z,check,check:99bc2d8fbaf6,51.912062,4.520088,False,False,bicycle,electric_assist
2026-04-07T01:03:34Z,check,check:be47ab2ebd53,51.914223,4.502702,False,False,bicycle,electric_assist
2026-04-07T01:03:34Z,check,check:c77d59c6b50b,51.886472,4.529119,False,False,bicycle,electric_assist
2026-04-07T01:03:34Z,check,check:04b2a38c59b6,51.912306,4.446237,False,False,bicycle,electric_assist
2026-04-07T01:03:34Z,check,check:fea5b3968d77,51.904479,4.460376,False,False,bicycle,electric_assist
2026-04-07T01:03:34Z,check,check:1540f07087dd,51.915037,4.4324,False,False,bicycle,electric_assist
2026-04-07T01:03:34Z,check,check:342c8b1db0fa,51.917151,4.52326,False,False,bicycle,electric_assist
2026-04-07T01:03:34Z,check,check:f9907c357e8c,51.892493,4.502567,False,False,bicycle,electric_assist
2026-04-07T01:03:34Z,check,check:798c99f950cc,51.918881,4.44433,False,False,bicycle,electric_assist
2026-04-07T01:03:34Z,check,check:a7f15a3476be,51.89303,4.539187,False,False,bicycle,electric_assist
2026-04-07T01:03:34Z,check,check:48b9d59e3683,51.916135,4.527018,False,False,bicycle,electric_assist
2026-04-07T01:03:34Z,check,check:ade09c185c30,51.920116,4.510965,False,False,bicycle,electric_assist
2026-04-07T01:03:34Z,check,check:ea9cdde2f0d0,51.944465,4.555603,False,False,bicycle,electric_assist
2026-04-07T01:03:34Z,check,check:6bf6c740791a,51.967232,4.500399,False,False,bicycle,electric_assist
2026-04-07T01:03:34Z,check,check:d4c7048d1481,51.956817,4.493128,False,False,bicycle,electric_assist
2026-04-07T01:03:34Z,check,check:68cfae8f3db8,51.882635,4.521166,False,False,bicycle,electric_assist
2026-04-07T01:03:34Z,check,check:bf27a3109abc,51.887306,4.487238,False,False,bicycle,electric_assist
2026-04-07T01:03:34Z,check,check:e048075f4a9d,51.919069,4.41831,False,False,bicycle,electric_assist
2026-04-07T01:03:34Z,check,check:ecc3e8d57af8,51.915618,4.500845,False,False,bicycle,electric_assist
2026-04-07T01:03:34Z,check,check:58c80de527d1,51.918609,4.494743,False,False,bicycle,electric_assist
2026-04-07T01:03:34Z,check,check:8be80ca66a8d,51.92024,4.434382,False,False,bicycle,electric_assist
2026-04-07T01:03:34Z,check,check:8fc65907e081,51.931013,4.491825,False,False,bicycle,electric_assist
2026-04-07T01:03:34Z,check,check:321077bcae31,51.962938,4.489497,False,False,bicycle,electric_assist
2026-04-07T01:03:34Z,check,check:562c165d733a,51.908713,4.464523,False,False,bicycle,electric_assist
2026-04-07T01:03:34Z,check,check:ea67c9a2d2f7,51.878042,4.47058,False,False,bicycle,electric_assist
2026-04-07T01:03:34Z,check,check:de302a8e2b88,51.918626,4.51636,False,False,bicycle,electric_assist
2026-04-07T01:03:34Z,check,check:4273b4c61036,51.927914,4.481858,False,False,bicycle,electric_assist
2026-04-07T01:03:34Z,check,check:24a661aca16a,51.903987,4.442436,False,False,bicycle,electric_assist
2026-04-07T01:03:34Z,check,check:b66681ed42a1,51.911751,4.43572,False,False,bicycle,electric_assist
2026-04-07T01:03:34Z,check,check:0f559ee705ef,51.916155,4.526895,False,False,bicycle,electric_assist
2026-04-07T01:03:34Z,check,check:851c82539e69,51.926534,4.511982,False,False,bicycle,electric_assist
2026-04-07T01:03:34Z,check,check:4aa17d5f49e1,51.967044,4.498205,False,False,bicycle,electric_assist
2026-04-07T01:03:34Z,check,check:0150642e70cd,51.917216,4.523306,False,False,bicycle,electric_assist
2026-04-07T01:03:34Z,check,check:c0aa6632a01c,51.911767,4.435663,False,False,bicycle,electric_assist
2026-04-07T01:03:34Z,check,check:94807b93185c,51.96101,4.50313,False,False,bicycle,electric_assist
2026-04-07T01:03:34Z,check,check:d61fe80da3d0,51.904476,4.46052,False,False,bicycle,electric_assist
2026-04-07T01:03:34Z,check,check:5cd78c1d42f7,51.958533,4.469322,False,False,bicycle,electric_assist
2026-04-07T01:03:34Z,check,check:3508223ca264,51.904962,4.474636,False,False,bicycle,electric_assist
2026-04-07T01:03:34Z,check,check:988f488291c7,51.936659,4.498674,False,False,bicycle,electric_assist
2026-04-07T01:03:34Z,check,check:89bd85705364,51.961164,4.505106,False,False,bicycle,electric_assist
2026-04-07T01:03:34Z,check,check:5878a8c9d25e,51.927322,4.519549,False,False,bicycle,electric_assist
2026-04-07T01:03:34Z,check,check:c3461951fb64,51.89691,4.523573,False,False,bicycle,electric_assist
2026-04-07T01:03:34Z,check,check:ea7f41768d74,51.910994,4.501398,False,False,bicycle,electric_assist
2026-04-07T01:03:34Z,check,check:0e2db90514c2,51.918243,4.513978,False,False,bicycle,electric_assist
2026-04-07T01:03:34Z,check,check:32414f16fa48,51.949297,4.432646,False,False,bicycle,electric_assist
2026-04-07T01:03:34Z,check,check:a35493a956f2,51.946457,4.537634,False,False,bicycle,electric_assist
2026-04-07T01:03:34Z,check,check:3069ee59b157,51.904486,4.460456,False,False,bicycle,electric_assist
2026-04-07T01:03:34Z,check,check:1c1ff571499d,51.899108,4.476509,False,False,bicycle,electric_assist
2026-04-07T01:03:34Z,check,check:d2f6c6e68225,51.939674,4.484346,False,False,bicycle,electric_assist
2026-04-07T01:03:34Z,check,check:71616816f2fb,51.930057,4.508647,False,False,bicycle,electric_assist
2026-04-07T01:03:34Z,check,check:9ef312a3a926,51.948232,4.564891,False,False,bicycle,electric_assist
2026-04-07T01:03:34Z,check,check:ae1c595bb397,51.9158,4.500003,False,False,bicycle,electric_assist
2026-04-07T01:03:34Z,check,check:2dfe7f2a0c83,51.922193,4.512671,False,False,bicycle,electric_assist
2026-04-07T01:03:34Z,check,check:b0f42b2c4440,51.9538,4.520105,False,False,bicycle,electric_assist
2026-04-07T01:03:34Z,check,check:8c601cf2fb97,51.931917,4.539491,False,False,bicycle,electric_assist
2026-04-07T01:03:34Z,check,check:f724a36bdb92,51.932061,4.475301,False,False,bicycle,electric_assist
2026-04-07T01:03:34Z,check,check:8c1b714e3f18,51.946412,4.481655,False,False,bicycle,electric_assist
2026-04-07T01:03:34Z,check,check:ad4791e0061f,51.915401,4.442699,False,False,bicycle,electric_assist
2026-04-07T01:03:34Z,check,check:d43abe28ce61,51.927797,4.535983,False,False,bicycle,electric_assist
2026-04-07T01:03:34Z,check,check:9bc2c066eb89,51.913312,4.481681,False,False,bicycle,electric_assist
2026-04-07T01:03:34Z,check,check:c0c6f77de1e0,51.91908,4.418362,False,False,bicycle,electric_assist
2026-04-07T01:03:34Z,check,check:aacf3c3826ab,51.963351,4.554604,False,False,bicycle,electric_assist
2026-04-07T01:03:34Z,check,check:e0a25a71b0f8,51.933889,4.539903,False,False,bicycle,electric_assist
2026-04-07T01:03:34Z,check,check:0607533e0c80,51.932229,4.54245,False,False,bicycle,electric_assist
2026-04-07T01:03:34Z,check,check:04d6b02939f4,51.88628,4.498619,False,False,bicycle,electric_assist
2026-04-07T01:03:34Z,check,check:76d0ebf076de,51.930859,4.455831,False,False,bicycle,electric_assist
2026-04-07T01:03:34Z,check,check:5d7189b4ba71,51.934056,4.541583,False,False,bicycle,electric_assist
2026-04-07T01:03:34Z,check,check:926376952be4,51.925114,4.489381,True,False,bicycle,electric_assist
2026-04-07T01:03:34Z,check,check:84aa677b831b,51.90849,4.464273,False,False,bicycle,electric_assist
2026-04-07T01:03:34Z,check,check:68f5a83256b9,51.880505,4.535525,False,False,bicycle,electric_assist
2026-04-07T01:03:34Z,check,check:3830e8e8bee9,51.927789,4.535579,False,False,bicycle,electric_assist
2026-04-07T01:03:34Z,check,check:55b304debab9,51.909811,4.438769,False,False,bicycle,electric_assist
2026-04-07T01:03:34Z,check,check:59dad6cb4cf0,51.916337,4.451722,False,False,bicycle,electric_assist
2026-04-07T01:03:34Z,check,check:fdcace521aad,51.910827,4.51144,False,False,bicycle,electric_assist
2026-04-07T01:03:34Z,check,check:b98c8c81fdb3,51.911094,4.481874,False,False,bicycle,electric_assist
2026-04-07T01:03:34Z,check,check:f860737dff22,51.913942,4.461288,False,False,bicycle,electric_assist
2026-04-07T01:03:34Z,check,check:8ee66e39fed7,51.933148,4.535048,False,False,bicycle,electric_assist
2026-04-07T01:03:34Z,check,check:491a1f4f7335,51.923168,4.496792,False,False,bicycle,electric_assist
2026-04-07T01:03:34Z,check,check:6e62b6b3e2c0,51.941622,4.473692,False,False,bicycle,electric_assist
2026-04-07T01:03:34Z,check,check:41c846391ec7,51.909251,4.501884,False,False,bicycle,electric_assist
2026-04-07T01:03:34Z,check,check:957a192a9926,51.910834,4.55387,False,False,bicycle,electric_assist
2026-04-07T01:03:34Z,check,check:0d210e68cb2b,51.877051,4.491196,False,False,bicycle,electric_assist
2026-04-07T01:03:34Z,check,check:61f0f8af5c08,51.87121,4.46595,False,False,bicycle,electric_assist
2026-04-07T01:03:34Z,check,check:9fd4e3fdc452,51.92757,4.509045,False,False,bicycle,electric_assist
2026-04-07T01:03:34Z,check,check:e1c10384cd04,51.912215,4.520177,False,False,bicycle,electric_assist
2026-04-07T01:03:34Z,check,check:b522cf6a7db3,51.914538,4.401933,False,False,bicycle,electric_assist
2026-04-07T01:03:34Z,check,check:e939e206a473,51.888276,4.481019,False,False,bicycle,electric_assist
2026-04-07T01:03:34Z,check,check:aa439d628c99,51.967474,4.463408,False,False,bicycle,electric_assist
2026-04-07T01:03:34Z,check,check:78a9594199c4,51.890674,4.508121,False,False,bicycle,electric_assist
2026-04-07T01:03:34Z,check,check:d2ef7575a6d9,51.950772,4.564455,False,False,bicycle,electric_assist
2026-04-07T01:03:34Z,check,check:852c3a1cb252,51.916162,4.527122,False,False,bicycle,electric_assist
2026-04-07T01:03:34Z,check,check:4a8bd4a8fcf9,51.917292,4.470888,False,False,bicycle,electric_assist
2026-04-07T01:03:34Z,check,check:84c64ab6332c,51.963567,4.485312,False,False,bicycle,electric_assist
2026-04-07T01:03:34Z,check,check:7af1d8ed144f,51.890431,4.484962,False,False,bicycle,electric_assist
2026-04-07T01:03:34Z,check,check:e5bc9f28e3d6,51.934055,4.541577,False,False,bicycle,electric_assist
2026-04-07T01:03:34Z,check,check:2e4d13277ff2,51.934936,4.486624,False,False,bicycle,electric_assist
2026-04-07T01:03:34Z,check,check:54f1036a7735,51.913032,4.510486,False,False,bicycle,electric_assist
2026-04-07T01:03:34Z,check,check:d73bb4ef299f,51.916192,4.527025,False,False,bicycle,electric_assist
2026-04-07T01:03:34Z,check,check:156d1dc7dc41,51.958963,4.471599,False,False,bicycle,electric_assist
2026-04-07T01:03:34Z,check,check:ca2edf930a01,51.916663,4.451122,False,False,bicycle,electric_assist
2026-04-07T01:03:34Z,check,check:1a7aff9c9599,51.894693,4.532166,False,False,bicycle,electric_assist
2026-04-07T01:03:34Z,check,check:0476dcc32550,51.909072,4.447801,False,False,bicycle,electric_assist
2026-04-07T01:03:34Z,check,check:65963531cebd,51.922285,4.502277,False,False,bicycle,electric_assist
2026-04-07T01:03:34Z,check,check:8698648c4002,51.953914,4.468228,False,False,bicycle,electric_assist
2026-04-07T01:03:34Z,check,check:37061123ffd3,51.91691,4.467374,False,False,bicycle,electric_assist
2026-04-07T01:03:34Z,check,check:f39e86067fd2,51.915519,4.466268,False,False,bicycle,electric_assist
2026-04-07T01:03:34Z,check,check:aaa18f4518c2,51.963431,4.485894,False,False,bicycle,electric_assist
2026-04-07T01:03:34Z,check,check:58d1a9c4960f,51.916049,4.527002,False,False,bicycle,electric_assist
2026-04-07T01:03:34Z,check,check:c5b66a1a97b3,51.903412,4.446102,False,False,bicycle,electric_assist
2026-04-07T01:03:34Z,check,check:31ff663e6ed4,51.934356,4.459405,False,False,bicycle,electric_assist
2026-04-07T01:03:34Z,check,check:18158594383d,51.926464,4.501774,False,False,bicycle,electric_assist
2026-04-07T01:03:34Z,check,check:a3eb469c63a3,51.906523,4.478317,False,False,bicycle,electric_assist
2026-04-07T01:03:34Z,check,check:3c5a28d9c6be,51.910835,4.553869,False,False,bicycle,electric_assist
2026-04-07T01:03:34Z,check,check:510559a953fb,51.88262,4.52115,False,False,bicycle,electric_assist
2026-04-07T01:03:34Z,check,check:c25312117603,51.911729,4.435676,False,False,bicycle,electric_assist
2026-04-07T01:03:34Z,check,check:4547076c6e82,51.916097,4.526917,False,False,bicycle,electric_assist
2026-04-07T01:03:34Z,check,check:5aed53f55cea,51.894536,4.485891,False,False,bicycle,electric_assist
2026-04-07T01:03:34Z,check,check:02ea79b79b6f,51.892657,4.473155,False,False,bicycle,electric_assist
2026-04-07T01:03:34Z,check,check:ab5f323c10f1,51.963229,4.533735,False,False,bicycle,electric_assist
2026-04-07T01:03:34Z,check,check:d5f5be1345bf,51.912026,4.449353,False,False,bicycle,electric_assist
2026-04-07T01:03:34Z,check,check:5834c77b44b6,51.939747,4.484391,False,False,bicycle,electric_assist
2026-04-07T01:03:34Z,check,check:1b6a90789882,51.939736,4.484399,False,False,bicycle,electric_assist
2026-04-07T01:03:34Z,check,check:39415f1d2dc9,51.888366,4.483437,False,False,bicycle,electric_assist
2026-04-07T01:03:34Z,check,check:e1fe71f85137,51.925396,4.49261,False,False,bicycle,electric_assist
2026-04-07T01:03:34Z,check,check:d482ce232872,51.911853,4.435847,False,False,bicycle,electric_assist
2026-04-07T01:03:34Z,check,check:90bfa008772c,51.96271,4.472902,False,False,bicycle,electric_assist
2026-04-07T01:03:34Z,check,check:0133f87d8488,51.901618,4.50173,False,False,bicycle,electric_assist
2026-04-07T01:03:34Z,check,check:024dae8ea171,51.880607,4.531999,False,False,bicycle,electric_assist
2026-04-07T01:03:34Z,check,check:1df5ee18a6a8,51.968684,4.484709,False,False,bicycle,electric_assist
2026-04-07T01:03:34Z,check,check:6d3425eec89d,51.944911,4.476635,False,False,bicycle,electric_assist
2026-04-07T01:03:34Z,check,check:11cb4438911e,51.931704,4.539555,False,False,bicycle,electric_assist
2026-04-07T01:03:34Z,check,check:cb122d2aef38,51.949938,4.514355,False,False,bicycle,electric_assist
2026-04-07T01:03:34Z,check,check:6465924af32d,51.89998,4.498391,False,False,bicycle,electric_assist
2026-04-07T01:03:34Z,check,check:41a32222dd06,51.928404,4.535729,False,False,bicycle,electric_assist
2026-04-07T01:03:34Z,check,check:0597994b3ccb,51.943921,4.470611,False,False,bicycle,electric_assist
2026-04-07T01:03:34Z,check,check:3313df9d6e77,51.895959,4.495994,False,False,bicycle,electric_assist
2026-04-07T01:03:34Z,check,check:3b7c7fb608d3,51.951868,4.524533,False,False,bicycle,electric_assist
2026-04-07T01:03:34Z,check,check:c45f2bfeface,51.917312,4.433427,False,False,bicycle,electric_assist
2026-04-07T01:03:34Z,check,check:d213565b4ab7,51.925431,4.466132,False,False,bicycle,electric_assist
2026-04-07T01:03:34Z,check,check:32643f5a9b5c,51.880503,4.535528,False,False,bicycle,electric_assist
2026-04-07T01:03:34Z,check,check:56bdf4db454a,51.904508,4.460448,False,False,bicycle,electric_assist
2026-04-07T01:03:34Z,check,check:b826a4768809,51.921744,4.533941,False,False,bicycle,electric_assist
2026-04-07T01:03:34Z,check,check:6165ee0b0ce4,51.916112,4.527169,False,False,bicycle,electric_assist
2026-04-07T01:03:34Z,check,check:fc09e60e1b66,51.901779,4.483385,False,False,bicycle,electric_assist
2026-04-07T01:03:34Z,check,check:66db9292b7d3,51.918981,4.462373,False,False,bicycle,electric_assist
2026-04-07T01:03:34Z,check,check:57b2959d7e1a,51.943179,4.542322,False,False,bicycle,electric_assist
2026-04-07T01:03:34Z,check,check:792c600a693c,51.887634,4.470729,False,False,bicycle,electric_assist
2026-04-07T01:03:34Z,check,check:1e5f1a5564dd,51.927286,4.5346,False,False,bicycle,electric_assist
2026-04-07T01:03:34Z,check,check:ebb4aef64a23,51.961426,4.465594,False,False,bicycle,electric_assist
2026-04-07T01:03:34Z,check,check:2af945c2fc32,51.920519,4.511529,False,False,bicycle,electric_assist
2026-04-07T01:03:34Z,check,check:23c7f4e5a552,51.923989,4.493979,False,False,bicycle,electric_assist
2026-04-07T01:03:34Z,check,check:7e93404c3109,51.929648,4.535073,False,False,bicycle,electric_assist
2026-04-07T01:03:34Z,check,check:ec11e58191ab,51.916186,4.526999,False,False,bicycle,electric_assist
2026-04-07T01:03:34Z,check,check:7a2e4095210e,51.89046,4.484971,False,False,bicycle,electric_assist
2026-04-07T01:03:34Z,check,check:0b5758a4a7d8,51.91083,4.51147,False,False,bicycle,electric_assist
2026-04-07T01:03:34Z,check,check:a4aa444e7382,51.932222,4.466747,False,False,bicycle,electric_assist
2026-04-07T01:03:34Z,check,check:2d87b4ed990d,51.895477,4.487141,False,False,bicycle,electric_assist
2026-04-07T01:03:34Z,check,check:83a5e0fe795d,51.931471,4.539662,False,False,bicycle,electric_assist
2026-04-07T01:03:34Z,check,check:a7006e347b1a,51.91533,4.498471,False,False,bicycle,electric_assist
2026-04-07T01:03:34Z,check,check:8b9c7aeb899c,51.91903,4.418241,False,False,bicycle,electric_assist
2026-04-07T01:03:34Z,check,check:befb4897d6d8,51.886395,4.5493,False,False,bicycle,electric_assist
2026-04-07T01:03:34Z,check,check:b2c3bba0d07b,51.93109,4.476336,False,False,bicycle,electric_assist
2026-04-07T01:03:34Z,check,check:24295e641449,51.913261,4.432434,False,False,bicycle,electric_assist
2026-04-07T01:03:34Z,check,check:3e3f889b18cc,51.916221,4.527058,False,False,bicycle,electric_assist
2026-04-07T01:03:34Z,check,check:ef59730b0716,51.943659,4.483314,False,False,bicycle,electric_assist
2026-04-07T01:03:34Z,check,check:417f215b9bf7,51.912174,4.520142,False,False,bicycle,electric_assist
2026-04-07T01:03:34Z,check,check:96be758aa9c8,51.916091,4.527123,False,False,bicycle,electric_assist
2026-04-07T01:03:34Z,check,check:292c0b61f718,51.872428,4.500886,False,False,bicycle,electric_assist
2026-04-07T01:03:34Z,check,check:3f6e0101e333,51.930268,4.483726,False,False,bicycle,electric_assist
2026-04-07T01:03:34Z,check,check:161f9de60519,51.935017,4.477251,False,False,bicycle,electric_assist
2026-04-07T01:03:34Z,check,check:b0ee0c71dd19,51.907653,4.480507,False,False,bicycle,electric_assist
2026-04-07T01:03:34Z,check,check:25b98367b73d,51.965922,4.470768,False,False,bicycle,electric_assist
2026-04-07T01:03:34Z,check,check:ebc4e5c57bbf,51.887124,4.491481,False,False,bicycle,electric_assist
2026-04-07T01:03:34Z,check,check:11c302eef56e,51.911846,4.435865,False,False,bicycle,electric_assist
2026-04-07T01:03:34Z,check,check:8f89408ed38a,51.918109,4.513054,False,False,bicycle,electric_assist
2026-04-07T01:03:34Z,check,check:8f8116c4edc3,51.892324,4.530707,False,False,bicycle,electric_assist
2026-04-07T01:03:34Z,check,check:940018b69449,51.91123,4.475925,False,False,bicycle,electric_assist
2026-04-07T01:03:34Z,check,check:0b6b9cfcab79,51.945239,4.475025,False,False,bicycle,electric_assist
2026-04-07T01:03:34Z,check,check:7d8dc3e4f7b5,51.917371,4.420524,False,False,bicycle,electric_assist
2026-04-07T01:03:34Z,check,check:53e2e870ab02,51.914789,4.429158,False,False,bicycle,electric_assist
2026-04-07T01:03:34Z,check,check:171dc8745b43,51.911324,4.524687,False,False,bicycle,electric_assist
2026-04-07T01:03:34Z,check,check:e20f4c0403ac,51.916148,4.52694,False,False,bicycle,electric_assist
2026-04-07T01:03:34Z,check,check:a1aaf092bf96,51.920041,4.434516,False,False,bicycle,electric_assist
2026-04-07T01:03:34Z,check,check:4a71bac70a89,51.934332,4.474915,False,False,bicycle,electric_assist
2026-04-07T01:03:34Z,check,check:7b29370f82dc,51.899425,4.485347,False,False,bicycle,electric_assist
2026-04-07T01:03:34Z,check,check:aebba2c4f818,51.907993,4.442461,False,False,bicycle,electric_assist
2026-04-07T01:03:34Z,check,check:c426e8a697fd,51.930301,4.483697,False,True,bicycle,electric_assist
2026-04-07T01:03:34Z,check,check:3d165ba58202,51.909599,4.521225,False,False,bicycle,electric_assist
2026-04-07T01:03:34Z,check,check:8fc1b969d14f,51.901097,4.511089,False,False,bicycle,electric_assist
2026-04-07T01:03:34Z,check,check:052ed95bec87,51.927462,4.440247,False,False,bicycle,electric_assist
2026-04-07T01:03:34Z,check,check:1f3bf6ca23cb,51.916108,4.527007,False,False,bicycle,electric_assist
2026-04-07T01:03:34Z,check,check:b43290289e95,51.904131,4.502622,False,False,bicycle,electric_assist
2026-04-07T01:03:34Z,check,check:9a6364586890,51.954907,4.538156,False,False,bicycle,electric_assist
2026-04-07T01:03:34Z,check,check:d4f3f415f9eb,51.877738,4.523768,False,False,bicycle,electric_assist
2026-04-07T01:03:34Z,check,check:f1d2e296419c,51.951619,4.521237,False,False,bicycle,electric_assist
2026-04-07T01:03:34Z,check,check:108d7feb4af9,51.92258,4.491822,False,False,bicycle,electric_assist
2026-04-07T01:03:34Z,check,check:8ca758285139,51.958993,4.474559,False,False,bicycle,electric_assist
2026-04-07T01:03:34Z,check,check:a1f9aca4e8d8,51.934552,4.458198,False,False,bicycle,electric_assist
2026-04-07T01:03:34Z,check,check:37b15956fcac,51.87717,4.517354,False,False,bicycle,electric_assist
2026-04-07T01:03:34Z,check,check:d9a03f1b7b6e,51.927675,4.487767,False,False,bicycle,electric_assist
2026-04-07T01:03:34Z,check,check:5726bbbb049a,51.917135,4.484069,False,False,bicycle,electric_assist
2026-04-07T01:03:34Z,check,check:f6d2d81622e5,51.886351,4.466024,False,False,bicycle,electric_assist
2026-04-07T01:03:34Z,check,check:45b58e2bcfc7,51.954907,4.463615,False,False,bicycle,electric_assist
2026-04-07T01:03:34Z,check,check:aaac52b22901,51.93708,4.468002,False,False,bicycle,electric_assist
2026-04-07T01:03:34Z,check,check:9319b95b2fe0,51.928281,4.489219,False,False,bicycle,electric_assist
2026-04-07T01:03:34Z,check,check:dd75c15f50ba,51.91611,4.527035,False,False,bicycle,electric_assist
2026-04-07T01:03:34Z,check,check:a29927975d54,51.916094,4.526893,False,False,bicycle,electric_assist
2026-04-07T01:03:34Z,check,check:91412a32cd59,51.941565,4.48138,False,False,bicycle,electric_assist
2026-04-07T01:03:34Z,check,check:a171572200cd,51.919107,4.488289,False,False,bicycle,electric_assist
2026-04-07T01:03:34Z,check,check:a1a0dd11ea9f,51.960754,4.508286,False,False,bicycle,electric_assist
2026-04-07T01:03:34Z,check,check:8711bcc6af05,51.922446,4.434914,False,False,bicycle,electric_assist
2026-04-07T01:03:34Z,check,check:44101f2a376c,51.873915,4.476215,False,False,bicycle,electric_assist
2026-04-07T01:03:34Z,check,check:34e04174896a,51.886395,4.549322,False,False,bicycle,electric_assist
2026-04-07T01:03:34Z,check,check:49069d0ddb62,51.907214,4.48958,False,False,bicycle,electric_assist
2026-04-07T01:03:34Z,check,check:6add779ac547,51.933006,4.43315,False,False,bicycle,electric_assist
2026-04-07T01:03:34Z,check,check:2a489b89fb39,51.91159,4.425075,False,False,bicycle,electric_assist
2026-04-07T01:03:34Z,check,check:312cdbf4145e,51.917234,4.523241,False,False,bicycle,electric_assist
2026-04-07T01:03:34Z,check,check:e0be34417f3a,51.963407,4.489811,False,False,bicycle,electric_assist
2026-04-07T01:03:34Z,check,check:aae59d529a40,51.91613,4.527078,False,False,bicycle,electric_assist
2026-04-07T01:03:34Z,check,check:c848eac43c05,51.894012,4.527465,False,False,bicycle,electric_assist
2026-04-07T01:03:34Z,check,check:3c3b52d7ba65,51.964752,4.507149,False,False,bicycle,electric_assist
2026-04-07T01:03:34Z,check,check:472705722f9f,51.91612,4.527009,False,False,bicycle,electric_assist
2026-04-07T01:03:34Z,check,check:7873915d67e6,51.892181,4.477283,False,False,bicycle,electric_assist
2026-04-07T01:03:34Z,check,check:fe64e416d0f6,51.915053,4.44586,False,False,bicycle,electric_assist
2026-04-07T01:03:34Z,check,check:bc09595418f4,51.917146,4.523314,False,False,bicycle,electric_assist
2026-04-07T01:03:34Z,check,check:36c2013fd958,51.92085,4.498183,False,False,bicycle,electric_assist
2026-04-07T01:03:34Z,check,check:0e624e3ad0e6,51.9225,4.503108,False,False,bicycle,electric_assist
2026-04-07T01:03:34Z,check,check:7cb605b84cb6,51.950201,4.515354,False,False,bicycle,electric_assist
2026-04-07T01:03:34Z,check,check:99c843c773de,51.953965,4.47314,False,False,bicycle,electric_assist
2026-04-07T01:03:34Z,check,check:d77ce6428483,51.919628,4.435053,False,False,bicycle,electric_assist
2026-04-07T01:03:34Z,check,check:a16f4c493bd6,51.920052,4.434529,False,False,bicycle,electric_assist
2026-04-07T01:03:34Z,check,check:f856bd9aafe6,51.911741,4.435612,False,False,bicycle,electric_assist
2026-04-07T01:03:34Z,check,check:395734bc2597,51.929503,4.541225,False,False,bicycle,electric_assist
2026-04-07T01:03:34Z,check,check:70aafd27a6d6,51.904193,4.473858,False,False,bicycle,electric_assist
2026-04-07T01:03:34Z,check,check:2f61d4e08257,51.911586,4.478557,False,False,bicycle,electric_assist
2026-04-07T01:03:34Z,check,check:1b569de74413,51.89974,4.504436,False,False,bicycle,electric_assist
2026-04-07T01:03:34Z,check,check:032c583f1269,51.897779,4.511379,False,False,bicycle,electric_assist
2026-04-07T01:03:34Z,check,check:783c136d907f,51.962816,4.507955,False,False,bicycle,electric_assist
2026-04-07T01:03:34Z,check,check:f85b39ea876b,51.939019,4.495793,False,False,bicycle,electric_assist
2026-04-07T01:03:34Z,check,check:0ddc6c97cc11,51.921704,4.507017,False,False,bicycle,electric_assist
2026-04-07T01:03:34Z,check,check:a3362895fc01,51.932848,4.484671,False,False,bicycle,electric_assist
2026-04-07T01:03:34Z,check,check:02734287c754,51.917244,4.52321,False,False,bicycle,electric_assist
2026-04-07T01:03:34Z,check,check:aeb7d509bae8,51.927904,4.518805,False,False,bicycle,electric_assist
2026-04-07T01:03:34Z,check,check:2e1b7ed10c5e,51.917678,4.430073,False,False,bicycle,electric_assist
2026-04-07T01:03:34Z,check,check:29abe4fa9915,51.917232,4.523205,False,False,bicycle,electric_assist
2026-04-07T01:03:34Z,check,check:f633faf7ffe2,51.934887,4.461368,False,False,bicycle,electric_assist
2026-04-07T01:03:34Z,check,check:bb84389cba94,51.89116,4.477241,False,False,bicycle,electric_assist
2026-04-07T01:03:34Z,check,check:4119423a5fdf,51.927505,4.516193,False,False,bicycle,electric_assist
2026-04-07T01:03:34Z,check,check:393dbd2f7d24,51.918765,4.461944,False,False,bicycle,electric_assist
2026-04-07T01:03:34Z,check,check:94492ab349c7,51.91605,4.52692,False,False,bicycle,electric_assist
2026-04-07T01:03:34Z,check,check:86ecc736659b,51.936126,4.462122,False,False,bicycle,electric_assist
2026-04-07T01:03:34Z,check,check:a6938f489d0a,51.922835,4.488469,False,False,bicycle,electric_assist
2026-04-07T01:03:34Z,check,check:3bc39a757327,51.897707,4.514314,False,False,bicycle,electric_assist
2026-04-07T01:03:34Z,check,check:635e39c6bdfc,51.962301,4.509996,False,False,bicycle,electric_assist
2026-04-07T01:03:34Z,check,check:4d4f01432c1a,51.8718,4.493578,False,False,bicycle,electric_assist
2026-04-07T01:03:34Z,check,check:ef70a737e3cb,51.939009,4.473077,False,False,bicycle,electric_assist
2026-04-07T01:03:34Z,check,check:ee54a0ab73e3,51.898539,4.505469,False,False,bicycle,electric_assist
2026-04-07T01:03:34Z,check,check:97c12d6daad7,51.958955,4.47165,False,False,bicycle,electric_assist
2026-04-07T01:03:34Z,check,check:9a9690cdfab1,51.919076,4.418259,False,False,bicycle,electric_assist
2026-04-07T01:03:34Z,check,check:f32714ec65d2,51.912198,4.483018,False,False,bicycle,electric_assist
2026-04-07T01:03:34Z,check,check:7a7b336e0879,51.902837,4.511288,False,False,bicycle,electric_assist
2026-04-07T01:03:34Z,check,check:6bc96d8c0358,51.959619,4.562769,False,False,bicycle,electric_assist
2026-04-07T01:03:34Z,check,check:46da55381619,51.916126,4.526967,False,False,bicycle,electric_assist
2026-04-07T01:03:34Z,check,check:7a5578997bcf,51.951782,4.465592,False,False,bicycle,electric_assist
2026-04-07T01:03:34Z,check,check:5f3234c2ee8f,51.942696,4.545868,False,False,bicycle,electric_assist
2026-04-07T01:03:34Z,check,check:5211d811e836,51.919185,4.488419,False,False,bicycle,electric_assist
2026-04-07T01:03:34Z,check,check:227af97fcb15,51.91789,4.44508,False,False,bicycle,electric_assist
2026-04-07T01:03:34Z,check,check:1458c3e4b22f,51.917264,4.523071,False,False,bicycle,electric_assist
2026-04-07T01:03:34Z,check,check:590349db8b10,51.917071,4.523265,False,False,bicycle,electric_assist
2026-04-07T01:03:34Z,check,check:987d8463d78e,51.935815,4.490596,False,False,bicycle,electric_assist
2026-04-07T01:03:34Z,check,check:ccc2e1cafc98,51.946791,4.488324,False,False,bicycle,electric_assist
2026-04-07T01:03:34Z,check,check:b4e9786a6e76,51.917402,4.491647,False,False,bicycle,electric_assist
2026-04-07T01:03:34Z,check,check:a8d1a0d46c30,51.893934,4.493764,False,False,bicycle,electric_assist
2026-04-07T01:03:34Z,check,check:07e42906ac35,51.921258,4.465852,False,False,bicycle,electric_assist
2026-04-07T01:03:34Z,check,check:287b6abe121c,51.912837,4.522164,False,False,bicycle,electric_assist
2026-04-07T01:03:34Z,check,check:4b03360beecb,51.892376,4.530655,False,False,bicycle,electric_assist
2026-04-07T01:03:34Z,check,check:84418251eea9,51.909313,4.523521,False,False,bicycle,electric_assist
2026-04-07T01:03:34Z,check,check:f98690b6361c,51.965921,4.501803,False,False,bicycle,electric_assist
2026-04-07T01:03:34Z,check,check:f9b20362ad5e,51.939024,4.495845,False,False,bicycle,electric_assist
2026-04-07T01:03:34Z,check,check:98fa0fa6f9e8,51.963376,4.554664,False,False,bicycle,electric_assist
2026-04-07T01:03:34Z,check,check:e1f7a49cca5f,51.929711,4.506504,False,False,bicycle,electric_assist
2026-04-07T01:03:34Z,check,check:03609447871a,51.955318,4.510749,False,False,bicycle,electric_assist
2026-04-07T01:03:34Z,check,check:61f39460abc0,51.928002,4.547549,False,False,bicycle,electric_assist
2026-04-07T01:03:34Z,check,check:cd6bbcdebe08,51.962217,4.502388,False,False,bicycle,electric_assist
2026-04-07T01:03:34Z,check,check:9aa89fadafb1,51.931739,4.491654,False,False,bicycle,electric_assist
2026-04-07T01:03:34Z,check,check:4d402d3202aa,51.933094,4.453814,False,False,bicycle,electric_assist
2026-04-07T01:03:34Z,check,check:372e3142f4e3,51.904195,4.466588,False,False,bicycle,electric_assist
2026-04-07T01:03:34Z,check,check:9139513703fe,51.925062,4.49169,False,False,bicycle,electric_assist
2026-04-07T01:03:34Z,check,check:15b37cb92db7,51.886448,4.529114,False,False,bicycle,electric_assist
2026-04-07T01:03:34Z,check,check:1c472e5eae9a,51.933173,4.500104,False,False,bicycle,electric_assist
2026-04-07T01:03:34Z,check,check:26fa53ab2393,51.916117,4.526943,False,False,bicycle,electric_assist
2026-04-07T01:03:34Z,check,check:2a26ea11fa65,51.928109,4.462595,False,False,bicycle,electric_assist
2026-04-07T01:03:34Z,check,check:a2def98fe69b,51.931809,4.498928,False,False,bicycle,electric_assist
2026-04-07T01:03:34Z,check,check:af3099cad6db,51.963083,4.4882,False,False,bicycle,electric_assist
2026-04-07T01:03:34Z,check,check:e752719c9261,51.871334,4.495145,False,False,bicycle,electric_assist
2026-04-07T01:03:34Z,check,check:68918a98cc78,51.951392,4.470541,False,False,bicycle,electric_assist
2026-04-07T01:03:34Z,check,check:c776560557cf,51.935201,4.497561,False,False,bicycle,electric_assist
2026-04-07T01:03:34Z,check,check:3dca726db8b3,51.916343,4.527435,False,False,bicycle,electric_assist
2026-04-07T01:03:34Z,check,check:1e3542975e89,51.928009,4.547475,False,False,bicycle,electric_assist
2026-04-07T01:03:34Z,check,check:93051b306288,51.929655,4.491098,False,False,bicycle,electric_assist
2026-04-07T01:03:34Z,check,check:bc57083cbf38,51.905533,4.498459,False,False,bicycle,electric_assist
2026-04-07T01:03:34Z,check,check:cc673907cd87,51.933892,4.539837,False,False,bicycle,electric_assist
2026-04-07T01:03:34Z,check,check:6741b12cc619,51.910903,4.461029,False,False,bicycle,electric_assist
2026-04-07T01:03:34Z,check,check:3fe758fcc0e4,51.905858,4.450101,False,False,bicycle,electric_assist
2026-04-07T01:03:34Z,check,check:d73839e18259,51.93409,4.457347,False,False,bicycle,electric_assist
2026-04-07T01:03:34Z,check,check:94f539d6fc18,51.9256,4.486481,False,False,bicycle,electric_assist
2026-04-07T01:03:34Z,check,check:773427baba47,51.912844,4.522189,False,False,bicycle,electric_assist
2026-04-07T01:03:34Z,check,check:4ccb3ba988e3,51.914017,4.427413,False,False,bicycle,electric_assist
2026-04-07T01:03:34Z,check,check:d288047f83ee,51.908657,4.50467,False,False,bicycle,electric_assist
2026-04-07T01:03:34Z,check,check:c1eac9af8b16,51.968654,4.484694,False,False,bicycle,electric_assist
2026-04-07T01:03:34Z,check,check:87f6f2f51301,51.916032,4.52695,False,False,bicycle,electric_assist
2026-04-07T01:03:34Z,check,check:0f6743feb159,51.914036,4.447306,False,False,bicycle,electric_assist
2026-04-07T01:03:34Z,check,check:f83a5adbacd7,51.945243,4.475011,False,False,bicycle,electric_assist
2026-04-07T01:03:34Z,check,check:8254a99f6b49,51.911776,4.435627,False,False,bicycle,electric_assist
2026-04-07T01:03:34Z,check,check:1e5661fd82b6,51.911751,4.435715,False,False,bicycle,electric_assist
2026-04-07T01:03:34Z,check,check:26e37019c024,51.95735,4.486448,False,False,bicycle,electric_assist
2026-04-07T01:03:34Z,check,check:611ad0747000,51.933901,4.539886,False,False,bicycle,electric_assist
2026-04-07T01:03:34Z,check,check:3ac1930c1f95,51.876826,4.470133,False,False,bicycle,electric_assist
2026-04-07T01:03:34Z,check,check:1cbcc73f105c,51.950626,4.564495,False,False,bicycle,electric_assist
2026-04-07T01:03:34Z,check,check:47e5567c4579,51.921732,4.49297,False,False,bicycle,electric_assist
2026-04-07T01:03:34Z,check,check:c9c5db6a5b7a,51.916113,4.526897,False,False,bicycle,electric_assist
2026-04-07T01:03:34Z,check,check:c43dbe5ca61a,51.91181,4.435915,False,False,bicycle,electric_assist
2026-04-07T01:03:34Z,check,check:5505074c8bf5,51.93896,4.495819,False,False,bicycle,electric_assist
2026-04-07T01:03:34Z,check,check:047ed3ca46cc,51.891589,4.472628,False,False,bicycle,electric_assist
2026-04-07T01:03:34Z,check,check:404b231f86b4,51.909257,4.523544,False,False,bicycle,electric_assist
2026-04-07T01:03:34Z,check,check:8a0aad1a5519,51.918583,4.511293,False,False,bicycle,electric_assist
2026-04-07T01:03:34Z,check,check:1d484d766d50,51.948675,4.543833,False,False,bicycle,electric_assist
2026-04-07T01:03:34Z,check,check:2d92c888bde1,51.902928,4.442668,False,False,bicycle,electric_assist
2026-04-07T01:03:34Z,check,check:2701b61b9762,51.917045,4.523236,False,False,bicycle,electric_assist
2026-04-07T01:03:34Z,check,check:909d62247c1c,51.964445,4.53016,False,False,bicycle,electric_assist
2026-04-07T01:03:34Z,check,check:20bdeb14545b,51.935381,4.492151,False,False,bicycle,electric_assist
2026-04-07T01:03:34Z,check,check:0f493dcf7366,51.905692,4.474121,False,False,bicycle,electric_assist
2026-04-07T01:03:34Z,check,check:3e9c0c95c144,51.920885,4.526597,True,False,bicycle,electric_assist
2026-04-07T01:03:34Z,check,check:fd483bc5678c,51.949309,4.432661,False,False,bicycle,electric_assist
2026-04-07T01:03:34Z,check,check:1b5093a72c61,51.914545,4.487574,False,False,bicycle,electric_assist
2026-04-07T01:03:34Z,check,check:58f609778c11,51.917064,4.523344,False,False,bicycle,electric_assist
2026-04-07T01:03:34Z,check,check:1bff71748926,51.929919,4.507598,False,False,bicycle,electric_assist
2026-04-07T01:03:34Z,check,check:4b2366ab1e47,51.902908,4.4453,False,False,bicycle,electric_assist
2026-04-07T01:03:34Z,check,check:6e1b2261ccb2,51.911787,4.435698,False,False,bicycle,electric_assist
2026-04-07T01:03:34Z,check,check:396f83198e1f,51.925478,4.466367,False,False,bicycle,electric_assist
2026-04-07T01:03:34Z,check,check:0d5ddb0a944f,51.892583,4.464935,False,False,bicycle,electric_assist
2026-04-07T01:03:34Z,check,check:85b72b9b75b3,51.933139,4.500165,False,False,bicycle,electric_assist
2026-04-07T01:03:34Z,check,check:1f94c4376c4e,51.917137,4.523332,False,False,bicycle,electric_assist
2026-04-07T01:03:34Z,check,check:72bcb7709770,51.94513,4.541545,False,False,bicycle,electric_assist
2026-04-07T01:03:34Z,check,check:a7978998d889,51.94316,4.542411,False,False,bicycle,electric_assist
2026-04-07T01:03:34Z,check,check:1b19610e27d5,51.941863,4.546491,False,False,bicycle,electric_assist
2026-04-07T01:03:34Z,check,check:afb136df18cd,51.912846,4.458069,False,False,bicycle,electric_assist
2026-04-07T01:03:34Z,check,check:eb114009aede,51.925388,4.5197,False,False,bicycle,electric_assist
2026-04-07T01:03:34Z,check,check:1966fbc3f111,51.91904,4.418259,False,False,bicycle,electric_assist
2026-04-07T01:03:34Z,check,check:4887da9fa27c,51.928354,4.545666,False,False,bicycle,electric_assist
2026-04-07T01:03:34Z,check,check:90b677b5af15,51.911353,4.504734,False,False,bicycle,electric_assist
2026-04-07T01:03:34Z,check,check:575e4a371bee,51.933084,4.466884,False,False,bicycle,electric_assist
2026-04-07T03:53:32Z,donkey,donkey:064274a4827c,51.844619,4.6385736,False,False,bicycle,
2026-04-07T03:53:32Z,donkey,donkey:24cf5338557c,51.8446422,4.6386125,False,False,bicycle,
2026-04-07T03:53:32Z,donkey,donkey:2daeba413649,51.8441983,4.6221039,False,False,bicycle,
2026-04-07T03:53:32Z,donkey,donkey:384d34788a46,51.8502197,4.6454811,False,False,bicycle,
2026-04-07T03:53:32Z,donkey,donkey:c2269ec8e2ea,51.8502216,4.6457802,False,False,bicycle,
2026-04-07T03:53:32Z,donkey,donkey:debdf3bb5269,51.8385624,4.6418411,False,False,bicycle,
2026-04-07T03:53:32Z,donkey,donkey:6a562fb3e71b,51.8457808,4.6575171,False,False,bicycle,
2026-04-07T03:53:32Z,donkey,donkey:df3a3abdf6bb,51.8452954,4.630562,False,False,bicycle,
2026-04-07T03:53:32Z,donkey,donkey:2f7436e45bd3,51.8454372,4.630563,False,False,bicycle,
2026-04-07T03:53:32Z,donkey,donkey:d0a57391b485,51.9228063,4.6854813,False,False,bicycle,
2026-04-07T03:53:32Z,donkey,donkey:443de1bf548f,51.9228587,4.6854058,False,False,bicycle,
2026-04-07T03:53:32Z,donkey,donkey:fbc5ad7bbdfd,51.9651185,4.6169205,False,False,bicycle,
2026-04-07T03:53:32Z,donkey,donkey:11d7cde149cd,51.9855026,4.3875655,False,False,bicycle,
2026-04-07T03:53:32Z,donkey,donkey:ea92ef61141c,51.996429,4.3698093,False,False,bicycle,
2026-04-07T03:53:32Z,donkey,donkey:de07222a5332,51.9964135,4.3698362,False,False,bicycle,
2026-04-07T03:53:32Z,donkey,donkey:a2c184f73dca,51.9962007,4.3699447,False,True,bicycle,
2026-04-07T03:53:32Z,donkey,donkey:165dff83d3cf,51.9832958,4.3471396,False,False,bicycle,
2026-04-07T03:53:32Z,donkey,donkey:370647fefdd4,51.9833532,4.3470811,False,False,bicycle,
2026-04-07T03:53:32Z,donkey,donkey:799b502ffd30,51.983384,4.347111,False,False,bicycle,
2026-04-07T03:53:32Z,donkey,donkey:41a6d897005b,51.9971377,4.3835943,False,False,bicycle,
2026-04-07T03:53:32Z,donkey,donkey:ef787fa728e3,51.9810713,4.3418504,False,True,bicycle,
2026-04-07T03:53:32Z,donkey,donkey:45db317a21ea,51.9810408,4.3418236,False,False,bicycle,
2026-04-07T03:53:32Z,donkey,donkey:497b0630d004,51.993267,4.3593357,False,True,bicycle,
2026-04-07T03:53:32Z,donkey,donkey:ecff0765eb53,51.9956422,4.3413241,False,False,bicycle,
2026-04-07T03:53:32Z,donkey,donkey:c2bfbe893899,51.9956533,4.3412545,False,False,bicycle,
2026-04-07T03:53:32Z,donkey,donkey:759f2643ebd8,51.9936994,4.387087,False,False,bicycle,
2026-04-07T03:53:32Z,donkey,donkey:e11999deabc0,51.9923868,4.3413533,False,True,bicycle,
2026-04-07T03:53:32Z,donkey,donkey:e994fd74fb06,51.9923215,4.3410811,False,False,bicycle,
2026-04-07T03:53:32Z,donkey,donkey:04f1ba466f2f,51.9924004,4.3414097,False,False,bicycle,
2026-04-07T03:53:32Z,donkey,donkey:3b5dbc33313c,51.9924594,4.3413037,False,False,bicycle,
2026-04-07T03:53:32Z,donkey,donkey:745da1d78b89,51.9819511,4.3456909,False,False,bicycle,
2026-04-07T03:53:32Z,donkey,donkey:cdabba186a1a,51.9819511,4.3456909,False,False,bicycle,
2026-04-07T03:53:32Z,donkey,donkey:b4ed583302d7,51.981927,4.3457661,False,True,bicycle,
2026-04-07T03:53:32Z,donkey,donkey:e4b73715fda4,51.9848962,4.3609139,False,True,bicycle,
2026-04-07T03:53:32Z,donkey,donkey:8ed4b0f2aa9f,51.9849099,4.3609071,False,True,bicycle,
2026-04-07T03:53:32Z,donkey,donkey:6a5bc31cdfec,51.9849099,4.3609071,False,False,bicycle,
2026-04-07T03:53:32Z,donkey,donkey:ac8fdddb39c9,51.9972856,4.3718201,False,False,bicycle,
2026-04-07T03:53:32Z,donkey,donkey:4fa78130c402,51.9973411,4.3718199,False,False,bicycle,
2026-04-07T03:53:32Z,donkey,donkey:a333836288b0,51.9972698,4.3717472,False,False,bicycle,
2026-04-07T03:53:32Z,donkey,donkey:a9d06c3fb4b8,51.9974171,4.3731208,False,True,bicycle,
2026-04-07T03:53:32Z,donkey,donkey:2a3d83fe92c7,51.997375,4.373125,False,True,bicycle,
2026-04-07T03:53:32Z,donkey,donkey:f3c9ec3723b8,51.9968797,4.3720697,False,False,bicycle,
2026-04-07T03:53:32Z,donkey,donkey:c596f884a672,51.9969204,4.3720427,False,True,bicycle,
2026-04-07T03:53:32Z,donkey,donkey:6239234ba919,51.9901942,4.3646623,False,True,bicycle,
2026-04-07T03:53:32Z,donkey,donkey:f23971bf3da8,51.9902827,4.3644593,False,False,bicycle,
2026-04-07T03:53:32Z,donkey,donkey:067f13a789de,51.9902827,4.3644593,False,False,bicycle,
2026-04-07T03:53:32Z,donkey,donkey:1efd92014395,51.9902827,4.3644593,False,False,bicycle,
2026-04-07T03:53:32Z,donkey,donkey:c5496d04f156,51.9902567,4.3645933,False,False,bicycle,
2026-04-07T03:53:32Z,donkey,donkey:f969c3fb6fcd,51.9902827,4.3644593,False,True,bicycle,
2026-04-07T03:53:32Z,donkey,donkey:9d17e6f6d7fa,51.9902827,4.3644593,False,False,bicycle,
2026-04-07T03:53:32Z,donkey,donkey:54d5c7258143,51.9902667,4.3646002,False,False,bicycle,
2026-04-07T03:53:32Z,donkey,donkey:6879becf4705,51.9902825,4.3645786,False,True,bicycle,
2026-04-07T03:53:32Z,donkey,donkey:a7cf0f3b9825,51.9902827,4.3644593,False,False,bicycle,
2026-04-07T03:53:32Z,donkey,donkey:e45445f6aed1,51.9875529,4.3457194,False,True,bicycle,
2026-04-07T03:53:32Z,donkey,donkey:48c3127d6a8d,51.9875645,4.3457608,False,True,bicycle,
2026-04-07T03:53:32Z,donkey,donkey:b1a2ea324b46,51.9942704,4.353769,False,True,bicycle,
2026-04-07T03:53:32Z,donkey,donkey:7d51a55c3f35,51.9939359,4.353609,False,False,bicycle,
2026-04-07T03:53:32Z,donkey,donkey:fad137c1a32a,51.994167,4.3536638,False,False,bicycle,
2026-04-07T03:53:32Z,donkey,donkey:982e8244a38c,51.997977,4.3546604,False,True,bicycle,
2026-04-07T03:53:32Z,donkey,donkey:4f59c22444e6,51.9979689,4.3549758,False,False,bicycle,
2026-04-07T03:53:32Z,donkey,donkey:5b92669d69bf,51.9974689,4.3788246,False,False,bicycle,
2026-04-07T03:53:32Z,donkey,donkey:64009d448f3b,51.9976756,4.3787447,False,True,bicycle,
2026-04-07T03:53:32Z,donkey,donkey:60df60592a0e,51.9974655,4.3786066,False,False,bicycle,
2026-04-07T03:53:32Z,donkey,donkey:cf98f66a0d1a,51.9909756,4.3652718,False,False,bicycle,
2026-04-07T03:53:32Z,donkey,donkey:482f157cc4c4,51.990972,4.3652981,False,False,bicycle,
2026-04-07T03:53:32Z,donkey,donkey:a4665288c5a1,51.9909793,4.3653493,False,False,bicycle,
2026-04-07T03:53:32Z,donkey,donkey:0da0a4dfb26c,51.8837788,4.6617832,False,False,bicycle,
2026-04-07T03:53:32Z,donkey,donkey:f67ca48573ed,51.884168,4.6653847,False,False,bicycle,
2026-04-07T03:53:32Z,donkey,donkey:549165656d1c,51.8860635,4.6588539,False,False,bicycle,
2026-04-07T03:53:32Z,donkey,donkey:a7ee2dc3eb28,51.8884701,4.6877262,False,False,bicycle,
2026-04-07T03:53:32Z,donkey,donkey:97d6bc1e0552,51.8884701,4.6877262,False,False,bicycle,
2026-04-07T03:53:32Z,lime,lime:43bddbdb15ca,51.90491,4.44006,False,False,bicycle,electric_assist
2026-04-07T03:53:32Z,lime,lime:32c308804671,51.93299,4.47907,False,False,bicycle,electric_assist
2026-04-07T03:53:32Z,lime,lime:054e809e72cf,51.92731,4.44067,False,False,bicycle,electric_assist
2026-04-07T03:53:32Z,lime,lime:e12cf03d62e2,51.9303,4.48373,False,False,bicycle,electric_assist
2026-04-07T03:53:32Z,lime,lime:dc726a511818,51.92413,4.4709,False,False,bicycle,electric_assist
2026-04-07T03:53:32Z,lime,lime:9d6eb56ba882,51.91237,4.50913,False,False,bicycle,electric_assist
2026-04-07T03:53:32Z,lime,lime:c7751c8edbac,51.92008,4.45208,False,False,bicycle,electric_assist
2026-04-07T03:53:32Z,lime,lime:cff7da933297,51.88354,4.5071,False,False,bicycle,electric_assist
2026-04-07T03:53:32Z,lime,lime:1ae3c4d5e70d,51.92186,4.46059,False,False,bicycle,electric_assist
2026-04-07T03:53:32Z,lime,lime:92648017ed88,51.92103,4.3888,False,False,bicycle,electric_assist
2026-04-07T03:53:32Z,lime,lime:320fd20de2c1,51.92873,4.49898,False,False,bicycle,electric_assist
2026-04-07T03:53:32Z,lime,lime:95077588aa72,51.92413,4.48826,False,False,bicycle,electric_assist
2026-04-07T03:53:32Z,lime,lime:248761c6224d,51.92623,4.48209,False,False,bicycle,electric_assist
2026-04-07T03:53:32Z,lime,lime:008231f165ff,51.92532,4.49381,False,False,bicycle,electric_assist
2026-04-07T03:53:32Z,lime,lime:5ab721b0423b,51.93486,4.37816,False,False,bicycle,electric_assist
2026-04-07T03:53:32Z,lime,lime:161f96585c72,51.92275,4.4734,False,False,bicycle,electric_assist
2026-04-07T03:53:32Z,lime,lime:0eaf72067aa6,51.89884,4.49971,False,False,bicycle,electric_assist
2026-04-07T03:53:32Z,lime,lime:c66c684748cb,51.88639,4.54939,False,False,bicycle,electric_assist
2026-04-07T03:53:32Z,lime,lime:d527219e3e18,51.91505,4.51652,False,False,bicycle,electric_assist
2026-04-07T03:53:32Z,lime,lime:3a44d62cd4b4,51.94927,4.43259,False,False,bicycle,electric_assist
2026-04-07T03:53:32Z,lime,lime:5b7264d2935d,51.92607,4.45787,False,False,bicycle,electric_assist
2026-04-07T03:53:32Z,lime,lime:b96f53c265dd,51.91782,4.44515,False,False,bicycle,electric_assist
2026-04-07T03:53:32Z,lime,lime:3c6b8fb907c1,51.87427,4.52313,False,False,bicycle,electric_assist
2026-04-07T03:53:32Z,lime,lime:6e33d191e577,51.92565,4.4152,False,False,bicycle,electric_assist
2026-04-07T03:53:32Z,lime,lime:1025215e0066,51.90479,4.50504,False,False,bicycle,electric_assist
2026-04-07T03:53:32Z,lime,lime:f31d37757f80,51.92161,4.50717,False,False,bicycle,electric_assist
2026-04-07T03:53:32Z,lime,lime:f52cc97315ac,51.88868,4.48175,False,False,bicycle,electric_assist
2026-04-07T03:53:32Z,lime,lime:48fa9f085bde,51.91509,4.48426,False,False,bicycle,electric_assist
2026-04-07T03:53:32Z,lime,lime:b1c099843ba4,51.88701,4.52142,False,False,bicycle,electric_assist
2026-04-07T03:53:32Z,lime,lime:79157a86b99b,51.90114,4.4911,False,False,bicycle,electric_assist
2026-04-07T03:53:32Z,lime,lime:4ea0ea961468,51.92061,4.47397,False,False,bicycle,electric_assist
2026-04-07T03:53:32Z,lime,lime:0c8098142dce,51.92097,4.47207,False,False,bicycle,electric_assist
2026-04-07T03:53:32Z,lime,lime:98f42fc7eb51,51.8864,4.54951,False,False,bicycle,electric_assist
2026-04-07T03:53:32Z,lime,lime:2f54f3af58a8,51.93318,4.45553,False,False,bicycle,electric_assist
2026-04-07T03:53:32Z,lime,lime:1c4124504891,51.90942,4.4421,False,False,bicycle,electric_assist
2026-04-07T03:53:32Z,lime,lime:bf326c231929,51.92434,4.50388,False,False,bicycle,electric_assist
2026-04-07T03:53:32Z,lime,lime:9fb88d9f63ca,51.92009,4.49668,False,False,bicycle,electric_assist
2026-04-07T03:53:32Z,lime,lime:5fc4d67e2414,51.90497,4.44002,False,False,bicycle,electric_assist
2026-04-07T03:53:32Z,lime,lime:f9435c695ccb,51.92094,4.54208,False,False,bicycle,electric_assist
2026-04-07T03:53:32Z,lime,lime:e8f950d07235,51.91954,4.51499,False,False,bicycle,electric_assist
2026-04-07T03:53:32Z,lime,lime:dd86085f4b3e,51.9173,4.434,False,False,bicycle,electric_assist
2026-04-07T03:53:32Z,lime,lime:aef53781543b,51.92169,4.4929,False,False,bicycle,electric_assist
2026-04-07T03:53:32Z,lime,lime:bba54ef7fcc4,51.92397,4.47955,False,False,bicycle,electric_assist
2026-04-07T03:53:32Z,lime,lime:10ba6f57bde7,51.99121,4.365,False,False,bicycle,electric_assist
2026-04-07T03:53:32Z,lime,lime:585eabab041f,51.91283,4.47599,False,False,bicycle,electric_assist
2026-04-07T03:53:32Z,lime,lime:8355c5c33e0f,51.88263,4.52115,False,False,bicycle,electric_assist
2026-04-07T03:53:32Z,lime,lime:d4d42473cac4,51.91972,4.50598,False,False,bicycle,electric_assist
2026-04-07T03:53:32Z,lime,lime:9ae7ea103640,51.90589,4.4759,False,False,bicycle,electric_assist
2026-04-07T03:53:32Z,lime,lime:abd48ceb17c6,51.93168,4.49689,False,False,bicycle,electric_assist
2026-04-07T03:53:32Z,lime,lime:e8bc2665e3d8,51.91336,4.52297,False,False,bicycle,electric_assist
2026-04-07T03:53:32Z,lime,lime:cc296614649f,51.90652,4.4517,False,False,bicycle,electric_assist
2026-04-07T03:53:32Z,lime,lime:9b075788c5b2,51.91484,4.45037,False,False,bicycle,electric_assist
2026-04-07T03:53:32Z,lime,lime:2a8ad80be311,51.87429,4.52317,False,False,bicycle,electric_assist
2026-04-07T03:53:32Z,lime,lime:a2c66ab3fcea,51.90131,4.49103,False,False,bicycle,electric_assist
2026-04-07T03:53:32Z,lime,lime:12c5ff0e7fd3,51.92228,4.50217,False,False,bicycle,electric_assist
2026-04-07T03:53:32Z,lime,lime:f1a47df55710,51.9459,4.47219,False,False,bicycle,electric_assist
2026-04-07T03:53:32Z,lime,lime:8a37275df996,51.9306,4.49618,False,False,bicycle,electric_assist
2026-04-07T03:53:32Z,lime,lime:023359800906,51.92011,4.44389,False,False,bicycle,electric_assist
2026-04-07T03:53:32Z,lime,lime:bdc2f083c3b6,51.9267,4.46257,False,False,bicycle,electric_assist
2026-04-07T03:53:32Z,lime,lime:6f096681d52f,51.91782,4.51808,False,False,bicycle,electric_assist
2026-04-07T03:53:32Z,lime,lime:8d8f01c49ce5,51.91554,4.39663,False,False,bicycle,electric_assist
2026-04-07T03:53:32Z,lime,lime:b80061274175,51.90622,4.49736,False,False,bicycle,electric_assist
2026-04-07T03:53:32Z,lime,lime:d8419ee6faeb,51.94356,4.50208,False,False,bicycle,electric_assist
2026-04-07T03:53:32Z,lime,lime:6e58e90a4c98,51.92562,4.48858,False,False,bicycle,electric_assist
2026-04-07T03:53:32Z,lime,lime:01203cd02b8b,51.90705,4.44183,False,False,bicycle,electric_assist
2026-04-07T03:53:32Z,lime,lime:5aabc5be3743,51.92243,4.46604,False,False,bicycle,electric_assist
2026-04-07T03:53:32Z,lime,lime:d35b81e603ab,51.9017,4.49231,False,False,bicycle,electric_assist
2026-04-07T03:53:32Z,lime,lime:6ca6e09cf961,51.92689,4.50192,False,False,bicycle,electric_assist
2026-04-07T03:53:32Z,lime,lime:8149a91a2928,51.92163,4.50712,False,False,bicycle,electric_assist
2026-04-07T03:53:32Z,lime,lime:fcfc7cff2334,51.94243,4.53789,False,False,bicycle,electric_assist
2026-04-07T03:53:32Z,lime,lime:4ff214ca4e91,51.93772,4.55372,False,False,bicycle,electric_assist
2026-04-07T03:53:32Z,lime,lime:a3d68487b172,51.88062,4.53396,False,False,bicycle,electric_assist
2026-04-07T03:53:32Z,lime,lime:531abe90c9fb,51.9347,4.46811,False,False,bicycle,electric_assist
2026-04-07T03:53:32Z,lime,lime:a2fc1613de69,51.91119,4.38603,False,False,bicycle,electric_assist
2026-04-07T03:53:32Z,lime,lime:69ea6b76cd1c,51.93455,4.45811,False,False,bicycle,electric_assist
2026-04-07T03:53:32Z,lime,lime:e73af4ddc323,51.92218,4.50231,False,False,bicycle,electric_assist
2026-04-07T03:53:32Z,lime,lime:0c1f4ceb0f2b,51.96079,4.47351,False,False,bicycle,electric_assist
2026-04-07T03:53:32Z,lime,lime:2bc3b055669d,51.89006,4.50023,False,False,bicycle,electric_assist
2026-04-07T03:53:32Z,lime,lime:a3714c96b101,51.89472,4.46192,False,False,bicycle,electric_assist
2026-04-07T03:53:32Z,lime,lime:3601cbdc28d3,51.88651,4.54936,False,False,bicycle,electric_assist
2026-04-07T03:53:32Z,lime,lime:38115fa06d8d,51.92318,4.41523,False,False,bicycle,electric_assist
2026-04-07T03:53:32Z,lime,lime:0945871da534,51.92866,4.51035,False,False,bicycle,electric_assist
2026-04-07T03:53:32Z,lime,lime:3e57e46479fc,51.92279,4.46964,False,False,bicycle,electric_assist
2026-04-07T03:53:32Z,lime,lime:e97393e48df3,51.94249,4.53792,False,False,bicycle,electric_assist
2026-04-07T03:53:32Z,lime,lime:46439bfe4879,51.91725,4.49179,False,False,bicycle,electric_assist
2026-04-07T03:53:32Z,lime,lime:abcda4f7781c,51.9446,4.4872,False,False,bicycle,electric_assist
2026-04-07T03:53:32Z,lime,lime:cee50726cb42,51.92323,4.49347,False,False,bicycle,electric_assist
2026-04-07T03:53:32Z,lime,lime:6366c592f5b1,51.91414,4.49588,False,False,bicycle,electric_assist
2026-04-07T03:53:32Z,lime,lime:8d4c26f10c4e,51.95896,4.47157,False,False,bicycle,electric_assist
2026-04-07T03:53:32Z,lime,lime:2b9d6fbe49e5,51.96414,4.55161,False,False,bicycle,electric_assist
2026-04-07T03:53:32Z,lime,lime:9218187b569b,51.91612,4.49006,False,False,bicycle,electric_assist
2026-04-07T03:53:32Z,lime,lime:54e1286e8adb,51.92088,4.45302,False,False,bicycle,electric_assist
2026-04-07T03:53:32Z,lime,lime:b5d33993aa29,51.88046,4.53006,False,False,bicycle,electric_assist
2026-04-07T03:53:32Z,lime,lime:b02e47120c48,51.89471,4.4619,False,False,bicycle,electric_assist
2026-04-07T03:53:32Z,lime,lime:7e41d9446ff5,51.91331,4.43255,False,False,bicycle,electric_assist
2026-04-07T03:53:32Z,lime,lime:0604974013e9,51.90792,4.50136,False,False,bicycle,electric_assist
2026-04-07T03:53:32Z,lime,lime:8b789dca3e21,51.92247,4.48744,False,False,bicycle,electric_assist
2026-04-07T03:53:32Z,lime,lime:fd7937d08bab,51.9509,4.55511,False,False,bicycle,electric_assist
2026-04-07T03:53:32Z,lime,lime:764d631d5141,51.9539,4.46816,False,False,bicycle,electric_assist
2026-04-07T03:53:32Z,lime,lime:1b27d20440b3,51.90325,4.398,False,False,bicycle,electric_assist
2026-04-07T03:53:32Z,lime,lime:59817a6119bd,51.90166,4.49233,False,False,bicycle,electric_assist
2026-04-07T03:53:32Z,lime,lime:208dae569f35,51.89201,4.50462,False,False,bicycle,electric_assist
2026-04-07T03:53:32Z,lime,lime:93530aee2d84,51.92847,4.37072,False,False,bicycle,electric_assist
2026-04-07T03:53:32Z,lime,lime:f69f7947cd8c,51.93032,4.46431,False,False,bicycle,electric_assist
2026-04-07T03:53:32Z,lime,lime:f48134a982d3,51.91558,4.38504,False,False,bicycle,electric_assist
2026-04-07T03:53:32Z,lime,lime:0ec788a1301f,51.93316,4.52199,False,True,bicycle,electric_assist
2026-04-07T03:53:32Z,lime,lime:e8876e4dda17,51.91698,4.52777,False,False,bicycle,electric_assist
2026-04-07T03:53:32Z,lime,lime:99fe1ce3f25a,51.93156,4.49926,False,False,bicycle,electric_assist
2026-04-07T03:53:32Z,lime,lime:34f5d1e6d7b6,51.90026,4.48722,False,False,bicycle,electric_assist
2026-04-07T03:53:32Z,lime,lime:023dba2d7aaa,51.91561,4.49925,False,False,bicycle,electric_assist
2026-04-07T03:53:32Z,lime,lime:3c2e3a166718,51.90334,4.50384,False,False,bicycle,electric_assist
2026-04-07T03:53:32Z,lime,lime:ffb7594a4fb0,51.90991,4.45478,False,False,bicycle,electric_assist
2026-04-07T03:53:32Z,lime,lime:f092486b251a,51.88685,4.48013,False,False,bicycle,electric_assist
2026-04-07T03:53:32Z,lime,lime:b41e15a1f757,51.8899,4.51943,False,False,bicycle,electric_assist
2026-04-07T03:53:32Z,lime,lime:dd9fdc06fa00,51.90057,4.49936,False,False,bicycle,electric_assist
2026-04-07T03:53:32Z,lime,lime:fe001f0dff14,51.89656,4.49416,False,False,bicycle,electric_assist
2026-04-07T03:53:32Z,lime,lime:a84d342d4220,51.94558,4.56863,False,False,bicycle,electric_assist
2026-04-07T03:53:32Z,lime,lime:d7130eebaacc,51.88815,4.46086,False,False,bicycle,electric_assist
2026-04-07T03:53:32Z,lime,lime:3d9831131020,51.94242,4.53785,False,False,bicycle,electric_assist
2026-04-07T03:53:32Z,lime,lime:6e1d79174921,51.99709,4.37151,False,False,bicycle,electric_assist
2026-04-07T03:53:32Z,lime,lime:20633a97a2c6,51.91154,4.47858,False,False,bicycle,electric_assist
2026-04-07T03:53:32Z,lime,lime:0ad0404349af,51.91196,4.50399,False,False,bicycle,electric_assist
2026-04-07T03:53:32Z,lime,lime:d73e40b5da87,51.9226,4.40894,False,False,bicycle,electric_assist
2026-04-07T03:53:32Z,lime,lime:69109a236f22,51.92848,4.49311,False,False,bicycle,electric_assist
2026-04-07T03:53:32Z,lime,lime:15a41919b34f,51.89069,4.4865,False,False,bicycle,electric_assist
2026-04-07T03:53:32Z,lime,lime:dbda918e77a4,51.88818,4.46088,False,False,bicycle,electric_assist
2026-04-07T03:53:32Z,lime,lime:8cb059cff4cb,51.91357,4.47647,False,False,bicycle,electric_assist
2026-04-07T03:53:32Z,lime,lime:3f6bb709bade,51.88448,4.50951,False,False,bicycle,electric_assist
2026-04-07T03:53:32Z,lime,lime:42a4f3ce4178,51.95383,4.52008,False,False,bicycle,electric_assist
2026-04-07T03:53:32Z,lime,lime:59c5b95abe2b,51.91135,4.49763,False,False,bicycle,electric_assist
2026-04-07T03:53:32Z,lime,lime:ed7f5338804b,51.92314,4.49354,False,False,bicycle,electric_assist
2026-04-07T03:53:32Z,lime,lime:839eff70b7a5,51.91565,4.49792,False,False,bicycle,electric_assist
2026-04-07T03:53:32Z,lime,lime:ec8da2cab607,51.91683,4.43837,False,False,bicycle,electric_assist
2026-04-07T03:53:32Z,lime,lime:0708ba248ad6,51.92702,4.47232,False,False,bicycle,electric_assist
2026-04-07T03:53:32Z,lime,lime:6b6c2af01066,51.93994,4.47643,False,False,bicycle,electric_assist
2026-04-07T03:53:32Z,lime,lime:79a8b884133a,51.92528,4.50911,False,True,bicycle,electric_assist
2026-04-07T03:53:32Z,lime,lime:962c5f5e99a1,51.90323,4.39801,False,False,bicycle,electric_assist
2026-04-07T03:53:32Z,lime,lime:f6d7cf0f237d,51.90328,4.50208,False,False,bicycle,electric_assist
2026-04-07T03:53:32Z,lime,lime:ec1651b9b4e7,51.90788,4.50139,False,False,bicycle,electric_assist
2026-04-07T03:53:32Z,lime,lime:46bfe190028c,51.99131,4.34841,False,False,bicycle,electric_assist
2026-04-07T03:53:32Z,lime,lime:0a46e5bd6d2c,51.92918,4.50527,False,False,bicycle,electric_assist
2026-04-07T03:53:32Z,lime,lime:69dc63ff51ee,51.92852,4.50195,False,False,bicycle,electric_assist
2026-04-07T03:53:32Z,lime,lime:496c2cd8f8dc,51.9356,4.46812,False,False,bicycle,electric_assist
2026-04-07T03:53:32Z,lime,lime:0b16144e479d,51.92166,4.49289,False,False,bicycle,electric_assist
2026-04-07T03:53:32Z,lime,lime:79ae8a900349,51.92887,4.50981,False,False,bicycle,electric_assist
2026-04-07T03:53:32Z,lime,lime:2fd0cd4c41e7,51.9207,4.52493,False,False,bicycle,electric_assist
2026-04-07T03:53:32Z,lime,lime:080cfcc84822,51.9274,4.52094,False,False,bicycle,electric_assist
2026-04-07T03:53:32Z,lime,lime:f8dead2e8d98,51.95323,4.47451,False,False,bicycle,electric_assist
2026-04-07T03:53:32Z,lime,lime:103f29be2a3b,51.94187,4.54639,False,False,bicycle,electric_assist
2026-04-07T03:53:32Z,lime,lime:93cf3fc5b81a,51.92952,4.46779,False,False,bicycle,electric_assist
2026-04-07T03:53:32Z,lime,lime:18d6c46d3d76,51.91427,4.49614,False,False,bicycle,electric_assist
2026-04-07T03:53:32Z,lime,lime:eaa8731584c7,51.95891,4.48097,False,False,bicycle,electric_assist
2026-04-07T03:53:32Z,lime,lime:dbbe0edf952f,51.93402,4.49701,False,False,bicycle,electric_assist
2026-04-07T03:53:32Z,lime,lime:b7dc6d575491,51.9162,4.49017,False,False,bicycle,electric_assist
2026-04-07T03:53:32Z,lime,lime:220fdd7fef01,51.9303,4.48374,False,False,bicycle,electric_assist
2026-04-07T03:53:32Z,lime,lime:f5da959d900f,51.88936,4.49134,False,False,bicycle,electric_assist
2026-04-07T03:53:32Z,lime,lime:b96b89d1be05,51.92105,4.52612,False,False,bicycle,electric_assist
2026-04-07T03:53:32Z,lime,lime:b8060e142c0c,51.93205,4.48557,False,False,bicycle,electric_assist
2026-04-07T03:53:32Z,lime,lime:feac0d9d7536,51.92733,4.44065,False,False,bicycle,electric_assist
2026-04-07T03:53:32Z,lime,lime:df444dd54116,51.94711,4.48521,False,False,bicycle,electric_assist
2026-04-07T03:53:32Z,lime,lime:bf814b629368,51.89686,4.52182,False,False,bicycle,electric_assist
2026-04-07T03:53:32Z,lime,lime:997385f38c51,51.93824,4.40432,False,False,bicycle,electric_assist
2026-04-07T03:53:32Z,lime,lime:292656af3577,51.91411,4.42238,False,False,bicycle,electric_assist
2026-04-07T03:53:32Z,lime,lime:56e1287b7be0,51.96336,4.55455,False,False,bicycle,electric_assist
2026-04-07T03:53:32Z,lime,lime:806c6450f562,51.96257,4.48764,False,False,bicycle,electric_assist
2026-04-07T03:53:32Z,lime,lime:0a8e31ee41fb,51.93699,4.42773,False,False,bicycle,electric_assist
2026-04-07T03:53:32Z,lime,lime:c90d6a956db1,51.95917,4.49363,False,False,bicycle,electric_assist
2026-04-07T03:53:32Z,lime,lime:5e4179e0dc8e,51.92922,4.46385,False,False,bicycle,electric_assist
2026-04-07T03:53:32Z,lime,lime:d2147653fbf3,51.89187,4.47342,False,False,bicycle,electric_assist
2026-04-07T03:53:32Z,lime,lime:2cb7051c57e0,51.9139,4.39744,False,False,bicycle,electric_assist
2026-04-07T03:53:32Z,lime,lime:4cbe1648e1a6,51.93566,4.41504,False,False,bicycle,electric_assist
2026-04-07T03:53:32Z,lime,lime:1978ca0e65da,51.9134,4.43255,False,False,bicycle,electric_assist
2026-04-07T03:53:32Z,lime,lime:4956558bd05c,51.91235,4.511,False,False,bicycle,electric_assist
2026-04-07T03:53:32Z,lime,lime:a0b166ad6eb7,51.90423,4.50459,False,False,bicycle,electric_assist
2026-04-07T03:53:32Z,lime,lime:7a41eaf70008,51.91406,4.44836,False,False,bicycle,electric_assist
2026-04-07T03:53:32Z,lime,lime:732f4dafebfd,51.9041,4.50342,False,False,bicycle,electric_assist
2026-04-07T03:53:32Z,lime,lime:286278c15579,51.90308,4.4687,False,False,bicycle,electric_assist
2026-04-07T03:53:32Z,lime,lime:bc45d6f1fc52,51.88729,4.53796,False,False,bicycle,electric_assist
2026-04-07T03:53:32Z,lime,lime:323ed6643f73,51.92968,4.47979,False,False,bicycle,electric_assist
2026-04-07T03:53:32Z,lime,lime:7eac336415b9,51.93142,4.50716,False,False,bicycle,electric_assist
2026-04-07T03:53:32Z,lime,lime:80e73d40bf7b,51.93549,4.45822,False,False,bicycle,electric_assist
2026-04-07T03:53:32Z,lime,lime:6b4ef3e7c936,51.92768,4.47655,False,False,bicycle,electric_assist
2026-04-07T03:53:32Z,lime,lime:328a0c31126c,51.89733,4.46921,False,False,bicycle,electric_assist
2026-04-07T03:53:32Z,lime,lime:3dbe76781723,51.89558,4.5065,False,False,bicycle,electric_assist
2026-04-07T03:53:32Z,lime,lime:b582535d3a35,51.99051,4.35722,False,False,bicycle,electric_assist
2026-04-07T03:53:32Z,lime,lime:3c5b6b321322,51.92966,4.44802,False,False,bicycle,electric_assist
2026-04-07T03:53:32Z,lime,lime:bc88e9d08805,51.94632,4.4871,False,False,bicycle,electric_assist
2026-04-07T03:53:32Z,lime,lime:c95ce273b6f0,51.92948,4.50106,False,False,bicycle,electric_assist
2026-04-07T03:53:32Z,lime,lime:3628dd266050,51.91802,4.41501,False,False,bicycle,electric_assist
2026-04-07T03:53:32Z,lime,lime:f09c6af9c0ce,51.89918,4.48183,False,False,bicycle,electric_assist
2026-04-07T03:53:32Z,lime,lime:dd286b7f1fd2,51.89686,4.52176,False,False,bicycle,electric_assist
2026-04-07T03:53:32Z,lime,lime:6226b8c79752,51.887,4.50498,False,False,bicycle,electric_assist
2026-04-07T03:53:32Z,lime,lime:1dd9c5d5fd15,51.91101,4.5014,False,False,bicycle,electric_assist
2026-04-07T03:53:32Z,lime,lime:d7a751e97eb1,51.99631,4.37249,False,False,bicycle,electric_assist
2026-04-07T03:53:32Z,lime,lime:147ad7bb8a89,51.92449,4.49906,False,False,bicycle,electric_assist
2026-04-07T03:53:32Z,lime,lime:cfce48687308,51.92792,4.45635,False,False,bicycle,electric_assist
2026-04-07T03:53:32Z,lime,lime:0d0b622888ac,51.92019,4.47206,False,False,bicycle,electric_assist
2026-04-07T03:53:32Z,lime,lime:f95e69520e3e,51.92168,4.49299,False,False,bicycle,electric_assist
2026-04-07T03:53:32Z,lime,lime:a2314eafd1cc,51.92279,4.46958,False,False,bicycle,electric_assist
2026-04-07T03:53:32Z,lime,lime:37122ca4895d,51.89436,4.46272,False,True,bicycle,electric_assist
2026-04-07T03:53:32Z,lime,lime:8270428e726e,51.9267,4.46265,False,False,bicycle,electric_assist
2026-04-07T03:53:32Z,lime,lime:1a56c8bbaae0,51.88817,4.46085,False,False,bicycle,electric_assist
2026-04-07T03:53:32Z,lime,lime:4ca418ef19a4,51.91249,4.43029,False,False,bicycle,electric_assist
2026-04-07T03:53:32Z,lime,lime:91f31cc35dd9,51.91008,4.45667,False,False,bicycle,electric_assist
2026-04-07T03:53:32Z,lime,lime:48db15710ef7,51.92003,4.44517,False,False,bicycle,electric_assist
2026-04-07T03:53:32Z,lime,lime:dfb352f4a439,51.92315,4.4878,False,False,bicycle,electric_assist
2026-04-07T03:53:32Z,lime,lime:0a8c1c1641e4,51.93167,4.45623,False,False,bicycle,electric_assist
2026-04-07T03:53:32Z,lime,lime:05486bb76b93,51.92674,4.54947,False,False,bicycle,electric_assist
2026-04-07T03:53:32Z,lime,lime:dd5125a11b2a,51.93159,4.49891,False,False,bicycle,electric_assist
2026-04-07T03:53:32Z,lime,lime:a07b7d2c7be4,51.88322,4.47313,False,False,bicycle,electric_assist
2026-04-07T03:53:32Z,lime,lime:922d4ce06eee,51.91088,4.51944,False,False,bicycle,electric_assist
2026-04-07T03:53:32Z,lime,lime:c9fa410c1009,51.88898,4.47887,False,False,bicycle,electric_assist
2026-04-07T03:53:32Z,lime,lime:ca9451601274,51.90353,4.50477,False,False,bicycle,electric_assist
2026-04-07T03:53:32Z,lime,lime:7df3fb9310cb,51.8865,4.49651,False,False,bicycle,electric_assist
2026-04-07T03:53:32Z,lime,lime:9ce9d4009b1e,51.93775,4.55371,False,False,bicycle,electric_assist
2026-04-07T03:53:32Z,lime,lime:c9efba9e9d19,51.91473,4.43591,False,False,bicycle,electric_assist
2026-04-07T03:53:32Z,lime,lime:3e757bdce309,51.90764,4.39638,False,False,bicycle,electric_assist
2026-04-07T03:53:32Z,lime,lime:5eb40643eec0,51.93036,4.51242,False,False,bicycle,electric_assist
2026-04-07T03:53:32Z,lime,lime:9af31b3a08ff,51.93062,4.49618,False,False,bicycle,electric_assist
2026-04-07T03:53:32Z,lime,lime:59868011c7ec,51.89761,4.51127,False,False,bicycle,electric_assist
2026-04-07T03:53:32Z,lime,lime:bb765e6155d1,51.89038,4.48537,False,False,bicycle,electric_assist
2026-04-07T03:53:32Z,lime,lime:66203aa418d9,51.87493,4.46788,False,False,bicycle,electric_assist
2026-04-07T03:53:32Z,lime,lime:e9554e6acd3d,51.92773,4.47649,False,False,bicycle,electric_assist
2026-04-07T03:53:32Z,lime,lime:26eb85c0dbc1,51.92018,4.44313,False,False,bicycle,electric_assist
2026-04-07T03:53:32Z,lime,lime:8d0db8ae9d74,51.92267,4.47332,False,False,bicycle,electric_assist
2026-04-07T03:53:32Z,lime,lime:577267fb6c7c,51.93462,4.49815,False,False,bicycle,electric_assist
2026-04-07T03:53:32Z,lime,lime:b7ec828307cd,51.928,4.47952,False,False,bicycle,electric_assist
2026-04-07T03:53:32Z,lime,lime:39864c385b09,51.92734,4.44062,False,False,bicycle,electric_assist
2026-04-07T03:53:32Z,lime,lime:c27f2f8d7fbd,51.97187,4.49614,False,False,bicycle,electric_assist
2026-04-07T03:53:32Z,lime,lime:42b1a1e92253,51.94525,4.475,False,False,bicycle,electric_assist
2026-04-07T03:53:32Z,lime,lime:9143de5560fe,51.91532,4.50031,False,False,bicycle,electric_assist
2026-04-07T03:53:32Z,lime,lime:54c572d1d031,51.94329,4.47164,False,True,bicycle,electric_assist
2026-04-07T03:53:32Z,lime,lime:dce018e7f4e4,51.93374,4.47681,False,False,bicycle,electric_assist
2026-04-07T03:53:32Z,lime,lime:1a7dceb25840,51.92739,4.44045,False,False,bicycle,electric_assist
2026-04-07T03:53:32Z,lime,lime:1fbe140b15cb,51.89916,4.4846,False,False,bicycle,electric_assist
2026-04-07T03:53:32Z,lime,lime:60294cd628d3,51.91783,4.44515,False,False,bicycle,electric_assist
2026-04-07T03:53:32Z,lime,lime:4938bfe4071c,51.91915,4.49375,False,False,bicycle,electric_assist
2026-04-07T03:53:32Z,lime,lime:56f696b123bd,51.89937,4.47775,False,False,bicycle,electric_assist
2026-04-07T03:53:32Z,lime,lime:1a866939cdbf,51.87484,4.46793,False,False,bicycle,electric_assist
2026-04-07T03:53:32Z,lime,lime:db555e34b1df,51.92735,4.44055,False,False,bicycle,electric_assist
2026-04-07T03:53:32Z,lime,lime:7b948fc872a8,51.92015,4.50016,False,False,bicycle,electric_assist
2026-04-07T03:53:32Z,lime,lime:c59985025484,51.88913,4.48688,False,False,bicycle,electric_assist
2026-04-07T03:53:32Z,lime,lime:b794bac444a2,51.91689,4.52784,False,True,bicycle,electric_assist
2026-04-07T03:53:32Z,lime,lime:4244c462e734,51.9204,4.42259,False,False,bicycle,electric_assist
2026-04-07T03:53:32Z,lime,lime:c443050f14a9,51.92166,4.50701,False,False,bicycle,electric_assist
2026-04-07T03:53:32Z,lime,lime:d9dfbd5e4bdc,51.906,4.47584,False,False,bicycle,electric_assist
2026-04-07T03:53:32Z,lime,lime:8ca290d252cb,51.92036,4.42265,False,False,bicycle,electric_assist
2026-04-07T03:53:32Z,lime,lime:bac75b7d13ac,51.90705,4.45535,False,False,bicycle,electric_assist
2026-04-07T03:53:32Z,lime,lime:5eb6cb5f82d2,51.93558,4.49559,False,False,bicycle,electric_assist
2026-04-07T03:53:32Z,lime,lime:47484a6ba5ec,51.92436,4.42223,False,False,bicycle,electric_assist
2026-04-07T03:53:32Z,lime,lime:a53d5b1c39e7,51.959,4.47155,False,False,bicycle,electric_assist
2026-04-07T03:53:32Z,lime,lime:d8bdbd9ec35e,51.93235,4.47471,False,False,bicycle,electric_assist
2026-04-07T03:53:32Z,lime,lime:58b7c7cf87dc,51.89116,4.47957,False,False,bicycle,electric_assist
2026-04-07T03:53:32Z,lime,lime:d94717994b4f,51.92262,4.47354,False,False,bicycle,electric_assist
2026-04-07T03:53:32Z,lime,lime:e6de9e6e7cf6,51.92914,4.50532,False,True,bicycle,electric_assist
2026-04-07T03:53:32Z,lime,lime:6fee3a3df76d,51.90307,4.44289,False,False,bicycle,electric_assist
2026-04-07T03:53:32Z,lime,lime:952a981fdcb1,51.91705,4.44098,False,False,bicycle,electric_assist
2026-04-07T03:53:32Z,lime,lime:ff49e0d99b91,51.9149,4.46563,False,False,bicycle,electric_assist
2026-04-07T03:53:32Z,lime,lime:45efc2c80900,51.92114,4.54106,False,False,bicycle,electric_assist
2026-04-07T03:53:32Z,lime,lime:68f0432f40c2,51.9453,4.53895,False,False,bicycle,electric_assist
2026-04-07T03:53:32Z,lime,lime:add44bdb14c7,51.9976,4.33328,False,False,bicycle,electric_assist
2026-04-07T03:53:32Z,lime,lime:69653b0e5206,51.91736,4.4851,False,False,bicycle,electric_assist
2026-04-07T03:53:32Z,lime,lime:72ce87aee9d2,51.89031,4.5198,False,False,bicycle,electric_assist
2026-04-07T03:53:32Z,lime,lime:12ea6389ad94,51.9406,4.43229,False,False,bicycle,electric_assist
2026-04-07T03:53:32Z,lime,lime:94687d245bf1,51.93394,4.49688,False,False,bicycle,electric_assist
2026-04-07T03:53:32Z,lime,lime:9ff1c4aa97c3,51.92549,4.5062,False,False,bicycle,electric_assist
2026-04-07T03:53:32Z,lime,lime:009ec06d6706,51.89767,4.51135,False,False,bicycle,electric_assist
2026-04-07T03:53:32Z,lime,lime:f5918ab8f351,51.94249,4.5379,False,False,bicycle,electric_assist
2026-04-07T03:53:32Z,lime,lime:fa4c1996c3a5,51.96242,4.46557,False,False,bicycle,electric_assist
2026-04-07T03:53:32Z,lime,lime:dd2fdab79217,51.91005,4.45226,False,False,bicycle,electric_assist
2026-04-07T03:53:32Z,lime,lime:b813dc3f7b8e,51.89688,4.52364,False,False,bicycle,electric_assist
2026-04-07T03:53:32Z,lime,lime:0b863f0b9fac,51.88688,4.48007,False,False,bicycle,electric_assist
2026-04-07T03:53:32Z,lime,lime:818088b8754e,51.9189,4.49389,False,False,bicycle,electric_assist
2026-04-07T03:53:32Z,lime,lime:3cef1a58bd46,51.94184,4.5464,False,False,bicycle,electric_assist
2026-04-07T03:53:32Z,lime,lime:6a2e1b79ccf1,51.90622,4.49741,False,False,bicycle,electric_assist
2026-04-07T03:53:32Z,lime,lime:7336a9e5abd4,51.92726,4.50781,False,False,bicycle,electric_assist
2026-04-07T03:53:32Z,lime,lime:cf9e6a2e81e5,51.92762,4.50411,False,False,bicycle,electric_assist
2026-04-07T03:53:32Z,lime,lime:0a812e48989b,51.93344,4.44296,False,False,bicycle,electric_assist
2026-04-07T03:53:32Z,lime,lime:c42ec120784a,51.91514,4.52148,False,False,bicycle,electric_assist
2026-04-07T03:53:32Z,lime,lime:61cd521b5dc1,51.9193,4.44929,False,False,bicycle,electric_assist
2026-04-07T03:53:32Z,lime,lime:346a8b163915,51.91505,4.52145,False,False,bicycle,electric_assist
2026-04-07T03:53:32Z,lime,lime:9a45acf6669c,51.91024,4.44466,False,False,bicycle,electric_assist
2026-04-07T03:53:32Z,lime,lime:9d6303505b6c,51.88819,4.46085,False,False,bicycle,electric_assist
2026-04-07T03:53:32Z,lime,lime:1bcf78254ec6,51.89422,4.49933,False,False,bicycle,electric_assist
2026-04-07T03:53:32Z,lime,lime:b1ea2ca387ef,51.91442,4.41238,False,False,bicycle,electric_assist
2026-04-07T03:53:32Z,lime,lime:1117fed6177e,51.89009,4.4829,False,False,bicycle,electric_assist
2026-04-07T03:53:32Z,lime,lime:5a522879c897,51.92299,4.38677,False,False,bicycle,electric_assist
2026-04-07T03:53:32Z,lime,lime:8b4aa61ff20c,51.94401,4.50286,False,False,bicycle,electric_assist
2026-04-07T03:53:32Z,lime,lime:db1242b1625f,51.93305,4.49739,False,False,bicycle,electric_assist
2026-04-07T03:53:32Z,lime,lime:6c921c07eaf0,51.89221,4.49831,False,False,bicycle,electric_assist
2026-04-07T03:53:32Z,lime,lime:bd45f585664e,51.89059,4.47276,False,False,bicycle,electric_assist
2026-04-07T03:53:32Z,lime,lime:d97ee0935e72,51.96506,4.5492,False,False,bicycle,electric_assist
2026-04-07T03:53:32Z,lime,lime:2362a8d37691,51.92267,4.4735,False,False,bicycle,electric_assist
2026-04-07T03:53:32Z,lime,lime:e051351843fe,51.9341,4.44229,False,False,bicycle,electric_assist
2026-04-07T03:53:32Z,lime,lime:51838e3676cb,51.93363,4.48108,False,False,bicycle,electric_assist
2026-04-07T03:53:32Z,lime,lime:4801c202dee1,51.93244,4.46787,False,False,bicycle,electric_assist
2026-04-07T03:53:32Z,lime,lime:2579a8b9fbbd,51.8851,4.51256,False,False,bicycle,electric_assist
2026-04-07T03:53:32Z,lime,lime:90f6b059ef65,51.93209,4.4957,False,False,bicycle,electric_assist
2026-04-07T03:53:32Z,lime,lime:4d7ffb70d3ed,51.92945,4.49224,False,False,bicycle,electric_assist
2026-04-07T03:53:32Z,lime,lime:28b9ec7f7cda,51.89765,4.51131,False,False,bicycle,electric_assist
2026-04-07T03:53:32Z,lime,lime:0a09820ce20a,51.923,4.51558,False,False,bicycle,electric_assist
2026-04-07T03:53:32Z,lime,lime:91a3fe261b3f,51.92881,4.46906,False,False,bicycle,electric_assist
2026-04-07T03:53:32Z,lime,lime:3471f6348b8b,51.93191,4.49771,False,False,bicycle,electric_assist
2026-04-07T03:53:32Z,lime,lime:5ed2bc7493a8,51.91233,4.4591,False,False,bicycle,electric_assist
2026-04-07T03:53:32Z,lime,lime:9cde7b1d0fd3,51.93269,4.45592,False,False,bicycle,electric_assist
2026-04-07T03:53:32Z,lime,lime:09399d51faa6,51.89921,4.48311,True,False,bicycle,electric_assist
2026-04-07T03:53:32Z,lime,lime:2f5dafaec338,51.92574,4.45483,False,False,bicycle,electric_assist
2026-04-07T03:53:32Z,lime,lime:1eac0e3e62ad,51.90925,4.45822,False,False,bicycle,electric_assist
2026-04-07T03:53:32Z,lime,lime:24eee975c113,51.9113,4.48969,False,False,bicycle,electric_assist
2026-04-07T03:53:32Z,lime,lime:5a71925bf014,51.99297,4.3526,False,False,bicycle,electric_assist
2026-04-07T03:53:32Z,lime,lime:d956d012f10c,51.9035,4.50464,False,False,bicycle,electric_assist
2026-04-07T03:53:32Z,lime,lime:76540d3e757b,51.87487,4.46786,False,False,bicycle,electric_assist
2026-04-07T03:53:32Z,lime,lime:b5198e2fb2ed,51.88999,4.46886,False,False,bicycle,electric_assist
2026-04-07T03:53:32Z,lime,lime:af0acd30bf67,51.88263,4.52118,False,False,bicycle,electric_assist
2026-04-07T03:53:32Z,lime,lime:b64855baf84c,51.93725,4.53616,False,False,bicycle,electric_assist
2026-04-07T03:53:32Z,lime,lime:d8f049b35851,51.92215,4.47071,False,False,bicycle,electric_assist
2026-04-07T03:53:32Z,lime,lime:b4c199177456,51.90565,4.46287,False,False,bicycle,electric_assist
2026-04-07T03:53:32Z,lime,lime:2abbb9630b6f,51.94329,4.47157,False,False,bicycle,electric_assist
2026-04-07T03:53:32Z,lime,lime:1c76907348dc,51.92107,4.54124,False,False,bicycle,electric_assist
2026-04-07T03:53:32Z,lime,lime:9b3005c9d90e,51.91736,4.42052,False,False,bicycle,electric_assist
2026-04-07T03:53:32Z,lime,lime:2a676ad0cf39,51.90009,4.48288,False,False,bicycle,electric_assist
2026-04-07T03:53:32Z,lime,lime:d6901ba67453,51.9274,4.44042,False,False,bicycle,electric_assist
2026-04-07T03:53:32Z,lime,lime:1e5e9614330f,51.90471,4.45388,False,False,bicycle,electric_assist
2026-04-07T03:53:32Z,lime,lime:1db78ce38e5b,51.93337,4.42025,False,False,bicycle,electric_assist
2026-04-07T03:53:32Z,lime,lime:f7d8e412af4f,51.98261,4.37908,False,False,bicycle,electric_assist
2026-04-07T03:53:32Z,lime,lime:b0b0a8725127,51.91293,4.48537,False,False,bicycle,electric_assist
2026-04-07T03:53:32Z,lime,lime:e5c18913f520,51.90136,4.48041,False,False,bicycle,electric_assist
2026-04-07T03:53:32Z,lime,lime:03c5646c1ba5,51.91383,4.45006,False,False,bicycle,electric_assist
2026-04-07T03:53:32Z,lime,lime:9a4e7a58af6e,51.92539,4.51736,False,False,bicycle,electric_assist
2026-04-07T03:53:32Z,lime,lime:20b88e00c530,51.88964,4.49601,False,False,bicycle,electric_assist
2026-04-07T03:53:32Z,lime,lime:a75fbcf5211c,51.95474,4.46679,False,True,bicycle,electric_assist
2026-04-07T03:53:32Z,lime,lime:a19e2453dcc2,51.88631,4.47055,False,False,bicycle,electric_assist
2026-04-07T03:53:32Z,lime,lime:37f9a52b9277,51.87376,4.47704,False,False,bicycle,electric_assist
2026-04-07T03:53:32Z,lime,lime:2c030b5f230b,51.93446,4.46326,False,False,bicycle,electric_assist
2026-04-07T03:53:32Z,lime,lime:7d814faa1652,51.93326,4.491,False,False,bicycle,electric_assist
2026-04-07T03:53:32Z,lime,lime:3f21dc604480,51.91568,4.47067,False,False,bicycle,electric_assist
2026-04-07T03:53:32Z,lime,lime:843ff97b8427,51.90499,4.44011,False,False,bicycle,electric_assist
2026-04-07T03:53:32Z,lime,lime:2195d8d21ee2,51.89235,4.53071,False,False,bicycle,electric_assist
2026-04-07T03:53:32Z,lime,lime:f16abacde6b3,51.88582,4.50841,False,False,bicycle,electric_assist
2026-04-07T03:53:32Z,lime,lime:9f6621753043,51.90765,4.39641,False,True,bicycle,electric_assist
2026-04-07T03:53:32Z,lime,lime:acb87077a3da,51.94205,4.40692,False,False,bicycle,electric_assist
2026-04-07T03:53:32Z,lime,lime:32988d1b9422,51.92475,4.51473,False,False,bicycle,electric_assist
2026-04-07T03:53:32Z,lime,lime:cc1606bd02f0,51.92771,4.4836,False,False,bicycle,electric_assist
2026-04-07T03:53:32Z,lime,lime:ea6e07c9f8a3,51.90791,4.50137,False,False,bicycle,electric_assist
2026-04-07T03:53:32Z,lime,lime:9d7deb2862b3,51.92262,4.38262,False,False,bicycle,electric_assist
2026-04-07T03:53:32Z,lime,lime:aee794c27bed,51.90808,4.45183,False,False,bicycle,electric_assist
2026-04-07T03:53:32Z,lime,lime:ac8a49e6963b,51.89387,4.50948,False,False,bicycle,electric_assist
2026-04-07T03:53:32Z,lime,lime:5fb627731011,51.89939,4.48302,False,False,bicycle,electric_assist
2026-04-07T03:53:32Z,lime,lime:8e379608e420,51.88638,4.54932,False,False,bicycle,electric_assist
2026-04-07T03:53:32Z,lime,lime:8054c7db74c5,51.93557,4.47443,False,False,bicycle,electric_assist
2026-04-07T03:53:32Z,lime,lime:196bde947a20,51.9142,4.49611,False,False,bicycle,electric_assist
2026-04-07T03:53:32Z,lime,lime:b4fcd0d3c92a,51.92078,4.49613,False,False,bicycle,electric_assist
2026-04-07T03:53:32Z,lime,lime:4bbd92773b4b,51.93372,4.45591,False,False,bicycle,electric_assist
2026-04-07T03:53:32Z,lime,lime:0cda29897707,51.9101,4.51961,False,True,bicycle,electric_assist
2026-04-07T03:53:32Z,lime,lime:9817bb9cfd24,51.91705,4.46082,False,False,bicycle,electric_assist
2026-04-07T03:53:32Z,lime,lime:9af71d3e9325,51.93282,4.47534,False,False,bicycle,electric_assist
2026-04-07T03:53:32Z,lime,lime:0dc584177b20,51.9232,4.49349,False,False,bicycle,electric_assist
2026-04-07T03:53:32Z,lime,lime:e67dd2f28174,51.89117,4.47962,False,False,bicycle,electric_assist
2026-04-07T03:53:32Z,lime,lime:13a9252c2fb5,51.925,4.51958,False,False,bicycle,electric_assist
2026-04-07T03:53:32Z,lime,lime:da218d4f4d56,51.9226,4.38262,False,False,bicycle,electric_assist
2026-04-07T03:53:32Z,lime,lime:dfa697f994c0,51.93662,4.48558,False,False,bicycle,electric_assist
2026-04-07T03:53:32Z,lime,lime:643da0cf69d4,51.91201,4.49078,False,False,bicycle,electric_assist
2026-04-07T03:53:32Z,lime,lime:662f133c69ac,51.9229,4.46965,False,False,bicycle,electric_assist
2026-04-07T03:53:32Z,lime,lime:6596f72c8e9f,51.92195,4.47066,False,False,bicycle,electric_assist
2026-04-07T03:53:32Z,lime,lime:cc2eb281c2da,51.9971,4.37157,False,False,bicycle,electric_assist
2026-04-07T03:53:32Z,lime,lime:0a64b4fdbe72,51.89471,4.46191,False,False,bicycle,electric_assist
2026-04-07T03:53:32Z,lime,lime:8c8c188d29aa,51.92529,4.51731,False,False,bicycle,electric_assist
2026-04-07T03:53:32Z,lime,lime:a470ccfc7184,51.92272,4.47348,False,False,bicycle,electric_assist
2026-04-07T03:53:32Z,lime,lime:30ca959cb475,51.92085,4.51471,False,False,bicycle,electric_assist
2026-04-07T03:53:32Z,lime,lime:4dd1351da63a,51.92785,4.54229,False,False,bicycle,electric_assist
2026-04-07T03:53:32Z,lime,lime:58576a18ae7b,51.90283,4.46945,False,False,bicycle,electric_assist
2026-04-07T03:53:32Z,lime,lime:859d7a075e31,51.91116,4.5248,False,False,bicycle,electric_assist
2026-04-07T03:53:32Z,lime,lime:f6dbeba19014,51.91473,4.43863,False,False,bicycle,electric_assist
2026-04-07T03:53:32Z,lime,lime:52e47b633ff9,51.92238,4.54798,False,False,bicycle,electric_assist
2026-04-07T03:53:32Z,lime,lime:a8c06ef3765d,51.90447,4.40702,False,False,bicycle,electric_assist
2026-04-07T03:53:32Z,lime,lime:1994bbd22518,51.93695,4.42766,False,False,bicycle,electric_assist
2026-04-07T03:53:32Z,lime,lime:de3a80be39b5,51.91739,4.4205,False,False,bicycle,electric_assist
2026-04-07T03:53:32Z,lime,lime:54eb84afacd9,51.89818,4.47953,False,False,bicycle,electric_assist
2026-04-07T03:53:32Z,lime,lime:eb03a820d024,51.944,4.50287,False,False,bicycle,electric_assist
2026-04-07T03:53:32Z,lime,lime:b8fb62974e82,51.91975,4.513,False,False,bicycle,electric_assist
2026-04-07T03:53:32Z,lime,lime:cba31e995c35,51.88051,4.53005,False,False,bicycle,electric_assist
2026-04-07T03:53:32Z,lime,lime:e2db3afefdcb,51.918,4.41505,True,False,bicycle,electric_assist
2026-04-07T03:53:32Z,lime,lime:9b9673c70f29,51.90942,4.48246,False,False,bicycle,electric_assist
2026-04-07T03:53:32Z,lime,lime:e9ca0a04418a,51.91151,4.46292,False,False,bicycle,electric_assist
2026-04-07T03:53:32Z,lime,lime:7f4c6acd299a,51.92743,4.51093,False,False,bicycle,electric_assist
2026-04-07T03:53:32Z,lime,lime:e48a2ac76e44,51.90359,4.40087,False,False,bicycle,electric_assist
2026-04-07T03:53:32Z,lime,lime:55e7dce2576c,51.91833,4.48324,False,False,bicycle,electric_assist
2026-04-07T03:53:32Z,lime,lime:6bbf05d6e10e,51.92708,4.51044,False,False,bicycle,electric_assist
2026-04-07T03:53:32Z,lime,lime:bda2956d7b03,51.93145,4.46146,False,False,bicycle,electric_assist
2026-04-07T03:53:32Z,lime,lime:e2ae222e95ea,51.92306,4.49678,False,False,bicycle,electric_assist
2026-04-07T03:53:32Z,lime,lime:2547768096f8,51.94523,4.55507,False,False,bicycle,electric_assist
2026-04-07T03:53:32Z,lime,lime:204b1f5c4088,51.92631,4.42687,False,False,bicycle,electric_assist
2026-04-07T03:53:32Z,lime,lime:0c336c15d5f5,51.93601,4.46595,False,False,bicycle,electric_assist
2026-04-07T03:53:32Z,lime,lime:63dbc8f63e69,51.89836,4.4735,False,False,bicycle,electric_assist
2026-04-07T03:53:32Z,lime,lime:abbcc14c5598,51.91423,4.49609,False,False,bicycle,electric_assist
2026-04-07T03:53:32Z,lime,lime:1192126ddc5b,51.93331,4.45417,False,False,bicycle,electric_assist
2026-04-07T03:53:32Z,lime,lime:19f877c840af,51.90937,4.50806,False,False,bicycle,electric_assist
2026-04-07T03:53:32Z,lime,lime:a8a327902e6b,51.92736,4.44049,False,False,bicycle,electric_assist
2026-04-07T03:53:32Z,lime,lime:8c64d85d9a51,51.98847,4.38357,False,False,bicycle,electric_assist
2026-04-07T03:53:32Z,lime,lime:b29297301344,51.94292,4.48395,False,False,bicycle,electric_assist
2026-04-07T03:53:32Z,lime,lime:3565c504dc6f,51.95136,4.47047,False,False,bicycle,electric_assist
2026-04-07T03:53:32Z,lime,lime:2dd58b5e0012,51.95991,4.47882,False,False,bicycle,electric_assist
2026-04-07T03:53:32Z,lime,lime:7060d8aed2f2,51.92685,4.47296,False,False,bicycle,electric_assist
2026-04-07T03:53:32Z,lime,lime:1b09b9f0de68,51.91775,4.48752,False,False,bicycle,electric_assist
2026-04-07T03:53:32Z,lime,lime:37e95d0c04d5,51.89381,4.50944,False,False,bicycle,electric_assist
2026-04-07T03:53:32Z,lime,lime:0de6650a0f3e,51.92272,4.45789,False,False,bicycle,electric_assist
2026-04-07T03:53:32Z,lime,lime:3497666ac308,51.91263,4.52733,False,False,bicycle,electric_assist
2026-04-07T03:53:32Z,lime,lime:130e153e3eda,51.91153,4.47852,False,False,bicycle,electric_assist
2026-04-07T03:53:32Z,lime,lime:12d90e53b972,51.92188,4.54603,False,False,bicycle,electric_assist
2026-04-07T03:53:32Z,lime,lime:9416442b80fd,51.90576,4.40234,False,False,bicycle,electric_assist
2026-04-07T03:53:32Z,lime,lime:de7adce71a1f,51.90143,4.49261,False,False,bicycle,electric_assist
2026-04-07T03:53:32Z,lime,lime:46a1cde4341f,51.94328,4.47461,False,False,bicycle,electric_assist
2026-04-07T03:53:32Z,lime,lime:2e20a2f7c160,51.93475,4.462,False,False,bicycle,electric_assist
2026-04-07T03:53:32Z,lime,lime:54408b069351,51.92184,4.46059,False,False,bicycle,electric_assist
2026-04-07T03:53:32Z,lime,lime:f6222d1a2c27,51.88895,4.46873,False,False,bicycle,electric_assist
2026-04-07T03:53:32Z,lime,lime:a3f1c381c4b1,51.93332,4.50288,False,False,bicycle,electric_assist
2026-04-07T03:53:32Z,lime,lime:85c6c7b40921,51.90931,4.50806,False,False,bicycle,electric_assist
2026-04-07T03:53:32Z,lime,lime:bbf2bc5c153f,51.93028,4.49299,False,False,bicycle,electric_assist
2026-04-07T03:53:32Z,lime,lime:3bd3ef103f19,51.92077,4.45115,False,False,bicycle,electric_assist
2026-04-07T03:53:32Z,lime,lime:eed0ddb6ea5f,51.90561,4.46282,False,False,bicycle,electric_assist
2026-04-07T03:53:32Z,lime,lime:634e8a24090b,51.9173,4.4851,False,False,bicycle,electric_assist
2026-04-07T03:53:32Z,lime,lime:eb35faaa5ad4,51.91505,4.42762,False,False,bicycle,electric_assist
2026-04-07T03:53:32Z,lime,lime:124f343ac41a,51.88691,4.49767,False,False,bicycle,electric_assist
2026-04-07T03:53:32Z,lime,lime:1f86a5bfa7f2,51.91752,4.48743,False,False,bicycle,electric_assist
2026-04-07T03:53:32Z,lime,lime:3822434f0963,51.92263,4.47361,False,False,bicycle,electric_assist
2026-04-07T03:53:32Z,lime,lime:a57411074148,51.98959,4.37499,False,False,bicycle,electric_assist
2026-04-07T03:53:32Z,lime,lime:069659400390,51.93728,4.4771,False,False,bicycle,electric_assist
2026-04-07T03:53:32Z,lime,lime:4f7a2aced3b3,51.91371,4.47739,False,False,bicycle,electric_assist
2026-04-07T03:53:32Z,lime,lime:edef6435ec54,51.89389,4.46778,False,True,bicycle,electric_assist
2026-04-07T03:53:32Z,lime,lime:99f5fbb9d82f,51.90988,4.52102,False,False,bicycle,electric_assist
2026-04-07T03:53:32Z,lime,lime:f312be9807f4,51.91647,4.44812,False,False,bicycle,electric_assist
2026-04-07T03:53:32Z,lime,lime:2286354ebfe0,51.87491,4.46788,False,False,bicycle,electric_assist
2026-04-07T03:53:32Z,lime,lime:e2aba9c3bb37,51.96191,4.46722,False,False,bicycle,electric_assist
2026-04-07T03:53:32Z,lime,lime:163dcbed7678,51.92665,4.42667,False,False,bicycle,electric_assist
2026-04-07T03:53:32Z,lime,lime:b915bb77c168,51.95133,4.44448,False,False,bicycle,electric_assist
2026-04-07T03:53:32Z,lime,lime:f76b03a7abcb,51.89927,4.49728,False,False,bicycle,electric_assist
2026-04-07T03:53:32Z,lime,lime:ccde5a37797c,51.92691,4.50186,False,False,bicycle,electric_assist
2026-04-07T03:53:32Z,lime,lime:875484443f6d,51.90545,4.46765,False,False,bicycle,electric_assist
2026-04-07T03:53:32Z,lime,lime:8320714e5734,51.91056,4.44285,False,False,bicycle,electric_assist
2026-04-07T03:53:32Z,lime,lime:a9480b28f87b,51.91301,4.55377,False,False,bicycle,electric_assist
2026-04-07T03:53:32Z,lime,lime:6ce1ecac9edd,51.94931,4.43271,False,False,bicycle,electric_assist
2026-04-07T03:53:32Z,lime,lime:00a14450b5d3,51.91637,4.46432,False,False,bicycle,electric_assist
2026-04-07T03:53:32Z,lime,lime:48ab455ff6db,51.91251,4.43019,False,False,bicycle,electric_assist
2026-04-07T03:53:32Z,lime,lime:7394f7688508,51.91653,4.44786,False,False,bicycle,electric_assist
2026-04-07T03:53:32Z,lime,lime:f5afdd3c79d1,51.93723,4.53612,False,False,bicycle,electric_assist
2026-04-07T03:53:32Z,lime,lime:216c2472291d,51.92267,4.4735,False,False,bicycle,electric_assist
2026-04-07T03:53:32Z,lime,lime:139d3bce3e0d,51.90304,4.46853,False,False,bicycle,electric_assist
2026-04-07T03:53:32Z,lime,lime:51cb39857ca4,51.91506,4.52152,False,False,bicycle,electric_assist
2026-04-07T03:53:32Z,lime,lime:7673d79309f3,51.8851,4.51253,False,False,bicycle,electric_assist
2026-04-07T03:53:32Z,lime,lime:95e13b884bfc,51.91263,4.44969,False,False,bicycle,electric_assist
2026-04-07T03:53:32Z,lime,lime:a9ffc64f2fa5,51.92173,4.55455,True,False,bicycle,electric_assist
2026-04-07T03:53:32Z,lime,lime:f84a54b2be96,51.91739,4.48509,False,False,bicycle,electric_assist
2026-04-07T03:53:32Z,lime,lime:dba57eb7799f,51.91778,4.44512,False,False,bicycle,electric_assist
2026-04-07T03:53:32Z,lime,lime:025fdb3b9825,51.89212,4.56965,False,False,bicycle,electric_assist
2026-04-07T03:53:32Z,lime,lime:c62ef5cf5102,51.92072,4.46774,False,False,bicycle,electric_assist
2026-04-07T03:53:32Z,lime,lime:feaf1238c99c,51.93448,4.469,False,False,bicycle,electric_assist
2026-04-07T03:53:32Z,lime,lime:66d856a8569c,51.9189,4.4939,False,False,bicycle,electric_assist
2026-04-07T03:53:32Z,lime,lime:83c2e11e3a06,51.93494,4.46852,False,False,bicycle,electric_assist
2026-04-07T03:53:32Z,lime,lime:88730205a6aa,51.93676,4.42771,False,False,bicycle,electric_assist
2026-04-07T03:53:32Z,lime,lime:e6586152e3c4,51.93395,4.46882,False,False,bicycle,electric_assist
2026-04-07T03:53:32Z,lime,lime:a33f4d0a143d,51.8851,4.51259,False,False,bicycle,electric_assist
2026-04-07T03:53:32Z,lime,lime:e2706c2db582,51.94148,4.4814,False,False,bicycle,electric_assist
2026-04-07T03:53:32Z,lime,lime:bacc73b01283,51.92291,4.46956,False,False,bicycle,electric_assist
2026-04-07T03:53:32Z,lime,lime:e0ac92941847,51.92189,4.46063,False,False,bicycle,electric_assist
2026-04-07T03:53:32Z,lime,lime:36ecb4dbdf9c,51.91155,4.47861,False,False,bicycle,electric_assist
2026-04-07T03:53:32Z,lime,lime:4e4a4196fd3c,51.90614,4.51377,False,False,bicycle,electric_assist
2026-04-07T03:53:32Z,lime,lime:074dd3d83799,51.92543,4.46623,False,False,bicycle,electric_assist
2026-04-07T03:53:32Z,lime,lime:d28927da59d2,51.92473,4.49049,False,False,bicycle,electric_assist
2026-04-07T03:53:32Z,lime,lime:fc809b9b4f7f,51.89206,4.48759,False,False,bicycle,electric_assist
2026-04-07T03:53:32Z,lime,lime:a78cf16af5f2,51.9224,4.38317,False,False,bicycle,electric_assist
2026-04-07T03:53:32Z,lime,lime:3f0eea909b2d,51.91426,4.49608,False,False,bicycle,electric_assist
2026-04-07T03:53:32Z,lime,lime:4a0f09a53792,51.91949,4.45495,False,False,bicycle,electric_assist
2026-04-07T03:53:32Z,lime,lime:f9c0625137e2,51.92006,4.44464,False,False,bicycle,electric_assist
2026-04-07T03:53:32Z,lime,lime:89ea0d9484f3,51.92697,4.50064,False,False,bicycle,electric_assist
2026-04-07T03:53:32Z,lime,lime:92453c0a6e37,51.91099,4.50141,False,False,bicycle,electric_assist
2026-04-07T03:53:32Z,lime,lime:b0c7ebc0696f,51.94926,4.5429,False,False,bicycle,electric_assist
2026-04-07T03:53:32Z,lime,lime:6600f12ee637,51.90667,4.52287,False,False,bicycle,electric_assist
2026-04-07T03:53:32Z,lime,lime:95c4639e5b09,51.92262,4.47353,False,False,bicycle,electric_assist
2026-04-07T03:53:32Z,lime,lime:fd1f5e8798e4,51.91322,4.50112,False,False,bicycle,electric_assist
2026-04-07T03:53:32Z,lime,lime:896c92e30e1d,51.90344,4.50479,False,False,bicycle,electric_assist
2026-04-07T03:53:32Z,lime,lime:abf88db1d951,51.93247,4.47149,False,False,bicycle,electric_assist
2026-04-07T03:53:32Z,lime,lime:6e58f30ee29e,51.87457,4.47793,False,False,bicycle,electric_assist
2026-04-07T03:53:32Z,lime,lime:7e3f049945e4,51.92057,4.50436,False,False,bicycle,electric_assist
2026-04-07T03:53:32Z,lime,lime:1d4df7e0a8c9,51.88587,4.48473,False,False,bicycle,electric_assist
2026-04-07T03:53:32Z,lime,lime:2e5dd19f8c04,51.88957,4.51936,False,False,bicycle,electric_assist
2026-04-07T03:53:32Z,lime,lime:1181ebbac47b,51.89066,4.51431,False,False,bicycle,electric_assist
2026-04-07T03:53:32Z,lime,lime:62ed9b0092fb,51.91836,4.45909,False,False,bicycle,electric_assist
2026-04-07T03:53:32Z,lime,lime:f112ce8145c9,51.9294,4.49716,False,False,bicycle,electric_assist
2026-04-07T03:53:32Z,lime,lime:3a3d92278cbe,51.89692,4.52187,False,False,bicycle,electric_assist
2026-04-07T03:53:32Z,lime,lime:61a0b30281a0,51.92915,4.50531,False,False,bicycle,electric_assist
2026-04-07T03:53:32Z,lime,lime:8c09042d396d,51.91786,4.51807,False,False,bicycle,electric_assist
2026-04-07T03:53:32Z,lime,lime:c1a7d7ebd65e,51.94153,4.48136,False,False,bicycle,electric_assist
2026-04-07T03:53:32Z,lime,lime:38ecc228b1d4,51.88558,4.48541,False,True,bicycle,electric_assist
2026-04-07T03:53:32Z,lime,lime:f206c9cdba08,51.90752,4.45567,False,False,bicycle,electric_assist
2026-04-07T03:53:32Z,lime,lime:5f2d574bc818,51.89218,4.56964,False,False,bicycle,electric_assist
2026-04-07T03:53:32Z,lime,lime:c0f4700c8dd6,51.90328,4.46439,False,False,bicycle,electric_assist
2026-04-07T03:53:32Z,lime,lime:5aff382d07b2,51.92278,4.47352,False,False,bicycle,electric_assist
2026-04-07T03:53:32Z,lime,lime:eaf1503a1613,51.92878,4.49633,False,False,bicycle,electric_assist
2026-04-07T03:53:32Z,lime,lime:73b3f4cde607,51.91654,4.48482,False,False,bicycle,electric_assist
2026-04-07T03:53:32Z,lime,lime:7911c61cdf1f,51.96744,4.46336,False,False,bicycle,electric_assist
2026-04-07T03:53:32Z,lime,lime:80292218d9e8,51.98954,4.34281,False,False,bicycle,electric_assist
2026-04-07T03:53:32Z,lime,lime:7c312c2dd4ad,51.90554,4.50958,False,False,bicycle,electric_assist
2026-04-07T03:53:32Z,lime,lime:f554f1c7c0b0,51.91116,4.48195,False,False,bicycle,electric_assist
2026-04-07T03:53:32Z,lime,lime:30d128affbd0,51.90653,4.49556,False,False,bicycle,electric_assist
2026-04-07T03:53:32Z,lime,lime:0e3568f4c848,51.88962,4.49599,False,False,bicycle,electric_assist
2026-04-07T03:53:32Z,lime,lime:c3e32732327b,51.89111,4.47187,False,False,bicycle,electric_assist
2026-04-07T03:53:32Z,lime,lime:679d1423a5ed,51.88072,4.50712,False,False,bicycle,electric_assist
2026-04-07T03:53:32Z,lime,lime:ea947e04a53a,51.93332,4.5029,False,False,bicycle,electric_assist
2026-04-07T03:53:32Z,lime,lime:26e030822878,51.90657,4.46285,False,False,bicycle,electric_assist
2026-04-07T03:53:32Z,lime,lime:312a65fab6f8,51.94132,4.409,False,False,bicycle,electric_assist
2026-04-07T03:53:32Z,lime,lime:44e4da338cae,51.90737,4.40207,False,False,bicycle,electric_assist
2026-04-07T03:53:32Z,lime,lime:84c80f281948,51.93891,4.47579,False,False,bicycle,electric_assist
2026-04-07T03:53:32Z,lime,lime:ba383fece24c,51.94525,4.47499,False,False,bicycle,electric_assist
2026-04-07T03:53:32Z,lime,lime:9abdfc2a9f45,51.93742,4.47343,False,False,bicycle,electric_assist
2026-04-07T03:53:32Z,lime,lime:9bc9aab8a59c,51.9159,4.45664,False,False,bicycle,electric_assist
2026-04-07T03:53:32Z,lime,lime:2c860cad76ca,51.92735,4.4567,False,False,bicycle,electric_assist
2026-04-07T03:53:32Z,lime,lime:4e54d42a0164,51.92752,4.51816,False,False,bicycle,electric_assist
2026-04-07T03:53:32Z,lime,lime:d43c1c2462d7,51.94628,4.48706,False,False,bicycle,electric_assist
2026-04-07T03:53:32Z,lime,lime:cb4430d7d807,51.88455,4.48563,False,False,bicycle,electric_assist
2026-04-07T03:53:32Z,lime,lime:07bc05d2c30f,51.92748,4.38041,False,False,bicycle,electric_assist
2026-04-07T03:53:32Z,lime,lime:f77079d51df3,51.91985,4.44838,False,False,bicycle,electric_assist
2026-04-07T03:53:32Z,lime,lime:9bba7ace521b,51.89347,4.51723,False,False,bicycle,electric_assist
2026-04-07T03:53:32Z,lime,lime:279cacae7ea0,51.88641,4.54928,False,False,bicycle,electric_assist
2026-04-07T03:53:32Z,lime,lime:e2f056fd3df2,51.91752,4.45528,False,False,bicycle,electric_assist
2026-04-07T03:53:32Z,lime,lime:81a6297aca37,51.99622,4.37321,False,False,bicycle,electric_assist
2026-04-07T03:53:32Z,lime,lime:d5b97a4d07d6,51.90731,4.40223,False,False,bicycle,electric_assist
2026-04-07T03:53:32Z,lime,lime:6f0449a55fff,51.92146,4.4788,False,True,bicycle,electric_assist
2026-04-07T03:53:32Z,lime,lime:0f280a1fba64,51.89202,4.50464,False,False,bicycle,electric_assist
2026-04-07T03:53:32Z,lime,lime:43bfcb66620c,51.8743,4.52319,False,False,bicycle,electric_assist
2026-04-07T03:53:32Z,lime,lime:1bd0d32d31f2,51.92384,4.53494,False,False,bicycle,electric_assist
2026-04-07T03:53:32Z,lime,lime:ce86bb4ffb26,51.98174,4.36691,False,False,bicycle,electric_assist
2026-04-07T03:53:32Z,lime,lime:6b376ee933e7,51.89281,4.47777,False,False,bicycle,electric_assist
2026-04-07T03:53:32Z,lime,lime:940c82fe25ad,51.9925,4.34137,False,False,bicycle,electric_assist
2026-04-07T03:53:32Z,lime,lime:d5e6658f58b6,51.91906,4.41831,False,False,bicycle,electric_assist
2026-04-07T03:53:32Z,lime,lime:6b12022bc3ab,51.92543,4.5089,False,False,bicycle,electric_assist
2026-04-07T03:53:32Z,lime,lime:df784e56cfeb,51.93585,4.47301,False,False,bicycle,electric_assist
2026-04-07T03:53:32Z,lime,lime:9203d9fa56e2,51.88708,4.4915,False,True,bicycle,electric_assist
2026-04-07T03:53:32Z,lime,lime:bb76591c99fa,51.94242,4.53791,False,False,bicycle,electric_assist
2026-04-07T03:53:32Z,lime,lime:e96665efa8fd,51.92312,4.49677,False,False,bicycle,electric_assist
2026-04-07T03:53:32Z,lime,lime:e59413ce3338,51.91109,4.48944,False,False,bicycle,electric_assist
2026-04-07T03:53:32Z,lime,lime:a252663afe99,51.91738,4.42051,False,False,bicycle,electric_assist
2026-04-07T03:53:32Z,lime,lime:08beb615cb36,51.88969,4.50688,False,False,bicycle,electric_assist
2026-04-07T03:53:32Z,lime,lime:568d8021bf6d,51.90055,4.49945,False,False,bicycle,electric_assist
2026-04-07T03:53:32Z,lime,lime:b138fb4c2210,51.99742,4.33416,False,False,bicycle,electric_assist
2026-04-07T03:53:32Z,lime,lime:94f9c893ea98,51.96759,4.47312,False,True,bicycle,electric_assist
2026-04-07T03:53:32Z,lime,lime:5db8a3f011f4,51.92399,4.48141,False,False,bicycle,electric_assist
2026-04-07T03:53:32Z,lime,lime:e0ad1ae83fa3,51.95236,4.46513,False,False,bicycle,electric_assist
2026-04-07T03:53:32Z,lime,lime:1c0a9628c080,51.92734,4.44061,False,False,bicycle,electric_assist
2026-04-07T03:53:32Z,lime,lime:b542030b098a,51.94928,4.43268,False,False,bicycle,electric_assist
2026-04-07T03:53:32Z,lime,lime:54b59dd1d39e,51.93276,4.45589,False,False,bicycle,electric_assist
2026-04-07T03:53:32Z,lime,lime:bf655e724a09,51.88836,4.51443,False,False,bicycle,electric_assist
2026-04-07T03:53:32Z,lime,lime:2ac19ba7c023,51.94024,4.45076,False,False,bicycle,electric_assist
2026-04-07T03:53:32Z,lime,lime:0e29d9a2105f,51.925,4.53215,False,False,bicycle,electric_assist
2026-04-07T03:53:32Z,lime,lime:0ec537e0f7c5,51.89278,4.51374,False,False,bicycle,electric_assist
2026-04-07T03:53:32Z,lime,lime:23de3f065561,51.92266,4.47347,False,False,bicycle,electric_assist
2026-04-07T03:53:32Z,lime,lime:8956026edc5d,51.92995,4.4808,False,False,bicycle,electric_assist
2026-04-07T03:53:32Z,lime,lime:6a042300e02e,51.90948,4.44035,False,False,bicycle,electric_assist
2026-04-07T03:53:32Z,lime,lime:99444235f0e7,51.92958,4.45879,False,False,bicycle,electric_assist
2026-04-07T03:53:32Z,lime,lime:9d791bd3a6a3,51.91332,4.50987,False,False,bicycle,electric_assist
2026-04-07T03:53:32Z,lime,lime:5282a4f749bb,51.91527,4.52972,False,False,bicycle,electric_assist
2026-04-07T03:53:32Z,lime,lime:6cb90b3dc218,51.8806,4.53195,False,False,bicycle,electric_assist
2026-04-07T03:53:32Z,lime,lime:a754a93e8fc7,51.92831,4.49981,False,False,bicycle,electric_assist
2026-04-07T03:53:32Z,lime,lime:2b5e0fa776b1,51.92156,4.50715,False,False,bicycle,electric_assist
2026-04-07T03:53:32Z,lime,lime:814e0a226bc0,51.90427,4.49749,False,False,bicycle,electric_assist
2026-04-07T03:53:32Z,lime,lime:6b422ef495c5,51.90304,4.46865,False,False,bicycle,electric_assist
2026-04-07T03:53:32Z,lime,lime:37f4079da915,51.90993,4.49611,False,False,bicycle,electric_assist
2026-04-07T03:53:32Z,lime,lime:5b74555b038a,51.93812,4.55522,False,False,bicycle,electric_assist
2026-04-07T03:53:32Z,lime,lime:1a121ddcd09a,51.94152,4.48135,False,False,bicycle,electric_assist
2026-04-07T03:53:32Z,lime,lime:6445b78fdd3f,51.92502,4.49153,False,False,bicycle,electric_assist
2026-04-07T03:53:32Z,lime,lime:2ac29fb7541e,51.88865,4.48179,True,False,bicycle,electric_assist
2026-04-07T03:53:32Z,lime,lime:580f1eaca1d2,51.98206,4.34474,False,False,bicycle,electric_assist
2026-04-07T03:53:32Z,lime,lime:5779c7a51937,51.92767,4.48125,False,False,bicycle,electric_assist
2026-04-07T03:53:32Z,lime,lime:e1b58e413927,51.90878,4.52189,False,False,bicycle,electric_assist
2026-04-07T03:53:32Z,lime,lime:4432961d6b0a,51.9217,4.38405,False,False,bicycle,electric_assist
2026-04-07T03:53:32Z,lime,lime:678ac14a1543,51.92818,4.48135,False,False,bicycle,electric_assist
2026-04-07T03:53:32Z,lime,lime:cccc112746d7,51.90591,4.45634,False,False,bicycle,electric_assist
2026-04-07T03:53:32Z,lime,lime:3fe72c297f05,51.91082,4.52117,False,False,bicycle,electric_assist
2026-04-07T03:53:32Z,lime,lime:d029aecd9a23,51.92064,4.47529,False,False,bicycle,electric_assist
2026-04-07T03:53:32Z,lime,lime:eeaae2663961,51.90737,4.40224,False,False,bicycle,electric_assist
2026-04-07T03:53:32Z,lime,lime:1f0c4118981b,51.89677,4.45972,False,False,bicycle,electric_assist
2026-04-07T03:53:32Z,lime,lime:a07d8d27fb15,51.90329,4.39806,False,False,bicycle,electric_assist
2026-04-07T03:53:32Z,lime,lime:85fb65c44858,51.92114,4.5179,False,False,bicycle,electric_assist
2026-04-07T03:53:32Z,lime,lime:c4bcabbf40d7,51.88931,4.48328,False,False,bicycle,electric_assist
2026-04-07T03:53:32Z,lime,lime:62abac173b31,51.91335,4.43248,False,False,bicycle,electric_assist
2026-04-07T03:53:32Z,lime,lime:eab1ae95685e,51.89999,4.4785,False,False,bicycle,electric_assist
2026-04-07T03:53:32Z,lime,lime:348687d74644,51.93469,4.48565,False,False,bicycle,electric_assist
2026-04-07T03:53:32Z,lime,lime:9ea922afb207,51.9592,4.49357,False,True,bicycle,electric_assist
2026-04-07T03:53:32Z,lime,lime:eb848bc2c6d3,51.9185,4.49389,False,True,bicycle,electric_assist
2026-04-07T03:53:32Z,lime,lime:95a90c7b0750,51.93675,4.48308,False,False,bicycle,electric_assist
2026-04-07T03:53:32Z,lime,lime:09e71eb210da,51.92103,4.5592,False,False,bicycle,electric_assist
2026-04-07T03:53:32Z,lime,lime:7520b1e4e4b4,51.99621,4.37331,False,False,bicycle,electric_assist
2026-04-07T03:53:32Z,lime,lime:9fdf89a848b9,51.90232,4.49613,False,False,bicycle,electric_assist
2026-04-07T03:53:32Z,lime,lime:04958dc219ac,51.9311,4.49109,False,False,bicycle,electric_assist
2026-04-07T03:53:32Z,lime,lime:4817de1e76d1,51.92165,4.46622,False,False,bicycle,electric_assist
2026-04-07T03:53:32Z,lime,lime:019d8c2b682e,51.90446,4.4604,False,False,bicycle,electric_assist
2026-04-07T03:53:32Z,lime,lime:0bdfc846203e,51.93245,4.47151,False,False,bicycle,electric_assist
2026-04-07T03:53:32Z,lime,lime:eed308134440,51.92165,4.50705,False,False,bicycle,electric_assist
2026-04-07T03:53:32Z,lime,lime:a338afc922ec,51.94329,4.47157,False,False,bicycle,electric_assist
2026-04-07T03:53:32Z,lime,lime:b5022ae5c6a5,51.92859,4.47388,False,False,bicycle,electric_assist
2026-04-07T03:53:32Z,lime,lime:959b8f9765f7,51.95096,4.55524,True,False,bicycle,electric_assist
2026-04-07T03:53:32Z,lime,lime:5e1d7ca373f3,51.94151,4.48135,False,False,bicycle,electric_assist
2026-04-07T03:53:32Z,lime,lime:600ae547b6a7,51.92115,4.51183,False,False,bicycle,electric_assist
2026-04-07T03:53:32Z,lime,lime:1a8632d02dd1,51.98367,4.34356,False,False,bicycle,electric_assist
2026-04-07T03:53:32Z,lime,lime:aaa1d380599e,51.91886,4.49397,False,False,bicycle,electric_assist
2026-04-07T03:53:32Z,lime,lime:5342889662e2,51.93962,4.47641,False,False,bicycle,electric_assist
2026-04-07T03:53:32Z,lime,lime:ee46a464937a,51.90785,4.46209,False,False,bicycle,electric_assist
2026-04-07T03:53:32Z,lime,lime:0a504a38c2d6,51.91352,4.49342,False,False,bicycle,electric_assist
2026-04-07T03:53:32Z,lime,lime:2bfda2c899e8,51.90116,4.51086,False,False,bicycle,electric_assist
2026-04-07T03:53:32Z,lime,lime:acb4eee9f83f,51.9601,4.56014,False,False,bicycle,electric_assist
2026-04-07T03:53:32Z,lime,lime:d6548806be63,51.87374,4.47704,False,False,bicycle,electric_assist
2026-04-07T03:53:32Z,lime,lime:88aa1878a1f2,51.92243,4.46403,False,False,bicycle,electric_assist
2026-04-07T03:53:32Z,lime,lime:dbe1856fdbf8,51.94244,4.53787,False,False,bicycle,electric_assist
2026-04-07T03:53:32Z,lime,lime:bb1bbf6986ce,51.91232,4.45505,False,False,bicycle,electric_assist
2026-04-07T03:53:32Z,lime,lime:bebed858518e,51.89558,4.50655,False,False,bicycle,electric_assist
2026-04-07T03:53:32Z,lime,lime:c9101252e075,51.89918,4.48461,False,False,bicycle,electric_assist
2026-04-07T03:53:32Z,lime,lime:969902798163,51.92737,4.44048,False,False,bicycle,electric_assist
2026-04-07T03:53:32Z,lime,lime:eba31e3d066d,51.91936,4.50683,False,False,bicycle,electric_assist
2026-04-07T03:53:32Z,lime,lime:1c622636d684,51.90898,4.51143,False,False,bicycle,electric_assist
2026-04-07T03:53:32Z,lime,lime:f074a07f5160,51.92412,4.51395,False,False,bicycle,electric_assist
2026-04-07T03:53:32Z,lime,lime:e55678cb5c9e,51.91236,4.52206,False,False,bicycle,electric_assist
2026-04-07T03:53:32Z,lime,lime:5a063600c253,51.94377,4.42258,False,False,bicycle,electric_assist
2026-04-07T03:53:32Z,lime,lime:d93d175ba52a,51.93852,4.55204,False,False,bicycle,electric_assist
2026-04-07T03:53:32Z,lime,lime:15235494399d,51.93794,4.46489,False,False,bicycle,electric_assist
2026-04-07T03:53:32Z,lime,lime:13899e36cd53,51.92228,4.50223,False,False,bicycle,electric_assist
2026-04-07T03:53:32Z,lime,lime:8d00143f000d,51.92165,4.37587,False,False,bicycle,electric_assist
2026-04-07T03:53:32Z,lime,lime:6e665a334125,51.91796,4.41502,False,False,bicycle,electric_assist
2026-04-07T03:53:32Z,lime,lime:9d63f4267ce4,51.93175,4.56383,False,False,bicycle,electric_assist
2026-04-07T03:53:32Z,lime,lime:fb89feb01d20,51.92379,4.47907,False,False,bicycle,electric_assist
2026-04-07T03:53:32Z,lime,lime:0c1f99bab16c,51.91892,4.49385,False,False,bicycle,electric_assist
2026-04-07T03:53:32Z,lime,lime:67864fd2c5e4,51.93531,4.49995,False,False,bicycle,electric_assist
2026-04-07T03:53:32Z,lime,lime:f25e66911f74,51.92271,4.47347,False,False,bicycle,electric_assist
2026-04-07T03:53:32Z,lime,lime:f147039baaf4,51.87487,4.46793,False,False,bicycle,electric_assist
2026-04-07T03:53:32Z,lime,lime:4ac0b1096706,51.911,4.50141,False,False,bicycle,electric_assist
2026-04-07T03:53:32Z,lime,lime:5a1b2f8e4d77,51.9571,4.47114,False,False,bicycle,electric_assist
2026-04-07T03:53:32Z,lime,lime:92067a1ced64,51.92209,4.46411,False,False,bicycle,electric_assist
2026-04-07T03:53:32Z,lime,lime:aa7c2d6cfa1b,51.91429,4.49614,False,False,bicycle,electric_assist
2026-04-07T03:53:32Z,lime,lime:c11ed9c8f3e1,51.93336,4.48108,False,False,bicycle,electric_assist
2026-04-07T03:53:32Z,lime,lime:fad725331be4,51.9157,4.49927,False,False,bicycle,electric_assist
2026-04-07T03:53:32Z,lime,lime:df02f4e060fc,51.88277,4.5043,False,True,bicycle,electric_assist
2026-04-07T03:53:32Z,lime,lime:160e594874cf,51.92099,4.55922,False,False,bicycle,electric_assist
2026-04-07T03:53:32Z,lime,lime:bcb3418d779f,51.98963,4.37509,False,False,bicycle,electric_assist
2026-04-07T03:53:32Z,lime,lime:a5a04b3a4bf0,51.94286,4.47471,False,False,bicycle,electric_assist
2026-04-07T03:53:32Z,lime,lime:ac1d928a2cc0,51.9134,4.48205,False,False,bicycle,electric_assist
2026-04-07T03:53:32Z,lime,lime:488e43b8ad08,51.91865,4.46328,False,False,bicycle,electric_assist
2026-04-07T03:53:32Z,lime,lime:f13f1c8a3e4b,51.91374,4.44892,True,False,bicycle,electric_assist
2026-04-07T03:53:32Z,lime,lime:a0ef2aa0fba7,51.92277,4.48829,False,False,bicycle,electric_assist
2026-04-07T03:53:32Z,lime,lime:7878970e27ac,51.91511,4.52144,False,False,bicycle,electric_assist
2026-04-07T03:53:32Z,lime,lime:57154c19e6c1,51.93166,4.49684,True,False,bicycle,electric_assist
2026-04-07T03:53:32Z,lime,lime:1f9a027bf223,51.90051,4.48153,False,False,bicycle,electric_assist
2026-04-07T03:53:32Z,lime,lime:b141c2baf113,51.9232,4.49344,False,False,bicycle,electric_assist
2026-04-07T03:53:32Z,lime,lime:cada42d012c0,51.98966,4.35745,False,False,bicycle,electric_assist
2026-04-07T03:53:32Z,lime,lime:6399d48fbf06,51.92538,4.4661,False,False,bicycle,electric_assist
2026-04-07T03:53:32Z,lime,lime:31d8a98db3be,51.95341,4.46802,False,True,bicycle,electric_assist
2026-04-07T03:53:32Z,lime,lime:857534d68d48,51.92747,4.50705,False,False,bicycle,electric_assist
2026-04-07T03:53:32Z,lime,lime:9a06401d16f1,51.98857,4.34679,False,False,bicycle,electric_assist
2026-04-07T03:53:32Z,lime,lime:8f0db59bb0dd,51.91414,4.42234,False,False,bicycle,electric_assist
2026-04-07T03:53:32Z,lime,lime:182aef3d260c,51.91393,4.51831,False,False,bicycle,electric_assist
2026-04-07T03:53:32Z,lime,lime:6c86df156be9,51.93671,4.48325,False,False,bicycle,electric_assist
2026-04-07T03:53:32Z,lime,lime:2e9ed9cabc0b,51.90243,4.49613,False,False,bicycle,electric_assist
2026-04-07T03:53:32Z,lime,lime:0c528f850651,51.89344,4.51727,False,False,bicycle,electric_assist
2026-04-07T03:53:32Z,lime,lime:86c12b869ddb,51.94707,4.48752,False,False,bicycle,electric_assist
2026-04-07T03:53:32Z,lime,lime:6a195d585e9e,51.90932,4.49734,False,False,bicycle,electric_assist
2026-04-07T03:53:32Z,lime,lime:66a67a256900,51.91894,4.49387,False,False,bicycle,electric_assist
2026-04-07T03:53:32Z,lime,lime:c2394156be8b,51.91005,4.45223,False,False,bicycle,electric_assist
2026-04-07T03:53:32Z,lime,lime:0dcb6f42de8b,51.93731,4.45378,False,False,bicycle,electric_assist
2026-04-07T03:53:32Z,lime,lime:250403784d52,51.92607,4.48557,False,False,bicycle,electric_assist
2026-04-07T03:53:32Z,lime,lime:3e6ac8ceb3cd,51.8871,4.49149,False,False,bicycle,electric_assist
2026-04-07T03:53:32Z,lime,lime:04f1de185209,51.94213,4.46058,False,False,bicycle,electric_assist
2026-04-07T03:53:32Z,lime,lime:5f4a3c3c6bea,51.92284,4.50854,False,False,bicycle,electric_assist
2026-04-07T03:53:32Z,lime,lime:5ce7f10282b6,51.92801,4.54749,False,False,bicycle,electric_assist
2026-04-07T03:53:32Z,lime,lime:db125cc04e0e,51.91907,4.5089,False,False,bicycle,electric_assist
2026-04-07T03:53:32Z,lime,lime:20f8a81c3d98,51.9214,4.47435,False,False,bicycle,electric_assist
2026-04-07T03:53:32Z,lime,lime:fb615c0fb040,51.93549,4.45825,False,False,bicycle,electric_assist
2026-04-07T03:53:32Z,lime,lime:2cc08bbca182,51.92917,4.50524,False,False,bicycle,electric_assist
2026-04-07T03:53:32Z,lime,lime:b22cda50653b,51.88541,4.5025,False,False,bicycle,electric_assist
2026-04-07T03:53:32Z,lime,lime:1454b7fcddd6,51.92771,4.47649,False,False,bicycle,electric_assist
2026-04-07T03:53:32Z,lime,lime:1461fec7cdee,51.92093,4.52643,False,False,bicycle,electric_assist
2026-04-07T03:53:32Z,lime,lime:8b162e82f386,51.92785,4.50996,False,False,bicycle,electric_assist
2026-04-07T03:53:32Z,lime,lime:2b7fb7c4f1e5,51.94524,4.47913,False,False,bicycle,electric_assist
2026-04-07T03:53:32Z,lime,lime:a8b9f7acc0ce,51.93254,4.50017,False,False,bicycle,electric_assist
2026-04-07T03:53:32Z,lime,lime:7503fd29281e,51.89246,4.48514,False,False,bicycle,electric_assist
2026-04-07T03:53:32Z,lime,lime:b64befa4301e,51.91565,4.49797,False,False,bicycle,electric_assist
2026-04-07T03:53:32Z,lime,lime:9d6d66d0dca9,51.92259,4.47359,False,False,bicycle,electric_assist
2026-04-07T03:53:32Z,lime,lime:361381118d8d,51.94151,4.48136,False,False,bicycle,electric_assist
2026-04-07T03:53:32Z,lime,lime:13f629be3670,51.92795,4.47672,False,False,bicycle,electric_assist
2026-04-07T03:53:32Z,lime,lime:620322e83560,51.92339,4.4069,False,False,bicycle,electric_assist
2026-04-07T03:53:32Z,lime,lime:19e550cc061b,51.9142,4.49607,False,False,bicycle,electric_assist
2026-04-07T03:53:32Z,lime,lime:f907f47f55cd,51.99101,4.35946,False,False,bicycle,electric_assist
2026-04-07T03:53:32Z,lime,lime:9de793ffe26f,51.88911,4.52455,False,False,bicycle,electric_assist
2026-04-07T03:53:32Z,lime,lime:846fd178cb4d,51.92572,4.45479,False,False,bicycle,electric_assist
2026-04-07T03:53:32Z,lime,lime:ed7cb2dced1c,51.88636,4.54942,True,False,bicycle,electric_assist
2026-04-07T03:53:32Z,lime,lime:06cb59c8c1f1,51.93029,4.48378,False,False,bicycle,electric_assist
2026-04-07T03:53:32Z,lime,lime:4273aae9a853,51.92732,4.44065,False,False,bicycle,electric_assist
2026-04-07T03:53:32Z,lime,lime:8ea98e73c794,51.8909,4.51885,False,False,bicycle,electric_assist
2026-04-07T03:53:32Z,lime,lime:1c0870e8b659,51.92451,4.49905,False,False,bicycle,electric_assist
2026-04-07T03:53:32Z,lime,lime:e058c5331f0f,51.90812,4.5004,False,False,bicycle,electric_assist
2026-04-07T03:53:32Z,lime,lime:ecec76040690,51.94284,4.47451,False,False,bicycle,electric_assist
2026-04-07T03:53:32Z,lime,lime:9c4e103cdae4,51.93121,4.45663,False,False,bicycle,electric_assist
2026-04-07T03:53:32Z,lime,lime:42db26d1f8d7,51.91522,4.5298,False,False,bicycle,electric_assist
2026-04-07T03:53:32Z,lime,lime:2b6eaa4e13e9,51.9274,4.4606,False,False,bicycle,electric_assist
2026-04-07T03:53:32Z,lime,lime:9291055739ca,51.91998,4.51092,False,False,bicycle,electric_assist
2026-04-07T03:53:32Z,lime,lime:dadd354b50fa,51.9425,4.53787,False,False,bicycle,electric_assist
2026-04-07T03:53:32Z,lime,lime:ac6821e6da35,51.9976,4.33333,False,False,bicycle,electric_assist
2026-04-07T03:53:32Z,lime,lime:ba1ecc710efd,51.92917,4.50528,False,False,bicycle,electric_assist
2026-04-07T03:53:32Z,lime,lime:4b4a7d67225a,51.90868,4.5037,False,False,bicycle,electric_assist
2026-04-07T03:53:32Z,lime,lime:afa61e9fe2fe,51.93161,4.50364,False,False,bicycle,electric_assist
2026-04-07T03:53:32Z,lime,lime:c086dbb659a4,51.94431,4.48559,False,False,bicycle,electric_assist
2026-04-07T03:53:32Z,lime,lime:abe6569e45da,51.90934,4.45827,False,False,bicycle,electric_assist
2026-04-07T03:53:32Z,lime,lime:656596a83b1b,51.91421,4.49613,False,False,bicycle,electric_assist
2026-04-07T03:53:32Z,lime,lime:003eeaa0eed8,51.90731,4.40623,False,False,bicycle,electric_assist
2026-04-07T03:53:32Z,lime,lime:2c0725c3f037,51.91367,4.44887,False,False,bicycle,electric_assist
2026-04-07T03:53:32Z,lime,lime:dc99cff7e9e0,51.93145,4.46146,False,False,bicycle,electric_assist
2026-04-07T03:53:32Z,lime,lime:b64630a75c47,51.92686,4.47297,False,False,bicycle,electric_assist
2026-04-07T03:53:32Z,lime,lime:e1d006660868,51.9045,4.46036,False,False,bicycle,electric_assist
2026-04-07T03:53:32Z,lime,lime:67e591e5c511,51.9336,4.44331,False,True,bicycle,electric_assist
2026-04-07T03:53:32Z,lime,lime:821a54ff7d35,51.92111,4.55922,False,False,bicycle,electric_assist
2026-04-07T03:53:32Z,lime,lime:099327f703b2,51.91646,4.47102,False,False,bicycle,electric_assist
2026-04-07T03:53:32Z,lime,lime:98ebbf31ec5d,51.9255,4.50073,False,False,bicycle,electric_assist
2026-04-07T03:53:32Z,lime,lime:79cdf804c18e,51.8882,4.46085,False,False,bicycle,electric_assist
2026-04-07T03:53:32Z,lime,lime:1cbc1c6bf5f5,51.90556,4.50956,False,False,bicycle,electric_assist
2026-04-07T03:53:32Z,lime,lime:9db32954ba12,51.90566,4.45248,False,False,bicycle,electric_assist
2026-04-07T03:53:32Z,lime,lime:2019f660575b,51.93666,4.49858,False,False,bicycle,electric_assist
2026-04-07T03:53:32Z,lime,lime:f14be9b1489c,51.95851,4.56733,False,True,bicycle,electric_assist
2026-04-07T03:53:32Z,lime,lime:4653b1264a38,51.92437,4.47248,False,False,bicycle,electric_assist
2026-04-07T03:53:32Z,lime,lime:5288f0c583c8,51.92166,4.38403,False,False,bicycle,electric_assist
2026-04-07T03:53:32Z,lime,lime:fdce517be1bb,51.91116,4.48188,False,False,bicycle,electric_assist
2026-04-07T03:53:32Z,lime,lime:fcd4f593e5f6,51.93328,4.49099,False,False,bicycle,electric_assist
2026-04-07T03:53:32Z,lime,lime:2850e1ec7226,51.94055,4.47297,False,False,bicycle,electric_assist
2026-04-07T03:53:32Z,lime,lime:ceb26e9bb980,51.92742,4.50959,False,False,bicycle,electric_assist
2026-04-07T03:53:32Z,lime,lime:20b00c7dca3b,51.92882,4.50185,False,False,bicycle,electric_assist
2026-04-07T03:53:32Z,lime,lime:c3dd3c273b2c,51.9106,4.38593,False,False,bicycle,electric_assist
2026-04-07T03:53:32Z,lime,lime:a96ed5a07be4,51.95563,4.51912,False,False,bicycle,electric_assist
2026-04-07T03:53:32Z,lime,lime:eaab6d4efa52,51.90055,4.49943,False,False,bicycle,electric_assist
2026-04-07T03:53:32Z,lime,lime:19ae8e89c513,51.94634,4.46814,False,False,bicycle,electric_assist
2026-04-07T03:53:32Z,lime,lime:711fd3ee02a1,51.92783,4.46853,False,False,bicycle,electric_assist
2026-04-07T03:53:32Z,lime,lime:df2b914920e7,51.94154,4.48135,False,False,bicycle,electric_assist
2026-04-07T03:53:32Z,lime,lime:ccd490cd6e17,51.92098,4.55929,False,False,bicycle,electric_assist
2026-04-07T03:53:32Z,lime,lime:43838b27dd26,51.91426,4.49623,False,False,bicycle,electric_assist
2026-04-07T03:53:32Z,lime,lime:7102a139e30b,51.89677,4.45975,False,False,bicycle,electric_assist
2026-04-07T03:53:32Z,lime,lime:d48190788737,51.92622,4.55937,False,False,bicycle,electric_assist
2026-04-07T03:53:32Z,lime,lime:bb7993b2a702,51.91529,4.5297,False,False,bicycle,electric_assist
2026-04-07T03:53:32Z,lime,lime:5e4e36bf5e3c,51.91612,4.5143,False,False,bicycle,electric_assist
2026-04-07T03:53:32Z,lime,lime:07de1577a5f4,51.93202,4.48877,False,False,bicycle,electric_assist
2026-04-07T03:53:32Z,lime,lime:b692447c9710,51.93454,4.46091,False,False,bicycle,electric_assist
2026-04-07T03:53:32Z,lime,lime:941b6898c599,51.91471,4.40833,False,True,bicycle,electric_assist
2026-04-07T03:53:32Z,lime,lime:ca766ff35178,51.90566,4.46294,False,False,bicycle,electric_assist
2026-04-07T03:53:32Z,lime,lime:cdb6d84f087e,51.9178,4.43831,False,False,bicycle,electric_assist
2026-04-07T03:53:32Z,lime,lime:3220d9a56d34,51.93443,4.45914,False,False,bicycle,electric_assist
2026-04-07T03:53:32Z,lime,lime:1c8735f45af1,51.90752,4.45568,False,False,bicycle,electric_assist
2026-04-07T03:53:32Z,lime,lime:b53fc3b2b645,51.99397,4.3413,False,False,bicycle,electric_assist
2026-04-07T03:53:32Z,lime,lime:68644d920255,51.89471,4.46187,False,False,bicycle,electric_assist
2026-04-07T03:53:32Z,lime,lime:b68142a28bc8,51.93635,4.47348,False,False,bicycle,electric_assist
2026-04-07T03:53:32Z,lime,lime:ceaa69781311,51.92764,4.47667,False,False,bicycle,electric_assist
2026-04-07T03:53:32Z,lime,lime:f15b6929c83e,51.94045,4.42912,False,False,bicycle,electric_assist
2026-04-07T03:53:32Z,lime,lime:2c633e1c02ae,51.90331,4.50501,True,False,bicycle,electric_assist
2026-04-07T03:53:32Z,lime,lime:aedb4f79cb89,51.89028,4.47118,False,False,bicycle,electric_assist
2026-04-07T03:53:32Z,lime,lime:99e684a9e0a8,51.944,4.50288,False,False,bicycle,electric_assist
2026-04-07T03:53:32Z,lime,lime:d966a2804507,51.91321,4.44729,False,False,bicycle,electric_assist
2026-04-07T03:53:32Z,lime,lime:c39026ab660f,51.9978,4.33167,False,False,bicycle,electric_assist
2026-04-07T03:53:32Z,lime,lime:b66b1f15b855,51.88528,4.46218,False,False,bicycle,electric_assist
2026-04-07T03:53:32Z,lime,lime:3eba9bd69e1f,51.93498,4.45682,False,False,bicycle,electric_assist
2026-04-07T03:53:32Z,lime,lime:ffcb879cb717,51.9219,4.46057,False,False,bicycle,electric_assist
2026-04-07T03:53:32Z,lime,lime:8d93357168ed,51.95724,4.47442,False,False,bicycle,electric_assist
2026-04-07T03:53:32Z,lime,lime:2a18a289843d,51.9302,4.48017,False,True,bicycle,electric_assist
2026-04-07T03:53:32Z,lime,lime:0d0207ff0260,51.94326,4.36787,False,False,bicycle,electric_assist
2026-04-07T03:53:32Z,lime,lime:e566b163aa19,51.92919,4.50525,False,False,bicycle,electric_assist
2026-04-07T03:53:32Z,lime,lime:4cd2cec205f7,51.92664,4.48413,False,True,bicycle,electric_assist
2026-04-07T03:53:32Z,lime,lime:d05fc87f9182,51.92746,4.44021,False,False,bicycle,electric_assist
2026-04-07T03:53:32Z,lime,lime:6c66946004ac,51.92677,4.46261,False,False,bicycle,electric_assist
2026-04-07T03:53:32Z,lime,lime:9f86d4dc1672,51.94188,4.54645,False,False,bicycle,electric_assist
2026-04-07T03:53:32Z,lime,lime:5e93df500681,51.9185,4.48058,False,False,bicycle,electric_assist
2026-04-07T03:53:32Z,lime,lime:357a36d62a33,51.9199,4.41572,False,False,bicycle,electric_assist
2026-04-07T03:53:32Z,lime,lime:45d6f414f392,51.91391,4.43672,False,False,bicycle,electric_assist
2026-04-07T03:53:32Z,lime,lime:d23e144e69ef,51.92319,4.4935,False,False,bicycle,electric_assist
2026-04-07T03:53:32Z,lime,lime:f2f8488747ef,51.92336,4.49041,False,False,bicycle,electric_assist
2026-04-07T03:53:32Z,lime,lime:fff597e7c218,51.9116,4.47858,False,False,bicycle,electric_assist
2026-04-07T03:53:32Z,lime,lime:f5b2767b236f,51.92881,4.50177,False,False,bicycle,electric_assist
2026-04-07T03:53:32Z,lime,lime:9827a88b2044,51.93026,4.48381,False,False,bicycle,electric_assist
2026-04-07T03:53:32Z,lime,lime:3cc3ba587ead,51.94372,4.4515,False,False,bicycle,electric_assist
2026-04-07T03:53:32Z,lime,lime:9bb259ba8a8c,51.9035,4.44593,False,False,bicycle,electric_assist
2026-04-07T03:53:32Z,lime,lime:bc371e892fce,51.93328,4.4203,False,False,bicycle,electric_assist
2026-04-07T03:53:32Z,lime,lime:fd9c6100c567,51.91103,4.52499,False,False,bicycle,electric_assist
2026-04-07T03:53:32Z,lime,lime:05304672bd80,51.88057,4.53002,False,False,bicycle,electric_assist
2026-04-07T03:53:32Z,lime,lime:ae3ca90ee223,51.9254,4.46606,False,False,bicycle,electric_assist
2026-04-07T03:53:32Z,lime,lime:44df6fa34c9e,51.93316,4.4975,False,False,bicycle,electric_assist
2026-04-07T03:53:32Z,lime,lime:b051f903ac68,51.92787,4.51004,False,False,bicycle,electric_assist
2026-04-07T03:53:32Z,lime,lime:db4894da0861,51.94578,4.44808,False,False,bicycle,electric_assist
2026-04-07T03:53:32Z,lime,lime:c07707ac5124,51.91778,4.4383,False,False,bicycle,electric_assist
2026-04-07T03:53:32Z,lime,lime:d8b467a9b31b,51.92736,4.44051,False,False,bicycle,electric_assist
2026-04-07T03:53:32Z,lime,lime:a0d920254e08,51.91577,4.45046,False,False,bicycle,electric_assist
2026-04-07T03:53:32Z,lime,lime:fe6f26645862,51.92266,4.47347,False,False,bicycle,electric_assist
2026-04-07T03:53:32Z,lime,lime:0a9f5c34480d,51.93281,4.47538,False,False,bicycle,electric_assist
2026-04-07T03:53:32Z,lime,lime:d2387dabb313,51.94288,4.47469,False,False,bicycle,electric_assist
2026-04-07T03:53:32Z,lime,lime:b664f158c914,51.92266,4.47351,False,False,bicycle,electric_assist
2026-04-07T03:53:32Z,lime,lime:d15707a6728e,51.96257,4.48765,False,False,bicycle,electric_assist
2026-04-07T03:53:32Z,lime,lime:f7039ab82c91,51.92691,4.50187,False,False,bicycle,electric_assist
2026-04-07T03:53:32Z,lime,lime:79a2c84b9d2d,51.91555,4.45179,False,False,bicycle,electric_assist
2026-04-07T03:53:32Z,lime,lime:77e5bd04ce82,51.93689,4.45333,False,False,bicycle,electric_assist
2026-04-07T03:53:32Z,lime,lime:26ea6ed06ace,51.90943,4.52894,False,False,bicycle,electric_assist
2026-04-07T03:53:32Z,lime,lime:7de79e4718a6,51.92321,4.49352,False,False,bicycle,electric_assist
2026-04-07T03:53:32Z,lime,lime:8747df7a659d,51.88279,4.50432,False,False,bicycle,electric_assist
2026-04-07T03:53:32Z,lime,lime:346d666683a4,51.90306,4.46874,False,False,bicycle,electric_assist
2026-04-07T03:53:32Z,lime,lime:7fa8b43f0a05,51.9149,4.40317,False,False,bicycle,electric_assist
2026-04-07T03:53:32Z,lime,lime:c1a0b5bafb9d,51.93557,4.47446,False,False,bicycle,electric_assist
2026-04-07T03:53:32Z,lime,lime:a868fc2fb0ab,51.94637,4.46813,False,False,bicycle,electric_assist
2026-04-07T03:53:32Z,lime,lime:37369d8813e7,51.92542,4.46609,False,False,bicycle,electric_assist
2026-04-07T03:53:32Z,lime,lime:3fe0bfb68629,51.8983,4.50508,False,False,bicycle,electric_assist
2026-04-07T03:53:32Z,lime,lime:2dae9d905b7a,51.93406,4.47421,False,False,bicycle,electric_assist
2026-04-07T03:53:32Z,lime,lime:15a1f42d9a0d,51.96592,4.50178,False,False,bicycle,electric_assist
2026-04-07T03:53:32Z,lime,lime:f0035687a288,51.88931,4.4833,False,False,bicycle,electric_assist
2026-04-07T03:53:32Z,lime,lime:c5d2aa219b75,51.94641,4.48491,False,False,bicycle,electric_assist
2026-04-07T03:53:32Z,lime,lime:0407dc47265b,51.92515,4.49254,False,False,bicycle,electric_assist
2026-04-07T03:53:32Z,lime,lime:b0c1d9673dcd,51.91844,4.48237,False,False,bicycle,electric_assist
2026-04-07T03:53:32Z,lime,lime:70d3651436f4,51.93354,4.44059,False,False,bicycle,electric_assist
2026-04-07T03:53:32Z,lime,lime:82f0c703361d,51.98353,4.36198,False,False,bicycle,electric_assist
2026-04-07T03:53:32Z,lime,lime:e06925aeccbb,51.94388,4.47271,False,False,bicycle,electric_assist
2026-04-07T03:53:32Z,lime,lime:6f287078af9c,51.89132,4.49907,False,False,bicycle,electric_assist
2026-04-07T03:53:32Z,lime,lime:b97e8ac14226,51.92161,4.50713,False,False,bicycle,electric_assist
2026-04-07T03:53:32Z,lime,lime:3fccea5c826b,51.91479,4.45167,False,False,bicycle,electric_assist
2026-04-07T03:53:32Z,lime,lime:70d71eacb5be,51.99718,4.35258,False,False,bicycle,electric_assist
2026-04-07T03:53:32Z,lime,lime:64303b3520ba,51.91909,4.50892,False,False,bicycle,electric_assist
2026-04-07T03:53:32Z,lime,lime:b07ff25a7fc9,51.90233,4.49611,False,False,bicycle,electric_assist
2026-04-07T03:53:32Z,lime,lime:9b182416aa0c,51.91102,4.52505,False,False,bicycle,electric_assist
2026-04-07T03:53:32Z,lime,lime:b57226142db4,51.91596,4.48861,False,False,bicycle,electric_assist
2026-04-07T03:53:32Z,lime,lime:96bcc7da38d2,51.92751,4.50974,False,False,bicycle,electric_assist
2026-04-07T03:53:32Z,lime,lime:9020dd44c694,51.89839,4.47347,False,False,bicycle,electric_assist
2026-04-07T03:53:32Z,lime,lime:5791d7b8475b,51.90221,4.46135,False,False,bicycle,electric_assist
2026-04-07T03:53:32Z,lime,lime:2a203f69cd60,51.9079,4.46198,False,False,bicycle,electric_assist
2026-04-07T03:53:32Z,lime,lime:2f59dbe358cd,51.89952,4.53465,False,False,bicycle,electric_assist
2026-04-07T03:53:32Z,lime,lime:267fd23af144,51.90023,4.49866,False,False,bicycle,electric_assist
2026-04-07T03:53:32Z,lime,lime:8d33bbb828d6,51.9254,4.50874,False,False,bicycle,electric_assist
2026-04-07T03:53:32Z,lime,lime:4ab9ad741700,51.8826,4.52118,False,False,bicycle,electric_assist
2026-04-07T03:53:32Z,lime,lime:097175169bb2,51.89473,4.46186,False,False,bicycle,electric_assist
2026-04-07T03:53:32Z,lime,lime:16b779acd750,51.89076,4.46374,False,True,bicycle,electric_assist
2026-04-07T03:53:32Z,lime,lime:4ab93036bf29,51.94538,4.47821,False,True,bicycle,electric_assist
2026-04-07T03:53:32Z,lime,lime:1a9b60d6f36e,51.92265,4.47352,False,False,bicycle,electric_assist
2026-04-07T03:53:32Z,lime,lime:ab7e27133266,51.93697,4.42778,False,False,bicycle,electric_assist
2026-04-07T03:53:32Z,lime,lime:6ffde18860d7,51.92444,4.49895,False,False,bicycle,electric_assist
2026-04-07T03:53:32Z,lime,lime:6ffc7ff78dec,51.89876,4.47507,False,False,bicycle,electric_assist
2026-04-07T03:53:32Z,lime,lime:97b358e90bc9,51.91567,4.50088,False,False,bicycle,electric_assist
2026-04-07T03:53:32Z,lime,lime:7f7098ec3d51,51.93025,4.48378,False,False,bicycle,electric_assist
2026-04-07T03:53:32Z,lime,lime:d5dc75bc1383,51.93336,4.48111,False,False,bicycle,electric_assist
2026-04-07T03:53:32Z,lime,lime:8bab7b248a3b,51.9217,4.49286,False,False,bicycle,electric_assist
2026-04-07T03:53:32Z,lime,lime:56e2e6075dba,51.9341,4.48,False,False,bicycle,electric_assist
2026-04-07T03:53:32Z,lime,lime:8dd2aae43eed,51.89683,4.5217,False,False,bicycle,electric_assist
2026-04-07T03:53:32Z,lime,lime:b0bd5df96a35,51.92273,4.47339,False,False,bicycle,electric_assist
2026-04-07T03:53:32Z,lime,lime:a3b025d835d4,51.91937,4.51402,False,False,bicycle,electric_assist
2026-04-07T03:53:32Z,lime,lime:77d02a75bef4,51.92162,4.50708,False,False,bicycle,electric_assist
2026-04-07T03:53:32Z,lime,lime:afa320644107,51.88727,4.53793,False,False,bicycle,electric_assist
2026-04-07T03:53:32Z,lime,lime:0ed08ab7dadb,51.93519,4.46156,False,False,bicycle,electric_assist
2026-04-07T03:53:32Z,lime,lime:503215d61ad2,51.91504,4.53029,False,False,bicycle,electric_assist
2026-04-07T03:53:32Z,lime,lime:3ae0e95310fe,51.93119,4.40606,False,False,bicycle,electric_assist
2026-04-07T03:53:32Z,lime,lime:5ef7d1a1de48,51.9287,4.49902,False,False,bicycle,electric_assist
2026-04-07T03:53:32Z,lime,lime:5c808361b2d4,51.91553,4.4702,False,False,bicycle,electric_assist
2026-04-07T03:53:32Z,lime,lime:e9df22132840,51.93421,4.46367,False,False,bicycle,electric_assist
2026-04-07T03:53:32Z,lime,lime:2a8e24695d77,51.93328,4.45422,False,False,bicycle,electric_assist
2026-04-07T03:53:32Z,lime,lime:0c269c5d4267,51.9165,4.44794,False,False,bicycle,electric_assist
2026-04-07T03:53:32Z,lime,lime:b7bab6fd17bd,51.92907,4.50206,False,False,bicycle,electric_assist
2026-04-07T03:53:32Z,lime,lime:8e6a57ad752f,51.93498,4.46888,False,False,bicycle,electric_assist
2026-04-07T03:53:32Z,lime,lime:ef809779103f,51.91779,4.44505,False,False,bicycle,electric_assist
2026-04-07T03:53:32Z,lime,lime:372aaed44d87,51.94479,4.47142,False,False,bicycle,electric_assist
2026-04-07T03:53:32Z,lime,lime:0f705fa0ece8,51.88712,4.49151,False,False,bicycle,electric_assist
2026-04-07T03:53:32Z,lime,lime:0287188c7b6e,51.92938,4.49215,False,False,bicycle,electric_assist
2026-04-07T03:53:32Z,lime,lime:481823beec81,51.92424,4.47989,False,False,bicycle,electric_assist
2026-04-07T03:53:32Z,lime,lime:71f641cfcb0d,51.91098,4.50139,False,False,bicycle,electric_assist
2026-04-07T03:53:32Z,lime,lime:a304c6ca1603,51.92817,4.41886,False,False,bicycle,electric_assist
2026-04-07T03:53:32Z,lime,lime:afed3fa19a42,51.89843,4.50825,False,False,bicycle,electric_assist
2026-04-07T03:53:32Z,lime,lime:db86b5f9afa0,51.90144,4.4795,False,False,bicycle,electric_assist
2026-04-07T03:53:32Z,lime,lime:ef83c9590b3a,51.91103,4.4819,False,False,bicycle,electric_assist
2026-04-07T03:53:32Z,lime,lime:767ecc70c00d,51.89994,4.47856,False,False,bicycle,electric_assist
2026-04-07T03:53:32Z,lime,lime:5660ed13ed9e,51.93026,4.48381,False,False,bicycle,electric_assist
2026-04-07T03:53:32Z,lime,lime:3553f8b7df13,51.91525,4.5297,False,False,bicycle,electric_assist
2026-04-07T03:53:32Z,lime,lime:803124b9312d,51.92004,4.44454,False,False,bicycle,electric_assist
2026-04-07T03:53:32Z,lime,lime:302d9141af8a,51.91912,4.46082,False,False,bicycle,electric_assist
2026-04-07T03:53:32Z,lime,lime:b252210f10f5,51.92884,4.50182,False,False,bicycle,electric_assist
2026-04-07T03:53:32Z,lime,lime:ac7c839b9137,51.92914,4.50889,False,False,bicycle,electric_assist
2026-04-07T03:53:32Z,lime,lime:158fdd362641,51.91253,4.51056,False,False,bicycle,electric_assist
2026-04-07T03:53:32Z,lime,lime:108741526030,51.92662,4.49395,False,False,bicycle,electric_assist
2026-04-07T03:53:32Z,lime,lime:b96020dbf4ec,51.90932,4.45826,False,False,bicycle,electric_assist
2026-04-07T03:53:32Z,lime,lime:cbd7c04bfaec,51.93651,4.46332,False,False,bicycle,electric_assist
2026-04-07T03:53:32Z,lime,lime:00cb6ba03aab,51.92517,4.49253,False,False,bicycle,electric_assist
2026-04-07T03:53:32Z,lime,lime:cf2f6b54a91b,51.93334,4.50287,False,False,bicycle,electric_assist
2026-04-07T03:53:32Z,lime,lime:ffb5cf89e429,51.90283,4.46781,False,False,bicycle,electric_assist
2026-04-07T03:53:32Z,lime,lime:1474d252a380,51.94837,4.51067,False,False,bicycle,electric_assist
2026-04-07T03:53:32Z,lime,lime:306f035df02f,51.93252,4.43843,False,False,bicycle,electric_assist
2026-04-07T03:53:32Z,lime,lime:ce91ac83e7e2,51.91356,4.49342,False,False,bicycle,electric_assist
2026-04-07T03:53:32Z,lime,lime:03ed8458726a,51.9013,4.45561,False,False,bicycle,electric_assist
2026-04-07T03:53:32Z,lime,lime:7d8527e7cbb8,51.89952,4.53465,False,False,bicycle,electric_assist
2026-04-07T03:53:32Z,lime,lime:595e85fb53c2,51.93853,4.47953,False,False,bicycle,electric_assist
2026-04-07T03:53:32Z,lime,lime:23c2d2b94512,51.91413,4.42239,False,False,bicycle,electric_assist
2026-04-07T03:53:32Z,lime,lime:08af1730bb5c,51.96292,4.47541,False,False,bicycle,electric_assist
2026-04-07T03:53:32Z,lime,lime:2fb99a015c14,51.91709,4.46082,False,False,bicycle,electric_assist
2026-04-07T03:53:32Z,lime,lime:52cf1077044d,51.92538,4.51739,False,False,bicycle,electric_assist
2026-04-07T03:53:32Z,lime,lime:094d6aaa23c6,51.9276,4.47687,False,False,bicycle,electric_assist
2026-04-07T03:53:32Z,lime,lime:dae4811406cd,51.94927,4.43265,False,False,bicycle,electric_assist
2026-04-07T03:53:32Z,lime,lime:3287e754d6bb,51.90689,4.4958,False,False,bicycle,electric_assist
2026-04-07T03:53:32Z,lime,lime:31667919b746,51.91892,4.4904,False,False,bicycle,electric_assist
2026-04-07T03:53:32Z,lime,lime:87ab017e91d5,51.94902,4.45421,False,False,bicycle,electric_assist
2026-04-07T03:53:32Z,lime,lime:03ce521efc0d,51.93115,4.47645,False,False,bicycle,electric_assist
2026-04-07T03:53:32Z,lime,lime:189b0bbef0b4,51.94525,4.47497,False,False,bicycle,electric_assist
2026-04-07T03:53:32Z,lime,lime:0a38eea7024b,51.92312,4.40884,False,False,bicycle,electric_assist
2026-04-07T03:53:32Z,lime,lime:35e844fba934,51.91155,4.49088,False,False,bicycle,electric_assist
2026-04-07T03:53:32Z,lime,lime:132e6fe4de32,51.93161,4.50443,False,False,bicycle,electric_assist
2026-04-07T03:53:32Z,lime,lime:e45dbcafc9bf,51.9363,4.46046,False,False,bicycle,electric_assist
2026-04-07T03:53:32Z,lime,lime:d49156c34d25,51.93742,4.47471,False,False,bicycle,electric_assist
2026-04-07T03:53:32Z,lime,lime:56871ed8ad5f,51.90542,4.46771,False,False,bicycle,electric_assist
2026-04-07T03:53:32Z,lime,lime:fe1388d62539,51.90234,4.49612,False,False,bicycle,electric_assist
2026-04-07T03:53:32Z,lime,lime:dcc175d4c0a8,51.94246,4.53793,False,False,bicycle,electric_assist
2026-04-07T03:53:32Z,lime,lime:0c6d2fe0e71a,51.92939,4.44876,False,False,bicycle,electric_assist
2026-04-07T03:53:32Z,lime,lime:f157e9882639,51.92147,4.45638,False,False,bicycle,electric_assist
2026-04-07T03:53:32Z,lime,lime:80b70963464a,51.92627,4.50129,False,False,bicycle,electric_assist
2026-04-07T03:53:32Z,lime,lime:049a452f2b3b,51.92169,4.49296,False,False,bicycle,electric_assist
2026-04-07T03:53:32Z,lime,lime:a427b7f435d9,51.91938,4.51396,False,False,bicycle,electric_assist
2026-04-07T03:53:32Z,lime,lime:168e68ca52ef,51.92084,4.47192,False,False,bicycle,electric_assist
2026-04-07T03:53:32Z,lime,lime:a44e48d2fad6,51.93545,4.46206,False,True,bicycle,electric_assist
2026-04-07T03:53:32Z,lime,lime:9f502695316b,51.94629,4.48621,False,False,bicycle,electric_assist
2026-04-07T03:53:32Z,lime,lime:badf628262b2,51.92093,4.54168,False,False,bicycle,electric_assist
2026-04-07T03:53:32Z,lime,lime:0279b001bce5,51.92319,4.49353,False,False,bicycle,electric_assist
2026-04-07T03:53:32Z,lime,lime:d6e59386d298,51.88724,4.49161,False,False,bicycle,electric_assist
2026-04-07T03:53:32Z,lime,lime:37c324f3edfa,51.91062,4.38595,False,False,bicycle,electric_assist
2026-04-07T03:53:32Z,lime,lime:4ea24c722b28,51.94893,4.46504,False,False,bicycle,electric_assist
2026-04-07T03:53:32Z,lime,lime:6a58b0eff9d1,51.91603,4.46428,False,False,bicycle,electric_assist
2026-04-07T03:53:32Z,lime,lime:5a5f273e097c,51.93247,4.47146,False,False,bicycle,electric_assist
2026-04-07T03:53:32Z,lime,lime:fef5c5178fa5,51.92541,4.50864,False,False,bicycle,electric_assist
2026-04-07T03:53:32Z,lime,lime:348c6cb7530f,51.91127,4.52468,False,False,bicycle,electric_assist
2026-04-07T03:53:32Z,lime,lime:221c675d0fb9,51.91391,4.39732,False,False,bicycle,electric_assist
2026-04-07T03:53:32Z,lime,lime:3727770a3d31,51.93143,4.46149,False,False,bicycle,electric_assist
2026-04-07T03:53:32Z,lime,lime:0454efe4ef64,51.94886,4.46499,False,False,bicycle,electric_assist
2026-04-07T03:53:32Z,lime,lime:fe85f0d41888,51.92087,4.49091,False,False,bicycle,electric_assist
2026-04-07T03:53:32Z,lime,lime:effd9347677c,51.92284,4.46961,False,False,bicycle,electric_assist
2026-04-07T03:53:32Z,lime,lime:d2036c754d50,51.88702,4.52136,False,False,bicycle,electric_assist
2026-04-07T03:53:32Z,lime,lime:a277f3f0f9d1,51.90942,4.52894,False,False,bicycle,electric_assist
2026-04-07T03:53:32Z,lime,lime:38cc89143564,51.91158,4.47857,False,False,bicycle,electric_assist
2026-04-07T03:53:32Z,lime,lime:d4c7e1e37b23,51.92779,4.4817,False,False,bicycle,electric_assist
2026-04-07T03:53:32Z,lime,lime:18d5eb2e6bb7,51.88641,4.54935,False,False,bicycle,electric_assist
2026-04-07T03:53:32Z,lime,lime:8578ff428082,51.94776,4.55709,False,False,bicycle,electric_assist
2026-04-07T03:53:32Z,lime,lime:b17c460df5cc,51.91273,4.44977,False,False,bicycle,electric_assist
2026-04-07T03:53:32Z,lime,lime:af3814fdfc44,51.95571,4.4671,False,False,bicycle,electric_assist
2026-04-07T03:53:32Z,lime,lime:77278a30c73a,51.92299,4.48806,False,False,bicycle,electric_assist
2026-04-07T03:53:32Z,lime,lime:5c139597d364,51.89848,4.54554,False,False,bicycle,electric_assist
2026-04-07T03:53:32Z,lime,lime:8ee6748a34af,51.90731,4.49966,False,False,bicycle,electric_assist
2026-04-07T03:53:32Z,lime,lime:54176d092fe7,51.88714,4.49154,False,False,bicycle,electric_assist
2026-04-07T03:53:32Z,lime,lime:52084064b535,51.8891,4.52905,False,False,bicycle,electric_assist
2026-04-07T03:53:32Z,lime,lime:031e6b68824e,51.92265,4.47342,False,False,bicycle,electric_assist
2026-04-07T03:53:32Z,lime,lime:0819d616425a,51.91674,4.4674,False,False,bicycle,electric_assist
2026-04-07T03:53:32Z,lime,lime:cac384c6fec7,51.91112,4.4925,False,False,bicycle,electric_assist
2026-04-07T03:53:32Z,lime,lime:f3984c7b317b,51.91972,4.51167,False,False,bicycle,electric_assist
2026-04-07T03:53:32Z,lime,lime:63198c513440,51.92434,4.4725,False,False,bicycle,electric_assist
2026-04-07T03:53:32Z,lime,lime:a3a8e6f953b3,51.95135,4.47045,False,False,bicycle,electric_assist
2026-04-07T03:53:32Z,lime,lime:216bd2a8ec56,51.89214,4.56964,False,True,bicycle,electric_assist
2026-04-07T03:53:32Z,lime,lime:8b3ff8080f36,51.92909,4.46989,False,False,bicycle,electric_assist
2026-04-07T03:53:32Z,lime,lime:1bf7a503c95b,51.91187,4.46642,False,False,bicycle,electric_assist
2026-04-07T03:53:32Z,lime,lime:86203ad75cbc,51.91172,4.38369,False,False,bicycle,electric_assist
2026-04-07T03:53:32Z,lime,lime:33539812f64b,51.92159,4.49301,False,False,bicycle,electric_assist
2026-04-07T03:53:32Z,lime,lime:ef5364601e0a,51.89382,4.50949,False,False,bicycle,electric_assist
2026-04-07T03:53:32Z,lime,lime:cd937bc3ace9,51.92012,4.43751,False,False,bicycle,electric_assist
2026-04-07T03:53:32Z,lime,lime:84b4fc678bc8,51.91711,4.46084,False,False,bicycle,electric_assist
2026-04-07T03:53:32Z,lime,lime:4a2345fd2219,51.99426,4.36094,False,False,bicycle,electric_assist
2026-04-07T03:53:32Z,lime,lime:6563f7ca8f1b,51.95321,4.53576,False,False,bicycle,electric_assist
2026-04-07T03:53:32Z,lime,lime:b8e2829b85b9,51.95836,4.49046,False,False,bicycle,electric_assist
2026-04-07T03:53:32Z,lime,lime:028824c2dbc2,51.90271,4.50738,False,False,bicycle,electric_assist
2026-04-07T03:53:32Z,lime,lime:f71d704f55c8,51.91473,4.44614,False,False,bicycle,electric_assist
2026-04-07T03:53:32Z,lime,lime:54ac6a586104,51.90993,4.44571,False,False,bicycle,electric_assist
2026-04-07T03:53:32Z,lime,lime:50fcc94f51fe,51.91778,4.44507,False,False,bicycle,electric_assist
2026-04-07T03:53:32Z,lime,lime:a4d04f11d7a4,51.91785,4.44508,False,False,bicycle,electric_assist
2026-04-07T03:53:32Z,lime,lime:411e6c2787c5,51.93721,4.53613,False,False,bicycle,electric_assist
2026-04-07T03:53:32Z,lime,lime:23bd1cbe1f22,51.90945,4.52142,False,False,bicycle,electric_assist
2026-04-07T03:53:32Z,lime,lime:97fa601771c6,51.91603,4.48749,False,True,bicycle,electric_assist
2026-04-07T03:53:32Z,lime,lime:0d08cfcefdd4,51.92177,4.44909,False,False,bicycle,electric_assist
2026-04-07T03:53:32Z,lime,lime:c71357f7be2a,51.96178,4.47927,False,False,bicycle,electric_assist
2026-04-07T03:53:32Z,lime,lime:fdf70f5df0e6,51.92547,4.46639,True,False,bicycle,electric_assist
2026-04-07T03:53:32Z,lime,lime:c1c0c5c4b890,51.91687,4.5277,False,False,bicycle,electric_assist
2026-04-07T03:53:32Z,lime,lime:4319c46e8d3d,51.93958,4.4769,False,False,bicycle,electric_assist
2026-04-07T03:53:32Z,lime,lime:46f7cfb42a08,51.89471,4.46192,False,False,bicycle,electric_assist
2026-04-07T03:53:32Z,lime,lime:ba814af63040,51.92697,4.47232,False,False,bicycle,electric_assist
2026-04-07T03:53:32Z,lime,lime:d4045999dc7f,51.90162,4.48723,False,False,bicycle,electric_assist
2026-04-07T03:53:32Z,lime,lime:3842ffa7f2ab,51.92385,4.53497,False,False,bicycle,electric_assist
2026-04-07T03:53:32Z,lime,lime:503922378c6c,51.92403,4.54348,False,False,bicycle,electric_assist
2026-04-07T03:53:32Z,lime,lime:f566de6656df,51.9151,4.52152,False,False,bicycle,electric_assist
2026-04-07T03:53:32Z,lime,lime:0f7ca73ea868,51.90644,4.45713,False,False,bicycle,electric_assist
2026-04-07T03:53:32Z,lime,lime:ac0a93447a40,51.92279,4.48143,False,False,bicycle,electric_assist
2026-04-07T03:53:32Z,lime,lime:55cfbdba5415,51.93981,4.48428,False,False,bicycle,electric_assist
2026-04-07T03:53:32Z,lime,lime:a36eb83c2d8a,51.92916,4.50529,False,False,bicycle,electric_assist
2026-04-07T03:53:32Z,lime,lime:1e41d8cf78f2,51.9064,4.45185,False,False,bicycle,electric_assist
2026-04-07T03:53:32Z,lime,lime:c0de0f454d41,51.90925,4.45822,False,False,bicycle,electric_assist
2026-04-07T03:53:32Z,lime,lime:43c235518ff1,51.92808,4.53643,False,False,bicycle,electric_assist
2026-04-07T03:53:32Z,lime,lime:c70c5a88c8fc,51.93598,4.43725,False,False,bicycle,electric_assist
2026-04-07T03:53:32Z,lime,lime:ee7d451516af,51.91081,4.4055,False,False,bicycle,electric_assist
2026-04-07T03:53:32Z,lime,lime:9e5d95372812,51.90936,4.49728,False,False,bicycle,electric_assist
2026-04-07T03:53:32Z,lime,lime:556be9bc4ad1,51.9093,4.50795,False,False,bicycle,electric_assist
2026-04-07T03:53:32Z,lime,lime:edd27c67c585,51.92203,4.51504,False,False,bicycle,electric_assist
2026-04-07T03:53:32Z,lime,lime:599fe1a2eb1d,51.92312,4.48286,False,False,bicycle,electric_assist
2026-04-07T03:53:32Z,lime,lime:c2ded8e65fe0,51.90736,4.4021,False,False,bicycle,electric_assist
2026-04-07T03:53:32Z,lime,lime:32bdba8827ce,51.90875,4.40611,False,False,bicycle,electric_assist
2026-04-07T03:53:32Z,lime,lime:289f95c14b4b,51.95993,4.47878,False,False,bicycle,electric_assist
2026-04-07T03:53:32Z,lime,lime:b9af12c0dc3c,51.94628,4.56072,False,False,bicycle,electric_assist
2026-04-07T03:53:32Z,lime,lime:4bb90bb70411,51.92848,4.50161,False,False,bicycle,electric_assist
2026-04-07T03:53:32Z,lime,lime:b06d3b914fa5,51.91447,4.43728,False,False,bicycle,electric_assist
2026-04-07T03:53:32Z,lime,lime:3bd5be5521a5,51.90217,4.46137,False,False,bicycle,electric_assist
2026-04-07T03:53:32Z,lime,lime:bbc381dde608,51.92275,4.47334,False,False,bicycle,electric_assist
2026-04-07T03:53:32Z,lime,lime:e371e912ead4,51.9976,4.33333,False,False,bicycle,electric_assist
2026-04-07T03:53:32Z,lime,lime:f14663d58354,51.90551,4.50957,False,False,bicycle,electric_assist
2026-04-07T03:53:32Z,lime,lime:aa74be2546e7,51.93725,4.45379,False,False,bicycle,electric_assist
2026-04-07T03:53:32Z,lime,lime:63d10775c9a1,51.9182,4.38961,False,False,bicycle,electric_assist
2026-04-07T03:53:32Z,lime,lime:c7bba403af85,51.92172,4.49298,False,False,bicycle,electric_assist
2026-04-07T03:53:32Z,lime,lime:2862963f0295,51.92005,4.51405,False,False,bicycle,electric_assist
2026-04-07T03:53:32Z,lime,lime:b0bf947c570a,51.93035,4.50781,False,False,bicycle,electric_assist
2026-04-07T03:53:32Z,lime,lime:d527544af484,51.90782,4.46226,False,False,bicycle,electric_assist
2026-04-07T03:53:32Z,lime,lime:d9853f7abebc,51.92966,4.476,False,False,bicycle,electric_assist
2026-04-07T03:53:32Z,lime,lime:6f1fdecd0239,51.92269,4.4735,False,False,bicycle,electric_assist
2026-04-07T03:53:32Z,lime,lime:a43debe11b56,51.92367,4.47903,False,False,bicycle,electric_assist
2026-04-07T03:53:32Z,lime,lime:d1e5ef93cc20,51.93858,4.4796,False,False,bicycle,electric_assist
2026-04-07T03:53:32Z,lime,lime:27fed3387d00,51.94388,4.50265,False,False,bicycle,electric_assist
2026-04-07T03:53:32Z,lime,lime:ae6c5e124bcb,51.91535,4.44021,False,False,bicycle,electric_assist
2026-04-07T03:53:32Z,lime,lime:a866d2594cb9,51.9351,4.46505,False,False,bicycle,electric_assist
2026-04-07T03:53:32Z,lime,lime:971f180479df,51.92169,4.49287,False,False,bicycle,electric_assist
2026-04-07T03:53:32Z,lime,lime:5542de127b23,51.92732,4.48351,False,False,bicycle,electric_assist
2026-04-07T03:53:32Z,lime,lime:76f4dd8c2e31,51.94461,4.48726,False,False,bicycle,electric_assist
2026-04-07T03:53:32Z,lime,lime:68dcd7d5c940,51.93876,4.46704,False,False,bicycle,electric_assist
2026-04-07T03:53:32Z,lime,lime:6ccacc78db95,51.9275,4.51091,False,False,bicycle,electric_assist
2026-04-07T03:53:32Z,lime,lime:adb1a6b29d77,51.9351,4.46631,False,False,bicycle,electric_assist
2026-04-07T03:53:32Z,lime,lime:1e2a61f47a76,51.95357,4.50877,False,False,bicycle,electric_assist
2026-04-07T03:53:32Z,lime,lime:70a13f79cb58,51.95135,4.47047,False,False,bicycle,electric_assist
2026-04-07T03:53:32Z,lime,lime:9db2719d8f51,51.92734,4.50964,False,False,bicycle,electric_assist
2026-04-07T03:53:32Z,lime,lime:aab048fa6203,51.92432,4.48022,False,False,bicycle,electric_assist
2026-04-07T03:53:32Z,lime,lime:aed29cc0c619,51.92166,4.50706,False,False,bicycle,electric_assist
2026-04-07T03:53:32Z,lime,lime:7050158dd2be,51.90902,4.49415,False,False,bicycle,electric_assist
2026-04-07T03:53:32Z,lime,lime:4589f2ea8e3f,51.91184,4.46642,False,False,bicycle,electric_assist
2026-04-07T03:53:32Z,lime,lime:b9670194e5bc,51.93626,4.477,False,False,bicycle,electric_assist
2026-04-07T03:53:32Z,lime,lime:d464f27d6bbf,51.92278,4.46965,False,False,bicycle,electric_assist
2026-04-07T03:53:32Z,lime,lime:07a6b1919e08,51.92667,4.46262,False,False,bicycle,electric_assist
2026-04-07T03:53:32Z,lime,lime:a05254c9e74d,51.9022,4.46143,False,False,bicycle,electric_assist
2026-04-07T03:53:32Z,lime,lime:1b309f4d3c1e,51.94265,4.4726,False,False,bicycle,electric_assist
2026-04-07T03:53:32Z,lime,lime:f135278153a9,51.94238,4.49921,False,False,bicycle,electric_assist
2026-04-07T03:53:32Z,lime,lime:65bdecad3ce6,51.88281,4.50435,False,False,bicycle,electric_assist
2026-04-07T03:53:32Z,lime,lime:6a50cb9ed8b3,51.91533,4.4998,False,False,bicycle,electric_assist
2026-04-07T03:53:32Z,lime,lime:98f266dde619,51.92605,4.5164,False,False,bicycle,electric_assist
2026-04-07T03:53:32Z,lime,lime:4fe0908d5d64,51.96095,4.46725,False,False,bicycle,electric_assist
2026-04-07T03:53:32Z,lime,lime:a63e92b3bcfe,51.89848,4.54553,False,False,bicycle,electric_assist
2026-04-07T03:53:32Z,lime,lime:0e54be803199,51.87495,4.46786,False,False,bicycle,electric_assist
2026-04-07T03:53:32Z,lime,lime:fffdf0b7c114,51.90447,4.46043,False,False,bicycle,electric_assist
2026-04-07T03:53:32Z,lime,lime:a7b10c94b797,51.94291,4.47584,False,False,bicycle,electric_assist
2026-04-07T03:53:32Z,lime,lime:8bed9f53cdde,51.91062,4.38594,False,False,bicycle,electric_assist
2026-04-07T03:53:32Z,lime,lime:fc62ac2f9485,51.91908,4.50896,False,False,bicycle,electric_assist
2026-04-07T03:53:32Z,lime,lime:ea96e57286d6,51.92094,4.54212,False,False,bicycle,electric_assist
2026-04-07T03:53:32Z,lime,lime:ddb3d845b41c,51.94928,4.43267,False,False,bicycle,electric_assist
2026-04-07T03:53:32Z,lime,lime:0987932c0bd2,51.91853,4.43923,False,False,bicycle,electric_assist
2026-04-07T03:53:32Z,lime,lime:0b8ac845fa5f,51.94594,4.48562,False,False,bicycle,electric_assist
2026-04-07T03:53:32Z,lime,lime:c4d1a0b9f270,51.92161,4.49309,False,False,bicycle,electric_assist
2026-04-07T03:53:32Z,lime,lime:cfa6a7880bff,51.93918,4.46805,False,False,bicycle,electric_assist
2026-04-07T03:53:32Z,lime,lime:f6ba9d0bda79,51.91917,4.44748,False,False,bicycle,electric_assist
2026-04-07T03:53:32Z,lime,lime:4b0e1d6f51d5,51.87427,4.5231,False,False,bicycle,electric_assist
2026-04-07T03:53:32Z,lime,lime:d53d6551f091,51.98751,4.359,False,False,bicycle,electric_assist
2026-04-07T03:53:32Z,lime,lime:56cafed30793,51.91967,4.55468,False,False,bicycle,electric_assist
2026-04-07T03:53:32Z,lime,lime:f8dd95b645e7,51.90927,4.45825,False,False,bicycle,electric_assist
2026-04-07T03:53:32Z,lime,lime:31126710074d,51.92135,4.44829,False,False,bicycle,electric_assist
2026-04-07T03:53:32Z,lime,lime:e7f97185d1bb,51.93024,4.48378,False,False,bicycle,electric_assist
2026-04-07T03:53:32Z,lime,lime:0319d2c9a06f,51.93149,4.49949,False,False,bicycle,electric_assist
2026-04-07T03:53:32Z,lime,lime:f7876a4854fe,51.89894,4.48083,False,False,bicycle,electric_assist
2026-04-07T03:53:32Z,lime,lime:3d5091b1bf5b,51.92865,4.46329,False,False,bicycle,electric_assist
2026-04-07T03:53:32Z,lime,lime:a499a6b758fd,51.92533,4.50917,False,False,bicycle,electric_assist
2026-04-07T03:53:32Z,lime,lime:481ffb33c2b9,51.91616,4.52217,False,False,bicycle,electric_assist
2026-04-07T03:53:32Z,lime,lime:ab3588a3f9a1,51.95991,4.47876,False,False,bicycle,electric_assist
2026-04-07T03:53:32Z,lime,lime:d930645097f2,51.94464,4.48377,False,False,bicycle,electric_assist
2026-04-07T03:53:32Z,lime,lime:c0c4a2415c81,51.92546,4.46642,False,False,bicycle,electric_assist
2026-04-07T03:53:32Z,lime,lime:4ff436f18587,51.91151,4.49144,False,False,bicycle,electric_assist
2026-04-07T03:53:32Z,lime,lime:15d38ee79d40,51.94219,4.42721,False,False,bicycle,electric_assist
2026-04-07T03:53:32Z,lime,lime:8a39b7f61503,51.94081,4.5089,False,False,bicycle,electric_assist
2026-04-07T03:53:32Z,lime,lime:954050218dc1,51.93355,4.48107,False,False,bicycle,electric_assist
2026-04-07T03:53:32Z,lime,lime:31c4dd3c27a2,51.93214,4.47564,False,False,bicycle,electric_assist
2026-04-07T03:53:32Z,lime,lime:0ab54a036d7f,51.90715,4.48944,False,False,bicycle,electric_assist
2026-04-07T03:53:32Z,lime,lime:47094ae3b5ac,51.98203,4.34478,False,True,bicycle,electric_assist
2026-04-07T03:53:32Z,lime,lime:48a6910ae66e,51.89831,4.47762,False,False,bicycle,electric_assist
2026-04-07T03:53:32Z,lime,lime:8a6c054ee6ed,51.89925,4.51056,False,True,bicycle,electric_assist
2026-04-07T03:53:32Z,lime,lime:8da2717ef4dc,51.92765,4.47647,False,False,bicycle,electric_assist
2026-04-07T03:53:32Z,lime,lime:d65fdedd2ec2,51.90499,4.50369,False,False,bicycle,electric_assist
2026-04-07T03:53:32Z,lime,lime:9de549c56340,51.93576,4.49041,False,False,bicycle,electric_assist
2026-04-07T03:53:32Z,lime,lime:68af78ff3736,51.93338,4.46015,False,False,bicycle,electric_assist
2026-04-07T03:53:32Z,lime,lime:90d759df9f7d,51.90756,4.45686,False,False,bicycle,electric_assist
2026-04-07T03:53:32Z,lime,lime:095e643ffeaf,51.93977,4.48428,False,False,bicycle,electric_assist
2026-04-07T03:53:32Z,lime,lime:ec0f90735481,51.90152,4.55321,False,False,bicycle,electric_assist
2026-04-07T03:53:32Z,lime,lime:f19eb28be764,51.88632,4.54932,False,False,bicycle,electric_assist
2026-04-07T03:53:32Z,lime,lime:743200b7ec30,51.98457,4.37372,False,False,bicycle,electric_assist
2026-04-07T03:53:32Z,lime,lime:b1f17495088d,51.91507,4.3927,False,False,bicycle,electric_assist
2026-04-07T03:53:32Z,lime,lime:afa8668faa4d,51.91071,4.51977,True,False,bicycle,electric_assist
2026-04-07T03:53:32Z,lime,lime:f23161431e59,51.91778,4.48806,False,False,bicycle,electric_assist
2026-04-07T03:53:32Z,lime,lime:a59896ab4442,51.92076,4.51046,False,False,bicycle,electric_assist
2026-04-07T03:53:32Z,lime,lime:80e60fec972c,51.90275,4.45424,False,False,bicycle,electric_assist
2026-04-07T03:53:32Z,lime,lime:1fd6cea06e08,51.91088,4.46022,False,False,bicycle,electric_assist
2026-04-07T03:53:32Z,lime,lime:9f27201bb1d8,51.8749,4.46792,False,False,bicycle,electric_assist
2026-04-07T03:53:32Z,lime,lime:e91e4b8a28df,51.87485,4.46787,False,False,bicycle,electric_assist
2026-04-07T03:53:32Z,lime,lime:a17113480169,51.89688,4.52184,False,False,bicycle,electric_assist
2026-04-07T03:53:32Z,lime,lime:7d82e3422a70,51.95584,4.51917,False,False,bicycle,electric_assist
2026-04-07T03:53:32Z,lime,lime:074349211688,51.92913,4.50535,False,False,bicycle,electric_assist
2026-04-07T03:53:32Z,lime,lime:dc2cff1cab7a,51.91129,4.44546,False,False,bicycle,electric_assist
2026-04-07T03:53:32Z,lime,lime:5d783517aa0f,51.90949,4.44028,False,False,bicycle,electric_assist
2026-04-07T03:53:32Z,lime,lime:99f8fcdb4de2,51.92322,4.49354,False,False,bicycle,electric_assist
2026-04-07T03:53:32Z,lime,lime:2174e741e7b1,51.93567,4.46812,False,False,bicycle,electric_assist
2026-04-07T03:53:32Z,lime,lime:0ed4dc0ec7ee,51.92224,4.47112,False,False,bicycle,electric_assist
2026-04-07T03:53:32Z,lime,lime:ce412d292911,51.92495,4.50237,False,False,bicycle,electric_assist
2026-04-07T03:53:32Z,lime,lime:8cb77dc85942,51.88583,4.50835,False,False,bicycle,electric_assist
2026-04-07T03:53:32Z,lime,lime:36e309f47d56,51.91509,4.5215,False,False,bicycle,electric_assist
2026-04-07T03:53:32Z,lime,lime:c26afab9c13e,51.91232,4.45496,False,False,bicycle,electric_assist
2026-04-07T03:53:32Z,lime,lime:d97262bdeffd,51.92085,4.47566,False,False,bicycle,electric_assist
2026-04-07T03:53:32Z,lime,lime:82986113ea4c,51.91148,4.45788,False,False,bicycle,electric_assist
2026-04-07T03:53:32Z,lime,lime:ff559d4888b1,51.92732,4.44069,False,False,bicycle,electric_assist
2026-04-07T03:53:32Z,lime,lime:01be4eded947,51.92786,4.51885,False,False,bicycle,electric_assist
2026-04-07T03:53:32Z,lime,lime:518566fb128e,51.91125,4.49302,False,False,bicycle,electric_assist
2026-04-07T03:53:32Z,lime,lime:abf7b7c9743e,51.91234,4.45509,False,False,bicycle,electric_assist
2026-04-07T03:53:32Z,lime,lime:2dedcd65f18f,51.91737,4.42046,False,False,bicycle,electric_assist
2026-04-07T03:53:32Z,lime,lime:18999e9fe207,51.90847,4.46423,False,False,bicycle,electric_assist
2026-04-07T03:53:32Z,lime,lime:e88ac7fdce97,51.91411,4.42236,False,False,bicycle,electric_assist
2026-04-07T03:53:32Z,lime,lime:d281b41b59f0,51.90788,4.52432,False,False,bicycle,electric_assist
2026-04-07T03:53:32Z,lime,lime:d5cfe17d12ab,51.92504,4.49157,False,False,bicycle,electric_assist
2026-04-07T03:53:32Z,lime,lime:647d29f7e88c,51.94422,4.47132,False,False,bicycle,electric_assist
2026-04-07T03:53:32Z,lime,lime:76e3f96154ec,51.88711,4.49151,False,False,bicycle,electric_assist
2026-04-07T03:53:32Z,lime,lime:ad52eaad3de8,51.90115,4.48009,False,False,bicycle,electric_assist
2026-04-07T03:53:32Z,lime,lime:ac2d76447914,51.90228,4.50265,False,False,bicycle,electric_assist
2026-04-07T03:53:32Z,lime,lime:567906972493,51.91916,4.49375,False,False,bicycle,electric_assist
2026-04-07T03:53:32Z,lime,lime:08ba73008dc0,51.89934,4.48293,False,False,bicycle,electric_assist
2026-04-07T03:53:32Z,lime,lime:24a982c985d7,51.9255,4.50076,False,False,bicycle,electric_assist
2026-04-07T03:53:32Z,lime,lime:a67c28010019,51.92,4.51404,False,False,bicycle,electric_assist
2026-04-07T03:53:32Z,lime,lime:8fd5fbd19508,51.98966,4.37494,False,False,bicycle,electric_assist
2026-04-07T03:53:32Z,lime,lime:88059cc875a6,51.896,4.5145,False,False,bicycle,electric_assist
2026-04-07T03:53:32Z,lime,lime:06754f4d0c66,51.90649,4.50581,False,False,bicycle,electric_assist
2026-04-07T03:53:32Z,lime,lime:4b19e1a9c4ef,51.89345,4.50184,False,False,bicycle,electric_assist
2026-04-07T03:53:32Z,lime,lime:ce7b942a138a,51.91026,4.38281,False,False,bicycle,electric_assist
2026-04-07T03:53:32Z,lime,lime:1d19576a1d38,51.93325,4.49098,False,False,bicycle,electric_assist
2026-04-07T03:53:32Z,lime,lime:a1019748795a,51.91896,4.44246,False,False,bicycle,electric_assist
2026-04-07T03:53:32Z,lime,lime:49596371882d,51.91099,4.50144,False,False,bicycle,electric_assist
2026-04-07T03:53:32Z,lime,lime:85193d1394f4,51.91533,4.44029,False,False,bicycle,electric_assist
2026-04-07T03:53:32Z,lime,lime:6d41ba67991d,51.92205,4.51508,False,False,bicycle,electric_assist
2026-04-07T03:53:32Z,lime,lime:94719c0d6292,51.91084,4.51948,False,False,bicycle,electric_assist
2026-04-07T03:53:32Z,lime,lime:e83ea2fad8c3,51.9211,4.54127,False,False,bicycle,electric_assist
2026-04-07T03:53:32Z,lime,lime:fbed5ede921e,51.92876,4.50177,False,False,bicycle,electric_assist
2026-04-07T03:53:32Z,lime,lime:3ac060053780,51.91176,4.50541,False,False,bicycle,electric_assist
2026-04-07T03:53:32Z,lime,lime:0fc8d3d23fa9,51.90683,4.44717,False,False,bicycle,electric_assist
2026-04-07T03:53:32Z,lime,lime:763d909be305,51.91848,4.47263,False,False,bicycle,electric_assist
2026-04-07T03:53:32Z,lime,lime:6d0e94b69450,51.91632,4.42553,False,False,bicycle,electric_assist
2026-04-07T03:53:32Z,lime,lime:4545266c48ef,51.91906,4.44728,False,False,bicycle,electric_assist
2026-04-07T03:53:32Z,lime,lime:0857c21c1f87,51.93664,4.47557,False,False,bicycle,electric_assist
2026-04-07T03:53:32Z,lime,lime:134670fcd314,51.9143,4.48053,False,False,bicycle,electric_assist
2026-04-07T03:53:32Z,lime,lime:ad7eb792e527,51.90559,4.50954,False,False,bicycle,electric_assist
2026-04-07T03:53:32Z,lime,lime:0b384b4d2608,51.93422,4.4661,False,False,bicycle,electric_assist
2026-04-07T03:53:32Z,lime,lime:e66ecc0087cb,51.92471,4.51472,False,False,bicycle,electric_assist
2026-04-07T03:53:32Z,lime,lime:00651945ea64,51.88965,4.49605,False,False,bicycle,electric_assist
2026-04-07T03:53:32Z,lime,lime:edf8acc6d737,51.93726,4.36665,False,False,bicycle,electric_assist
2026-04-07T03:53:32Z,lime,lime:3b42e0c157b5,51.9163,4.42551,False,False,bicycle,electric_assist
2026-04-07T03:53:32Z,lime,lime:4d880bd2ffe3,51.89761,4.51132,False,False,bicycle,electric_assist
2026-04-07T03:53:32Z,lime,lime:3010175475b7,51.93791,4.48612,False,False,bicycle,electric_assist
2026-04-07T03:53:32Z,lime,lime:2ebc2011cc79,51.93901,4.49581,False,False,bicycle,electric_assist
2026-04-07T03:53:32Z,lime,lime:f4e3ba21f1e3,51.91008,4.4523,False,False,bicycle,electric_assist
2026-04-07T03:53:32Z,lime,lime:d160f51048af,51.9345,4.4765,False,False,bicycle,electric_assist
2026-04-07T03:53:32Z,lime,lime:72eda94ef9d1,51.9156,4.44117,False,False,bicycle,electric_assist
2026-04-07T03:53:32Z,lime,lime:f0f408929e21,51.92317,4.49354,False,False,bicycle,electric_assist
2026-04-07T03:53:32Z,lime,lime:fb1a0735ee4e,51.91238,4.51083,False,False,bicycle,electric_assist
2026-04-07T03:53:32Z,lime,lime:a86af564fe81,51.92952,4.46292,False,False,bicycle,electric_assist
2026-04-07T03:53:32Z,lime,lime:0a52d8718da2,51.91999,4.51088,False,False,bicycle,electric_assist
2026-04-07T03:53:32Z,lime,lime:6d8db188340a,51.92111,4.55915,False,False,bicycle,electric_assist
2026-04-07T03:53:32Z,lime,lime:129230757c9e,51.92091,4.47213,False,False,bicycle,electric_assist
2026-04-07T03:53:32Z,lime,lime:8174a6d02894,51.90592,4.47581,False,False,bicycle,electric_assist
2026-04-07T03:53:32Z,lime,lime:685e3ba3bb4f,51.91025,4.38284,False,False,bicycle,electric_assist
2026-04-07T03:53:32Z,lime,lime:2c9bf4f2d0b2,51.93664,4.43563,False,False,bicycle,electric_assist
2026-04-07T03:53:32Z,lime,lime:577438fe40c2,51.91545,4.48736,False,False,bicycle,electric_assist
2026-04-07T03:53:32Z,lime,lime:ef50932ef9b1,51.89111,4.47297,False,False,bicycle,electric_assist
2026-04-07T03:53:32Z,lime,lime:68a6f047fa76,51.92318,4.49351,False,False,bicycle,electric_assist
2026-04-07T03:53:32Z,lime,lime:68e5ddb695e6,51.92144,4.44871,False,False,bicycle,electric_assist
2026-04-07T03:53:32Z,lime,lime:5c2a8b7a5e60,51.93446,4.45922,False,False,bicycle,electric_assist
2026-04-07T03:53:32Z,lime,lime:96463c9c1bf4,51.92928,4.48785,False,False,bicycle,electric_assist
2026-04-07T03:53:32Z,lime,lime:7bafb92c0845,51.98853,4.34399,False,False,bicycle,electric_assist
2026-04-07T03:53:32Z,lime,lime:fcf28c113225,51.91415,4.42229,False,False,bicycle,electric_assist
2026-04-07T03:53:32Z,lime,lime:a43bf44ce9fa,51.88649,4.52922,False,False,bicycle,electric_assist
2026-04-07T03:53:32Z,lime,lime:48b79c0443d1,51.99634,4.3697,False,False,bicycle,electric_assist
2026-04-07T03:53:32Z,lime,lime:42360f962756,51.9254,4.50895,False,False,bicycle,electric_assist
2026-04-07T03:53:32Z,lime,lime:c5cdbf30a421,51.90934,4.49729,False,False,bicycle,electric_assist
2026-04-07T03:53:32Z,lime,lime:8a2a604e31eb,51.95703,4.48712,False,False,bicycle,electric_assist
2026-04-07T03:53:32Z,lime,lime:db88fc2cc8f3,51.90448,4.4604,False,False,bicycle,electric_assist
2026-04-07T03:53:32Z,lime,lime:f6660d88842f,51.90242,4.49617,False,False,bicycle,electric_assist
2026-04-07T03:53:32Z,lime,lime:0c4e9c97d0b2,51.9969,4.3837,False,False,bicycle,electric_assist
2026-04-07T03:53:32Z,lime,lime:bbe8d3c85240,51.89682,4.52171,False,False,bicycle,electric_assist
2026-04-07T03:53:32Z,lime,lime:809da2bfdf5d,51.91317,4.44726,False,False,bicycle,electric_assist
2026-04-07T03:53:32Z,lime,lime:d157e8c720f2,51.91826,4.48222,False,False,bicycle,electric_assist
2026-04-07T03:53:32Z,lime,lime:7fcaa03483a8,51.92415,4.50399,False,False,bicycle,electric_assist
2026-04-07T03:53:32Z,lime,lime:86d6c9931a0c,51.89301,4.51753,False,False,bicycle,electric_assist
2026-04-07T03:53:32Z,lime,lime:f98e1517c5b7,51.92547,4.51361,True,False,bicycle,electric_assist
2026-04-07T03:53:32Z,lime,lime:ae86c013326d,51.89041,4.47126,False,False,bicycle,electric_assist
2026-04-07T03:53:32Z,lime,lime:dc3be3cada9d,51.93855,4.4795,False,False,bicycle,electric_assist
2026-04-07T03:53:32Z,lime,lime:c8cc26adefdd,51.92284,4.542,False,False,bicycle,electric_assist
2026-04-07T03:53:32Z,lime,lime:005006c1ca22,51.93475,4.49858,False,False,bicycle,electric_assist
2026-04-07T03:53:32Z,lime,lime:3f8e2e6923f6,51.94732,4.52673,False,False,bicycle,electric_assist
2026-04-07T03:53:32Z,felyx,felyx:168a8db431c5,51.94696023333333,4.4725004166666675,False,False,bicycle,electric_assist
2026-04-07T03:53:32Z,felyx,felyx:70f94439c97b,51.921064233333325,4.559204200000001,False,True,bicycle,electric_assist
2026-04-07T03:53:32Z,felyx,felyx:be4dbc416c87,51.90665803333332,4.412051450000001,False,False,bicycle,electric_assist
2026-04-07T03:53:32Z,felyx,felyx:8cf8e921a3ef,51.88469161666667,4.494844416666668,False,True,bicycle,electric_assist
2026-04-07T03:53:32Z,felyx,felyx:d57a2793a2be,51.952672933333325,4.4666050166666675,False,False,bicycle,electric_assist
2026-04-07T03:53:32Z,felyx,felyx:ede43779290e,51.91607453333333,4.5257651999999995,False,False,bicycle,electric_assist
2026-04-07T03:53:32Z,felyx,felyx:61f42f9295d1,51.90000933333333,4.5534741,False,True,bicycle,electric_assist
2026-04-07T03:53:32Z,felyx,felyx:cf4c9bff9292,51.94831973333333,4.56638,False,True,bicycle,electric_assist
2026-04-07T03:53:32Z,felyx,felyx:aadc92d9a93d,51.953220750000014,4.584345766666666,False,True,bicycle,electric_assist
2026-04-07T03:53:32Z,felyx,felyx:a931416df0d8,51.931764733333324,4.370360116666666,False,False,bicycle,electric_assist
2026-04-07T03:53:32Z,felyx,felyx:50f330b35aeb,51.91795473333333,4.379910216666667,False,False,bicycle,electric_assist
2026-04-07T03:53:32Z,felyx,felyx:c860c7ccab78,51.88647761666666,4.5492868,False,True,bicycle,electric_assist
2026-04-07T03:53:32Z,felyx,felyx:f5a7f3eb8085,51.90948983333333,4.436286000000001,False,False,bicycle,electric_assist
2026-04-07T03:53:32Z,felyx,felyx:6fdafd9846c0,51.88799411666667,4.493745316666666,False,False,bicycle,electric_assist
2026-04-07T03:53:32Z,felyx,felyx:115d023e49b0,51.88265261666667,4.521137599999999,False,False,bicycle,electric_assist
2026-04-07T03:53:32Z,felyx,felyx:7dec157c36da,51.91197813333333,4.390153316666666,False,False,bicycle,electric_assist
2026-04-07T03:53:32Z,felyx,felyx:cff56eff6a59,51.88097041666666,4.501566899999999,False,False,bicycle,electric_assist
2026-04-07T03:53:32Z,felyx,felyx:24cdac82b086,51.946684633333334,4.455161016666666,False,False,bicycle,electric_assist
2026-04-07T03:53:32Z,felyx,felyx:ba8b11a51817,51.92185243333332,4.6102831166666665,False,True,bicycle,electric_assist
2026-04-07T03:53:32Z,felyx,felyx:4a7d8fd2ac76,51.89029961666667,4.519877900000001,False,False,bicycle,electric_assist
2026-04-07T03:53:32Z,felyx,felyx:6da3bdda9f22,51.933449733333326,4.4630631166666666,False,False,bicycle,electric_assist
2026-04-07T03:53:32Z,felyx,felyx:60752d579c5b,51.949239633333335,4.4325665,False,False,bicycle,electric_assist
2026-04-07T03:53:32Z,felyx,felyx:111d5f61feb1,51.89807921666667,4.5716423,False,True,bicycle,electric_assist
2026-04-07T03:53:32Z,felyx,felyx:df708f076f0e,51.938091933333325,4.474072316666667,False,False,bicycle,electric_assist
2026-04-07T03:53:32Z,felyx,felyx:580e3eb9e8e7,51.95303803333333,4.471243816666667,False,False,bicycle,electric_assist
2026-04-07T03:53:32Z,felyx,felyx:9ebc481b5113,51.92917563333334,4.5052748,False,True,bicycle,electric_assist
2026-04-07T03:53:32Z,felyx,felyx:c1527ae0742d,51.870480016666676,4.471980016666667,False,False,bicycle,electric_assist
2026-04-07T03:53:32Z,felyx,felyx:35de6a132a97,51.89348701666666,4.471264516666666,False,False,bicycle,electric_assist
2026-04-07T03:53:32Z,felyx,felyx:3c53079b096d,51.919290133333334,4.386737116666667,False,False,bicycle,electric_assist
2026-04-07T03:53:32Z,felyx,felyx:9f8c828dd488,51.94482743333332,4.469804416666667,False,False,bicycle,electric_assist
2026-04-07T03:53:32Z,felyx,felyx:e0b7e8ec0c25,51.88665111666666,4.558933499999999,False,True,bicycle,electric_assist
2026-04-07T03:53:32Z,felyx,felyx:de68889b5a68,51.88766271666667,4.462778016666667,False,False,bicycle,electric_assist
2026-04-07T03:53:32Z,felyx,felyx:df0cc0bbe9ba,51.908456133333324,4.444178516666667,False,False,bicycle,electric_assist
2026-04-07T03:53:32Z,felyx,felyx:f77d5e90a1eb,51.89529201666665,4.5019819000000005,False,False,bicycle,electric_assist
2026-04-07T03:53:32Z,felyx,felyx:ee375ab4ea7a,51.883979316666675,4.504517599999999,False,False,bicycle,electric_assist
2026-04-07T03:53:32Z,felyx,felyx:f3c8cd0e303f,51.89900091666667,4.5440381,False,True,bicycle,electric_assist
2026-04-07T03:53:32Z,felyx,felyx:f35eb2cdcdbc,51.91376503333333,4.442210616666667,False,False,bicycle,electric_assist
2026-04-07T03:53:32Z,felyx,felyx:f377ff49a66b,51.904467933333336,4.460480016666667,False,False,bicycle,electric_assist
2026-04-07T03:53:32Z,felyx,felyx:50b4c5957142,51.91870813333333,4.440689516666668,False,False,bicycle,electric_assist
2026-04-07T03:53:32Z,felyx,felyx:131c4d9de904,51.909502883333325,4.525318983333333,False,False,bicycle,electric_assist
2026-04-07T03:53:32Z,felyx,felyx:c3b18376b520,51.92021276666666,4.491054983333333,False,True,bicycle,electric_assist
2026-04-07T03:53:32Z,felyx,felyx:19a916e4cb6a,51.93393823333334,4.469661216666667,False,False,bicycle,electric_assist
2026-04-07T03:53:32Z,felyx,felyx:62bf683942ac,51.94552683333333,4.40832,False,True,bicycle,electric_assist
2026-04-07T03:53:32Z,felyx,felyx:f29bccc5381c,51.950650233333334,4.518633799999999,False,True,bicycle,electric_assist
2026-04-07T03:53:32Z,felyx,felyx:f263b41a8c96,51.944585133333334,4.4360082,False,False,bicycle,electric_assist
2026-04-07T03:53:32Z,felyx,felyx:c539c5e66140,51.86800121666666,4.490833516666668,False,True,bicycle,electric_assist
2026-04-07T03:53:32Z,felyx,felyx:4669ad2f8571,51.892746216666666,4.5698033,False,False,bicycle,electric_assist
2026-04-07T03:53:32Z,felyx,felyx:0f6dde4722be,51.90671333333332,4.319492716666666,False,False,bicycle,electric_assist
2026-04-07T03:53:32Z,felyx,felyx:f8f5e66def07,51.933761133333334,4.488488116666667,False,True,bicycle,electric_assist
2026-04-07T03:53:32Z,felyx,felyx:005ea5b21127,51.88423925,4.494726066666667,False,True,bicycle,electric_assist
2026-04-07T03:53:32Z,felyx,felyx:d1eb87c72242,51.99338953333332,4.4816076166666665,False,True,bicycle,electric_assist
2026-04-07T03:53:32Z,felyx,felyx:333ca1a3ad5c,51.90911543333333,4.4394577,False,False,bicycle,electric_assist
2026-04-07T03:53:32Z,felyx,felyx:3dee82a527c0,51.962631033333345,4.4868081166666665,False,False,bicycle,electric_assist
2026-04-07T03:53:32Z,felyx,felyx:822de4c36603,51.91618355,4.527297866666667,False,True,bicycle,electric_assist
2026-04-07T03:53:32Z,felyx,felyx:7c899440603d,51.94045024999999,4.4797495666666665,False,False,bicycle,electric_assist
2026-04-07T03:53:32Z,felyx,felyx:eb589cd75fc7,51.88092301666668,4.501553499999999,False,False,bicycle,electric_assist
2026-04-07T03:53:32Z,felyx,felyx:2c0ea59e779a,51.929638033333326,4.5819201,False,False,bicycle,electric_assist
2026-04-07T03:53:32Z,felyx,felyx:4382d58bd307,51.898735666666674,4.502181583333334,False,False,bicycle,electric_assist
2026-04-07T03:53:32Z,felyx,felyx:5a0af2e7b841,51.94830723333333,4.566299,False,True,bicycle,electric_assist
2026-04-07T03:53:32Z,felyx,felyx:9d516eb8849e,51.878548316666674,4.5364733,False,True,bicycle,electric_assist
2026-04-07T03:53:32Z,felyx,felyx:014b646ec288,51.930305233333335,4.4972364166666665,False,True,bicycle,electric_assist
2026-04-07T03:53:32Z,felyx,felyx:938ed86c3015,51.96709573333333,4.496950816666668,False,False,bicycle,electric_assist
2026-04-07T03:53:32Z,felyx,felyx:f0ef6218ebe9,51.90261743333333,4.5110876,False,True,bicycle,electric_assist
2026-04-07T03:53:32Z,felyx,felyx:cde65bab7986,51.91845833333333,4.4110736,False,False,bicycle,electric_assist
2026-04-07T03:53:32Z,felyx,felyx:a17360a5e20c,51.890870316666664,4.475694216666667,True,False,bicycle,electric_assist
2026-04-07T03:53:32Z,felyx,felyx:7e1bd62214b9,51.87684001666666,4.491443716666667,False,True,bicycle,electric_assist
2026-04-07T03:53:32Z,felyx,felyx:eafd8facc548,51.901545433333325,4.485937216666667,False,True,bicycle,electric_assist
2026-04-07T03:53:32Z,felyx,felyx:cb3404ad7156,51.87455081666667,4.477880516666667,False,True,bicycle,electric_assist
2026-04-07T03:53:32Z,felyx,felyx:f718fa4daac7,51.89176771666666,4.496980716666666,False,True,bicycle,electric_assist
2026-04-07T03:53:32Z,felyx,felyx:8c06ada5a6f4,51.90498173333333,4.440102716666666,False,False,bicycle,electric_assist
2026-04-07T03:53:32Z,felyx,felyx:e885bcfe642b,51.90935433333335,4.5235131,False,False,bicycle,electric_assist
2026-04-07T03:53:32Z,felyx,felyx:9439fbab18fb,51.91810643333333,4.4395597,False,True,bicycle,electric_assist
2026-04-07T03:53:32Z,felyx,felyx:7040047c4d63,51.951780833333345,4.524534799999999,False,False,bicycle,electric_assist
2026-04-07T03:53:32Z,felyx,felyx:ace872f8f1bd,51.87931251666667,4.488331616666668,False,True,bicycle,electric_assist
2026-04-07T03:53:32Z,felyx,felyx:f49b77f3d905,51.870557816666675,4.474434216666667,False,False,bicycle,electric_assist
2026-04-07T03:53:32Z,felyx,felyx:8ce5bb74a96d,51.86512471666667,4.535082399999999,False,True,bicycle,electric_assist
2026-04-07T03:53:32Z,felyx,felyx:eb7d576ed026,51.95906543333334,4.468493816666666,False,False,bicycle,electric_assist
2026-04-07T03:53:32Z,felyx,felyx:0c1cd6723fb6,51.94571895,4.44912205,False,False,bicycle,electric_assist
2026-04-07T03:53:32Z,felyx,felyx:4335e72f3ac6,51.96390843333334,4.472073516666667,False,False,bicycle,electric_assist
2026-04-07T03:53:32Z,felyx,felyx:82b41681e26f,51.94664963333333,4.553842899999999,False,True,bicycle,electric_assist
2026-04-07T03:53:32Z,felyx,felyx:1af387b8ec6e,51.93408443333332,4.475977916666667,False,False,bicycle,electric_assist
2026-04-07T03:53:32Z,felyx,felyx:4e16ed5faeff,51.92958183333333,4.469236016666666,False,False,bicycle,electric_assist
2026-04-07T03:53:32Z,felyx,felyx:b089709a4d57,51.89986101666667,4.5083623,False,False,bicycle,electric_assist
2026-04-07T03:53:32Z,felyx,felyx:612bfa797c59,51.92824823333334,4.372905616666666,False,False,bicycle,electric_assist
2026-04-07T03:53:32Z,felyx,felyx:60b7da239d9e,51.88775751666667,4.470924516666668,False,False,bicycle,electric_assist
2026-04-07T03:53:32Z,felyx,felyx:7ef0fa1335ff,51.87109056666667,4.470676800000001,False,False,bicycle,electric_assist
2026-04-07T03:53:32Z,felyx,felyx:fa8b61134bd3,51.960424833333335,4.465319016666667,False,False,bicycle,electric_assist
2026-04-07T03:53:32Z,felyx,felyx:6a682a68b677,51.94257753333333,4.5426983,False,False,bicycle,electric_assist
2026-04-07T03:53:32Z,felyx,felyx:d6f8879d6a12,51.875827616666655,4.451083316666667,False,False,bicycle,electric_assist
2026-04-07T03:53:32Z,felyx,felyx:a6f57d1f3620,51.94728676666667,4.526721033333333,False,False,bicycle,electric_assist
2026-04-07T03:53:32Z,felyx,felyx:01b131e9a103,51.90840653333333,4.5027132000000005,False,False,bicycle,electric_assist
2026-04-07T03:53:32Z,felyx,felyx:6948554179fd,51.908729333333326,4.4061266,False,False,bicycle,electric_assist
2026-04-07T03:53:32Z,felyx,felyx:418976956ab1,51.943581983333324,4.483809033333333,False,False,bicycle,electric_assist
2026-04-07T03:53:32Z,felyx,felyx:876baf116a5d,51.93689903333333,4.4275894,False,False,bicycle,electric_assist
2026-04-07T03:53:32Z,felyx,felyx:cbe9bb723d27,51.89283171666666,4.5145989,False,False,bicycle,electric_assist
2026-04-07T03:53:32Z,felyx,felyx:0b8b34743d0a,51.94116853333333,4.4046476000000006,False,False,bicycle,electric_assist
2026-04-07T03:53:32Z,felyx,felyx:6b7907716786,51.91186273333333,4.5125946,False,False,bicycle,electric_assist
2026-04-07T03:53:32Z,felyx,felyx:e9f74d6709da,51.886176616666674,4.5289795,False,False,bicycle,electric_assist
2026-04-07T03:53:32Z,felyx,felyx:bc09de166d5f,51.90647373333333,4.453224716666667,False,False,bicycle,electric_assist
2026-04-07T03:53:32Z,felyx,felyx:6166ed8194af,51.94996993333332,4.5143567000000004,False,False,bicycle,electric_assist
2026-04-07T03:53:32Z,felyx,felyx:fbf51fe5356a,51.886420816666664,4.496560616666666,False,False,bicycle,electric_assist
2026-04-07T03:53:32Z,felyx,felyx:1bb65fdb7d0b,51.92389533333333,4.5056942,False,False,bicycle,electric_assist
2026-04-07T03:53:32Z,felyx,felyx:bb4a004b34dd,51.91458413333333,4.415663100000001,False,True,bicycle,electric_assist
2026-04-07T03:53:32Z,felyx,felyx:38137be38513,51.87192521666666,4.5202526,False,False,bicycle,electric_assist
2026-04-07T03:53:32Z,felyx,felyx:8f3676fa6630,51.91677073333334,4.4021246,False,False,bicycle,electric_assist
2026-04-07T03:53:32Z,felyx,felyx:b9eb6f4ad024,51.934892233333315,4.358615216666665,False,False,bicycle,electric_assist
2026-04-07T03:53:32Z,felyx,felyx:bab4ecc211ed,51.918785833333345,4.616462416666668,False,False,bicycle,electric_assist
2026-04-07T03:53:32Z,felyx,felyx:6e7fe9253bb3,51.91057713333332,4.454833916666666,False,False,bicycle,electric_assist
2026-04-07T03:53:32Z,felyx,felyx:38fc722c4a05,51.90457763333333,4.4052698,False,False,bicycle,electric_assist
2026-04-07T03:53:32Z,felyx,felyx:6bd460224bc7,51.901136233333325,4.401822599999999,False,False,bicycle,electric_assist
2026-04-07T03:53:32Z,felyx,felyx:43301a41fa9d,51.90707753333332,4.451260016666668,False,False,bicycle,electric_assist
2026-04-07T03:53:32Z,felyx,felyx:ac9539be6695,51.938567733333336,4.421784800000001,False,False,bicycle,electric_assist
2026-04-07T03:53:32Z,felyx,felyx:b0515b410429,51.92252973333334,4.5030629,False,False,bicycle,electric_assist
2026-04-07T03:53:32Z,felyx,felyx:b89e48c49510,51.917498333333334,4.517229100000001,False,False,bicycle,electric_assist
2026-04-07T03:53:32Z,felyx,felyx:a777eb957175,51.91615563333333,4.443393516666667,False,False,bicycle,electric_assist
2026-04-07T03:53:32Z,felyx,felyx:bfc44403880a,51.88289341666667,4.5049437,False,False,bicycle,electric_assist
2026-04-07T03:53:32Z,felyx,felyx:903de22e4ff8,51.86086061666666,4.542031199999999,False,True,bicycle,electric_assist
2026-04-07T03:53:32Z,felyx,felyx:d69aa0b0e0c0,51.91549653333333,4.5153053,False,False,bicycle,electric_assist
2026-04-07T03:53:32Z,felyx,felyx:ef289ca7e9d4,51.89536291666666,4.501372600000001,False,True,bicycle,electric_assist
2026-04-07T03:53:32Z,felyx,felyx:7a2fdd31227a,51.90799533333334,4.457678816666668,False,False,bicycle,electric_assist
2026-04-07T03:53:32Z,felyx,felyx:67c9f94799c5,51.93793033333333,4.539936699999999,False,True,bicycle,electric_assist
2026-04-07T03:53:32Z,felyx,felyx:cc3cee5b34b9,51.92693543333333,4.484842016666667,False,False,bicycle,electric_assist
2026-04-07T03:53:32Z,felyx,felyx:8113b533d7e4,51.94995013333334,4.514259099999999,False,False,bicycle,electric_assist
2026-04-07T03:53:32Z,felyx,felyx:4fe2adf854e2,51.92547763333333,4.506146,False,True,bicycle,electric_assist
2026-04-07T03:53:32Z,felyx,felyx:5d86dd4619f8,51.94243783333333,4.476096716666667,False,True,bicycle,electric_assist
2026-04-07T03:53:32Z,felyx,felyx:7483701bac55,51.92052303333333,4.507321600000001,False,False,bicycle,electric_assist
2026-04-07T03:53:32Z,felyx,felyx:b94c53b2e65c,51.90110663333333,4.401823600000001,False,False,bicycle,electric_assist
2026-04-07T03:53:32Z,felyx,felyx:0ba3075b6499,51.87535971666667,4.517945800000001,False,True,bicycle,electric_assist
2026-04-07T03:53:32Z,felyx,felyx:19e0b50bfa8e,51.914501733333324,4.4018898,False,False,bicycle,electric_assist
2026-04-07T03:53:32Z,felyx,felyx:984582143f6e,51.913383933333336,4.441339116666668,False,False,bicycle,electric_assist
2026-04-07T03:53:32Z,felyx,felyx:f738c64b2052,51.915792833333334,4.443084716666666,False,False,bicycle,electric_assist
2026-04-07T03:53:32Z,felyx,felyx:e8c95ce21d51,51.92289361666666,4.515633533333333,False,False,bicycle,electric_assist
2026-04-07T03:53:32Z,felyx,felyx:346d76bb7971,51.90791383333333,4.462030416666668,False,False,bicycle,electric_assist
2026-04-07T03:53:32Z,felyx,felyx:010c642e4a18,51.94369753333333,4.495974716666666,False,False,bicycle,electric_assist
2026-04-07T03:53:32Z,felyx,felyx:cb904b5b7724,51.90387053333333,4.445971316666667,False,True,bicycle,electric_assist
2026-04-07T03:53:32Z,felyx,felyx:1e3d607ea44c,51.92430293333332,4.485587516666666,False,True,bicycle,electric_assist
2026-04-07T03:53:32Z,felyx,felyx:ee3cb06e45ab,51.92917983333333,4.5052477,False,False,bicycle,electric_assist
2026-04-07T03:53:32Z,felyx,felyx:9aaefa00cd69,51.91576023333334,4.501048,False,False,bicycle,electric_assist
2026-04-07T03:53:32Z,felyx,felyx:44acb2504405,51.94114033333334,4.4078512,False,False,bicycle,electric_assist
2026-04-07T03:53:32Z,felyx,felyx:92a0df6bd13c,51.95254803333335,4.4750376166666666,False,False,bicycle,electric_assist
2026-04-07T03:53:32Z,felyx,felyx:46bdfa520e6a,51.90696553333334,4.546484599999999,False,False,bicycle,electric_assist
2026-04-07T03:53:32Z,felyx,felyx:9ea5a05d9bdc,51.886443316666664,4.549286599999999,False,True,bicycle,electric_assist
2026-04-07T03:53:32Z,felyx,felyx:4364f6d1c6da,51.91906113333332,4.482255716666667,False,False,bicycle,electric_assist
2026-04-07T03:53:32Z,felyx,felyx:7e0ca63d9915,51.90308748333334,4.46849305,False,False,bicycle,electric_assist
2026-04-07T03:53:32Z,felyx,felyx:386f94c69969,51.896931816666665,4.523583299999999,False,False,bicycle,electric_assist
2026-04-07T03:53:32Z,felyx,felyx:5e9016e61c8f,51.868521716666656,4.4538314166666675,False,True,bicycle,electric_assist
2026-04-07T03:53:32Z,felyx,felyx:d4a1fe8139b9,51.88831721666668,4.463965816666667,False,False,bicycle,electric_assist
2026-04-07T03:53:32Z,felyx,felyx:fc2692520b5b,51.93029143333333,4.498077816666665,False,False,bicycle,electric_assist
2026-04-07T03:53:32Z,felyx,felyx:46ede35da24d,51.98843248333333,4.500144016666668,False,True,bicycle,electric_assist
2026-04-07T03:53:32Z,felyx,felyx:ad497307bdc7,51.91195295000001,4.390130216666666,False,False,bicycle,electric_assist
2026-04-07T03:53:32Z,felyx,felyx:e90b85b34bcd,51.90293823333333,4.468355716666666,False,False,bicycle,electric_assist
2026-04-07T03:53:32Z,felyx,felyx:0bdaaaa5cb63,51.947320233333315,4.5267141,False,True,bicycle,electric_assist
2026-04-07T03:53:32Z,felyx,felyx:85db87a6294c,51.927132933333326,4.422240000000001,False,False,bicycle,electric_assist
2026-04-07T03:53:32Z,felyx,felyx:745b20c0e342,51.84506051666668,4.530818400000001,False,True,bicycle,electric_assist
2026-04-07T03:53:32Z,felyx,felyx:66f7f041fd03,51.94931463333334,4.432760600000001,False,False,bicycle,electric_assist
2026-04-07T03:53:32Z,felyx,felyx:6377e4ab5a40,51.92023643333333,4.496847116666666,False,False,bicycle,electric_assist
2026-04-07T03:53:32Z,felyx,felyx:af212e2152b8,51.94728843333334,4.526701999999999,False,False,bicycle,electric_assist
2026-04-07T03:53:32Z,felyx,felyx:01cfd1bb3963,51.92321543333334,4.489059916666667,False,False,bicycle,electric_assist
2026-04-07T03:53:32Z,felyx,felyx:ff181cdb9208,51.912474733333326,4.430381099999999,False,True,bicycle,electric_assist
2026-04-07T03:53:32Z,felyx,felyx:7e78d932837c,51.942456433333334,4.537835500000001,False,False,bicycle,electric_assist
2026-04-07T03:53:32Z,felyx,felyx:ab2ef7f1a2f8,51.929507933333326,4.5023543,False,True,bicycle,electric_assist
2026-04-07T03:53:32Z,felyx,felyx:39e76db7018f,51.91961423333334,4.443428316666667,False,False,bicycle,electric_assist
2026-04-07T03:53:32Z,felyx,felyx:216be099a93b,51.88280111666666,4.5332063,False,True,bicycle,electric_assist
2026-04-07T03:53:32Z,felyx,felyx:14e6949fd4e9,51.91669623333333,4.470866316666667,False,False,bicycle,electric_assist
2026-04-07T03:53:32Z,felyx,felyx:012aaf9d88b0,51.92594163333333,4.459868716666667,False,False,bicycle,electric_assist
2026-04-07T03:53:32Z,felyx,felyx:126dd8c42bfc,51.94923643333333,4.5602188,False,True,bicycle,electric_assist
2026-04-07T03:53:32Z,felyx,felyx:f91eecd54747,51.93641523333334,4.485054616666667,False,False,bicycle,electric_assist
2026-04-07T03:53:32Z,felyx,felyx:5ea89e8720e0,51.91469106666667,4.379933633333333,False,True,bicycle,electric_assist
2026-04-07T03:53:32Z,felyx,felyx:80859c643bab,51.91358953333334,4.441384616666666,False,False,bicycle,electric_assist
2026-04-07T03:53:32Z,felyx,felyx:2f89f5226e20,51.967472433333334,4.496748316666666,False,False,bicycle,electric_assist
2026-04-07T03:53:32Z,felyx,felyx:689f675a7818,51.87761401666667,4.498262616666667,False,False,bicycle,electric_assist
2026-04-07T03:53:32Z,felyx,felyx:8ad500ec58e1,51.89648061666666,4.498374616666666,False,False,bicycle,electric_assist
2026-04-07T03:53:32Z,felyx,felyx:b303ebbcf85e,51.922338833333335,4.5820973,False,True,bicycle,electric_assist
2026-04-07T03:53:32Z,felyx,felyx:3889e69ac743,51.94268473333333,4.4248307,False,True,bicycle,electric_assist
2026-04-07T03:53:32Z,felyx,felyx:1374a13161fa,51.87511401666667,4.463387316666667,False,False,bicycle,electric_assist
2026-04-07T03:53:32Z,felyx,felyx:92a70ef0d1c9,51.88666911666666,4.457664916666667,False,False,bicycle,electric_assist
2026-04-07T03:53:32Z,felyx,felyx:9b5e3d608dfc,51.937092833333324,4.471784016666668,False,False,bicycle,electric_assist
2026-04-07T03:53:32Z,felyx,felyx:769555aa64cf,51.904578333333326,4.4052037,False,False,bicycle,electric_assist
2026-04-07T03:53:32Z,felyx,felyx:c4cb06b28443,51.87848861666667,4.5190611999999994,False,False,bicycle,electric_assist
2026-04-07T03:53:32Z,felyx,felyx:6529c7e03dae,51.90528273333332,4.446160316666666,False,False,bicycle,electric_assist
2026-04-07T03:53:32Z,felyx,felyx:0172f59d4228,51.963592350000006,4.485081233333333,False,False,bicycle,electric_assist
2026-04-07T03:53:32Z,felyx,felyx:3600fd92e8b1,51.88492801666666,4.522686299999999,False,False,bicycle,electric_assist
2026-04-07T03:53:32Z,felyx,felyx:4a54c58c475f,51.89364311666666,4.492887916666667,False,False,bicycle,electric_assist
2026-04-07T03:53:32Z,felyx,felyx:f02a40bbff78,51.89303151666666,4.539195299999999,False,False,bicycle,electric_assist
2026-04-07T03:53:32Z,felyx,felyx:01671e1ba066,51.87699731666666,4.468748616666667,False,False,bicycle,electric_assist
2026-04-07T03:53:32Z,felyx,felyx:5366c31a37bb,51.912454999999994,4.545870766666667,False,True,bicycle,electric_assist
2026-04-07T03:53:32Z,felyx,felyx:69eb6917ae1a,51.897463816666665,4.5036017,False,True,bicycle,electric_assist
2026-04-07T03:53:32Z,felyx,felyx:a355914b49c5,51.93709113333332,4.491822416666666,False,False,bicycle,electric_assist
2026-04-07T03:53:32Z,felyx,felyx:10b1e812d25b,51.963333133333336,4.5544405999999995,False,True,bicycle,electric_assist
2026-04-07T03:53:32Z,felyx,felyx:72396e7419cc,51.956277833333324,4.466585016666666,False,False,bicycle,electric_assist
2026-04-07T03:53:32Z,felyx,felyx:c8b2872690cb,51.89747701666667,4.499718016666668,False,False,bicycle,electric_assist
2026-04-07T03:53:32Z,felyx,felyx:717bd082a6d2,51.90291523333333,4.463399016666667,False,False,bicycle,electric_assist
2026-04-07T03:53:32Z,felyx,felyx:86f1f9fbd957,51.92778203333333,4.480987116666666,False,False,bicycle,electric_assist
2026-04-07T03:53:32Z,felyx,felyx:35811562b8d1,51.913014633333326,4.553820699999999,False,False,bicycle,electric_assist
2026-04-07T03:53:32Z,felyx,felyx:5499c404ed99,51.87539171666668,4.5178948000000005,False,False,bicycle,electric_assist
2026-04-07T03:53:32Z,felyx,felyx:f6c4f91d49f5,51.95786343333333,4.541148499999999,False,False,bicycle,electric_assist
2026-04-07T03:53:32Z,felyx,felyx:25dccda4a26c,51.930350433333324,4.4723328166666665,False,False,bicycle,electric_assist
2026-04-07T03:53:32Z,felyx,felyx:1742e7047d83,51.92103483333333,4.441849216666667,False,True,bicycle,electric_assist
2026-04-07T03:53:32Z,felyx,felyx:09d07d77a5de,51.93488603333333,4.378151916666666,False,False,bicycle,electric_assist
2026-04-07T03:53:32Z,felyx,felyx:6eced49e96b5,51.891902616666655,4.5057087,False,False,bicycle,electric_assist
2026-04-07T03:53:32Z,felyx,felyx:ee261f0609da,51.91621103333333,4.490134316666667,False,False,bicycle,electric_assist
2026-04-07T03:53:32Z,felyx,felyx:e4373e87298a,51.92098003333333,4.5007974,False,False,bicycle,electric_assist
2026-04-07T03:53:32Z,felyx,felyx:e339e82e589e,51.906569033333334,4.4034607999999995,False,False,bicycle,electric_assist
2026-04-07T03:53:32Z,felyx,felyx:5f7a1495ff41,51.91952143333332,4.3910115166666674,False,True,bicycle,electric_assist
2026-04-07T03:53:32Z,felyx,felyx:b85854d43c5b,51.88959771666667,4.5042086,False,True,bicycle,electric_assist
2026-04-07T03:53:32Z,felyx,felyx:5429cc1b7982,51.91573449999999,4.442779516666667,False,False,bicycle,electric_assist
2026-04-07T03:53:32Z,felyx,felyx:1ce3eca23a07,51.92495613333334,4.502471,False,False,bicycle,electric_assist
2026-04-07T03:53:32Z,felyx,felyx:1100d02ead5d,51.92520453333333,4.474100016666667,False,False,bicycle,electric_assist
2026-04-07T03:53:32Z,felyx,felyx:a96e2d460cd4,51.953781333333346,4.520032,False,False,bicycle,electric_assist
2026-04-07T03:53:32Z,felyx,felyx:6c8704b713bc,51.89371401666668,4.464564716666667,False,False,bicycle,electric_assist
2026-04-07T03:53:32Z,felyx,felyx:f91d1611942d,51.87680693333334,4.4988076333333336,False,False,bicycle,electric_assist
2026-04-07T03:53:32Z,felyx,felyx:4f6791950948,51.90447013333334,4.460429016666668,False,True,bicycle,electric_assist
2026-04-07T03:53:32Z,felyx,felyx:65fbd17b53e1,51.91163673333334,4.493025516666667,False,False,bicycle,electric_assist
2026-04-07T03:53:32Z,felyx,felyx:ddbe093ad966,51.945325033333326,4.486980616666666,False,False,bicycle,electric_assist
2026-04-07T03:53:32Z,felyx,felyx:3ca33f83e4a9,51.927218433333344,4.5196372,False,False,bicycle,electric_assist
2026-04-07T03:53:32Z,felyx,felyx:f9b69af48cb2,51.89761851666667,4.477573016666668,False,False,bicycle,electric_assist
2026-04-07T03:53:32Z,felyx,felyx:11da361df8be,51.91621343333333,4.501704,False,False,bicycle,electric_assist
2026-04-07T03:53:32Z,felyx,felyx:a5a4c5f76a3b,51.96778453333334,4.502283799999999,False,False,bicycle,electric_assist
2026-04-07T03:53:32Z,felyx,felyx:8a8fa520d5ed,51.95896053333333,4.471639016666667,False,False,bicycle,electric_assist
2026-04-07T03:53:32Z,felyx,felyx:060a6bfd1691,51.870217816666674,4.493810716666667,False,False,bicycle,electric_assist
2026-04-07T03:53:32Z,felyx,felyx:80353ba9ede5,51.85022061666667,4.5297375,False,False,bicycle,electric_assist
2026-04-07T03:53:32Z,felyx,felyx:6059f266b90c,51.92193143333334,4.370884149999998,False,True,bicycle,electric_assist
2026-04-07T03:53:32Z,felyx,felyx:89266330fed0,51.937623749999986,4.4678686,False,True,bicycle,electric_assist
2026-04-07T03:53:32Z,felyx,felyx:72bc371465e0,51.88920761666667,4.481652316666666,False,True,bicycle,electric_assist
2026-04-07T03:53:32Z,felyx,felyx:c93401205cc2,51.93396593333333,4.544138899999999,False,True,bicycle,electric_assist
2026-04-07T03:53:32Z,felyx,felyx:6beb60a7d9fd,51.901083033333336,4.489690616666667,False,True,bicycle,electric_assist
2026-04-07T03:53:32Z,felyx,felyx:b7a171c7f386,51.94482033333334,4.564046600000001,False,False,bicycle,electric_assist
2026-04-07T03:53:32Z,felyx,felyx:a3c9b3a0e3b8,51.91840203333332,4.4149086,False,False,bicycle,electric_assist
2026-04-07T03:53:32Z,felyx,felyx:a24e4a0122df,51.945705833333335,4.449017716666666,False,False,bicycle,electric_assist
2026-04-07T03:53:32Z,felyx,felyx:2fbaa53c29d3,51.91923853333333,4.5083123,False,False,bicycle,electric_assist
2026-04-07T03:53:32Z,felyx,felyx:b988060283b0,51.93091553333334,4.461124816666667,False,True,bicycle,electric_assist
2026-04-07T03:53:32Z,felyx,felyx:56feb3c6f7ef,51.93729653333332,4.478228116666666,False,False,bicycle,electric_assist
2026-04-07T03:53:32Z,felyx,felyx:9644d70ebd5b,51.91388563333333,4.502129200000001,False,False,bicycle,electric_assist
2026-04-07T03:53:32Z,felyx,felyx:126fcebd6b19,51.95762823333333,4.5017678,False,False,bicycle,electric_assist
2026-04-07T03:53:32Z,felyx,felyx:e2833aaa722e,51.90555433333335,4.509654500000001,False,False,bicycle,electric_assist
2026-04-07T03:53:32Z,felyx,felyx:bd4b8f47d25a,51.905295633333324,4.448683316666667,False,False,bicycle,electric_assist
2026-04-07T03:53:32Z,felyx,felyx:70bf428e841e,51.95305883333334,4.471438416666667,False,False,bicycle,electric_assist
2026-04-07T03:53:32Z,felyx,felyx:5f316a1441c0,51.88097781666668,4.5437940999999995,False,True,bicycle,electric_assist
2026-04-07T03:53:32Z,felyx,felyx:9102fcdb9501,51.922676233333334,4.497599816666667,False,False,bicycle,electric_assist
2026-04-07T03:53:32Z,felyx,felyx:57a96839d2aa,51.9130359,4.6141229333333325,False,True,bicycle,electric_assist
2026-04-07T03:53:32Z,felyx,felyx:cebafd8dfa3b,51.91944826666666,4.460409616666667,False,False,bicycle,electric_assist
2026-04-07T03:53:32Z,felyx,felyx:b765f0812f9d,51.929037533333336,4.460718816666666,False,False,bicycle,electric_assist
2026-04-07T03:53:32Z,felyx,felyx:2a57ff0d5138,51.87211661666667,4.520546100000001,False,True,bicycle,electric_assist
2026-04-07T03:53:32Z,felyx,felyx:1279b63088ea,51.95531343333334,4.5419461,False,False,bicycle,electric_assist
2026-04-07T03:53:32Z,felyx,felyx:c6685158bd8a,51.92722143333334,4.4221205,False,False,bicycle,electric_assist
2026-04-07T03:53:32Z,felyx,felyx:722605b96eb6,51.888469916666665,4.5208938,False,False,bicycle,electric_assist
2026-04-07T03:53:32Z,felyx,felyx:5c8ea41d8491,51.94405243333333,4.481540516666667,False,False,bicycle,electric_assist
2026-04-07T03:53:32Z,felyx,felyx:05c2b8926bf0,51.90503513333333,4.466611716666667,False,False,bicycle,electric_assist
2026-04-07T03:53:32Z,felyx,felyx:9455817b30dd,51.94429693333333,4.479985516666666,False,False,bicycle,electric_assist
2026-04-07T03:53:32Z,felyx,felyx:e03d84441c52,51.935198033333336,4.475880016666667,False,False,bicycle,electric_assist
2026-04-07T03:53:32Z,felyx,felyx:b4bd2b869579,51.919287033333326,4.466350516666665,False,False,bicycle,electric_assist
2026-04-07T03:53:32Z,felyx,felyx:4e01e9b57d1f,51.87663141666667,4.484378816666666,False,False,bicycle,electric_assist
2026-04-07T03:53:32Z,felyx,felyx:c191f0b2bd93,51.93628661666666,4.490659900000001,False,True,bicycle,electric_assist
2026-04-07T03:53:32Z,felyx,felyx:2e563c488c3b,51.920007333333324,4.473686516666667,False,False,bicycle,electric_assist
2026-04-07T03:53:32Z,felyx,felyx:696e3e45e34d,51.883552816666665,4.5432253000000005,False,True,bicycle,electric_assist
2026-04-07T03:53:32Z,felyx,felyx:185f42bab5ab,51.92706533333333,4.5845587000000005,False,True,bicycle,electric_assist
2026-04-07T03:53:32Z,felyx,felyx:72054b2e3b8d,51.91418893333332,4.390715016666668,False,False,bicycle,electric_assist
2026-04-07T03:53:32Z,felyx,felyx:605511ea37ca,51.95559623333333,4.4702453166666665,False,False,bicycle,electric_assist
2026-04-07T03:53:32Z,felyx,felyx:36eb7a8833dc,51.94117813333334,4.404605800000001,False,False,bicycle,electric_assist
2026-04-07T03:53:32Z,felyx,felyx:319b16f5c4cf,51.922594533333324,4.382620816666666,False,True,bicycle,electric_assist
2026-04-07T03:53:32Z,felyx,felyx:a2a9a71d230f,51.92591883333333,4.459866316666666,False,True,bicycle,electric_assist
2026-04-07T03:53:32Z,felyx,felyx:e0ef25495e00,51.99471673333334,4.5087398,False,True,bicycle,electric_assist
2026-04-07T03:53:32Z,felyx,felyx:741a70feb566,51.886732716666664,4.457768016666666,False,False,bicycle,electric_assist
2026-04-07T03:53:32Z,felyx,felyx:0432019a8591,51.90757563333333,4.432287100000001,False,False,bicycle,electric_assist
2026-04-07T03:53:32Z,felyx,felyx:faf58c983d92,51.89060141666668,4.503312599999999,False,False,bicycle,electric_assist
2026-04-07T03:53:32Z,felyx,felyx:18253ed282c8,51.966373333333344,4.470916216666668,False,False,bicycle,electric_assist
2026-04-07T03:53:32Z,felyx,felyx:69886a7f4758,51.887337916666674,4.546060799999999,False,True,bicycle,electric_assist
2026-04-07T03:53:32Z,felyx,felyx:190be45f108c,51.9510019,4.555189366666665,False,True,bicycle,electric_assist
2026-04-07T03:53:32Z,felyx,felyx:e0379aef8e3f,51.916306633333335,4.464324716666668,False,True,bicycle,electric_assist
2026-04-07T03:53:32Z,felyx,felyx:1fa86d13d29d,51.88426061666667,4.4974499166666675,False,True,bicycle,electric_assist
2026-04-07T03:53:32Z,felyx,felyx:1c21e6ca8cec,51.960415733333335,4.5353005,False,True,bicycle,electric_assist
2026-04-07T03:53:32Z,felyx,felyx:5aff6157d48e,51.933097133333334,4.374315216666666,False,True,bicycle,electric_assist
2026-04-07T03:53:32Z,felyx,felyx:c1d76196ece8,51.96092663333334,4.467208116666668,False,False,bicycle,electric_assist
2026-04-07T03:53:32Z,felyx,felyx:11c1787800fb,51.89157791666666,4.4664786166666675,False,True,bicycle,electric_assist
2026-04-07T03:53:32Z,felyx,felyx:4f2f0f015f71,51.92685436666667,4.423412050000001,False,False,bicycle,electric_assist
2026-04-07T03:53:32Z,felyx,felyx:e0e7a47275fc,51.90112063333333,4.5020690000000005,False,True,bicycle,electric_assist
2026-04-07T03:53:32Z,felyx,felyx:c45fdf2e47b6,51.906440933333336,4.400947500000001,False,True,bicycle,electric_assist
2026-04-07T03:53:32Z,felyx,felyx:07335a263ba5,51.89065191666668,4.5114027000000005,False,False,bicycle,electric_assist
2026-04-07T03:53:32Z,felyx,felyx:59706dc6a1cf,51.92621493333333,4.526147700000001,False,True,bicycle,electric_assist
2026-04-07T03:53:32Z,felyx,felyx:04e118d3460e,51.89275391666666,4.482772916666667,False,False,bicycle,electric_assist
2026-04-07T03:53:32Z,felyx,felyx:8ec7053ca63f,51.905214433333335,4.487325816666668,False,False,bicycle,electric_assist
2026-04-07T03:53:32Z,felyx,felyx:23c275c1d31c,51.90564183333332,4.4004172000000015,False,False,bicycle,electric_assist
2026-04-07T03:53:32Z,felyx,felyx:88db51e1f737,51.91847695,4.392486283333333,False,True,bicycle,electric_assist
2026-04-07T03:53:32Z,felyx,felyx:9d76ae3b91f5,51.95163903333334,4.474215816666666,False,False,bicycle,electric_assist
2026-04-07T03:53:32Z,felyx,felyx:88d105e0f3d6,51.91396393333332,4.3904145166666675,False,False,bicycle,electric_assist
2026-04-07T03:53:32Z,felyx,felyx:4fbce11bc1d6,51.927140983333324,4.422236666666667,False,False,bicycle,electric_assist
2026-04-07T03:53:32Z,felyx,felyx:a95ebd307241,51.91003593333333,4.442397016666668,False,False,bicycle,electric_assist
2026-04-07T03:53:32Z,felyx,felyx:4cdc72e960db,51.94244643333333,4.5378585,False,False,bicycle,electric_assist
2026-04-07T03:53:32Z,felyx,felyx:36d918819614,51.926677683333345,4.4626569,False,True,bicycle,electric_assist
2026-04-07T03:53:32Z,felyx,felyx:97b373967680,51.892208016666665,4.5696696999999995,False,False,bicycle,electric_assist
2026-04-07T03:53:32Z,felyx,felyx:5550d99aa1fa,51.911416433333336,4.492026416666667,False,False,bicycle,electric_assist
2026-04-07T03:53:32Z,felyx,felyx:b4dbb0c6e5ff,51.968849533333334,4.551496299999999,False,False,bicycle,electric_assist
2026-04-07T03:53:32Z,felyx,felyx:895251f57c9b,51.932513733333316,4.434763600000001,False,False,bicycle,electric_assist
2026-04-07T03:53:32Z,felyx,felyx:d7d4d44af166,51.919341033333325,4.504989200000001,False,False,bicycle,electric_assist
2026-04-07T03:53:32Z,felyx,felyx:7a774c558e23,51.88346061666666,4.514804,False,False,bicycle,electric_assist
2026-04-07T03:53:32Z,felyx,felyx:de6a09aa470e,51.90865363333334,4.398261816666668,False,False,bicycle,electric_assist
2026-04-07T03:53:32Z,felyx,felyx:507452ae2556,51.91795883333333,4.457674716666667,False,False,bicycle,electric_assist
2026-04-07T03:53:32Z,felyx,felyx:69940a5b27af,51.87429691666666,4.523166400000001,False,False,bicycle,electric_assist
2026-04-07T03:53:32Z,felyx,felyx:1b6f8fd03ba2,51.89221501666666,4.569651499999999,False,False,bicycle,electric_assist
2026-04-07T03:53:32Z,felyx,felyx:eaccf7afbf62,51.93292543333333,4.479377016666667,False,True,bicycle,electric_assist
2026-04-07T03:53:32Z,felyx,felyx:ce1c20f51ab9,51.905702233333336,4.444414516666667,False,True,bicycle,electric_assist
2026-04-07T03:53:32Z,felyx,felyx:c4c8411bfbac,51.91757453333332,4.4186194,False,False,bicycle,electric_assist
2026-04-07T03:53:32Z,felyx,felyx:9974e9a5999a,51.90763523333333,4.5103799,False,True,bicycle,electric_assist
2026-04-07T03:53:32Z,felyx,felyx:f62d8a24a2c1,51.92383913333334,4.5093452,False,False,bicycle,electric_assist
2026-04-07T03:53:32Z,felyx,felyx:0afdfc1e7dc8,51.91977553333333,4.4201418,False,False,bicycle,electric_assist
2026-04-07T03:53:32Z,felyx,felyx:4ce33be8eaa2,51.951749633333336,4.5511058,False,True,bicycle,electric_assist
2026-04-07T03:53:32Z,felyx,felyx:c99b5cae2155,51.922430533333326,4.5032014,False,False,bicycle,electric_assist
2026-04-07T03:53:32Z,felyx,felyx:dcf5cc58b432,51.92601543333333,4.516791399999999,False,False,bicycle,electric_assist
2026-04-07T03:53:32Z,felyx,felyx:5a97a5095b7c,51.92238523333333,4.619558833333334,False,True,bicycle,electric_assist
2026-04-07T03:53:32Z,felyx,felyx:8d10c118627e,51.96779983333332,4.499172916666668,False,False,bicycle,electric_assist
2026-04-07T03:53:32Z,felyx,felyx:2767762e8e51,51.895119016666655,4.520438716666667,False,True,bicycle,electric_assist
2026-04-07T03:53:32Z,felyx,felyx:717a0d59c0b6,51.89223821666666,4.569683,False,True,bicycle,electric_assist
2026-04-07T03:53:32Z,felyx,felyx:6a961e2071a8,51.87359681666667,4.4839444166666675,False,False,bicycle,electric_assist
2026-04-07T03:53:32Z,felyx,felyx:441c2ed83ea8,51.92917933333334,4.5079306,False,True,bicycle,electric_assist
2026-04-07T03:53:32Z,felyx,felyx:82909b628499,51.907348633333335,4.491084616666668,False,False,bicycle,electric_assist
2026-04-07T03:53:32Z,felyx,felyx:0663a59e72a7,51.92174043333333,4.4814201166666665,False,False,bicycle,electric_assist
2026-04-07T03:53:32Z,felyx,felyx:72124f00e2ba,51.95680493333334,4.509103799999999,False,False,bicycle,electric_assist
2026-04-07T03:53:32Z,felyx,felyx:816aa2c9d47f,51.934899133333325,4.3781489166666665,False,True,bicycle,electric_assist
2026-04-07T03:53:32Z,felyx,felyx:4cb90247e4c2,51.910806866666654,4.3281445666666665,False,True,bicycle,electric_assist
2026-04-07T03:53:32Z,felyx,felyx:f4fe20a0cba9,51.928495033333334,4.370848116666665,False,False,bicycle,electric_assist
2026-04-07T03:53:32Z,felyx,felyx:c5a97d47ef5f,51.90755653333334,4.458773116666666,False,True,bicycle,electric_assist
2026-04-07T03:53:32Z,felyx,felyx:7af512b3d0a8,51.90984283333334,4.473106516666667,False,True,bicycle,electric_assist
2026-04-07T03:53:32Z,felyx,felyx:c15be9201d36,51.88665491666667,4.457739116666667,False,False,bicycle,electric_assist
2026-04-07T03:53:32Z,felyx,felyx:f7dad0ad5361,51.97490485000001,4.547350300000001,False,False,bicycle,electric_assist
2026-04-07T03:53:32Z,felyx,felyx:239717426e53,51.91987443333334,4.511411799999999,False,True,bicycle,electric_assist
2026-04-07T03:53:32Z,felyx,felyx:6b1bc202cacf,51.91325363333333,4.391269416666666,False,False,bicycle,electric_assist
2026-04-07T03:53:32Z,felyx,felyx:d1f5e1d1bd3e,51.88481431666667,4.510171,False,False,bicycle,electric_assist
2026-04-07T03:53:32Z,felyx,felyx:c5e9722b2b74,51.88348721666666,4.5152558,False,False,bicycle,electric_assist
2026-04-07T03:53:32Z,felyx,felyx:05202a7d98c4,51.93534703333332,4.5912353999999995,False,False,bicycle,electric_assist
2026-04-07T03:53:32Z,felyx,felyx:0e320a96a441,51.907110033333325,4.451271616666666,False,False,bicycle,electric_assist
2026-04-07T03:53:32Z,felyx,felyx:657707ee4e83,51.942126833333326,4.460595116666667,False,False,bicycle,electric_assist
2026-04-07T03:53:32Z,felyx,felyx:1de045fb3985,51.915561533333324,4.442767616666666,False,False,bicycle,electric_assist
2026-04-07T03:53:32Z,felyx,felyx:9a499b6f4b41,51.91644473333334,4.468432916666666,False,False,bicycle,electric_assist
2026-04-07T03:53:32Z,felyx,felyx:1bdc5c51f21d,51.91076303333332,4.457632516666666,False,True,bicycle,electric_assist
2026-04-07T03:53:32Z,felyx,felyx:3d18099c64a3,51.94346493333334,4.4227050000000006,False,False,bicycle,electric_assist
2026-04-07T03:53:32Z,felyx,felyx:3286c9669f71,51.950973433333345,4.468817716666667,False,False,bicycle,electric_assist
2026-04-07T03:53:32Z,felyx,felyx:f88a34e543ee,51.89245811666667,4.530602299999999,False,False,bicycle,electric_assist
2026-04-07T03:53:32Z,felyx,felyx:a3179d171b31,51.92054996666667,4.447164833333333,False,False,bicycle,electric_assist
2026-04-07T03:53:32Z,felyx,felyx:1600f663f73e,51.876995766666674,4.468732,False,False,bicycle,electric_assist
2026-04-07T03:53:32Z,felyx,felyx:326df925377d,51.89084391666667,4.492833616666667,False,False,bicycle,electric_assist
2026-04-07T03:53:32Z,felyx,felyx:5f49bf214217,51.87156951666667,4.5424747,False,True,bicycle,electric_assist
2026-04-07T03:53:32Z,felyx,felyx:8f3d90a2128d,51.946905933333326,4.472538516666667,False,False,bicycle,electric_assist
2026-04-07T03:53:32Z,felyx,felyx:0bcd1054ccf8,51.967376133333325,4.5352376,False,False,bicycle,electric_assist
2026-04-07T03:53:32Z,felyx,felyx:8ae622376759,51.96189493333333,4.475416316666666,False,False,bicycle,electric_assist
2026-04-07T03:53:32Z,felyx,felyx:69989ba5d125,51.90176683333333,4.501646599999999,False,False,bicycle,electric_assist
2026-04-07T03:53:32Z,felyx,felyx:bd43aa1c13c9,51.91966763333333,4.4389432,False,False,bicycle,electric_assist
2026-04-07T03:53:32Z,felyx,felyx:d43fd17aeda6,51.96055863333333,4.477222216666666,False,False,bicycle,electric_assist
2026-04-07T03:53:32Z,felyx,felyx:d58eafcbfe5c,51.925543633333334,4.466831516666666,False,False,bicycle,electric_assist
2026-04-07T03:53:32Z,felyx,felyx:b2486c11d42e,51.95899503333334,4.474597716666667,False,False,bicycle,electric_assist
2026-04-07T03:53:32Z,felyx,felyx:10f3c240a574,51.876765816666655,4.489149416666668,False,True,bicycle,electric_assist
2026-04-07T03:53:32Z,felyx,felyx:8568136b87cc,51.95302313333334,4.471325016666667,False,False,bicycle,electric_assist
2026-04-07T03:53:32Z,felyx,felyx:eefdfc8eef73,51.95027403333333,4.467823216666667,False,False,bicycle,electric_assist
2026-04-07T03:53:32Z,felyx,felyx:95bd62dbca50,51.894972816666666,4.531885766666666,False,False,bicycle,electric_assist
2026-04-07T03:53:32Z,felyx,felyx:44c5dff1d848,51.88795393333333,4.501368683333333,False,False,bicycle,electric_assist
2026-04-07T03:53:32Z,felyx,felyx:1ad2709ce0c5,51.88643591666667,4.467560216666667,False,False,bicycle,electric_assist
2026-04-07T03:53:32Z,felyx,felyx:cbdbaddfc80a,51.91820418333333,4.489302816666667,False,False,bicycle,electric_assist
2026-04-07T03:53:32Z,felyx,felyx:e67a0add1427,51.872278916666666,4.5832263,False,True,bicycle,electric_assist
2026-04-07T03:53:32Z,felyx,felyx:914b41e3858b,51.927321433333326,4.516636800000001,False,True,bicycle,electric_assist
2026-04-07T03:53:32Z,felyx,felyx:d2a5822284d7,51.96708043333333,4.496841616666666,False,False,bicycle,electric_assist
2026-04-07T03:53:32Z,felyx,felyx:78a63bd3e9cd,51.92668205,4.462646816666667,False,False,bicycle,electric_assist
2026-04-07T03:53:32Z,felyx,felyx:dfb1d7211719,51.939227200000005,4.362200466666666,False,True,bicycle,electric_assist
2026-04-07T03:53:32Z,felyx,felyx:d48f0cee7341,51.911879533333334,4.5125739,False,False,bicycle,electric_assist
2026-04-07T03:53:32Z,felyx,felyx:3517dbffab06,51.89529771666667,4.5635085,False,True,bicycle,electric_assist
2026-04-07T03:53:32Z,felyx,felyx:21c24aa20603,51.93189556666667,4.457619583333333,False,False,bicycle,electric_assist
2026-04-07T03:53:32Z,felyx,felyx:6ada8dec5d32,51.89269541666666,4.479179916666667,False,False,bicycle,electric_assist
2026-04-07T03:53:32Z,felyx,felyx:bb1953918472,51.908926733333324,4.447511216666666,False,True,bicycle,electric_assist
2026-04-07T03:53:32Z,felyx,felyx:e98ff2a91f18,51.92514523333333,4.474117616666667,False,True,bicycle,electric_assist
2026-04-07T03:53:32Z,felyx,felyx:4c91d579a0df,51.87658291666668,4.487121316666667,False,False,bicycle,electric_assist
2026-04-07T03:53:32Z,felyx,felyx:530cb2644671,51.929831833333346,4.542947799999999,False,True,bicycle,electric_assist
2026-04-07T03:53:32Z,felyx,felyx:8fd221ecaad9,51.92815813333333,4.519095600000001,False,False,bicycle,electric_assist
2026-04-07T03:53:32Z,felyx,felyx:8fc4ba77747f,51.94530853333334,4.487024116666667,False,False,bicycle,electric_assist
2026-04-07T03:53:32Z,felyx,felyx:ca34a2b4193f,51.93043703333332,4.4332734,False,False,bicycle,electric_assist
2026-04-07T03:53:32Z,felyx,felyx:0f93b33ae173,51.90451843333334,4.497967216666668,False,False,bicycle,electric_assist
2026-04-07T03:53:32Z,felyx,felyx:247111505686,51.87786961666667,4.471871716666667,False,True,bicycle,electric_assist
2026-04-07T03:53:32Z,felyx,felyx:0a9409ad5384,51.89545651666667,4.4953253166666665,False,False,bicycle,electric_assist
2026-04-07T03:53:32Z,felyx,felyx:12f0d9fa7455,51.925917433333346,4.460321416666667,False,True,bicycle,electric_assist
2026-04-07T03:53:32Z,felyx,felyx:82ac6d6224f5,51.93210283333334,4.401938100000001,False,False,bicycle,electric_assist
2026-04-07T03:53:32Z,felyx,felyx:956401aa5682,51.889507,4.500136166666667,False,True,bicycle,electric_assist
2026-04-07T03:53:32Z,felyx,felyx:fc95fe097002,51.87424381666666,4.5230364000000005,False,False,bicycle,electric_assist
2026-04-07T03:53:32Z,felyx,felyx:f7c7516123ec,51.89226801666666,4.468668216666666,False,False,bicycle,electric_assist
2026-04-07T03:53:32Z,felyx,felyx:239caa15fba8,51.91747423333333,4.522378799999999,False,False,bicycle,electric_assist
2026-04-07T03:53:32Z,felyx,felyx:6609425c7e58,51.92737203333333,4.493006116666668,False,False,bicycle,electric_assist
2026-04-07T03:53:32Z,felyx,felyx:6fa86d0145fe,51.925179633333336,4.474032716666666,False,False,bicycle,electric_assist
2026-04-07T03:53:32Z,felyx,felyx:a1fe99e4051c,51.89222191666667,4.569658199999999,False,False,bicycle,electric_assist
2026-04-07T03:53:32Z,felyx,felyx:c5d5369b19ff,51.90626393333333,4.457920416666668,False,False,bicycle,electric_assist
2026-04-07T03:53:32Z,felyx,felyx:6b2bed4067cf,51.92765373333333,4.4764217166666675,False,False,bicycle,electric_assist
2026-04-07T03:53:32Z,felyx,felyx:475ff90997db,51.87483861666666,4.484696716666666,False,False,bicycle,electric_assist
2026-04-07T03:53:32Z,felyx,felyx:d2c6a5f1aed1,51.89044521666666,4.487499816666667,False,True,bicycle,electric_assist
2026-04-07T03:53:32Z,felyx,felyx:6dec9831ed1e,51.891817016666664,4.5139889,False,False,bicycle,electric_assist
2026-04-07T03:53:32Z,felyx,felyx:c10eaa1d1382,51.914754816666665,4.616777783333334,False,True,bicycle,electric_assist
2026-04-07T03:53:32Z,felyx,felyx:5276c817354e,51.891416316666664,4.496959116666668,False,False,bicycle,electric_assist
2026-04-07T03:53:32Z,felyx,felyx:57d0ce9d7c69,51.92762343333334,4.464257816666667,False,False,bicycle,electric_assist
2026-04-07T03:53:32Z,felyx,felyx:5aadb782a1a3,51.927211833333324,4.491746616666666,False,False,bicycle,electric_assist
2026-04-07T03:53:32Z,felyx,felyx:57a582a343b9,51.949956949999994,4.514370033333334,False,False,bicycle,electric_assist
2026-04-07T03:53:32Z,felyx,felyx:edf895304762,51.959086933333346,4.493558516666666,False,False,bicycle,electric_assist
2026-04-07T03:53:32Z,felyx,felyx:0f42a996b614,51.92263603333333,4.497596116666667,False,False,bicycle,electric_assist
2026-04-07T03:53:32Z,felyx,felyx:d1ec56526fed,51.94296073333333,4.352652016666666,False,False,bicycle,electric_assist
2026-04-07T03:53:32Z,felyx,felyx:88040d3cd21a,51.919490233333335,4.390957116666666,False,True,bicycle,electric_assist
2026-04-07T03:53:32Z,felyx,felyx:4a36cf497704,51.92318393333334,4.623240533333334,False,False,bicycle,electric_assist
2026-04-07T03:53:32Z,felyx,felyx:b03ef474fe6a,51.93112006666667,4.372372083333333,False,True,bicycle,electric_assist
2026-04-07T03:53:32Z,felyx,felyx:ec734404b6d3,51.95654723333334,4.5499610666666666,False,True,bicycle,electric_assist
2026-04-07T03:53:32Z,felyx,felyx:a1f11e6c391e,51.92279683333333,4.488453416666667,False,False,bicycle,electric_assist
2026-04-07T03:53:32Z,felyx,felyx:131a0c6ee242,51.91171593333333,4.4251883,False,False,bicycle,electric_assist
2026-04-07T03:53:32Z,felyx,felyx:9b5aaa35a65f,51.929015816666656,4.472346033333334,False,False,bicycle,electric_assist
2026-04-07T03:53:32Z,felyx,felyx:e9707f91c92f,51.956515533333345,4.5499033,False,True,bicycle,electric_assist
2026-04-07T03:53:32Z,felyx,felyx:553edd980c41,51.92991133333332,4.5022973,False,True,bicycle,electric_assist
2026-04-07T03:53:32Z,felyx,felyx:a66938e6d88c,51.88881811666667,4.5085071999999995,False,False,bicycle,electric_assist
2026-04-07T03:53:32Z,felyx,felyx:07eb0a4e54e4,51.92410023333334,4.489062616666667,True,False,bicycle,electric_assist
2026-04-07T03:53:32Z,felyx,felyx:c6652ddbe55d,51.92177463333334,4.533818,False,False,bicycle,electric_assist
2026-04-07T03:53:32Z,felyx,felyx:deb207be47d8,51.89265001666666,4.468767116666668,False,False,bicycle,electric_assist
2026-04-07T03:53:32Z,felyx,felyx:2b35a61e4398,51.934030833333324,4.476056316666668,False,False,bicycle,electric_assist
2026-04-07T03:53:32Z,felyx,felyx:6fddb1bdc516,51.99331083333334,4.481737616666666,False,True,bicycle,electric_assist
2026-04-07T03:53:32Z,felyx,felyx:cbc383ba6ac8,51.871063716666676,4.465607016666667,False,False,bicycle,electric_assist
2026-04-07T03:53:32Z,felyx,felyx:245a79950516,51.876857216666664,4.530224799999999,False,False,bicycle,electric_assist
2026-04-07T03:53:32Z,felyx,felyx:9a98871cf8bc,51.90963953333333,4.5273564,False,False,bicycle,electric_assist
2026-04-07T03:53:32Z,felyx,felyx:960298f64792,51.94701559999999,4.541239233333333,False,False,bicycle,electric_assist
2026-04-07T03:53:32Z,felyx,felyx:07151c7dbf74,51.94927713333332,4.432674300000001,False,False,bicycle,electric_assist
2026-04-07T03:53:32Z,felyx,felyx:df6ca5b46e07,51.91712983333333,4.488270816666667,False,True,bicycle,electric_assist
2026-04-07T03:53:32Z,felyx,felyx:9c11721ab95b,51.916177133333335,4.501638099999999,False,True,bicycle,electric_assist
2026-04-07T03:53:32Z,felyx,felyx:139e0e171386,51.93224913333333,4.346418216666667,False,False,bicycle,electric_assist
2026-04-07T03:53:32Z,felyx,felyx:68b30390004b,51.93853913333333,4.5369833999999996,False,True,bicycle,electric_assist
2026-04-07T03:53:32Z,felyx,felyx:d5e2a8cbcf7a,51.91723303333333,4.5227010000000005,False,False,bicycle,electric_assist
2026-04-07T03:53:32Z,felyx,felyx:57bf1972ddbd,51.86850691666667,4.453853516666666,False,True,bicycle,electric_assist
2026-04-07T03:53:32Z,felyx,felyx:6438ab96d0c6,51.940485633333346,4.407204800000001,False,False,bicycle,electric_assist
2026-04-07T03:53:32Z,felyx,felyx:e7e5e56fa9ea,51.96164273333334,4.5274223,False,False,bicycle,electric_assist
2026-04-07T03:53:32Z,felyx,felyx:f68356c8cfe2,51.876806316666666,4.489588016666667,False,False,bicycle,electric_assist
2026-04-07T03:53:32Z,felyx,felyx:9cd0926aa265,51.91753703333334,4.5172632,False,False,bicycle,electric_assist
2026-04-07T03:53:32Z,felyx,felyx:94648a87c73c,51.96043563333333,4.535278400000001,False,True,bicycle,electric_assist
2026-04-07T03:53:32Z,felyx,felyx:f8da918fea8d,51.92169193333333,4.492812816666666,False,False,bicycle,electric_assist
2026-04-07T03:53:32Z,felyx,felyx:e4deac7a4852,51.96091113333333,4.464030316666667,False,False,bicycle,electric_assist
2026-04-07T03:53:32Z,felyx,felyx:37d5a645d720,51.918383133333315,4.467812116666668,False,True,bicycle,electric_assist
2026-04-07T03:53:32Z,felyx,felyx:8d3f8f6a57b3,51.87674501666667,4.485791116666667,False,False,bicycle,electric_assist
2026-04-07T03:53:32Z,felyx,felyx:f5a7d925c25f,51.91720443333333,4.4338156,False,True,bicycle,electric_assist
2026-04-07T03:53:32Z,felyx,felyx:276b0e87db9e,51.96132673333333,4.480310116666667,False,False,bicycle,electric_assist
2026-04-07T03:53:32Z,felyx,felyx:7ff38d562cab,51.92194223333332,4.370912016666666,False,True,bicycle,electric_assist
2026-04-07T03:53:32Z,felyx,felyx:fb969515c69c,51.90686893333333,4.5461944999999995,False,True,bicycle,electric_assist
2026-04-07T03:53:32Z,felyx,felyx:b9f50cea84c9,51.87202171666666,4.5282435,False,True,bicycle,electric_assist
2026-04-07T03:53:32Z,felyx,felyx:892ac011fb1a,51.87148401666667,4.474749216666666,False,False,bicycle,electric_assist
2026-04-07T03:53:32Z,felyx,felyx:0548662daff0,51.88546111666666,4.464147216666667,False,False,bicycle,electric_assist
2026-04-07T03:53:32Z,felyx,felyx:3556e0919c5f,51.91628423333333,4.4869611166666665,False,False,bicycle,electric_assist
2026-04-07T03:53:32Z,felyx,felyx:184ac5d093a8,51.91074334999999,4.4378354,False,False,bicycle,electric_assist
2026-04-07T03:53:32Z,felyx,felyx:4cf3fb87c428,51.95759275,4.4701087,False,False,bicycle,electric_assist
2026-04-07T03:53:32Z,felyx,felyx:92b8c672cb35,51.892671916666664,4.479065016666667,False,False,bicycle,electric_assist
2026-04-07T03:53:32Z,felyx,felyx:fc0dbe558ef3,51.92089793333332,4.5263670000000005,False,False,bicycle,electric_assist
2026-04-07T03:53:32Z,felyx,felyx:7f9b19789340,51.92007563333333,4.4899373166666665,False,True,bicycle,electric_assist
2026-04-07T03:53:32Z,felyx,felyx:324ab5229863,51.961510033333326,4.5437026000000005,False,True,bicycle,electric_assist
2026-04-07T03:53:32Z,felyx,felyx:bf1fe26dbf72,51.92027193333333,4.396214416666668,False,False,bicycle,electric_assist
2026-04-07T03:53:32Z,felyx,felyx:4979b9b230e0,51.94318073333333,4.547155900000001,False,False,bicycle,electric_assist
2026-04-07T03:53:32Z,felyx,felyx:f8bbb20ba80b,51.92468263333334,4.474712416666667,False,True,bicycle,electric_assist
2026-04-07T03:53:32Z,felyx,felyx:92f4cc2fd787,51.89300291666667,4.5392205,False,False,bicycle,electric_assist
2026-04-07T03:53:32Z,felyx,felyx:e5edf2e1b102,51.94247743333333,4.5378519,False,True,bicycle,electric_assist
2026-04-07T03:53:32Z,felyx,felyx:470e6176be74,51.89694521666668,4.5235387,False,False,bicycle,electric_assist
2026-04-07T03:53:32Z,felyx,felyx:0802b4981745,51.91068533333333,4.476728016666666,False,True,bicycle,electric_assist
2026-04-07T03:53:32Z,felyx,felyx:bcb92cc52cef,51.90449193333334,4.4069543,False,False,bicycle,electric_assist
2026-04-07T03:53:32Z,felyx,felyx:5216009b265d,51.955136133333326,4.512418499999999,False,False,bicycle,electric_assist
2026-04-07T03:53:32Z,felyx,felyx:242def9bcfe1,51.87920541666667,4.52786,False,False,bicycle,electric_assist
2026-04-07T03:53:32Z,felyx,felyx:4f644a6b61e9,51.953019233333336,4.471338816666668,False,False,bicycle,electric_assist
2026-04-07T03:53:32Z,felyx,felyx:d5c820e2ea72,51.90307133333334,4.468571316666668,False,True,bicycle,electric_assist
2026-04-07T03:53:32Z,felyx,felyx:a9cbfd448bb5,51.944848033333336,4.5640545999999995,False,True,bicycle,electric_assist
2026-04-07T03:53:32Z,felyx,felyx:8e97c8f0d90a,51.90628423333333,4.407443300000001,False,True,bicycle,electric_assist
2026-04-07T03:53:32Z,felyx,felyx:b463beed2e70,51.914198133333336,4.390705016666666,False,False,bicycle,electric_assist
2026-04-07T03:53:32Z,felyx,felyx:b175294a4e3a,51.89687601666665,4.524282599999999,False,False,bicycle,electric_assist
2026-04-07T03:53:32Z,felyx,felyx:4a63a2572537,51.890738216666655,4.478359016666667,False,False,bicycle,electric_assist
2026-04-07T03:53:32Z,felyx,felyx:58c7dd8e7517,51.886418516666666,4.549279699999999,False,False,bicycle,electric_assist
2026-04-07T03:53:32Z,felyx,felyx:1b6c72d4d42e,51.93243583333332,4.471575816666667,False,True,bicycle,electric_assist
2026-04-07T03:53:32Z,felyx,felyx:1243810e9a32,51.87833271666667,4.448657016666667,False,False,bicycle,electric_assist
2026-04-07T03:53:32Z,felyx,felyx:1e4b86793314,51.87612604999999,4.496586666666667,False,True,bicycle,electric_assist
2026-04-07T03:53:32Z,felyx,felyx:e1756821d076,51.957538633333336,4.508898999999999,False,False,bicycle,electric_assist
2026-04-07T03:53:32Z,felyx,felyx:974f8ce0e171,51.877820716666676,4.5239335,False,False,bicycle,electric_assist
2026-04-07T03:53:32Z,felyx,felyx:05e44195038c,51.91932423333333,4.625196233333334,False,True,bicycle,electric_assist
2026-04-07T03:53:32Z,felyx,felyx:59cfdfe205d7,51.904533233333325,4.405252,False,False,bicycle,electric_assist
2026-04-07T03:53:32Z,felyx,felyx:d426521efba3,51.92606403333332,4.423385200000001,False,False,bicycle,electric_assist
2026-04-07T03:53:32Z,felyx,felyx:074baf2a29f3,51.926170249999984,4.351069033333333,False,True,bicycle,electric_assist
2026-04-07T03:53:32Z,felyx,felyx:b78020e05038,51.882018616666656,4.5152858,False,False,bicycle,electric_assist
2026-04-07T03:53:32Z,felyx,felyx:9ded59dc335d,51.87763651666667,4.498297916666667,False,False,bicycle,electric_assist
2026-04-07T03:53:32Z,felyx,felyx:a06708c7aee2,51.92437423333334,4.5314291,False,False,bicycle,electric_assist
2026-04-07T03:53:32Z,felyx,felyx:604869f7d2b7,51.963623633333334,4.484989916666667,False,False,bicycle,electric_assist
2026-04-07T03:53:32Z,felyx,felyx:7abc77c52ce5,51.945137633333324,4.5380622,False,False,bicycle,electric_assist
2026-04-07T03:53:32Z,felyx,felyx:81a8cc8290b3,51.934493933333336,4.499785416666667,False,False,bicycle,electric_assist
2026-04-07T03:53:32Z,felyx,felyx:d5332a6661a5,51.91401683333333,4.383531716666667,False,False,bicycle,electric_assist
2026-04-07T03:53:32Z,felyx,felyx:20ecbcf24e8e,51.93580443333334,4.4376847999999995,False,False,bicycle,electric_assist
2026-04-07T03:53:32Z,felyx,felyx:ab7445ff329c,51.93395143333334,4.469687516666667,False,False,bicycle,electric_assist
2026-04-07T03:53:32Z,felyx,felyx:c5163ec38e0a,51.88379931666667,4.502747100000001,False,False,bicycle,electric_assist
2026-04-07T03:53:32Z,felyx,felyx:39178cb15ed4,51.92739173333332,4.5533934,False,True,bicycle,electric_assist
2026-04-07T03:53:32Z,felyx,felyx:f192c6e26e85,51.91383943333333,4.441520716666667,False,True,bicycle,electric_assist
2026-04-07T03:53:32Z,felyx,felyx:ba4e366d55d7,51.90609033333333,4.5412078,False,False,bicycle,electric_assist
2026-04-07T03:53:32Z,felyx,felyx:c0a3729c453f,51.87769921666666,4.554637399999999,False,True,bicycle,electric_assist
2026-04-07T03:53:32Z,felyx,felyx:95dfd6098a79,51.91623033333334,4.5271533,False,False,bicycle,electric_assist
2026-04-07T03:53:32Z,felyx,felyx:7cf0e9b5b204,51.90864011666666,4.439360883333334,False,False,bicycle,electric_assist
2026-04-07T03:53:32Z,felyx,felyx:ffa3ba5f8bf5,51.86763711666667,4.477785016666667,False,False,bicycle,electric_assist
2026-04-07T03:53:32Z,felyx,felyx:cbdb3e40962b,51.95065983333334,4.5185968,False,False,bicycle,electric_assist
2026-04-07T03:53:32Z,felyx,felyx:268962f36c42,51.87482091666667,4.490082316666667,False,False,bicycle,electric_assist
2026-04-07T03:53:32Z,felyx,felyx:1e74550f9931,51.90682198333334,4.408154183333335,False,True,bicycle,electric_assist
2026-04-07T03:53:32Z,felyx,felyx:7a551743d0cb,51.94728623333334,4.5267015,False,False,bicycle,electric_assist
2026-04-07T03:53:32Z,felyx,felyx:5621c50d7e70,51.92340393333333,4.4907272166666665,False,True,bicycle,electric_assist
2026-04-07T03:53:32Z,felyx,felyx:7dce9297e857,51.94929261666665,4.432690316666666,False,False,bicycle,electric_assist
2026-04-07T03:53:32Z,felyx,felyx:e9d4ec08ecd0,51.90705093333332,4.4399531,False,False,bicycle,electric_assist
2026-04-07T03:53:32Z,felyx,felyx:179673a2618e,51.95228823333334,4.556219899999999,False,False,bicycle,electric_assist
2026-04-07T03:53:32Z,felyx,felyx:0703e9a81d51,51.89299191666667,4.5391699999999995,False,False,bicycle,electric_assist
2026-04-07T03:53:32Z,felyx,felyx:8af15e44f3cf,51.908013633333326,4.499915416666667,False,False,bicycle,electric_assist
2026-04-07T03:53:32Z,felyx,felyx:4e06f3b9dbad,51.91598023333333,4.467887016666667,False,True,bicycle,electric_assist
2026-04-07T03:53:32Z,felyx,felyx:522095430cdc,51.917118233333326,4.5233604,False,False,bicycle,electric_assist
2026-04-07T03:53:32Z,felyx,felyx:4a566c3518bc,51.88777808333333,4.474803533333334,False,False,bicycle,electric_assist
2026-04-07T03:53:32Z,felyx,felyx:de6eaba044ab,51.935162000000005,4.475889133333334,False,True,bicycle,electric_assist
2026-04-07T03:53:32Z,felyx,felyx:ef073cdd52e7,51.89591501666666,4.499132416666667,False,False,bicycle,electric_assist
2026-04-07T03:53:32Z,felyx,felyx:ed8684485191,51.89242231666667,4.5167515,False,False,bicycle,electric_assist
2026-04-07T03:53:32Z,felyx,felyx:3016adb8517c,51.907907033333345,4.453488716666666,False,False,bicycle,electric_assist
2026-04-07T03:53:32Z,felyx,felyx:26daef6cf2c4,51.90772023333334,4.501207699999999,False,False,bicycle,electric_assist
2026-04-07T03:53:32Z,felyx,felyx:0468e419749c,51.91155523333333,4.458523716666667,False,True,bicycle,electric_assist
2026-04-07T03:53:32Z,felyx,felyx:cbd9da4f83e9,51.93093243333333,4.433385400000001,False,False,bicycle,electric_assist
2026-04-07T03:53:32Z,felyx,felyx:d7457a61d84a,51.914916133333314,4.487143016666667,False,False,bicycle,electric_assist
2026-04-07T03:53:32Z,felyx,felyx:acc26a3e79c9,51.908889133333325,4.381899916666667,False,False,bicycle,electric_assist
2026-04-07T03:53:32Z,felyx,felyx:e668c219aa99,51.92173773333333,4.492974916666666,False,False,bicycle,electric_assist
2026-04-07T03:53:32Z,felyx,felyx:10c9c6e3946a,51.911861633333324,4.446715016666667,False,False,bicycle,electric_assist
2026-04-07T03:53:32Z,felyx,felyx:1572e36724ea,51.895302516666675,4.502351399999999,False,True,bicycle,electric_assist
2026-04-07T03:53:32Z,felyx,felyx:52f42da0af05,51.92547373333333,4.466363116666666,False,False,bicycle,electric_assist
2026-04-07T03:53:32Z,felyx,felyx:6376aa04c75c,51.925265833333334,4.496197616666667,False,True,bicycle,electric_assist
2026-04-07T03:53:32Z,felyx,felyx:02b4951a0aa9,51.926012633333315,4.5094665,False,False,bicycle,electric_assist
2026-04-07T03:53:32Z,felyx,felyx:2c27a2857b99,51.92716183333333,4.422224,False,False,bicycle,electric_assist
2026-04-07T03:53:32Z,felyx,felyx:348e61a5bd7e,51.90852833333333,4.398176616666667,False,False,bicycle,electric_assist
2026-04-07T03:53:32Z,felyx,felyx:d83309736c22,51.956732233333334,4.531947100000001,False,True,bicycle,electric_assist
2026-04-07T03:53:32Z,felyx,felyx:5785c8edeebb,51.90559993333333,4.509646500000001,False,False,bicycle,electric_assist
2026-04-07T03:53:32Z,felyx,felyx:9c3477793d0b,51.93092043333333,4.4334057,False,False,bicycle,electric_assist
2026-04-07T03:53:32Z,felyx,felyx:0508300919f0,51.87696501666665,4.468732216666667,False,False,bicycle,electric_assist
2026-04-07T03:53:32Z,felyx,felyx:29c5b0872fae,51.92253183333334,4.5029924,False,False,bicycle,electric_assist
2026-04-07T03:53:32Z,felyx,felyx:bd2e49b633b1,51.90811253333332,4.372652816666666,False,False,bicycle,electric_assist
2026-04-07T03:53:32Z,felyx,felyx:f1c7a0abea9d,51.90803273333332,4.5121541,False,False,bicycle,electric_assist
2026-04-07T03:53:32Z,felyx,felyx:0658fea1dc1d,51.957573833333335,4.5089646,False,False,bicycle,electric_assist
2026-04-07T03:53:32Z,felyx,felyx:781e66d7179b,51.88571441666666,4.533443,False,False,bicycle,electric_assist
2026-04-07T03:53:32Z,felyx,felyx:8d2b6d4e4255,51.90976413333333,4.464070316666667,False,False,bicycle,electric_assist
2026-04-07T03:53:32Z,felyx,felyx:cc67bb31f78b,51.93237383333334,4.5634926,False,True,bicycle,electric_assist
2026-04-07T03:53:32Z,felyx,felyx:7b59910892f1,51.917290833333325,4.429845000000001,False,True,bicycle,electric_assist
2026-04-07T03:53:32Z,felyx,felyx:600e1391aef7,51.88470811666666,4.472582016666667,False,False,bicycle,electric_assist
2026-04-07T03:53:32Z,felyx,felyx:0ed43357d71c,51.87749341666666,4.471941716666667,False,False,bicycle,electric_assist
2026-04-07T03:53:32Z,felyx,felyx:f33811b37cd1,51.94247953333333,4.5378362999999995,False,False,bicycle,electric_assist
2026-04-07T03:53:32Z,felyx,felyx:95de0ed4d22a,51.91226663333334,4.483000316666667,False,True,bicycle,electric_assist
2026-04-07T03:53:32Z,felyx,felyx:cb9a859791e9,51.89219631666667,4.569655099999999,False,True,bicycle,electric_assist
2026-04-07T03:53:32Z,felyx,felyx:7afdee43fec0,51.91479603333334,4.444433816666667,False,True,bicycle,electric_assist
2026-04-07T03:53:32Z,felyx,felyx:688bdb5dd95d,51.916741733333346,4.449461416666667,False,False,bicycle,electric_assist
2026-04-07T03:53:32Z,felyx,felyx:f8bafdd9aab4,51.961770333333334,4.5280054,False,False,bicycle,electric_assist
2026-04-07T03:53:32Z,felyx,felyx:4ae5898856da,51.928796833333344,4.382853716666667,False,True,bicycle,electric_assist
2026-04-07T03:53:32Z,felyx,felyx:855656d35336,51.921729750000004,4.492948800000001,False,True,bicycle,electric_assist
2026-04-07T03:53:32Z,felyx,felyx:d9963771829b,51.95688393333334,4.474920116666667,False,False,bicycle,electric_assist
2026-04-07T03:53:32Z,felyx,felyx:8c34f12bfb5c,51.9170015,4.491350533333333,False,True,bicycle,electric_assist
2026-04-07T03:53:32Z,felyx,felyx:fa7c1322b338,51.89524241666666,4.5018428,False,True,bicycle,electric_assist
2026-04-07T03:53:32Z,felyx,felyx:2af863eb3372,51.96032903333334,4.470127416666666,False,True,bicycle,electric_assist
2026-04-07T03:53:32Z,felyx,felyx:6b4f7fd6266a,51.90259583333332,4.448693116666667,False,False,bicycle,electric_assist
2026-04-07T03:53:32Z,felyx,felyx:e0b5f7330e77,51.92821953333333,4.4192276,False,False,bicycle,electric_assist
2026-04-07T03:53:32Z,felyx,felyx:7a39dcba227e,51.94401323333333,4.4224874,False,False,bicycle,electric_assist
2026-04-07T03:53:32Z,felyx,felyx:b1f14a98bcd9,51.92117761666666,4.459919816666667,False,False,bicycle,electric_assist
2026-04-07T03:53:32Z,felyx,felyx:00b76bef4d32,51.902903133333325,4.463413916666668,False,True,bicycle,electric_assist
2026-04-07T03:53:32Z,felyx,felyx:386835dea071,51.94994873333333,4.5143107,False,False,bicycle,electric_assist
2026-04-07T03:53:32Z,felyx,felyx:50d68db2048e,51.872510116666675,4.486673416666667,False,False,bicycle,electric_assist
2026-04-07T03:53:32Z,felyx,felyx:10a7ca71c222,51.89089991666666,4.472678916666666,False,False,bicycle,electric_assist
2026-04-07T03:53:32Z,felyx,felyx:292a6c2e69db,51.91114713333333,4.463604616666666,False,True,bicycle,electric_assist
2026-04-07T03:53:32Z,felyx,felyx:fcf97368db29,51.88064411666665,4.5068231,False,False,bicycle,electric_assist
2026-04-07T03:53:32Z,felyx,felyx:ff1cdc554d34,51.87140981666666,4.471326116666666,False,False,bicycle,electric_assist
2026-04-07T03:53:32Z,felyx,felyx:8cbe0bed4f6b,51.90110963333333,4.477461816666667,False,False,bicycle,electric_assist
2026-04-07T03:53:32Z,felyx,felyx:3129caa82764,51.88638471666666,4.5492688,False,False,bicycle,electric_assist
2026-04-07T03:53:32Z,felyx,felyx:b82c25a91de9,51.90598933333334,4.498959516666666,False,False,bicycle,electric_assist
2026-04-07T03:53:32Z,felyx,felyx:855a3c7dc77b,51.93363033333334,4.463096016666666,False,False,bicycle,electric_assist
2026-04-07T03:53:32Z,felyx,felyx:887674e05a44,51.907062733333326,4.489823516666667,False,False,bicycle,electric_assist
2026-04-07T03:53:32Z,felyx,felyx:a393617cd20b,51.90551773333333,4.462744716666667,False,True,bicycle,electric_assist
2026-04-07T03:53:32Z,felyx,felyx:4b257cc2b62a,51.91120823333334,4.472825716666667,False,False,bicycle,electric_assist
2026-04-07T03:53:32Z,felyx,felyx:e77313d5ac89,51.89688181666668,4.5236943,False,False,bicycle,electric_assist
2026-04-07T03:53:32Z,felyx,felyx:1efd07a5c3d1,51.87668271666666,4.474681416666667,False,False,bicycle,electric_assist
2026-04-07T03:53:32Z,felyx,felyx:1d91caae7b68,51.91252923333333,4.452370516666667,False,False,bicycle,electric_assist
2026-04-07T03:53:32Z,felyx,felyx:1566568eadc0,51.91873693333333,4.515754499999999,False,False,bicycle,electric_assist
2026-04-07T03:53:32Z,felyx,felyx:1b8b6898553e,51.91182903333333,4.4358241000000005,False,False,bicycle,electric_assist
2026-04-07T03:53:32Z,felyx,felyx:bf1122404fc2,51.86212001666667,4.530767499999999,False,True,bicycle,electric_assist
2026-04-07T03:53:32Z,felyx,felyx:380e0e9f55cd,51.910646933333325,4.4595371166666675,False,False,bicycle,electric_assist
2026-04-07T03:53:32Z,felyx,felyx:0b7bfe697c30,51.885564816666665,4.494241116666667,False,False,bicycle,electric_assist
2026-04-07T03:53:32Z,felyx,felyx:64e98d819f03,51.91667629999999,4.396810533333333,False,False,bicycle,electric_assist
2026-04-07T03:53:32Z,felyx,felyx:19d12671c653,51.896634216666676,4.523826699999999,False,True,bicycle,electric_assist
2026-04-07T03:53:32Z,felyx,felyx:37e7ec4379bc,51.90480183333334,4.402781600000001,False,False,bicycle,electric_assist
2026-04-07T03:53:32Z,felyx,felyx:a6427e0910a7,51.887559916666675,4.5080100000000005,False,False,bicycle,electric_assist
2026-04-07T03:53:32Z,felyx,felyx:cb8992ff2a00,51.91591913333333,4.477996616666667,False,False,bicycle,electric_assist
2026-04-07T03:53:32Z,felyx,felyx:bf3bc78bdf4d,51.91096303333333,4.374830316666666,False,False,bicycle,electric_assist
2026-04-07T03:53:32Z,felyx,felyx:f5ba044c77b1,51.90731553333333,4.402155400000001,False,True,bicycle,electric_assist
2026-04-07T03:53:32Z,felyx,felyx:22d37a4b02ce,51.94657993333333,4.5493168,False,True,bicycle,electric_assist
2026-04-07T03:53:32Z,felyx,felyx:551f87113d7e,51.88815051666666,4.458427716666667,False,False,bicycle,electric_assist
2026-04-07T03:53:32Z,felyx,felyx:e5b4129adc72,51.89006661666667,4.479366416666666,False,False,bicycle,electric_assist
2026-04-07T03:53:32Z,felyx,felyx:6a8b08981013,51.87112661666667,4.488340016666668,False,False,bicycle,electric_assist
2026-04-07T03:53:32Z,felyx,felyx:19954d113501,51.90670403333334,4.5228663000000005,False,False,bicycle,electric_assist
2026-04-07T03:53:32Z,felyx,felyx:69f487a1f9f3,51.92364441666666,4.392242950000001,True,False,bicycle,electric_assist
2026-04-07T03:53:32Z,felyx,felyx:a94983dac67b,51.860831016666666,4.508520099999999,False,True,bicycle,electric_assist
2026-04-07T03:53:32Z,felyx,felyx:792471011f40,51.89360321666666,4.5059495,False,True,bicycle,electric_assist
2026-04-07T03:53:32Z,felyx,felyx:d30317633f04,51.948803533333326,4.5758468,False,True,bicycle,electric_assist
2026-04-07T03:53:32Z,felyx,felyx:7c16e2dea578,51.886483616666666,4.462012816666666,False,False,bicycle,electric_assist
2026-04-07T03:53:32Z,felyx,felyx:ee1f3aebd054,51.91578303333335,4.488937516666666,False,False,bicycle,electric_assist
2026-04-07T03:53:32Z,felyx,felyx:b6edd8551f45,51.89031301666668,4.5486153,False,True,bicycle,electric_assist
2026-04-07T03:53:32Z,felyx,felyx:9771c1921e4f,51.92254133333333,4.502988,False,True,bicycle,electric_assist
2026-04-07T03:53:32Z,felyx,felyx:9dddc7e94c77,51.88218011666667,4.6076401166666665,False,True,bicycle,electric_assist
2026-04-07T03:53:32Z,felyx,felyx:e66ffe4ac7e7,51.88701993333334,4.521322083333332,False,False,bicycle,electric_assist
2026-04-07T03:53:32Z,felyx,felyx:ed28e550503b,51.887491516666664,4.486993616666667,False,True,bicycle,electric_assist
2026-04-07T03:53:32Z,felyx,felyx:744c7c3b6757,51.95005833333333,4.467946316666666,False,False,bicycle,electric_assist
2026-04-07T03:53:32Z,felyx,felyx:aa7bb0269f13,51.90820303333333,4.5072392,False,False,bicycle,electric_assist
2026-04-07T03:53:32Z,felyx,felyx:b6d58a94ba19,51.89428071666666,4.503492700000001,False,True,bicycle,electric_assist
2026-04-07T03:53:32Z,felyx,felyx:3c9108297818,51.959415000000014,4.558683050000001,False,True,bicycle,electric_assist
2026-04-07T03:53:32Z,felyx,felyx:49e1a895bacc,51.92779283333333,4.484236816666666,False,False,bicycle,electric_assist
2026-04-07T03:53:32Z,felyx,felyx:6120d1f25929,51.90669153333334,4.5452448,False,True,bicycle,electric_assist
2026-04-07T03:53:32Z,felyx,felyx:d6905c9fd17a,51.974588833333335,4.547889016666666,False,True,bicycle,electric_assist
2026-04-07T03:53:32Z,felyx,felyx:779f4744d287,51.95953443333333,4.5132526,False,False,bicycle,electric_assist
2026-04-07T03:53:32Z,felyx,felyx:72938054e7b7,51.966372033333336,4.470900116666666,False,False,bicycle,electric_assist
2026-04-07T03:53:32Z,felyx,felyx:ef4bd7500d67,51.933945599999994,4.453224783333334,False,False,bicycle,electric_assist
2026-04-07T03:53:32Z,felyx,felyx:61fa7cfc3a3c,51.92819563333334,4.4192568,False,False,bicycle,electric_assist
2026-04-07T03:53:32Z,felyx,felyx:4f9c08fe1598,51.92887143333334,4.501318800000001,False,False,bicycle,electric_assist
2026-04-07T03:53:32Z,felyx,felyx:1cd7b4f9c715,51.95295753333333,4.470925216666667,False,False,bicycle,electric_assist
2026-04-07T03:53:32Z,felyx,felyx:5e63e82f1aed,51.953122300000004,4.4659472000000004,False,False,bicycle,electric_assist
2026-04-07T03:53:32Z,felyx,felyx:9e4c110e72bd,51.94562173333333,4.5393571999999995,False,False,bicycle,electric_assist
2026-04-07T03:53:32Z,felyx,felyx:259ae7b37511,51.932875133333326,4.489794216666668,False,True,bicycle,electric_assist
2026-04-07T03:53:32Z,felyx,felyx:3d3225dee619,51.930349033333336,4.4724180166666665,False,True,bicycle,electric_assist
2026-04-07T03:53:32Z,felyx,felyx:ad64ec2ffa2d,51.92154954999999,4.479568050000001,False,False,bicycle,electric_assist
2026-04-07T03:53:32Z,felyx,felyx:3d0a065aa8bc,51.94690213333333,4.4394971,False,False,bicycle,electric_assist
2026-04-07T03:53:32Z,felyx,felyx:60e0dc7babf7,51.92356633333333,4.4851273166666665,False,False,bicycle,electric_assist
2026-04-07T03:53:32Z,felyx,felyx:ee1769ff9c2b,51.91199403333333,4.4579215166666675,False,False,bicycle,electric_assist
2026-04-07T03:53:32Z,felyx,felyx:eef0977713ef,51.88807249999999,4.5470281833333335,False,True,bicycle,electric_assist
2026-04-07T03:53:32Z,felyx,felyx:ee07af0a9261,51.90784003333333,4.494904316666666,False,False,bicycle,electric_assist
2026-04-07T03:53:32Z,felyx,felyx:a4091741fc0e,51.88960651666667,4.5085790999999995,False,True,bicycle,electric_assist
2026-04-07T03:53:32Z,felyx,felyx:bdd55b699378,51.90556663333333,4.462795016666666,False,False,bicycle,electric_assist
2026-04-07T03:53:32Z,felyx,felyx:1b20baeb05c9,51.894973799999995,4.420046216666667,False,True,bicycle,electric_assist
2026-04-07T03:53:32Z,felyx,felyx:39cf82708658,51.928211933333316,4.419270800000001,False,False,bicycle,electric_assist
2026-04-07T03:53:32Z,felyx,felyx:57942ed059ee,51.93494063333332,4.523185,False,True,bicycle,electric_assist
2026-04-07T03:53:32Z,felyx,felyx:bd61c7663bae,51.9071938,4.4461751666666665,False,True,bicycle,electric_assist
2026-04-07T03:53:32Z,felyx,felyx:600f3b41800f,51.91567723333333,4.4887363166666665,False,False,bicycle,electric_assist
2026-04-07T03:53:32Z,felyx,felyx:4a79649b74f5,51.919701133333334,4.438979,False,False,bicycle,electric_assist
2026-04-07T03:53:32Z,felyx,felyx:f53532fa70b2,51.89255561666668,4.490470516666667,False,False,bicycle,electric_assist
2026-04-07T03:53:32Z,felyx,felyx:5c7c6c227f4a,51.920601233333336,4.4111371,False,False,bicycle,electric_assist
2026-04-07T03:53:32Z,felyx,felyx:9ca33807213d,51.91748183333334,4.451779516666666,False,False,bicycle,electric_assist
2026-04-07T03:53:32Z,felyx,felyx:6a0e79bba882,51.94261793333333,4.423085599999999,False,True,bicycle,electric_assist
2026-04-07T03:53:32Z,felyx,felyx:5a93dc2c3408,51.908044733333334,4.5990353,False,True,bicycle,electric_assist
2026-04-07T03:53:32Z,felyx,felyx:afb4f75f2ac9,51.92105413333333,4.5093986,False,True,bicycle,electric_assist
2026-04-07T03:53:32Z,felyx,felyx:25affbc7f7c6,51.913346133333334,4.432529400000001,False,False,bicycle,electric_assist
2026-04-07T03:53:32Z,felyx,felyx:179e5963a345,51.93333723333334,4.502871,False,True,bicycle,electric_assist
2026-04-07T03:53:32Z,felyx,felyx:c48eece93e44,51.91250353333332,4.449092916666668,False,True,bicycle,electric_assist
2026-04-07T03:53:32Z,felyx,felyx:78a11eed870d,51.912848033333326,4.476014616666666,False,True,bicycle,electric_assist
2026-04-07T03:53:32Z,felyx,felyx:93542a84ffe1,51.86048081666665,4.488258916666666,False,True,bicycle,electric_assist
2026-04-07T03:53:32Z,felyx,felyx:6facfb1a39c0,51.94123423333333,4.4046233,False,False,bicycle,electric_assist
2026-04-07T03:53:32Z,felyx,felyx:f07294a1a8c7,51.91309673333333,4.456231616666667,False,False,bicycle,electric_assist
2026-04-07T03:53:32Z,felyx,felyx:be9cb16110cb,51.87793221666668,4.5236632,False,False,bicycle,electric_assist
2026-04-07T03:53:32Z,felyx,felyx:4bd3f4292b0b,51.87292411666667,4.467455216666666,False,False,bicycle,electric_assist
2026-04-07T03:53:32Z,felyx,felyx:16f2c29851a3,51.88046901666666,4.587891600000001,False,True,bicycle,electric_assist
2026-04-07T03:53:32Z,felyx,felyx:63a2c49064b1,51.880947716666675,4.5015663,False,False,bicycle,electric_assist
2026-04-07T03:53:32Z,felyx,felyx:a9c964667346,51.94929563333333,4.4327448,False,False,bicycle,electric_assist
2026-04-07T03:53:32Z,felyx,felyx:5d893a52cf4a,51.90614573333335,4.5419212,False,False,bicycle,electric_assist
2026-04-07T03:53:32Z,felyx,felyx:2c42e93ef4a2,51.89290381666667,4.5409348,False,False,bicycle,electric_assist
2026-04-07T03:53:32Z,felyx,felyx:e5f7fc3d3e33,51.924981433333336,4.5293323,False,False,bicycle,electric_assist
2026-04-07T03:53:32Z,felyx,felyx:8d6c7076609c,51.89396381666667,4.463127416666667,False,False,bicycle,electric_assist
2026-04-07T03:53:32Z,felyx,felyx:27ea51876d22,51.92108603333333,4.441823616666667,False,True,bicycle,electric_assist
2026-04-07T03:53:32Z,felyx,felyx:99c0df16a189,51.90870045,4.40610295,False,False,bicycle,electric_assist
2026-04-07T03:53:32Z,felyx,felyx:eb502ebcc865,51.894183616666666,4.467942016666667,False,False,bicycle,electric_assist
2026-04-07T03:53:32Z,felyx,felyx:bd418d5984a6,51.89141821666667,4.471299716666667,False,False,bicycle,electric_assist
2026-04-07T03:53:32Z,felyx,felyx:f6b1c6f4336b,51.96048713333334,4.535331800000001,False,True,bicycle,electric_assist
2026-04-07T03:53:32Z,felyx,felyx:6f55e894424f,51.91956573333333,4.4226444,False,False,bicycle,electric_assist
2026-04-07T03:53:32Z,felyx,felyx:5af318313749,51.929488266666674,4.476420733333334,False,True,bicycle,electric_assist
2026-04-07T03:53:32Z,felyx,felyx:1595d831ef8e,51.92083053333334,4.457679716666667,False,False,bicycle,electric_assist
2026-04-07T03:53:32Z,felyx,felyx:1f822e9ab3df,51.923618833333336,4.511748600000001,False,False,bicycle,electric_assist
2026-04-07T03:53:32Z,felyx,felyx:f8fdd1fbc5c0,51.87943681666668,4.524208,False,False,bicycle,electric_assist
2026-04-07T03:53:32Z,felyx,felyx:a01b28cf3f4f,51.88499851666667,4.5213166000000005,False,True,bicycle,electric_assist
2026-04-07T03:53:32Z,felyx,felyx:bd765df7283d,51.89309226666667,4.491617433333333,False,False,bicycle,electric_assist
2026-04-07T03:53:32Z,felyx,felyx:e7c6336edf86,51.931600333333336,4.4996365166666665,False,False,bicycle,electric_assist
2026-04-07T03:53:32Z,felyx,felyx:38f39b99f41f,51.95131023333334,4.5978207,False,True,bicycle,electric_assist
2026-04-07T03:53:32Z,felyx,felyx:7af82384b593,51.87288001666668,4.5882317,False,True,bicycle,electric_assist
2026-04-07T03:53:32Z,felyx,felyx:b234a4514fb8,51.921613316666665,4.507115933333333,False,False,bicycle,electric_assist
2026-04-07T03:53:32Z,felyx,felyx:57a6ebab05cf,51.90448413333334,4.4069733,False,False,bicycle,electric_assist
2026-04-07T03:53:32Z,felyx,felyx:1ca32eb96b0f,51.87120941666668,4.5839238,False,True,bicycle,electric_assist
2026-04-07T03:53:32Z,felyx,felyx:03d6d240197b,51.961951133333336,4.471619316666667,False,False,bicycle,electric_assist
2026-04-07T03:53:32Z,felyx,felyx:dcf2ed207c43,51.92537853333332,4.5307552,False,False,bicycle,electric_assist
2026-04-07T03:53:32Z,felyx,felyx:dc2c354560f9,51.91290763333333,4.500636699999999,False,False,bicycle,electric_assist
2026-04-07T03:53:32Z,felyx,felyx:40b40ab7ca04,51.91617293333333,4.443381916666667,False,False,bicycle,electric_assist
2026-04-07T03:53:32Z,felyx,felyx:2a0bf60691b8,51.92192533333333,4.493563316666667,False,False,bicycle,electric_assist
2026-04-07T03:53:32Z,felyx,felyx:523aa5c1ae24,51.91197763333332,4.390152116666668,False,False,bicycle,electric_assist
2026-04-07T03:53:32Z,felyx,felyx:2f8c5756ece2,51.95579653333333,4.467683416666667,False,False,bicycle,electric_assist
2026-04-07T03:53:32Z,felyx,felyx:7c2a831957fa,51.91119403333334,4.506337599999999,False,False,bicycle,electric_assist
2026-04-07T03:53:32Z,felyx,felyx:e41d7242660f,51.94517013333334,4.5354444,False,True,bicycle,electric_assist
2026-04-07T03:53:32Z,felyx,felyx:5282c96a7a88,51.93586473333333,4.4375993000000005,False,False,bicycle,electric_assist
2026-04-07T03:53:32Z,felyx,felyx:318c7e9607c6,51.915077133333334,4.521479899999999,False,True,bicycle,electric_assist
2026-04-07T03:53:32Z,felyx,felyx:2d4ee6496f39,51.957876133333336,4.541041599999999,False,False,bicycle,electric_assist
2026-04-07T03:53:32Z,felyx,felyx:0fd253a13c11,51.88115841666666,4.497056516666667,False,True,bicycle,electric_assist
2026-04-07T03:53:32Z,felyx,felyx:f692a729f6b1,51.913604333333325,4.478047116666667,False,False,bicycle,electric_assist
2026-04-07T03:53:32Z,felyx,felyx:46a1906ee8a4,51.91121663333334,4.4374648,False,True,bicycle,electric_assist
2026-04-07T03:53:32Z,felyx,felyx:9599d61bc5ee,51.905825033333336,4.405938000000001,False,False,bicycle,electric_assist
2026-04-07T03:53:32Z,felyx,felyx:3f1bc0150b6c,51.93434933333333,4.499655616666666,False,False,bicycle,electric_assist
2026-04-07T03:53:32Z,felyx,felyx:e8e5a99ad263,51.85860421666666,4.5578673,False,True,bicycle,electric_assist
2026-04-07T03:53:32Z,felyx,felyx:0a8fd88a82ab,51.96409943333333,4.5036813,False,False,bicycle,electric_assist
2026-04-07T03:53:32Z,felyx,felyx:9ef6b5aceb11,51.908149050000006,4.444125550000001,False,True,bicycle,electric_assist
2026-04-07T03:53:32Z,felyx,felyx:b0e7192ad347,51.91158773333333,4.467261116666666,False,False,bicycle,electric_assist
2026-04-07T03:53:32Z,felyx,felyx:af872a47032a,51.886427516666664,4.467525016666666,False,False,bicycle,electric_assist
2026-04-07T03:53:32Z,felyx,felyx:38d9202ab978,51.916256233333336,4.527108699999999,False,False,bicycle,electric_assist
2026-04-07T03:53:32Z,felyx,felyx:e98f5633530d,51.91982493333333,4.391377416666667,False,True,bicycle,electric_assist
2026-04-07T03:53:32Z,felyx,felyx:0ca1d532cc79,51.919156433333335,4.493684016666666,False,False,bicycle,electric_assist
2026-04-07T03:53:32Z,felyx,felyx:bad51730c3e2,51.915553033333325,4.463282416666666,False,True,bicycle,electric_assist
2026-04-07T03:53:32Z,felyx,felyx:0354fa51ea0a,51.90897043333333,4.330064916666666,False,False,bicycle,electric_assist
2026-04-07T03:53:32Z,felyx,felyx:b19326cd19df,51.912584233333334,4.456233816666667,False,True,bicycle,electric_assist
2026-04-07T03:53:32Z,felyx,felyx:e219d54c320e,51.921405233333346,4.408504500000001,False,True,bicycle,electric_assist
2026-04-07T03:53:32Z,felyx,felyx:f21adf311c67,51.91037983333334,4.450216516666666,False,True,bicycle,electric_assist
2026-04-07T03:53:32Z,felyx,felyx:55116fb5a1a5,51.92462383333333,4.497388816666668,False,False,bicycle,electric_assist
2026-04-07T03:53:32Z,felyx,felyx:c3559404330f,51.92406463333332,4.5058147,False,False,bicycle,electric_assist
2026-04-07T03:53:32Z,felyx,felyx:311c0c48f3a7,51.86432401666667,4.475295616666667,False,False,bicycle,electric_assist
2026-04-07T03:53:32Z,felyx,felyx:02c9513e6741,51.95262603333334,4.473642616666667,False,False,bicycle,electric_assist
2026-04-07T03:53:32Z,felyx,felyx:5fded891344c,51.89587649999999,4.526170466666667,False,False,bicycle,electric_assist
2026-04-07T03:53:32Z,felyx,felyx:c1d309d4b0e4,51.92838343333332,4.491221516666667,False,False,bicycle,electric_assist
2026-04-07T03:53:32Z,felyx,felyx:e8412c9c99a9,51.898490716666664,4.5024659,False,False,bicycle,electric_assist
2026-04-07T03:53:32Z,felyx,felyx:ec933bbc2ca0,51.925712133333334,4.454742516666666,False,False,bicycle,electric_assist
2026-04-07T03:53:32Z,felyx,felyx:2dea129521f5,51.921319833333335,4.4518553166666655,False,True,bicycle,electric_assist
2026-04-07T03:53:32Z,felyx,felyx:00b05d0fc18f,51.960424933333336,4.5352589000000005,False,False,bicycle,electric_assist
2026-04-07T03:53:32Z,felyx,felyx:a9b0e340b851,51.91326613333334,4.391258916666666,False,False,bicycle,electric_assist
2026-04-07T03:53:32Z,felyx,felyx:37139674eb64,51.94663243333333,4.4551315166666665,False,False,bicycle,electric_assist
2026-04-07T03:53:32Z,felyx,felyx:ece12e16b382,51.92107943333334,4.4348404,False,True,bicycle,electric_assist
2026-04-07T03:53:32Z,felyx,felyx:0e3070b7e23a,51.89579520000001,4.508729533333334,False,True,bicycle,electric_assist
2026-04-07T03:53:32Z,felyx,felyx:1c6e83acdf47,51.89075041666666,4.5511353,False,False,bicycle,electric_assist
2026-04-07T03:53:32Z,felyx,felyx:3dc30ea84bf5,51.93557943333334,4.497817516666667,False,False,bicycle,electric_assist
2026-04-07T03:53:32Z,felyx,felyx:4094a01c67fc,51.916708833333324,4.446753216666666,False,True,bicycle,electric_assist
2026-04-07T03:53:32Z,felyx,felyx:f0d7e7f0b076,51.91740763333334,4.430020799999999,False,True,bicycle,electric_assist
2026-04-07T03:53:32Z,felyx,felyx:af8013ab5cb8,51.89187431666666,4.472004716666667,False,False,bicycle,electric_assist
2026-04-07T03:53:32Z,felyx,felyx:6c91161824e9,51.890629116666666,4.5143042,False,False,bicycle,electric_assist
2026-04-07T03:53:32Z,felyx,felyx:753f2086779d,51.89355461666667,4.471273216666666,False,False,bicycle,electric_assist
2026-04-07T03:53:32Z,felyx,felyx:46980e7f1ac4,51.91668513333334,4.486601016666667,False,False,bicycle,electric_assist
2026-04-07T03:53:32Z,felyx,felyx:f44a0879d49d,51.87901671666667,4.5075,False,False,bicycle,electric_assist
2026-04-07T03:53:32Z,felyx,felyx:9e36ce0bd262,51.928823033333344,4.4831383166666665,False,False,bicycle,electric_assist
2026-04-07T03:53:32Z,felyx,felyx:75eaf3f51384,51.92662633333333,4.5181679,False,False,bicycle,electric_assist
2026-04-07T03:53:32Z,felyx,felyx:2fdbd57f1959,51.904821633333334,4.4027747,False,False,bicycle,electric_assist
2026-04-07T03:53:32Z,felyx,felyx:f79dbab6f878,51.87890971666667,4.5081929,False,False,bicycle,electric_assist
2026-04-07T03:53:32Z,felyx,felyx:1eccb61b05e8,51.91948445,4.459811133333334,False,False,bicycle,electric_assist
2026-04-07T03:53:32Z,felyx,felyx:7a5f5d30cbac,51.92933553333334,4.5018774,False,False,bicycle,electric_assist
2026-04-07T03:53:32Z,felyx,felyx:adb41d2d30db,51.960920633333345,4.464060516666667,False,False,bicycle,electric_assist
2026-04-07T03:53:32Z,felyx,felyx:ba1200fc5cce,51.94995013333334,4.514391399999999,False,True,bicycle,electric_assist
2026-04-07T03:53:32Z,felyx,felyx:7a9d5ce87ebf,51.91198623333332,4.502554900000001,False,False,bicycle,electric_assist
2026-04-07T03:53:32Z,felyx,felyx:fbc66b56a36c,51.89319811666665,4.5522945,False,False,bicycle,electric_assist
2026-04-07T03:53:32Z,felyx,felyx:dec5371a9f01,51.90097073333334,4.478363116666668,False,False,bicycle,electric_assist
2026-04-07T03:53:32Z,felyx,felyx:12ec6c0e40a9,51.93584073333333,4.4376574,False,False,bicycle,electric_assist
2026-04-07T03:53:32Z,felyx,felyx:53e071bd0b04,51.92746193333335,4.380311216666667,False,True,bicycle,electric_assist
2026-04-07T03:53:32Z,felyx,felyx:95b7e6c52d49,51.92108523333333,4.456185916666667,False,False,bicycle,electric_assist
2026-04-07T03:53:32Z,felyx,felyx:50669793273b,51.937137299999996,4.478370650000001,False,False,bicycle,electric_assist
2026-04-07T03:53:32Z,felyx,felyx:9c3f9ac944a8,51.91756893333333,4.515005000000001,False,False,bicycle,electric_assist
2026-04-07T03:53:32Z,felyx,felyx:c78a0383a297,51.896774916666665,4.521701799999999,False,True,bicycle,electric_assist
2026-04-07T03:53:32Z,felyx,felyx:bb7b428a8539,51.914521533333335,4.4018856,False,False,bicycle,electric_assist
2026-04-07T03:53:32Z,felyx,felyx:a054eab328ce,51.93485873333334,4.374788716666666,False,False,bicycle,electric_assist
2026-04-07T03:53:32Z,felyx,felyx:fd8c37857e2c,51.890039416666674,4.583842599999999,False,True,bicycle,electric_assist
2026-04-07T03:53:32Z,felyx,felyx:82acef3cca4c,51.96324693333334,4.486923916666668,False,True,bicycle,electric_assist
2026-04-07T03:53:32Z,felyx,felyx:aa50fc85c51f,51.95916643333334,4.493495616666667,False,False,bicycle,electric_assist
2026-04-07T03:53:32Z,felyx,felyx:0e8a5a49893a,51.87890221666667,4.5081564,False,False,bicycle,electric_assist
2026-04-07T03:53:32Z,felyx,felyx:77075075a9ea,51.93848153333333,4.475073416666667,False,False,bicycle,electric_assist
2026-04-07T03:53:32Z,felyx,felyx:b2963c37334b,51.92296173333334,4.394657616666667,False,False,bicycle,electric_assist
2026-04-07T03:53:32Z,felyx,felyx:d308b5293345,51.94184853333332,4.5465619,False,True,bicycle,electric_assist
2026-04-07T03:53:32Z,felyx,felyx:fda58b6dd928,51.952346233333344,4.580533699999999,False,True,bicycle,electric_assist
2026-04-07T03:53:32Z,felyx,felyx:98c6dfc8234f,51.85410151666667,4.358306816666666,False,True,bicycle,electric_assist
2026-04-07T03:53:32Z,felyx,felyx:ca3b77e0537b,51.959012533333336,4.5051537,False,False,bicycle,electric_assist
2026-04-07T03:53:32Z,felyx,felyx:8431728cfefb,51.94527283333333,4.467577016666667,False,False,bicycle,electric_assist
2026-04-07T03:53:32Z,felyx,felyx:9c1ebdcc883e,51.87685751666667,4.5521942,False,True,bicycle,electric_assist
2026-04-07T03:53:32Z,felyx,felyx:f78f6eaf6d3e,51.963825633333336,4.5374137,False,True,bicycle,electric_assist
2026-04-07T03:53:32Z,felyx,felyx:32615bc084a8,51.93404903333333,4.4288065,False,False,bicycle,electric_assist
2026-04-07T03:53:32Z,felyx,felyx:045269bff45c,51.91778673333333,4.5180419999999994,False,False,bicycle,electric_assist
2026-04-07T03:53:32Z,felyx,felyx:5b9573e6f062,51.94784613333333,4.506069,False,True,bicycle,electric_assist
2026-04-07T03:53:32Z,felyx,felyx:a26157e890f6,51.959296033333345,4.556675,False,True,bicycle,electric_assist
2026-04-07T03:53:32Z,felyx,felyx:cb37aad00515,51.91805913333332,4.476002316666667,False,False,bicycle,electric_assist
2026-04-07T03:53:32Z,felyx,felyx:0d9c219e8c07,51.90726633333333,4.477252716666666,False,False,bicycle,electric_assist
2026-04-07T03:53:32Z,felyx,felyx:5ca6e0a8b358,51.930427433333335,4.4387322000000005,False,True,bicycle,electric_assist
2026-04-07T03:53:32Z,felyx,felyx:c9410d891b22,51.91101053333333,4.472776516666666,False,False,bicycle,electric_assist
2026-04-07T03:53:32Z,felyx,felyx:c1a2dc8ab593,51.92133093333333,4.4413983166666675,False,False,bicycle,electric_assist
2026-04-07T03:53:32Z,felyx,felyx:839340aafca9,51.90222263333333,4.461283516666667,False,False,bicycle,electric_assist
2026-04-07T03:53:32Z,felyx,felyx:446b619cac36,51.90915963333334,4.5198037,False,False,bicycle,electric_assist
2026-04-07T03:53:32Z,felyx,felyx:0cf5053dd6e5,51.90700663333333,4.473420416666666,False,True,bicycle,electric_assist
2026-04-07T03:53:32Z,felyx,felyx:15a20118c83a,51.88830206666666,4.4771739,False,False,bicycle,electric_assist
2026-04-07T03:53:32Z,felyx,felyx:ff76dffe1d55,51.933920333333326,4.5399028,False,True,bicycle,electric_assist
2026-04-07T03:53:32Z,felyx,felyx:9f60a485d6a8,51.902957433333334,4.5113623,False,True,bicycle,electric_assist
2026-04-07T03:53:32Z,felyx,felyx:4761409712c2,51.87893651666666,4.5082305,False,False,bicycle,electric_assist
2026-04-07T03:53:32Z,felyx,felyx:1d09df02139c,51.91278833333334,4.441990916666668,False,True,bicycle,electric_assist
2026-04-07T03:53:32Z,felyx,felyx:5f24d5d2b4c5,51.94346053333334,4.5391196,False,False,bicycle,electric_assist
2026-04-07T03:53:32Z,felyx,felyx:49472f072c31,51.963827133333346,4.570779399999999,False,True,bicycle,electric_assist
2026-04-07T03:53:32Z,felyx,felyx:e42cdb8eb5b8,51.94693313333333,4.4394608,False,False,bicycle,electric_assist
2026-04-07T03:53:32Z,felyx,felyx:fbfc4f304ade,51.91071873333334,4.510195599999999,False,False,bicycle,electric_assist
2026-04-07T03:53:32Z,felyx,felyx:2ab6eb80b25b,51.88275291666667,4.504305199999999,False,False,bicycle,electric_assist
2026-04-07T03:53:32Z,felyx,felyx:c124d1167a64,51.91947803333334,4.397553616666667,False,False,bicycle,electric_assist
2026-04-07T03:53:32Z,felyx,felyx:8ac44d2c87ad,51.921522933333335,4.452630316666668,False,False,bicycle,electric_assist
2026-04-07T03:53:32Z,felyx,felyx:2dccb8236d24,51.93094443333332,4.485479316666666,False,True,bicycle,electric_assist
2026-04-07T03:53:32Z,felyx,felyx:fe5ab601ad70,51.911126033333325,4.481818316666667,False,False,bicycle,electric_assist
2026-04-07T03:53:32Z,felyx,felyx:988979c5657b,51.93175103333333,4.4805048833333325,False,False,bicycle,electric_assist
2026-04-07T03:53:32Z,felyx,felyx:c4228edfa934,51.894417616666665,4.5020628,False,False,bicycle,electric_assist
2026-04-07T03:53:32Z,felyx,felyx:7a05ec1e0c63,51.95575183333334,4.578883899999999,False,True,bicycle,electric_assist
2026-04-07T03:53:32Z,felyx,felyx:fd3597a83cf3,51.95385803333335,4.5201247,False,False,bicycle,electric_assist
2026-04-07T03:53:32Z,felyx,felyx:bb308a271aa8,51.898935916666666,4.507067999999999,False,False,bicycle,electric_assist
2026-04-07T03:53:32Z,felyx,felyx:3a775af89382,51.88856340000001,4.5672583,False,True,bicycle,electric_assist
2026-04-07T03:53:32Z,felyx,felyx:9c3f85f8a7ed,51.93792413333333,4.5017025,False,False,bicycle,electric_assist
2026-04-07T03:53:32Z,felyx,felyx:29de538fac55,51.912243933333336,4.483001116666666,False,False,bicycle,electric_assist
2026-04-07T03:53:32Z,felyx,felyx:560d4e258106,51.871952416666666,4.5503715,False,True,bicycle,electric_assist
2026-04-07T03:53:32Z,felyx,felyx:8e518fe4d4fb,51.949233833333324,4.4325775,False,False,bicycle,electric_assist
2026-04-07T03:53:32Z,felyx,felyx:65dcc79d0755,51.92181433333334,4.412990400000001,False,True,bicycle,electric_assist
2026-04-07T03:53:32Z,felyx,felyx:15a01335066f,51.87373951666667,4.466318916666667,False,False,bicycle,electric_assist
2026-04-07T03:53:32Z,felyx,felyx:bd8614898f2b,51.910597333333335,4.475551616666667,False,False,bicycle,electric_assist
2026-04-07T03:53:32Z,felyx,felyx:5d589f52207f,51.92241876666667,4.483868616666667,False,False,bicycle,electric_assist
2026-04-07T03:53:32Z,felyx,felyx:21d6c81c6a81,51.96411733333332,4.5037385,False,False,bicycle,electric_assist
2026-04-07T03:53:32Z,felyx,felyx:a6bd50dcb917,51.905065316666665,4.401733383333333,False,True,bicycle,electric_assist
2026-04-07T03:53:32Z,felyx,felyx:fa289bb9f503,51.90792403333333,4.493534516666667,False,False,bicycle,electric_assist
2026-04-07T03:53:32Z,felyx,felyx:8c411796294d,51.94132243333334,4.4258294000000005,False,False,bicycle,electric_assist
2026-04-07T03:53:32Z,felyx,felyx:9724b50ade8c,51.934104533333326,4.429516199999999,False,False,bicycle,electric_assist
2026-04-07T03:53:32Z,felyx,felyx:e861750da4e0,51.90478133333332,4.4027701,False,True,bicycle,electric_assist
2026-04-07T03:53:32Z,felyx,felyx:483111ca3e4c,51.898137516666665,4.571684199999999,False,True,bicycle,electric_assist
2026-04-07T03:53:32Z,felyx,felyx:155dc8365db8,51.949230433333334,4.602194516666666,False,True,bicycle,electric_assist
2026-04-07T03:53:32Z,felyx,felyx:42af61642fad,51.95696883333334,4.472906116666667,False,False,bicycle,electric_assist
2026-04-07T03:53:32Z,felyx,felyx:cef8a4937d66,51.931239433333324,4.476157716666667,False,False,bicycle,electric_assist
2026-04-07T03:53:32Z,felyx,felyx:cff91235f3ac,51.961536333333335,4.478141416666666,False,False,bicycle,electric_assist
2026-04-07T03:53:32Z,felyx,felyx:e52652e3c3c8,51.91136063333334,4.379155916666667,False,False,bicycle,electric_assist
2026-04-07T03:53:32Z,felyx,felyx:cac02516da20,51.91281853333333,4.5108272,False,True,bicycle,electric_assist
2026-04-07T03:53:32Z,felyx,felyx:8f1d9714a7aa,51.93065813333332,4.4691856166666675,False,False,bicycle,electric_assist
2026-04-07T03:53:32Z,felyx,felyx:59cf7996bd7f,51.91826713333333,4.4227829000000005,False,False,bicycle,electric_assist
2026-04-07T03:53:32Z,felyx,felyx:0451fd766258,51.895015716666656,4.4896513166666665,False,False,bicycle,electric_assist
2026-04-07T03:53:32Z,felyx,felyx:50cc263bf274,51.91745013333332,4.422439000000001,False,False,bicycle,electric_assist
2026-04-07T03:53:32Z,felyx,felyx:27476c72a32f,51.929714533333325,4.479998916666666,False,False,bicycle,electric_assist
2026-04-07T03:53:32Z,felyx,felyx:61568a254d8d,51.87327891666667,4.489530216666665,False,False,bicycle,electric_assist
2026-04-07T03:53:32Z,felyx,felyx:b529f62ef536,51.96377773333334,4.5567552,False,True,bicycle,electric_assist
2026-04-07T03:53:32Z,felyx,felyx:c61f3b652842,51.90501288333333,4.510638566666666,False,False,bicycle,electric_assist
2026-04-07T03:53:32Z,felyx,felyx:e29f045a0eec,51.92436263333334,4.472581016666667,False,False,bicycle,electric_assist
2026-04-07T03:53:32Z,felyx,felyx:cbbbe984eab9,51.883173516666666,4.5029854,False,False,bicycle,electric_assist
2026-04-07T03:53:32Z,felyx,felyx:fd1d4bfee1d4,51.91000743333334,4.385858716666667,False,False,bicycle,electric_assist
2026-04-07T03:53:32Z,felyx,felyx:e79f28bdf686,51.88811981666666,4.493647616666666,False,False,bicycle,electric_assist
2026-04-07T03:53:32Z,felyx,felyx:b21b344003af,51.99369113333334,4.481150516666666,False,True,bicycle,electric_assist
2026-04-07T03:53:32Z,felyx,felyx:27cece04862b,51.91034953333333,4.375759016666667,False,False,bicycle,electric_assist
2026-04-07T03:53:32Z,felyx,felyx:c72a671e53ed,51.91154403333333,4.478484816666667,False,False,bicycle,electric_assist
2026-04-07T03:53:32Z,felyx,felyx:9b77e6c445da,51.96167288333332,4.5437500166666664,False,True,bicycle,electric_assist
2026-04-07T03:53:32Z,felyx,felyx:cc4e40254a48,51.918301533333334,4.484917416666667,False,True,bicycle,electric_assist
2026-04-07T03:53:32Z,felyx,felyx:3d65aa90d448,51.91699953333334,4.5180880000000005,False,False,bicycle,electric_assist
2026-04-07T03:53:32Z,felyx,felyx:420c9d12eaf5,51.912243133333334,4.483052316666666,False,False,bicycle,electric_assist
2026-04-07T03:53:32Z,felyx,felyx:b05e4a9c427a,51.92852593333333,4.363679316666667,False,True,bicycle,electric_assist
2026-04-07T03:53:32Z,felyx,felyx:3140fed7b8cb,51.923361533333335,4.484697616666666,False,False,bicycle,electric_assist
2026-04-07T03:53:32Z,felyx,felyx:41fe28c3cf8f,51.928486133333344,4.370878816666665,False,False,bicycle,electric_assist
2026-04-07T03:53:32Z,felyx,felyx:4af15c1e6c4f,51.949263833333326,4.432584899999999,False,False,bicycle,electric_assist
2026-04-07T03:53:32Z,felyx,felyx:0c0b997b6372,51.91454673333332,4.4019756,False,False,bicycle,electric_assist
2026-04-07T03:53:32Z,felyx,felyx:f875f78c5838,51.91098073333332,4.498301316666667,False,True,bicycle,electric_assist
2026-04-07T03:53:32Z,felyx,felyx:d1cde6324a84,51.911431033333336,4.4371897,False,True,bicycle,electric_assist
2026-04-07T03:53:32Z,felyx,felyx:ccd6dec29f48,51.89355381666667,4.493684316666667,False,False,bicycle,electric_assist
2026-04-07T03:53:32Z,felyx,felyx:b15315c3b55e,51.90927463333334,4.4824393166666665,False,True,bicycle,electric_assist
2026-04-07T03:53:32Z,felyx,felyx:bced839e8241,51.87480061666667,4.490113516666668,False,False,bicycle,electric_assist
2026-04-07T03:53:32Z,felyx,felyx:f60b484fa26d,51.92845573333334,4.370787016666666,False,False,bicycle,electric_assist
2026-04-07T03:53:32Z,felyx,felyx:b3ec77bb817b,51.91668373333333,4.472817016666666,False,False,bicycle,electric_assist
2026-04-07T03:53:32Z,felyx,felyx:fbceea9c72be,51.90450973333332,4.4069733,False,False,bicycle,electric_assist
2026-04-07T03:53:32Z,felyx,felyx:dd6da872e981,51.87391621666668,4.474124916666667,False,True,bicycle,electric_assist
2026-04-07T03:53:32Z,felyx,felyx:021333996c7f,51.911357333333335,4.391259116666666,False,True,bicycle,electric_assist
2026-04-07T03:53:32Z,felyx,felyx:8c67d928ffdb,51.94678953333333,4.560739,False,True,bicycle,electric_assist
2026-04-07T03:53:32Z,felyx,felyx:6a6d8136f54b,51.920227633333326,4.414065000000001,False,False,bicycle,electric_assist
2026-04-07T03:53:32Z,felyx,felyx:441d15dbf331,51.88489761666666,4.522838699999999,False,False,bicycle,electric_assist
2026-04-07T03:53:32Z,felyx,felyx:2cff7acad65d,51.93796763333333,4.465058316666668,False,False,bicycle,electric_assist
2026-04-07T03:53:32Z,felyx,felyx:437c546dd766,51.89103621666666,4.500948999999999,False,False,bicycle,electric_assist
2026-04-07T03:53:32Z,felyx,felyx:25f5e99c9b20,51.90707823333334,4.450265516666668,False,False,bicycle,electric_assist
2026-04-07T03:53:32Z,felyx,felyx:7898b42c865b,51.91223763333334,4.483006716666667,False,True,bicycle,electric_assist
2026-04-07T03:53:32Z,felyx,felyx:78be15998a1a,51.88061941666666,4.5318711999999985,False,True,bicycle,electric_assist
2026-04-07T03:53:32Z,felyx,felyx:fea9a48e3a22,51.91256783333333,4.456894616666667,False,False,bicycle,electric_assist
2026-04-07T03:53:32Z,felyx,felyx:20719d7781c5,51.935786533333335,4.4377042,False,False,bicycle,electric_assist
2026-04-07T03:53:32Z,felyx,felyx:9857d5fae64e,51.893170316666655,4.491207816666666,False,False,bicycle,electric_assist
2026-04-07T03:53:32Z,felyx,felyx:514a6f51c879,51.943472833333324,4.4225897000000005,False,False,bicycle,electric_assist
2026-04-07T03:53:32Z,felyx,felyx:72f3c3381510,51.90884903333333,4.478632516666668,False,True,bicycle,electric_assist
2026-04-07T03:53:32Z,felyx,felyx:bf041f381e06,51.91172093333333,4.383684716666667,False,False,bicycle,electric_assist
2026-04-07T03:53:32Z,felyx,felyx:8f75493c4ee8,51.923020650000005,4.457239116666667,False,False,bicycle,electric_assist
2026-04-07T03:53:32Z,felyx,felyx:7a7210934197,51.92026633333333,4.389340416666667,False,True,bicycle,electric_assist
2026-04-07T03:53:32Z,felyx,felyx:6cbb27bd4ff6,51.87003041666667,4.481770216666666,False,False,bicycle,electric_assist
2026-04-07T03:53:32Z,felyx,felyx:bb979af0f966,51.929673733333324,4.474416016666666,False,False,bicycle,electric_assist
2026-04-07T03:53:32Z,felyx,felyx:88ebccdb9700,51.91609043333332,4.5256259,False,False,bicycle,electric_assist
2026-04-07T03:53:32Z,felyx,felyx:669a4c1bd0cc,51.90482293333333,4.402801299999999,False,True,bicycle,electric_assist
2026-04-07T03:53:32Z,felyx,felyx:856db2c07234,51.93767313333332,4.470799316666666,False,False,bicycle,electric_assist
2026-04-07T03:53:32Z,felyx,felyx:3578b3b77ecb,51.91743783333333,4.5154594,False,False,bicycle,electric_assist
2026-04-07T03:53:32Z,felyx,felyx:4fb2dddf302d,51.927879733333334,4.418868699999999,False,False,bicycle,electric_assist
2026-04-07T03:53:32Z,felyx,felyx:4a3eef13074a,51.892133916666666,4.5696292000000005,False,True,bicycle,electric_assist
2026-04-07T03:53:32Z,felyx,felyx:37aa9f241bb2,51.87037891666667,4.471879616666667,False,False,bicycle,electric_assist
2026-04-07T03:53:32Z,felyx,felyx:b25075e15428,51.91683161666667,4.4914623,False,False,bicycle,electric_assist
2026-04-07T03:53:32Z,felyx,felyx:19143b6cc825,51.92552993333334,4.466593416666667,False,False,bicycle,electric_assist
2026-04-07T03:53:32Z,felyx,felyx:7399563a3181,51.931354033333335,4.4276429,False,False,bicycle,electric_assist
2026-04-07T03:53:32Z,felyx,felyx:d0eb4f2ba550,51.93382653333333,4.496475816666666,False,False,bicycle,electric_assist
2026-04-07T03:53:32Z,felyx,felyx:aee5a20d7f81,51.929008933333336,4.4931770166666665,False,False,bicycle,electric_assist
2026-04-07T03:53:32Z,check,check:a354f6608dd6,51.93234,4.438139,False,False,bicycle,electric_assist
2026-04-07T03:53:32Z,check,check:dd0cb8dc6498,51.963317,4.534309,False,False,bicycle,electric_assist
2026-04-07T03:53:32Z,check,check:280adfa4c286,51.925924,4.460209,False,False,bicycle,electric_assist
2026-04-07T03:53:32Z,check,check:21dff6f1facd,51.916489,4.446375,False,False,bicycle,electric_assist
2026-04-07T03:53:32Z,check,check:2bd771f17b36,51.91619,4.527047,False,False,bicycle,electric_assist
2026-04-07T03:53:32Z,check,check:1da40677e764,51.912447,4.430473,False,True,bicycle,electric_assist
2026-04-07T03:53:32Z,check,check:d95249ca06ac,51.949282,4.432688,False,False,bicycle,electric_assist
2026-04-07T03:53:32Z,check,check:0730f1809bb9,51.956789,4.5319,False,False,bicycle,electric_assist
2026-04-07T03:53:32Z,check,check:db0318b8e039,51.916094,4.526938,False,False,bicycle,electric_assist
2026-04-07T03:53:32Z,check,check:d6ef61f4aebd,51.95409,4.508077,False,False,bicycle,electric_assist
2026-04-07T03:53:32Z,check,check:1b84f40988f1,51.89689,4.523552,False,False,bicycle,electric_assist
2026-04-07T03:53:32Z,check,check:1eec05e01c71,51.93695,4.427703,False,False,bicycle,electric_assist
2026-04-07T03:53:32Z,check,check:c74d404e3322,51.936711,4.465032,False,False,bicycle,electric_assist
2026-04-07T03:53:32Z,check,check:2f42751ad1f1,51.916028,4.526902,False,False,bicycle,electric_assist
2026-04-07T03:53:32Z,check,check:5221d19a7033,51.965028,4.503942,False,False,bicycle,electric_assist
2026-04-07T03:53:32Z,check,check:c893445148d2,51.917239,4.523346,False,False,bicycle,electric_assist
2026-04-07T03:53:32Z,check,check:5b16221bd960,51.903205,4.44076,False,False,bicycle,electric_assist
2026-04-07T03:53:32Z,check,check:ff432ccce774,51.943564,4.537299,False,False,bicycle,electric_assist
2026-04-07T03:53:32Z,check,check:90aaed7358a8,51.934983,4.456891,False,False,bicycle,electric_assist
2026-04-07T03:53:32Z,check,check:83aaeac45af7,51.949241,4.432628,False,False,bicycle,electric_assist
2026-04-07T03:53:32Z,check,check:592dc9c0604f,51.928039,4.469052,False,False,bicycle,electric_assist
2026-04-07T03:53:32Z,check,check:46d521a597ef,51.938764,4.467585,False,False,bicycle,electric_assist
2026-04-07T03:53:32Z,check,check:681a617fc256,51.899544,4.504341,False,False,bicycle,electric_assist
2026-04-07T03:53:32Z,check,check:fef673802f25,51.91604,4.526972,False,False,bicycle,electric_assist
2026-04-07T03:53:32Z,check,check:1744178325d3,51.91784,4.518086,False,False,bicycle,electric_assist
2026-04-07T03:53:32Z,check,check:ebaef5a2d7d0,51.927504,4.518154,False,False,bicycle,electric_assist
2026-04-07T03:53:32Z,check,check:a021c7ae6ff9,51.871789,4.48869,False,False,bicycle,electric_assist
2026-04-07T03:53:32Z,check,check:fd66fbd89a01,51.916,4.527,False,False,bicycle,electric_assist
2026-04-07T03:53:32Z,check,check:555248298dec,51.918734,4.464763,False,False,bicycle,electric_assist
2026-04-07T03:53:32Z,check,check:1d1459e5f83c,51.911316,4.524684,False,False,bicycle,electric_assist
2026-04-07T03:53:32Z,check,check:f75018cbf962,51.932472,4.471668,False,False,bicycle,electric_assist
2026-04-07T03:53:32Z,check,check:144ec193c78e,51.957447,4.49072,False,False,bicycle,electric_assist
2026-04-07T03:53:32Z,check,check:62765a3cc6f1,51.894043,4.527521,False,False,bicycle,electric_assist
2026-04-07T03:53:32Z,check,check:2dbe704cac55,51.9321,4.438139,False,False,bicycle,electric_assist
2026-04-07T03:53:32Z,check,check:c07a831d132b,51.906211,4.476903,False,False,bicycle,electric_assist
2026-04-07T03:53:32Z,check,check:e13901dc15dd,51.94927,4.432674,False,False,bicycle,electric_assist
2026-04-07T03:53:32Z,check,check:7d26d2540d91,51.911571,4.478563,False,False,bicycle,electric_assist
2026-04-07T03:53:32Z,check,check:09559d91e3e1,51.939384,4.54908,False,False,bicycle,electric_assist
2026-04-07T03:53:32Z,check,check:215b60902743,51.923619,4.485806,False,False,bicycle,electric_assist
2026-04-07T03:53:32Z,check,check:443f7e10a5dc,51.94066,4.556914,False,True,bicycle,electric_assist
2026-04-07T03:53:32Z,check,check:5bf2a4b3d179,51.880631,4.531949,False,False,bicycle,electric_assist
2026-04-07T03:53:32Z,check,check:e46efc5b7254,51.966084,4.502214,False,False,bicycle,electric_assist
2026-04-07T03:53:32Z,check,check:bc015a79f72b,51.96865,4.48473,False,False,bicycle,electric_assist
2026-04-07T03:53:32Z,check,check:a523ecb0313d,51.917079,4.523276,False,False,bicycle,electric_assist
2026-04-07T03:53:32Z,check,check:490d3dd5492e,51.909286,4.445924,False,False,bicycle,electric_assist
2026-04-07T03:53:32Z,check,check:9009fa794d07,51.910949,4.490376,False,False,bicycle,electric_assist
2026-04-07T03:53:32Z,check,check:67bee7cd2829,51.940642,4.557003,False,False,bicycle,electric_assist
2026-04-07T03:53:32Z,check,check:7ed68d3ec4d8,51.955423,4.457992,False,False,bicycle,electric_assist
2026-04-07T03:53:32Z,check,check:9fca9690fa4d,51.920924,4.498184,False,False,bicycle,electric_assist
2026-04-07T03:53:32Z,check,check:3774dab4ca22,51.902247,4.502539,False,False,bicycle,electric_assist
2026-04-07T03:53:32Z,check,check:7674a5e4bfc0,51.962677,4.47296,False,False,bicycle,electric_assist
2026-04-07T03:53:32Z,check,check:157a5e96491f,51.954456,4.47517,False,False,bicycle,electric_assist
2026-04-07T03:53:32Z,check,check:fa802aa3fb3b,51.91605,4.52694,False,False,bicycle,electric_assist
2026-04-07T03:53:32Z,check,check:27b7db236d15,51.906946,4.444421,False,False,bicycle,electric_assist
2026-04-07T03:53:32Z,check,check:e82880276642,51.936567,4.499569,False,False,bicycle,electric_assist
2026-04-07T03:53:32Z,check,check:f30c1c6ca8cb,51.955033,4.539283,False,False,bicycle,electric_assist
2026-04-07T03:53:32Z,check,check:41a3582df2c9,51.885404,4.48633,False,False,bicycle,electric_assist
2026-04-07T03:53:32Z,check,check:e91fdf949c83,51.927807,4.518931,False,False,bicycle,electric_assist
2026-04-07T03:53:32Z,check,check:6be0e6afe1ac,51.891923,4.501395,False,False,bicycle,electric_assist
2026-04-07T03:53:32Z,check,check:450d1b951cea,51.919284,4.44244,False,False,bicycle,electric_assist
2026-04-07T03:53:32Z,check,check:efd36c6d372f,51.909708,4.463976,False,False,bicycle,electric_assist
2026-04-07T03:53:32Z,check,check:250f7dbf4b4e,51.949265,4.43273,False,False,bicycle,electric_assist
2026-04-07T03:53:32Z,check,check:136e7420a906,51.921689,4.493014,False,False,bicycle,electric_assist
2026-04-07T03:53:32Z,check,check:dcd3868e3cb4,51.877012,4.469989,False,False,bicycle,electric_assist
2026-04-07T03:53:32Z,check,check:4350529ec6be,51.958739,4.480933,False,False,bicycle,electric_assist
2026-04-07T03:53:32Z,check,check:eabb2bbf9df9,51.924126,4.49087,False,False,bicycle,electric_assist
2026-04-07T03:53:32Z,check,check:ac00f6105e4d,51.890299,4.476222,False,False,bicycle,electric_assist
2026-04-07T03:53:32Z,check,check:552e6909f09f,51.886439,4.549347,False,False,bicycle,electric_assist
2026-04-07T03:53:32Z,check,check:c231d9fb8886,51.893545,4.526089,False,False,bicycle,electric_assist
2026-04-07T03:53:32Z,check,check:00e7569e5167,51.916053,4.526921,False,False,bicycle,electric_assist
2026-04-07T03:53:32Z,check,check:29824d806208,51.92549,4.508549,False,False,bicycle,electric_assist
2026-04-07T03:53:32Z,check,check:78d33aa1785f,51.91908,4.418254,False,False,bicycle,electric_assist
2026-04-07T03:53:32Z,check,check:f84a922ddebd,51.905411,4.4551,False,False,bicycle,electric_assist
2026-04-07T03:53:32Z,check,check:062431bb45b5,51.937936,4.486071,False,False,bicycle,electric_assist
2026-04-07T03:53:32Z,check,check:7a5472d5dcba,51.904076,4.443235,False,False,bicycle,electric_assist
2026-04-07T03:53:32Z,check,check:86d31bb8df91,51.923425,4.51358,False,False,bicycle,electric_assist
2026-04-07T03:53:32Z,check,check:4cbd8d86cf9c,51.908378,4.493688,False,True,bicycle,electric_assist
2026-04-07T03:53:32Z,check,check:fc40365c37b4,51.949256,4.432655,False,False,bicycle,electric_assist
2026-04-07T03:53:32Z,check,check:5e8ef02a9b11,51.945098,4.541802,False,False,bicycle,electric_assist
2026-04-07T03:53:32Z,check,check:8ac84530bdc1,51.912178,4.494566,False,False,bicycle,electric_assist
2026-04-07T03:53:32Z,check,check:67caedd62498,51.915983,4.526927,False,False,bicycle,electric_assist
2026-04-07T03:53:32Z,check,check:d3360d61efe9,51.919673,4.465844,False,False,bicycle,electric_assist
2026-04-07T03:53:32Z,check,check:24f715d2d14e,51.925951,4.541592,False,False,bicycle,electric_assist
2026-04-07T03:53:32Z,check,check:8670f6f34111,51.886467,4.54931,False,False,bicycle,electric_assist
2026-04-07T03:53:32Z,check,check:43188588f222,51.943913,4.539836,False,False,bicycle,electric_assist
2026-04-07T03:53:32Z,check,check:28c79a6510ee,51.922326,4.502455,False,False,bicycle,electric_assist
2026-04-07T03:53:32Z,check,check:d38c80c873dc,51.945444,4.476767,False,False,bicycle,electric_assist
2026-04-07T03:53:32Z,check,check:83ec77bf6ea9,51.905867,4.487275,False,False,bicycle,electric_assist
2026-04-07T03:53:32Z,check,check:372b3ff1e789,51.922447,4.434851,False,False,bicycle,electric_assist
2026-04-07T03:53:32Z,check,check:0708ce24db44,51.94829,4.566534,False,False,bicycle,electric_assist
2026-04-07T03:53:32Z,check,check:62c09d37a82f,51.95856,4.463421,False,False,bicycle,electric_assist
2026-04-07T03:53:32Z,check,check:279e59ffaf12,51.89535,4.489355,False,False,bicycle,electric_assist
2026-04-07T03:53:32Z,check,check:10c1074314ed,51.905054,4.488124,False,False,bicycle,electric_assist
2026-04-07T03:53:32Z,check,check:730dd5135123,51.962302,4.490421,False,False,bicycle,electric_assist
2026-04-07T03:53:32Z,check,check:4c7e4ba0354f,51.933589,4.497909,False,False,bicycle,electric_assist
2026-04-07T03:53:32Z,check,check:21f7dceba10e,51.92774,4.509084,False,False,bicycle,electric_assist
2026-04-07T03:53:32Z,check,check:4a6a468040ee,51.950218,4.515329,False,False,bicycle,electric_assist
2026-04-07T03:53:32Z,check,check:f78ea9a546d8,51.889599,4.506896,False,False,bicycle,electric_assist
2026-04-07T03:53:32Z,check,check:e34b1b9b97d9,51.915915,4.475921,False,False,bicycle,electric_assist
2026-04-07T03:53:32Z,check,check:f21b1cf34436,51.934655,4.436355,False,False,bicycle,electric_assist
2026-04-07T03:53:32Z,check,check:f8785b55715e,51.910841,4.55389,False,False,bicycle,electric_assist
2026-04-07T03:53:32Z,check,check:ea8f28a4c222,51.937336,4.462675,False,False,bicycle,electric_assist
2026-04-07T03:53:32Z,check,check:c20e615de8c5,51.912809,4.522168,False,False,bicycle,electric_assist
2026-04-07T03:53:32Z,check,check:75a4d54db755,51.917107,4.523279,False,False,bicycle,electric_assist
2026-04-07T03:53:32Z,check,check:bde04d982788,51.955095,4.512443,False,False,bicycle,electric_assist
2026-04-07T03:53:32Z,check,check:6dbfe45bcdf9,51.956091,4.520255,False,False,bicycle,electric_assist
2026-04-07T03:53:32Z,check,check:8127c49c0bec,51.920899,4.498246,False,False,bicycle,electric_assist
2026-04-07T03:53:32Z,check,check:afdcd96a9c7f,51.91266,4.477863,False,False,bicycle,electric_assist
2026-04-07T03:53:32Z,check,check:4e364b9b17a2,51.927657,4.547366,False,False,bicycle,electric_assist
2026-04-07T03:53:32Z,check,check:1a290aa61b32,51.965949,4.470591,False,False,bicycle,electric_assist
2026-04-07T03:53:32Z,check,check:68820de1cb44,51.931781,4.564079,False,False,bicycle,electric_assist
2026-04-07T03:53:32Z,check,check:c14a39d9ba76,51.948355,4.566413,False,False,bicycle,electric_assist
2026-04-07T03:53:32Z,check,check:0350001f2c68,51.912106,4.462198,False,False,bicycle,electric_assist
2026-04-07T03:53:32Z,check,check:88a34eed5dcd,51.919878,4.447972,False,False,bicycle,electric_assist
2026-04-07T03:53:32Z,check,check:dec97625a19f,51.963482,4.485602,False,False,bicycle,electric_assist
2026-04-07T03:53:32Z,check,check:dbfffb403954,51.957736,4.48785,False,False,bicycle,electric_assist
2026-04-07T03:53:32Z,check,check:0d87f8352afd,51.896219,4.499861,False,False,bicycle,electric_assist
2026-04-07T03:53:32Z,check,check:85d154093505,51.901387,4.503778,False,False,bicycle,electric_assist
2026-04-07T03:53:32Z,check,check:d5b689818ca8,51.920948,4.526305,False,False,bicycle,electric_assist
2026-04-07T03:53:32Z,check,check:d27b0eabaeed,51.903763,4.454999,False,False,bicycle,electric_assist
2026-04-07T03:53:32Z,check,check:73376ca528bf,51.917323,4.447587,False,False,bicycle,electric_assist
2026-04-07T03:53:32Z,check,check:718e47fc403a,51.917834,4.445139,False,False,bicycle,electric_assist
2026-04-07T03:53:32Z,check,check:d03fc9964507,51.920064,4.48992,False,False,bicycle,electric_assist
2026-04-07T03:53:32Z,check,check:df12ff2b6af3,51.919013,4.444335,False,False,bicycle,electric_assist
2026-04-07T03:53:32Z,check,check:b1880be23eed,51.960727,4.491372,False,False,bicycle,electric_assist
2026-04-07T03:53:32Z,check,check:4d1222a2bf25,51.916045,4.526872,False,False,bicycle,electric_assist
2026-04-07T03:53:32Z,check,check:f9f8f369df4c,51.958962,4.471612,False,False,bicycle,electric_assist
2026-04-07T03:53:32Z,check,check:68b3c565e2b1,51.92267,4.497685,False,False,bicycle,electric_assist
2026-04-07T03:53:32Z,check,check:99d70126893d,51.919298,4.442456,False,False,bicycle,electric_assist
2026-04-07T03:53:32Z,check,check:13748bd658e8,51.911332,4.504786,False,False,bicycle,electric_assist
2026-04-07T03:53:32Z,check,check:3137228ff660,51.911974,4.51145,False,False,bicycle,electric_assist
2026-04-07T03:53:32Z,check,check:b5906a6f1852,51.906276,4.487495,False,False,bicycle,electric_assist
2026-04-07T03:53:32Z,check,check:1552da1efbe7,51.929543,4.460514,False,False,bicycle,electric_assist
2026-04-07T03:53:32Z,check,check:e82faa44ad64,51.880349,4.536032,False,False,bicycle,electric_assist
2026-04-07T03:53:32Z,check,check:7aaab32bbefc,51.927809,4.460952,False,False,bicycle,electric_assist
2026-04-07T03:53:32Z,check,check:1129461e946f,51.873485,4.475396,False,False,bicycle,electric_assist
2026-04-07T03:53:32Z,check,check:beff37ad6dd5,51.962701,4.472935,False,False,bicycle,electric_assist
2026-04-07T03:53:32Z,check,check:4d4dbd3bcee8,51.884846,4.471775,False,False,bicycle,electric_assist
2026-04-07T03:53:32Z,check,check:cf8b4aa8cf4f,51.962731,4.472874,False,False,bicycle,electric_assist
2026-04-07T03:53:32Z,check,check:5da0f08964de,51.915871,4.500298,False,False,bicycle,electric_assist
2026-04-07T03:53:32Z,check,check:1fa6688e36c2,51.908871,4.478654,True,False,bicycle,electric_assist
2026-04-07T03:53:32Z,check,check:aacaa72439c9,51.885424,4.486332,False,False,bicycle,electric_assist
2026-04-07T03:53:32Z,check,check:96311114622f,51.936888,4.497184,False,False,bicycle,electric_assist
2026-04-07T03:53:32Z,check,check:1953cfe20794,51.95918,4.493602,False,False,bicycle,electric_assist
2026-04-07T03:53:32Z,check,check:facad6355b1e,51.929835,4.543117,False,False,bicycle,electric_assist
2026-04-07T03:53:32Z,check,check:5ba1f286efca,51.934138,4.483046,False,False,bicycle,electric_assist
2026-04-07T03:53:32Z,check,check:1c6871d96eab,51.911029,4.501361,False,False,bicycle,electric_assist
2026-04-07T03:53:32Z,check,check:87e08331659a,51.89305,4.539209,False,False,bicycle,electric_assist
2026-04-07T03:53:32Z,check,check:879072dd0360,51.960569,4.477246,False,False,bicycle,electric_assist
2026-04-07T03:53:32Z,check,check:796b071def9a,51.92512,4.489492,False,False,bicycle,electric_assist
2026-04-07T03:53:32Z,check,check:423336b300dc,51.908065,4.500368,False,False,bicycle,electric_assist
2026-04-07T03:53:32Z,check,check:d1190e95a362,51.930259,4.483685,False,False,bicycle,electric_assist
2026-04-07T03:53:32Z,check,check:eff0c26387ea,51.93698,4.427652,False,False,bicycle,electric_assist
2026-04-07T03:53:32Z,check,check:e738a7445746,51.875636,4.494178,False,False,bicycle,electric_assist
2026-04-07T03:53:32Z,check,check:58962bd5c95f,51.95834,4.488492,False,False,bicycle,electric_assist
2026-04-07T03:53:32Z,check,check:76ea94ceb5a1,51.918321,4.484045,False,False,bicycle,electric_assist
2026-04-07T03:53:32Z,check,check:fe743e42bc27,51.922261,4.488886,False,False,bicycle,electric_assist
2026-04-07T03:53:32Z,check,check:34344abadd9c,51.919367,4.465759,False,False,bicycle,electric_assist
2026-04-07T03:53:32Z,check,check:03fafe85069b,51.913322,4.43252,False,False,bicycle,electric_assist
2026-04-07T03:53:32Z,check,check:7a7faf51490b,51.906485,4.525618,False,False,bicycle,electric_assist
2026-04-07T03:53:32Z,check,check:8b22ee0e9af6,51.919333,4.526953,False,False,bicycle,electric_assist
2026-04-07T03:53:32Z,check,check:11a8d5a56685,51.916169,4.526936,False,False,bicycle,electric_assist
2026-04-07T03:53:32Z,check,check:ec8d6aed7682,51.916327,4.425554,False,False,bicycle,electric_assist
2026-04-07T03:53:32Z,check,check:d448cd3074f9,51.904067,4.443287,False,False,bicycle,electric_assist
2026-04-07T03:53:32Z,check,check:689a3631c0d0,51.937883,4.501679,False,False,bicycle,electric_assist
2026-04-07T03:53:32Z,check,check:8af33a192dfb,51.918706,4.449142,False,False,bicycle,electric_assist
2026-04-07T03:53:32Z,check,check:b6b3ef31755f,51.905564,4.476616,False,False,bicycle,electric_assist
2026-04-07T03:53:32Z,check,check:9dfdc91453bd,51.908833,4.494135,False,False,bicycle,electric_assist
2026-04-07T03:53:32Z,check,check:352553e615a6,51.929197,4.505268,False,False,bicycle,electric_assist
2026-04-07T03:53:32Z,check,check:f61fabd98bf8,51.894555,4.55319,False,False,bicycle,electric_assist
2026-04-07T03:53:32Z,check,check:0e0da09a06af,51.925916,4.541586,False,False,bicycle,electric_assist
2026-04-07T03:53:32Z,check,check:31a0e54fa80e,51.968649,4.484741,False,False,bicycle,electric_assist
2026-04-07T03:53:32Z,check,check:956eeb048bc6,51.949605,4.541975,False,False,bicycle,electric_assist
2026-04-07T03:53:32Z,check,check:5e881ea78b7c,51.897876,4.502425,False,False,bicycle,electric_assist
2026-04-07T03:53:32Z,check,check:8b61c67e937c,51.909906,4.499752,False,False,bicycle,electric_assist
2026-04-07T03:53:32Z,check,check:ef8f2329b407,51.878493,4.519102,False,False,bicycle,electric_assist
2026-04-07T03:53:32Z,check,check:061dc38e7607,51.939364,4.549043,False,False,bicycle,electric_assist
2026-04-07T03:53:32Z,check,check:40abf35546ee,51.954093,4.508045,False,False,bicycle,electric_assist
2026-04-07T03:53:32Z,check,check:ad320b92e209,51.869792,4.4869,False,False,bicycle,electric_assist
2026-04-07T03:53:32Z,check,check:44d1cdb374dd,51.93867,4.482137,False,False,bicycle,electric_assist
2026-04-07T03:53:32Z,check,check:f72aaeac12c2,51.910894,4.497866,False,False,bicycle,electric_assist
2026-04-07T03:53:32Z,check,check:9f3c67c5a6ad,51.911796,4.435933,False,False,bicycle,electric_assist
2026-04-07T03:53:32Z,check,check:002ee7064698,51.916089,4.526945,False,False,bicycle,electric_assist
2026-04-07T03:53:32Z,check,check:bfd1c9a7abd7,51.916062,4.526946,False,False,bicycle,electric_assist
2026-04-07T03:53:32Z,check,check:39a312750b13,51.916126,4.526989,False,False,bicycle,electric_assist
2026-04-07T03:53:32Z,check,check:7d909ae40f09,51.916036,4.526981,False,False,bicycle,electric_assist
2026-04-07T03:53:32Z,check,check:59f97f16aa29,51.911833,4.435887,False,False,bicycle,electric_assist
2026-04-07T03:53:32Z,check,check:d5d055fc6882,51.902935,4.511252,False,False,bicycle,electric_assist
2026-04-07T03:53:32Z,check,check:789cda9396b7,51.916084,4.526801,False,False,bicycle,electric_assist
2026-04-07T03:53:32Z,check,check:18541387c93f,51.906207,4.475574,False,False,bicycle,electric_assist
2026-04-07T03:53:32Z,check,check:d2e6658e6419,51.880377,4.535926,False,False,bicycle,electric_assist
2026-04-07T03:53:32Z,check,check:2932cd5a5032,51.949974,4.471401,False,False,bicycle,electric_assist
2026-04-07T03:53:32Z,check,check:76270959d850,51.931778,4.564038,False,False,bicycle,electric_assist
2026-04-07T03:53:32Z,check,check:727971675719,51.933593,4.477557,False,False,bicycle,electric_assist
2026-04-07T03:53:32Z,check,check:ba057502e0eb,51.933901,4.539915,False,False,bicycle,electric_assist
2026-04-07T03:53:32Z,check,check:98f571d39c73,51.891849,4.487593,False,False,bicycle,electric_assist
2026-04-07T03:53:32Z,check,check:a344900bcfdf,51.89355,4.526071,False,False,bicycle,electric_assist
2026-04-07T03:53:32Z,check,check:a7e663e20b5e,51.917554,4.487161,False,False,bicycle,electric_assist
2026-04-07T03:53:32Z,check,check:c39416b9a851,51.892369,4.530717,False,False,bicycle,electric_assist
2026-04-07T03:53:32Z,check,check:57a2dd172dfc,51.915706,4.499278,False,False,bicycle,electric_assist
2026-04-07T03:53:32Z,check,check:077f7430a2b8,51.92093,4.509975,False,False,bicycle,electric_assist
2026-04-07T03:53:32Z,check,check:59d17e6ab237,51.916043,4.526997,False,False,bicycle,electric_assist
2026-04-07T03:53:32Z,check,check:bac2844d3915,51.921501,4.505867,False,False,bicycle,electric_assist
2026-04-07T03:53:32Z,check,check:e5e24ad92ed0,51.925326,4.4927,False,False,bicycle,electric_assist
2026-04-07T03:53:32Z,check,check:90c1e488ad4d,51.920688,4.47655,False,False,bicycle,electric_assist
2026-04-07T03:53:32Z,check,check:5500a5f1554b,51.916214,4.527028,False,False,bicycle,electric_assist
2026-04-07T03:53:32Z,check,check:8a56b8c37e94,51.943658,4.469631,False,False,bicycle,electric_assist
2026-04-07T03:53:32Z,check,check:fdda09127d92,51.909522,4.444662,False,False,bicycle,electric_assist
2026-04-07T03:53:32Z,check,check:d505a4734380,51.917145,4.523281,False,False,bicycle,electric_assist
2026-04-07T03:53:32Z,check,check:8918a6cfaac2,51.895484,4.486836,False,False,bicycle,electric_assist
2026-04-07T03:53:32Z,check,check:073c8a24f489,51.909353,4.471442,False,False,bicycle,electric_assist
2026-04-07T03:53:32Z,check,check:18d600c14390,51.919004,4.418348,False,False,bicycle,electric_assist
2026-04-07T03:53:32Z,check,check:b68a18447df2,51.930279,4.472202,False,False,bicycle,electric_assist
2026-04-07T03:53:32Z,check,check:a83e076b03de,51.922821,4.469658,False,False,bicycle,electric_assist
2026-04-07T03:53:32Z,check,check:ff81270845ec,51.934952,4.491291,False,False,bicycle,electric_assist
2026-04-07T03:53:32Z,check,check:10a1c4cd8047,51.962426,4.511568,False,False,bicycle,electric_assist
2026-04-07T03:53:32Z,check,check:dd386664d4ed,51.945661,4.467662,False,False,bicycle,electric_assist
2026-04-07T03:53:32Z,check,check:0026af35356c,51.958428,4.507902,False,False,bicycle,electric_assist
2026-04-07T03:53:32Z,check,check:30a745daa7dc,51.916098,4.527208,False,False,bicycle,electric_assist
2026-04-07T03:53:32Z,check,check:18f3f1b4a37c,51.941851,4.546462,False,False,bicycle,electric_assist
2026-04-07T03:53:32Z,check,check:6df9b8c2eb59,51.916034,4.527086,False,False,bicycle,electric_assist
2026-04-07T03:53:32Z,check,check:62077c93ecb5,51.937596,4.466879,False,False,bicycle,electric_assist
2026-04-07T03:53:32Z,check,check:4ce087daf2d9,51.895075,4.469126,True,False,bicycle,electric_assist
2026-04-07T03:53:32Z,check,check:ac62dcd585a5,51.963562,4.485199,False,False,bicycle,electric_assist
2026-04-07T03:53:32Z,check,check:0c40f517c817,51.933847,4.458804,False,False,bicycle,electric_assist
2026-04-07T03:53:32Z,check,check:66cd472036e1,51.963311,4.486374,False,False,bicycle,electric_assist
2026-04-07T03:53:32Z,check,check:a2e86337e950,51.929833,4.542973,False,False,bicycle,electric_assist
2026-04-07T03:53:32Z,check,check:757bdd49a40b,51.910881,4.553868,False,False,bicycle,electric_assist
2026-04-07T03:53:32Z,check,check:b5cb912dbe2b,51.952286,4.467954,False,False,bicycle,electric_assist
2026-04-07T03:53:32Z,check,check:1751b69c94ec,51.94926,4.432599,False,False,bicycle,electric_assist
2026-04-07T03:53:32Z,check,check:dcd3bd2a431f,51.910797,4.553902,False,False,bicycle,electric_assist
2026-04-07T03:53:32Z,check,check:131ce2206fad,51.960903,4.467294,False,False,bicycle,electric_assist
2026-04-07T03:53:32Z,check,check:af2aff5c0c92,51.963592,4.485281,False,False,bicycle,electric_assist
2026-04-07T03:53:32Z,check,check:82a4697a020d,51.949285,4.432619,False,False,bicycle,electric_assist
2026-04-07T03:53:32Z,check,check:5b949f8a4e19,51.878485,4.517031,False,False,bicycle,electric_assist
2026-04-07T03:53:32Z,check,check:11bc88acde06,51.916219,4.527018,False,False,bicycle,electric_assist
2026-04-07T03:53:32Z,check,check:b8d4a6f371ff,51.943313,4.536798,False,False,bicycle,electric_assist
2026-04-07T03:53:32Z,check,check:6429bdd3480a,51.917117,4.52309,False,False,bicycle,electric_assist
2026-04-07T03:53:32Z,check,check:5dfa81983d2d,51.93249,4.476035,False,False,bicycle,electric_assist
2026-04-07T03:53:32Z,check,check:1e059e4d311d,51.920225,4.469329,False,False,bicycle,electric_assist
2026-04-07T03:53:32Z,check,check:31d070a80018,51.916079,4.526967,False,False,bicycle,electric_assist
2026-04-07T03:53:32Z,check,check:5da069ef783a,51.902754,4.445591,False,False,bicycle,electric_assist
2026-04-07T03:53:32Z,check,check:1cc4917da36b,51.968617,4.484744,False,False,bicycle,electric_assist
2026-04-07T03:53:32Z,check,check:a22fa6346e77,51.916008,4.526914,False,False,bicycle,electric_assist
2026-04-07T03:53:32Z,check,check:534643318ede,51.931184,4.539792,False,False,bicycle,electric_assist
2026-04-07T03:53:32Z,check,check:53fc11231f7e,51.909249,4.523537,False,False,bicycle,electric_assist
2026-04-07T03:53:32Z,check,check:565c358c6472,51.927807,4.535692,False,False,bicycle,electric_assist
2026-04-07T03:53:32Z,check,check:bb169eb8d0fb,51.933091,4.492301,False,False,bicycle,electric_assist
2026-04-07T03:53:32Z,check,check:e8e1274136f1,51.921376,4.451731,False,False,bicycle,electric_assist
2026-04-07T03:53:32Z,check,check:b50b880ecdff,51.885257,4.486108,False,False,bicycle,electric_assist
2026-04-07T03:53:32Z,check,check:30251c84d615,51.928455,4.54075,False,False,bicycle,electric_assist
2026-04-07T03:53:32Z,check,check:742af0a7b032,51.948234,4.566008,False,False,bicycle,electric_assist
2026-04-07T03:53:32Z,check,check:d691d476489c,51.968698,4.484703,False,False,bicycle,electric_assist
2026-04-07T03:53:32Z,check,check:196ca663e6c3,51.914534,4.463705,False,False,bicycle,electric_assist
2026-04-07T03:53:32Z,check,check:ff46f364c55f,51.925958,4.541606,False,False,bicycle,electric_assist
2026-04-07T03:53:32Z,check,check:0740b39b4755,51.941362,4.54348,False,False,bicycle,electric_assist
2026-04-07T03:53:32Z,check,check:ed78146324dd,51.914196,4.496103,False,False,bicycle,electric_assist
2026-04-07T03:53:32Z,check,check:228f6433f5e8,51.921405,4.531825,False,False,bicycle,electric_assist
2026-04-07T03:53:32Z,check,check:0aef2b104062,51.916189,4.526871,False,False,bicycle,electric_assist
2026-04-07T03:53:32Z,check,check:4df1c8a21511,51.951344,4.470513,False,False,bicycle,electric_assist
2026-04-07T03:53:32Z,check,check:e8cb4881fd1e,51.877801,4.523788,False,False,bicycle,electric_assist
2026-04-07T03:53:32Z,check,check:7b364867affa,51.869803,4.486874,False,False,bicycle,electric_assist
2026-04-07T03:53:32Z,check,check:1432396410f9,51.90387,4.458132,False,False,bicycle,electric_assist
2026-04-07T03:53:32Z,check,check:811aef51c55c,51.92042,4.468533,False,False,bicycle,electric_assist
2026-04-07T03:53:32Z,check,check:b3cbe9561a94,51.968673,4.484721,False,False,bicycle,electric_assist
2026-04-07T03:53:32Z,check,check:20b51d1e1799,51.926726,4.462662,False,False,bicycle,electric_assist
2026-04-07T03:53:32Z,check,check:0c88d6234c62,51.928984,4.544364,False,False,bicycle,electric_assist
2026-04-07T03:53:32Z,check,check:5b537ad3c3f1,51.951334,4.47049,False,False,bicycle,electric_assist
2026-04-07T03:53:32Z,check,check:cd56e8f8dc2b,51.962684,4.493923,False,False,bicycle,electric_assist
2026-04-07T03:53:32Z,check,check:67aa02283293,51.935393,4.490128,False,False,bicycle,electric_assist
2026-04-07T03:53:32Z,check,check:5ba2ee32bad4,51.942414,4.470161,False,False,bicycle,electric_assist
2026-04-07T03:53:32Z,check,check:65768df8c7be,51.909634,4.521282,False,False,bicycle,electric_assist
2026-04-07T03:53:32Z,check,check:8f5f129fa4ea,51.921721,4.492975,False,False,bicycle,electric_assist
2026-04-07T03:53:32Z,check,check:ad4881ed607d,51.917627,4.459277,False,False,bicycle,electric_assist
2026-04-07T03:53:32Z,check,check:62a779952d3b,51.953183,4.471987,False,False,bicycle,electric_assist
2026-04-07T03:53:32Z,check,check:eb855b7b646f,51.92541,4.508679,False,False,bicycle,electric_assist
2026-04-07T03:53:32Z,check,check:03b58fa5485b,51.932925,4.539032,False,False,bicycle,electric_assist
2026-04-07T03:53:32Z,check,check:1ad624594fc0,51.948732,4.471156,False,False,bicycle,electric_assist
2026-04-07T03:53:32Z,check,check:9a87fc2b8697,51.895941,4.486586,False,False,bicycle,electric_assist
2026-04-07T03:53:32Z,check,check:12e025bf774f,51.915958,4.527093,False,False,bicycle,electric_assist
2026-04-07T03:53:32Z,check,check:a5454d46d66f,51.903168,4.440614,False,False,bicycle,electric_assist
2026-04-07T03:53:32Z,check,check:998f58cd6dea,51.955084,4.512465,False,False,bicycle,electric_assist
2026-04-07T03:53:32Z,check,check:2bdbe0890aed,51.919796,4.48774,False,False,bicycle,electric_assist
2026-04-07T03:53:32Z,check,check:8da8ce48cc37,51.869812,4.486846,False,False,bicycle,electric_assist
2026-04-07T03:53:32Z,check,check:dfbad2f00bac,51.920494,4.46685,False,False,bicycle,electric_assist
2026-04-07T03:53:32Z,check,check:fb2032ebc51e,51.919495,4.469256,False,False,bicycle,electric_assist
2026-04-07T03:53:32Z,check,check:faf7ba9ebef5,51.917119,4.523484,False,False,bicycle,electric_assist
2026-04-07T03:53:32Z,check,check:143a2e702957,51.927792,4.465564,False,False,bicycle,electric_assist
2026-04-07T03:53:32Z,check,check:cba1c3e69d3d,51.903727,4.443318,False,False,bicycle,electric_assist
2026-04-07T03:53:32Z,check,check:3d3ce538f567,51.958354,4.50804,False,False,bicycle,electric_assist
2026-04-07T03:53:32Z,check,check:c13a0bc8e288,51.916654,4.488065,False,False,bicycle,electric_assist
2026-04-07T03:53:32Z,check,check:67db1b5c2f8f,51.921542,4.45367,False,False,bicycle,electric_assist
2026-04-07T03:53:32Z,check,check:0c4ef4764aa0,51.896876,4.523666,False,False,bicycle,electric_assist
2026-04-07T03:53:32Z,check,check:a1d952c98708,51.908654,4.493669,False,False,bicycle,electric_assist
2026-04-07T03:53:32Z,check,check:91adfa794cee,51.902222,4.448397,False,False,bicycle,electric_assist
2026-04-07T03:53:32Z,check,check:c623939535ae,51.897938,4.475089,False,False,bicycle,electric_assist
2026-04-07T03:53:32Z,check,check:8167c3db6dd5,51.877089,4.490865,False,False,bicycle,electric_assist
2026-04-07T03:53:32Z,check,check:26d9399480db,51.907906,4.444192,False,False,bicycle,electric_assist
2026-04-07T03:53:32Z,check,check:069f81f343c0,51.872117,4.496996,False,False,bicycle,electric_assist
2026-04-07T03:53:32Z,check,check:4887975d89c6,51.910303,4.444267,False,False,bicycle,electric_assist
2026-04-07T03:53:32Z,check,check:51db5de811b8,51.958987,4.47458,False,False,bicycle,electric_assist
2026-04-07T03:53:32Z,check,check:eb5a1ce8f01d,51.933929,4.539912,False,False,bicycle,electric_assist
2026-04-07T03:53:32Z,check,check:041e0e1845b8,51.916208,4.526765,False,False,bicycle,electric_assist
2026-04-07T03:53:32Z,check,check:e1ca1c3256f5,51.938537,4.479576,False,False,bicycle,electric_assist
2026-04-07T03:53:32Z,check,check:3ce024339434,51.898746,4.475037,False,False,bicycle,electric_assist
2026-04-07T03:53:32Z,check,check:deaa6d4941ee,51.920955,4.559152,False,False,bicycle,electric_assist
2026-04-07T03:53:32Z,check,check:76c8427c6ab2,51.916128,4.526995,False,False,bicycle,electric_assist
2026-04-07T03:53:32Z,check,check:68056b6ffa89,51.916131,4.526931,False,False,bicycle,electric_assist
2026-04-07T03:53:32Z,check,check:8e357888d366,51.93027,4.542767,False,False,bicycle,electric_assist
2026-04-07T03:53:32Z,check,check:920459f43e7e,51.899315,4.472721,False,False,bicycle,electric_assist
2026-04-07T03:53:32Z,check,check:16df9d07be87,51.911015,4.511781,False,False,bicycle,electric_assist
2026-04-07T03:53:32Z,check,check:89aa58a6c999,51.958805,4.531165,False,False,bicycle,electric_assist
2026-04-07T03:53:32Z,check,check:789c7454fc44,51.937237,4.536119,False,False,bicycle,electric_assist
2026-04-07T03:53:32Z,check,check:7d5a3ccb3679,51.916151,4.52692,False,False,bicycle,electric_assist
2026-04-07T03:53:32Z,check,check:bb9fd89b3382,51.904488,4.460481,False,False,bicycle,electric_assist
2026-04-07T03:53:32Z,check,check:a2af8a95e329,51.919512,4.509328,False,False,bicycle,electric_assist
2026-04-07T03:53:32Z,check,check:4fa5fbfc677d,51.920149,4.500652,False,False,bicycle,electric_assist
2026-04-07T03:53:32Z,check,check:1b92f88d782b,51.925945,4.541595,False,False,bicycle,electric_assist
2026-04-07T03:53:32Z,check,check:a9ca9794fd60,51.87484,4.467962,False,False,bicycle,electric_assist
2026-04-07T03:53:32Z,check,check:395d044e807b,51.924008,4.505327,False,False,bicycle,electric_assist
2026-04-07T03:53:32Z,check,check:d082dc794401,51.916388,4.446935,False,False,bicycle,electric_assist
2026-04-07T03:53:32Z,check,check:82f43f6237c3,51.945245,4.47498,False,False,bicycle,electric_assist
2026-04-07T03:53:32Z,check,check:e3ad47116c18,51.92418,4.488273,False,False,bicycle,electric_assist
2026-04-07T03:53:32Z,check,check:ec087f205afd,51.916099,4.526982,False,False,bicycle,electric_assist
2026-04-07T03:53:32Z,check,check:a1f19cbabc3e,51.899416,4.4832,False,False,bicycle,electric_assist
2026-04-07T03:53:32Z,check,check:f217271207d5,51.938027,4.429176,False,False,bicycle,electric_assist
2026-04-07T03:53:32Z,check,check:6d84ebe9f581,51.968658,4.484697,False,False,bicycle,electric_assist
2026-04-07T03:53:32Z,check,check:99bc2d8fbaf6,51.912076,4.520092,False,False,bicycle,electric_assist
2026-04-07T03:53:32Z,check,check:be47ab2ebd53,51.91433,4.502643,False,False,bicycle,electric_assist
2026-04-07T03:53:32Z,check,check:c77d59c6b50b,51.886476,4.529116,False,False,bicycle,electric_assist
2026-04-07T03:53:32Z,check,check:04b2a38c59b6,51.9123,4.446218,False,False,bicycle,electric_assist
2026-04-07T03:53:32Z,check,check:fea5b3968d77,51.904471,4.460408,False,False,bicycle,electric_assist
2026-04-07T03:53:32Z,check,check:1540f07087dd,51.91501,4.432407,False,False,bicycle,electric_assist
2026-04-07T03:53:32Z,check,check:342c8b1db0fa,51.917149,4.523289,False,False,bicycle,electric_assist
2026-04-07T03:53:32Z,check,check:f9907c357e8c,51.892493,4.502567,False,False,bicycle,electric_assist
2026-04-07T03:53:32Z,check,check:798c99f950cc,51.918896,4.444305,False,False,bicycle,electric_assist
2026-04-07T03:53:32Z,check,check:a7f15a3476be,51.89303,4.539187,False,False,bicycle,electric_assist
2026-04-07T03:53:32Z,check,check:48b9d59e3683,51.916064,4.526856,False,False,bicycle,electric_assist
2026-04-07T03:53:32Z,check,check:ade09c185c30,51.92008,4.510881,False,False,bicycle,electric_assist
2026-04-07T03:53:32Z,check,check:ea9cdde2f0d0,51.944397,4.55562,False,False,bicycle,electric_assist
2026-04-07T03:53:32Z,check,check:6bf6c740791a,51.967214,4.500395,False,False,bicycle,electric_assist
2026-04-07T03:53:32Z,check,check:d4c7048d1481,51.95683,4.493189,False,False,bicycle,electric_assist
2026-04-07T03:53:32Z,check,check:68cfae8f3db8,51.882635,4.521166,False,False,bicycle,electric_assist
2026-04-07T03:53:32Z,check,check:bf27a3109abc,51.887306,4.487238,False,False,bicycle,electric_assist
2026-04-07T03:53:32Z,check,check:e048075f4a9d,51.919072,4.418357,False,False,bicycle,electric_assist
2026-04-07T03:53:32Z,check,check:ecc3e8d57af8,51.915624,4.500854,False,False,bicycle,electric_assist
2026-04-07T03:53:32Z,check,check:58c80de527d1,51.918609,4.494743,False,False,bicycle,electric_assist
2026-04-07T03:53:32Z,check,check:8be80ca66a8d,51.920234,4.434359,False,False,bicycle,electric_assist
2026-04-07T03:53:32Z,check,check:8fc65907e081,51.931076,4.491825,False,False,bicycle,electric_assist
2026-04-07T03:53:32Z,check,check:321077bcae31,51.962935,4.489539,False,False,bicycle,electric_assist
2026-04-07T03:53:32Z,check,check:562c165d733a,51.908842,4.464721,False,False,bicycle,electric_assist
2026-04-07T03:53:32Z,check,check:ea67c9a2d2f7,51.878033,4.470576,False,False,bicycle,electric_assist
2026-04-07T03:53:32Z,check,check:de302a8e2b88,51.918626,4.516293,False,False,bicycle,electric_assist
2026-04-07T03:53:32Z,check,check:4273b4c61036,51.927918,4.481826,False,False,bicycle,electric_assist
2026-04-07T03:53:32Z,check,check:24a661aca16a,51.903817,4.442013,False,False,bicycle,electric_assist
2026-04-07T03:53:32Z,check,check:b66681ed42a1,51.911742,4.435702,False,False,bicycle,electric_assist
2026-04-07T03:53:32Z,check,check:0f559ee705ef,51.916111,4.526872,False,False,bicycle,electric_assist
2026-04-07T03:53:32Z,check,check:851c82539e69,51.926521,4.511971,False,False,bicycle,electric_assist
2026-04-07T03:53:32Z,check,check:4aa17d5f49e1,51.967058,4.498237,False,False,bicycle,electric_assist
2026-04-07T03:53:32Z,check,check:0150642e70cd,51.91722,4.523315,False,False,bicycle,electric_assist
2026-04-07T03:53:32Z,check,check:c0aa6632a01c,51.911751,4.435653,False,False,bicycle,electric_assist
2026-04-07T03:53:32Z,check,check:94807b93185c,51.961006,4.503123,False,False,bicycle,electric_assist
2026-04-07T03:53:32Z,check,check:d61fe80da3d0,51.904494,4.460488,False,False,bicycle,electric_assist
2026-04-07T03:53:32Z,check,check:5cd78c1d42f7,51.958525,4.469313,False,False,bicycle,electric_assist
2026-04-07T03:53:32Z,check,check:3508223ca264,51.904976,4.474661,False,False,bicycle,electric_assist
2026-04-07T03:53:32Z,check,check:988f488291c7,51.936642,4.498619,False,False,bicycle,electric_assist
2026-04-07T03:53:32Z,check,check:89bd85705364,51.961168,4.505127,False,False,bicycle,electric_assist
2026-04-07T03:53:32Z,check,check:5878a8c9d25e,51.927271,4.519544,False,False,bicycle,electric_assist
2026-04-07T03:53:32Z,check,check:c3461951fb64,51.896926,4.52357,False,False,bicycle,electric_assist
2026-04-07T03:53:32Z,check,check:ea7f41768d74,51.911004,4.501393,False,False,bicycle,electric_assist
2026-04-07T03:53:32Z,check,check:0e2db90514c2,51.918221,4.513932,False,False,bicycle,electric_assist
2026-04-07T03:53:32Z,check,check:32414f16fa48,51.949297,4.432646,False,False,bicycle,electric_assist
2026-04-07T03:53:32Z,check,check:a35493a956f2,51.946453,4.537628,False,False,bicycle,electric_assist
2026-04-07T03:53:32Z,check,check:3069ee59b157,51.904513,4.460468,False,False,bicycle,electric_assist
2026-04-07T03:53:32Z,check,check:1c1ff571499d,51.899113,4.476539,False,False,bicycle,electric_assist
2026-04-07T03:53:32Z,check,check:d2f6c6e68225,51.939675,4.484335,False,False,bicycle,electric_assist
2026-04-07T03:53:32Z,check,check:71616816f2fb,51.930056,4.508629,False,False,bicycle,electric_assist
2026-04-07T03:53:32Z,check,check:9ef312a3a926,51.948248,4.564899,False,False,bicycle,electric_assist
2026-04-07T03:53:32Z,check,check:ae1c595bb397,51.915843,4.499927,False,False,bicycle,electric_assist
2026-04-07T03:53:32Z,check,check:2dfe7f2a0c83,51.922223,4.512616,False,False,bicycle,electric_assist
2026-04-07T03:53:32Z,check,check:b0f42b2c4440,51.953806,4.520125,False,False,bicycle,electric_assist
2026-04-07T03:53:32Z,check,check:8c601cf2fb97,51.931912,4.539463,False,False,bicycle,electric_assist
2026-04-07T03:53:32Z,check,check:f724a36bdb92,51.932075,4.475317,False,False,bicycle,electric_assist
2026-04-07T03:53:32Z,check,check:8c1b714e3f18,51.946427,4.481661,False,False,bicycle,electric_assist
2026-04-07T03:53:32Z,check,check:ad4791e0061f,51.915378,4.44267,False,False,bicycle,electric_assist
2026-04-07T03:53:32Z,check,check:d43abe28ce61,51.927797,4.535944,False,False,bicycle,electric_assist
2026-04-07T03:53:32Z,check,check:9bc2c066eb89,51.912977,4.482362,False,False,bicycle,electric_assist
2026-04-07T03:53:32Z,check,check:c0c6f77de1e0,51.919098,4.418416,False,False,bicycle,electric_assist
2026-04-07T03:53:32Z,check,check:aacf3c3826ab,51.963346,4.554588,False,False,bicycle,electric_assist
2026-04-07T03:53:32Z,check,check:e0a25a71b0f8,51.933889,4.539903,False,False,bicycle,electric_assist
2026-04-07T03:53:32Z,check,check:0607533e0c80,51.932239,4.542385,False,False,bicycle,electric_assist
2026-04-07T03:53:32Z,check,check:04d6b02939f4,51.88628,4.498619,False,False,bicycle,electric_assist
2026-04-07T03:53:32Z,check,check:76d0ebf076de,51.930859,4.455831,False,False,bicycle,electric_assist
2026-04-07T03:53:32Z,check,check:5d7189b4ba71,51.934058,4.541584,False,False,bicycle,electric_assist
2026-04-07T03:53:32Z,check,check:926376952be4,51.925114,4.489381,True,False,bicycle,electric_assist
2026-04-07T03:53:32Z,check,check:84aa677b831b,51.908482,4.464286,False,False,bicycle,electric_assist
2026-04-07T03:53:32Z,check,check:68f5a83256b9,51.880507,4.535527,False,False,bicycle,electric_assist
2026-04-07T03:53:32Z,check,check:3830e8e8bee9,51.9278,4.535609,False,False,bicycle,electric_assist
2026-04-07T03:53:32Z,check,check:55b304debab9,51.90981,4.438751,False,False,bicycle,electric_assist
2026-04-07T03:53:32Z,check,check:59dad6cb4cf0,51.916363,4.451715,False,False,bicycle,electric_assist
2026-04-07T03:53:32Z,check,check:fdcace521aad,51.910827,4.51144,False,False,bicycle,electric_assist
2026-04-07T03:53:32Z,check,check:b98c8c81fdb3,51.911095,4.481809,False,False,bicycle,electric_assist
2026-04-07T03:53:32Z,check,check:f860737dff22,51.913952,4.461275,False,False,bicycle,electric_assist
2026-04-07T03:53:32Z,check,check:8ee66e39fed7,51.933148,4.535048,False,False,bicycle,electric_assist
2026-04-07T03:53:32Z,check,check:491a1f4f7335,51.923162,4.496806,False,False,bicycle,electric_assist
2026-04-07T03:53:32Z,check,check:6e62b6b3e2c0,51.941622,4.473719,False,False,bicycle,electric_assist
2026-04-07T03:53:32Z,check,check:41c846391ec7,51.909255,4.501907,False,False,bicycle,electric_assist
2026-04-07T03:53:32Z,check,check:957a192a9926,51.910873,4.553851,False,False,bicycle,electric_assist
2026-04-07T03:53:32Z,check,check:0d210e68cb2b,51.877054,4.491201,False,False,bicycle,electric_assist
2026-04-07T03:53:32Z,check,check:61f0f8af5c08,51.871205,4.465928,False,False,bicycle,electric_assist
2026-04-07T03:53:32Z,check,check:9fd4e3fdc452,51.927573,4.509007,False,False,bicycle,electric_assist
2026-04-07T03:53:32Z,check,check:e1c10384cd04,51.912235,4.520191,False,False,bicycle,electric_assist
2026-04-07T03:53:32Z,check,check:b522cf6a7db3,51.914542,4.401923,False,False,bicycle,electric_assist
2026-04-07T03:53:32Z,check,check:e939e206a473,51.888278,4.481018,False,False,bicycle,electric_assist
2026-04-07T03:53:32Z,check,check:aa439d628c99,51.967486,4.463409,False,False,bicycle,electric_assist
2026-04-07T03:53:32Z,check,check:78a9594199c4,51.890659,4.508066,False,False,bicycle,electric_assist
2026-04-07T03:53:32Z,check,check:d2ef7575a6d9,51.950755,4.564458,False,False,bicycle,electric_assist
2026-04-07T03:53:32Z,check,check:852c3a1cb252,51.916175,4.527103,False,False,bicycle,electric_assist
2026-04-07T03:53:32Z,check,check:4a8bd4a8fcf9,51.917292,4.470888,False,False,bicycle,electric_assist
2026-04-07T03:53:32Z,check,check:84c64ab6332c,51.963579,4.485312,False,False,bicycle,electric_assist
2026-04-07T03:53:32Z,check,check:7af1d8ed144f,51.890505,4.484984,False,False,bicycle,electric_assist
2026-04-07T03:53:32Z,check,check:e5bc9f28e3d6,51.93403,4.541588,False,False,bicycle,electric_assist
2026-04-07T03:53:32Z,check,check:2e4d13277ff2,51.93493,4.486649,False,False,bicycle,electric_assist
2026-04-07T03:53:32Z,check,check:54f1036a7735,51.912978,4.510562,False,False,bicycle,electric_assist
2026-04-07T03:53:32Z,check,check:d73bb4ef299f,51.916198,4.526914,False,False,bicycle,electric_assist
2026-04-07T03:53:32Z,check,check:156d1dc7dc41,51.958957,4.471618,False,False,bicycle,electric_assist
2026-04-07T03:53:32Z,check,check:ca2edf930a01,51.916663,4.451122,False,False,bicycle,electric_assist
2026-04-07T03:53:32Z,check,check:1a7aff9c9599,51.894703,4.532164,False,False,bicycle,electric_assist
2026-04-07T03:53:32Z,check,check:0476dcc32550,51.909096,4.447792,False,False,bicycle,electric_assist
2026-04-07T03:53:32Z,check,check:65963531cebd,51.922389,4.50241,False,False,bicycle,electric_assist
2026-04-07T03:53:32Z,check,check:8698648c4002,51.953906,4.468235,False,False,bicycle,electric_assist
2026-04-07T03:53:32Z,check,check:37061123ffd3,51.916891,4.467343,False,False,bicycle,electric_assist
2026-04-07T03:53:32Z,check,check:f39e86067fd2,51.915537,4.46627,False,False,bicycle,electric_assist
2026-04-07T03:53:32Z,check,check:aaa18f4518c2,51.963418,4.485872,False,False,bicycle,electric_assist
2026-04-07T03:53:32Z,check,check:58d1a9c4960f,51.916132,4.526972,False,False,bicycle,electric_assist
2026-04-07T03:53:32Z,check,check:c5b66a1a97b3,51.903416,4.446122,False,False,bicycle,electric_assist
2026-04-07T03:53:32Z,check,check:31ff663e6ed4,51.934333,4.459391,False,False,bicycle,electric_assist
2026-04-07T03:53:32Z,check,check:18158594383d,51.926466,4.50182,False,False,bicycle,electric_assist
2026-04-07T03:53:32Z,check,check:a3eb469c63a3,51.90653,4.478338,False,False,bicycle,electric_assist
2026-04-07T03:53:32Z,check,check:3c5a28d9c6be,51.910834,4.553879,False,False,bicycle,electric_assist
2026-04-07T03:53:32Z,check,check:510559a953fb,51.882624,4.521152,False,False,bicycle,electric_assist
2026-04-07T03:53:32Z,check,check:c25312117603,51.91174,4.435719,False,False,bicycle,electric_assist
2026-04-07T03:53:32Z,check,check:4547076c6e82,51.916157,4.526914,False,False,bicycle,electric_assist
2026-04-07T03:53:32Z,check,check:5aed53f55cea,51.894543,4.485868,False,False,bicycle,electric_assist
2026-04-07T03:53:32Z,check,check:02ea79b79b6f,51.892669,4.473171,False,False,bicycle,electric_assist
2026-04-07T03:53:32Z,check,check:ab5f323c10f1,51.963214,4.533715,False,False,bicycle,electric_assist
2026-04-07T03:53:32Z,check,check:d5f5be1345bf,51.912059,4.44936,False,False,bicycle,electric_assist
2026-04-07T03:53:32Z,check,check:5834c77b44b6,51.939712,4.484374,False,False,bicycle,electric_assist
2026-04-07T03:53:32Z,check,check:1b6a90789882,51.9397,4.484372,False,False,bicycle,electric_assist
2026-04-07T03:53:32Z,check,check:39415f1d2dc9,51.88836,4.48343,False,False,bicycle,electric_assist
2026-04-07T03:53:32Z,check,check:e1fe71f85137,51.925375,4.492624,False,False,bicycle,electric_assist
2026-04-07T03:53:32Z,check,check:d482ce232872,51.911837,4.435838,False,False,bicycle,electric_assist
2026-04-07T03:53:32Z,check,check:90bfa008772c,51.962722,4.472893,False,False,bicycle,electric_assist
2026-04-07T03:53:32Z,check,check:0133f87d8488,51.901634,4.501748,False,False,bicycle,electric_assist
2026-04-07T03:53:32Z,check,check:024dae8ea171,51.880616,4.531999,False,False,bicycle,electric_assist
2026-04-07T03:53:32Z,check,check:1df5ee18a6a8,51.968683,4.484713,False,False,bicycle,electric_assist
2026-04-07T03:53:32Z,check,check:6d3425eec89d,51.944898,4.476615,False,False,bicycle,electric_assist
2026-04-07T03:53:32Z,check,check:11cb4438911e,51.931671,4.539571,False,False,bicycle,electric_assist
2026-04-07T03:53:32Z,check,check:cb122d2aef38,51.949941,4.514386,False,False,bicycle,electric_assist
2026-04-07T03:53:32Z,check,check:6465924af32d,51.899957,4.498336,False,False,bicycle,electric_assist
2026-04-07T03:53:32Z,check,check:41a32222dd06,51.928393,4.535699,False,False,bicycle,electric_assist
2026-04-07T03:53:32Z,check,check:0597994b3ccb,51.943919,4.470636,False,False,bicycle,electric_assist
2026-04-07T03:53:32Z,check,check:3313df9d6e77,51.895965,4.495948,False,False,bicycle,electric_assist
2026-04-07T03:53:32Z,check,check:3b7c7fb608d3,51.951868,4.524533,False,False,bicycle,electric_assist
2026-04-07T03:53:32Z,check,check:c45f2bfeface,51.917352,4.433427,False,False,bicycle,electric_assist
2026-04-07T03:53:32Z,check,check:d213565b4ab7,51.925408,4.466153,False,False,bicycle,electric_assist
2026-04-07T03:53:32Z,check,check:32643f5a9b5c,51.880513,4.535515,False,False,bicycle,electric_assist
2026-04-07T03:53:32Z,check,check:56bdf4db454a,51.904504,4.460474,False,False,bicycle,electric_assist
2026-04-07T03:53:32Z,check,check:b826a4768809,51.921744,4.533941,False,False,bicycle,electric_assist
2026-04-07T03:53:32Z,check,check:a62ffd3e2eea,51.947109,4.487699,False,False,bicycle,electric_assist
2026-04-07T03:53:32Z,check,check:6165ee0b0ce4,51.915967,4.527277,False,False,bicycle,electric_assist
2026-04-07T03:53:32Z,check,check:fc09e60e1b66,51.901789,4.483378,False,False,bicycle,electric_assist
2026-04-07T03:53:32Z,check,check:66db9292b7d3,51.918956,4.462319,False,False,bicycle,electric_assist
2026-04-07T03:53:32Z,check,check:57b2959d7e1a,51.94316,4.542327,False,False,bicycle,electric_assist
2026-04-07T03:53:32Z,check,check:792c600a693c,51.887604,4.470755,False,False,bicycle,electric_assist
2026-04-07T03:53:32Z,check,check:1e5f1a5564dd,51.927286,4.5346,False,False,bicycle,electric_assist
2026-04-07T03:53:32Z,check,check:ebb4aef64a23,51.961416,4.465619,False,False,bicycle,electric_assist
2026-04-07T03:53:32Z,check,check:2af945c2fc32,51.920516,4.511585,False,False,bicycle,electric_assist
2026-04-07T03:53:32Z,check,check:23c7f4e5a552,51.923961,4.493847,False,False,bicycle,electric_assist
2026-04-07T03:53:32Z,check,check:7e93404c3109,51.929632,4.535064,False,False,bicycle,electric_assist
2026-04-07T03:53:32Z,check,check:ec11e58191ab,51.916131,4.526787,False,False,bicycle,electric_assist
2026-04-07T03:53:32Z,check,check:7a2e4095210e,51.890495,4.484945,False,False,bicycle,electric_assist
2026-04-07T03:53:32Z,check,check:0b5758a4a7d8,51.910842,4.511465,False,False,bicycle,electric_assist
2026-04-07T03:53:32Z,check,check:a4aa444e7382,51.93233,4.46692,False,False,bicycle,electric_assist
2026-04-07T03:53:32Z,check,check:2d87b4ed990d,51.895448,4.48686,False,False,bicycle,electric_assist
2026-04-07T03:53:32Z,check,check:83a5e0fe795d,51.931462,4.539653,False,False,bicycle,electric_assist
2026-04-07T03:53:32Z,check,check:a7006e347b1a,51.915342,4.498458,False,False,bicycle,electric_assist
2026-04-07T03:53:32Z,check,check:8b9c7aeb899c,51.919033,4.418238,False,False,bicycle,electric_assist
2026-04-07T03:53:32Z,check,check:befb4897d6d8,51.886395,4.5493,False,False,bicycle,electric_assist
2026-04-07T03:53:32Z,check,check:b2c3bba0d07b,51.931121,4.476335,False,False,bicycle,electric_assist
2026-04-07T03:53:32Z,check,check:24295e641449,51.913274,4.432428,False,False,bicycle,electric_assist
2026-04-07T03:53:32Z,check,check:3e3f889b18cc,51.916352,4.52698,False,False,bicycle,electric_assist
2026-04-07T03:53:32Z,check,check:ef59730b0716,51.943657,4.483332,False,False,bicycle,electric_assist
2026-04-07T03:53:32Z,check,check:417f215b9bf7,51.912164,4.520127,False,False,bicycle,electric_assist
2026-04-07T03:53:32Z,check,check:96be758aa9c8,51.916109,4.527107,False,False,bicycle,electric_assist
2026-04-07T03:53:32Z,check,check:292c0b61f718,51.872424,4.500907,False,False,bicycle,electric_assist
2026-04-07T03:53:32Z,check,check:3f6e0101e333,51.930282,4.483751,False,False,bicycle,electric_assist
2026-04-07T03:53:32Z,check,check:161f9de60519,51.935009,4.477242,False,False,bicycle,electric_assist
2026-04-07T03:53:32Z,check,check:b0ee0c71dd19,51.907641,4.480503,False,False,bicycle,electric_assist
2026-04-07T03:53:32Z,check,check:25b98367b73d,51.96592,4.470815,False,False,bicycle,electric_assist
2026-04-07T03:53:32Z,check,check:ebc4e5c57bbf,51.887114,4.491447,False,False,bicycle,electric_assist
2026-04-07T03:53:32Z,check,check:11c302eef56e,51.911842,4.435866,False,False,bicycle,electric_assist
2026-04-07T03:53:32Z,check,check:8f89408ed38a,51.918175,4.513008,False,False,bicycle,electric_assist
2026-04-07T03:53:32Z,check,check:8f8116c4edc3,51.892346,4.530748,False,False,bicycle,electric_assist
2026-04-07T03:53:32Z,check,check:940018b69449,51.911186,4.475981,False,False,bicycle,electric_assist
2026-04-07T03:53:32Z,check,check:0b6b9cfcab79,51.945248,4.475026,False,False,bicycle,electric_assist
2026-04-07T03:53:32Z,check,check:7d8dc3e4f7b5,51.917368,4.420539,False,False,bicycle,electric_assist
2026-04-07T03:53:32Z,check,check:53e2e870ab02,51.914788,4.429194,False,False,bicycle,electric_assist
2026-04-07T03:53:32Z,check,check:171dc8745b43,51.911304,4.524691,False,False,bicycle,electric_assist
2026-04-07T03:53:32Z,check,check:e20f4c0403ac,51.916099,4.526829,False,False,bicycle,electric_assist
2026-04-07T03:53:32Z,check,check:a1aaf092bf96,51.920035,4.434512,False,False,bicycle,electric_assist
2026-04-07T03:53:32Z,check,check:4a71bac70a89,51.934345,4.474916,False,False,bicycle,electric_assist
2026-04-07T03:53:32Z,check,check:7b29370f82dc,51.899427,4.485363,False,False,bicycle,electric_assist
2026-04-07T03:53:32Z,check,check:aebba2c4f818,51.908049,4.442589,False,False,bicycle,electric_assist
2026-04-07T03:53:32Z,check,check:c426e8a697fd,51.930303,4.483712,False,True,bicycle,electric_assist
2026-04-07T03:53:32Z,check,check:3d165ba58202,51.909693,4.521252,False,False,bicycle,electric_assist
2026-04-07T03:53:32Z,check,check:8fc1b969d14f,51.901088,4.511082,False,False,bicycle,electric_assist
2026-04-07T03:53:32Z,check,check:052ed95bec87,51.927431,4.440266,False,False,bicycle,electric_assist
2026-04-07T03:53:32Z,check,check:1f3bf6ca23cb,51.916077,4.526983,False,False,bicycle,electric_assist
2026-04-07T03:53:32Z,check,check:b43290289e95,51.904056,4.502642,False,False,bicycle,electric_assist
2026-04-07T03:53:32Z,check,check:9a6364586890,51.954893,4.53814,False,False,bicycle,electric_assist
2026-04-07T03:53:32Z,check,check:d4f3f415f9eb,51.877771,4.523772,False,False,bicycle,electric_assist
2026-04-07T03:53:32Z,check,check:f1d2e296419c,51.951617,4.521246,False,False,bicycle,electric_assist
2026-04-07T03:53:32Z,check,check:108d7feb4af9,51.922673,4.491779,False,False,bicycle,electric_assist
2026-04-07T03:53:32Z,check,check:8ca758285139,51.958886,4.474486,False,False,bicycle,electric_assist
2026-04-07T03:53:32Z,check,check:a1f9aca4e8d8,51.934563,4.458214,False,False,bicycle,electric_assist
2026-04-07T03:53:32Z,check,check:37b15956fcac,51.877153,4.517332,False,False,bicycle,electric_assist
2026-04-07T03:53:32Z,check,check:d9a03f1b7b6e,51.927645,4.487782,False,False,bicycle,electric_assist
2026-04-07T03:53:32Z,check,check:5726bbbb049a,51.917125,4.484079,False,False,bicycle,electric_assist
2026-04-07T03:53:32Z,check,check:f6d2d81622e5,51.88636,4.466032,False,False,bicycle,electric_assist
2026-04-07T03:53:32Z,check,check:45b58e2bcfc7,51.954918,4.463623,False,False,bicycle,electric_assist
2026-04-07T03:53:32Z,check,check:4dc3fcb69251,51.929488,4.476476,False,False,bicycle,electric_assist
2026-04-07T03:53:32Z,check,check:9319b95b2fe0,51.928285,4.489181,False,False,bicycle,electric_assist
2026-04-07T03:53:32Z,check,check:dd75c15f50ba,51.916014,4.52692,False,False,bicycle,electric_assist
2026-04-07T03:53:32Z,check,check:a29927975d54,51.916092,4.526825,False,False,bicycle,electric_assist
2026-04-07T03:53:32Z,check,check:91412a32cd59,51.941555,4.48138,False,False,bicycle,electric_assist
2026-04-07T03:53:32Z,check,check:a171572200cd,51.919093,4.488301,False,False,bicycle,electric_assist
2026-04-07T03:53:32Z,check,check:a1a0dd11ea9f,51.960745,4.50828,False,False,bicycle,electric_assist
2026-04-07T03:53:32Z,check,check:8711bcc6af05,51.922441,4.434938,False,False,bicycle,electric_assist
2026-04-07T03:53:32Z,check,check:44101f2a376c,51.873887,4.476226,False,False,bicycle,electric_assist
2026-04-07T03:53:32Z,check,check:34e04174896a,51.886404,4.549336,False,False,bicycle,electric_assist
2026-04-07T03:53:32Z,check,check:49069d0ddb62,51.907163,4.489549,False,False,bicycle,electric_assist
2026-04-07T03:53:32Z,check,check:6add779ac547,51.933006,4.43315,False,False,bicycle,electric_assist
2026-04-07T03:53:32Z,check,check:2a489b89fb39,51.911597,4.425067,False,False,bicycle,electric_assist
2026-04-07T03:53:32Z,check,check:312cdbf4145e,51.917243,4.523258,False,False,bicycle,electric_assist
2026-04-07T03:53:32Z,check,check:e0be34417f3a,51.9634,4.489804,False,False,bicycle,electric_assist
2026-04-07T03:53:32Z,check,check:aae59d529a40,51.916088,4.527055,False,False,bicycle,electric_assist
2026-04-07T03:53:32Z,check,check:c848eac43c05,51.894012,4.527465,False,False,bicycle,electric_assist
2026-04-07T03:53:32Z,check,check:3c3b52d7ba65,51.964752,4.507146,False,False,bicycle,electric_assist
2026-04-07T03:53:32Z,check,check:472705722f9f,51.916199,4.527028,False,False,bicycle,electric_assist
2026-04-07T03:53:32Z,check,check:7873915d67e6,51.892202,4.477414,False,False,bicycle,electric_assist
2026-04-07T03:53:32Z,check,check:fe64e416d0f6,51.915059,4.445863,False,False,bicycle,electric_assist
2026-04-07T03:53:32Z,check,check:bc09595418f4,51.917121,4.523327,False,False,bicycle,electric_assist
2026-04-07T03:53:32Z,check,check:36c2013fd958,51.920844,4.498161,False,False,bicycle,electric_assist
2026-04-07T03:53:32Z,check,check:0e624e3ad0e6,51.92251,4.503126,False,False,bicycle,electric_assist
2026-04-07T03:53:32Z,check,check:7cb605b84cb6,51.950187,4.51537,False,False,bicycle,electric_assist
2026-04-07T03:53:32Z,check,check:99c843c773de,51.953975,4.473166,False,False,bicycle,electric_assist
2026-04-07T03:53:32Z,check,check:d77ce6428483,51.919604,4.435002,False,False,bicycle,electric_assist
2026-04-07T03:53:32Z,check,check:a16f4c493bd6,51.920044,4.434522,False,False,bicycle,electric_assist
2026-04-07T03:53:32Z,check,check:f856bd9aafe6,51.911758,4.435631,False,False,bicycle,electric_assist
2026-04-07T03:53:32Z,check,check:395734bc2597,51.929524,4.541236,False,False,bicycle,electric_assist
2026-04-07T03:53:32Z,check,check:70aafd27a6d6,51.904219,4.473866,False,False,bicycle,electric_assist
2026-04-07T03:53:32Z,check,check:2f61d4e08257,51.911585,4.478581,False,False,bicycle,electric_assist
2026-04-07T03:53:32Z,check,check:1b569de74413,51.89974,4.504436,False,False,bicycle,electric_assist
2026-04-07T03:53:32Z,check,check:032c583f1269,51.897799,4.511392,False,False,bicycle,electric_assist
2026-04-07T03:53:32Z,check,check:783c136d907f,51.962805,4.507951,False,False,bicycle,electric_assist
2026-04-07T03:53:32Z,check,check:f85b39ea876b,51.939022,4.495794,False,False,bicycle,electric_assist
2026-04-07T03:53:32Z,check,check:0ddc6c97cc11,51.921742,4.506958,False,False,bicycle,electric_assist
2026-04-07T03:53:32Z,check,check:a3362895fc01,51.932879,4.484674,False,False,bicycle,electric_assist
2026-04-07T03:53:32Z,check,check:02734287c754,51.917246,4.523188,False,False,bicycle,electric_assist
2026-04-07T03:53:32Z,check,check:aeb7d509bae8,51.927901,4.518816,False,False,bicycle,electric_assist
2026-04-07T03:53:32Z,check,check:2e1b7ed10c5e,51.917676,4.430076,False,False,bicycle,electric_assist
2026-04-07T03:53:32Z,check,check:29abe4fa9915,51.917232,4.523195,False,False,bicycle,electric_assist
2026-04-07T03:53:32Z,check,check:f633faf7ffe2,51.934908,4.461418,False,False,bicycle,electric_assist
2026-04-07T03:53:32Z,check,check:bb84389cba94,51.891071,4.477463,False,False,bicycle,electric_assist
2026-04-07T03:53:32Z,check,check:4119423a5fdf,51.927516,4.516134,False,False,bicycle,electric_assist
2026-04-07T03:53:32Z,check,check:393dbd2f7d24,51.918777,4.461933,False,False,bicycle,electric_assist
2026-04-07T03:53:32Z,check,check:94492ab349c7,51.916102,4.526947,False,False,bicycle,electric_assist
2026-04-07T03:53:32Z,check,check:86ecc736659b,51.936092,4.462162,False,False,bicycle,electric_assist
2026-04-07T03:53:32Z,check,check:a6938f489d0a,51.922852,4.488492,False,False,bicycle,electric_assist
2026-04-07T03:53:32Z,check,check:3bc39a757327,51.897708,4.514309,False,False,bicycle,electric_assist
2026-04-07T03:53:32Z,check,check:635e39c6bdfc,51.962314,4.510022,False,False,bicycle,electric_assist
2026-04-07T03:53:32Z,check,check:4d4f01432c1a,51.871784,4.493593,False,False,bicycle,electric_assist
2026-04-07T03:53:32Z,check,check:ef70a737e3cb,51.939029,4.473075,False,False,bicycle,electric_assist
2026-04-07T03:53:32Z,check,check:ee54a0ab73e3,51.898539,4.505469,False,False,bicycle,electric_assist
2026-04-07T03:53:32Z,check,check:97c12d6daad7,51.958947,4.471657,False,False,bicycle,electric_assist
2026-04-07T03:53:32Z,check,check:9a9690cdfab1,51.919044,4.418296,False,False,bicycle,electric_assist
2026-04-07T03:53:32Z,check,check:f32714ec65d2,51.912198,4.483018,False,False,bicycle,electric_assist
2026-04-07T03:53:32Z,check,check:7a7b336e0879,51.902837,4.511288,False,False,bicycle,electric_assist
2026-04-07T03:53:32Z,check,check:6bc96d8c0358,51.959619,4.562769,False,False,bicycle,electric_assist
2026-04-07T03:53:32Z,check,check:46da55381619,51.916192,4.527005,False,False,bicycle,electric_assist
2026-04-07T03:53:32Z,check,check:7a5578997bcf,51.951786,4.465575,False,False,bicycle,electric_assist
2026-04-07T03:53:32Z,check,check:5f3234c2ee8f,51.942682,4.545879,False,False,bicycle,electric_assist
2026-04-07T03:53:32Z,check,check:5211d811e836,51.919549,4.488739,False,False,bicycle,electric_assist
2026-04-07T03:53:32Z,check,check:227af97fcb15,51.917824,4.445309,False,False,bicycle,electric_assist
2026-04-07T03:53:32Z,check,check:1458c3e4b22f,51.917271,4.523051,False,False,bicycle,electric_assist
2026-04-07T03:53:32Z,check,check:590349db8b10,51.917105,4.523283,False,False,bicycle,electric_assist
2026-04-07T03:53:32Z,check,check:987d8463d78e,51.935793,4.490579,False,False,bicycle,electric_assist
2026-04-07T03:53:32Z,check,check:ccc2e1cafc98,51.946773,4.488317,False,False,bicycle,electric_assist
2026-04-07T03:53:32Z,check,check:b4e9786a6e76,51.917402,4.491647,False,False,bicycle,electric_assist
2026-04-07T03:53:32Z,check,check:a8d1a0d46c30,51.893972,4.493713,False,False,bicycle,electric_assist
2026-04-07T03:53:32Z,check,check:07e42906ac35,51.921255,4.46589,False,False,bicycle,electric_assist
2026-04-07T03:53:32Z,check,check:287b6abe121c,51.912825,4.52217,False,False,bicycle,electric_assist
2026-04-07T03:53:32Z,check,check:4b03360beecb,51.892375,4.530681,False,False,bicycle,electric_assist
2026-04-07T03:53:32Z,check,check:84418251eea9,51.909316,4.523527,False,False,bicycle,electric_assist
2026-04-07T03:53:32Z,check,check:f98690b6361c,51.965909,4.501871,False,False,bicycle,electric_assist
2026-04-07T03:53:32Z,check,check:f9b20362ad5e,51.939014,4.495844,False,False,bicycle,electric_assist
2026-04-07T03:53:32Z,check,check:98fa0fa6f9e8,51.963361,4.554688,False,False,bicycle,electric_assist
2026-04-07T03:53:32Z,check,check:e1f7a49cca5f,51.929732,4.506464,False,False,bicycle,electric_assist
2026-04-07T03:53:32Z,check,check:03609447871a,51.955303,4.510747,False,False,bicycle,electric_assist
2026-04-07T03:53:32Z,check,check:61f39460abc0,51.928009,4.547558,False,False,bicycle,electric_assist
2026-04-07T03:53:32Z,check,check:cd6bbcdebe08,51.962221,4.502397,False,False,bicycle,electric_assist
2026-04-07T03:53:32Z,check,check:9aa89fadafb1,51.931745,4.491669,False,False,bicycle,electric_assist
2026-04-07T03:53:32Z,check,check:4d402d3202aa,51.93309,4.453809,False,False,bicycle,electric_assist
2026-04-07T03:53:32Z,check,check:372e3142f4e3,51.904186,4.466599,False,False,bicycle,electric_assist
2026-04-07T03:53:32Z,check,check:9139513703fe,51.92507,4.491697,False,False,bicycle,electric_assist
2026-04-07T03:53:32Z,check,check:15b37cb92db7,51.886451,4.52913,False,False,bicycle,electric_assist
2026-04-07T03:53:32Z,check,check:1c472e5eae9a,51.933182,4.500211,False,False,bicycle,electric_assist
2026-04-07T03:53:32Z,check,check:26fa53ab2393,51.916185,4.526855,False,False,bicycle,electric_assist
2026-04-07T03:53:32Z,check,check:2a26ea11fa65,51.928107,4.462652,False,False,bicycle,electric_assist
2026-04-07T03:53:32Z,check,check:a2def98fe69b,51.931831,4.498964,False,False,bicycle,electric_assist
2026-04-07T03:53:32Z,check,check:af3099cad6db,51.963083,4.488191,False,False,bicycle,electric_assist
2026-04-07T03:53:32Z,check,check:e752719c9261,51.871358,4.495135,False,False,bicycle,electric_assist
2026-04-07T03:53:32Z,check,check:68918a98cc78,51.951392,4.470523,False,False,bicycle,electric_assist
2026-04-07T03:53:32Z,check,check:c776560557cf,51.935208,4.497565,False,False,bicycle,electric_assist
2026-04-07T03:53:32Z,check,check:3dca726db8b3,51.916117,4.527223,False,False,bicycle,electric_assist
2026-04-07T03:53:32Z,check,check:1e3542975e89,51.928018,4.547478,False,False,bicycle,electric_assist
2026-04-07T03:53:32Z,check,check:93051b306288,51.92966,4.491091,False,False,bicycle,electric_assist
2026-04-07T03:53:32Z,check,check:bc57083cbf38,51.905908,4.498463,False,False,bicycle,electric_assist
2026-04-07T03:53:32Z,check,check:cc673907cd87,51.933905,4.539881,False,False,bicycle,electric_assist
2026-04-07T03:53:32Z,check,check:6741b12cc619,51.910836,4.461007,False,False,bicycle,electric_assist
2026-04-07T03:53:32Z,check,check:3fe758fcc0e4,51.905878,4.450092,False,False,bicycle,electric_assist
2026-04-07T03:53:32Z,check,check:d73839e18259,51.934139,4.457338,False,False,bicycle,electric_assist
2026-04-07T03:53:32Z,check,check:94f539d6fc18,51.925631,4.486519,False,False,bicycle,electric_assist
2026-04-07T03:53:32Z,check,check:773427baba47,51.912825,4.522189,False,False,bicycle,electric_assist
2026-04-07T03:53:32Z,check,check:4ccb3ba988e3,51.914016,4.427422,False,False,bicycle,electric_assist
2026-04-07T03:53:32Z,check,check:d288047f83ee,51.908618,4.50469,False,False,bicycle,electric_assist
2026-04-07T03:53:32Z,check,check:c1eac9af8b16,51.968678,4.484704,False,False,bicycle,electric_assist
2026-04-07T03:53:32Z,check,check:87f6f2f51301,51.916098,4.526852,False,False,bicycle,electric_assist
2026-04-07T03:53:32Z,check,check:0f6743feb159,51.913994,4.447475,False,False,bicycle,electric_assist
2026-04-07T03:53:32Z,check,check:8254a99f6b49,51.911774,4.435633,False,False,bicycle,electric_assist
2026-04-07T03:53:32Z,check,check:1e5661fd82b6,51.911774,4.435694,False,False,bicycle,electric_assist
2026-04-07T03:53:32Z,check,check:26e37019c024,51.957328,4.486407,False,False,bicycle,electric_assist
2026-04-07T03:53:32Z,check,check:611ad0747000,51.933891,4.53991,False,False,bicycle,electric_assist
2026-04-07T03:53:32Z,check,check:3ac1930c1f95,51.876837,4.470129,False,False,bicycle,electric_assist
2026-04-07T03:53:32Z,check,check:1cbcc73f105c,51.950631,4.564502,False,False,bicycle,electric_assist
2026-04-07T03:53:32Z,check,check:47e5567c4579,51.921719,4.492932,False,False,bicycle,electric_assist
2026-04-07T03:53:32Z,check,check:c9c5db6a5b7a,51.91606,4.527012,False,False,bicycle,electric_assist
2026-04-07T03:53:32Z,check,check:c43dbe5ca61a,51.911819,4.435906,False,False,bicycle,electric_assist
2026-04-07T03:53:32Z,check,check:5505074c8bf5,51.938953,4.495813,False,False,bicycle,electric_assist
2026-04-07T03:53:32Z,check,check:047ed3ca46cc,51.891605,4.472598,False,False,bicycle,electric_assist
2026-04-07T03:53:32Z,check,check:404b231f86b4,51.909269,4.52355,False,False,bicycle,electric_assist
2026-04-07T03:53:32Z,check,check:8a0aad1a5519,51.918565,4.511254,False,False,bicycle,electric_assist
2026-04-07T03:53:32Z,check,check:1d484d766d50,51.948674,4.543832,False,False,bicycle,electric_assist
2026-04-07T03:53:32Z,check,check:2d92c888bde1,51.90292,4.442661,False,False,bicycle,electric_assist
2026-04-07T03:53:32Z,check,check:2701b61b9762,51.917042,4.523259,False,False,bicycle,electric_assist
2026-04-07T03:53:32Z,check,check:909d62247c1c,51.964466,4.530184,False,False,bicycle,electric_assist
2026-04-07T03:53:32Z,check,check:20bdeb14545b,51.935393,4.492187,False,False,bicycle,electric_assist
2026-04-07T03:53:32Z,check,check:0f493dcf7366,51.905698,4.474159,False,False,bicycle,electric_assist
2026-04-07T03:53:32Z,check,check:3e9c0c95c144,51.920885,4.526597,True,False,bicycle,electric_assist
2026-04-07T03:53:32Z,check,check:fd483bc5678c,51.949282,4.432666,False,False,bicycle,electric_assist
2026-04-07T03:53:32Z,check,check:1b5093a72c61,51.914545,4.487574,False,False,bicycle,electric_assist
2026-04-07T03:53:32Z,check,check:58f609778c11,51.917075,4.523317,False,False,bicycle,electric_assist
2026-04-07T03:53:32Z,check,check:1bff71748926,51.929922,4.507523,False,False,bicycle,electric_assist
2026-04-07T03:53:32Z,check,check:4b2366ab1e47,51.902872,4.445571,False,False,bicycle,electric_assist
2026-04-07T03:53:32Z,check,check:6e1b2261ccb2,51.911789,4.435663,False,False,bicycle,electric_assist
2026-04-07T03:53:32Z,check,check:396f83198e1f,51.925452,4.466364,False,False,bicycle,electric_assist
2026-04-07T03:53:32Z,check,check:0d5ddb0a944f,51.892573,4.464914,False,False,bicycle,electric_assist
2026-04-07T03:53:32Z,check,check:85b72b9b75b3,51.933167,4.500226,False,False,bicycle,electric_assist
2026-04-07T03:53:32Z,check,check:1f94c4376c4e,51.917127,4.523329,False,False,bicycle,electric_assist
2026-04-07T03:53:32Z,check,check:72bcb7709770,51.945139,4.541548,False,False,bicycle,electric_assist
2026-04-07T03:53:32Z,check,check:a7978998d889,51.94315,4.542394,False,False,bicycle,electric_assist
2026-04-07T03:53:32Z,check,check:1b19610e27d5,51.941863,4.546491,False,False,bicycle,electric_assist
2026-04-07T03:53:32Z,check,check:afb136df18cd,51.912857,4.457966,False,False,bicycle,electric_assist
2026-04-07T03:53:32Z,check,check:eb114009aede,51.925373,4.519738,False,False,bicycle,electric_assist
2026-04-07T03:53:32Z,check,check:1966fbc3f111,51.919055,4.418241,False,False,bicycle,electric_assist
2026-04-07T03:53:32Z,check,check:4887da9fa27c,51.928354,4.545666,False,False,bicycle,electric_assist
2026-04-07T03:53:32Z,check,check:90b677b5af15,51.911357,4.50475,False,False,bicycle,electric_assist
2026-04-07T03:53:32Z,check,check:575e4a371bee,51.933135,4.466847,False,False,bicycle,electric_assist
