fetch_timestamp,stop_id,name,lat,lon,bike_capacity,bikes_available,spaces_available
2026-03-18T02:56:42.031069,bc839806-a5b1-11f0-ab44-baed9603afbb,Van het Hoffplein (Boerhavelaan),51.916219132,4.412005574,8,3,9999
2026-03-18T02:56:42.031069,2c632780-a8de-11ef-8778-d2279db84567,BH Schuttevaerweg,51.922420472,4.434869706,10,1,9999
2026-03-18T02:56:42.031069,a3c07f10-a5b5-11f0-b05b-baed9603afbb,HUB Hoofdbrug,51.908705902,4.406131267,8,2,9999
2026-03-18T02:56:42.031069,b9bfe680-fbc4-11ee-b58d-569a23b994be,Trompenburg 2,51.917638379,4.518889893,10,2,8
2026-03-18T02:56:42.031069,3c659862-a8dd-11ef-8778-d2279db84567,BH Mayflowerstraat,51.905015647,4.440161906,10,10,9999
2026-03-18T02:56:42.031069,e0a4baca-a748-11ef-8778-d2279db84567,BH Mariniersweg,51.920853425,4.490979502,10,2,9999
2026-03-18T02:56:42.031069,c35c448e-06fc-11ef-b58d-569a23b994be,BH Jacob van Campenweg ,51.942434165,4.537976212,7,6,9999
2026-03-18T02:56:42.031069,438486f4-a5b6-11f0-a150-baed9603afbb,HUB Koemarkt ingang garage,51.914517902,4.401917461,6,3,9999
2026-03-18T02:56:42.031069,365f4a3e-a5b3-11f0-ab44-baed9603afbb,Rubensplein,51.911712719,4.383665134,6,0,9999
2026-03-18T02:56:42.031069,a85b996e-fe23-11ee-b58d-569a23b994be,BH Dirk van der Kooijweg (Waterleliesingel),51.953796964,4.52009166,10,1,9999
2026-03-18T02:56:42.031069,19e2de56-b5d8-11ee-9ae6-5263e3f30f1e,BH STC Waalhaven,51.878297275,4.448759787,10,0,9999
2026-03-18T02:56:42.031069,c6c213ee-ed18-11ef-9957-f683e5eb607c,BH Langenhorst (Binkhorst),51.877310029,4.494737503,10,2,9999
2026-03-18T02:56:42.031069,3366f8b0-a8dc-11ef-8778-d2279db84567,BH Vierhavenstraat (WoonEnzo),51.907777562,4.438830385,4,6,9999
2026-03-18T02:56:42.031069,04a89aea-a5b3-11f0-ab44-baed9603afbb,Groenelaan Hagastraat (Winkelcentrum),51.907303396,4.402285408,4,2,9999
2026-03-18T02:56:42.031069,32638aa6-a5b5-11f0-9f09-baed9603afbb,HUB Laan van Bol'es,51.928443203,4.370771711,10,3,9999
2026-03-18T02:56:42.031069,291c2f72-a749-11ef-8778-d2279db84567,BH Westzeedijk,51.909321622,4.471436479,10,5,9999
2026-03-18T02:56:42.031069,abd627be-67bb-11f0-91de-5eaa9feacc9b,BH Schiekade (Heer Bokelweg),51.927133058,4.476309832,10,0,9999
2026-03-18T02:56:42.031069,8948d5a4-b094-11ef-b6d3-56d88772ab1a,BH Duivenpad,51.964922912,4.498254116,8,4,9999
2026-03-18T02:56:42.031069,227e8c1e-be97-11ee-9ae6-5263e3f30f1e,HUB Metrostation Troelstralaan,51.915742295,4.384972326,10,0,9999
2026-03-18T02:56:42.031069,0af509a8-06f7-11ef-b58d-569a23b994be,BH Beethovensingel,51.96114919,4.505141448,10,6,9999
2026-03-18T02:56:42.031069,dc06f296-1768-11ef-8071-42f0fecaeb6a,BH Prins Alexanderlaan (Oosterflank),51.946646256,4.553811478,12,1,9999
2026-03-18T02:56:42.031069,221af3ce-7fe1-11ee-bb01-c602c1905375,BH Metro Prinsenlaan,51.940647564,4.556931306,10,2,9999
2026-03-18T02:56:42.031069,a793d6ba-edc8-11ee-a9f0-82366b51b915,BH Infirmeriestraat,51.922255603,4.502265891,10,5,9999
2026-03-18T02:56:42.031069,0359e1a2-bdb3-11ed-b1e6-fa4fb8e2990b,RK Rosestraat 11C,51.902954022,4.511377745,10,10,9999
2026-03-18T02:56:42.031069,87f07e20-9e78-11ee-a91e-ee69b7c7763e,BH Marconistraat (Lee Towers),51.912441021,4.430411189,14,6,9999
2026-03-18T02:56:42.031069,f539bd6e-06f8-11ef-b58d-569a23b994be,BH Meijersplein,51.955657978,4.463033845,8,2,9999
2026-03-18T02:56:42.031069,70f0801a-8071-11ed-b1e6-fa4fb8e2990b,RK treinstation Lombardijen,51.88057913,4.531905572,30,2,9999
2026-03-18T02:56:42.031069,43752ffc-a8db-11ef-8778-d2279db84567,BH Pieter de Hoochweg,51.906316301,4.459985731,6,6,9999
2026-03-18T02:56:42.031069,b35ddad8-ab08-11ef-8778-d2279db84567,HUB Rotterdamsedijk 272,51.914957692,4.40343084,8,1,9999
2026-03-18T02:56:42.031069,9b1fa0f6-ae3c-11ee-a91e-ee69b7c7763e,BH Winkelhart Plein 1953,51.874842065,4.467889739,10,1,9999
2026-03-18T02:56:42.031069,8bd90878-0884-11f0-9a47-66143dd92f22,RK Molenvliet,51.882626536,4.521159806,10,2,9999
2026-03-18T02:56:42.031069,45450b66-a5b2-11f0-ab44-baed9603afbb,Maasdijk (Gustoweg),51.906629018,4.412009895,6,1,9999
2026-03-18T02:56:42.031069,4de2effe-f068-11ef-ba40-0ea3ed1ae564,HUB Hof van Spaland - Vlaardingseweg,51.935841728,4.376077923,4,1,9999
2026-03-18T02:56:42.031069,d38c6468-06fe-11ef-b58d-569a23b994be,BH Kleine Beer,51.950902127,4.555051083,6,0,9999
2026-03-18T02:56:42.031069,e552904e-182b-11ef-a8d1-42f0fecaeb6a,BH Metrostation Hesseplaats,51.963345229,4.554510684,10,3,9999
2026-03-18T02:56:42.031069,1826196c-b162-11ef-bdcd-5adc5d29ed54,BH Bentincklaan (Diergaarde Blijdorp),51.92572504,4.454794024,10,4,9999
2026-03-18T02:56:42.031069,8a1e5ed0-1c9e-11ee-8219-8ed3b2364c4f,BH Sparta stadion,51.920151368,4.434428835,20,16,9999
2026-03-18T02:56:42.031069,d3c9003c-b486-11ee-9ae6-5263e3f30f1e,BH Oostzeedijk Beneden,51.922514244,4.503092963,10,11,9999
2026-03-18T02:56:42.031069,552a82b8-b094-11ef-b6d3-56d88772ab1a,BH Hockeyclub Rotterdam,51.96869974,4.484731647,25,6,9999
2026-03-18T02:56:42.031069,cb3f6d1c-a746-11ef-8778-d2279db84567,BH Vasteland (AH),51.911537089,4.478368712,10,8,9999
2026-03-18T02:56:42.031069,d4a8557a-eabd-11ef-ac99-aa7241d1fb4f,HUB Admiraal Trompstraat (Huisman),51.908834504,4.381923039,8,0,9999
2026-03-18T02:56:42.031069,00e8b3de-9e82-11ee-a91e-ee69b7c7763e,BH Jacques Dutilhweg,51.927993284,4.5475155,10,7,9999
2026-03-18T02:56:42.031069,d868fe52-36e5-11f0-ab1d-9ae3af3bf913,BH Sluisjesdijk,51.894714517,4.461900478,10,6,0
2026-03-18T02:56:42.031069,4338fed2-edbb-11ee-a9f0-82366b51b915,BH Oostzeedijk Beneden 2,51.921653595,4.507031037,10,9,9999
2026-03-18T02:56:42.031069,2c82bb9a-217b-11ee-8219-8ed3b2364c4f,Hub Weena,51.922738296,4.469181329,142,0,9999
2026-03-18T02:56:42.031069,96f5cbdc-06f6-11ef-b58d-569a23b994be,BH Argonautenweg,51.959086712,4.49354982,10,1,9999
2026-03-18T02:56:42.031069,2f51713e-32b7-11ee-8219-8ed3b2364c4f,Hub P+R Capelsebrug,51.920991793,4.559215491,18,3,9999
2026-03-18T02:56:42.031069,62b0255a-9e7a-11ee-a91e-ee69b7c7763e,BH Vierhavenstraat,51.910327597,4.434992993,16,0,9999
2026-03-18T02:56:42.031069,2b10524e-06f5-11ef-b58d-569a23b994be,BH Piet van der Polsingel,51.950618784,4.518612648,8,1,9999
2026-03-18T02:56:42.031069,47070056-06fa-11ef-b58d-569a23b994be,BH Metrostation Schenkel,51.931770435,4.56406792,12,3,9999
2026-03-18T02:56:42.031069,7a8c12ba-91ab-11ed-b1e6-fa4fb8e2990b,BH Metrostation Slinge,51.874526023,4.477872534,15,4,9999
2026-03-18T02:56:42.031069,026045c6-8530-11ee-bb01-c602c1905375,BH Winkelhart Katendrechtse Lagedijk,51.891184937,4.479440034,10,7,9999
2026-03-18T02:56:42.031069,9d9bb8ec-4bd1-11ee-bb01-c602c1905375,BH Marconiplein,51.913319277,4.432514448,10,4,9999
2026-03-18T02:56:42.031069,8330f3ca-a5b4-11f0-ab44-baed9603afbb,Fokkerstraat Plesmanstraat,51.929694009,4.399576614,4,0,9999
2026-03-18T02:56:42.031069,5b842034-5331-11f0-ab1d-9ae3af3bf913,BH Walenburgerweg,51.926698659,4.462629155,10,8,9999
2026-03-18T02:56:42.031069,a08059b6-b484-11ee-9ae6-5263e3f30f1e,BH Metrostation Gerdesiaweg,51.925444134,4.506155972,10,12,9999
2026-03-18T02:56:42.031069,2f718c84-8911-11ee-bb01-c602c1905375,BH Metro Dijkzigt - EMC,51.911789199,4.466334846,20,13,9999
2026-03-18T02:56:42.031069,f58e41fc-1c9f-11ee-8219-8ed3b2364c4f,BH Heemraadsplein,51.912322959,4.455058085,10,5,9999
2026-03-18T02:56:42.031069,79fdd038-34b8-11f0-ab1d-9ae3af3bf913,BH RTHA Airport,51.94924845,4.432611987,10,5,0
2026-03-18T02:56:42.031069,1c41897e-596e-11ef-bed6-aa139991deb4,HUB Metrostation Nieuwland / Bijdorpplein,51.922583819,4.38260008,10,0,9999
2026-03-18T02:56:42.031069,a57d027c-8912-11ee-bb01-c602c1905375,BH Delftse Poort,51.924408145,4.472816464,10,5,9999
2026-03-18T02:56:42.031069,6383849a-2038-11f0-ab1d-9ae3af3bf913,BH - Kralingsebos (Langepad),51.936318565,4.506197017,10,2,9999
2026-03-18T02:56:42.031069,e90e9332-06f5-11ef-b58d-569a23b994be,BH Burgemeester Le Fèvre de Montignylaan,51.957620055,4.501711782,10,0,9999
2026-03-18T02:56:42.031069,5cb3ffde-bdaf-11ed-b1e6-fa4fb8e2990b,RK Stadionlaan,51.892328813,4.530682857,10,6,9999
2026-03-18T02:56:42.031069,02bed1f8-8392-11ee-bb01-c602c1905375,BH Station Alexander,51.951735827,4.551049232,10,1,9999
2026-03-18T02:56:42.031069,08d5cf66-8ab2-11ee-bb01-c602c1905375,BH Winkelhart Asterlo,51.873536387,4.483591736,10,0,9999
2026-03-18T02:56:42.031069,0e51e024-c757-11ee-9ae6-5263e3f30f1e,BH Metrostation Binnenhof,51.960437867,4.535372966,10,2,9999
2026-03-18T02:56:42.031069,409f87f6-890f-11ee-bb01-c602c1905375,BH Metro Beurs,51.917806013,4.480107053,8,0,9999
2026-03-18T02:56:42.031069,d6a7cd26-4d08-11f0-ab1d-9ae3af3bf913,BH - Oudehoofdplein-Haringvliet,51.918979475,4.49384405,10,5,9999
2026-03-18T02:56:42.031069,f0ad9b92-1767-11ef-8071-42f0fecaeb6a,BH Prinsenlaan,51.937206457,4.536127586,10,0,9999
2026-03-18T02:56:42.031069,f06fd44c-2035-11f0-ab1d-9ae3af3bf913,BH Boezemlaan,51.938982631,4.495864471,10,14,9999
2026-03-18T02:56:42.031069,8d91a90c-9e83-11ee-a91e-ee69b7c7763e,BH Kraaierstraat,51.91909698,4.418192898,8,4,9999
2026-03-18T02:56:42.031069,a2671a36-bdad-11ed-b1e6-fa4fb8e2990b,RK Dwarsdijk,51.893055987,4.539201504,10,7,9999
2026-03-18T02:56:42.031069,376a5cda-06f8-11ef-b58d-569a23b994be,BH Ganzerikplein,51.958953276,4.471584016,10,4,9999
2026-03-18T02:56:42.031069,5cdd9872-b096-11ef-b6d3-56d88772ab1a,BH Wilgenplaslaan/ Meidoornsingel,51.953868042,4.468211582,7,3,9999
2026-03-18T02:56:42.031069,952a3e78-a8db-11ef-8778-d2279db84567,BH Lloydstraat,51.902214281,4.461287644,10,5,9999
2026-03-18T02:56:42.031069,a6fa0910-8067-11ed-b1e6-fa4fb8e2990b,BH Stadion Fey (Bert Heesakkerstr.),51.896805818,4.521735582,50,0,9999
2026-03-18T02:56:42.031069,a1337d02-e018-11ed-a249-96cdaf8f7240,BH Sint Franciscus,51.942171146,4.460534407,25,7,9999
2026-03-18T02:56:42.031069,d3cea108-8285-11f0-ab44-baed9603afbb,BH - Ratelaarweg,51.967431611,4.463349689,10,0,9999
2026-03-18T02:56:42.031069,3bef7002-bdb5-11ed-b1e6-fa4fb8e2990b,RK Breeweg,51.890630632,4.514261169,10,2,9999
2026-03-18T02:56:42.031069,8c90734c-45bb-11ee-8219-8ed3b2364c4f,BH Coen Moulijnweg,51.893813253,4.526876329,42,6,9999
2026-03-18T02:56:42.031069,1b098490-2037-11f0-ab1d-9ae3af3bf913,BH Karmelweg,51.933461291,4.5029394,8,6,9999
2026-03-18T02:56:42.031069,23348a06-bdb1-11ed-b1e6-fa4fb8e2990b,RK Guido Gezelleweg,51.87434607,4.523238145,10,8,9999
2026-03-18T02:56:42.031069,66824038-37b2-11ef-a21a-8e54a72a50da,HUB Metrostation Parkweg / Zuidzijde,51.921443238,4.39475836,10,0,7
2026-03-18T02:56:42.031069,2c127298-ff25-11ef-a79f-a65a77daff90,BH Aert van Nesstraat,51.921141166,4.478916173,8,0,9999
2026-03-18T02:56:42.031069,cde445c6-a744-11ef-8778-d2279db84567,BH Groenendaal,51.921685178,4.492944049,6,5,9999
2026-03-18T02:56:42.031069,97c6a1c2-a8da-11ef-8778-d2279db84567,BH Henegouwerplein,51.921807589,4.460561523,10,5,9999
2026-03-18T02:56:42.031069,e68d5642-a5b5-11f0-b6c1-baed9603afbb,HUB NS Station Schiedam Centrum/ Professor Kamerlingh Onneslaan,51.92071744,4.408262487,12,3,9999
2026-03-18T02:56:42.031069,82623a40-bda3-11ed-b1e6-fa4fb8e2990b,RK Rosestraat,51.91100607,4.501308573,10,6,9999
2026-03-18T02:56:42.031069,b7353df6-b485-11ee-9ae6-5263e3f30f1e,BH Metrostation Kralingsezoom (Gravenweg),51.921751706,4.533850265,10,5,9999
2026-03-18T02:56:42.031069,6c34980a-bb92-11ef-a02d-6ea8ed91bd56,BH Gordelweg (Lidl),51.940472428,4.479798999,4,1,9999
2026-03-18T02:56:42.031069,5904bd1a-a5b5-11f0-b05b-baed9603afbb,HUB Hof van Spaland - Bachplein,51.934889388,4.374726808,8,3,9999
2026-03-18T02:56:42.031069,32ca5fd0-8126-11ed-b1e6-fa4fb8e2990b,RK Vuurplaat,51.906526668,4.505838102,10,2,9999
2026-03-18T02:56:42.031069,f94a1ff6-b095-11ef-b6d3-56d88772ab1a,BH Bm Le Fèvre de Montignylaan/ Jeroen Boschlaan,51.955641943,4.505982462,6,1,9999
2026-03-18T02:56:42.031069,4228b402-8537-11ee-bb01-c602c1905375,BH Tongelaarweg,51.895280064,4.563514996,10,0,9999
2026-03-18T02:56:42.031069,6f66a60c-36e5-11f0-ab1d-9ae3af3bf913,BH Lloydpier,51.904487669,4.460458303,8,6,0
2026-03-18T02:56:42.031069,7d81b63e-a5b5-11f0-b05b-baed9603afbb,HUB 's Gravelandseweg,51.932091958,4.401924037,6,0,9999
2026-03-18T02:56:42.031069,a3dbb322-8121-11ed-b1e6-fa4fb8e2990b,RK Metrostation Rijnhaven ,51.902216981,4.49610172,15,11,9999
2026-03-18T02:56:42.031069,cf23b50e-9ad0-11f0-ab44-baed9603afbb,BH Natuurhistorisch museum,51.911022288,4.472728259,12,0,9999
2026-03-18T02:56:42.031069,d55243f6-182b-11ef-a8d1-42f0fecaeb6a,BH Siciliëboulevard ,51.97996654,4.580859756,10,0,9999
2026-03-18T02:56:42.031069,e0f7ef36-a5b4-11f0-ab44-baed9603afbb,Havenstraat einde (digitale testhub),51.900396883,4.398614319,12,0,9999
2026-03-18T02:56:42.031069,05d1d708-eabd-11ef-88c2-aa7241d1fb4f,HUB De Thermen ,51.927426752,4.380236246,8,0,9999
2026-03-18T02:56:42.031069,b3381a7a-2036-11f0-ab1d-9ae3af3bf913,BH Oudedijk / de Nieuwe Plantage,51.929149075,4.505248613,8,1,9999
2026-03-18T02:56:42.031069,8b480576-eabc-11ee-a9f0-82366b51b915,BH Schiedamseweg Beneden,51.914135146,4.422297364,5,7,9999
2026-03-18T02:56:42.031069,89a2f1d2-a5b3-11f0-ab44-baed9603afbb,Metrostation Vijfsluizen,51.908108215,4.37254105,8,1,9999
2026-03-18T02:56:42.031069,e50f3d1e-f069-11ef-9ed7-0ea3ed1ae564,HUB Oranjestraat - Lange Nieuwstraat,51.913368472,4.40030457,5,1,9999
2026-03-18T02:56:42.031069,4c1b19a4-d0a1-11ee-8b0e-065810cc8d78,BH Elandstraat,51.910800072,4.553878993,10,7,9999
2026-03-18T02:56:42.031069,bbbba24e-806e-11ed-b1e6-fa4fb8e2990b,RK P+R Noorderhelling,51.894761016,4.532122707,15,1,9999
2026-03-18T02:56:42.031069,3ac0b682-8129-11ed-b1e6-fa4fb8e2990b,RK Cor Kieboomplein,51.896922039,4.523502821,15,3,9999
2026-03-18T02:56:42.031069,5a3ffbf4-37b1-11ef-a21a-8e54a72a50da,HUB Metrostation Nieuwland / Van Limburg Stirumstraat,51.922446663,4.38308784,6,0,3
2026-03-18T02:56:42.031069,5d8d12a2-a5b4-11f0-ab44-baed9603afbb,Van Heekstraat,51.931167557,4.406024405,4,0,9999
2026-03-18T02:56:42.031069,f251d6e8-0b82-11ef-b58d-569a23b994be,BH Metrostation Graskruid ,51.956473743,4.550010233,8,3,9999
2026-03-18T02:56:42.031069,a4d2ea7c-b2f0-11ef-aa57-62870c7808bb,BH 2e Hogenbanweg,51.936951327,4.427707182,8,2,9999
2026-03-18T02:56:42.031069,75ba0d1a-2037-11f0-ab1d-9ae3af3bf913,BH Stadhoudersweg,51.931417737,4.461484988,10,8,9999
2026-03-18T02:56:42.031069,bc6b0d7e-a745-11ef-8778-d2279db84567,BH Goudsewagenstraat,51.923224462,4.493552746,8,12,9999
2026-03-18T02:56:42.031069,0f37eafc-8912-11ee-bb01-c602c1905375,BH Metro Oostplein,51.922677789,4.497608825,10,15,9999
2026-03-18T02:56:42.031069,aed7c2fa-8123-11ed-b1e6-fa4fb8e2990b,RK Groene Hilledijk/Beijerlandselaan,51.893806789,4.509452258,10,2,9999
2026-03-18T02:56:42.031069,c76f0318-bb92-11ef-a02d-6ea8ed91bd56,BH NS Centraal Station (Stationssingel),51.925399994,4.466148375,10,5,9999
2026-03-18T02:56:42.031069,361a368c-a5b4-11f0-ab44-baed9603afbb,Sportpark Haga (Epke Zonderlandstraat),51.921919868,4.370918199,8,2,9999
2026-03-18T02:56:42.031069,f4c0fe5e-02d6-11ef-b58d-569a23b994be,BH Paulus Potterstraat,51.9228414,4.508497696,10,6,9999
2026-03-18T02:56:42.031069,48cbf66e-9f15-11ee-a91e-ee69b7c7763e,BH Franselaan,51.917379138,4.420463507,10,11,9999
2026-03-18T02:56:42.031069,e9735b4e-7da7-11f0-ab44-baed9603afbb,BH Veldkersweg,51.966835673,4.46657292,8,3,9999
2026-03-18T02:56:42.031069,4b1ac684-bb93-11ef-a02d-6ea8ed91bd56,BH Noorderkanaalweg,51.940525593,4.472984586,9,5,9999
2026-03-18T02:56:42.031069,033a9392-3700-11f0-ab1d-9ae3af3bf913,BH Herman Bavinckstraat,51.915067882,4.521446921,10,3,9999
2026-03-18T02:56:42.031069,ffe8c3e8-a8da-11ef-8778-d2279db84567,BH Mathenesserplein,51.917836602,4.44508891,8,13,9999
2026-03-18T02:56:42.031069,e377069a-ff63-11ef-a79f-a65a77daff90,BH Kralingsebos Bosdreef/Pr. Beatrixlaan,51.93789612,4.501689644,8,6,9999
2026-03-18T02:56:42.031069,7af95f9c-a747-11ef-8778-d2279db84567,BH Kruisplein,51.92228569,4.47138789,6,2,9999
2026-03-18T02:56:42.031069,4c50cb7a-bdb6-11ed-b1e6-fa4fb8e2990b,RK Olympiaweg,51.886462746,4.529133302,10,3,9999
2026-03-18T02:56:42.031069,a694ef4e-36e5-11f0-ab1d-9ae3af3bf913,BH Neushoornstraat,51.913041554,4.553743002,6,1,0
2026-03-18T02:56:42.031069,be56ca62-8120-11ed-b1e6-fa4fb8e2990b,RK P+R Beverwaard,51.885771514,4.568986239,10,1,9999
2026-03-18T02:56:42.031069,d5af3bc4-806a-11ed-b1e6-fa4fb8e2990b,BH Kievitslaan,51.907226862,4.473300159,17,8,9999
2026-03-18T02:56:42.031069,dd006abc-a5b3-11f0-ab44-baed9603afbb,Havenstraat,51.903204365,4.398004897,8,0,9999
2026-03-18T02:56:42.031069,6f09af84-eabe-11ee-a9f0-82366b51b915,BH Delftseplein ,51.925206514,4.474011701,14,7,9999
2026-03-18T02:56:42.031069,1cfb89ec-806b-11ed-b1e6-fa4fb8e2990b,BH Westplein,51.908912961,4.478583441,10,11,9999
2026-03-18T02:56:42.031069,12fc10a4-bb94-11ef-a02d-6ea8ed91bd56,BH Noordplein,51.930251975,4.483699175,10,3,9999
2026-03-18T02:56:42.031069,276e8d26-bda0-11ed-b1e6-fa4fb8e2990b,RK Strevelsweg,51.889634937,4.495943368,15,0,9999
2026-03-18T02:56:42.031069,9e066470-2038-11f0-ab1d-9ae3af3bf913,BH Kralinger Esch,51.911179823,4.524762065,9,19,9999
2026-03-18T02:56:42.031069,9b1f0aaa-8125-11ed-b1e6-fa4fb8e2990b,RK Slaghekstraat - Beijerlandselaan,51.897574833,4.511261604,10,0,9999
2026-03-18T02:56:42.031069,b8c81048-2037-11f0-ab1d-9ae3af3bf913,BH Van Maanenstraat,51.932279316,4.464280453,6,3,9999
2026-03-18T02:56:42.031069,1f4ff66c-bdb8-11ed-b1e6-fa4fb8e2990b,RK Van der Takstraat ,51.914243737,4.496045621,10,7,9999
2026-03-18T02:56:42.031069,3b523cee-5c94-11f0-ab1d-9ae3af3bf913,BH - Wilhelminapier,51.90698281,4.489727426,14,1,9999
2026-03-18T02:56:42.031069,e8d292d2-039a-11ef-b58d-569a23b994be,BH Mia van Yperenplein ,51.928414546,4.545678043,10,3,9999
2026-03-18T02:56:42.031069,12daf18a-8068-11ed-b1e6-fa4fb8e2990b,BH Treinst. Lombardijen (Aesopusplaats),51.880478018,4.530040287,10,3,9999
2026-03-18T02:56:42.031069,558e4a5a-eaba-11ee-a9f0-82366b51b915,BH Blijdorplaan ,51.927389289,4.440437692,22,15,9999
2026-03-18T02:56:42.031069,5a8de282-36ee-11f0-ab1d-9ae3af3bf913,BH van Blommesteynweg,51.888148155,4.460842726,10,0,9999
2026-03-18T02:56:42.031069,078569ee-a5b5-11f0-ab44-baed9603afbb,Nieuwe Waterwegstraat (digitale testhub),51.900682979,4.390873601,12,0,9999
2026-03-18T02:56:42.031069,8e5dd27e-06fd-11ef-b58d-569a23b994be,BH Prins Alexanderplein,51.951040272,4.553684972,14,0,9999
2026-03-18T02:56:42.031069,a6843864-fbc4-11ee-b58d-569a23b994be,Trompenburg 1,51.917696349,4.517981647,10,9,0
2026-03-18T02:56:42.031069,5b583480-a8da-11ef-8778-d2279db84567,BH Duyststraat,51.910073429,4.452225738,8,10,9999
2026-03-18T02:56:42.031069,2510e9ba-a5b6-11f0-847a-baed9603afbb,Hub Kloosterplaats,51.91675013,4.402112308,6,1,9999
2026-03-18T02:56:42.031069,880e3e72-a8dd-11ef-8778-d2279db84567,BH Spaansebocht,51.917413667,4.430014126,9,1,9999
2026-03-18T02:56:42.031069,b5b3324a-edb9-11ee-a9f0-82366b51b915,BH Siondwarsstraat,51.925261494,4.51053174,10,0,9999
2026-03-18T02:56:42.031069,94b01d94-edc6-11ee-a9f0-82366b51b915,BH Schuttersveld,51.933248028,4.490978921,10,6,9999
2026-03-18T02:56:42.031069,69b33170-edbd-11ee-a9f0-82366b51b915,BH Metro Oostplein 2,51.923145722,4.496820843,10,5,9999
2026-03-18T02:56:42.031069,67d6af9a-f068-11ef-ba40-0ea3ed1ae564,HUB Hof van Spaland - Schiedamseweg,51.934898803,4.378145906,12,2,9999
2026-03-18T02:56:42.031069,4933dd54-9e7c-11ee-a91e-ee69b7c7763e,BH Willem Ruyslaan (Luzac College),51.925421889,4.508669446,10,4,9999
2026-03-18T02:56:42.031069,9f935b6c-b095-11ef-b6d3-56d88772ab1a,BH Bergpolderplein,51.945227242,4.474988047,8,2,9999
2026-03-18T02:56:42.031069,8a2d056c-bb93-11ef-a02d-6ea8ed91bd56,BH NS Station Noord (Bergweg),51.941530048,4.481339526,10,0,9
2026-03-18T02:56:42.031069,4d95ab34-8122-11ed-b1e6-fa4fb8e2990b,RK Metrostation Maashaven ,51.896573582,4.494245173,30,5,9999
2026-03-18T02:56:42.031069,3d015ff0-8394-11ee-bb01-c602c1905375,BH Metrostation Oosterflank,51.945209326,4.555045447,10,1,9999
2026-03-18T02:56:42.031069,defeb050-a747-11ef-8778-d2279db84567,BH Karel Doormanstraat,51.922789549,4.473609692,9,3,9999
2026-03-18T02:56:42.031069,b5dc5454-890f-11ee-bb01-c602c1905375,BH Schilderstraat,51.916377397,4.48142868,8,1,9999
2026-03-18T02:56:42.031069,2f12ae3e-806c-11ed-b1e6-fa4fb8e2990b,BH Winkelcentrum Keizerswaard-Herenw,51.886358391,4.549308056,15,3,9999
2026-03-18T02:56:42.031069,3b6d73a8-805d-11ed-b1e6-fa4fb8e2990b,BH Metrostation Melanchtonweg,51.94881199,4.465233746,10,0,9999
2026-03-18T02:56:42.031069,d5832958-891a-11ee-bb01-c602c1905375,BH Metro Zuidplein (nieuw),51.887180341,4.491554668,10,0,9999
2026-03-18T02:56:42.031069,a535094e-b162-11ef-bdcd-5adc5d29ed54,BH Eudokiaplein,51.932433484,4.47153255,9,6,9999
2026-03-18T02:56:42.031069,437f8dc8-bd9e-11ed-b1e6-fa4fb8e2990b,RK Hillevliet,51.89558515,4.506432514,10,0,9999
2026-03-18T02:56:42.031069,f10d8ab4-9997-11ee-a91e-ee69b7c7763e,BH Shell Hofplein,51.925705456,4.477781355,28,3,9999
2026-03-18T02:56:42.031069,94467720-8127-11ed-b1e6-fa4fb8e2990b,RK Persoonsdam,51.909309099,4.508017165,10,9,9999
2026-03-18T02:56:42.031069,9245444a-2023-11f0-ab1d-9ae3af3bf913,BH Witte de Withstraat,51.915906523,4.478080905,10,2,9999
2026-03-18T02:56:42.031069,49d59348-ff64-11ef-b515-a65a77daff90,BH Bergweg (Dirk van den Broek),51.93856254,4.479465675,6,3,9999
2026-03-18T02:56:42.031069,30fb96bc-8124-11ed-b1e6-fa4fb8e2990b,RK Beverwaardseweg/ Borgharensingel,51.898798338,4.564663375,10,2,9999
2026-03-18T02:56:42.031069,9a1fb404-8ab3-11ee-bb01-c602c1905375,BH Langenhorst ,51.874120882,4.494254863,10,5,9999
2026-03-18T02:56:42.031069,abe67bfa-b096-11ef-b6d3-56d88772ab1a,BH Wilgenplaslaan/ Donkersingel,51.951337599,4.47048253,10,6,9999
2026-03-18T02:56:42.031069,068b0f9c-a8dd-11ef-8778-d2279db84567,BH Vierhavenstraat (Sahan),51.908502395,4.437727106,4,1,9999
2026-03-18T02:56:42.031069,bc0e7e9c-a8da-11ef-8778-d2279db84567,BH Jan van Vuchtstraat,51.917045317,4.460830874,6,9,9999
2026-03-18T02:56:42.031069,8b721818-a5b2-11f0-ab44-baed9603afbb,Lekstraat,51.90446958,4.406985264,6,2,9999
2026-03-18T02:56:42.031069,ad212572-06f7-11ef-b58d-569a23b994be,BH Molenlaan/Grindweg,51.963224537,4.49571068,10,2,9999
2026-03-18T02:56:42.031069,f8828c3e-806d-11ed-b1e6-fa4fb8e2990b,RK Station Rdam Zuid,51.905545015,4.509568537,15,8,9999
2026-03-18T02:56:42.031069,5f71799e-806b-11ed-b1e6-fa4fb8e2990b,BH Willemsplein,51.911118908,4.481894771,17,11,9999
2026-03-18T02:56:42.031069,42824336-bd97-11ed-b1e6-fa4fb8e2990b,RK Groene Hilledijk,51.882726433,4.504266667,10,0,9999
2026-03-18T02:56:42.031069,db6932f4-182b-11ef-a8d1-42f0fecaeb6a,BH Metrostation Nesselande,51.978969273,4.586177782,10,0,9999
2026-03-18T02:56:42.031069,e26322b0-2025-11f0-ab1d-9ae3af3bf913,BH Brielselaan,51.896298935,4.489248091,4,2,9999
2026-03-18T02:56:42.031069,c862b7f2-06fb-11ef-b58d-569a23b994be,BH Prins Alexanderlaan (metrobaan zijde),51.952192324,4.551435621,10,1,9999
2026-03-18T02:56:42.031069,c53689c2-8124-11ed-b1e6-fa4fb8e2990b,RK Peellandstraat / Beesdestraat ,51.888535309,4.567291893,10,5,9999
2026-03-18T02:56:42.031069,8f5d35a0-1834-11ef-8071-42f0fecaeb6a,BH Jan Bijloostraat (Winkelcentrum Lage Land),51.941821995,4.546449269,9,5,9999
2026-03-18T02:56:42.031069,f8fcd3a4-983a-11ef-a85a-be896af2d3a5,BH Rhijnauwensingel,51.892161199,4.569620613,12,4,9999
2026-03-18T02:56:42.031069,118239d4-a5b2-11f0-ab44-baed9603afbb,Lorentzlaan (bushalte),51.917994492,4.415061192,4,4,9999
2026-03-18T02:56:42.031069,0c107276-bdb7-11ed-b1e6-fa4fb8e2990b,RK Sandelingenplein,51.889562128,4.506962326,10,2,9999
2026-03-18T02:56:42.031069,75b8bea6-81d8-11ed-b1e6-fa4fb8e2990b,RK Metrostation Maashaven (Putselaan),51.897794241,4.495760713,10,3,9999
2026-03-18T02:56:42.031069,a20bbbae-bdae-11ed-b1e6-fa4fb8e2990b,RK Frankendaal,51.886951976,4.521294152,10,1,9999
2026-03-18T02:56:42.031069,f1df385c-f5b2-11ef-81b3-76e5c571f05f,HUB Admiraal de Ruyterstraat,51.906742474,4.38554997,8,2,9999
2026-03-18T02:56:42.031069,4247dd56-1c9f-11ee-8219-8ed3b2364c4f,BH Metro Coolhaven,51.909218289,4.458167882,10,10,9999
2026-03-18T02:56:42.031069,65af1c24-06f4-11ef-b58d-569a23b994be,BH Meerum Terwogtlaan,51.951763386,4.524587387,10,3,9999
2026-03-18T05:03:56.944188,bc839806-a5b1-11f0-ab44-baed9603afbb,Van het Hoffplein (Boerhavelaan),51.916219132,4.412005574,8,4,9999
2026-03-18T05:03:56.944188,2c632780-a8de-11ef-8778-d2279db84567,BH Schuttevaerweg,51.922420472,4.434869706,10,1,9999
2026-03-18T05:03:56.944188,a3c07f10-a5b5-11f0-b05b-baed9603afbb,HUB Hoofdbrug,51.908705902,4.406131267,8,2,9999
2026-03-18T05:03:56.944188,b9bfe680-fbc4-11ee-b58d-569a23b994be,Trompenburg 2,51.917638379,4.518889893,10,2,8
2026-03-18T05:03:56.944188,3c659862-a8dd-11ef-8778-d2279db84567,BH Mayflowerstraat,51.905015647,4.440161906,10,11,9999
2026-03-18T05:03:56.944188,e0a4baca-a748-11ef-8778-d2279db84567,BH Mariniersweg,51.920853425,4.490979502,10,6,9999
2026-03-18T05:03:56.944188,c35c448e-06fc-11ef-b58d-569a23b994be,BH Jacob van Campenweg ,51.942434165,4.537976212,7,6,9999
2026-03-18T05:03:56.944188,438486f4-a5b6-11f0-a150-baed9603afbb,HUB Koemarkt ingang garage,51.914517902,4.401917461,6,2,9999
2026-03-18T05:03:56.944188,365f4a3e-a5b3-11f0-ab44-baed9603afbb,Rubensplein,51.911712719,4.383665134,6,0,9999
2026-03-18T05:03:56.944188,a85b996e-fe23-11ee-b58d-569a23b994be,BH Dirk van der Kooijweg (Waterleliesingel),51.953796964,4.52009166,10,1,9999
2026-03-18T05:03:56.944188,19e2de56-b5d8-11ee-9ae6-5263e3f30f1e,BH STC Waalhaven,51.878297275,4.448759787,10,0,9999
2026-03-18T05:03:56.944188,c6c213ee-ed18-11ef-9957-f683e5eb607c,BH Langenhorst (Binkhorst),51.877310029,4.494737503,10,2,9999
2026-03-18T05:03:56.944188,3366f8b0-a8dc-11ef-8778-d2279db84567,BH Vierhavenstraat (WoonEnzo),51.907777562,4.438830385,4,6,9999
2026-03-18T05:03:56.944188,04a89aea-a5b3-11f0-ab44-baed9603afbb,Groenelaan Hagastraat (Winkelcentrum),51.907303396,4.402285408,4,2,9999
2026-03-18T05:03:56.944188,32638aa6-a5b5-11f0-9f09-baed9603afbb,HUB Laan van Bol'es,51.928443203,4.370771711,10,3,9999
2026-03-18T05:03:56.944188,291c2f72-a749-11ef-8778-d2279db84567,BH Westzeedijk,51.909321622,4.471436479,10,5,9999
2026-03-18T05:03:56.944188,abd627be-67bb-11f0-91de-5eaa9feacc9b,BH Schiekade (Heer Bokelweg),51.927133058,4.476309832,10,0,9999
2026-03-18T05:03:56.944188,8948d5a4-b094-11ef-b6d3-56d88772ab1a,BH Duivenpad,51.964922912,4.498254116,8,4,9999
2026-03-18T05:03:56.944188,227e8c1e-be97-11ee-9ae6-5263e3f30f1e,HUB Metrostation Troelstralaan,51.915742295,4.384972326,10,0,9999
2026-03-18T05:03:56.944188,0af509a8-06f7-11ef-b58d-569a23b994be,BH Beethovensingel,51.96114919,4.505141448,10,6,9999
2026-03-18T05:03:56.944188,dc06f296-1768-11ef-8071-42f0fecaeb6a,BH Prins Alexanderlaan (Oosterflank),51.946646256,4.553811478,12,1,9999
2026-03-18T05:03:56.944188,221af3ce-7fe1-11ee-bb01-c602c1905375,BH Metro Prinsenlaan,51.940647564,4.556931306,10,2,9999
2026-03-18T05:03:56.944188,a793d6ba-edc8-11ee-a9f0-82366b51b915,BH Infirmeriestraat,51.922255603,4.502265891,10,5,9999
2026-03-18T05:03:56.944188,0359e1a2-bdb3-11ed-b1e6-fa4fb8e2990b,RK Rosestraat 11C,51.902954022,4.511377745,10,9,9999
2026-03-18T05:03:56.944188,87f07e20-9e78-11ee-a91e-ee69b7c7763e,BH Marconistraat (Lee Towers),51.912441021,4.430411189,14,6,9999
2026-03-18T05:03:56.944188,f539bd6e-06f8-11ef-b58d-569a23b994be,BH Meijersplein,51.955657978,4.463033845,8,2,9999
2026-03-18T05:03:56.944188,70f0801a-8071-11ed-b1e6-fa4fb8e2990b,RK treinstation Lombardijen,51.88057913,4.531905572,30,2,9999
2026-03-18T05:03:56.944188,43752ffc-a8db-11ef-8778-d2279db84567,BH Pieter de Hoochweg,51.906316301,4.459985731,6,6,9999
2026-03-18T05:03:56.944188,b35ddad8-ab08-11ef-8778-d2279db84567,HUB Rotterdamsedijk 272,51.914957692,4.40343084,8,1,9999
2026-03-18T05:03:56.944188,9b1fa0f6-ae3c-11ee-a91e-ee69b7c7763e,BH Winkelhart Plein 1953,51.874842065,4.467889739,10,1,9999
2026-03-18T05:03:56.944188,8bd90878-0884-11f0-9a47-66143dd92f22,RK Molenvliet,51.882626536,4.521159806,10,2,9999
2026-03-18T05:03:56.944188,45450b66-a5b2-11f0-ab44-baed9603afbb,Maasdijk (Gustoweg),51.906629018,4.412009895,6,1,9999
2026-03-18T05:03:56.944188,4de2effe-f068-11ef-ba40-0ea3ed1ae564,HUB Hof van Spaland - Vlaardingseweg,51.935841728,4.376077923,4,1,9999
2026-03-18T05:03:56.944188,d38c6468-06fe-11ef-b58d-569a23b994be,BH Kleine Beer,51.950902127,4.555051083,6,0,9999
2026-03-18T05:03:56.944188,e552904e-182b-11ef-a8d1-42f0fecaeb6a,BH Metrostation Hesseplaats,51.963345229,4.554510684,10,3,9999
2026-03-18T05:03:56.944188,1826196c-b162-11ef-bdcd-5adc5d29ed54,BH Bentincklaan (Diergaarde Blijdorp),51.92572504,4.454794024,10,4,9999
2026-03-18T05:03:56.944188,8a1e5ed0-1c9e-11ee-8219-8ed3b2364c4f,BH Sparta stadion,51.920151368,4.434428835,20,16,9999
2026-03-18T05:03:56.944188,d3c9003c-b486-11ee-9ae6-5263e3f30f1e,BH Oostzeedijk Beneden,51.922514244,4.503092963,10,11,9999
2026-03-18T05:03:56.944188,552a82b8-b094-11ef-b6d3-56d88772ab1a,BH Hockeyclub Rotterdam,51.96869974,4.484731647,25,6,9999
2026-03-18T05:03:56.944188,cb3f6d1c-a746-11ef-8778-d2279db84567,BH Vasteland (AH),51.911537089,4.478368712,10,9,9999
2026-03-18T05:03:56.944188,d4a8557a-eabd-11ef-ac99-aa7241d1fb4f,HUB Admiraal Trompstraat (Huisman),51.908834504,4.381923039,8,0,9999
2026-03-18T05:03:56.944188,00e8b3de-9e82-11ee-a91e-ee69b7c7763e,BH Jacques Dutilhweg,51.927993284,4.5475155,10,7,9999
2026-03-18T05:03:56.944188,d868fe52-36e5-11f0-ab1d-9ae3af3bf913,BH Sluisjesdijk,51.894714517,4.461900478,10,6,0
2026-03-18T05:03:56.944188,4338fed2-edbb-11ee-a9f0-82366b51b915,BH Oostzeedijk Beneden 2,51.921653595,4.507031037,10,9,9999
2026-03-18T05:03:56.944188,2c82bb9a-217b-11ee-8219-8ed3b2364c4f,Hub Weena,51.922738296,4.469181329,142,3,9999
2026-03-18T05:03:56.944188,96f5cbdc-06f6-11ef-b58d-569a23b994be,BH Argonautenweg,51.959086712,4.49354982,10,1,9999
2026-03-18T05:03:56.944188,2f51713e-32b7-11ee-8219-8ed3b2364c4f,Hub P+R Capelsebrug,51.920991793,4.559215491,18,3,9999
2026-03-18T05:03:56.944188,62b0255a-9e7a-11ee-a91e-ee69b7c7763e,BH Vierhavenstraat,51.910327597,4.434992993,16,0,9999
2026-03-18T05:03:56.944188,2b10524e-06f5-11ef-b58d-569a23b994be,BH Piet van der Polsingel,51.950618784,4.518612648,8,1,9999
2026-03-18T05:03:56.944188,47070056-06fa-11ef-b58d-569a23b994be,BH Metrostation Schenkel,51.931770435,4.56406792,12,3,9999
2026-03-18T05:03:56.944188,7a8c12ba-91ab-11ed-b1e6-fa4fb8e2990b,BH Metrostation Slinge,51.874526023,4.477872534,15,4,9999
2026-03-18T05:03:56.944188,026045c6-8530-11ee-bb01-c602c1905375,BH Winkelhart Katendrechtse Lagedijk,51.891184937,4.479440034,10,8,9999
2026-03-18T05:03:56.944188,9d9bb8ec-4bd1-11ee-bb01-c602c1905375,BH Marconiplein,51.913319277,4.432514448,10,4,9999
2026-03-18T05:03:56.944188,8330f3ca-a5b4-11f0-ab44-baed9603afbb,Fokkerstraat Plesmanstraat,51.929694009,4.399576614,4,0,9999
2026-03-18T05:03:56.944188,5b842034-5331-11f0-ab1d-9ae3af3bf913,BH Walenburgerweg,51.926698659,4.462629155,10,8,9999
2026-03-18T05:03:56.944188,a08059b6-b484-11ee-9ae6-5263e3f30f1e,BH Metrostation Gerdesiaweg,51.925444134,4.506155972,10,12,9999
2026-03-18T05:03:56.944188,2f718c84-8911-11ee-bb01-c602c1905375,BH Metro Dijkzigt - EMC,51.911789199,4.466334846,20,13,9999
2026-03-18T05:03:56.944188,f58e41fc-1c9f-11ee-8219-8ed3b2364c4f,BH Heemraadsplein,51.912322959,4.455058085,10,6,9999
2026-03-18T05:03:56.944188,79fdd038-34b8-11f0-ab1d-9ae3af3bf913,BH RTHA Airport,51.94924845,4.432611987,10,5,0
2026-03-18T05:03:56.944188,1c41897e-596e-11ef-bed6-aa139991deb4,HUB Metrostation Nieuwland / Bijdorpplein,51.922583819,4.38260008,10,0,9999
2026-03-18T05:03:56.944188,a57d027c-8912-11ee-bb01-c602c1905375,BH Delftse Poort,51.924408145,4.472816464,10,2,9999
2026-03-18T05:03:56.944188,6383849a-2038-11f0-ab1d-9ae3af3bf913,BH - Kralingsebos (Langepad),51.936318565,4.506197017,10,2,9999
2026-03-18T05:03:56.944188,e90e9332-06f5-11ef-b58d-569a23b994be,BH Burgemeester Le Fèvre de Montignylaan,51.957620055,4.501711782,10,0,9999
2026-03-18T05:03:56.944188,5cb3ffde-bdaf-11ed-b1e6-fa4fb8e2990b,RK Stadionlaan,51.892328813,4.530682857,10,6,9999
2026-03-18T05:03:56.944188,02bed1f8-8392-11ee-bb01-c602c1905375,BH Station Alexander,51.951735827,4.551049232,10,1,9999
2026-03-18T05:03:56.944188,08d5cf66-8ab2-11ee-bb01-c602c1905375,BH Winkelhart Asterlo,51.873536387,4.483591736,10,0,9999
2026-03-18T05:03:56.944188,0e51e024-c757-11ee-9ae6-5263e3f30f1e,BH Metrostation Binnenhof,51.960437867,4.535372966,10,2,9999
2026-03-18T05:03:56.944188,409f87f6-890f-11ee-bb01-c602c1905375,BH Metro Beurs,51.917806013,4.480107053,8,0,9999
2026-03-18T05:03:56.944188,d6a7cd26-4d08-11f0-ab1d-9ae3af3bf913,BH - Oudehoofdplein-Haringvliet,51.918979475,4.49384405,10,6,9999
2026-03-18T05:03:56.944188,f0ad9b92-1767-11ef-8071-42f0fecaeb6a,BH Prinsenlaan,51.937206457,4.536127586,10,0,9999
2026-03-18T05:03:56.944188,f06fd44c-2035-11f0-ab1d-9ae3af3bf913,BH Boezemlaan,51.938982631,4.495864471,10,14,9999
2026-03-18T05:03:56.944188,8d91a90c-9e83-11ee-a91e-ee69b7c7763e,BH Kraaierstraat,51.91909698,4.418192898,8,4,9999
2026-03-18T05:03:56.944188,a2671a36-bdad-11ed-b1e6-fa4fb8e2990b,RK Dwarsdijk,51.893055987,4.539201504,10,7,9999
2026-03-18T05:03:56.944188,376a5cda-06f8-11ef-b58d-569a23b994be,BH Ganzerikplein,51.958953276,4.471584016,10,4,9999
2026-03-18T05:03:56.944188,5cdd9872-b096-11ef-b6d3-56d88772ab1a,BH Wilgenplaslaan/ Meidoornsingel,51.953868042,4.468211582,7,3,9999
2026-03-18T05:03:56.944188,952a3e78-a8db-11ef-8778-d2279db84567,BH Lloydstraat,51.902214281,4.461287644,10,5,9999
2026-03-18T05:03:56.944188,a6fa0910-8067-11ed-b1e6-fa4fb8e2990b,BH Stadion Fey (Bert Heesakkerstr.),51.896805818,4.521735582,50,0,9999
2026-03-18T05:03:56.944188,a1337d02-e018-11ed-a249-96cdaf8f7240,BH Sint Franciscus,51.942171146,4.460534407,25,7,9999
2026-03-18T05:03:56.944188,d3cea108-8285-11f0-ab44-baed9603afbb,BH - Ratelaarweg,51.967431611,4.463349689,10,0,9999
2026-03-18T05:03:56.944188,3bef7002-bdb5-11ed-b1e6-fa4fb8e2990b,RK Breeweg,51.890630632,4.514261169,10,2,9999
2026-03-18T05:03:56.944188,8c90734c-45bb-11ee-8219-8ed3b2364c4f,BH Coen Moulijnweg,51.893813253,4.526876329,42,6,9999
2026-03-18T05:03:56.944188,1b098490-2037-11f0-ab1d-9ae3af3bf913,BH Karmelweg,51.933461291,4.5029394,8,6,9999
2026-03-18T05:03:56.944188,23348a06-bdb1-11ed-b1e6-fa4fb8e2990b,RK Guido Gezelleweg,51.87434607,4.523238145,10,7,9999
2026-03-18T05:03:56.944188,66824038-37b2-11ef-a21a-8e54a72a50da,HUB Metrostation Parkweg / Zuidzijde,51.921443238,4.39475836,10,0,7
2026-03-18T05:03:56.944188,2c127298-ff25-11ef-a79f-a65a77daff90,BH Aert van Nesstraat,51.921141166,4.478916173,8,0,9999
2026-03-18T05:03:56.944188,cde445c6-a744-11ef-8778-d2279db84567,BH Groenendaal,51.921685178,4.492944049,6,5,9999
2026-03-18T05:03:56.944188,97c6a1c2-a8da-11ef-8778-d2279db84567,BH Henegouwerplein,51.921807589,4.460561523,10,6,9999
2026-03-18T05:03:56.944188,e68d5642-a5b5-11f0-b6c1-baed9603afbb,HUB NS Station Schiedam Centrum/ Professor Kamerlingh Onneslaan,51.92071744,4.408262487,12,3,9999
2026-03-18T05:03:56.944188,82623a40-bda3-11ed-b1e6-fa4fb8e2990b,RK Rosestraat,51.91100607,4.501308573,10,6,9999
2026-03-18T05:03:56.944188,b7353df6-b485-11ee-9ae6-5263e3f30f1e,BH Metrostation Kralingsezoom (Gravenweg),51.921751706,4.533850265,10,7,9999
2026-03-18T05:03:56.944188,6c34980a-bb92-11ef-a02d-6ea8ed91bd56,BH Gordelweg (Lidl),51.940472428,4.479798999,4,1,9999
2026-03-18T05:03:56.944188,5904bd1a-a5b5-11f0-b05b-baed9603afbb,HUB Hof van Spaland - Bachplein,51.934889388,4.374726808,8,3,9999
2026-03-18T05:03:56.944188,32ca5fd0-8126-11ed-b1e6-fa4fb8e2990b,RK Vuurplaat,51.906526668,4.505838102,10,3,9999
2026-03-18T05:03:56.944188,f94a1ff6-b095-11ef-b6d3-56d88772ab1a,BH Bm Le Fèvre de Montignylaan/ Jeroen Boschlaan,51.955641943,4.505982462,6,1,9999
2026-03-18T05:03:56.944188,4228b402-8537-11ee-bb01-c602c1905375,BH Tongelaarweg,51.895280064,4.563514996,10,0,9999
2026-03-18T05:03:56.944188,6f66a60c-36e5-11f0-ab1d-9ae3af3bf913,BH Lloydpier,51.904487669,4.460458303,8,6,0
2026-03-18T05:03:56.944188,7d81b63e-a5b5-11f0-b05b-baed9603afbb,HUB 's Gravelandseweg,51.932091958,4.401924037,6,0,9999
2026-03-18T05:03:56.944188,a3dbb322-8121-11ed-b1e6-fa4fb8e2990b,RK Metrostation Rijnhaven ,51.902216981,4.49610172,15,12,9999
2026-03-18T05:03:56.944188,cf23b50e-9ad0-11f0-ab44-baed9603afbb,BH Natuurhistorisch museum,51.911022288,4.472728259,12,0,9999
2026-03-18T05:03:56.944188,d55243f6-182b-11ef-a8d1-42f0fecaeb6a,BH Siciliëboulevard ,51.97996654,4.580859756,10,0,9999
2026-03-18T05:03:56.944188,e0f7ef36-a5b4-11f0-ab44-baed9603afbb,Havenstraat einde (digitale testhub),51.900396883,4.398614319,12,0,9999
2026-03-18T05:03:56.944188,05d1d708-eabd-11ef-88c2-aa7241d1fb4f,HUB De Thermen ,51.927426752,4.380236246,8,0,9999
2026-03-18T05:03:56.944188,b3381a7a-2036-11f0-ab1d-9ae3af3bf913,BH Oudedijk / de Nieuwe Plantage,51.929149075,4.505248613,8,2,9999
2026-03-18T05:03:56.944188,8b480576-eabc-11ee-a9f0-82366b51b915,BH Schiedamseweg Beneden,51.914135146,4.422297364,5,8,9999
2026-03-18T05:03:56.944188,89a2f1d2-a5b3-11f0-ab44-baed9603afbb,Metrostation Vijfsluizen,51.908108215,4.37254105,8,1,9999
2026-03-18T05:03:56.944188,e50f3d1e-f069-11ef-9ed7-0ea3ed1ae564,HUB Oranjestraat - Lange Nieuwstraat,51.913368472,4.40030457,5,1,9999
2026-03-18T05:03:56.944188,4c1b19a4-d0a1-11ee-8b0e-065810cc8d78,BH Elandstraat,51.910800072,4.553878993,10,7,9999
2026-03-18T05:03:56.944188,bbbba24e-806e-11ed-b1e6-fa4fb8e2990b,RK P+R Noorderhelling,51.894761016,4.532122707,15,1,9999
2026-03-18T05:03:56.944188,3ac0b682-8129-11ed-b1e6-fa4fb8e2990b,RK Cor Kieboomplein,51.896922039,4.523502821,15,3,9999
2026-03-18T05:03:56.944188,5a3ffbf4-37b1-11ef-a21a-8e54a72a50da,HUB Metrostation Nieuwland / Van Limburg Stirumstraat,51.922446663,4.38308784,6,0,3
2026-03-18T05:03:56.944188,5d8d12a2-a5b4-11f0-ab44-baed9603afbb,Van Heekstraat,51.931167557,4.406024405,4,0,9999
2026-03-18T05:03:56.944188,f251d6e8-0b82-11ef-b58d-569a23b994be,BH Metrostation Graskruid ,51.956473743,4.550010233,8,3,9999
2026-03-18T05:03:56.944188,a4d2ea7c-b2f0-11ef-aa57-62870c7808bb,BH 2e Hogenbanweg,51.936951327,4.427707182,8,2,9999
2026-03-18T05:03:56.944188,75ba0d1a-2037-11f0-ab1d-9ae3af3bf913,BH Stadhoudersweg,51.931417737,4.461484988,10,7,9999
2026-03-18T05:03:56.944188,bc6b0d7e-a745-11ef-8778-d2279db84567,BH Goudsewagenstraat,51.923224462,4.493552746,8,10,9999
2026-03-18T05:03:56.944188,0f37eafc-8912-11ee-bb01-c602c1905375,BH Metro Oostplein,51.922677789,4.497608825,10,14,9999
2026-03-18T05:03:56.944188,aed7c2fa-8123-11ed-b1e6-fa4fb8e2990b,RK Groene Hilledijk/Beijerlandselaan,51.893806789,4.509452258,10,2,9999
2026-03-18T05:03:56.944188,c76f0318-bb92-11ef-a02d-6ea8ed91bd56,BH NS Centraal Station (Stationssingel),51.925399994,4.466148375,10,6,9999
2026-03-18T05:03:56.944188,361a368c-a5b4-11f0-ab44-baed9603afbb,Sportpark Haga (Epke Zonderlandstraat),51.921919868,4.370918199,8,2,9999
2026-03-18T05:03:56.944188,f4c0fe5e-02d6-11ef-b58d-569a23b994be,BH Paulus Potterstraat,51.9228414,4.508497696,10,7,9999
2026-03-18T05:03:56.944188,48cbf66e-9f15-11ee-a91e-ee69b7c7763e,BH Franselaan,51.917379138,4.420463507,10,10,9999
2026-03-18T05:03:56.944188,e9735b4e-7da7-11f0-ab44-baed9603afbb,BH Veldkersweg,51.966835673,4.46657292,8,3,9999
2026-03-18T05:03:56.944188,4b1ac684-bb93-11ef-a02d-6ea8ed91bd56,BH Noorderkanaalweg,51.940525593,4.472984586,9,5,9999
2026-03-18T05:03:56.944188,033a9392-3700-11f0-ab1d-9ae3af3bf913,BH Herman Bavinckstraat,51.915067882,4.521446921,10,3,9999
2026-03-18T05:03:56.944188,ffe8c3e8-a8da-11ef-8778-d2279db84567,BH Mathenesserplein,51.917836602,4.44508891,8,13,9999
2026-03-18T05:03:56.944188,e377069a-ff63-11ef-a79f-a65a77daff90,BH Kralingsebos Bosdreef/Pr. Beatrixlaan,51.93789612,4.501689644,8,6,9999
2026-03-18T05:03:56.944188,7af95f9c-a747-11ef-8778-d2279db84567,BH Kruisplein,51.92228569,4.47138789,6,1,9999
2026-03-18T05:03:56.944188,4c50cb7a-bdb6-11ed-b1e6-fa4fb8e2990b,RK Olympiaweg,51.886462746,4.529133302,10,3,9999
2026-03-18T05:03:56.944188,a694ef4e-36e5-11f0-ab1d-9ae3af3bf913,BH Neushoornstraat,51.913041554,4.553743002,6,1,0
2026-03-18T05:03:56.944188,be56ca62-8120-11ed-b1e6-fa4fb8e2990b,RK P+R Beverwaard,51.885771514,4.568986239,10,1,9999
2026-03-18T05:03:56.944188,d5af3bc4-806a-11ed-b1e6-fa4fb8e2990b,BH Kievitslaan,51.907226862,4.473300159,17,8,9999
2026-03-18T05:03:56.944188,dd006abc-a5b3-11f0-ab44-baed9603afbb,Havenstraat,51.903204365,4.398004897,8,0,9999
2026-03-18T05:03:56.944188,6f09af84-eabe-11ee-a9f0-82366b51b915,BH Delftseplein ,51.925206514,4.474011701,14,5,9999
2026-03-18T05:03:56.944188,1cfb89ec-806b-11ed-b1e6-fa4fb8e2990b,BH Westplein,51.908912961,4.478583441,10,10,9999
2026-03-18T05:03:56.944188,12fc10a4-bb94-11ef-a02d-6ea8ed91bd56,BH Noordplein,51.930251975,4.483699175,10,3,9999
2026-03-18T05:03:56.944188,276e8d26-bda0-11ed-b1e6-fa4fb8e2990b,RK Strevelsweg,51.889634937,4.495943368,15,2,9999
2026-03-18T05:03:56.944188,9e066470-2038-11f0-ab1d-9ae3af3bf913,BH Kralinger Esch,51.911179823,4.524762065,9,19,9999
2026-03-18T05:03:56.944188,9b1f0aaa-8125-11ed-b1e6-fa4fb8e2990b,RK Slaghekstraat - Beijerlandselaan,51.897574833,4.511261604,10,0,9999
2026-03-18T05:03:56.944188,b8c81048-2037-11f0-ab1d-9ae3af3bf913,BH Van Maanenstraat,51.932279316,4.464280453,6,5,9999
2026-03-18T05:03:56.944188,1f4ff66c-bdb8-11ed-b1e6-fa4fb8e2990b,RK Van der Takstraat ,51.914243737,4.496045621,10,7,9999
2026-03-18T05:03:56.944188,3b523cee-5c94-11f0-ab1d-9ae3af3bf913,BH - Wilhelminapier,51.90698281,4.489727426,14,2,9999
2026-03-18T05:03:56.944188,e8d292d2-039a-11ef-b58d-569a23b994be,BH Mia van Yperenplein ,51.928414546,4.545678043,10,3,9999
2026-03-18T05:03:56.944188,12daf18a-8068-11ed-b1e6-fa4fb8e2990b,BH Treinst. Lombardijen (Aesopusplaats),51.880478018,4.530040287,10,3,9999
2026-03-18T05:03:56.944188,558e4a5a-eaba-11ee-a9f0-82366b51b915,BH Blijdorplaan ,51.927389289,4.440437692,22,15,9999
2026-03-18T05:03:56.944188,5a8de282-36ee-11f0-ab1d-9ae3af3bf913,BH van Blommesteynweg,51.888148155,4.460842726,10,0,9999
2026-03-18T05:03:56.944188,078569ee-a5b5-11f0-ab44-baed9603afbb,Nieuwe Waterwegstraat (digitale testhub),51.900682979,4.390873601,12,0,9999
2026-03-18T05:03:56.944188,8e5dd27e-06fd-11ef-b58d-569a23b994be,BH Prins Alexanderplein,51.951040272,4.553684972,14,0,9999
2026-03-18T05:03:56.944188,a6843864-fbc4-11ee-b58d-569a23b994be,Trompenburg 1,51.917696349,4.517981647,10,9,0
2026-03-18T05:03:56.944188,5b583480-a8da-11ef-8778-d2279db84567,BH Duyststraat,51.910073429,4.452225738,8,10,9999
2026-03-18T05:03:56.944188,2510e9ba-a5b6-11f0-847a-baed9603afbb,Hub Kloosterplaats,51.91675013,4.402112308,6,1,9999
2026-03-18T05:03:56.944188,880e3e72-a8dd-11ef-8778-d2279db84567,BH Spaansebocht,51.917413667,4.430014126,9,1,9999
2026-03-18T05:03:56.944188,b5b3324a-edb9-11ee-a9f0-82366b51b915,BH Siondwarsstraat,51.925261494,4.51053174,10,0,9999
2026-03-18T05:03:56.944188,94b01d94-edc6-11ee-a9f0-82366b51b915,BH Schuttersveld,51.933248028,4.490978921,10,6,9999
2026-03-18T05:03:56.944188,69b33170-edbd-11ee-a9f0-82366b51b915,BH Metro Oostplein 2,51.923145722,4.496820843,10,6,9999
2026-03-18T05:03:56.944188,67d6af9a-f068-11ef-ba40-0ea3ed1ae564,HUB Hof van Spaland - Schiedamseweg,51.934898803,4.378145906,12,2,9999
2026-03-18T05:03:56.944188,4933dd54-9e7c-11ee-a91e-ee69b7c7763e,BH Willem Ruyslaan (Luzac College),51.925421889,4.508669446,10,4,9999
2026-03-18T05:03:56.944188,9f935b6c-b095-11ef-b6d3-56d88772ab1a,BH Bergpolderplein,51.945227242,4.474988047,8,2,9999
2026-03-18T05:03:56.944188,8a2d056c-bb93-11ef-a02d-6ea8ed91bd56,BH NS Station Noord (Bergweg),51.941530048,4.481339526,10,0,9
2026-03-18T05:03:56.944188,4d95ab34-8122-11ed-b1e6-fa4fb8e2990b,RK Metrostation Maashaven ,51.896573582,4.494245173,30,6,9999
2026-03-18T05:03:56.944188,3d015ff0-8394-11ee-bb01-c602c1905375,BH Metrostation Oosterflank,51.945209326,4.555045447,10,1,9999
2026-03-18T05:03:56.944188,defeb050-a747-11ef-8778-d2279db84567,BH Karel Doormanstraat,51.922789549,4.473609692,9,2,9999
2026-03-18T05:03:56.944188,b5dc5454-890f-11ee-bb01-c602c1905375,BH Schilderstraat,51.916377397,4.48142868,8,1,9999
2026-03-18T05:03:56.944188,2f12ae3e-806c-11ed-b1e6-fa4fb8e2990b,BH Winkelcentrum Keizerswaard-Herenw,51.886358391,4.549308056,15,4,9999
2026-03-18T05:03:56.944188,3b6d73a8-805d-11ed-b1e6-fa4fb8e2990b,BH Metrostation Melanchtonweg,51.94881199,4.465233746,10,0,9999
2026-03-18T05:03:56.944188,d5832958-891a-11ee-bb01-c602c1905375,BH Metro Zuidplein (nieuw),51.887180341,4.491554668,10,1,9999
2026-03-18T05:03:56.944188,a535094e-b162-11ef-bdcd-5adc5d29ed54,BH Eudokiaplein,51.932433484,4.47153255,9,5,9999
2026-03-18T05:03:56.944188,437f8dc8-bd9e-11ed-b1e6-fa4fb8e2990b,RK Hillevliet,51.89558515,4.506432514,10,0,9999
2026-03-18T05:03:56.944188,f10d8ab4-9997-11ee-a91e-ee69b7c7763e,BH Shell Hofplein,51.925705456,4.477781355,28,0,9999
2026-03-18T05:03:56.944188,94467720-8127-11ed-b1e6-fa4fb8e2990b,RK Persoonsdam,51.909309099,4.508017165,10,9,9999
2026-03-18T05:03:56.944188,9245444a-2023-11f0-ab1d-9ae3af3bf913,BH Witte de Withstraat,51.915906523,4.478080905,10,1,9999
2026-03-18T05:03:56.944188,49d59348-ff64-11ef-b515-a65a77daff90,BH Bergweg (Dirk van den Broek),51.93856254,4.479465675,6,3,9999
2026-03-18T05:03:56.944188,30fb96bc-8124-11ed-b1e6-fa4fb8e2990b,RK Beverwaardseweg/ Borgharensingel,51.898798338,4.564663375,10,2,9999
2026-03-18T05:03:56.944188,9a1fb404-8ab3-11ee-bb01-c602c1905375,BH Langenhorst ,51.874120882,4.494254863,10,5,9999
2026-03-18T05:03:56.944188,abe67bfa-b096-11ef-b6d3-56d88772ab1a,BH Wilgenplaslaan/ Donkersingel,51.951337599,4.47048253,10,6,9999
2026-03-18T05:03:56.944188,068b0f9c-a8dd-11ef-8778-d2279db84567,BH Vierhavenstraat (Sahan),51.908502395,4.437727106,4,1,9999
2026-03-18T05:03:56.944188,bc0e7e9c-a8da-11ef-8778-d2279db84567,BH Jan van Vuchtstraat,51.917045317,4.460830874,6,9,9999
2026-03-18T05:03:56.944188,8b721818-a5b2-11f0-ab44-baed9603afbb,Lekstraat,51.90446958,4.406985264,6,2,9999
2026-03-18T05:03:56.944188,ad212572-06f7-11ef-b58d-569a23b994be,BH Molenlaan/Grindweg,51.963224537,4.49571068,10,2,9999
2026-03-18T05:03:56.944188,f8828c3e-806d-11ed-b1e6-fa4fb8e2990b,RK Station Rdam Zuid,51.905545015,4.509568537,15,8,9999
2026-03-18T05:03:56.944188,5f71799e-806b-11ed-b1e6-fa4fb8e2990b,BH Willemsplein,51.911118908,4.481894771,17,11,9999
2026-03-18T05:03:56.944188,42824336-bd97-11ed-b1e6-fa4fb8e2990b,RK Groene Hilledijk,51.882726433,4.504266667,10,0,9999
2026-03-18T05:03:56.944188,db6932f4-182b-11ef-a8d1-42f0fecaeb6a,BH Metrostation Nesselande,51.978969273,4.586177782,10,0,9999
2026-03-18T05:03:56.944188,e26322b0-2025-11f0-ab1d-9ae3af3bf913,BH Brielselaan,51.896298935,4.489248091,4,2,9999
2026-03-18T05:03:56.944188,c862b7f2-06fb-11ef-b58d-569a23b994be,BH Prins Alexanderlaan (metrobaan zijde),51.952192324,4.551435621,10,1,9999
2026-03-18T05:03:56.944188,c53689c2-8124-11ed-b1e6-fa4fb8e2990b,RK Peellandstraat / Beesdestraat ,51.888535309,4.567291893,10,5,9999
2026-03-18T05:03:56.944188,8f5d35a0-1834-11ef-8071-42f0fecaeb6a,BH Jan Bijloostraat (Winkelcentrum Lage Land),51.941821995,4.546449269,9,5,9999
2026-03-18T05:03:56.944188,f8fcd3a4-983a-11ef-a85a-be896af2d3a5,BH Rhijnauwensingel,51.892161199,4.569620613,12,4,9999
2026-03-18T05:03:56.944188,118239d4-a5b2-11f0-ab44-baed9603afbb,Lorentzlaan (bushalte),51.917994492,4.415061192,4,4,9999
2026-03-18T05:03:56.944188,0c107276-bdb7-11ed-b1e6-fa4fb8e2990b,RK Sandelingenplein,51.889562128,4.506962326,10,2,9999
2026-03-18T05:03:56.944188,75b8bea6-81d8-11ed-b1e6-fa4fb8e2990b,RK Metrostation Maashaven (Putselaan),51.897794241,4.495760713,10,3,9999
2026-03-18T05:03:56.944188,a20bbbae-bdae-11ed-b1e6-fa4fb8e2990b,RK Frankendaal,51.886951976,4.521294152,10,1,9999
2026-03-18T05:03:56.944188,f1df385c-f5b2-11ef-81b3-76e5c571f05f,HUB Admiraal de Ruyterstraat,51.906742474,4.38554997,8,2,9999
2026-03-18T05:03:56.944188,4247dd56-1c9f-11ee-8219-8ed3b2364c4f,BH Metro Coolhaven,51.909218289,4.458167882,10,10,9999
2026-03-18T05:03:56.944188,65af1c24-06f4-11ef-b58d-569a23b994be,BH Meerum Terwogtlaan,51.951763386,4.524587387,10,3,9999
2026-03-18T06:12:28.510306,bc839806-a5b1-11f0-ab44-baed9603afbb,Van het Hoffplein (Boerhavelaan),51.916219132,4.412005574,8,4,9999
2026-03-18T06:12:28.510306,2c632780-a8de-11ef-8778-d2279db84567,BH Schuttevaerweg,51.922420472,4.434869706,10,1,9999
2026-03-18T06:12:28.510306,a3c07f10-a5b5-11f0-b05b-baed9603afbb,HUB Hoofdbrug,51.908705902,4.406131267,8,2,9999
2026-03-18T06:12:28.510306,b9bfe680-fbc4-11ee-b58d-569a23b994be,Trompenburg 2,51.917638379,4.518889893,10,2,8
2026-03-18T06:12:28.510306,3c659862-a8dd-11ef-8778-d2279db84567,BH Mayflowerstraat,51.905015647,4.440161906,10,10,9999
2026-03-18T06:12:28.510306,e0a4baca-a748-11ef-8778-d2279db84567,BH Mariniersweg,51.920853425,4.490979502,10,6,9999
2026-03-18T06:12:28.510306,c35c448e-06fc-11ef-b58d-569a23b994be,BH Jacob van Campenweg ,51.942434165,4.537976212,7,7,9999
2026-03-18T06:12:28.510306,438486f4-a5b6-11f0-a150-baed9603afbb,HUB Koemarkt ingang garage,51.914517902,4.401917461,6,2,9999
2026-03-18T06:12:28.510306,365f4a3e-a5b3-11f0-ab44-baed9603afbb,Rubensplein,51.911712719,4.383665134,6,0,9999
2026-03-18T06:12:28.510306,a85b996e-fe23-11ee-b58d-569a23b994be,BH Dirk van der Kooijweg (Waterleliesingel),51.953796964,4.52009166,10,1,9999
2026-03-18T06:12:28.510306,19e2de56-b5d8-11ee-9ae6-5263e3f30f1e,BH STC Waalhaven,51.878297275,4.448759787,10,0,9999
2026-03-18T06:12:28.510306,c6c213ee-ed18-11ef-9957-f683e5eb607c,BH Langenhorst (Binkhorst),51.877310029,4.494737503,10,2,9999
2026-03-18T06:12:28.510306,3366f8b0-a8dc-11ef-8778-d2279db84567,BH Vierhavenstraat (WoonEnzo),51.907777562,4.438830385,4,7,9999
2026-03-18T06:12:28.510306,04a89aea-a5b3-11f0-ab44-baed9603afbb,Groenelaan Hagastraat (Winkelcentrum),51.907303396,4.402285408,4,2,9999
2026-03-18T06:12:28.510306,32638aa6-a5b5-11f0-9f09-baed9603afbb,HUB Laan van Bol'es,51.928443203,4.370771711,10,3,9999
2026-03-18T06:12:28.510306,291c2f72-a749-11ef-8778-d2279db84567,BH Westzeedijk,51.909321622,4.471436479,10,5,9999
2026-03-18T06:12:28.510306,abd627be-67bb-11f0-91de-5eaa9feacc9b,BH Schiekade (Heer Bokelweg),51.927133058,4.476309832,10,0,9999
2026-03-18T06:12:28.510306,8948d5a4-b094-11ef-b6d3-56d88772ab1a,BH Duivenpad,51.964922912,4.498254116,8,4,9999
2026-03-18T06:12:28.510306,227e8c1e-be97-11ee-9ae6-5263e3f30f1e,HUB Metrostation Troelstralaan,51.915742295,4.384972326,10,0,9999
2026-03-18T06:12:28.510306,0af509a8-06f7-11ef-b58d-569a23b994be,BH Beethovensingel,51.96114919,4.505141448,10,6,9999
2026-03-18T06:12:28.510306,dc06f296-1768-11ef-8071-42f0fecaeb6a,BH Prins Alexanderlaan (Oosterflank),51.946646256,4.553811478,12,1,9999
2026-03-18T06:12:28.510306,221af3ce-7fe1-11ee-bb01-c602c1905375,BH Metro Prinsenlaan,51.940647564,4.556931306,10,2,9999
2026-03-18T06:12:28.510306,a793d6ba-edc8-11ee-a9f0-82366b51b915,BH Infirmeriestraat,51.922255603,4.502265891,10,5,9999
2026-03-18T06:12:28.510306,0359e1a2-bdb3-11ed-b1e6-fa4fb8e2990b,RK Rosestraat 11C,51.902954022,4.511377745,10,10,9999
2026-03-18T06:12:28.510306,87f07e20-9e78-11ee-a91e-ee69b7c7763e,BH Marconistraat (Lee Towers),51.912441021,4.430411189,14,6,9999
2026-03-18T06:12:28.510306,f539bd6e-06f8-11ef-b58d-569a23b994be,BH Meijersplein,51.955657978,4.463033845,8,2,9999
2026-03-18T06:12:28.510306,70f0801a-8071-11ed-b1e6-fa4fb8e2990b,RK treinstation Lombardijen,51.88057913,4.531905572,30,2,9999
2026-03-18T06:12:28.510306,43752ffc-a8db-11ef-8778-d2279db84567,BH Pieter de Hoochweg,51.906316301,4.459985731,6,6,9999
2026-03-18T06:12:28.510306,b35ddad8-ab08-11ef-8778-d2279db84567,HUB Rotterdamsedijk 272,51.914957692,4.40343084,8,1,9999
2026-03-18T06:12:28.510306,9b1fa0f6-ae3c-11ee-a91e-ee69b7c7763e,BH Winkelhart Plein 1953,51.874842065,4.467889739,10,1,9999
2026-03-18T06:12:28.510306,8bd90878-0884-11f0-9a47-66143dd92f22,RK Molenvliet,51.882626536,4.521159806,10,2,9999
2026-03-18T06:12:28.510306,45450b66-a5b2-11f0-ab44-baed9603afbb,Maasdijk (Gustoweg),51.906629018,4.412009895,6,1,9999
2026-03-18T06:12:28.510306,4de2effe-f068-11ef-ba40-0ea3ed1ae564,HUB Hof van Spaland - Vlaardingseweg,51.935841728,4.376077923,4,1,9999
2026-03-18T06:12:28.510306,d38c6468-06fe-11ef-b58d-569a23b994be,BH Kleine Beer,51.950902127,4.555051083,6,0,9999
2026-03-18T06:12:28.510306,e552904e-182b-11ef-a8d1-42f0fecaeb6a,BH Metrostation Hesseplaats,51.963345229,4.554510684,10,3,9999
2026-03-18T06:12:28.510306,1826196c-b162-11ef-bdcd-5adc5d29ed54,BH Bentincklaan (Diergaarde Blijdorp),51.92572504,4.454794024,10,4,9999
2026-03-18T06:12:28.510306,8a1e5ed0-1c9e-11ee-8219-8ed3b2364c4f,BH Sparta stadion,51.920151368,4.434428835,20,16,9999
2026-03-18T06:12:28.510306,d3c9003c-b486-11ee-9ae6-5263e3f30f1e,BH Oostzeedijk Beneden,51.922514244,4.503092963,10,9,9999
2026-03-18T06:12:28.510306,552a82b8-b094-11ef-b6d3-56d88772ab1a,BH Hockeyclub Rotterdam,51.96869974,4.484731647,25,6,9999
2026-03-18T06:12:28.510306,cb3f6d1c-a746-11ef-8778-d2279db84567,BH Vasteland (AH),51.911537089,4.478368712,10,9,9999
2026-03-18T06:12:28.510306,d4a8557a-eabd-11ef-ac99-aa7241d1fb4f,HUB Admiraal Trompstraat (Huisman),51.908834504,4.381923039,8,0,9999
2026-03-18T06:12:28.510306,00e8b3de-9e82-11ee-a91e-ee69b7c7763e,BH Jacques Dutilhweg,51.927993284,4.5475155,10,7,9999
2026-03-18T06:12:28.510306,d868fe52-36e5-11f0-ab1d-9ae3af3bf913,BH Sluisjesdijk,51.894714517,4.461900478,10,7,0
2026-03-18T06:12:28.510306,4338fed2-edbb-11ee-a9f0-82366b51b915,BH Oostzeedijk Beneden 2,51.921653595,4.507031037,10,12,9999
2026-03-18T06:12:28.510306,2c82bb9a-217b-11ee-8219-8ed3b2364c4f,Hub Weena,51.922738296,4.469181329,142,8,9999
2026-03-18T06:12:28.510306,96f5cbdc-06f6-11ef-b58d-569a23b994be,BH Argonautenweg,51.959086712,4.49354982,10,1,9999
2026-03-18T06:12:28.510306,2f51713e-32b7-11ee-8219-8ed3b2364c4f,Hub P+R Capelsebrug,51.920991793,4.559215491,18,3,9999
2026-03-18T06:12:28.510306,62b0255a-9e7a-11ee-a91e-ee69b7c7763e,BH Vierhavenstraat,51.910327597,4.434992993,16,1,9999
2026-03-18T06:12:28.510306,2b10524e-06f5-11ef-b58d-569a23b994be,BH Piet van der Polsingel,51.950618784,4.518612648,8,1,9999
2026-03-18T06:12:28.510306,47070056-06fa-11ef-b58d-569a23b994be,BH Metrostation Schenkel,51.931770435,4.56406792,12,3,9999
2026-03-18T06:12:28.510306,7a8c12ba-91ab-11ed-b1e6-fa4fb8e2990b,BH Metrostation Slinge,51.874526023,4.477872534,15,5,9999
2026-03-18T06:12:28.510306,026045c6-8530-11ee-bb01-c602c1905375,BH Winkelhart Katendrechtse Lagedijk,51.891184937,4.479440034,10,7,9999
2026-03-18T06:12:28.510306,9d9bb8ec-4bd1-11ee-bb01-c602c1905375,BH Marconiplein,51.913319277,4.432514448,10,4,9999
2026-03-18T06:12:28.510306,8330f3ca-a5b4-11f0-ab44-baed9603afbb,Fokkerstraat Plesmanstraat,51.929694009,4.399576614,4,0,9999
2026-03-18T06:12:28.510306,5b842034-5331-11f0-ab1d-9ae3af3bf913,BH Walenburgerweg,51.926698659,4.462629155,10,8,9999
2026-03-18T06:12:28.510306,a08059b6-b484-11ee-9ae6-5263e3f30f1e,BH Metrostation Gerdesiaweg,51.925444134,4.506155972,10,12,9999
2026-03-18T06:12:28.510306,2f718c84-8911-11ee-bb01-c602c1905375,BH Metro Dijkzigt - EMC,51.911789199,4.466334846,20,13,9999
2026-03-18T06:12:28.510306,f58e41fc-1c9f-11ee-8219-8ed3b2364c4f,BH Heemraadsplein,51.912322959,4.455058085,10,6,9999
2026-03-18T06:12:28.510306,79fdd038-34b8-11f0-ab1d-9ae3af3bf913,BH RTHA Airport,51.94924845,4.432611987,10,5,0
2026-03-18T06:12:28.510306,1c41897e-596e-11ef-bed6-aa139991deb4,HUB Metrostation Nieuwland / Bijdorpplein,51.922583819,4.38260008,10,0,9999
2026-03-18T06:12:28.510306,a57d027c-8912-11ee-bb01-c602c1905375,BH Delftse Poort,51.924408145,4.472816464,10,4,9999
2026-03-18T06:12:28.510306,6383849a-2038-11f0-ab1d-9ae3af3bf913,BH - Kralingsebos (Langepad),51.936318565,4.506197017,10,2,9999
2026-03-18T06:12:28.510306,e90e9332-06f5-11ef-b58d-569a23b994be,BH Burgemeester Le Fèvre de Montignylaan,51.957620055,4.501711782,10,0,9999
2026-03-18T06:12:28.510306,5cb3ffde-bdaf-11ed-b1e6-fa4fb8e2990b,RK Stadionlaan,51.892328813,4.530682857,10,6,9999
2026-03-18T06:12:28.510306,02bed1f8-8392-11ee-bb01-c602c1905375,BH Station Alexander,51.951735827,4.551049232,10,1,9999
2026-03-18T06:12:28.510306,08d5cf66-8ab2-11ee-bb01-c602c1905375,BH Winkelhart Asterlo,51.873536387,4.483591736,10,0,9999
2026-03-18T06:12:28.510306,0e51e024-c757-11ee-9ae6-5263e3f30f1e,BH Metrostation Binnenhof,51.960437867,4.535372966,10,2,9999
2026-03-18T06:12:28.510306,409f87f6-890f-11ee-bb01-c602c1905375,BH Metro Beurs,51.917806013,4.480107053,8,1,9999
2026-03-18T06:12:28.510306,d6a7cd26-4d08-11f0-ab1d-9ae3af3bf913,BH - Oudehoofdplein-Haringvliet,51.918979475,4.49384405,10,7,9999
2026-03-18T06:12:28.510306,f0ad9b92-1767-11ef-8071-42f0fecaeb6a,BH Prinsenlaan,51.937206457,4.536127586,10,0,9999
2026-03-18T06:12:28.510306,f06fd44c-2035-11f0-ab1d-9ae3af3bf913,BH Boezemlaan,51.938982631,4.495864471,10,14,9999
2026-03-18T06:12:28.510306,8d91a90c-9e83-11ee-a91e-ee69b7c7763e,BH Kraaierstraat,51.91909698,4.418192898,8,3,9999
2026-03-18T06:12:28.510306,a2671a36-bdad-11ed-b1e6-fa4fb8e2990b,RK Dwarsdijk,51.893055987,4.539201504,10,7,9999
2026-03-18T06:12:28.510306,376a5cda-06f8-11ef-b58d-569a23b994be,BH Ganzerikplein,51.958953276,4.471584016,10,4,9999
2026-03-18T06:12:28.510306,5cdd9872-b096-11ef-b6d3-56d88772ab1a,BH Wilgenplaslaan/ Meidoornsingel,51.953868042,4.468211582,7,3,9999
2026-03-18T06:12:28.510306,952a3e78-a8db-11ef-8778-d2279db84567,BH Lloydstraat,51.902214281,4.461287644,10,5,9999
2026-03-18T06:12:28.510306,a6fa0910-8067-11ed-b1e6-fa4fb8e2990b,BH Stadion Fey (Bert Heesakkerstr.),51.896805818,4.521735582,50,0,9999
2026-03-18T06:12:28.510306,a1337d02-e018-11ed-a249-96cdaf8f7240,BH Sint Franciscus,51.942171146,4.460534407,25,8,9999
2026-03-18T06:12:28.510306,d3cea108-8285-11f0-ab44-baed9603afbb,BH - Ratelaarweg,51.967431611,4.463349689,10,0,9999
2026-03-18T06:12:28.510306,3bef7002-bdb5-11ed-b1e6-fa4fb8e2990b,RK Breeweg,51.890630632,4.514261169,10,2,9999
2026-03-18T06:12:28.510306,8c90734c-45bb-11ee-8219-8ed3b2364c4f,BH Coen Moulijnweg,51.893813253,4.526876329,42,6,9999
2026-03-18T06:12:28.510306,1b098490-2037-11f0-ab1d-9ae3af3bf913,BH Karmelweg,51.933461291,4.5029394,8,6,9999
2026-03-18T06:12:28.510306,23348a06-bdb1-11ed-b1e6-fa4fb8e2990b,RK Guido Gezelleweg,51.87434607,4.523238145,10,7,9999
2026-03-18T06:12:28.510306,66824038-37b2-11ef-a21a-8e54a72a50da,HUB Metrostation Parkweg / Zuidzijde,51.921443238,4.39475836,10,0,7
2026-03-18T06:12:28.510306,2c127298-ff25-11ef-a79f-a65a77daff90,BH Aert van Nesstraat,51.921141166,4.478916173,8,0,9999
2026-03-18T06:12:28.510306,cde445c6-a744-11ef-8778-d2279db84567,BH Groenendaal,51.921685178,4.492944049,6,5,9999
2026-03-18T06:12:28.510306,97c6a1c2-a8da-11ef-8778-d2279db84567,BH Henegouwerplein,51.921807589,4.460561523,10,5,9999
2026-03-18T06:12:28.510306,e68d5642-a5b5-11f0-b6c1-baed9603afbb,HUB NS Station Schiedam Centrum/ Professor Kamerlingh Onneslaan,51.92071744,4.408262487,12,3,9999
2026-03-18T06:12:28.510306,82623a40-bda3-11ed-b1e6-fa4fb8e2990b,RK Rosestraat,51.91100607,4.501308573,10,6,9999
2026-03-18T06:12:28.510306,b7353df6-b485-11ee-9ae6-5263e3f30f1e,BH Metrostation Kralingsezoom (Gravenweg),51.921751706,4.533850265,10,6,9999
2026-03-18T06:12:28.510306,6c34980a-bb92-11ef-a02d-6ea8ed91bd56,BH Gordelweg (Lidl),51.940472428,4.479798999,4,1,9999
2026-03-18T06:12:28.510306,5904bd1a-a5b5-11f0-b05b-baed9603afbb,HUB Hof van Spaland - Bachplein,51.934889388,4.374726808,8,3,9999
2026-03-18T06:12:28.510306,32ca5fd0-8126-11ed-b1e6-fa4fb8e2990b,RK Vuurplaat,51.906526668,4.505838102,10,3,9999
2026-03-18T06:12:28.510306,f94a1ff6-b095-11ef-b6d3-56d88772ab1a,BH Bm Le Fèvre de Montignylaan/ Jeroen Boschlaan,51.955641943,4.505982462,6,1,9999
2026-03-18T06:12:28.510306,4228b402-8537-11ee-bb01-c602c1905375,BH Tongelaarweg,51.895280064,4.563514996,10,0,9999
2026-03-18T06:12:28.510306,6f66a60c-36e5-11f0-ab1d-9ae3af3bf913,BH Lloydpier,51.904487669,4.460458303,8,6,0
2026-03-18T06:12:28.510306,7d81b63e-a5b5-11f0-b05b-baed9603afbb,HUB 's Gravelandseweg,51.932091958,4.401924037,6,0,9999
2026-03-18T06:12:28.510306,a3dbb322-8121-11ed-b1e6-fa4fb8e2990b,RK Metrostation Rijnhaven ,51.902216981,4.49610172,15,12,9999
2026-03-18T06:12:28.510306,cf23b50e-9ad0-11f0-ab44-baed9603afbb,BH Natuurhistorisch museum,51.911022288,4.472728259,12,0,9999
2026-03-18T06:12:28.510306,d55243f6-182b-11ef-a8d1-42f0fecaeb6a,BH Siciliëboulevard ,51.97996654,4.580859756,10,0,9999
2026-03-18T06:12:28.510306,e0f7ef36-a5b4-11f0-ab44-baed9603afbb,Havenstraat einde (digitale testhub),51.900396883,4.398614319,12,0,9999
2026-03-18T06:12:28.510306,05d1d708-eabd-11ef-88c2-aa7241d1fb4f,HUB De Thermen ,51.927426752,4.380236246,8,0,9999
2026-03-18T06:12:28.510306,b3381a7a-2036-11f0-ab1d-9ae3af3bf913,BH Oudedijk / de Nieuwe Plantage,51.929149075,4.505248613,8,2,9999
2026-03-18T06:12:28.510306,8b480576-eabc-11ee-a9f0-82366b51b915,BH Schiedamseweg Beneden,51.914135146,4.422297364,5,8,9999
2026-03-18T06:12:28.510306,89a2f1d2-a5b3-11f0-ab44-baed9603afbb,Metrostation Vijfsluizen,51.908108215,4.37254105,8,1,9999
2026-03-18T06:12:28.510306,e50f3d1e-f069-11ef-9ed7-0ea3ed1ae564,HUB Oranjestraat - Lange Nieuwstraat,51.913368472,4.40030457,5,1,9999
2026-03-18T06:12:28.510306,4c1b19a4-d0a1-11ee-8b0e-065810cc8d78,BH Elandstraat,51.910800072,4.553878993,10,7,9999
2026-03-18T06:12:28.510306,bbbba24e-806e-11ed-b1e6-fa4fb8e2990b,RK P+R Noorderhelling,51.894761016,4.532122707,15,1,9999
2026-03-18T06:12:28.510306,3ac0b682-8129-11ed-b1e6-fa4fb8e2990b,RK Cor Kieboomplein,51.896922039,4.523502821,15,3,9999
2026-03-18T06:12:28.510306,5a3ffbf4-37b1-11ef-a21a-8e54a72a50da,HUB Metrostation Nieuwland / Van Limburg Stirumstraat,51.922446663,4.38308784,6,0,2
2026-03-18T06:12:28.510306,5d8d12a2-a5b4-11f0-ab44-baed9603afbb,Van Heekstraat,51.931167557,4.406024405,4,0,9999
2026-03-18T06:12:28.510306,f251d6e8-0b82-11ef-b58d-569a23b994be,BH Metrostation Graskruid ,51.956473743,4.550010233,8,3,9999
2026-03-18T06:12:28.510306,a4d2ea7c-b2f0-11ef-aa57-62870c7808bb,BH 2e Hogenbanweg,51.936951327,4.427707182,8,1,9999
2026-03-18T06:12:28.510306,75ba0d1a-2037-11f0-ab1d-9ae3af3bf913,BH Stadhoudersweg,51.931417737,4.461484988,10,7,9999
2026-03-18T06:12:28.510306,bc6b0d7e-a745-11ef-8778-d2279db84567,BH Goudsewagenstraat,51.923224462,4.493552746,8,11,9999
2026-03-18T06:12:28.510306,0f37eafc-8912-11ee-bb01-c602c1905375,BH Metro Oostplein,51.922677789,4.497608825,10,14,9999
2026-03-18T06:12:28.510306,aed7c2fa-8123-11ed-b1e6-fa4fb8e2990b,RK Groene Hilledijk/Beijerlandselaan,51.893806789,4.509452258,10,2,9999
2026-03-18T06:12:28.510306,c76f0318-bb92-11ef-a02d-6ea8ed91bd56,BH NS Centraal Station (Stationssingel),51.925399994,4.466148375,10,8,9999
2026-03-18T06:12:28.510306,361a368c-a5b4-11f0-ab44-baed9603afbb,Sportpark Haga (Epke Zonderlandstraat),51.921919868,4.370918199,8,2,9999
2026-03-18T06:12:28.510306,f4c0fe5e-02d6-11ef-b58d-569a23b994be,BH Paulus Potterstraat,51.9228414,4.508497696,10,7,9999
2026-03-18T06:12:28.510306,48cbf66e-9f15-11ee-a91e-ee69b7c7763e,BH Franselaan,51.917379138,4.420463507,10,10,9999
2026-03-18T06:12:28.510306,e9735b4e-7da7-11f0-ab44-baed9603afbb,BH Veldkersweg,51.966835673,4.46657292,8,3,9999
2026-03-18T06:12:28.510306,4b1ac684-bb93-11ef-a02d-6ea8ed91bd56,BH Noorderkanaalweg,51.940525593,4.472984586,9,5,9999
2026-03-18T06:12:28.510306,033a9392-3700-11f0-ab1d-9ae3af3bf913,BH Herman Bavinckstraat,51.915067882,4.521446921,10,3,9999
2026-03-18T06:12:28.510306,ffe8c3e8-a8da-11ef-8778-d2279db84567,BH Mathenesserplein,51.917836602,4.44508891,8,13,9999
2026-03-18T06:12:28.510306,e377069a-ff63-11ef-a79f-a65a77daff90,BH Kralingsebos Bosdreef/Pr. Beatrixlaan,51.93789612,4.501689644,8,6,9999
2026-03-18T06:12:28.510306,7af95f9c-a747-11ef-8778-d2279db84567,BH Kruisplein,51.92228569,4.47138789,6,2,9999
2026-03-18T06:12:28.510306,4c50cb7a-bdb6-11ed-b1e6-fa4fb8e2990b,RK Olympiaweg,51.886462746,4.529133302,10,3,9999
2026-03-18T06:12:28.510306,a694ef4e-36e5-11f0-ab1d-9ae3af3bf913,BH Neushoornstraat,51.913041554,4.553743002,6,1,0
2026-03-18T06:12:28.510306,be56ca62-8120-11ed-b1e6-fa4fb8e2990b,RK P+R Beverwaard,51.885771514,4.568986239,10,1,9999
2026-03-18T06:12:28.510306,d5af3bc4-806a-11ed-b1e6-fa4fb8e2990b,BH Kievitslaan,51.907226862,4.473300159,17,8,9999
2026-03-18T06:12:28.510306,dd006abc-a5b3-11f0-ab44-baed9603afbb,Havenstraat,51.903204365,4.398004897,8,0,9999
2026-03-18T06:12:28.510306,6f09af84-eabe-11ee-a9f0-82366b51b915,BH Delftseplein ,51.925206514,4.474011701,14,6,9999
2026-03-18T06:12:28.510306,1cfb89ec-806b-11ed-b1e6-fa4fb8e2990b,BH Westplein,51.908912961,4.478583441,10,11,9999
2026-03-18T06:12:28.510306,12fc10a4-bb94-11ef-a02d-6ea8ed91bd56,BH Noordplein,51.930251975,4.483699175,10,3,9999
2026-03-18T06:12:28.510306,276e8d26-bda0-11ed-b1e6-fa4fb8e2990b,RK Strevelsweg,51.889634937,4.495943368,15,2,9999
2026-03-18T06:12:28.510306,9e066470-2038-11f0-ab1d-9ae3af3bf913,BH Kralinger Esch,51.911179823,4.524762065,9,19,9999
2026-03-18T06:12:28.510306,9b1f0aaa-8125-11ed-b1e6-fa4fb8e2990b,RK Slaghekstraat - Beijerlandselaan,51.897574833,4.511261604,10,0,9999
2026-03-18T06:12:28.510306,b8c81048-2037-11f0-ab1d-9ae3af3bf913,BH Van Maanenstraat,51.932279316,4.464280453,6,7,9999
2026-03-18T06:12:28.510306,1f4ff66c-bdb8-11ed-b1e6-fa4fb8e2990b,RK Van der Takstraat ,51.914243737,4.496045621,10,7,9999
2026-03-18T06:12:28.510306,3b523cee-5c94-11f0-ab1d-9ae3af3bf913,BH - Wilhelminapier,51.90698281,4.489727426,14,5,9999
2026-03-18T06:12:28.510306,e8d292d2-039a-11ef-b58d-569a23b994be,BH Mia van Yperenplein ,51.928414546,4.545678043,10,3,9999
2026-03-18T06:12:28.510306,12daf18a-8068-11ed-b1e6-fa4fb8e2990b,BH Treinst. Lombardijen (Aesopusplaats),51.880478018,4.530040287,10,3,9999
2026-03-18T06:12:28.510306,558e4a5a-eaba-11ee-a9f0-82366b51b915,BH Blijdorplaan ,51.927389289,4.440437692,22,15,9999
2026-03-18T06:12:28.510306,5a8de282-36ee-11f0-ab1d-9ae3af3bf913,BH van Blommesteynweg,51.888148155,4.460842726,10,0,9999
2026-03-18T06:12:28.510306,078569ee-a5b5-11f0-ab44-baed9603afbb,Nieuwe Waterwegstraat (digitale testhub),51.900682979,4.390873601,12,0,9999
2026-03-18T06:12:28.510306,8e5dd27e-06fd-11ef-b58d-569a23b994be,BH Prins Alexanderplein,51.951040272,4.553684972,14,0,9999
2026-03-18T06:12:28.510306,a6843864-fbc4-11ee-b58d-569a23b994be,Trompenburg 1,51.917696349,4.517981647,10,9,0
2026-03-18T06:12:28.510306,5b583480-a8da-11ef-8778-d2279db84567,BH Duyststraat,51.910073429,4.452225738,8,9,9999
2026-03-18T06:12:28.510306,2510e9ba-a5b6-11f0-847a-baed9603afbb,Hub Kloosterplaats,51.91675013,4.402112308,6,1,9999
2026-03-18T06:12:28.510306,880e3e72-a8dd-11ef-8778-d2279db84567,BH Spaansebocht,51.917413667,4.430014126,9,1,9999
2026-03-18T06:12:28.510306,b5b3324a-edb9-11ee-a9f0-82366b51b915,BH Siondwarsstraat,51.925261494,4.51053174,10,0,9999
2026-03-18T06:12:28.510306,94b01d94-edc6-11ee-a9f0-82366b51b915,BH Schuttersveld,51.933248028,4.490978921,10,6,9999
2026-03-18T06:12:28.510306,69b33170-edbd-11ee-a9f0-82366b51b915,BH Metro Oostplein 2,51.923145722,4.496820843,10,5,9999
2026-03-18T06:12:28.510306,67d6af9a-f068-11ef-ba40-0ea3ed1ae564,HUB Hof van Spaland - Schiedamseweg,51.934898803,4.378145906,12,2,9999
2026-03-18T06:12:28.510306,4933dd54-9e7c-11ee-a91e-ee69b7c7763e,BH Willem Ruyslaan (Luzac College),51.925421889,4.508669446,10,4,9999
2026-03-18T06:12:28.510306,9f935b6c-b095-11ef-b6d3-56d88772ab1a,BH Bergpolderplein,51.945227242,4.474988047,8,2,9999
2026-03-18T06:12:28.510306,8a2d056c-bb93-11ef-a02d-6ea8ed91bd56,BH NS Station Noord (Bergweg),51.941530048,4.481339526,10,0,9
2026-03-18T06:12:28.510306,4d95ab34-8122-11ed-b1e6-fa4fb8e2990b,RK Metrostation Maashaven ,51.896573582,4.494245173,30,7,9999
2026-03-18T06:12:28.510306,3d015ff0-8394-11ee-bb01-c602c1905375,BH Metrostation Oosterflank,51.945209326,4.555045447,10,1,9999
2026-03-18T06:12:28.510306,defeb050-a747-11ef-8778-d2279db84567,BH Karel Doormanstraat,51.922789549,4.473609692,9,3,9999
2026-03-18T06:12:28.510306,b5dc5454-890f-11ee-bb01-c602c1905375,BH Schilderstraat,51.916377397,4.48142868,8,1,9999
2026-03-18T06:12:28.510306,2f12ae3e-806c-11ed-b1e6-fa4fb8e2990b,BH Winkelcentrum Keizerswaard-Herenw,51.886358391,4.549308056,15,4,9999
2026-03-18T06:12:28.510306,3b6d73a8-805d-11ed-b1e6-fa4fb8e2990b,BH Metrostation Melanchtonweg,51.94881199,4.465233746,10,0,9999
2026-03-18T06:12:28.510306,d5832958-891a-11ee-bb01-c602c1905375,BH Metro Zuidplein (nieuw),51.887180341,4.491554668,10,1,9999
2026-03-18T06:12:28.510306,a535094e-b162-11ef-bdcd-5adc5d29ed54,BH Eudokiaplein,51.932433484,4.47153255,9,5,9999
2026-03-18T06:12:28.510306,437f8dc8-bd9e-11ed-b1e6-fa4fb8e2990b,RK Hillevliet,51.89558515,4.506432514,10,0,9999
2026-03-18T06:12:28.510306,f10d8ab4-9997-11ee-a91e-ee69b7c7763e,BH Shell Hofplein,51.925705456,4.477781355,28,0,9999
2026-03-18T06:12:28.510306,94467720-8127-11ed-b1e6-fa4fb8e2990b,RK Persoonsdam,51.909309099,4.508017165,10,8,9999
2026-03-18T06:12:28.510306,9245444a-2023-11f0-ab1d-9ae3af3bf913,BH Witte de Withstraat,51.915906523,4.478080905,10,2,9999
2026-03-18T06:12:28.510306,49d59348-ff64-11ef-b515-a65a77daff90,BH Bergweg (Dirk van den Broek),51.93856254,4.479465675,6,3,9999
2026-03-18T06:12:28.510306,30fb96bc-8124-11ed-b1e6-fa4fb8e2990b,RK Beverwaardseweg/ Borgharensingel,51.898798338,4.564663375,10,2,9999
2026-03-18T06:12:28.510306,9a1fb404-8ab3-11ee-bb01-c602c1905375,BH Langenhorst ,51.874120882,4.494254863,10,5,9999
2026-03-18T06:12:28.510306,abe67bfa-b096-11ef-b6d3-56d88772ab1a,BH Wilgenplaslaan/ Donkersingel,51.951337599,4.47048253,10,6,9999
2026-03-18T06:12:28.510306,068b0f9c-a8dd-11ef-8778-d2279db84567,BH Vierhavenstraat (Sahan),51.908502395,4.437727106,4,1,9999
2026-03-18T06:12:28.510306,bc0e7e9c-a8da-11ef-8778-d2279db84567,BH Jan van Vuchtstraat,51.917045317,4.460830874,6,9,9999
2026-03-18T06:12:28.510306,8b721818-a5b2-11f0-ab44-baed9603afbb,Lekstraat,51.90446958,4.406985264,6,2,9999
2026-03-18T06:12:28.510306,ad212572-06f7-11ef-b58d-569a23b994be,BH Molenlaan/Grindweg,51.963224537,4.49571068,10,2,9999
2026-03-18T06:12:28.510306,f8828c3e-806d-11ed-b1e6-fa4fb8e2990b,RK Station Rdam Zuid,51.905545015,4.509568537,15,7,9999
2026-03-18T06:12:28.510306,5f71799e-806b-11ed-b1e6-fa4fb8e2990b,BH Willemsplein,51.911118908,4.481894771,17,11,9999
2026-03-18T06:12:28.510306,42824336-bd97-11ed-b1e6-fa4fb8e2990b,RK Groene Hilledijk,51.882726433,4.504266667,10,0,9999
2026-03-18T06:12:28.510306,db6932f4-182b-11ef-a8d1-42f0fecaeb6a,BH Metrostation Nesselande,51.978969273,4.586177782,10,0,9999
2026-03-18T06:12:28.510306,e26322b0-2025-11f0-ab1d-9ae3af3bf913,BH Brielselaan,51.896298935,4.489248091,4,2,9999
2026-03-18T06:12:28.510306,c862b7f2-06fb-11ef-b58d-569a23b994be,BH Prins Alexanderlaan (metrobaan zijde),51.952192324,4.551435621,10,0,9999
2026-03-18T06:12:28.510306,c53689c2-8124-11ed-b1e6-fa4fb8e2990b,RK Peellandstraat / Beesdestraat ,51.888535309,4.567291893,10,4,9999
2026-03-18T06:12:28.510306,8f5d35a0-1834-11ef-8071-42f0fecaeb6a,BH Jan Bijloostraat (Winkelcentrum Lage Land),51.941821995,4.546449269,9,5,9999
2026-03-18T06:12:28.510306,f8fcd3a4-983a-11ef-a85a-be896af2d3a5,BH Rhijnauwensingel,51.892161199,4.569620613,12,4,9999
2026-03-18T06:12:28.510306,118239d4-a5b2-11f0-ab44-baed9603afbb,Lorentzlaan (bushalte),51.917994492,4.415061192,4,4,9999
2026-03-18T06:12:28.510306,0c107276-bdb7-11ed-b1e6-fa4fb8e2990b,RK Sandelingenplein,51.889562128,4.506962326,10,2,9999
2026-03-18T06:12:28.510306,75b8bea6-81d8-11ed-b1e6-fa4fb8e2990b,RK Metrostation Maashaven (Putselaan),51.897794241,4.495760713,10,3,9999
2026-03-18T06:12:28.510306,a20bbbae-bdae-11ed-b1e6-fa4fb8e2990b,RK Frankendaal,51.886951976,4.521294152,10,1,9999
2026-03-18T06:12:28.510306,f1df385c-f5b2-11ef-81b3-76e5c571f05f,HUB Admiraal de Ruyterstraat,51.906742474,4.38554997,8,2,9999
2026-03-18T06:12:28.510306,4247dd56-1c9f-11ee-8219-8ed3b2364c4f,BH Metro Coolhaven,51.909218289,4.458167882,10,9,9999
2026-03-18T06:12:28.510306,65af1c24-06f4-11ef-b58d-569a23b994be,BH Meerum Terwogtlaan,51.951763386,4.524587387,10,3,9999
2026-03-18T07:31:33.730670,bc839806-a5b1-11f0-ab44-baed9603afbb,Van het Hoffplein (Boerhavelaan),51.916219132,4.412005574,8,4,9999
2026-03-18T07:31:33.730670,2c632780-a8de-11ef-8778-d2279db84567,BH Schuttevaerweg,51.922420472,4.434869706,10,3,9999
2026-03-18T07:31:33.730670,a3c07f10-a5b5-11f0-b05b-baed9603afbb,HUB Hoofdbrug,51.908705902,4.406131267,8,2,9999
2026-03-18T07:31:33.730670,b9bfe680-fbc4-11ee-b58d-569a23b994be,Trompenburg 2,51.917638379,4.518889893,10,2,8
2026-03-18T07:31:33.730670,3c659862-a8dd-11ef-8778-d2279db84567,BH Mayflowerstraat,51.905015647,4.440161906,10,9,9999
2026-03-18T07:31:33.730670,e0a4baca-a748-11ef-8778-d2279db84567,BH Mariniersweg,51.920853425,4.490979502,10,8,9999
2026-03-18T07:31:33.730670,c35c448e-06fc-11ef-b58d-569a23b994be,BH Jacob van Campenweg ,51.942434165,4.537976212,7,5,9999
2026-03-18T07:31:33.730670,438486f4-a5b6-11f0-a150-baed9603afbb,HUB Koemarkt ingang garage,51.914517902,4.401917461,6,2,9999
2026-03-18T07:31:33.730670,365f4a3e-a5b3-11f0-ab44-baed9603afbb,Rubensplein,51.911712719,4.383665134,6,0,9999
2026-03-18T07:31:33.730670,a85b996e-fe23-11ee-b58d-569a23b994be,BH Dirk van der Kooijweg (Waterleliesingel),51.953796964,4.52009166,10,1,9999
2026-03-18T07:31:33.730670,19e2de56-b5d8-11ee-9ae6-5263e3f30f1e,BH STC Waalhaven,51.878297275,4.448759787,10,0,9999
2026-03-18T07:31:33.730670,c6c213ee-ed18-11ef-9957-f683e5eb607c,BH Langenhorst (Binkhorst),51.877310029,4.494737503,10,2,9999
2026-03-18T07:31:33.730670,3366f8b0-a8dc-11ef-8778-d2279db84567,BH Vierhavenstraat (WoonEnzo),51.907777562,4.438830385,4,7,9999
2026-03-18T07:31:33.730670,04a89aea-a5b3-11f0-ab44-baed9603afbb,Groenelaan Hagastraat (Winkelcentrum),51.907303396,4.402285408,4,2,9999
2026-03-18T07:31:33.730670,32638aa6-a5b5-11f0-9f09-baed9603afbb,HUB Laan van Bol'es,51.928443203,4.370771711,10,3,9999
2026-03-18T07:31:33.730670,291c2f72-a749-11ef-8778-d2279db84567,BH Westzeedijk,51.909321622,4.471436479,10,5,9999
2026-03-18T07:31:33.730670,abd627be-67bb-11f0-91de-5eaa9feacc9b,BH Schiekade (Heer Bokelweg),51.927133058,4.476309832,10,1,9999
2026-03-18T07:31:33.730670,8948d5a4-b094-11ef-b6d3-56d88772ab1a,BH Duivenpad,51.964922912,4.498254116,8,4,9999
2026-03-18T07:31:33.730670,227e8c1e-be97-11ee-9ae6-5263e3f30f1e,HUB Metrostation Troelstralaan,51.915742295,4.384972326,10,0,9999
2026-03-18T07:31:33.730670,0af509a8-06f7-11ef-b58d-569a23b994be,BH Beethovensingel,51.96114919,4.505141448,10,7,9999
2026-03-18T07:31:33.730670,dc06f296-1768-11ef-8071-42f0fecaeb6a,BH Prins Alexanderlaan (Oosterflank),51.946646256,4.553811478,12,1,9999
2026-03-18T07:31:33.730670,221af3ce-7fe1-11ee-bb01-c602c1905375,BH Metro Prinsenlaan,51.940647564,4.556931306,10,2,9999
2026-03-18T07:31:33.730670,a793d6ba-edc8-11ee-a9f0-82366b51b915,BH Infirmeriestraat,51.922255603,4.502265891,10,4,9999
2026-03-18T07:31:33.730670,0359e1a2-bdb3-11ed-b1e6-fa4fb8e2990b,RK Rosestraat 11C,51.902954022,4.511377745,10,12,9999
2026-03-18T07:31:33.730670,87f07e20-9e78-11ee-a91e-ee69b7c7763e,BH Marconistraat (Lee Towers),51.912441021,4.430411189,14,5,9999
2026-03-18T07:31:33.730670,f539bd6e-06f8-11ef-b58d-569a23b994be,BH Meijersplein,51.955657978,4.463033845,8,2,9999
2026-03-18T07:31:33.730670,70f0801a-8071-11ed-b1e6-fa4fb8e2990b,RK treinstation Lombardijen,51.88057913,4.531905572,30,2,9999
2026-03-18T07:31:33.730670,43752ffc-a8db-11ef-8778-d2279db84567,BH Pieter de Hoochweg,51.906316301,4.459985731,6,6,9999
2026-03-18T07:31:33.730670,b35ddad8-ab08-11ef-8778-d2279db84567,HUB Rotterdamsedijk 272,51.914957692,4.40343084,8,1,9999
2026-03-18T07:31:33.730670,9b1fa0f6-ae3c-11ee-a91e-ee69b7c7763e,BH Winkelhart Plein 1953,51.874842065,4.467889739,10,1,9999
2026-03-18T07:31:33.730670,8bd90878-0884-11f0-9a47-66143dd92f22,RK Molenvliet,51.882626536,4.521159806,10,2,9999
2026-03-18T07:31:33.730670,45450b66-a5b2-11f0-ab44-baed9603afbb,Maasdijk (Gustoweg),51.906629018,4.412009895,6,1,9999
2026-03-18T07:31:33.730670,4de2effe-f068-11ef-ba40-0ea3ed1ae564,HUB Hof van Spaland - Vlaardingseweg,51.935841728,4.376077923,4,1,9999
2026-03-18T07:31:33.730670,d38c6468-06fe-11ef-b58d-569a23b994be,BH Kleine Beer,51.950902127,4.555051083,6,0,9999
2026-03-18T07:31:33.730670,e552904e-182b-11ef-a8d1-42f0fecaeb6a,BH Metrostation Hesseplaats,51.963345229,4.554510684,10,3,9999
2026-03-18T07:31:33.730670,1826196c-b162-11ef-bdcd-5adc5d29ed54,BH Bentincklaan (Diergaarde Blijdorp),51.92572504,4.454794024,10,4,9999
2026-03-18T07:31:33.730670,8a1e5ed0-1c9e-11ee-8219-8ed3b2364c4f,BH Sparta stadion,51.920151368,4.434428835,20,15,9999
2026-03-18T07:31:33.730670,d3c9003c-b486-11ee-9ae6-5263e3f30f1e,BH Oostzeedijk Beneden,51.922514244,4.503092963,10,9,9999
2026-03-18T07:31:33.730670,552a82b8-b094-11ef-b6d3-56d88772ab1a,BH Hockeyclub Rotterdam,51.96869974,4.484731647,25,6,9999
2026-03-18T07:31:33.730670,cb3f6d1c-a746-11ef-8778-d2279db84567,BH Vasteland (AH),51.911537089,4.478368712,10,8,9999
2026-03-18T07:31:33.730670,d4a8557a-eabd-11ef-ac99-aa7241d1fb4f,HUB Admiraal Trompstraat (Huisman),51.908834504,4.381923039,8,0,9999
2026-03-18T07:31:33.730670,00e8b3de-9e82-11ee-a91e-ee69b7c7763e,BH Jacques Dutilhweg,51.927993284,4.5475155,10,7,9999
2026-03-18T07:31:33.730670,d868fe52-36e5-11f0-ab1d-9ae3af3bf913,BH Sluisjesdijk,51.894714517,4.461900478,10,8,0
2026-03-18T07:31:33.730670,4338fed2-edbb-11ee-a9f0-82366b51b915,BH Oostzeedijk Beneden 2,51.921653595,4.507031037,10,12,9999
2026-03-18T07:31:33.730670,2c82bb9a-217b-11ee-8219-8ed3b2364c4f,Hub Weena,51.922738296,4.469181329,142,19,9999
2026-03-18T07:31:33.730670,96f5cbdc-06f6-11ef-b58d-569a23b994be,BH Argonautenweg,51.959086712,4.49354982,10,1,9999
2026-03-18T07:31:33.730670,2f51713e-32b7-11ee-8219-8ed3b2364c4f,Hub P+R Capelsebrug,51.920991793,4.559215491,18,3,9999
2026-03-18T07:31:33.730670,62b0255a-9e7a-11ee-a91e-ee69b7c7763e,BH Vierhavenstraat,51.910327597,4.434992993,16,1,9999
2026-03-18T07:31:33.730670,2b10524e-06f5-11ef-b58d-569a23b994be,BH Piet van der Polsingel,51.950618784,4.518612648,8,1,9999
2026-03-18T07:31:33.730670,47070056-06fa-11ef-b58d-569a23b994be,BH Metrostation Schenkel,51.931770435,4.56406792,12,3,9999
2026-03-18T07:31:33.730670,7a8c12ba-91ab-11ed-b1e6-fa4fb8e2990b,BH Metrostation Slinge,51.874526023,4.477872534,15,4,9999
2026-03-18T07:31:33.730670,026045c6-8530-11ee-bb01-c602c1905375,BH Winkelhart Katendrechtse Lagedijk,51.891184937,4.479440034,10,7,9999
2026-03-18T07:31:33.730670,9d9bb8ec-4bd1-11ee-bb01-c602c1905375,BH Marconiplein,51.913319277,4.432514448,10,4,9999
2026-03-18T07:31:33.730670,8330f3ca-a5b4-11f0-ab44-baed9603afbb,Fokkerstraat Plesmanstraat,51.929694009,4.399576614,4,0,9999
2026-03-18T07:31:33.730670,5b842034-5331-11f0-ab1d-9ae3af3bf913,BH Walenburgerweg,51.926698659,4.462629155,10,9,9999
2026-03-18T07:31:33.730670,a08059b6-b484-11ee-9ae6-5263e3f30f1e,BH Metrostation Gerdesiaweg,51.925444134,4.506155972,10,12,9999
2026-03-18T07:31:33.730670,2f718c84-8911-11ee-bb01-c602c1905375,BH Metro Dijkzigt - EMC,51.911789199,4.466334846,20,17,9999
2026-03-18T07:31:33.730670,f58e41fc-1c9f-11ee-8219-8ed3b2364c4f,BH Heemraadsplein,51.912322959,4.455058085,10,6,9999
2026-03-18T07:31:33.730670,79fdd038-34b8-11f0-ab1d-9ae3af3bf913,BH RTHA Airport,51.94924845,4.432611987,10,5,0
2026-03-18T07:31:33.730670,1c41897e-596e-11ef-bed6-aa139991deb4,HUB Metrostation Nieuwland / Bijdorpplein,51.922583819,4.38260008,10,0,9999
2026-03-18T07:31:33.730670,a57d027c-8912-11ee-bb01-c602c1905375,BH Delftse Poort,51.924408145,4.472816464,10,6,9999
2026-03-18T07:31:33.730670,6383849a-2038-11f0-ab1d-9ae3af3bf913,BH - Kralingsebos (Langepad),51.936318565,4.506197017,10,2,9999
2026-03-18T07:31:33.730670,e90e9332-06f5-11ef-b58d-569a23b994be,BH Burgemeester Le Fèvre de Montignylaan,51.957620055,4.501711782,10,0,9999
2026-03-18T07:31:33.730670,5cb3ffde-bdaf-11ed-b1e6-fa4fb8e2990b,RK Stadionlaan,51.892328813,4.530682857,10,5,9999
2026-03-18T07:31:33.730670,02bed1f8-8392-11ee-bb01-c602c1905375,BH Station Alexander,51.951735827,4.551049232,10,3,9999
2026-03-18T07:31:33.730670,08d5cf66-8ab2-11ee-bb01-c602c1905375,BH Winkelhart Asterlo,51.873536387,4.483591736,10,0,9999
2026-03-18T07:31:33.730670,0e51e024-c757-11ee-9ae6-5263e3f30f1e,BH Metrostation Binnenhof,51.960437867,4.535372966,10,2,9999
2026-03-18T07:31:33.730670,409f87f6-890f-11ee-bb01-c602c1905375,BH Metro Beurs,51.917806013,4.480107053,8,1,9999
2026-03-18T07:31:33.730670,d6a7cd26-4d08-11f0-ab1d-9ae3af3bf913,BH - Oudehoofdplein-Haringvliet,51.918979475,4.49384405,10,7,9999
2026-03-18T07:31:33.730670,f0ad9b92-1767-11ef-8071-42f0fecaeb6a,BH Prinsenlaan,51.937206457,4.536127586,10,0,9999
2026-03-18T07:31:33.730670,f06fd44c-2035-11f0-ab1d-9ae3af3bf913,BH Boezemlaan,51.938982631,4.495864471,10,13,9999
2026-03-18T07:31:33.730670,8d91a90c-9e83-11ee-a91e-ee69b7c7763e,BH Kraaierstraat,51.91909698,4.418192898,8,3,9999
2026-03-18T07:31:33.730670,a2671a36-bdad-11ed-b1e6-fa4fb8e2990b,RK Dwarsdijk,51.893055987,4.539201504,10,7,9999
2026-03-18T07:31:33.730670,376a5cda-06f8-11ef-b58d-569a23b994be,BH Ganzerikplein,51.958953276,4.471584016,10,4,9999
2026-03-18T07:31:33.730670,5cdd9872-b096-11ef-b6d3-56d88772ab1a,BH Wilgenplaslaan/ Meidoornsingel,51.953868042,4.468211582,7,3,9999
2026-03-18T07:31:33.730670,952a3e78-a8db-11ef-8778-d2279db84567,BH Lloydstraat,51.902214281,4.461287644,10,6,9999
2026-03-18T07:31:33.730670,a6fa0910-8067-11ed-b1e6-fa4fb8e2990b,BH Stadion Fey (Bert Heesakkerstr.),51.896805818,4.521735582,50,0,9999
2026-03-18T07:31:33.730670,a1337d02-e018-11ed-a249-96cdaf8f7240,BH Sint Franciscus,51.942171146,4.460534407,25,9,9999
2026-03-18T07:31:33.730670,d3cea108-8285-11f0-ab44-baed9603afbb,BH - Ratelaarweg,51.967431611,4.463349689,10,0,9999
2026-03-18T07:31:33.730670,3bef7002-bdb5-11ed-b1e6-fa4fb8e2990b,RK Breeweg,51.890630632,4.514261169,10,2,9999
2026-03-18T07:31:33.730670,8c90734c-45bb-11ee-8219-8ed3b2364c4f,BH Coen Moulijnweg,51.893813253,4.526876329,42,6,9999
2026-03-18T07:31:33.730670,1b098490-2037-11f0-ab1d-9ae3af3bf913,BH Karmelweg,51.933461291,4.5029394,8,6,9999
2026-03-18T07:31:33.730670,23348a06-bdb1-11ed-b1e6-fa4fb8e2990b,RK Guido Gezelleweg,51.87434607,4.523238145,10,7,9999
2026-03-18T07:31:33.730670,66824038-37b2-11ef-a21a-8e54a72a50da,HUB Metrostation Parkweg / Zuidzijde,51.921443238,4.39475836,10,0,7
2026-03-18T07:31:33.730670,2c127298-ff25-11ef-a79f-a65a77daff90,BH Aert van Nesstraat,51.921141166,4.478916173,8,0,9999
2026-03-18T07:31:33.730670,cde445c6-a744-11ef-8778-d2279db84567,BH Groenendaal,51.921685178,4.492944049,6,4,9999
2026-03-18T07:31:33.730670,97c6a1c2-a8da-11ef-8778-d2279db84567,BH Henegouwerplein,51.921807589,4.460561523,10,6,9999
2026-03-18T07:31:33.730670,e68d5642-a5b5-11f0-b6c1-baed9603afbb,HUB NS Station Schiedam Centrum/ Professor Kamerlingh Onneslaan,51.92071744,4.408262487,12,3,9999
2026-03-18T07:31:33.730670,82623a40-bda3-11ed-b1e6-fa4fb8e2990b,RK Rosestraat,51.91100607,4.501308573,10,5,9999
2026-03-18T07:31:33.730670,b7353df6-b485-11ee-9ae6-5263e3f30f1e,BH Metrostation Kralingsezoom (Gravenweg),51.921751706,4.533850265,10,7,9999
2026-03-18T07:31:33.730670,6c34980a-bb92-11ef-a02d-6ea8ed91bd56,BH Gordelweg (Lidl),51.940472428,4.479798999,4,1,9999
2026-03-18T07:31:33.730670,5904bd1a-a5b5-11f0-b05b-baed9603afbb,HUB Hof van Spaland - Bachplein,51.934889388,4.374726808,8,3,9999
2026-03-18T07:31:33.730670,32ca5fd0-8126-11ed-b1e6-fa4fb8e2990b,RK Vuurplaat,51.906526668,4.505838102,10,3,9999
2026-03-18T07:31:33.730670,f94a1ff6-b095-11ef-b6d3-56d88772ab1a,BH Bm Le Fèvre de Montignylaan/ Jeroen Boschlaan,51.955641943,4.505982462,6,1,9999
2026-03-18T07:31:33.730670,4228b402-8537-11ee-bb01-c602c1905375,BH Tongelaarweg,51.895280064,4.563514996,10,0,9999
2026-03-18T07:31:33.730670,6f66a60c-36e5-11f0-ab1d-9ae3af3bf913,BH Lloydpier,51.904487669,4.460458303,8,5,1
2026-03-18T07:31:33.730670,7d81b63e-a5b5-11f0-b05b-baed9603afbb,HUB 's Gravelandseweg,51.932091958,4.401924037,6,0,9999
2026-03-18T07:31:33.730670,a3dbb322-8121-11ed-b1e6-fa4fb8e2990b,RK Metrostation Rijnhaven ,51.902216981,4.49610172,15,11,9999
2026-03-18T07:31:33.730670,cf23b50e-9ad0-11f0-ab44-baed9603afbb,BH Natuurhistorisch museum,51.911022288,4.472728259,12,0,9999
2026-03-18T07:31:33.730670,d55243f6-182b-11ef-a8d1-42f0fecaeb6a,BH Siciliëboulevard ,51.97996654,4.580859756,10,0,9999
2026-03-18T07:31:33.730670,e0f7ef36-a5b4-11f0-ab44-baed9603afbb,Havenstraat einde (digitale testhub),51.900396883,4.398614319,12,0,9999
2026-03-18T07:31:33.730670,05d1d708-eabd-11ef-88c2-aa7241d1fb4f,HUB De Thermen ,51.927426752,4.380236246,8,0,9999
2026-03-18T07:31:33.730670,b3381a7a-2036-11f0-ab1d-9ae3af3bf913,BH Oudedijk / de Nieuwe Plantage,51.929149075,4.505248613,8,0,9999
2026-03-18T07:31:33.730670,8b480576-eabc-11ee-a9f0-82366b51b915,BH Schiedamseweg Beneden,51.914135146,4.422297364,5,8,9999
2026-03-18T07:31:33.730670,89a2f1d2-a5b3-11f0-ab44-baed9603afbb,Metrostation Vijfsluizen,51.908108215,4.37254105,8,1,9999
2026-03-18T07:31:33.730670,e50f3d1e-f069-11ef-9ed7-0ea3ed1ae564,HUB Oranjestraat - Lange Nieuwstraat,51.913368472,4.40030457,5,1,9999
2026-03-18T07:31:33.730670,4c1b19a4-d0a1-11ee-8b0e-065810cc8d78,BH Elandstraat,51.910800072,4.553878993,10,7,9999
2026-03-18T07:31:33.730670,bbbba24e-806e-11ed-b1e6-fa4fb8e2990b,RK P+R Noorderhelling,51.894761016,4.532122707,15,1,9999
2026-03-18T07:31:33.730670,3ac0b682-8129-11ed-b1e6-fa4fb8e2990b,RK Cor Kieboomplein,51.896922039,4.523502821,15,3,9999
2026-03-18T07:31:33.730670,5a3ffbf4-37b1-11ef-a21a-8e54a72a50da,HUB Metrostation Nieuwland / Van Limburg Stirumstraat,51.922446663,4.38308784,6,0,2
2026-03-18T07:31:33.730670,5d8d12a2-a5b4-11f0-ab44-baed9603afbb,Van Heekstraat,51.931167557,4.406024405,4,0,9999
2026-03-18T07:31:33.730670,f251d6e8-0b82-11ef-b58d-569a23b994be,BH Metrostation Graskruid ,51.956473743,4.550010233,8,3,9999
2026-03-18T07:31:33.730670,a4d2ea7c-b2f0-11ef-aa57-62870c7808bb,BH 2e Hogenbanweg,51.936951327,4.427707182,8,1,9999
2026-03-18T07:31:33.730670,75ba0d1a-2037-11f0-ab1d-9ae3af3bf913,BH Stadhoudersweg,51.931417737,4.461484988,10,7,9999
2026-03-18T07:31:33.730670,bc6b0d7e-a745-11ef-8778-d2279db84567,BH Goudsewagenstraat,51.923224462,4.493552746,8,8,9999
2026-03-18T07:31:33.730670,0f37eafc-8912-11ee-bb01-c602c1905375,BH Metro Oostplein,51.922677789,4.497608825,10,13,9999
2026-03-18T07:31:33.730670,aed7c2fa-8123-11ed-b1e6-fa4fb8e2990b,RK Groene Hilledijk/Beijerlandselaan,51.893806789,4.509452258,10,2,9999
2026-03-18T07:31:33.730670,c76f0318-bb92-11ef-a02d-6ea8ed91bd56,BH NS Centraal Station (Stationssingel),51.925399994,4.466148375,10,18,9999
2026-03-18T07:31:33.730670,361a368c-a5b4-11f0-ab44-baed9603afbb,Sportpark Haga (Epke Zonderlandstraat),51.921919868,4.370918199,8,2,9999
2026-03-18T07:31:33.730670,f4c0fe5e-02d6-11ef-b58d-569a23b994be,BH Paulus Potterstraat,51.9228414,4.508497696,10,7,9999
2026-03-18T07:31:33.730670,48cbf66e-9f15-11ee-a91e-ee69b7c7763e,BH Franselaan,51.917379138,4.420463507,10,9,9999
2026-03-18T07:31:33.730670,e9735b4e-7da7-11f0-ab44-baed9603afbb,BH Veldkersweg,51.966835673,4.46657292,8,3,9999
2026-03-18T07:31:33.730670,4b1ac684-bb93-11ef-a02d-6ea8ed91bd56,BH Noorderkanaalweg,51.940525593,4.472984586,9,5,9999
2026-03-18T07:31:33.730670,033a9392-3700-11f0-ab1d-9ae3af3bf913,BH Herman Bavinckstraat,51.915067882,4.521446921,10,3,9999
2026-03-18T07:31:33.730670,ffe8c3e8-a8da-11ef-8778-d2279db84567,BH Mathenesserplein,51.917836602,4.44508891,8,13,9999
2026-03-18T07:31:33.730670,e377069a-ff63-11ef-a79f-a65a77daff90,BH Kralingsebos Bosdreef/Pr. Beatrixlaan,51.93789612,4.501689644,8,7,9999
2026-03-18T07:31:33.730670,7af95f9c-a747-11ef-8778-d2279db84567,BH Kruisplein,51.92228569,4.47138789,6,4,9999
2026-03-18T07:31:33.730670,4c50cb7a-bdb6-11ed-b1e6-fa4fb8e2990b,RK Olympiaweg,51.886462746,4.529133302,10,3,9999
2026-03-18T07:31:33.730670,a694ef4e-36e5-11f0-ab1d-9ae3af3bf913,BH Neushoornstraat,51.913041554,4.553743002,6,1,0
2026-03-18T07:31:33.730670,be56ca62-8120-11ed-b1e6-fa4fb8e2990b,RK P+R Beverwaard,51.885771514,4.568986239,10,1,9999
2026-03-18T07:31:33.730670,d5af3bc4-806a-11ed-b1e6-fa4fb8e2990b,BH Kievitslaan,51.907226862,4.473300159,17,8,9999
2026-03-18T07:31:33.730670,dd006abc-a5b3-11f0-ab44-baed9603afbb,Havenstraat,51.903204365,4.398004897,8,0,9999
2026-03-18T07:31:33.730670,6f09af84-eabe-11ee-a9f0-82366b51b915,BH Delftseplein ,51.925206514,4.474011701,14,6,9999
2026-03-18T07:31:33.730670,1cfb89ec-806b-11ed-b1e6-fa4fb8e2990b,BH Westplein,51.908912961,4.478583441,10,13,9999
2026-03-18T07:31:33.730670,12fc10a4-bb94-11ef-a02d-6ea8ed91bd56,BH Noordplein,51.930251975,4.483699175,10,3,9999
2026-03-18T07:31:33.730670,276e8d26-bda0-11ed-b1e6-fa4fb8e2990b,RK Strevelsweg,51.889634937,4.495943368,15,2,9999
2026-03-18T07:31:33.730670,9e066470-2038-11f0-ab1d-9ae3af3bf913,BH Kralinger Esch,51.911179823,4.524762065,9,17,9999
2026-03-18T07:31:33.730670,9b1f0aaa-8125-11ed-b1e6-fa4fb8e2990b,RK Slaghekstraat - Beijerlandselaan,51.897574833,4.511261604,10,0,9999
2026-03-18T07:31:33.730670,b8c81048-2037-11f0-ab1d-9ae3af3bf913,BH Van Maanenstraat,51.932279316,4.464280453,6,7,9999
2026-03-18T07:31:33.730670,1f4ff66c-bdb8-11ed-b1e6-fa4fb8e2990b,RK Van der Takstraat ,51.914243737,4.496045621,10,7,9999
2026-03-18T07:31:33.730670,3b523cee-5c94-11f0-ab1d-9ae3af3bf913,BH - Wilhelminapier,51.90698281,4.489727426,14,4,9999
2026-03-18T07:31:33.730670,e8d292d2-039a-11ef-b58d-569a23b994be,BH Mia van Yperenplein ,51.928414546,4.545678043,10,5,9999
2026-03-18T07:31:33.730670,12daf18a-8068-11ed-b1e6-fa4fb8e2990b,BH Treinst. Lombardijen (Aesopusplaats),51.880478018,4.530040287,10,3,9999
2026-03-18T07:31:33.730670,558e4a5a-eaba-11ee-a9f0-82366b51b915,BH Blijdorplaan ,51.927389289,4.440437692,22,16,9999
2026-03-18T07:31:33.730670,5a8de282-36ee-11f0-ab1d-9ae3af3bf913,BH van Blommesteynweg,51.888148155,4.460842726,10,0,9999
2026-03-18T07:31:33.730670,078569ee-a5b5-11f0-ab44-baed9603afbb,Nieuwe Waterwegstraat (digitale testhub),51.900682979,4.390873601,12,0,9999
2026-03-18T07:31:33.730670,8e5dd27e-06fd-11ef-b58d-569a23b994be,BH Prins Alexanderplein,51.951040272,4.553684972,14,0,9999
2026-03-18T07:31:33.730670,a6843864-fbc4-11ee-b58d-569a23b994be,Trompenburg 1,51.917696349,4.517981647,10,9,0
2026-03-18T07:31:33.730670,5b583480-a8da-11ef-8778-d2279db84567,BH Duyststraat,51.910073429,4.452225738,8,7,9999
2026-03-18T07:31:33.730670,2510e9ba-a5b6-11f0-847a-baed9603afbb,Hub Kloosterplaats,51.91675013,4.402112308,6,1,9999
2026-03-18T07:31:33.730670,880e3e72-a8dd-11ef-8778-d2279db84567,BH Spaansebocht,51.917413667,4.430014126,9,1,9999
2026-03-18T07:31:33.730670,b5b3324a-edb9-11ee-a9f0-82366b51b915,BH Siondwarsstraat,51.925261494,4.51053174,10,0,9999
2026-03-18T07:31:33.730670,94b01d94-edc6-11ee-a9f0-82366b51b915,BH Schuttersveld,51.933248028,4.490978921,10,6,9999
2026-03-18T07:31:33.730670,69b33170-edbd-11ee-a9f0-82366b51b915,BH Metro Oostplein 2,51.923145722,4.496820843,10,5,9999
2026-03-18T07:31:33.730670,67d6af9a-f068-11ef-ba40-0ea3ed1ae564,HUB Hof van Spaland - Schiedamseweg,51.934898803,4.378145906,12,2,9999
2026-03-18T07:31:33.730670,4933dd54-9e7c-11ee-a91e-ee69b7c7763e,BH Willem Ruyslaan (Luzac College),51.925421889,4.508669446,10,4,9999
2026-03-18T07:31:33.730670,9f935b6c-b095-11ef-b6d3-56d88772ab1a,BH Bergpolderplein,51.945227242,4.474988047,8,2,9999
2026-03-18T07:31:33.730670,8a2d056c-bb93-11ef-a02d-6ea8ed91bd56,BH NS Station Noord (Bergweg),51.941530048,4.481339526,10,0,8
2026-03-18T07:31:33.730670,4d95ab34-8122-11ed-b1e6-fa4fb8e2990b,RK Metrostation Maashaven ,51.896573582,4.494245173,30,8,9999
2026-03-18T07:31:33.730670,3d015ff0-8394-11ee-bb01-c602c1905375,BH Metrostation Oosterflank,51.945209326,4.555045447,10,1,9999
2026-03-18T07:31:33.730670,defeb050-a747-11ef-8778-d2279db84567,BH Karel Doormanstraat,51.922789549,4.473609692,9,4,9999
2026-03-18T07:31:33.730670,b5dc5454-890f-11ee-bb01-c602c1905375,BH Schilderstraat,51.916377397,4.48142868,8,1,9999
2026-03-18T07:31:33.730670,2f12ae3e-806c-11ed-b1e6-fa4fb8e2990b,BH Winkelcentrum Keizerswaard-Herenw,51.886358391,4.549308056,15,4,9999
2026-03-18T07:31:33.730670,3b6d73a8-805d-11ed-b1e6-fa4fb8e2990b,BH Metrostation Melanchtonweg,51.94881199,4.465233746,10,0,9999
2026-03-18T07:31:33.730670,d5832958-891a-11ee-bb01-c602c1905375,BH Metro Zuidplein (nieuw),51.887180341,4.491554668,10,1,9999
2026-03-18T07:31:33.730670,a535094e-b162-11ef-bdcd-5adc5d29ed54,BH Eudokiaplein,51.932433484,4.47153255,9,4,9999
2026-03-18T07:31:33.730670,437f8dc8-bd9e-11ed-b1e6-fa4fb8e2990b,RK Hillevliet,51.89558515,4.506432514,10,0,9999
2026-03-18T07:31:33.730670,f10d8ab4-9997-11ee-a91e-ee69b7c7763e,BH Shell Hofplein,51.925705456,4.477781355,28,2,9999
2026-03-18T07:31:33.730670,94467720-8127-11ed-b1e6-fa4fb8e2990b,RK Persoonsdam,51.909309099,4.508017165,10,8,9999
2026-03-18T07:31:33.730670,9245444a-2023-11f0-ab1d-9ae3af3bf913,BH Witte de Withstraat,51.915906523,4.478080905,10,2,9999
2026-03-18T07:31:33.730670,49d59348-ff64-11ef-b515-a65a77daff90,BH Bergweg (Dirk van den Broek),51.93856254,4.479465675,6,2,9999
2026-03-18T07:31:33.730670,30fb96bc-8124-11ed-b1e6-fa4fb8e2990b,RK Beverwaardseweg/ Borgharensingel,51.898798338,4.564663375,10,2,9999
2026-03-18T07:31:33.730670,9a1fb404-8ab3-11ee-bb01-c602c1905375,BH Langenhorst ,51.874120882,4.494254863,10,6,9999
2026-03-18T07:31:33.730670,abe67bfa-b096-11ef-b6d3-56d88772ab1a,BH Wilgenplaslaan/ Donkersingel,51.951337599,4.47048253,10,5,9999
2026-03-18T07:31:33.730670,068b0f9c-a8dd-11ef-8778-d2279db84567,BH Vierhavenstraat (Sahan),51.908502395,4.437727106,4,1,9999
2026-03-18T07:31:33.730670,bc0e7e9c-a8da-11ef-8778-d2279db84567,BH Jan van Vuchtstraat,51.917045317,4.460830874,6,9,9999
2026-03-18T07:31:33.730670,8b721818-a5b2-11f0-ab44-baed9603afbb,Lekstraat,51.90446958,4.406985264,6,2,9999
2026-03-18T07:31:33.730670,ad212572-06f7-11ef-b58d-569a23b994be,BH Molenlaan/Grindweg,51.963224537,4.49571068,10,2,9999
2026-03-18T07:31:33.730670,f8828c3e-806d-11ed-b1e6-fa4fb8e2990b,RK Station Rdam Zuid,51.905545015,4.509568537,15,7,9999
2026-03-18T07:31:33.730670,5f71799e-806b-11ed-b1e6-fa4fb8e2990b,BH Willemsplein,51.911118908,4.481894771,17,9,9999
2026-03-18T07:31:33.730670,42824336-bd97-11ed-b1e6-fa4fb8e2990b,RK Groene Hilledijk,51.882726433,4.504266667,10,0,9999
2026-03-18T07:31:33.730670,db6932f4-182b-11ef-a8d1-42f0fecaeb6a,BH Metrostation Nesselande,51.978969273,4.586177782,10,0,9999
2026-03-18T07:31:33.730670,e26322b0-2025-11f0-ab1d-9ae3af3bf913,BH Brielselaan,51.896298935,4.489248091,4,2,9999
2026-03-18T07:31:33.730670,c862b7f2-06fb-11ef-b58d-569a23b994be,BH Prins Alexanderlaan (metrobaan zijde),51.952192324,4.551435621,10,1,9999
2026-03-18T07:31:33.730670,c53689c2-8124-11ed-b1e6-fa4fb8e2990b,RK Peellandstraat / Beesdestraat ,51.888535309,4.567291893,10,5,9999
2026-03-18T07:31:33.730670,8f5d35a0-1834-11ef-8071-42f0fecaeb6a,BH Jan Bijloostraat (Winkelcentrum Lage Land),51.941821995,4.546449269,9,3,9999
2026-03-18T07:31:33.730670,f8fcd3a4-983a-11ef-a85a-be896af2d3a5,BH Rhijnauwensingel,51.892161199,4.569620613,12,4,9999
2026-03-18T07:31:33.730670,118239d4-a5b2-11f0-ab44-baed9603afbb,Lorentzlaan (bushalte),51.917994492,4.415061192,4,4,9999
2026-03-18T07:31:33.730670,0c107276-bdb7-11ed-b1e6-fa4fb8e2990b,RK Sandelingenplein,51.889562128,4.506962326,10,2,9999
2026-03-18T07:31:33.730670,75b8bea6-81d8-11ed-b1e6-fa4fb8e2990b,RK Metrostation Maashaven (Putselaan),51.897794241,4.495760713,10,3,9999
2026-03-18T07:31:33.730670,a20bbbae-bdae-11ed-b1e6-fa4fb8e2990b,RK Frankendaal,51.886951976,4.521294152,10,1,9999
2026-03-18T07:31:33.730670,f1df385c-f5b2-11ef-81b3-76e5c571f05f,HUB Admiraal de Ruyterstraat,51.906742474,4.38554997,8,2,9999
2026-03-18T07:31:33.730670,4247dd56-1c9f-11ee-8219-8ed3b2364c4f,BH Metro Coolhaven,51.909218289,4.458167882,10,11,9999
2026-03-18T07:31:33.730670,65af1c24-06f4-11ef-b58d-569a23b994be,BH Meerum Terwogtlaan,51.951763386,4.524587387,10,3,9999
2026-03-18T08:08:17.351491,bc839806-a5b1-11f0-ab44-baed9603afbb,Van het Hoffplein (Boerhavelaan),51.916219132,4.412005574,8,4,9999
2026-03-18T08:08:17.351491,2c632780-a8de-11ef-8778-d2279db84567,BH Schuttevaerweg,51.922420472,4.434869706,10,3,9999
2026-03-18T08:08:17.351491,a3c07f10-a5b5-11f0-b05b-baed9603afbb,HUB Hoofdbrug,51.908705902,4.406131267,8,2,9999
2026-03-18T08:08:17.351491,b9bfe680-fbc4-11ee-b58d-569a23b994be,Trompenburg 2,51.917638379,4.518889893,10,2,8
2026-03-18T08:08:17.351491,3c659862-a8dd-11ef-8778-d2279db84567,BH Mayflowerstraat,51.905015647,4.440161906,10,9,9999
2026-03-18T08:08:17.351491,e0a4baca-a748-11ef-8778-d2279db84567,BH Mariniersweg,51.920853425,4.490979502,10,9,9999
2026-03-18T08:08:17.351491,c35c448e-06fc-11ef-b58d-569a23b994be,BH Jacob van Campenweg ,51.942434165,4.537976212,7,5,9999
2026-03-18T08:08:17.351491,438486f4-a5b6-11f0-a150-baed9603afbb,HUB Koemarkt ingang garage,51.914517902,4.401917461,6,2,9999
2026-03-18T08:08:17.351491,365f4a3e-a5b3-11f0-ab44-baed9603afbb,Rubensplein,51.911712719,4.383665134,6,0,9999
2026-03-18T08:08:17.351491,a85b996e-fe23-11ee-b58d-569a23b994be,BH Dirk van der Kooijweg (Waterleliesingel),51.953796964,4.52009166,10,2,9999
2026-03-18T08:08:17.351491,19e2de56-b5d8-11ee-9ae6-5263e3f30f1e,BH STC Waalhaven,51.878297275,4.448759787,10,0,9999
2026-03-18T08:08:17.351491,c6c213ee-ed18-11ef-9957-f683e5eb607c,BH Langenhorst (Binkhorst),51.877310029,4.494737503,10,2,9999
2026-03-18T08:08:17.351491,3366f8b0-a8dc-11ef-8778-d2279db84567,BH Vierhavenstraat (WoonEnzo),51.907777562,4.438830385,4,7,9999
2026-03-18T08:08:17.351491,04a89aea-a5b3-11f0-ab44-baed9603afbb,Groenelaan Hagastraat (Winkelcentrum),51.907303396,4.402285408,4,2,9999
2026-03-18T08:08:17.351491,32638aa6-a5b5-11f0-9f09-baed9603afbb,HUB Laan van Bol'es,51.928443203,4.370771711,10,3,9999
2026-03-18T08:08:17.351491,291c2f72-a749-11ef-8778-d2279db84567,BH Westzeedijk,51.909321622,4.471436479,10,6,9999
2026-03-18T08:08:17.351491,abd627be-67bb-11f0-91de-5eaa9feacc9b,BH Schiekade (Heer Bokelweg),51.927133058,4.476309832,10,0,9999
2026-03-18T08:08:17.351491,8948d5a4-b094-11ef-b6d3-56d88772ab1a,BH Duivenpad,51.964922912,4.498254116,8,4,9999
2026-03-18T08:08:17.351491,227e8c1e-be97-11ee-9ae6-5263e3f30f1e,HUB Metrostation Troelstralaan,51.915742295,4.384972326,10,0,9999
2026-03-18T08:08:17.351491,0af509a8-06f7-11ef-b58d-569a23b994be,BH Beethovensingel,51.96114919,4.505141448,10,7,9999
2026-03-18T08:08:17.351491,dc06f296-1768-11ef-8071-42f0fecaeb6a,BH Prins Alexanderlaan (Oosterflank),51.946646256,4.553811478,12,1,9999
2026-03-18T08:08:17.351491,221af3ce-7fe1-11ee-bb01-c602c1905375,BH Metro Prinsenlaan,51.940647564,4.556931306,10,2,9999
2026-03-18T08:08:17.351491,a793d6ba-edc8-11ee-a9f0-82366b51b915,BH Infirmeriestraat,51.922255603,4.502265891,10,4,9999
2026-03-18T08:08:17.351491,0359e1a2-bdb3-11ed-b1e6-fa4fb8e2990b,RK Rosestraat 11C,51.902954022,4.511377745,10,12,9999
2026-03-18T08:08:17.351491,87f07e20-9e78-11ee-a91e-ee69b7c7763e,BH Marconistraat (Lee Towers),51.912441021,4.430411189,14,5,9999
2026-03-18T08:08:17.351491,f539bd6e-06f8-11ef-b58d-569a23b994be,BH Meijersplein,51.955657978,4.463033845,8,3,9999
2026-03-18T08:08:17.351491,70f0801a-8071-11ed-b1e6-fa4fb8e2990b,RK treinstation Lombardijen,51.88057913,4.531905572,30,2,9999
2026-03-18T08:08:17.351491,43752ffc-a8db-11ef-8778-d2279db84567,BH Pieter de Hoochweg,51.906316301,4.459985731,6,8,9999
2026-03-18T08:08:17.351491,b35ddad8-ab08-11ef-8778-d2279db84567,HUB Rotterdamsedijk 272,51.914957692,4.40343084,8,1,9999
2026-03-18T08:08:17.351491,9b1fa0f6-ae3c-11ee-a91e-ee69b7c7763e,BH Winkelhart Plein 1953,51.874842065,4.467889739,10,1,9999
2026-03-18T08:08:17.351491,8bd90878-0884-11f0-9a47-66143dd92f22,RK Molenvliet,51.882626536,4.521159806,10,2,9999
2026-03-18T08:08:17.351491,45450b66-a5b2-11f0-ab44-baed9603afbb,Maasdijk (Gustoweg),51.906629018,4.412009895,6,1,9999
2026-03-18T08:08:17.351491,4de2effe-f068-11ef-ba40-0ea3ed1ae564,HUB Hof van Spaland - Vlaardingseweg,51.935841728,4.376077923,4,1,9999
2026-03-18T08:08:17.351491,d38c6468-06fe-11ef-b58d-569a23b994be,BH Kleine Beer,51.950902127,4.555051083,6,0,9999
2026-03-18T08:08:17.351491,e552904e-182b-11ef-a8d1-42f0fecaeb6a,BH Metrostation Hesseplaats,51.963345229,4.554510684,10,3,9999
2026-03-18T08:08:17.351491,1826196c-b162-11ef-bdcd-5adc5d29ed54,BH Bentincklaan (Diergaarde Blijdorp),51.92572504,4.454794024,10,9,9999
2026-03-18T08:08:17.351491,8a1e5ed0-1c9e-11ee-8219-8ed3b2364c4f,BH Sparta stadion,51.920151368,4.434428835,20,16,9999
2026-03-18T08:08:17.351491,d3c9003c-b486-11ee-9ae6-5263e3f30f1e,BH Oostzeedijk Beneden,51.922514244,4.503092963,10,8,9999
2026-03-18T08:08:17.351491,552a82b8-b094-11ef-b6d3-56d88772ab1a,BH Hockeyclub Rotterdam,51.96869974,4.484731647,25,6,9999
2026-03-18T08:08:17.351491,cb3f6d1c-a746-11ef-8778-d2279db84567,BH Vasteland (AH),51.911537089,4.478368712,10,13,9999
2026-03-18T08:08:17.351491,d4a8557a-eabd-11ef-ac99-aa7241d1fb4f,HUB Admiraal Trompstraat (Huisman),51.908834504,4.381923039,8,0,9999
2026-03-18T08:08:17.351491,00e8b3de-9e82-11ee-a91e-ee69b7c7763e,BH Jacques Dutilhweg,51.927993284,4.5475155,10,7,9999
2026-03-18T08:08:17.351491,d868fe52-36e5-11f0-ab1d-9ae3af3bf913,BH Sluisjesdijk,51.894714517,4.461900478,10,9,0
2026-03-18T08:08:17.351491,4338fed2-edbb-11ee-a9f0-82366b51b915,BH Oostzeedijk Beneden 2,51.921653595,4.507031037,10,10,9999
2026-03-18T08:08:17.351491,2c82bb9a-217b-11ee-8219-8ed3b2364c4f,Hub Weena,51.922738296,4.469181329,142,26,9999
2026-03-18T08:08:17.351491,96f5cbdc-06f6-11ef-b58d-569a23b994be,BH Argonautenweg,51.959086712,4.49354982,10,1,9999
2026-03-18T08:08:17.351491,2f51713e-32b7-11ee-8219-8ed3b2364c4f,Hub P+R Capelsebrug,51.920991793,4.559215491,18,3,9999
2026-03-18T08:08:17.351491,62b0255a-9e7a-11ee-a91e-ee69b7c7763e,BH Vierhavenstraat,51.910327597,4.434992993,16,1,9999
2026-03-18T08:08:17.351491,2b10524e-06f5-11ef-b58d-569a23b994be,BH Piet van der Polsingel,51.950618784,4.518612648,8,1,9999
2026-03-18T08:08:17.351491,47070056-06fa-11ef-b58d-569a23b994be,BH Metrostation Schenkel,51.931770435,4.56406792,12,2,9999
2026-03-18T08:08:17.351491,7a8c12ba-91ab-11ed-b1e6-fa4fb8e2990b,BH Metrostation Slinge,51.874526023,4.477872534,15,5,9999
2026-03-18T08:08:17.351491,026045c6-8530-11ee-bb01-c602c1905375,BH Winkelhart Katendrechtse Lagedijk,51.891184937,4.479440034,10,7,9999
2026-03-18T08:08:17.351491,9d9bb8ec-4bd1-11ee-bb01-c602c1905375,BH Marconiplein,51.913319277,4.432514448,10,3,9999
2026-03-18T08:08:17.351491,8330f3ca-a5b4-11f0-ab44-baed9603afbb,Fokkerstraat Plesmanstraat,51.929694009,4.399576614,4,0,9999
2026-03-18T08:08:17.351491,5b842034-5331-11f0-ab1d-9ae3af3bf913,BH Walenburgerweg,51.926698659,4.462629155,10,8,9999
2026-03-18T08:08:17.351491,a08059b6-b484-11ee-9ae6-5263e3f30f1e,BH Metrostation Gerdesiaweg,51.925444134,4.506155972,10,12,9999
2026-03-18T08:08:17.351491,2f718c84-8911-11ee-bb01-c602c1905375,BH Metro Dijkzigt - EMC,51.911789199,4.466334846,20,19,9999
2026-03-18T08:08:17.351491,f58e41fc-1c9f-11ee-8219-8ed3b2364c4f,BH Heemraadsplein,51.912322959,4.455058085,10,4,9999
2026-03-18T08:08:17.351491,79fdd038-34b8-11f0-ab1d-9ae3af3bf913,BH RTHA Airport,51.94924845,4.432611987,10,5,0
2026-03-18T08:08:17.351491,1c41897e-596e-11ef-bed6-aa139991deb4,HUB Metrostation Nieuwland / Bijdorpplein,51.922583819,4.38260008,10,0,9999
2026-03-18T08:08:17.351491,a57d027c-8912-11ee-bb01-c602c1905375,BH Delftse Poort,51.924408145,4.472816464,10,8,9999
2026-03-18T08:08:17.351491,6383849a-2038-11f0-ab1d-9ae3af3bf913,BH - Kralingsebos (Langepad),51.936318565,4.506197017,10,2,9999
2026-03-18T08:08:17.351491,e90e9332-06f5-11ef-b58d-569a23b994be,BH Burgemeester Le Fèvre de Montignylaan,51.957620055,4.501711782,10,0,9999
2026-03-18T08:08:17.351491,5cb3ffde-bdaf-11ed-b1e6-fa4fb8e2990b,RK Stadionlaan,51.892328813,4.530682857,10,5,9999
2026-03-18T08:08:17.351491,02bed1f8-8392-11ee-bb01-c602c1905375,BH Station Alexander,51.951735827,4.551049232,10,5,9999
2026-03-18T08:08:17.351491,08d5cf66-8ab2-11ee-bb01-c602c1905375,BH Winkelhart Asterlo,51.873536387,4.483591736,10,0,9999
2026-03-18T08:08:17.351491,0e51e024-c757-11ee-9ae6-5263e3f30f1e,BH Metrostation Binnenhof,51.960437867,4.535372966,10,2,9999
2026-03-18T08:08:17.351491,409f87f6-890f-11ee-bb01-c602c1905375,BH Metro Beurs,51.917806013,4.480107053,8,1,9999
2026-03-18T08:08:17.351491,d6a7cd26-4d08-11f0-ab1d-9ae3af3bf913,BH - Oudehoofdplein-Haringvliet,51.918979475,4.49384405,10,7,9999
2026-03-18T08:08:17.351491,f0ad9b92-1767-11ef-8071-42f0fecaeb6a,BH Prinsenlaan,51.937206457,4.536127586,10,0,9999
2026-03-18T08:08:17.351491,f06fd44c-2035-11f0-ab1d-9ae3af3bf913,BH Boezemlaan,51.938982631,4.495864471,10,12,9999
2026-03-18T08:08:17.351491,8d91a90c-9e83-11ee-a91e-ee69b7c7763e,BH Kraaierstraat,51.91909698,4.418192898,8,3,9999
2026-03-18T08:08:17.351491,a2671a36-bdad-11ed-b1e6-fa4fb8e2990b,RK Dwarsdijk,51.893055987,4.539201504,10,7,9999
2026-03-18T08:08:17.351491,376a5cda-06f8-11ef-b58d-569a23b994be,BH Ganzerikplein,51.958953276,4.471584016,10,4,9999
2026-03-18T08:08:17.351491,5cdd9872-b096-11ef-b6d3-56d88772ab1a,BH Wilgenplaslaan/ Meidoornsingel,51.953868042,4.468211582,7,3,9999
2026-03-18T08:08:17.351491,952a3e78-a8db-11ef-8778-d2279db84567,BH Lloydstraat,51.902214281,4.461287644,10,7,9999
2026-03-18T08:08:17.351491,a6fa0910-8067-11ed-b1e6-fa4fb8e2990b,BH Stadion Fey (Bert Heesakkerstr.),51.896805818,4.521735582,50,0,9999
2026-03-18T08:08:17.351491,a1337d02-e018-11ed-a249-96cdaf8f7240,BH Sint Franciscus,51.942171146,4.460534407,25,9,9999
2026-03-18T08:08:17.351491,d3cea108-8285-11f0-ab44-baed9603afbb,BH - Ratelaarweg,51.967431611,4.463349689,10,0,9999
2026-03-18T08:08:17.351491,3bef7002-bdb5-11ed-b1e6-fa4fb8e2990b,RK Breeweg,51.890630632,4.514261169,10,2,9999
2026-03-18T08:08:17.351491,8c90734c-45bb-11ee-8219-8ed3b2364c4f,BH Coen Moulijnweg,51.893813253,4.526876329,42,6,9999
2026-03-18T08:08:17.351491,1b098490-2037-11f0-ab1d-9ae3af3bf913,BH Karmelweg,51.933461291,4.5029394,8,5,9999
2026-03-18T08:08:17.351491,23348a06-bdb1-11ed-b1e6-fa4fb8e2990b,RK Guido Gezelleweg,51.87434607,4.523238145,10,7,9999
2026-03-18T08:08:17.351491,66824038-37b2-11ef-a21a-8e54a72a50da,HUB Metrostation Parkweg / Zuidzijde,51.921443238,4.39475836,10,0,7
2026-03-18T08:08:17.351491,2c127298-ff25-11ef-a79f-a65a77daff90,BH Aert van Nesstraat,51.921141166,4.478916173,8,0,9999
2026-03-18T08:08:17.351491,cde445c6-a744-11ef-8778-d2279db84567,BH Groenendaal,51.921685178,4.492944049,6,4,9999
2026-03-18T08:08:17.351491,97c6a1c2-a8da-11ef-8778-d2279db84567,BH Henegouwerplein,51.921807589,4.460561523,10,5,9999
2026-03-18T08:08:17.351491,e68d5642-a5b5-11f0-b6c1-baed9603afbb,HUB NS Station Schiedam Centrum/ Professor Kamerlingh Onneslaan,51.92071744,4.408262487,12,3,9999
2026-03-18T08:08:17.351491,82623a40-bda3-11ed-b1e6-fa4fb8e2990b,RK Rosestraat,51.91100607,4.501308573,10,4,9999
2026-03-18T08:08:17.351491,b7353df6-b485-11ee-9ae6-5263e3f30f1e,BH Metrostation Kralingsezoom (Gravenweg),51.921751706,4.533850265,10,7,9999
2026-03-18T08:08:17.351491,6c34980a-bb92-11ef-a02d-6ea8ed91bd56,BH Gordelweg (Lidl),51.940472428,4.479798999,4,1,9999
2026-03-18T08:08:17.351491,5904bd1a-a5b5-11f0-b05b-baed9603afbb,HUB Hof van Spaland - Bachplein,51.934889388,4.374726808,8,3,9999
2026-03-18T08:08:17.351491,32ca5fd0-8126-11ed-b1e6-fa4fb8e2990b,RK Vuurplaat,51.906526668,4.505838102,10,3,9999
2026-03-18T08:08:17.351491,f94a1ff6-b095-11ef-b6d3-56d88772ab1a,BH Bm Le Fèvre de Montignylaan/ Jeroen Boschlaan,51.955641943,4.505982462,6,1,9999
2026-03-18T08:08:17.351491,4228b402-8537-11ee-bb01-c602c1905375,BH Tongelaarweg,51.895280064,4.563514996,10,0,9999
2026-03-18T08:08:17.351491,6f66a60c-36e5-11f0-ab1d-9ae3af3bf913,BH Lloydpier,51.904487669,4.460458303,8,4,1
2026-03-18T08:08:17.351491,7d81b63e-a5b5-11f0-b05b-baed9603afbb,HUB 's Gravelandseweg,51.932091958,4.401924037,6,1,9999
2026-03-18T08:08:17.351491,a3dbb322-8121-11ed-b1e6-fa4fb8e2990b,RK Metrostation Rijnhaven ,51.902216981,4.49610172,15,9,9999
2026-03-18T08:08:17.351491,cf23b50e-9ad0-11f0-ab44-baed9603afbb,BH Natuurhistorisch museum,51.911022288,4.472728259,12,0,9999
2026-03-18T08:08:17.351491,d55243f6-182b-11ef-a8d1-42f0fecaeb6a,BH Siciliëboulevard ,51.97996654,4.580859756,10,0,9999
2026-03-18T08:08:17.351491,e0f7ef36-a5b4-11f0-ab44-baed9603afbb,Havenstraat einde (digitale testhub),51.900396883,4.398614319,12,0,9999
2026-03-18T08:08:17.351491,05d1d708-eabd-11ef-88c2-aa7241d1fb4f,HUB De Thermen ,51.927426752,4.380236246,8,1,9999
2026-03-18T08:08:17.351491,b3381a7a-2036-11f0-ab1d-9ae3af3bf913,BH Oudedijk / de Nieuwe Plantage,51.929149075,4.505248613,8,0,9999
2026-03-18T08:08:17.351491,8b480576-eabc-11ee-a9f0-82366b51b915,BH Schiedamseweg Beneden,51.914135146,4.422297364,5,8,9999
2026-03-18T08:08:17.351491,89a2f1d2-a5b3-11f0-ab44-baed9603afbb,Metrostation Vijfsluizen,51.908108215,4.37254105,8,1,9999
2026-03-18T08:08:17.351491,e50f3d1e-f069-11ef-9ed7-0ea3ed1ae564,HUB Oranjestraat - Lange Nieuwstraat,51.913368472,4.40030457,5,1,9999
2026-03-18T08:08:17.351491,4c1b19a4-d0a1-11ee-8b0e-065810cc8d78,BH Elandstraat,51.910800072,4.553878993,10,7,9999
2026-03-18T08:08:17.351491,bbbba24e-806e-11ed-b1e6-fa4fb8e2990b,RK P+R Noorderhelling,51.894761016,4.532122707,15,1,9999
2026-03-18T08:08:17.351491,3ac0b682-8129-11ed-b1e6-fa4fb8e2990b,RK Cor Kieboomplein,51.896922039,4.523502821,15,2,9999
2026-03-18T08:08:17.351491,5a3ffbf4-37b1-11ef-a21a-8e54a72a50da,HUB Metrostation Nieuwland / Van Limburg Stirumstraat,51.922446663,4.38308784,6,0,2
2026-03-18T08:08:17.351491,5d8d12a2-a5b4-11f0-ab44-baed9603afbb,Van Heekstraat,51.931167557,4.406024405,4,0,9999
2026-03-18T08:08:17.351491,f251d6e8-0b82-11ef-b58d-569a23b994be,BH Metrostation Graskruid ,51.956473743,4.550010233,8,3,9999
2026-03-18T08:08:17.351491,a4d2ea7c-b2f0-11ef-aa57-62870c7808bb,BH 2e Hogenbanweg,51.936951327,4.427707182,8,1,9999
2026-03-18T08:08:17.351491,75ba0d1a-2037-11f0-ab1d-9ae3af3bf913,BH Stadhoudersweg,51.931417737,4.461484988,10,6,9999
2026-03-18T08:08:17.351491,bc6b0d7e-a745-11ef-8778-d2279db84567,BH Goudsewagenstraat,51.923224462,4.493552746,8,9,9999
2026-03-18T08:08:17.351491,0f37eafc-8912-11ee-bb01-c602c1905375,BH Metro Oostplein,51.922677789,4.497608825,10,15,9999
2026-03-18T08:08:17.351491,aed7c2fa-8123-11ed-b1e6-fa4fb8e2990b,RK Groene Hilledijk/Beijerlandselaan,51.893806789,4.509452258,10,2,9999
2026-03-18T08:08:17.351491,c76f0318-bb92-11ef-a02d-6ea8ed91bd56,BH NS Centraal Station (Stationssingel),51.925399994,4.466148375,10,16,9999
2026-03-18T08:08:17.351491,361a368c-a5b4-11f0-ab44-baed9603afbb,Sportpark Haga (Epke Zonderlandstraat),51.921919868,4.370918199,8,2,9999
2026-03-18T08:08:17.351491,f4c0fe5e-02d6-11ef-b58d-569a23b994be,BH Paulus Potterstraat,51.9228414,4.508497696,10,7,9999
2026-03-18T08:08:17.351491,48cbf66e-9f15-11ee-a91e-ee69b7c7763e,BH Franselaan,51.917379138,4.420463507,10,9,9999
2026-03-18T08:08:17.351491,e9735b4e-7da7-11f0-ab44-baed9603afbb,BH Veldkersweg,51.966835673,4.46657292,8,3,9999
2026-03-18T08:08:17.351491,4b1ac684-bb93-11ef-a02d-6ea8ed91bd56,BH Noorderkanaalweg,51.940525593,4.472984586,9,5,9999
2026-03-18T08:08:17.351491,033a9392-3700-11f0-ab1d-9ae3af3bf913,BH Herman Bavinckstraat,51.915067882,4.521446921,10,3,9999
2026-03-18T08:08:17.351491,ffe8c3e8-a8da-11ef-8778-d2279db84567,BH Mathenesserplein,51.917836602,4.44508891,8,11,9999
2026-03-18T08:08:17.351491,e377069a-ff63-11ef-a79f-a65a77daff90,BH Kralingsebos Bosdreef/Pr. Beatrixlaan,51.93789612,4.501689644,8,6,9999
2026-03-18T08:08:17.351491,7af95f9c-a747-11ef-8778-d2279db84567,BH Kruisplein,51.92228569,4.47138789,6,4,9999
2026-03-18T08:08:17.351491,4c50cb7a-bdb6-11ed-b1e6-fa4fb8e2990b,RK Olympiaweg,51.886462746,4.529133302,10,3,9999
2026-03-18T08:08:17.351491,a694ef4e-36e5-11f0-ab1d-9ae3af3bf913,BH Neushoornstraat,51.913041554,4.553743002,6,0,1
2026-03-18T08:08:17.351491,be56ca62-8120-11ed-b1e6-fa4fb8e2990b,RK P+R Beverwaard,51.885771514,4.568986239,10,1,9999
2026-03-18T08:08:17.351491,d5af3bc4-806a-11ed-b1e6-fa4fb8e2990b,BH Kievitslaan,51.907226862,4.473300159,17,8,9999
2026-03-18T08:08:17.351491,dd006abc-a5b3-11f0-ab44-baed9603afbb,Havenstraat,51.903204365,4.398004897,8,0,9999
2026-03-18T08:08:17.351491,6f09af84-eabe-11ee-a9f0-82366b51b915,BH Delftseplein ,51.925206514,4.474011701,14,8,9999
2026-03-18T08:08:17.351491,1cfb89ec-806b-11ed-b1e6-fa4fb8e2990b,BH Westplein,51.908912961,4.478583441,10,16,9999
2026-03-18T08:08:17.351491,12fc10a4-bb94-11ef-a02d-6ea8ed91bd56,BH Noordplein,51.930251975,4.483699175,10,1,9999
2026-03-18T08:08:17.351491,276e8d26-bda0-11ed-b1e6-fa4fb8e2990b,RK Strevelsweg,51.889634937,4.495943368,15,2,9999
2026-03-18T08:08:17.351491,9e066470-2038-11f0-ab1d-9ae3af3bf913,BH Kralinger Esch,51.911179823,4.524762065,9,16,9999
2026-03-18T08:08:17.351491,9b1f0aaa-8125-11ed-b1e6-fa4fb8e2990b,RK Slaghekstraat - Beijerlandselaan,51.897574833,4.511261604,10,0,9999
2026-03-18T08:08:17.351491,b8c81048-2037-11f0-ab1d-9ae3af3bf913,BH Van Maanenstraat,51.932279316,4.464280453,6,6,9999
2026-03-18T08:08:17.351491,1f4ff66c-bdb8-11ed-b1e6-fa4fb8e2990b,RK Van der Takstraat ,51.914243737,4.496045621,10,7,9999
2026-03-18T08:08:17.351491,3b523cee-5c94-11f0-ab1d-9ae3af3bf913,BH - Wilhelminapier,51.90698281,4.489727426,14,12,9999
2026-03-18T08:08:17.351491,e8d292d2-039a-11ef-b58d-569a23b994be,BH Mia van Yperenplein ,51.928414546,4.545678043,10,5,9999
2026-03-18T08:08:17.351491,12daf18a-8068-11ed-b1e6-fa4fb8e2990b,BH Treinst. Lombardijen (Aesopusplaats),51.880478018,4.530040287,10,3,9999
2026-03-18T08:08:17.351491,558e4a5a-eaba-11ee-a9f0-82366b51b915,BH Blijdorplaan ,51.927389289,4.440437692,22,18,9999
2026-03-18T08:08:17.351491,5a8de282-36ee-11f0-ab1d-9ae3af3bf913,BH van Blommesteynweg,51.888148155,4.460842726,10,0,9999
2026-03-18T08:08:17.351491,078569ee-a5b5-11f0-ab44-baed9603afbb,Nieuwe Waterwegstraat (digitale testhub),51.900682979,4.390873601,12,0,9999
2026-03-18T08:08:17.351491,8e5dd27e-06fd-11ef-b58d-569a23b994be,BH Prins Alexanderplein,51.951040272,4.553684972,14,0,9999
2026-03-18T08:08:17.351491,a6843864-fbc4-11ee-b58d-569a23b994be,Trompenburg 1,51.917696349,4.517981647,10,9,0
2026-03-18T08:08:17.351491,5b583480-a8da-11ef-8778-d2279db84567,BH Duyststraat,51.910073429,4.452225738,8,5,9999
2026-03-18T08:08:17.351491,2510e9ba-a5b6-11f0-847a-baed9603afbb,Hub Kloosterplaats,51.91675013,4.402112308,6,1,9999
2026-03-18T08:08:17.351491,880e3e72-a8dd-11ef-8778-d2279db84567,BH Spaansebocht,51.917413667,4.430014126,9,1,9999
2026-03-18T08:08:17.351491,b5b3324a-edb9-11ee-a9f0-82366b51b915,BH Siondwarsstraat,51.925261494,4.51053174,10,0,9999
2026-03-18T08:08:17.351491,94b01d94-edc6-11ee-a9f0-82366b51b915,BH Schuttersveld,51.933248028,4.490978921,10,8,9999
2026-03-18T08:08:17.351491,69b33170-edbd-11ee-a9f0-82366b51b915,BH Metro Oostplein 2,51.923145722,4.496820843,10,3,9999
2026-03-18T08:08:17.351491,67d6af9a-f068-11ef-ba40-0ea3ed1ae564,HUB Hof van Spaland - Schiedamseweg,51.934898803,4.378145906,12,2,9999
2026-03-18T08:08:17.351491,4933dd54-9e7c-11ee-a91e-ee69b7c7763e,BH Willem Ruyslaan (Luzac College),51.925421889,4.508669446,10,4,9999
2026-03-18T08:08:17.351491,9f935b6c-b095-11ef-b6d3-56d88772ab1a,BH Bergpolderplein,51.945227242,4.474988047,8,2,9999
2026-03-18T08:08:17.351491,8a2d056c-bb93-11ef-a02d-6ea8ed91bd56,BH NS Station Noord (Bergweg),51.941530048,4.481339526,10,0,8
2026-03-18T08:08:17.351491,4d95ab34-8122-11ed-b1e6-fa4fb8e2990b,RK Metrostation Maashaven ,51.896573582,4.494245173,30,7,9999
2026-03-18T08:08:17.351491,3d015ff0-8394-11ee-bb01-c602c1905375,BH Metrostation Oosterflank,51.945209326,4.555045447,10,1,9999
2026-03-18T08:08:17.351491,defeb050-a747-11ef-8778-d2279db84567,BH Karel Doormanstraat,51.922789549,4.473609692,9,6,9999
2026-03-18T08:08:17.351491,b5dc5454-890f-11ee-bb01-c602c1905375,BH Schilderstraat,51.916377397,4.48142868,8,2,9999
2026-03-18T08:08:17.351491,2f12ae3e-806c-11ed-b1e6-fa4fb8e2990b,BH Winkelcentrum Keizerswaard-Herenw,51.886358391,4.549308056,15,4,9999
2026-03-18T08:08:17.351491,3b6d73a8-805d-11ed-b1e6-fa4fb8e2990b,BH Metrostation Melanchtonweg,51.94881199,4.465233746,10,0,9999
2026-03-18T08:08:17.351491,d5832958-891a-11ee-bb01-c602c1905375,BH Metro Zuidplein (nieuw),51.887180341,4.491554668,10,1,9999
2026-03-18T08:08:17.351491,a535094e-b162-11ef-bdcd-5adc5d29ed54,BH Eudokiaplein,51.932433484,4.47153255,9,4,9999
2026-03-18T08:08:17.351491,437f8dc8-bd9e-11ed-b1e6-fa4fb8e2990b,RK Hillevliet,51.89558515,4.506432514,10,0,9999
2026-03-18T08:08:17.351491,f10d8ab4-9997-11ee-a91e-ee69b7c7763e,BH Shell Hofplein,51.925705456,4.477781355,28,6,9999
2026-03-18T08:08:17.351491,94467720-8127-11ed-b1e6-fa4fb8e2990b,RK Persoonsdam,51.909309099,4.508017165,10,7,9999
2026-03-18T08:08:17.351491,9245444a-2023-11f0-ab1d-9ae3af3bf913,BH Witte de Withstraat,51.915906523,4.478080905,10,1,9999
2026-03-18T08:08:17.351491,49d59348-ff64-11ef-b515-a65a77daff90,BH Bergweg (Dirk van den Broek),51.93856254,4.479465675,6,1,9999
2026-03-18T08:08:17.351491,30fb96bc-8124-11ed-b1e6-fa4fb8e2990b,RK Beverwaardseweg/ Borgharensingel,51.898798338,4.564663375,10,2,9999
2026-03-18T08:08:17.351491,9a1fb404-8ab3-11ee-bb01-c602c1905375,BH Langenhorst ,51.874120882,4.494254863,10,6,9999
2026-03-18T08:08:17.351491,abe67bfa-b096-11ef-b6d3-56d88772ab1a,BH Wilgenplaslaan/ Donkersingel,51.951337599,4.47048253,10,6,9999
2026-03-18T08:08:17.351491,068b0f9c-a8dd-11ef-8778-d2279db84567,BH Vierhavenstraat (Sahan),51.908502395,4.437727106,4,1,9999
2026-03-18T08:08:17.351491,bc0e7e9c-a8da-11ef-8778-d2279db84567,BH Jan van Vuchtstraat,51.917045317,4.460830874,6,7,9999
2026-03-18T08:08:17.351491,8b721818-a5b2-11f0-ab44-baed9603afbb,Lekstraat,51.90446958,4.406985264,6,2,9999
2026-03-18T08:08:17.351491,ad212572-06f7-11ef-b58d-569a23b994be,BH Molenlaan/Grindweg,51.963224537,4.49571068,10,2,9999
2026-03-18T08:08:17.351491,f8828c3e-806d-11ed-b1e6-fa4fb8e2990b,RK Station Rdam Zuid,51.905545015,4.509568537,15,6,9999
2026-03-18T08:08:17.351491,5f71799e-806b-11ed-b1e6-fa4fb8e2990b,BH Willemsplein,51.911118908,4.481894771,17,9,9999
2026-03-18T08:08:17.351491,42824336-bd97-11ed-b1e6-fa4fb8e2990b,RK Groene Hilledijk,51.882726433,4.504266667,10,0,9999
2026-03-18T08:08:17.351491,db6932f4-182b-11ef-a8d1-42f0fecaeb6a,BH Metrostation Nesselande,51.978969273,4.586177782,10,0,9999
2026-03-18T08:08:17.351491,e26322b0-2025-11f0-ab1d-9ae3af3bf913,BH Brielselaan,51.896298935,4.489248091,4,1,9999
2026-03-18T08:08:17.351491,c862b7f2-06fb-11ef-b58d-569a23b994be,BH Prins Alexanderlaan (metrobaan zijde),51.952192324,4.551435621,10,1,9999
2026-03-18T08:08:17.351491,c53689c2-8124-11ed-b1e6-fa4fb8e2990b,RK Peellandstraat / Beesdestraat ,51.888535309,4.567291893,10,4,9999
2026-03-18T08:08:17.351491,8f5d35a0-1834-11ef-8071-42f0fecaeb6a,BH Jan Bijloostraat (Winkelcentrum Lage Land),51.941821995,4.546449269,9,2,9999
2026-03-18T08:08:17.351491,f8fcd3a4-983a-11ef-a85a-be896af2d3a5,BH Rhijnauwensingel,51.892161199,4.569620613,12,4,9999
2026-03-18T08:08:17.351491,118239d4-a5b2-11f0-ab44-baed9603afbb,Lorentzlaan (bushalte),51.917994492,4.415061192,4,4,9999
2026-03-18T08:08:17.351491,0c107276-bdb7-11ed-b1e6-fa4fb8e2990b,RK Sandelingenplein,51.889562128,4.506962326,10,2,9999
2026-03-18T08:08:17.351491,75b8bea6-81d8-11ed-b1e6-fa4fb8e2990b,RK Metrostation Maashaven (Putselaan),51.897794241,4.495760713,10,3,9999
2026-03-18T08:08:17.351491,a20bbbae-bdae-11ed-b1e6-fa4fb8e2990b,RK Frankendaal,51.886951976,4.521294152,10,1,9999
2026-03-18T08:08:17.351491,f1df385c-f5b2-11ef-81b3-76e5c571f05f,HUB Admiraal de Ruyterstraat,51.906742474,4.38554997,8,2,9999
2026-03-18T08:08:17.351491,4247dd56-1c9f-11ee-8219-8ed3b2364c4f,BH Metro Coolhaven,51.909218289,4.458167882,10,12,9999
2026-03-18T08:08:17.351491,65af1c24-06f4-11ef-b58d-569a23b994be,BH Meerum Terwogtlaan,51.951763386,4.524587387,10,3,9999
2026-03-18T09:07:40.740002,bc839806-a5b1-11f0-ab44-baed9603afbb,Van het Hoffplein (Boerhavelaan),51.916219132,4.412005574,8,2,9999
2026-03-18T09:07:40.740002,2c632780-a8de-11ef-8778-d2279db84567,BH Schuttevaerweg,51.922420472,4.434869706,10,3,9999
2026-03-18T09:07:40.740002,a3c07f10-a5b5-11f0-b05b-baed9603afbb,HUB Hoofdbrug,51.908705902,4.406131267,8,2,9999
2026-03-18T09:07:40.740002,b9bfe680-fbc4-11ee-b58d-569a23b994be,Trompenburg 2,51.917638379,4.518889893,10,2,8
2026-03-18T09:07:40.740002,3c659862-a8dd-11ef-8778-d2279db84567,BH Mayflowerstraat,51.905015647,4.440161906,10,9,9999
2026-03-18T09:07:40.740002,e0a4baca-a748-11ef-8778-d2279db84567,BH Mariniersweg,51.920853425,4.490979502,10,9,9999
2026-03-18T09:07:40.740002,c35c448e-06fc-11ef-b58d-569a23b994be,BH Jacob van Campenweg ,51.942434165,4.537976212,7,2,9999
2026-03-18T09:07:40.740002,438486f4-a5b6-11f0-a150-baed9603afbb,HUB Koemarkt ingang garage,51.914517902,4.401917461,6,2,9999
2026-03-18T09:07:40.740002,365f4a3e-a5b3-11f0-ab44-baed9603afbb,Rubensplein,51.911712719,4.383665134,6,0,9999
2026-03-18T09:07:40.740002,a85b996e-fe23-11ee-b58d-569a23b994be,BH Dirk van der Kooijweg (Waterleliesingel),51.953796964,4.52009166,10,2,9999
2026-03-18T09:07:40.740002,19e2de56-b5d8-11ee-9ae6-5263e3f30f1e,BH STC Waalhaven,51.878297275,4.448759787,10,1,9999
2026-03-18T09:07:40.740002,c6c213ee-ed18-11ef-9957-f683e5eb607c,BH Langenhorst (Binkhorst),51.877310029,4.494737503,10,2,9999
2026-03-18T09:07:40.740002,3366f8b0-a8dc-11ef-8778-d2279db84567,BH Vierhavenstraat (WoonEnzo),51.907777562,4.438830385,4,7,9999
2026-03-18T09:07:40.740002,04a89aea-a5b3-11f0-ab44-baed9603afbb,Groenelaan Hagastraat (Winkelcentrum),51.907303396,4.402285408,4,2,9999
2026-03-18T09:07:40.740002,32638aa6-a5b5-11f0-9f09-baed9603afbb,HUB Laan van Bol'es,51.928443203,4.370771711,10,3,9999
2026-03-18T09:07:40.740002,291c2f72-a749-11ef-8778-d2279db84567,BH Westzeedijk,51.909321622,4.471436479,10,6,9999
2026-03-18T09:07:40.740002,abd627be-67bb-11f0-91de-5eaa9feacc9b,BH Schiekade (Heer Bokelweg),51.927133058,4.476309832,10,0,9999
2026-03-18T09:07:40.740002,8948d5a4-b094-11ef-b6d3-56d88772ab1a,BH Duivenpad,51.964922912,4.498254116,8,4,9999
2026-03-18T09:07:40.740002,227e8c1e-be97-11ee-9ae6-5263e3f30f1e,HUB Metrostation Troelstralaan,51.915742295,4.384972326,10,0,9999
2026-03-18T09:07:40.740002,0af509a8-06f7-11ef-b58d-569a23b994be,BH Beethovensingel,51.96114919,4.505141448,10,7,9999
2026-03-18T09:07:40.740002,dc06f296-1768-11ef-8071-42f0fecaeb6a,BH Prins Alexanderlaan (Oosterflank),51.946646256,4.553811478,12,1,9999
2026-03-18T09:07:40.740002,221af3ce-7fe1-11ee-bb01-c602c1905375,BH Metro Prinsenlaan,51.940647564,4.556931306,10,2,9999
2026-03-18T09:07:40.740002,a793d6ba-edc8-11ee-a9f0-82366b51b915,BH Infirmeriestraat,51.922255603,4.502265891,10,4,9999
2026-03-18T09:07:40.740002,0359e1a2-bdb3-11ed-b1e6-fa4fb8e2990b,RK Rosestraat 11C,51.902954022,4.511377745,10,12,9999
2026-03-18T09:07:40.740002,87f07e20-9e78-11ee-a91e-ee69b7c7763e,BH Marconistraat (Lee Towers),51.912441021,4.430411189,14,4,9999
2026-03-18T09:07:40.740002,f539bd6e-06f8-11ef-b58d-569a23b994be,BH Meijersplein,51.955657978,4.463033845,8,2,9999
2026-03-18T09:07:40.740002,70f0801a-8071-11ed-b1e6-fa4fb8e2990b,RK treinstation Lombardijen,51.88057913,4.531905572,30,2,9999
2026-03-18T09:07:40.740002,43752ffc-a8db-11ef-8778-d2279db84567,BH Pieter de Hoochweg,51.906316301,4.459985731,6,11,9999
2026-03-18T09:07:40.740002,b35ddad8-ab08-11ef-8778-d2279db84567,HUB Rotterdamsedijk 272,51.914957692,4.40343084,8,1,9999
2026-03-18T09:07:40.740002,9b1fa0f6-ae3c-11ee-a91e-ee69b7c7763e,BH Winkelhart Plein 1953,51.874842065,4.467889739,10,1,9999
2026-03-18T09:07:40.740002,8bd90878-0884-11f0-9a47-66143dd92f22,RK Molenvliet,51.882626536,4.521159806,10,2,9999
2026-03-18T09:07:40.740002,45450b66-a5b2-11f0-ab44-baed9603afbb,Maasdijk (Gustoweg),51.906629018,4.412009895,6,1,9999
2026-03-18T09:07:40.740002,4de2effe-f068-11ef-ba40-0ea3ed1ae564,HUB Hof van Spaland - Vlaardingseweg,51.935841728,4.376077923,4,1,9999
2026-03-18T09:07:40.740002,d38c6468-06fe-11ef-b58d-569a23b994be,BH Kleine Beer,51.950902127,4.555051083,6,0,9999
2026-03-18T09:07:40.740002,e552904e-182b-11ef-a8d1-42f0fecaeb6a,BH Metrostation Hesseplaats,51.963345229,4.554510684,10,3,9999
2026-03-18T09:07:40.740002,1826196c-b162-11ef-bdcd-5adc5d29ed54,BH Bentincklaan (Diergaarde Blijdorp),51.92572504,4.454794024,10,10,9999
2026-03-18T09:07:40.740002,8a1e5ed0-1c9e-11ee-8219-8ed3b2364c4f,BH Sparta stadion,51.920151368,4.434428835,20,15,9999
2026-03-18T09:07:40.740002,d3c9003c-b486-11ee-9ae6-5263e3f30f1e,BH Oostzeedijk Beneden,51.922514244,4.503092963,10,7,9999
2026-03-18T09:07:40.740002,552a82b8-b094-11ef-b6d3-56d88772ab1a,BH Hockeyclub Rotterdam,51.96869974,4.484731647,25,6,9999
2026-03-18T09:07:40.740002,cb3f6d1c-a746-11ef-8778-d2279db84567,BH Vasteland (AH),51.911537089,4.478368712,10,12,9999
2026-03-18T09:07:40.740002,d4a8557a-eabd-11ef-ac99-aa7241d1fb4f,HUB Admiraal Trompstraat (Huisman),51.908834504,4.381923039,8,0,9999
2026-03-18T09:07:40.740002,00e8b3de-9e82-11ee-a91e-ee69b7c7763e,BH Jacques Dutilhweg,51.927993284,4.5475155,10,7,9999
2026-03-18T09:07:40.740002,d868fe52-36e5-11f0-ab1d-9ae3af3bf913,BH Sluisjesdijk,51.894714517,4.461900478,10,8,0
2026-03-18T09:07:40.740002,4338fed2-edbb-11ee-a9f0-82366b51b915,BH Oostzeedijk Beneden 2,51.921653595,4.507031037,10,9,9999
2026-03-18T09:07:40.740002,2c82bb9a-217b-11ee-8219-8ed3b2364c4f,Hub Weena,51.922738296,4.469181329,142,27,9999
2026-03-18T09:07:40.740002,96f5cbdc-06f6-11ef-b58d-569a23b994be,BH Argonautenweg,51.959086712,4.49354982,10,1,9999
2026-03-18T09:07:40.740002,2f51713e-32b7-11ee-8219-8ed3b2364c4f,Hub P+R Capelsebrug,51.920991793,4.559215491,18,3,9999
2026-03-18T09:07:40.740002,62b0255a-9e7a-11ee-a91e-ee69b7c7763e,BH Vierhavenstraat,51.910327597,4.434992993,16,1,9999
2026-03-18T09:07:40.740002,2b10524e-06f5-11ef-b58d-569a23b994be,BH Piet van der Polsingel,51.950618784,4.518612648,8,1,9999
2026-03-18T09:07:40.740002,47070056-06fa-11ef-b58d-569a23b994be,BH Metrostation Schenkel,51.931770435,4.56406792,12,2,9999
2026-03-18T09:07:40.740002,7a8c12ba-91ab-11ed-b1e6-fa4fb8e2990b,BH Metrostation Slinge,51.874526023,4.477872534,15,4,9999
2026-03-18T09:07:40.740002,026045c6-8530-11ee-bb01-c602c1905375,BH Winkelhart Katendrechtse Lagedijk,51.891184937,4.479440034,10,8,9999
2026-03-18T09:07:40.740002,9d9bb8ec-4bd1-11ee-bb01-c602c1905375,BH Marconiplein,51.913319277,4.432514448,10,2,9999
2026-03-18T09:07:40.740002,8330f3ca-a5b4-11f0-ab44-baed9603afbb,Fokkerstraat Plesmanstraat,51.929694009,4.399576614,4,0,9999
2026-03-18T09:07:40.740002,5b842034-5331-11f0-ab1d-9ae3af3bf913,BH Walenburgerweg,51.926698659,4.462629155,10,7,9999
2026-03-18T09:07:40.740002,a08059b6-b484-11ee-9ae6-5263e3f30f1e,BH Metrostation Gerdesiaweg,51.925444134,4.506155972,10,12,9999
2026-03-18T09:07:40.740002,2f718c84-8911-11ee-bb01-c602c1905375,BH Metro Dijkzigt - EMC,51.911789199,4.466334846,20,18,9999
2026-03-18T09:07:40.740002,f58e41fc-1c9f-11ee-8219-8ed3b2364c4f,BH Heemraadsplein,51.912322959,4.455058085,10,2,9999
2026-03-18T09:07:40.740002,79fdd038-34b8-11f0-ab1d-9ae3af3bf913,BH RTHA Airport,51.94924845,4.432611987,10,5,0
2026-03-18T09:07:40.740002,1c41897e-596e-11ef-bed6-aa139991deb4,HUB Metrostation Nieuwland / Bijdorpplein,51.922583819,4.38260008,10,0,9999
2026-03-18T09:07:40.740002,a57d027c-8912-11ee-bb01-c602c1905375,BH Delftse Poort,51.924408145,4.472816464,10,11,9999
2026-03-18T09:07:40.740002,6383849a-2038-11f0-ab1d-9ae3af3bf913,BH - Kralingsebos (Langepad),51.936318565,4.506197017,10,2,9999
2026-03-18T09:07:40.740002,e90e9332-06f5-11ef-b58d-569a23b994be,BH Burgemeester Le Fèvre de Montignylaan,51.957620055,4.501711782,10,0,9999
2026-03-18T09:07:40.740002,5cb3ffde-bdaf-11ed-b1e6-fa4fb8e2990b,RK Stadionlaan,51.892328813,4.530682857,10,5,9999
2026-03-18T09:07:40.740002,02bed1f8-8392-11ee-bb01-c602c1905375,BH Station Alexander,51.951735827,4.551049232,10,6,9999
2026-03-18T09:07:40.740002,08d5cf66-8ab2-11ee-bb01-c602c1905375,BH Winkelhart Asterlo,51.873536387,4.483591736,10,0,9999
2026-03-18T09:07:40.740002,0e51e024-c757-11ee-9ae6-5263e3f30f1e,BH Metrostation Binnenhof,51.960437867,4.535372966,10,2,9999
2026-03-18T09:07:40.740002,409f87f6-890f-11ee-bb01-c602c1905375,BH Metro Beurs,51.917806013,4.480107053,8,3,9999
2026-03-18T09:07:40.740002,d6a7cd26-4d08-11f0-ab1d-9ae3af3bf913,BH - Oudehoofdplein-Haringvliet,51.918979475,4.49384405,10,8,9999
2026-03-18T09:07:40.740002,f0ad9b92-1767-11ef-8071-42f0fecaeb6a,BH Prinsenlaan,51.937206457,4.536127586,10,0,9999
2026-03-18T09:07:40.740002,f06fd44c-2035-11f0-ab1d-9ae3af3bf913,BH Boezemlaan,51.938982631,4.495864471,10,12,9999
2026-03-18T09:07:40.740002,8d91a90c-9e83-11ee-a91e-ee69b7c7763e,BH Kraaierstraat,51.91909698,4.418192898,8,3,9999
2026-03-18T09:07:40.740002,a2671a36-bdad-11ed-b1e6-fa4fb8e2990b,RK Dwarsdijk,51.893055987,4.539201504,10,7,9999
2026-03-18T09:07:40.740002,376a5cda-06f8-11ef-b58d-569a23b994be,BH Ganzerikplein,51.958953276,4.471584016,10,4,9999
2026-03-18T09:07:40.740002,5cdd9872-b096-11ef-b6d3-56d88772ab1a,BH Wilgenplaslaan/ Meidoornsingel,51.953868042,4.468211582,7,3,9999
2026-03-18T09:07:40.740002,952a3e78-a8db-11ef-8778-d2279db84567,BH Lloydstraat,51.902214281,4.461287644,10,6,9999
2026-03-18T09:07:40.740002,a6fa0910-8067-11ed-b1e6-fa4fb8e2990b,BH Stadion Fey (Bert Heesakkerstr.),51.896805818,4.521735582,50,0,9999
2026-03-18T09:07:40.740002,a1337d02-e018-11ed-a249-96cdaf8f7240,BH Sint Franciscus,51.942171146,4.460534407,25,9,9999
2026-03-18T09:07:40.740002,d3cea108-8285-11f0-ab44-baed9603afbb,BH - Ratelaarweg,51.967431611,4.463349689,10,0,9999
2026-03-18T09:07:40.740002,3bef7002-bdb5-11ed-b1e6-fa4fb8e2990b,RK Breeweg,51.890630632,4.514261169,10,2,9999
2026-03-18T09:07:40.740002,8c90734c-45bb-11ee-8219-8ed3b2364c4f,BH Coen Moulijnweg,51.893813253,4.526876329,42,6,9999
2026-03-18T09:07:40.740002,1b098490-2037-11f0-ab1d-9ae3af3bf913,BH Karmelweg,51.933461291,4.5029394,8,5,9999
2026-03-18T09:07:40.740002,23348a06-bdb1-11ed-b1e6-fa4fb8e2990b,RK Guido Gezelleweg,51.87434607,4.523238145,10,7,9999
2026-03-18T09:07:40.740002,66824038-37b2-11ef-a21a-8e54a72a50da,HUB Metrostation Parkweg / Zuidzijde,51.921443238,4.39475836,10,0,7
2026-03-18T09:07:40.740002,2c127298-ff25-11ef-a79f-a65a77daff90,BH Aert van Nesstraat,51.921141166,4.478916173,8,0,9999
2026-03-18T09:07:40.740002,cde445c6-a744-11ef-8778-d2279db84567,BH Groenendaal,51.921685178,4.492944049,6,4,9999
2026-03-18T09:07:40.740002,97c6a1c2-a8da-11ef-8778-d2279db84567,BH Henegouwerplein,51.921807589,4.460561523,10,6,9999
2026-03-18T09:07:40.740002,e68d5642-a5b5-11f0-b6c1-baed9603afbb,HUB NS Station Schiedam Centrum/ Professor Kamerlingh Onneslaan,51.92071744,4.408262487,12,4,9999
2026-03-18T09:07:40.740002,82623a40-bda3-11ed-b1e6-fa4fb8e2990b,RK Rosestraat,51.91100607,4.501308573,10,3,9999
2026-03-18T09:07:40.740002,b7353df6-b485-11ee-9ae6-5263e3f30f1e,BH Metrostation Kralingsezoom (Gravenweg),51.921751706,4.533850265,10,8,9999
2026-03-18T09:07:40.740002,6c34980a-bb92-11ef-a02d-6ea8ed91bd56,BH Gordelweg (Lidl),51.940472428,4.479798999,4,0,9999
2026-03-18T09:07:40.740002,5904bd1a-a5b5-11f0-b05b-baed9603afbb,HUB Hof van Spaland - Bachplein,51.934889388,4.374726808,8,3,9999
2026-03-18T09:07:40.740002,32ca5fd0-8126-11ed-b1e6-fa4fb8e2990b,RK Vuurplaat,51.906526668,4.505838102,10,3,9999
2026-03-18T09:07:40.740002,f94a1ff6-b095-11ef-b6d3-56d88772ab1a,BH Bm Le Fèvre de Montignylaan/ Jeroen Boschlaan,51.955641943,4.505982462,6,1,9999
2026-03-18T09:07:40.740002,4228b402-8537-11ee-bb01-c602c1905375,BH Tongelaarweg,51.895280064,4.563514996,10,0,9999
2026-03-18T09:07:40.740002,6f66a60c-36e5-11f0-ab1d-9ae3af3bf913,BH Lloydpier,51.904487669,4.460458303,8,4,2
2026-03-18T09:07:40.740002,7d81b63e-a5b5-11f0-b05b-baed9603afbb,HUB 's Gravelandseweg,51.932091958,4.401924037,6,1,9999
2026-03-18T09:07:40.740002,a3dbb322-8121-11ed-b1e6-fa4fb8e2990b,RK Metrostation Rijnhaven ,51.902216981,4.49610172,15,9,9999
2026-03-18T09:07:40.740002,cf23b50e-9ad0-11f0-ab44-baed9603afbb,BH Natuurhistorisch museum,51.911022288,4.472728259,12,0,9999
2026-03-18T09:07:40.740002,d55243f6-182b-11ef-a8d1-42f0fecaeb6a,BH Siciliëboulevard ,51.97996654,4.580859756,10,0,9999
2026-03-18T09:07:40.740002,e0f7ef36-a5b4-11f0-ab44-baed9603afbb,Havenstraat einde (digitale testhub),51.900396883,4.398614319,12,0,9999
2026-03-18T09:07:40.740002,05d1d708-eabd-11ef-88c2-aa7241d1fb4f,HUB De Thermen ,51.927426752,4.380236246,8,0,9999
2026-03-18T09:07:40.740002,b3381a7a-2036-11f0-ab1d-9ae3af3bf913,BH Oudedijk / de Nieuwe Plantage,51.929149075,4.505248613,8,5,9999
2026-03-18T09:07:40.740002,8b480576-eabc-11ee-a9f0-82366b51b915,BH Schiedamseweg Beneden,51.914135146,4.422297364,5,8,9999
2026-03-18T09:07:40.740002,89a2f1d2-a5b3-11f0-ab44-baed9603afbb,Metrostation Vijfsluizen,51.908108215,4.37254105,8,1,9999
2026-03-18T09:07:40.740002,e50f3d1e-f069-11ef-9ed7-0ea3ed1ae564,HUB Oranjestraat - Lange Nieuwstraat,51.913368472,4.40030457,5,1,9999
2026-03-18T09:07:40.740002,4c1b19a4-d0a1-11ee-8b0e-065810cc8d78,BH Elandstraat,51.910800072,4.553878993,10,7,9999
2026-03-18T09:07:40.740002,bbbba24e-806e-11ed-b1e6-fa4fb8e2990b,RK P+R Noorderhelling,51.894761016,4.532122707,15,1,9999
2026-03-18T09:07:40.740002,3ac0b682-8129-11ed-b1e6-fa4fb8e2990b,RK Cor Kieboomplein,51.896922039,4.523502821,15,3,9999
2026-03-18T09:07:40.740002,5a3ffbf4-37b1-11ef-a21a-8e54a72a50da,HUB Metrostation Nieuwland / Van Limburg Stirumstraat,51.922446663,4.38308784,6,0,2
2026-03-18T09:07:40.740002,5d8d12a2-a5b4-11f0-ab44-baed9603afbb,Van Heekstraat,51.931167557,4.406024405,4,0,9999
2026-03-18T09:07:40.740002,f251d6e8-0b82-11ef-b58d-569a23b994be,BH Metrostation Graskruid ,51.956473743,4.550010233,8,3,9999
2026-03-18T09:07:40.740002,a4d2ea7c-b2f0-11ef-aa57-62870c7808bb,BH 2e Hogenbanweg,51.936951327,4.427707182,8,1,9999
2026-03-18T09:07:40.740002,75ba0d1a-2037-11f0-ab1d-9ae3af3bf913,BH Stadhoudersweg,51.931417737,4.461484988,10,3,9999
2026-03-18T09:07:40.740002,bc6b0d7e-a745-11ef-8778-d2279db84567,BH Goudsewagenstraat,51.923224462,4.493552746,8,8,9999
2026-03-18T09:07:40.740002,0f37eafc-8912-11ee-bb01-c602c1905375,BH Metro Oostplein,51.922677789,4.497608825,10,15,9999
2026-03-18T09:07:40.740002,aed7c2fa-8123-11ed-b1e6-fa4fb8e2990b,RK Groene Hilledijk/Beijerlandselaan,51.893806789,4.509452258,10,2,9999
2026-03-18T09:07:40.740002,c76f0318-bb92-11ef-a02d-6ea8ed91bd56,BH NS Centraal Station (Stationssingel),51.925399994,4.466148375,10,17,9999
2026-03-18T09:07:40.740002,361a368c-a5b4-11f0-ab44-baed9603afbb,Sportpark Haga (Epke Zonderlandstraat),51.921919868,4.370918199,8,2,9999
2026-03-18T09:07:40.740002,f4c0fe5e-02d6-11ef-b58d-569a23b994be,BH Paulus Potterstraat,51.9228414,4.508497696,10,8,9999
2026-03-18T09:07:40.740002,48cbf66e-9f15-11ee-a91e-ee69b7c7763e,BH Franselaan,51.917379138,4.420463507,10,8,9999
2026-03-18T09:07:40.740002,e9735b4e-7da7-11f0-ab44-baed9603afbb,BH Veldkersweg,51.966835673,4.46657292,8,3,9999
2026-03-18T09:07:40.740002,4b1ac684-bb93-11ef-a02d-6ea8ed91bd56,BH Noorderkanaalweg,51.940525593,4.472984586,9,5,9999
2026-03-18T09:07:40.740002,033a9392-3700-11f0-ab1d-9ae3af3bf913,BH Herman Bavinckstraat,51.915067882,4.521446921,10,1,9999
2026-03-18T09:07:40.740002,ffe8c3e8-a8da-11ef-8778-d2279db84567,BH Mathenesserplein,51.917836602,4.44508891,8,9,9999
2026-03-18T09:07:40.740002,e377069a-ff63-11ef-a79f-a65a77daff90,BH Kralingsebos Bosdreef/Pr. Beatrixlaan,51.93789612,4.501689644,8,6,9999
2026-03-18T09:07:40.740002,7af95f9c-a747-11ef-8778-d2279db84567,BH Kruisplein,51.92228569,4.47138789,6,6,9999
2026-03-18T09:07:40.740002,4c50cb7a-bdb6-11ed-b1e6-fa4fb8e2990b,RK Olympiaweg,51.886462746,4.529133302,10,3,9999
2026-03-18T09:07:40.740002,a694ef4e-36e5-11f0-ab1d-9ae3af3bf913,BH Neushoornstraat,51.913041554,4.553743002,6,0,1
2026-03-18T09:07:40.740002,be56ca62-8120-11ed-b1e6-fa4fb8e2990b,RK P+R Beverwaard,51.885771514,4.568986239,10,1,9999
2026-03-18T09:07:40.740002,d5af3bc4-806a-11ed-b1e6-fa4fb8e2990b,BH Kievitslaan,51.907226862,4.473300159,17,8,9999
2026-03-18T09:07:40.740002,dd006abc-a5b3-11f0-ab44-baed9603afbb,Havenstraat,51.903204365,4.398004897,8,0,9999
2026-03-18T09:07:40.740002,6f09af84-eabe-11ee-a9f0-82366b51b915,BH Delftseplein ,51.925206514,4.474011701,14,10,9999
2026-03-18T09:07:40.740002,1cfb89ec-806b-11ed-b1e6-fa4fb8e2990b,BH Westplein,51.908912961,4.478583441,10,15,9999
2026-03-18T09:07:40.740002,12fc10a4-bb94-11ef-a02d-6ea8ed91bd56,BH Noordplein,51.930251975,4.483699175,10,2,9999
2026-03-18T09:07:40.740002,276e8d26-bda0-11ed-b1e6-fa4fb8e2990b,RK Strevelsweg,51.889634937,4.495943368,15,3,9999
2026-03-18T09:07:40.740002,9e066470-2038-11f0-ab1d-9ae3af3bf913,BH Kralinger Esch,51.911179823,4.524762065,9,16,9999
2026-03-18T09:07:40.740002,9b1f0aaa-8125-11ed-b1e6-fa4fb8e2990b,RK Slaghekstraat - Beijerlandselaan,51.897574833,4.511261604,10,0,9999
2026-03-18T09:07:40.740002,b8c81048-2037-11f0-ab1d-9ae3af3bf913,BH Van Maanenstraat,51.932279316,4.464280453,6,5,9999
2026-03-18T09:07:40.740002,1f4ff66c-bdb8-11ed-b1e6-fa4fb8e2990b,RK Van der Takstraat ,51.914243737,4.496045621,10,7,9999
2026-03-18T09:07:40.740002,3b523cee-5c94-11f0-ab1d-9ae3af3bf913,BH - Wilhelminapier,51.90698281,4.489727426,14,9,9999
2026-03-18T09:07:40.740002,e8d292d2-039a-11ef-b58d-569a23b994be,BH Mia van Yperenplein ,51.928414546,4.545678043,10,5,9999
2026-03-18T09:07:40.740002,12daf18a-8068-11ed-b1e6-fa4fb8e2990b,BH Treinst. Lombardijen (Aesopusplaats),51.880478018,4.530040287,10,3,9999
2026-03-18T09:07:40.740002,558e4a5a-eaba-11ee-a9f0-82366b51b915,BH Blijdorplaan ,51.927389289,4.440437692,22,18,9999
2026-03-18T09:07:40.740002,5a8de282-36ee-11f0-ab1d-9ae3af3bf913,BH van Blommesteynweg,51.888148155,4.460842726,10,0,9999
2026-03-18T09:07:40.740002,078569ee-a5b5-11f0-ab44-baed9603afbb,Nieuwe Waterwegstraat (digitale testhub),51.900682979,4.390873601,12,0,9999
2026-03-18T09:07:40.740002,8e5dd27e-06fd-11ef-b58d-569a23b994be,BH Prins Alexanderplein,51.951040272,4.553684972,14,0,9999
2026-03-18T09:07:40.740002,a6843864-fbc4-11ee-b58d-569a23b994be,Trompenburg 1,51.917696349,4.517981647,10,11,0
2026-03-18T09:07:40.740002,5b583480-a8da-11ef-8778-d2279db84567,BH Duyststraat,51.910073429,4.452225738,8,5,9999
2026-03-18T09:07:40.740002,2510e9ba-a5b6-11f0-847a-baed9603afbb,Hub Kloosterplaats,51.91675013,4.402112308,6,1,9999
2026-03-18T09:07:40.740002,880e3e72-a8dd-11ef-8778-d2279db84567,BH Spaansebocht,51.917413667,4.430014126,9,1,9999
2026-03-18T09:07:40.740002,b5b3324a-edb9-11ee-a9f0-82366b51b915,BH Siondwarsstraat,51.925261494,4.51053174,10,0,9999
2026-03-18T09:07:40.740002,94b01d94-edc6-11ee-a9f0-82366b51b915,BH Schuttersveld,51.933248028,4.490978921,10,5,9999
2026-03-18T09:07:40.740002,69b33170-edbd-11ee-a9f0-82366b51b915,BH Metro Oostplein 2,51.923145722,4.496820843,10,1,9999
2026-03-18T09:07:40.740002,67d6af9a-f068-11ef-ba40-0ea3ed1ae564,HUB Hof van Spaland - Schiedamseweg,51.934898803,4.378145906,12,2,9999
2026-03-18T09:07:40.740002,4933dd54-9e7c-11ee-a91e-ee69b7c7763e,BH Willem Ruyslaan (Luzac College),51.925421889,4.508669446,10,3,9999
2026-03-18T09:07:40.740002,9f935b6c-b095-11ef-b6d3-56d88772ab1a,BH Bergpolderplein,51.945227242,4.474988047,8,1,9999
2026-03-18T09:07:40.740002,8a2d056c-bb93-11ef-a02d-6ea8ed91bd56,BH NS Station Noord (Bergweg),51.941530048,4.481339526,10,0,8
2026-03-18T09:07:40.740002,4d95ab34-8122-11ed-b1e6-fa4fb8e2990b,RK Metrostation Maashaven ,51.896573582,4.494245173,30,7,9999
2026-03-18T09:07:40.740002,3d015ff0-8394-11ee-bb01-c602c1905375,BH Metrostation Oosterflank,51.945209326,4.555045447,10,1,9999
2026-03-18T09:07:40.740002,defeb050-a747-11ef-8778-d2279db84567,BH Karel Doormanstraat,51.922789549,4.473609692,9,6,9999
2026-03-18T09:07:40.740002,b5dc5454-890f-11ee-bb01-c602c1905375,BH Schilderstraat,51.916377397,4.48142868,8,2,9999
2026-03-18T09:07:40.740002,2f12ae3e-806c-11ed-b1e6-fa4fb8e2990b,BH Winkelcentrum Keizerswaard-Herenw,51.886358391,4.549308056,15,4,9999
2026-03-18T09:07:40.740002,3b6d73a8-805d-11ed-b1e6-fa4fb8e2990b,BH Metrostation Melanchtonweg,51.94881199,4.465233746,10,1,9999
2026-03-18T09:07:40.740002,d5832958-891a-11ee-bb01-c602c1905375,BH Metro Zuidplein (nieuw),51.887180341,4.491554668,10,1,9999
2026-03-18T09:07:40.740002,a535094e-b162-11ef-bdcd-5adc5d29ed54,BH Eudokiaplein,51.932433484,4.47153255,9,4,9999
2026-03-18T09:07:40.740002,437f8dc8-bd9e-11ed-b1e6-fa4fb8e2990b,RK Hillevliet,51.89558515,4.506432514,10,0,9999
2026-03-18T09:07:40.740002,f10d8ab4-9997-11ee-a91e-ee69b7c7763e,BH Shell Hofplein,51.925705456,4.477781355,28,2,9999
2026-03-18T09:07:40.740002,94467720-8127-11ed-b1e6-fa4fb8e2990b,RK Persoonsdam,51.909309099,4.508017165,10,6,9999
2026-03-18T09:07:40.740002,9245444a-2023-11f0-ab1d-9ae3af3bf913,BH Witte de Withstraat,51.915906523,4.478080905,10,2,9999
2026-03-18T09:07:40.740002,49d59348-ff64-11ef-b515-a65a77daff90,BH Bergweg (Dirk van den Broek),51.93856254,4.479465675,6,1,9999
2026-03-18T09:07:40.740002,30fb96bc-8124-11ed-b1e6-fa4fb8e2990b,RK Beverwaardseweg/ Borgharensingel,51.898798338,4.564663375,10,2,9999
2026-03-18T09:07:40.740002,9a1fb404-8ab3-11ee-bb01-c602c1905375,BH Langenhorst ,51.874120882,4.494254863,10,6,9999
2026-03-18T09:07:40.740002,abe67bfa-b096-11ef-b6d3-56d88772ab1a,BH Wilgenplaslaan/ Donkersingel,51.951337599,4.47048253,10,6,9999
2026-03-18T09:07:40.740002,068b0f9c-a8dd-11ef-8778-d2279db84567,BH Vierhavenstraat (Sahan),51.908502395,4.437727106,4,1,9999
2026-03-18T09:07:40.740002,bc0e7e9c-a8da-11ef-8778-d2279db84567,BH Jan van Vuchtstraat,51.917045317,4.460830874,6,6,9999
2026-03-18T09:07:40.740002,8b721818-a5b2-11f0-ab44-baed9603afbb,Lekstraat,51.90446958,4.406985264,6,2,9999
2026-03-18T09:07:40.740002,ad212572-06f7-11ef-b58d-569a23b994be,BH Molenlaan/Grindweg,51.963224537,4.49571068,10,3,9999
2026-03-18T09:07:40.740002,f8828c3e-806d-11ed-b1e6-fa4fb8e2990b,RK Station Rdam Zuid,51.905545015,4.509568537,15,6,9999
2026-03-18T09:07:40.740002,5f71799e-806b-11ed-b1e6-fa4fb8e2990b,BH Willemsplein,51.911118908,4.481894771,17,10,9999
2026-03-18T09:07:40.740002,42824336-bd97-11ed-b1e6-fa4fb8e2990b,RK Groene Hilledijk,51.882726433,4.504266667,10,0,9999
2026-03-18T09:07:40.740002,db6932f4-182b-11ef-a8d1-42f0fecaeb6a,BH Metrostation Nesselande,51.978969273,4.586177782,10,0,9999
2026-03-18T09:07:40.740002,e26322b0-2025-11f0-ab1d-9ae3af3bf913,BH Brielselaan,51.896298935,4.489248091,4,1,9999
2026-03-18T09:07:40.740002,c862b7f2-06fb-11ef-b58d-569a23b994be,BH Prins Alexanderlaan (metrobaan zijde),51.952192324,4.551435621,10,1,9999
2026-03-18T09:07:40.740002,c53689c2-8124-11ed-b1e6-fa4fb8e2990b,RK Peellandstraat / Beesdestraat ,51.888535309,4.567291893,10,4,9999
2026-03-18T09:07:40.740002,8f5d35a0-1834-11ef-8071-42f0fecaeb6a,BH Jan Bijloostraat (Winkelcentrum Lage Land),51.941821995,4.546449269,9,2,9999
2026-03-18T09:07:40.740002,f8fcd3a4-983a-11ef-a85a-be896af2d3a5,BH Rhijnauwensingel,51.892161199,4.569620613,12,4,9999
2026-03-18T09:07:40.740002,118239d4-a5b2-11f0-ab44-baed9603afbb,Lorentzlaan (bushalte),51.917994492,4.415061192,4,3,9999
2026-03-18T09:07:40.740002,0c107276-bdb7-11ed-b1e6-fa4fb8e2990b,RK Sandelingenplein,51.889562128,4.506962326,10,2,9999
2026-03-18T09:07:40.740002,75b8bea6-81d8-11ed-b1e6-fa4fb8e2990b,RK Metrostation Maashaven (Putselaan),51.897794241,4.495760713,10,4,9999
2026-03-18T09:07:40.740002,a20bbbae-bdae-11ed-b1e6-fa4fb8e2990b,RK Frankendaal,51.886951976,4.521294152,10,1,9999
2026-03-18T09:07:40.740002,f1df385c-f5b2-11ef-81b3-76e5c571f05f,HUB Admiraal de Ruyterstraat,51.906742474,4.38554997,8,1,9999
2026-03-18T09:07:40.740002,4247dd56-1c9f-11ee-8219-8ed3b2364c4f,BH Metro Coolhaven,51.909218289,4.458167882,10,11,9999
2026-03-18T09:07:40.740002,65af1c24-06f4-11ef-b58d-569a23b994be,BH Meerum Terwogtlaan,51.951763386,4.524587387,10,3,9999
2026-03-18T10:11:34.720751,bc839806-a5b1-11f0-ab44-baed9603afbb,Van het Hoffplein (Boerhavelaan),51.916219132,4.412005574,8,2,9999
2026-03-18T10:11:34.720751,2c632780-a8de-11ef-8778-d2279db84567,BH Schuttevaerweg,51.922420472,4.434869706,10,3,9999
2026-03-18T10:11:34.720751,a3c07f10-a5b5-11f0-b05b-baed9603afbb,HUB Hoofdbrug,51.908705902,4.406131267,8,2,9999
2026-03-18T10:11:34.720751,b9bfe680-fbc4-11ee-b58d-569a23b994be,Trompenburg 2,51.917638379,4.518889893,10,2,8
2026-03-18T10:11:34.720751,3c659862-a8dd-11ef-8778-d2279db84567,BH Mayflowerstraat,51.905015647,4.440161906,10,9,9999
2026-03-18T10:11:34.720751,e0a4baca-a748-11ef-8778-d2279db84567,BH Mariniersweg,51.920853425,4.490979502,10,9,9999
2026-03-18T10:11:34.720751,c35c448e-06fc-11ef-b58d-569a23b994be,BH Jacob van Campenweg ,51.942434165,4.537976212,7,2,9999
2026-03-18T10:11:34.720751,438486f4-a5b6-11f0-a150-baed9603afbb,HUB Koemarkt ingang garage,51.914517902,4.401917461,6,2,9999
2026-03-18T10:11:34.720751,365f4a3e-a5b3-11f0-ab44-baed9603afbb,Rubensplein,51.911712719,4.383665134,6,0,9999
2026-03-18T10:11:34.720751,a85b996e-fe23-11ee-b58d-569a23b994be,BH Dirk van der Kooijweg (Waterleliesingel),51.953796964,4.52009166,10,2,9999
2026-03-18T10:11:34.720751,19e2de56-b5d8-11ee-9ae6-5263e3f30f1e,BH STC Waalhaven,51.878297275,4.448759787,10,1,9999
2026-03-18T10:11:34.720751,c6c213ee-ed18-11ef-9957-f683e5eb607c,BH Langenhorst (Binkhorst),51.877310029,4.494737503,10,2,9999
2026-03-18T10:11:34.720751,3366f8b0-a8dc-11ef-8778-d2279db84567,BH Vierhavenstraat (WoonEnzo),51.907777562,4.438830385,4,7,9999
2026-03-18T10:11:34.720751,04a89aea-a5b3-11f0-ab44-baed9603afbb,Groenelaan Hagastraat (Winkelcentrum),51.907303396,4.402285408,4,2,9999
2026-03-18T10:11:34.720751,32638aa6-a5b5-11f0-9f09-baed9603afbb,HUB Laan van Bol'es,51.928443203,4.370771711,10,3,9999
2026-03-18T10:11:34.720751,291c2f72-a749-11ef-8778-d2279db84567,BH Westzeedijk,51.909321622,4.471436479,10,8,9999
2026-03-18T10:11:34.720751,abd627be-67bb-11f0-91de-5eaa9feacc9b,BH Schiekade (Heer Bokelweg),51.927133058,4.476309832,10,0,9999
2026-03-18T10:11:34.720751,8948d5a4-b094-11ef-b6d3-56d88772ab1a,BH Duivenpad,51.964922912,4.498254116,8,4,9999
2026-03-18T10:11:34.720751,227e8c1e-be97-11ee-9ae6-5263e3f30f1e,HUB Metrostation Troelstralaan,51.915742295,4.384972326,10,0,9999
2026-03-18T10:11:34.720751,0af509a8-06f7-11ef-b58d-569a23b994be,BH Beethovensingel,51.96114919,4.505141448,10,7,9999
2026-03-18T10:11:34.720751,dc06f296-1768-11ef-8071-42f0fecaeb6a,BH Prins Alexanderlaan (Oosterflank),51.946646256,4.553811478,12,1,9999
2026-03-18T10:11:34.720751,221af3ce-7fe1-11ee-bb01-c602c1905375,BH Metro Prinsenlaan,51.940647564,4.556931306,10,1,9999
2026-03-18T10:11:34.720751,a793d6ba-edc8-11ee-a9f0-82366b51b915,BH Infirmeriestraat,51.922255603,4.502265891,10,4,9999
2026-03-18T10:11:34.720751,0359e1a2-bdb3-11ed-b1e6-fa4fb8e2990b,RK Rosestraat 11C,51.902954022,4.511377745,10,12,9999
2026-03-18T10:11:34.720751,87f07e20-9e78-11ee-a91e-ee69b7c7763e,BH Marconistraat (Lee Towers),51.912441021,4.430411189,14,4,9999
2026-03-18T10:11:34.720751,f539bd6e-06f8-11ef-b58d-569a23b994be,BH Meijersplein,51.955657978,4.463033845,8,2,9999
2026-03-18T10:11:34.720751,70f0801a-8071-11ed-b1e6-fa4fb8e2990b,RK treinstation Lombardijen,51.88057913,4.531905572,30,3,9999
2026-03-18T10:11:34.720751,43752ffc-a8db-11ef-8778-d2279db84567,BH Pieter de Hoochweg,51.906316301,4.459985731,6,10,9999
2026-03-18T10:11:34.720751,b35ddad8-ab08-11ef-8778-d2279db84567,HUB Rotterdamsedijk 272,51.914957692,4.40343084,8,1,9999
2026-03-18T10:11:34.720751,9b1fa0f6-ae3c-11ee-a91e-ee69b7c7763e,BH Winkelhart Plein 1953,51.874842065,4.467889739,10,2,9999
2026-03-18T10:11:34.720751,8bd90878-0884-11f0-9a47-66143dd92f22,RK Molenvliet,51.882626536,4.521159806,10,2,9999
2026-03-18T10:11:34.720751,45450b66-a5b2-11f0-ab44-baed9603afbb,Maasdijk (Gustoweg),51.906629018,4.412009895,6,1,9999
2026-03-18T10:11:34.720751,4de2effe-f068-11ef-ba40-0ea3ed1ae564,HUB Hof van Spaland - Vlaardingseweg,51.935841728,4.376077923,4,1,9999
2026-03-18T10:11:34.720751,d38c6468-06fe-11ef-b58d-569a23b994be,BH Kleine Beer,51.950902127,4.555051083,6,0,9999
2026-03-18T10:11:34.720751,e552904e-182b-11ef-a8d1-42f0fecaeb6a,BH Metrostation Hesseplaats,51.963345229,4.554510684,10,2,9999
2026-03-18T10:11:34.720751,1826196c-b162-11ef-bdcd-5adc5d29ed54,BH Bentincklaan (Diergaarde Blijdorp),51.92572504,4.454794024,10,8,9999
2026-03-18T10:11:34.720751,8a1e5ed0-1c9e-11ee-8219-8ed3b2364c4f,BH Sparta stadion,51.920151368,4.434428835,20,15,9999
2026-03-18T10:11:34.720751,d3c9003c-b486-11ee-9ae6-5263e3f30f1e,BH Oostzeedijk Beneden,51.922514244,4.503092963,10,6,9999
2026-03-18T10:11:34.720751,552a82b8-b094-11ef-b6d3-56d88772ab1a,BH Hockeyclub Rotterdam,51.96869974,4.484731647,25,6,9999
2026-03-18T10:11:34.720751,cb3f6d1c-a746-11ef-8778-d2279db84567,BH Vasteland (AH),51.911537089,4.478368712,10,10,9999
2026-03-18T10:11:34.720751,d4a8557a-eabd-11ef-ac99-aa7241d1fb4f,HUB Admiraal Trompstraat (Huisman),51.908834504,4.381923039,8,0,9999
2026-03-18T10:11:34.720751,00e8b3de-9e82-11ee-a91e-ee69b7c7763e,BH Jacques Dutilhweg,51.927993284,4.5475155,10,7,9999
2026-03-18T10:11:34.720751,d868fe52-36e5-11f0-ab1d-9ae3af3bf913,BH Sluisjesdijk,51.894714517,4.461900478,10,8,0
2026-03-18T10:11:34.720751,4338fed2-edbb-11ee-a9f0-82366b51b915,BH Oostzeedijk Beneden 2,51.921653595,4.507031037,10,5,9999
2026-03-18T10:11:34.720751,2c82bb9a-217b-11ee-8219-8ed3b2364c4f,Hub Weena,51.922738296,4.469181329,142,30,9999
2026-03-18T10:11:34.720751,96f5cbdc-06f6-11ef-b58d-569a23b994be,BH Argonautenweg,51.959086712,4.49354982,10,1,9999
2026-03-18T10:11:34.720751,2f51713e-32b7-11ee-8219-8ed3b2364c4f,Hub P+R Capelsebrug,51.920991793,4.559215491,18,3,9999
2026-03-18T10:11:34.720751,62b0255a-9e7a-11ee-a91e-ee69b7c7763e,BH Vierhavenstraat,51.910327597,4.434992993,16,2,9999
2026-03-18T10:11:34.720751,2b10524e-06f5-11ef-b58d-569a23b994be,BH Piet van der Polsingel,51.950618784,4.518612648,8,1,9999
2026-03-18T10:11:34.720751,47070056-06fa-11ef-b58d-569a23b994be,BH Metrostation Schenkel,51.931770435,4.56406792,12,3,9999
2026-03-18T10:11:34.720751,7a8c12ba-91ab-11ed-b1e6-fa4fb8e2990b,BH Metrostation Slinge,51.874526023,4.477872534,15,5,9999
2026-03-18T10:11:34.720751,026045c6-8530-11ee-bb01-c602c1905375,BH Winkelhart Katendrechtse Lagedijk,51.891184937,4.479440034,10,6,9999
2026-03-18T10:11:34.720751,9d9bb8ec-4bd1-11ee-bb01-c602c1905375,BH Marconiplein,51.913319277,4.432514448,10,3,9999
2026-03-18T10:11:34.720751,8330f3ca-a5b4-11f0-ab44-baed9603afbb,Fokkerstraat Plesmanstraat,51.929694009,4.399576614,4,0,9999
2026-03-18T10:11:34.720751,5b842034-5331-11f0-ab1d-9ae3af3bf913,BH Walenburgerweg,51.926698659,4.462629155,10,6,9999
2026-03-18T10:11:34.720751,a08059b6-b484-11ee-9ae6-5263e3f30f1e,BH Metrostation Gerdesiaweg,51.925444134,4.506155972,10,9,9999
2026-03-18T10:11:34.720751,2f718c84-8911-11ee-bb01-c602c1905375,BH Metro Dijkzigt - EMC,51.911789199,4.466334846,20,18,9999
2026-03-18T10:11:34.720751,f58e41fc-1c9f-11ee-8219-8ed3b2364c4f,BH Heemraadsplein,51.912322959,4.455058085,10,3,9999
2026-03-18T10:11:34.720751,79fdd038-34b8-11f0-ab1d-9ae3af3bf913,BH RTHA Airport,51.94924845,4.432611987,10,5,0
2026-03-18T10:11:34.720751,1c41897e-596e-11ef-bed6-aa139991deb4,HUB Metrostation Nieuwland / Bijdorpplein,51.922583819,4.38260008,10,0,9999
2026-03-18T10:11:34.720751,a57d027c-8912-11ee-bb01-c602c1905375,BH Delftse Poort,51.924408145,4.472816464,10,10,9999
2026-03-18T10:11:34.720751,6383849a-2038-11f0-ab1d-9ae3af3bf913,BH - Kralingsebos (Langepad),51.936318565,4.506197017,10,2,9999
2026-03-18T10:11:34.720751,e90e9332-06f5-11ef-b58d-569a23b994be,BH Burgemeester Le Fèvre de Montignylaan,51.957620055,4.501711782,10,0,9999
2026-03-18T10:11:34.720751,5cb3ffde-bdaf-11ed-b1e6-fa4fb8e2990b,RK Stadionlaan,51.892328813,4.530682857,10,5,9999
2026-03-18T10:11:34.720751,02bed1f8-8392-11ee-bb01-c602c1905375,BH Station Alexander,51.951735827,4.551049232,10,5,9999
2026-03-18T10:11:34.720751,08d5cf66-8ab2-11ee-bb01-c602c1905375,BH Winkelhart Asterlo,51.873536387,4.483591736,10,0,9999
2026-03-18T10:11:34.720751,0e51e024-c757-11ee-9ae6-5263e3f30f1e,BH Metrostation Binnenhof,51.960437867,4.535372966,10,2,9999
2026-03-18T10:11:34.720751,409f87f6-890f-11ee-bb01-c602c1905375,BH Metro Beurs,51.917806013,4.480107053,8,3,9999
2026-03-18T10:11:34.720751,d6a7cd26-4d08-11f0-ab1d-9ae3af3bf913,BH - Oudehoofdplein-Haringvliet,51.918979475,4.49384405,10,9,9999
2026-03-18T10:11:34.720751,f0ad9b92-1767-11ef-8071-42f0fecaeb6a,BH Prinsenlaan,51.937206457,4.536127586,10,0,9999
2026-03-18T10:11:34.720751,f06fd44c-2035-11f0-ab1d-9ae3af3bf913,BH Boezemlaan,51.938982631,4.495864471,10,12,9999
2026-03-18T10:11:34.720751,8d91a90c-9e83-11ee-a91e-ee69b7c7763e,BH Kraaierstraat,51.91909698,4.418192898,8,3,9999
2026-03-18T10:11:34.720751,a2671a36-bdad-11ed-b1e6-fa4fb8e2990b,RK Dwarsdijk,51.893055987,4.539201504,10,7,9999
2026-03-18T10:11:34.720751,376a5cda-06f8-11ef-b58d-569a23b994be,BH Ganzerikplein,51.958953276,4.471584016,10,4,9999
2026-03-18T10:11:34.720751,5cdd9872-b096-11ef-b6d3-56d88772ab1a,BH Wilgenplaslaan/ Meidoornsingel,51.953868042,4.468211582,7,3,9999
2026-03-18T10:11:34.720751,952a3e78-a8db-11ef-8778-d2279db84567,BH Lloydstraat,51.902214281,4.461287644,10,9,9999
2026-03-18T10:11:34.720751,a6fa0910-8067-11ed-b1e6-fa4fb8e2990b,BH Stadion Fey (Bert Heesakkerstr.),51.896805818,4.521735582,50,0,9999
2026-03-18T10:11:34.720751,a1337d02-e018-11ed-a249-96cdaf8f7240,BH Sint Franciscus,51.942171146,4.460534407,25,8,9999
2026-03-18T10:11:34.720751,d3cea108-8285-11f0-ab44-baed9603afbb,BH - Ratelaarweg,51.967431611,4.463349689,10,0,9999
2026-03-18T10:11:34.720751,3bef7002-bdb5-11ed-b1e6-fa4fb8e2990b,RK Breeweg,51.890630632,4.514261169,10,2,9999
2026-03-18T10:11:34.720751,8c90734c-45bb-11ee-8219-8ed3b2364c4f,BH Coen Moulijnweg,51.893813253,4.526876329,42,6,9999
2026-03-18T10:11:34.720751,1b098490-2037-11f0-ab1d-9ae3af3bf913,BH Karmelweg,51.933461291,4.5029394,8,5,9999
2026-03-18T10:11:34.720751,23348a06-bdb1-11ed-b1e6-fa4fb8e2990b,RK Guido Gezelleweg,51.87434607,4.523238145,10,8,9999
2026-03-18T10:11:34.720751,66824038-37b2-11ef-a21a-8e54a72a50da,HUB Metrostation Parkweg / Zuidzijde,51.921443238,4.39475836,10,0,7
2026-03-18T10:11:34.720751,2c127298-ff25-11ef-a79f-a65a77daff90,BH Aert van Nesstraat,51.921141166,4.478916173,8,1,9999
2026-03-18T10:11:34.720751,cde445c6-a744-11ef-8778-d2279db84567,BH Groenendaal,51.921685178,4.492944049,6,9,9999
2026-03-18T10:11:34.720751,97c6a1c2-a8da-11ef-8778-d2279db84567,BH Henegouwerplein,51.921807589,4.460561523,10,4,9999
2026-03-18T10:11:34.720751,e68d5642-a5b5-11f0-b6c1-baed9603afbb,HUB NS Station Schiedam Centrum/ Professor Kamerlingh Onneslaan,51.92071744,4.408262487,12,4,9999
2026-03-18T10:11:34.720751,82623a40-bda3-11ed-b1e6-fa4fb8e2990b,RK Rosestraat,51.91100607,4.501308573,10,3,9999
2026-03-18T10:11:34.720751,b7353df6-b485-11ee-9ae6-5263e3f30f1e,BH Metrostation Kralingsezoom (Gravenweg),51.921751706,4.533850265,10,8,9999
2026-03-18T10:11:34.720751,6c34980a-bb92-11ef-a02d-6ea8ed91bd56,BH Gordelweg (Lidl),51.940472428,4.479798999,4,0,9999
2026-03-18T10:11:34.720751,5904bd1a-a5b5-11f0-b05b-baed9603afbb,HUB Hof van Spaland - Bachplein,51.934889388,4.374726808,8,3,9999
2026-03-18T10:11:34.720751,32ca5fd0-8126-11ed-b1e6-fa4fb8e2990b,RK Vuurplaat,51.906526668,4.505838102,10,3,9999
2026-03-18T10:11:34.720751,f94a1ff6-b095-11ef-b6d3-56d88772ab1a,BH Bm Le Fèvre de Montignylaan/ Jeroen Boschlaan,51.955641943,4.505982462,6,1,9999
2026-03-18T10:11:34.720751,4228b402-8537-11ee-bb01-c602c1905375,BH Tongelaarweg,51.895280064,4.563514996,10,0,9999
2026-03-18T10:11:34.720751,6f66a60c-36e5-11f0-ab1d-9ae3af3bf913,BH Lloydpier,51.904487669,4.460458303,8,4,2
2026-03-18T10:11:34.720751,7d81b63e-a5b5-11f0-b05b-baed9603afbb,HUB 's Gravelandseweg,51.932091958,4.401924037,6,1,9999
2026-03-18T10:11:34.720751,a3dbb322-8121-11ed-b1e6-fa4fb8e2990b,RK Metrostation Rijnhaven ,51.902216981,4.49610172,15,9,9999
2026-03-18T10:11:34.720751,cf23b50e-9ad0-11f0-ab44-baed9603afbb,BH Natuurhistorisch museum,51.911022288,4.472728259,12,4,9999
2026-03-18T10:11:34.720751,d55243f6-182b-11ef-a8d1-42f0fecaeb6a,BH Siciliëboulevard ,51.97996654,4.580859756,10,0,9999
2026-03-18T10:11:34.720751,e0f7ef36-a5b4-11f0-ab44-baed9603afbb,Havenstraat einde (digitale testhub),51.900396883,4.398614319,12,0,9999
2026-03-18T10:11:34.720751,05d1d708-eabd-11ef-88c2-aa7241d1fb4f,HUB De Thermen ,51.927426752,4.380236246,8,0,9999
2026-03-18T10:11:34.720751,b3381a7a-2036-11f0-ab1d-9ae3af3bf913,BH Oudedijk / de Nieuwe Plantage,51.929149075,4.505248613,8,5,9999
2026-03-18T10:11:34.720751,8b480576-eabc-11ee-a9f0-82366b51b915,BH Schiedamseweg Beneden,51.914135146,4.422297364,5,7,9999
2026-03-18T10:11:34.720751,89a2f1d2-a5b3-11f0-ab44-baed9603afbb,Metrostation Vijfsluizen,51.908108215,4.37254105,8,1,9999
2026-03-18T10:11:34.720751,e50f3d1e-f069-11ef-9ed7-0ea3ed1ae564,HUB Oranjestraat - Lange Nieuwstraat,51.913368472,4.40030457,5,1,9999
2026-03-18T10:11:34.720751,4c1b19a4-d0a1-11ee-8b0e-065810cc8d78,BH Elandstraat,51.910800072,4.553878993,10,7,9999
2026-03-18T10:11:34.720751,bbbba24e-806e-11ed-b1e6-fa4fb8e2990b,RK P+R Noorderhelling,51.894761016,4.532122707,15,1,9999
2026-03-18T10:11:34.720751,3ac0b682-8129-11ed-b1e6-fa4fb8e2990b,RK Cor Kieboomplein,51.896922039,4.523502821,15,2,9999
2026-03-18T10:11:34.720751,5a3ffbf4-37b1-11ef-a21a-8e54a72a50da,HUB Metrostation Nieuwland / Van Limburg Stirumstraat,51.922446663,4.38308784,6,0,2
2026-03-18T10:11:34.720751,5d8d12a2-a5b4-11f0-ab44-baed9603afbb,Van Heekstraat,51.931167557,4.406024405,4,0,9999
2026-03-18T10:11:34.720751,f251d6e8-0b82-11ef-b58d-569a23b994be,BH Metrostation Graskruid ,51.956473743,4.550010233,8,3,9999
2026-03-18T10:11:34.720751,a4d2ea7c-b2f0-11ef-aa57-62870c7808bb,BH 2e Hogenbanweg,51.936951327,4.427707182,8,1,9999
2026-03-18T10:11:34.720751,75ba0d1a-2037-11f0-ab1d-9ae3af3bf913,BH Stadhoudersweg,51.931417737,4.461484988,10,3,9999
2026-03-18T10:11:34.720751,bc6b0d7e-a745-11ef-8778-d2279db84567,BH Goudsewagenstraat,51.923224462,4.493552746,8,8,9999
2026-03-18T10:11:34.720751,0f37eafc-8912-11ee-bb01-c602c1905375,BH Metro Oostplein,51.922677789,4.497608825,10,17,9999
2026-03-18T10:11:34.720751,aed7c2fa-8123-11ed-b1e6-fa4fb8e2990b,RK Groene Hilledijk/Beijerlandselaan,51.893806789,4.509452258,10,1,9999
2026-03-18T10:11:34.720751,c76f0318-bb92-11ef-a02d-6ea8ed91bd56,BH NS Centraal Station (Stationssingel),51.925399994,4.466148375,10,16,9999
2026-03-18T10:11:34.720751,361a368c-a5b4-11f0-ab44-baed9603afbb,Sportpark Haga (Epke Zonderlandstraat),51.921919868,4.370918199,8,1,9999
2026-03-18T10:11:34.720751,f4c0fe5e-02d6-11ef-b58d-569a23b994be,BH Paulus Potterstraat,51.9228414,4.508497696,10,6,9999
2026-03-18T10:11:34.720751,48cbf66e-9f15-11ee-a91e-ee69b7c7763e,BH Franselaan,51.917379138,4.420463507,10,9,9999
2026-03-18T10:11:34.720751,e9735b4e-7da7-11f0-ab44-baed9603afbb,BH Veldkersweg,51.966835673,4.46657292,8,3,9999
2026-03-18T10:11:34.720751,4b1ac684-bb93-11ef-a02d-6ea8ed91bd56,BH Noorderkanaalweg,51.940525593,4.472984586,9,5,9999
2026-03-18T10:11:34.720751,033a9392-3700-11f0-ab1d-9ae3af3bf913,BH Herman Bavinckstraat,51.915067882,4.521446921,10,0,9999
2026-03-18T10:11:34.720751,ffe8c3e8-a8da-11ef-8778-d2279db84567,BH Mathenesserplein,51.917836602,4.44508891,8,9,9999
2026-03-18T10:11:34.720751,e377069a-ff63-11ef-a79f-a65a77daff90,BH Kralingsebos Bosdreef/Pr. Beatrixlaan,51.93789612,4.501689644,8,6,9999
2026-03-18T10:11:34.720751,7af95f9c-a747-11ef-8778-d2279db84567,BH Kruisplein,51.92228569,4.47138789,6,5,9999
2026-03-18T10:11:34.720751,4c50cb7a-bdb6-11ed-b1e6-fa4fb8e2990b,RK Olympiaweg,51.886462746,4.529133302,10,3,9999
2026-03-18T10:11:34.720751,a694ef4e-36e5-11f0-ab1d-9ae3af3bf913,BH Neushoornstraat,51.913041554,4.553743002,6,0,1
2026-03-18T10:11:34.720751,be56ca62-8120-11ed-b1e6-fa4fb8e2990b,RK P+R Beverwaard,51.885771514,4.568986239,10,1,9999
2026-03-18T10:11:34.720751,d5af3bc4-806a-11ed-b1e6-fa4fb8e2990b,BH Kievitslaan,51.907226862,4.473300159,17,9,9999
2026-03-18T10:11:34.720751,dd006abc-a5b3-11f0-ab44-baed9603afbb,Havenstraat,51.903204365,4.398004897,8,0,9999
2026-03-18T10:11:34.720751,6f09af84-eabe-11ee-a9f0-82366b51b915,BH Delftseplein ,51.925206514,4.474011701,14,10,9999
2026-03-18T10:11:34.720751,1cfb89ec-806b-11ed-b1e6-fa4fb8e2990b,BH Westplein,51.908912961,4.478583441,10,14,9999
2026-03-18T10:11:34.720751,12fc10a4-bb94-11ef-a02d-6ea8ed91bd56,BH Noordplein,51.930251975,4.483699175,10,4,9999
2026-03-18T10:11:34.720751,276e8d26-bda0-11ed-b1e6-fa4fb8e2990b,RK Strevelsweg,51.889634937,4.495943368,15,3,9999
2026-03-18T10:11:34.720751,9e066470-2038-11f0-ab1d-9ae3af3bf913,BH Kralinger Esch,51.911179823,4.524762065,9,16,9999
2026-03-18T10:11:34.720751,9b1f0aaa-8125-11ed-b1e6-fa4fb8e2990b,RK Slaghekstraat - Beijerlandselaan,51.897574833,4.511261604,10,0,9999
2026-03-18T10:11:34.720751,b8c81048-2037-11f0-ab1d-9ae3af3bf913,BH Van Maanenstraat,51.932279316,4.464280453,6,3,9999
2026-03-18T10:11:34.720751,1f4ff66c-bdb8-11ed-b1e6-fa4fb8e2990b,RK Van der Takstraat ,51.914243737,4.496045621,10,8,9999
2026-03-18T10:11:34.720751,3b523cee-5c94-11f0-ab1d-9ae3af3bf913,BH - Wilhelminapier,51.90698281,4.489727426,14,7,9999
2026-03-18T10:11:34.720751,e8d292d2-039a-11ef-b58d-569a23b994be,BH Mia van Yperenplein ,51.928414546,4.545678043,10,4,9999
2026-03-18T10:11:34.720751,12daf18a-8068-11ed-b1e6-fa4fb8e2990b,BH Treinst. Lombardijen (Aesopusplaats),51.880478018,4.530040287,10,3,9999
2026-03-18T10:11:34.720751,558e4a5a-eaba-11ee-a9f0-82366b51b915,BH Blijdorplaan ,51.927389289,4.440437692,22,19,9999
2026-03-18T10:11:34.720751,5a8de282-36ee-11f0-ab1d-9ae3af3bf913,BH van Blommesteynweg,51.888148155,4.460842726,10,0,9999
2026-03-18T10:11:34.720751,078569ee-a5b5-11f0-ab44-baed9603afbb,Nieuwe Waterwegstraat (digitale testhub),51.900682979,4.390873601,12,0,9999
2026-03-18T10:11:34.720751,8e5dd27e-06fd-11ef-b58d-569a23b994be,BH Prins Alexanderplein,51.951040272,4.553684972,14,0,9999
2026-03-18T10:11:34.720751,a6843864-fbc4-11ee-b58d-569a23b994be,Trompenburg 1,51.917696349,4.517981647,10,11,0
2026-03-18T10:11:34.720751,5b583480-a8da-11ef-8778-d2279db84567,BH Duyststraat,51.910073429,4.452225738,8,4,9999
2026-03-18T10:11:34.720751,2510e9ba-a5b6-11f0-847a-baed9603afbb,Hub Kloosterplaats,51.91675013,4.402112308,6,1,9999
2026-03-18T10:11:34.720751,880e3e72-a8dd-11ef-8778-d2279db84567,BH Spaansebocht,51.917413667,4.430014126,9,1,9999
2026-03-18T10:11:34.720751,b5b3324a-edb9-11ee-a9f0-82366b51b915,BH Siondwarsstraat,51.925261494,4.51053174,10,0,9999
2026-03-18T10:11:34.720751,94b01d94-edc6-11ee-a9f0-82366b51b915,BH Schuttersveld,51.933248028,4.490978921,10,5,9999
2026-03-18T10:11:34.720751,69b33170-edbd-11ee-a9f0-82366b51b915,BH Metro Oostplein 2,51.923145722,4.496820843,10,6,9999
2026-03-18T10:11:34.720751,67d6af9a-f068-11ef-ba40-0ea3ed1ae564,HUB Hof van Spaland - Schiedamseweg,51.934898803,4.378145906,12,2,9999
2026-03-18T10:11:34.720751,4933dd54-9e7c-11ee-a91e-ee69b7c7763e,BH Willem Ruyslaan (Luzac College),51.925421889,4.508669446,10,1,9999
2026-03-18T10:11:34.720751,9f935b6c-b095-11ef-b6d3-56d88772ab1a,BH Bergpolderplein,51.945227242,4.474988047,8,1,9999
2026-03-18T10:11:34.720751,8a2d056c-bb93-11ef-a02d-6ea8ed91bd56,BH NS Station Noord (Bergweg),51.941530048,4.481339526,10,0,9
2026-03-18T10:11:34.720751,4d95ab34-8122-11ed-b1e6-fa4fb8e2990b,RK Metrostation Maashaven ,51.896573582,4.494245173,30,7,9999
2026-03-18T10:11:34.720751,3d015ff0-8394-11ee-bb01-c602c1905375,BH Metrostation Oosterflank,51.945209326,4.555045447,10,1,9999
2026-03-18T10:11:34.720751,defeb050-a747-11ef-8778-d2279db84567,BH Karel Doormanstraat,51.922789549,4.473609692,9,6,9999
2026-03-18T10:11:34.720751,b5dc5454-890f-11ee-bb01-c602c1905375,BH Schilderstraat,51.916377397,4.48142868,8,3,9999
2026-03-18T10:11:34.720751,2f12ae3e-806c-11ed-b1e6-fa4fb8e2990b,BH Winkelcentrum Keizerswaard-Herenw,51.886358391,4.549308056,15,4,9999
2026-03-18T10:11:34.720751,3b6d73a8-805d-11ed-b1e6-fa4fb8e2990b,BH Metrostation Melanchtonweg,51.94881199,4.465233746,10,1,9999
2026-03-18T10:11:34.720751,d5832958-891a-11ee-bb01-c602c1905375,BH Metro Zuidplein (nieuw),51.887180341,4.491554668,10,2,9999
2026-03-18T10:11:34.720751,a535094e-b162-11ef-bdcd-5adc5d29ed54,BH Eudokiaplein,51.932433484,4.47153255,9,2,9999
2026-03-18T10:11:34.720751,437f8dc8-bd9e-11ed-b1e6-fa4fb8e2990b,RK Hillevliet,51.89558515,4.506432514,10,0,9999
2026-03-18T10:11:34.720751,f10d8ab4-9997-11ee-a91e-ee69b7c7763e,BH Shell Hofplein,51.925705456,4.477781355,28,7,9999
2026-03-18T10:11:34.720751,94467720-8127-11ed-b1e6-fa4fb8e2990b,RK Persoonsdam,51.909309099,4.508017165,10,6,9999
2026-03-18T10:11:34.720751,9245444a-2023-11f0-ab1d-9ae3af3bf913,BH Witte de Withstraat,51.915906523,4.478080905,10,1,9999
2026-03-18T10:11:34.720751,49d59348-ff64-11ef-b515-a65a77daff90,BH Bergweg (Dirk van den Broek),51.93856254,4.479465675,6,0,9999
2026-03-18T10:11:34.720751,30fb96bc-8124-11ed-b1e6-fa4fb8e2990b,RK Beverwaardseweg/ Borgharensingel,51.898798338,4.564663375,10,2,9999
2026-03-18T10:11:34.720751,9a1fb404-8ab3-11ee-bb01-c602c1905375,BH Langenhorst ,51.874120882,4.494254863,10,5,9999
2026-03-18T10:11:34.720751,abe67bfa-b096-11ef-b6d3-56d88772ab1a,BH Wilgenplaslaan/ Donkersingel,51.951337599,4.47048253,10,7,9999
2026-03-18T10:11:34.720751,068b0f9c-a8dd-11ef-8778-d2279db84567,BH Vierhavenstraat (Sahan),51.908502395,4.437727106,4,1,9999
2026-03-18T10:11:34.720751,bc0e7e9c-a8da-11ef-8778-d2279db84567,BH Jan van Vuchtstraat,51.917045317,4.460830874,6,6,9999
2026-03-18T10:11:34.720751,8b721818-a5b2-11f0-ab44-baed9603afbb,Lekstraat,51.90446958,4.406985264,6,2,9999
2026-03-18T10:11:34.720751,ad212572-06f7-11ef-b58d-569a23b994be,BH Molenlaan/Grindweg,51.963224537,4.49571068,10,3,9999
2026-03-18T10:11:34.720751,f8828c3e-806d-11ed-b1e6-fa4fb8e2990b,RK Station Rdam Zuid,51.905545015,4.509568537,15,7,9999
2026-03-18T10:11:34.720751,5f71799e-806b-11ed-b1e6-fa4fb8e2990b,BH Willemsplein,51.911118908,4.481894771,17,10,9999
2026-03-18T10:11:34.720751,42824336-bd97-11ed-b1e6-fa4fb8e2990b,RK Groene Hilledijk,51.882726433,4.504266667,10,0,9999
2026-03-18T10:11:34.720751,db6932f4-182b-11ef-a8d1-42f0fecaeb6a,BH Metrostation Nesselande,51.978969273,4.586177782,10,0,9999
2026-03-18T10:11:34.720751,e26322b0-2025-11f0-ab1d-9ae3af3bf913,BH Brielselaan,51.896298935,4.489248091,4,1,9999
2026-03-18T10:11:34.720751,c862b7f2-06fb-11ef-b58d-569a23b994be,BH Prins Alexanderlaan (metrobaan zijde),51.952192324,4.551435621,10,1,9999
2026-03-18T10:11:34.720751,c53689c2-8124-11ed-b1e6-fa4fb8e2990b,RK Peellandstraat / Beesdestraat ,51.888535309,4.567291893,10,4,9999
2026-03-18T10:11:34.720751,8f5d35a0-1834-11ef-8071-42f0fecaeb6a,BH Jan Bijloostraat (Winkelcentrum Lage Land),51.941821995,4.546449269,9,2,9999
2026-03-18T10:11:34.720751,f8fcd3a4-983a-11ef-a85a-be896af2d3a5,BH Rhijnauwensingel,51.892161199,4.569620613,12,4,9999
2026-03-18T10:11:34.720751,118239d4-a5b2-11f0-ab44-baed9603afbb,Lorentzlaan (bushalte),51.917994492,4.415061192,4,3,9999
2026-03-18T10:11:34.720751,0c107276-bdb7-11ed-b1e6-fa4fb8e2990b,RK Sandelingenplein,51.889562128,4.506962326,10,2,9999
2026-03-18T10:11:34.720751,75b8bea6-81d8-11ed-b1e6-fa4fb8e2990b,RK Metrostation Maashaven (Putselaan),51.897794241,4.495760713,10,4,9999
2026-03-18T10:11:34.720751,a20bbbae-bdae-11ed-b1e6-fa4fb8e2990b,RK Frankendaal,51.886951976,4.521294152,10,1,9999
2026-03-18T10:11:34.720751,f1df385c-f5b2-11ef-81b3-76e5c571f05f,HUB Admiraal de Ruyterstraat,51.906742474,4.38554997,8,1,9999
2026-03-18T10:11:34.720751,4247dd56-1c9f-11ee-8219-8ed3b2364c4f,BH Metro Coolhaven,51.909218289,4.458167882,10,10,9999
2026-03-18T10:11:34.720751,65af1c24-06f4-11ef-b58d-569a23b994be,BH Meerum Terwogtlaan,51.951763386,4.524587387,10,3,9999
2026-03-18T11:11:24.364995,2c632780-a8de-11ef-8778-d2279db84567,BH Schuttevaerweg,51.922420472,4.434869706,10,2,9999
2026-03-18T11:11:24.364995,a3c07f10-a5b5-11f0-b05b-baed9603afbb,HUB Hoofdbrug,51.908705902,4.406131267,8,2,9999
2026-03-18T11:11:24.364995,b9bfe680-fbc4-11ee-b58d-569a23b994be,Trompenburg 2,51.917638379,4.518889893,10,1,9
2026-03-18T11:11:24.364995,3c659862-a8dd-11ef-8778-d2279db84567,BH Mayflowerstraat,51.905015647,4.440161906,10,9,9999
2026-03-18T11:11:24.364995,e0a4baca-a748-11ef-8778-d2279db84567,BH Mariniersweg,51.920853425,4.490979502,10,9,9999
2026-03-18T11:11:24.364995,c35c448e-06fc-11ef-b58d-569a23b994be,BH Jacob van Campenweg ,51.942434165,4.537976212,7,2,9999
2026-03-18T11:11:24.364995,438486f4-a5b6-11f0-a150-baed9603afbb,HUB Koemarkt ingang garage,51.914517902,4.401917461,6,4,9999
2026-03-18T11:11:24.364995,365f4a3e-a5b3-11f0-ab44-baed9603afbb,Rubensplein,51.911712719,4.383665134,6,0,9999
2026-03-18T11:11:24.364995,a85b996e-fe23-11ee-b58d-569a23b994be,BH Dirk van der Kooijweg (Waterleliesingel),51.953796964,4.52009166,10,2,9999
2026-03-18T11:11:24.364995,19e2de56-b5d8-11ee-9ae6-5263e3f30f1e,BH STC Waalhaven,51.878297275,4.448759787,10,1,9999
2026-03-18T11:11:24.364995,c6c213ee-ed18-11ef-9957-f683e5eb607c,BH Langenhorst (Binkhorst),51.877310029,4.494737503,10,2,9999
2026-03-18T11:11:24.364995,3366f8b0-a8dc-11ef-8778-d2279db84567,BH Vierhavenstraat (WoonEnzo),51.907777562,4.438830385,4,7,9999
2026-03-18T11:11:24.364995,04a89aea-a5b3-11f0-ab44-baed9603afbb,Groenelaan Hagastraat (Winkelcentrum),51.907303396,4.402285408,4,2,9999
2026-03-18T11:11:24.364995,32638aa6-a5b5-11f0-9f09-baed9603afbb,HUB Laan van Bol'es,51.928443203,4.370771711,10,3,9999
2026-03-18T11:11:24.364995,291c2f72-a749-11ef-8778-d2279db84567,BH Westzeedijk,51.909321622,4.471436479,10,9,9999
2026-03-18T11:11:24.364995,abd627be-67bb-11f0-91de-5eaa9feacc9b,BH Schiekade (Heer Bokelweg),51.927133058,4.476309832,10,0,9999
2026-03-18T11:11:24.364995,8948d5a4-b094-11ef-b6d3-56d88772ab1a,BH Duivenpad,51.964922912,4.498254116,8,4,9999
2026-03-18T11:11:24.364995,227e8c1e-be97-11ee-9ae6-5263e3f30f1e,HUB Metrostation Troelstralaan,51.915742295,4.384972326,10,1,9999
2026-03-18T11:11:24.364995,0af509a8-06f7-11ef-b58d-569a23b994be,BH Beethovensingel,51.96114919,4.505141448,10,7,9999
2026-03-18T11:11:24.364995,dc06f296-1768-11ef-8071-42f0fecaeb6a,BH Prins Alexanderlaan (Oosterflank),51.946646256,4.553811478,12,1,9999
2026-03-18T11:11:24.364995,221af3ce-7fe1-11ee-bb01-c602c1905375,BH Metro Prinsenlaan,51.940647564,4.556931306,10,1,9999
2026-03-18T11:11:24.364995,a793d6ba-edc8-11ee-a9f0-82366b51b915,BH Infirmeriestraat,51.922255603,4.502265891,10,8,9999
2026-03-18T11:11:24.364995,0359e1a2-bdb3-11ed-b1e6-fa4fb8e2990b,RK Rosestraat 11C,51.902954022,4.511377745,10,13,9999
2026-03-18T11:11:24.364995,87f07e20-9e78-11ee-a91e-ee69b7c7763e,BH Marconistraat (Lee Towers),51.912441021,4.430411189,14,4,9999
2026-03-18T11:11:24.364995,f539bd6e-06f8-11ef-b58d-569a23b994be,BH Meijersplein,51.955657978,4.463033845,8,3,9999
2026-03-18T11:11:24.364995,70f0801a-8071-11ed-b1e6-fa4fb8e2990b,RK treinstation Lombardijen,51.88057913,4.531905572,30,2,9999
2026-03-18T11:11:24.364995,43752ffc-a8db-11ef-8778-d2279db84567,BH Pieter de Hoochweg,51.906316301,4.459985731,6,9,9999
2026-03-18T11:11:24.364995,b35ddad8-ab08-11ef-8778-d2279db84567,HUB Rotterdamsedijk 272,51.914957692,4.40343084,8,1,9999
2026-03-18T11:11:24.364995,9b1fa0f6-ae3c-11ee-a91e-ee69b7c7763e,BH Winkelhart Plein 1953,51.874842065,4.467889739,10,1,9999
2026-03-18T11:11:24.364995,8bd90878-0884-11f0-9a47-66143dd92f22,RK Molenvliet,51.882626536,4.521159806,10,2,9999
2026-03-18T11:11:24.364995,45450b66-a5b2-11f0-ab44-baed9603afbb,Maasdijk (Gustoweg),51.906629018,4.412009895,6,1,9999
2026-03-18T11:11:24.364995,4de2effe-f068-11ef-ba40-0ea3ed1ae564,HUB Hof van Spaland - Vlaardingseweg,51.935841728,4.376077923,4,1,9999
2026-03-18T11:11:24.364995,d38c6468-06fe-11ef-b58d-569a23b994be,BH Kleine Beer,51.950902127,4.555051083,6,0,9999
2026-03-18T11:11:24.364995,e552904e-182b-11ef-a8d1-42f0fecaeb6a,BH Metrostation Hesseplaats,51.963345229,4.554510684,10,2,9999
2026-03-18T11:11:24.364995,1826196c-b162-11ef-bdcd-5adc5d29ed54,BH Bentincklaan (Diergaarde Blijdorp),51.92572504,4.454794024,10,7,9999
2026-03-18T11:11:24.364995,8a1e5ed0-1c9e-11ee-8219-8ed3b2364c4f,BH Sparta stadion,51.920151368,4.434428835,20,15,9999
2026-03-18T11:11:24.364995,d3c9003c-b486-11ee-9ae6-5263e3f30f1e,BH Oostzeedijk Beneden,51.922514244,4.503092963,10,5,9999
2026-03-18T11:11:24.364995,552a82b8-b094-11ef-b6d3-56d88772ab1a,BH Hockeyclub Rotterdam,51.96869974,4.484731647,25,6,9999
2026-03-18T11:11:24.364995,cb3f6d1c-a746-11ef-8778-d2279db84567,BH Vasteland (AH),51.911537089,4.478368712,10,7,9999
2026-03-18T11:11:24.364995,d4a8557a-eabd-11ef-ac99-aa7241d1fb4f,HUB Admiraal Trompstraat (Huisman),51.908834504,4.381923039,8,0,9999
2026-03-18T11:11:24.364995,00e8b3de-9e82-11ee-a91e-ee69b7c7763e,BH Jacques Dutilhweg,51.927993284,4.5475155,10,7,9999
2026-03-18T11:11:24.364995,d868fe52-36e5-11f0-ab1d-9ae3af3bf913,BH Sluisjesdijk,51.894714517,4.461900478,10,7,0
2026-03-18T11:11:24.364995,4338fed2-edbb-11ee-a9f0-82366b51b915,BH Oostzeedijk Beneden 2,51.921653595,4.507031037,10,6,9999
2026-03-18T11:11:24.364995,2c82bb9a-217b-11ee-8219-8ed3b2364c4f,Hub Weena,51.922738296,4.469181329,142,28,9999
2026-03-18T11:11:24.364995,96f5cbdc-06f6-11ef-b58d-569a23b994be,BH Argonautenweg,51.959086712,4.49354982,10,1,9999
2026-03-18T11:11:24.364995,2f51713e-32b7-11ee-8219-8ed3b2364c4f,Hub P+R Capelsebrug,51.920991793,4.559215491,18,3,9999
2026-03-18T11:11:24.364995,62b0255a-9e7a-11ee-a91e-ee69b7c7763e,BH Vierhavenstraat,51.910327597,4.434992993,16,4,9999
2026-03-18T11:11:24.364995,2b10524e-06f5-11ef-b58d-569a23b994be,BH Piet van der Polsingel,51.950618784,4.518612648,8,1,9999
2026-03-18T11:11:24.364995,47070056-06fa-11ef-b58d-569a23b994be,BH Metrostation Schenkel,51.931770435,4.56406792,12,3,9999
2026-03-18T11:11:24.364995,7a8c12ba-91ab-11ed-b1e6-fa4fb8e2990b,BH Metrostation Slinge,51.874526023,4.477872534,15,6,9999
2026-03-18T11:11:24.364995,026045c6-8530-11ee-bb01-c602c1905375,BH Winkelhart Katendrechtse Lagedijk,51.891184937,4.479440034,10,7,9999
2026-03-18T11:11:24.364995,9d9bb8ec-4bd1-11ee-bb01-c602c1905375,BH Marconiplein,51.913319277,4.432514448,10,3,9999
2026-03-18T11:11:24.364995,8330f3ca-a5b4-11f0-ab44-baed9603afbb,Fokkerstraat Plesmanstraat,51.929694009,4.399576614,4,0,9999
2026-03-18T11:11:24.364995,5b842034-5331-11f0-ab1d-9ae3af3bf913,BH Walenburgerweg,51.926698659,4.462629155,10,3,9999
2026-03-18T11:11:24.364995,a08059b6-b484-11ee-9ae6-5263e3f30f1e,BH Metrostation Gerdesiaweg,51.925444134,4.506155972,10,8,9999
2026-03-18T11:11:24.364995,2f718c84-8911-11ee-bb01-c602c1905375,BH Metro Dijkzigt - EMC,51.911789199,4.466334846,20,19,9999
2026-03-18T11:11:24.364995,f58e41fc-1c9f-11ee-8219-8ed3b2364c4f,BH Heemraadsplein,51.912322959,4.455058085,10,2,9999
2026-03-18T11:11:24.364995,79fdd038-34b8-11f0-ab1d-9ae3af3bf913,BH RTHA Airport,51.94924845,4.432611987,10,5,0
2026-03-18T11:11:24.364995,1c41897e-596e-11ef-bed6-aa139991deb4,HUB Metrostation Nieuwland / Bijdorpplein,51.922583819,4.38260008,10,0,9999
2026-03-18T11:11:24.364995,a57d027c-8912-11ee-bb01-c602c1905375,BH Delftse Poort,51.924408145,4.472816464,10,10,9999
2026-03-18T11:11:24.364995,6383849a-2038-11f0-ab1d-9ae3af3bf913,BH - Kralingsebos (Langepad),51.936318565,4.506197017,10,2,9999
2026-03-18T11:11:24.364995,e90e9332-06f5-11ef-b58d-569a23b994be,BH Burgemeester Le Fèvre de Montignylaan,51.957620055,4.501711782,10,0,9999
2026-03-18T11:11:24.364995,5cb3ffde-bdaf-11ed-b1e6-fa4fb8e2990b,RK Stadionlaan,51.892328813,4.530682857,10,5,9999
2026-03-18T11:11:24.364995,02bed1f8-8392-11ee-bb01-c602c1905375,BH Station Alexander,51.951735827,4.551049232,10,4,9999
2026-03-18T11:11:24.364995,08d5cf66-8ab2-11ee-bb01-c602c1905375,BH Winkelhart Asterlo,51.873536387,4.483591736,10,0,9999
2026-03-18T11:11:24.364995,0e51e024-c757-11ee-9ae6-5263e3f30f1e,BH Metrostation Binnenhof,51.960437867,4.535372966,10,2,9999
2026-03-18T11:11:24.364995,409f87f6-890f-11ee-bb01-c602c1905375,BH Metro Beurs,51.917806013,4.480107053,8,2,9999
2026-03-18T11:11:24.364995,d6a7cd26-4d08-11f0-ab1d-9ae3af3bf913,BH - Oudehoofdplein-Haringvliet,51.918979475,4.49384405,10,7,9999
2026-03-18T11:11:24.364995,f0ad9b92-1767-11ef-8071-42f0fecaeb6a,BH Prinsenlaan,51.937206457,4.536127586,10,0,9999
2026-03-18T11:11:24.364995,f06fd44c-2035-11f0-ab1d-9ae3af3bf913,BH Boezemlaan,51.938982631,4.495864471,10,11,9999
2026-03-18T11:11:24.364995,8d91a90c-9e83-11ee-a91e-ee69b7c7763e,BH Kraaierstraat,51.91909698,4.418192898,8,3,9999
2026-03-18T11:11:24.364995,a2671a36-bdad-11ed-b1e6-fa4fb8e2990b,RK Dwarsdijk,51.893055987,4.539201504,10,7,9999
2026-03-18T11:11:24.364995,376a5cda-06f8-11ef-b58d-569a23b994be,BH Ganzerikplein,51.958953276,4.471584016,10,5,9999
2026-03-18T11:11:24.364995,5cdd9872-b096-11ef-b6d3-56d88772ab1a,BH Wilgenplaslaan/ Meidoornsingel,51.953868042,4.468211582,7,4,9999
2026-03-18T11:11:24.364995,952a3e78-a8db-11ef-8778-d2279db84567,BH Lloydstraat,51.902214281,4.461287644,10,8,9999
2026-03-18T11:11:24.364995,a6fa0910-8067-11ed-b1e6-fa4fb8e2990b,BH Stadion Fey (Bert Heesakkerstr.),51.896805818,4.521735582,50,0,9999
2026-03-18T11:11:24.364995,a1337d02-e018-11ed-a249-96cdaf8f7240,BH Sint Franciscus,51.942171146,4.460534407,25,8,9999
2026-03-18T11:11:24.364995,d3cea108-8285-11f0-ab44-baed9603afbb,BH - Ratelaarweg,51.967431611,4.463349689,10,0,9999
2026-03-18T11:11:24.364995,3bef7002-bdb5-11ed-b1e6-fa4fb8e2990b,RK Breeweg,51.890630632,4.514261169,10,2,9999
2026-03-18T11:11:24.364995,8c90734c-45bb-11ee-8219-8ed3b2364c4f,BH Coen Moulijnweg,51.893813253,4.526876329,42,6,9999
2026-03-18T11:11:24.364995,1b098490-2037-11f0-ab1d-9ae3af3bf913,BH Karmelweg,51.933461291,4.5029394,8,7,9999
2026-03-18T11:11:24.364995,23348a06-bdb1-11ed-b1e6-fa4fb8e2990b,RK Guido Gezelleweg,51.87434607,4.523238145,10,8,9999
2026-03-18T11:11:24.364995,66824038-37b2-11ef-a21a-8e54a72a50da,HUB Metrostation Parkweg / Zuidzijde,51.921443238,4.39475836,10,0,8
2026-03-18T11:11:24.364995,2c127298-ff25-11ef-a79f-a65a77daff90,BH Aert van Nesstraat,51.921141166,4.478916173,8,2,9999
2026-03-18T11:11:24.364995,cde445c6-a744-11ef-8778-d2279db84567,BH Groenendaal,51.921685178,4.492944049,6,9,9999
2026-03-18T11:11:24.364995,97c6a1c2-a8da-11ef-8778-d2279db84567,BH Henegouwerplein,51.921807589,4.460561523,10,4,9999
2026-03-18T11:11:24.364995,e68d5642-a5b5-11f0-b6c1-baed9603afbb,HUB NS Station Schiedam Centrum/ Professor Kamerlingh Onneslaan,51.92071744,4.408262487,12,3,9999
2026-03-18T11:11:24.364995,82623a40-bda3-11ed-b1e6-fa4fb8e2990b,RK Rosestraat,51.91100607,4.501308573,10,2,9999
2026-03-18T11:11:24.364995,b7353df6-b485-11ee-9ae6-5263e3f30f1e,BH Metrostation Kralingsezoom (Gravenweg),51.921751706,4.533850265,10,8,9999
2026-03-18T11:11:24.364995,6c34980a-bb92-11ef-a02d-6ea8ed91bd56,BH Gordelweg (Lidl),51.940472428,4.479798999,4,1,9999
2026-03-18T11:11:24.364995,5904bd1a-a5b5-11f0-b05b-baed9603afbb,HUB Hof van Spaland - Bachplein,51.934889388,4.374726808,8,3,9999
2026-03-18T11:11:24.364995,32ca5fd0-8126-11ed-b1e6-fa4fb8e2990b,RK Vuurplaat,51.906526668,4.505838102,10,3,9999
2026-03-18T11:11:24.364995,f94a1ff6-b095-11ef-b6d3-56d88772ab1a,BH Bm Le Fèvre de Montignylaan/ Jeroen Boschlaan,51.955641943,4.505982462,6,1,9999
2026-03-18T11:11:24.364995,4228b402-8537-11ee-bb01-c602c1905375,BH Tongelaarweg,51.895280064,4.563514996,10,0,9999
2026-03-18T11:11:24.364995,6f66a60c-36e5-11f0-ab1d-9ae3af3bf913,BH Lloydpier,51.904487669,4.460458303,8,4,2
2026-03-18T11:11:24.364995,7d81b63e-a5b5-11f0-b05b-baed9603afbb,HUB 's Gravelandseweg,51.932091958,4.401924037,6,2,9999
2026-03-18T11:11:24.364995,a3dbb322-8121-11ed-b1e6-fa4fb8e2990b,RK Metrostation Rijnhaven ,51.902216981,4.49610172,15,10,9999
2026-03-18T11:11:24.364995,cf23b50e-9ad0-11f0-ab44-baed9603afbb,BH Natuurhistorisch museum,51.911022288,4.472728259,12,4,9999
2026-03-18T11:11:24.364995,d55243f6-182b-11ef-a8d1-42f0fecaeb6a,BH Siciliëboulevard ,51.97996654,4.580859756,10,0,9999
2026-03-18T11:11:24.364995,e0f7ef36-a5b4-11f0-ab44-baed9603afbb,Havenstraat einde (digitale testhub),51.900396883,4.398614319,12,0,9999
2026-03-18T11:11:24.364995,05d1d708-eabd-11ef-88c2-aa7241d1fb4f,HUB De Thermen ,51.927426752,4.380236246,8,1,9999
2026-03-18T11:11:24.364995,b3381a7a-2036-11f0-ab1d-9ae3af3bf913,BH Oudedijk / de Nieuwe Plantage,51.929149075,4.505248613,8,5,9999
2026-03-18T11:11:24.364995,8b480576-eabc-11ee-a9f0-82366b51b915,BH Schiedamseweg Beneden,51.914135146,4.422297364,5,6,9999
2026-03-18T11:11:24.364995,89a2f1d2-a5b3-11f0-ab44-baed9603afbb,Metrostation Vijfsluizen,51.908108215,4.37254105,8,1,9999
2026-03-18T11:11:24.364995,e50f3d1e-f069-11ef-9ed7-0ea3ed1ae564,HUB Oranjestraat - Lange Nieuwstraat,51.913368472,4.40030457,5,1,9999
2026-03-18T11:11:24.364995,4c1b19a4-d0a1-11ee-8b0e-065810cc8d78,BH Elandstraat,51.910800072,4.553878993,10,7,9999
2026-03-18T11:11:24.364995,bbbba24e-806e-11ed-b1e6-fa4fb8e2990b,RK P+R Noorderhelling,51.894761016,4.532122707,15,1,9999
2026-03-18T11:11:24.364995,3ac0b682-8129-11ed-b1e6-fa4fb8e2990b,RK Cor Kieboomplein,51.896922039,4.523502821,15,2,9999
2026-03-18T11:11:24.364995,5a3ffbf4-37b1-11ef-a21a-8e54a72a50da,HUB Metrostation Nieuwland / Van Limburg Stirumstraat,51.922446663,4.38308784,6,0,2
2026-03-18T11:11:24.364995,5d8d12a2-a5b4-11f0-ab44-baed9603afbb,Van Heekstraat,51.931167557,4.406024405,4,0,9999
2026-03-18T11:11:24.364995,f251d6e8-0b82-11ef-b58d-569a23b994be,BH Metrostation Graskruid ,51.956473743,4.550010233,8,2,9999
2026-03-18T11:11:24.364995,a4d2ea7c-b2f0-11ef-aa57-62870c7808bb,BH 2e Hogenbanweg,51.936951327,4.427707182,8,1,9999
2026-03-18T11:11:24.364995,75ba0d1a-2037-11f0-ab1d-9ae3af3bf913,BH Stadhoudersweg,51.931417737,4.461484988,10,3,9999
2026-03-18T11:11:24.364995,bc6b0d7e-a745-11ef-8778-d2279db84567,BH Goudsewagenstraat,51.923224462,4.493552746,8,8,9999
2026-03-18T11:11:24.364995,0f37eafc-8912-11ee-bb01-c602c1905375,BH Metro Oostplein,51.922677789,4.497608825,10,15,9999
2026-03-18T11:11:24.364995,aed7c2fa-8123-11ed-b1e6-fa4fb8e2990b,RK Groene Hilledijk/Beijerlandselaan,51.893806789,4.509452258,10,1,9999
2026-03-18T11:11:24.364995,c76f0318-bb92-11ef-a02d-6ea8ed91bd56,BH NS Centraal Station (Stationssingel),51.925399994,4.466148375,10,15,9999
2026-03-18T11:11:24.364995,361a368c-a5b4-11f0-ab44-baed9603afbb,Sportpark Haga (Epke Zonderlandstraat),51.921919868,4.370918199,8,1,9999
2026-03-18T11:11:24.364995,f4c0fe5e-02d6-11ef-b58d-569a23b994be,BH Paulus Potterstraat,51.9228414,4.508497696,10,6,9999
2026-03-18T11:11:24.364995,48cbf66e-9f15-11ee-a91e-ee69b7c7763e,BH Franselaan,51.917379138,4.420463507,10,10,9999
2026-03-18T11:11:24.364995,e9735b4e-7da7-11f0-ab44-baed9603afbb,BH Veldkersweg,51.966835673,4.46657292,8,3,9999
2026-03-18T11:11:24.364995,4b1ac684-bb93-11ef-a02d-6ea8ed91bd56,BH Noorderkanaalweg,51.940525593,4.472984586,9,5,9999
2026-03-18T11:11:24.364995,033a9392-3700-11f0-ab1d-9ae3af3bf913,BH Herman Bavinckstraat,51.915067882,4.521446921,10,1,9999
2026-03-18T11:11:24.364995,ffe8c3e8-a8da-11ef-8778-d2279db84567,BH Mathenesserplein,51.917836602,4.44508891,8,10,9999
2026-03-18T11:11:24.364995,e377069a-ff63-11ef-a79f-a65a77daff90,BH Kralingsebos Bosdreef/Pr. Beatrixlaan,51.93789612,4.501689644,8,6,9999
2026-03-18T11:11:24.364995,7af95f9c-a747-11ef-8778-d2279db84567,BH Kruisplein,51.92228569,4.47138789,6,4,9999
2026-03-18T11:11:24.364995,4c50cb7a-bdb6-11ed-b1e6-fa4fb8e2990b,RK Olympiaweg,51.886462746,4.529133302,10,3,9999
2026-03-18T11:11:24.364995,a694ef4e-36e5-11f0-ab1d-9ae3af3bf913,BH Neushoornstraat,51.913041554,4.553743002,6,0,1
2026-03-18T11:11:24.364995,be56ca62-8120-11ed-b1e6-fa4fb8e2990b,RK P+R Beverwaard,51.885771514,4.568986239,10,1,9999
2026-03-18T11:11:24.364995,d5af3bc4-806a-11ed-b1e6-fa4fb8e2990b,BH Kievitslaan,51.907226862,4.473300159,17,8,9999
2026-03-18T11:11:24.364995,dd006abc-a5b3-11f0-ab44-baed9603afbb,Havenstraat,51.903204365,4.398004897,8,0,9999
2026-03-18T11:11:24.364995,6f09af84-eabe-11ee-a9f0-82366b51b915,BH Delftseplein ,51.925206514,4.474011701,14,7,9999
2026-03-18T11:11:24.364995,1cfb89ec-806b-11ed-b1e6-fa4fb8e2990b,BH Westplein,51.908912961,4.478583441,10,16,9999
2026-03-18T11:11:24.364995,12fc10a4-bb94-11ef-a02d-6ea8ed91bd56,BH Noordplein,51.930251975,4.483699175,10,3,9999
2026-03-18T11:11:24.364995,276e8d26-bda0-11ed-b1e6-fa4fb8e2990b,RK Strevelsweg,51.889634937,4.495943368,15,1,9999
2026-03-18T11:11:24.364995,9e066470-2038-11f0-ab1d-9ae3af3bf913,BH Kralinger Esch,51.911179823,4.524762065,9,15,9999
2026-03-18T11:11:24.364995,9b1f0aaa-8125-11ed-b1e6-fa4fb8e2990b,RK Slaghekstraat - Beijerlandselaan,51.897574833,4.511261604,10,0,9999
2026-03-18T11:11:24.364995,b8c81048-2037-11f0-ab1d-9ae3af3bf913,BH Van Maanenstraat,51.932279316,4.464280453,6,5,9999
2026-03-18T11:11:24.364995,1f4ff66c-bdb8-11ed-b1e6-fa4fb8e2990b,RK Van der Takstraat ,51.914243737,4.496045621,10,7,9999
2026-03-18T11:11:24.364995,3b523cee-5c94-11f0-ab1d-9ae3af3bf913,BH - Wilhelminapier,51.90698281,4.489727426,14,9,9999
2026-03-18T11:11:24.364995,e8d292d2-039a-11ef-b58d-569a23b994be,BH Mia van Yperenplein ,51.928414546,4.545678043,10,5,9999
2026-03-18T11:11:24.364995,12daf18a-8068-11ed-b1e6-fa4fb8e2990b,BH Treinst. Lombardijen (Aesopusplaats),51.880478018,4.530040287,10,3,9999
2026-03-18T11:11:24.364995,558e4a5a-eaba-11ee-a9f0-82366b51b915,BH Blijdorplaan ,51.927389289,4.440437692,22,19,9999
2026-03-18T11:11:24.364995,5a8de282-36ee-11f0-ab1d-9ae3af3bf913,BH van Blommesteynweg,51.888148155,4.460842726,10,1,9999
2026-03-18T11:11:24.364995,078569ee-a5b5-11f0-ab44-baed9603afbb,Nieuwe Waterwegstraat (digitale testhub),51.900682979,4.390873601,12,0,9999
2026-03-18T11:11:24.364995,8e5dd27e-06fd-11ef-b58d-569a23b994be,BH Prins Alexanderplein,51.951040272,4.553684972,14,0,9999
2026-03-18T11:11:24.364995,a6843864-fbc4-11ee-b58d-569a23b994be,Trompenburg 1,51.917696349,4.517981647,10,11,0
2026-03-18T11:11:24.364995,5b583480-a8da-11ef-8778-d2279db84567,BH Duyststraat,51.910073429,4.452225738,8,4,9999
2026-03-18T11:11:24.364995,2510e9ba-a5b6-11f0-847a-baed9603afbb,Hub Kloosterplaats,51.91675013,4.402112308,6,1,9999
2026-03-18T11:11:24.364995,880e3e72-a8dd-11ef-8778-d2279db84567,BH Spaansebocht,51.917413667,4.430014126,9,1,9999
2026-03-18T11:11:24.364995,b5b3324a-edb9-11ee-a9f0-82366b51b915,BH Siondwarsstraat,51.925261494,4.51053174,10,0,9999
2026-03-18T11:11:24.364995,94b01d94-edc6-11ee-a9f0-82366b51b915,BH Schuttersveld,51.933248028,4.490978921,10,5,9999
2026-03-18T11:11:24.364995,69b33170-edbd-11ee-a9f0-82366b51b915,BH Metro Oostplein 2,51.923145722,4.496820843,10,6,9999
2026-03-18T11:11:24.364995,67d6af9a-f068-11ef-ba40-0ea3ed1ae564,HUB Hof van Spaland - Schiedamseweg,51.934898803,4.378145906,12,2,9999
2026-03-18T11:11:24.364995,4933dd54-9e7c-11ee-a91e-ee69b7c7763e,BH Willem Ruyslaan (Luzac College),51.925421889,4.508669446,10,4,9999
2026-03-18T11:11:24.364995,9f935b6c-b095-11ef-b6d3-56d88772ab1a,BH Bergpolderplein,51.945227242,4.474988047,8,1,9999
2026-03-18T11:11:24.364995,8a2d056c-bb93-11ef-a02d-6ea8ed91bd56,BH NS Station Noord (Bergweg),51.941530048,4.481339526,10,0,9
2026-03-18T11:11:24.364995,4d95ab34-8122-11ed-b1e6-fa4fb8e2990b,RK Metrostation Maashaven ,51.896573582,4.494245173,30,7,9999
2026-03-18T11:11:24.364995,3d015ff0-8394-11ee-bb01-c602c1905375,BH Metrostation Oosterflank,51.945209326,4.555045447,10,1,9999
2026-03-18T11:11:24.364995,defeb050-a747-11ef-8778-d2279db84567,BH Karel Doormanstraat,51.922789549,4.473609692,9,8,9999
2026-03-18T11:11:24.364995,b5dc5454-890f-11ee-bb01-c602c1905375,BH Schilderstraat,51.916377397,4.48142868,8,4,9999
2026-03-18T11:11:24.364995,2f12ae3e-806c-11ed-b1e6-fa4fb8e2990b,BH Winkelcentrum Keizerswaard-Herenw,51.886358391,4.549308056,15,4,9999
2026-03-18T11:11:24.364995,3b6d73a8-805d-11ed-b1e6-fa4fb8e2990b,BH Metrostation Melanchtonweg,51.94881199,4.465233746,10,1,9999
2026-03-18T11:11:24.364995,d5832958-891a-11ee-bb01-c602c1905375,BH Metro Zuidplein (nieuw),51.887180341,4.491554668,10,2,9999
2026-03-18T11:11:24.364995,a535094e-b162-11ef-bdcd-5adc5d29ed54,BH Eudokiaplein,51.932433484,4.47153255,9,2,9999
2026-03-18T11:11:24.364995,437f8dc8-bd9e-11ed-b1e6-fa4fb8e2990b,RK Hillevliet,51.89558515,4.506432514,10,0,9999
2026-03-18T11:11:24.364995,f10d8ab4-9997-11ee-a91e-ee69b7c7763e,BH Shell Hofplein,51.925705456,4.477781355,28,5,9999
2026-03-18T11:11:24.364995,94467720-8127-11ed-b1e6-fa4fb8e2990b,RK Persoonsdam,51.909309099,4.508017165,10,6,9999
2026-03-18T11:11:24.364995,9245444a-2023-11f0-ab1d-9ae3af3bf913,BH Witte de Withstraat,51.915906523,4.478080905,10,1,9999
2026-03-18T11:11:24.364995,49d59348-ff64-11ef-b515-a65a77daff90,BH Bergweg (Dirk van den Broek),51.93856254,4.479465675,6,0,9999
2026-03-18T11:11:24.364995,30fb96bc-8124-11ed-b1e6-fa4fb8e2990b,RK Beverwaardseweg/ Borgharensingel,51.898798338,4.564663375,10,2,9999
2026-03-18T11:11:24.364995,9a1fb404-8ab3-11ee-bb01-c602c1905375,BH Langenhorst ,51.874120882,4.494254863,10,5,9999
2026-03-18T11:11:24.364995,abe67bfa-b096-11ef-b6d3-56d88772ab1a,BH Wilgenplaslaan/ Donkersingel,51.951337599,4.47048253,10,7,9999
2026-03-18T11:11:24.364995,068b0f9c-a8dd-11ef-8778-d2279db84567,BH Vierhavenstraat (Sahan),51.908502395,4.437727106,4,1,9999
2026-03-18T11:11:24.364995,bc0e7e9c-a8da-11ef-8778-d2279db84567,BH Jan van Vuchtstraat,51.917045317,4.460830874,6,9,9999
2026-03-18T11:11:24.364995,8b721818-a5b2-11f0-ab44-baed9603afbb,Lekstraat,51.90446958,4.406985264,6,1,9999
2026-03-18T11:11:24.364995,ad212572-06f7-11ef-b58d-569a23b994be,BH Molenlaan/Grindweg,51.963224537,4.49571068,10,3,9999
2026-03-18T11:11:24.364995,f8828c3e-806d-11ed-b1e6-fa4fb8e2990b,RK Station Rdam Zuid,51.905545015,4.509568537,15,6,9999
2026-03-18T11:11:24.364995,5f71799e-806b-11ed-b1e6-fa4fb8e2990b,BH Willemsplein,51.911118908,4.481894771,17,7,9999
2026-03-18T11:11:24.364995,42824336-bd97-11ed-b1e6-fa4fb8e2990b,RK Groene Hilledijk,51.882726433,4.504266667,10,0,9999
2026-03-18T11:11:24.364995,db6932f4-182b-11ef-a8d1-42f0fecaeb6a,BH Metrostation Nesselande,51.978969273,4.586177782,10,0,9999
2026-03-18T11:11:24.364995,e26322b0-2025-11f0-ab1d-9ae3af3bf913,BH Brielselaan,51.896298935,4.489248091,4,1,9999
2026-03-18T11:11:24.364995,c862b7f2-06fb-11ef-b58d-569a23b994be,BH Prins Alexanderlaan (metrobaan zijde),51.952192324,4.551435621,10,2,9999
2026-03-18T11:11:24.364995,c53689c2-8124-11ed-b1e6-fa4fb8e2990b,RK Peellandstraat / Beesdestraat ,51.888535309,4.567291893,10,4,9999
2026-03-18T11:11:24.364995,8f5d35a0-1834-11ef-8071-42f0fecaeb6a,BH Jan Bijloostraat (Winkelcentrum Lage Land),51.941821995,4.546449269,9,2,9999
2026-03-18T11:11:24.364995,f8fcd3a4-983a-11ef-a85a-be896af2d3a5,BH Rhijnauwensingel,51.892161199,4.569620613,12,4,9999
2026-03-18T11:11:24.364995,118239d4-a5b2-11f0-ab44-baed9603afbb,Lorentzlaan (bushalte),51.917994492,4.415061192,4,3,9999
2026-03-18T11:11:24.364995,0c107276-bdb7-11ed-b1e6-fa4fb8e2990b,RK Sandelingenplein,51.889562128,4.506962326,10,1,9999
2026-03-18T11:11:24.364995,75b8bea6-81d8-11ed-b1e6-fa4fb8e2990b,RK Metrostation Maashaven (Putselaan),51.897794241,4.495760713,10,4,9999
2026-03-18T11:11:24.364995,a20bbbae-bdae-11ed-b1e6-fa4fb8e2990b,RK Frankendaal,51.886951976,4.521294152,10,1,9999
2026-03-18T11:11:24.364995,bc839806-a5b1-11f0-ab44-baed9603afbb,Van het Hoffplein (Boerhavelaan),51.916219132,4.412005574,8,2,9999
2026-03-18T11:11:24.364995,f1df385c-f5b2-11ef-81b3-76e5c571f05f,HUB Admiraal de Ruyterstraat,51.906742474,4.38554997,8,1,9999
2026-03-18T11:11:24.364995,4247dd56-1c9f-11ee-8219-8ed3b2364c4f,BH Metro Coolhaven,51.909218289,4.458167882,10,8,9999
2026-03-18T11:11:24.364995,65af1c24-06f4-11ef-b58d-569a23b994be,BH Meerum Terwogtlaan,51.951763386,4.524587387,10,3,9999
2026-03-18T12:00:32.326417,2c632780-a8de-11ef-8778-d2279db84567,BH Schuttevaerweg,51.922420472,4.434869706,10,3,9999
2026-03-18T12:00:32.326417,a3c07f10-a5b5-11f0-b05b-baed9603afbb,HUB Hoofdbrug,51.908705902,4.406131267,8,2,9999
2026-03-18T12:00:32.326417,b9bfe680-fbc4-11ee-b58d-569a23b994be,Trompenburg 2,51.917638379,4.518889893,10,1,9
2026-03-18T12:00:32.326417,3c659862-a8dd-11ef-8778-d2279db84567,BH Mayflowerstraat,51.905015647,4.440161906,10,9,9999
2026-03-18T12:00:32.326417,e0a4baca-a748-11ef-8778-d2279db84567,BH Mariniersweg,51.920853425,4.490979502,10,6,9999
2026-03-18T12:00:32.326417,c35c448e-06fc-11ef-b58d-569a23b994be,BH Jacob van Campenweg ,51.942434165,4.537976212,7,3,9999
2026-03-18T12:00:32.326417,438486f4-a5b6-11f0-a150-baed9603afbb,HUB Koemarkt ingang garage,51.914517902,4.401917461,6,4,9999
2026-03-18T12:00:32.326417,365f4a3e-a5b3-11f0-ab44-baed9603afbb,Rubensplein,51.911712719,4.383665134,6,0,9999
2026-03-18T12:00:32.326417,a85b996e-fe23-11ee-b58d-569a23b994be,BH Dirk van der Kooijweg (Waterleliesingel),51.953796964,4.52009166,10,2,9999
2026-03-18T12:00:32.326417,19e2de56-b5d8-11ee-9ae6-5263e3f30f1e,BH STC Waalhaven,51.878297275,4.448759787,10,1,9999
2026-03-18T12:00:32.326417,c6c213ee-ed18-11ef-9957-f683e5eb607c,BH Langenhorst (Binkhorst),51.877310029,4.494737503,10,2,9999
2026-03-18T12:00:32.326417,3366f8b0-a8dc-11ef-8778-d2279db84567,BH Vierhavenstraat (WoonEnzo),51.907777562,4.438830385,4,7,9999
2026-03-18T12:00:32.326417,04a89aea-a5b3-11f0-ab44-baed9603afbb,Groenelaan Hagastraat (Winkelcentrum),51.907303396,4.402285408,4,2,9999
2026-03-18T12:00:32.326417,32638aa6-a5b5-11f0-9f09-baed9603afbb,HUB Laan van Bol'es,51.928443203,4.370771711,10,3,9999
2026-03-18T12:00:32.326417,291c2f72-a749-11ef-8778-d2279db84567,BH Westzeedijk,51.909321622,4.471436479,10,3,9999
2026-03-18T12:00:32.326417,abd627be-67bb-11f0-91de-5eaa9feacc9b,BH Schiekade (Heer Bokelweg),51.927133058,4.476309832,10,0,9999
2026-03-18T12:00:32.326417,8948d5a4-b094-11ef-b6d3-56d88772ab1a,BH Duivenpad,51.964922912,4.498254116,8,4,9999
2026-03-18T12:00:32.326417,227e8c1e-be97-11ee-9ae6-5263e3f30f1e,HUB Metrostation Troelstralaan,51.915742295,4.384972326,10,0,9999
2026-03-18T12:00:32.326417,0af509a8-06f7-11ef-b58d-569a23b994be,BH Beethovensingel,51.96114919,4.505141448,10,4,9999
2026-03-18T12:00:32.326417,dc06f296-1768-11ef-8071-42f0fecaeb6a,BH Prins Alexanderlaan (Oosterflank),51.946646256,4.553811478,12,1,9999
2026-03-18T12:00:32.326417,221af3ce-7fe1-11ee-bb01-c602c1905375,BH Metro Prinsenlaan,51.940647564,4.556931306,10,2,9999
2026-03-18T12:00:32.326417,a793d6ba-edc8-11ee-a9f0-82366b51b915,BH Infirmeriestraat,51.922255603,4.502265891,10,7,9999
2026-03-18T12:00:32.326417,0359e1a2-bdb3-11ed-b1e6-fa4fb8e2990b,RK Rosestraat 11C,51.902954022,4.511377745,10,13,9999
2026-03-18T12:00:32.326417,87f07e20-9e78-11ee-a91e-ee69b7c7763e,BH Marconistraat (Lee Towers),51.912441021,4.430411189,14,4,9999
2026-03-18T12:00:32.326417,f539bd6e-06f8-11ef-b58d-569a23b994be,BH Meijersplein,51.955657978,4.463033845,8,4,9999
2026-03-18T12:00:32.326417,70f0801a-8071-11ed-b1e6-fa4fb8e2990b,RK treinstation Lombardijen,51.88057913,4.531905572,30,1,9999
2026-03-18T12:00:32.326417,43752ffc-a8db-11ef-8778-d2279db84567,BH Pieter de Hoochweg,51.906316301,4.459985731,6,9,9999
2026-03-18T12:00:32.326417,b35ddad8-ab08-11ef-8778-d2279db84567,HUB Rotterdamsedijk 272,51.914957692,4.40343084,8,1,9999
2026-03-18T12:00:32.326417,9b1fa0f6-ae3c-11ee-a91e-ee69b7c7763e,BH Winkelhart Plein 1953,51.874842065,4.467889739,10,0,9999
2026-03-18T12:00:32.326417,8bd90878-0884-11f0-9a47-66143dd92f22,RK Molenvliet,51.882626536,4.521159806,10,2,9999
2026-03-18T12:00:32.326417,45450b66-a5b2-11f0-ab44-baed9603afbb,Maasdijk (Gustoweg),51.906629018,4.412009895,6,1,9999
2026-03-18T12:00:32.326417,4de2effe-f068-11ef-ba40-0ea3ed1ae564,HUB Hof van Spaland - Vlaardingseweg,51.935841728,4.376077923,4,0,9999
2026-03-18T12:00:32.326417,d38c6468-06fe-11ef-b58d-569a23b994be,BH Kleine Beer,51.950902127,4.555051083,6,0,9999
2026-03-18T12:00:32.326417,e552904e-182b-11ef-a8d1-42f0fecaeb6a,BH Metrostation Hesseplaats,51.963345229,4.554510684,10,2,9999
2026-03-18T12:00:32.326417,1826196c-b162-11ef-bdcd-5adc5d29ed54,BH Bentincklaan (Diergaarde Blijdorp),51.92572504,4.454794024,10,8,9999
2026-03-18T12:00:32.326417,8a1e5ed0-1c9e-11ee-8219-8ed3b2364c4f,BH Sparta stadion,51.920151368,4.434428835,20,15,9999
2026-03-18T12:00:32.326417,d3c9003c-b486-11ee-9ae6-5263e3f30f1e,BH Oostzeedijk Beneden,51.922514244,4.503092963,10,5,9999
2026-03-18T12:00:32.326417,552a82b8-b094-11ef-b6d3-56d88772ab1a,BH Hockeyclub Rotterdam,51.96869974,4.484731647,25,6,9999
2026-03-18T12:00:32.326417,cb3f6d1c-a746-11ef-8778-d2279db84567,BH Vasteland (AH),51.911537089,4.478368712,10,7,9999
2026-03-18T12:00:32.326417,d4a8557a-eabd-11ef-ac99-aa7241d1fb4f,HUB Admiraal Trompstraat (Huisman),51.908834504,4.381923039,8,0,9999
2026-03-18T12:00:32.326417,00e8b3de-9e82-11ee-a91e-ee69b7c7763e,BH Jacques Dutilhweg,51.927993284,4.5475155,10,7,9999
2026-03-18T12:00:32.326417,d868fe52-36e5-11f0-ab1d-9ae3af3bf913,BH Sluisjesdijk,51.894714517,4.461900478,10,6,0
2026-03-18T12:00:32.326417,4338fed2-edbb-11ee-a9f0-82366b51b915,BH Oostzeedijk Beneden 2,51.921653595,4.507031037,10,8,9999
2026-03-18T12:00:32.326417,2c82bb9a-217b-11ee-8219-8ed3b2364c4f,Hub Weena,51.922738296,4.469181329,142,29,9999
2026-03-18T12:00:32.326417,96f5cbdc-06f6-11ef-b58d-569a23b994be,BH Argonautenweg,51.959086712,4.49354982,10,0,9999
2026-03-18T12:00:32.326417,2f51713e-32b7-11ee-8219-8ed3b2364c4f,Hub P+R Capelsebrug,51.920991793,4.559215491,18,3,9999
2026-03-18T12:00:32.326417,62b0255a-9e7a-11ee-a91e-ee69b7c7763e,BH Vierhavenstraat,51.910327597,4.434992993,16,6,9999
2026-03-18T12:00:32.326417,2b10524e-06f5-11ef-b58d-569a23b994be,BH Piet van der Polsingel,51.950618784,4.518612648,8,1,9999
2026-03-18T12:00:32.326417,47070056-06fa-11ef-b58d-569a23b994be,BH Metrostation Schenkel,51.931770435,4.56406792,12,3,9999
2026-03-18T12:00:32.326417,7a8c12ba-91ab-11ed-b1e6-fa4fb8e2990b,BH Metrostation Slinge,51.874526023,4.477872534,15,8,9999
2026-03-18T12:00:32.326417,026045c6-8530-11ee-bb01-c602c1905375,BH Winkelhart Katendrechtse Lagedijk,51.891184937,4.479440034,10,6,9999
2026-03-18T12:00:32.326417,9d9bb8ec-4bd1-11ee-bb01-c602c1905375,BH Marconiplein,51.913319277,4.432514448,10,3,9999
2026-03-18T12:00:32.326417,8330f3ca-a5b4-11f0-ab44-baed9603afbb,Fokkerstraat Plesmanstraat,51.929694009,4.399576614,4,0,9999
2026-03-18T12:00:32.326417,5b842034-5331-11f0-ab1d-9ae3af3bf913,BH Walenburgerweg,51.926698659,4.462629155,10,3,9999
2026-03-18T12:00:32.326417,a08059b6-b484-11ee-9ae6-5263e3f30f1e,BH Metrostation Gerdesiaweg,51.925444134,4.506155972,10,8,9999
2026-03-18T12:00:32.326417,2f718c84-8911-11ee-bb01-c602c1905375,BH Metro Dijkzigt - EMC,51.911789199,4.466334846,20,19,9999
2026-03-18T12:00:32.326417,f58e41fc-1c9f-11ee-8219-8ed3b2364c4f,BH Heemraadsplein,51.912322959,4.455058085,10,3,9999
2026-03-18T12:00:32.326417,79fdd038-34b8-11f0-ab1d-9ae3af3bf913,BH RTHA Airport,51.94924845,4.432611987,10,6,0
2026-03-18T12:00:32.326417,1c41897e-596e-11ef-bed6-aa139991deb4,HUB Metrostation Nieuwland / Bijdorpplein,51.922583819,4.38260008,10,1,9999
2026-03-18T12:00:32.326417,a57d027c-8912-11ee-bb01-c602c1905375,BH Delftse Poort,51.924408145,4.472816464,10,9,9999
2026-03-18T12:00:32.326417,6383849a-2038-11f0-ab1d-9ae3af3bf913,BH - Kralingsebos (Langepad),51.936318565,4.506197017,10,2,9999
2026-03-18T12:00:32.326417,e90e9332-06f5-11ef-b58d-569a23b994be,BH Burgemeester Le Fèvre de Montignylaan,51.957620055,4.501711782,10,0,9999
2026-03-18T12:00:32.326417,5cb3ffde-bdaf-11ed-b1e6-fa4fb8e2990b,RK Stadionlaan,51.892328813,4.530682857,10,5,9999
2026-03-18T12:00:32.326417,02bed1f8-8392-11ee-bb01-c602c1905375,BH Station Alexander,51.951735827,4.551049232,10,1,9999
2026-03-18T12:00:32.326417,08d5cf66-8ab2-11ee-bb01-c602c1905375,BH Winkelhart Asterlo,51.873536387,4.483591736,10,0,9999
2026-03-18T12:00:32.326417,0e51e024-c757-11ee-9ae6-5263e3f30f1e,BH Metrostation Binnenhof,51.960437867,4.535372966,10,2,9999
2026-03-18T12:00:32.326417,409f87f6-890f-11ee-bb01-c602c1905375,BH Metro Beurs,51.917806013,4.480107053,8,1,9999
2026-03-18T12:00:32.326417,d6a7cd26-4d08-11f0-ab1d-9ae3af3bf913,BH - Oudehoofdplein-Haringvliet,51.918979475,4.49384405,10,7,9999
2026-03-18T12:00:32.326417,f0ad9b92-1767-11ef-8071-42f0fecaeb6a,BH Prinsenlaan,51.937206457,4.536127586,10,0,9999
2026-03-18T12:00:32.326417,f06fd44c-2035-11f0-ab1d-9ae3af3bf913,BH Boezemlaan,51.938982631,4.495864471,10,11,9999
2026-03-18T12:00:32.326417,8d91a90c-9e83-11ee-a91e-ee69b7c7763e,BH Kraaierstraat,51.91909698,4.418192898,8,4,9999
2026-03-18T12:00:32.326417,a2671a36-bdad-11ed-b1e6-fa4fb8e2990b,RK Dwarsdijk,51.893055987,4.539201504,10,7,9999
2026-03-18T12:00:32.326417,376a5cda-06f8-11ef-b58d-569a23b994be,BH Ganzerikplein,51.958953276,4.471584016,10,5,9999
2026-03-18T12:00:32.326417,5cdd9872-b096-11ef-b6d3-56d88772ab1a,BH Wilgenplaslaan/ Meidoornsingel,51.953868042,4.468211582,7,5,9999
2026-03-18T12:00:32.326417,952a3e78-a8db-11ef-8778-d2279db84567,BH Lloydstraat,51.902214281,4.461287644,10,7,9999
2026-03-18T12:00:32.326417,a6fa0910-8067-11ed-b1e6-fa4fb8e2990b,BH Stadion Fey (Bert Heesakkerstr.),51.896805818,4.521735582,50,0,9999
2026-03-18T12:00:32.326417,a1337d02-e018-11ed-a249-96cdaf8f7240,BH Sint Franciscus,51.942171146,4.460534407,25,8,9999
2026-03-18T12:00:32.326417,d3cea108-8285-11f0-ab44-baed9603afbb,BH - Ratelaarweg,51.967431611,4.463349689,10,0,9999
2026-03-18T12:00:32.326417,3bef7002-bdb5-11ed-b1e6-fa4fb8e2990b,RK Breeweg,51.890630632,4.514261169,10,2,9999
2026-03-18T12:00:32.326417,8c90734c-45bb-11ee-8219-8ed3b2364c4f,BH Coen Moulijnweg,51.893813253,4.526876329,42,6,9999
2026-03-18T12:00:32.326417,1b098490-2037-11f0-ab1d-9ae3af3bf913,BH Karmelweg,51.933461291,4.5029394,8,7,9999
2026-03-18T12:00:32.326417,23348a06-bdb1-11ed-b1e6-fa4fb8e2990b,RK Guido Gezelleweg,51.87434607,4.523238145,10,9,9999
2026-03-18T12:00:32.326417,66824038-37b2-11ef-a21a-8e54a72a50da,HUB Metrostation Parkweg / Zuidzijde,51.921443238,4.39475836,10,0,9
2026-03-18T12:00:32.326417,2c127298-ff25-11ef-a79f-a65a77daff90,BH Aert van Nesstraat,51.921141166,4.478916173,8,2,9999
2026-03-18T12:00:32.326417,cde445c6-a744-11ef-8778-d2279db84567,BH Groenendaal,51.921685178,4.492944049,6,8,9999
2026-03-18T12:00:32.326417,97c6a1c2-a8da-11ef-8778-d2279db84567,BH Henegouwerplein,51.921807589,4.460561523,10,3,9999
2026-03-18T12:00:32.326417,e68d5642-a5b5-11f0-b6c1-baed9603afbb,HUB NS Station Schiedam Centrum/ Professor Kamerlingh Onneslaan,51.92071744,4.408262487,12,3,9999
2026-03-18T12:00:32.326417,82623a40-bda3-11ed-b1e6-fa4fb8e2990b,RK Rosestraat,51.91100607,4.501308573,10,1,9999
2026-03-18T12:00:32.326417,b7353df6-b485-11ee-9ae6-5263e3f30f1e,BH Metrostation Kralingsezoom (Gravenweg),51.921751706,4.533850265,10,7,9999
2026-03-18T12:00:32.326417,6c34980a-bb92-11ef-a02d-6ea8ed91bd56,BH Gordelweg (Lidl),51.940472428,4.479798999,4,1,9999
2026-03-18T12:00:32.326417,5904bd1a-a5b5-11f0-b05b-baed9603afbb,HUB Hof van Spaland - Bachplein,51.934889388,4.374726808,8,3,9999
2026-03-18T12:00:32.326417,32ca5fd0-8126-11ed-b1e6-fa4fb8e2990b,RK Vuurplaat,51.906526668,4.505838102,10,2,9999
2026-03-18T12:00:32.326417,f94a1ff6-b095-11ef-b6d3-56d88772ab1a,BH Bm Le Fèvre de Montignylaan/ Jeroen Boschlaan,51.955641943,4.505982462,6,1,9999
2026-03-18T12:00:32.326417,4228b402-8537-11ee-bb01-c602c1905375,BH Tongelaarweg,51.895280064,4.563514996,10,0,9999
2026-03-18T12:00:32.326417,6f66a60c-36e5-11f0-ab1d-9ae3af3bf913,BH Lloydpier,51.904487669,4.460458303,8,4,2
2026-03-18T12:00:32.326417,7d81b63e-a5b5-11f0-b05b-baed9603afbb,HUB 's Gravelandseweg,51.932091958,4.401924037,6,2,9999
2026-03-18T12:00:32.326417,a3dbb322-8121-11ed-b1e6-fa4fb8e2990b,RK Metrostation Rijnhaven ,51.902216981,4.49610172,15,10,9999
2026-03-18T12:00:32.326417,cf23b50e-9ad0-11f0-ab44-baed9603afbb,BH Natuurhistorisch museum,51.911022288,4.472728259,12,2,9999
2026-03-18T12:00:32.326417,d55243f6-182b-11ef-a8d1-42f0fecaeb6a,BH Siciliëboulevard ,51.97996654,4.580859756,10,0,9999
2026-03-18T12:00:32.326417,e0f7ef36-a5b4-11f0-ab44-baed9603afbb,Havenstraat einde (digitale testhub),51.900396883,4.398614319,12,0,9999
2026-03-18T12:00:32.326417,05d1d708-eabd-11ef-88c2-aa7241d1fb4f,HUB De Thermen ,51.927426752,4.380236246,8,1,9999
2026-03-18T12:00:32.326417,b3381a7a-2036-11f0-ab1d-9ae3af3bf913,BH Oudedijk / de Nieuwe Plantage,51.929149075,4.505248613,8,5,9999
2026-03-18T12:00:32.326417,8b480576-eabc-11ee-a9f0-82366b51b915,BH Schiedamseweg Beneden,51.914135146,4.422297364,5,6,9999
2026-03-18T12:00:32.326417,89a2f1d2-a5b3-11f0-ab44-baed9603afbb,Metrostation Vijfsluizen,51.908108215,4.37254105,8,1,9999
2026-03-18T12:00:32.326417,e50f3d1e-f069-11ef-9ed7-0ea3ed1ae564,HUB Oranjestraat - Lange Nieuwstraat,51.913368472,4.40030457,5,1,9999
2026-03-18T12:00:32.326417,4c1b19a4-d0a1-11ee-8b0e-065810cc8d78,BH Elandstraat,51.910800072,4.553878993,10,7,9999
2026-03-18T12:00:32.326417,bbbba24e-806e-11ed-b1e6-fa4fb8e2990b,RK P+R Noorderhelling,51.894761016,4.532122707,15,1,9999
2026-03-18T12:00:32.326417,3ac0b682-8129-11ed-b1e6-fa4fb8e2990b,RK Cor Kieboomplein,51.896922039,4.523502821,15,2,9999
2026-03-18T12:00:32.326417,5a3ffbf4-37b1-11ef-a21a-8e54a72a50da,HUB Metrostation Nieuwland / Van Limburg Stirumstraat,51.922446663,4.38308784,6,0,2
2026-03-18T12:00:32.326417,5d8d12a2-a5b4-11f0-ab44-baed9603afbb,Van Heekstraat,51.931167557,4.406024405,4,0,9999
2026-03-18T12:00:32.326417,f251d6e8-0b82-11ef-b58d-569a23b994be,BH Metrostation Graskruid ,51.956473743,4.550010233,8,2,9999
2026-03-18T12:00:32.326417,a4d2ea7c-b2f0-11ef-aa57-62870c7808bb,BH 2e Hogenbanweg,51.936951327,4.427707182,8,1,9999
2026-03-18T12:00:32.326417,75ba0d1a-2037-11f0-ab1d-9ae3af3bf913,BH Stadhoudersweg,51.931417737,4.461484988,10,4,9999
2026-03-18T12:00:32.326417,bc6b0d7e-a745-11ef-8778-d2279db84567,BH Goudsewagenstraat,51.923224462,4.493552746,8,8,9999
2026-03-18T12:00:32.326417,0f37eafc-8912-11ee-bb01-c602c1905375,BH Metro Oostplein,51.922677789,4.497608825,10,17,9999
2026-03-18T12:00:32.326417,aed7c2fa-8123-11ed-b1e6-fa4fb8e2990b,RK Groene Hilledijk/Beijerlandselaan,51.893806789,4.509452258,10,1,9999
2026-03-18T12:00:32.326417,c76f0318-bb92-11ef-a02d-6ea8ed91bd56,BH NS Centraal Station (Stationssingel),51.925399994,4.466148375,10,11,9999
2026-03-18T12:00:32.326417,361a368c-a5b4-11f0-ab44-baed9603afbb,Sportpark Haga (Epke Zonderlandstraat),51.921919868,4.370918199,8,1,9999
2026-03-18T12:00:32.326417,f4c0fe5e-02d6-11ef-b58d-569a23b994be,BH Paulus Potterstraat,51.9228414,4.508497696,10,7,9999
2026-03-18T12:00:32.326417,48cbf66e-9f15-11ee-a91e-ee69b7c7763e,BH Franselaan,51.917379138,4.420463507,10,10,9999
2026-03-18T12:00:32.326417,e9735b4e-7da7-11f0-ab44-baed9603afbb,BH Veldkersweg,51.966835673,4.46657292,8,3,9999
2026-03-18T12:00:32.326417,4b1ac684-bb93-11ef-a02d-6ea8ed91bd56,BH Noorderkanaalweg,51.940525593,4.472984586,9,5,9999
2026-03-18T12:00:32.326417,033a9392-3700-11f0-ab1d-9ae3af3bf913,BH Herman Bavinckstraat,51.915067882,4.521446921,10,1,9999
2026-03-18T12:00:32.326417,ffe8c3e8-a8da-11ef-8778-d2279db84567,BH Mathenesserplein,51.917836602,4.44508891,8,10,9999
2026-03-18T12:00:32.326417,e377069a-ff63-11ef-a79f-a65a77daff90,BH Kralingsebos Bosdreef/Pr. Beatrixlaan,51.93789612,4.501689644,8,6,9999
2026-03-18T12:00:32.326417,7af95f9c-a747-11ef-8778-d2279db84567,BH Kruisplein,51.92228569,4.47138789,6,5,9999
2026-03-18T12:00:32.326417,4c50cb7a-bdb6-11ed-b1e6-fa4fb8e2990b,RK Olympiaweg,51.886462746,4.529133302,10,3,9999
2026-03-18T12:00:32.326417,a694ef4e-36e5-11f0-ab1d-9ae3af3bf913,BH Neushoornstraat,51.913041554,4.553743002,6,0,1
2026-03-18T12:00:32.326417,be56ca62-8120-11ed-b1e6-fa4fb8e2990b,RK P+R Beverwaard,51.885771514,4.568986239,10,1,9999
2026-03-18T12:00:32.326417,d5af3bc4-806a-11ed-b1e6-fa4fb8e2990b,BH Kievitslaan,51.907226862,4.473300159,17,9,9999
2026-03-18T12:00:32.326417,dd006abc-a5b3-11f0-ab44-baed9603afbb,Havenstraat,51.903204365,4.398004897,8,0,9999
2026-03-18T12:00:32.326417,6f09af84-eabe-11ee-a9f0-82366b51b915,BH Delftseplein ,51.925206514,4.474011701,14,9,9999
2026-03-18T12:00:32.326417,1cfb89ec-806b-11ed-b1e6-fa4fb8e2990b,BH Westplein,51.908912961,4.478583441,10,18,9999
2026-03-18T12:00:32.326417,12fc10a4-bb94-11ef-a02d-6ea8ed91bd56,BH Noordplein,51.930251975,4.483699175,10,3,9999
2026-03-18T12:00:32.326417,276e8d26-bda0-11ed-b1e6-fa4fb8e2990b,RK Strevelsweg,51.889634937,4.495943368,15,2,9999
2026-03-18T12:00:32.326417,9e066470-2038-11f0-ab1d-9ae3af3bf913,BH Kralinger Esch,51.911179823,4.524762065,9,14,9999
2026-03-18T12:00:32.326417,9b1f0aaa-8125-11ed-b1e6-fa4fb8e2990b,RK Slaghekstraat - Beijerlandselaan,51.897574833,4.511261604,10,0,9999
2026-03-18T12:00:32.326417,b8c81048-2037-11f0-ab1d-9ae3af3bf913,BH Van Maanenstraat,51.932279316,4.464280453,6,5,9999
2026-03-18T12:00:32.326417,1f4ff66c-bdb8-11ed-b1e6-fa4fb8e2990b,RK Van der Takstraat ,51.914243737,4.496045621,10,8,9999
2026-03-18T12:00:32.326417,3b523cee-5c94-11f0-ab1d-9ae3af3bf913,BH - Wilhelminapier,51.90698281,4.489727426,14,15,9999
2026-03-18T12:00:32.326417,e8d292d2-039a-11ef-b58d-569a23b994be,BH Mia van Yperenplein ,51.928414546,4.545678043,10,5,9999
2026-03-18T12:00:32.326417,12daf18a-8068-11ed-b1e6-fa4fb8e2990b,BH Treinst. Lombardijen (Aesopusplaats),51.880478018,4.530040287,10,1,9999
2026-03-18T12:00:32.326417,558e4a5a-eaba-11ee-a9f0-82366b51b915,BH Blijdorplaan ,51.927389289,4.440437692,22,17,9999
2026-03-18T12:00:32.326417,5a8de282-36ee-11f0-ab1d-9ae3af3bf913,BH van Blommesteynweg,51.888148155,4.460842726,10,1,9999
2026-03-18T12:00:32.326417,078569ee-a5b5-11f0-ab44-baed9603afbb,Nieuwe Waterwegstraat (digitale testhub),51.900682979,4.390873601,12,0,9999
2026-03-18T12:00:32.326417,8e5dd27e-06fd-11ef-b58d-569a23b994be,BH Prins Alexanderplein,51.951040272,4.553684972,14,0,9999
2026-03-18T12:00:32.326417,a6843864-fbc4-11ee-b58d-569a23b994be,Trompenburg 1,51.917696349,4.517981647,10,11,0
2026-03-18T12:00:32.326417,5b583480-a8da-11ef-8778-d2279db84567,BH Duyststraat,51.910073429,4.452225738,8,4,9999
2026-03-18T12:00:32.326417,2510e9ba-a5b6-11f0-847a-baed9603afbb,Hub Kloosterplaats,51.91675013,4.402112308,6,1,9999
2026-03-18T12:00:32.326417,880e3e72-a8dd-11ef-8778-d2279db84567,BH Spaansebocht,51.917413667,4.430014126,9,1,9999
2026-03-18T12:00:32.326417,b5b3324a-edb9-11ee-a9f0-82366b51b915,BH Siondwarsstraat,51.925261494,4.51053174,10,0,9999
2026-03-18T12:00:32.326417,94b01d94-edc6-11ee-a9f0-82366b51b915,BH Schuttersveld,51.933248028,4.490978921,10,6,9999
2026-03-18T12:00:32.326417,69b33170-edbd-11ee-a9f0-82366b51b915,BH Metro Oostplein 2,51.923145722,4.496820843,10,6,9999
2026-03-18T12:00:32.326417,67d6af9a-f068-11ef-ba40-0ea3ed1ae564,HUB Hof van Spaland - Schiedamseweg,51.934898803,4.378145906,12,2,9999
2026-03-18T12:00:32.326417,4933dd54-9e7c-11ee-a91e-ee69b7c7763e,BH Willem Ruyslaan (Luzac College),51.925421889,4.508669446,10,5,9999
2026-03-18T12:00:32.326417,9f935b6c-b095-11ef-b6d3-56d88772ab1a,BH Bergpolderplein,51.945227242,4.474988047,8,0,9999
2026-03-18T12:00:32.326417,8a2d056c-bb93-11ef-a02d-6ea8ed91bd56,BH NS Station Noord (Bergweg),51.941530048,4.481339526,10,0,9
2026-03-18T12:00:32.326417,4d95ab34-8122-11ed-b1e6-fa4fb8e2990b,RK Metrostation Maashaven ,51.896573582,4.494245173,30,7,9999
2026-03-18T12:00:32.326417,3d015ff0-8394-11ee-bb01-c602c1905375,BH Metrostation Oosterflank,51.945209326,4.555045447,10,1,9999
2026-03-18T12:00:32.326417,defeb050-a747-11ef-8778-d2279db84567,BH Karel Doormanstraat,51.922789549,4.473609692,9,8,9999
2026-03-18T12:00:32.326417,b5dc5454-890f-11ee-bb01-c602c1905375,BH Schilderstraat,51.916377397,4.48142868,8,4,9999
2026-03-18T12:00:32.326417,2f12ae3e-806c-11ed-b1e6-fa4fb8e2990b,BH Winkelcentrum Keizerswaard-Herenw,51.886358391,4.549308056,15,4,9999
2026-03-18T12:00:32.326417,3b6d73a8-805d-11ed-b1e6-fa4fb8e2990b,BH Metrostation Melanchtonweg,51.94881199,4.465233746,10,1,9999
2026-03-18T12:00:32.326417,d5832958-891a-11ee-bb01-c602c1905375,BH Metro Zuidplein (nieuw),51.887180341,4.491554668,10,2,9999
2026-03-18T12:00:32.326417,a535094e-b162-11ef-bdcd-5adc5d29ed54,BH Eudokiaplein,51.932433484,4.47153255,9,3,9999
2026-03-18T12:00:32.326417,437f8dc8-bd9e-11ed-b1e6-fa4fb8e2990b,RK Hillevliet,51.89558515,4.506432514,10,1,9999
2026-03-18T12:00:32.326417,f10d8ab4-9997-11ee-a91e-ee69b7c7763e,BH Shell Hofplein,51.925705456,4.477781355,28,5,9999
2026-03-18T12:00:32.326417,94467720-8127-11ed-b1e6-fa4fb8e2990b,RK Persoonsdam,51.909309099,4.508017165,10,6,9999
2026-03-18T12:00:32.326417,9245444a-2023-11f0-ab1d-9ae3af3bf913,BH Witte de Withstraat,51.915906523,4.478080905,10,1,9999
2026-03-18T12:00:32.326417,49d59348-ff64-11ef-b515-a65a77daff90,BH Bergweg (Dirk van den Broek),51.93856254,4.479465675,6,1,9999
2026-03-18T12:00:32.326417,30fb96bc-8124-11ed-b1e6-fa4fb8e2990b,RK Beverwaardseweg/ Borgharensingel,51.898798338,4.564663375,10,2,9999
2026-03-18T12:00:32.326417,9a1fb404-8ab3-11ee-bb01-c602c1905375,BH Langenhorst ,51.874120882,4.494254863,10,5,9999
2026-03-18T12:00:32.326417,abe67bfa-b096-11ef-b6d3-56d88772ab1a,BH Wilgenplaslaan/ Donkersingel,51.951337599,4.47048253,10,7,9999
2026-03-18T12:00:32.326417,068b0f9c-a8dd-11ef-8778-d2279db84567,BH Vierhavenstraat (Sahan),51.908502395,4.437727106,4,1,9999
2026-03-18T12:00:32.326417,bc0e7e9c-a8da-11ef-8778-d2279db84567,BH Jan van Vuchtstraat,51.917045317,4.460830874,6,8,9999
2026-03-18T12:00:32.326417,8b721818-a5b2-11f0-ab44-baed9603afbb,Lekstraat,51.90446958,4.406985264,6,1,9999
2026-03-18T12:00:32.326417,ad212572-06f7-11ef-b58d-569a23b994be,BH Molenlaan/Grindweg,51.963224537,4.49571068,10,2,9999
2026-03-18T12:00:32.326417,f8828c3e-806d-11ed-b1e6-fa4fb8e2990b,RK Station Rdam Zuid,51.905545015,4.509568537,15,6,9999
2026-03-18T12:00:32.326417,5f71799e-806b-11ed-b1e6-fa4fb8e2990b,BH Willemsplein,51.911118908,4.481894771,17,4,9999
2026-03-18T12:00:32.326417,42824336-bd97-11ed-b1e6-fa4fb8e2990b,RK Groene Hilledijk,51.882726433,4.504266667,10,0,9999
2026-03-18T12:00:32.326417,db6932f4-182b-11ef-a8d1-42f0fecaeb6a,BH Metrostation Nesselande,51.978969273,4.586177782,10,0,9999
2026-03-18T12:00:32.326417,e26322b0-2025-11f0-ab1d-9ae3af3bf913,BH Brielselaan,51.896298935,4.489248091,4,2,9999
2026-03-18T12:00:32.326417,c862b7f2-06fb-11ef-b58d-569a23b994be,BH Prins Alexanderlaan (metrobaan zijde),51.952192324,4.551435621,10,1,9999
2026-03-18T12:00:32.326417,c53689c2-8124-11ed-b1e6-fa4fb8e2990b,RK Peellandstraat / Beesdestraat ,51.888535309,4.567291893,10,4,9999
2026-03-18T12:00:32.326417,8f5d35a0-1834-11ef-8071-42f0fecaeb6a,BH Jan Bijloostraat (Winkelcentrum Lage Land),51.941821995,4.546449269,9,4,9999
2026-03-18T12:00:32.326417,f8fcd3a4-983a-11ef-a85a-be896af2d3a5,BH Rhijnauwensingel,51.892161199,4.569620613,12,4,9999
2026-03-18T12:00:32.326417,118239d4-a5b2-11f0-ab44-baed9603afbb,Lorentzlaan (bushalte),51.917994492,4.415061192,4,3,9999
2026-03-18T12:00:32.326417,0c107276-bdb7-11ed-b1e6-fa4fb8e2990b,RK Sandelingenplein,51.889562128,4.506962326,10,1,9999
2026-03-18T12:00:32.326417,75b8bea6-81d8-11ed-b1e6-fa4fb8e2990b,RK Metrostation Maashaven (Putselaan),51.897794241,4.495760713,10,4,9999
2026-03-18T12:00:32.326417,a20bbbae-bdae-11ed-b1e6-fa4fb8e2990b,RK Frankendaal,51.886951976,4.521294152,10,1,9999
2026-03-18T12:00:32.326417,bc839806-a5b1-11f0-ab44-baed9603afbb,Van het Hoffplein (Boerhavelaan),51.916219132,4.412005574,8,2,9999
2026-03-18T12:00:32.326417,f1df385c-f5b2-11ef-81b3-76e5c571f05f,HUB Admiraal de Ruyterstraat,51.906742474,4.38554997,8,1,9999
2026-03-18T12:00:32.326417,4247dd56-1c9f-11ee-8219-8ed3b2364c4f,BH Metro Coolhaven,51.909218289,4.458167882,10,8,9999
2026-03-18T12:00:32.326417,65af1c24-06f4-11ef-b58d-569a23b994be,BH Meerum Terwogtlaan,51.951763386,4.524587387,10,4,9999
2026-03-18T13:49:10.455631,2c632780-a8de-11ef-8778-d2279db84567,BH Schuttevaerweg,51.922420472,4.434869706,10,3,9999
2026-03-18T13:49:10.455631,a3c07f10-a5b5-11f0-b05b-baed9603afbb,HUB Hoofdbrug,51.908705902,4.406131267,8,2,9999
2026-03-18T13:49:10.455631,b9bfe680-fbc4-11ee-b58d-569a23b994be,Trompenburg 2,51.917638379,4.518889893,10,1,9
2026-03-18T13:49:10.455631,3c659862-a8dd-11ef-8778-d2279db84567,BH Mayflowerstraat,51.905015647,4.440161906,10,9,9999
2026-03-18T13:49:10.455631,e0a4baca-a748-11ef-8778-d2279db84567,BH Mariniersweg,51.920853425,4.490979502,10,11,9999
2026-03-18T13:49:10.455631,c35c448e-06fc-11ef-b58d-569a23b994be,BH Jacob van Campenweg ,51.942434165,4.537976212,7,4,9999
2026-03-18T13:49:10.455631,438486f4-a5b6-11f0-a150-baed9603afbb,HUB Koemarkt ingang garage,51.914517902,4.401917461,6,4,9999
2026-03-18T13:49:10.455631,365f4a3e-a5b3-11f0-ab44-baed9603afbb,Rubensplein,51.911712719,4.383665134,6,0,9999
2026-03-18T13:49:10.455631,a85b996e-fe23-11ee-b58d-569a23b994be,BH Dirk van der Kooijweg (Waterleliesingel),51.953796964,4.52009166,10,1,9999
2026-03-18T13:49:10.455631,19e2de56-b5d8-11ee-9ae6-5263e3f30f1e,BH STC Waalhaven,51.878297275,4.448759787,10,1,9999
2026-03-18T13:49:10.455631,c6c213ee-ed18-11ef-9957-f683e5eb607c,BH Langenhorst (Binkhorst),51.877310029,4.494737503,10,2,9999
2026-03-18T13:49:10.455631,3366f8b0-a8dc-11ef-8778-d2279db84567,BH Vierhavenstraat (WoonEnzo),51.907777562,4.438830385,4,7,9999
2026-03-18T13:49:10.455631,04a89aea-a5b3-11f0-ab44-baed9603afbb,Groenelaan Hagastraat (Winkelcentrum),51.907303396,4.402285408,4,2,9999
2026-03-18T13:49:10.455631,32638aa6-a5b5-11f0-9f09-baed9603afbb,HUB Laan van Bol'es,51.928443203,4.370771711,10,2,9999
2026-03-18T13:49:10.455631,291c2f72-a749-11ef-8778-d2279db84567,BH Westzeedijk,51.909321622,4.471436479,10,5,9999
2026-03-18T13:49:10.455631,abd627be-67bb-11f0-91de-5eaa9feacc9b,BH Schiekade (Heer Bokelweg),51.927133058,4.476309832,10,0,9999
2026-03-18T13:49:10.455631,8948d5a4-b094-11ef-b6d3-56d88772ab1a,BH Duivenpad,51.964922912,4.498254116,8,4,9999
2026-03-18T13:49:10.455631,227e8c1e-be97-11ee-9ae6-5263e3f30f1e,HUB Metrostation Troelstralaan,51.915742295,4.384972326,10,2,9999
2026-03-18T13:49:10.455631,0af509a8-06f7-11ef-b58d-569a23b994be,BH Beethovensingel,51.96114919,4.505141448,10,4,9999
2026-03-18T13:49:10.455631,dc06f296-1768-11ef-8071-42f0fecaeb6a,BH Prins Alexanderlaan (Oosterflank),51.946646256,4.553811478,12,1,9999
2026-03-18T13:49:10.455631,221af3ce-7fe1-11ee-bb01-c602c1905375,BH Metro Prinsenlaan,51.940647564,4.556931306,10,1,9999
2026-03-18T13:49:10.455631,a793d6ba-edc8-11ee-a9f0-82366b51b915,BH Infirmeriestraat,51.922255603,4.502265891,10,7,9999
2026-03-18T13:49:10.455631,0359e1a2-bdb3-11ed-b1e6-fa4fb8e2990b,RK Rosestraat 11C,51.902954022,4.511377745,10,12,9999
2026-03-18T13:49:10.455631,87f07e20-9e78-11ee-a91e-ee69b7c7763e,BH Marconistraat (Lee Towers),51.912441021,4.430411189,14,4,9999
2026-03-18T13:49:10.455631,f539bd6e-06f8-11ef-b58d-569a23b994be,BH Meijersplein,51.955657978,4.463033845,8,5,9999
2026-03-18T13:49:10.455631,70f0801a-8071-11ed-b1e6-fa4fb8e2990b,RK treinstation Lombardijen,51.88057913,4.531905572,30,3,9999
2026-03-18T13:49:10.455631,43752ffc-a8db-11ef-8778-d2279db84567,BH Pieter de Hoochweg,51.906316301,4.459985731,6,7,9999
2026-03-18T13:49:10.455631,b35ddad8-ab08-11ef-8778-d2279db84567,HUB Rotterdamsedijk 272,51.914957692,4.40343084,8,1,9999
2026-03-18T13:49:10.455631,9b1fa0f6-ae3c-11ee-a91e-ee69b7c7763e,BH Winkelhart Plein 1953,51.874842065,4.467889739,10,1,9999
2026-03-18T13:49:10.455631,8bd90878-0884-11f0-9a47-66143dd92f22,RK Molenvliet,51.882626536,4.521159806,10,3,9999
2026-03-18T13:49:10.455631,45450b66-a5b2-11f0-ab44-baed9603afbb,Maasdijk (Gustoweg),51.906629018,4.412009895,6,1,9999
2026-03-18T13:49:10.455631,4de2effe-f068-11ef-ba40-0ea3ed1ae564,HUB Hof van Spaland - Vlaardingseweg,51.935841728,4.376077923,4,0,9999
2026-03-18T13:49:10.455631,d38c6468-06fe-11ef-b58d-569a23b994be,BH Kleine Beer,51.950902127,4.555051083,6,0,9999
2026-03-18T13:49:10.455631,e552904e-182b-11ef-a8d1-42f0fecaeb6a,BH Metrostation Hesseplaats,51.963345229,4.554510684,10,3,9999
2026-03-18T13:49:10.455631,1826196c-b162-11ef-bdcd-5adc5d29ed54,BH Bentincklaan (Diergaarde Blijdorp),51.92572504,4.454794024,10,10,9999
2026-03-18T13:49:10.455631,8a1e5ed0-1c9e-11ee-8219-8ed3b2364c4f,BH Sparta stadion,51.920151368,4.434428835,20,17,9999
2026-03-18T13:49:10.455631,d3c9003c-b486-11ee-9ae6-5263e3f30f1e,BH Oostzeedijk Beneden,51.922514244,4.503092963,10,9,9999
2026-03-18T13:49:10.455631,552a82b8-b094-11ef-b6d3-56d88772ab1a,BH Hockeyclub Rotterdam,51.96869974,4.484731647,25,6,9999
2026-03-18T13:49:10.455631,cb3f6d1c-a746-11ef-8778-d2279db84567,BH Vasteland (AH),51.911537089,4.478368712,10,12,9999
2026-03-18T13:49:10.455631,d4a8557a-eabd-11ef-ac99-aa7241d1fb4f,HUB Admiraal Trompstraat (Huisman),51.908834504,4.381923039,8,0,9999
2026-03-18T13:49:10.455631,00e8b3de-9e82-11ee-a91e-ee69b7c7763e,BH Jacques Dutilhweg,51.927993284,4.5475155,10,7,9999
2026-03-18T13:49:10.455631,d868fe52-36e5-11f0-ab1d-9ae3af3bf913,BH Sluisjesdijk,51.894714517,4.461900478,10,5,0
2026-03-18T13:49:10.455631,4338fed2-edbb-11ee-a9f0-82366b51b915,BH Oostzeedijk Beneden 2,51.921653595,4.507031037,10,7,9999
2026-03-18T13:49:10.455631,2c82bb9a-217b-11ee-8219-8ed3b2364c4f,Hub Weena,51.922738296,4.469181329,142,23,9999
2026-03-18T13:49:10.455631,96f5cbdc-06f6-11ef-b58d-569a23b994be,BH Argonautenweg,51.959086712,4.49354982,10,0,9999
2026-03-18T13:49:10.455631,2f51713e-32b7-11ee-8219-8ed3b2364c4f,Hub P+R Capelsebrug,51.920991793,4.559215491,18,4,9999
2026-03-18T13:49:10.455631,62b0255a-9e7a-11ee-a91e-ee69b7c7763e,BH Vierhavenstraat,51.910327597,4.434992993,16,4,9999
2026-03-18T13:49:10.455631,2b10524e-06f5-11ef-b58d-569a23b994be,BH Piet van der Polsingel,51.950618784,4.518612648,8,1,9999
2026-03-18T13:49:10.455631,47070056-06fa-11ef-b58d-569a23b994be,BH Metrostation Schenkel,51.931770435,4.56406792,12,4,9999
2026-03-18T13:49:10.455631,7a8c12ba-91ab-11ed-b1e6-fa4fb8e2990b,BH Metrostation Slinge,51.874526023,4.477872534,15,6,9999
2026-03-18T13:49:10.455631,026045c6-8530-11ee-bb01-c602c1905375,BH Winkelhart Katendrechtse Lagedijk,51.891184937,4.479440034,10,5,9999
2026-03-18T13:49:10.455631,9d9bb8ec-4bd1-11ee-bb01-c602c1905375,BH Marconiplein,51.913319277,4.432514448,10,20,9999
2026-03-18T13:49:10.455631,8330f3ca-a5b4-11f0-ab44-baed9603afbb,Fokkerstraat Plesmanstraat,51.929694009,4.399576614,4,0,9999
2026-03-18T13:49:10.455631,5b842034-5331-11f0-ab1d-9ae3af3bf913,BH Walenburgerweg,51.926698659,4.462629155,10,8,9999
2026-03-18T13:49:10.455631,a08059b6-b484-11ee-9ae6-5263e3f30f1e,BH Metrostation Gerdesiaweg,51.925444134,4.506155972,10,7,9999
2026-03-18T13:49:10.455631,2f718c84-8911-11ee-bb01-c602c1905375,BH Metro Dijkzigt - EMC,51.911789199,4.466334846,20,17,9999
2026-03-18T13:49:10.455631,f58e41fc-1c9f-11ee-8219-8ed3b2364c4f,BH Heemraadsplein,51.912322959,4.455058085,10,6,9999
2026-03-18T13:49:10.455631,79fdd038-34b8-11f0-ab1d-9ae3af3bf913,BH RTHA Airport,51.94924845,4.432611987,10,5,0
2026-03-18T13:49:10.455631,1c41897e-596e-11ef-bed6-aa139991deb4,HUB Metrostation Nieuwland / Bijdorpplein,51.922583819,4.38260008,10,1,9999
2026-03-18T13:49:10.455631,a57d027c-8912-11ee-bb01-c602c1905375,BH Delftse Poort,51.924408145,4.472816464,10,12,9999
2026-03-18T13:49:10.455631,6383849a-2038-11f0-ab1d-9ae3af3bf913,BH - Kralingsebos (Langepad),51.936318565,4.506197017,10,3,9999
2026-03-18T13:49:10.455631,e90e9332-06f5-11ef-b58d-569a23b994be,BH Burgemeester Le Fèvre de Montignylaan,51.957620055,4.501711782,10,0,9999
2026-03-18T13:49:10.455631,5cb3ffde-bdaf-11ed-b1e6-fa4fb8e2990b,RK Stadionlaan,51.892328813,4.530682857,10,4,9999
2026-03-18T13:49:10.455631,02bed1f8-8392-11ee-bb01-c602c1905375,BH Station Alexander,51.951735827,4.551049232,10,0,9999
2026-03-18T13:49:10.455631,08d5cf66-8ab2-11ee-bb01-c602c1905375,BH Winkelhart Asterlo,51.873536387,4.483591736,10,0,9999
2026-03-18T13:49:10.455631,0e51e024-c757-11ee-9ae6-5263e3f30f1e,BH Metrostation Binnenhof,51.960437867,4.535372966,10,2,9999
2026-03-18T13:49:10.455631,409f87f6-890f-11ee-bb01-c602c1905375,BH Metro Beurs,51.917806013,4.480107053,8,1,9999
2026-03-18T13:49:10.455631,d6a7cd26-4d08-11f0-ab1d-9ae3af3bf913,BH - Oudehoofdplein-Haringvliet,51.918979475,4.49384405,10,6,9999
2026-03-18T13:49:10.455631,f0ad9b92-1767-11ef-8071-42f0fecaeb6a,BH Prinsenlaan,51.937206457,4.536127586,10,0,9999
2026-03-18T13:49:10.455631,f06fd44c-2035-11f0-ab1d-9ae3af3bf913,BH Boezemlaan,51.938982631,4.495864471,10,10,9999
2026-03-18T13:49:10.455631,8d91a90c-9e83-11ee-a91e-ee69b7c7763e,BH Kraaierstraat,51.91909698,4.418192898,8,4,9999
2026-03-18T13:49:10.455631,a2671a36-bdad-11ed-b1e6-fa4fb8e2990b,RK Dwarsdijk,51.893055987,4.539201504,10,7,9999
2026-03-18T13:49:10.455631,376a5cda-06f8-11ef-b58d-569a23b994be,BH Ganzerikplein,51.958953276,4.471584016,10,4,9999
2026-03-18T13:49:10.455631,5cdd9872-b096-11ef-b6d3-56d88772ab1a,BH Wilgenplaslaan/ Meidoornsingel,51.953868042,4.468211582,7,5,9999
2026-03-18T13:49:10.455631,952a3e78-a8db-11ef-8778-d2279db84567,BH Lloydstraat,51.902214281,4.461287644,10,6,9999
2026-03-18T13:49:10.455631,a6fa0910-8067-11ed-b1e6-fa4fb8e2990b,BH Stadion Fey (Bert Heesakkerstr.),51.896805818,4.521735582,50,0,9999
2026-03-18T13:49:10.455631,a1337d02-e018-11ed-a249-96cdaf8f7240,BH Sint Franciscus,51.942171146,4.460534407,25,9,9999
2026-03-18T13:49:10.455631,d3cea108-8285-11f0-ab44-baed9603afbb,BH - Ratelaarweg,51.967431611,4.463349689,10,0,9999
2026-03-18T13:49:10.455631,3bef7002-bdb5-11ed-b1e6-fa4fb8e2990b,RK Breeweg,51.890630632,4.514261169,10,1,9999
2026-03-18T13:49:10.455631,8c90734c-45bb-11ee-8219-8ed3b2364c4f,BH Coen Moulijnweg,51.893813253,4.526876329,42,6,9999
2026-03-18T13:49:10.455631,1b098490-2037-11f0-ab1d-9ae3af3bf913,BH Karmelweg,51.933461291,4.5029394,8,7,9999
2026-03-18T13:49:10.455631,23348a06-bdb1-11ed-b1e6-fa4fb8e2990b,RK Guido Gezelleweg,51.87434607,4.523238145,10,9,9999
2026-03-18T13:49:10.455631,66824038-37b2-11ef-a21a-8e54a72a50da,HUB Metrostation Parkweg / Zuidzijde,51.921443238,4.39475836,10,1,8
2026-03-18T13:49:10.455631,2c127298-ff25-11ef-a79f-a65a77daff90,BH Aert van Nesstraat,51.921141166,4.478916173,8,3,9999
2026-03-18T13:49:10.455631,cde445c6-a744-11ef-8778-d2279db84567,BH Groenendaal,51.921685178,4.492944049,6,6,9999
2026-03-18T13:49:10.455631,97c6a1c2-a8da-11ef-8778-d2279db84567,BH Henegouwerplein,51.921807589,4.460561523,10,1,9999
2026-03-18T13:49:10.455631,e68d5642-a5b5-11f0-b6c1-baed9603afbb,HUB NS Station Schiedam Centrum/ Professor Kamerlingh Onneslaan,51.92071744,4.408262487,12,3,9999
2026-03-18T13:49:10.455631,82623a40-bda3-11ed-b1e6-fa4fb8e2990b,RK Rosestraat,51.91100607,4.501308573,10,0,9999
2026-03-18T13:49:10.455631,b7353df6-b485-11ee-9ae6-5263e3f30f1e,BH Metrostation Kralingsezoom (Gravenweg),51.921751706,4.533850265,10,5,9999
2026-03-18T13:49:10.455631,6c34980a-bb92-11ef-a02d-6ea8ed91bd56,BH Gordelweg (Lidl),51.940472428,4.479798999,4,0,9999
2026-03-18T13:49:10.455631,5904bd1a-a5b5-11f0-b05b-baed9603afbb,HUB Hof van Spaland - Bachplein,51.934889388,4.374726808,8,3,9999
2026-03-18T13:49:10.455631,32ca5fd0-8126-11ed-b1e6-fa4fb8e2990b,RK Vuurplaat,51.906526668,4.505838102,10,1,9999
2026-03-18T13:49:10.455631,f94a1ff6-b095-11ef-b6d3-56d88772ab1a,BH Bm Le Fèvre de Montignylaan/ Jeroen Boschlaan,51.955641943,4.505982462,6,2,9999
2026-03-18T13:49:10.455631,4228b402-8537-11ee-bb01-c602c1905375,BH Tongelaarweg,51.895280064,4.563514996,10,0,9999
2026-03-18T13:49:10.455631,6f66a60c-36e5-11f0-ab1d-9ae3af3bf913,BH Lloydpier,51.904487669,4.460458303,8,3,3
2026-03-18T13:49:10.455631,7d81b63e-a5b5-11f0-b05b-baed9603afbb,HUB 's Gravelandseweg,51.932091958,4.401924037,6,2,9999
2026-03-18T13:49:10.455631,a3dbb322-8121-11ed-b1e6-fa4fb8e2990b,RK Metrostation Rijnhaven ,51.902216981,4.49610172,15,11,9999
2026-03-18T13:49:10.455631,cf23b50e-9ad0-11f0-ab44-baed9603afbb,BH Natuurhistorisch museum,51.911022288,4.472728259,12,0,9999
2026-03-18T13:49:10.455631,d55243f6-182b-11ef-a8d1-42f0fecaeb6a,BH Siciliëboulevard ,51.97996654,4.580859756,10,0,9999
2026-03-18T13:49:10.455631,e0f7ef36-a5b4-11f0-ab44-baed9603afbb,Havenstraat einde (digitale testhub),51.900396883,4.398614319,12,0,9999
2026-03-18T13:49:10.455631,05d1d708-eabd-11ef-88c2-aa7241d1fb4f,HUB De Thermen ,51.927426752,4.380236246,8,0,9999
2026-03-18T13:49:10.455631,b3381a7a-2036-11f0-ab1d-9ae3af3bf913,BH Oudedijk / de Nieuwe Plantage,51.929149075,4.505248613,8,6,9999
2026-03-18T13:49:10.455631,8b480576-eabc-11ee-a9f0-82366b51b915,BH Schiedamseweg Beneden,51.914135146,4.422297364,5,12,9999
2026-03-18T13:49:10.455631,89a2f1d2-a5b3-11f0-ab44-baed9603afbb,Metrostation Vijfsluizen,51.908108215,4.37254105,8,1,9999
2026-03-18T13:49:10.455631,e50f3d1e-f069-11ef-9ed7-0ea3ed1ae564,HUB Oranjestraat - Lange Nieuwstraat,51.913368472,4.40030457,5,1,9999
2026-03-18T13:49:10.455631,4c1b19a4-d0a1-11ee-8b0e-065810cc8d78,BH Elandstraat,51.910800072,4.553878993,10,7,9999
2026-03-18T13:49:10.455631,bbbba24e-806e-11ed-b1e6-fa4fb8e2990b,RK P+R Noorderhelling,51.894761016,4.532122707,15,1,9999
2026-03-18T13:49:10.455631,3ac0b682-8129-11ed-b1e6-fa4fb8e2990b,RK Cor Kieboomplein,51.896922039,4.523502821,15,2,9999
2026-03-18T13:49:10.455631,5a3ffbf4-37b1-11ef-a21a-8e54a72a50da,HUB Metrostation Nieuwland / Van Limburg Stirumstraat,51.922446663,4.38308784,6,0,2
2026-03-18T13:49:10.455631,5d8d12a2-a5b4-11f0-ab44-baed9603afbb,Van Heekstraat,51.931167557,4.406024405,4,0,9999
2026-03-18T13:49:10.455631,f251d6e8-0b82-11ef-b58d-569a23b994be,BH Metrostation Graskruid ,51.956473743,4.550010233,8,2,9999
2026-03-18T13:49:10.455631,a4d2ea7c-b2f0-11ef-aa57-62870c7808bb,BH 2e Hogenbanweg,51.936951327,4.427707182,8,1,9999
2026-03-18T13:49:10.455631,75ba0d1a-2037-11f0-ab1d-9ae3af3bf913,BH Stadhoudersweg,51.931417737,4.461484988,10,7,9999
2026-03-18T13:49:10.455631,bc6b0d7e-a745-11ef-8778-d2279db84567,BH Goudsewagenstraat,51.923224462,4.493552746,8,7,9999
2026-03-18T13:49:10.455631,0f37eafc-8912-11ee-bb01-c602c1905375,BH Metro Oostplein,51.922677789,4.497608825,10,13,9999
2026-03-18T13:49:10.455631,aed7c2fa-8123-11ed-b1e6-fa4fb8e2990b,RK Groene Hilledijk/Beijerlandselaan,51.893806789,4.509452258,10,1,9999
2026-03-18T13:49:10.455631,c76f0318-bb92-11ef-a02d-6ea8ed91bd56,BH NS Centraal Station (Stationssingel),51.925399994,4.466148375,10,15,9999
2026-03-18T13:49:10.455631,361a368c-a5b4-11f0-ab44-baed9603afbb,Sportpark Haga (Epke Zonderlandstraat),51.921919868,4.370918199,8,1,9999
2026-03-18T13:49:10.455631,f4c0fe5e-02d6-11ef-b58d-569a23b994be,BH Paulus Potterstraat,51.9228414,4.508497696,10,8,9999
2026-03-18T13:49:10.455631,48cbf66e-9f15-11ee-a91e-ee69b7c7763e,BH Franselaan,51.917379138,4.420463507,10,7,9999
2026-03-18T13:49:10.455631,e9735b4e-7da7-11f0-ab44-baed9603afbb,BH Veldkersweg,51.966835673,4.46657292,8,3,9999
2026-03-18T13:49:10.455631,4b1ac684-bb93-11ef-a02d-6ea8ed91bd56,BH Noorderkanaalweg,51.940525593,4.472984586,9,5,9999
2026-03-18T13:49:10.455631,033a9392-3700-11f0-ab1d-9ae3af3bf913,BH Herman Bavinckstraat,51.915067882,4.521446921,10,7,9999
2026-03-18T13:49:10.455631,ffe8c3e8-a8da-11ef-8778-d2279db84567,BH Mathenesserplein,51.917836602,4.44508891,8,11,9999
2026-03-18T13:49:10.455631,e377069a-ff63-11ef-a79f-a65a77daff90,BH Kralingsebos Bosdreef/Pr. Beatrixlaan,51.93789612,4.501689644,8,7,9999
2026-03-18T13:49:10.455631,7af95f9c-a747-11ef-8778-d2279db84567,BH Kruisplein,51.92228569,4.47138789,6,8,9999
2026-03-18T13:49:10.455631,4c50cb7a-bdb6-11ed-b1e6-fa4fb8e2990b,RK Olympiaweg,51.886462746,4.529133302,10,3,9999
2026-03-18T13:49:10.455631,a694ef4e-36e5-11f0-ab1d-9ae3af3bf913,BH Neushoornstraat,51.913041554,4.553743002,6,0,1
2026-03-18T13:49:10.455631,be56ca62-8120-11ed-b1e6-fa4fb8e2990b,RK P+R Beverwaard,51.885771514,4.568986239,10,3,9999
2026-03-18T13:49:10.455631,d5af3bc4-806a-11ed-b1e6-fa4fb8e2990b,BH Kievitslaan,51.907226862,4.473300159,17,8,9999
2026-03-18T13:49:10.455631,dd006abc-a5b3-11f0-ab44-baed9603afbb,Havenstraat,51.903204365,4.398004897,8,1,9999
2026-03-18T13:49:10.455631,6f09af84-eabe-11ee-a9f0-82366b51b915,BH Delftseplein ,51.925206514,4.474011701,14,8,9999
2026-03-18T13:49:10.455631,1cfb89ec-806b-11ed-b1e6-fa4fb8e2990b,BH Westplein,51.908912961,4.478583441,10,12,9999
2026-03-18T13:49:10.455631,12fc10a4-bb94-11ef-a02d-6ea8ed91bd56,BH Noordplein,51.930251975,4.483699175,10,2,9999
2026-03-18T13:49:10.455631,276e8d26-bda0-11ed-b1e6-fa4fb8e2990b,RK Strevelsweg,51.889634937,4.495943368,15,1,9999
2026-03-18T13:49:10.455631,9e066470-2038-11f0-ab1d-9ae3af3bf913,BH Kralinger Esch,51.911179823,4.524762065,9,14,9999
2026-03-18T13:49:10.455631,9b1f0aaa-8125-11ed-b1e6-fa4fb8e2990b,RK Slaghekstraat - Beijerlandselaan,51.897574833,4.511261604,10,0,9999
2026-03-18T13:49:10.455631,b8c81048-2037-11f0-ab1d-9ae3af3bf913,BH Van Maanenstraat,51.932279316,4.464280453,6,3,9999
2026-03-18T13:49:10.455631,1f4ff66c-bdb8-11ed-b1e6-fa4fb8e2990b,RK Van der Takstraat ,51.914243737,4.496045621,10,4,9999
2026-03-18T13:49:10.455631,3b523cee-5c94-11f0-ab1d-9ae3af3bf913,BH - Wilhelminapier,51.90698281,4.489727426,14,8,9999
2026-03-18T13:49:10.455631,e8d292d2-039a-11ef-b58d-569a23b994be,BH Mia van Yperenplein ,51.928414546,4.545678043,10,4,9999
2026-03-18T13:49:10.455631,12daf18a-8068-11ed-b1e6-fa4fb8e2990b,BH Treinst. Lombardijen (Aesopusplaats),51.880478018,4.530040287,10,1,9999
2026-03-18T13:49:10.455631,558e4a5a-eaba-11ee-a9f0-82366b51b915,BH Blijdorplaan ,51.927389289,4.440437692,22,21,9999
2026-03-18T13:49:10.455631,5a8de282-36ee-11f0-ab1d-9ae3af3bf913,BH van Blommesteynweg,51.888148155,4.460842726,10,1,9999
2026-03-18T13:49:10.455631,078569ee-a5b5-11f0-ab44-baed9603afbb,Nieuwe Waterwegstraat (digitale testhub),51.900682979,4.390873601,12,0,9999
2026-03-18T13:49:10.455631,8e5dd27e-06fd-11ef-b58d-569a23b994be,BH Prins Alexanderplein,51.951040272,4.553684972,14,0,9999
2026-03-18T13:49:10.455631,a6843864-fbc4-11ee-b58d-569a23b994be,Trompenburg 1,51.917696349,4.517981647,10,12,0
2026-03-18T13:49:10.455631,5b583480-a8da-11ef-8778-d2279db84567,BH Duyststraat,51.910073429,4.452225738,8,3,9999
2026-03-18T13:49:10.455631,2510e9ba-a5b6-11f0-847a-baed9603afbb,Hub Kloosterplaats,51.91675013,4.402112308,6,2,9999
2026-03-18T13:49:10.455631,880e3e72-a8dd-11ef-8778-d2279db84567,BH Spaansebocht,51.917413667,4.430014126,9,1,9999
2026-03-18T13:49:10.455631,b5b3324a-edb9-11ee-a9f0-82366b51b915,BH Siondwarsstraat,51.925261494,4.51053174,10,0,9999
2026-03-18T13:49:10.455631,94b01d94-edc6-11ee-a9f0-82366b51b915,BH Schuttersveld,51.933248028,4.490978921,10,5,9999
2026-03-18T13:49:10.455631,69b33170-edbd-11ee-a9f0-82366b51b915,BH Metro Oostplein 2,51.923145722,4.496820843,10,5,9999
2026-03-18T13:49:10.455631,67d6af9a-f068-11ef-ba40-0ea3ed1ae564,HUB Hof van Spaland - Schiedamseweg,51.934898803,4.378145906,12,0,9999
2026-03-18T13:49:10.455631,4933dd54-9e7c-11ee-a91e-ee69b7c7763e,BH Willem Ruyslaan (Luzac College),51.925421889,4.508669446,10,2,9999
2026-03-18T13:49:10.455631,9f935b6c-b095-11ef-b6d3-56d88772ab1a,BH Bergpolderplein,51.945227242,4.474988047,8,0,9999
2026-03-18T13:49:10.455631,8a2d056c-bb93-11ef-a02d-6ea8ed91bd56,BH NS Station Noord (Bergweg),51.941530048,4.481339526,10,0,9
2026-03-18T13:49:10.455631,4d95ab34-8122-11ed-b1e6-fa4fb8e2990b,RK Metrostation Maashaven ,51.896573582,4.494245173,30,4,9999
2026-03-18T13:49:10.455631,3d015ff0-8394-11ee-bb01-c602c1905375,BH Metrostation Oosterflank,51.945209326,4.555045447,10,2,9999
2026-03-18T13:49:10.455631,defeb050-a747-11ef-8778-d2279db84567,BH Karel Doormanstraat,51.922789549,4.473609692,9,8,9999
2026-03-18T13:49:10.455631,b5dc5454-890f-11ee-bb01-c602c1905375,BH Schilderstraat,51.916377397,4.48142868,8,5,9999
2026-03-18T13:49:10.455631,2f12ae3e-806c-11ed-b1e6-fa4fb8e2990b,BH Winkelcentrum Keizerswaard-Herenw,51.886358391,4.549308056,15,4,9999
2026-03-18T13:49:10.455631,3b6d73a8-805d-11ed-b1e6-fa4fb8e2990b,BH Metrostation Melanchtonweg,51.94881199,4.465233746,10,2,9999
2026-03-18T13:49:10.455631,d5832958-891a-11ee-bb01-c602c1905375,BH Metro Zuidplein (nieuw),51.887180341,4.491554668,10,1,9999
2026-03-18T13:49:10.455631,a535094e-b162-11ef-bdcd-5adc5d29ed54,BH Eudokiaplein,51.932433484,4.47153255,9,4,9999
2026-03-18T13:49:10.455631,437f8dc8-bd9e-11ed-b1e6-fa4fb8e2990b,RK Hillevliet,51.89558515,4.506432514,10,1,9999
2026-03-18T13:49:10.455631,f10d8ab4-9997-11ee-a91e-ee69b7c7763e,BH Shell Hofplein,51.925705456,4.477781355,28,4,9999
2026-03-18T13:49:10.455631,94467720-8127-11ed-b1e6-fa4fb8e2990b,RK Persoonsdam,51.909309099,4.508017165,10,6,9999
2026-03-18T13:49:10.455631,9245444a-2023-11f0-ab1d-9ae3af3bf913,BH Witte de Withstraat,51.915906523,4.478080905,10,8,9999
2026-03-18T13:49:10.455631,49d59348-ff64-11ef-b515-a65a77daff90,BH Bergweg (Dirk van den Broek),51.93856254,4.479465675,6,1,9999
2026-03-18T13:49:10.455631,30fb96bc-8124-11ed-b1e6-fa4fb8e2990b,RK Beverwaardseweg/ Borgharensingel,51.898798338,4.564663375,10,2,9999
2026-03-18T13:49:10.455631,9a1fb404-8ab3-11ee-bb01-c602c1905375,BH Langenhorst ,51.874120882,4.494254863,10,6,9999
2026-03-18T13:49:10.455631,abe67bfa-b096-11ef-b6d3-56d88772ab1a,BH Wilgenplaslaan/ Donkersingel,51.951337599,4.47048253,10,7,9999
2026-03-18T13:49:10.455631,068b0f9c-a8dd-11ef-8778-d2279db84567,BH Vierhavenstraat (Sahan),51.908502395,4.437727106,4,1,9999
2026-03-18T13:49:10.455631,bc0e7e9c-a8da-11ef-8778-d2279db84567,BH Jan van Vuchtstraat,51.917045317,4.460830874,6,6,9999
2026-03-18T13:49:10.455631,8b721818-a5b2-11f0-ab44-baed9603afbb,Lekstraat,51.90446958,4.406985264,6,1,9999
2026-03-18T13:49:10.455631,ad212572-06f7-11ef-b58d-569a23b994be,BH Molenlaan/Grindweg,51.963224537,4.49571068,10,2,9999
2026-03-18T13:49:10.455631,f8828c3e-806d-11ed-b1e6-fa4fb8e2990b,RK Station Rdam Zuid,51.905545015,4.509568537,15,5,9999
2026-03-18T13:49:10.455631,5f71799e-806b-11ed-b1e6-fa4fb8e2990b,BH Willemsplein,51.911118908,4.481894771,17,8,9999
2026-03-18T13:49:10.455631,42824336-bd97-11ed-b1e6-fa4fb8e2990b,RK Groene Hilledijk,51.882726433,4.504266667,10,0,9999
2026-03-18T13:49:10.455631,db6932f4-182b-11ef-a8d1-42f0fecaeb6a,BH Metrostation Nesselande,51.978969273,4.586177782,10,0,9999
2026-03-18T13:49:10.455631,e26322b0-2025-11f0-ab1d-9ae3af3bf913,BH Brielselaan,51.896298935,4.489248091,4,3,9999
2026-03-18T13:49:10.455631,c862b7f2-06fb-11ef-b58d-569a23b994be,BH Prins Alexanderlaan (metrobaan zijde),51.952192324,4.551435621,10,1,9999
2026-03-18T13:49:10.455631,c53689c2-8124-11ed-b1e6-fa4fb8e2990b,RK Peellandstraat / Beesdestraat ,51.888535309,4.567291893,10,4,9999
2026-03-18T13:49:10.455631,8f5d35a0-1834-11ef-8071-42f0fecaeb6a,BH Jan Bijloostraat (Winkelcentrum Lage Land),51.941821995,4.546449269,9,4,9999
2026-03-18T13:49:10.455631,f8fcd3a4-983a-11ef-a85a-be896af2d3a5,BH Rhijnauwensingel,51.892161199,4.569620613,12,4,9999
2026-03-18T13:49:10.455631,118239d4-a5b2-11f0-ab44-baed9603afbb,Lorentzlaan (bushalte),51.917994492,4.415061192,4,7,9999
2026-03-18T13:49:10.455631,0c107276-bdb7-11ed-b1e6-fa4fb8e2990b,RK Sandelingenplein,51.889562128,4.506962326,10,1,9999
2026-03-18T13:49:10.455631,75b8bea6-81d8-11ed-b1e6-fa4fb8e2990b,RK Metrostation Maashaven (Putselaan),51.897794241,4.495760713,10,3,9999
2026-03-18T13:49:10.455631,a20bbbae-bdae-11ed-b1e6-fa4fb8e2990b,RK Frankendaal,51.886951976,4.521294152,10,1,9999
2026-03-18T13:49:10.455631,bc839806-a5b1-11f0-ab44-baed9603afbb,Van het Hoffplein (Boerhavelaan),51.916219132,4.412005574,8,2,9999
2026-03-18T13:49:10.455631,f1df385c-f5b2-11ef-81b3-76e5c571f05f,HUB Admiraal de Ruyterstraat,51.906742474,4.38554997,8,1,9999
2026-03-18T13:49:10.455631,4247dd56-1c9f-11ee-8219-8ed3b2364c4f,BH Metro Coolhaven,51.909218289,4.458167882,10,7,9999
2026-03-18T13:49:10.455631,65af1c24-06f4-11ef-b58d-569a23b994be,BH Meerum Terwogtlaan,51.951763386,4.524587387,10,4,9999
2026-03-18T14:55:07.947306,2c632780-a8de-11ef-8778-d2279db84567,BH Schuttevaerweg,51.922420472,4.434869706,10,3,9999
2026-03-18T14:55:07.947306,a3c07f10-a5b5-11f0-b05b-baed9603afbb,HUB Hoofdbrug,51.908705902,4.406131267,8,2,9999
2026-03-18T14:55:07.947306,b9bfe680-fbc4-11ee-b58d-569a23b994be,Trompenburg 2,51.917638379,4.518889893,10,1,9
2026-03-18T14:55:07.947306,3c659862-a8dd-11ef-8778-d2279db84567,BH Mayflowerstraat,51.905015647,4.440161906,10,9,9999
2026-03-18T14:55:07.947306,e0a4baca-a748-11ef-8778-d2279db84567,BH Mariniersweg,51.920853425,4.490979502,10,13,9999
2026-03-18T14:55:07.947306,c35c448e-06fc-11ef-b58d-569a23b994be,BH Jacob van Campenweg ,51.942434165,4.537976212,7,4,9999
2026-03-18T14:55:07.947306,438486f4-a5b6-11f0-a150-baed9603afbb,HUB Koemarkt ingang garage,51.914517902,4.401917461,6,3,9999
2026-03-18T14:55:07.947306,365f4a3e-a5b3-11f0-ab44-baed9603afbb,Rubensplein,51.911712719,4.383665134,6,0,9999
2026-03-18T14:55:07.947306,a85b996e-fe23-11ee-b58d-569a23b994be,BH Dirk van der Kooijweg (Waterleliesingel),51.953796964,4.52009166,10,1,9999
2026-03-18T14:55:07.947306,19e2de56-b5d8-11ee-9ae6-5263e3f30f1e,BH STC Waalhaven,51.878297275,4.448759787,10,1,9999
2026-03-18T14:55:07.947306,c6c213ee-ed18-11ef-9957-f683e5eb607c,BH Langenhorst (Binkhorst),51.877310029,4.494737503,10,2,9999
2026-03-18T14:55:07.947306,3366f8b0-a8dc-11ef-8778-d2279db84567,BH Vierhavenstraat (WoonEnzo),51.907777562,4.438830385,4,7,9999
2026-03-18T14:55:07.947306,04a89aea-a5b3-11f0-ab44-baed9603afbb,Groenelaan Hagastraat (Winkelcentrum),51.907303396,4.402285408,4,2,9999
2026-03-18T14:55:07.947306,32638aa6-a5b5-11f0-9f09-baed9603afbb,HUB Laan van Bol'es,51.928443203,4.370771711,10,2,9999
2026-03-18T14:55:07.947306,291c2f72-a749-11ef-8778-d2279db84567,BH Westzeedijk,51.909321622,4.471436479,10,12,9999
2026-03-18T14:55:07.947306,abd627be-67bb-11f0-91de-5eaa9feacc9b,BH Schiekade (Heer Bokelweg),51.927133058,4.476309832,10,0,9999
2026-03-18T14:55:07.947306,8948d5a4-b094-11ef-b6d3-56d88772ab1a,BH Duivenpad,51.964922912,4.498254116,8,4,9999
2026-03-18T14:55:07.947306,227e8c1e-be97-11ee-9ae6-5263e3f30f1e,HUB Metrostation Troelstralaan,51.915742295,4.384972326,10,2,9999
2026-03-18T14:55:07.947306,0af509a8-06f7-11ef-b58d-569a23b994be,BH Beethovensingel,51.96114919,4.505141448,10,6,9999
2026-03-18T14:55:07.947306,dc06f296-1768-11ef-8071-42f0fecaeb6a,BH Prins Alexanderlaan (Oosterflank),51.946646256,4.553811478,12,1,9999
2026-03-18T14:55:07.947306,221af3ce-7fe1-11ee-bb01-c602c1905375,BH Metro Prinsenlaan,51.940647564,4.556931306,10,1,9999
2026-03-18T14:55:07.947306,a793d6ba-edc8-11ee-a9f0-82366b51b915,BH Infirmeriestraat,51.922255603,4.502265891,10,4,9999
2026-03-18T14:55:07.947306,0359e1a2-bdb3-11ed-b1e6-fa4fb8e2990b,RK Rosestraat 11C,51.902954022,4.511377745,10,12,9999
2026-03-18T14:55:07.947306,87f07e20-9e78-11ee-a91e-ee69b7c7763e,BH Marconistraat (Lee Towers),51.912441021,4.430411189,14,4,9999
2026-03-18T14:55:07.947306,f539bd6e-06f8-11ef-b58d-569a23b994be,BH Meijersplein,51.955657978,4.463033845,8,5,9999
2026-03-18T14:55:07.947306,70f0801a-8071-11ed-b1e6-fa4fb8e2990b,RK treinstation Lombardijen,51.88057913,4.531905572,30,3,9999
2026-03-18T14:55:07.947306,43752ffc-a8db-11ef-8778-d2279db84567,BH Pieter de Hoochweg,51.906316301,4.459985731,6,7,9999
2026-03-18T14:55:07.947306,b35ddad8-ab08-11ef-8778-d2279db84567,HUB Rotterdamsedijk 272,51.914957692,4.40343084,8,1,9999
2026-03-18T14:55:07.947306,9b1fa0f6-ae3c-11ee-a91e-ee69b7c7763e,BH Winkelhart Plein 1953,51.874842065,4.467889739,10,3,9999
2026-03-18T14:55:07.947306,8bd90878-0884-11f0-9a47-66143dd92f22,RK Molenvliet,51.882626536,4.521159806,10,3,9999
2026-03-18T14:55:07.947306,45450b66-a5b2-11f0-ab44-baed9603afbb,Maasdijk (Gustoweg),51.906629018,4.412009895,6,1,9999
2026-03-18T14:55:07.947306,4de2effe-f068-11ef-ba40-0ea3ed1ae564,HUB Hof van Spaland - Vlaardingseweg,51.935841728,4.376077923,4,0,9999
2026-03-18T14:55:07.947306,d38c6468-06fe-11ef-b58d-569a23b994be,BH Kleine Beer,51.950902127,4.555051083,6,0,9999
2026-03-18T14:55:07.947306,e552904e-182b-11ef-a8d1-42f0fecaeb6a,BH Metrostation Hesseplaats,51.963345229,4.554510684,10,3,9999
2026-03-18T14:55:07.947306,1826196c-b162-11ef-bdcd-5adc5d29ed54,BH Bentincklaan (Diergaarde Blijdorp),51.92572504,4.454794024,10,8,9999
2026-03-18T14:55:07.947306,8a1e5ed0-1c9e-11ee-8219-8ed3b2364c4f,BH Sparta stadion,51.920151368,4.434428835,20,14,9999
2026-03-18T14:55:07.947306,d3c9003c-b486-11ee-9ae6-5263e3f30f1e,BH Oostzeedijk Beneden,51.922514244,4.503092963,10,10,9999
2026-03-18T14:55:07.947306,552a82b8-b094-11ef-b6d3-56d88772ab1a,BH Hockeyclub Rotterdam,51.96869974,4.484731647,25,6,9999
2026-03-18T14:55:07.947306,cb3f6d1c-a746-11ef-8778-d2279db84567,BH Vasteland (AH),51.911537089,4.478368712,10,12,9999
2026-03-18T14:55:07.947306,d4a8557a-eabd-11ef-ac99-aa7241d1fb4f,HUB Admiraal Trompstraat (Huisman),51.908834504,4.381923039,8,0,9999
2026-03-18T14:55:07.947306,00e8b3de-9e82-11ee-a91e-ee69b7c7763e,BH Jacques Dutilhweg,51.927993284,4.5475155,10,7,9999
2026-03-18T14:55:07.947306,d868fe52-36e5-11f0-ab1d-9ae3af3bf913,BH Sluisjesdijk,51.894714517,4.461900478,10,6,0
2026-03-18T14:55:07.947306,4338fed2-edbb-11ee-a9f0-82366b51b915,BH Oostzeedijk Beneden 2,51.921653595,4.507031037,10,7,9999
2026-03-18T14:55:07.947306,2c82bb9a-217b-11ee-8219-8ed3b2364c4f,Hub Weena,51.922738296,4.469181329,142,10,9999
2026-03-18T14:55:07.947306,96f5cbdc-06f6-11ef-b58d-569a23b994be,BH Argonautenweg,51.959086712,4.49354982,10,0,9999
2026-03-18T14:55:07.947306,2f51713e-32b7-11ee-8219-8ed3b2364c4f,Hub P+R Capelsebrug,51.920991793,4.559215491,18,4,9999
2026-03-18T14:55:07.947306,62b0255a-9e7a-11ee-a91e-ee69b7c7763e,BH Vierhavenstraat,51.910327597,4.434992993,16,6,9999
2026-03-18T14:55:07.947306,2b10524e-06f5-11ef-b58d-569a23b994be,BH Piet van der Polsingel,51.950618784,4.518612648,8,1,9999
2026-03-18T14:55:07.947306,47070056-06fa-11ef-b58d-569a23b994be,BH Metrostation Schenkel,51.931770435,4.56406792,12,3,9999
2026-03-18T14:55:07.947306,7a8c12ba-91ab-11ed-b1e6-fa4fb8e2990b,BH Metrostation Slinge,51.874526023,4.477872534,15,5,9999
2026-03-18T14:55:07.947306,026045c6-8530-11ee-bb01-c602c1905375,BH Winkelhart Katendrechtse Lagedijk,51.891184937,4.479440034,10,4,9999
2026-03-18T14:55:07.947306,9d9bb8ec-4bd1-11ee-bb01-c602c1905375,BH Marconiplein,51.913319277,4.432514448,10,13,9999
2026-03-18T14:55:07.947306,8330f3ca-a5b4-11f0-ab44-baed9603afbb,Fokkerstraat Plesmanstraat,51.929694009,4.399576614,4,0,9999
2026-03-18T14:55:07.947306,5b842034-5331-11f0-ab1d-9ae3af3bf913,BH Walenburgerweg,51.926698659,4.462629155,10,2,9999
2026-03-18T14:55:07.947306,a08059b6-b484-11ee-9ae6-5263e3f30f1e,BH Metrostation Gerdesiaweg,51.925444134,4.506155972,10,6,9999
2026-03-18T14:55:07.947306,2f718c84-8911-11ee-bb01-c602c1905375,BH Metro Dijkzigt - EMC,51.911789199,4.466334846,20,20,9999
2026-03-18T14:55:07.947306,f58e41fc-1c9f-11ee-8219-8ed3b2364c4f,BH Heemraadsplein,51.912322959,4.455058085,10,7,9999
2026-03-18T14:55:07.947306,79fdd038-34b8-11f0-ab1d-9ae3af3bf913,BH RTHA Airport,51.94924845,4.432611987,10,5,0
2026-03-18T14:55:07.947306,1c41897e-596e-11ef-bed6-aa139991deb4,HUB Metrostation Nieuwland / Bijdorpplein,51.922583819,4.38260008,10,0,9999
2026-03-18T14:55:07.947306,a57d027c-8912-11ee-bb01-c602c1905375,BH Delftse Poort,51.924408145,4.472816464,10,15,9999
2026-03-18T14:55:07.947306,6383849a-2038-11f0-ab1d-9ae3af3bf913,BH - Kralingsebos (Langepad),51.936318565,4.506197017,10,4,9999
2026-03-18T14:55:07.947306,e90e9332-06f5-11ef-b58d-569a23b994be,BH Burgemeester Le Fèvre de Montignylaan,51.957620055,4.501711782,10,0,9999
2026-03-18T14:55:07.947306,5cb3ffde-bdaf-11ed-b1e6-fa4fb8e2990b,RK Stadionlaan,51.892328813,4.530682857,10,4,9999
2026-03-18T14:55:07.947306,02bed1f8-8392-11ee-bb01-c602c1905375,BH Station Alexander,51.951735827,4.551049232,10,0,9999
2026-03-18T14:55:07.947306,08d5cf66-8ab2-11ee-bb01-c602c1905375,BH Winkelhart Asterlo,51.873536387,4.483591736,10,0,9999
2026-03-18T14:55:07.947306,0e51e024-c757-11ee-9ae6-5263e3f30f1e,BH Metrostation Binnenhof,51.960437867,4.535372966,10,2,9999
2026-03-18T14:55:07.947306,409f87f6-890f-11ee-bb01-c602c1905375,BH Metro Beurs,51.917806013,4.480107053,8,0,9999
2026-03-18T14:55:07.947306,d6a7cd26-4d08-11f0-ab1d-9ae3af3bf913,BH - Oudehoofdplein-Haringvliet,51.918979475,4.49384405,10,6,9999
2026-03-18T14:55:07.947306,f0ad9b92-1767-11ef-8071-42f0fecaeb6a,BH Prinsenlaan,51.937206457,4.536127586,10,0,9999
2026-03-18T14:55:07.947306,f06fd44c-2035-11f0-ab1d-9ae3af3bf913,BH Boezemlaan,51.938982631,4.495864471,10,10,9999
2026-03-18T14:55:07.947306,8d91a90c-9e83-11ee-a91e-ee69b7c7763e,BH Kraaierstraat,51.91909698,4.418192898,8,6,9999
2026-03-18T14:55:07.947306,a2671a36-bdad-11ed-b1e6-fa4fb8e2990b,RK Dwarsdijk,51.893055987,4.539201504,10,7,9999
2026-03-18T14:55:07.947306,376a5cda-06f8-11ef-b58d-569a23b994be,BH Ganzerikplein,51.958953276,4.471584016,10,4,9999
2026-03-18T14:55:07.947306,5cdd9872-b096-11ef-b6d3-56d88772ab1a,BH Wilgenplaslaan/ Meidoornsingel,51.953868042,4.468211582,7,5,9999
2026-03-18T14:55:07.947306,952a3e78-a8db-11ef-8778-d2279db84567,BH Lloydstraat,51.902214281,4.461287644,10,3,9999
2026-03-18T14:55:07.947306,a6fa0910-8067-11ed-b1e6-fa4fb8e2990b,BH Stadion Fey (Bert Heesakkerstr.),51.896805818,4.521735582,50,1,9999
2026-03-18T14:55:07.947306,a1337d02-e018-11ed-a249-96cdaf8f7240,BH Sint Franciscus,51.942171146,4.460534407,25,10,9999
2026-03-18T14:55:07.947306,d3cea108-8285-11f0-ab44-baed9603afbb,BH - Ratelaarweg,51.967431611,4.463349689,10,0,9999
2026-03-18T14:55:07.947306,3bef7002-bdb5-11ed-b1e6-fa4fb8e2990b,RK Breeweg,51.890630632,4.514261169,10,1,9999
2026-03-18T14:55:07.947306,8c90734c-45bb-11ee-8219-8ed3b2364c4f,BH Coen Moulijnweg,51.893813253,4.526876329,42,5,9999
2026-03-18T14:55:07.947306,1b098490-2037-11f0-ab1d-9ae3af3bf913,BH Karmelweg,51.933461291,4.5029394,8,7,9999
2026-03-18T14:55:07.947306,23348a06-bdb1-11ed-b1e6-fa4fb8e2990b,RK Guido Gezelleweg,51.87434607,4.523238145,10,7,9999
2026-03-18T14:55:07.947306,66824038-37b2-11ef-a21a-8e54a72a50da,HUB Metrostation Parkweg / Zuidzijde,51.921443238,4.39475836,10,1,8
2026-03-18T14:55:07.947306,2c127298-ff25-11ef-a79f-a65a77daff90,BH Aert van Nesstraat,51.921141166,4.478916173,8,1,9999
2026-03-18T14:55:07.947306,cde445c6-a744-11ef-8778-d2279db84567,BH Groenendaal,51.921685178,4.492944049,6,10,9999
2026-03-18T14:55:07.947306,97c6a1c2-a8da-11ef-8778-d2279db84567,BH Henegouwerplein,51.921807589,4.460561523,10,6,9999
2026-03-18T14:55:07.947306,e68d5642-a5b5-11f0-b6c1-baed9603afbb,HUB NS Station Schiedam Centrum/ Professor Kamerlingh Onneslaan,51.92071744,4.408262487,12,3,9999
2026-03-18T14:55:07.947306,82623a40-bda3-11ed-b1e6-fa4fb8e2990b,RK Rosestraat,51.91100607,4.501308573,10,1,9999
2026-03-18T14:55:07.947306,b7353df6-b485-11ee-9ae6-5263e3f30f1e,BH Metrostation Kralingsezoom (Gravenweg),51.921751706,4.533850265,10,4,9999
2026-03-18T14:55:07.947306,6c34980a-bb92-11ef-a02d-6ea8ed91bd56,BH Gordelweg (Lidl),51.940472428,4.479798999,4,0,9999
2026-03-18T14:55:07.947306,5904bd1a-a5b5-11f0-b05b-baed9603afbb,HUB Hof van Spaland - Bachplein,51.934889388,4.374726808,8,2,9999
2026-03-18T14:55:07.947306,32ca5fd0-8126-11ed-b1e6-fa4fb8e2990b,RK Vuurplaat,51.906526668,4.505838102,10,1,9999
2026-03-18T14:55:07.947306,f94a1ff6-b095-11ef-b6d3-56d88772ab1a,BH Bm Le Fèvre de Montignylaan/ Jeroen Boschlaan,51.955641943,4.505982462,6,2,9999
2026-03-18T14:55:07.947306,4228b402-8537-11ee-bb01-c602c1905375,BH Tongelaarweg,51.895280064,4.563514996,10,0,9999
2026-03-18T14:55:07.947306,6f66a60c-36e5-11f0-ab1d-9ae3af3bf913,BH Lloydpier,51.904487669,4.460458303,8,3,3
2026-03-18T14:55:07.947306,7d81b63e-a5b5-11f0-b05b-baed9603afbb,HUB 's Gravelandseweg,51.932091958,4.401924037,6,2,9999
2026-03-18T14:55:07.947306,a3dbb322-8121-11ed-b1e6-fa4fb8e2990b,RK Metrostation Rijnhaven ,51.902216981,4.49610172,15,9,9999
2026-03-18T14:55:07.947306,cf23b50e-9ad0-11f0-ab44-baed9603afbb,BH Natuurhistorisch museum,51.911022288,4.472728259,12,0,9999
2026-03-18T14:55:07.947306,d55243f6-182b-11ef-a8d1-42f0fecaeb6a,BH Siciliëboulevard ,51.97996654,4.580859756,10,0,9999
2026-03-18T14:55:07.947306,e0f7ef36-a5b4-11f0-ab44-baed9603afbb,Havenstraat einde (digitale testhub),51.900396883,4.398614319,12,0,9999
2026-03-18T14:55:07.947306,05d1d708-eabd-11ef-88c2-aa7241d1fb4f,HUB De Thermen ,51.927426752,4.380236246,8,0,9999
2026-03-18T14:55:07.947306,b3381a7a-2036-11f0-ab1d-9ae3af3bf913,BH Oudedijk / de Nieuwe Plantage,51.929149075,4.505248613,8,7,9999
2026-03-18T14:55:07.947306,8b480576-eabc-11ee-a9f0-82366b51b915,BH Schiedamseweg Beneden,51.914135146,4.422297364,5,10,9999
2026-03-18T14:55:07.947306,89a2f1d2-a5b3-11f0-ab44-baed9603afbb,Metrostation Vijfsluizen,51.908108215,4.37254105,8,3,9999
2026-03-18T14:55:07.947306,e50f3d1e-f069-11ef-9ed7-0ea3ed1ae564,HUB Oranjestraat - Lange Nieuwstraat,51.913368472,4.40030457,5,1,9999
2026-03-18T14:55:07.947306,4c1b19a4-d0a1-11ee-8b0e-065810cc8d78,BH Elandstraat,51.910800072,4.553878993,10,7,9999
2026-03-18T14:55:07.947306,bbbba24e-806e-11ed-b1e6-fa4fb8e2990b,RK P+R Noorderhelling,51.894761016,4.532122707,15,1,9999
2026-03-18T14:55:07.947306,3ac0b682-8129-11ed-b1e6-fa4fb8e2990b,RK Cor Kieboomplein,51.896922039,4.523502821,15,2,9999
2026-03-18T14:55:07.947306,5a3ffbf4-37b1-11ef-a21a-8e54a72a50da,HUB Metrostation Nieuwland / Van Limburg Stirumstraat,51.922446663,4.38308784,6,0,2
2026-03-18T14:55:07.947306,5d8d12a2-a5b4-11f0-ab44-baed9603afbb,Van Heekstraat,51.931167557,4.406024405,4,0,9999
2026-03-18T14:55:07.947306,f251d6e8-0b82-11ef-b58d-569a23b994be,BH Metrostation Graskruid ,51.956473743,4.550010233,8,2,9999
2026-03-18T14:55:07.947306,a4d2ea7c-b2f0-11ef-aa57-62870c7808bb,BH 2e Hogenbanweg,51.936951327,4.427707182,8,0,9999
2026-03-18T14:55:07.947306,75ba0d1a-2037-11f0-ab1d-9ae3af3bf913,BH Stadhoudersweg,51.931417737,4.461484988,10,6,9999
2026-03-18T14:55:07.947306,bc6b0d7e-a745-11ef-8778-d2279db84567,BH Goudsewagenstraat,51.923224462,4.493552746,8,11,9999
2026-03-18T14:55:07.947306,0f37eafc-8912-11ee-bb01-c602c1905375,BH Metro Oostplein,51.922677789,4.497608825,10,14,9999
2026-03-18T14:55:07.947306,aed7c2fa-8123-11ed-b1e6-fa4fb8e2990b,RK Groene Hilledijk/Beijerlandselaan,51.893806789,4.509452258,10,3,9999
2026-03-18T14:55:07.947306,c76f0318-bb92-11ef-a02d-6ea8ed91bd56,BH NS Centraal Station (Stationssingel),51.925399994,4.466148375,10,16,9999
2026-03-18T14:55:07.947306,361a368c-a5b4-11f0-ab44-baed9603afbb,Sportpark Haga (Epke Zonderlandstraat),51.921919868,4.370918199,8,1,9999
2026-03-18T14:55:07.947306,f4c0fe5e-02d6-11ef-b58d-569a23b994be,BH Paulus Potterstraat,51.9228414,4.508497696,10,7,9999
2026-03-18T14:55:07.947306,48cbf66e-9f15-11ee-a91e-ee69b7c7763e,BH Franselaan,51.917379138,4.420463507,10,7,9999
2026-03-18T14:55:07.947306,e9735b4e-7da7-11f0-ab44-baed9603afbb,BH Veldkersweg,51.966835673,4.46657292,8,3,9999
2026-03-18T14:55:07.947306,4b1ac684-bb93-11ef-a02d-6ea8ed91bd56,BH Noorderkanaalweg,51.940525593,4.472984586,9,5,9999
2026-03-18T14:55:07.947306,033a9392-3700-11f0-ab1d-9ae3af3bf913,BH Herman Bavinckstraat,51.915067882,4.521446921,10,7,9999
2026-03-18T14:55:07.947306,ffe8c3e8-a8da-11ef-8778-d2279db84567,BH Mathenesserplein,51.917836602,4.44508891,8,11,9999
2026-03-18T14:55:07.947306,e377069a-ff63-11ef-a79f-a65a77daff90,BH Kralingsebos Bosdreef/Pr. Beatrixlaan,51.93789612,4.501689644,8,7,9999
2026-03-18T14:55:07.947306,7af95f9c-a747-11ef-8778-d2279db84567,BH Kruisplein,51.92228569,4.47138789,6,11,9999
2026-03-18T14:55:07.947306,4c50cb7a-bdb6-11ed-b1e6-fa4fb8e2990b,RK Olympiaweg,51.886462746,4.529133302,10,4,9999
2026-03-18T14:55:07.947306,a694ef4e-36e5-11f0-ab1d-9ae3af3bf913,BH Neushoornstraat,51.913041554,4.553743002,6,0,1
2026-03-18T14:55:07.947306,be56ca62-8120-11ed-b1e6-fa4fb8e2990b,RK P+R Beverwaard,51.885771514,4.568986239,10,3,9999
2026-03-18T14:55:07.947306,d5af3bc4-806a-11ed-b1e6-fa4fb8e2990b,BH Kievitslaan,51.907226862,4.473300159,17,9,9999
2026-03-18T14:55:07.947306,dd006abc-a5b3-11f0-ab44-baed9603afbb,Havenstraat,51.903204365,4.398004897,8,0,9999
2026-03-18T14:55:07.947306,6f09af84-eabe-11ee-a9f0-82366b51b915,BH Delftseplein ,51.925206514,4.474011701,14,7,9999
2026-03-18T14:55:07.947306,1cfb89ec-806b-11ed-b1e6-fa4fb8e2990b,BH Westplein,51.908912961,4.478583441,10,16,9999
2026-03-18T14:55:07.947306,12fc10a4-bb94-11ef-a02d-6ea8ed91bd56,BH Noordplein,51.930251975,4.483699175,10,6,9999
2026-03-18T14:55:07.947306,276e8d26-bda0-11ed-b1e6-fa4fb8e2990b,RK Strevelsweg,51.889634937,4.495943368,15,0,9999
2026-03-18T14:55:07.947306,9e066470-2038-11f0-ab1d-9ae3af3bf913,BH Kralinger Esch,51.911179823,4.524762065,9,14,9999
2026-03-18T14:55:07.947306,9b1f0aaa-8125-11ed-b1e6-fa4fb8e2990b,RK Slaghekstraat - Beijerlandselaan,51.897574833,4.511261604,10,0,9999
2026-03-18T14:55:07.947306,b8c81048-2037-11f0-ab1d-9ae3af3bf913,BH Van Maanenstraat,51.932279316,4.464280453,6,3,9999
2026-03-18T14:55:07.947306,1f4ff66c-bdb8-11ed-b1e6-fa4fb8e2990b,RK Van der Takstraat ,51.914243737,4.496045621,10,1,9999
2026-03-18T14:55:07.947306,3b523cee-5c94-11f0-ab1d-9ae3af3bf913,BH - Wilhelminapier,51.90698281,4.489727426,14,5,9999
2026-03-18T14:55:07.947306,e8d292d2-039a-11ef-b58d-569a23b994be,BH Mia van Yperenplein ,51.928414546,4.545678043,10,4,9999
2026-03-18T14:55:07.947306,12daf18a-8068-11ed-b1e6-fa4fb8e2990b,BH Treinst. Lombardijen (Aesopusplaats),51.880478018,4.530040287,10,2,9999
2026-03-18T14:55:07.947306,558e4a5a-eaba-11ee-a9f0-82366b51b915,BH Blijdorplaan ,51.927389289,4.440437692,22,22,9999
2026-03-18T14:55:07.947306,5a8de282-36ee-11f0-ab1d-9ae3af3bf913,BH van Blommesteynweg,51.888148155,4.460842726,10,1,9999
2026-03-18T14:55:07.947306,078569ee-a5b5-11f0-ab44-baed9603afbb,Nieuwe Waterwegstraat (digitale testhub),51.900682979,4.390873601,12,0,9999
2026-03-18T14:55:07.947306,8e5dd27e-06fd-11ef-b58d-569a23b994be,BH Prins Alexanderplein,51.951040272,4.553684972,14,0,9999
2026-03-18T14:55:07.947306,a6843864-fbc4-11ee-b58d-569a23b994be,Trompenburg 1,51.917696349,4.517981647,10,13,0
2026-03-18T14:55:07.947306,5b583480-a8da-11ef-8778-d2279db84567,BH Duyststraat,51.910073429,4.452225738,8,3,9999
2026-03-18T14:55:07.947306,2510e9ba-a5b6-11f0-847a-baed9603afbb,Hub Kloosterplaats,51.91675013,4.402112308,6,2,9999
2026-03-18T14:55:07.947306,880e3e72-a8dd-11ef-8778-d2279db84567,BH Spaansebocht,51.917413667,4.430014126,9,1,9999
2026-03-18T14:55:07.947306,b5b3324a-edb9-11ee-a9f0-82366b51b915,BH Siondwarsstraat,51.925261494,4.51053174,10,0,9999
2026-03-18T14:55:07.947306,94b01d94-edc6-11ee-a9f0-82366b51b915,BH Schuttersveld,51.933248028,4.490978921,10,3,9999
2026-03-18T14:55:07.947306,69b33170-edbd-11ee-a9f0-82366b51b915,BH Metro Oostplein 2,51.923145722,4.496820843,10,4,9999
2026-03-18T14:55:07.947306,67d6af9a-f068-11ef-ba40-0ea3ed1ae564,HUB Hof van Spaland - Schiedamseweg,51.934898803,4.378145906,12,0,9999
2026-03-18T14:55:07.947306,4933dd54-9e7c-11ee-a91e-ee69b7c7763e,BH Willem Ruyslaan (Luzac College),51.925421889,4.508669446,10,6,9999
2026-03-18T14:55:07.947306,9f935b6c-b095-11ef-b6d3-56d88772ab1a,BH Bergpolderplein,51.945227242,4.474988047,8,2,9999
2026-03-18T14:55:07.947306,8a2d056c-bb93-11ef-a02d-6ea8ed91bd56,BH NS Station Noord (Bergweg),51.941530048,4.481339526,10,0,9
2026-03-18T14:55:07.947306,4d95ab34-8122-11ed-b1e6-fa4fb8e2990b,RK Metrostation Maashaven ,51.896573582,4.494245173,30,4,9999
2026-03-18T14:55:07.947306,3d015ff0-8394-11ee-bb01-c602c1905375,BH Metrostation Oosterflank,51.945209326,4.555045447,10,2,9999
2026-03-18T14:55:07.947306,defeb050-a747-11ef-8778-d2279db84567,BH Karel Doormanstraat,51.922789549,4.473609692,9,8,9999
2026-03-18T14:55:07.947306,b5dc5454-890f-11ee-bb01-c602c1905375,BH Schilderstraat,51.916377397,4.48142868,8,4,9999
2026-03-18T14:55:07.947306,2f12ae3e-806c-11ed-b1e6-fa4fb8e2990b,BH Winkelcentrum Keizerswaard-Herenw,51.886358391,4.549308056,15,3,9999
2026-03-18T14:55:07.947306,3b6d73a8-805d-11ed-b1e6-fa4fb8e2990b,BH Metrostation Melanchtonweg,51.94881199,4.465233746,10,2,9999
2026-03-18T14:55:07.947306,d5832958-891a-11ee-bb01-c602c1905375,BH Metro Zuidplein (nieuw),51.887180341,4.491554668,10,2,9999
2026-03-18T14:55:07.947306,a535094e-b162-11ef-bdcd-5adc5d29ed54,BH Eudokiaplein,51.932433484,4.47153255,9,4,9999
2026-03-18T14:55:07.947306,437f8dc8-bd9e-11ed-b1e6-fa4fb8e2990b,RK Hillevliet,51.89558515,4.506432514,10,0,9999
2026-03-18T14:55:07.947306,f10d8ab4-9997-11ee-a91e-ee69b7c7763e,BH Shell Hofplein,51.925705456,4.477781355,28,4,9999
2026-03-18T14:55:07.947306,94467720-8127-11ed-b1e6-fa4fb8e2990b,RK Persoonsdam,51.909309099,4.508017165,10,6,9999
2026-03-18T14:55:07.947306,9245444a-2023-11f0-ab1d-9ae3af3bf913,BH Witte de Withstraat,51.915906523,4.478080905,10,6,9999
2026-03-18T14:55:07.947306,49d59348-ff64-11ef-b515-a65a77daff90,BH Bergweg (Dirk van den Broek),51.93856254,4.479465675,6,0,9999
2026-03-18T14:55:07.947306,30fb96bc-8124-11ed-b1e6-fa4fb8e2990b,RK Beverwaardseweg/ Borgharensingel,51.898798338,4.564663375,10,2,9999
2026-03-18T14:55:07.947306,9a1fb404-8ab3-11ee-bb01-c602c1905375,BH Langenhorst ,51.874120882,4.494254863,10,5,9999
2026-03-18T14:55:07.947306,abe67bfa-b096-11ef-b6d3-56d88772ab1a,BH Wilgenplaslaan/ Donkersingel,51.951337599,4.47048253,10,7,9999
2026-03-18T14:55:07.947306,068b0f9c-a8dd-11ef-8778-d2279db84567,BH Vierhavenstraat (Sahan),51.908502395,4.437727106,4,1,9999
2026-03-18T14:55:07.947306,bc0e7e9c-a8da-11ef-8778-d2279db84567,BH Jan van Vuchtstraat,51.917045317,4.460830874,6,6,9999
2026-03-18T14:55:07.947306,8b721818-a5b2-11f0-ab44-baed9603afbb,Lekstraat,51.90446958,4.406985264,6,1,9999
2026-03-18T14:55:07.947306,ad212572-06f7-11ef-b58d-569a23b994be,BH Molenlaan/Grindweg,51.963224537,4.49571068,10,2,9999
2026-03-18T14:55:07.947306,f8828c3e-806d-11ed-b1e6-fa4fb8e2990b,RK Station Rdam Zuid,51.905545015,4.509568537,15,4,9999
2026-03-18T14:55:07.947306,5f71799e-806b-11ed-b1e6-fa4fb8e2990b,BH Willemsplein,51.911118908,4.481894771,17,10,9999
2026-03-18T14:55:07.947306,42824336-bd97-11ed-b1e6-fa4fb8e2990b,RK Groene Hilledijk,51.882726433,4.504266667,10,0,9999
2026-03-18T14:55:07.947306,db6932f4-182b-11ef-a8d1-42f0fecaeb6a,BH Metrostation Nesselande,51.978969273,4.586177782,10,0,9999
2026-03-18T14:55:07.947306,e26322b0-2025-11f0-ab1d-9ae3af3bf913,BH Brielselaan,51.896298935,4.489248091,4,1,9999
2026-03-18T14:55:07.947306,c862b7f2-06fb-11ef-b58d-569a23b994be,BH Prins Alexanderlaan (metrobaan zijde),51.952192324,4.551435621,10,1,9999
2026-03-18T14:55:07.947306,c53689c2-8124-11ed-b1e6-fa4fb8e2990b,RK Peellandstraat / Beesdestraat ,51.888535309,4.567291893,10,3,9999
2026-03-18T14:55:07.947306,8f5d35a0-1834-11ef-8071-42f0fecaeb6a,BH Jan Bijloostraat (Winkelcentrum Lage Land),51.941821995,4.546449269,9,6,9999
2026-03-18T14:55:07.947306,f8fcd3a4-983a-11ef-a85a-be896af2d3a5,BH Rhijnauwensingel,51.892161199,4.569620613,12,6,9999
2026-03-18T14:55:07.947306,118239d4-a5b2-11f0-ab44-baed9603afbb,Lorentzlaan (bushalte),51.917994492,4.415061192,4,8,9999
2026-03-18T14:55:07.947306,0c107276-bdb7-11ed-b1e6-fa4fb8e2990b,RK Sandelingenplein,51.889562128,4.506962326,10,1,9999
2026-03-18T14:55:07.947306,75b8bea6-81d8-11ed-b1e6-fa4fb8e2990b,RK Metrostation Maashaven (Putselaan),51.897794241,4.495760713,10,3,9999
2026-03-18T14:55:07.947306,a20bbbae-bdae-11ed-b1e6-fa4fb8e2990b,RK Frankendaal,51.886951976,4.521294152,10,1,9999
2026-03-18T14:55:07.947306,bc839806-a5b1-11f0-ab44-baed9603afbb,Van het Hoffplein (Boerhavelaan),51.916219132,4.412005574,8,2,9999
2026-03-18T14:55:07.947306,f1df385c-f5b2-11ef-81b3-76e5c571f05f,HUB Admiraal de Ruyterstraat,51.906742474,4.38554997,8,0,9999
2026-03-18T14:55:07.947306,4247dd56-1c9f-11ee-8219-8ed3b2364c4f,BH Metro Coolhaven,51.909218289,4.458167882,10,6,9999
2026-03-18T14:55:07.947306,65af1c24-06f4-11ef-b58d-569a23b994be,BH Meerum Terwogtlaan,51.951763386,4.524587387,10,2,9999
2026-03-18T16:13:02.225045,2c632780-a8de-11ef-8778-d2279db84567,BH Schuttevaerweg,51.922420472,4.434869706,10,3,9999
2026-03-18T16:13:02.225045,a3c07f10-a5b5-11f0-b05b-baed9603afbb,HUB Hoofdbrug,51.908705902,4.406131267,8,2,9999
2026-03-18T16:13:02.225045,b9bfe680-fbc4-11ee-b58d-569a23b994be,Trompenburg 2,51.917638379,4.518889893,10,1,9
2026-03-18T16:13:02.225045,3c659862-a8dd-11ef-8778-d2279db84567,BH Mayflowerstraat,51.905015647,4.440161906,10,8,9999
2026-03-18T16:13:02.225045,e0a4baca-a748-11ef-8778-d2279db84567,BH Mariniersweg,51.920853425,4.490979502,10,13,9999
2026-03-18T16:13:02.225045,c35c448e-06fc-11ef-b58d-569a23b994be,BH Jacob van Campenweg ,51.942434165,4.537976212,7,5,9999
2026-03-18T16:13:02.225045,438486f4-a5b6-11f0-a150-baed9603afbb,HUB Koemarkt ingang garage,51.914517902,4.401917461,6,2,9999
2026-03-18T16:13:02.225045,365f4a3e-a5b3-11f0-ab44-baed9603afbb,Rubensplein,51.911712719,4.383665134,6,0,9999
2026-03-18T16:13:02.225045,a85b996e-fe23-11ee-b58d-569a23b994be,BH Dirk van der Kooijweg (Waterleliesingel),51.953796964,4.52009166,10,1,9999
2026-03-18T16:13:02.225045,19e2de56-b5d8-11ee-9ae6-5263e3f30f1e,BH STC Waalhaven,51.878297275,4.448759787,10,1,9999
2026-03-18T16:13:02.225045,c6c213ee-ed18-11ef-9957-f683e5eb607c,BH Langenhorst (Binkhorst),51.877310029,4.494737503,10,2,9999
2026-03-18T16:13:02.225045,3366f8b0-a8dc-11ef-8778-d2279db84567,BH Vierhavenstraat (WoonEnzo),51.907777562,4.438830385,4,7,9999
2026-03-18T16:13:02.225045,04a89aea-a5b3-11f0-ab44-baed9603afbb,Groenelaan Hagastraat (Winkelcentrum),51.907303396,4.402285408,4,3,9999
2026-03-18T16:13:02.225045,32638aa6-a5b5-11f0-9f09-baed9603afbb,HUB Laan van Bol'es,51.928443203,4.370771711,10,2,9999
2026-03-18T16:13:02.225045,291c2f72-a749-11ef-8778-d2279db84567,BH Westzeedijk,51.909321622,4.471436479,10,9,9999
2026-03-18T16:13:02.225045,abd627be-67bb-11f0-91de-5eaa9feacc9b,BH Schiekade (Heer Bokelweg),51.927133058,4.476309832,10,0,9999
2026-03-18T16:13:02.225045,8948d5a4-b094-11ef-b6d3-56d88772ab1a,BH Duivenpad,51.964922912,4.498254116,8,4,9999
2026-03-18T16:13:02.225045,227e8c1e-be97-11ee-9ae6-5263e3f30f1e,HUB Metrostation Troelstralaan,51.915742295,4.384972326,10,1,9999
2026-03-18T16:13:02.225045,0af509a8-06f7-11ef-b58d-569a23b994be,BH Beethovensingel,51.96114919,4.505141448,10,5,9999
2026-03-18T16:13:02.225045,dc06f296-1768-11ef-8071-42f0fecaeb6a,BH Prins Alexanderlaan (Oosterflank),51.946646256,4.553811478,12,2,9999
2026-03-18T16:13:02.225045,221af3ce-7fe1-11ee-bb01-c602c1905375,BH Metro Prinsenlaan,51.940647564,4.556931306,10,1,9999
2026-03-18T16:13:02.225045,a793d6ba-edc8-11ee-a9f0-82366b51b915,BH Infirmeriestraat,51.922255603,4.502265891,10,6,9999
2026-03-18T16:13:02.225045,0359e1a2-bdb3-11ed-b1e6-fa4fb8e2990b,RK Rosestraat 11C,51.902954022,4.511377745,10,13,9999
2026-03-18T16:13:02.225045,87f07e20-9e78-11ee-a91e-ee69b7c7763e,BH Marconistraat (Lee Towers),51.912441021,4.430411189,14,4,9999
2026-03-18T16:13:02.225045,f539bd6e-06f8-11ef-b58d-569a23b994be,BH Meijersplein,51.955657978,4.463033845,8,4,9999
2026-03-18T16:13:02.225045,70f0801a-8071-11ed-b1e6-fa4fb8e2990b,RK treinstation Lombardijen,51.88057913,4.531905572,30,3,9999
2026-03-18T16:13:02.225045,43752ffc-a8db-11ef-8778-d2279db84567,BH Pieter de Hoochweg,51.906316301,4.459985731,6,5,9999
2026-03-18T16:13:02.225045,b35ddad8-ab08-11ef-8778-d2279db84567,HUB Rotterdamsedijk 272,51.914957692,4.40343084,8,1,9999
2026-03-18T16:13:02.225045,9b1fa0f6-ae3c-11ee-a91e-ee69b7c7763e,BH Winkelhart Plein 1953,51.874842065,4.467889739,10,4,9999
2026-03-18T16:13:02.225045,8bd90878-0884-11f0-9a47-66143dd92f22,RK Molenvliet,51.882626536,4.521159806,10,3,9999
2026-03-18T16:13:02.225045,45450b66-a5b2-11f0-ab44-baed9603afbb,Maasdijk (Gustoweg),51.906629018,4.412009895,6,1,9999
2026-03-18T16:13:02.225045,4de2effe-f068-11ef-ba40-0ea3ed1ae564,HUB Hof van Spaland - Vlaardingseweg,51.935841728,4.376077923,4,1,9999
2026-03-18T16:13:02.225045,d38c6468-06fe-11ef-b58d-569a23b994be,BH Kleine Beer,51.950902127,4.555051083,6,0,9999
2026-03-18T16:13:02.225045,e552904e-182b-11ef-a8d1-42f0fecaeb6a,BH Metrostation Hesseplaats,51.963345229,4.554510684,10,3,9999
2026-03-18T16:13:02.225045,1826196c-b162-11ef-bdcd-5adc5d29ed54,BH Bentincklaan (Diergaarde Blijdorp),51.92572504,4.454794024,10,6,9999
2026-03-18T16:13:02.225045,8a1e5ed0-1c9e-11ee-8219-8ed3b2364c4f,BH Sparta stadion,51.920151368,4.434428835,20,14,9999
2026-03-18T16:13:02.225045,d3c9003c-b486-11ee-9ae6-5263e3f30f1e,BH Oostzeedijk Beneden,51.922514244,4.503092963,10,10,9999
2026-03-18T16:13:02.225045,552a82b8-b094-11ef-b6d3-56d88772ab1a,BH Hockeyclub Rotterdam,51.96869974,4.484731647,25,6,9999
2026-03-18T16:13:02.225045,cb3f6d1c-a746-11ef-8778-d2279db84567,BH Vasteland (AH),51.911537089,4.478368712,10,12,9999
2026-03-18T16:13:02.225045,d4a8557a-eabd-11ef-ac99-aa7241d1fb4f,HUB Admiraal Trompstraat (Huisman),51.908834504,4.381923039,8,0,9999
2026-03-18T16:13:02.225045,00e8b3de-9e82-11ee-a91e-ee69b7c7763e,BH Jacques Dutilhweg,51.927993284,4.5475155,10,7,9999
2026-03-18T16:13:02.225045,d868fe52-36e5-11f0-ab1d-9ae3af3bf913,BH Sluisjesdijk,51.894714517,4.461900478,10,6,0
2026-03-18T16:13:02.225045,4338fed2-edbb-11ee-a9f0-82366b51b915,BH Oostzeedijk Beneden 2,51.921653595,4.507031037,10,10,9999
2026-03-18T16:13:02.225045,2c82bb9a-217b-11ee-8219-8ed3b2364c4f,Hub Weena,51.922738296,4.469181329,142,9,9999
2026-03-18T16:13:02.225045,96f5cbdc-06f6-11ef-b58d-569a23b994be,BH Argonautenweg,51.959086712,4.49354982,10,0,9999
2026-03-18T16:13:02.225045,2f51713e-32b7-11ee-8219-8ed3b2364c4f,Hub P+R Capelsebrug,51.920991793,4.559215491,18,6,9999
2026-03-18T16:13:02.225045,62b0255a-9e7a-11ee-a91e-ee69b7c7763e,BH Vierhavenstraat,51.910327597,4.434992993,16,3,9999
2026-03-18T16:13:02.225045,2b10524e-06f5-11ef-b58d-569a23b994be,BH Piet van der Polsingel,51.950618784,4.518612648,8,1,9999
2026-03-18T16:13:02.225045,47070056-06fa-11ef-b58d-569a23b994be,BH Metrostation Schenkel,51.931770435,4.56406792,12,3,9999
2026-03-18T16:13:02.225045,7a8c12ba-91ab-11ed-b1e6-fa4fb8e2990b,BH Metrostation Slinge,51.874526023,4.477872534,15,5,9999
2026-03-18T16:13:02.225045,026045c6-8530-11ee-bb01-c602c1905375,BH Winkelhart Katendrechtse Lagedijk,51.891184937,4.479440034,10,3,9999
2026-03-18T16:13:02.225045,9d9bb8ec-4bd1-11ee-bb01-c602c1905375,BH Marconiplein,51.913319277,4.432514448,10,11,9999
2026-03-18T16:13:02.225045,8330f3ca-a5b4-11f0-ab44-baed9603afbb,Fokkerstraat Plesmanstraat,51.929694009,4.399576614,4,0,9999
2026-03-18T16:13:02.225045,5b842034-5331-11f0-ab1d-9ae3af3bf913,BH Walenburgerweg,51.926698659,4.462629155,10,3,9999
2026-03-18T16:13:02.225045,a08059b6-b484-11ee-9ae6-5263e3f30f1e,BH Metrostation Gerdesiaweg,51.925444134,4.506155972,10,4,9999
2026-03-18T16:13:02.225045,2f718c84-8911-11ee-bb01-c602c1905375,BH Metro Dijkzigt - EMC,51.911789199,4.466334846,20,17,9999
2026-03-18T16:13:02.225045,f58e41fc-1c9f-11ee-8219-8ed3b2364c4f,BH Heemraadsplein,51.912322959,4.455058085,10,9,9999
2026-03-18T16:13:02.225045,79fdd038-34b8-11f0-ab1d-9ae3af3bf913,BH RTHA Airport,51.94924845,4.432611987,10,6,0
2026-03-18T16:13:02.225045,1c41897e-596e-11ef-bed6-aa139991deb4,HUB Metrostation Nieuwland / Bijdorpplein,51.922583819,4.38260008,10,0,9999
2026-03-18T16:13:02.225045,a57d027c-8912-11ee-bb01-c602c1905375,BH Delftse Poort,51.924408145,4.472816464,10,10,9999
2026-03-18T16:13:02.225045,6383849a-2038-11f0-ab1d-9ae3af3bf913,BH - Kralingsebos (Langepad),51.936318565,4.506197017,10,4,9999
2026-03-18T16:13:02.225045,e90e9332-06f5-11ef-b58d-569a23b994be,BH Burgemeester Le Fèvre de Montignylaan,51.957620055,4.501711782,10,0,9999
2026-03-18T16:13:02.225045,5cb3ffde-bdaf-11ed-b1e6-fa4fb8e2990b,RK Stadionlaan,51.892328813,4.530682857,10,5,9999
2026-03-18T16:13:02.225045,02bed1f8-8392-11ee-bb01-c602c1905375,BH Station Alexander,51.951735827,4.551049232,10,1,9999
2026-03-18T16:13:02.225045,08d5cf66-8ab2-11ee-bb01-c602c1905375,BH Winkelhart Asterlo,51.873536387,4.483591736,10,0,9999
2026-03-18T16:13:02.225045,0e51e024-c757-11ee-9ae6-5263e3f30f1e,BH Metrostation Binnenhof,51.960437867,4.535372966,10,2,9999
2026-03-18T16:13:02.225045,409f87f6-890f-11ee-bb01-c602c1905375,BH Metro Beurs,51.917806013,4.480107053,8,1,9999
2026-03-18T16:13:02.225045,d6a7cd26-4d08-11f0-ab1d-9ae3af3bf913,BH - Oudehoofdplein-Haringvliet,51.918979475,4.49384405,10,7,9999
2026-03-18T16:13:02.225045,f0ad9b92-1767-11ef-8071-42f0fecaeb6a,BH Prinsenlaan,51.937206457,4.536127586,10,1,9999
2026-03-18T16:13:02.225045,f06fd44c-2035-11f0-ab1d-9ae3af3bf913,BH Boezemlaan,51.938982631,4.495864471,10,10,9999
2026-03-18T16:13:02.225045,8d91a90c-9e83-11ee-a91e-ee69b7c7763e,BH Kraaierstraat,51.91909698,4.418192898,8,7,9999
2026-03-18T16:13:02.225045,a2671a36-bdad-11ed-b1e6-fa4fb8e2990b,RK Dwarsdijk,51.893055987,4.539201504,10,8,9999
2026-03-18T16:13:02.225045,376a5cda-06f8-11ef-b58d-569a23b994be,BH Ganzerikplein,51.958953276,4.471584016,10,4,9999
2026-03-18T16:13:02.225045,5cdd9872-b096-11ef-b6d3-56d88772ab1a,BH Wilgenplaslaan/ Meidoornsingel,51.953868042,4.468211582,7,4,9999
2026-03-18T16:13:02.225045,952a3e78-a8db-11ef-8778-d2279db84567,BH Lloydstraat,51.902214281,4.461287644,10,2,9999
2026-03-18T16:13:02.225045,a6fa0910-8067-11ed-b1e6-fa4fb8e2990b,BH Stadion Fey (Bert Heesakkerstr.),51.896805818,4.521735582,50,1,9999
2026-03-18T16:13:02.225045,a1337d02-e018-11ed-a249-96cdaf8f7240,BH Sint Franciscus,51.942171146,4.460534407,25,13,9999
2026-03-18T16:13:02.225045,d3cea108-8285-11f0-ab44-baed9603afbb,BH - Ratelaarweg,51.967431611,4.463349689,10,0,9999
2026-03-18T16:13:02.225045,3bef7002-bdb5-11ed-b1e6-fa4fb8e2990b,RK Breeweg,51.890630632,4.514261169,10,1,9999
2026-03-18T16:13:02.225045,8c90734c-45bb-11ee-8219-8ed3b2364c4f,BH Coen Moulijnweg,51.893813253,4.526876329,42,5,9999
2026-03-18T16:13:02.225045,1b098490-2037-11f0-ab1d-9ae3af3bf913,BH Karmelweg,51.933461291,4.5029394,8,5,9999
2026-03-18T16:13:02.225045,23348a06-bdb1-11ed-b1e6-fa4fb8e2990b,RK Guido Gezelleweg,51.87434607,4.523238145,10,8,9999
2026-03-18T16:13:02.225045,66824038-37b2-11ef-a21a-8e54a72a50da,HUB Metrostation Parkweg / Zuidzijde,51.921443238,4.39475836,10,1,8
2026-03-18T16:13:02.225045,2c127298-ff25-11ef-a79f-a65a77daff90,BH Aert van Nesstraat,51.921141166,4.478916173,8,5,9999
2026-03-18T16:13:02.225045,cde445c6-a744-11ef-8778-d2279db84567,BH Groenendaal,51.921685178,4.492944049,6,8,9999
2026-03-18T16:13:02.225045,97c6a1c2-a8da-11ef-8778-d2279db84567,BH Henegouwerplein,51.921807589,4.460561523,10,5,9999
2026-03-18T16:13:02.225045,e68d5642-a5b5-11f0-b6c1-baed9603afbb,HUB NS Station Schiedam Centrum/ Professor Kamerlingh Onneslaan,51.92071744,4.408262487,12,2,9999
2026-03-18T16:13:02.225045,82623a40-bda3-11ed-b1e6-fa4fb8e2990b,RK Rosestraat,51.91100607,4.501308573,10,3,9999
2026-03-18T16:13:02.225045,b7353df6-b485-11ee-9ae6-5263e3f30f1e,BH Metrostation Kralingsezoom (Gravenweg),51.921751706,4.533850265,10,3,9999
2026-03-18T16:13:02.225045,6c34980a-bb92-11ef-a02d-6ea8ed91bd56,BH Gordelweg (Lidl),51.940472428,4.479798999,4,1,9999
2026-03-18T16:13:02.225045,5904bd1a-a5b5-11f0-b05b-baed9603afbb,HUB Hof van Spaland - Bachplein,51.934889388,4.374726808,8,2,9999
2026-03-18T16:13:02.225045,32ca5fd0-8126-11ed-b1e6-fa4fb8e2990b,RK Vuurplaat,51.906526668,4.505838102,10,0,9999
2026-03-18T16:13:02.225045,f94a1ff6-b095-11ef-b6d3-56d88772ab1a,BH Bm Le Fèvre de Montignylaan/ Jeroen Boschlaan,51.955641943,4.505982462,6,2,9999
2026-03-18T16:13:02.225045,4228b402-8537-11ee-bb01-c602c1905375,BH Tongelaarweg,51.895280064,4.563514996,10,0,9999
2026-03-18T16:13:02.225045,6f66a60c-36e5-11f0-ab1d-9ae3af3bf913,BH Lloydpier,51.904487669,4.460458303,8,3,4
2026-03-18T16:13:02.225045,7d81b63e-a5b5-11f0-b05b-baed9603afbb,HUB 's Gravelandseweg,51.932091958,4.401924037,6,2,9999
2026-03-18T16:13:02.225045,a3dbb322-8121-11ed-b1e6-fa4fb8e2990b,RK Metrostation Rijnhaven ,51.902216981,4.49610172,15,7,9999
2026-03-18T16:13:02.225045,cf23b50e-9ad0-11f0-ab44-baed9603afbb,BH Natuurhistorisch museum,51.911022288,4.472728259,12,0,9999
2026-03-18T16:13:02.225045,d55243f6-182b-11ef-a8d1-42f0fecaeb6a,BH Siciliëboulevard ,51.97996654,4.580859756,10,0,9999
2026-03-18T16:13:02.225045,e0f7ef36-a5b4-11f0-ab44-baed9603afbb,Havenstraat einde (digitale testhub),51.900396883,4.398614319,12,0,9999
2026-03-18T16:13:02.225045,05d1d708-eabd-11ef-88c2-aa7241d1fb4f,HUB De Thermen ,51.927426752,4.380236246,8,0,9999
2026-03-18T16:13:02.225045,b3381a7a-2036-11f0-ab1d-9ae3af3bf913,BH Oudedijk / de Nieuwe Plantage,51.929149075,4.505248613,8,6,9999
2026-03-18T16:13:02.225045,8b480576-eabc-11ee-a9f0-82366b51b915,BH Schiedamseweg Beneden,51.914135146,4.422297364,5,4,9999
2026-03-18T16:13:02.225045,89a2f1d2-a5b3-11f0-ab44-baed9603afbb,Metrostation Vijfsluizen,51.908108215,4.37254105,8,3,9999
2026-03-18T16:13:02.225045,e50f3d1e-f069-11ef-9ed7-0ea3ed1ae564,HUB Oranjestraat - Lange Nieuwstraat,51.913368472,4.40030457,5,1,9999
2026-03-18T16:13:02.225045,4c1b19a4-d0a1-11ee-8b0e-065810cc8d78,BH Elandstraat,51.910800072,4.553878993,10,7,9999
2026-03-18T16:13:02.225045,bbbba24e-806e-11ed-b1e6-fa4fb8e2990b,RK P+R Noorderhelling,51.894761016,4.532122707,15,1,9999
2026-03-18T16:13:02.225045,3ac0b682-8129-11ed-b1e6-fa4fb8e2990b,RK Cor Kieboomplein,51.896922039,4.523502821,15,3,9999
2026-03-18T16:13:02.225045,5a3ffbf4-37b1-11ef-a21a-8e54a72a50da,HUB Metrostation Nieuwland / Van Limburg Stirumstraat,51.922446663,4.38308784,6,0,2
2026-03-18T16:13:02.225045,5d8d12a2-a5b4-11f0-ab44-baed9603afbb,Van Heekstraat,51.931167557,4.406024405,4,0,9999
2026-03-18T16:13:02.225045,f251d6e8-0b82-11ef-b58d-569a23b994be,BH Metrostation Graskruid ,51.956473743,4.550010233,8,2,9999
2026-03-18T16:13:02.225045,a4d2ea7c-b2f0-11ef-aa57-62870c7808bb,BH 2e Hogenbanweg,51.936951327,4.427707182,8,2,9999
2026-03-18T16:13:02.225045,75ba0d1a-2037-11f0-ab1d-9ae3af3bf913,BH Stadhoudersweg,51.931417737,4.461484988,10,3,9999
2026-03-18T16:13:02.225045,bc6b0d7e-a745-11ef-8778-d2279db84567,BH Goudsewagenstraat,51.923224462,4.493552746,8,15,9999
2026-03-18T16:13:02.225045,0f37eafc-8912-11ee-bb01-c602c1905375,BH Metro Oostplein,51.922677789,4.497608825,10,11,9999
2026-03-18T16:13:02.225045,aed7c2fa-8123-11ed-b1e6-fa4fb8e2990b,RK Groene Hilledijk/Beijerlandselaan,51.893806789,4.509452258,10,3,9999
2026-03-18T16:13:02.225045,c76f0318-bb92-11ef-a02d-6ea8ed91bd56,BH NS Centraal Station (Stationssingel),51.925399994,4.466148375,10,7,9999
2026-03-18T16:13:02.225045,361a368c-a5b4-11f0-ab44-baed9603afbb,Sportpark Haga (Epke Zonderlandstraat),51.921919868,4.370918199,8,1,9999
2026-03-18T16:13:02.225045,f4c0fe5e-02d6-11ef-b58d-569a23b994be,BH Paulus Potterstraat,51.9228414,4.508497696,10,10,9999
2026-03-18T16:13:02.225045,48cbf66e-9f15-11ee-a91e-ee69b7c7763e,BH Franselaan,51.917379138,4.420463507,10,7,9999
2026-03-18T16:13:02.225045,e9735b4e-7da7-11f0-ab44-baed9603afbb,BH Veldkersweg,51.966835673,4.46657292,8,2,9999
2026-03-18T16:13:02.225045,4b1ac684-bb93-11ef-a02d-6ea8ed91bd56,BH Noorderkanaalweg,51.940525593,4.472984586,9,6,9999
2026-03-18T16:13:02.225045,033a9392-3700-11f0-ab1d-9ae3af3bf913,BH Herman Bavinckstraat,51.915067882,4.521446921,10,2,9999
2026-03-18T16:13:02.225045,ffe8c3e8-a8da-11ef-8778-d2279db84567,BH Mathenesserplein,51.917836602,4.44508891,8,12,9999
2026-03-18T16:13:02.225045,e377069a-ff63-11ef-a79f-a65a77daff90,BH Kralingsebos Bosdreef/Pr. Beatrixlaan,51.93789612,4.501689644,8,7,9999
2026-03-18T16:13:02.225045,7af95f9c-a747-11ef-8778-d2279db84567,BH Kruisplein,51.92228569,4.47138789,6,5,9999
2026-03-18T16:13:02.225045,4c50cb7a-bdb6-11ed-b1e6-fa4fb8e2990b,RK Olympiaweg,51.886462746,4.529133302,10,4,9999
2026-03-18T16:13:02.225045,a694ef4e-36e5-11f0-ab1d-9ae3af3bf913,BH Neushoornstraat,51.913041554,4.553743002,6,0,1
2026-03-18T16:13:02.225045,be56ca62-8120-11ed-b1e6-fa4fb8e2990b,RK P+R Beverwaard,51.885771514,4.568986239,10,3,9999
2026-03-18T16:13:02.225045,d5af3bc4-806a-11ed-b1e6-fa4fb8e2990b,BH Kievitslaan,51.907226862,4.473300159,17,9,9999
2026-03-18T16:13:02.225045,dd006abc-a5b3-11f0-ab44-baed9603afbb,Havenstraat,51.903204365,4.398004897,8,0,9999
2026-03-18T16:13:02.225045,6f09af84-eabe-11ee-a9f0-82366b51b915,BH Delftseplein ,51.925206514,4.474011701,14,13,9999
2026-03-18T16:13:02.225045,1cfb89ec-806b-11ed-b1e6-fa4fb8e2990b,BH Westplein,51.908912961,4.478583441,10,9,9999
2026-03-18T16:13:02.225045,12fc10a4-bb94-11ef-a02d-6ea8ed91bd56,BH Noordplein,51.930251975,4.483699175,10,5,9999
2026-03-18T16:13:02.225045,276e8d26-bda0-11ed-b1e6-fa4fb8e2990b,RK Strevelsweg,51.889634937,4.495943368,15,0,9999
2026-03-18T16:13:02.225045,9e066470-2038-11f0-ab1d-9ae3af3bf913,BH Kralinger Esch,51.911179823,4.524762065,9,17,9999
2026-03-18T16:13:02.225045,9b1f0aaa-8125-11ed-b1e6-fa4fb8e2990b,RK Slaghekstraat - Beijerlandselaan,51.897574833,4.511261604,10,1,9999
2026-03-18T16:13:02.225045,b8c81048-2037-11f0-ab1d-9ae3af3bf913,BH Van Maanenstraat,51.932279316,4.464280453,6,2,9999
2026-03-18T16:13:02.225045,1f4ff66c-bdb8-11ed-b1e6-fa4fb8e2990b,RK Van der Takstraat ,51.914243737,4.496045621,10,2,9999
2026-03-18T16:13:02.225045,3b523cee-5c94-11f0-ab1d-9ae3af3bf913,BH - Wilhelminapier,51.90698281,4.489727426,14,7,9999
2026-03-18T16:13:02.225045,e8d292d2-039a-11ef-b58d-569a23b994be,BH Mia van Yperenplein ,51.928414546,4.545678043,10,4,9999
2026-03-18T16:13:02.225045,12daf18a-8068-11ed-b1e6-fa4fb8e2990b,BH Treinst. Lombardijen (Aesopusplaats),51.880478018,4.530040287,10,2,9999
2026-03-18T16:13:02.225045,558e4a5a-eaba-11ee-a9f0-82366b51b915,BH Blijdorplaan ,51.927389289,4.440437692,22,22,9999
2026-03-18T16:13:02.225045,5a8de282-36ee-11f0-ab1d-9ae3af3bf913,BH van Blommesteynweg,51.888148155,4.460842726,10,2,9999
2026-03-18T16:13:02.225045,078569ee-a5b5-11f0-ab44-baed9603afbb,Nieuwe Waterwegstraat (digitale testhub),51.900682979,4.390873601,12,0,9999
2026-03-18T16:13:02.225045,8e5dd27e-06fd-11ef-b58d-569a23b994be,BH Prins Alexanderplein,51.951040272,4.553684972,14,0,9999
2026-03-18T16:13:02.225045,a6843864-fbc4-11ee-b58d-569a23b994be,Trompenburg 1,51.917696349,4.517981647,10,12,0
2026-03-18T16:13:02.225045,5b583480-a8da-11ef-8778-d2279db84567,BH Duyststraat,51.910073429,4.452225738,8,7,9999
2026-03-18T16:13:02.225045,2510e9ba-a5b6-11f0-847a-baed9603afbb,Hub Kloosterplaats,51.91675013,4.402112308,6,2,9999
2026-03-18T16:13:02.225045,880e3e72-a8dd-11ef-8778-d2279db84567,BH Spaansebocht,51.917413667,4.430014126,9,0,9999
2026-03-18T16:13:02.225045,b5b3324a-edb9-11ee-a9f0-82366b51b915,BH Siondwarsstraat,51.925261494,4.51053174,10,0,9999
2026-03-18T16:13:02.225045,94b01d94-edc6-11ee-a9f0-82366b51b915,BH Schuttersveld,51.933248028,4.490978921,10,1,9999
2026-03-18T16:13:02.225045,69b33170-edbd-11ee-a9f0-82366b51b915,BH Metro Oostplein 2,51.923145722,4.496820843,10,6,9999
2026-03-18T16:13:02.225045,67d6af9a-f068-11ef-ba40-0ea3ed1ae564,HUB Hof van Spaland - Schiedamseweg,51.934898803,4.378145906,12,0,9999
2026-03-18T16:13:02.225045,4933dd54-9e7c-11ee-a91e-ee69b7c7763e,BH Willem Ruyslaan (Luzac College),51.925421889,4.508669446,10,8,9999
2026-03-18T16:13:02.225045,9f935b6c-b095-11ef-b6d3-56d88772ab1a,BH Bergpolderplein,51.945227242,4.474988047,8,2,9999
2026-03-18T16:13:02.225045,8a2d056c-bb93-11ef-a02d-6ea8ed91bd56,BH NS Station Noord (Bergweg),51.941530048,4.481339526,10,1,9
2026-03-18T16:13:02.225045,4d95ab34-8122-11ed-b1e6-fa4fb8e2990b,RK Metrostation Maashaven ,51.896573582,4.494245173,30,5,9999
2026-03-18T16:13:02.225045,3d015ff0-8394-11ee-bb01-c602c1905375,BH Metrostation Oosterflank,51.945209326,4.555045447,10,2,9999
2026-03-18T16:13:02.225045,defeb050-a747-11ef-8778-d2279db84567,BH Karel Doormanstraat,51.922789549,4.473609692,9,6,9999
2026-03-18T16:13:02.225045,b5dc5454-890f-11ee-bb01-c602c1905375,BH Schilderstraat,51.916377397,4.48142868,8,5,9999
2026-03-18T16:13:02.225045,2f12ae3e-806c-11ed-b1e6-fa4fb8e2990b,BH Winkelcentrum Keizerswaard-Herenw,51.886358391,4.549308056,15,3,9999
2026-03-18T16:13:02.225045,3b6d73a8-805d-11ed-b1e6-fa4fb8e2990b,BH Metrostation Melanchtonweg,51.94881199,4.465233746,10,2,9999
2026-03-18T16:13:02.225045,d5832958-891a-11ee-bb01-c602c1905375,BH Metro Zuidplein (nieuw),51.887180341,4.491554668,10,2,9999
2026-03-18T16:13:02.225045,a535094e-b162-11ef-bdcd-5adc5d29ed54,BH Eudokiaplein,51.932433484,4.47153255,9,5,9999
2026-03-18T16:13:02.225045,437f8dc8-bd9e-11ed-b1e6-fa4fb8e2990b,RK Hillevliet,51.89558515,4.506432514,10,0,9999
2026-03-18T16:13:02.225045,f10d8ab4-9997-11ee-a91e-ee69b7c7763e,BH Shell Hofplein,51.925705456,4.477781355,28,4,9999
2026-03-18T16:13:02.225045,94467720-8127-11ed-b1e6-fa4fb8e2990b,RK Persoonsdam,51.909309099,4.508017165,10,6,9999
2026-03-18T16:13:02.225045,9245444a-2023-11f0-ab1d-9ae3af3bf913,BH Witte de Withstraat,51.915906523,4.478080905,10,5,9999
2026-03-18T16:13:02.225045,49d59348-ff64-11ef-b515-a65a77daff90,BH Bergweg (Dirk van den Broek),51.93856254,4.479465675,6,0,9999
2026-03-18T16:13:02.225045,30fb96bc-8124-11ed-b1e6-fa4fb8e2990b,RK Beverwaardseweg/ Borgharensingel,51.898798338,4.564663375,10,2,9999
2026-03-18T16:13:02.225045,9a1fb404-8ab3-11ee-bb01-c602c1905375,BH Langenhorst ,51.874120882,4.494254863,10,4,9999
2026-03-18T16:13:02.225045,abe67bfa-b096-11ef-b6d3-56d88772ab1a,BH Wilgenplaslaan/ Donkersingel,51.951337599,4.47048253,10,7,9999
2026-03-18T16:13:02.225045,068b0f9c-a8dd-11ef-8778-d2279db84567,BH Vierhavenstraat (Sahan),51.908502395,4.437727106,4,1,9999
2026-03-18T16:13:02.225045,bc0e7e9c-a8da-11ef-8778-d2279db84567,BH Jan van Vuchtstraat,51.917045317,4.460830874,6,5,9999
2026-03-18T16:13:02.225045,8b721818-a5b2-11f0-ab44-baed9603afbb,Lekstraat,51.90446958,4.406985264,6,1,9999
2026-03-18T16:13:02.225045,ad212572-06f7-11ef-b58d-569a23b994be,BH Molenlaan/Grindweg,51.963224537,4.49571068,10,2,9999
2026-03-18T16:13:02.225045,f8828c3e-806d-11ed-b1e6-fa4fb8e2990b,RK Station Rdam Zuid,51.905545015,4.509568537,15,4,9999
2026-03-18T16:13:02.225045,5f71799e-806b-11ed-b1e6-fa4fb8e2990b,BH Willemsplein,51.911118908,4.481894771,17,2,9999
2026-03-18T16:13:02.225045,42824336-bd97-11ed-b1e6-fa4fb8e2990b,RK Groene Hilledijk,51.882726433,4.504266667,10,0,9999
2026-03-18T16:13:02.225045,db6932f4-182b-11ef-a8d1-42f0fecaeb6a,BH Metrostation Nesselande,51.978969273,4.586177782,10,0,9999
2026-03-18T16:13:02.225045,e26322b0-2025-11f0-ab1d-9ae3af3bf913,BH Brielselaan,51.896298935,4.489248091,4,2,9999
2026-03-18T16:13:02.225045,c862b7f2-06fb-11ef-b58d-569a23b994be,BH Prins Alexanderlaan (metrobaan zijde),51.952192324,4.551435621,10,1,9999
2026-03-18T16:13:02.225045,c53689c2-8124-11ed-b1e6-fa4fb8e2990b,RK Peellandstraat / Beesdestraat ,51.888535309,4.567291893,10,3,9999
2026-03-18T16:13:02.225045,8f5d35a0-1834-11ef-8071-42f0fecaeb6a,BH Jan Bijloostraat (Winkelcentrum Lage Land),51.941821995,4.546449269,9,4,9999
2026-03-18T16:13:02.225045,f8fcd3a4-983a-11ef-a85a-be896af2d3a5,BH Rhijnauwensingel,51.892161199,4.569620613,12,6,9999
2026-03-18T16:13:02.225045,118239d4-a5b2-11f0-ab44-baed9603afbb,Lorentzlaan (bushalte),51.917994492,4.415061192,4,8,9999
2026-03-18T16:13:02.225045,0c107276-bdb7-11ed-b1e6-fa4fb8e2990b,RK Sandelingenplein,51.889562128,4.506962326,10,2,9999
2026-03-18T16:13:02.225045,75b8bea6-81d8-11ed-b1e6-fa4fb8e2990b,RK Metrostation Maashaven (Putselaan),51.897794241,4.495760713,10,2,9999
2026-03-18T16:13:02.225045,a20bbbae-bdae-11ed-b1e6-fa4fb8e2990b,RK Frankendaal,51.886951976,4.521294152,10,1,9999
2026-03-18T16:13:02.225045,bc839806-a5b1-11f0-ab44-baed9603afbb,Van het Hoffplein (Boerhavelaan),51.916219132,4.412005574,8,3,9999
2026-03-18T16:13:02.225045,f1df385c-f5b2-11ef-81b3-76e5c571f05f,HUB Admiraal de Ruyterstraat,51.906742474,4.38554997,8,0,9999
2026-03-18T16:13:02.225045,4247dd56-1c9f-11ee-8219-8ed3b2364c4f,BH Metro Coolhaven,51.909218289,4.458167882,10,7,9999
2026-03-18T16:13:02.225045,65af1c24-06f4-11ef-b58d-569a23b994be,BH Meerum Terwogtlaan,51.951763386,4.524587387,10,2,9999
2026-03-18T17:19:42.156016,2c632780-a8de-11ef-8778-d2279db84567,BH Schuttevaerweg,51.922420472,4.434869706,10,3,9999
2026-03-18T17:19:42.156016,a3c07f10-a5b5-11f0-b05b-baed9603afbb,HUB Hoofdbrug,51.908705902,4.406131267,8,2,9999
2026-03-18T17:19:42.156016,b9bfe680-fbc4-11ee-b58d-569a23b994be,Trompenburg 2,51.917638379,4.518889893,10,1,9
2026-03-18T17:19:42.156016,3c659862-a8dd-11ef-8778-d2279db84567,BH Mayflowerstraat,51.905015647,4.440161906,10,7,9999
2026-03-18T17:19:42.156016,e0a4baca-a748-11ef-8778-d2279db84567,BH Mariniersweg,51.920853425,4.490979502,10,9,9999
2026-03-18T17:19:42.156016,c35c448e-06fc-11ef-b58d-569a23b994be,BH Jacob van Campenweg ,51.942434165,4.537976212,7,6,9999
2026-03-18T17:19:42.156016,438486f4-a5b6-11f0-a150-baed9603afbb,HUB Koemarkt ingang garage,51.914517902,4.401917461,6,3,9999
2026-03-18T17:19:42.156016,365f4a3e-a5b3-11f0-ab44-baed9603afbb,Rubensplein,51.911712719,4.383665134,6,0,9999
2026-03-18T17:19:42.156016,a85b996e-fe23-11ee-b58d-569a23b994be,BH Dirk van der Kooijweg (Waterleliesingel),51.953796964,4.52009166,10,1,9999
2026-03-18T17:19:42.156016,19e2de56-b5d8-11ee-9ae6-5263e3f30f1e,BH STC Waalhaven,51.878297275,4.448759787,10,0,9999
2026-03-18T17:19:42.156016,c6c213ee-ed18-11ef-9957-f683e5eb607c,BH Langenhorst (Binkhorst),51.877310029,4.494737503,10,2,9999
2026-03-18T17:19:42.156016,3366f8b0-a8dc-11ef-8778-d2279db84567,BH Vierhavenstraat (WoonEnzo),51.907777562,4.438830385,4,8,9999
2026-03-18T17:19:42.156016,04a89aea-a5b3-11f0-ab44-baed9603afbb,Groenelaan Hagastraat (Winkelcentrum),51.907303396,4.402285408,4,3,9999
2026-03-18T17:19:42.156016,32638aa6-a5b5-11f0-9f09-baed9603afbb,HUB Laan van Bol'es,51.928443203,4.370771711,10,3,9999
2026-03-18T17:19:42.156016,291c2f72-a749-11ef-8778-d2279db84567,BH Westzeedijk,51.909321622,4.471436479,10,8,9999
2026-03-18T17:19:42.156016,abd627be-67bb-11f0-91de-5eaa9feacc9b,BH Schiekade (Heer Bokelweg),51.927133058,4.476309832,10,0,9999
2026-03-18T17:19:42.156016,8948d5a4-b094-11ef-b6d3-56d88772ab1a,BH Duivenpad,51.964922912,4.498254116,8,4,9999
2026-03-18T17:19:42.156016,227e8c1e-be97-11ee-9ae6-5263e3f30f1e,HUB Metrostation Troelstralaan,51.915742295,4.384972326,10,1,9999
2026-03-18T17:19:42.156016,0af509a8-06f7-11ef-b58d-569a23b994be,BH Beethovensingel,51.96114919,4.505141448,10,4,9999
2026-03-18T17:19:42.156016,dc06f296-1768-11ef-8071-42f0fecaeb6a,BH Prins Alexanderlaan (Oosterflank),51.946646256,4.553811478,12,2,9999
2026-03-18T17:19:42.156016,221af3ce-7fe1-11ee-bb01-c602c1905375,BH Metro Prinsenlaan,51.940647564,4.556931306,10,1,9999
2026-03-18T17:19:42.156016,a793d6ba-edc8-11ee-a9f0-82366b51b915,BH Infirmeriestraat,51.922255603,4.502265891,10,7,9999
2026-03-18T17:19:42.156016,0359e1a2-bdb3-11ed-b1e6-fa4fb8e2990b,RK Rosestraat 11C,51.902954022,4.511377745,10,11,9999
2026-03-18T17:19:42.156016,87f07e20-9e78-11ee-a91e-ee69b7c7763e,BH Marconistraat (Lee Towers),51.912441021,4.430411189,14,5,9999
2026-03-18T17:19:42.156016,f539bd6e-06f8-11ef-b58d-569a23b994be,BH Meijersplein,51.955657978,4.463033845,8,2,9999
2026-03-18T17:19:42.156016,70f0801a-8071-11ed-b1e6-fa4fb8e2990b,RK treinstation Lombardijen,51.88057913,4.531905572,30,3,9999
2026-03-18T17:19:42.156016,43752ffc-a8db-11ef-8778-d2279db84567,BH Pieter de Hoochweg,51.906316301,4.459985731,6,5,9999
2026-03-18T17:19:42.156016,b35ddad8-ab08-11ef-8778-d2279db84567,HUB Rotterdamsedijk 272,51.914957692,4.40343084,8,1,9999
2026-03-18T17:19:42.156016,9b1fa0f6-ae3c-11ee-a91e-ee69b7c7763e,BH Winkelhart Plein 1953,51.874842065,4.467889739,10,2,9999
2026-03-18T17:19:42.156016,8bd90878-0884-11f0-9a47-66143dd92f22,RK Molenvliet,51.882626536,4.521159806,10,3,9999
2026-03-18T17:19:42.156016,45450b66-a5b2-11f0-ab44-baed9603afbb,Maasdijk (Gustoweg),51.906629018,4.412009895,6,1,9999
2026-03-18T17:19:42.156016,4de2effe-f068-11ef-ba40-0ea3ed1ae564,HUB Hof van Spaland - Vlaardingseweg,51.935841728,4.376077923,4,1,9999
2026-03-18T17:19:42.156016,d38c6468-06fe-11ef-b58d-569a23b994be,BH Kleine Beer,51.950902127,4.555051083,6,0,9999
2026-03-18T17:19:42.156016,e552904e-182b-11ef-a8d1-42f0fecaeb6a,BH Metrostation Hesseplaats,51.963345229,4.554510684,10,3,9999
2026-03-18T17:19:42.156016,1826196c-b162-11ef-bdcd-5adc5d29ed54,BH Bentincklaan (Diergaarde Blijdorp),51.92572504,4.454794024,10,6,9999
2026-03-18T17:19:42.156016,8a1e5ed0-1c9e-11ee-8219-8ed3b2364c4f,BH Sparta stadion,51.920151368,4.434428835,20,14,9999
2026-03-18T17:19:42.156016,d3c9003c-b486-11ee-9ae6-5263e3f30f1e,BH Oostzeedijk Beneden,51.922514244,4.503092963,10,14,9999
2026-03-18T17:19:42.156016,552a82b8-b094-11ef-b6d3-56d88772ab1a,BH Hockeyclub Rotterdam,51.96869974,4.484731647,25,6,9999
2026-03-18T17:19:42.156016,cb3f6d1c-a746-11ef-8778-d2279db84567,BH Vasteland (AH),51.911537089,4.478368712,10,4,9999
2026-03-18T17:19:42.156016,d4a8557a-eabd-11ef-ac99-aa7241d1fb4f,HUB Admiraal Trompstraat (Huisman),51.908834504,4.381923039,8,0,9999
2026-03-18T17:19:42.156016,00e8b3de-9e82-11ee-a91e-ee69b7c7763e,BH Jacques Dutilhweg,51.927993284,4.5475155,10,7,9999
2026-03-18T17:19:42.156016,d868fe52-36e5-11f0-ab1d-9ae3af3bf913,BH Sluisjesdijk,51.894714517,4.461900478,10,5,0
2026-03-18T17:19:42.156016,4338fed2-edbb-11ee-a9f0-82366b51b915,BH Oostzeedijk Beneden 2,51.921653595,4.507031037,10,8,9999
2026-03-18T17:19:42.156016,2c82bb9a-217b-11ee-8219-8ed3b2364c4f,Hub Weena,51.922738296,4.469181329,142,1,9999
2026-03-18T17:19:42.156016,96f5cbdc-06f6-11ef-b58d-569a23b994be,BH Argonautenweg,51.959086712,4.49354982,10,2,9999
2026-03-18T17:19:42.156016,2f51713e-32b7-11ee-8219-8ed3b2364c4f,Hub P+R Capelsebrug,51.920991793,4.559215491,18,6,9999
2026-03-18T17:19:42.156016,62b0255a-9e7a-11ee-a91e-ee69b7c7763e,BH Vierhavenstraat,51.910327597,4.434992993,16,3,9999
2026-03-18T17:19:42.156016,2b10524e-06f5-11ef-b58d-569a23b994be,BH Piet van der Polsingel,51.950618784,4.518612648,8,2,9999
2026-03-18T17:19:42.156016,47070056-06fa-11ef-b58d-569a23b994be,BH Metrostation Schenkel,51.931770435,4.56406792,12,1,9999
2026-03-18T17:19:42.156016,7a8c12ba-91ab-11ed-b1e6-fa4fb8e2990b,BH Metrostation Slinge,51.874526023,4.477872534,15,6,9999
2026-03-18T17:19:42.156016,026045c6-8530-11ee-bb01-c602c1905375,BH Winkelhart Katendrechtse Lagedijk,51.891184937,4.479440034,10,6,9999
2026-03-18T17:19:42.156016,9d9bb8ec-4bd1-11ee-bb01-c602c1905375,BH Marconiplein,51.913319277,4.432514448,10,7,9999
2026-03-18T17:19:42.156016,8330f3ca-a5b4-11f0-ab44-baed9603afbb,Fokkerstraat Plesmanstraat,51.929694009,4.399576614,4,0,9999
2026-03-18T17:19:42.156016,5b842034-5331-11f0-ab1d-9ae3af3bf913,BH Walenburgerweg,51.926698659,4.462629155,10,3,9999
2026-03-18T17:19:42.156016,a08059b6-b484-11ee-9ae6-5263e3f30f1e,BH Metrostation Gerdesiaweg,51.925444134,4.506155972,10,6,9999
2026-03-18T17:19:42.156016,2f718c84-8911-11ee-bb01-c602c1905375,BH Metro Dijkzigt - EMC,51.911789199,4.466334846,20,12,9999
2026-03-18T17:19:42.156016,f58e41fc-1c9f-11ee-8219-8ed3b2364c4f,BH Heemraadsplein,51.912322959,4.455058085,10,5,9999
2026-03-18T17:19:42.156016,79fdd038-34b8-11f0-ab1d-9ae3af3bf913,BH RTHA Airport,51.94924845,4.432611987,10,6,0
2026-03-18T17:19:42.156016,1c41897e-596e-11ef-bed6-aa139991deb4,HUB Metrostation Nieuwland / Bijdorpplein,51.922583819,4.38260008,10,1,9999
2026-03-18T17:19:42.156016,a57d027c-8912-11ee-bb01-c602c1905375,BH Delftse Poort,51.924408145,4.472816464,10,7,9999
2026-03-18T17:19:42.156016,6383849a-2038-11f0-ab1d-9ae3af3bf913,BH - Kralingsebos (Langepad),51.936318565,4.506197017,10,5,9999
2026-03-18T17:19:42.156016,e90e9332-06f5-11ef-b58d-569a23b994be,BH Burgemeester Le Fèvre de Montignylaan,51.957620055,4.501711782,10,1,9999
2026-03-18T17:19:42.156016,5cb3ffde-bdaf-11ed-b1e6-fa4fb8e2990b,RK Stadionlaan,51.892328813,4.530682857,10,5,9999
2026-03-18T17:19:42.156016,02bed1f8-8392-11ee-bb01-c602c1905375,BH Station Alexander,51.951735827,4.551049232,10,0,9999
2026-03-18T17:19:42.156016,08d5cf66-8ab2-11ee-bb01-c602c1905375,BH Winkelhart Asterlo,51.873536387,4.483591736,10,0,9999
2026-03-18T17:19:42.156016,0e51e024-c757-11ee-9ae6-5263e3f30f1e,BH Metrostation Binnenhof,51.960437867,4.535372966,10,3,9999
2026-03-18T17:19:42.156016,409f87f6-890f-11ee-bb01-c602c1905375,BH Metro Beurs,51.917806013,4.480107053,8,0,9999
2026-03-18T17:19:42.156016,d6a7cd26-4d08-11f0-ab1d-9ae3af3bf913,BH - Oudehoofdplein-Haringvliet,51.918979475,4.49384405,10,8,9999
2026-03-18T17:19:42.156016,f0ad9b92-1767-11ef-8071-42f0fecaeb6a,BH Prinsenlaan,51.937206457,4.536127586,10,1,9999
2026-03-18T17:19:42.156016,f06fd44c-2035-11f0-ab1d-9ae3af3bf913,BH Boezemlaan,51.938982631,4.495864471,10,14,9999
2026-03-18T17:19:42.156016,8d91a90c-9e83-11ee-a91e-ee69b7c7763e,BH Kraaierstraat,51.91909698,4.418192898,8,7,9999
2026-03-18T17:19:42.156016,a2671a36-bdad-11ed-b1e6-fa4fb8e2990b,RK Dwarsdijk,51.893055987,4.539201504,10,6,9999
2026-03-18T17:19:42.156016,376a5cda-06f8-11ef-b58d-569a23b994be,BH Ganzerikplein,51.958953276,4.471584016,10,4,9999
2026-03-18T17:19:42.156016,5cdd9872-b096-11ef-b6d3-56d88772ab1a,BH Wilgenplaslaan/ Meidoornsingel,51.953868042,4.468211582,7,4,9999
2026-03-18T17:19:42.156016,952a3e78-a8db-11ef-8778-d2279db84567,BH Lloydstraat,51.902214281,4.461287644,10,3,9999
2026-03-18T17:19:42.156016,a6fa0910-8067-11ed-b1e6-fa4fb8e2990b,BH Stadion Fey (Bert Heesakkerstr.),51.896805818,4.521735582,50,2,9999
2026-03-18T17:19:42.156016,a1337d02-e018-11ed-a249-96cdaf8f7240,BH Sint Franciscus,51.942171146,4.460534407,25,14,9999
2026-03-18T17:19:42.156016,d3cea108-8285-11f0-ab44-baed9603afbb,BH - Ratelaarweg,51.967431611,4.463349689,10,0,9999
2026-03-18T17:19:42.156016,3bef7002-bdb5-11ed-b1e6-fa4fb8e2990b,RK Breeweg,51.890630632,4.514261169,10,0,9999
2026-03-18T17:19:42.156016,8c90734c-45bb-11ee-8219-8ed3b2364c4f,BH Coen Moulijnweg,51.893813253,4.526876329,42,2,9999
2026-03-18T17:19:42.156016,1b098490-2037-11f0-ab1d-9ae3af3bf913,BH Karmelweg,51.933461291,4.5029394,8,6,9999
2026-03-18T17:19:42.156016,23348a06-bdb1-11ed-b1e6-fa4fb8e2990b,RK Guido Gezelleweg,51.87434607,4.523238145,10,9,9999
2026-03-18T17:19:42.156016,66824038-37b2-11ef-a21a-8e54a72a50da,HUB Metrostation Parkweg / Zuidzijde,51.921443238,4.39475836,10,2,7
2026-03-18T17:19:42.156016,2c127298-ff25-11ef-a79f-a65a77daff90,BH Aert van Nesstraat,51.921141166,4.478916173,8,6,9999
2026-03-18T17:19:42.156016,cde445c6-a744-11ef-8778-d2279db84567,BH Groenendaal,51.921685178,4.492944049,6,8,9999
2026-03-18T17:19:42.156016,97c6a1c2-a8da-11ef-8778-d2279db84567,BH Henegouwerplein,51.921807589,4.460561523,10,8,9999
2026-03-18T17:19:42.156016,e68d5642-a5b5-11f0-b6c1-baed9603afbb,HUB NS Station Schiedam Centrum/ Professor Kamerlingh Onneslaan,51.92071744,4.408262487,12,4,9999
2026-03-18T17:19:42.156016,82623a40-bda3-11ed-b1e6-fa4fb8e2990b,RK Rosestraat,51.91100607,4.501308573,10,4,9999
2026-03-18T17:19:42.156016,b7353df6-b485-11ee-9ae6-5263e3f30f1e,BH Metrostation Kralingsezoom (Gravenweg),51.921751706,4.533850265,10,2,9999
2026-03-18T17:19:42.156016,6c34980a-bb92-11ef-a02d-6ea8ed91bd56,BH Gordelweg (Lidl),51.940472428,4.479798999,4,1,9999
2026-03-18T17:19:42.156016,5904bd1a-a5b5-11f0-b05b-baed9603afbb,HUB Hof van Spaland - Bachplein,51.934889388,4.374726808,8,4,9999
2026-03-18T17:19:42.156016,32ca5fd0-8126-11ed-b1e6-fa4fb8e2990b,RK Vuurplaat,51.906526668,4.505838102,10,0,9999
2026-03-18T17:19:42.156016,f94a1ff6-b095-11ef-b6d3-56d88772ab1a,BH Bm Le Fèvre de Montignylaan/ Jeroen Boschlaan,51.955641943,4.505982462,6,2,9999
2026-03-18T17:19:42.156016,4228b402-8537-11ee-bb01-c602c1905375,BH Tongelaarweg,51.895280064,4.563514996,10,0,9999
2026-03-18T17:19:42.156016,6f66a60c-36e5-11f0-ab1d-9ae3af3bf913,BH Lloydpier,51.904487669,4.460458303,8,3,4
2026-03-18T17:19:42.156016,7d81b63e-a5b5-11f0-b05b-baed9603afbb,HUB 's Gravelandseweg,51.932091958,4.401924037,6,2,9999
2026-03-18T17:19:42.156016,a3dbb322-8121-11ed-b1e6-fa4fb8e2990b,RK Metrostation Rijnhaven ,51.902216981,4.49610172,15,9,9999
2026-03-18T17:19:42.156016,cf23b50e-9ad0-11f0-ab44-baed9603afbb,BH Natuurhistorisch museum,51.911022288,4.472728259,12,0,9999
2026-03-18T17:19:42.156016,d55243f6-182b-11ef-a8d1-42f0fecaeb6a,BH Siciliëboulevard ,51.97996654,4.580859756,10,0,9999
2026-03-18T17:19:42.156016,e0f7ef36-a5b4-11f0-ab44-baed9603afbb,Havenstraat einde (digitale testhub),51.900396883,4.398614319,12,0,9999
2026-03-18T17:19:42.156016,05d1d708-eabd-11ef-88c2-aa7241d1fb4f,HUB De Thermen ,51.927426752,4.380236246,8,0,9999
2026-03-18T17:19:42.156016,b3381a7a-2036-11f0-ab1d-9ae3af3bf913,BH Oudedijk / de Nieuwe Plantage,51.929149075,4.505248613,8,6,9999
2026-03-18T17:19:42.156016,8b480576-eabc-11ee-a9f0-82366b51b915,BH Schiedamseweg Beneden,51.914135146,4.422297364,5,4,9999
2026-03-18T17:19:42.156016,89a2f1d2-a5b3-11f0-ab44-baed9603afbb,Metrostation Vijfsluizen,51.908108215,4.37254105,8,3,9999
2026-03-18T17:19:42.156016,e50f3d1e-f069-11ef-9ed7-0ea3ed1ae564,HUB Oranjestraat - Lange Nieuwstraat,51.913368472,4.40030457,5,1,9999
2026-03-18T17:19:42.156016,4c1b19a4-d0a1-11ee-8b0e-065810cc8d78,BH Elandstraat,51.910800072,4.553878993,10,7,9999
2026-03-18T17:19:42.156016,bbbba24e-806e-11ed-b1e6-fa4fb8e2990b,RK P+R Noorderhelling,51.894761016,4.532122707,15,1,9999
2026-03-18T17:19:42.156016,3ac0b682-8129-11ed-b1e6-fa4fb8e2990b,RK Cor Kieboomplein,51.896922039,4.523502821,15,2,9999
2026-03-18T17:19:42.156016,5a3ffbf4-37b1-11ef-a21a-8e54a72a50da,HUB Metrostation Nieuwland / Van Limburg Stirumstraat,51.922446663,4.38308784,6,0,2
2026-03-18T17:19:42.156016,5d8d12a2-a5b4-11f0-ab44-baed9603afbb,Van Heekstraat,51.931167557,4.406024405,4,0,9999
2026-03-18T17:19:42.156016,f251d6e8-0b82-11ef-b58d-569a23b994be,BH Metrostation Graskruid ,51.956473743,4.550010233,8,2,9999
2026-03-18T17:19:42.156016,a4d2ea7c-b2f0-11ef-aa57-62870c7808bb,BH 2e Hogenbanweg,51.936951327,4.427707182,8,4,9999
2026-03-18T17:19:42.156016,75ba0d1a-2037-11f0-ab1d-9ae3af3bf913,BH Stadhoudersweg,51.931417737,4.461484988,10,4,9999
2026-03-18T17:19:42.156016,bc6b0d7e-a745-11ef-8778-d2279db84567,BH Goudsewagenstraat,51.923224462,4.493552746,8,9,9999
2026-03-18T17:19:42.156016,0f37eafc-8912-11ee-bb01-c602c1905375,BH Metro Oostplein,51.922677789,4.497608825,10,10,9999
2026-03-18T17:19:42.156016,aed7c2fa-8123-11ed-b1e6-fa4fb8e2990b,RK Groene Hilledijk/Beijerlandselaan,51.893806789,4.509452258,10,3,9999
2026-03-18T17:19:42.156016,c76f0318-bb92-11ef-a02d-6ea8ed91bd56,BH NS Centraal Station (Stationssingel),51.925399994,4.466148375,10,6,9999
2026-03-18T17:19:42.156016,361a368c-a5b4-11f0-ab44-baed9603afbb,Sportpark Haga (Epke Zonderlandstraat),51.921919868,4.370918199,8,1,9999
2026-03-18T17:19:42.156016,f4c0fe5e-02d6-11ef-b58d-569a23b994be,BH Paulus Potterstraat,51.9228414,4.508497696,10,11,9999
2026-03-18T17:19:42.156016,48cbf66e-9f15-11ee-a91e-ee69b7c7763e,BH Franselaan,51.917379138,4.420463507,10,7,9999
2026-03-18T17:19:42.156016,e9735b4e-7da7-11f0-ab44-baed9603afbb,BH Veldkersweg,51.966835673,4.46657292,8,2,9999
2026-03-18T17:19:42.156016,4b1ac684-bb93-11ef-a02d-6ea8ed91bd56,BH Noorderkanaalweg,51.940525593,4.472984586,9,6,9999
2026-03-18T17:19:42.156016,033a9392-3700-11f0-ab1d-9ae3af3bf913,BH Herman Bavinckstraat,51.915067882,4.521446921,10,2,9999
2026-03-18T17:19:42.156016,ffe8c3e8-a8da-11ef-8778-d2279db84567,BH Mathenesserplein,51.917836602,4.44508891,8,12,9999
2026-03-18T17:19:42.156016,e377069a-ff63-11ef-a79f-a65a77daff90,BH Kralingsebos Bosdreef/Pr. Beatrixlaan,51.93789612,4.501689644,8,6,9999
2026-03-18T17:19:42.156016,7af95f9c-a747-11ef-8778-d2279db84567,BH Kruisplein,51.92228569,4.47138789,6,4,9999
2026-03-18T17:19:42.156016,4c50cb7a-bdb6-11ed-b1e6-fa4fb8e2990b,RK Olympiaweg,51.886462746,4.529133302,10,3,9999
2026-03-18T17:19:42.156016,a694ef4e-36e5-11f0-ab1d-9ae3af3bf913,BH Neushoornstraat,51.913041554,4.553743002,6,0,0
2026-03-18T17:19:42.156016,be56ca62-8120-11ed-b1e6-fa4fb8e2990b,RK P+R Beverwaard,51.885771514,4.568986239,10,3,9999
2026-03-18T17:19:42.156016,d5af3bc4-806a-11ed-b1e6-fa4fb8e2990b,BH Kievitslaan,51.907226862,4.473300159,17,8,9999
2026-03-18T17:19:42.156016,dd006abc-a5b3-11f0-ab44-baed9603afbb,Havenstraat,51.903204365,4.398004897,8,1,9999
2026-03-18T17:19:42.156016,6f09af84-eabe-11ee-a9f0-82366b51b915,BH Delftseplein ,51.925206514,4.474011701,14,10,9999
2026-03-18T17:19:42.156016,1cfb89ec-806b-11ed-b1e6-fa4fb8e2990b,BH Westplein,51.908912961,4.478583441,10,9,9999
2026-03-18T17:19:42.156016,12fc10a4-bb94-11ef-a02d-6ea8ed91bd56,BH Noordplein,51.930251975,4.483699175,10,4,9999
2026-03-18T17:19:42.156016,276e8d26-bda0-11ed-b1e6-fa4fb8e2990b,RK Strevelsweg,51.889634937,4.495943368,15,0,9999
2026-03-18T17:19:42.156016,9e066470-2038-11f0-ab1d-9ae3af3bf913,BH Kralinger Esch,51.911179823,4.524762065,9,17,9999
2026-03-18T17:19:42.156016,9b1f0aaa-8125-11ed-b1e6-fa4fb8e2990b,RK Slaghekstraat - Beijerlandselaan,51.897574833,4.511261604,10,4,9999
2026-03-18T17:19:42.156016,b8c81048-2037-11f0-ab1d-9ae3af3bf913,BH Van Maanenstraat,51.932279316,4.464280453,6,4,9999
2026-03-18T17:19:42.156016,1f4ff66c-bdb8-11ed-b1e6-fa4fb8e2990b,RK Van der Takstraat ,51.914243737,4.496045621,10,4,9999
2026-03-18T17:19:42.156016,3b523cee-5c94-11f0-ab1d-9ae3af3bf913,BH - Wilhelminapier,51.90698281,4.489727426,14,4,9999
2026-03-18T17:19:42.156016,e8d292d2-039a-11ef-b58d-569a23b994be,BH Mia van Yperenplein ,51.928414546,4.545678043,10,5,9999
2026-03-18T17:19:42.156016,12daf18a-8068-11ed-b1e6-fa4fb8e2990b,BH Treinst. Lombardijen (Aesopusplaats),51.880478018,4.530040287,10,2,9999
2026-03-18T17:19:42.156016,558e4a5a-eaba-11ee-a9f0-82366b51b915,BH Blijdorplaan ,51.927389289,4.440437692,22,20,9999
2026-03-18T17:19:42.156016,5a8de282-36ee-11f0-ab1d-9ae3af3bf913,BH van Blommesteynweg,51.888148155,4.460842726,10,2,9999
2026-03-18T17:19:42.156016,078569ee-a5b5-11f0-ab44-baed9603afbb,Nieuwe Waterwegstraat (digitale testhub),51.900682979,4.390873601,12,0,9999
2026-03-18T17:19:42.156016,8e5dd27e-06fd-11ef-b58d-569a23b994be,BH Prins Alexanderplein,51.951040272,4.553684972,14,0,9999
2026-03-18T17:19:42.156016,a6843864-fbc4-11ee-b58d-569a23b994be,Trompenburg 1,51.917696349,4.517981647,10,14,0
2026-03-18T17:19:42.156016,5b583480-a8da-11ef-8778-d2279db84567,BH Duyststraat,51.910073429,4.452225738,8,7,9999
2026-03-18T17:19:42.156016,2510e9ba-a5b6-11f0-847a-baed9603afbb,Hub Kloosterplaats,51.91675013,4.402112308,6,0,9999
2026-03-18T17:19:42.156016,880e3e72-a8dd-11ef-8778-d2279db84567,BH Spaansebocht,51.917413667,4.430014126,9,0,9999
2026-03-18T17:19:42.156016,b5b3324a-edb9-11ee-a9f0-82366b51b915,BH Siondwarsstraat,51.925261494,4.51053174,10,0,9999
2026-03-18T17:19:42.156016,94b01d94-edc6-11ee-a9f0-82366b51b915,BH Schuttersveld,51.933248028,4.490978921,10,2,9999
2026-03-18T17:19:42.156016,69b33170-edbd-11ee-a9f0-82366b51b915,BH Metro Oostplein 2,51.923145722,4.496820843,10,6,9999
2026-03-18T17:19:42.156016,67d6af9a-f068-11ef-ba40-0ea3ed1ae564,HUB Hof van Spaland - Schiedamseweg,51.934898803,4.378145906,12,0,9999
2026-03-18T17:19:42.156016,4933dd54-9e7c-11ee-a91e-ee69b7c7763e,BH Willem Ruyslaan (Luzac College),51.925421889,4.508669446,10,6,9999
2026-03-18T17:19:42.156016,9f935b6c-b095-11ef-b6d3-56d88772ab1a,BH Bergpolderplein,51.945227242,4.474988047,8,1,9999
2026-03-18T17:19:42.156016,8a2d056c-bb93-11ef-a02d-6ea8ed91bd56,BH NS Station Noord (Bergweg),51.941530048,4.481339526,10,1,9
2026-03-18T17:19:42.156016,4d95ab34-8122-11ed-b1e6-fa4fb8e2990b,RK Metrostation Maashaven ,51.896573582,4.494245173,30,2,9999
2026-03-18T17:19:42.156016,3d015ff0-8394-11ee-bb01-c602c1905375,BH Metrostation Oosterflank,51.945209326,4.555045447,10,2,9999
2026-03-18T17:19:42.156016,defeb050-a747-11ef-8778-d2279db84567,BH Karel Doormanstraat,51.922789549,4.473609692,9,7,9999
2026-03-18T17:19:42.156016,b5dc5454-890f-11ee-bb01-c602c1905375,BH Schilderstraat,51.916377397,4.48142868,8,1,9999
2026-03-18T17:19:42.156016,2f12ae3e-806c-11ed-b1e6-fa4fb8e2990b,BH Winkelcentrum Keizerswaard-Herenw,51.886358391,4.549308056,15,3,9999
2026-03-18T17:19:42.156016,3b6d73a8-805d-11ed-b1e6-fa4fb8e2990b,BH Metrostation Melanchtonweg,51.94881199,4.465233746,10,2,9999
2026-03-18T17:19:42.156016,d5832958-891a-11ee-bb01-c602c1905375,BH Metro Zuidplein (nieuw),51.887180341,4.491554668,10,3,9999
2026-03-18T17:19:42.156016,a535094e-b162-11ef-bdcd-5adc5d29ed54,BH Eudokiaplein,51.932433484,4.47153255,9,8,9999
2026-03-18T17:19:42.156016,437f8dc8-bd9e-11ed-b1e6-fa4fb8e2990b,RK Hillevliet,51.89558515,4.506432514,10,0,9999
2026-03-18T17:19:42.156016,f10d8ab4-9997-11ee-a91e-ee69b7c7763e,BH Shell Hofplein,51.925705456,4.477781355,28,0,9999
2026-03-18T17:19:42.156016,94467720-8127-11ed-b1e6-fa4fb8e2990b,RK Persoonsdam,51.909309099,4.508017165,10,7,9999
2026-03-18T17:19:42.156016,9245444a-2023-11f0-ab1d-9ae3af3bf913,BH Witte de Withstraat,51.915906523,4.478080905,10,10,9999
2026-03-18T17:19:42.156016,49d59348-ff64-11ef-b515-a65a77daff90,BH Bergweg (Dirk van den Broek),51.93856254,4.479465675,6,0,9999
2026-03-18T17:19:42.156016,30fb96bc-8124-11ed-b1e6-fa4fb8e2990b,RK Beverwaardseweg/ Borgharensingel,51.898798338,4.564663375,10,2,9999
2026-03-18T17:19:42.156016,9a1fb404-8ab3-11ee-bb01-c602c1905375,BH Langenhorst ,51.874120882,4.494254863,10,4,9999
2026-03-18T17:19:42.156016,abe67bfa-b096-11ef-b6d3-56d88772ab1a,BH Wilgenplaslaan/ Donkersingel,51.951337599,4.47048253,10,8,9999
2026-03-18T17:19:42.156016,068b0f9c-a8dd-11ef-8778-d2279db84567,BH Vierhavenstraat (Sahan),51.908502395,4.437727106,4,2,9999
2026-03-18T17:19:42.156016,bc0e7e9c-a8da-11ef-8778-d2279db84567,BH Jan van Vuchtstraat,51.917045317,4.460830874,6,7,9999
2026-03-18T17:19:42.156016,8b721818-a5b2-11f0-ab44-baed9603afbb,Lekstraat,51.90446958,4.406985264,6,1,9999
2026-03-18T17:19:42.156016,ad212572-06f7-11ef-b58d-569a23b994be,BH Molenlaan/Grindweg,51.963224537,4.49571068,10,2,9999
2026-03-18T17:19:42.156016,f8828c3e-806d-11ed-b1e6-fa4fb8e2990b,RK Station Rdam Zuid,51.905545015,4.509568537,15,4,9999
2026-03-18T17:19:42.156016,5f71799e-806b-11ed-b1e6-fa4fb8e2990b,BH Willemsplein,51.911118908,4.481894771,17,5,9999
2026-03-18T17:19:42.156016,42824336-bd97-11ed-b1e6-fa4fb8e2990b,RK Groene Hilledijk,51.882726433,4.504266667,10,1,9999
2026-03-18T17:19:42.156016,db6932f4-182b-11ef-a8d1-42f0fecaeb6a,BH Metrostation Nesselande,51.978969273,4.586177782,10,0,9999
2026-03-18T17:19:42.156016,e26322b0-2025-11f0-ab1d-9ae3af3bf913,BH Brielselaan,51.896298935,4.489248091,4,3,9999
2026-03-18T17:19:42.156016,c862b7f2-06fb-11ef-b58d-569a23b994be,BH Prins Alexanderlaan (metrobaan zijde),51.952192324,4.551435621,10,0,9999
2026-03-18T17:19:42.156016,c53689c2-8124-11ed-b1e6-fa4fb8e2990b,RK Peellandstraat / Beesdestraat ,51.888535309,4.567291893,10,3,9999
2026-03-18T17:19:42.156016,8f5d35a0-1834-11ef-8071-42f0fecaeb6a,BH Jan Bijloostraat (Winkelcentrum Lage Land),51.941821995,4.546449269,9,2,9999
2026-03-18T17:19:42.156016,f8fcd3a4-983a-11ef-a85a-be896af2d3a5,BH Rhijnauwensingel,51.892161199,4.569620613,12,6,9999
2026-03-18T17:19:42.156016,118239d4-a5b2-11f0-ab44-baed9603afbb,Lorentzlaan (bushalte),51.917994492,4.415061192,4,8,9999
2026-03-18T17:19:42.156016,0c107276-bdb7-11ed-b1e6-fa4fb8e2990b,RK Sandelingenplein,51.889562128,4.506962326,10,1,9999
2026-03-18T17:19:42.156016,75b8bea6-81d8-11ed-b1e6-fa4fb8e2990b,RK Metrostation Maashaven (Putselaan),51.897794241,4.495760713,10,1,9999
2026-03-18T17:19:42.156016,a20bbbae-bdae-11ed-b1e6-fa4fb8e2990b,RK Frankendaal,51.886951976,4.521294152,10,1,9999
2026-03-18T17:19:42.156016,bc839806-a5b1-11f0-ab44-baed9603afbb,Van het Hoffplein (Boerhavelaan),51.916219132,4.412005574,8,3,9999
2026-03-18T17:19:42.156016,f1df385c-f5b2-11ef-81b3-76e5c571f05f,HUB Admiraal de Ruyterstraat,51.906742474,4.38554997,8,0,9999
2026-03-18T17:19:42.156016,4247dd56-1c9f-11ee-8219-8ed3b2364c4f,BH Metro Coolhaven,51.909218289,4.458167882,10,4,9999
2026-03-18T17:19:42.156016,65af1c24-06f4-11ef-b58d-569a23b994be,BH Meerum Terwogtlaan,51.951763386,4.524587387,10,2,9999
2026-03-18T18:14:12.350152,2c632780-a8de-11ef-8778-d2279db84567,BH Schuttevaerweg,51.922420472,4.434869706,10,3,9999
2026-03-18T18:14:12.350152,a3c07f10-a5b5-11f0-b05b-baed9603afbb,HUB Hoofdbrug,51.908705902,4.406131267,8,2,9999
2026-03-18T18:14:12.350152,b9bfe680-fbc4-11ee-b58d-569a23b994be,Trompenburg 2,51.917638379,4.518889893,10,1,9
2026-03-18T18:14:12.350152,3c659862-a8dd-11ef-8778-d2279db84567,BH Mayflowerstraat,51.905015647,4.440161906,10,8,9999
2026-03-18T18:14:12.350152,e0a4baca-a748-11ef-8778-d2279db84567,BH Mariniersweg,51.920853425,4.490979502,10,12,9999
2026-03-18T18:14:12.350152,c35c448e-06fc-11ef-b58d-569a23b994be,BH Jacob van Campenweg ,51.942434165,4.537976212,7,5,9999
2026-03-18T18:14:12.350152,438486f4-a5b6-11f0-a150-baed9603afbb,HUB Koemarkt ingang garage,51.914517902,4.401917461,6,3,9999
2026-03-18T18:14:12.350152,365f4a3e-a5b3-11f0-ab44-baed9603afbb,Rubensplein,51.911712719,4.383665134,6,0,9999
2026-03-18T18:14:12.350152,a85b996e-fe23-11ee-b58d-569a23b994be,BH Dirk van der Kooijweg (Waterleliesingel),51.953796964,4.52009166,10,1,9999
2026-03-18T18:14:12.350152,19e2de56-b5d8-11ee-9ae6-5263e3f30f1e,BH STC Waalhaven,51.878297275,4.448759787,10,0,9999
2026-03-18T18:14:12.350152,c6c213ee-ed18-11ef-9957-f683e5eb607c,BH Langenhorst (Binkhorst),51.877310029,4.494737503,10,2,9999
2026-03-18T18:14:12.350152,3366f8b0-a8dc-11ef-8778-d2279db84567,BH Vierhavenstraat (WoonEnzo),51.907777562,4.438830385,4,8,9999
2026-03-18T18:14:12.350152,04a89aea-a5b3-11f0-ab44-baed9603afbb,Groenelaan Hagastraat (Winkelcentrum),51.907303396,4.402285408,4,2,9999
2026-03-18T18:14:12.350152,32638aa6-a5b5-11f0-9f09-baed9603afbb,HUB Laan van Bol'es,51.928443203,4.370771711,10,3,9999
2026-03-18T18:14:12.350152,291c2f72-a749-11ef-8778-d2279db84567,BH Westzeedijk,51.909321622,4.471436479,10,7,9999
2026-03-18T18:14:12.350152,abd627be-67bb-11f0-91de-5eaa9feacc9b,BH Schiekade (Heer Bokelweg),51.927133058,4.476309832,10,0,9999
2026-03-18T18:14:12.350152,8948d5a4-b094-11ef-b6d3-56d88772ab1a,BH Duivenpad,51.964922912,4.498254116,8,4,9999
2026-03-18T18:14:12.350152,227e8c1e-be97-11ee-9ae6-5263e3f30f1e,HUB Metrostation Troelstralaan,51.915742295,4.384972326,10,2,9999
2026-03-18T18:14:12.350152,0af509a8-06f7-11ef-b58d-569a23b994be,BH Beethovensingel,51.96114919,4.505141448,10,5,9999
2026-03-18T18:14:12.350152,dc06f296-1768-11ef-8071-42f0fecaeb6a,BH Prins Alexanderlaan (Oosterflank),51.946646256,4.553811478,12,1,9999
2026-03-18T18:14:12.350152,221af3ce-7fe1-11ee-bb01-c602c1905375,BH Metro Prinsenlaan,51.940647564,4.556931306,10,0,9999
2026-03-18T18:14:12.350152,a793d6ba-edc8-11ee-a9f0-82366b51b915,BH Infirmeriestraat,51.922255603,4.502265891,10,7,9999
2026-03-18T18:14:12.350152,0359e1a2-bdb3-11ed-b1e6-fa4fb8e2990b,RK Rosestraat 11C,51.902954022,4.511377745,10,11,9999
2026-03-18T18:14:12.350152,87f07e20-9e78-11ee-a91e-ee69b7c7763e,BH Marconistraat (Lee Towers),51.912441021,4.430411189,14,5,9999
2026-03-18T18:14:12.350152,f539bd6e-06f8-11ef-b58d-569a23b994be,BH Meijersplein,51.955657978,4.463033845,8,2,9999
2026-03-18T18:14:12.350152,70f0801a-8071-11ed-b1e6-fa4fb8e2990b,RK treinstation Lombardijen,51.88057913,4.531905572,30,3,9999
2026-03-18T18:14:12.350152,43752ffc-a8db-11ef-8778-d2279db84567,BH Pieter de Hoochweg,51.906316301,4.459985731,6,5,9999
2026-03-18T18:14:12.350152,b35ddad8-ab08-11ef-8778-d2279db84567,HUB Rotterdamsedijk 272,51.914957692,4.40343084,8,1,9999
2026-03-18T18:14:12.350152,9b1fa0f6-ae3c-11ee-a91e-ee69b7c7763e,BH Winkelhart Plein 1953,51.874842065,4.467889739,10,4,9999
2026-03-18T18:14:12.350152,8bd90878-0884-11f0-9a47-66143dd92f22,RK Molenvliet,51.882626536,4.521159806,10,3,9999
2026-03-18T18:14:12.350152,45450b66-a5b2-11f0-ab44-baed9603afbb,Maasdijk (Gustoweg),51.906629018,4.412009895,6,1,9999
2026-03-18T18:14:12.350152,4de2effe-f068-11ef-ba40-0ea3ed1ae564,HUB Hof van Spaland - Vlaardingseweg,51.935841728,4.376077923,4,1,9999
2026-03-18T18:14:12.350152,d38c6468-06fe-11ef-b58d-569a23b994be,BH Kleine Beer,51.950902127,4.555051083,6,0,9999
2026-03-18T18:14:12.350152,e552904e-182b-11ef-a8d1-42f0fecaeb6a,BH Metrostation Hesseplaats,51.963345229,4.554510684,10,3,9999
2026-03-18T18:14:12.350152,1826196c-b162-11ef-bdcd-5adc5d29ed54,BH Bentincklaan (Diergaarde Blijdorp),51.92572504,4.454794024,10,7,9999
2026-03-18T18:14:12.350152,8a1e5ed0-1c9e-11ee-8219-8ed3b2364c4f,BH Sparta stadion,51.920151368,4.434428835,20,14,9999
2026-03-18T18:14:12.350152,d3c9003c-b486-11ee-9ae6-5263e3f30f1e,BH Oostzeedijk Beneden,51.922514244,4.503092963,10,15,9999
2026-03-18T18:14:12.350152,552a82b8-b094-11ef-b6d3-56d88772ab1a,BH Hockeyclub Rotterdam,51.96869974,4.484731647,25,6,9999
2026-03-18T18:14:12.350152,cb3f6d1c-a746-11ef-8778-d2279db84567,BH Vasteland (AH),51.911537089,4.478368712,10,7,9999
2026-03-18T18:14:12.350152,d4a8557a-eabd-11ef-ac99-aa7241d1fb4f,HUB Admiraal Trompstraat (Huisman),51.908834504,4.381923039,8,0,9999
2026-03-18T18:14:12.350152,00e8b3de-9e82-11ee-a91e-ee69b7c7763e,BH Jacques Dutilhweg,51.927993284,4.5475155,10,7,9999
2026-03-18T18:14:12.350152,d868fe52-36e5-11f0-ab1d-9ae3af3bf913,BH Sluisjesdijk,51.894714517,4.461900478,10,6,0
2026-03-18T18:14:12.350152,4338fed2-edbb-11ee-a9f0-82366b51b915,BH Oostzeedijk Beneden 2,51.921653595,4.507031037,10,10,9999
2026-03-18T18:14:12.350152,2c82bb9a-217b-11ee-8219-8ed3b2364c4f,Hub Weena,51.922738296,4.469181329,142,1,9999
2026-03-18T18:14:12.350152,96f5cbdc-06f6-11ef-b58d-569a23b994be,BH Argonautenweg,51.959086712,4.49354982,10,1,9999
2026-03-18T18:14:12.350152,2f51713e-32b7-11ee-8219-8ed3b2364c4f,Hub P+R Capelsebrug,51.920991793,4.559215491,18,6,9999
2026-03-18T18:14:12.350152,62b0255a-9e7a-11ee-a91e-ee69b7c7763e,BH Vierhavenstraat,51.910327597,4.434992993,16,6,9999
2026-03-18T18:14:12.350152,2b10524e-06f5-11ef-b58d-569a23b994be,BH Piet van der Polsingel,51.950618784,4.518612648,8,2,9999
2026-03-18T18:14:12.350152,47070056-06fa-11ef-b58d-569a23b994be,BH Metrostation Schenkel,51.931770435,4.56406792,12,1,9999
2026-03-18T18:14:12.350152,7a8c12ba-91ab-11ed-b1e6-fa4fb8e2990b,BH Metrostation Slinge,51.874526023,4.477872534,15,7,9999
2026-03-18T18:14:12.350152,026045c6-8530-11ee-bb01-c602c1905375,BH Winkelhart Katendrechtse Lagedijk,51.891184937,4.479440034,10,5,9999
2026-03-18T18:14:12.350152,9d9bb8ec-4bd1-11ee-bb01-c602c1905375,BH Marconiplein,51.913319277,4.432514448,10,8,9999
2026-03-18T18:14:12.350152,8330f3ca-a5b4-11f0-ab44-baed9603afbb,Fokkerstraat Plesmanstraat,51.929694009,4.399576614,4,0,9999
2026-03-18T18:14:12.350152,5b842034-5331-11f0-ab1d-9ae3af3bf913,BH Walenburgerweg,51.926698659,4.462629155,10,2,9999
2026-03-18T18:14:12.350152,a08059b6-b484-11ee-9ae6-5263e3f30f1e,BH Metrostation Gerdesiaweg,51.925444134,4.506155972,10,8,9999
2026-03-18T18:14:12.350152,2f718c84-8911-11ee-bb01-c602c1905375,BH Metro Dijkzigt - EMC,51.911789199,4.466334846,20,15,9999
2026-03-18T18:14:12.350152,f58e41fc-1c9f-11ee-8219-8ed3b2364c4f,BH Heemraadsplein,51.912322959,4.455058085,10,5,9999
2026-03-18T18:14:12.350152,79fdd038-34b8-11f0-ab1d-9ae3af3bf913,BH RTHA Airport,51.94924845,4.432611987,10,6,0
2026-03-18T18:14:12.350152,1c41897e-596e-11ef-bed6-aa139991deb4,HUB Metrostation Nieuwland / Bijdorpplein,51.922583819,4.38260008,10,1,9999
2026-03-18T18:14:12.350152,a57d027c-8912-11ee-bb01-c602c1905375,BH Delftse Poort,51.924408145,4.472816464,10,1,9999
2026-03-18T18:14:12.350152,6383849a-2038-11f0-ab1d-9ae3af3bf913,BH - Kralingsebos (Langepad),51.936318565,4.506197017,10,5,9999
2026-03-18T18:14:12.350152,e90e9332-06f5-11ef-b58d-569a23b994be,BH Burgemeester Le Fèvre de Montignylaan,51.957620055,4.501711782,10,1,9999
2026-03-18T18:14:12.350152,5cb3ffde-bdaf-11ed-b1e6-fa4fb8e2990b,RK Stadionlaan,51.892328813,4.530682857,10,5,9999
2026-03-18T18:14:12.350152,02bed1f8-8392-11ee-bb01-c602c1905375,BH Station Alexander,51.951735827,4.551049232,10,0,9999
2026-03-18T18:14:12.350152,08d5cf66-8ab2-11ee-bb01-c602c1905375,BH Winkelhart Asterlo,51.873536387,4.483591736,10,0,9999
2026-03-18T18:14:12.350152,0e51e024-c757-11ee-9ae6-5263e3f30f1e,BH Metrostation Binnenhof,51.960437867,4.535372966,10,3,9999
2026-03-18T18:14:12.350152,409f87f6-890f-11ee-bb01-c602c1905375,BH Metro Beurs,51.917806013,4.480107053,8,1,9999
2026-03-18T18:14:12.350152,d6a7cd26-4d08-11f0-ab1d-9ae3af3bf913,BH - Oudehoofdplein-Haringvliet,51.918979475,4.49384405,10,6,9999
2026-03-18T18:14:12.350152,f0ad9b92-1767-11ef-8071-42f0fecaeb6a,BH Prinsenlaan,51.937206457,4.536127586,10,0,9999
2026-03-18T18:14:12.350152,f06fd44c-2035-11f0-ab1d-9ae3af3bf913,BH Boezemlaan,51.938982631,4.495864471,10,12,9999
2026-03-18T18:14:12.350152,8d91a90c-9e83-11ee-a91e-ee69b7c7763e,BH Kraaierstraat,51.91909698,4.418192898,8,7,9999
2026-03-18T18:14:12.350152,a2671a36-bdad-11ed-b1e6-fa4fb8e2990b,RK Dwarsdijk,51.893055987,4.539201504,10,6,9999
2026-03-18T18:14:12.350152,376a5cda-06f8-11ef-b58d-569a23b994be,BH Ganzerikplein,51.958953276,4.471584016,10,3,9999
2026-03-18T18:14:12.350152,5cdd9872-b096-11ef-b6d3-56d88772ab1a,BH Wilgenplaslaan/ Meidoornsingel,51.953868042,4.468211582,7,4,9999
2026-03-18T18:14:12.350152,952a3e78-a8db-11ef-8778-d2279db84567,BH Lloydstraat,51.902214281,4.461287644,10,3,9999
2026-03-18T18:14:12.350152,a6fa0910-8067-11ed-b1e6-fa4fb8e2990b,BH Stadion Fey (Bert Heesakkerstr.),51.896805818,4.521735582,50,3,9999
2026-03-18T18:14:12.350152,a1337d02-e018-11ed-a249-96cdaf8f7240,BH Sint Franciscus,51.942171146,4.460534407,25,14,9999
2026-03-18T18:14:12.350152,d3cea108-8285-11f0-ab44-baed9603afbb,BH - Ratelaarweg,51.967431611,4.463349689,10,0,9999
2026-03-18T18:14:12.350152,3bef7002-bdb5-11ed-b1e6-fa4fb8e2990b,RK Breeweg,51.890630632,4.514261169,10,0,9999
2026-03-18T18:14:12.350152,8c90734c-45bb-11ee-8219-8ed3b2364c4f,BH Coen Moulijnweg,51.893813253,4.526876329,42,2,9999
2026-03-18T18:14:12.350152,1b098490-2037-11f0-ab1d-9ae3af3bf913,BH Karmelweg,51.933461291,4.5029394,8,7,9999
2026-03-18T18:14:12.350152,23348a06-bdb1-11ed-b1e6-fa4fb8e2990b,RK Guido Gezelleweg,51.87434607,4.523238145,10,9,9999
2026-03-18T18:14:12.350152,66824038-37b2-11ef-a21a-8e54a72a50da,HUB Metrostation Parkweg / Zuidzijde,51.921443238,4.39475836,10,2,7
2026-03-18T18:14:12.350152,2c127298-ff25-11ef-a79f-a65a77daff90,BH Aert van Nesstraat,51.921141166,4.478916173,8,2,9999
2026-03-18T18:14:12.350152,cde445c6-a744-11ef-8778-d2279db84567,BH Groenendaal,51.921685178,4.492944049,6,9,9999
2026-03-18T18:14:12.350152,97c6a1c2-a8da-11ef-8778-d2279db84567,BH Henegouwerplein,51.921807589,4.460561523,10,10,9999
2026-03-18T18:14:12.350152,e68d5642-a5b5-11f0-b6c1-baed9603afbb,HUB NS Station Schiedam Centrum/ Professor Kamerlingh Onneslaan,51.92071744,4.408262487,12,4,9999
2026-03-18T18:14:12.350152,82623a40-bda3-11ed-b1e6-fa4fb8e2990b,RK Rosestraat,51.91100607,4.501308573,10,2,9999
2026-03-18T18:14:12.350152,b7353df6-b485-11ee-9ae6-5263e3f30f1e,BH Metrostation Kralingsezoom (Gravenweg),51.921751706,4.533850265,10,2,9999
2026-03-18T18:14:12.350152,6c34980a-bb92-11ef-a02d-6ea8ed91bd56,BH Gordelweg (Lidl),51.940472428,4.479798999,4,1,9999
2026-03-18T18:14:12.350152,5904bd1a-a5b5-11f0-b05b-baed9603afbb,HUB Hof van Spaland - Bachplein,51.934889388,4.374726808,8,4,9999
2026-03-18T18:14:12.350152,32ca5fd0-8126-11ed-b1e6-fa4fb8e2990b,RK Vuurplaat,51.906526668,4.505838102,10,0,9999
2026-03-18T18:14:12.350152,f94a1ff6-b095-11ef-b6d3-56d88772ab1a,BH Bm Le Fèvre de Montignylaan/ Jeroen Boschlaan,51.955641943,4.505982462,6,2,9999
2026-03-18T18:14:12.350152,4228b402-8537-11ee-bb01-c602c1905375,BH Tongelaarweg,51.895280064,4.563514996,10,0,9999
2026-03-18T18:14:12.350152,6f66a60c-36e5-11f0-ab1d-9ae3af3bf913,BH Lloydpier,51.904487669,4.460458303,8,4,2
2026-03-18T18:14:12.350152,7d81b63e-a5b5-11f0-b05b-baed9603afbb,HUB 's Gravelandseweg,51.932091958,4.401924037,6,2,9999
2026-03-18T18:14:12.350152,a3dbb322-8121-11ed-b1e6-fa4fb8e2990b,RK Metrostation Rijnhaven ,51.902216981,4.49610172,15,7,9999
2026-03-18T18:14:12.350152,cf23b50e-9ad0-11f0-ab44-baed9603afbb,BH Natuurhistorisch museum,51.911022288,4.472728259,12,0,9999
2026-03-18T18:14:12.350152,d55243f6-182b-11ef-a8d1-42f0fecaeb6a,BH Siciliëboulevard ,51.97996654,4.580859756,10,0,9999
2026-03-18T18:14:12.350152,e0f7ef36-a5b4-11f0-ab44-baed9603afbb,Havenstraat einde (digitale testhub),51.900396883,4.398614319,12,0,9999
2026-03-18T18:14:12.350152,05d1d708-eabd-11ef-88c2-aa7241d1fb4f,HUB De Thermen ,51.927426752,4.380236246,8,1,9999
2026-03-18T18:14:12.350152,b3381a7a-2036-11f0-ab1d-9ae3af3bf913,BH Oudedijk / de Nieuwe Plantage,51.929149075,4.505248613,8,3,9999
2026-03-18T18:14:12.350152,8b480576-eabc-11ee-a9f0-82366b51b915,BH Schiedamseweg Beneden,51.914135146,4.422297364,5,5,9999
2026-03-18T18:14:12.350152,89a2f1d2-a5b3-11f0-ab44-baed9603afbb,Metrostation Vijfsluizen,51.908108215,4.37254105,8,3,9999
2026-03-18T18:14:12.350152,e50f3d1e-f069-11ef-9ed7-0ea3ed1ae564,HUB Oranjestraat - Lange Nieuwstraat,51.913368472,4.40030457,5,1,9999
2026-03-18T18:14:12.350152,4c1b19a4-d0a1-11ee-8b0e-065810cc8d78,BH Elandstraat,51.910800072,4.553878993,10,7,9999
2026-03-18T18:14:12.350152,bbbba24e-806e-11ed-b1e6-fa4fb8e2990b,RK P+R Noorderhelling,51.894761016,4.532122707,15,1,9999
2026-03-18T18:14:12.350152,3ac0b682-8129-11ed-b1e6-fa4fb8e2990b,RK Cor Kieboomplein,51.896922039,4.523502821,15,2,9999
2026-03-18T18:14:12.350152,5a3ffbf4-37b1-11ef-a21a-8e54a72a50da,HUB Metrostation Nieuwland / Van Limburg Stirumstraat,51.922446663,4.38308784,6,0,3
2026-03-18T18:14:12.350152,5d8d12a2-a5b4-11f0-ab44-baed9603afbb,Van Heekstraat,51.931167557,4.406024405,4,0,9999
2026-03-18T18:14:12.350152,f251d6e8-0b82-11ef-b58d-569a23b994be,BH Metrostation Graskruid ,51.956473743,4.550010233,8,3,9999
2026-03-18T18:14:12.350152,a4d2ea7c-b2f0-11ef-aa57-62870c7808bb,BH 2e Hogenbanweg,51.936951327,4.427707182,8,4,9999
2026-03-18T18:14:12.350152,75ba0d1a-2037-11f0-ab1d-9ae3af3bf913,BH Stadhoudersweg,51.931417737,4.461484988,10,6,9999
2026-03-18T18:14:12.350152,bc6b0d7e-a745-11ef-8778-d2279db84567,BH Goudsewagenstraat,51.923224462,4.493552746,8,11,9999
2026-03-18T18:14:12.350152,0f37eafc-8912-11ee-bb01-c602c1905375,BH Metro Oostplein,51.922677789,4.497608825,10,8,9999
2026-03-18T18:14:12.350152,aed7c2fa-8123-11ed-b1e6-fa4fb8e2990b,RK Groene Hilledijk/Beijerlandselaan,51.893806789,4.509452258,10,1,9999
2026-03-18T18:14:12.350152,c76f0318-bb92-11ef-a02d-6ea8ed91bd56,BH NS Centraal Station (Stationssingel),51.925399994,4.466148375,10,5,9999
2026-03-18T18:14:12.350152,361a368c-a5b4-11f0-ab44-baed9603afbb,Sportpark Haga (Epke Zonderlandstraat),51.921919868,4.370918199,8,1,9999
2026-03-18T18:14:12.350152,f4c0fe5e-02d6-11ef-b58d-569a23b994be,BH Paulus Potterstraat,51.9228414,4.508497696,10,12,9999
2026-03-18T18:14:12.350152,48cbf66e-9f15-11ee-a91e-ee69b7c7763e,BH Franselaan,51.917379138,4.420463507,10,5,9999
2026-03-18T18:14:12.350152,e9735b4e-7da7-11f0-ab44-baed9603afbb,BH Veldkersweg,51.966835673,4.46657292,8,2,9999
2026-03-18T18:14:12.350152,4b1ac684-bb93-11ef-a02d-6ea8ed91bd56,BH Noorderkanaalweg,51.940525593,4.472984586,9,6,9999
2026-03-18T18:14:12.350152,033a9392-3700-11f0-ab1d-9ae3af3bf913,BH Herman Bavinckstraat,51.915067882,4.521446921,10,1,9999
2026-03-18T18:14:12.350152,ffe8c3e8-a8da-11ef-8778-d2279db84567,BH Mathenesserplein,51.917836602,4.44508891,8,13,9999
2026-03-18T18:14:12.350152,e377069a-ff63-11ef-a79f-a65a77daff90,BH Kralingsebos Bosdreef/Pr. Beatrixlaan,51.93789612,4.501689644,8,5,9999
2026-03-18T18:14:12.350152,7af95f9c-a747-11ef-8778-d2279db84567,BH Kruisplein,51.92228569,4.47138789,6,1,9999
2026-03-18T18:14:12.350152,4c50cb7a-bdb6-11ed-b1e6-fa4fb8e2990b,RK Olympiaweg,51.886462746,4.529133302,10,3,9999
2026-03-18T18:14:12.350152,a694ef4e-36e5-11f0-ab1d-9ae3af3bf913,BH Neushoornstraat,51.913041554,4.553743002,6,0,0
2026-03-18T18:14:12.350152,be56ca62-8120-11ed-b1e6-fa4fb8e2990b,RK P+R Beverwaard,51.885771514,4.568986239,10,3,9999
2026-03-18T18:14:12.350152,d5af3bc4-806a-11ed-b1e6-fa4fb8e2990b,BH Kievitslaan,51.907226862,4.473300159,17,7,9999
2026-03-18T18:14:12.350152,dd006abc-a5b3-11f0-ab44-baed9603afbb,Havenstraat,51.903204365,4.398004897,8,1,9999
2026-03-18T18:14:12.350152,6f09af84-eabe-11ee-a9f0-82366b51b915,BH Delftseplein ,51.925206514,4.474011701,14,4,9999
2026-03-18T18:14:12.350152,1cfb89ec-806b-11ed-b1e6-fa4fb8e2990b,BH Westplein,51.908912961,4.478583441,10,13,9999
2026-03-18T18:14:12.350152,12fc10a4-bb94-11ef-a02d-6ea8ed91bd56,BH Noordplein,51.930251975,4.483699175,10,3,9999
2026-03-18T18:14:12.350152,276e8d26-bda0-11ed-b1e6-fa4fb8e2990b,RK Strevelsweg,51.889634937,4.495943368,15,0,9999
2026-03-18T18:14:12.350152,9e066470-2038-11f0-ab1d-9ae3af3bf913,BH Kralinger Esch,51.911179823,4.524762065,9,14,9999
2026-03-18T18:14:12.350152,9b1f0aaa-8125-11ed-b1e6-fa4fb8e2990b,RK Slaghekstraat - Beijerlandselaan,51.897574833,4.511261604,10,3,9999
2026-03-18T18:14:12.350152,b8c81048-2037-11f0-ab1d-9ae3af3bf913,BH Van Maanenstraat,51.932279316,4.464280453,6,6,9999
2026-03-18T18:14:12.350152,1f4ff66c-bdb8-11ed-b1e6-fa4fb8e2990b,RK Van der Takstraat ,51.914243737,4.496045621,10,4,9999
2026-03-18T18:14:12.350152,3b523cee-5c94-11f0-ab1d-9ae3af3bf913,BH - Wilhelminapier,51.90698281,4.489727426,14,2,9999
2026-03-18T18:14:12.350152,e8d292d2-039a-11ef-b58d-569a23b994be,BH Mia van Yperenplein ,51.928414546,4.545678043,10,4,9999
2026-03-18T18:14:12.350152,12daf18a-8068-11ed-b1e6-fa4fb8e2990b,BH Treinst. Lombardijen (Aesopusplaats),51.880478018,4.530040287,10,2,9999
2026-03-18T18:14:12.350152,558e4a5a-eaba-11ee-a9f0-82366b51b915,BH Blijdorplaan ,51.927389289,4.440437692,22,21,9999
2026-03-18T18:14:12.350152,5a8de282-36ee-11f0-ab1d-9ae3af3bf913,BH van Blommesteynweg,51.888148155,4.460842726,10,1,9999
2026-03-18T18:14:12.350152,078569ee-a5b5-11f0-ab44-baed9603afbb,Nieuwe Waterwegstraat (digitale testhub),51.900682979,4.390873601,12,0,9999
2026-03-18T18:14:12.350152,8e5dd27e-06fd-11ef-b58d-569a23b994be,BH Prins Alexanderplein,51.951040272,4.553684972,14,0,9999
2026-03-18T18:14:12.350152,a6843864-fbc4-11ee-b58d-569a23b994be,Trompenburg 1,51.917696349,4.517981647,10,15,0
2026-03-18T18:14:12.350152,5b583480-a8da-11ef-8778-d2279db84567,BH Duyststraat,51.910073429,4.452225738,8,7,9999
2026-03-18T18:14:12.350152,2510e9ba-a5b6-11f0-847a-baed9603afbb,Hub Kloosterplaats,51.91675013,4.402112308,6,0,9999
2026-03-18T18:14:12.350152,880e3e72-a8dd-11ef-8778-d2279db84567,BH Spaansebocht,51.917413667,4.430014126,9,0,9999
2026-03-18T18:14:12.350152,b5b3324a-edb9-11ee-a9f0-82366b51b915,BH Siondwarsstraat,51.925261494,4.51053174,10,0,9999
2026-03-18T18:14:12.350152,94b01d94-edc6-11ee-a9f0-82366b51b915,BH Schuttersveld,51.933248028,4.490978921,10,2,9999
2026-03-18T18:14:12.350152,69b33170-edbd-11ee-a9f0-82366b51b915,BH Metro Oostplein 2,51.923145722,4.496820843,10,6,9999
2026-03-18T18:14:12.350152,67d6af9a-f068-11ef-ba40-0ea3ed1ae564,HUB Hof van Spaland - Schiedamseweg,51.934898803,4.378145906,12,0,9999
2026-03-18T18:14:12.350152,4933dd54-9e7c-11ee-a91e-ee69b7c7763e,BH Willem Ruyslaan (Luzac College),51.925421889,4.508669446,10,7,9999
2026-03-18T18:14:12.350152,9f935b6c-b095-11ef-b6d3-56d88772ab1a,BH Bergpolderplein,51.945227242,4.474988047,8,2,9999
2026-03-18T18:14:12.350152,8a2d056c-bb93-11ef-a02d-6ea8ed91bd56,BH NS Station Noord (Bergweg),51.941530048,4.481339526,10,1,9
2026-03-18T18:14:12.350152,4d95ab34-8122-11ed-b1e6-fa4fb8e2990b,RK Metrostation Maashaven ,51.896573582,4.494245173,30,2,9999
2026-03-18T18:14:12.350152,3d015ff0-8394-11ee-bb01-c602c1905375,BH Metrostation Oosterflank,51.945209326,4.555045447,10,1,9999
2026-03-18T18:14:12.350152,defeb050-a747-11ef-8778-d2279db84567,BH Karel Doormanstraat,51.922789549,4.473609692,9,8,9999
2026-03-18T18:14:12.350152,b5dc5454-890f-11ee-bb01-c602c1905375,BH Schilderstraat,51.916377397,4.48142868,8,0,9999
2026-03-18T18:14:12.350152,2f12ae3e-806c-11ed-b1e6-fa4fb8e2990b,BH Winkelcentrum Keizerswaard-Herenw,51.886358391,4.549308056,15,3,9999
2026-03-18T18:14:12.350152,3b6d73a8-805d-11ed-b1e6-fa4fb8e2990b,BH Metrostation Melanchtonweg,51.94881199,4.465233746,10,0,9999
2026-03-18T18:14:12.350152,d5832958-891a-11ee-bb01-c602c1905375,BH Metro Zuidplein (nieuw),51.887180341,4.491554668,10,7,9999
2026-03-18T18:14:12.350152,a535094e-b162-11ef-bdcd-5adc5d29ed54,BH Eudokiaplein,51.932433484,4.47153255,9,11,9999
2026-03-18T18:14:12.350152,437f8dc8-bd9e-11ed-b1e6-fa4fb8e2990b,RK Hillevliet,51.89558515,4.506432514,10,0,9999
2026-03-18T18:14:12.350152,f10d8ab4-9997-11ee-a91e-ee69b7c7763e,BH Shell Hofplein,51.925705456,4.477781355,28,1,9999
2026-03-18T18:14:12.350152,94467720-8127-11ed-b1e6-fa4fb8e2990b,RK Persoonsdam,51.909309099,4.508017165,10,6,9999
2026-03-18T18:14:12.350152,9245444a-2023-11f0-ab1d-9ae3af3bf913,BH Witte de Withstraat,51.915906523,4.478080905,10,10,9999
2026-03-18T18:14:12.350152,49d59348-ff64-11ef-b515-a65a77daff90,BH Bergweg (Dirk van den Broek),51.93856254,4.479465675,6,0,9999
2026-03-18T18:14:12.350152,30fb96bc-8124-11ed-b1e6-fa4fb8e2990b,RK Beverwaardseweg/ Borgharensingel,51.898798338,4.564663375,10,2,9999
2026-03-18T18:14:12.350152,9a1fb404-8ab3-11ee-bb01-c602c1905375,BH Langenhorst ,51.874120882,4.494254863,10,3,9999
2026-03-18T18:14:12.350152,abe67bfa-b096-11ef-b6d3-56d88772ab1a,BH Wilgenplaslaan/ Donkersingel,51.951337599,4.47048253,10,8,9999
2026-03-18T18:14:12.350152,068b0f9c-a8dd-11ef-8778-d2279db84567,BH Vierhavenstraat (Sahan),51.908502395,4.437727106,4,2,9999
2026-03-18T18:14:12.350152,bc0e7e9c-a8da-11ef-8778-d2279db84567,BH Jan van Vuchtstraat,51.917045317,4.460830874,6,7,9999
2026-03-18T18:14:12.350152,8b721818-a5b2-11f0-ab44-baed9603afbb,Lekstraat,51.90446958,4.406985264,6,1,9999
2026-03-18T18:14:12.350152,ad212572-06f7-11ef-b58d-569a23b994be,BH Molenlaan/Grindweg,51.963224537,4.49571068,10,2,9999
2026-03-18T18:14:12.350152,f8828c3e-806d-11ed-b1e6-fa4fb8e2990b,RK Station Rdam Zuid,51.905545015,4.509568537,15,4,9999
2026-03-18T18:14:12.350152,5f71799e-806b-11ed-b1e6-fa4fb8e2990b,BH Willemsplein,51.911118908,4.481894771,17,10,9999
2026-03-18T18:14:12.350152,42824336-bd97-11ed-b1e6-fa4fb8e2990b,RK Groene Hilledijk,51.882726433,4.504266667,10,1,9999
2026-03-18T18:14:12.350152,db6932f4-182b-11ef-a8d1-42f0fecaeb6a,BH Metrostation Nesselande,51.978969273,4.586177782,10,0,9999
2026-03-18T18:14:12.350152,e26322b0-2025-11f0-ab1d-9ae3af3bf913,BH Brielselaan,51.896298935,4.489248091,4,2,9999
2026-03-18T18:14:12.350152,c862b7f2-06fb-11ef-b58d-569a23b994be,BH Prins Alexanderlaan (metrobaan zijde),51.952192324,4.551435621,10,0,9999
2026-03-18T18:14:12.350152,c53689c2-8124-11ed-b1e6-fa4fb8e2990b,RK Peellandstraat / Beesdestraat ,51.888535309,4.567291893,10,3,9999
2026-03-18T18:14:12.350152,8f5d35a0-1834-11ef-8071-42f0fecaeb6a,BH Jan Bijloostraat (Winkelcentrum Lage Land),51.941821995,4.546449269,9,1,9999
2026-03-18T18:14:12.350152,f8fcd3a4-983a-11ef-a85a-be896af2d3a5,BH Rhijnauwensingel,51.892161199,4.569620613,12,6,9999
2026-03-18T18:14:12.350152,118239d4-a5b2-11f0-ab44-baed9603afbb,Lorentzlaan (bushalte),51.917994492,4.415061192,4,8,9999
2026-03-18T18:14:12.350152,0c107276-bdb7-11ed-b1e6-fa4fb8e2990b,RK Sandelingenplein,51.889562128,4.506962326,10,1,9999
2026-03-18T18:14:12.350152,75b8bea6-81d8-11ed-b1e6-fa4fb8e2990b,RK Metrostation Maashaven (Putselaan),51.897794241,4.495760713,10,2,9999
2026-03-18T18:14:12.350152,a20bbbae-bdae-11ed-b1e6-fa4fb8e2990b,RK Frankendaal,51.886951976,4.521294152,10,1,9999
2026-03-18T18:14:12.350152,bc839806-a5b1-11f0-ab44-baed9603afbb,Van het Hoffplein (Boerhavelaan),51.916219132,4.412005574,8,3,9999
2026-03-18T18:14:12.350152,f1df385c-f5b2-11ef-81b3-76e5c571f05f,HUB Admiraal de Ruyterstraat,51.906742474,4.38554997,8,0,9999
2026-03-18T18:14:12.350152,4247dd56-1c9f-11ee-8219-8ed3b2364c4f,BH Metro Coolhaven,51.909218289,4.458167882,10,3,9999
2026-03-18T18:14:12.350152,65af1c24-06f4-11ef-b58d-569a23b994be,BH Meerum Terwogtlaan,51.951763386,4.524587387,10,1,9999
2026-03-18T19:26:40.585426,2c632780-a8de-11ef-8778-d2279db84567,BH Schuttevaerweg,51.922420472,4.434869706,10,3,9999
2026-03-18T19:26:40.585426,a3c07f10-a5b5-11f0-b05b-baed9603afbb,HUB Hoofdbrug,51.908705902,4.406131267,8,2,9999
2026-03-18T19:26:40.585426,b9bfe680-fbc4-11ee-b58d-569a23b994be,Trompenburg 2,51.917638379,4.518889893,10,1,9
2026-03-18T19:26:40.585426,3c659862-a8dd-11ef-8778-d2279db84567,BH Mayflowerstraat,51.905015647,4.440161906,10,7,9999
2026-03-18T19:26:40.585426,e0a4baca-a748-11ef-8778-d2279db84567,BH Mariniersweg,51.920853425,4.490979502,10,7,9999
2026-03-18T19:26:40.585426,c35c448e-06fc-11ef-b58d-569a23b994be,BH Jacob van Campenweg ,51.942434165,4.537976212,7,5,9999
2026-03-18T19:26:40.585426,438486f4-a5b6-11f0-a150-baed9603afbb,HUB Koemarkt ingang garage,51.914517902,4.401917461,6,3,9999
2026-03-18T19:26:40.585426,365f4a3e-a5b3-11f0-ab44-baed9603afbb,Rubensplein,51.911712719,4.383665134,6,0,9999
2026-03-18T19:26:40.585426,a85b996e-fe23-11ee-b58d-569a23b994be,BH Dirk van der Kooijweg (Waterleliesingel),51.953796964,4.52009166,10,1,9999
2026-03-18T19:26:40.585426,19e2de56-b5d8-11ee-9ae6-5263e3f30f1e,BH STC Waalhaven,51.878297275,4.448759787,10,0,9999
2026-03-18T19:26:40.585426,c6c213ee-ed18-11ef-9957-f683e5eb607c,BH Langenhorst (Binkhorst),51.877310029,4.494737503,10,2,9999
2026-03-18T19:26:40.585426,3366f8b0-a8dc-11ef-8778-d2279db84567,BH Vierhavenstraat (WoonEnzo),51.907777562,4.438830385,4,8,9999
2026-03-18T19:26:40.585426,04a89aea-a5b3-11f0-ab44-baed9603afbb,Groenelaan Hagastraat (Winkelcentrum),51.907303396,4.402285408,4,2,9999
2026-03-18T19:26:40.585426,32638aa6-a5b5-11f0-9f09-baed9603afbb,HUB Laan van Bol'es,51.928443203,4.370771711,10,3,9999
2026-03-18T19:26:40.585426,291c2f72-a749-11ef-8778-d2279db84567,BH Westzeedijk,51.909321622,4.471436479,10,6,9999
2026-03-18T19:26:40.585426,abd627be-67bb-11f0-91de-5eaa9feacc9b,BH Schiekade (Heer Bokelweg),51.927133058,4.476309832,10,0,9999
2026-03-18T19:26:40.585426,8948d5a4-b094-11ef-b6d3-56d88772ab1a,BH Duivenpad,51.964922912,4.498254116,8,4,9999
2026-03-18T19:26:40.585426,227e8c1e-be97-11ee-9ae6-5263e3f30f1e,HUB Metrostation Troelstralaan,51.915742295,4.384972326,10,1,9999
2026-03-18T19:26:40.585426,0af509a8-06f7-11ef-b58d-569a23b994be,BH Beethovensingel,51.96114919,4.505141448,10,5,9999
2026-03-18T19:26:40.585426,dc06f296-1768-11ef-8071-42f0fecaeb6a,BH Prins Alexanderlaan (Oosterflank),51.946646256,4.553811478,12,1,9999
2026-03-18T19:26:40.585426,221af3ce-7fe1-11ee-bb01-c602c1905375,BH Metro Prinsenlaan,51.940647564,4.556931306,10,0,9999
2026-03-18T19:26:40.585426,a793d6ba-edc8-11ee-a9f0-82366b51b915,BH Infirmeriestraat,51.922255603,4.502265891,10,7,9999
2026-03-18T19:26:40.585426,0359e1a2-bdb3-11ed-b1e6-fa4fb8e2990b,RK Rosestraat 11C,51.902954022,4.511377745,10,11,9999
2026-03-18T19:26:40.585426,87f07e20-9e78-11ee-a91e-ee69b7c7763e,BH Marconistraat (Lee Towers),51.912441021,4.430411189,14,5,9999
2026-03-18T19:26:40.585426,f539bd6e-06f8-11ef-b58d-569a23b994be,BH Meijersplein,51.955657978,4.463033845,8,2,9999
2026-03-18T19:26:40.585426,70f0801a-8071-11ed-b1e6-fa4fb8e2990b,RK treinstation Lombardijen,51.88057913,4.531905572,30,3,9999
2026-03-18T19:26:40.585426,43752ffc-a8db-11ef-8778-d2279db84567,BH Pieter de Hoochweg,51.906316301,4.459985731,6,7,9999
2026-03-18T19:26:40.585426,b35ddad8-ab08-11ef-8778-d2279db84567,HUB Rotterdamsedijk 272,51.914957692,4.40343084,8,1,9999
2026-03-18T19:26:40.585426,9b1fa0f6-ae3c-11ee-a91e-ee69b7c7763e,BH Winkelhart Plein 1953,51.874842065,4.467889739,10,4,9999
2026-03-18T19:26:40.585426,8bd90878-0884-11f0-9a47-66143dd92f22,RK Molenvliet,51.882626536,4.521159806,10,3,9999
2026-03-18T19:26:40.585426,45450b66-a5b2-11f0-ab44-baed9603afbb,Maasdijk (Gustoweg),51.906629018,4.412009895,6,1,9999
2026-03-18T19:26:40.585426,4de2effe-f068-11ef-ba40-0ea3ed1ae564,HUB Hof van Spaland - Vlaardingseweg,51.935841728,4.376077923,4,1,9999
2026-03-18T19:26:40.585426,d38c6468-06fe-11ef-b58d-569a23b994be,BH Kleine Beer,51.950902127,4.555051083,6,2,9999
2026-03-18T19:26:40.585426,e552904e-182b-11ef-a8d1-42f0fecaeb6a,BH Metrostation Hesseplaats,51.963345229,4.554510684,10,3,9999
2026-03-18T19:26:40.585426,1826196c-b162-11ef-bdcd-5adc5d29ed54,BH Bentincklaan (Diergaarde Blijdorp),51.92572504,4.454794024,10,7,9999
2026-03-18T19:26:40.585426,8a1e5ed0-1c9e-11ee-8219-8ed3b2364c4f,BH Sparta stadion,51.920151368,4.434428835,20,14,9999
2026-03-18T19:26:40.585426,d3c9003c-b486-11ee-9ae6-5263e3f30f1e,BH Oostzeedijk Beneden,51.922514244,4.503092963,10,8,9999
2026-03-18T19:26:40.585426,552a82b8-b094-11ef-b6d3-56d88772ab1a,BH Hockeyclub Rotterdam,51.96869974,4.484731647,25,6,9999
2026-03-18T19:26:40.585426,cb3f6d1c-a746-11ef-8778-d2279db84567,BH Vasteland (AH),51.911537089,4.478368712,10,12,9999
2026-03-18T19:26:40.585426,d4a8557a-eabd-11ef-ac99-aa7241d1fb4f,HUB Admiraal Trompstraat (Huisman),51.908834504,4.381923039,8,0,9999
2026-03-18T19:26:40.585426,00e8b3de-9e82-11ee-a91e-ee69b7c7763e,BH Jacques Dutilhweg,51.927993284,4.5475155,10,7,9999
2026-03-18T19:26:40.585426,d868fe52-36e5-11f0-ab1d-9ae3af3bf913,BH Sluisjesdijk,51.894714517,4.461900478,10,6,0
2026-03-18T19:26:40.585426,4338fed2-edbb-11ee-a9f0-82366b51b915,BH Oostzeedijk Beneden 2,51.921653595,4.507031037,10,13,9999
2026-03-18T19:26:40.585426,2c82bb9a-217b-11ee-8219-8ed3b2364c4f,Hub Weena,51.922738296,4.469181329,142,1,9999
2026-03-18T19:26:40.585426,96f5cbdc-06f6-11ef-b58d-569a23b994be,BH Argonautenweg,51.959086712,4.49354982,10,2,9999
2026-03-18T19:26:40.585426,2f51713e-32b7-11ee-8219-8ed3b2364c4f,Hub P+R Capelsebrug,51.920991793,4.559215491,18,6,9999
2026-03-18T19:26:40.585426,62b0255a-9e7a-11ee-a91e-ee69b7c7763e,BH Vierhavenstraat,51.910327597,4.434992993,16,8,9999
2026-03-18T19:26:40.585426,2b10524e-06f5-11ef-b58d-569a23b994be,BH Piet van der Polsingel,51.950618784,4.518612648,8,2,9999
2026-03-18T19:26:40.585426,47070056-06fa-11ef-b58d-569a23b994be,BH Metrostation Schenkel,51.931770435,4.56406792,12,1,9999
2026-03-18T19:26:40.585426,7a8c12ba-91ab-11ed-b1e6-fa4fb8e2990b,BH Metrostation Slinge,51.874526023,4.477872534,15,7,9999
2026-03-18T19:26:40.585426,026045c6-8530-11ee-bb01-c602c1905375,BH Winkelhart Katendrechtse Lagedijk,51.891184937,4.479440034,10,5,9999
2026-03-18T19:26:40.585426,9d9bb8ec-4bd1-11ee-bb01-c602c1905375,BH Marconiplein,51.913319277,4.432514448,10,7,9999
2026-03-18T19:26:40.585426,8330f3ca-a5b4-11f0-ab44-baed9603afbb,Fokkerstraat Plesmanstraat,51.929694009,4.399576614,4,0,9999
2026-03-18T19:26:40.585426,5b842034-5331-11f0-ab1d-9ae3af3bf913,BH Walenburgerweg,51.926698659,4.462629155,10,2,9999
2026-03-18T19:26:40.585426,a08059b6-b484-11ee-9ae6-5263e3f30f1e,BH Metrostation Gerdesiaweg,51.925444134,4.506155972,10,7,9999
2026-03-18T19:26:40.585426,2f718c84-8911-11ee-bb01-c602c1905375,BH Metro Dijkzigt - EMC,51.911789199,4.466334846,20,13,9999
2026-03-18T19:26:40.585426,f58e41fc-1c9f-11ee-8219-8ed3b2364c4f,BH Heemraadsplein,51.912322959,4.455058085,10,3,9999
2026-03-18T19:26:40.585426,79fdd038-34b8-11f0-ab1d-9ae3af3bf913,BH RTHA Airport,51.94924845,4.432611987,10,5,0
2026-03-18T19:26:40.585426,1c41897e-596e-11ef-bed6-aa139991deb4,HUB Metrostation Nieuwland / Bijdorpplein,51.922583819,4.38260008,10,1,9999
2026-03-18T19:26:40.585426,a57d027c-8912-11ee-bb01-c602c1905375,BH Delftse Poort,51.924408145,4.472816464,10,3,9999
2026-03-18T19:26:40.585426,6383849a-2038-11f0-ab1d-9ae3af3bf913,BH - Kralingsebos (Langepad),51.936318565,4.506197017,10,5,9999
2026-03-18T19:26:40.585426,e90e9332-06f5-11ef-b58d-569a23b994be,BH Burgemeester Le Fèvre de Montignylaan,51.957620055,4.501711782,10,1,9999
2026-03-18T19:26:40.585426,5cb3ffde-bdaf-11ed-b1e6-fa4fb8e2990b,RK Stadionlaan,51.892328813,4.530682857,10,4,9999
2026-03-18T19:26:40.585426,02bed1f8-8392-11ee-bb01-c602c1905375,BH Station Alexander,51.951735827,4.551049232,10,0,9999
2026-03-18T19:26:40.585426,08d5cf66-8ab2-11ee-bb01-c602c1905375,BH Winkelhart Asterlo,51.873536387,4.483591736,10,0,9999
2026-03-18T19:26:40.585426,0e51e024-c757-11ee-9ae6-5263e3f30f1e,BH Metrostation Binnenhof,51.960437867,4.535372966,10,3,9999
2026-03-18T19:26:40.585426,409f87f6-890f-11ee-bb01-c602c1905375,BH Metro Beurs,51.917806013,4.480107053,8,5,9999
2026-03-18T19:26:40.585426,d6a7cd26-4d08-11f0-ab1d-9ae3af3bf913,BH - Oudehoofdplein-Haringvliet,51.918979475,4.49384405,10,6,9999
2026-03-18T19:26:40.585426,f0ad9b92-1767-11ef-8071-42f0fecaeb6a,BH Prinsenlaan,51.937206457,4.536127586,10,0,9999
2026-03-18T19:26:40.585426,f06fd44c-2035-11f0-ab1d-9ae3af3bf913,BH Boezemlaan,51.938982631,4.495864471,10,12,9999
2026-03-18T19:26:40.585426,8d91a90c-9e83-11ee-a91e-ee69b7c7763e,BH Kraaierstraat,51.91909698,4.418192898,8,7,9999
2026-03-18T19:26:40.585426,a2671a36-bdad-11ed-b1e6-fa4fb8e2990b,RK Dwarsdijk,51.893055987,4.539201504,10,6,9999
2026-03-18T19:26:40.585426,376a5cda-06f8-11ef-b58d-569a23b994be,BH Ganzerikplein,51.958953276,4.471584016,10,3,9999
2026-03-18T19:26:40.585426,5cdd9872-b096-11ef-b6d3-56d88772ab1a,BH Wilgenplaslaan/ Meidoornsingel,51.953868042,4.468211582,7,4,9999
2026-03-18T19:26:40.585426,952a3e78-a8db-11ef-8778-d2279db84567,BH Lloydstraat,51.902214281,4.461287644,10,3,9999
2026-03-18T19:26:40.585426,a6fa0910-8067-11ed-b1e6-fa4fb8e2990b,BH Stadion Fey (Bert Heesakkerstr.),51.896805818,4.521735582,50,2,9999
2026-03-18T19:26:40.585426,a1337d02-e018-11ed-a249-96cdaf8f7240,BH Sint Franciscus,51.942171146,4.460534407,25,11,9999
2026-03-18T19:26:40.585426,d3cea108-8285-11f0-ab44-baed9603afbb,BH - Ratelaarweg,51.967431611,4.463349689,10,0,9999
2026-03-18T19:26:40.585426,3bef7002-bdb5-11ed-b1e6-fa4fb8e2990b,RK Breeweg,51.890630632,4.514261169,10,1,9999
2026-03-18T19:26:40.585426,8c90734c-45bb-11ee-8219-8ed3b2364c4f,BH Coen Moulijnweg,51.893813253,4.526876329,42,2,9999
2026-03-18T19:26:40.585426,1b098490-2037-11f0-ab1d-9ae3af3bf913,BH Karmelweg,51.933461291,4.5029394,8,5,9999
2026-03-18T19:26:40.585426,23348a06-bdb1-11ed-b1e6-fa4fb8e2990b,RK Guido Gezelleweg,51.87434607,4.523238145,10,9,9999
2026-03-18T19:26:40.585426,66824038-37b2-11ef-a21a-8e54a72a50da,HUB Metrostation Parkweg / Zuidzijde,51.921443238,4.39475836,10,2,7
2026-03-18T19:26:40.585426,2c127298-ff25-11ef-a79f-a65a77daff90,BH Aert van Nesstraat,51.921141166,4.478916173,8,2,9999
2026-03-18T19:26:40.585426,cde445c6-a744-11ef-8778-d2279db84567,BH Groenendaal,51.921685178,4.492944049,6,9,9999
2026-03-18T19:26:40.585426,97c6a1c2-a8da-11ef-8778-d2279db84567,BH Henegouwerplein,51.921807589,4.460561523,10,11,9999
2026-03-18T19:26:40.585426,e68d5642-a5b5-11f0-b6c1-baed9603afbb,HUB NS Station Schiedam Centrum/ Professor Kamerlingh Onneslaan,51.92071744,4.408262487,12,4,9999
2026-03-18T19:26:40.585426,82623a40-bda3-11ed-b1e6-fa4fb8e2990b,RK Rosestraat,51.91100607,4.501308573,10,2,9999
2026-03-18T19:26:40.585426,b7353df6-b485-11ee-9ae6-5263e3f30f1e,BH Metrostation Kralingsezoom (Gravenweg),51.921751706,4.533850265,10,3,9999
2026-03-18T19:26:40.585426,6c34980a-bb92-11ef-a02d-6ea8ed91bd56,BH Gordelweg (Lidl),51.940472428,4.479798999,4,2,9999
2026-03-18T19:26:40.585426,5904bd1a-a5b5-11f0-b05b-baed9603afbb,HUB Hof van Spaland - Bachplein,51.934889388,4.374726808,8,4,9999
2026-03-18T19:26:40.585426,32ca5fd0-8126-11ed-b1e6-fa4fb8e2990b,RK Vuurplaat,51.906526668,4.505838102,10,0,9999
2026-03-18T19:26:40.585426,f94a1ff6-b095-11ef-b6d3-56d88772ab1a,BH Bm Le Fèvre de Montignylaan/ Jeroen Boschlaan,51.955641943,4.505982462,6,2,9999
2026-03-18T19:26:40.585426,4228b402-8537-11ee-bb01-c602c1905375,BH Tongelaarweg,51.895280064,4.563514996,10,0,9999
2026-03-18T19:26:40.585426,6f66a60c-36e5-11f0-ab1d-9ae3af3bf913,BH Lloydpier,51.904487669,4.460458303,8,4,2
2026-03-18T19:26:40.585426,7d81b63e-a5b5-11f0-b05b-baed9603afbb,HUB 's Gravelandseweg,51.932091958,4.401924037,6,2,9999
2026-03-18T19:26:40.585426,a3dbb322-8121-11ed-b1e6-fa4fb8e2990b,RK Metrostation Rijnhaven ,51.902216981,4.49610172,15,10,9999
2026-03-18T19:26:40.585426,cf23b50e-9ad0-11f0-ab44-baed9603afbb,BH Natuurhistorisch museum,51.911022288,4.472728259,12,0,9999
2026-03-18T19:26:40.585426,d55243f6-182b-11ef-a8d1-42f0fecaeb6a,BH Siciliëboulevard ,51.97996654,4.580859756,10,0,9999
2026-03-18T19:26:40.585426,e0f7ef36-a5b4-11f0-ab44-baed9603afbb,Havenstraat einde (digitale testhub),51.900396883,4.398614319,12,0,9999
2026-03-18T19:26:40.585426,05d1d708-eabd-11ef-88c2-aa7241d1fb4f,HUB De Thermen ,51.927426752,4.380236246,8,1,9999
2026-03-18T19:26:40.585426,b3381a7a-2036-11f0-ab1d-9ae3af3bf913,BH Oudedijk / de Nieuwe Plantage,51.929149075,4.505248613,8,2,9999
2026-03-18T19:26:40.585426,8b480576-eabc-11ee-a9f0-82366b51b915,BH Schiedamseweg Beneden,51.914135146,4.422297364,5,5,9999
2026-03-18T19:26:40.585426,89a2f1d2-a5b3-11f0-ab44-baed9603afbb,Metrostation Vijfsluizen,51.908108215,4.37254105,8,3,9999
2026-03-18T19:26:40.585426,e50f3d1e-f069-11ef-9ed7-0ea3ed1ae564,HUB Oranjestraat - Lange Nieuwstraat,51.913368472,4.40030457,5,1,9999
2026-03-18T19:26:40.585426,4c1b19a4-d0a1-11ee-8b0e-065810cc8d78,BH Elandstraat,51.910800072,4.553878993,10,7,9999
2026-03-18T19:26:40.585426,bbbba24e-806e-11ed-b1e6-fa4fb8e2990b,RK P+R Noorderhelling,51.894761016,4.532122707,15,1,9999
2026-03-18T19:26:40.585426,3ac0b682-8129-11ed-b1e6-fa4fb8e2990b,RK Cor Kieboomplein,51.896922039,4.523502821,15,2,9999
2026-03-18T19:26:40.585426,5a3ffbf4-37b1-11ef-a21a-8e54a72a50da,HUB Metrostation Nieuwland / Van Limburg Stirumstraat,51.922446663,4.38308784,6,0,1
2026-03-18T19:26:40.585426,5d8d12a2-a5b4-11f0-ab44-baed9603afbb,Van Heekstraat,51.931167557,4.406024405,4,0,9999
2026-03-18T19:26:40.585426,f251d6e8-0b82-11ef-b58d-569a23b994be,BH Metrostation Graskruid ,51.956473743,4.550010233,8,3,9999
2026-03-18T19:26:40.585426,a4d2ea7c-b2f0-11ef-aa57-62870c7808bb,BH 2e Hogenbanweg,51.936951327,4.427707182,8,2,9999
2026-03-18T19:26:40.585426,75ba0d1a-2037-11f0-ab1d-9ae3af3bf913,BH Stadhoudersweg,51.931417737,4.461484988,10,6,9999
2026-03-18T19:26:40.585426,bc6b0d7e-a745-11ef-8778-d2279db84567,BH Goudsewagenstraat,51.923224462,4.493552746,8,10,9999
2026-03-18T19:26:40.585426,0f37eafc-8912-11ee-bb01-c602c1905375,BH Metro Oostplein,51.922677789,4.497608825,10,7,9999
2026-03-18T19:26:40.585426,aed7c2fa-8123-11ed-b1e6-fa4fb8e2990b,RK Groene Hilledijk/Beijerlandselaan,51.893806789,4.509452258,10,2,9999
2026-03-18T19:26:40.585426,c76f0318-bb92-11ef-a02d-6ea8ed91bd56,BH NS Centraal Station (Stationssingel),51.925399994,4.466148375,10,4,9999
2026-03-18T19:26:40.585426,361a368c-a5b4-11f0-ab44-baed9603afbb,Sportpark Haga (Epke Zonderlandstraat),51.921919868,4.370918199,8,1,9999
2026-03-18T19:26:40.585426,f4c0fe5e-02d6-11ef-b58d-569a23b994be,BH Paulus Potterstraat,51.9228414,4.508497696,10,11,9999
2026-03-18T19:26:40.585426,48cbf66e-9f15-11ee-a91e-ee69b7c7763e,BH Franselaan,51.917379138,4.420463507,10,6,9999
2026-03-18T19:26:40.585426,e9735b4e-7da7-11f0-ab44-baed9603afbb,BH Veldkersweg,51.966835673,4.46657292,8,2,9999
2026-03-18T19:26:40.585426,4b1ac684-bb93-11ef-a02d-6ea8ed91bd56,BH Noorderkanaalweg,51.940525593,4.472984586,9,6,9999
2026-03-18T19:26:40.585426,033a9392-3700-11f0-ab1d-9ae3af3bf913,BH Herman Bavinckstraat,51.915067882,4.521446921,10,3,9999
2026-03-18T19:26:40.585426,ffe8c3e8-a8da-11ef-8778-d2279db84567,BH Mathenesserplein,51.917836602,4.44508891,8,11,9999
2026-03-18T19:26:40.585426,e377069a-ff63-11ef-a79f-a65a77daff90,BH Kralingsebos Bosdreef/Pr. Beatrixlaan,51.93789612,4.501689644,8,8,9999
2026-03-18T19:26:40.585426,7af95f9c-a747-11ef-8778-d2279db84567,BH Kruisplein,51.92228569,4.47138789,6,3,9999
2026-03-18T19:26:40.585426,4c50cb7a-bdb6-11ed-b1e6-fa4fb8e2990b,RK Olympiaweg,51.886462746,4.529133302,10,3,9999
2026-03-18T19:26:40.585426,a694ef4e-36e5-11f0-ab1d-9ae3af3bf913,BH Neushoornstraat,51.913041554,4.553743002,6,0,0
2026-03-18T19:26:40.585426,be56ca62-8120-11ed-b1e6-fa4fb8e2990b,RK P+R Beverwaard,51.885771514,4.568986239,10,3,9999
2026-03-18T19:26:40.585426,d5af3bc4-806a-11ed-b1e6-fa4fb8e2990b,BH Kievitslaan,51.907226862,4.473300159,17,8,9999
2026-03-18T19:26:40.585426,dd006abc-a5b3-11f0-ab44-baed9603afbb,Havenstraat,51.903204365,4.398004897,8,1,9999
2026-03-18T19:26:40.585426,6f09af84-eabe-11ee-a9f0-82366b51b915,BH Delftseplein ,51.925206514,4.474011701,14,5,9999
2026-03-18T19:26:40.585426,1cfb89ec-806b-11ed-b1e6-fa4fb8e2990b,BH Westplein,51.908912961,4.478583441,10,13,9999
2026-03-18T19:26:40.585426,12fc10a4-bb94-11ef-a02d-6ea8ed91bd56,BH Noordplein,51.930251975,4.483699175,10,2,9999
2026-03-18T19:26:40.585426,276e8d26-bda0-11ed-b1e6-fa4fb8e2990b,RK Strevelsweg,51.889634937,4.495943368,15,1,9999
2026-03-18T19:26:40.585426,9e066470-2038-11f0-ab1d-9ae3af3bf913,BH Kralinger Esch,51.911179823,4.524762065,9,14,9999
2026-03-18T19:26:40.585426,9b1f0aaa-8125-11ed-b1e6-fa4fb8e2990b,RK Slaghekstraat - Beijerlandselaan,51.897574833,4.511261604,10,4,9999
2026-03-18T19:26:40.585426,b8c81048-2037-11f0-ab1d-9ae3af3bf913,BH Van Maanenstraat,51.932279316,4.464280453,6,8,9999
2026-03-18T19:26:40.585426,1f4ff66c-bdb8-11ed-b1e6-fa4fb8e2990b,RK Van der Takstraat ,51.914243737,4.496045621,10,6,9999
2026-03-18T19:26:40.585426,3b523cee-5c94-11f0-ab1d-9ae3af3bf913,BH - Wilhelminapier,51.90698281,4.489727426,14,4,9999
2026-03-18T19:26:40.585426,e8d292d2-039a-11ef-b58d-569a23b994be,BH Mia van Yperenplein ,51.928414546,4.545678043,10,4,9999
2026-03-18T19:26:40.585426,12daf18a-8068-11ed-b1e6-fa4fb8e2990b,BH Treinst. Lombardijen (Aesopusplaats),51.880478018,4.530040287,10,2,9999
2026-03-18T19:26:40.585426,558e4a5a-eaba-11ee-a9f0-82366b51b915,BH Blijdorplaan ,51.927389289,4.440437692,22,18,9999
2026-03-18T19:26:40.585426,5a8de282-36ee-11f0-ab1d-9ae3af3bf913,BH van Blommesteynweg,51.888148155,4.460842726,10,0,9999
2026-03-18T19:26:40.585426,078569ee-a5b5-11f0-ab44-baed9603afbb,Nieuwe Waterwegstraat (digitale testhub),51.900682979,4.390873601,12,0,9999
2026-03-18T19:26:40.585426,8e5dd27e-06fd-11ef-b58d-569a23b994be,BH Prins Alexanderplein,51.951040272,4.553684972,14,0,9999
2026-03-18T19:26:40.585426,a6843864-fbc4-11ee-b58d-569a23b994be,Trompenburg 1,51.917696349,4.517981647,10,15,0
2026-03-18T19:26:40.585426,5b583480-a8da-11ef-8778-d2279db84567,BH Duyststraat,51.910073429,4.452225738,8,7,9999
2026-03-18T19:26:40.585426,2510e9ba-a5b6-11f0-847a-baed9603afbb,Hub Kloosterplaats,51.91675013,4.402112308,6,0,9999
2026-03-18T19:26:40.585426,880e3e72-a8dd-11ef-8778-d2279db84567,BH Spaansebocht,51.917413667,4.430014126,9,0,9999
2026-03-18T19:26:40.585426,b5b3324a-edb9-11ee-a9f0-82366b51b915,BH Siondwarsstraat,51.925261494,4.51053174,10,0,9999
2026-03-18T19:26:40.585426,94b01d94-edc6-11ee-a9f0-82366b51b915,BH Schuttersveld,51.933248028,4.490978921,10,1,9999
2026-03-18T19:26:40.585426,69b33170-edbd-11ee-a9f0-82366b51b915,BH Metro Oostplein 2,51.923145722,4.496820843,10,6,9999
2026-03-18T19:26:40.585426,67d6af9a-f068-11ef-ba40-0ea3ed1ae564,HUB Hof van Spaland - Schiedamseweg,51.934898803,4.378145906,12,0,9999
2026-03-18T19:26:40.585426,4933dd54-9e7c-11ee-a91e-ee69b7c7763e,BH Willem Ruyslaan (Luzac College),51.925421889,4.508669446,10,8,9999
2026-03-18T19:26:40.585426,9f935b6c-b095-11ef-b6d3-56d88772ab1a,BH Bergpolderplein,51.945227242,4.474988047,8,1,9999
2026-03-18T19:26:40.585426,8a2d056c-bb93-11ef-a02d-6ea8ed91bd56,BH NS Station Noord (Bergweg),51.941530048,4.481339526,10,0,10
2026-03-18T19:26:40.585426,4d95ab34-8122-11ed-b1e6-fa4fb8e2990b,RK Metrostation Maashaven ,51.896573582,4.494245173,30,2,9999
2026-03-18T19:26:40.585426,3d015ff0-8394-11ee-bb01-c602c1905375,BH Metrostation Oosterflank,51.945209326,4.555045447,10,1,9999
2026-03-18T19:26:40.585426,defeb050-a747-11ef-8778-d2279db84567,BH Karel Doormanstraat,51.922789549,4.473609692,9,8,9999
2026-03-18T19:26:40.585426,b5dc5454-890f-11ee-bb01-c602c1905375,BH Schilderstraat,51.916377397,4.48142868,8,5,9999
2026-03-18T19:26:40.585426,2f12ae3e-806c-11ed-b1e6-fa4fb8e2990b,BH Winkelcentrum Keizerswaard-Herenw,51.886358391,4.549308056,15,3,9999
2026-03-18T19:26:40.585426,3b6d73a8-805d-11ed-b1e6-fa4fb8e2990b,BH Metrostation Melanchtonweg,51.94881199,4.465233746,10,0,9999
2026-03-18T19:26:40.585426,d5832958-891a-11ee-bb01-c602c1905375,BH Metro Zuidplein (nieuw),51.887180341,4.491554668,10,7,9999
2026-03-18T19:26:40.585426,a535094e-b162-11ef-bdcd-5adc5d29ed54,BH Eudokiaplein,51.932433484,4.47153255,9,8,9999
2026-03-18T19:26:40.585426,437f8dc8-bd9e-11ed-b1e6-fa4fb8e2990b,RK Hillevliet,51.89558515,4.506432514,10,0,9999
2026-03-18T19:26:40.585426,f10d8ab4-9997-11ee-a91e-ee69b7c7763e,BH Shell Hofplein,51.925705456,4.477781355,28,0,9999
2026-03-18T19:26:40.585426,94467720-8127-11ed-b1e6-fa4fb8e2990b,RK Persoonsdam,51.909309099,4.508017165,10,6,9999
2026-03-18T19:26:40.585426,9245444a-2023-11f0-ab1d-9ae3af3bf913,BH Witte de Withstraat,51.915906523,4.478080905,10,5,9999
2026-03-18T19:26:40.585426,49d59348-ff64-11ef-b515-a65a77daff90,BH Bergweg (Dirk van den Broek),51.93856254,4.479465675,6,1,9999
2026-03-18T19:26:40.585426,30fb96bc-8124-11ed-b1e6-fa4fb8e2990b,RK Beverwaardseweg/ Borgharensingel,51.898798338,4.564663375,10,2,9999
2026-03-18T19:26:40.585426,9a1fb404-8ab3-11ee-bb01-c602c1905375,BH Langenhorst ,51.874120882,4.494254863,10,3,9999
2026-03-18T19:26:40.585426,abe67bfa-b096-11ef-b6d3-56d88772ab1a,BH Wilgenplaslaan/ Donkersingel,51.951337599,4.47048253,10,8,9999
2026-03-18T19:26:40.585426,068b0f9c-a8dd-11ef-8778-d2279db84567,BH Vierhavenstraat (Sahan),51.908502395,4.437727106,4,2,9999
2026-03-18T19:26:40.585426,bc0e7e9c-a8da-11ef-8778-d2279db84567,BH Jan van Vuchtstraat,51.917045317,4.460830874,6,7,9999
2026-03-18T19:26:40.585426,8b721818-a5b2-11f0-ab44-baed9603afbb,Lekstraat,51.90446958,4.406985264,6,1,9999
2026-03-18T19:26:40.585426,ad212572-06f7-11ef-b58d-569a23b994be,BH Molenlaan/Grindweg,51.963224537,4.49571068,10,2,9999
2026-03-18T19:26:40.585426,f8828c3e-806d-11ed-b1e6-fa4fb8e2990b,RK Station Rdam Zuid,51.905545015,4.509568537,15,4,9999
2026-03-18T19:26:40.585426,5f71799e-806b-11ed-b1e6-fa4fb8e2990b,BH Willemsplein,51.911118908,4.481894771,17,6,9999
2026-03-18T19:26:40.585426,42824336-bd97-11ed-b1e6-fa4fb8e2990b,RK Groene Hilledijk,51.882726433,4.504266667,10,0,9999
2026-03-18T19:26:40.585426,db6932f4-182b-11ef-a8d1-42f0fecaeb6a,BH Metrostation Nesselande,51.978969273,4.586177782,10,0,9999
2026-03-18T19:26:40.585426,e26322b0-2025-11f0-ab1d-9ae3af3bf913,BH Brielselaan,51.896298935,4.489248091,4,2,9999
2026-03-18T19:26:40.585426,c862b7f2-06fb-11ef-b58d-569a23b994be,BH Prins Alexanderlaan (metrobaan zijde),51.952192324,4.551435621,10,0,9999
2026-03-18T19:26:40.585426,c53689c2-8124-11ed-b1e6-fa4fb8e2990b,RK Peellandstraat / Beesdestraat ,51.888535309,4.567291893,10,3,9999
2026-03-18T19:26:40.585426,8f5d35a0-1834-11ef-8071-42f0fecaeb6a,BH Jan Bijloostraat (Winkelcentrum Lage Land),51.941821995,4.546449269,9,2,9999
2026-03-18T19:26:40.585426,f8fcd3a4-983a-11ef-a85a-be896af2d3a5,BH Rhijnauwensingel,51.892161199,4.569620613,12,6,9999
2026-03-18T19:26:40.585426,118239d4-a5b2-11f0-ab44-baed9603afbb,Lorentzlaan (bushalte),51.917994492,4.415061192,4,8,9999
2026-03-18T19:26:40.585426,0c107276-bdb7-11ed-b1e6-fa4fb8e2990b,RK Sandelingenplein,51.889562128,4.506962326,10,1,9999
2026-03-18T19:26:40.585426,75b8bea6-81d8-11ed-b1e6-fa4fb8e2990b,RK Metrostation Maashaven (Putselaan),51.897794241,4.495760713,10,3,9999
2026-03-18T19:26:40.585426,a20bbbae-bdae-11ed-b1e6-fa4fb8e2990b,RK Frankendaal,51.886951976,4.521294152,10,1,9999
2026-03-18T19:26:40.585426,bc839806-a5b1-11f0-ab44-baed9603afbb,Van het Hoffplein (Boerhavelaan),51.916219132,4.412005574,8,3,9999
2026-03-18T19:26:40.585426,f1df385c-f5b2-11ef-81b3-76e5c571f05f,HUB Admiraal de Ruyterstraat,51.906742474,4.38554997,8,1,9999
2026-03-18T19:26:40.585426,4247dd56-1c9f-11ee-8219-8ed3b2364c4f,BH Metro Coolhaven,51.909218289,4.458167882,10,4,9999
2026-03-18T19:26:40.585426,65af1c24-06f4-11ef-b58d-569a23b994be,BH Meerum Terwogtlaan,51.951763386,4.524587387,10,0,9999
2026-03-18T20:00:40.556664,2c632780-a8de-11ef-8778-d2279db84567,BH Schuttevaerweg,51.922420472,4.434869706,10,3,9999
2026-03-18T20:00:40.556664,a3c07f10-a5b5-11f0-b05b-baed9603afbb,HUB Hoofdbrug,51.908705902,4.406131267,8,2,9999
2026-03-18T20:00:40.556664,b9bfe680-fbc4-11ee-b58d-569a23b994be,Trompenburg 2,51.917638379,4.518889893,10,1,9
2026-03-18T20:00:40.556664,3c659862-a8dd-11ef-8778-d2279db84567,BH Mayflowerstraat,51.905015647,4.440161906,10,7,9999
2026-03-18T20:00:40.556664,e0a4baca-a748-11ef-8778-d2279db84567,BH Mariniersweg,51.920853425,4.490979502,10,9,9999
2026-03-18T20:00:40.556664,c35c448e-06fc-11ef-b58d-569a23b994be,BH Jacob van Campenweg ,51.942434165,4.537976212,7,5,9999
2026-03-18T20:00:40.556664,438486f4-a5b6-11f0-a150-baed9603afbb,HUB Koemarkt ingang garage,51.914517902,4.401917461,6,3,9999
2026-03-18T20:00:40.556664,365f4a3e-a5b3-11f0-ab44-baed9603afbb,Rubensplein,51.911712719,4.383665134,6,0,9999
2026-03-18T20:00:40.556664,a85b996e-fe23-11ee-b58d-569a23b994be,BH Dirk van der Kooijweg (Waterleliesingel),51.953796964,4.52009166,10,2,9999
2026-03-18T20:00:40.556664,19e2de56-b5d8-11ee-9ae6-5263e3f30f1e,BH STC Waalhaven,51.878297275,4.448759787,10,0,9999
2026-03-18T20:00:40.556664,c6c213ee-ed18-11ef-9957-f683e5eb607c,BH Langenhorst (Binkhorst),51.877310029,4.494737503,10,2,9999
2026-03-18T20:00:40.556664,3366f8b0-a8dc-11ef-8778-d2279db84567,BH Vierhavenstraat (WoonEnzo),51.907777562,4.438830385,4,8,9999
2026-03-18T20:00:40.556664,04a89aea-a5b3-11f0-ab44-baed9603afbb,Groenelaan Hagastraat (Winkelcentrum),51.907303396,4.402285408,4,2,9999
2026-03-18T20:00:40.556664,32638aa6-a5b5-11f0-9f09-baed9603afbb,HUB Laan van Bol'es,51.928443203,4.370771711,10,2,9999
2026-03-18T20:00:40.556664,291c2f72-a749-11ef-8778-d2279db84567,BH Westzeedijk,51.909321622,4.471436479,10,6,9999
2026-03-18T20:00:40.556664,abd627be-67bb-11f0-91de-5eaa9feacc9b,BH Schiekade (Heer Bokelweg),51.927133058,4.476309832,10,0,9999
2026-03-18T20:00:40.556664,8948d5a4-b094-11ef-b6d3-56d88772ab1a,BH Duivenpad,51.964922912,4.498254116,8,4,9999
2026-03-18T20:00:40.556664,227e8c1e-be97-11ee-9ae6-5263e3f30f1e,HUB Metrostation Troelstralaan,51.915742295,4.384972326,10,1,9999
2026-03-18T20:00:40.556664,0af509a8-06f7-11ef-b58d-569a23b994be,BH Beethovensingel,51.96114919,4.505141448,10,5,9999
2026-03-18T20:00:40.556664,dc06f296-1768-11ef-8071-42f0fecaeb6a,BH Prins Alexanderlaan (Oosterflank),51.946646256,4.553811478,12,1,9999
2026-03-18T20:00:40.556664,221af3ce-7fe1-11ee-bb01-c602c1905375,BH Metro Prinsenlaan,51.940647564,4.556931306,10,0,9999
2026-03-18T20:00:40.556664,a793d6ba-edc8-11ee-a9f0-82366b51b915,BH Infirmeriestraat,51.922255603,4.502265891,10,6,9999
2026-03-18T20:00:40.556664,0359e1a2-bdb3-11ed-b1e6-fa4fb8e2990b,RK Rosestraat 11C,51.902954022,4.511377745,10,11,9999
2026-03-18T20:00:40.556664,87f07e20-9e78-11ee-a91e-ee69b7c7763e,BH Marconistraat (Lee Towers),51.912441021,4.430411189,14,5,9999
2026-03-18T20:00:40.556664,f539bd6e-06f8-11ef-b58d-569a23b994be,BH Meijersplein,51.955657978,4.463033845,8,2,9999
2026-03-18T20:00:40.556664,70f0801a-8071-11ed-b1e6-fa4fb8e2990b,RK treinstation Lombardijen,51.88057913,4.531905572,30,3,9999
2026-03-18T20:00:40.556664,43752ffc-a8db-11ef-8778-d2279db84567,BH Pieter de Hoochweg,51.906316301,4.459985731,6,7,9999
2026-03-18T20:00:40.556664,b35ddad8-ab08-11ef-8778-d2279db84567,HUB Rotterdamsedijk 272,51.914957692,4.40343084,8,0,9999
2026-03-18T20:00:40.556664,9b1fa0f6-ae3c-11ee-a91e-ee69b7c7763e,BH Winkelhart Plein 1953,51.874842065,4.467889739,10,4,9999
2026-03-18T20:00:40.556664,8bd90878-0884-11f0-9a47-66143dd92f22,RK Molenvliet,51.882626536,4.521159806,10,3,9999
2026-03-18T20:00:40.556664,45450b66-a5b2-11f0-ab44-baed9603afbb,Maasdijk (Gustoweg),51.906629018,4.412009895,6,1,9999
2026-03-18T20:00:40.556664,4de2effe-f068-11ef-ba40-0ea3ed1ae564,HUB Hof van Spaland - Vlaardingseweg,51.935841728,4.376077923,4,1,9999
2026-03-18T20:00:40.556664,d38c6468-06fe-11ef-b58d-569a23b994be,BH Kleine Beer,51.950902127,4.555051083,6,3,9999
2026-03-18T20:00:40.556664,e552904e-182b-11ef-a8d1-42f0fecaeb6a,BH Metrostation Hesseplaats,51.963345229,4.554510684,10,3,9999
2026-03-18T20:00:40.556664,1826196c-b162-11ef-bdcd-5adc5d29ed54,BH Bentincklaan (Diergaarde Blijdorp),51.92572504,4.454794024,10,7,9999
2026-03-18T20:00:40.556664,8a1e5ed0-1c9e-11ee-8219-8ed3b2364c4f,BH Sparta stadion,51.920151368,4.434428835,20,14,9999
2026-03-18T20:00:40.556664,d3c9003c-b486-11ee-9ae6-5263e3f30f1e,BH Oostzeedijk Beneden,51.922514244,4.503092963,10,9,9999
2026-03-18T20:00:40.556664,552a82b8-b094-11ef-b6d3-56d88772ab1a,BH Hockeyclub Rotterdam,51.96869974,4.484731647,25,6,9999
2026-03-18T20:00:40.556664,cb3f6d1c-a746-11ef-8778-d2279db84567,BH Vasteland (AH),51.911537089,4.478368712,10,13,9999
2026-03-18T20:00:40.556664,d4a8557a-eabd-11ef-ac99-aa7241d1fb4f,HUB Admiraal Trompstraat (Huisman),51.908834504,4.381923039,8,0,9999
2026-03-18T20:00:40.556664,00e8b3de-9e82-11ee-a91e-ee69b7c7763e,BH Jacques Dutilhweg,51.927993284,4.5475155,10,7,9999
2026-03-18T20:00:40.556664,d868fe52-36e5-11f0-ab1d-9ae3af3bf913,BH Sluisjesdijk,51.894714517,4.461900478,10,6,0
2026-03-18T20:00:40.556664,4338fed2-edbb-11ee-a9f0-82366b51b915,BH Oostzeedijk Beneden 2,51.921653595,4.507031037,10,11,9999
2026-03-18T20:00:40.556664,2c82bb9a-217b-11ee-8219-8ed3b2364c4f,Hub Weena,51.922738296,4.469181329,142,0,9999
2026-03-18T20:00:40.556664,96f5cbdc-06f6-11ef-b58d-569a23b994be,BH Argonautenweg,51.959086712,4.49354982,10,2,9999
2026-03-18T20:00:40.556664,2f51713e-32b7-11ee-8219-8ed3b2364c4f,Hub P+R Capelsebrug,51.920991793,4.559215491,18,5,9999
2026-03-18T20:00:40.556664,62b0255a-9e7a-11ee-a91e-ee69b7c7763e,BH Vierhavenstraat,51.910327597,4.434992993,16,3,9999
2026-03-18T20:00:40.556664,2b10524e-06f5-11ef-b58d-569a23b994be,BH Piet van der Polsingel,51.950618784,4.518612648,8,2,9999
2026-03-18T20:00:40.556664,47070056-06fa-11ef-b58d-569a23b994be,BH Metrostation Schenkel,51.931770435,4.56406792,12,1,9999
2026-03-18T20:00:40.556664,7a8c12ba-91ab-11ed-b1e6-fa4fb8e2990b,BH Metrostation Slinge,51.874526023,4.477872534,15,7,9999
2026-03-18T20:00:40.556664,026045c6-8530-11ee-bb01-c602c1905375,BH Winkelhart Katendrechtse Lagedijk,51.891184937,4.479440034,10,5,9999
2026-03-18T20:00:40.556664,9d9bb8ec-4bd1-11ee-bb01-c602c1905375,BH Marconiplein,51.913319277,4.432514448,10,7,9999
2026-03-18T20:00:40.556664,8330f3ca-a5b4-11f0-ab44-baed9603afbb,Fokkerstraat Plesmanstraat,51.929694009,4.399576614,4,0,9999
2026-03-18T20:00:40.556664,5b842034-5331-11f0-ab1d-9ae3af3bf913,BH Walenburgerweg,51.926698659,4.462629155,10,2,9999
2026-03-18T20:00:40.556664,a08059b6-b484-11ee-9ae6-5263e3f30f1e,BH Metrostation Gerdesiaweg,51.925444134,4.506155972,10,7,9999
2026-03-18T20:00:40.556664,2f718c84-8911-11ee-bb01-c602c1905375,BH Metro Dijkzigt - EMC,51.911789199,4.466334846,20,13,9999
2026-03-18T20:00:40.556664,f58e41fc-1c9f-11ee-8219-8ed3b2364c4f,BH Heemraadsplein,51.912322959,4.455058085,10,4,9999
2026-03-18T20:00:40.556664,79fdd038-34b8-11f0-ab1d-9ae3af3bf913,BH RTHA Airport,51.94924845,4.432611987,10,5,0
2026-03-18T20:00:40.556664,1c41897e-596e-11ef-bed6-aa139991deb4,HUB Metrostation Nieuwland / Bijdorpplein,51.922583819,4.38260008,10,1,9999
2026-03-18T20:00:40.556664,a57d027c-8912-11ee-bb01-c602c1905375,BH Delftse Poort,51.924408145,4.472816464,10,2,9999
2026-03-18T20:00:40.556664,6383849a-2038-11f0-ab1d-9ae3af3bf913,BH - Kralingsebos (Langepad),51.936318565,4.506197017,10,5,9999
2026-03-18T20:00:40.556664,e90e9332-06f5-11ef-b58d-569a23b994be,BH Burgemeester Le Fèvre de Montignylaan,51.957620055,4.501711782,10,1,9999
2026-03-18T20:00:40.556664,5cb3ffde-bdaf-11ed-b1e6-fa4fb8e2990b,RK Stadionlaan,51.892328813,4.530682857,10,4,9999
2026-03-18T20:00:40.556664,02bed1f8-8392-11ee-bb01-c602c1905375,BH Station Alexander,51.951735827,4.551049232,10,0,9999
2026-03-18T20:00:40.556664,08d5cf66-8ab2-11ee-bb01-c602c1905375,BH Winkelhart Asterlo,51.873536387,4.483591736,10,0,9999
2026-03-18T20:00:40.556664,0e51e024-c757-11ee-9ae6-5263e3f30f1e,BH Metrostation Binnenhof,51.960437867,4.535372966,10,3,9999
2026-03-18T20:00:40.556664,409f87f6-890f-11ee-bb01-c602c1905375,BH Metro Beurs,51.917806013,4.480107053,8,5,9999
2026-03-18T20:00:40.556664,d6a7cd26-4d08-11f0-ab1d-9ae3af3bf913,BH - Oudehoofdplein-Haringvliet,51.918979475,4.49384405,10,6,9999
2026-03-18T20:00:40.556664,f0ad9b92-1767-11ef-8071-42f0fecaeb6a,BH Prinsenlaan,51.937206457,4.536127586,10,0,9999
2026-03-18T20:00:40.556664,f06fd44c-2035-11f0-ab1d-9ae3af3bf913,BH Boezemlaan,51.938982631,4.495864471,10,12,9999
2026-03-18T20:00:40.556664,8d91a90c-9e83-11ee-a91e-ee69b7c7763e,BH Kraaierstraat,51.91909698,4.418192898,8,7,9999
2026-03-18T20:00:40.556664,a2671a36-bdad-11ed-b1e6-fa4fb8e2990b,RK Dwarsdijk,51.893055987,4.539201504,10,6,9999
2026-03-18T20:00:40.556664,376a5cda-06f8-11ef-b58d-569a23b994be,BH Ganzerikplein,51.958953276,4.471584016,10,3,9999
2026-03-18T20:00:40.556664,5cdd9872-b096-11ef-b6d3-56d88772ab1a,BH Wilgenplaslaan/ Meidoornsingel,51.953868042,4.468211582,7,4,9999
2026-03-18T20:00:40.556664,952a3e78-a8db-11ef-8778-d2279db84567,BH Lloydstraat,51.902214281,4.461287644,10,3,9999
2026-03-18T20:00:40.556664,a6fa0910-8067-11ed-b1e6-fa4fb8e2990b,BH Stadion Fey (Bert Heesakkerstr.),51.896805818,4.521735582,50,2,9999
2026-03-18T20:00:40.556664,a1337d02-e018-11ed-a249-96cdaf8f7240,BH Sint Franciscus,51.942171146,4.460534407,25,10,9999
2026-03-18T20:00:40.556664,d3cea108-8285-11f0-ab44-baed9603afbb,BH - Ratelaarweg,51.967431611,4.463349689,10,0,9999
2026-03-18T20:00:40.556664,3bef7002-bdb5-11ed-b1e6-fa4fb8e2990b,RK Breeweg,51.890630632,4.514261169,10,0,9999
2026-03-18T20:00:40.556664,8c90734c-45bb-11ee-8219-8ed3b2364c4f,BH Coen Moulijnweg,51.893813253,4.526876329,42,3,9999
2026-03-18T20:00:40.556664,1b098490-2037-11f0-ab1d-9ae3af3bf913,BH Karmelweg,51.933461291,4.5029394,8,5,9999
2026-03-18T20:00:40.556664,23348a06-bdb1-11ed-b1e6-fa4fb8e2990b,RK Guido Gezelleweg,51.87434607,4.523238145,10,9,9999
2026-03-18T20:00:40.556664,66824038-37b2-11ef-a21a-8e54a72a50da,HUB Metrostation Parkweg / Zuidzijde,51.921443238,4.39475836,10,2,7
2026-03-18T20:00:40.556664,2c127298-ff25-11ef-a79f-a65a77daff90,BH Aert van Nesstraat,51.921141166,4.478916173,8,0,9999
2026-03-18T20:00:40.556664,cde445c6-a744-11ef-8778-d2279db84567,BH Groenendaal,51.921685178,4.492944049,6,9,9999
2026-03-18T20:00:40.556664,97c6a1c2-a8da-11ef-8778-d2279db84567,BH Henegouwerplein,51.921807589,4.460561523,10,12,9999
2026-03-18T20:00:40.556664,e68d5642-a5b5-11f0-b6c1-baed9603afbb,HUB NS Station Schiedam Centrum/ Professor Kamerlingh Onneslaan,51.92071744,4.408262487,12,4,9999
2026-03-18T20:00:40.556664,82623a40-bda3-11ed-b1e6-fa4fb8e2990b,RK Rosestraat,51.91100607,4.501308573,10,2,9999
2026-03-18T20:00:40.556664,b7353df6-b485-11ee-9ae6-5263e3f30f1e,BH Metrostation Kralingsezoom (Gravenweg),51.921751706,4.533850265,10,2,9999
2026-03-18T20:00:40.556664,6c34980a-bb92-11ef-a02d-6ea8ed91bd56,BH Gordelweg (Lidl),51.940472428,4.479798999,4,1,9999
2026-03-18T20:00:40.556664,5904bd1a-a5b5-11f0-b05b-baed9603afbb,HUB Hof van Spaland - Bachplein,51.934889388,4.374726808,8,4,9999
2026-03-18T20:00:40.556664,32ca5fd0-8126-11ed-b1e6-fa4fb8e2990b,RK Vuurplaat,51.906526668,4.505838102,10,0,9999
2026-03-18T20:00:40.556664,f94a1ff6-b095-11ef-b6d3-56d88772ab1a,BH Bm Le Fèvre de Montignylaan/ Jeroen Boschlaan,51.955641943,4.505982462,6,2,9999
2026-03-18T20:00:40.556664,4228b402-8537-11ee-bb01-c602c1905375,BH Tongelaarweg,51.895280064,4.563514996,10,0,9999
2026-03-18T20:00:40.556664,6f66a60c-36e5-11f0-ab1d-9ae3af3bf913,BH Lloydpier,51.904487669,4.460458303,8,4,2
2026-03-18T20:00:40.556664,7d81b63e-a5b5-11f0-b05b-baed9603afbb,HUB 's Gravelandseweg,51.932091958,4.401924037,6,2,9999
2026-03-18T20:00:40.556664,a3dbb322-8121-11ed-b1e6-fa4fb8e2990b,RK Metrostation Rijnhaven ,51.902216981,4.49610172,15,10,9999
2026-03-18T20:00:40.556664,cf23b50e-9ad0-11f0-ab44-baed9603afbb,BH Natuurhistorisch museum,51.911022288,4.472728259,12,0,9999
2026-03-18T20:00:40.556664,d55243f6-182b-11ef-a8d1-42f0fecaeb6a,BH Siciliëboulevard ,51.97996654,4.580859756,10,0,9999
2026-03-18T20:00:40.556664,e0f7ef36-a5b4-11f0-ab44-baed9603afbb,Havenstraat einde (digitale testhub),51.900396883,4.398614319,12,0,9999
2026-03-18T20:00:40.556664,05d1d708-eabd-11ef-88c2-aa7241d1fb4f,HUB De Thermen ,51.927426752,4.380236246,8,1,9999
2026-03-18T20:00:40.556664,b3381a7a-2036-11f0-ab1d-9ae3af3bf913,BH Oudedijk / de Nieuwe Plantage,51.929149075,4.505248613,8,3,9999
2026-03-18T20:00:40.556664,8b480576-eabc-11ee-a9f0-82366b51b915,BH Schiedamseweg Beneden,51.914135146,4.422297364,5,4,9999
2026-03-18T20:00:40.556664,89a2f1d2-a5b3-11f0-ab44-baed9603afbb,Metrostation Vijfsluizen,51.908108215,4.37254105,8,3,9999
2026-03-18T20:00:40.556664,e50f3d1e-f069-11ef-9ed7-0ea3ed1ae564,HUB Oranjestraat - Lange Nieuwstraat,51.913368472,4.40030457,5,2,9999
2026-03-18T20:00:40.556664,4c1b19a4-d0a1-11ee-8b0e-065810cc8d78,BH Elandstraat,51.910800072,4.553878993,10,7,9999
2026-03-18T20:00:40.556664,bbbba24e-806e-11ed-b1e6-fa4fb8e2990b,RK P+R Noorderhelling,51.894761016,4.532122707,15,1,9999
2026-03-18T20:00:40.556664,3ac0b682-8129-11ed-b1e6-fa4fb8e2990b,RK Cor Kieboomplein,51.896922039,4.523502821,15,2,9999
2026-03-18T20:00:40.556664,5a3ffbf4-37b1-11ef-a21a-8e54a72a50da,HUB Metrostation Nieuwland / Van Limburg Stirumstraat,51.922446663,4.38308784,6,0,1
2026-03-18T20:00:40.556664,5d8d12a2-a5b4-11f0-ab44-baed9603afbb,Van Heekstraat,51.931167557,4.406024405,4,0,9999
2026-03-18T20:00:40.556664,f251d6e8-0b82-11ef-b58d-569a23b994be,BH Metrostation Graskruid ,51.956473743,4.550010233,8,3,9999
2026-03-18T20:00:40.556664,a4d2ea7c-b2f0-11ef-aa57-62870c7808bb,BH 2e Hogenbanweg,51.936951327,4.427707182,8,2,9999
2026-03-18T20:00:40.556664,75ba0d1a-2037-11f0-ab1d-9ae3af3bf913,BH Stadhoudersweg,51.931417737,4.461484988,10,7,9999
2026-03-18T20:00:40.556664,bc6b0d7e-a745-11ef-8778-d2279db84567,BH Goudsewagenstraat,51.923224462,4.493552746,8,12,9999
2026-03-18T20:00:40.556664,0f37eafc-8912-11ee-bb01-c602c1905375,BH Metro Oostplein,51.922677789,4.497608825,10,9,9999
2026-03-18T20:00:40.556664,aed7c2fa-8123-11ed-b1e6-fa4fb8e2990b,RK Groene Hilledijk/Beijerlandselaan,51.893806789,4.509452258,10,1,9999
2026-03-18T20:00:40.556664,c76f0318-bb92-11ef-a02d-6ea8ed91bd56,BH NS Centraal Station (Stationssingel),51.925399994,4.466148375,10,3,9999
2026-03-18T20:00:40.556664,361a368c-a5b4-11f0-ab44-baed9603afbb,Sportpark Haga (Epke Zonderlandstraat),51.921919868,4.370918199,8,1,9999
2026-03-18T20:00:40.556664,f4c0fe5e-02d6-11ef-b58d-569a23b994be,BH Paulus Potterstraat,51.9228414,4.508497696,10,11,9999
2026-03-18T20:00:40.556664,48cbf66e-9f15-11ee-a91e-ee69b7c7763e,BH Franselaan,51.917379138,4.420463507,10,6,9999
2026-03-18T20:00:40.556664,e9735b4e-7da7-11f0-ab44-baed9603afbb,BH Veldkersweg,51.966835673,4.46657292,8,2,9999
2026-03-18T20:00:40.556664,4b1ac684-bb93-11ef-a02d-6ea8ed91bd56,BH Noorderkanaalweg,51.940525593,4.472984586,9,6,9999
2026-03-18T20:00:40.556664,033a9392-3700-11f0-ab1d-9ae3af3bf913,BH Herman Bavinckstraat,51.915067882,4.521446921,10,2,9999
2026-03-18T20:00:40.556664,ffe8c3e8-a8da-11ef-8778-d2279db84567,BH Mathenesserplein,51.917836602,4.44508891,8,13,9999
2026-03-18T20:00:40.556664,e377069a-ff63-11ef-a79f-a65a77daff90,BH Kralingsebos Bosdreef/Pr. Beatrixlaan,51.93789612,4.501689644,8,8,9999
2026-03-18T20:00:40.556664,7af95f9c-a747-11ef-8778-d2279db84567,BH Kruisplein,51.92228569,4.47138789,6,3,9999
2026-03-18T20:00:40.556664,4c50cb7a-bdb6-11ed-b1e6-fa4fb8e2990b,RK Olympiaweg,51.886462746,4.529133302,10,3,9999
2026-03-18T20:00:40.556664,a694ef4e-36e5-11f0-ab1d-9ae3af3bf913,BH Neushoornstraat,51.913041554,4.553743002,6,0,0
2026-03-18T20:00:40.556664,be56ca62-8120-11ed-b1e6-fa4fb8e2990b,RK P+R Beverwaard,51.885771514,4.568986239,10,3,9999
2026-03-18T20:00:40.556664,d5af3bc4-806a-11ed-b1e6-fa4fb8e2990b,BH Kievitslaan,51.907226862,4.473300159,17,8,9999
2026-03-18T20:00:40.556664,dd006abc-a5b3-11f0-ab44-baed9603afbb,Havenstraat,51.903204365,4.398004897,8,1,9999
2026-03-18T20:00:40.556664,6f09af84-eabe-11ee-a9f0-82366b51b915,BH Delftseplein ,51.925206514,4.474011701,14,6,9999
2026-03-18T20:00:40.556664,1cfb89ec-806b-11ed-b1e6-fa4fb8e2990b,BH Westplein,51.908912961,4.478583441,10,13,9999
2026-03-18T20:00:40.556664,12fc10a4-bb94-11ef-a02d-6ea8ed91bd56,BH Noordplein,51.930251975,4.483699175,10,1,9999
2026-03-18T20:00:40.556664,276e8d26-bda0-11ed-b1e6-fa4fb8e2990b,RK Strevelsweg,51.889634937,4.495943368,15,0,9999
2026-03-18T20:00:40.556664,9e066470-2038-11f0-ab1d-9ae3af3bf913,BH Kralinger Esch,51.911179823,4.524762065,9,14,9999
2026-03-18T20:00:40.556664,9b1f0aaa-8125-11ed-b1e6-fa4fb8e2990b,RK Slaghekstraat - Beijerlandselaan,51.897574833,4.511261604,10,4,9999
2026-03-18T20:00:40.556664,b8c81048-2037-11f0-ab1d-9ae3af3bf913,BH Van Maanenstraat,51.932279316,4.464280453,6,7,9999
2026-03-18T20:00:40.556664,1f4ff66c-bdb8-11ed-b1e6-fa4fb8e2990b,RK Van der Takstraat ,51.914243737,4.496045621,10,6,9999
2026-03-18T20:00:40.556664,3b523cee-5c94-11f0-ab1d-9ae3af3bf913,BH - Wilhelminapier,51.90698281,4.489727426,14,2,9999
2026-03-18T20:00:40.556664,e8d292d2-039a-11ef-b58d-569a23b994be,BH Mia van Yperenplein ,51.928414546,4.545678043,10,4,9999
2026-03-18T20:00:40.556664,12daf18a-8068-11ed-b1e6-fa4fb8e2990b,BH Treinst. Lombardijen (Aesopusplaats),51.880478018,4.530040287,10,1,9999
2026-03-18T20:00:40.556664,558e4a5a-eaba-11ee-a9f0-82366b51b915,BH Blijdorplaan ,51.927389289,4.440437692,22,17,9999
2026-03-18T20:00:40.556664,5a8de282-36ee-11f0-ab1d-9ae3af3bf913,BH van Blommesteynweg,51.888148155,4.460842726,10,0,9999
2026-03-18T20:00:40.556664,078569ee-a5b5-11f0-ab44-baed9603afbb,Nieuwe Waterwegstraat (digitale testhub),51.900682979,4.390873601,12,0,9999
2026-03-18T20:00:40.556664,8e5dd27e-06fd-11ef-b58d-569a23b994be,BH Prins Alexanderplein,51.951040272,4.553684972,14,0,9999
2026-03-18T20:00:40.556664,a6843864-fbc4-11ee-b58d-569a23b994be,Trompenburg 1,51.917696349,4.517981647,10,15,0
2026-03-18T20:00:40.556664,5b583480-a8da-11ef-8778-d2279db84567,BH Duyststraat,51.910073429,4.452225738,8,7,9999
2026-03-18T20:00:40.556664,2510e9ba-a5b6-11f0-847a-baed9603afbb,Hub Kloosterplaats,51.91675013,4.402112308,6,0,9999
2026-03-18T20:00:40.556664,880e3e72-a8dd-11ef-8778-d2279db84567,BH Spaansebocht,51.917413667,4.430014126,9,2,9999
2026-03-18T20:00:40.556664,b5b3324a-edb9-11ee-a9f0-82366b51b915,BH Siondwarsstraat,51.925261494,4.51053174,10,0,9999
2026-03-18T20:00:40.556664,94b01d94-edc6-11ee-a9f0-82366b51b915,BH Schuttersveld,51.933248028,4.490978921,10,3,9999
2026-03-18T20:00:40.556664,69b33170-edbd-11ee-a9f0-82366b51b915,BH Metro Oostplein 2,51.923145722,4.496820843,10,7,9999
2026-03-18T20:00:40.556664,67d6af9a-f068-11ef-ba40-0ea3ed1ae564,HUB Hof van Spaland - Schiedamseweg,51.934898803,4.378145906,12,0,9999
2026-03-18T20:00:40.556664,4933dd54-9e7c-11ee-a91e-ee69b7c7763e,BH Willem Ruyslaan (Luzac College),51.925421889,4.508669446,10,8,9999
2026-03-18T20:00:40.556664,9f935b6c-b095-11ef-b6d3-56d88772ab1a,BH Bergpolderplein,51.945227242,4.474988047,8,0,9999
2026-03-18T20:00:40.556664,8a2d056c-bb93-11ef-a02d-6ea8ed91bd56,BH NS Station Noord (Bergweg),51.941530048,4.481339526,10,0,10
2026-03-18T20:00:40.556664,4d95ab34-8122-11ed-b1e6-fa4fb8e2990b,RK Metrostation Maashaven ,51.896573582,4.494245173,30,1,9999
2026-03-18T20:00:40.556664,3d015ff0-8394-11ee-bb01-c602c1905375,BH Metrostation Oosterflank,51.945209326,4.555045447,10,1,9999
2026-03-18T20:00:40.556664,defeb050-a747-11ef-8778-d2279db84567,BH Karel Doormanstraat,51.922789549,4.473609692,9,6,9999
2026-03-18T20:00:40.556664,b5dc5454-890f-11ee-bb01-c602c1905375,BH Schilderstraat,51.916377397,4.48142868,8,2,9999
2026-03-18T20:00:40.556664,2f12ae3e-806c-11ed-b1e6-fa4fb8e2990b,BH Winkelcentrum Keizerswaard-Herenw,51.886358391,4.549308056,15,3,9999
2026-03-18T20:00:40.556664,3b6d73a8-805d-11ed-b1e6-fa4fb8e2990b,BH Metrostation Melanchtonweg,51.94881199,4.465233746,10,1,9999
2026-03-18T20:00:40.556664,d5832958-891a-11ee-bb01-c602c1905375,BH Metro Zuidplein (nieuw),51.887180341,4.491554668,10,7,9999
2026-03-18T20:00:40.556664,a535094e-b162-11ef-bdcd-5adc5d29ed54,BH Eudokiaplein,51.932433484,4.47153255,9,10,9999
2026-03-18T20:00:40.556664,437f8dc8-bd9e-11ed-b1e6-fa4fb8e2990b,RK Hillevliet,51.89558515,4.506432514,10,0,9999
2026-03-18T20:00:40.556664,f10d8ab4-9997-11ee-a91e-ee69b7c7763e,BH Shell Hofplein,51.925705456,4.477781355,28,2,9999
2026-03-18T20:00:40.556664,94467720-8127-11ed-b1e6-fa4fb8e2990b,RK Persoonsdam,51.909309099,4.508017165,10,6,9999
2026-03-18T20:00:40.556664,9245444a-2023-11f0-ab1d-9ae3af3bf913,BH Witte de Withstraat,51.915906523,4.478080905,10,7,9999
2026-03-18T20:00:40.556664,49d59348-ff64-11ef-b515-a65a77daff90,BH Bergweg (Dirk van den Broek),51.93856254,4.479465675,6,2,9999
2026-03-18T20:00:40.556664,30fb96bc-8124-11ed-b1e6-fa4fb8e2990b,RK Beverwaardseweg/ Borgharensingel,51.898798338,4.564663375,10,2,9999
2026-03-18T20:00:40.556664,9a1fb404-8ab3-11ee-bb01-c602c1905375,BH Langenhorst ,51.874120882,4.494254863,10,3,9999
2026-03-18T20:00:40.556664,abe67bfa-b096-11ef-b6d3-56d88772ab1a,BH Wilgenplaslaan/ Donkersingel,51.951337599,4.47048253,10,8,9999
2026-03-18T20:00:40.556664,068b0f9c-a8dd-11ef-8778-d2279db84567,BH Vierhavenstraat (Sahan),51.908502395,4.437727106,4,2,9999
2026-03-18T20:00:40.556664,bc0e7e9c-a8da-11ef-8778-d2279db84567,BH Jan van Vuchtstraat,51.917045317,4.460830874,6,7,9999
2026-03-18T20:00:40.556664,8b721818-a5b2-11f0-ab44-baed9603afbb,Lekstraat,51.90446958,4.406985264,6,1,9999
2026-03-18T20:00:40.556664,ad212572-06f7-11ef-b58d-569a23b994be,BH Molenlaan/Grindweg,51.963224537,4.49571068,10,2,9999
2026-03-18T20:00:40.556664,f8828c3e-806d-11ed-b1e6-fa4fb8e2990b,RK Station Rdam Zuid,51.905545015,4.509568537,15,4,9999
2026-03-18T20:00:40.556664,5f71799e-806b-11ed-b1e6-fa4fb8e2990b,BH Willemsplein,51.911118908,4.481894771,17,6,9999
2026-03-18T20:00:40.556664,42824336-bd97-11ed-b1e6-fa4fb8e2990b,RK Groene Hilledijk,51.882726433,4.504266667,10,0,9999
2026-03-18T20:00:40.556664,db6932f4-182b-11ef-a8d1-42f0fecaeb6a,BH Metrostation Nesselande,51.978969273,4.586177782,10,0,9999
2026-03-18T20:00:40.556664,e26322b0-2025-11f0-ab1d-9ae3af3bf913,BH Brielselaan,51.896298935,4.489248091,4,1,9999
2026-03-18T20:00:40.556664,c862b7f2-06fb-11ef-b58d-569a23b994be,BH Prins Alexanderlaan (metrobaan zijde),51.952192324,4.551435621,10,0,9999
2026-03-18T20:00:40.556664,c53689c2-8124-11ed-b1e6-fa4fb8e2990b,RK Peellandstraat / Beesdestraat ,51.888535309,4.567291893,10,3,9999
2026-03-18T20:00:40.556664,8f5d35a0-1834-11ef-8071-42f0fecaeb6a,BH Jan Bijloostraat (Winkelcentrum Lage Land),51.941821995,4.546449269,9,4,9999
2026-03-18T20:00:40.556664,f8fcd3a4-983a-11ef-a85a-be896af2d3a5,BH Rhijnauwensingel,51.892161199,4.569620613,12,6,9999
2026-03-18T20:00:40.556664,118239d4-a5b2-11f0-ab44-baed9603afbb,Lorentzlaan (bushalte),51.917994492,4.415061192,4,8,9999
2026-03-18T20:00:40.556664,0c107276-bdb7-11ed-b1e6-fa4fb8e2990b,RK Sandelingenplein,51.889562128,4.506962326,10,2,9999
2026-03-18T20:00:40.556664,75b8bea6-81d8-11ed-b1e6-fa4fb8e2990b,RK Metrostation Maashaven (Putselaan),51.897794241,4.495760713,10,4,9999
2026-03-18T20:00:40.556664,a20bbbae-bdae-11ed-b1e6-fa4fb8e2990b,RK Frankendaal,51.886951976,4.521294152,10,1,9999
2026-03-18T20:00:40.556664,bc839806-a5b1-11f0-ab44-baed9603afbb,Van het Hoffplein (Boerhavelaan),51.916219132,4.412005574,8,2,9999
2026-03-18T20:00:40.556664,f1df385c-f5b2-11ef-81b3-76e5c571f05f,HUB Admiraal de Ruyterstraat,51.906742474,4.38554997,8,1,9999
2026-03-18T20:00:40.556664,4247dd56-1c9f-11ee-8219-8ed3b2364c4f,BH Metro Coolhaven,51.909218289,4.458167882,10,3,9999
2026-03-18T20:00:40.556664,65af1c24-06f4-11ef-b58d-569a23b994be,BH Meerum Terwogtlaan,51.951763386,4.524587387,10,0,9999
2026-03-18T20:52:35.416097,2c632780-a8de-11ef-8778-d2279db84567,BH Schuttevaerweg,51.922420472,4.434869706,10,3,9999
2026-03-18T20:52:35.416097,a3c07f10-a5b5-11f0-b05b-baed9603afbb,HUB Hoofdbrug,51.908705902,4.406131267,8,2,9999
2026-03-18T20:52:35.416097,b9bfe680-fbc4-11ee-b58d-569a23b994be,Trompenburg 2,51.917638379,4.518889893,10,1,9
2026-03-18T20:52:35.416097,3c659862-a8dd-11ef-8778-d2279db84567,BH Mayflowerstraat,51.905015647,4.440161906,10,7,9999
2026-03-18T20:52:35.416097,e0a4baca-a748-11ef-8778-d2279db84567,BH Mariniersweg,51.920853425,4.490979502,10,10,9999
2026-03-18T20:52:35.416097,c35c448e-06fc-11ef-b58d-569a23b994be,BH Jacob van Campenweg ,51.942434165,4.537976212,7,5,9999
2026-03-18T20:52:35.416097,438486f4-a5b6-11f0-a150-baed9603afbb,HUB Koemarkt ingang garage,51.914517902,4.401917461,6,3,9999
2026-03-18T20:52:35.416097,365f4a3e-a5b3-11f0-ab44-baed9603afbb,Rubensplein,51.911712719,4.383665134,6,0,9999
2026-03-18T20:52:35.416097,a85b996e-fe23-11ee-b58d-569a23b994be,BH Dirk van der Kooijweg (Waterleliesingel),51.953796964,4.52009166,10,2,9999
2026-03-18T20:52:35.416097,19e2de56-b5d8-11ee-9ae6-5263e3f30f1e,BH STC Waalhaven,51.878297275,4.448759787,10,0,9999
2026-03-18T20:52:35.416097,c6c213ee-ed18-11ef-9957-f683e5eb607c,BH Langenhorst (Binkhorst),51.877310029,4.494737503,10,1,9999
2026-03-18T20:52:35.416097,3366f8b0-a8dc-11ef-8778-d2279db84567,BH Vierhavenstraat (WoonEnzo),51.907777562,4.438830385,4,8,9999
2026-03-18T20:52:35.416097,04a89aea-a5b3-11f0-ab44-baed9603afbb,Groenelaan Hagastraat (Winkelcentrum),51.907303396,4.402285408,4,2,9999
2026-03-18T20:52:35.416097,32638aa6-a5b5-11f0-9f09-baed9603afbb,HUB Laan van Bol'es,51.928443203,4.370771711,10,2,9999
2026-03-18T20:52:35.416097,291c2f72-a749-11ef-8778-d2279db84567,BH Westzeedijk,51.909321622,4.471436479,10,6,9999
2026-03-18T20:52:35.416097,abd627be-67bb-11f0-91de-5eaa9feacc9b,BH Schiekade (Heer Bokelweg),51.927133058,4.476309832,10,0,9999
2026-03-18T20:52:35.416097,8948d5a4-b094-11ef-b6d3-56d88772ab1a,BH Duivenpad,51.964922912,4.498254116,8,4,9999
2026-03-18T20:52:35.416097,227e8c1e-be97-11ee-9ae6-5263e3f30f1e,HUB Metrostation Troelstralaan,51.915742295,4.384972326,10,1,9999
2026-03-18T20:52:35.416097,0af509a8-06f7-11ef-b58d-569a23b994be,BH Beethovensingel,51.96114919,4.505141448,10,6,9999
2026-03-18T20:52:35.416097,dc06f296-1768-11ef-8071-42f0fecaeb6a,BH Prins Alexanderlaan (Oosterflank),51.946646256,4.553811478,12,1,9999
2026-03-18T20:52:35.416097,221af3ce-7fe1-11ee-bb01-c602c1905375,BH Metro Prinsenlaan,51.940647564,4.556931306,10,0,9999
2026-03-18T20:52:35.416097,a793d6ba-edc8-11ee-a9f0-82366b51b915,BH Infirmeriestraat,51.922255603,4.502265891,10,5,9999
2026-03-18T20:52:35.416097,0359e1a2-bdb3-11ed-b1e6-fa4fb8e2990b,RK Rosestraat 11C,51.902954022,4.511377745,10,12,9999
2026-03-18T20:52:35.416097,87f07e20-9e78-11ee-a91e-ee69b7c7763e,BH Marconistraat (Lee Towers),51.912441021,4.430411189,14,5,9999
2026-03-18T20:52:35.416097,f539bd6e-06f8-11ef-b58d-569a23b994be,BH Meijersplein,51.955657978,4.463033845,8,3,9999
2026-03-18T20:52:35.416097,70f0801a-8071-11ed-b1e6-fa4fb8e2990b,RK treinstation Lombardijen,51.88057913,4.531905572,30,3,9999
2026-03-18T20:52:35.416097,43752ffc-a8db-11ef-8778-d2279db84567,BH Pieter de Hoochweg,51.906316301,4.459985731,6,7,9999
2026-03-18T20:52:35.416097,b35ddad8-ab08-11ef-8778-d2279db84567,HUB Rotterdamsedijk 272,51.914957692,4.40343084,8,0,9999
2026-03-18T20:52:35.416097,9b1fa0f6-ae3c-11ee-a91e-ee69b7c7763e,BH Winkelhart Plein 1953,51.874842065,4.467889739,10,5,9999
2026-03-18T20:52:35.416097,8bd90878-0884-11f0-9a47-66143dd92f22,RK Molenvliet,51.882626536,4.521159806,10,3,9999
2026-03-18T20:52:35.416097,45450b66-a5b2-11f0-ab44-baed9603afbb,Maasdijk (Gustoweg),51.906629018,4.412009895,6,1,9999
2026-03-18T20:52:35.416097,4de2effe-f068-11ef-ba40-0ea3ed1ae564,HUB Hof van Spaland - Vlaardingseweg,51.935841728,4.376077923,4,1,9999
2026-03-18T20:52:35.416097,d38c6468-06fe-11ef-b58d-569a23b994be,BH Kleine Beer,51.950902127,4.555051083,6,2,9999
2026-03-18T20:52:35.416097,e552904e-182b-11ef-a8d1-42f0fecaeb6a,BH Metrostation Hesseplaats,51.963345229,4.554510684,10,3,9999
2026-03-18T20:52:35.416097,1826196c-b162-11ef-bdcd-5adc5d29ed54,BH Bentincklaan (Diergaarde Blijdorp),51.92572504,4.454794024,10,7,9999
2026-03-18T20:52:35.416097,8a1e5ed0-1c9e-11ee-8219-8ed3b2364c4f,BH Sparta stadion,51.920151368,4.434428835,20,14,9999
2026-03-18T20:52:35.416097,d3c9003c-b486-11ee-9ae6-5263e3f30f1e,BH Oostzeedijk Beneden,51.922514244,4.503092963,10,9,9999
2026-03-18T20:52:35.416097,552a82b8-b094-11ef-b6d3-56d88772ab1a,BH Hockeyclub Rotterdam,51.96869974,4.484731647,25,6,9999
2026-03-18T20:52:35.416097,cb3f6d1c-a746-11ef-8778-d2279db84567,BH Vasteland (AH),51.911537089,4.478368712,10,14,9999
2026-03-18T20:52:35.416097,d4a8557a-eabd-11ef-ac99-aa7241d1fb4f,HUB Admiraal Trompstraat (Huisman),51.908834504,4.381923039,8,0,9999
2026-03-18T20:52:35.416097,00e8b3de-9e82-11ee-a91e-ee69b7c7763e,BH Jacques Dutilhweg,51.927993284,4.5475155,10,7,9999
2026-03-18T20:52:35.416097,d868fe52-36e5-11f0-ab1d-9ae3af3bf913,BH Sluisjesdijk,51.894714517,4.461900478,10,6,0
2026-03-18T20:52:35.416097,4338fed2-edbb-11ee-a9f0-82366b51b915,BH Oostzeedijk Beneden 2,51.921653595,4.507031037,10,12,9999
2026-03-18T20:52:35.416097,2c82bb9a-217b-11ee-8219-8ed3b2364c4f,Hub Weena,51.922738296,4.469181329,142,1,9999
2026-03-18T20:52:35.416097,96f5cbdc-06f6-11ef-b58d-569a23b994be,BH Argonautenweg,51.959086712,4.49354982,10,2,9999
2026-03-18T20:52:35.416097,2f51713e-32b7-11ee-8219-8ed3b2364c4f,Hub P+R Capelsebrug,51.920991793,4.559215491,18,5,9999
2026-03-18T20:52:35.416097,62b0255a-9e7a-11ee-a91e-ee69b7c7763e,BH Vierhavenstraat,51.910327597,4.434992993,16,4,9999
2026-03-18T20:52:35.416097,2b10524e-06f5-11ef-b58d-569a23b994be,BH Piet van der Polsingel,51.950618784,4.518612648,8,2,9999
2026-03-18T20:52:35.416097,47070056-06fa-11ef-b58d-569a23b994be,BH Metrostation Schenkel,51.931770435,4.56406792,12,1,9999
2026-03-18T20:52:35.416097,7a8c12ba-91ab-11ed-b1e6-fa4fb8e2990b,BH Metrostation Slinge,51.874526023,4.477872534,15,6,9999
2026-03-18T20:52:35.416097,026045c6-8530-11ee-bb01-c602c1905375,BH Winkelhart Katendrechtse Lagedijk,51.891184937,4.479440034,10,5,9999
2026-03-18T20:52:35.416097,9d9bb8ec-4bd1-11ee-bb01-c602c1905375,BH Marconiplein,51.913319277,4.432514448,10,7,9999
2026-03-18T20:52:35.416097,8330f3ca-a5b4-11f0-ab44-baed9603afbb,Fokkerstraat Plesmanstraat,51.929694009,4.399576614,4,0,9999
2026-03-18T20:52:35.416097,5b842034-5331-11f0-ab1d-9ae3af3bf913,BH Walenburgerweg,51.926698659,4.462629155,10,2,9999
2026-03-18T20:52:35.416097,a08059b6-b484-11ee-9ae6-5263e3f30f1e,BH Metrostation Gerdesiaweg,51.925444134,4.506155972,10,7,9999
2026-03-18T20:52:35.416097,2f718c84-8911-11ee-bb01-c602c1905375,BH Metro Dijkzigt - EMC,51.911789199,4.466334846,20,11,9999
2026-03-18T20:52:35.416097,f58e41fc-1c9f-11ee-8219-8ed3b2364c4f,BH Heemraadsplein,51.912322959,4.455058085,10,7,9999
2026-03-18T20:52:35.416097,79fdd038-34b8-11f0-ab1d-9ae3af3bf913,BH RTHA Airport,51.94924845,4.432611987,10,5,0
2026-03-18T20:52:35.416097,1c41897e-596e-11ef-bed6-aa139991deb4,HUB Metrostation Nieuwland / Bijdorpplein,51.922583819,4.38260008,10,1,9999
2026-03-18T20:52:35.416097,a57d027c-8912-11ee-bb01-c602c1905375,BH Delftse Poort,51.924408145,4.472816464,10,2,9999
2026-03-18T20:52:35.416097,6383849a-2038-11f0-ab1d-9ae3af3bf913,BH - Kralingsebos (Langepad),51.936318565,4.506197017,10,5,9999
2026-03-18T20:52:35.416097,e90e9332-06f5-11ef-b58d-569a23b994be,BH Burgemeester Le Fèvre de Montignylaan,51.957620055,4.501711782,10,1,9999
2026-03-18T20:52:35.416097,5cb3ffde-bdaf-11ed-b1e6-fa4fb8e2990b,RK Stadionlaan,51.892328813,4.530682857,10,4,9999
2026-03-18T20:52:35.416097,02bed1f8-8392-11ee-bb01-c602c1905375,BH Station Alexander,51.951735827,4.551049232,10,0,9999
2026-03-18T20:52:35.416097,08d5cf66-8ab2-11ee-bb01-c602c1905375,BH Winkelhart Asterlo,51.873536387,4.483591736,10,0,9999
2026-03-18T20:52:35.416097,0e51e024-c757-11ee-9ae6-5263e3f30f1e,BH Metrostation Binnenhof,51.960437867,4.535372966,10,3,9999
2026-03-18T20:52:35.416097,409f87f6-890f-11ee-bb01-c602c1905375,BH Metro Beurs,51.917806013,4.480107053,8,3,9999
2026-03-18T20:52:35.416097,d6a7cd26-4d08-11f0-ab1d-9ae3af3bf913,BH - Oudehoofdplein-Haringvliet,51.918979475,4.49384405,10,5,9999
2026-03-18T20:52:35.416097,f0ad9b92-1767-11ef-8071-42f0fecaeb6a,BH Prinsenlaan,51.937206457,4.536127586,10,0,9999
2026-03-18T20:52:35.416097,f06fd44c-2035-11f0-ab1d-9ae3af3bf913,BH Boezemlaan,51.938982631,4.495864471,10,12,9999
2026-03-18T20:52:35.416097,8d91a90c-9e83-11ee-a91e-ee69b7c7763e,BH Kraaierstraat,51.91909698,4.418192898,8,7,9999
2026-03-18T20:52:35.416097,a2671a36-bdad-11ed-b1e6-fa4fb8e2990b,RK Dwarsdijk,51.893055987,4.539201504,10,6,9999
2026-03-18T20:52:35.416097,376a5cda-06f8-11ef-b58d-569a23b994be,BH Ganzerikplein,51.958953276,4.471584016,10,3,9999
2026-03-18T20:52:35.416097,5cdd9872-b096-11ef-b6d3-56d88772ab1a,BH Wilgenplaslaan/ Meidoornsingel,51.953868042,4.468211582,7,5,9999
2026-03-18T20:52:35.416097,952a3e78-a8db-11ef-8778-d2279db84567,BH Lloydstraat,51.902214281,4.461287644,10,3,9999
2026-03-18T20:52:35.416097,a6fa0910-8067-11ed-b1e6-fa4fb8e2990b,BH Stadion Fey (Bert Heesakkerstr.),51.896805818,4.521735582,50,2,9999
2026-03-18T20:52:35.416097,a1337d02-e018-11ed-a249-96cdaf8f7240,BH Sint Franciscus,51.942171146,4.460534407,25,9,9999
2026-03-18T20:52:35.416097,d3cea108-8285-11f0-ab44-baed9603afbb,BH - Ratelaarweg,51.967431611,4.463349689,10,0,9999
2026-03-18T20:52:35.416097,3bef7002-bdb5-11ed-b1e6-fa4fb8e2990b,RK Breeweg,51.890630632,4.514261169,10,1,9999
2026-03-18T20:52:35.416097,8c90734c-45bb-11ee-8219-8ed3b2364c4f,BH Coen Moulijnweg,51.893813253,4.526876329,42,3,9999
2026-03-18T20:52:35.416097,1b098490-2037-11f0-ab1d-9ae3af3bf913,BH Karmelweg,51.933461291,4.5029394,8,4,9999
2026-03-18T20:52:35.416097,23348a06-bdb1-11ed-b1e6-fa4fb8e2990b,RK Guido Gezelleweg,51.87434607,4.523238145,10,9,9999
2026-03-18T20:52:35.416097,66824038-37b2-11ef-a21a-8e54a72a50da,HUB Metrostation Parkweg / Zuidzijde,51.921443238,4.39475836,10,2,7
2026-03-18T20:52:35.416097,2c127298-ff25-11ef-a79f-a65a77daff90,BH Aert van Nesstraat,51.921141166,4.478916173,8,0,9999
2026-03-18T20:52:35.416097,cde445c6-a744-11ef-8778-d2279db84567,BH Groenendaal,51.921685178,4.492944049,6,9,9999
2026-03-18T20:52:35.416097,97c6a1c2-a8da-11ef-8778-d2279db84567,BH Henegouwerplein,51.921807589,4.460561523,10,9,9999
2026-03-18T20:52:35.416097,e68d5642-a5b5-11f0-b6c1-baed9603afbb,HUB NS Station Schiedam Centrum/ Professor Kamerlingh Onneslaan,51.92071744,4.408262487,12,4,9999
2026-03-18T20:52:35.416097,82623a40-bda3-11ed-b1e6-fa4fb8e2990b,RK Rosestraat,51.91100607,4.501308573,10,4,9999
2026-03-18T20:52:35.416097,b7353df6-b485-11ee-9ae6-5263e3f30f1e,BH Metrostation Kralingsezoom (Gravenweg),51.921751706,4.533850265,10,3,9999
2026-03-18T20:52:35.416097,6c34980a-bb92-11ef-a02d-6ea8ed91bd56,BH Gordelweg (Lidl),51.940472428,4.479798999,4,1,9999
2026-03-18T20:52:35.416097,5904bd1a-a5b5-11f0-b05b-baed9603afbb,HUB Hof van Spaland - Bachplein,51.934889388,4.374726808,8,4,9999
2026-03-18T20:52:35.416097,32ca5fd0-8126-11ed-b1e6-fa4fb8e2990b,RK Vuurplaat,51.906526668,4.505838102,10,0,9999
2026-03-18T20:52:35.416097,f94a1ff6-b095-11ef-b6d3-56d88772ab1a,BH Bm Le Fèvre de Montignylaan/ Jeroen Boschlaan,51.955641943,4.505982462,6,2,9999
2026-03-18T20:52:35.416097,4228b402-8537-11ee-bb01-c602c1905375,BH Tongelaarweg,51.895280064,4.563514996,10,0,9999
2026-03-18T20:52:35.416097,6f66a60c-36e5-11f0-ab1d-9ae3af3bf913,BH Lloydpier,51.904487669,4.460458303,8,5,0
2026-03-18T20:52:35.416097,7d81b63e-a5b5-11f0-b05b-baed9603afbb,HUB 's Gravelandseweg,51.932091958,4.401924037,6,2,9999
2026-03-18T20:52:35.416097,a3dbb322-8121-11ed-b1e6-fa4fb8e2990b,RK Metrostation Rijnhaven ,51.902216981,4.49610172,15,10,9999
2026-03-18T20:52:35.416097,cf23b50e-9ad0-11f0-ab44-baed9603afbb,BH Natuurhistorisch museum,51.911022288,4.472728259,12,0,9999
2026-03-18T20:52:35.416097,d55243f6-182b-11ef-a8d1-42f0fecaeb6a,BH Siciliëboulevard ,51.97996654,4.580859756,10,0,9999
2026-03-18T20:52:35.416097,e0f7ef36-a5b4-11f0-ab44-baed9603afbb,Havenstraat einde (digitale testhub),51.900396883,4.398614319,12,0,9999
2026-03-18T20:52:35.416097,05d1d708-eabd-11ef-88c2-aa7241d1fb4f,HUB De Thermen ,51.927426752,4.380236246,8,1,9999
2026-03-18T20:52:35.416097,b3381a7a-2036-11f0-ab1d-9ae3af3bf913,BH Oudedijk / de Nieuwe Plantage,51.929149075,4.505248613,8,3,9999
2026-03-18T20:52:35.416097,8b480576-eabc-11ee-a9f0-82366b51b915,BH Schiedamseweg Beneden,51.914135146,4.422297364,5,7,9999
2026-03-18T20:52:35.416097,89a2f1d2-a5b3-11f0-ab44-baed9603afbb,Metrostation Vijfsluizen,51.908108215,4.37254105,8,3,9999
2026-03-18T20:52:35.416097,e50f3d1e-f069-11ef-9ed7-0ea3ed1ae564,HUB Oranjestraat - Lange Nieuwstraat,51.913368472,4.40030457,5,2,9999
2026-03-18T20:52:35.416097,4c1b19a4-d0a1-11ee-8b0e-065810cc8d78,BH Elandstraat,51.910800072,4.553878993,10,7,9999
2026-03-18T20:52:35.416097,bbbba24e-806e-11ed-b1e6-fa4fb8e2990b,RK P+R Noorderhelling,51.894761016,4.532122707,15,1,9999
2026-03-18T20:52:35.416097,3ac0b682-8129-11ed-b1e6-fa4fb8e2990b,RK Cor Kieboomplein,51.896922039,4.523502821,15,2,9999
2026-03-18T20:52:35.416097,5a3ffbf4-37b1-11ef-a21a-8e54a72a50da,HUB Metrostation Nieuwland / Van Limburg Stirumstraat,51.922446663,4.38308784,6,0,2
2026-03-18T20:52:35.416097,5d8d12a2-a5b4-11f0-ab44-baed9603afbb,Van Heekstraat,51.931167557,4.406024405,4,0,9999
2026-03-18T20:52:35.416097,f251d6e8-0b82-11ef-b58d-569a23b994be,BH Metrostation Graskruid ,51.956473743,4.550010233,8,4,9999
2026-03-18T20:52:35.416097,a4d2ea7c-b2f0-11ef-aa57-62870c7808bb,BH 2e Hogenbanweg,51.936951327,4.427707182,8,4,9999
2026-03-18T20:52:35.416097,75ba0d1a-2037-11f0-ab1d-9ae3af3bf913,BH Stadhoudersweg,51.931417737,4.461484988,10,8,9999
2026-03-18T20:52:35.416097,bc6b0d7e-a745-11ef-8778-d2279db84567,BH Goudsewagenstraat,51.923224462,4.493552746,8,10,9999
2026-03-18T20:52:35.416097,0f37eafc-8912-11ee-bb01-c602c1905375,BH Metro Oostplein,51.922677789,4.497608825,10,10,9999
2026-03-18T20:52:35.416097,aed7c2fa-8123-11ed-b1e6-fa4fb8e2990b,RK Groene Hilledijk/Beijerlandselaan,51.893806789,4.509452258,10,3,9999
2026-03-18T20:52:35.416097,c76f0318-bb92-11ef-a02d-6ea8ed91bd56,BH NS Centraal Station (Stationssingel),51.925399994,4.466148375,10,4,9999
2026-03-18T20:52:35.416097,361a368c-a5b4-11f0-ab44-baed9603afbb,Sportpark Haga (Epke Zonderlandstraat),51.921919868,4.370918199,8,1,9999
2026-03-18T20:52:35.416097,f4c0fe5e-02d6-11ef-b58d-569a23b994be,BH Paulus Potterstraat,51.9228414,4.508497696,10,12,9999
2026-03-18T20:52:35.416097,48cbf66e-9f15-11ee-a91e-ee69b7c7763e,BH Franselaan,51.917379138,4.420463507,10,7,9999
2026-03-18T20:52:35.416097,e9735b4e-7da7-11f0-ab44-baed9603afbb,BH Veldkersweg,51.966835673,4.46657292,8,2,9999
2026-03-18T20:52:35.416097,4b1ac684-bb93-11ef-a02d-6ea8ed91bd56,BH Noorderkanaalweg,51.940525593,4.472984586,9,6,9999
2026-03-18T20:52:35.416097,033a9392-3700-11f0-ab1d-9ae3af3bf913,BH Herman Bavinckstraat,51.915067882,4.521446921,10,0,9999
2026-03-18T20:52:35.416097,ffe8c3e8-a8da-11ef-8778-d2279db84567,BH Mathenesserplein,51.917836602,4.44508891,8,12,9999
2026-03-18T20:52:35.416097,e377069a-ff63-11ef-a79f-a65a77daff90,BH Kralingsebos Bosdreef/Pr. Beatrixlaan,51.93789612,4.501689644,8,5,9999
2026-03-18T20:52:35.416097,7af95f9c-a747-11ef-8778-d2279db84567,BH Kruisplein,51.92228569,4.47138789,6,1,9999
2026-03-18T20:52:35.416097,4c50cb7a-bdb6-11ed-b1e6-fa4fb8e2990b,RK Olympiaweg,51.886462746,4.529133302,10,3,9999
2026-03-18T20:52:35.416097,a694ef4e-36e5-11f0-ab1d-9ae3af3bf913,BH Neushoornstraat,51.913041554,4.553743002,6,0,0
2026-03-18T20:52:35.416097,be56ca62-8120-11ed-b1e6-fa4fb8e2990b,RK P+R Beverwaard,51.885771514,4.568986239,10,3,9999
2026-03-18T20:52:35.416097,d5af3bc4-806a-11ed-b1e6-fa4fb8e2990b,BH Kievitslaan,51.907226862,4.473300159,17,9,9999
2026-03-18T20:52:35.416097,dd006abc-a5b3-11f0-ab44-baed9603afbb,Havenstraat,51.903204365,4.398004897,8,1,9999
2026-03-18T20:52:35.416097,6f09af84-eabe-11ee-a9f0-82366b51b915,BH Delftseplein ,51.925206514,4.474011701,14,5,9999
2026-03-18T20:52:35.416097,1cfb89ec-806b-11ed-b1e6-fa4fb8e2990b,BH Westplein,51.908912961,4.478583441,10,16,9999
2026-03-18T20:52:35.416097,12fc10a4-bb94-11ef-a02d-6ea8ed91bd56,BH Noordplein,51.930251975,4.483699175,10,1,9999
2026-03-18T20:52:35.416097,276e8d26-bda0-11ed-b1e6-fa4fb8e2990b,RK Strevelsweg,51.889634937,4.495943368,15,0,9999
2026-03-18T20:52:35.416097,9e066470-2038-11f0-ab1d-9ae3af3bf913,BH Kralinger Esch,51.911179823,4.524762065,9,16,9999
2026-03-18T20:52:35.416097,9b1f0aaa-8125-11ed-b1e6-fa4fb8e2990b,RK Slaghekstraat - Beijerlandselaan,51.897574833,4.511261604,10,5,9999
2026-03-18T20:52:35.416097,b8c81048-2037-11f0-ab1d-9ae3af3bf913,BH Van Maanenstraat,51.932279316,4.464280453,6,7,9999
2026-03-18T20:52:35.416097,1f4ff66c-bdb8-11ed-b1e6-fa4fb8e2990b,RK Van der Takstraat ,51.914243737,4.496045621,10,6,9999
2026-03-18T20:52:35.416097,3b523cee-5c94-11f0-ab1d-9ae3af3bf913,BH - Wilhelminapier,51.90698281,4.489727426,14,4,9999
2026-03-18T20:52:35.416097,e8d292d2-039a-11ef-b58d-569a23b994be,BH Mia van Yperenplein ,51.928414546,4.545678043,10,4,9999
2026-03-18T20:52:35.416097,12daf18a-8068-11ed-b1e6-fa4fb8e2990b,BH Treinst. Lombardijen (Aesopusplaats),51.880478018,4.530040287,10,1,9999
2026-03-18T20:52:35.416097,558e4a5a-eaba-11ee-a9f0-82366b51b915,BH Blijdorplaan ,51.927389289,4.440437692,22,17,9999
2026-03-18T20:52:35.416097,5a8de282-36ee-11f0-ab1d-9ae3af3bf913,BH van Blommesteynweg,51.888148155,4.460842726,10,1,9999
2026-03-18T20:52:35.416097,078569ee-a5b5-11f0-ab44-baed9603afbb,Nieuwe Waterwegstraat (digitale testhub),51.900682979,4.390873601,12,0,9999
2026-03-18T20:52:35.416097,8e5dd27e-06fd-11ef-b58d-569a23b994be,BH Prins Alexanderplein,51.951040272,4.553684972,14,0,9999
2026-03-18T20:52:35.416097,a6843864-fbc4-11ee-b58d-569a23b994be,Trompenburg 1,51.917696349,4.517981647,10,14,0
2026-03-18T20:52:35.416097,5b583480-a8da-11ef-8778-d2279db84567,BH Duyststraat,51.910073429,4.452225738,8,8,9999
2026-03-18T20:52:35.416097,2510e9ba-a5b6-11f0-847a-baed9603afbb,Hub Kloosterplaats,51.91675013,4.402112308,6,0,9999
2026-03-18T20:52:35.416097,880e3e72-a8dd-11ef-8778-d2279db84567,BH Spaansebocht,51.917413667,4.430014126,9,3,9999
2026-03-18T20:52:35.416097,b5b3324a-edb9-11ee-a9f0-82366b51b915,BH Siondwarsstraat,51.925261494,4.51053174,10,0,9999
2026-03-18T20:52:35.416097,94b01d94-edc6-11ee-a9f0-82366b51b915,BH Schuttersveld,51.933248028,4.490978921,10,0,9999
2026-03-18T20:52:35.416097,69b33170-edbd-11ee-a9f0-82366b51b915,BH Metro Oostplein 2,51.923145722,4.496820843,10,6,9999
2026-03-18T20:52:35.416097,67d6af9a-f068-11ef-ba40-0ea3ed1ae564,HUB Hof van Spaland - Schiedamseweg,51.934898803,4.378145906,12,0,9999
2026-03-18T20:52:35.416097,4933dd54-9e7c-11ee-a91e-ee69b7c7763e,BH Willem Ruyslaan (Luzac College),51.925421889,4.508669446,10,8,9999
2026-03-18T20:52:35.416097,9f935b6c-b095-11ef-b6d3-56d88772ab1a,BH Bergpolderplein,51.945227242,4.474988047,8,0,9999
2026-03-18T20:52:35.416097,8a2d056c-bb93-11ef-a02d-6ea8ed91bd56,BH NS Station Noord (Bergweg),51.941530048,4.481339526,10,0,10
2026-03-18T20:52:35.416097,4d95ab34-8122-11ed-b1e6-fa4fb8e2990b,RK Metrostation Maashaven ,51.896573582,4.494245173,30,1,9999
2026-03-18T20:52:35.416097,3d015ff0-8394-11ee-bb01-c602c1905375,BH Metrostation Oosterflank,51.945209326,4.555045447,10,1,9999
2026-03-18T20:52:35.416097,defeb050-a747-11ef-8778-d2279db84567,BH Karel Doormanstraat,51.922789549,4.473609692,9,9,9999
2026-03-18T20:52:35.416097,b5dc5454-890f-11ee-bb01-c602c1905375,BH Schilderstraat,51.916377397,4.48142868,8,3,9999
2026-03-18T20:52:35.416097,2f12ae3e-806c-11ed-b1e6-fa4fb8e2990b,BH Winkelcentrum Keizerswaard-Herenw,51.886358391,4.549308056,15,3,9999
2026-03-18T20:52:35.416097,3b6d73a8-805d-11ed-b1e6-fa4fb8e2990b,BH Metrostation Melanchtonweg,51.94881199,4.465233746,10,1,9999
2026-03-18T20:52:35.416097,d5832958-891a-11ee-bb01-c602c1905375,BH Metro Zuidplein (nieuw),51.887180341,4.491554668,10,7,9999
2026-03-18T20:52:35.416097,a535094e-b162-11ef-bdcd-5adc5d29ed54,BH Eudokiaplein,51.932433484,4.47153255,9,10,9999
2026-03-18T20:52:35.416097,437f8dc8-bd9e-11ed-b1e6-fa4fb8e2990b,RK Hillevliet,51.89558515,4.506432514,10,0,9999
2026-03-18T20:52:35.416097,f10d8ab4-9997-11ee-a91e-ee69b7c7763e,BH Shell Hofplein,51.925705456,4.477781355,28,2,9999
2026-03-18T20:52:35.416097,94467720-8127-11ed-b1e6-fa4fb8e2990b,RK Persoonsdam,51.909309099,4.508017165,10,6,9999
2026-03-18T20:52:35.416097,9245444a-2023-11f0-ab1d-9ae3af3bf913,BH Witte de Withstraat,51.915906523,4.478080905,10,8,9999
2026-03-18T20:52:35.416097,49d59348-ff64-11ef-b515-a65a77daff90,BH Bergweg (Dirk van den Broek),51.93856254,4.479465675,6,2,9999
2026-03-18T20:52:35.416097,30fb96bc-8124-11ed-b1e6-fa4fb8e2990b,RK Beverwaardseweg/ Borgharensingel,51.898798338,4.564663375,10,2,9999
2026-03-18T20:52:35.416097,9a1fb404-8ab3-11ee-bb01-c602c1905375,BH Langenhorst ,51.874120882,4.494254863,10,3,9999
2026-03-18T20:52:35.416097,abe67bfa-b096-11ef-b6d3-56d88772ab1a,BH Wilgenplaslaan/ Donkersingel,51.951337599,4.47048253,10,8,9999
2026-03-18T20:52:35.416097,068b0f9c-a8dd-11ef-8778-d2279db84567,BH Vierhavenstraat (Sahan),51.908502395,4.437727106,4,3,9999
2026-03-18T20:52:35.416097,bc0e7e9c-a8da-11ef-8778-d2279db84567,BH Jan van Vuchtstraat,51.917045317,4.460830874,6,7,9999
2026-03-18T20:52:35.416097,8b721818-a5b2-11f0-ab44-baed9603afbb,Lekstraat,51.90446958,4.406985264,6,1,9999
2026-03-18T20:52:35.416097,ad212572-06f7-11ef-b58d-569a23b994be,BH Molenlaan/Grindweg,51.963224537,4.49571068,10,2,9999
2026-03-18T20:52:35.416097,f8828c3e-806d-11ed-b1e6-fa4fb8e2990b,RK Station Rdam Zuid,51.905545015,4.509568537,15,4,9999
2026-03-18T20:52:35.416097,5f71799e-806b-11ed-b1e6-fa4fb8e2990b,BH Willemsplein,51.911118908,4.481894771,17,5,9999
2026-03-18T20:52:35.416097,42824336-bd97-11ed-b1e6-fa4fb8e2990b,RK Groene Hilledijk,51.882726433,4.504266667,10,0,9999
2026-03-18T20:52:35.416097,db6932f4-182b-11ef-a8d1-42f0fecaeb6a,BH Metrostation Nesselande,51.978969273,4.586177782,10,0,9999
2026-03-18T20:52:35.416097,e26322b0-2025-11f0-ab1d-9ae3af3bf913,BH Brielselaan,51.896298935,4.489248091,4,1,9999
2026-03-18T20:52:35.416097,c862b7f2-06fb-11ef-b58d-569a23b994be,BH Prins Alexanderlaan (metrobaan zijde),51.952192324,4.551435621,10,0,9999
2026-03-18T20:52:35.416097,c53689c2-8124-11ed-b1e6-fa4fb8e2990b,RK Peellandstraat / Beesdestraat ,51.888535309,4.567291893,10,3,9999
2026-03-18T20:52:35.416097,8f5d35a0-1834-11ef-8071-42f0fecaeb6a,BH Jan Bijloostraat (Winkelcentrum Lage Land),51.941821995,4.546449269,9,5,9999
2026-03-18T20:52:35.416097,f8fcd3a4-983a-11ef-a85a-be896af2d3a5,BH Rhijnauwensingel,51.892161199,4.569620613,12,6,9999
2026-03-18T20:52:35.416097,118239d4-a5b2-11f0-ab44-baed9603afbb,Lorentzlaan (bushalte),51.917994492,4.415061192,4,8,9999
2026-03-18T20:52:35.416097,0c107276-bdb7-11ed-b1e6-fa4fb8e2990b,RK Sandelingenplein,51.889562128,4.506962326,10,2,9999
2026-03-18T20:52:35.416097,75b8bea6-81d8-11ed-b1e6-fa4fb8e2990b,RK Metrostation Maashaven (Putselaan),51.897794241,4.495760713,10,4,9999
2026-03-18T20:52:35.416097,a20bbbae-bdae-11ed-b1e6-fa4fb8e2990b,RK Frankendaal,51.886951976,4.521294152,10,1,9999
2026-03-18T20:52:35.416097,bc839806-a5b1-11f0-ab44-baed9603afbb,Van het Hoffplein (Boerhavelaan),51.916219132,4.412005574,8,2,9999
2026-03-18T20:52:35.416097,f1df385c-f5b2-11ef-81b3-76e5c571f05f,HUB Admiraal de Ruyterstraat,51.906742474,4.38554997,8,1,9999
2026-03-18T20:52:35.416097,4247dd56-1c9f-11ee-8219-8ed3b2364c4f,BH Metro Coolhaven,51.909218289,4.458167882,10,1,9999
2026-03-18T20:52:35.416097,65af1c24-06f4-11ef-b58d-569a23b994be,BH Meerum Terwogtlaan,51.951763386,4.524587387,10,1,9999
2026-03-18T21:31:03.347885,f1df385c-f5b2-11ef-81b3-76e5c571f05f,HUB Admiraal de Ruyterstraat,51.906742474,4.38554997,8,1,9999
2026-03-18T21:31:03.347885,118239d4-a5b2-11f0-ab44-baed9603afbb,Lorentzlaan (bushalte),51.917994492,4.415061192,4,8,9999
2026-03-18T21:31:03.347885,4247dd56-1c9f-11ee-8219-8ed3b2364c4f,BH Metro Coolhaven,51.909218289,4.458167882,10,5,9999
2026-03-18T21:31:03.347885,0c107276-bdb7-11ed-b1e6-fa4fb8e2990b,RK Sandelingenplein,51.889562128,4.506962326,10,2,9999
2026-03-18T21:31:03.347885,75b8bea6-81d8-11ed-b1e6-fa4fb8e2990b,RK Metrostation Maashaven (Putselaan),51.897794241,4.495760713,10,0,9999
2026-03-18T21:31:03.347885,a20bbbae-bdae-11ed-b1e6-fa4fb8e2990b,RK Frankendaal,51.886951976,4.521294152,10,1,9999
2026-03-18T21:31:03.347885,65af1c24-06f4-11ef-b58d-569a23b994be,BH Meerum Terwogtlaan,51.951763386,4.524587387,10,1,9999
2026-03-18T21:31:03.347885,bc839806-a5b1-11f0-ab44-baed9603afbb,Van het Hoffplein (Boerhavelaan),51.916219132,4.412005574,8,2,9999
2026-03-18T21:31:03.347885,2c632780-a8de-11ef-8778-d2279db84567,BH Schuttevaerweg,51.922420472,4.434869706,10,3,9999
2026-03-18T21:31:03.347885,a3c07f10-a5b5-11f0-b05b-baed9603afbb,HUB Hoofdbrug,51.908705902,4.406131267,8,2,9999
2026-03-18T21:31:03.347885,b9bfe680-fbc4-11ee-b58d-569a23b994be,Trompenburg 2,51.917638379,4.518889893,10,1,9
2026-03-18T21:31:03.347885,3c659862-a8dd-11ef-8778-d2279db84567,BH Mayflowerstraat,51.905015647,4.440161906,10,7,9999
2026-03-18T21:31:03.347885,e0a4baca-a748-11ef-8778-d2279db84567,BH Mariniersweg,51.920853425,4.490979502,10,9,9999
2026-03-18T21:31:03.347885,c35c448e-06fc-11ef-b58d-569a23b994be,BH Jacob van Campenweg ,51.942434165,4.537976212,7,5,9999
2026-03-18T21:31:03.347885,365f4a3e-a5b3-11f0-ab44-baed9603afbb,Rubensplein,51.911712719,4.383665134,6,0,9999
2026-03-18T21:31:03.347885,438486f4-a5b6-11f0-a150-baed9603afbb,HUB Koemarkt ingang garage,51.914517902,4.401917461,6,2,9999
2026-03-18T21:31:03.347885,a85b996e-fe23-11ee-b58d-569a23b994be,BH Dirk van der Kooijweg (Waterleliesingel),51.953796964,4.52009166,10,2,9999
2026-03-18T21:31:03.347885,19e2de56-b5d8-11ee-9ae6-5263e3f30f1e,BH STC Waalhaven,51.878297275,4.448759787,10,0,9999
2026-03-18T21:31:03.347885,c6c213ee-ed18-11ef-9957-f683e5eb607c,BH Langenhorst (Binkhorst),51.877310029,4.494737503,10,1,9999
2026-03-18T21:31:03.347885,3366f8b0-a8dc-11ef-8778-d2279db84567,BH Vierhavenstraat (WoonEnzo),51.907777562,4.438830385,4,8,9999
2026-03-18T21:31:03.347885,04a89aea-a5b3-11f0-ab44-baed9603afbb,Groenelaan Hagastraat (Winkelcentrum),51.907303396,4.402285408,4,2,9999
2026-03-18T21:31:03.347885,32638aa6-a5b5-11f0-9f09-baed9603afbb,HUB Laan van Bol'es,51.928443203,4.370771711,10,3,9999
2026-03-18T21:31:03.347885,291c2f72-a749-11ef-8778-d2279db84567,BH Westzeedijk,51.909321622,4.471436479,10,6,9999
2026-03-18T21:31:03.347885,abd627be-67bb-11f0-91de-5eaa9feacc9b,BH Schiekade (Heer Bokelweg),51.927133058,4.476309832,10,0,9999
2026-03-18T21:31:03.347885,8948d5a4-b094-11ef-b6d3-56d88772ab1a,BH Duivenpad,51.964922912,4.498254116,8,4,9999
2026-03-18T21:31:03.347885,227e8c1e-be97-11ee-9ae6-5263e3f30f1e,HUB Metrostation Troelstralaan,51.915742295,4.384972326,10,1,9999
2026-03-18T21:31:03.347885,0af509a8-06f7-11ef-b58d-569a23b994be,BH Beethovensingel,51.96114919,4.505141448,10,6,9999
2026-03-18T21:31:03.347885,dc06f296-1768-11ef-8071-42f0fecaeb6a,BH Prins Alexanderlaan (Oosterflank),51.946646256,4.553811478,12,0,9999
2026-03-18T21:31:03.347885,221af3ce-7fe1-11ee-bb01-c602c1905375,BH Metro Prinsenlaan,51.940647564,4.556931306,10,0,9999
2026-03-18T21:31:03.347885,a793d6ba-edc8-11ee-a9f0-82366b51b915,BH Infirmeriestraat,51.922255603,4.502265891,10,5,9999
2026-03-18T21:31:03.347885,0359e1a2-bdb3-11ed-b1e6-fa4fb8e2990b,RK Rosestraat 11C,51.902954022,4.511377745,10,12,9999
2026-03-18T21:31:03.347885,87f07e20-9e78-11ee-a91e-ee69b7c7763e,BH Marconistraat (Lee Towers),51.912441021,4.430411189,14,5,9999
2026-03-18T21:31:03.347885,f539bd6e-06f8-11ef-b58d-569a23b994be,BH Meijersplein,51.955657978,4.463033845,8,3,9999
2026-03-18T21:31:03.347885,70f0801a-8071-11ed-b1e6-fa4fb8e2990b,RK treinstation Lombardijen,51.88057913,4.531905572,30,3,9999
2026-03-18T21:31:03.347885,43752ffc-a8db-11ef-8778-d2279db84567,BH Pieter de Hoochweg,51.906316301,4.459985731,6,7,9999
2026-03-18T21:31:03.347885,b35ddad8-ab08-11ef-8778-d2279db84567,HUB Rotterdamsedijk 272,51.914957692,4.40343084,8,0,9999
2026-03-18T21:31:03.347885,9b1fa0f6-ae3c-11ee-a91e-ee69b7c7763e,BH Winkelhart Plein 1953,51.874842065,4.467889739,10,5,9999
2026-03-18T21:31:03.347885,8bd90878-0884-11f0-9a47-66143dd92f22,RK Molenvliet,51.882626536,4.521159806,10,3,9999
2026-03-18T21:31:03.347885,45450b66-a5b2-11f0-ab44-baed9603afbb,Maasdijk (Gustoweg),51.906629018,4.412009895,6,1,9999
2026-03-18T21:31:03.347885,4de2effe-f068-11ef-ba40-0ea3ed1ae564,HUB Hof van Spaland - Vlaardingseweg,51.935841728,4.376077923,4,1,9999
2026-03-18T21:31:03.347885,d38c6468-06fe-11ef-b58d-569a23b994be,BH Kleine Beer,51.950902127,4.555051083,6,3,9999
2026-03-18T21:31:03.347885,e552904e-182b-11ef-a8d1-42f0fecaeb6a,BH Metrostation Hesseplaats,51.963345229,4.554510684,10,3,9999
2026-03-18T21:31:03.347885,1826196c-b162-11ef-bdcd-5adc5d29ed54,BH Bentincklaan (Diergaarde Blijdorp),51.92572504,4.454794024,10,7,9999
2026-03-18T21:31:03.347885,8a1e5ed0-1c9e-11ee-8219-8ed3b2364c4f,BH Sparta stadion,51.920151368,4.434428835,20,14,9999
2026-03-18T21:31:03.347885,d3c9003c-b486-11ee-9ae6-5263e3f30f1e,BH Oostzeedijk Beneden,51.922514244,4.503092963,10,10,9999
2026-03-18T21:31:03.347885,552a82b8-b094-11ef-b6d3-56d88772ab1a,BH Hockeyclub Rotterdam,51.96869974,4.484731647,25,6,9999
2026-03-18T21:31:03.347885,cb3f6d1c-a746-11ef-8778-d2279db84567,BH Vasteland (AH),51.911537089,4.478368712,10,9,9999
2026-03-18T21:31:03.347885,d4a8557a-eabd-11ef-ac99-aa7241d1fb4f,HUB Admiraal Trompstraat (Huisman),51.908834504,4.381923039,8,0,9999
2026-03-18T21:31:03.347885,00e8b3de-9e82-11ee-a91e-ee69b7c7763e,BH Jacques Dutilhweg,51.927993284,4.5475155,10,7,9999
2026-03-18T21:31:03.347885,d868fe52-36e5-11f0-ab1d-9ae3af3bf913,BH Sluisjesdijk,51.894714517,4.461900478,10,6,0
2026-03-18T21:31:03.347885,4338fed2-edbb-11ee-a9f0-82366b51b915,BH Oostzeedijk Beneden 2,51.921653595,4.507031037,10,13,9999
2026-03-18T21:31:03.347885,2c82bb9a-217b-11ee-8219-8ed3b2364c4f,Hub Weena,51.922738296,4.469181329,142,3,9999
2026-03-18T21:31:03.347885,96f5cbdc-06f6-11ef-b58d-569a23b994be,BH Argonautenweg,51.959086712,4.49354982,10,1,9999
2026-03-18T21:31:03.347885,2f51713e-32b7-11ee-8219-8ed3b2364c4f,Hub P+R Capelsebrug,51.920991793,4.559215491,18,5,9999
2026-03-18T21:31:03.347885,62b0255a-9e7a-11ee-a91e-ee69b7c7763e,BH Vierhavenstraat,51.910327597,4.434992993,16,2,9999
2026-03-18T21:31:03.347885,2b10524e-06f5-11ef-b58d-569a23b994be,BH Piet van der Polsingel,51.950618784,4.518612648,8,1,9999
2026-03-18T21:31:03.347885,47070056-06fa-11ef-b58d-569a23b994be,BH Metrostation Schenkel,51.931770435,4.56406792,12,1,9999
2026-03-18T21:31:03.347885,7a8c12ba-91ab-11ed-b1e6-fa4fb8e2990b,BH Metrostation Slinge,51.874526023,4.477872534,15,5,9999
2026-03-18T21:31:03.347885,9d9bb8ec-4bd1-11ee-bb01-c602c1905375,BH Marconiplein,51.913319277,4.432514448,10,7,9999
2026-03-18T21:31:03.347885,026045c6-8530-11ee-bb01-c602c1905375,BH Winkelhart Katendrechtse Lagedijk,51.891184937,4.479440034,10,5,9999
2026-03-18T21:31:03.347885,8330f3ca-a5b4-11f0-ab44-baed9603afbb,Fokkerstraat Plesmanstraat,51.929694009,4.399576614,4,0,9999
2026-03-18T21:31:03.347885,5b842034-5331-11f0-ab1d-9ae3af3bf913,BH Walenburgerweg,51.926698659,4.462629155,10,5,9999
2026-03-18T21:31:03.347885,a08059b6-b484-11ee-9ae6-5263e3f30f1e,BH Metrostation Gerdesiaweg,51.925444134,4.506155972,10,9,9999
2026-03-18T21:31:03.347885,2f718c84-8911-11ee-bb01-c602c1905375,BH Metro Dijkzigt - EMC,51.911789199,4.466334846,20,11,9999
2026-03-18T21:31:03.347885,f58e41fc-1c9f-11ee-8219-8ed3b2364c4f,BH Heemraadsplein,51.912322959,4.455058085,10,7,9999
2026-03-18T21:31:03.347885,79fdd038-34b8-11f0-ab1d-9ae3af3bf913,BH RTHA Airport,51.94924845,4.432611987,10,5,0
2026-03-18T21:31:03.347885,1c41897e-596e-11ef-bed6-aa139991deb4,HUB Metrostation Nieuwland / Bijdorpplein,51.922583819,4.38260008,10,1,9999
2026-03-18T21:31:03.347885,a57d027c-8912-11ee-bb01-c602c1905375,BH Delftse Poort,51.924408145,4.472816464,10,1,9999
2026-03-18T21:31:03.347885,6383849a-2038-11f0-ab1d-9ae3af3bf913,BH - Kralingsebos (Langepad),51.936318565,4.506197017,10,5,9999
2026-03-18T21:31:03.347885,e90e9332-06f5-11ef-b58d-569a23b994be,BH Burgemeester Le Fèvre de Montignylaan,51.957620055,4.501711782,10,1,9999
2026-03-18T21:31:03.347885,5cb3ffde-bdaf-11ed-b1e6-fa4fb8e2990b,RK Stadionlaan,51.892328813,4.530682857,10,4,9999
2026-03-18T21:31:03.347885,02bed1f8-8392-11ee-bb01-c602c1905375,BH Station Alexander,51.951735827,4.551049232,10,0,9999
2026-03-18T21:31:03.347885,08d5cf66-8ab2-11ee-bb01-c602c1905375,BH Winkelhart Asterlo,51.873536387,4.483591736,10,0,9999
2026-03-18T21:31:03.347885,0e51e024-c757-11ee-9ae6-5263e3f30f1e,BH Metrostation Binnenhof,51.960437867,4.535372966,10,3,9999
2026-03-18T21:31:03.347885,409f87f6-890f-11ee-bb01-c602c1905375,BH Metro Beurs,51.917806013,4.480107053,8,7,9999
2026-03-18T21:31:03.347885,d6a7cd26-4d08-11f0-ab1d-9ae3af3bf913,BH - Oudehoofdplein-Haringvliet,51.918979475,4.49384405,10,3,9999
2026-03-18T21:31:03.347885,f0ad9b92-1767-11ef-8071-42f0fecaeb6a,BH Prinsenlaan,51.937206457,4.536127586,10,0,9999
2026-03-18T21:31:03.347885,f06fd44c-2035-11f0-ab1d-9ae3af3bf913,BH Boezemlaan,51.938982631,4.495864471,10,11,9999
2026-03-18T21:31:03.347885,8d91a90c-9e83-11ee-a91e-ee69b7c7763e,BH Kraaierstraat,51.91909698,4.418192898,8,7,9999
2026-03-18T21:31:03.347885,a2671a36-bdad-11ed-b1e6-fa4fb8e2990b,RK Dwarsdijk,51.893055987,4.539201504,10,6,9999
2026-03-18T21:31:03.347885,376a5cda-06f8-11ef-b58d-569a23b994be,BH Ganzerikplein,51.958953276,4.471584016,10,3,9999
2026-03-18T21:31:03.347885,5cdd9872-b096-11ef-b6d3-56d88772ab1a,BH Wilgenplaslaan/ Meidoornsingel,51.953868042,4.468211582,7,6,9999
2026-03-18T21:31:03.347885,952a3e78-a8db-11ef-8778-d2279db84567,BH Lloydstraat,51.902214281,4.461287644,10,3,9999
2026-03-18T21:31:03.347885,a6fa0910-8067-11ed-b1e6-fa4fb8e2990b,BH Stadion Fey (Bert Heesakkerstr.),51.896805818,4.521735582,50,2,9999
2026-03-18T21:31:03.347885,a1337d02-e018-11ed-a249-96cdaf8f7240,BH Sint Franciscus,51.942171146,4.460534407,25,9,9999
2026-03-18T21:31:03.347885,d3cea108-8285-11f0-ab44-baed9603afbb,BH - Ratelaarweg,51.967431611,4.463349689,10,0,9999
2026-03-18T21:31:03.347885,3bef7002-bdb5-11ed-b1e6-fa4fb8e2990b,RK Breeweg,51.890630632,4.514261169,10,1,9999
2026-03-18T21:31:03.347885,8c90734c-45bb-11ee-8219-8ed3b2364c4f,BH Coen Moulijnweg,51.893813253,4.526876329,42,2,9999
2026-03-18T21:31:03.347885,1b098490-2037-11f0-ab1d-9ae3af3bf913,BH Karmelweg,51.933461291,4.5029394,8,3,9999
2026-03-18T21:31:03.347885,23348a06-bdb1-11ed-b1e6-fa4fb8e2990b,RK Guido Gezelleweg,51.87434607,4.523238145,10,9,9999
2026-03-18T21:31:03.347885,66824038-37b2-11ef-a21a-8e54a72a50da,HUB Metrostation Parkweg / Zuidzijde,51.921443238,4.39475836,10,2,7
2026-03-18T21:31:03.347885,2c127298-ff25-11ef-a79f-a65a77daff90,BH Aert van Nesstraat,51.921141166,4.478916173,8,0,9999
2026-03-18T21:31:03.347885,cde445c6-a744-11ef-8778-d2279db84567,BH Groenendaal,51.921685178,4.492944049,6,8,9999
2026-03-18T21:31:03.347885,97c6a1c2-a8da-11ef-8778-d2279db84567,BH Henegouwerplein,51.921807589,4.460561523,10,9,9999
2026-03-18T21:31:03.347885,e68d5642-a5b5-11f0-b6c1-baed9603afbb,HUB NS Station Schiedam Centrum/ Professor Kamerlingh Onneslaan,51.92071744,4.408262487,12,3,9999
2026-03-18T21:31:03.347885,82623a40-bda3-11ed-b1e6-fa4fb8e2990b,RK Rosestraat,51.91100607,4.501308573,10,6,9999
2026-03-18T21:31:03.347885,b7353df6-b485-11ee-9ae6-5263e3f30f1e,BH Metrostation Kralingsezoom (Gravenweg),51.921751706,4.533850265,10,3,9999
2026-03-18T21:31:03.347885,6c34980a-bb92-11ef-a02d-6ea8ed91bd56,BH Gordelweg (Lidl),51.940472428,4.479798999,4,1,9999
2026-03-18T21:31:03.347885,5904bd1a-a5b5-11f0-b05b-baed9603afbb,HUB Hof van Spaland - Bachplein,51.934889388,4.374726808,8,4,9999
2026-03-18T21:31:03.347885,32ca5fd0-8126-11ed-b1e6-fa4fb8e2990b,RK Vuurplaat,51.906526668,4.505838102,10,0,9999
2026-03-18T21:31:03.347885,f94a1ff6-b095-11ef-b6d3-56d88772ab1a,BH Bm Le Fèvre de Montignylaan/ Jeroen Boschlaan,51.955641943,4.505982462,6,2,9999
2026-03-18T21:31:03.347885,4228b402-8537-11ee-bb01-c602c1905375,BH Tongelaarweg,51.895280064,4.563514996,10,0,9999
2026-03-18T21:31:03.347885,6f66a60c-36e5-11f0-ab1d-9ae3af3bf913,BH Lloydpier,51.904487669,4.460458303,8,6,0
2026-03-18T21:31:03.347885,7d81b63e-a5b5-11f0-b05b-baed9603afbb,HUB 's Gravelandseweg,51.932091958,4.401924037,6,2,9999
2026-03-18T21:31:03.347885,a3dbb322-8121-11ed-b1e6-fa4fb8e2990b,RK Metrostation Rijnhaven ,51.902216981,4.49610172,15,10,9999
2026-03-18T21:31:03.347885,cf23b50e-9ad0-11f0-ab44-baed9603afbb,BH Natuurhistorisch museum,51.911022288,4.472728259,12,0,9999
2026-03-18T21:31:03.347885,d55243f6-182b-11ef-a8d1-42f0fecaeb6a,BH Siciliëboulevard ,51.97996654,4.580859756,10,0,9999
2026-03-18T21:31:03.347885,e0f7ef36-a5b4-11f0-ab44-baed9603afbb,Havenstraat einde (digitale testhub),51.900396883,4.398614319,12,0,9999
2026-03-18T21:31:03.347885,05d1d708-eabd-11ef-88c2-aa7241d1fb4f,HUB De Thermen ,51.927426752,4.380236246,8,1,9999
2026-03-18T21:31:03.347885,b3381a7a-2036-11f0-ab1d-9ae3af3bf913,BH Oudedijk / de Nieuwe Plantage,51.929149075,4.505248613,8,3,9999
2026-03-18T21:31:03.347885,8b480576-eabc-11ee-a9f0-82366b51b915,BH Schiedamseweg Beneden,51.914135146,4.422297364,5,7,9999
2026-03-18T21:31:03.347885,89a2f1d2-a5b3-11f0-ab44-baed9603afbb,Metrostation Vijfsluizen,51.908108215,4.37254105,8,3,9999
2026-03-18T21:31:03.347885,4c1b19a4-d0a1-11ee-8b0e-065810cc8d78,BH Elandstraat,51.910800072,4.553878993,10,7,9999
2026-03-18T21:31:03.347885,e50f3d1e-f069-11ef-9ed7-0ea3ed1ae564,HUB Oranjestraat - Lange Nieuwstraat,51.913368472,4.40030457,5,2,9999
2026-03-18T21:31:03.347885,bbbba24e-806e-11ed-b1e6-fa4fb8e2990b,RK P+R Noorderhelling,51.894761016,4.532122707,15,1,9999
2026-03-18T21:31:03.347885,3ac0b682-8129-11ed-b1e6-fa4fb8e2990b,RK Cor Kieboomplein,51.896922039,4.523502821,15,2,9999
2026-03-18T21:31:03.347885,5a3ffbf4-37b1-11ef-a21a-8e54a72a50da,HUB Metrostation Nieuwland / Van Limburg Stirumstraat,51.922446663,4.38308784,6,0,2
2026-03-18T21:31:03.347885,5d8d12a2-a5b4-11f0-ab44-baed9603afbb,Van Heekstraat,51.931167557,4.406024405,4,0,9999
2026-03-18T21:31:03.347885,f251d6e8-0b82-11ef-b58d-569a23b994be,BH Metrostation Graskruid ,51.956473743,4.550010233,8,3,9999
2026-03-18T21:31:03.347885,a4d2ea7c-b2f0-11ef-aa57-62870c7808bb,BH 2e Hogenbanweg,51.936951327,4.427707182,8,4,9999
2026-03-18T21:31:03.347885,75ba0d1a-2037-11f0-ab1d-9ae3af3bf913,BH Stadhoudersweg,51.931417737,4.461484988,10,8,9999
2026-03-18T21:31:03.347885,bc6b0d7e-a745-11ef-8778-d2279db84567,BH Goudsewagenstraat,51.923224462,4.493552746,8,6,9999
2026-03-18T21:31:03.347885,0f37eafc-8912-11ee-bb01-c602c1905375,BH Metro Oostplein,51.922677789,4.497608825,10,9,9999
2026-03-18T21:31:03.347885,aed7c2fa-8123-11ed-b1e6-fa4fb8e2990b,RK Groene Hilledijk/Beijerlandselaan,51.893806789,4.509452258,10,3,9999
2026-03-18T21:31:03.347885,c76f0318-bb92-11ef-a02d-6ea8ed91bd56,BH NS Centraal Station (Stationssingel),51.925399994,4.466148375,10,2,9999
2026-03-18T21:31:03.347885,361a368c-a5b4-11f0-ab44-baed9603afbb,Sportpark Haga (Epke Zonderlandstraat),51.921919868,4.370918199,8,1,9999
2026-03-18T21:31:03.347885,f4c0fe5e-02d6-11ef-b58d-569a23b994be,BH Paulus Potterstraat,51.9228414,4.508497696,10,12,9999
2026-03-18T21:31:03.347885,48cbf66e-9f15-11ee-a91e-ee69b7c7763e,BH Franselaan,51.917379138,4.420463507,10,7,9999
2026-03-18T21:31:03.347885,e9735b4e-7da7-11f0-ab44-baed9603afbb,BH Veldkersweg,51.966835673,4.46657292,8,2,9999
2026-03-18T21:31:03.347885,4b1ac684-bb93-11ef-a02d-6ea8ed91bd56,BH Noorderkanaalweg,51.940525593,4.472984586,9,6,9999
2026-03-18T21:31:03.347885,033a9392-3700-11f0-ab1d-9ae3af3bf913,BH Herman Bavinckstraat,51.915067882,4.521446921,10,1,9999
2026-03-18T21:31:03.347885,ffe8c3e8-a8da-11ef-8778-d2279db84567,BH Mathenesserplein,51.917836602,4.44508891,8,12,9999
2026-03-18T21:31:03.347885,e377069a-ff63-11ef-a79f-a65a77daff90,BH Kralingsebos Bosdreef/Pr. Beatrixlaan,51.93789612,4.501689644,8,5,9999
2026-03-18T21:31:03.347885,7af95f9c-a747-11ef-8778-d2279db84567,BH Kruisplein,51.92228569,4.47138789,6,1,9999
2026-03-18T21:31:03.347885,4c50cb7a-bdb6-11ed-b1e6-fa4fb8e2990b,RK Olympiaweg,51.886462746,4.529133302,10,3,9999
2026-03-18T21:31:03.347885,a694ef4e-36e5-11f0-ab1d-9ae3af3bf913,BH Neushoornstraat,51.913041554,4.553743002,6,0,0
2026-03-18T21:31:03.347885,be56ca62-8120-11ed-b1e6-fa4fb8e2990b,RK P+R Beverwaard,51.885771514,4.568986239,10,3,9999
2026-03-18T21:31:03.347885,d5af3bc4-806a-11ed-b1e6-fa4fb8e2990b,BH Kievitslaan,51.907226862,4.473300159,17,9,9999
2026-03-18T21:31:03.347885,dd006abc-a5b3-11f0-ab44-baed9603afbb,Havenstraat,51.903204365,4.398004897,8,1,9999
2026-03-18T21:31:03.347885,6f09af84-eabe-11ee-a9f0-82366b51b915,BH Delftseplein ,51.925206514,4.474011701,14,4,9999
2026-03-18T21:31:03.347885,1cfb89ec-806b-11ed-b1e6-fa4fb8e2990b,BH Westplein,51.908912961,4.478583441,10,13,9999
2026-03-18T21:31:03.347885,12fc10a4-bb94-11ef-a02d-6ea8ed91bd56,BH Noordplein,51.930251975,4.483699175,10,7,9999
2026-03-18T21:31:03.347885,276e8d26-bda0-11ed-b1e6-fa4fb8e2990b,RK Strevelsweg,51.889634937,4.495943368,15,0,9999
2026-03-18T21:31:03.347885,9e066470-2038-11f0-ab1d-9ae3af3bf913,BH Kralinger Esch,51.911179823,4.524762065,9,15,9999
2026-03-18T21:31:03.347885,9b1f0aaa-8125-11ed-b1e6-fa4fb8e2990b,RK Slaghekstraat - Beijerlandselaan,51.897574833,4.511261604,10,4,9999
2026-03-18T21:31:03.347885,b8c81048-2037-11f0-ab1d-9ae3af3bf913,BH Van Maanenstraat,51.932279316,4.464280453,6,8,9999
2026-03-18T21:31:03.347885,1f4ff66c-bdb8-11ed-b1e6-fa4fb8e2990b,RK Van der Takstraat ,51.914243737,4.496045621,10,6,9999
2026-03-18T21:31:03.347885,3b523cee-5c94-11f0-ab1d-9ae3af3bf913,BH - Wilhelminapier,51.90698281,4.489727426,14,2,9999
2026-03-18T21:31:03.347885,e8d292d2-039a-11ef-b58d-569a23b994be,BH Mia van Yperenplein ,51.928414546,4.545678043,10,4,9999
2026-03-18T21:31:03.347885,12daf18a-8068-11ed-b1e6-fa4fb8e2990b,BH Treinst. Lombardijen (Aesopusplaats),51.880478018,4.530040287,10,1,9999
2026-03-18T21:31:03.347885,558e4a5a-eaba-11ee-a9f0-82366b51b915,BH Blijdorplaan ,51.927389289,4.440437692,22,17,9999
2026-03-18T21:31:03.347885,5a8de282-36ee-11f0-ab1d-9ae3af3bf913,BH van Blommesteynweg,51.888148155,4.460842726,10,2,9999
2026-03-18T21:31:03.347885,078569ee-a5b5-11f0-ab44-baed9603afbb,Nieuwe Waterwegstraat (digitale testhub),51.900682979,4.390873601,12,0,9999
2026-03-18T21:31:03.347885,8e5dd27e-06fd-11ef-b58d-569a23b994be,BH Prins Alexanderplein,51.951040272,4.553684972,14,0,9999
2026-03-18T21:31:03.347885,a6843864-fbc4-11ee-b58d-569a23b994be,Trompenburg 1,51.917696349,4.517981647,10,15,0
2026-03-18T21:31:03.347885,5b583480-a8da-11ef-8778-d2279db84567,BH Duyststraat,51.910073429,4.452225738,8,8,9999
2026-03-18T21:31:03.347885,2510e9ba-a5b6-11f0-847a-baed9603afbb,Hub Kloosterplaats,51.91675013,4.402112308,6,0,9999
2026-03-18T21:31:03.347885,880e3e72-a8dd-11ef-8778-d2279db84567,BH Spaansebocht,51.917413667,4.430014126,9,0,9999
2026-03-18T21:31:03.347885,b5b3324a-edb9-11ee-a9f0-82366b51b915,BH Siondwarsstraat,51.925261494,4.51053174,10,0,9999
2026-03-18T21:31:03.347885,94b01d94-edc6-11ee-a9f0-82366b51b915,BH Schuttersveld,51.933248028,4.490978921,10,0,9999
2026-03-18T21:31:03.347885,69b33170-edbd-11ee-a9f0-82366b51b915,BH Metro Oostplein 2,51.923145722,4.496820843,10,9,9999
2026-03-18T21:31:03.347885,67d6af9a-f068-11ef-ba40-0ea3ed1ae564,HUB Hof van Spaland - Schiedamseweg,51.934898803,4.378145906,12,0,9999
2026-03-18T21:31:03.347885,4933dd54-9e7c-11ee-a91e-ee69b7c7763e,BH Willem Ruyslaan (Luzac College),51.925421889,4.508669446,10,8,9999
2026-03-18T21:31:03.347885,9f935b6c-b095-11ef-b6d3-56d88772ab1a,BH Bergpolderplein,51.945227242,4.474988047,8,0,9999
2026-03-18T21:31:03.347885,8a2d056c-bb93-11ef-a02d-6ea8ed91bd56,BH NS Station Noord (Bergweg),51.941530048,4.481339526,10,0,10
2026-03-18T21:31:03.347885,4d95ab34-8122-11ed-b1e6-fa4fb8e2990b,RK Metrostation Maashaven ,51.896573582,4.494245173,30,2,9999
2026-03-18T21:31:03.347885,3d015ff0-8394-11ee-bb01-c602c1905375,BH Metrostation Oosterflank,51.945209326,4.555045447,10,0,9999
2026-03-18T21:31:03.347885,defeb050-a747-11ef-8778-d2279db84567,BH Karel Doormanstraat,51.922789549,4.473609692,9,7,9999
2026-03-18T21:31:03.347885,b5dc5454-890f-11ee-bb01-c602c1905375,BH Schilderstraat,51.916377397,4.48142868,8,3,9999
2026-03-18T21:31:03.347885,2f12ae3e-806c-11ed-b1e6-fa4fb8e2990b,BH Winkelcentrum Keizerswaard-Herenw,51.886358391,4.549308056,15,3,9999
2026-03-18T21:31:03.347885,3b6d73a8-805d-11ed-b1e6-fa4fb8e2990b,BH Metrostation Melanchtonweg,51.94881199,4.465233746,10,2,9999
2026-03-18T21:31:03.347885,d5832958-891a-11ee-bb01-c602c1905375,BH Metro Zuidplein (nieuw),51.887180341,4.491554668,10,7,9999
2026-03-18T21:31:03.347885,a535094e-b162-11ef-bdcd-5adc5d29ed54,BH Eudokiaplein,51.932433484,4.47153255,9,8,9999
2026-03-18T21:31:03.347885,437f8dc8-bd9e-11ed-b1e6-fa4fb8e2990b,RK Hillevliet,51.89558515,4.506432514,10,0,9999
2026-03-18T21:31:03.347885,f10d8ab4-9997-11ee-a91e-ee69b7c7763e,BH Shell Hofplein,51.925705456,4.477781355,28,3,9999
2026-03-18T21:31:03.347885,94467720-8127-11ed-b1e6-fa4fb8e2990b,RK Persoonsdam,51.909309099,4.508017165,10,6,9999
2026-03-18T21:31:03.347885,9245444a-2023-11f0-ab1d-9ae3af3bf913,BH Witte de Withstraat,51.915906523,4.478080905,10,6,9999
2026-03-18T21:31:03.347885,49d59348-ff64-11ef-b515-a65a77daff90,BH Bergweg (Dirk van den Broek),51.93856254,4.479465675,6,3,9999
2026-03-18T21:31:03.347885,30fb96bc-8124-11ed-b1e6-fa4fb8e2990b,RK Beverwaardseweg/ Borgharensingel,51.898798338,4.564663375,10,2,9999
2026-03-18T21:31:03.347885,9a1fb404-8ab3-11ee-bb01-c602c1905375,BH Langenhorst ,51.874120882,4.494254863,10,3,9999
2026-03-18T21:31:03.347885,abe67bfa-b096-11ef-b6d3-56d88772ab1a,BH Wilgenplaslaan/ Donkersingel,51.951337599,4.47048253,10,8,9999
2026-03-18T21:31:03.347885,068b0f9c-a8dd-11ef-8778-d2279db84567,BH Vierhavenstraat (Sahan),51.908502395,4.437727106,4,1,9999
2026-03-18T21:31:03.347885,bc0e7e9c-a8da-11ef-8778-d2279db84567,BH Jan van Vuchtstraat,51.917045317,4.460830874,6,7,9999
2026-03-18T21:31:03.347885,8b721818-a5b2-11f0-ab44-baed9603afbb,Lekstraat,51.90446958,4.406985264,6,1,9999
2026-03-18T21:31:03.347885,ad212572-06f7-11ef-b58d-569a23b994be,BH Molenlaan/Grindweg,51.963224537,4.49571068,10,2,9999
2026-03-18T21:31:03.347885,f8828c3e-806d-11ed-b1e6-fa4fb8e2990b,RK Station Rdam Zuid,51.905545015,4.509568537,15,4,9999
2026-03-18T21:31:03.347885,5f71799e-806b-11ed-b1e6-fa4fb8e2990b,BH Willemsplein,51.911118908,4.481894771,17,3,9999
2026-03-18T21:31:03.347885,42824336-bd97-11ed-b1e6-fa4fb8e2990b,RK Groene Hilledijk,51.882726433,4.504266667,10,0,9999
2026-03-18T21:31:03.347885,db6932f4-182b-11ef-a8d1-42f0fecaeb6a,BH Metrostation Nesselande,51.978969273,4.586177782,10,0,9999
2026-03-18T21:31:03.347885,e26322b0-2025-11f0-ab1d-9ae3af3bf913,BH Brielselaan,51.896298935,4.489248091,4,1,9999
2026-03-18T21:31:03.347885,c862b7f2-06fb-11ef-b58d-569a23b994be,BH Prins Alexanderlaan (metrobaan zijde),51.952192324,4.551435621,10,0,9999
2026-03-18T21:31:03.347885,c53689c2-8124-11ed-b1e6-fa4fb8e2990b,RK Peellandstraat / Beesdestraat ,51.888535309,4.567291893,10,3,9999
2026-03-18T21:31:03.347885,8f5d35a0-1834-11ef-8071-42f0fecaeb6a,BH Jan Bijloostraat (Winkelcentrum Lage Land),51.941821995,4.546449269,9,6,9999
2026-03-18T21:31:03.347885,f8fcd3a4-983a-11ef-a85a-be896af2d3a5,BH Rhijnauwensingel,51.892161199,4.569620613,12,6,9999
2026-03-18T22:01:38.766865,2c632780-a8de-11ef-8778-d2279db84567,BH Schuttevaerweg,51.922420472,4.434869706,10,3,9999
2026-03-18T22:01:38.766865,a3c07f10-a5b5-11f0-b05b-baed9603afbb,HUB Hoofdbrug,51.908705902,4.406131267,8,2,9999
2026-03-18T22:01:38.766865,b9bfe680-fbc4-11ee-b58d-569a23b994be,Trompenburg 2,51.917638379,4.518889893,10,1,9
2026-03-18T22:01:38.766865,3c659862-a8dd-11ef-8778-d2279db84567,BH Mayflowerstraat,51.905015647,4.440161906,10,8,9999
2026-03-18T22:01:38.766865,e0a4baca-a748-11ef-8778-d2279db84567,BH Mariniersweg,51.920853425,4.490979502,10,9,9999
2026-03-18T22:01:38.766865,c35c448e-06fc-11ef-b58d-569a23b994be,BH Jacob van Campenweg ,51.942434165,4.537976212,7,5,9999
2026-03-18T22:01:38.766865,438486f4-a5b6-11f0-a150-baed9603afbb,HUB Koemarkt ingang garage,51.914517902,4.401917461,6,1,9999
2026-03-18T22:01:38.766865,365f4a3e-a5b3-11f0-ab44-baed9603afbb,Rubensplein,51.911712719,4.383665134,6,0,9999
2026-03-18T22:01:38.766865,a85b996e-fe23-11ee-b58d-569a23b994be,BH Dirk van der Kooijweg (Waterleliesingel),51.953796964,4.52009166,10,2,9999
2026-03-18T22:01:38.766865,19e2de56-b5d8-11ee-9ae6-5263e3f30f1e,BH STC Waalhaven,51.878297275,4.448759787,10,0,9999
2026-03-18T22:01:38.766865,c6c213ee-ed18-11ef-9957-f683e5eb607c,BH Langenhorst (Binkhorst),51.877310029,4.494737503,10,1,9999
2026-03-18T22:01:38.766865,3366f8b0-a8dc-11ef-8778-d2279db84567,BH Vierhavenstraat (WoonEnzo),51.907777562,4.438830385,4,8,9999
2026-03-18T22:01:38.766865,04a89aea-a5b3-11f0-ab44-baed9603afbb,Groenelaan Hagastraat (Winkelcentrum),51.907303396,4.402285408,4,2,9999
2026-03-18T22:01:38.766865,32638aa6-a5b5-11f0-9f09-baed9603afbb,HUB Laan van Bol'es,51.928443203,4.370771711,10,3,9999
2026-03-18T22:01:38.766865,291c2f72-a749-11ef-8778-d2279db84567,BH Westzeedijk,51.909321622,4.471436479,10,6,9999
2026-03-18T22:01:38.766865,abd627be-67bb-11f0-91de-5eaa9feacc9b,BH Schiekade (Heer Bokelweg),51.927133058,4.476309832,10,0,9999
2026-03-18T22:01:38.766865,8948d5a4-b094-11ef-b6d3-56d88772ab1a,BH Duivenpad,51.964922912,4.498254116,8,4,9999
2026-03-18T22:01:38.766865,227e8c1e-be97-11ee-9ae6-5263e3f30f1e,HUB Metrostation Troelstralaan,51.915742295,4.384972326,10,1,9999
2026-03-18T22:01:38.766865,0af509a8-06f7-11ef-b58d-569a23b994be,BH Beethovensingel,51.96114919,4.505141448,10,6,9999
2026-03-18T22:01:38.766865,dc06f296-1768-11ef-8071-42f0fecaeb6a,BH Prins Alexanderlaan (Oosterflank),51.946646256,4.553811478,12,0,9999
2026-03-18T22:01:38.766865,221af3ce-7fe1-11ee-bb01-c602c1905375,BH Metro Prinsenlaan,51.940647564,4.556931306,10,0,9999
2026-03-18T22:01:38.766865,a793d6ba-edc8-11ee-a9f0-82366b51b915,BH Infirmeriestraat,51.922255603,4.502265891,10,5,9999
2026-03-18T22:01:38.766865,0359e1a2-bdb3-11ed-b1e6-fa4fb8e2990b,RK Rosestraat 11C,51.902954022,4.511377745,10,11,9999
2026-03-18T22:01:38.766865,87f07e20-9e78-11ee-a91e-ee69b7c7763e,BH Marconistraat (Lee Towers),51.912441021,4.430411189,14,5,9999
2026-03-18T22:01:38.766865,f539bd6e-06f8-11ef-b58d-569a23b994be,BH Meijersplein,51.955657978,4.463033845,8,3,9999
2026-03-18T22:01:38.766865,70f0801a-8071-11ed-b1e6-fa4fb8e2990b,RK treinstation Lombardijen,51.88057913,4.531905572,30,3,9999
2026-03-18T22:01:38.766865,43752ffc-a8db-11ef-8778-d2279db84567,BH Pieter de Hoochweg,51.906316301,4.459985731,6,7,9999
2026-03-18T22:01:38.766865,b35ddad8-ab08-11ef-8778-d2279db84567,HUB Rotterdamsedijk 272,51.914957692,4.40343084,8,0,9999
2026-03-18T22:01:38.766865,9b1fa0f6-ae3c-11ee-a91e-ee69b7c7763e,BH Winkelhart Plein 1953,51.874842065,4.467889739,10,5,9999
2026-03-18T22:01:38.766865,8bd90878-0884-11f0-9a47-66143dd92f22,RK Molenvliet,51.882626536,4.521159806,10,3,9999
2026-03-18T22:01:38.766865,45450b66-a5b2-11f0-ab44-baed9603afbb,Maasdijk (Gustoweg),51.906629018,4.412009895,6,1,9999
2026-03-18T22:01:38.766865,4de2effe-f068-11ef-ba40-0ea3ed1ae564,HUB Hof van Spaland - Vlaardingseweg,51.935841728,4.376077923,4,1,9999
2026-03-18T22:01:38.766865,d38c6468-06fe-11ef-b58d-569a23b994be,BH Kleine Beer,51.950902127,4.555051083,6,3,9999
2026-03-18T22:01:38.766865,e552904e-182b-11ef-a8d1-42f0fecaeb6a,BH Metrostation Hesseplaats,51.963345229,4.554510684,10,3,9999
2026-03-18T22:01:38.766865,1826196c-b162-11ef-bdcd-5adc5d29ed54,BH Bentincklaan (Diergaarde Blijdorp),51.92572504,4.454794024,10,7,9999
2026-03-18T22:01:38.766865,8a1e5ed0-1c9e-11ee-8219-8ed3b2364c4f,BH Sparta stadion,51.920151368,4.434428835,20,14,9999
2026-03-18T22:01:38.766865,d3c9003c-b486-11ee-9ae6-5263e3f30f1e,BH Oostzeedijk Beneden,51.922514244,4.503092963,10,10,9999
2026-03-18T22:01:38.766865,552a82b8-b094-11ef-b6d3-56d88772ab1a,BH Hockeyclub Rotterdam,51.96869974,4.484731647,25,6,9999
2026-03-18T22:01:38.766865,cb3f6d1c-a746-11ef-8778-d2279db84567,BH Vasteland (AH),51.911537089,4.478368712,10,12,9999
2026-03-18T22:01:38.766865,d4a8557a-eabd-11ef-ac99-aa7241d1fb4f,HUB Admiraal Trompstraat (Huisman),51.908834504,4.381923039,8,0,9999
2026-03-18T22:01:38.766865,00e8b3de-9e82-11ee-a91e-ee69b7c7763e,BH Jacques Dutilhweg,51.927993284,4.5475155,10,8,9999
2026-03-18T22:01:38.766865,d868fe52-36e5-11f0-ab1d-9ae3af3bf913,BH Sluisjesdijk,51.894714517,4.461900478,10,6,0
2026-03-18T22:01:38.766865,4338fed2-edbb-11ee-a9f0-82366b51b915,BH Oostzeedijk Beneden 2,51.921653595,4.507031037,10,15,9999
2026-03-18T22:01:38.766865,2c82bb9a-217b-11ee-8219-8ed3b2364c4f,Hub Weena,51.922738296,4.469181329,142,2,9999
2026-03-18T22:01:38.766865,96f5cbdc-06f6-11ef-b58d-569a23b994be,BH Argonautenweg,51.959086712,4.49354982,10,1,9999
2026-03-18T22:01:38.766865,2f51713e-32b7-11ee-8219-8ed3b2364c4f,Hub P+R Capelsebrug,51.920991793,4.559215491,18,4,9999
2026-03-18T22:01:38.766865,62b0255a-9e7a-11ee-a91e-ee69b7c7763e,BH Vierhavenstraat,51.910327597,4.434992993,16,2,9999
2026-03-18T22:01:38.766865,2b10524e-06f5-11ef-b58d-569a23b994be,BH Piet van der Polsingel,51.950618784,4.518612648,8,1,9999
2026-03-18T22:01:38.766865,47070056-06fa-11ef-b58d-569a23b994be,BH Metrostation Schenkel,51.931770435,4.56406792,12,1,9999
2026-03-18T22:01:38.766865,7a8c12ba-91ab-11ed-b1e6-fa4fb8e2990b,BH Metrostation Slinge,51.874526023,4.477872534,15,5,9999
2026-03-18T22:01:38.766865,026045c6-8530-11ee-bb01-c602c1905375,BH Winkelhart Katendrechtse Lagedijk,51.891184937,4.479440034,10,4,9999
2026-03-18T22:01:38.766865,9d9bb8ec-4bd1-11ee-bb01-c602c1905375,BH Marconiplein,51.913319277,4.432514448,10,6,9999
2026-03-18T22:01:38.766865,8330f3ca-a5b4-11f0-ab44-baed9603afbb,Fokkerstraat Plesmanstraat,51.929694009,4.399576614,4,0,9999
2026-03-18T22:01:38.766865,5b842034-5331-11f0-ab1d-9ae3af3bf913,BH Walenburgerweg,51.926698659,4.462629155,10,5,9999
2026-03-18T22:01:38.766865,a08059b6-b484-11ee-9ae6-5263e3f30f1e,BH Metrostation Gerdesiaweg,51.925444134,4.506155972,10,9,9999
2026-03-18T22:01:38.766865,2f718c84-8911-11ee-bb01-c602c1905375,BH Metro Dijkzigt - EMC,51.911789199,4.466334846,20,10,9999
2026-03-18T22:01:38.766865,f58e41fc-1c9f-11ee-8219-8ed3b2364c4f,BH Heemraadsplein,51.912322959,4.455058085,10,7,9999
2026-03-18T22:01:38.766865,79fdd038-34b8-11f0-ab1d-9ae3af3bf913,BH RTHA Airport,51.94924845,4.432611987,10,5,0
2026-03-18T22:01:38.766865,1c41897e-596e-11ef-bed6-aa139991deb4,HUB Metrostation Nieuwland / Bijdorpplein,51.922583819,4.38260008,10,1,9999
2026-03-18T22:01:38.766865,a57d027c-8912-11ee-bb01-c602c1905375,BH Delftse Poort,51.924408145,4.472816464,10,0,9999
2026-03-18T22:01:38.766865,6383849a-2038-11f0-ab1d-9ae3af3bf913,BH - Kralingsebos (Langepad),51.936318565,4.506197017,10,5,9999
2026-03-18T22:01:38.766865,e90e9332-06f5-11ef-b58d-569a23b994be,BH Burgemeester Le Fèvre de Montignylaan,51.957620055,4.501711782,10,1,9999
2026-03-18T22:01:38.766865,5cb3ffde-bdaf-11ed-b1e6-fa4fb8e2990b,RK Stadionlaan,51.892328813,4.530682857,10,4,9999
2026-03-18T22:01:38.766865,02bed1f8-8392-11ee-bb01-c602c1905375,BH Station Alexander,51.951735827,4.551049232,10,0,9999
2026-03-18T22:01:38.766865,08d5cf66-8ab2-11ee-bb01-c602c1905375,BH Winkelhart Asterlo,51.873536387,4.483591736,10,0,9999
2026-03-18T22:01:38.766865,0e51e024-c757-11ee-9ae6-5263e3f30f1e,BH Metrostation Binnenhof,51.960437867,4.535372966,10,3,9999
2026-03-18T22:01:38.766865,409f87f6-890f-11ee-bb01-c602c1905375,BH Metro Beurs,51.917806013,4.480107053,8,6,9999
2026-03-18T22:01:38.766865,d6a7cd26-4d08-11f0-ab1d-9ae3af3bf913,BH - Oudehoofdplein-Haringvliet,51.918979475,4.49384405,10,4,9999
2026-03-18T22:01:38.766865,f0ad9b92-1767-11ef-8071-42f0fecaeb6a,BH Prinsenlaan,51.937206457,4.536127586,10,0,9999
2026-03-18T22:01:38.766865,f06fd44c-2035-11f0-ab1d-9ae3af3bf913,BH Boezemlaan,51.938982631,4.495864471,10,11,9999
2026-03-18T22:01:38.766865,8d91a90c-9e83-11ee-a91e-ee69b7c7763e,BH Kraaierstraat,51.91909698,4.418192898,8,8,9999
2026-03-18T22:01:38.766865,a2671a36-bdad-11ed-b1e6-fa4fb8e2990b,RK Dwarsdijk,51.893055987,4.539201504,10,6,9999
2026-03-18T22:01:38.766865,376a5cda-06f8-11ef-b58d-569a23b994be,BH Ganzerikplein,51.958953276,4.471584016,10,3,9999
2026-03-18T22:01:38.766865,5cdd9872-b096-11ef-b6d3-56d88772ab1a,BH Wilgenplaslaan/ Meidoornsingel,51.953868042,4.468211582,7,6,9999
2026-03-18T22:01:38.766865,952a3e78-a8db-11ef-8778-d2279db84567,BH Lloydstraat,51.902214281,4.461287644,10,3,9999
2026-03-18T22:01:38.766865,a6fa0910-8067-11ed-b1e6-fa4fb8e2990b,BH Stadion Fey (Bert Heesakkerstr.),51.896805818,4.521735582,50,2,9999
2026-03-18T22:01:38.766865,a1337d02-e018-11ed-a249-96cdaf8f7240,BH Sint Franciscus,51.942171146,4.460534407,25,9,9999
2026-03-18T22:01:38.766865,d3cea108-8285-11f0-ab44-baed9603afbb,BH - Ratelaarweg,51.967431611,4.463349689,10,0,9999
2026-03-18T22:01:38.766865,3bef7002-bdb5-11ed-b1e6-fa4fb8e2990b,RK Breeweg,51.890630632,4.514261169,10,1,9999
2026-03-18T22:01:38.766865,8c90734c-45bb-11ee-8219-8ed3b2364c4f,BH Coen Moulijnweg,51.893813253,4.526876329,42,2,9999
2026-03-18T22:01:38.766865,1b098490-2037-11f0-ab1d-9ae3af3bf913,BH Karmelweg,51.933461291,4.5029394,8,3,9999
2026-03-18T22:01:38.766865,23348a06-bdb1-11ed-b1e6-fa4fb8e2990b,RK Guido Gezelleweg,51.87434607,4.523238145,10,9,9999
2026-03-18T22:01:38.766865,66824038-37b2-11ef-a21a-8e54a72a50da,HUB Metrostation Parkweg / Zuidzijde,51.921443238,4.39475836,10,2,7
2026-03-18T22:01:38.766865,2c127298-ff25-11ef-a79f-a65a77daff90,BH Aert van Nesstraat,51.921141166,4.478916173,8,0,9999
2026-03-18T22:01:38.766865,cde445c6-a744-11ef-8778-d2279db84567,BH Groenendaal,51.921685178,4.492944049,6,8,9999
2026-03-18T22:01:38.766865,97c6a1c2-a8da-11ef-8778-d2279db84567,BH Henegouwerplein,51.921807589,4.460561523,10,9,9999
2026-03-18T22:01:38.766865,e68d5642-a5b5-11f0-b6c1-baed9603afbb,HUB NS Station Schiedam Centrum/ Professor Kamerlingh Onneslaan,51.92071744,4.408262487,12,4,9999
2026-03-18T22:01:38.766865,82623a40-bda3-11ed-b1e6-fa4fb8e2990b,RK Rosestraat,51.91100607,4.501308573,10,6,9999
2026-03-18T22:01:38.766865,b7353df6-b485-11ee-9ae6-5263e3f30f1e,BH Metrostation Kralingsezoom (Gravenweg),51.921751706,4.533850265,10,2,9999
2026-03-18T22:01:38.766865,6c34980a-bb92-11ef-a02d-6ea8ed91bd56,BH Gordelweg (Lidl),51.940472428,4.479798999,4,3,9999
2026-03-18T22:01:38.766865,5904bd1a-a5b5-11f0-b05b-baed9603afbb,HUB Hof van Spaland - Bachplein,51.934889388,4.374726808,8,4,9999
2026-03-18T22:01:38.766865,32ca5fd0-8126-11ed-b1e6-fa4fb8e2990b,RK Vuurplaat,51.906526668,4.505838102,10,0,9999
2026-03-18T22:01:38.766865,f94a1ff6-b095-11ef-b6d3-56d88772ab1a,BH Bm Le Fèvre de Montignylaan/ Jeroen Boschlaan,51.955641943,4.505982462,6,2,9999
2026-03-18T22:01:38.766865,4228b402-8537-11ee-bb01-c602c1905375,BH Tongelaarweg,51.895280064,4.563514996,10,0,9999
2026-03-18T22:01:38.766865,6f66a60c-36e5-11f0-ab1d-9ae3af3bf913,BH Lloydpier,51.904487669,4.460458303,8,8,0
2026-03-18T22:01:38.766865,7d81b63e-a5b5-11f0-b05b-baed9603afbb,HUB 's Gravelandseweg,51.932091958,4.401924037,6,1,9999
2026-03-18T22:01:38.766865,a3dbb322-8121-11ed-b1e6-fa4fb8e2990b,RK Metrostation Rijnhaven ,51.902216981,4.49610172,15,10,9999
2026-03-18T22:01:38.766865,cf23b50e-9ad0-11f0-ab44-baed9603afbb,BH Natuurhistorisch museum,51.911022288,4.472728259,12,0,9999
2026-03-18T22:01:38.766865,d55243f6-182b-11ef-a8d1-42f0fecaeb6a,BH Siciliëboulevard ,51.97996654,4.580859756,10,0,9999
2026-03-18T22:01:38.766865,e0f7ef36-a5b4-11f0-ab44-baed9603afbb,Havenstraat einde (digitale testhub),51.900396883,4.398614319,12,0,9999
2026-03-18T22:01:38.766865,05d1d708-eabd-11ef-88c2-aa7241d1fb4f,HUB De Thermen ,51.927426752,4.380236246,8,1,9999
2026-03-18T22:01:38.766865,b3381a7a-2036-11f0-ab1d-9ae3af3bf913,BH Oudedijk / de Nieuwe Plantage,51.929149075,4.505248613,8,2,9999
2026-03-18T22:01:38.766865,8b480576-eabc-11ee-a9f0-82366b51b915,BH Schiedamseweg Beneden,51.914135146,4.422297364,5,7,9999
2026-03-18T22:01:38.766865,89a2f1d2-a5b3-11f0-ab44-baed9603afbb,Metrostation Vijfsluizen,51.908108215,4.37254105,8,3,9999
2026-03-18T22:01:38.766865,e50f3d1e-f069-11ef-9ed7-0ea3ed1ae564,HUB Oranjestraat - Lange Nieuwstraat,51.913368472,4.40030457,5,2,9999
2026-03-18T22:01:38.766865,4c1b19a4-d0a1-11ee-8b0e-065810cc8d78,BH Elandstraat,51.910800072,4.553878993,10,8,9999
2026-03-18T22:01:38.766865,bbbba24e-806e-11ed-b1e6-fa4fb8e2990b,RK P+R Noorderhelling,51.894761016,4.532122707,15,1,9999
2026-03-18T22:01:38.766865,3ac0b682-8129-11ed-b1e6-fa4fb8e2990b,RK Cor Kieboomplein,51.896922039,4.523502821,15,2,9999
2026-03-18T22:01:38.766865,5a3ffbf4-37b1-11ef-a21a-8e54a72a50da,HUB Metrostation Nieuwland / Van Limburg Stirumstraat,51.922446663,4.38308784,6,0,2
2026-03-18T22:01:38.766865,5d8d12a2-a5b4-11f0-ab44-baed9603afbb,Van Heekstraat,51.931167557,4.406024405,4,0,9999
2026-03-18T22:01:38.766865,f251d6e8-0b82-11ef-b58d-569a23b994be,BH Metrostation Graskruid ,51.956473743,4.550010233,8,3,9999
2026-03-18T22:01:38.766865,a4d2ea7c-b2f0-11ef-aa57-62870c7808bb,BH 2e Hogenbanweg,51.936951327,4.427707182,8,4,9999
2026-03-18T22:01:38.766865,75ba0d1a-2037-11f0-ab1d-9ae3af3bf913,BH Stadhoudersweg,51.931417737,4.461484988,10,8,9999
2026-03-18T22:01:38.766865,bc6b0d7e-a745-11ef-8778-d2279db84567,BH Goudsewagenstraat,51.923224462,4.493552746,8,6,9999
2026-03-18T22:01:38.766865,0f37eafc-8912-11ee-bb01-c602c1905375,BH Metro Oostplein,51.922677789,4.497608825,10,9,9999
2026-03-18T22:01:38.766865,aed7c2fa-8123-11ed-b1e6-fa4fb8e2990b,RK Groene Hilledijk/Beijerlandselaan,51.893806789,4.509452258,10,3,9999
2026-03-18T22:01:38.766865,c76f0318-bb92-11ef-a02d-6ea8ed91bd56,BH NS Centraal Station (Stationssingel),51.925399994,4.466148375,10,3,9999
2026-03-18T22:01:38.766865,361a368c-a5b4-11f0-ab44-baed9603afbb,Sportpark Haga (Epke Zonderlandstraat),51.921919868,4.370918199,8,1,9999
2026-03-18T22:01:38.766865,f4c0fe5e-02d6-11ef-b58d-569a23b994be,BH Paulus Potterstraat,51.9228414,4.508497696,10,12,9999
2026-03-18T22:01:38.766865,48cbf66e-9f15-11ee-a91e-ee69b7c7763e,BH Franselaan,51.917379138,4.420463507,10,7,9999
2026-03-18T22:01:38.766865,e9735b4e-7da7-11f0-ab44-baed9603afbb,BH Veldkersweg,51.966835673,4.46657292,8,2,9999
2026-03-18T22:01:38.766865,4b1ac684-bb93-11ef-a02d-6ea8ed91bd56,BH Noorderkanaalweg,51.940525593,4.472984586,9,6,9999
2026-03-18T22:01:38.766865,033a9392-3700-11f0-ab1d-9ae3af3bf913,BH Herman Bavinckstraat,51.915067882,4.521446921,10,1,9999
2026-03-18T22:01:38.766865,ffe8c3e8-a8da-11ef-8778-d2279db84567,BH Mathenesserplein,51.917836602,4.44508891,8,12,9999
2026-03-18T22:01:38.766865,e377069a-ff63-11ef-a79f-a65a77daff90,BH Kralingsebos Bosdreef/Pr. Beatrixlaan,51.93789612,4.501689644,8,5,9999
2026-03-18T22:01:38.766865,7af95f9c-a747-11ef-8778-d2279db84567,BH Kruisplein,51.92228569,4.47138789,6,1,9999
2026-03-18T22:01:38.766865,4c50cb7a-bdb6-11ed-b1e6-fa4fb8e2990b,RK Olympiaweg,51.886462746,4.529133302,10,3,9999
2026-03-18T22:01:38.766865,a694ef4e-36e5-11f0-ab1d-9ae3af3bf913,BH Neushoornstraat,51.913041554,4.553743002,6,0,0
2026-03-18T22:01:38.766865,be56ca62-8120-11ed-b1e6-fa4fb8e2990b,RK P+R Beverwaard,51.885771514,4.568986239,10,3,9999
2026-03-18T22:01:38.766865,d5af3bc4-806a-11ed-b1e6-fa4fb8e2990b,BH Kievitslaan,51.907226862,4.473300159,17,9,9999
2026-03-18T22:01:38.766865,dd006abc-a5b3-11f0-ab44-baed9603afbb,Havenstraat,51.903204365,4.398004897,8,1,9999
2026-03-18T22:01:38.766865,6f09af84-eabe-11ee-a9f0-82366b51b915,BH Delftseplein ,51.925206514,4.474011701,14,2,9999
2026-03-18T22:01:38.766865,1cfb89ec-806b-11ed-b1e6-fa4fb8e2990b,BH Westplein,51.908912961,4.478583441,10,12,9999
2026-03-18T22:01:38.766865,12fc10a4-bb94-11ef-a02d-6ea8ed91bd56,BH Noordplein,51.930251975,4.483699175,10,8,9999
2026-03-18T22:01:38.766865,276e8d26-bda0-11ed-b1e6-fa4fb8e2990b,RK Strevelsweg,51.889634937,4.495943368,15,0,9999
2026-03-18T22:01:38.766865,9e066470-2038-11f0-ab1d-9ae3af3bf913,BH Kralinger Esch,51.911179823,4.524762065,9,16,9999
2026-03-18T22:01:38.766865,9b1f0aaa-8125-11ed-b1e6-fa4fb8e2990b,RK Slaghekstraat - Beijerlandselaan,51.897574833,4.511261604,10,4,9999
2026-03-18T22:01:38.766865,b8c81048-2037-11f0-ab1d-9ae3af3bf913,BH Van Maanenstraat,51.932279316,4.464280453,6,8,9999
2026-03-18T22:01:38.766865,1f4ff66c-bdb8-11ed-b1e6-fa4fb8e2990b,RK Van der Takstraat ,51.914243737,4.496045621,10,4,9999
2026-03-18T22:01:38.766865,3b523cee-5c94-11f0-ab1d-9ae3af3bf913,BH - Wilhelminapier,51.90698281,4.489727426,14,2,9999
2026-03-18T22:01:38.766865,e8d292d2-039a-11ef-b58d-569a23b994be,BH Mia van Yperenplein ,51.928414546,4.545678043,10,4,9999
2026-03-18T22:01:38.766865,12daf18a-8068-11ed-b1e6-fa4fb8e2990b,BH Treinst. Lombardijen (Aesopusplaats),51.880478018,4.530040287,10,1,9999
2026-03-18T22:01:38.766865,558e4a5a-eaba-11ee-a9f0-82366b51b915,BH Blijdorplaan ,51.927389289,4.440437692,22,17,9999
2026-03-18T22:01:38.766865,5a8de282-36ee-11f0-ab1d-9ae3af3bf913,BH van Blommesteynweg,51.888148155,4.460842726,10,2,9999
2026-03-18T22:01:38.766865,078569ee-a5b5-11f0-ab44-baed9603afbb,Nieuwe Waterwegstraat (digitale testhub),51.900682979,4.390873601,12,0,9999
2026-03-18T22:01:38.766865,8e5dd27e-06fd-11ef-b58d-569a23b994be,BH Prins Alexanderplein,51.951040272,4.553684972,14,0,9999
2026-03-18T22:01:38.766865,a6843864-fbc4-11ee-b58d-569a23b994be,Trompenburg 1,51.917696349,4.517981647,10,15,0
2026-03-18T22:01:38.766865,5b583480-a8da-11ef-8778-d2279db84567,BH Duyststraat,51.910073429,4.452225738,8,7,9999
2026-03-18T22:01:38.766865,2510e9ba-a5b6-11f0-847a-baed9603afbb,Hub Kloosterplaats,51.91675013,4.402112308,6,0,9999
2026-03-18T22:01:38.766865,880e3e72-a8dd-11ef-8778-d2279db84567,BH Spaansebocht,51.917413667,4.430014126,9,0,9999
2026-03-18T22:01:38.766865,b5b3324a-edb9-11ee-a9f0-82366b51b915,BH Siondwarsstraat,51.925261494,4.51053174,10,0,9999
2026-03-18T22:01:38.766865,94b01d94-edc6-11ee-a9f0-82366b51b915,BH Schuttersveld,51.933248028,4.490978921,10,0,9999
2026-03-18T22:01:38.766865,69b33170-edbd-11ee-a9f0-82366b51b915,BH Metro Oostplein 2,51.923145722,4.496820843,10,8,9999
2026-03-18T22:01:38.766865,67d6af9a-f068-11ef-ba40-0ea3ed1ae564,HUB Hof van Spaland - Schiedamseweg,51.934898803,4.378145906,12,0,9999
2026-03-18T22:01:38.766865,4933dd54-9e7c-11ee-a91e-ee69b7c7763e,BH Willem Ruyslaan (Luzac College),51.925421889,4.508669446,10,8,9999
2026-03-18T22:01:38.766865,9f935b6c-b095-11ef-b6d3-56d88772ab1a,BH Bergpolderplein,51.945227242,4.474988047,8,0,9999
2026-03-18T22:01:38.766865,8a2d056c-bb93-11ef-a02d-6ea8ed91bd56,BH NS Station Noord (Bergweg),51.941530048,4.481339526,10,0,10
2026-03-18T22:01:38.766865,4d95ab34-8122-11ed-b1e6-fa4fb8e2990b,RK Metrostation Maashaven ,51.896573582,4.494245173,30,2,9999
2026-03-18T22:01:38.766865,3d015ff0-8394-11ee-bb01-c602c1905375,BH Metrostation Oosterflank,51.945209326,4.555045447,10,0,9999
2026-03-18T22:01:38.766865,defeb050-a747-11ef-8778-d2279db84567,BH Karel Doormanstraat,51.922789549,4.473609692,9,7,9999
2026-03-18T22:01:38.766865,b5dc5454-890f-11ee-bb01-c602c1905375,BH Schilderstraat,51.916377397,4.48142868,8,3,9999
2026-03-18T22:01:38.766865,2f12ae3e-806c-11ed-b1e6-fa4fb8e2990b,BH Winkelcentrum Keizerswaard-Herenw,51.886358391,4.549308056,15,3,9999
2026-03-18T22:01:38.766865,3b6d73a8-805d-11ed-b1e6-fa4fb8e2990b,BH Metrostation Melanchtonweg,51.94881199,4.465233746,10,2,9999
2026-03-18T22:01:38.766865,d5832958-891a-11ee-bb01-c602c1905375,BH Metro Zuidplein (nieuw),51.887180341,4.491554668,10,6,9999
2026-03-18T22:01:38.766865,a535094e-b162-11ef-bdcd-5adc5d29ed54,BH Eudokiaplein,51.932433484,4.47153255,9,6,9999
2026-03-18T22:01:38.766865,437f8dc8-bd9e-11ed-b1e6-fa4fb8e2990b,RK Hillevliet,51.89558515,4.506432514,10,0,9999
2026-03-18T22:01:38.766865,f10d8ab4-9997-11ee-a91e-ee69b7c7763e,BH Shell Hofplein,51.925705456,4.477781355,28,5,9999
2026-03-18T22:01:38.766865,94467720-8127-11ed-b1e6-fa4fb8e2990b,RK Persoonsdam,51.909309099,4.508017165,10,7,9999
2026-03-18T22:01:38.766865,9245444a-2023-11f0-ab1d-9ae3af3bf913,BH Witte de Withstraat,51.915906523,4.478080905,10,6,9999
2026-03-18T22:01:38.766865,49d59348-ff64-11ef-b515-a65a77daff90,BH Bergweg (Dirk van den Broek),51.93856254,4.479465675,6,5,9999
2026-03-18T22:01:38.766865,30fb96bc-8124-11ed-b1e6-fa4fb8e2990b,RK Beverwaardseweg/ Borgharensingel,51.898798338,4.564663375,10,2,9999
2026-03-18T22:01:38.766865,9a1fb404-8ab3-11ee-bb01-c602c1905375,BH Langenhorst ,51.874120882,4.494254863,10,3,9999
2026-03-18T22:01:38.766865,abe67bfa-b096-11ef-b6d3-56d88772ab1a,BH Wilgenplaslaan/ Donkersingel,51.951337599,4.47048253,10,8,9999
2026-03-18T22:01:38.766865,068b0f9c-a8dd-11ef-8778-d2279db84567,BH Vierhavenstraat (Sahan),51.908502395,4.437727106,4,1,9999
2026-03-18T22:01:38.766865,bc0e7e9c-a8da-11ef-8778-d2279db84567,BH Jan van Vuchtstraat,51.917045317,4.460830874,6,6,9999
2026-03-18T22:01:38.766865,8b721818-a5b2-11f0-ab44-baed9603afbb,Lekstraat,51.90446958,4.406985264,6,1,9999
2026-03-18T22:01:38.766865,ad212572-06f7-11ef-b58d-569a23b994be,BH Molenlaan/Grindweg,51.963224537,4.49571068,10,2,9999
2026-03-18T22:01:38.766865,f8828c3e-806d-11ed-b1e6-fa4fb8e2990b,RK Station Rdam Zuid,51.905545015,4.509568537,15,4,9999
2026-03-18T22:01:38.766865,5f71799e-806b-11ed-b1e6-fa4fb8e2990b,BH Willemsplein,51.911118908,4.481894771,17,4,9999
2026-03-18T22:01:38.766865,42824336-bd97-11ed-b1e6-fa4fb8e2990b,RK Groene Hilledijk,51.882726433,4.504266667,10,2,9999
2026-03-18T22:01:38.766865,db6932f4-182b-11ef-a8d1-42f0fecaeb6a,BH Metrostation Nesselande,51.978969273,4.586177782,10,0,9999
2026-03-18T22:01:38.766865,e26322b0-2025-11f0-ab1d-9ae3af3bf913,BH Brielselaan,51.896298935,4.489248091,4,1,9999
2026-03-18T22:01:38.766865,c862b7f2-06fb-11ef-b58d-569a23b994be,BH Prins Alexanderlaan (metrobaan zijde),51.952192324,4.551435621,10,0,9999
2026-03-18T22:01:38.766865,c53689c2-8124-11ed-b1e6-fa4fb8e2990b,RK Peellandstraat / Beesdestraat ,51.888535309,4.567291893,10,3,9999
2026-03-18T22:01:38.766865,8f5d35a0-1834-11ef-8071-42f0fecaeb6a,BH Jan Bijloostraat (Winkelcentrum Lage Land),51.941821995,4.546449269,9,6,9999
2026-03-18T22:01:38.766865,f8fcd3a4-983a-11ef-a85a-be896af2d3a5,BH Rhijnauwensingel,51.892161199,4.569620613,12,6,9999
2026-03-18T22:01:38.766865,118239d4-a5b2-11f0-ab44-baed9603afbb,Lorentzlaan (bushalte),51.917994492,4.415061192,4,8,9999
2026-03-18T22:01:38.766865,0c107276-bdb7-11ed-b1e6-fa4fb8e2990b,RK Sandelingenplein,51.889562128,4.506962326,10,2,9999
2026-03-18T22:01:38.766865,75b8bea6-81d8-11ed-b1e6-fa4fb8e2990b,RK Metrostation Maashaven (Putselaan),51.897794241,4.495760713,10,0,9999
2026-03-18T22:01:38.766865,a20bbbae-bdae-11ed-b1e6-fa4fb8e2990b,RK Frankendaal,51.886951976,4.521294152,10,1,9999
2026-03-18T22:01:38.766865,bc839806-a5b1-11f0-ab44-baed9603afbb,Van het Hoffplein (Boerhavelaan),51.916219132,4.412005574,8,2,9999
2026-03-18T22:01:38.766865,f1df385c-f5b2-11ef-81b3-76e5c571f05f,HUB Admiraal de Ruyterstraat,51.906742474,4.38554997,8,1,9999
2026-03-18T22:01:38.766865,4247dd56-1c9f-11ee-8219-8ed3b2364c4f,BH Metro Coolhaven,51.909218289,4.458167882,10,5,9999
2026-03-18T22:01:38.766865,65af1c24-06f4-11ef-b58d-569a23b994be,BH Meerum Terwogtlaan,51.951763386,4.524587387,10,1,9999
2026-03-18T22:46:12.017030,f1df385c-f5b2-11ef-81b3-76e5c571f05f,HUB Admiraal de Ruyterstraat,51.906742474,4.38554997,8,1,9999
2026-03-18T22:46:12.017030,118239d4-a5b2-11f0-ab44-baed9603afbb,Lorentzlaan (bushalte),51.917994492,4.415061192,4,8,9999
2026-03-18T22:46:12.017030,4247dd56-1c9f-11ee-8219-8ed3b2364c4f,BH Metro Coolhaven,51.909218289,4.458167882,10,5,9999
2026-03-18T22:46:12.017030,0c107276-bdb7-11ed-b1e6-fa4fb8e2990b,RK Sandelingenplein,51.889562128,4.506962326,10,1,9999
2026-03-18T22:46:12.017030,75b8bea6-81d8-11ed-b1e6-fa4fb8e2990b,RK Metrostation Maashaven (Putselaan),51.897794241,4.495760713,10,0,9999
2026-03-18T22:46:12.017030,a20bbbae-bdae-11ed-b1e6-fa4fb8e2990b,RK Frankendaal,51.886951976,4.521294152,10,1,9999
2026-03-18T22:46:12.017030,65af1c24-06f4-11ef-b58d-569a23b994be,BH Meerum Terwogtlaan,51.951763386,4.524587387,10,1,9999
2026-03-18T22:46:12.017030,bc839806-a5b1-11f0-ab44-baed9603afbb,Van het Hoffplein (Boerhavelaan),51.916219132,4.412005574,8,2,9999
2026-03-18T22:46:12.017030,2c632780-a8de-11ef-8778-d2279db84567,BH Schuttevaerweg,51.922420472,4.434869706,10,3,9999
2026-03-18T22:46:12.017030,a3c07f10-a5b5-11f0-b05b-baed9603afbb,HUB Hoofdbrug,51.908705902,4.406131267,8,2,9999
2026-03-18T22:46:12.017030,b9bfe680-fbc4-11ee-b58d-569a23b994be,Trompenburg 2,51.917638379,4.518889893,10,1,9
2026-03-18T22:46:12.017030,3c659862-a8dd-11ef-8778-d2279db84567,BH Mayflowerstraat,51.905015647,4.440161906,10,8,9999
2026-03-18T22:46:12.017030,e0a4baca-a748-11ef-8778-d2279db84567,BH Mariniersweg,51.920853425,4.490979502,10,9,9999
2026-03-18T22:46:12.017030,c35c448e-06fc-11ef-b58d-569a23b994be,BH Jacob van Campenweg ,51.942434165,4.537976212,7,5,9999
2026-03-18T22:46:12.017030,365f4a3e-a5b3-11f0-ab44-baed9603afbb,Rubensplein,51.911712719,4.383665134,6,0,9999
2026-03-18T22:46:12.017030,438486f4-a5b6-11f0-a150-baed9603afbb,HUB Koemarkt ingang garage,51.914517902,4.401917461,6,1,9999
2026-03-18T22:46:12.017030,a85b996e-fe23-11ee-b58d-569a23b994be,BH Dirk van der Kooijweg (Waterleliesingel),51.953796964,4.52009166,10,2,9999
2026-03-18T22:46:12.017030,19e2de56-b5d8-11ee-9ae6-5263e3f30f1e,BH STC Waalhaven,51.878297275,4.448759787,10,0,9999
2026-03-18T22:46:12.017030,c6c213ee-ed18-11ef-9957-f683e5eb607c,BH Langenhorst (Binkhorst),51.877310029,4.494737503,10,1,9999
2026-03-18T22:46:12.017030,3366f8b0-a8dc-11ef-8778-d2279db84567,BH Vierhavenstraat (WoonEnzo),51.907777562,4.438830385,4,8,9999
2026-03-18T22:46:12.017030,04a89aea-a5b3-11f0-ab44-baed9603afbb,Groenelaan Hagastraat (Winkelcentrum),51.907303396,4.402285408,4,3,9999
2026-03-18T22:46:12.017030,32638aa6-a5b5-11f0-9f09-baed9603afbb,HUB Laan van Bol'es,51.928443203,4.370771711,10,5,9999
2026-03-18T22:46:12.017030,291c2f72-a749-11ef-8778-d2279db84567,BH Westzeedijk,51.909321622,4.471436479,10,6,9999
2026-03-18T22:46:12.017030,abd627be-67bb-11f0-91de-5eaa9feacc9b,BH Schiekade (Heer Bokelweg),51.927133058,4.476309832,10,0,9999
2026-03-18T22:46:12.017030,8948d5a4-b094-11ef-b6d3-56d88772ab1a,BH Duivenpad,51.964922912,4.498254116,8,4,9999
2026-03-18T22:46:12.017030,227e8c1e-be97-11ee-9ae6-5263e3f30f1e,HUB Metrostation Troelstralaan,51.915742295,4.384972326,10,1,9999
2026-03-18T22:46:12.017030,0af509a8-06f7-11ef-b58d-569a23b994be,BH Beethovensingel,51.96114919,4.505141448,10,4,9999
2026-03-18T22:46:12.017030,dc06f296-1768-11ef-8071-42f0fecaeb6a,BH Prins Alexanderlaan (Oosterflank),51.946646256,4.553811478,12,0,9999
2026-03-18T22:46:12.017030,221af3ce-7fe1-11ee-bb01-c602c1905375,BH Metro Prinsenlaan,51.940647564,4.556931306,10,0,9999
2026-03-18T22:46:12.017030,a793d6ba-edc8-11ee-a9f0-82366b51b915,BH Infirmeriestraat,51.922255603,4.502265891,10,8,9999
2026-03-18T22:46:12.017030,0359e1a2-bdb3-11ed-b1e6-fa4fb8e2990b,RK Rosestraat 11C,51.902954022,4.511377745,10,8,9999
2026-03-18T22:46:12.017030,87f07e20-9e78-11ee-a91e-ee69b7c7763e,BH Marconistraat (Lee Towers),51.912441021,4.430411189,14,5,9999
2026-03-18T22:46:12.017030,f539bd6e-06f8-11ef-b58d-569a23b994be,BH Meijersplein,51.955657978,4.463033845,8,2,9999
2026-03-18T22:46:12.017030,70f0801a-8071-11ed-b1e6-fa4fb8e2990b,RK treinstation Lombardijen,51.88057913,4.531905572,30,3,9999
2026-03-18T22:46:12.017030,43752ffc-a8db-11ef-8778-d2279db84567,BH Pieter de Hoochweg,51.906316301,4.459985731,6,6,9999
2026-03-18T22:46:12.017030,b35ddad8-ab08-11ef-8778-d2279db84567,HUB Rotterdamsedijk 272,51.914957692,4.40343084,8,0,9999
2026-03-18T22:46:12.017030,9b1fa0f6-ae3c-11ee-a91e-ee69b7c7763e,BH Winkelhart Plein 1953,51.874842065,4.467889739,10,4,9999
2026-03-18T22:46:12.017030,8bd90878-0884-11f0-9a47-66143dd92f22,RK Molenvliet,51.882626536,4.521159806,10,4,9999
2026-03-18T22:46:12.017030,45450b66-a5b2-11f0-ab44-baed9603afbb,Maasdijk (Gustoweg),51.906629018,4.412009895,6,1,9999
2026-03-18T22:46:12.017030,4de2effe-f068-11ef-ba40-0ea3ed1ae564,HUB Hof van Spaland - Vlaardingseweg,51.935841728,4.376077923,4,1,9999
2026-03-18T22:46:12.017030,d38c6468-06fe-11ef-b58d-569a23b994be,BH Kleine Beer,51.950902127,4.555051083,6,3,9999
2026-03-18T22:46:12.017030,e552904e-182b-11ef-a8d1-42f0fecaeb6a,BH Metrostation Hesseplaats,51.963345229,4.554510684,10,3,9999
2026-03-18T22:46:12.017030,1826196c-b162-11ef-bdcd-5adc5d29ed54,BH Bentincklaan (Diergaarde Blijdorp),51.92572504,4.454794024,10,7,9999
2026-03-18T22:46:12.017030,8a1e5ed0-1c9e-11ee-8219-8ed3b2364c4f,BH Sparta stadion,51.920151368,4.434428835,20,14,9999
2026-03-18T22:46:12.017030,d3c9003c-b486-11ee-9ae6-5263e3f30f1e,BH Oostzeedijk Beneden,51.922514244,4.503092963,10,10,9999
2026-03-18T22:46:12.017030,552a82b8-b094-11ef-b6d3-56d88772ab1a,BH Hockeyclub Rotterdam,51.96869974,4.484731647,25,6,9999
2026-03-18T22:46:12.017030,cb3f6d1c-a746-11ef-8778-d2279db84567,BH Vasteland (AH),51.911537089,4.478368712,10,11,9999
2026-03-18T22:46:12.017030,d4a8557a-eabd-11ef-ac99-aa7241d1fb4f,HUB Admiraal Trompstraat (Huisman),51.908834504,4.381923039,8,0,9999
2026-03-18T22:46:12.017030,00e8b3de-9e82-11ee-a91e-ee69b7c7763e,BH Jacques Dutilhweg,51.927993284,4.5475155,10,8,9999
2026-03-18T22:46:12.017030,d868fe52-36e5-11f0-ab1d-9ae3af3bf913,BH Sluisjesdijk,51.894714517,4.461900478,10,7,0
2026-03-18T22:46:12.017030,4338fed2-edbb-11ee-a9f0-82366b51b915,BH Oostzeedijk Beneden 2,51.921653595,4.507031037,10,16,9999
2026-03-18T22:46:12.017030,2c82bb9a-217b-11ee-8219-8ed3b2364c4f,Hub Weena,51.922738296,4.469181329,142,2,9999
2026-03-18T22:46:12.017030,96f5cbdc-06f6-11ef-b58d-569a23b994be,BH Argonautenweg,51.959086712,4.49354982,10,1,9999
2026-03-18T22:46:12.017030,2f51713e-32b7-11ee-8219-8ed3b2364c4f,Hub P+R Capelsebrug,51.920991793,4.559215491,18,4,9999
2026-03-18T22:46:12.017030,62b0255a-9e7a-11ee-a91e-ee69b7c7763e,BH Vierhavenstraat,51.910327597,4.434992993,16,2,9999
2026-03-18T22:46:12.017030,2b10524e-06f5-11ef-b58d-569a23b994be,BH Piet van der Polsingel,51.950618784,4.518612648,8,1,9999
2026-03-18T22:46:12.017030,47070056-06fa-11ef-b58d-569a23b994be,BH Metrostation Schenkel,51.931770435,4.56406792,12,1,9999
2026-03-18T22:46:12.017030,7a8c12ba-91ab-11ed-b1e6-fa4fb8e2990b,BH Metrostation Slinge,51.874526023,4.477872534,15,4,9999
2026-03-18T22:46:12.017030,9d9bb8ec-4bd1-11ee-bb01-c602c1905375,BH Marconiplein,51.913319277,4.432514448,10,5,9999
2026-03-18T22:46:12.017030,026045c6-8530-11ee-bb01-c602c1905375,BH Winkelhart Katendrechtse Lagedijk,51.891184937,4.479440034,10,4,9999
2026-03-18T22:46:12.017030,8330f3ca-a5b4-11f0-ab44-baed9603afbb,Fokkerstraat Plesmanstraat,51.929694009,4.399576614,4,0,9999
2026-03-18T22:46:12.017030,5b842034-5331-11f0-ab1d-9ae3af3bf913,BH Walenburgerweg,51.926698659,4.462629155,10,5,9999
2026-03-18T22:46:12.017030,a08059b6-b484-11ee-9ae6-5263e3f30f1e,BH Metrostation Gerdesiaweg,51.925444134,4.506155972,10,9,9999
2026-03-18T22:46:12.017030,2f718c84-8911-11ee-bb01-c602c1905375,BH Metro Dijkzigt - EMC,51.911789199,4.466334846,20,10,9999
2026-03-18T22:46:12.017030,f58e41fc-1c9f-11ee-8219-8ed3b2364c4f,BH Heemraadsplein,51.912322959,4.455058085,10,8,9999
2026-03-18T22:46:12.017030,79fdd038-34b8-11f0-ab1d-9ae3af3bf913,BH RTHA Airport,51.94924845,4.432611987,10,5,0
2026-03-18T22:46:12.017030,1c41897e-596e-11ef-bed6-aa139991deb4,HUB Metrostation Nieuwland / Bijdorpplein,51.922583819,4.38260008,10,1,9999
2026-03-18T22:46:12.017030,a57d027c-8912-11ee-bb01-c602c1905375,BH Delftse Poort,51.924408145,4.472816464,10,1,9999
2026-03-18T22:46:12.017030,6383849a-2038-11f0-ab1d-9ae3af3bf913,BH - Kralingsebos (Langepad),51.936318565,4.506197017,10,5,9999
2026-03-18T22:46:12.017030,e90e9332-06f5-11ef-b58d-569a23b994be,BH Burgemeester Le Fèvre de Montignylaan,51.957620055,4.501711782,10,1,9999
2026-03-18T22:46:12.017030,5cb3ffde-bdaf-11ed-b1e6-fa4fb8e2990b,RK Stadionlaan,51.892328813,4.530682857,10,4,9999
2026-03-18T22:46:12.017030,02bed1f8-8392-11ee-bb01-c602c1905375,BH Station Alexander,51.951735827,4.551049232,10,0,9999
2026-03-18T22:46:12.017030,08d5cf66-8ab2-11ee-bb01-c602c1905375,BH Winkelhart Asterlo,51.873536387,4.483591736,10,0,9999
2026-03-18T22:46:12.017030,0e51e024-c757-11ee-9ae6-5263e3f30f1e,BH Metrostation Binnenhof,51.960437867,4.535372966,10,3,9999
2026-03-18T22:46:12.017030,409f87f6-890f-11ee-bb01-c602c1905375,BH Metro Beurs,51.917806013,4.480107053,8,2,9999
2026-03-18T22:46:12.017030,d6a7cd26-4d08-11f0-ab1d-9ae3af3bf913,BH - Oudehoofdplein-Haringvliet,51.918979475,4.49384405,10,4,9999
2026-03-18T22:46:12.017030,f0ad9b92-1767-11ef-8071-42f0fecaeb6a,BH Prinsenlaan,51.937206457,4.536127586,10,0,9999
2026-03-18T22:46:12.017030,f06fd44c-2035-11f0-ab1d-9ae3af3bf913,BH Boezemlaan,51.938982631,4.495864471,10,11,9999
2026-03-18T22:46:12.017030,8d91a90c-9e83-11ee-a91e-ee69b7c7763e,BH Kraaierstraat,51.91909698,4.418192898,8,6,9999
2026-03-18T22:46:12.017030,a2671a36-bdad-11ed-b1e6-fa4fb8e2990b,RK Dwarsdijk,51.893055987,4.539201504,10,6,9999
2026-03-18T22:46:12.017030,376a5cda-06f8-11ef-b58d-569a23b994be,BH Ganzerikplein,51.958953276,4.471584016,10,3,9999
2026-03-18T22:46:12.017030,5cdd9872-b096-11ef-b6d3-56d88772ab1a,BH Wilgenplaslaan/ Meidoornsingel,51.953868042,4.468211582,7,6,9999
2026-03-18T22:46:12.017030,952a3e78-a8db-11ef-8778-d2279db84567,BH Lloydstraat,51.902214281,4.461287644,10,3,9999
2026-03-18T22:46:12.017030,a6fa0910-8067-11ed-b1e6-fa4fb8e2990b,BH Stadion Fey (Bert Heesakkerstr.),51.896805818,4.521735582,50,1,9999
2026-03-18T22:46:12.017030,a1337d02-e018-11ed-a249-96cdaf8f7240,BH Sint Franciscus,51.942171146,4.460534407,25,9,9999
2026-03-18T22:46:12.017030,d3cea108-8285-11f0-ab44-baed9603afbb,BH - Ratelaarweg,51.967431611,4.463349689,10,0,9999
2026-03-18T22:46:12.017030,3bef7002-bdb5-11ed-b1e6-fa4fb8e2990b,RK Breeweg,51.890630632,4.514261169,10,1,9999
2026-03-18T22:46:12.017030,8c90734c-45bb-11ee-8219-8ed3b2364c4f,BH Coen Moulijnweg,51.893813253,4.526876329,42,2,9999
2026-03-18T22:46:12.017030,1b098490-2037-11f0-ab1d-9ae3af3bf913,BH Karmelweg,51.933461291,4.5029394,8,3,9999
2026-03-18T22:46:12.017030,23348a06-bdb1-11ed-b1e6-fa4fb8e2990b,RK Guido Gezelleweg,51.87434607,4.523238145,10,9,9999
2026-03-18T22:46:12.017030,66824038-37b2-11ef-a21a-8e54a72a50da,HUB Metrostation Parkweg / Zuidzijde,51.921443238,4.39475836,10,3,6
2026-03-18T22:46:12.017030,2c127298-ff25-11ef-a79f-a65a77daff90,BH Aert van Nesstraat,51.921141166,4.478916173,8,0,9999
2026-03-18T22:46:12.017030,cde445c6-a744-11ef-8778-d2279db84567,BH Groenendaal,51.921685178,4.492944049,6,7,9999
2026-03-18T22:46:12.017030,97c6a1c2-a8da-11ef-8778-d2279db84567,BH Henegouwerplein,51.921807589,4.460561523,10,9,9999
2026-03-18T22:46:12.017030,e68d5642-a5b5-11f0-b6c1-baed9603afbb,HUB NS Station Schiedam Centrum/ Professor Kamerlingh Onneslaan,51.92071744,4.408262487,12,4,9999
2026-03-18T22:46:12.017030,82623a40-bda3-11ed-b1e6-fa4fb8e2990b,RK Rosestraat,51.91100607,4.501308573,10,7,9999
2026-03-18T22:46:12.017030,b7353df6-b485-11ee-9ae6-5263e3f30f1e,BH Metrostation Kralingsezoom (Gravenweg),51.921751706,4.533850265,10,2,9999
2026-03-18T22:46:12.017030,6c34980a-bb92-11ef-a02d-6ea8ed91bd56,BH Gordelweg (Lidl),51.940472428,4.479798999,4,3,9999
2026-03-18T22:46:12.017030,5904bd1a-a5b5-11f0-b05b-baed9603afbb,HUB Hof van Spaland - Bachplein,51.934889388,4.374726808,8,4,9999
2026-03-18T22:46:12.017030,32ca5fd0-8126-11ed-b1e6-fa4fb8e2990b,RK Vuurplaat,51.906526668,4.505838102,10,0,9999
2026-03-18T22:46:12.017030,f94a1ff6-b095-11ef-b6d3-56d88772ab1a,BH Bm Le Fèvre de Montignylaan/ Jeroen Boschlaan,51.955641943,4.505982462,6,3,9999
2026-03-18T22:46:12.017030,4228b402-8537-11ee-bb01-c602c1905375,BH Tongelaarweg,51.895280064,4.563514996,10,0,9999
2026-03-18T22:46:12.017030,6f66a60c-36e5-11f0-ab1d-9ae3af3bf913,BH Lloydpier,51.904487669,4.460458303,8,8,0
2026-03-18T22:46:12.017030,7d81b63e-a5b5-11f0-b05b-baed9603afbb,HUB 's Gravelandseweg,51.932091958,4.401924037,6,1,9999
2026-03-18T22:46:12.017030,a3dbb322-8121-11ed-b1e6-fa4fb8e2990b,RK Metrostation Rijnhaven ,51.902216981,4.49610172,15,9,9999
2026-03-18T22:46:12.017030,cf23b50e-9ad0-11f0-ab44-baed9603afbb,BH Natuurhistorisch museum,51.911022288,4.472728259,12,0,9999
2026-03-18T22:46:12.017030,d55243f6-182b-11ef-a8d1-42f0fecaeb6a,BH Siciliëboulevard ,51.97996654,4.580859756,10,0,9999
2026-03-18T22:46:12.017030,e0f7ef36-a5b4-11f0-ab44-baed9603afbb,Havenstraat einde (digitale testhub),51.900396883,4.398614319,12,0,9999
2026-03-18T22:46:12.017030,05d1d708-eabd-11ef-88c2-aa7241d1fb4f,HUB De Thermen ,51.927426752,4.380236246,8,1,9999
2026-03-18T22:46:12.017030,b3381a7a-2036-11f0-ab1d-9ae3af3bf913,BH Oudedijk / de Nieuwe Plantage,51.929149075,4.505248613,8,1,9999
2026-03-18T22:46:12.017030,8b480576-eabc-11ee-a9f0-82366b51b915,BH Schiedamseweg Beneden,51.914135146,4.422297364,5,7,9999
2026-03-18T22:46:12.017030,89a2f1d2-a5b3-11f0-ab44-baed9603afbb,Metrostation Vijfsluizen,51.908108215,4.37254105,8,3,9999
2026-03-18T22:46:12.017030,4c1b19a4-d0a1-11ee-8b0e-065810cc8d78,BH Elandstraat,51.910800072,4.553878993,10,8,9999
2026-03-18T22:46:12.017030,e50f3d1e-f069-11ef-9ed7-0ea3ed1ae564,HUB Oranjestraat - Lange Nieuwstraat,51.913368472,4.40030457,5,2,9999
2026-03-18T22:46:12.017030,bbbba24e-806e-11ed-b1e6-fa4fb8e2990b,RK P+R Noorderhelling,51.894761016,4.532122707,15,1,9999
2026-03-18T22:46:12.017030,3ac0b682-8129-11ed-b1e6-fa4fb8e2990b,RK Cor Kieboomplein,51.896922039,4.523502821,15,2,9999
2026-03-18T22:46:12.017030,5a3ffbf4-37b1-11ef-a21a-8e54a72a50da,HUB Metrostation Nieuwland / Van Limburg Stirumstraat,51.922446663,4.38308784,6,0,2
2026-03-18T22:46:12.017030,5d8d12a2-a5b4-11f0-ab44-baed9603afbb,Van Heekstraat,51.931167557,4.406024405,4,0,9999
2026-03-18T22:46:12.017030,f251d6e8-0b82-11ef-b58d-569a23b994be,BH Metrostation Graskruid ,51.956473743,4.550010233,8,3,9999
2026-03-18T22:46:12.017030,a4d2ea7c-b2f0-11ef-aa57-62870c7808bb,BH 2e Hogenbanweg,51.936951327,4.427707182,8,4,9999
2026-03-18T22:46:12.017030,75ba0d1a-2037-11f0-ab1d-9ae3af3bf913,BH Stadhoudersweg,51.931417737,4.461484988,10,8,9999
2026-03-18T22:46:12.017030,bc6b0d7e-a745-11ef-8778-d2279db84567,BH Goudsewagenstraat,51.923224462,4.493552746,8,5,9999
2026-03-18T22:46:12.017030,0f37eafc-8912-11ee-bb01-c602c1905375,BH Metro Oostplein,51.922677789,4.497608825,10,10,9999
2026-03-18T22:46:12.017030,aed7c2fa-8123-11ed-b1e6-fa4fb8e2990b,RK Groene Hilledijk/Beijerlandselaan,51.893806789,4.509452258,10,3,9999
2026-03-18T22:46:12.017030,c76f0318-bb92-11ef-a02d-6ea8ed91bd56,BH NS Centraal Station (Stationssingel),51.925399994,4.466148375,10,3,9999
2026-03-18T22:46:12.017030,361a368c-a5b4-11f0-ab44-baed9603afbb,Sportpark Haga (Epke Zonderlandstraat),51.921919868,4.370918199,8,1,9999
2026-03-18T22:46:12.017030,f4c0fe5e-02d6-11ef-b58d-569a23b994be,BH Paulus Potterstraat,51.9228414,4.508497696,10,12,9999
2026-03-18T22:46:12.017030,48cbf66e-9f15-11ee-a91e-ee69b7c7763e,BH Franselaan,51.917379138,4.420463507,10,6,9999
2026-03-18T22:46:12.017030,e9735b4e-7da7-11f0-ab44-baed9603afbb,BH Veldkersweg,51.966835673,4.46657292,8,2,9999
2026-03-18T22:46:12.017030,4b1ac684-bb93-11ef-a02d-6ea8ed91bd56,BH Noorderkanaalweg,51.940525593,4.472984586,9,6,9999
2026-03-18T22:46:12.017030,033a9392-3700-11f0-ab1d-9ae3af3bf913,BH Herman Bavinckstraat,51.915067882,4.521446921,10,0,9999
2026-03-18T22:46:12.017030,ffe8c3e8-a8da-11ef-8778-d2279db84567,BH Mathenesserplein,51.917836602,4.44508891,8,12,9999
2026-03-18T22:46:12.017030,e377069a-ff63-11ef-a79f-a65a77daff90,BH Kralingsebos Bosdreef/Pr. Beatrixlaan,51.93789612,4.501689644,8,5,9999
2026-03-18T22:46:12.017030,7af95f9c-a747-11ef-8778-d2279db84567,BH Kruisplein,51.92228569,4.47138789,6,1,9999
2026-03-18T22:46:12.017030,4c50cb7a-bdb6-11ed-b1e6-fa4fb8e2990b,RK Olympiaweg,51.886462746,4.529133302,10,3,9999
2026-03-18T22:46:12.017030,a694ef4e-36e5-11f0-ab1d-9ae3af3bf913,BH Neushoornstraat,51.913041554,4.553743002,6,0,0
2026-03-18T22:46:12.017030,be56ca62-8120-11ed-b1e6-fa4fb8e2990b,RK P+R Beverwaard,51.885771514,4.568986239,10,3,9999
2026-03-18T22:46:12.017030,d5af3bc4-806a-11ed-b1e6-fa4fb8e2990b,BH Kievitslaan,51.907226862,4.473300159,17,9,9999
2026-03-18T22:46:12.017030,dd006abc-a5b3-11f0-ab44-baed9603afbb,Havenstraat,51.903204365,4.398004897,8,1,9999
2026-03-18T22:46:12.017030,6f09af84-eabe-11ee-a9f0-82366b51b915,BH Delftseplein ,51.925206514,4.474011701,14,2,9999
2026-03-18T22:46:12.017030,1cfb89ec-806b-11ed-b1e6-fa4fb8e2990b,BH Westplein,51.908912961,4.478583441,10,11,9999
2026-03-18T22:46:12.017030,12fc10a4-bb94-11ef-a02d-6ea8ed91bd56,BH Noordplein,51.930251975,4.483699175,10,8,9999
2026-03-18T22:46:12.017030,276e8d26-bda0-11ed-b1e6-fa4fb8e2990b,RK Strevelsweg,51.889634937,4.495943368,15,0,9999
2026-03-18T22:46:12.017030,9e066470-2038-11f0-ab1d-9ae3af3bf913,BH Kralinger Esch,51.911179823,4.524762065,9,15,9999
2026-03-18T22:46:12.017030,9b1f0aaa-8125-11ed-b1e6-fa4fb8e2990b,RK Slaghekstraat - Beijerlandselaan,51.897574833,4.511261604,10,4,9999
2026-03-18T22:46:12.017030,b8c81048-2037-11f0-ab1d-9ae3af3bf913,BH Van Maanenstraat,51.932279316,4.464280453,6,7,9999
2026-03-18T22:46:12.017030,1f4ff66c-bdb8-11ed-b1e6-fa4fb8e2990b,RK Van der Takstraat ,51.914243737,4.496045621,10,2,9999
2026-03-18T22:46:12.017030,3b523cee-5c94-11f0-ab1d-9ae3af3bf913,BH - Wilhelminapier,51.90698281,4.489727426,14,3,9999
2026-03-18T22:46:12.017030,e8d292d2-039a-11ef-b58d-569a23b994be,BH Mia van Yperenplein ,51.928414546,4.545678043,10,4,9999
2026-03-18T22:46:12.017030,12daf18a-8068-11ed-b1e6-fa4fb8e2990b,BH Treinst. Lombardijen (Aesopusplaats),51.880478018,4.530040287,10,1,9999
2026-03-18T22:46:12.017030,558e4a5a-eaba-11ee-a9f0-82366b51b915,BH Blijdorplaan ,51.927389289,4.440437692,22,17,9999
2026-03-18T22:46:12.017030,5a8de282-36ee-11f0-ab1d-9ae3af3bf913,BH van Blommesteynweg,51.888148155,4.460842726,10,2,9999
2026-03-18T22:46:12.017030,078569ee-a5b5-11f0-ab44-baed9603afbb,Nieuwe Waterwegstraat (digitale testhub),51.900682979,4.390873601,12,0,9999
2026-03-18T22:46:12.017030,8e5dd27e-06fd-11ef-b58d-569a23b994be,BH Prins Alexanderplein,51.951040272,4.553684972,14,0,9999
2026-03-18T22:46:12.017030,a6843864-fbc4-11ee-b58d-569a23b994be,Trompenburg 1,51.917696349,4.517981647,10,15,0
2026-03-18T22:46:12.017030,5b583480-a8da-11ef-8778-d2279db84567,BH Duyststraat,51.910073429,4.452225738,8,7,9999
2026-03-18T22:46:12.017030,2510e9ba-a5b6-11f0-847a-baed9603afbb,Hub Kloosterplaats,51.91675013,4.402112308,6,0,9999
2026-03-18T22:46:12.017030,880e3e72-a8dd-11ef-8778-d2279db84567,BH Spaansebocht,51.917413667,4.430014126,9,0,9999
2026-03-18T22:46:12.017030,b5b3324a-edb9-11ee-a9f0-82366b51b915,BH Siondwarsstraat,51.925261494,4.51053174,10,0,9999
2026-03-18T22:46:12.017030,94b01d94-edc6-11ee-a9f0-82366b51b915,BH Schuttersveld,51.933248028,4.490978921,10,0,9999
2026-03-18T22:46:12.017030,69b33170-edbd-11ee-a9f0-82366b51b915,BH Metro Oostplein 2,51.923145722,4.496820843,10,8,9999
2026-03-18T22:46:12.017030,67d6af9a-f068-11ef-ba40-0ea3ed1ae564,HUB Hof van Spaland - Schiedamseweg,51.934898803,4.378145906,12,0,9999
2026-03-18T22:46:12.017030,4933dd54-9e7c-11ee-a91e-ee69b7c7763e,BH Willem Ruyslaan (Luzac College),51.925421889,4.508669446,10,7,9999
2026-03-18T22:46:12.017030,9f935b6c-b095-11ef-b6d3-56d88772ab1a,BH Bergpolderplein,51.945227242,4.474988047,8,0,9999
2026-03-18T22:46:12.017030,8a2d056c-bb93-11ef-a02d-6ea8ed91bd56,BH NS Station Noord (Bergweg),51.941530048,4.481339526,10,0,10
2026-03-18T22:46:12.017030,4d95ab34-8122-11ed-b1e6-fa4fb8e2990b,RK Metrostation Maashaven ,51.896573582,4.494245173,30,2,9999
2026-03-18T22:46:12.017030,3d015ff0-8394-11ee-bb01-c602c1905375,BH Metrostation Oosterflank,51.945209326,4.555045447,10,0,9999
2026-03-18T22:46:12.017030,defeb050-a747-11ef-8778-d2279db84567,BH Karel Doormanstraat,51.922789549,4.473609692,9,6,9999
2026-03-18T22:46:12.017030,b5dc5454-890f-11ee-bb01-c602c1905375,BH Schilderstraat,51.916377397,4.48142868,8,3,9999
2026-03-18T22:46:12.017030,2f12ae3e-806c-11ed-b1e6-fa4fb8e2990b,BH Winkelcentrum Keizerswaard-Herenw,51.886358391,4.549308056,15,5,9999
2026-03-18T22:46:12.017030,3b6d73a8-805d-11ed-b1e6-fa4fb8e2990b,BH Metrostation Melanchtonweg,51.94881199,4.465233746,10,1,9999
2026-03-18T22:46:12.017030,d5832958-891a-11ee-bb01-c602c1905375,BH Metro Zuidplein (nieuw),51.887180341,4.491554668,10,6,9999
2026-03-18T22:46:12.017030,a535094e-b162-11ef-bdcd-5adc5d29ed54,BH Eudokiaplein,51.932433484,4.47153255,9,6,9999
2026-03-18T22:46:12.017030,437f8dc8-bd9e-11ed-b1e6-fa4fb8e2990b,RK Hillevliet,51.89558515,4.506432514,10,0,9999
2026-03-18T22:46:12.017030,f10d8ab4-9997-11ee-a91e-ee69b7c7763e,BH Shell Hofplein,51.925705456,4.477781355,28,5,9999
2026-03-18T22:46:12.017030,94467720-8127-11ed-b1e6-fa4fb8e2990b,RK Persoonsdam,51.909309099,4.508017165,10,7,9999
2026-03-18T22:46:12.017030,9245444a-2023-11f0-ab1d-9ae3af3bf913,BH Witte de Withstraat,51.915906523,4.478080905,10,7,9999
2026-03-18T22:46:12.017030,49d59348-ff64-11ef-b515-a65a77daff90,BH Bergweg (Dirk van den Broek),51.93856254,4.479465675,6,4,9999
2026-03-18T22:46:12.017030,30fb96bc-8124-11ed-b1e6-fa4fb8e2990b,RK Beverwaardseweg/ Borgharensingel,51.898798338,4.564663375,10,2,9999
2026-03-18T22:46:12.017030,9a1fb404-8ab3-11ee-bb01-c602c1905375,BH Langenhorst ,51.874120882,4.494254863,10,4,9999
2026-03-18T22:46:12.017030,abe67bfa-b096-11ef-b6d3-56d88772ab1a,BH Wilgenplaslaan/ Donkersingel,51.951337599,4.47048253,10,8,9999
2026-03-18T22:46:12.017030,068b0f9c-a8dd-11ef-8778-d2279db84567,BH Vierhavenstraat (Sahan),51.908502395,4.437727106,4,1,9999
2026-03-18T22:46:12.017030,bc0e7e9c-a8da-11ef-8778-d2279db84567,BH Jan van Vuchtstraat,51.917045317,4.460830874,6,6,9999
2026-03-18T22:46:12.017030,8b721818-a5b2-11f0-ab44-baed9603afbb,Lekstraat,51.90446958,4.406985264,6,1,9999
2026-03-18T22:46:12.017030,ad212572-06f7-11ef-b58d-569a23b994be,BH Molenlaan/Grindweg,51.963224537,4.49571068,10,2,9999
2026-03-18T22:46:12.017030,f8828c3e-806d-11ed-b1e6-fa4fb8e2990b,RK Station Rdam Zuid,51.905545015,4.509568537,15,4,9999
2026-03-18T22:46:12.017030,5f71799e-806b-11ed-b1e6-fa4fb8e2990b,BH Willemsplein,51.911118908,4.481894771,17,7,9999
2026-03-18T22:46:12.017030,42824336-bd97-11ed-b1e6-fa4fb8e2990b,RK Groene Hilledijk,51.882726433,4.504266667,10,2,9999
2026-03-18T22:46:12.017030,db6932f4-182b-11ef-a8d1-42f0fecaeb6a,BH Metrostation Nesselande,51.978969273,4.586177782,10,0,9999
2026-03-18T22:46:12.017030,e26322b0-2025-11f0-ab1d-9ae3af3bf913,BH Brielselaan,51.896298935,4.489248091,4,1,9999
2026-03-18T22:46:12.017030,c862b7f2-06fb-11ef-b58d-569a23b994be,BH Prins Alexanderlaan (metrobaan zijde),51.952192324,4.551435621,10,0,9999
2026-03-18T22:46:12.017030,c53689c2-8124-11ed-b1e6-fa4fb8e2990b,RK Peellandstraat / Beesdestraat ,51.888535309,4.567291893,10,4,9999
2026-03-18T22:46:12.017030,8f5d35a0-1834-11ef-8071-42f0fecaeb6a,BH Jan Bijloostraat (Winkelcentrum Lage Land),51.941821995,4.546449269,9,5,9999
2026-03-18T22:46:12.017030,f8fcd3a4-983a-11ef-a85a-be896af2d3a5,BH Rhijnauwensingel,51.892161199,4.569620613,12,6,9999
