fetch_timestamp,stop_id,name,lat,lon,bike_capacity,bikes_available,spaces_available
2026-04-30T01:22:50.956406,a3c07f10-a5b5-11f0-b05b-baed9603afbb,HUB Hoofdbrug,51.908705902,4.406131267,8,6,9999
2026-04-30T01:22:50.956406,b9bfe680-fbc4-11ee-b58d-569a23b994be,Trompenburg 2,51.917638379,4.518889893,10,0,10
2026-04-30T01:22:50.956406,3c659862-a8dd-11ef-8778-d2279db84567,BH Mayflowerstraat,51.905015647,4.440161906,10,6,9999
2026-04-30T01:22:50.956406,e0a4baca-a748-11ef-8778-d2279db84567,BH Mariniersweg,51.920853425,4.490979502,10,4,9999
2026-04-30T01:22:50.956406,c35c448e-06fc-11ef-b58d-569a23b994be,BH Jacob van Campenweg ,51.942434165,4.537976212,7,7,9999
2026-04-30T01:22:50.956406,438486f4-a5b6-11f0-a150-baed9603afbb,HUB Koemarkt ingang garage,51.914517902,4.401917461,6,4,9999
2026-04-30T01:22:50.956406,365f4a3e-a5b3-11f0-ab44-baed9603afbb,Rubensplein,51.911712719,4.383665134,6,3,9999
2026-04-30T01:22:50.956406,a85b996e-fe23-11ee-b58d-569a23b994be,BH Dirk van der Kooijweg (Waterleliesingel),51.953796964,4.52009166,10,2,9999
2026-04-30T01:22:50.956406,19e2de56-b5d8-11ee-9ae6-5263e3f30f1e,BH STC Waalhaven,51.878297275,4.448759787,10,1,9999
2026-04-30T01:22:50.956406,c6c213ee-ed18-11ef-9957-f683e5eb607c,BH Langenhorst (Binkhorst),51.877310029,4.494737503,10,4,9999
2026-04-30T01:22:50.956406,3366f8b0-a8dc-11ef-8778-d2279db84567,BH Vierhavenstraat (WoonEnzo),51.907777562,4.438830385,4,0,9999
2026-04-30T01:22:50.956406,04a89aea-a5b3-11f0-ab44-baed9603afbb,Groenelaan Hagastraat (Winkelcentrum),51.907303396,4.402285408,4,4,9999
2026-04-30T01:22:50.956406,32638aa6-a5b5-11f0-9f09-baed9603afbb,HUB Laan van Bol'es,51.928443203,4.370771711,10,1,9999
2026-04-30T01:22:50.956406,291c2f72-a749-11ef-8778-d2279db84567,BH Westzeedijk,51.909321622,4.471436479,10,1,9999
2026-04-30T01:22:50.956406,abd627be-67bb-11f0-91de-5eaa9feacc9b,BH Schiekade (Heer Bokelweg),51.927133058,4.476309832,10,1,9999
2026-04-30T01:22:50.956406,8948d5a4-b094-11ef-b6d3-56d88772ab1a,BH Duivenpad,51.964922912,4.498254116,8,2,9999
2026-04-30T01:22:50.956406,227e8c1e-be97-11ee-9ae6-5263e3f30f1e,HUB Metrostation Troelstralaan,51.915742295,4.384972326,10,1,9999
2026-04-30T01:22:50.956406,0af509a8-06f7-11ef-b58d-569a23b994be,BH Beethovensingel,51.96114919,4.505141448,10,1,9999
2026-04-30T01:22:50.956406,dc06f296-1768-11ef-8071-42f0fecaeb6a,BH Prins Alexanderlaan (Oosterflank),51.946646256,4.553811478,12,1,9999
2026-04-30T01:22:50.956406,221af3ce-7fe1-11ee-bb01-c602c1905375,BH Metro Prinsenlaan,51.940647564,4.556931306,10,0,9999
2026-04-30T01:22:50.956406,a793d6ba-edc8-11ee-a9f0-82366b51b915,BH Infirmeriestraat,51.922255603,4.502265891,10,8,9999
2026-04-30T01:22:50.956406,0359e1a2-bdb3-11ed-b1e6-fa4fb8e2990b,RK Rosestraat 11C,51.902954022,4.511377745,10,5,9999
2026-04-30T01:22:50.956406,87f07e20-9e78-11ee-a91e-ee69b7c7763e,BH Marconistraat (Lee Towers),51.912441021,4.430411189,14,5,9999
2026-04-30T01:22:50.956406,f539bd6e-06f8-11ef-b58d-569a23b994be,BH Meijersplein,51.955657978,4.463033845,8,5,9999
2026-04-30T01:22:50.956406,70f0801a-8071-11ed-b1e6-fa4fb8e2990b,RK treinstation Lombardijen,51.88057913,4.531905572,30,3,9999
2026-04-30T01:22:50.956406,43752ffc-a8db-11ef-8778-d2279db84567,BH Pieter de Hoochweg,51.906316301,4.459985731,6,6,9999
2026-04-30T01:22:50.956406,b35ddad8-ab08-11ef-8778-d2279db84567,HUB Rotterdamsedijk 272,51.914957692,4.40343084,8,4,9999
2026-04-30T01:22:50.956406,9b1fa0f6-ae3c-11ee-a91e-ee69b7c7763e,BH Winkelhart Plein 1953,51.874842065,4.467889739,10,8,9999
2026-04-30T01:22:50.956406,8bd90878-0884-11f0-9a47-66143dd92f22,RK Molenvliet,51.882626536,4.521159806,10,5,9999
2026-04-30T01:22:50.956406,45450b66-a5b2-11f0-ab44-baed9603afbb,Maasdijk (Gustoweg),51.906629018,4.412009895,6,1,9999
2026-04-30T01:22:50.956406,4de2effe-f068-11ef-ba40-0ea3ed1ae564,HUB Hof van Spaland - Vlaardingseweg,51.935841728,4.376077923,4,3,9999
2026-04-30T01:22:50.956406,d38c6468-06fe-11ef-b58d-569a23b994be,BH Kleine Beer,51.950902127,4.555051083,6,2,9999
2026-04-30T01:22:50.956406,e552904e-182b-11ef-a8d1-42f0fecaeb6a,BH Metrostation Hesseplaats,51.963345229,4.554510684,10,6,9999
2026-04-30T01:22:50.956406,1826196c-b162-11ef-bdcd-5adc5d29ed54,BH Bentincklaan (Diergaarde Blijdorp),51.92572504,4.454794024,10,1,9999
2026-04-30T01:22:50.956406,8a1e5ed0-1c9e-11ee-8219-8ed3b2364c4f,BH Sparta stadion,51.920151368,4.434428835,20,0,9999
2026-04-30T01:22:50.956406,d3c9003c-b486-11ee-9ae6-5263e3f30f1e,BH Oostzeedijk Beneden,51.922514244,4.503092963,10,7,9999
2026-04-30T01:22:50.956406,552a82b8-b094-11ef-b6d3-56d88772ab1a,BH Hockeyclub Rotterdam,51.96869974,4.484731647,25,9,9999
2026-04-30T01:22:50.956406,cb3f6d1c-a746-11ef-8778-d2279db84567,BH Vasteland (AH),51.911537089,4.478368712,10,1,9999
2026-04-30T01:22:50.956406,d4a8557a-eabd-11ef-ac99-aa7241d1fb4f,HUB Admiraal Trompstraat (Huisman),51.908834504,4.381923039,8,0,9999
2026-04-30T01:22:50.956406,00e8b3de-9e82-11ee-a91e-ee69b7c7763e,BH Jacques Dutilhweg,51.927993284,4.5475155,10,0,9999
2026-04-30T01:22:50.956406,d868fe52-36e5-11f0-ab1d-9ae3af3bf913,BH Sluisjesdijk,51.894714517,4.461900478,10,3,5
2026-04-30T01:22:50.956406,4338fed2-edbb-11ee-a9f0-82366b51b915,BH Oostzeedijk Beneden 2,51.921653595,4.507031037,10,16,9999
2026-04-30T01:22:50.956406,2c82bb9a-217b-11ee-8219-8ed3b2364c4f,Hub Weena,51.922738296,4.469181329,142,7,9999
2026-04-30T01:22:50.956406,96f5cbdc-06f6-11ef-b58d-569a23b994be,BH Argonautenweg,51.959086712,4.49354982,10,3,9999
2026-04-30T01:22:50.956406,2f51713e-32b7-11ee-8219-8ed3b2364c4f,Hub P+R Capelsebrug,51.920991793,4.559215491,18,30,9999
2026-04-30T01:22:50.956406,62b0255a-9e7a-11ee-a91e-ee69b7c7763e,BH Vierhavenstraat,51.910327597,4.434992993,16,3,9999
2026-04-30T01:22:50.956406,2b10524e-06f5-11ef-b58d-569a23b994be,BH Piet van der Polsingel,51.950618784,4.518612648,8,1,9999
2026-04-30T01:22:50.956406,47070056-06fa-11ef-b58d-569a23b994be,BH Metrostation Schenkel,51.931770435,4.56406792,12,2,9999
2026-04-30T01:22:50.956406,0e59456c-f06d-11f0-b173-2e3b4d4b7f35,BH P+R Kralingse Zoom,51.921440854,4.531732208,10,9,0
2026-04-30T01:22:50.956406,7a8c12ba-91ab-11ed-b1e6-fa4fb8e2990b,BH Metrostation Slinge,51.874526023,4.477872534,15,5,9999
2026-04-30T01:22:50.956406,026045c6-8530-11ee-bb01-c602c1905375,BH Winkelhart Katendrechtse Lagedijk,51.891184937,4.479440034,10,5,9999
2026-04-30T01:22:50.956406,9d9bb8ec-4bd1-11ee-bb01-c602c1905375,BH Marconiplein,51.913319277,4.432514448,10,4,9999
2026-04-30T01:22:50.956406,8330f3ca-a5b4-11f0-ab44-baed9603afbb,Fokkerstraat Plesmanstraat,51.929694009,4.399576614,4,0,9999
2026-04-30T01:22:50.956406,5b842034-5331-11f0-ab1d-9ae3af3bf913,BH Walenburgerweg,51.926698659,4.462629155,10,2,9999
2026-04-30T01:22:50.956406,a08059b6-b484-11ee-9ae6-5263e3f30f1e,BH Metrostation Gerdesiaweg,51.925444134,4.506155972,10,4,9999
2026-04-30T01:22:50.956406,2f718c84-8911-11ee-bb01-c602c1905375,BH Metro Dijkzigt - EMC,51.911789199,4.466334846,20,8,9999
2026-04-30T01:22:50.956406,f58e41fc-1c9f-11ee-8219-8ed3b2364c4f,BH Heemraadsplein,51.912322959,4.455058085,10,4,9999
2026-04-30T01:22:50.956406,79fdd038-34b8-11f0-ab1d-9ae3af3bf913,BH RTHA Airport,51.94924845,4.432611987,10,19,0
2026-04-30T01:22:50.956406,1c41897e-596e-11ef-bed6-aa139991deb4,HUB Metrostation Nieuwland / Bijdorpplein,51.922583819,4.38260008,10,0,9999
2026-04-30T01:22:50.956406,a57d027c-8912-11ee-bb01-c602c1905375,BH Delftse Poort,51.924408145,4.472816464,10,4,9999
2026-04-30T01:22:50.956406,6383849a-2038-11f0-ab1d-9ae3af3bf913,BH - Kralingsebos (Langepad),51.936318565,4.506197017,10,3,9999
2026-04-30T01:22:50.956406,e90e9332-06f5-11ef-b58d-569a23b994be,BH Burgemeester Le Fèvre de Montignylaan,51.957620055,4.501711782,10,3,9999
2026-04-30T01:22:50.956406,5cb3ffde-bdaf-11ed-b1e6-fa4fb8e2990b,RK Stadionlaan,51.892328813,4.530682857,10,4,9999
2026-04-30T01:22:50.956406,02bed1f8-8392-11ee-bb01-c602c1905375,BH Station Alexander,51.951735827,4.551049232,10,1,9999
2026-04-30T01:22:50.956406,08d5cf66-8ab2-11ee-bb01-c602c1905375,BH Winkelhart Asterlo,51.873536387,4.483591736,10,11,9999
2026-04-30T01:22:50.956406,0e51e024-c757-11ee-9ae6-5263e3f30f1e,BH Metrostation Binnenhof,51.960437867,4.535372966,10,1,9999
2026-04-30T01:22:50.956406,409f87f6-890f-11ee-bb01-c602c1905375,BH Metro Beurs,51.917806013,4.480107053,8,0,9999
2026-04-30T01:22:50.956406,d6a7cd26-4d08-11f0-ab1d-9ae3af3bf913,BH - Oudehoofdplein-Haringvliet,51.918979475,4.49384405,10,6,9999
2026-04-30T01:22:50.956406,f0ad9b92-1767-11ef-8071-42f0fecaeb6a,BH Prinsenlaan,51.937206457,4.536127586,10,2,9999
2026-04-30T01:22:50.956406,f06fd44c-2035-11f0-ab1d-9ae3af3bf913,BH Boezemlaan,51.938982631,4.495864471,10,2,9999
2026-04-30T01:22:50.956406,8d91a90c-9e83-11ee-a91e-ee69b7c7763e,BH Kraaierstraat,51.91909698,4.418192898,8,15,9999
2026-04-30T01:22:50.956406,a2671a36-bdad-11ed-b1e6-fa4fb8e2990b,RK Dwarsdijk,51.893055987,4.539201504,10,3,9999
2026-04-30T01:22:50.956406,376a5cda-06f8-11ef-b58d-569a23b994be,BH Ganzerikplein,51.958953276,4.471584016,10,3,9999
2026-04-30T01:22:50.956406,5cdd9872-b096-11ef-b6d3-56d88772ab1a,BH Wilgenplaslaan/ Meidoornsingel,51.953868042,4.468211582,7,2,9999
2026-04-30T01:22:50.956406,952a3e78-a8db-11ef-8778-d2279db84567,BH Lloydstraat,51.902214281,4.461287644,10,7,9999
2026-04-30T01:22:50.956406,a6fa0910-8067-11ed-b1e6-fa4fb8e2990b,BH Stadion Fey (Bert Heesakkerstr.),51.896805818,4.521735582,50,0,9999
2026-04-30T01:22:50.956406,a1337d02-e018-11ed-a249-96cdaf8f7240,BH Sint Franciscus,51.942171146,4.460534407,25,1,9999
2026-04-30T01:22:50.956406,d3cea108-8285-11f0-ab44-baed9603afbb,BH - Ratelaarweg,51.967431611,4.463349689,10,2,9999
2026-04-30T01:22:50.956406,3bef7002-bdb5-11ed-b1e6-fa4fb8e2990b,RK Breeweg,51.890630632,4.514261169,10,6,9999
2026-04-30T01:22:50.956406,8c90734c-45bb-11ee-8219-8ed3b2364c4f,BH Coen Moulijnweg,51.893813253,4.526876329,42,2,9999
2026-04-30T01:22:50.956406,1b098490-2037-11f0-ab1d-9ae3af3bf913,BH Karmelweg,51.933461291,4.5029394,8,4,9999
2026-04-30T01:22:50.956406,23348a06-bdb1-11ed-b1e6-fa4fb8e2990b,RK Guido Gezelleweg,51.87434607,4.523238145,10,1,9999
2026-04-30T01:22:50.956406,66824038-37b2-11ef-a21a-8e54a72a50da,HUB Metrostation Parkweg / Zuidzijde,51.921443238,4.39475836,10,7,3
2026-04-30T01:22:50.956406,2c127298-ff25-11ef-a79f-a65a77daff90,BH Aert van Nesstraat,51.921141166,4.478916173,8,0,9999
2026-04-30T01:22:50.956406,cde445c6-a744-11ef-8778-d2279db84567,BH Groenendaal,51.921685178,4.492944049,6,3,9999
2026-04-30T01:22:50.956406,97c6a1c2-a8da-11ef-8778-d2279db84567,BH Henegouwerplein,51.921807589,4.460561523,10,5,9999
2026-04-30T01:22:50.956406,e68d5642-a5b5-11f0-b6c1-baed9603afbb,HUB NS Station Schiedam Centrum/ Professor Kamerlingh Onneslaan,51.92071744,4.408262487,12,10,9999
2026-04-30T01:22:50.956406,82623a40-bda3-11ed-b1e6-fa4fb8e2990b,RK Rosestraat,51.91100607,4.501308573,10,4,9999
2026-04-30T01:22:50.956406,b7353df6-b485-11ee-9ae6-5263e3f30f1e,BH Metrostation Kralingsezoom (Gravenweg),51.921751706,4.533850265,10,5,9999
2026-04-30T01:22:50.956406,6c34980a-bb92-11ef-a02d-6ea8ed91bd56,BH Gordelweg (Lidl),51.940472428,4.479798999,4,3,9999
2026-04-30T01:22:50.956406,5904bd1a-a5b5-11f0-b05b-baed9603afbb,HUB Hof van Spaland - Bachplein,51.934889388,4.374726808,8,1,9999
2026-04-30T01:22:50.956406,32ca5fd0-8126-11ed-b1e6-fa4fb8e2990b,RK Vuurplaat,51.906526668,4.505838102,10,1,9999
2026-04-30T01:22:50.956406,f94a1ff6-b095-11ef-b6d3-56d88772ab1a,BH Bm Le Fèvre de Montignylaan/ Jeroen Boschlaan,51.955641943,4.505982462,6,5,9999
2026-04-30T01:22:50.956406,4228b402-8537-11ee-bb01-c602c1905375,BH Tongelaarweg,51.895280064,4.563514996,10,2,9999
2026-04-30T01:22:50.956406,6f66a60c-36e5-11f0-ab1d-9ae3af3bf913,BH Lloydpier,51.904487669,4.460458303,8,9,0
2026-04-30T01:22:50.956406,7d81b63e-a5b5-11f0-b05b-baed9603afbb,HUB 's Gravelandseweg,51.932091958,4.401924037,6,4,9999
2026-04-30T01:22:50.956406,a3dbb322-8121-11ed-b1e6-fa4fb8e2990b,RK Metrostation Rijnhaven ,51.902216981,4.49610172,15,5,9999
2026-04-30T01:22:50.956406,cf23b50e-9ad0-11f0-ab44-baed9603afbb,BH Natuurhistorisch museum,51.911022288,4.472728259,12,2,9999
2026-04-30T01:22:50.956406,d55243f6-182b-11ef-a8d1-42f0fecaeb6a,BH Siciliëboulevard ,51.97996654,4.580859756,10,1,9999
2026-04-30T01:22:50.956406,e0f7ef36-a5b4-11f0-ab44-baed9603afbb,Havenstraat einde (digitale testhub),51.900396883,4.398614319,12,1,9999
2026-04-30T01:22:50.956406,05d1d708-eabd-11ef-88c2-aa7241d1fb4f,HUB De Thermen ,51.927426752,4.380236246,8,1,9999
2026-04-30T01:22:50.956406,b3381a7a-2036-11f0-ab1d-9ae3af3bf913,BH Oudedijk / de Nieuwe Plantage,51.929149075,4.505248613,8,6,9999
2026-04-30T01:22:50.956406,8b480576-eabc-11ee-a9f0-82366b51b915,BH Schiedamseweg Beneden,51.914135146,4.422297364,5,8,9999
2026-04-30T01:22:50.956406,89a2f1d2-a5b3-11f0-ab44-baed9603afbb,Metrostation Vijfsluizen,51.908108215,4.37254105,8,2,9999
2026-04-30T01:22:50.956406,e50f3d1e-f069-11ef-9ed7-0ea3ed1ae564,HUB Oranjestraat - Lange Nieuwstraat,51.913368472,4.40030457,5,1,9999
2026-04-30T01:22:50.956406,4c1b19a4-d0a1-11ee-8b0e-065810cc8d78,BH Elandstraat,51.910800072,4.553878993,10,6,9999
2026-04-30T01:22:50.956406,bbbba24e-806e-11ed-b1e6-fa4fb8e2990b,RK P+R Noorderhelling,51.894761016,4.532122707,15,3,9999
2026-04-30T01:22:50.956406,3ac0b682-8129-11ed-b1e6-fa4fb8e2990b,RK Cor Kieboomplein,51.896922039,4.523502821,15,1,9999
2026-04-30T01:22:50.956406,5a3ffbf4-37b1-11ef-a21a-8e54a72a50da,HUB Metrostation Nieuwland / Van Limburg Stirumstraat,51.922446663,4.38308784,6,7,0
2026-04-30T01:22:50.956406,5d8d12a2-a5b4-11f0-ab44-baed9603afbb,Van Heekstraat,51.931167557,4.406024405,4,1,9999
2026-04-30T01:22:50.956406,f251d6e8-0b82-11ef-b58d-569a23b994be,BH Metrostation Graskruid ,51.956473743,4.550010233,8,1,9999
2026-04-30T01:22:50.956406,a4d2ea7c-b2f0-11ef-aa57-62870c7808bb,BH 2e Hogenbanweg,51.936951327,4.427707182,8,1,9999
2026-04-30T01:22:50.956406,75ba0d1a-2037-11f0-ab1d-9ae3af3bf913,BH Stadhoudersweg,51.931417737,4.461484988,10,3,9999
2026-04-30T01:22:50.956406,bc6b0d7e-a745-11ef-8778-d2279db84567,BH Goudsewagenstraat,51.923224462,4.493552746,8,6,9999
2026-04-30T01:22:50.956406,0f37eafc-8912-11ee-bb01-c602c1905375,BH Metro Oostplein,51.922677789,4.497608825,10,4,9999
2026-04-30T01:22:50.956406,aed7c2fa-8123-11ed-b1e6-fa4fb8e2990b,RK Groene Hilledijk/Beijerlandselaan,51.893806789,4.509452258,10,4,9999
2026-04-30T01:22:50.956406,c76f0318-bb92-11ef-a02d-6ea8ed91bd56,BH NS Centraal Station (Stationssingel),51.925399994,4.466148375,10,7,9999
2026-04-30T01:22:50.956406,361a368c-a5b4-11f0-ab44-baed9603afbb,Sportpark Haga (Epke Zonderlandstraat),51.921919868,4.370918199,8,3,9999
2026-04-30T01:22:50.956406,f4c0fe5e-02d6-11ef-b58d-569a23b994be,BH Paulus Potterstraat,51.9228414,4.508497696,10,1,9999
2026-04-30T01:22:50.956406,48cbf66e-9f15-11ee-a91e-ee69b7c7763e,BH Franselaan,51.917379138,4.420463507,10,9,9999
2026-04-30T01:22:50.956406,e9735b4e-7da7-11f0-ab44-baed9603afbb,BH Veldkersweg,51.966835673,4.46657292,8,2,9999
2026-04-30T01:22:50.956406,4b1ac684-bb93-11ef-a02d-6ea8ed91bd56,BH Noorderkanaalweg,51.940525593,4.472984586,9,1,9999
2026-04-30T01:22:50.956406,033a9392-3700-11f0-ab1d-9ae3af3bf913,BH Herman Bavinckstraat,51.915067882,4.521446921,10,6,9999
2026-04-30T01:22:50.956406,ffe8c3e8-a8da-11ef-8778-d2279db84567,BH Mathenesserplein,51.917836602,4.44508891,8,6,9999
2026-04-30T01:22:50.956406,e377069a-ff63-11ef-a79f-a65a77daff90,BH Kralingsebos Bosdreef/Pr. Beatrixlaan,51.93789612,4.501689644,8,2,9999
2026-04-30T01:22:50.956406,7af95f9c-a747-11ef-8778-d2279db84567,BH Kruisplein,51.92228569,4.47138789,6,1,9999
2026-04-30T01:22:50.956406,4c50cb7a-bdb6-11ed-b1e6-fa4fb8e2990b,RK Olympiaweg,51.886462746,4.529133302,10,6,9999
2026-04-30T01:22:50.956406,a694ef4e-36e5-11f0-ab1d-9ae3af3bf913,BH Neushoornstraat,51.913041554,4.553743002,6,3,0
2026-04-30T01:22:50.956406,be56ca62-8120-11ed-b1e6-fa4fb8e2990b,RK P+R Beverwaard,51.885771514,4.568986239,10,1,9999
2026-04-30T01:22:50.956406,d5af3bc4-806a-11ed-b1e6-fa4fb8e2990b,BH Kievitslaan,51.907226862,4.473300159,17,0,9999
2026-04-30T01:22:50.956406,dd006abc-a5b3-11f0-ab44-baed9603afbb,Havenstraat,51.903204365,4.398004897,8,0,9999
2026-04-30T01:22:50.956406,6f09af84-eabe-11ee-a9f0-82366b51b915,BH Delftseplein ,51.925206514,4.474011701,14,1,9999
2026-04-30T01:22:50.956406,1cfb89ec-806b-11ed-b1e6-fa4fb8e2990b,BH Westplein,51.908912961,4.478583441,10,5,9999
2026-04-30T01:22:50.956406,12fc10a4-bb94-11ef-a02d-6ea8ed91bd56,BH Noordplein,51.930251975,4.483699175,10,5,9999
2026-04-30T01:22:50.956406,276e8d26-bda0-11ed-b1e6-fa4fb8e2990b,RK Strevelsweg,51.889634937,4.495943368,15,3,9999
2026-04-30T01:22:50.956406,9e066470-2038-11f0-ab1d-9ae3af3bf913,BH Kralinger Esch,51.911179823,4.524762065,9,9,9999
2026-04-30T01:22:50.956406,9b1f0aaa-8125-11ed-b1e6-fa4fb8e2990b,RK Slaghekstraat - Beijerlandselaan,51.897574833,4.511261604,10,2,9999
2026-04-30T01:22:50.956406,b8c81048-2037-11f0-ab1d-9ae3af3bf913,BH Van Maanenstraat,51.932279316,4.464280453,6,9,9999
2026-04-30T01:22:50.956406,1f4ff66c-bdb8-11ed-b1e6-fa4fb8e2990b,RK Van der Takstraat ,51.914243737,4.496045621,10,13,9999
2026-04-30T01:22:50.956406,3b523cee-5c94-11f0-ab1d-9ae3af3bf913,BH - Wilhelminapier,51.90698281,4.489727426,14,1,9999
2026-04-30T01:22:50.956406,e8d292d2-039a-11ef-b58d-569a23b994be,BH Mia van Yperenplein ,51.928414546,4.545678043,10,2,9999
2026-04-30T01:22:50.956406,12daf18a-8068-11ed-b1e6-fa4fb8e2990b,BH Treinst. Lombardijen (Aesopusplaats),51.880478018,4.530040287,10,5,9999
2026-04-30T01:22:50.956406,558e4a5a-eaba-11ee-a9f0-82366b51b915,BH Blijdorplaan ,51.927389289,4.440437692,22,0,9999
2026-04-30T01:22:50.956406,5a8de282-36ee-11f0-ab1d-9ae3af3bf913,BH van Blommesteynweg,51.888148155,4.460842726,10,3,9999
2026-04-30T01:22:50.956406,078569ee-a5b5-11f0-ab44-baed9603afbb,Nieuwe Waterwegstraat (digitale testhub),51.900682979,4.390873601,12,0,9999
2026-04-30T01:22:50.956406,8e5dd27e-06fd-11ef-b58d-569a23b994be,BH Prins Alexanderplein,51.951040272,4.553684972,14,0,9999
2026-04-30T01:22:50.956406,a6843864-fbc4-11ee-b58d-569a23b994be,Trompenburg 1,51.917696349,4.517981647,10,5,3
2026-04-30T01:22:50.956406,5b583480-a8da-11ef-8778-d2279db84567,BH Duyststraat,51.910073429,4.452225738,8,8,9999
2026-04-30T01:22:50.956406,2510e9ba-a5b6-11f0-847a-baed9603afbb,Hub Kloosterplaats,51.91675013,4.402112308,6,16,9999
2026-04-30T01:22:50.956406,880e3e72-a8dd-11ef-8778-d2279db84567,BH Spaansebocht,51.917413667,4.430014126,9,2,9999
2026-04-30T01:22:50.956406,b5b3324a-edb9-11ee-a9f0-82366b51b915,BH Siondwarsstraat,51.925261494,4.51053174,10,7,9999
2026-04-30T01:22:50.956406,94b01d94-edc6-11ee-a9f0-82366b51b915,BH Schuttersveld,51.933248028,4.490978921,10,6,9999
2026-04-30T01:22:50.956406,69b33170-edbd-11ee-a9f0-82366b51b915,BH Metro Oostplein 2,51.923145722,4.496820843,10,7,9999
2026-04-30T01:22:50.956406,67d6af9a-f068-11ef-ba40-0ea3ed1ae564,HUB Hof van Spaland - Schiedamseweg,51.934898803,4.378145906,12,4,9999
2026-04-30T01:22:50.956406,f4d561c2-1e0f-11f1-bada-da123385441b,BH PR Slinge 2,51.87374414,4.477026543,10,0,10
2026-04-30T01:22:50.956406,4933dd54-9e7c-11ee-a91e-ee69b7c7763e,BH Willem Ruyslaan (Luzac College),51.925421889,4.508669446,10,4,9999
2026-04-30T01:22:50.956406,9f935b6c-b095-11ef-b6d3-56d88772ab1a,BH Bergpolderplein,51.945227242,4.474988047,8,6,9999
2026-04-30T01:22:50.956406,8a2d056c-bb93-11ef-a02d-6ea8ed91bd56,BH NS Station Noord (Bergweg),51.941530048,4.481339526,10,1,7
2026-04-30T01:22:50.956406,4d95ab34-8122-11ed-b1e6-fa4fb8e2990b,RK Metrostation Maashaven ,51.896573582,4.494245173,30,1,9999
2026-04-30T01:22:50.956406,3d015ff0-8394-11ee-bb01-c602c1905375,BH Metrostation Oosterflank,51.945209326,4.555045447,10,0,9999
2026-04-30T01:22:50.956406,defeb050-a747-11ef-8778-d2279db84567,BH Karel Doormanstraat,51.922789549,4.473609692,9,6,9999
2026-04-30T01:22:50.956406,b5dc5454-890f-11ee-bb01-c602c1905375,BH Schilderstraat,51.916377397,4.48142868,8,4,9999
2026-04-30T01:22:50.956406,2f12ae3e-806c-11ed-b1e6-fa4fb8e2990b,BH Winkelcentrum Keizerswaard-Herenw,51.886358391,4.549308056,15,14,9999
2026-04-30T01:22:50.956406,3b6d73a8-805d-11ed-b1e6-fa4fb8e2990b,BH Metrostation Melanchtonweg,51.94881199,4.465233746,10,2,9999
2026-04-30T01:22:50.956406,d5832958-891a-11ee-bb01-c602c1905375,BH Metro Zuidplein (nieuw),51.887180341,4.491554668,10,1,9999
2026-04-30T01:22:50.956406,a535094e-b162-11ef-bdcd-5adc5d29ed54,BH Eudokiaplein,51.932433484,4.47153255,9,5,9999
2026-04-30T01:22:50.956406,437f8dc8-bd9e-11ed-b1e6-fa4fb8e2990b,RK Hillevliet,51.89558515,4.506432514,10,6,9999
2026-04-30T01:22:50.956406,f10d8ab4-9997-11ee-a91e-ee69b7c7763e,BH Shell Hofplein,51.925705456,4.477781355,28,2,9999
2026-04-30T01:22:50.956406,94467720-8127-11ed-b1e6-fa4fb8e2990b,RK Persoonsdam,51.909309099,4.508017165,10,5,9999
2026-04-30T01:22:50.956406,9245444a-2023-11f0-ab1d-9ae3af3bf913,BH Witte de Withstraat,51.915906523,4.478080905,10,6,9999
2026-04-30T01:22:50.956406,49d59348-ff64-11ef-b515-a65a77daff90,BH Bergweg (Dirk van den Broek),51.93856254,4.479465675,6,3,9999
2026-04-30T01:22:50.956406,30fb96bc-8124-11ed-b1e6-fa4fb8e2990b,RK Beverwaardseweg/ Borgharensingel,51.898798338,4.564663375,10,1,9999
2026-04-30T01:22:50.956406,9a1fb404-8ab3-11ee-bb01-c602c1905375,BH Langenhorst ,51.874120882,4.494254863,10,5,9999
2026-04-30T01:22:50.956406,abe67bfa-b096-11ef-b6d3-56d88772ab1a,BH Wilgenplaslaan/ Donkersingel,51.951337599,4.47048253,10,4,9999
2026-04-30T01:22:50.956406,068b0f9c-a8dd-11ef-8778-d2279db84567,BH Vierhavenstraat (Sahan),51.908502395,4.437727106,4,0,9999
2026-04-30T01:22:50.956406,bc0e7e9c-a8da-11ef-8778-d2279db84567,BH Jan van Vuchtstraat,51.917045317,4.460830874,6,3,9999
2026-04-30T01:22:50.956406,8b721818-a5b2-11f0-ab44-baed9603afbb,Lekstraat,51.90446958,4.406985264,6,2,9999
2026-04-30T01:22:50.956406,ad212572-06f7-11ef-b58d-569a23b994be,BH Molenlaan/Grindweg,51.963224537,4.49571068,10,1,9999
2026-04-30T01:22:50.956406,f8828c3e-806d-11ed-b1e6-fa4fb8e2990b,RK Station Rdam Zuid,51.905545015,4.509568537,15,7,9999
2026-04-30T01:22:50.956406,5f71799e-806b-11ed-b1e6-fa4fb8e2990b,BH Willemsplein,51.911118908,4.481894771,17,9,9999
2026-04-30T01:22:50.956406,42824336-bd97-11ed-b1e6-fa4fb8e2990b,RK Groene Hilledijk,51.882726433,4.504266667,10,3,9999
2026-04-30T01:22:50.956406,db6932f4-182b-11ef-a8d1-42f0fecaeb6a,BH Metrostation Nesselande,51.978969273,4.586177782,10,0,9999
2026-04-30T01:22:50.956406,2c4ff78a-2783-11f1-a5ae-0225521a85c1,BH PR Slinge 2,51.87374414,4.477026543,10,0,10
2026-04-30T01:22:50.956406,e26322b0-2025-11f0-ab1d-9ae3af3bf913,BH Brielselaan,51.896298935,4.489248091,4,1,9999
2026-04-30T01:22:50.956406,c862b7f2-06fb-11ef-b58d-569a23b994be,BH Prins Alexanderlaan (metrobaan zijde),51.952192324,4.551435621,10,0,9999
2026-04-30T01:22:50.956406,c53689c2-8124-11ed-b1e6-fa4fb8e2990b,RK Peellandstraat / Beesdestraat ,51.888535309,4.567291893,10,3,9999
2026-04-30T01:22:50.956406,8f5d35a0-1834-11ef-8071-42f0fecaeb6a,BH Jan Bijloostraat (Winkelcentrum Lage Land),51.941821995,4.546449269,9,3,9999
2026-04-30T01:22:50.956406,f8fcd3a4-983a-11ef-a85a-be896af2d3a5,BH Rhijnauwensingel,51.892161199,4.569620613,12,3,9999
2026-04-30T01:22:50.956406,118239d4-a5b2-11f0-ab44-baed9603afbb,Lorentzlaan (bushalte),51.917994492,4.415061192,4,4,9999
2026-04-30T01:22:50.956406,0c107276-bdb7-11ed-b1e6-fa4fb8e2990b,RK Sandelingenplein,51.889562128,4.506962326,10,5,9999
2026-04-30T01:22:50.956406,75b8bea6-81d8-11ed-b1e6-fa4fb8e2990b,RK Metrostation Maashaven (Putselaan),51.897794241,4.495760713,10,3,9999
2026-04-30T01:22:50.956406,a20bbbae-bdae-11ed-b1e6-fa4fb8e2990b,RK Frankendaal,51.886951976,4.521294152,10,0,9999
2026-04-30T01:22:50.956406,bc839806-a5b1-11f0-ab44-baed9603afbb,Van het Hoffplein (Boerhavelaan),51.916219132,4.412005574,8,4,9999
2026-04-30T01:22:50.956406,2c632780-a8de-11ef-8778-d2279db84567,BH Schuttevaerweg,51.922420472,4.434869706,10,0,9999
2026-04-30T01:22:50.956406,f1df385c-f5b2-11ef-81b3-76e5c571f05f,HUB Admiraal de Ruyterstraat,51.906742474,4.38554997,8,0,9999
2026-04-30T01:22:50.956406,4247dd56-1c9f-11ee-8219-8ed3b2364c4f,BH Metro Coolhaven,51.909218289,4.458167882,10,4,9999
2026-04-30T01:22:50.956406,65af1c24-06f4-11ef-b58d-569a23b994be,BH Meerum Terwogtlaan,51.951763386,4.524587387,10,0,9999
2026-04-30T04:53:22.443997,a3c07f10-a5b5-11f0-b05b-baed9603afbb,HUB Hoofdbrug,51.908705902,4.406131267,8,6,9999
2026-04-30T04:53:22.443997,b9bfe680-fbc4-11ee-b58d-569a23b994be,Trompenburg 2,51.917638379,4.518889893,10,0,10
2026-04-30T04:53:22.443997,3c659862-a8dd-11ef-8778-d2279db84567,BH Mayflowerstraat,51.905015647,4.440161906,10,3,9999
2026-04-30T04:53:22.443997,e0a4baca-a748-11ef-8778-d2279db84567,BH Mariniersweg,51.920853425,4.490979502,10,5,9999
2026-04-30T04:53:22.443997,c35c448e-06fc-11ef-b58d-569a23b994be,BH Jacob van Campenweg ,51.942434165,4.537976212,7,7,9999
2026-04-30T04:53:22.443997,438486f4-a5b6-11f0-a150-baed9603afbb,HUB Koemarkt ingang garage,51.914517902,4.401917461,6,5,9999
2026-04-30T04:53:22.443997,365f4a3e-a5b3-11f0-ab44-baed9603afbb,Rubensplein,51.911712719,4.383665134,6,3,9999
2026-04-30T04:53:22.443997,a85b996e-fe23-11ee-b58d-569a23b994be,BH Dirk van der Kooijweg (Waterleliesingel),51.953796964,4.52009166,10,2,9999
2026-04-30T04:53:22.443997,19e2de56-b5d8-11ee-9ae6-5263e3f30f1e,BH STC Waalhaven,51.878297275,4.448759787,10,2,9999
2026-04-30T04:53:22.443997,c6c213ee-ed18-11ef-9957-f683e5eb607c,BH Langenhorst (Binkhorst),51.877310029,4.494737503,10,5,9999
2026-04-30T04:53:22.443997,3366f8b0-a8dc-11ef-8778-d2279db84567,BH Vierhavenstraat (WoonEnzo),51.907777562,4.438830385,4,0,9999
2026-04-30T04:53:22.443997,04a89aea-a5b3-11f0-ab44-baed9603afbb,Groenelaan Hagastraat (Winkelcentrum),51.907303396,4.402285408,4,4,9999
2026-04-30T04:53:22.443997,32638aa6-a5b5-11f0-9f09-baed9603afbb,HUB Laan van Bol'es,51.928443203,4.370771711,10,1,9999
2026-04-30T04:53:22.443997,291c2f72-a749-11ef-8778-d2279db84567,BH Westzeedijk,51.909321622,4.471436479,10,1,9999
2026-04-30T04:53:22.443997,abd627be-67bb-11f0-91de-5eaa9feacc9b,BH Schiekade (Heer Bokelweg),51.927133058,4.476309832,10,1,9999
2026-04-30T04:53:22.443997,8948d5a4-b094-11ef-b6d3-56d88772ab1a,BH Duivenpad,51.964922912,4.498254116,8,2,9999
2026-04-30T04:53:22.443997,227e8c1e-be97-11ee-9ae6-5263e3f30f1e,HUB Metrostation Troelstralaan,51.915742295,4.384972326,10,1,9999
2026-04-30T04:53:22.443997,0af509a8-06f7-11ef-b58d-569a23b994be,BH Beethovensingel,51.96114919,4.505141448,10,1,9999
2026-04-30T04:53:22.443997,dc06f296-1768-11ef-8071-42f0fecaeb6a,BH Prins Alexanderlaan (Oosterflank),51.946646256,4.553811478,12,1,9999
2026-04-30T04:53:22.443997,221af3ce-7fe1-11ee-bb01-c602c1905375,BH Metro Prinsenlaan,51.940647564,4.556931306,10,1,9999
2026-04-30T04:53:22.443997,a793d6ba-edc8-11ee-a9f0-82366b51b915,BH Infirmeriestraat,51.922255603,4.502265891,10,8,9999
2026-04-30T04:53:22.443997,0359e1a2-bdb3-11ed-b1e6-fa4fb8e2990b,RK Rosestraat 11C,51.902954022,4.511377745,10,4,9999
2026-04-30T04:53:22.443997,87f07e20-9e78-11ee-a91e-ee69b7c7763e,BH Marconistraat (Lee Towers),51.912441021,4.430411189,14,5,9999
2026-04-30T04:53:22.443997,f539bd6e-06f8-11ef-b58d-569a23b994be,BH Meijersplein,51.955657978,4.463033845,8,4,9999
2026-04-30T04:53:22.443997,70f0801a-8071-11ed-b1e6-fa4fb8e2990b,RK treinstation Lombardijen,51.88057913,4.531905572,30,4,9999
2026-04-30T04:53:22.443997,43752ffc-a8db-11ef-8778-d2279db84567,BH Pieter de Hoochweg,51.906316301,4.459985731,6,5,9999
2026-04-30T04:53:22.443997,b35ddad8-ab08-11ef-8778-d2279db84567,HUB Rotterdamsedijk 272,51.914957692,4.40343084,8,3,9999
2026-04-30T04:53:22.443997,9b1fa0f6-ae3c-11ee-a91e-ee69b7c7763e,BH Winkelhart Plein 1953,51.874842065,4.467889739,10,7,9999
2026-04-30T04:53:22.443997,8bd90878-0884-11f0-9a47-66143dd92f22,RK Molenvliet,51.882626536,4.521159806,10,5,9999
2026-04-30T04:53:22.443997,45450b66-a5b2-11f0-ab44-baed9603afbb,Maasdijk (Gustoweg),51.906629018,4.412009895,6,1,9999
2026-04-30T04:53:22.443997,4de2effe-f068-11ef-ba40-0ea3ed1ae564,HUB Hof van Spaland - Vlaardingseweg,51.935841728,4.376077923,4,3,9999
2026-04-30T04:53:22.443997,d38c6468-06fe-11ef-b58d-569a23b994be,BH Kleine Beer,51.950902127,4.555051083,6,2,9999
2026-04-30T04:53:22.443997,e552904e-182b-11ef-a8d1-42f0fecaeb6a,BH Metrostation Hesseplaats,51.963345229,4.554510684,10,6,9999
2026-04-30T04:53:22.443997,1826196c-b162-11ef-bdcd-5adc5d29ed54,BH Bentincklaan (Diergaarde Blijdorp),51.92572504,4.454794024,10,1,9999
2026-04-30T04:53:22.443997,8a1e5ed0-1c9e-11ee-8219-8ed3b2364c4f,BH Sparta stadion,51.920151368,4.434428835,20,0,9999
2026-04-30T04:53:22.443997,d3c9003c-b486-11ee-9ae6-5263e3f30f1e,BH Oostzeedijk Beneden,51.922514244,4.503092963,10,8,9999
2026-04-30T04:53:22.443997,552a82b8-b094-11ef-b6d3-56d88772ab1a,BH Hockeyclub Rotterdam,51.96869974,4.484731647,25,9,9999
2026-04-30T04:53:22.443997,cb3f6d1c-a746-11ef-8778-d2279db84567,BH Vasteland (AH),51.911537089,4.478368712,10,1,9999
2026-04-30T04:53:22.443997,d4a8557a-eabd-11ef-ac99-aa7241d1fb4f,HUB Admiraal Trompstraat (Huisman),51.908834504,4.381923039,8,0,9999
2026-04-30T04:53:22.443997,00e8b3de-9e82-11ee-a91e-ee69b7c7763e,BH Jacques Dutilhweg,51.927993284,4.5475155,10,0,9999
2026-04-30T04:53:22.443997,d868fe52-36e5-11f0-ab1d-9ae3af3bf913,BH Sluisjesdijk,51.894714517,4.461900478,10,3,5
2026-04-30T04:53:22.443997,4338fed2-edbb-11ee-a9f0-82366b51b915,BH Oostzeedijk Beneden 2,51.921653595,4.507031037,10,17,9999
2026-04-30T04:53:22.443997,2c82bb9a-217b-11ee-8219-8ed3b2364c4f,Hub Weena,51.922738296,4.469181329,142,16,9999
2026-04-30T04:53:22.443997,96f5cbdc-06f6-11ef-b58d-569a23b994be,BH Argonautenweg,51.959086712,4.49354982,10,3,9999
2026-04-30T04:53:22.443997,2f51713e-32b7-11ee-8219-8ed3b2364c4f,Hub P+R Capelsebrug,51.920991793,4.559215491,18,30,9999
2026-04-30T04:53:22.443997,62b0255a-9e7a-11ee-a91e-ee69b7c7763e,BH Vierhavenstraat,51.910327597,4.434992993,16,3,9999
2026-04-30T04:53:22.443997,2b10524e-06f5-11ef-b58d-569a23b994be,BH Piet van der Polsingel,51.950618784,4.518612648,8,1,9999
2026-04-30T04:53:22.443997,47070056-06fa-11ef-b58d-569a23b994be,BH Metrostation Schenkel,51.931770435,4.56406792,12,2,9999
2026-04-30T04:53:22.443997,0e59456c-f06d-11f0-b173-2e3b4d4b7f35,BH P+R Kralingse Zoom,51.921440854,4.531732208,10,10,0
2026-04-30T04:53:22.443997,7a8c12ba-91ab-11ed-b1e6-fa4fb8e2990b,BH Metrostation Slinge,51.874526023,4.477872534,15,6,9999
2026-04-30T04:53:22.443997,026045c6-8530-11ee-bb01-c602c1905375,BH Winkelhart Katendrechtse Lagedijk,51.891184937,4.479440034,10,5,9999
2026-04-30T04:53:22.443997,9d9bb8ec-4bd1-11ee-bb01-c602c1905375,BH Marconiplein,51.913319277,4.432514448,10,4,9999
2026-04-30T04:53:22.443997,8330f3ca-a5b4-11f0-ab44-baed9603afbb,Fokkerstraat Plesmanstraat,51.929694009,4.399576614,4,0,9999
2026-04-30T04:53:22.443997,5b842034-5331-11f0-ab1d-9ae3af3bf913,BH Walenburgerweg,51.926698659,4.462629155,10,2,9999
2026-04-30T04:53:22.443997,a08059b6-b484-11ee-9ae6-5263e3f30f1e,BH Metrostation Gerdesiaweg,51.925444134,4.506155972,10,4,9999
2026-04-30T04:53:22.443997,2f718c84-8911-11ee-bb01-c602c1905375,BH Metro Dijkzigt - EMC,51.911789199,4.466334846,20,8,9999
2026-04-30T04:53:22.443997,f58e41fc-1c9f-11ee-8219-8ed3b2364c4f,BH Heemraadsplein,51.912322959,4.455058085,10,5,9999
2026-04-30T04:53:22.443997,79fdd038-34b8-11f0-ab1d-9ae3af3bf913,BH RTHA Airport,51.94924845,4.432611987,10,19,0
2026-04-30T04:53:22.443997,1c41897e-596e-11ef-bed6-aa139991deb4,HUB Metrostation Nieuwland / Bijdorpplein,51.922583819,4.38260008,10,0,9999
2026-04-30T04:53:22.443997,a57d027c-8912-11ee-bb01-c602c1905375,BH Delftse Poort,51.924408145,4.472816464,10,7,9999
2026-04-30T04:53:22.443997,6383849a-2038-11f0-ab1d-9ae3af3bf913,BH - Kralingsebos (Langepad),51.936318565,4.506197017,10,3,9999
2026-04-30T04:53:22.443997,e90e9332-06f5-11ef-b58d-569a23b994be,BH Burgemeester Le Fèvre de Montignylaan,51.957620055,4.501711782,10,3,9999
2026-04-30T04:53:22.443997,5cb3ffde-bdaf-11ed-b1e6-fa4fb8e2990b,RK Stadionlaan,51.892328813,4.530682857,10,4,9999
2026-04-30T04:53:22.443997,02bed1f8-8392-11ee-bb01-c602c1905375,BH Station Alexander,51.951735827,4.551049232,10,1,9999
2026-04-30T04:53:22.443997,08d5cf66-8ab2-11ee-bb01-c602c1905375,BH Winkelhart Asterlo,51.873536387,4.483591736,10,12,9999
2026-04-30T04:53:22.443997,0e51e024-c757-11ee-9ae6-5263e3f30f1e,BH Metrostation Binnenhof,51.960437867,4.535372966,10,1,9999
2026-04-30T04:53:22.443997,409f87f6-890f-11ee-bb01-c602c1905375,BH Metro Beurs,51.917806013,4.480107053,8,4,9999
2026-04-30T04:53:22.443997,d6a7cd26-4d08-11f0-ab1d-9ae3af3bf913,BH - Oudehoofdplein-Haringvliet,51.918979475,4.49384405,10,3,9999
2026-04-30T04:53:22.443997,f0ad9b92-1767-11ef-8071-42f0fecaeb6a,BH Prinsenlaan,51.937206457,4.536127586,10,2,9999
2026-04-30T04:53:22.443997,f06fd44c-2035-11f0-ab1d-9ae3af3bf913,BH Boezemlaan,51.938982631,4.495864471,10,2,9999
2026-04-30T04:53:22.443997,8d91a90c-9e83-11ee-a91e-ee69b7c7763e,BH Kraaierstraat,51.91909698,4.418192898,8,15,9999
2026-04-30T04:53:22.443997,a2671a36-bdad-11ed-b1e6-fa4fb8e2990b,RK Dwarsdijk,51.893055987,4.539201504,10,3,9999
2026-04-30T04:53:22.443997,376a5cda-06f8-11ef-b58d-569a23b994be,BH Ganzerikplein,51.958953276,4.471584016,10,3,9999
2026-04-30T04:53:22.443997,5cdd9872-b096-11ef-b6d3-56d88772ab1a,BH Wilgenplaslaan/ Meidoornsingel,51.953868042,4.468211582,7,2,9999
2026-04-30T04:53:22.443997,952a3e78-a8db-11ef-8778-d2279db84567,BH Lloydstraat,51.902214281,4.461287644,10,5,9999
2026-04-30T04:53:22.443997,a6fa0910-8067-11ed-b1e6-fa4fb8e2990b,BH Stadion Fey (Bert Heesakkerstr.),51.896805818,4.521735582,50,0,9999
2026-04-30T04:53:22.443997,a1337d02-e018-11ed-a249-96cdaf8f7240,BH Sint Franciscus,51.942171146,4.460534407,25,1,9999
2026-04-30T04:53:22.443997,d3cea108-8285-11f0-ab44-baed9603afbb,BH - Ratelaarweg,51.967431611,4.463349689,10,2,9999
2026-04-30T04:53:22.443997,3bef7002-bdb5-11ed-b1e6-fa4fb8e2990b,RK Breeweg,51.890630632,4.514261169,10,6,9999
2026-04-30T04:53:22.443997,8c90734c-45bb-11ee-8219-8ed3b2364c4f,BH Coen Moulijnweg,51.893813253,4.526876329,42,3,9999
2026-04-30T04:53:22.443997,1b098490-2037-11f0-ab1d-9ae3af3bf913,BH Karmelweg,51.933461291,4.5029394,8,4,9999
2026-04-30T04:53:22.443997,23348a06-bdb1-11ed-b1e6-fa4fb8e2990b,RK Guido Gezelleweg,51.87434607,4.523238145,10,1,9999
2026-04-30T04:53:22.443997,66824038-37b2-11ef-a21a-8e54a72a50da,HUB Metrostation Parkweg / Zuidzijde,51.921443238,4.39475836,10,7,3
2026-04-30T04:53:22.443997,2c127298-ff25-11ef-a79f-a65a77daff90,BH Aert van Nesstraat,51.921141166,4.478916173,8,5,9999
2026-04-30T04:53:22.443997,cde445c6-a744-11ef-8778-d2279db84567,BH Groenendaal,51.921685178,4.492944049,6,3,9999
2026-04-30T04:53:22.443997,97c6a1c2-a8da-11ef-8778-d2279db84567,BH Henegouwerplein,51.921807589,4.460561523,10,3,9999
2026-04-30T04:53:22.443997,e68d5642-a5b5-11f0-b6c1-baed9603afbb,HUB NS Station Schiedam Centrum/ Professor Kamerlingh Onneslaan,51.92071744,4.408262487,12,11,9999
2026-04-30T04:53:22.443997,82623a40-bda3-11ed-b1e6-fa4fb8e2990b,RK Rosestraat,51.91100607,4.501308573,10,4,9999
2026-04-30T04:53:22.443997,b7353df6-b485-11ee-9ae6-5263e3f30f1e,BH Metrostation Kralingsezoom (Gravenweg),51.921751706,4.533850265,10,5,9999
2026-04-30T04:53:22.443997,6c34980a-bb92-11ef-a02d-6ea8ed91bd56,BH Gordelweg (Lidl),51.940472428,4.479798999,4,5,9999
2026-04-30T04:53:22.443997,5904bd1a-a5b5-11f0-b05b-baed9603afbb,HUB Hof van Spaland - Bachplein,51.934889388,4.374726808,8,1,9999
2026-04-30T04:53:22.443997,32ca5fd0-8126-11ed-b1e6-fa4fb8e2990b,RK Vuurplaat,51.906526668,4.505838102,10,1,9999
2026-04-30T04:53:22.443997,f94a1ff6-b095-11ef-b6d3-56d88772ab1a,BH Bm Le Fèvre de Montignylaan/ Jeroen Boschlaan,51.955641943,4.505982462,6,5,9999
2026-04-30T04:53:22.443997,4228b402-8537-11ee-bb01-c602c1905375,BH Tongelaarweg,51.895280064,4.563514996,10,2,9999
2026-04-30T04:53:22.443997,6f66a60c-36e5-11f0-ab1d-9ae3af3bf913,BH Lloydpier,51.904487669,4.460458303,8,9,0
2026-04-30T04:53:22.443997,7d81b63e-a5b5-11f0-b05b-baed9603afbb,HUB 's Gravelandseweg,51.932091958,4.401924037,6,4,9999
2026-04-30T04:53:22.443997,a3dbb322-8121-11ed-b1e6-fa4fb8e2990b,RK Metrostation Rijnhaven ,51.902216981,4.49610172,15,6,9999
2026-04-30T04:53:22.443997,cf23b50e-9ad0-11f0-ab44-baed9603afbb,BH Natuurhistorisch museum,51.911022288,4.472728259,12,2,9999
2026-04-30T04:53:22.443997,d55243f6-182b-11ef-a8d1-42f0fecaeb6a,BH Siciliëboulevard ,51.97996654,4.580859756,10,1,9999
2026-04-30T04:53:22.443997,e0f7ef36-a5b4-11f0-ab44-baed9603afbb,Havenstraat einde (digitale testhub),51.900396883,4.398614319,12,1,9999
2026-04-30T04:53:22.443997,05d1d708-eabd-11ef-88c2-aa7241d1fb4f,HUB De Thermen ,51.927426752,4.380236246,8,1,9999
2026-04-30T04:53:22.443997,b3381a7a-2036-11f0-ab1d-9ae3af3bf913,BH Oudedijk / de Nieuwe Plantage,51.929149075,4.505248613,8,5,9999
2026-04-30T04:53:22.443997,8b480576-eabc-11ee-a9f0-82366b51b915,BH Schiedamseweg Beneden,51.914135146,4.422297364,5,8,9999
2026-04-30T04:53:22.443997,89a2f1d2-a5b3-11f0-ab44-baed9603afbb,Metrostation Vijfsluizen,51.908108215,4.37254105,8,2,9999
2026-04-30T04:53:22.443997,e50f3d1e-f069-11ef-9ed7-0ea3ed1ae564,HUB Oranjestraat - Lange Nieuwstraat,51.913368472,4.40030457,5,1,9999
2026-04-30T04:53:22.443997,4c1b19a4-d0a1-11ee-8b0e-065810cc8d78,BH Elandstraat,51.910800072,4.553878993,10,6,9999
2026-04-30T04:53:22.443997,bbbba24e-806e-11ed-b1e6-fa4fb8e2990b,RK P+R Noorderhelling,51.894761016,4.532122707,15,3,9999
2026-04-30T04:53:22.443997,3ac0b682-8129-11ed-b1e6-fa4fb8e2990b,RK Cor Kieboomplein,51.896922039,4.523502821,15,1,9999
2026-04-30T04:53:22.443997,5a3ffbf4-37b1-11ef-a21a-8e54a72a50da,HUB Metrostation Nieuwland / Van Limburg Stirumstraat,51.922446663,4.38308784,6,7,0
2026-04-30T04:53:22.443997,5d8d12a2-a5b4-11f0-ab44-baed9603afbb,Van Heekstraat,51.931167557,4.406024405,4,1,9999
2026-04-30T04:53:22.443997,f251d6e8-0b82-11ef-b58d-569a23b994be,BH Metrostation Graskruid ,51.956473743,4.550010233,8,1,9999
2026-04-30T04:53:22.443997,a4d2ea7c-b2f0-11ef-aa57-62870c7808bb,BH 2e Hogenbanweg,51.936951327,4.427707182,8,1,9999
2026-04-30T04:53:22.443997,75ba0d1a-2037-11f0-ab1d-9ae3af3bf913,BH Stadhoudersweg,51.931417737,4.461484988,10,1,9999
2026-04-30T04:53:22.443997,bc6b0d7e-a745-11ef-8778-d2279db84567,BH Goudsewagenstraat,51.923224462,4.493552746,8,8,9999
2026-04-30T04:53:22.443997,0f37eafc-8912-11ee-bb01-c602c1905375,BH Metro Oostplein,51.922677789,4.497608825,10,4,9999
2026-04-30T04:53:22.443997,aed7c2fa-8123-11ed-b1e6-fa4fb8e2990b,RK Groene Hilledijk/Beijerlandselaan,51.893806789,4.509452258,10,4,9999
2026-04-30T04:53:22.443997,c76f0318-bb92-11ef-a02d-6ea8ed91bd56,BH NS Centraal Station (Stationssingel),51.925399994,4.466148375,10,12,9999
2026-04-30T04:53:22.443997,361a368c-a5b4-11f0-ab44-baed9603afbb,Sportpark Haga (Epke Zonderlandstraat),51.921919868,4.370918199,8,3,9999
2026-04-30T04:53:22.443997,f4c0fe5e-02d6-11ef-b58d-569a23b994be,BH Paulus Potterstraat,51.9228414,4.508497696,10,2,9999
2026-04-30T04:53:22.443997,48cbf66e-9f15-11ee-a91e-ee69b7c7763e,BH Franselaan,51.917379138,4.420463507,10,8,9999
2026-04-30T04:53:22.443997,e9735b4e-7da7-11f0-ab44-baed9603afbb,BH Veldkersweg,51.966835673,4.46657292,8,2,9999
2026-04-30T04:53:22.443997,4b1ac684-bb93-11ef-a02d-6ea8ed91bd56,BH Noorderkanaalweg,51.940525593,4.472984586,9,1,9999
2026-04-30T04:53:22.443997,033a9392-3700-11f0-ab1d-9ae3af3bf913,BH Herman Bavinckstraat,51.915067882,4.521446921,10,6,9999
2026-04-30T04:53:22.443997,ffe8c3e8-a8da-11ef-8778-d2279db84567,BH Mathenesserplein,51.917836602,4.44508891,8,5,9999
2026-04-30T04:53:22.443997,e377069a-ff63-11ef-a79f-a65a77daff90,BH Kralingsebos Bosdreef/Pr. Beatrixlaan,51.93789612,4.501689644,8,1,9999
2026-04-30T04:53:22.443997,7af95f9c-a747-11ef-8778-d2279db84567,BH Kruisplein,51.92228569,4.47138789,6,1,9999
2026-04-30T04:53:22.443997,4c50cb7a-bdb6-11ed-b1e6-fa4fb8e2990b,RK Olympiaweg,51.886462746,4.529133302,10,6,9999
2026-04-30T04:53:22.443997,a694ef4e-36e5-11f0-ab1d-9ae3af3bf913,BH Neushoornstraat,51.913041554,4.553743002,6,3,0
2026-04-30T04:53:22.443997,be56ca62-8120-11ed-b1e6-fa4fb8e2990b,RK P+R Beverwaard,51.885771514,4.568986239,10,1,9999
2026-04-30T04:53:22.443997,d5af3bc4-806a-11ed-b1e6-fa4fb8e2990b,BH Kievitslaan,51.907226862,4.473300159,17,0,9999
2026-04-30T04:53:22.443997,dd006abc-a5b3-11f0-ab44-baed9603afbb,Havenstraat,51.903204365,4.398004897,8,0,9999
2026-04-30T04:53:22.443997,6f09af84-eabe-11ee-a9f0-82366b51b915,BH Delftseplein ,51.925206514,4.474011701,14,1,9999
2026-04-30T04:53:22.443997,1cfb89ec-806b-11ed-b1e6-fa4fb8e2990b,BH Westplein,51.908912961,4.478583441,10,5,9999
2026-04-30T04:53:22.443997,12fc10a4-bb94-11ef-a02d-6ea8ed91bd56,BH Noordplein,51.930251975,4.483699175,10,3,9999
2026-04-30T04:53:22.443997,276e8d26-bda0-11ed-b1e6-fa4fb8e2990b,RK Strevelsweg,51.889634937,4.495943368,15,2,9999
2026-04-30T04:53:22.443997,9e066470-2038-11f0-ab1d-9ae3af3bf913,BH Kralinger Esch,51.911179823,4.524762065,9,9,9999
2026-04-30T04:53:22.443997,9b1f0aaa-8125-11ed-b1e6-fa4fb8e2990b,RK Slaghekstraat - Beijerlandselaan,51.897574833,4.511261604,10,3,9999
2026-04-30T04:53:22.443997,b8c81048-2037-11f0-ab1d-9ae3af3bf913,BH Van Maanenstraat,51.932279316,4.464280453,6,9,9999
2026-04-30T04:53:22.443997,1f4ff66c-bdb8-11ed-b1e6-fa4fb8e2990b,RK Van der Takstraat ,51.914243737,4.496045621,10,13,9999
2026-04-30T04:53:22.443997,3b523cee-5c94-11f0-ab1d-9ae3af3bf913,BH - Wilhelminapier,51.90698281,4.489727426,14,7,9999
2026-04-30T04:53:22.443997,e8d292d2-039a-11ef-b58d-569a23b994be,BH Mia van Yperenplein ,51.928414546,4.545678043,10,2,9999
2026-04-30T04:53:22.443997,12daf18a-8068-11ed-b1e6-fa4fb8e2990b,BH Treinst. Lombardijen (Aesopusplaats),51.880478018,4.530040287,10,5,9999
2026-04-30T04:53:22.443997,558e4a5a-eaba-11ee-a9f0-82366b51b915,BH Blijdorplaan ,51.927389289,4.440437692,22,2,9999
2026-04-30T04:53:22.443997,5a8de282-36ee-11f0-ab1d-9ae3af3bf913,BH van Blommesteynweg,51.888148155,4.460842726,10,3,9999
2026-04-30T04:53:22.443997,078569ee-a5b5-11f0-ab44-baed9603afbb,Nieuwe Waterwegstraat (digitale testhub),51.900682979,4.390873601,12,0,9999
2026-04-30T04:53:22.443997,8e5dd27e-06fd-11ef-b58d-569a23b994be,BH Prins Alexanderplein,51.951040272,4.553684972,14,0,9999
2026-04-30T04:53:22.443997,a6843864-fbc4-11ee-b58d-569a23b994be,Trompenburg 1,51.917696349,4.517981647,10,5,3
2026-04-30T04:53:22.443997,5b583480-a8da-11ef-8778-d2279db84567,BH Duyststraat,51.910073429,4.452225738,8,7,9999
2026-04-30T04:53:22.443997,2510e9ba-a5b6-11f0-847a-baed9603afbb,Hub Kloosterplaats,51.91675013,4.402112308,6,16,9999
2026-04-30T04:53:22.443997,880e3e72-a8dd-11ef-8778-d2279db84567,BH Spaansebocht,51.917413667,4.430014126,9,2,9999
2026-04-30T04:53:22.443997,b5b3324a-edb9-11ee-a9f0-82366b51b915,BH Siondwarsstraat,51.925261494,4.51053174,10,7,9999
2026-04-30T04:53:22.443997,94b01d94-edc6-11ee-a9f0-82366b51b915,BH Schuttersveld,51.933248028,4.490978921,10,6,9999
2026-04-30T04:53:22.443997,69b33170-edbd-11ee-a9f0-82366b51b915,BH Metro Oostplein 2,51.923145722,4.496820843,10,7,9999
2026-04-30T04:53:22.443997,67d6af9a-f068-11ef-ba40-0ea3ed1ae564,HUB Hof van Spaland - Schiedamseweg,51.934898803,4.378145906,12,4,9999
2026-04-30T04:53:22.443997,f4d561c2-1e0f-11f1-bada-da123385441b,BH PR Slinge 2,51.87374414,4.477026543,10,1,9
2026-04-30T04:53:22.443997,4933dd54-9e7c-11ee-a91e-ee69b7c7763e,BH Willem Ruyslaan (Luzac College),51.925421889,4.508669446,10,4,9999
2026-04-30T04:53:22.443997,9f935b6c-b095-11ef-b6d3-56d88772ab1a,BH Bergpolderplein,51.945227242,4.474988047,8,6,9999
2026-04-30T04:53:22.443997,8a2d056c-bb93-11ef-a02d-6ea8ed91bd56,BH NS Station Noord (Bergweg),51.941530048,4.481339526,10,1,7
2026-04-30T04:53:22.443997,4d95ab34-8122-11ed-b1e6-fa4fb8e2990b,RK Metrostation Maashaven ,51.896573582,4.494245173,30,1,9999
2026-04-30T04:53:22.443997,3d015ff0-8394-11ee-bb01-c602c1905375,BH Metrostation Oosterflank,51.945209326,4.555045447,10,0,9999
2026-04-30T04:53:22.443997,defeb050-a747-11ef-8778-d2279db84567,BH Karel Doormanstraat,51.922789549,4.473609692,9,2,9999
2026-04-30T04:53:22.443997,b5dc5454-890f-11ee-bb01-c602c1905375,BH Schilderstraat,51.916377397,4.48142868,8,4,9999
2026-04-30T04:53:22.443997,2f12ae3e-806c-11ed-b1e6-fa4fb8e2990b,BH Winkelcentrum Keizerswaard-Herenw,51.886358391,4.549308056,15,15,9999
2026-04-30T04:53:22.443997,3b6d73a8-805d-11ed-b1e6-fa4fb8e2990b,BH Metrostation Melanchtonweg,51.94881199,4.465233746,10,3,9999
2026-04-30T04:53:22.443997,d5832958-891a-11ee-bb01-c602c1905375,BH Metro Zuidplein (nieuw),51.887180341,4.491554668,10,1,9999
2026-04-30T04:53:22.443997,a535094e-b162-11ef-bdcd-5adc5d29ed54,BH Eudokiaplein,51.932433484,4.47153255,9,6,9999
2026-04-30T04:53:22.443997,437f8dc8-bd9e-11ed-b1e6-fa4fb8e2990b,RK Hillevliet,51.89558515,4.506432514,10,5,9999
2026-04-30T04:53:22.443997,f10d8ab4-9997-11ee-a91e-ee69b7c7763e,BH Shell Hofplein,51.925705456,4.477781355,28,3,9999
2026-04-30T04:53:22.443997,94467720-8127-11ed-b1e6-fa4fb8e2990b,RK Persoonsdam,51.909309099,4.508017165,10,5,9999
2026-04-30T04:53:22.443997,9245444a-2023-11f0-ab1d-9ae3af3bf913,BH Witte de Withstraat,51.915906523,4.478080905,10,5,9999
2026-04-30T04:53:22.443997,49d59348-ff64-11ef-b515-a65a77daff90,BH Bergweg (Dirk van den Broek),51.93856254,4.479465675,6,2,9999
2026-04-30T04:53:22.443997,30fb96bc-8124-11ed-b1e6-fa4fb8e2990b,RK Beverwaardseweg/ Borgharensingel,51.898798338,4.564663375,10,1,9999
2026-04-30T04:53:22.443997,9a1fb404-8ab3-11ee-bb01-c602c1905375,BH Langenhorst ,51.874120882,4.494254863,10,4,9999
2026-04-30T04:53:22.443997,abe67bfa-b096-11ef-b6d3-56d88772ab1a,BH Wilgenplaslaan/ Donkersingel,51.951337599,4.47048253,10,3,9999
2026-04-30T04:53:22.443997,068b0f9c-a8dd-11ef-8778-d2279db84567,BH Vierhavenstraat (Sahan),51.908502395,4.437727106,4,0,9999
2026-04-30T04:53:22.443997,bc0e7e9c-a8da-11ef-8778-d2279db84567,BH Jan van Vuchtstraat,51.917045317,4.460830874,6,2,9999
2026-04-30T04:53:22.443997,8b721818-a5b2-11f0-ab44-baed9603afbb,Lekstraat,51.90446958,4.406985264,6,1,9999
2026-04-30T04:53:22.443997,ad212572-06f7-11ef-b58d-569a23b994be,BH Molenlaan/Grindweg,51.963224537,4.49571068,10,1,9999
2026-04-30T04:53:22.443997,f8828c3e-806d-11ed-b1e6-fa4fb8e2990b,RK Station Rdam Zuid,51.905545015,4.509568537,15,7,9999
2026-04-30T04:53:22.443997,5f71799e-806b-11ed-b1e6-fa4fb8e2990b,BH Willemsplein,51.911118908,4.481894771,17,9,9999
2026-04-30T04:53:22.443997,42824336-bd97-11ed-b1e6-fa4fb8e2990b,RK Groene Hilledijk,51.882726433,4.504266667,10,3,9999
2026-04-30T04:53:22.443997,db6932f4-182b-11ef-a8d1-42f0fecaeb6a,BH Metrostation Nesselande,51.978969273,4.586177782,10,0,9999
2026-04-30T04:53:22.443997,2c4ff78a-2783-11f1-a5ae-0225521a85c1,BH PR Slinge 2,51.87374414,4.477026543,10,1,9
2026-04-30T04:53:22.443997,e26322b0-2025-11f0-ab1d-9ae3af3bf913,BH Brielselaan,51.896298935,4.489248091,4,1,9999
2026-04-30T04:53:22.443997,c862b7f2-06fb-11ef-b58d-569a23b994be,BH Prins Alexanderlaan (metrobaan zijde),51.952192324,4.551435621,10,0,9999
2026-04-30T04:53:22.443997,c53689c2-8124-11ed-b1e6-fa4fb8e2990b,RK Peellandstraat / Beesdestraat ,51.888535309,4.567291893,10,3,9999
2026-04-30T04:53:22.443997,8f5d35a0-1834-11ef-8071-42f0fecaeb6a,BH Jan Bijloostraat (Winkelcentrum Lage Land),51.941821995,4.546449269,9,2,9999
2026-04-30T04:53:22.443997,f8fcd3a4-983a-11ef-a85a-be896af2d3a5,BH Rhijnauwensingel,51.892161199,4.569620613,12,2,9999
2026-04-30T04:53:22.443997,118239d4-a5b2-11f0-ab44-baed9603afbb,Lorentzlaan (bushalte),51.917994492,4.415061192,4,4,9999
2026-04-30T04:53:22.443997,0c107276-bdb7-11ed-b1e6-fa4fb8e2990b,RK Sandelingenplein,51.889562128,4.506962326,10,5,9999
2026-04-30T04:53:22.443997,75b8bea6-81d8-11ed-b1e6-fa4fb8e2990b,RK Metrostation Maashaven (Putselaan),51.897794241,4.495760713,10,3,9999
2026-04-30T04:53:22.443997,a20bbbae-bdae-11ed-b1e6-fa4fb8e2990b,RK Frankendaal,51.886951976,4.521294152,10,0,9999
2026-04-30T04:53:22.443997,bc839806-a5b1-11f0-ab44-baed9603afbb,Van het Hoffplein (Boerhavelaan),51.916219132,4.412005574,8,4,9999
2026-04-30T04:53:22.443997,2c632780-a8de-11ef-8778-d2279db84567,BH Schuttevaerweg,51.922420472,4.434869706,10,0,9999
2026-04-30T04:53:22.443997,f1df385c-f5b2-11ef-81b3-76e5c571f05f,HUB Admiraal de Ruyterstraat,51.906742474,4.38554997,8,0,9999
2026-04-30T04:53:22.443997,4247dd56-1c9f-11ee-8219-8ed3b2364c4f,BH Metro Coolhaven,51.909218289,4.458167882,10,3,9999
2026-04-30T04:53:22.443997,65af1c24-06f4-11ef-b58d-569a23b994be,BH Meerum Terwogtlaan,51.951763386,4.524587387,10,0,9999
2026-04-30T07:26:53.554461,a3c07f10-a5b5-11f0-b05b-baed9603afbb,HUB Hoofdbrug,51.908705902,4.406131267,8,7,9999
2026-04-30T07:26:53.554461,b9bfe680-fbc4-11ee-b58d-569a23b994be,Trompenburg 2,51.917638379,4.518889893,10,0,10
2026-04-30T07:26:53.554461,3c659862-a8dd-11ef-8778-d2279db84567,BH Mayflowerstraat,51.905015647,4.440161906,10,3,9999
2026-04-30T07:26:53.554461,e0a4baca-a748-11ef-8778-d2279db84567,BH Mariniersweg,51.920853425,4.490979502,10,9,9999
2026-04-30T07:26:53.554461,c35c448e-06fc-11ef-b58d-569a23b994be,BH Jacob van Campenweg ,51.942434165,4.537976212,7,4,9999
2026-04-30T07:26:53.554461,438486f4-a5b6-11f0-a150-baed9603afbb,HUB Koemarkt ingang garage,51.914517902,4.401917461,6,2,9999
2026-04-30T07:26:53.554461,365f4a3e-a5b3-11f0-ab44-baed9603afbb,Rubensplein,51.911712719,4.383665134,6,3,9999
2026-04-30T07:26:53.554461,a85b996e-fe23-11ee-b58d-569a23b994be,BH Dirk van der Kooijweg (Waterleliesingel),51.953796964,4.52009166,10,1,9999
2026-04-30T07:26:53.554461,19e2de56-b5d8-11ee-9ae6-5263e3f30f1e,BH STC Waalhaven,51.878297275,4.448759787,10,2,9999
2026-04-30T07:26:53.554461,c6c213ee-ed18-11ef-9957-f683e5eb607c,BH Langenhorst (Binkhorst),51.877310029,4.494737503,10,4,9999
2026-04-30T07:26:53.554461,3366f8b0-a8dc-11ef-8778-d2279db84567,BH Vierhavenstraat (WoonEnzo),51.907777562,4.438830385,4,1,9999
2026-04-30T07:26:53.554461,04a89aea-a5b3-11f0-ab44-baed9603afbb,Groenelaan Hagastraat (Winkelcentrum),51.907303396,4.402285408,4,5,9999
2026-04-30T07:26:53.554461,32638aa6-a5b5-11f0-9f09-baed9603afbb,HUB Laan van Bol'es,51.928443203,4.370771711,10,1,9999
2026-04-30T07:26:53.554461,291c2f72-a749-11ef-8778-d2279db84567,BH Westzeedijk,51.909321622,4.471436479,10,2,9999
2026-04-30T07:26:53.554461,abd627be-67bb-11f0-91de-5eaa9feacc9b,BH Schiekade (Heer Bokelweg),51.927133058,4.476309832,10,1,9999
2026-04-30T07:26:53.554461,8948d5a4-b094-11ef-b6d3-56d88772ab1a,BH Duivenpad,51.964922912,4.498254116,8,2,9999
2026-04-30T07:26:53.554461,227e8c1e-be97-11ee-9ae6-5263e3f30f1e,HUB Metrostation Troelstralaan,51.915742295,4.384972326,10,0,9999
2026-04-30T07:26:53.554461,0af509a8-06f7-11ef-b58d-569a23b994be,BH Beethovensingel,51.96114919,4.505141448,10,2,9999
2026-04-30T07:26:53.554461,dc06f296-1768-11ef-8071-42f0fecaeb6a,BH Prins Alexanderlaan (Oosterflank),51.946646256,4.553811478,12,0,9999
2026-04-30T07:26:53.554461,221af3ce-7fe1-11ee-bb01-c602c1905375,BH Metro Prinsenlaan,51.940647564,4.556931306,10,0,9999
2026-04-30T07:26:53.554461,a793d6ba-edc8-11ee-a9f0-82366b51b915,BH Infirmeriestraat,51.922255603,4.502265891,10,12,9999
2026-04-30T07:26:53.554461,0359e1a2-bdb3-11ed-b1e6-fa4fb8e2990b,RK Rosestraat 11C,51.902954022,4.511377745,10,6,9999
2026-04-30T07:26:53.554461,87f07e20-9e78-11ee-a91e-ee69b7c7763e,BH Marconistraat (Lee Towers),51.912441021,4.430411189,14,7,9999
2026-04-30T07:26:53.554461,f539bd6e-06f8-11ef-b58d-569a23b994be,BH Meijersplein,51.955657978,4.463033845,8,5,9999
2026-04-30T07:26:53.554461,70f0801a-8071-11ed-b1e6-fa4fb8e2990b,RK treinstation Lombardijen,51.88057913,4.531905572,30,4,9999
2026-04-30T07:26:53.554461,43752ffc-a8db-11ef-8778-d2279db84567,BH Pieter de Hoochweg,51.906316301,4.459985731,6,1,9999
2026-04-30T07:26:53.554461,b35ddad8-ab08-11ef-8778-d2279db84567,HUB Rotterdamsedijk 272,51.914957692,4.40343084,8,5,9999
2026-04-30T07:26:53.554461,9b1fa0f6-ae3c-11ee-a91e-ee69b7c7763e,BH Winkelhart Plein 1953,51.874842065,4.467889739,10,4,9999
2026-04-30T07:26:53.554461,8bd90878-0884-11f0-9a47-66143dd92f22,RK Molenvliet,51.882626536,4.521159806,10,5,9999
2026-04-30T07:26:53.554461,45450b66-a5b2-11f0-ab44-baed9603afbb,Maasdijk (Gustoweg),51.906629018,4.412009895,6,1,9999
2026-04-30T07:26:53.554461,4de2effe-f068-11ef-ba40-0ea3ed1ae564,HUB Hof van Spaland - Vlaardingseweg,51.935841728,4.376077923,4,3,9999
2026-04-30T07:26:53.554461,d38c6468-06fe-11ef-b58d-569a23b994be,BH Kleine Beer,51.950902127,4.555051083,6,2,9999
2026-04-30T07:26:53.554461,e552904e-182b-11ef-a8d1-42f0fecaeb6a,BH Metrostation Hesseplaats,51.963345229,4.554510684,10,5,9999
2026-04-30T07:26:53.554461,1826196c-b162-11ef-bdcd-5adc5d29ed54,BH Bentincklaan (Diergaarde Blijdorp),51.92572504,4.454794024,10,1,9999
2026-04-30T07:26:53.554461,8a1e5ed0-1c9e-11ee-8219-8ed3b2364c4f,BH Sparta stadion,51.920151368,4.434428835,20,1,9999
2026-04-30T07:26:53.554461,d3c9003c-b486-11ee-9ae6-5263e3f30f1e,BH Oostzeedijk Beneden,51.922514244,4.503092963,10,2,9999
2026-04-30T07:26:53.554461,552a82b8-b094-11ef-b6d3-56d88772ab1a,BH Hockeyclub Rotterdam,51.96869974,4.484731647,25,9,9999
2026-04-30T07:26:53.554461,cb3f6d1c-a746-11ef-8778-d2279db84567,BH Vasteland (AH),51.911537089,4.478368712,10,3,9999
2026-04-30T07:26:53.554461,d4a8557a-eabd-11ef-ac99-aa7241d1fb4f,HUB Admiraal Trompstraat (Huisman),51.908834504,4.381923039,8,0,9999
2026-04-30T07:26:53.554461,00e8b3de-9e82-11ee-a91e-ee69b7c7763e,BH Jacques Dutilhweg,51.927993284,4.5475155,10,1,9999
2026-04-30T07:26:53.554461,d868fe52-36e5-11f0-ab1d-9ae3af3bf913,BH Sluisjesdijk,51.894714517,4.461900478,10,4,4
2026-04-30T07:26:53.554461,4338fed2-edbb-11ee-a9f0-82366b51b915,BH Oostzeedijk Beneden 2,51.921653595,4.507031037,10,14,9999
2026-04-30T07:26:53.554461,2c82bb9a-217b-11ee-8219-8ed3b2364c4f,Hub Weena,51.922738296,4.469181329,142,50,9999
2026-04-30T07:26:53.554461,96f5cbdc-06f6-11ef-b58d-569a23b994be,BH Argonautenweg,51.959086712,4.49354982,10,1,9999
2026-04-30T07:26:53.554461,2f51713e-32b7-11ee-8219-8ed3b2364c4f,Hub P+R Capelsebrug,51.920991793,4.559215491,18,29,9999
2026-04-30T07:26:53.554461,62b0255a-9e7a-11ee-a91e-ee69b7c7763e,BH Vierhavenstraat,51.910327597,4.434992993,16,4,9999
2026-04-30T07:26:53.554461,2b10524e-06f5-11ef-b58d-569a23b994be,BH Piet van der Polsingel,51.950618784,4.518612648,8,1,9999
2026-04-30T07:26:53.554461,47070056-06fa-11ef-b58d-569a23b994be,BH Metrostation Schenkel,51.931770435,4.56406792,12,2,9999
2026-04-30T07:26:53.554461,0e59456c-f06d-11f0-b173-2e3b4d4b7f35,BH P+R Kralingse Zoom,51.921440854,4.531732208,10,14,0
2026-04-30T07:26:53.554461,7a8c12ba-91ab-11ed-b1e6-fa4fb8e2990b,BH Metrostation Slinge,51.874526023,4.477872534,15,8,9999
2026-04-30T07:26:53.554461,026045c6-8530-11ee-bb01-c602c1905375,BH Winkelhart Katendrechtse Lagedijk,51.891184937,4.479440034,10,4,9999
2026-04-30T07:26:53.554461,9d9bb8ec-4bd1-11ee-bb01-c602c1905375,BH Marconiplein,51.913319277,4.432514448,10,4,9999
2026-04-30T07:26:53.554461,8330f3ca-a5b4-11f0-ab44-baed9603afbb,Fokkerstraat Plesmanstraat,51.929694009,4.399576614,4,0,9999
2026-04-30T07:26:53.554461,5b842034-5331-11f0-ab1d-9ae3af3bf913,BH Walenburgerweg,51.926698659,4.462629155,10,2,9999
2026-04-30T07:26:53.554461,a08059b6-b484-11ee-9ae6-5263e3f30f1e,BH Metrostation Gerdesiaweg,51.925444134,4.506155972,10,2,9999
2026-04-30T07:26:53.554461,2f718c84-8911-11ee-bb01-c602c1905375,BH Metro Dijkzigt - EMC,51.911789199,4.466334846,20,18,9999
2026-04-30T07:26:53.554461,f58e41fc-1c9f-11ee-8219-8ed3b2364c4f,BH Heemraadsplein,51.912322959,4.455058085,10,5,9999
2026-04-30T07:26:53.554461,79fdd038-34b8-11f0-ab1d-9ae3af3bf913,BH RTHA Airport,51.94924845,4.432611987,10,19,0
2026-04-30T07:26:53.554461,1c41897e-596e-11ef-bed6-aa139991deb4,HUB Metrostation Nieuwland / Bijdorpplein,51.922583819,4.38260008,10,0,9999
2026-04-30T07:26:53.554461,a57d027c-8912-11ee-bb01-c602c1905375,BH Delftse Poort,51.924408145,4.472816464,10,22,9999
2026-04-30T07:26:53.554461,6383849a-2038-11f0-ab1d-9ae3af3bf913,BH - Kralingsebos (Langepad),51.936318565,4.506197017,10,3,9999
2026-04-30T07:26:53.554461,e90e9332-06f5-11ef-b58d-569a23b994be,BH Burgemeester Le Fèvre de Montignylaan,51.957620055,4.501711782,10,3,9999
2026-04-30T07:26:53.554461,5cb3ffde-bdaf-11ed-b1e6-fa4fb8e2990b,RK Stadionlaan,51.892328813,4.530682857,10,3,9999
2026-04-30T07:26:53.554461,02bed1f8-8392-11ee-bb01-c602c1905375,BH Station Alexander,51.951735827,4.551049232,10,5,9999
2026-04-30T07:26:53.554461,08d5cf66-8ab2-11ee-bb01-c602c1905375,BH Winkelhart Asterlo,51.873536387,4.483591736,10,11,9999
2026-04-30T07:26:53.554461,0e51e024-c757-11ee-9ae6-5263e3f30f1e,BH Metrostation Binnenhof,51.960437867,4.535372966,10,1,9999
2026-04-30T07:26:53.554461,409f87f6-890f-11ee-bb01-c602c1905375,BH Metro Beurs,51.917806013,4.480107053,8,6,9999
2026-04-30T07:26:53.554461,d6a7cd26-4d08-11f0-ab1d-9ae3af3bf913,BH - Oudehoofdplein-Haringvliet,51.918979475,4.49384405,10,4,9999
2026-04-30T07:26:53.554461,f0ad9b92-1767-11ef-8071-42f0fecaeb6a,BH Prinsenlaan,51.937206457,4.536127586,10,2,9999
2026-04-30T07:26:53.554461,f06fd44c-2035-11f0-ab1d-9ae3af3bf913,BH Boezemlaan,51.938982631,4.495864471,10,1,9999
2026-04-30T07:26:53.554461,8d91a90c-9e83-11ee-a91e-ee69b7c7763e,BH Kraaierstraat,51.91909698,4.418192898,8,15,9999
2026-04-30T07:26:53.554461,a2671a36-bdad-11ed-b1e6-fa4fb8e2990b,RK Dwarsdijk,51.893055987,4.539201504,10,3,9999
2026-04-30T07:26:53.554461,376a5cda-06f8-11ef-b58d-569a23b994be,BH Ganzerikplein,51.958953276,4.471584016,10,3,9999
2026-04-30T07:26:53.554461,5cdd9872-b096-11ef-b6d3-56d88772ab1a,BH Wilgenplaslaan/ Meidoornsingel,51.953868042,4.468211582,7,2,9999
2026-04-30T07:26:53.554461,952a3e78-a8db-11ef-8778-d2279db84567,BH Lloydstraat,51.902214281,4.461287644,10,4,9999
2026-04-30T07:26:53.554461,a6fa0910-8067-11ed-b1e6-fa4fb8e2990b,BH Stadion Fey (Bert Heesakkerstr.),51.896805818,4.521735582,50,2,9999
2026-04-30T07:26:53.554461,a1337d02-e018-11ed-a249-96cdaf8f7240,BH Sint Franciscus,51.942171146,4.460534407,25,2,9999
2026-04-30T07:26:53.554461,d3cea108-8285-11f0-ab44-baed9603afbb,BH - Ratelaarweg,51.967431611,4.463349689,10,3,9999
2026-04-30T07:26:53.554461,3bef7002-bdb5-11ed-b1e6-fa4fb8e2990b,RK Breeweg,51.890630632,4.514261169,10,6,9999
2026-04-30T07:26:53.554461,8c90734c-45bb-11ee-8219-8ed3b2364c4f,BH Coen Moulijnweg,51.893813253,4.526876329,42,5,9999
2026-04-30T07:26:53.554461,1b098490-2037-11f0-ab1d-9ae3af3bf913,BH Karmelweg,51.933461291,4.5029394,8,3,9999
2026-04-30T07:26:53.554461,23348a06-bdb1-11ed-b1e6-fa4fb8e2990b,RK Guido Gezelleweg,51.87434607,4.523238145,10,1,9999
2026-04-30T07:26:53.554461,66824038-37b2-11ef-a21a-8e54a72a50da,HUB Metrostation Parkweg / Zuidzijde,51.921443238,4.39475836,10,9,1
2026-04-30T07:26:53.554461,2c127298-ff25-11ef-a79f-a65a77daff90,BH Aert van Nesstraat,51.921141166,4.478916173,8,8,9999
2026-04-30T07:26:53.554461,cde445c6-a744-11ef-8778-d2279db84567,BH Groenendaal,51.921685178,4.492944049,6,3,9999
2026-04-30T07:26:53.554461,97c6a1c2-a8da-11ef-8778-d2279db84567,BH Henegouwerplein,51.921807589,4.460561523,10,2,9999
2026-04-30T07:26:53.554461,e68d5642-a5b5-11f0-b6c1-baed9603afbb,HUB NS Station Schiedam Centrum/ Professor Kamerlingh Onneslaan,51.92071744,4.408262487,12,13,9999
2026-04-30T07:26:53.554461,82623a40-bda3-11ed-b1e6-fa4fb8e2990b,RK Rosestraat,51.91100607,4.501308573,10,3,9999
2026-04-30T07:26:53.554461,b7353df6-b485-11ee-9ae6-5263e3f30f1e,BH Metrostation Kralingsezoom (Gravenweg),51.921751706,4.533850265,10,4,9999
2026-04-30T07:26:53.554461,6c34980a-bb92-11ef-a02d-6ea8ed91bd56,BH Gordelweg (Lidl),51.940472428,4.479798999,4,4,9999
2026-04-30T07:26:53.554461,5904bd1a-a5b5-11f0-b05b-baed9603afbb,HUB Hof van Spaland - Bachplein,51.934889388,4.374726808,8,1,9999
2026-04-30T07:26:53.554461,32ca5fd0-8126-11ed-b1e6-fa4fb8e2990b,RK Vuurplaat,51.906526668,4.505838102,10,1,9999
2026-04-30T07:26:53.554461,f94a1ff6-b095-11ef-b6d3-56d88772ab1a,BH Bm Le Fèvre de Montignylaan/ Jeroen Boschlaan,51.955641943,4.505982462,6,5,9999
2026-04-30T07:26:53.554461,4228b402-8537-11ee-bb01-c602c1905375,BH Tongelaarweg,51.895280064,4.563514996,10,2,9999
2026-04-30T07:26:53.554461,6f66a60c-36e5-11f0-ab1d-9ae3af3bf913,BH Lloydpier,51.904487669,4.460458303,8,9,0
2026-04-30T07:26:53.554461,7d81b63e-a5b5-11f0-b05b-baed9603afbb,HUB 's Gravelandseweg,51.932091958,4.401924037,6,5,9999
2026-04-30T07:26:53.554461,a3dbb322-8121-11ed-b1e6-fa4fb8e2990b,RK Metrostation Rijnhaven ,51.902216981,4.49610172,15,1,9999
2026-04-30T07:26:53.554461,cf23b50e-9ad0-11f0-ab44-baed9603afbb,BH Natuurhistorisch museum,51.911022288,4.472728259,12,2,9999
2026-04-30T07:26:53.554461,d55243f6-182b-11ef-a8d1-42f0fecaeb6a,BH Siciliëboulevard ,51.97996654,4.580859756,10,1,9999
2026-04-30T07:26:53.554461,e0f7ef36-a5b4-11f0-ab44-baed9603afbb,Havenstraat einde (digitale testhub),51.900396883,4.398614319,12,2,9999
2026-04-30T07:26:53.554461,05d1d708-eabd-11ef-88c2-aa7241d1fb4f,HUB De Thermen ,51.927426752,4.380236246,8,1,9999
2026-04-30T07:26:53.554461,b3381a7a-2036-11f0-ab1d-9ae3af3bf913,BH Oudedijk / de Nieuwe Plantage,51.929149075,4.505248613,8,1,9999
2026-04-30T07:26:53.554461,8b480576-eabc-11ee-a9f0-82366b51b915,BH Schiedamseweg Beneden,51.914135146,4.422297364,5,7,9999
2026-04-30T07:26:53.554461,89a2f1d2-a5b3-11f0-ab44-baed9603afbb,Metrostation Vijfsluizen,51.908108215,4.37254105,8,2,9999
2026-04-30T07:26:53.554461,e50f3d1e-f069-11ef-9ed7-0ea3ed1ae564,HUB Oranjestraat - Lange Nieuwstraat,51.913368472,4.40030457,5,1,9999
2026-04-30T07:26:53.554461,4c1b19a4-d0a1-11ee-8b0e-065810cc8d78,BH Elandstraat,51.910800072,4.553878993,10,6,9999
2026-04-30T07:26:53.554461,bbbba24e-806e-11ed-b1e6-fa4fb8e2990b,RK P+R Noorderhelling,51.894761016,4.532122707,15,3,9999
2026-04-30T07:26:53.554461,3ac0b682-8129-11ed-b1e6-fa4fb8e2990b,RK Cor Kieboomplein,51.896922039,4.523502821,15,1,9999
2026-04-30T07:26:53.554461,5a3ffbf4-37b1-11ef-a21a-8e54a72a50da,HUB Metrostation Nieuwland / Van Limburg Stirumstraat,51.922446663,4.38308784,6,7,0
2026-04-30T07:26:53.554461,5d8d12a2-a5b4-11f0-ab44-baed9603afbb,Van Heekstraat,51.931167557,4.406024405,4,1,9999
2026-04-30T07:26:53.554461,f251d6e8-0b82-11ef-b58d-569a23b994be,BH Metrostation Graskruid ,51.956473743,4.550010233,8,1,9999
2026-04-30T07:26:53.554461,a4d2ea7c-b2f0-11ef-aa57-62870c7808bb,BH 2e Hogenbanweg,51.936951327,4.427707182,8,1,9999
2026-04-30T07:26:53.554461,75ba0d1a-2037-11f0-ab1d-9ae3af3bf913,BH Stadhoudersweg,51.931417737,4.461484988,10,1,9999
2026-04-30T07:26:53.554461,bc6b0d7e-a745-11ef-8778-d2279db84567,BH Goudsewagenstraat,51.923224462,4.493552746,8,9,9999
2026-04-30T07:26:53.554461,0f37eafc-8912-11ee-bb01-c602c1905375,BH Metro Oostplein,51.922677789,4.497608825,10,9,9999
2026-04-30T07:26:53.554461,aed7c2fa-8123-11ed-b1e6-fa4fb8e2990b,RK Groene Hilledijk/Beijerlandselaan,51.893806789,4.509452258,10,4,9999
2026-04-30T07:26:53.554461,c76f0318-bb92-11ef-a02d-6ea8ed91bd56,BH NS Centraal Station (Stationssingel),51.925399994,4.466148375,10,33,9999
2026-04-30T07:26:53.554461,361a368c-a5b4-11f0-ab44-baed9603afbb,Sportpark Haga (Epke Zonderlandstraat),51.921919868,4.370918199,8,3,9999
2026-04-30T07:26:53.554461,f4c0fe5e-02d6-11ef-b58d-569a23b994be,BH Paulus Potterstraat,51.9228414,4.508497696,10,2,9999
2026-04-30T07:26:53.554461,48cbf66e-9f15-11ee-a91e-ee69b7c7763e,BH Franselaan,51.917379138,4.420463507,10,5,9999
2026-04-30T07:26:53.554461,e9735b4e-7da7-11f0-ab44-baed9603afbb,BH Veldkersweg,51.966835673,4.46657292,8,2,9999
2026-04-30T07:26:53.554461,4b1ac684-bb93-11ef-a02d-6ea8ed91bd56,BH Noorderkanaalweg,51.940525593,4.472984586,9,1,9999
2026-04-30T07:26:53.554461,033a9392-3700-11f0-ab1d-9ae3af3bf913,BH Herman Bavinckstraat,51.915067882,4.521446921,10,5,9999
2026-04-30T07:26:53.554461,ffe8c3e8-a8da-11ef-8778-d2279db84567,BH Mathenesserplein,51.917836602,4.44508891,8,3,9999
2026-04-30T07:26:53.554461,e377069a-ff63-11ef-a79f-a65a77daff90,BH Kralingsebos Bosdreef/Pr. Beatrixlaan,51.93789612,4.501689644,8,2,9999
2026-04-30T07:26:53.554461,7af95f9c-a747-11ef-8778-d2279db84567,BH Kruisplein,51.92228569,4.47138789,6,13,9999
2026-04-30T07:26:53.554461,4c50cb7a-bdb6-11ed-b1e6-fa4fb8e2990b,RK Olympiaweg,51.886462746,4.529133302,10,6,9999
2026-04-30T07:26:53.554461,a694ef4e-36e5-11f0-ab1d-9ae3af3bf913,BH Neushoornstraat,51.913041554,4.553743002,6,2,0
2026-04-30T07:26:53.554461,be56ca62-8120-11ed-b1e6-fa4fb8e2990b,RK P+R Beverwaard,51.885771514,4.568986239,10,1,9999
2026-04-30T07:26:53.554461,d5af3bc4-806a-11ed-b1e6-fa4fb8e2990b,BH Kievitslaan,51.907226862,4.473300159,17,2,9999
2026-04-30T07:26:53.554461,dd006abc-a5b3-11f0-ab44-baed9603afbb,Havenstraat,51.903204365,4.398004897,8,0,9999
2026-04-30T07:26:53.554461,6f09af84-eabe-11ee-a9f0-82366b51b915,BH Delftseplein ,51.925206514,4.474011701,14,8,9999
2026-04-30T07:26:53.554461,1cfb89ec-806b-11ed-b1e6-fa4fb8e2990b,BH Westplein,51.908912961,4.478583441,10,10,9999
2026-04-30T07:26:53.554461,12fc10a4-bb94-11ef-a02d-6ea8ed91bd56,BH Noordplein,51.930251975,4.483699175,10,2,9999
2026-04-30T07:26:53.554461,276e8d26-bda0-11ed-b1e6-fa4fb8e2990b,RK Strevelsweg,51.889634937,4.495943368,15,2,9999
2026-04-30T07:26:53.554461,9e066470-2038-11f0-ab1d-9ae3af3bf913,BH Kralinger Esch,51.911179823,4.524762065,9,8,9999
2026-04-30T07:26:53.554461,9b1f0aaa-8125-11ed-b1e6-fa4fb8e2990b,RK Slaghekstraat - Beijerlandselaan,51.897574833,4.511261604,10,2,9999
2026-04-30T07:26:53.554461,b8c81048-2037-11f0-ab1d-9ae3af3bf913,BH Van Maanenstraat,51.932279316,4.464280453,6,4,9999
2026-04-30T07:26:53.554461,1f4ff66c-bdb8-11ed-b1e6-fa4fb8e2990b,RK Van der Takstraat ,51.914243737,4.496045621,10,11,9999
2026-04-30T07:26:53.554461,3b523cee-5c94-11f0-ab1d-9ae3af3bf913,BH - Wilhelminapier,51.90698281,4.489727426,14,11,9999
2026-04-30T07:26:53.554461,e8d292d2-039a-11ef-b58d-569a23b994be,BH Mia van Yperenplein ,51.928414546,4.545678043,10,2,9999
2026-04-30T07:26:53.554461,12daf18a-8068-11ed-b1e6-fa4fb8e2990b,BH Treinst. Lombardijen (Aesopusplaats),51.880478018,4.530040287,10,6,9999
2026-04-30T07:26:53.554461,558e4a5a-eaba-11ee-a9f0-82366b51b915,BH Blijdorplaan ,51.927389289,4.440437692,22,2,9999
2026-04-30T07:26:53.554461,5a8de282-36ee-11f0-ab1d-9ae3af3bf913,BH van Blommesteynweg,51.888148155,4.460842726,10,2,9999
2026-04-30T07:26:53.554461,078569ee-a5b5-11f0-ab44-baed9603afbb,Nieuwe Waterwegstraat (digitale testhub),51.900682979,4.390873601,12,0,9999
2026-04-30T07:26:53.554461,8e5dd27e-06fd-11ef-b58d-569a23b994be,BH Prins Alexanderplein,51.951040272,4.553684972,14,0,9999
2026-04-30T07:26:53.554461,a6843864-fbc4-11ee-b58d-569a23b994be,Trompenburg 1,51.917696349,4.517981647,10,5,3
2026-04-30T07:26:53.554461,5b583480-a8da-11ef-8778-d2279db84567,BH Duyststraat,51.910073429,4.452225738,8,5,9999
2026-04-30T07:26:53.554461,2510e9ba-a5b6-11f0-847a-baed9603afbb,Hub Kloosterplaats,51.91675013,4.402112308,6,15,9999
2026-04-30T07:26:53.554461,880e3e72-a8dd-11ef-8778-d2279db84567,BH Spaansebocht,51.917413667,4.430014126,9,2,9999
2026-04-30T07:26:53.554461,b5b3324a-edb9-11ee-a9f0-82366b51b915,BH Siondwarsstraat,51.925261494,4.51053174,10,7,9999
2026-04-30T07:26:53.554461,94b01d94-edc6-11ee-a9f0-82366b51b915,BH Schuttersveld,51.933248028,4.490978921,10,6,9999
2026-04-30T07:26:53.554461,69b33170-edbd-11ee-a9f0-82366b51b915,BH Metro Oostplein 2,51.923145722,4.496820843,10,3,9999
2026-04-30T07:26:53.554461,67d6af9a-f068-11ef-ba40-0ea3ed1ae564,HUB Hof van Spaland - Schiedamseweg,51.934898803,4.378145906,12,4,9999
2026-04-30T07:26:53.554461,f4d561c2-1e0f-11f1-bada-da123385441b,BH PR Slinge 2,51.87374414,4.477026543,10,1,9
2026-04-30T07:26:53.554461,4933dd54-9e7c-11ee-a91e-ee69b7c7763e,BH Willem Ruyslaan (Luzac College),51.925421889,4.508669446,10,3,9999
2026-04-30T07:26:53.554461,9f935b6c-b095-11ef-b6d3-56d88772ab1a,BH Bergpolderplein,51.945227242,4.474988047,8,5,9999
2026-04-30T07:26:53.554461,8a2d056c-bb93-11ef-a02d-6ea8ed91bd56,BH NS Station Noord (Bergweg),51.941530048,4.481339526,10,1,8
2026-04-30T07:26:53.554461,4d95ab34-8122-11ed-b1e6-fa4fb8e2990b,RK Metrostation Maashaven ,51.896573582,4.494245173,30,2,9999
2026-04-30T07:26:53.554461,3d015ff0-8394-11ee-bb01-c602c1905375,BH Metrostation Oosterflank,51.945209326,4.555045447,10,2,9999
2026-04-30T07:26:53.554461,defeb050-a747-11ef-8778-d2279db84567,BH Karel Doormanstraat,51.922789549,4.473609692,9,9,9999
2026-04-30T07:26:53.554461,b5dc5454-890f-11ee-bb01-c602c1905375,BH Schilderstraat,51.916377397,4.48142868,8,6,9999
2026-04-30T07:26:53.554461,2f12ae3e-806c-11ed-b1e6-fa4fb8e2990b,BH Winkelcentrum Keizerswaard-Herenw,51.886358391,4.549308056,15,15,9999
2026-04-30T07:26:53.554461,3b6d73a8-805d-11ed-b1e6-fa4fb8e2990b,BH Metrostation Melanchtonweg,51.94881199,4.465233746,10,5,9999
2026-04-30T07:26:53.554461,d5832958-891a-11ee-bb01-c602c1905375,BH Metro Zuidplein (nieuw),51.887180341,4.491554668,10,1,9999
2026-04-30T07:26:53.554461,a535094e-b162-11ef-bdcd-5adc5d29ed54,BH Eudokiaplein,51.932433484,4.47153255,9,4,9999
2026-04-30T07:26:53.554461,437f8dc8-bd9e-11ed-b1e6-fa4fb8e2990b,RK Hillevliet,51.89558515,4.506432514,10,5,9999
2026-04-30T07:26:53.554461,f10d8ab4-9997-11ee-a91e-ee69b7c7763e,BH Shell Hofplein,51.925705456,4.477781355,28,6,9999
2026-04-30T07:26:53.554461,94467720-8127-11ed-b1e6-fa4fb8e2990b,RK Persoonsdam,51.909309099,4.508017165,10,4,9999
2026-04-30T07:26:53.554461,9245444a-2023-11f0-ab1d-9ae3af3bf913,BH Witte de Withstraat,51.915906523,4.478080905,10,5,9999
2026-04-30T07:26:53.554461,49d59348-ff64-11ef-b515-a65a77daff90,BH Bergweg (Dirk van den Broek),51.93856254,4.479465675,6,1,9999
2026-04-30T07:26:53.554461,30fb96bc-8124-11ed-b1e6-fa4fb8e2990b,RK Beverwaardseweg/ Borgharensingel,51.898798338,4.564663375,10,2,9999
2026-04-30T07:26:53.554461,9a1fb404-8ab3-11ee-bb01-c602c1905375,BH Langenhorst ,51.874120882,4.494254863,10,6,9999
2026-04-30T07:26:53.554461,abe67bfa-b096-11ef-b6d3-56d88772ab1a,BH Wilgenplaslaan/ Donkersingel,51.951337599,4.47048253,10,1,9999
2026-04-30T07:26:53.554461,068b0f9c-a8dd-11ef-8778-d2279db84567,BH Vierhavenstraat (Sahan),51.908502395,4.437727106,4,0,9999
2026-04-30T07:26:53.554461,bc0e7e9c-a8da-11ef-8778-d2279db84567,BH Jan van Vuchtstraat,51.917045317,4.460830874,6,0,9999
2026-04-30T07:26:53.554461,8b721818-a5b2-11f0-ab44-baed9603afbb,Lekstraat,51.90446958,4.406985264,6,2,9999
2026-04-30T07:26:53.554461,ad212572-06f7-11ef-b58d-569a23b994be,BH Molenlaan/Grindweg,51.963224537,4.49571068,10,0,9999
2026-04-30T07:26:53.554461,f8828c3e-806d-11ed-b1e6-fa4fb8e2990b,RK Station Rdam Zuid,51.905545015,4.509568537,15,4,9999
2026-04-30T07:26:53.554461,5f71799e-806b-11ed-b1e6-fa4fb8e2990b,BH Willemsplein,51.911118908,4.481894771,17,12,9999
2026-04-30T07:26:53.554461,42824336-bd97-11ed-b1e6-fa4fb8e2990b,RK Groene Hilledijk,51.882726433,4.504266667,10,4,9999
2026-04-30T07:26:53.554461,db6932f4-182b-11ef-a8d1-42f0fecaeb6a,BH Metrostation Nesselande,51.978969273,4.586177782,10,0,9999
2026-04-30T07:26:53.554461,2c4ff78a-2783-11f1-a5ae-0225521a85c1,BH PR Slinge 2,51.87374414,4.477026543,10,1,9
2026-04-30T07:26:53.554461,e26322b0-2025-11f0-ab1d-9ae3af3bf913,BH Brielselaan,51.896298935,4.489248091,4,2,9999
2026-04-30T07:26:53.554461,c862b7f2-06fb-11ef-b58d-569a23b994be,BH Prins Alexanderlaan (metrobaan zijde),51.952192324,4.551435621,10,2,9999
2026-04-30T07:26:53.554461,c53689c2-8124-11ed-b1e6-fa4fb8e2990b,RK Peellandstraat / Beesdestraat ,51.888535309,4.567291893,10,3,9999
2026-04-30T07:26:53.554461,8f5d35a0-1834-11ef-8071-42f0fecaeb6a,BH Jan Bijloostraat (Winkelcentrum Lage Land),51.941821995,4.546449269,9,0,9999
2026-04-30T07:26:53.554461,f8fcd3a4-983a-11ef-a85a-be896af2d3a5,BH Rhijnauwensingel,51.892161199,4.569620613,12,2,9999
2026-04-30T07:26:53.554461,118239d4-a5b2-11f0-ab44-baed9603afbb,Lorentzlaan (bushalte),51.917994492,4.415061192,4,3,9999
2026-04-30T07:26:53.554461,0c107276-bdb7-11ed-b1e6-fa4fb8e2990b,RK Sandelingenplein,51.889562128,4.506962326,10,5,9999
2026-04-30T07:26:53.554461,75b8bea6-81d8-11ed-b1e6-fa4fb8e2990b,RK Metrostation Maashaven (Putselaan),51.897794241,4.495760713,10,4,9999
2026-04-30T07:26:53.554461,a20bbbae-bdae-11ed-b1e6-fa4fb8e2990b,RK Frankendaal,51.886951976,4.521294152,10,0,9999
2026-04-30T07:26:53.554461,bc839806-a5b1-11f0-ab44-baed9603afbb,Van het Hoffplein (Boerhavelaan),51.916219132,4.412005574,8,3,9999
2026-04-30T07:26:53.554461,2c632780-a8de-11ef-8778-d2279db84567,BH Schuttevaerweg,51.922420472,4.434869706,10,1,9999
2026-04-30T07:26:53.554461,f1df385c-f5b2-11ef-81b3-76e5c571f05f,HUB Admiraal de Ruyterstraat,51.906742474,4.38554997,8,0,9999
2026-04-30T07:26:53.554461,4247dd56-1c9f-11ee-8219-8ed3b2364c4f,BH Metro Coolhaven,51.909218289,4.458167882,10,5,9999
2026-04-30T07:26:53.554461,65af1c24-06f4-11ef-b58d-569a23b994be,BH Meerum Terwogtlaan,51.951763386,4.524587387,10,0,9999
2026-04-30T09:35:58.956294,438486f4-a5b6-11f0-a150-baed9603afbb,HUB Koemarkt ingang garage,51.914517902,4.401917461,6,2,9999
2026-04-30T09:35:58.956294,365f4a3e-a5b3-11f0-ab44-baed9603afbb,Rubensplein,51.911712719,4.383665134,6,3,9999
2026-04-30T09:35:58.956294,a85b996e-fe23-11ee-b58d-569a23b994be,BH Dirk van der Kooijweg (Waterleliesingel),51.953796964,4.52009166,10,1,9999
2026-04-30T09:35:58.956294,19e2de56-b5d8-11ee-9ae6-5263e3f30f1e,BH STC Waalhaven,51.878297275,4.448759787,10,2,9999
2026-04-30T09:35:58.956294,c6c213ee-ed18-11ef-9957-f683e5eb607c,BH Langenhorst (Binkhorst),51.877310029,4.494737503,10,4,9999
2026-04-30T09:35:58.956294,3366f8b0-a8dc-11ef-8778-d2279db84567,BH Vierhavenstraat (WoonEnzo),51.907777562,4.438830385,4,1,9999
2026-04-30T09:35:58.956294,04a89aea-a5b3-11f0-ab44-baed9603afbb,Groenelaan Hagastraat (Winkelcentrum),51.907303396,4.402285408,4,2,9999
2026-04-30T09:35:58.956294,32638aa6-a5b5-11f0-9f09-baed9603afbb,HUB Laan van Bol'es,51.928443203,4.370771711,10,1,9999
2026-04-30T09:35:58.956294,291c2f72-a749-11ef-8778-d2279db84567,BH Westzeedijk,51.909321622,4.471436479,10,5,9999
2026-04-30T09:35:58.956294,abd627be-67bb-11f0-91de-5eaa9feacc9b,BH Schiekade (Heer Bokelweg),51.927133058,4.476309832,10,1,9999
2026-04-30T09:35:58.956294,8948d5a4-b094-11ef-b6d3-56d88772ab1a,BH Duivenpad,51.964922912,4.498254116,8,2,9999
2026-04-30T09:35:58.956294,227e8c1e-be97-11ee-9ae6-5263e3f30f1e,HUB Metrostation Troelstralaan,51.915742295,4.384972326,10,0,9999
2026-04-30T09:35:58.956294,0af509a8-06f7-11ef-b58d-569a23b994be,BH Beethovensingel,51.96114919,4.505141448,10,1,9999
2026-04-30T09:35:58.956294,dc06f296-1768-11ef-8071-42f0fecaeb6a,BH Prins Alexanderlaan (Oosterflank),51.946646256,4.553811478,12,0,9999
2026-04-30T09:35:58.956294,221af3ce-7fe1-11ee-bb01-c602c1905375,BH Metro Prinsenlaan,51.940647564,4.556931306,10,0,9999
2026-04-30T09:35:58.956294,a793d6ba-edc8-11ee-a9f0-82366b51b915,BH Infirmeriestraat,51.922255603,4.502265891,10,10,9999
2026-04-30T09:35:58.956294,0359e1a2-bdb3-11ed-b1e6-fa4fb8e2990b,RK Rosestraat 11C,51.902954022,4.511377745,10,6,9999
2026-04-30T09:35:58.956294,87f07e20-9e78-11ee-a91e-ee69b7c7763e,BH Marconistraat (Lee Towers),51.912441021,4.430411189,14,8,9999
2026-04-30T09:35:58.956294,f539bd6e-06f8-11ef-b58d-569a23b994be,BH Meijersplein,51.955657978,4.463033845,8,6,9999
2026-04-30T09:35:58.956294,70f0801a-8071-11ed-b1e6-fa4fb8e2990b,RK treinstation Lombardijen,51.88057913,4.531905572,30,2,9999
2026-04-30T09:35:58.956294,43752ffc-a8db-11ef-8778-d2279db84567,BH Pieter de Hoochweg,51.906316301,4.459985731,6,4,9999
2026-04-30T09:35:58.956294,b35ddad8-ab08-11ef-8778-d2279db84567,HUB Rotterdamsedijk 272,51.914957692,4.40343084,8,5,9999
2026-04-30T09:35:58.956294,9b1fa0f6-ae3c-11ee-a91e-ee69b7c7763e,BH Winkelhart Plein 1953,51.874842065,4.467889739,10,5,9999
2026-04-30T09:35:58.956294,8bd90878-0884-11f0-9a47-66143dd92f22,RK Molenvliet,51.882626536,4.521159806,10,4,9999
2026-04-30T09:35:58.956294,45450b66-a5b2-11f0-ab44-baed9603afbb,Maasdijk (Gustoweg),51.906629018,4.412009895,6,1,9999
2026-04-30T09:35:58.956294,4de2effe-f068-11ef-ba40-0ea3ed1ae564,HUB Hof van Spaland - Vlaardingseweg,51.935841728,4.376077923,4,3,9999
2026-04-30T09:35:58.956294,d38c6468-06fe-11ef-b58d-569a23b994be,BH Kleine Beer,51.950902127,4.555051083,6,3,9999
2026-04-30T09:35:58.956294,e552904e-182b-11ef-a8d1-42f0fecaeb6a,BH Metrostation Hesseplaats,51.963345229,4.554510684,10,4,9999
2026-04-30T09:35:58.956294,1826196c-b162-11ef-bdcd-5adc5d29ed54,BH Bentincklaan (Diergaarde Blijdorp),51.92572504,4.454794024,10,2,9999
2026-04-30T09:35:58.956294,8a1e5ed0-1c9e-11ee-8219-8ed3b2364c4f,BH Sparta stadion,51.920151368,4.434428835,20,0,9999
2026-04-30T09:35:58.956294,d3c9003c-b486-11ee-9ae6-5263e3f30f1e,BH Oostzeedijk Beneden,51.922514244,4.503092963,10,6,9999
2026-04-30T09:35:58.956294,552a82b8-b094-11ef-b6d3-56d88772ab1a,BH Hockeyclub Rotterdam,51.96869974,4.484731647,25,9,9999
2026-04-30T09:35:58.956294,cb3f6d1c-a746-11ef-8778-d2279db84567,BH Vasteland (AH),51.911537089,4.478368712,10,6,9999
2026-04-30T09:35:58.956294,d4a8557a-eabd-11ef-ac99-aa7241d1fb4f,HUB Admiraal Trompstraat (Huisman),51.908834504,4.381923039,8,0,9999
2026-04-30T09:35:58.956294,00e8b3de-9e82-11ee-a91e-ee69b7c7763e,BH Jacques Dutilhweg,51.927993284,4.5475155,10,0,9999
2026-04-30T09:35:58.956294,d868fe52-36e5-11f0-ab1d-9ae3af3bf913,BH Sluisjesdijk,51.894714517,4.461900478,10,2,4
2026-04-30T09:35:58.956294,4338fed2-edbb-11ee-a9f0-82366b51b915,BH Oostzeedijk Beneden 2,51.921653595,4.507031037,10,10,9999
2026-04-30T09:35:58.956294,2c82bb9a-217b-11ee-8219-8ed3b2364c4f,Hub Weena,51.922738296,4.469181329,142,47,9999
2026-04-30T09:35:58.956294,96f5cbdc-06f6-11ef-b58d-569a23b994be,BH Argonautenweg,51.959086712,4.49354982,10,1,9999
2026-04-30T09:35:58.956294,2f51713e-32b7-11ee-8219-8ed3b2364c4f,Hub P+R Capelsebrug,51.920991793,4.559215491,18,29,9999
2026-04-30T09:35:58.956294,62b0255a-9e7a-11ee-a91e-ee69b7c7763e,BH Vierhavenstraat,51.910327597,4.434992993,16,5,9999
2026-04-30T09:35:58.956294,2b10524e-06f5-11ef-b58d-569a23b994be,BH Piet van der Polsingel,51.950618784,4.518612648,8,1,9999
2026-04-30T09:35:58.956294,47070056-06fa-11ef-b58d-569a23b994be,BH Metrostation Schenkel,51.931770435,4.56406792,12,1,9999
2026-04-30T09:35:58.956294,0e59456c-f06d-11f0-b173-2e3b4d4b7f35,BH P+R Kralingse Zoom,51.921440854,4.531732208,10,10,0
2026-04-30T09:35:58.956294,7a8c12ba-91ab-11ed-b1e6-fa4fb8e2990b,BH Metrostation Slinge,51.874526023,4.477872534,15,9,9999
2026-04-30T09:35:58.956294,026045c6-8530-11ee-bb01-c602c1905375,BH Winkelhart Katendrechtse Lagedijk,51.891184937,4.479440034,10,3,9999
2026-04-30T09:35:58.956294,9d9bb8ec-4bd1-11ee-bb01-c602c1905375,BH Marconiplein,51.913319277,4.432514448,10,4,9999
2026-04-30T09:35:58.956294,8330f3ca-a5b4-11f0-ab44-baed9603afbb,Fokkerstraat Plesmanstraat,51.929694009,4.399576614,4,0,9999
2026-04-30T09:35:58.956294,5b842034-5331-11f0-ab1d-9ae3af3bf913,BH Walenburgerweg,51.926698659,4.462629155,10,2,9999
2026-04-30T09:35:58.956294,a08059b6-b484-11ee-9ae6-5263e3f30f1e,BH Metrostation Gerdesiaweg,51.925444134,4.506155972,10,2,9999
2026-04-30T09:35:58.956294,2f718c84-8911-11ee-bb01-c602c1905375,BH Metro Dijkzigt - EMC,51.911789199,4.466334846,20,25,9999
2026-04-30T09:35:58.956294,f58e41fc-1c9f-11ee-8219-8ed3b2364c4f,BH Heemraadsplein,51.912322959,4.455058085,10,2,9999
2026-04-30T09:35:58.956294,79fdd038-34b8-11f0-ab1d-9ae3af3bf913,BH RTHA Airport,51.94924845,4.432611987,10,18,0
2026-04-30T09:35:58.956294,1c41897e-596e-11ef-bed6-aa139991deb4,HUB Metrostation Nieuwland / Bijdorpplein,51.922583819,4.38260008,10,0,9999
2026-04-30T09:35:58.956294,a57d027c-8912-11ee-bb01-c602c1905375,BH Delftse Poort,51.924408145,4.472816464,10,22,9999
2026-04-30T09:35:58.956294,6383849a-2038-11f0-ab1d-9ae3af3bf913,BH - Kralingsebos (Langepad),51.936318565,4.506197017,10,3,9999
2026-04-30T09:35:58.956294,e90e9332-06f5-11ef-b58d-569a23b994be,BH Burgemeester Le Fèvre de Montignylaan,51.957620055,4.501711782,10,4,9999
2026-04-30T09:35:58.956294,5cb3ffde-bdaf-11ed-b1e6-fa4fb8e2990b,RK Stadionlaan,51.892328813,4.530682857,10,3,9999
2026-04-30T09:35:58.956294,02bed1f8-8392-11ee-bb01-c602c1905375,BH Station Alexander,51.951735827,4.551049232,10,4,9999
2026-04-30T09:35:58.956294,08d5cf66-8ab2-11ee-bb01-c602c1905375,BH Winkelhart Asterlo,51.873536387,4.483591736,10,11,9999
2026-04-30T09:35:58.956294,0e51e024-c757-11ee-9ae6-5263e3f30f1e,BH Metrostation Binnenhof,51.960437867,4.535372966,10,1,9999
2026-04-30T09:35:58.956294,409f87f6-890f-11ee-bb01-c602c1905375,BH Metro Beurs,51.917806013,4.480107053,8,5,9999
2026-04-30T09:35:58.956294,d6a7cd26-4d08-11f0-ab1d-9ae3af3bf913,BH - Oudehoofdplein-Haringvliet,51.918979475,4.49384405,10,5,9999
2026-04-30T09:35:58.956294,f0ad9b92-1767-11ef-8071-42f0fecaeb6a,BH Prinsenlaan,51.937206457,4.536127586,10,2,9999
2026-04-30T09:35:58.956294,f06fd44c-2035-11f0-ab1d-9ae3af3bf913,BH Boezemlaan,51.938982631,4.495864471,10,2,9999
2026-04-30T09:35:58.956294,8d91a90c-9e83-11ee-a91e-ee69b7c7763e,BH Kraaierstraat,51.91909698,4.418192898,8,15,9999
2026-04-30T09:35:58.956294,a2671a36-bdad-11ed-b1e6-fa4fb8e2990b,RK Dwarsdijk,51.893055987,4.539201504,10,3,9999
2026-04-30T09:35:58.956294,376a5cda-06f8-11ef-b58d-569a23b994be,BH Ganzerikplein,51.958953276,4.471584016,10,3,9999
2026-04-30T09:35:58.956294,5cdd9872-b096-11ef-b6d3-56d88772ab1a,BH Wilgenplaslaan/ Meidoornsingel,51.953868042,4.468211582,7,2,9999
2026-04-30T09:35:58.956294,952a3e78-a8db-11ef-8778-d2279db84567,BH Lloydstraat,51.902214281,4.461287644,10,4,9999
2026-04-30T09:35:58.956294,a6fa0910-8067-11ed-b1e6-fa4fb8e2990b,BH Stadion Fey (Bert Heesakkerstr.),51.896805818,4.521735582,50,1,9999
2026-04-30T09:35:58.956294,a1337d02-e018-11ed-a249-96cdaf8f7240,BH Sint Franciscus,51.942171146,4.460534407,25,2,9999
2026-04-30T09:35:58.956294,d3cea108-8285-11f0-ab44-baed9603afbb,BH - Ratelaarweg,51.967431611,4.463349689,10,3,9999
2026-04-30T09:35:58.956294,3bef7002-bdb5-11ed-b1e6-fa4fb8e2990b,RK Breeweg,51.890630632,4.514261169,10,6,9999
2026-04-30T09:35:58.956294,8c90734c-45bb-11ee-8219-8ed3b2364c4f,BH Coen Moulijnweg,51.893813253,4.526876329,42,3,9999
2026-04-30T09:35:58.956294,1b098490-2037-11f0-ab1d-9ae3af3bf913,BH Karmelweg,51.933461291,4.5029394,8,2,9999
2026-04-30T09:35:58.956294,23348a06-bdb1-11ed-b1e6-fa4fb8e2990b,RK Guido Gezelleweg,51.87434607,4.523238145,10,1,9999
2026-04-30T09:35:58.956294,66824038-37b2-11ef-a21a-8e54a72a50da,HUB Metrostation Parkweg / Zuidzijde,51.921443238,4.39475836,10,9,1
2026-04-30T09:35:58.956294,2c127298-ff25-11ef-a79f-a65a77daff90,BH Aert van Nesstraat,51.921141166,4.478916173,8,7,9999
2026-04-30T09:35:58.956294,cde445c6-a744-11ef-8778-d2279db84567,BH Groenendaal,51.921685178,4.492944049,6,9,9999
2026-04-30T09:35:58.956294,97c6a1c2-a8da-11ef-8778-d2279db84567,BH Henegouwerplein,51.921807589,4.460561523,10,4,9999
2026-04-30T09:35:58.956294,e68d5642-a5b5-11f0-b6c1-baed9603afbb,HUB NS Station Schiedam Centrum/ Professor Kamerlingh Onneslaan,51.92071744,4.408262487,12,8,9999
2026-04-30T09:35:58.956294,82623a40-bda3-11ed-b1e6-fa4fb8e2990b,RK Rosestraat,51.91100607,4.501308573,10,4,9999
2026-04-30T09:35:58.956294,b7353df6-b485-11ee-9ae6-5263e3f30f1e,BH Metrostation Kralingsezoom (Gravenweg),51.921751706,4.533850265,10,2,9999
2026-04-30T09:35:58.956294,6c34980a-bb92-11ef-a02d-6ea8ed91bd56,BH Gordelweg (Lidl),51.940472428,4.479798999,4,3,9999
2026-04-30T09:35:58.956294,5904bd1a-a5b5-11f0-b05b-baed9603afbb,HUB Hof van Spaland - Bachplein,51.934889388,4.374726808,8,1,9999
2026-04-30T09:35:58.956294,32ca5fd0-8126-11ed-b1e6-fa4fb8e2990b,RK Vuurplaat,51.906526668,4.505838102,10,0,9999
2026-04-30T09:35:58.956294,f94a1ff6-b095-11ef-b6d3-56d88772ab1a,BH Bm Le Fèvre de Montignylaan/ Jeroen Boschlaan,51.955641943,4.505982462,6,3,9999
2026-04-30T09:35:58.956294,4228b402-8537-11ee-bb01-c602c1905375,BH Tongelaarweg,51.895280064,4.563514996,10,2,9999
2026-04-30T09:35:58.956294,6f66a60c-36e5-11f0-ab1d-9ae3af3bf913,BH Lloydpier,51.904487669,4.460458303,8,10,0
2026-04-30T09:35:58.956294,7d81b63e-a5b5-11f0-b05b-baed9603afbb,HUB 's Gravelandseweg,51.932091958,4.401924037,6,6,9999
2026-04-30T09:35:58.956294,a3dbb322-8121-11ed-b1e6-fa4fb8e2990b,RK Metrostation Rijnhaven ,51.902216981,4.49610172,15,2,9999
2026-04-30T09:35:58.956294,cf23b50e-9ad0-11f0-ab44-baed9603afbb,BH Natuurhistorisch museum,51.911022288,4.472728259,12,2,9999
2026-04-30T09:35:58.956294,d55243f6-182b-11ef-a8d1-42f0fecaeb6a,BH Siciliëboulevard ,51.97996654,4.580859756,10,1,9999
2026-04-30T09:35:58.956294,e0f7ef36-a5b4-11f0-ab44-baed9603afbb,Havenstraat einde (digitale testhub),51.900396883,4.398614319,12,2,9999
2026-04-30T09:35:58.956294,05d1d708-eabd-11ef-88c2-aa7241d1fb4f,HUB De Thermen ,51.927426752,4.380236246,8,1,9999
2026-04-30T09:35:58.956294,b3381a7a-2036-11f0-ab1d-9ae3af3bf913,BH Oudedijk / de Nieuwe Plantage,51.929149075,4.505248613,8,2,9999
2026-04-30T09:35:58.956294,8b480576-eabc-11ee-a9f0-82366b51b915,BH Schiedamseweg Beneden,51.914135146,4.422297364,5,9,9999
2026-04-30T09:35:58.956294,89a2f1d2-a5b3-11f0-ab44-baed9603afbb,Metrostation Vijfsluizen,51.908108215,4.37254105,8,2,9999
2026-04-30T09:35:58.956294,e50f3d1e-f069-11ef-9ed7-0ea3ed1ae564,HUB Oranjestraat - Lange Nieuwstraat,51.913368472,4.40030457,5,1,9999
2026-04-30T09:35:58.956294,4c1b19a4-d0a1-11ee-8b0e-065810cc8d78,BH Elandstraat,51.910800072,4.553878993,10,5,9999
2026-04-30T09:35:58.956294,bbbba24e-806e-11ed-b1e6-fa4fb8e2990b,RK P+R Noorderhelling,51.894761016,4.532122707,15,3,9999
2026-04-30T09:35:58.956294,3ac0b682-8129-11ed-b1e6-fa4fb8e2990b,RK Cor Kieboomplein,51.896922039,4.523502821,15,2,9999
2026-04-30T09:35:58.956294,5a3ffbf4-37b1-11ef-a21a-8e54a72a50da,HUB Metrostation Nieuwland / Van Limburg Stirumstraat,51.922446663,4.38308784,6,7,0
2026-04-30T09:35:58.956294,5d8d12a2-a5b4-11f0-ab44-baed9603afbb,Van Heekstraat,51.931167557,4.406024405,4,1,9999
2026-04-30T09:35:58.956294,f251d6e8-0b82-11ef-b58d-569a23b994be,BH Metrostation Graskruid ,51.956473743,4.550010233,8,1,9999
2026-04-30T09:35:58.956294,a4d2ea7c-b2f0-11ef-aa57-62870c7808bb,BH 2e Hogenbanweg,51.936951327,4.427707182,8,2,9999
2026-04-30T09:35:58.956294,75ba0d1a-2037-11f0-ab1d-9ae3af3bf913,BH Stadhoudersweg,51.931417737,4.461484988,10,4,9999
2026-04-30T09:35:58.956294,bc6b0d7e-a745-11ef-8778-d2279db84567,BH Goudsewagenstraat,51.923224462,4.493552746,8,13,9999
2026-04-30T09:35:58.956294,0f37eafc-8912-11ee-bb01-c602c1905375,BH Metro Oostplein,51.922677789,4.497608825,10,4,9999
2026-04-30T09:35:58.956294,aed7c2fa-8123-11ed-b1e6-fa4fb8e2990b,RK Groene Hilledijk/Beijerlandselaan,51.893806789,4.509452258,10,4,9999
2026-04-30T09:35:58.956294,c76f0318-bb92-11ef-a02d-6ea8ed91bd56,BH NS Centraal Station (Stationssingel),51.925399994,4.466148375,10,24,9999
2026-04-30T09:35:58.956294,361a368c-a5b4-11f0-ab44-baed9603afbb,Sportpark Haga (Epke Zonderlandstraat),51.921919868,4.370918199,8,3,9999
2026-04-30T09:35:58.956294,f4c0fe5e-02d6-11ef-b58d-569a23b994be,BH Paulus Potterstraat,51.9228414,4.508497696,10,2,9999
2026-04-30T09:35:58.956294,48cbf66e-9f15-11ee-a91e-ee69b7c7763e,BH Franselaan,51.917379138,4.420463507,10,5,9999
2026-04-30T09:35:58.956294,e9735b4e-7da7-11f0-ab44-baed9603afbb,BH Veldkersweg,51.966835673,4.46657292,8,2,9999
2026-04-30T09:35:58.956294,4b1ac684-bb93-11ef-a02d-6ea8ed91bd56,BH Noorderkanaalweg,51.940525593,4.472984586,9,1,9999
2026-04-30T09:35:58.956294,033a9392-3700-11f0-ab1d-9ae3af3bf913,BH Herman Bavinckstraat,51.915067882,4.521446921,10,5,9999
2026-04-30T09:35:58.956294,ffe8c3e8-a8da-11ef-8778-d2279db84567,BH Mathenesserplein,51.917836602,4.44508891,8,0,9999
2026-04-30T09:35:58.956294,e377069a-ff63-11ef-a79f-a65a77daff90,BH Kralingsebos Bosdreef/Pr. Beatrixlaan,51.93789612,4.501689644,8,1,9999
2026-04-30T09:35:58.956294,7af95f9c-a747-11ef-8778-d2279db84567,BH Kruisplein,51.92228569,4.47138789,6,16,9999
2026-04-30T09:35:58.956294,4c50cb7a-bdb6-11ed-b1e6-fa4fb8e2990b,RK Olympiaweg,51.886462746,4.529133302,10,5,9999
2026-04-30T09:35:58.956294,a694ef4e-36e5-11f0-ab1d-9ae3af3bf913,BH Neushoornstraat,51.913041554,4.553743002,6,1,0
2026-04-30T09:35:58.956294,be56ca62-8120-11ed-b1e6-fa4fb8e2990b,RK P+R Beverwaard,51.885771514,4.568986239,10,1,9999
2026-04-30T09:35:58.956294,d5af3bc4-806a-11ed-b1e6-fa4fb8e2990b,BH Kievitslaan,51.907226862,4.473300159,17,2,9999
2026-04-30T09:35:58.956294,dd006abc-a5b3-11f0-ab44-baed9603afbb,Havenstraat,51.903204365,4.398004897,8,0,9999
2026-04-30T09:35:58.956294,6f09af84-eabe-11ee-a9f0-82366b51b915,BH Delftseplein ,51.925206514,4.474011701,14,13,9999
2026-04-30T09:35:58.956294,1cfb89ec-806b-11ed-b1e6-fa4fb8e2990b,BH Westplein,51.908912961,4.478583441,10,9,9999
2026-04-30T09:35:58.956294,12fc10a4-bb94-11ef-a02d-6ea8ed91bd56,BH Noordplein,51.930251975,4.483699175,10,1,9999
2026-04-30T09:35:58.956294,276e8d26-bda0-11ed-b1e6-fa4fb8e2990b,RK Strevelsweg,51.889634937,4.495943368,15,1,9999
2026-04-30T09:35:58.956294,9e066470-2038-11f0-ab1d-9ae3af3bf913,BH Kralinger Esch,51.911179823,4.524762065,9,9,9999
2026-04-30T09:35:58.956294,9b1f0aaa-8125-11ed-b1e6-fa4fb8e2990b,RK Slaghekstraat - Beijerlandselaan,51.897574833,4.511261604,10,1,9999
2026-04-30T09:35:58.956294,b8c81048-2037-11f0-ab1d-9ae3af3bf913,BH Van Maanenstraat,51.932279316,4.464280453,6,6,9999
2026-04-30T09:35:58.956294,1f4ff66c-bdb8-11ed-b1e6-fa4fb8e2990b,RK Van der Takstraat ,51.914243737,4.496045621,10,9,9999
2026-04-30T09:35:58.956294,3b523cee-5c94-11f0-ab1d-9ae3af3bf913,BH - Wilhelminapier,51.90698281,4.489727426,14,18,9999
2026-04-30T09:35:58.956294,e8d292d2-039a-11ef-b58d-569a23b994be,BH Mia van Yperenplein ,51.928414546,4.545678043,10,2,9999
2026-04-30T09:35:58.956294,12daf18a-8068-11ed-b1e6-fa4fb8e2990b,BH Treinst. Lombardijen (Aesopusplaats),51.880478018,4.530040287,10,2,9999
2026-04-30T09:35:58.956294,558e4a5a-eaba-11ee-a9f0-82366b51b915,BH Blijdorplaan ,51.927389289,4.440437692,22,3,9999
2026-04-30T09:35:58.956294,5a8de282-36ee-11f0-ab1d-9ae3af3bf913,BH van Blommesteynweg,51.888148155,4.460842726,10,2,9999
2026-04-30T09:35:58.956294,078569ee-a5b5-11f0-ab44-baed9603afbb,Nieuwe Waterwegstraat (digitale testhub),51.900682979,4.390873601,12,0,9999
2026-04-30T09:35:58.956294,8e5dd27e-06fd-11ef-b58d-569a23b994be,BH Prins Alexanderplein,51.951040272,4.553684972,14,0,9999
2026-04-30T09:35:58.956294,a6843864-fbc4-11ee-b58d-569a23b994be,Trompenburg 1,51.917696349,4.517981647,10,5,3
2026-04-30T09:35:58.956294,5b583480-a8da-11ef-8778-d2279db84567,BH Duyststraat,51.910073429,4.452225738,8,5,9999
2026-04-30T09:35:58.956294,2510e9ba-a5b6-11f0-847a-baed9603afbb,Hub Kloosterplaats,51.91675013,4.402112308,6,17,9999
2026-04-30T09:35:58.956294,880e3e72-a8dd-11ef-8778-d2279db84567,BH Spaansebocht,51.917413667,4.430014126,9,2,9999
2026-04-30T09:35:58.956294,b5b3324a-edb9-11ee-a9f0-82366b51b915,BH Siondwarsstraat,51.925261494,4.51053174,10,7,9999
2026-04-30T09:35:58.956294,94b01d94-edc6-11ee-a9f0-82366b51b915,BH Schuttersveld,51.933248028,4.490978921,10,5,9999
2026-04-30T09:35:58.956294,69b33170-edbd-11ee-a9f0-82366b51b915,BH Metro Oostplein 2,51.923145722,4.496820843,10,4,9999
2026-04-30T09:35:58.956294,67d6af9a-f068-11ef-ba40-0ea3ed1ae564,HUB Hof van Spaland - Schiedamseweg,51.934898803,4.378145906,12,4,9999
2026-04-30T09:35:58.956294,f4d561c2-1e0f-11f1-bada-da123385441b,BH PR Slinge 2,51.87374414,4.477026543,10,0,10
2026-04-30T09:35:58.956294,4933dd54-9e7c-11ee-a91e-ee69b7c7763e,BH Willem Ruyslaan (Luzac College),51.925421889,4.508669446,10,5,9999
2026-04-30T09:35:58.956294,9f935b6c-b095-11ef-b6d3-56d88772ab1a,BH Bergpolderplein,51.945227242,4.474988047,8,6,9999
2026-04-30T09:35:58.956294,8a2d056c-bb93-11ef-a02d-6ea8ed91bd56,BH NS Station Noord (Bergweg),51.941530048,4.481339526,10,3,5
2026-04-30T09:35:58.956294,4d95ab34-8122-11ed-b1e6-fa4fb8e2990b,RK Metrostation Maashaven ,51.896573582,4.494245173,30,1,9999
2026-04-30T09:35:58.956294,3d015ff0-8394-11ee-bb01-c602c1905375,BH Metrostation Oosterflank,51.945209326,4.555045447,10,2,9999
2026-04-30T09:35:58.956294,defeb050-a747-11ef-8778-d2279db84567,BH Karel Doormanstraat,51.922789549,4.473609692,9,9,9999
2026-04-30T09:35:58.956294,b5dc5454-890f-11ee-bb01-c602c1905375,BH Schilderstraat,51.916377397,4.48142868,8,11,9999
2026-04-30T09:35:58.956294,2f12ae3e-806c-11ed-b1e6-fa4fb8e2990b,BH Winkelcentrum Keizerswaard-Herenw,51.886358391,4.549308056,15,15,9999
2026-04-30T09:35:58.956294,3b6d73a8-805d-11ed-b1e6-fa4fb8e2990b,BH Metrostation Melanchtonweg,51.94881199,4.465233746,10,7,9999
2026-04-30T09:35:58.956294,d5832958-891a-11ee-bb01-c602c1905375,BH Metro Zuidplein (nieuw),51.887180341,4.491554668,10,3,9999
2026-04-30T09:35:58.956294,a535094e-b162-11ef-bdcd-5adc5d29ed54,BH Eudokiaplein,51.932433484,4.47153255,9,5,9999
2026-04-30T09:35:58.956294,437f8dc8-bd9e-11ed-b1e6-fa4fb8e2990b,RK Hillevliet,51.89558515,4.506432514,10,4,9999
2026-04-30T09:35:58.956294,f10d8ab4-9997-11ee-a91e-ee69b7c7763e,BH Shell Hofplein,51.925705456,4.477781355,28,6,9999
2026-04-30T09:35:58.956294,94467720-8127-11ed-b1e6-fa4fb8e2990b,RK Persoonsdam,51.909309099,4.508017165,10,4,9999
2026-04-30T09:35:58.956294,9245444a-2023-11f0-ab1d-9ae3af3bf913,BH Witte de Withstraat,51.915906523,4.478080905,10,7,9999
2026-04-30T09:35:58.956294,49d59348-ff64-11ef-b515-a65a77daff90,BH Bergweg (Dirk van den Broek),51.93856254,4.479465675,6,1,9999
2026-04-30T09:35:58.956294,30fb96bc-8124-11ed-b1e6-fa4fb8e2990b,RK Beverwaardseweg/ Borgharensingel,51.898798338,4.564663375,10,2,9999
2026-04-30T09:35:58.956294,9a1fb404-8ab3-11ee-bb01-c602c1905375,BH Langenhorst ,51.874120882,4.494254863,10,5,9999
2026-04-30T09:35:58.956294,abe67bfa-b096-11ef-b6d3-56d88772ab1a,BH Wilgenplaslaan/ Donkersingel,51.951337599,4.47048253,10,1,9999
2026-04-30T09:35:58.956294,068b0f9c-a8dd-11ef-8778-d2279db84567,BH Vierhavenstraat (Sahan),51.908502395,4.437727106,4,0,9999
2026-04-30T09:35:58.956294,bc0e7e9c-a8da-11ef-8778-d2279db84567,BH Jan van Vuchtstraat,51.917045317,4.460830874,6,0,9999
2026-04-30T09:35:58.956294,8b721818-a5b2-11f0-ab44-baed9603afbb,Lekstraat,51.90446958,4.406985264,6,2,9999
2026-04-30T09:35:58.956294,ad212572-06f7-11ef-b58d-569a23b994be,BH Molenlaan/Grindweg,51.963224537,4.49571068,10,0,9999
2026-04-30T09:35:58.956294,f8828c3e-806d-11ed-b1e6-fa4fb8e2990b,RK Station Rdam Zuid,51.905545015,4.509568537,15,6,9999
2026-04-30T09:35:58.956294,5f71799e-806b-11ed-b1e6-fa4fb8e2990b,BH Willemsplein,51.911118908,4.481894771,17,17,9999
2026-04-30T09:35:58.956294,42824336-bd97-11ed-b1e6-fa4fb8e2990b,RK Groene Hilledijk,51.882726433,4.504266667,10,5,9999
2026-04-30T09:35:58.956294,db6932f4-182b-11ef-a8d1-42f0fecaeb6a,BH Metrostation Nesselande,51.978969273,4.586177782,10,0,9999
2026-04-30T09:35:58.956294,e26322b0-2025-11f0-ab1d-9ae3af3bf913,BH Brielselaan,51.896298935,4.489248091,4,1,9999
2026-04-30T09:35:58.956294,c862b7f2-06fb-11ef-b58d-569a23b994be,BH Prins Alexanderlaan (metrobaan zijde),51.952192324,4.551435621,10,3,9999
2026-04-30T09:35:58.956294,c53689c2-8124-11ed-b1e6-fa4fb8e2990b,RK Peellandstraat / Beesdestraat ,51.888535309,4.567291893,10,4,9999
2026-04-30T09:35:58.956294,8f5d35a0-1834-11ef-8071-42f0fecaeb6a,BH Jan Bijloostraat (Winkelcentrum Lage Land),51.941821995,4.546449269,9,0,9999
2026-04-30T09:35:58.956294,f8fcd3a4-983a-11ef-a85a-be896af2d3a5,BH Rhijnauwensingel,51.892161199,4.569620613,12,2,9999
2026-04-30T09:35:58.956294,118239d4-a5b2-11f0-ab44-baed9603afbb,Lorentzlaan (bushalte),51.917994492,4.415061192,4,3,9999
2026-04-30T09:35:58.956294,0c107276-bdb7-11ed-b1e6-fa4fb8e2990b,RK Sandelingenplein,51.889562128,4.506962326,10,5,9999
2026-04-30T09:35:58.956294,75b8bea6-81d8-11ed-b1e6-fa4fb8e2990b,RK Metrostation Maashaven (Putselaan),51.897794241,4.495760713,10,4,9999
2026-04-30T09:35:58.956294,a20bbbae-bdae-11ed-b1e6-fa4fb8e2990b,RK Frankendaal,51.886951976,4.521294152,10,0,9999
2026-04-30T09:35:58.956294,bc839806-a5b1-11f0-ab44-baed9603afbb,Van het Hoffplein (Boerhavelaan),51.916219132,4.412005574,8,3,9999
2026-04-30T09:35:58.956294,2c632780-a8de-11ef-8778-d2279db84567,BH Schuttevaerweg,51.922420472,4.434869706,10,2,9999
2026-04-30T09:35:58.956294,b9bfe680-fbc4-11ee-b58d-569a23b994be,Trompenburg 2,51.917638379,4.518889893,10,0,10
2026-04-30T09:35:58.956294,e0a4baca-a748-11ef-8778-d2279db84567,BH Mariniersweg,51.920853425,4.490979502,10,11,9999
2026-04-30T09:35:58.956294,2c4ff78a-2783-11f1-a5ae-0225521a85c1,BH PR Slinge 2,51.87374414,4.477026543,10,0,10
2026-04-30T09:35:58.956294,f1df385c-f5b2-11ef-81b3-76e5c571f05f,HUB Admiraal de Ruyterstraat,51.906742474,4.38554997,8,0,9999
2026-04-30T09:35:58.956294,4247dd56-1c9f-11ee-8219-8ed3b2364c4f,BH Metro Coolhaven,51.909218289,4.458167882,10,3,9999
2026-04-30T09:35:58.956294,65af1c24-06f4-11ef-b58d-569a23b994be,BH Meerum Terwogtlaan,51.951763386,4.524587387,10,0,9999
2026-04-30T09:35:58.956294,a3c07f10-a5b5-11f0-b05b-baed9603afbb,HUB Hoofdbrug,51.908705902,4.406131267,8,7,9999
2026-04-30T09:35:58.956294,3c659862-a8dd-11ef-8778-d2279db84567,BH Mayflowerstraat,51.905015647,4.440161906,10,2,9999
2026-04-30T09:35:58.956294,c35c448e-06fc-11ef-b58d-569a23b994be,BH Jacob van Campenweg ,51.942434165,4.537976212,7,3,9999
2026-04-30T11:18:05.811501,438486f4-a5b6-11f0-a150-baed9603afbb,HUB Koemarkt ingang garage,51.914517902,4.401917461,6,2,9999
2026-04-30T11:18:05.811501,365f4a3e-a5b3-11f0-ab44-baed9603afbb,Rubensplein,51.911712719,4.383665134,6,3,9999
2026-04-30T11:18:05.811501,a85b996e-fe23-11ee-b58d-569a23b994be,BH Dirk van der Kooijweg (Waterleliesingel),51.953796964,4.52009166,10,1,9999
2026-04-30T11:18:05.811501,19e2de56-b5d8-11ee-9ae6-5263e3f30f1e,BH STC Waalhaven,51.878297275,4.448759787,10,3,9999
2026-04-30T11:18:05.811501,c6c213ee-ed18-11ef-9957-f683e5eb607c,BH Langenhorst (Binkhorst),51.877310029,4.494737503,10,4,9999
2026-04-30T11:18:05.811501,3366f8b0-a8dc-11ef-8778-d2279db84567,BH Vierhavenstraat (WoonEnzo),51.907777562,4.438830385,4,1,9999
2026-04-30T11:18:05.811501,04a89aea-a5b3-11f0-ab44-baed9603afbb,Groenelaan Hagastraat (Winkelcentrum),51.907303396,4.402285408,4,9,9999
2026-04-30T11:18:05.811501,32638aa6-a5b5-11f0-9f09-baed9603afbb,HUB Laan van Bol'es,51.928443203,4.370771711,10,1,9999
2026-04-30T11:18:05.811501,291c2f72-a749-11ef-8778-d2279db84567,BH Westzeedijk,51.909321622,4.471436479,10,7,9999
2026-04-30T11:18:05.811501,abd627be-67bb-11f0-91de-5eaa9feacc9b,BH Schiekade (Heer Bokelweg),51.927133058,4.476309832,10,2,9999
2026-04-30T11:18:05.811501,8948d5a4-b094-11ef-b6d3-56d88772ab1a,BH Duivenpad,51.964922912,4.498254116,8,2,9999
2026-04-30T11:18:05.811501,227e8c1e-be97-11ee-9ae6-5263e3f30f1e,HUB Metrostation Troelstralaan,51.915742295,4.384972326,10,0,9999
2026-04-30T11:18:05.811501,0af509a8-06f7-11ef-b58d-569a23b994be,BH Beethovensingel,51.96114919,4.505141448,10,1,9999
2026-04-30T11:18:05.811501,dc06f296-1768-11ef-8071-42f0fecaeb6a,BH Prins Alexanderlaan (Oosterflank),51.946646256,4.553811478,12,0,9999
2026-04-30T11:18:05.811501,221af3ce-7fe1-11ee-bb01-c602c1905375,BH Metro Prinsenlaan,51.940647564,4.556931306,10,1,9999
2026-04-30T11:18:05.811501,a793d6ba-edc8-11ee-a9f0-82366b51b915,BH Infirmeriestraat,51.922255603,4.502265891,10,5,9999
2026-04-30T11:18:05.811501,0359e1a2-bdb3-11ed-b1e6-fa4fb8e2990b,RK Rosestraat 11C,51.902954022,4.511377745,10,5,9999
2026-04-30T11:18:05.811501,87f07e20-9e78-11ee-a91e-ee69b7c7763e,BH Marconistraat (Lee Towers),51.912441021,4.430411189,14,8,9999
2026-04-30T11:18:05.811501,f539bd6e-06f8-11ef-b58d-569a23b994be,BH Meijersplein,51.955657978,4.463033845,8,7,9999
2026-04-30T11:18:05.811501,70f0801a-8071-11ed-b1e6-fa4fb8e2990b,RK treinstation Lombardijen,51.88057913,4.531905572,30,2,9999
2026-04-30T11:18:05.811501,43752ffc-a8db-11ef-8778-d2279db84567,BH Pieter de Hoochweg,51.906316301,4.459985731,6,2,9999
2026-04-30T11:18:05.811501,b35ddad8-ab08-11ef-8778-d2279db84567,HUB Rotterdamsedijk 272,51.914957692,4.40343084,8,5,9999
2026-04-30T11:18:05.811501,9b1fa0f6-ae3c-11ee-a91e-ee69b7c7763e,BH Winkelhart Plein 1953,51.874842065,4.467889739,10,6,9999
2026-04-30T11:18:05.811501,8bd90878-0884-11f0-9a47-66143dd92f22,RK Molenvliet,51.882626536,4.521159806,10,4,9999
2026-04-30T11:18:05.811501,45450b66-a5b2-11f0-ab44-baed9603afbb,Maasdijk (Gustoweg),51.906629018,4.412009895,6,1,9999
2026-04-30T11:18:05.811501,4de2effe-f068-11ef-ba40-0ea3ed1ae564,HUB Hof van Spaland - Vlaardingseweg,51.935841728,4.376077923,4,3,9999
2026-04-30T11:18:05.811501,d38c6468-06fe-11ef-b58d-569a23b994be,BH Kleine Beer,51.950902127,4.555051083,6,3,9999
2026-04-30T11:18:05.811501,e552904e-182b-11ef-a8d1-42f0fecaeb6a,BH Metrostation Hesseplaats,51.963345229,4.554510684,10,4,9999
2026-04-30T11:18:05.811501,1826196c-b162-11ef-bdcd-5adc5d29ed54,BH Bentincklaan (Diergaarde Blijdorp),51.92572504,4.454794024,10,3,9999
2026-04-30T11:18:05.811501,8a1e5ed0-1c9e-11ee-8219-8ed3b2364c4f,BH Sparta stadion,51.920151368,4.434428835,20,1,9999
2026-04-30T11:18:05.811501,d3c9003c-b486-11ee-9ae6-5263e3f30f1e,BH Oostzeedijk Beneden,51.922514244,4.503092963,10,5,9999
2026-04-30T11:18:05.811501,552a82b8-b094-11ef-b6d3-56d88772ab1a,BH Hockeyclub Rotterdam,51.96869974,4.484731647,25,9,9999
2026-04-30T11:18:05.811501,cb3f6d1c-a746-11ef-8778-d2279db84567,BH Vasteland (AH),51.911537089,4.478368712,10,7,9999
2026-04-30T11:18:05.811501,d4a8557a-eabd-11ef-ac99-aa7241d1fb4f,HUB Admiraal Trompstraat (Huisman),51.908834504,4.381923039,8,0,9999
2026-04-30T11:18:05.811501,00e8b3de-9e82-11ee-a91e-ee69b7c7763e,BH Jacques Dutilhweg,51.927993284,4.5475155,10,0,9999
2026-04-30T11:18:05.811501,d868fe52-36e5-11f0-ab1d-9ae3af3bf913,BH Sluisjesdijk,51.894714517,4.461900478,10,2,3
2026-04-30T11:18:05.811501,4338fed2-edbb-11ee-a9f0-82366b51b915,BH Oostzeedijk Beneden 2,51.921653595,4.507031037,10,9,9999
2026-04-30T11:18:05.811501,2c82bb9a-217b-11ee-8219-8ed3b2364c4f,Hub Weena,51.922738296,4.469181329,142,46,9999
2026-04-30T11:18:05.811501,96f5cbdc-06f6-11ef-b58d-569a23b994be,BH Argonautenweg,51.959086712,4.49354982,10,1,9999
2026-04-30T11:18:05.811501,2f51713e-32b7-11ee-8219-8ed3b2364c4f,Hub P+R Capelsebrug,51.920991793,4.559215491,18,27,9999
2026-04-30T11:18:05.811501,62b0255a-9e7a-11ee-a91e-ee69b7c7763e,BH Vierhavenstraat,51.910327597,4.434992993,16,5,9999
2026-04-30T11:18:05.811501,2b10524e-06f5-11ef-b58d-569a23b994be,BH Piet van der Polsingel,51.950618784,4.518612648,8,1,9999
2026-04-30T11:18:05.811501,47070056-06fa-11ef-b58d-569a23b994be,BH Metrostation Schenkel,51.931770435,4.56406792,12,1,9999
2026-04-30T11:18:05.811501,0e59456c-f06d-11f0-b173-2e3b4d4b7f35,BH P+R Kralingse Zoom,51.921440854,4.531732208,10,10,0
2026-04-30T11:18:05.811501,7a8c12ba-91ab-11ed-b1e6-fa4fb8e2990b,BH Metrostation Slinge,51.874526023,4.477872534,15,10,9999
2026-04-30T11:18:05.811501,026045c6-8530-11ee-bb01-c602c1905375,BH Winkelhart Katendrechtse Lagedijk,51.891184937,4.479440034,10,2,9999
2026-04-30T11:18:05.811501,9d9bb8ec-4bd1-11ee-bb01-c602c1905375,BH Marconiplein,51.913319277,4.432514448,10,3,9999
2026-04-30T11:18:05.811501,8330f3ca-a5b4-11f0-ab44-baed9603afbb,Fokkerstraat Plesmanstraat,51.929694009,4.399576614,4,0,9999
2026-04-30T11:18:05.811501,5b842034-5331-11f0-ab1d-9ae3af3bf913,BH Walenburgerweg,51.926698659,4.462629155,10,1,9999
2026-04-30T11:18:05.811501,a08059b6-b484-11ee-9ae6-5263e3f30f1e,BH Metrostation Gerdesiaweg,51.925444134,4.506155972,10,7,9999
2026-04-30T11:18:05.811501,2f718c84-8911-11ee-bb01-c602c1905375,BH Metro Dijkzigt - EMC,51.911789199,4.466334846,20,25,9999
2026-04-30T11:18:05.811501,f58e41fc-1c9f-11ee-8219-8ed3b2364c4f,BH Heemraadsplein,51.912322959,4.455058085,10,2,9999
2026-04-30T11:18:05.811501,79fdd038-34b8-11f0-ab1d-9ae3af3bf913,BH RTHA Airport,51.94924845,4.432611987,10,18,0
2026-04-30T11:18:05.811501,1c41897e-596e-11ef-bed6-aa139991deb4,HUB Metrostation Nieuwland / Bijdorpplein,51.922583819,4.38260008,10,0,9999
2026-04-30T11:18:05.811501,a57d027c-8912-11ee-bb01-c602c1905375,BH Delftse Poort,51.924408145,4.472816464,10,15,9999
2026-04-30T11:18:05.811501,6383849a-2038-11f0-ab1d-9ae3af3bf913,BH - Kralingsebos (Langepad),51.936318565,4.506197017,10,3,9999
2026-04-30T11:18:05.811501,e90e9332-06f5-11ef-b58d-569a23b994be,BH Burgemeester Le Fèvre de Montignylaan,51.957620055,4.501711782,10,4,9999
2026-04-30T11:18:05.811501,5cb3ffde-bdaf-11ed-b1e6-fa4fb8e2990b,RK Stadionlaan,51.892328813,4.530682857,10,3,9999
2026-04-30T11:18:05.811501,02bed1f8-8392-11ee-bb01-c602c1905375,BH Station Alexander,51.951735827,4.551049232,10,4,9999
2026-04-30T11:18:05.811501,08d5cf66-8ab2-11ee-bb01-c602c1905375,BH Winkelhart Asterlo,51.873536387,4.483591736,10,11,9999
2026-04-30T11:18:05.811501,0e51e024-c757-11ee-9ae6-5263e3f30f1e,BH Metrostation Binnenhof,51.960437867,4.535372966,10,2,9999
2026-04-30T11:18:05.811501,409f87f6-890f-11ee-bb01-c602c1905375,BH Metro Beurs,51.917806013,4.480107053,8,13,9999
2026-04-30T11:18:05.811501,d6a7cd26-4d08-11f0-ab1d-9ae3af3bf913,BH - Oudehoofdplein-Haringvliet,51.918979475,4.49384405,10,4,9999
2026-04-30T11:18:05.811501,f0ad9b92-1767-11ef-8071-42f0fecaeb6a,BH Prinsenlaan,51.937206457,4.536127586,10,2,9999
2026-04-30T11:18:05.811501,f06fd44c-2035-11f0-ab1d-9ae3af3bf913,BH Boezemlaan,51.938982631,4.495864471,10,2,9999
2026-04-30T11:18:05.811501,8d91a90c-9e83-11ee-a91e-ee69b7c7763e,BH Kraaierstraat,51.91909698,4.418192898,8,13,9999
2026-04-30T11:18:05.811501,a2671a36-bdad-11ed-b1e6-fa4fb8e2990b,RK Dwarsdijk,51.893055987,4.539201504,10,3,9999
2026-04-30T11:18:05.811501,376a5cda-06f8-11ef-b58d-569a23b994be,BH Ganzerikplein,51.958953276,4.471584016,10,2,9999
2026-04-30T11:18:05.811501,5cdd9872-b096-11ef-b6d3-56d88772ab1a,BH Wilgenplaslaan/ Meidoornsingel,51.953868042,4.468211582,7,2,9999
2026-04-30T11:18:05.811501,952a3e78-a8db-11ef-8778-d2279db84567,BH Lloydstraat,51.902214281,4.461287644,10,4,9999
2026-04-30T11:18:05.811501,a6fa0910-8067-11ed-b1e6-fa4fb8e2990b,BH Stadion Fey (Bert Heesakkerstr.),51.896805818,4.521735582,50,0,9999
2026-04-30T11:18:05.811501,a1337d02-e018-11ed-a249-96cdaf8f7240,BH Sint Franciscus,51.942171146,4.460534407,25,1,9999
2026-04-30T11:18:05.811501,d3cea108-8285-11f0-ab44-baed9603afbb,BH - Ratelaarweg,51.967431611,4.463349689,10,4,9999
2026-04-30T11:18:05.811501,3bef7002-bdb5-11ed-b1e6-fa4fb8e2990b,RK Breeweg,51.890630632,4.514261169,10,6,9999
2026-04-30T11:18:05.811501,8c90734c-45bb-11ee-8219-8ed3b2364c4f,BH Coen Moulijnweg,51.893813253,4.526876329,42,3,9999
2026-04-30T11:18:05.811501,1b098490-2037-11f0-ab1d-9ae3af3bf913,BH Karmelweg,51.933461291,4.5029394,8,2,9999
2026-04-30T11:18:05.811501,23348a06-bdb1-11ed-b1e6-fa4fb8e2990b,RK Guido Gezelleweg,51.87434607,4.523238145,10,1,9999
2026-04-30T11:18:05.811501,66824038-37b2-11ef-a21a-8e54a72a50da,HUB Metrostation Parkweg / Zuidzijde,51.921443238,4.39475836,10,9,1
2026-04-30T11:18:05.811501,2c127298-ff25-11ef-a79f-a65a77daff90,BH Aert van Nesstraat,51.921141166,4.478916173,8,7,9999
2026-04-30T11:18:05.811501,cde445c6-a744-11ef-8778-d2279db84567,BH Groenendaal,51.921685178,4.492944049,6,10,9999
2026-04-30T11:18:05.811501,97c6a1c2-a8da-11ef-8778-d2279db84567,BH Henegouwerplein,51.921807589,4.460561523,10,4,9999
2026-04-30T11:18:05.811501,e68d5642-a5b5-11f0-b6c1-baed9603afbb,HUB NS Station Schiedam Centrum/ Professor Kamerlingh Onneslaan,51.92071744,4.408262487,12,7,9999
2026-04-30T11:18:05.811501,82623a40-bda3-11ed-b1e6-fa4fb8e2990b,RK Rosestraat,51.91100607,4.501308573,10,4,9999
2026-04-30T11:18:05.811501,b7353df6-b485-11ee-9ae6-5263e3f30f1e,BH Metrostation Kralingsezoom (Gravenweg),51.921751706,4.533850265,10,2,9999
2026-04-30T11:18:05.811501,6c34980a-bb92-11ef-a02d-6ea8ed91bd56,BH Gordelweg (Lidl),51.940472428,4.479798999,4,3,9999
2026-04-30T11:18:05.811501,5904bd1a-a5b5-11f0-b05b-baed9603afbb,HUB Hof van Spaland - Bachplein,51.934889388,4.374726808,8,1,9999
2026-04-30T11:18:05.811501,32ca5fd0-8126-11ed-b1e6-fa4fb8e2990b,RK Vuurplaat,51.906526668,4.505838102,10,0,9999
2026-04-30T11:18:05.811501,f94a1ff6-b095-11ef-b6d3-56d88772ab1a,BH Bm Le Fèvre de Montignylaan/ Jeroen Boschlaan,51.955641943,4.505982462,6,3,9999
2026-04-30T11:18:05.811501,4228b402-8537-11ee-bb01-c602c1905375,BH Tongelaarweg,51.895280064,4.563514996,10,3,9999
2026-04-30T11:18:05.811501,6f66a60c-36e5-11f0-ab1d-9ae3af3bf913,BH Lloydpier,51.904487669,4.460458303,8,8,0
2026-04-30T11:18:05.811501,7d81b63e-a5b5-11f0-b05b-baed9603afbb,HUB 's Gravelandseweg,51.932091958,4.401924037,6,6,9999
2026-04-30T11:18:05.811501,a3dbb322-8121-11ed-b1e6-fa4fb8e2990b,RK Metrostation Rijnhaven ,51.902216981,4.49610172,15,2,9999
2026-04-30T11:18:05.811501,cf23b50e-9ad0-11f0-ab44-baed9603afbb,BH Natuurhistorisch museum,51.911022288,4.472728259,12,1,9999
2026-04-30T11:18:05.811501,d55243f6-182b-11ef-a8d1-42f0fecaeb6a,BH Siciliëboulevard ,51.97996654,4.580859756,10,1,9999
2026-04-30T11:18:05.811501,e0f7ef36-a5b4-11f0-ab44-baed9603afbb,Havenstraat einde (digitale testhub),51.900396883,4.398614319,12,2,9999
2026-04-30T11:18:05.811501,05d1d708-eabd-11ef-88c2-aa7241d1fb4f,HUB De Thermen ,51.927426752,4.380236246,8,1,9999
2026-04-30T11:18:05.811501,b3381a7a-2036-11f0-ab1d-9ae3af3bf913,BH Oudedijk / de Nieuwe Plantage,51.929149075,4.505248613,8,2,9999
2026-04-30T11:18:05.811501,8b480576-eabc-11ee-a9f0-82366b51b915,BH Schiedamseweg Beneden,51.914135146,4.422297364,5,7,9999
2026-04-30T11:18:05.811501,89a2f1d2-a5b3-11f0-ab44-baed9603afbb,Metrostation Vijfsluizen,51.908108215,4.37254105,8,2,9999
2026-04-30T11:18:05.811501,e50f3d1e-f069-11ef-9ed7-0ea3ed1ae564,HUB Oranjestraat - Lange Nieuwstraat,51.913368472,4.40030457,5,1,9999
2026-04-30T11:18:05.811501,4c1b19a4-d0a1-11ee-8b0e-065810cc8d78,BH Elandstraat,51.910800072,4.553878993,10,5,9999
2026-04-30T11:18:05.811501,bbbba24e-806e-11ed-b1e6-fa4fb8e2990b,RK P+R Noorderhelling,51.894761016,4.532122707,15,4,9999
2026-04-30T11:18:05.811501,3ac0b682-8129-11ed-b1e6-fa4fb8e2990b,RK Cor Kieboomplein,51.896922039,4.523502821,15,3,9999
2026-04-30T11:18:05.811501,5a3ffbf4-37b1-11ef-a21a-8e54a72a50da,HUB Metrostation Nieuwland / Van Limburg Stirumstraat,51.922446663,4.38308784,6,7,0
2026-04-30T11:18:05.811501,5d8d12a2-a5b4-11f0-ab44-baed9603afbb,Van Heekstraat,51.931167557,4.406024405,4,1,9999
2026-04-30T11:18:05.811501,f251d6e8-0b82-11ef-b58d-569a23b994be,BH Metrostation Graskruid ,51.956473743,4.550010233,8,0,9999
2026-04-30T11:18:05.811501,a4d2ea7c-b2f0-11ef-aa57-62870c7808bb,BH 2e Hogenbanweg,51.936951327,4.427707182,8,3,9999
2026-04-30T11:18:05.811501,75ba0d1a-2037-11f0-ab1d-9ae3af3bf913,BH Stadhoudersweg,51.931417737,4.461484988,10,5,9999
2026-04-30T11:18:05.811501,bc6b0d7e-a745-11ef-8778-d2279db84567,BH Goudsewagenstraat,51.923224462,4.493552746,8,11,9999
2026-04-30T11:18:05.811501,0f37eafc-8912-11ee-bb01-c602c1905375,BH Metro Oostplein,51.922677789,4.497608825,10,5,9999
2026-04-30T11:18:05.811501,aed7c2fa-8123-11ed-b1e6-fa4fb8e2990b,RK Groene Hilledijk/Beijerlandselaan,51.893806789,4.509452258,10,4,9999
2026-04-30T11:18:05.811501,c76f0318-bb92-11ef-a02d-6ea8ed91bd56,BH NS Centraal Station (Stationssingel),51.925399994,4.466148375,10,25,9999
2026-04-30T11:18:05.811501,361a368c-a5b4-11f0-ab44-baed9603afbb,Sportpark Haga (Epke Zonderlandstraat),51.921919868,4.370918199,8,3,9999
2026-04-30T11:18:05.811501,f4c0fe5e-02d6-11ef-b58d-569a23b994be,BH Paulus Potterstraat,51.9228414,4.508497696,10,1,9999
2026-04-30T11:18:05.811501,48cbf66e-9f15-11ee-a91e-ee69b7c7763e,BH Franselaan,51.917379138,4.420463507,10,5,9999
2026-04-30T11:18:05.811501,e9735b4e-7da7-11f0-ab44-baed9603afbb,BH Veldkersweg,51.966835673,4.46657292,8,2,9999
2026-04-30T11:18:05.811501,4b1ac684-bb93-11ef-a02d-6ea8ed91bd56,BH Noorderkanaalweg,51.940525593,4.472984586,9,3,9999
2026-04-30T11:18:05.811501,033a9392-3700-11f0-ab1d-9ae3af3bf913,BH Herman Bavinckstraat,51.915067882,4.521446921,10,4,9999
2026-04-30T11:18:05.811501,ffe8c3e8-a8da-11ef-8778-d2279db84567,BH Mathenesserplein,51.917836602,4.44508891,8,2,9999
2026-04-30T11:18:05.811501,e377069a-ff63-11ef-a79f-a65a77daff90,BH Kralingsebos Bosdreef/Pr. Beatrixlaan,51.93789612,4.501689644,8,0,9999
2026-04-30T11:18:05.811501,7af95f9c-a747-11ef-8778-d2279db84567,BH Kruisplein,51.92228569,4.47138789,6,16,9999
2026-04-30T11:18:05.811501,4c50cb7a-bdb6-11ed-b1e6-fa4fb8e2990b,RK Olympiaweg,51.886462746,4.529133302,10,6,9999
2026-04-30T11:18:05.811501,a694ef4e-36e5-11f0-ab1d-9ae3af3bf913,BH Neushoornstraat,51.913041554,4.553743002,6,2,0
2026-04-30T11:18:05.811501,be56ca62-8120-11ed-b1e6-fa4fb8e2990b,RK P+R Beverwaard,51.885771514,4.568986239,10,1,9999
2026-04-30T11:18:05.811501,d5af3bc4-806a-11ed-b1e6-fa4fb8e2990b,BH Kievitslaan,51.907226862,4.473300159,17,5,9999
2026-04-30T11:18:05.811501,dd006abc-a5b3-11f0-ab44-baed9603afbb,Havenstraat,51.903204365,4.398004897,8,0,9999
2026-04-30T11:18:05.811501,6f09af84-eabe-11ee-a9f0-82366b51b915,BH Delftseplein ,51.925206514,4.474011701,14,15,9999
2026-04-30T11:18:05.811501,1cfb89ec-806b-11ed-b1e6-fa4fb8e2990b,BH Westplein,51.908912961,4.478583441,10,7,9999
2026-04-30T11:18:05.811501,12fc10a4-bb94-11ef-a02d-6ea8ed91bd56,BH Noordplein,51.930251975,4.483699175,10,1,9999
2026-04-30T11:18:05.811501,276e8d26-bda0-11ed-b1e6-fa4fb8e2990b,RK Strevelsweg,51.889634937,4.495943368,15,0,9999
2026-04-30T11:18:05.811501,9e066470-2038-11f0-ab1d-9ae3af3bf913,BH Kralinger Esch,51.911179823,4.524762065,9,9,9999
2026-04-30T11:18:05.811501,9b1f0aaa-8125-11ed-b1e6-fa4fb8e2990b,RK Slaghekstraat - Beijerlandselaan,51.897574833,4.511261604,10,0,9999
2026-04-30T11:18:05.811501,b8c81048-2037-11f0-ab1d-9ae3af3bf913,BH Van Maanenstraat,51.932279316,4.464280453,6,9,9999
2026-04-30T11:18:05.811501,1f4ff66c-bdb8-11ed-b1e6-fa4fb8e2990b,RK Van der Takstraat ,51.914243737,4.496045621,10,9,9999
2026-04-30T11:18:05.811501,3b523cee-5c94-11f0-ab1d-9ae3af3bf913,BH - Wilhelminapier,51.90698281,4.489727426,14,18,9999
2026-04-30T11:18:05.811501,e8d292d2-039a-11ef-b58d-569a23b994be,BH Mia van Yperenplein ,51.928414546,4.545678043,10,2,9999
2026-04-30T11:18:05.811501,12daf18a-8068-11ed-b1e6-fa4fb8e2990b,BH Treinst. Lombardijen (Aesopusplaats),51.880478018,4.530040287,10,2,9999
2026-04-30T11:18:05.811501,558e4a5a-eaba-11ee-a9f0-82366b51b915,BH Blijdorplaan ,51.927389289,4.440437692,22,9,9999
2026-04-30T11:18:05.811501,5a8de282-36ee-11f0-ab1d-9ae3af3bf913,BH van Blommesteynweg,51.888148155,4.460842726,10,1,9999
2026-04-30T11:18:05.811501,078569ee-a5b5-11f0-ab44-baed9603afbb,Nieuwe Waterwegstraat (digitale testhub),51.900682979,4.390873601,12,0,9999
2026-04-30T11:18:05.811501,8e5dd27e-06fd-11ef-b58d-569a23b994be,BH Prins Alexanderplein,51.951040272,4.553684972,14,1,9999
2026-04-30T11:18:05.811501,a6843864-fbc4-11ee-b58d-569a23b994be,Trompenburg 1,51.917696349,4.517981647,10,3,5
2026-04-30T11:18:05.811501,5b583480-a8da-11ef-8778-d2279db84567,BH Duyststraat,51.910073429,4.452225738,8,5,9999
2026-04-30T11:18:05.811501,2510e9ba-a5b6-11f0-847a-baed9603afbb,Hub Kloosterplaats,51.91675013,4.402112308,6,17,9999
2026-04-30T11:18:05.811501,880e3e72-a8dd-11ef-8778-d2279db84567,BH Spaansebocht,51.917413667,4.430014126,9,1,9999
2026-04-30T11:18:05.811501,b5b3324a-edb9-11ee-a9f0-82366b51b915,BH Siondwarsstraat,51.925261494,4.51053174,10,7,9999
2026-04-30T11:18:05.811501,94b01d94-edc6-11ee-a9f0-82366b51b915,BH Schuttersveld,51.933248028,4.490978921,10,3,9999
2026-04-30T11:18:05.811501,69b33170-edbd-11ee-a9f0-82366b51b915,BH Metro Oostplein 2,51.923145722,4.496820843,10,5,9999
2026-04-30T11:18:05.811501,67d6af9a-f068-11ef-ba40-0ea3ed1ae564,HUB Hof van Spaland - Schiedamseweg,51.934898803,4.378145906,12,3,9999
2026-04-30T11:18:05.811501,f4d561c2-1e0f-11f1-bada-da123385441b,BH PR Slinge 2,51.87374414,4.477026543,10,0,10
2026-04-30T11:18:05.811501,4933dd54-9e7c-11ee-a91e-ee69b7c7763e,BH Willem Ruyslaan (Luzac College),51.925421889,4.508669446,10,4,9999
2026-04-30T11:18:05.811501,9f935b6c-b095-11ef-b6d3-56d88772ab1a,BH Bergpolderplein,51.945227242,4.474988047,8,5,9999
2026-04-30T11:18:05.811501,8a2d056c-bb93-11ef-a02d-6ea8ed91bd56,BH NS Station Noord (Bergweg),51.941530048,4.481339526,10,5,3
2026-04-30T11:18:05.811501,4d95ab34-8122-11ed-b1e6-fa4fb8e2990b,RK Metrostation Maashaven ,51.896573582,4.494245173,30,0,9999
2026-04-30T11:18:05.811501,3d015ff0-8394-11ee-bb01-c602c1905375,BH Metrostation Oosterflank,51.945209326,4.555045447,10,0,9999
2026-04-30T11:18:05.811501,defeb050-a747-11ef-8778-d2279db84567,BH Karel Doormanstraat,51.922789549,4.473609692,9,8,9999
2026-04-30T11:18:05.811501,b5dc5454-890f-11ee-bb01-c602c1905375,BH Schilderstraat,51.916377397,4.48142868,8,9,9999
2026-04-30T11:18:05.811501,2f12ae3e-806c-11ed-b1e6-fa4fb8e2990b,BH Winkelcentrum Keizerswaard-Herenw,51.886358391,4.549308056,15,14,9999
2026-04-30T11:18:05.811501,3b6d73a8-805d-11ed-b1e6-fa4fb8e2990b,BH Metrostation Melanchtonweg,51.94881199,4.465233746,10,5,9999
2026-04-30T11:18:05.811501,d5832958-891a-11ee-bb01-c602c1905375,BH Metro Zuidplein (nieuw),51.887180341,4.491554668,10,7,9999
2026-04-30T11:18:05.811501,a535094e-b162-11ef-bdcd-5adc5d29ed54,BH Eudokiaplein,51.932433484,4.47153255,9,3,9999
2026-04-30T11:18:05.811501,437f8dc8-bd9e-11ed-b1e6-fa4fb8e2990b,RK Hillevliet,51.89558515,4.506432514,10,5,9999
2026-04-30T11:18:05.811501,f10d8ab4-9997-11ee-a91e-ee69b7c7763e,BH Shell Hofplein,51.925705456,4.477781355,28,6,9999
2026-04-30T11:18:05.811501,94467720-8127-11ed-b1e6-fa4fb8e2990b,RK Persoonsdam,51.909309099,4.508017165,10,5,9999
2026-04-30T11:18:05.811501,9245444a-2023-11f0-ab1d-9ae3af3bf913,BH Witte de Withstraat,51.915906523,4.478080905,10,6,9999
2026-04-30T11:18:05.811501,49d59348-ff64-11ef-b515-a65a77daff90,BH Bergweg (Dirk van den Broek),51.93856254,4.479465675,6,1,9999
2026-04-30T11:18:05.811501,30fb96bc-8124-11ed-b1e6-fa4fb8e2990b,RK Beverwaardseweg/ Borgharensingel,51.898798338,4.564663375,10,2,9999
2026-04-30T11:18:05.811501,9a1fb404-8ab3-11ee-bb01-c602c1905375,BH Langenhorst ,51.874120882,4.494254863,10,5,9999
2026-04-30T11:18:05.811501,abe67bfa-b096-11ef-b6d3-56d88772ab1a,BH Wilgenplaslaan/ Donkersingel,51.951337599,4.47048253,10,1,9999
2026-04-30T11:18:05.811501,068b0f9c-a8dd-11ef-8778-d2279db84567,BH Vierhavenstraat (Sahan),51.908502395,4.437727106,4,0,9999
2026-04-30T11:18:05.811501,bc0e7e9c-a8da-11ef-8778-d2279db84567,BH Jan van Vuchtstraat,51.917045317,4.460830874,6,0,9999
2026-04-30T11:18:05.811501,8b721818-a5b2-11f0-ab44-baed9603afbb,Lekstraat,51.90446958,4.406985264,6,2,9999
2026-04-30T11:18:05.811501,ad212572-06f7-11ef-b58d-569a23b994be,BH Molenlaan/Grindweg,51.963224537,4.49571068,10,3,9999
2026-04-30T11:18:05.811501,f8828c3e-806d-11ed-b1e6-fa4fb8e2990b,RK Station Rdam Zuid,51.905545015,4.509568537,15,6,9999
2026-04-30T11:18:05.811501,5f71799e-806b-11ed-b1e6-fa4fb8e2990b,BH Willemsplein,51.911118908,4.481894771,17,14,9999
2026-04-30T11:18:05.811501,42824336-bd97-11ed-b1e6-fa4fb8e2990b,RK Groene Hilledijk,51.882726433,4.504266667,10,5,9999
2026-04-30T11:18:05.811501,db6932f4-182b-11ef-a8d1-42f0fecaeb6a,BH Metrostation Nesselande,51.978969273,4.586177782,10,0,9999
2026-04-30T11:18:05.811501,e26322b0-2025-11f0-ab1d-9ae3af3bf913,BH Brielselaan,51.896298935,4.489248091,4,0,9999
2026-04-30T11:18:05.811501,c862b7f2-06fb-11ef-b58d-569a23b994be,BH Prins Alexanderlaan (metrobaan zijde),51.952192324,4.551435621,10,4,9999
2026-04-30T11:18:05.811501,c53689c2-8124-11ed-b1e6-fa4fb8e2990b,RK Peellandstraat / Beesdestraat ,51.888535309,4.567291893,10,4,9999
2026-04-30T11:18:05.811501,8f5d35a0-1834-11ef-8071-42f0fecaeb6a,BH Jan Bijloostraat (Winkelcentrum Lage Land),51.941821995,4.546449269,9,0,9999
2026-04-30T11:18:05.811501,f8fcd3a4-983a-11ef-a85a-be896af2d3a5,BH Rhijnauwensingel,51.892161199,4.569620613,12,2,9999
2026-04-30T11:18:05.811501,118239d4-a5b2-11f0-ab44-baed9603afbb,Lorentzlaan (bushalte),51.917994492,4.415061192,4,3,9999
2026-04-30T11:18:05.811501,0c107276-bdb7-11ed-b1e6-fa4fb8e2990b,RK Sandelingenplein,51.889562128,4.506962326,10,6,9999
2026-04-30T11:18:05.811501,75b8bea6-81d8-11ed-b1e6-fa4fb8e2990b,RK Metrostation Maashaven (Putselaan),51.897794241,4.495760713,10,4,9999
2026-04-30T11:18:05.811501,a20bbbae-bdae-11ed-b1e6-fa4fb8e2990b,RK Frankendaal,51.886951976,4.521294152,10,0,9999
2026-04-30T11:18:05.811501,bc839806-a5b1-11f0-ab44-baed9603afbb,Van het Hoffplein (Boerhavelaan),51.916219132,4.412005574,8,3,9999
2026-04-30T11:18:05.811501,2c632780-a8de-11ef-8778-d2279db84567,BH Schuttevaerweg,51.922420472,4.434869706,10,2,9999
2026-04-30T11:18:05.811501,b9bfe680-fbc4-11ee-b58d-569a23b994be,Trompenburg 2,51.917638379,4.518889893,10,0,10
2026-04-30T11:18:05.811501,e0a4baca-a748-11ef-8778-d2279db84567,BH Mariniersweg,51.920853425,4.490979502,10,13,9999
2026-04-30T11:18:05.811501,2c4ff78a-2783-11f1-a5ae-0225521a85c1,BH PR Slinge 2,51.87374414,4.477026543,10,0,10
2026-04-30T11:18:05.811501,f1df385c-f5b2-11ef-81b3-76e5c571f05f,HUB Admiraal de Ruyterstraat,51.906742474,4.38554997,8,0,9999
2026-04-30T11:18:05.811501,4247dd56-1c9f-11ee-8219-8ed3b2364c4f,BH Metro Coolhaven,51.909218289,4.458167882,10,3,9999
2026-04-30T11:18:05.811501,65af1c24-06f4-11ef-b58d-569a23b994be,BH Meerum Terwogtlaan,51.951763386,4.524587387,10,0,9999
2026-04-30T11:18:05.811501,a3c07f10-a5b5-11f0-b05b-baed9603afbb,HUB Hoofdbrug,51.908705902,4.406131267,8,7,9999
2026-04-30T11:18:05.811501,3c659862-a8dd-11ef-8778-d2279db84567,BH Mayflowerstraat,51.905015647,4.440161906,10,4,9999
2026-04-30T11:18:05.811501,c35c448e-06fc-11ef-b58d-569a23b994be,BH Jacob van Campenweg ,51.942434165,4.537976212,7,2,9999
2026-04-30T12:59:02.033411,438486f4-a5b6-11f0-a150-baed9603afbb,HUB Koemarkt ingang garage,51.914517902,4.401917461,6,5,9999
2026-04-30T12:59:02.033411,365f4a3e-a5b3-11f0-ab44-baed9603afbb,Rubensplein,51.911712719,4.383665134,6,3,9999
2026-04-30T12:59:02.033411,a85b996e-fe23-11ee-b58d-569a23b994be,BH Dirk van der Kooijweg (Waterleliesingel),51.953796964,4.52009166,10,0,9999
2026-04-30T12:59:02.033411,19e2de56-b5d8-11ee-9ae6-5263e3f30f1e,BH STC Waalhaven,51.878297275,4.448759787,10,3,9999
2026-04-30T12:59:02.033411,c6c213ee-ed18-11ef-9957-f683e5eb607c,BH Langenhorst (Binkhorst),51.877310029,4.494737503,10,3,9999
2026-04-30T12:59:02.033411,3366f8b0-a8dc-11ef-8778-d2279db84567,BH Vierhavenstraat (WoonEnzo),51.907777562,4.438830385,4,1,9999
2026-04-30T12:59:02.033411,04a89aea-a5b3-11f0-ab44-baed9603afbb,Groenelaan Hagastraat (Winkelcentrum),51.907303396,4.402285408,4,9,9999
2026-04-30T12:59:02.033411,32638aa6-a5b5-11f0-9f09-baed9603afbb,HUB Laan van Bol'es,51.928443203,4.370771711,10,1,9999
2026-04-30T12:59:02.033411,291c2f72-a749-11ef-8778-d2279db84567,BH Westzeedijk,51.909321622,4.471436479,10,2,9999
2026-04-30T12:59:02.033411,abd627be-67bb-11f0-91de-5eaa9feacc9b,BH Schiekade (Heer Bokelweg),51.927133058,4.476309832,10,8,9999
2026-04-30T12:59:02.033411,8948d5a4-b094-11ef-b6d3-56d88772ab1a,BH Duivenpad,51.964922912,4.498254116,8,2,9999
2026-04-30T12:59:02.033411,227e8c1e-be97-11ee-9ae6-5263e3f30f1e,HUB Metrostation Troelstralaan,51.915742295,4.384972326,10,0,9999
2026-04-30T12:59:02.033411,0af509a8-06f7-11ef-b58d-569a23b994be,BH Beethovensingel,51.96114919,4.505141448,10,2,9999
2026-04-30T12:59:02.033411,dc06f296-1768-11ef-8071-42f0fecaeb6a,BH Prins Alexanderlaan (Oosterflank),51.946646256,4.553811478,12,0,9999
2026-04-30T12:59:02.033411,221af3ce-7fe1-11ee-bb01-c602c1905375,BH Metro Prinsenlaan,51.940647564,4.556931306,10,1,9999
2026-04-30T12:59:02.033411,a793d6ba-edc8-11ee-a9f0-82366b51b915,BH Infirmeriestraat,51.922255603,4.502265891,10,6,9999
2026-04-30T12:59:02.033411,0359e1a2-bdb3-11ed-b1e6-fa4fb8e2990b,RK Rosestraat 11C,51.902954022,4.511377745,10,7,9999
2026-04-30T12:59:02.033411,87f07e20-9e78-11ee-a91e-ee69b7c7763e,BH Marconistraat (Lee Towers),51.912441021,4.430411189,14,7,9999
2026-04-30T12:59:02.033411,f539bd6e-06f8-11ef-b58d-569a23b994be,BH Meijersplein,51.955657978,4.463033845,8,6,9999
2026-04-30T12:59:02.033411,70f0801a-8071-11ed-b1e6-fa4fb8e2990b,RK treinstation Lombardijen,51.88057913,4.531905572,30,7,9999
2026-04-30T12:59:02.033411,43752ffc-a8db-11ef-8778-d2279db84567,BH Pieter de Hoochweg,51.906316301,4.459985731,6,0,9999
2026-04-30T12:59:02.033411,b35ddad8-ab08-11ef-8778-d2279db84567,HUB Rotterdamsedijk 272,51.914957692,4.40343084,8,5,9999
2026-04-30T12:59:02.033411,9b1fa0f6-ae3c-11ee-a91e-ee69b7c7763e,BH Winkelhart Plein 1953,51.874842065,4.467889739,10,6,9999
2026-04-30T12:59:02.033411,8bd90878-0884-11f0-9a47-66143dd92f22,RK Molenvliet,51.882626536,4.521159806,10,5,9999
2026-04-30T12:59:02.033411,45450b66-a5b2-11f0-ab44-baed9603afbb,Maasdijk (Gustoweg),51.906629018,4.412009895,6,1,9999
2026-04-30T12:59:02.033411,4de2effe-f068-11ef-ba40-0ea3ed1ae564,HUB Hof van Spaland - Vlaardingseweg,51.935841728,4.376077923,4,2,9999
2026-04-30T12:59:02.033411,d38c6468-06fe-11ef-b58d-569a23b994be,BH Kleine Beer,51.950902127,4.555051083,6,3,9999
2026-04-30T12:59:02.033411,e552904e-182b-11ef-a8d1-42f0fecaeb6a,BH Metrostation Hesseplaats,51.963345229,4.554510684,10,3,9999
2026-04-30T12:59:02.033411,1826196c-b162-11ef-bdcd-5adc5d29ed54,BH Bentincklaan (Diergaarde Blijdorp),51.92572504,4.454794024,10,3,9999
2026-04-30T12:59:02.033411,8a1e5ed0-1c9e-11ee-8219-8ed3b2364c4f,BH Sparta stadion,51.920151368,4.434428835,20,1,9999
2026-04-30T12:59:02.033411,d3c9003c-b486-11ee-9ae6-5263e3f30f1e,BH Oostzeedijk Beneden,51.922514244,4.503092963,10,5,9999
2026-04-30T12:59:02.033411,552a82b8-b094-11ef-b6d3-56d88772ab1a,BH Hockeyclub Rotterdam,51.96869974,4.484731647,25,9,9999
2026-04-30T12:59:02.033411,cb3f6d1c-a746-11ef-8778-d2279db84567,BH Vasteland (AH),51.911537089,4.478368712,10,7,9999
2026-04-30T12:59:02.033411,d4a8557a-eabd-11ef-ac99-aa7241d1fb4f,HUB Admiraal Trompstraat (Huisman),51.908834504,4.381923039,8,0,9999
2026-04-30T12:59:02.033411,00e8b3de-9e82-11ee-a91e-ee69b7c7763e,BH Jacques Dutilhweg,51.927993284,4.5475155,10,0,9999
2026-04-30T12:59:02.033411,d868fe52-36e5-11f0-ab1d-9ae3af3bf913,BH Sluisjesdijk,51.894714517,4.461900478,10,1,5
2026-04-30T12:59:02.033411,4338fed2-edbb-11ee-a9f0-82366b51b915,BH Oostzeedijk Beneden 2,51.921653595,4.507031037,10,4,9999
2026-04-30T12:59:02.033411,2c82bb9a-217b-11ee-8219-8ed3b2364c4f,Hub Weena,51.922738296,4.469181329,142,38,9999
2026-04-30T12:59:02.033411,96f5cbdc-06f6-11ef-b58d-569a23b994be,BH Argonautenweg,51.959086712,4.49354982,10,1,9999
2026-04-30T12:59:02.033411,2f51713e-32b7-11ee-8219-8ed3b2364c4f,Hub P+R Capelsebrug,51.920991793,4.559215491,18,26,9999
2026-04-30T12:59:02.033411,62b0255a-9e7a-11ee-a91e-ee69b7c7763e,BH Vierhavenstraat,51.910327597,4.434992993,16,5,9999
2026-04-30T12:59:02.033411,2b10524e-06f5-11ef-b58d-569a23b994be,BH Piet van der Polsingel,51.950618784,4.518612648,8,1,9999
2026-04-30T12:59:02.033411,47070056-06fa-11ef-b58d-569a23b994be,BH Metrostation Schenkel,51.931770435,4.56406792,12,1,9999
2026-04-30T12:59:02.033411,0e59456c-f06d-11f0-b173-2e3b4d4b7f35,BH P+R Kralingse Zoom,51.921440854,4.531732208,10,8,0
2026-04-30T12:59:02.033411,7a8c12ba-91ab-11ed-b1e6-fa4fb8e2990b,BH Metrostation Slinge,51.874526023,4.477872534,15,11,9999
2026-04-30T12:59:02.033411,026045c6-8530-11ee-bb01-c602c1905375,BH Winkelhart Katendrechtse Lagedijk,51.891184937,4.479440034,10,3,9999
2026-04-30T12:59:02.033411,9d9bb8ec-4bd1-11ee-bb01-c602c1905375,BH Marconiplein,51.913319277,4.432514448,10,2,9999
2026-04-30T12:59:02.033411,8330f3ca-a5b4-11f0-ab44-baed9603afbb,Fokkerstraat Plesmanstraat,51.929694009,4.399576614,4,0,9999
2026-04-30T12:59:02.033411,5b842034-5331-11f0-ab1d-9ae3af3bf913,BH Walenburgerweg,51.926698659,4.462629155,10,2,9999
2026-04-30T12:59:02.033411,a08059b6-b484-11ee-9ae6-5263e3f30f1e,BH Metrostation Gerdesiaweg,51.925444134,4.506155972,10,5,9999
2026-04-30T12:59:02.033411,2f718c84-8911-11ee-bb01-c602c1905375,BH Metro Dijkzigt - EMC,51.911789199,4.466334846,20,28,9999
2026-04-30T12:59:02.033411,f58e41fc-1c9f-11ee-8219-8ed3b2364c4f,BH Heemraadsplein,51.912322959,4.455058085,10,4,9999
2026-04-30T12:59:02.033411,79fdd038-34b8-11f0-ab1d-9ae3af3bf913,BH RTHA Airport,51.94924845,4.432611987,10,19,0
2026-04-30T12:59:02.033411,1c41897e-596e-11ef-bed6-aa139991deb4,HUB Metrostation Nieuwland / Bijdorpplein,51.922583819,4.38260008,10,0,9999
2026-04-30T12:59:02.033411,a57d027c-8912-11ee-bb01-c602c1905375,BH Delftse Poort,51.924408145,4.472816464,10,13,9999
2026-04-30T12:59:02.033411,6383849a-2038-11f0-ab1d-9ae3af3bf913,BH - Kralingsebos (Langepad),51.936318565,4.506197017,10,5,9999
2026-04-30T12:59:02.033411,e90e9332-06f5-11ef-b58d-569a23b994be,BH Burgemeester Le Fèvre de Montignylaan,51.957620055,4.501711782,10,3,9999
2026-04-30T12:59:02.033411,5cb3ffde-bdaf-11ed-b1e6-fa4fb8e2990b,RK Stadionlaan,51.892328813,4.530682857,10,3,9999
2026-04-30T12:59:02.033411,02bed1f8-8392-11ee-bb01-c602c1905375,BH Station Alexander,51.951735827,4.551049232,10,4,9999
2026-04-30T12:59:02.033411,08d5cf66-8ab2-11ee-bb01-c602c1905375,BH Winkelhart Asterlo,51.873536387,4.483591736,10,11,9999
2026-04-30T12:59:02.033411,0e51e024-c757-11ee-9ae6-5263e3f30f1e,BH Metrostation Binnenhof,51.960437867,4.535372966,10,1,9999
2026-04-30T12:59:02.033411,409f87f6-890f-11ee-bb01-c602c1905375,BH Metro Beurs,51.917806013,4.480107053,8,17,9999
2026-04-30T12:59:02.033411,d6a7cd26-4d08-11f0-ab1d-9ae3af3bf913,BH - Oudehoofdplein-Haringvliet,51.918979475,4.49384405,10,8,9999
2026-04-30T12:59:02.033411,f0ad9b92-1767-11ef-8071-42f0fecaeb6a,BH Prinsenlaan,51.937206457,4.536127586,10,2,9999
2026-04-30T12:59:02.033411,f06fd44c-2035-11f0-ab1d-9ae3af3bf913,BH Boezemlaan,51.938982631,4.495864471,10,5,9999
2026-04-30T12:59:02.033411,8d91a90c-9e83-11ee-a91e-ee69b7c7763e,BH Kraaierstraat,51.91909698,4.418192898,8,12,9999
2026-04-30T12:59:02.033411,a2671a36-bdad-11ed-b1e6-fa4fb8e2990b,RK Dwarsdijk,51.893055987,4.539201504,10,2,9999
2026-04-30T12:59:02.033411,376a5cda-06f8-11ef-b58d-569a23b994be,BH Ganzerikplein,51.958953276,4.471584016,10,4,9999
2026-04-30T12:59:02.033411,5cdd9872-b096-11ef-b6d3-56d88772ab1a,BH Wilgenplaslaan/ Meidoornsingel,51.953868042,4.468211582,7,2,9999
2026-04-30T12:59:02.033411,952a3e78-a8db-11ef-8778-d2279db84567,BH Lloydstraat,51.902214281,4.461287644,10,4,9999
2026-04-30T12:59:02.033411,a6fa0910-8067-11ed-b1e6-fa4fb8e2990b,BH Stadion Fey (Bert Heesakkerstr.),51.896805818,4.521735582,50,0,9999
2026-04-30T12:59:02.033411,a1337d02-e018-11ed-a249-96cdaf8f7240,BH Sint Franciscus,51.942171146,4.460534407,25,1,9999
2026-04-30T12:59:02.033411,d3cea108-8285-11f0-ab44-baed9603afbb,BH - Ratelaarweg,51.967431611,4.463349689,10,2,9999
2026-04-30T12:59:02.033411,3bef7002-bdb5-11ed-b1e6-fa4fb8e2990b,RK Breeweg,51.890630632,4.514261169,10,6,9999
2026-04-30T12:59:02.033411,8c90734c-45bb-11ee-8219-8ed3b2364c4f,BH Coen Moulijnweg,51.893813253,4.526876329,42,6,9999
2026-04-30T12:59:02.033411,1b098490-2037-11f0-ab1d-9ae3af3bf913,BH Karmelweg,51.933461291,4.5029394,8,3,9999
2026-04-30T12:59:02.033411,23348a06-bdb1-11ed-b1e6-fa4fb8e2990b,RK Guido Gezelleweg,51.87434607,4.523238145,10,1,9999
2026-04-30T12:59:02.033411,66824038-37b2-11ef-a21a-8e54a72a50da,HUB Metrostation Parkweg / Zuidzijde,51.921443238,4.39475836,10,9,1
2026-04-30T12:59:02.033411,2c127298-ff25-11ef-a79f-a65a77daff90,BH Aert van Nesstraat,51.921141166,4.478916173,8,6,9999
2026-04-30T12:59:02.033411,cde445c6-a744-11ef-8778-d2279db84567,BH Groenendaal,51.921685178,4.492944049,6,10,9999
2026-04-30T12:59:02.033411,97c6a1c2-a8da-11ef-8778-d2279db84567,BH Henegouwerplein,51.921807589,4.460561523,10,6,9999
2026-04-30T12:59:02.033411,e68d5642-a5b5-11f0-b6c1-baed9603afbb,HUB NS Station Schiedam Centrum/ Professor Kamerlingh Onneslaan,51.92071744,4.408262487,12,3,9999
2026-04-30T12:59:02.033411,82623a40-bda3-11ed-b1e6-fa4fb8e2990b,RK Rosestraat,51.91100607,4.501308573,10,2,9999
2026-04-30T12:59:02.033411,b7353df6-b485-11ee-9ae6-5263e3f30f1e,BH Metrostation Kralingsezoom (Gravenweg),51.921751706,4.533850265,10,2,9999
2026-04-30T12:59:02.033411,6c34980a-bb92-11ef-a02d-6ea8ed91bd56,BH Gordelweg (Lidl),51.940472428,4.479798999,4,4,9999
2026-04-30T12:59:02.033411,5904bd1a-a5b5-11f0-b05b-baed9603afbb,HUB Hof van Spaland - Bachplein,51.934889388,4.374726808,8,1,9999
2026-04-30T12:59:02.033411,32ca5fd0-8126-11ed-b1e6-fa4fb8e2990b,RK Vuurplaat,51.906526668,4.505838102,10,0,9999
2026-04-30T12:59:02.033411,f94a1ff6-b095-11ef-b6d3-56d88772ab1a,BH Bm Le Fèvre de Montignylaan/ Jeroen Boschlaan,51.955641943,4.505982462,6,3,9999
2026-04-30T12:59:02.033411,4228b402-8537-11ee-bb01-c602c1905375,BH Tongelaarweg,51.895280064,4.563514996,10,3,9999
2026-04-30T12:59:02.033411,6f66a60c-36e5-11f0-ab1d-9ae3af3bf913,BH Lloydpier,51.904487669,4.460458303,8,9,0
2026-04-30T12:59:02.033411,7d81b63e-a5b5-11f0-b05b-baed9603afbb,HUB 's Gravelandseweg,51.932091958,4.401924037,6,6,9999
2026-04-30T12:59:02.033411,a3dbb322-8121-11ed-b1e6-fa4fb8e2990b,RK Metrostation Rijnhaven ,51.902216981,4.49610172,15,1,9999
2026-04-30T12:59:02.033411,cf23b50e-9ad0-11f0-ab44-baed9603afbb,BH Natuurhistorisch museum,51.911022288,4.472728259,12,1,9999
2026-04-30T12:59:02.033411,d55243f6-182b-11ef-a8d1-42f0fecaeb6a,BH Siciliëboulevard ,51.97996654,4.580859756,10,1,9999
2026-04-30T12:59:02.033411,e0f7ef36-a5b4-11f0-ab44-baed9603afbb,Havenstraat einde (digitale testhub),51.900396883,4.398614319,12,2,9999
2026-04-30T12:59:02.033411,05d1d708-eabd-11ef-88c2-aa7241d1fb4f,HUB De Thermen ,51.927426752,4.380236246,8,1,9999
2026-04-30T12:59:02.033411,b3381a7a-2036-11f0-ab1d-9ae3af3bf913,BH Oudedijk / de Nieuwe Plantage,51.929149075,4.505248613,8,6,9999
2026-04-30T12:59:02.033411,8b480576-eabc-11ee-a9f0-82366b51b915,BH Schiedamseweg Beneden,51.914135146,4.422297364,5,7,9999
2026-04-30T12:59:02.033411,89a2f1d2-a5b3-11f0-ab44-baed9603afbb,Metrostation Vijfsluizen,51.908108215,4.37254105,8,2,9999
2026-04-30T12:59:02.033411,e50f3d1e-f069-11ef-9ed7-0ea3ed1ae564,HUB Oranjestraat - Lange Nieuwstraat,51.913368472,4.40030457,5,1,9999
2026-04-30T12:59:02.033411,4c1b19a4-d0a1-11ee-8b0e-065810cc8d78,BH Elandstraat,51.910800072,4.553878993,10,5,9999
2026-04-30T12:59:02.033411,bbbba24e-806e-11ed-b1e6-fa4fb8e2990b,RK P+R Noorderhelling,51.894761016,4.532122707,15,3,9999
2026-04-30T12:59:02.033411,3ac0b682-8129-11ed-b1e6-fa4fb8e2990b,RK Cor Kieboomplein,51.896922039,4.523502821,15,5,9999
2026-04-30T12:59:02.033411,5a3ffbf4-37b1-11ef-a21a-8e54a72a50da,HUB Metrostation Nieuwland / Van Limburg Stirumstraat,51.922446663,4.38308784,6,7,0
2026-04-30T12:59:02.033411,5d8d12a2-a5b4-11f0-ab44-baed9603afbb,Van Heekstraat,51.931167557,4.406024405,4,1,9999
2026-04-30T12:59:02.033411,f251d6e8-0b82-11ef-b58d-569a23b994be,BH Metrostation Graskruid ,51.956473743,4.550010233,8,0,9999
2026-04-30T12:59:02.033411,a4d2ea7c-b2f0-11ef-aa57-62870c7808bb,BH 2e Hogenbanweg,51.936951327,4.427707182,8,3,9999
2026-04-30T12:59:02.033411,75ba0d1a-2037-11f0-ab1d-9ae3af3bf913,BH Stadhoudersweg,51.931417737,4.461484988,10,3,9999
2026-04-30T12:59:02.033411,bc6b0d7e-a745-11ef-8778-d2279db84567,BH Goudsewagenstraat,51.923224462,4.493552746,8,13,9999
2026-04-30T12:59:02.033411,0f37eafc-8912-11ee-bb01-c602c1905375,BH Metro Oostplein,51.922677789,4.497608825,10,10,9999
2026-04-30T12:59:02.033411,aed7c2fa-8123-11ed-b1e6-fa4fb8e2990b,RK Groene Hilledijk/Beijerlandselaan,51.893806789,4.509452258,10,3,9999
2026-04-30T12:59:02.033411,c76f0318-bb92-11ef-a02d-6ea8ed91bd56,BH NS Centraal Station (Stationssingel),51.925399994,4.466148375,10,27,9999
2026-04-30T12:59:02.033411,361a368c-a5b4-11f0-ab44-baed9603afbb,Sportpark Haga (Epke Zonderlandstraat),51.921919868,4.370918199,8,3,9999
2026-04-30T12:59:02.033411,f4c0fe5e-02d6-11ef-b58d-569a23b994be,BH Paulus Potterstraat,51.9228414,4.508497696,10,3,9999
2026-04-30T12:59:02.033411,48cbf66e-9f15-11ee-a91e-ee69b7c7763e,BH Franselaan,51.917379138,4.420463507,10,2,9999
2026-04-30T12:59:02.033411,e9735b4e-7da7-11f0-ab44-baed9603afbb,BH Veldkersweg,51.966835673,4.46657292,8,2,9999
2026-04-30T12:59:02.033411,4b1ac684-bb93-11ef-a02d-6ea8ed91bd56,BH Noorderkanaalweg,51.940525593,4.472984586,9,2,9999
2026-04-30T12:59:02.033411,033a9392-3700-11f0-ab1d-9ae3af3bf913,BH Herman Bavinckstraat,51.915067882,4.521446921,10,5,9999
2026-04-30T12:59:02.033411,ffe8c3e8-a8da-11ef-8778-d2279db84567,BH Mathenesserplein,51.917836602,4.44508891,8,1,9999
2026-04-30T12:59:02.033411,e377069a-ff63-11ef-a79f-a65a77daff90,BH Kralingsebos Bosdreef/Pr. Beatrixlaan,51.93789612,4.501689644,8,0,9999
2026-04-30T12:59:02.033411,7af95f9c-a747-11ef-8778-d2279db84567,BH Kruisplein,51.92228569,4.47138789,6,21,9999
2026-04-30T12:59:02.033411,4c50cb7a-bdb6-11ed-b1e6-fa4fb8e2990b,RK Olympiaweg,51.886462746,4.529133302,10,4,9999
2026-04-30T12:59:02.033411,a694ef4e-36e5-11f0-ab1d-9ae3af3bf913,BH Neushoornstraat,51.913041554,4.553743002,6,2,0
2026-04-30T12:59:02.033411,be56ca62-8120-11ed-b1e6-fa4fb8e2990b,RK P+R Beverwaard,51.885771514,4.568986239,10,1,9999
2026-04-30T12:59:02.033411,d5af3bc4-806a-11ed-b1e6-fa4fb8e2990b,BH Kievitslaan,51.907226862,4.473300159,17,5,9999
2026-04-30T12:59:02.033411,dd006abc-a5b3-11f0-ab44-baed9603afbb,Havenstraat,51.903204365,4.398004897,8,0,9999
2026-04-30T12:59:02.033411,6f09af84-eabe-11ee-a9f0-82366b51b915,BH Delftseplein ,51.925206514,4.474011701,14,15,9999
2026-04-30T12:59:02.033411,1cfb89ec-806b-11ed-b1e6-fa4fb8e2990b,BH Westplein,51.908912961,4.478583441,10,6,9999
2026-04-30T12:59:02.033411,12fc10a4-bb94-11ef-a02d-6ea8ed91bd56,BH Noordplein,51.930251975,4.483699175,10,2,9999
2026-04-30T12:59:02.033411,276e8d26-bda0-11ed-b1e6-fa4fb8e2990b,RK Strevelsweg,51.889634937,4.495943368,15,0,9999
2026-04-30T12:59:02.033411,9e066470-2038-11f0-ab1d-9ae3af3bf913,BH Kralinger Esch,51.911179823,4.524762065,9,10,9999
2026-04-30T12:59:02.033411,9b1f0aaa-8125-11ed-b1e6-fa4fb8e2990b,RK Slaghekstraat - Beijerlandselaan,51.897574833,4.511261604,10,0,9999
2026-04-30T12:59:02.033411,b8c81048-2037-11f0-ab1d-9ae3af3bf913,BH Van Maanenstraat,51.932279316,4.464280453,6,10,9999
2026-04-30T12:59:02.033411,1f4ff66c-bdb8-11ed-b1e6-fa4fb8e2990b,RK Van der Takstraat ,51.914243737,4.496045621,10,9,9999
2026-04-30T12:59:02.033411,3b523cee-5c94-11f0-ab1d-9ae3af3bf913,BH - Wilhelminapier,51.90698281,4.489727426,14,18,9999
2026-04-30T12:59:02.033411,e8d292d2-039a-11ef-b58d-569a23b994be,BH Mia van Yperenplein ,51.928414546,4.545678043,10,3,9999
2026-04-30T12:59:02.033411,12daf18a-8068-11ed-b1e6-fa4fb8e2990b,BH Treinst. Lombardijen (Aesopusplaats),51.880478018,4.530040287,10,2,9999
2026-04-30T12:59:02.033411,558e4a5a-eaba-11ee-a9f0-82366b51b915,BH Blijdorplaan ,51.927389289,4.440437692,22,7,9999
2026-04-30T12:59:02.033411,5a8de282-36ee-11f0-ab1d-9ae3af3bf913,BH van Blommesteynweg,51.888148155,4.460842726,10,3,9999
2026-04-30T12:59:02.033411,078569ee-a5b5-11f0-ab44-baed9603afbb,Nieuwe Waterwegstraat (digitale testhub),51.900682979,4.390873601,12,0,9999
2026-04-30T12:59:02.033411,8e5dd27e-06fd-11ef-b58d-569a23b994be,BH Prins Alexanderplein,51.951040272,4.553684972,14,1,9999
2026-04-30T12:59:02.033411,a6843864-fbc4-11ee-b58d-569a23b994be,Trompenburg 1,51.917696349,4.517981647,10,2,6
2026-04-30T12:59:02.033411,5b583480-a8da-11ef-8778-d2279db84567,BH Duyststraat,51.910073429,4.452225738,8,6,9999
2026-04-30T12:59:02.033411,2510e9ba-a5b6-11f0-847a-baed9603afbb,Hub Kloosterplaats,51.91675013,4.402112308,6,17,9999
2026-04-30T12:59:02.033411,880e3e72-a8dd-11ef-8778-d2279db84567,BH Spaansebocht,51.917413667,4.430014126,9,1,9999
2026-04-30T12:59:02.033411,b5b3324a-edb9-11ee-a9f0-82366b51b915,BH Siondwarsstraat,51.925261494,4.51053174,10,7,9999
2026-04-30T12:59:02.033411,94b01d94-edc6-11ee-a9f0-82366b51b915,BH Schuttersveld,51.933248028,4.490978921,10,1,9999
2026-04-30T12:59:02.033411,69b33170-edbd-11ee-a9f0-82366b51b915,BH Metro Oostplein 2,51.923145722,4.496820843,10,5,9999
2026-04-30T12:59:02.033411,67d6af9a-f068-11ef-ba40-0ea3ed1ae564,HUB Hof van Spaland - Schiedamseweg,51.934898803,4.378145906,12,3,9999
2026-04-30T12:59:02.033411,f4d561c2-1e0f-11f1-bada-da123385441b,BH PR Slinge 2,51.87374414,4.477026543,10,0,10
2026-04-30T12:59:02.033411,4933dd54-9e7c-11ee-a91e-ee69b7c7763e,BH Willem Ruyslaan (Luzac College),51.925421889,4.508669446,10,4,9999
2026-04-30T12:59:02.033411,9f935b6c-b095-11ef-b6d3-56d88772ab1a,BH Bergpolderplein,51.945227242,4.474988047,8,6,9999
2026-04-30T12:59:02.033411,8a2d056c-bb93-11ef-a02d-6ea8ed91bd56,BH NS Station Noord (Bergweg),51.941530048,4.481339526,10,5,3
2026-04-30T12:59:02.033411,4d95ab34-8122-11ed-b1e6-fa4fb8e2990b,RK Metrostation Maashaven ,51.896573582,4.494245173,30,0,9999
2026-04-30T12:59:02.033411,3d015ff0-8394-11ee-bb01-c602c1905375,BH Metrostation Oosterflank,51.945209326,4.555045447,10,0,9999
2026-04-30T12:59:02.033411,defeb050-a747-11ef-8778-d2279db84567,BH Karel Doormanstraat,51.922789549,4.473609692,9,6,9999
2026-04-30T12:59:02.033411,b5dc5454-890f-11ee-bb01-c602c1905375,BH Schilderstraat,51.916377397,4.48142868,8,5,9999
2026-04-30T12:59:02.033411,2f12ae3e-806c-11ed-b1e6-fa4fb8e2990b,BH Winkelcentrum Keizerswaard-Herenw,51.886358391,4.549308056,15,14,9999
2026-04-30T12:59:02.033411,3b6d73a8-805d-11ed-b1e6-fa4fb8e2990b,BH Metrostation Melanchtonweg,51.94881199,4.465233746,10,4,9999
2026-04-30T12:59:02.033411,d5832958-891a-11ee-bb01-c602c1905375,BH Metro Zuidplein (nieuw),51.887180341,4.491554668,10,4,9999
2026-04-30T12:59:02.033411,a535094e-b162-11ef-bdcd-5adc5d29ed54,BH Eudokiaplein,51.932433484,4.47153255,9,1,9999
2026-04-30T12:59:02.033411,437f8dc8-bd9e-11ed-b1e6-fa4fb8e2990b,RK Hillevliet,51.89558515,4.506432514,10,7,9999
2026-04-30T12:59:02.033411,f10d8ab4-9997-11ee-a91e-ee69b7c7763e,BH Shell Hofplein,51.925705456,4.477781355,28,6,9999
2026-04-30T12:59:02.033411,94467720-8127-11ed-b1e6-fa4fb8e2990b,RK Persoonsdam,51.909309099,4.508017165,10,7,9999
2026-04-30T12:59:02.033411,9245444a-2023-11f0-ab1d-9ae3af3bf913,BH Witte de Withstraat,51.915906523,4.478080905,10,10,9999
2026-04-30T12:59:02.033411,49d59348-ff64-11ef-b515-a65a77daff90,BH Bergweg (Dirk van den Broek),51.93856254,4.479465675,6,2,9999
2026-04-30T12:59:02.033411,30fb96bc-8124-11ed-b1e6-fa4fb8e2990b,RK Beverwaardseweg/ Borgharensingel,51.898798338,4.564663375,10,2,9999
2026-04-30T12:59:02.033411,9a1fb404-8ab3-11ee-bb01-c602c1905375,BH Langenhorst ,51.874120882,4.494254863,10,4,9999
2026-04-30T12:59:02.033411,abe67bfa-b096-11ef-b6d3-56d88772ab1a,BH Wilgenplaslaan/ Donkersingel,51.951337599,4.47048253,10,0,9999
2026-04-30T12:59:02.033411,068b0f9c-a8dd-11ef-8778-d2279db84567,BH Vierhavenstraat (Sahan),51.908502395,4.437727106,4,1,9999
2026-04-30T12:59:02.033411,bc0e7e9c-a8da-11ef-8778-d2279db84567,BH Jan van Vuchtstraat,51.917045317,4.460830874,6,0,9999
2026-04-30T12:59:02.033411,8b721818-a5b2-11f0-ab44-baed9603afbb,Lekstraat,51.90446958,4.406985264,6,2,9999
2026-04-30T12:59:02.033411,ad212572-06f7-11ef-b58d-569a23b994be,BH Molenlaan/Grindweg,51.963224537,4.49571068,10,2,9999
2026-04-30T12:59:02.033411,f8828c3e-806d-11ed-b1e6-fa4fb8e2990b,RK Station Rdam Zuid,51.905545015,4.509568537,15,5,9999
2026-04-30T12:59:02.033411,5f71799e-806b-11ed-b1e6-fa4fb8e2990b,BH Willemsplein,51.911118908,4.481894771,17,13,9999
2026-04-30T12:59:02.033411,42824336-bd97-11ed-b1e6-fa4fb8e2990b,RK Groene Hilledijk,51.882726433,4.504266667,10,4,9999
2026-04-30T12:59:02.033411,db6932f4-182b-11ef-a8d1-42f0fecaeb6a,BH Metrostation Nesselande,51.978969273,4.586177782,10,0,9999
2026-04-30T12:59:02.033411,e26322b0-2025-11f0-ab1d-9ae3af3bf913,BH Brielselaan,51.896298935,4.489248091,4,0,9999
2026-04-30T12:59:02.033411,c862b7f2-06fb-11ef-b58d-569a23b994be,BH Prins Alexanderlaan (metrobaan zijde),51.952192324,4.551435621,10,4,9999
2026-04-30T12:59:02.033411,c53689c2-8124-11ed-b1e6-fa4fb8e2990b,RK Peellandstraat / Beesdestraat ,51.888535309,4.567291893,10,4,9999
2026-04-30T12:59:02.033411,8f5d35a0-1834-11ef-8071-42f0fecaeb6a,BH Jan Bijloostraat (Winkelcentrum Lage Land),51.941821995,4.546449269,9,0,9999
2026-04-30T12:59:02.033411,f8fcd3a4-983a-11ef-a85a-be896af2d3a5,BH Rhijnauwensingel,51.892161199,4.569620613,12,2,9999
2026-04-30T12:59:02.033411,118239d4-a5b2-11f0-ab44-baed9603afbb,Lorentzlaan (bushalte),51.917994492,4.415061192,4,3,9999
2026-04-30T12:59:02.033411,0c107276-bdb7-11ed-b1e6-fa4fb8e2990b,RK Sandelingenplein,51.889562128,4.506962326,10,5,9999
2026-04-30T12:59:02.033411,75b8bea6-81d8-11ed-b1e6-fa4fb8e2990b,RK Metrostation Maashaven (Putselaan),51.897794241,4.495760713,10,4,9999
2026-04-30T12:59:02.033411,a20bbbae-bdae-11ed-b1e6-fa4fb8e2990b,RK Frankendaal,51.886951976,4.521294152,10,0,9999
2026-04-30T12:59:02.033411,bc839806-a5b1-11f0-ab44-baed9603afbb,Van het Hoffplein (Boerhavelaan),51.916219132,4.412005574,8,3,9999
2026-04-30T12:59:02.033411,2c632780-a8de-11ef-8778-d2279db84567,BH Schuttevaerweg,51.922420472,4.434869706,10,2,9999
2026-04-30T12:59:02.033411,b9bfe680-fbc4-11ee-b58d-569a23b994be,Trompenburg 2,51.917638379,4.518889893,10,0,10
2026-04-30T12:59:02.033411,e0a4baca-a748-11ef-8778-d2279db84567,BH Mariniersweg,51.920853425,4.490979502,10,9,9999
2026-04-30T12:59:02.033411,2c4ff78a-2783-11f1-a5ae-0225521a85c1,BH PR Slinge 2,51.87374414,4.477026543,10,0,10
2026-04-30T12:59:02.033411,f1df385c-f5b2-11ef-81b3-76e5c571f05f,HUB Admiraal de Ruyterstraat,51.906742474,4.38554997,8,0,9999
2026-04-30T12:59:02.033411,4247dd56-1c9f-11ee-8219-8ed3b2364c4f,BH Metro Coolhaven,51.909218289,4.458167882,10,6,9999
2026-04-30T12:59:02.033411,65af1c24-06f4-11ef-b58d-569a23b994be,BH Meerum Terwogtlaan,51.951763386,4.524587387,10,0,9999
2026-04-30T12:59:02.033411,a3c07f10-a5b5-11f0-b05b-baed9603afbb,HUB Hoofdbrug,51.908705902,4.406131267,8,7,9999
2026-04-30T12:59:02.033411,3c659862-a8dd-11ef-8778-d2279db84567,BH Mayflowerstraat,51.905015647,4.440161906,10,3,9999
2026-04-30T12:59:02.033411,c35c448e-06fc-11ef-b58d-569a23b994be,BH Jacob van Campenweg ,51.942434165,4.537976212,7,2,9999
2026-04-30T15:18:44.173756,438486f4-a5b6-11f0-a150-baed9603afbb,HUB Koemarkt ingang garage,51.914517902,4.401917461,6,6,9999
2026-04-30T15:18:44.173756,365f4a3e-a5b3-11f0-ab44-baed9603afbb,Rubensplein,51.911712719,4.383665134,6,4,9999
2026-04-30T15:18:44.173756,a85b996e-fe23-11ee-b58d-569a23b994be,BH Dirk van der Kooijweg (Waterleliesingel),51.953796964,4.52009166,10,0,9999
2026-04-30T15:18:44.173756,19e2de56-b5d8-11ee-9ae6-5263e3f30f1e,BH STC Waalhaven,51.878297275,4.448759787,10,3,9999
2026-04-30T15:18:44.173756,c6c213ee-ed18-11ef-9957-f683e5eb607c,BH Langenhorst (Binkhorst),51.877310029,4.494737503,10,2,9999
2026-04-30T15:18:44.173756,3366f8b0-a8dc-11ef-8778-d2279db84567,BH Vierhavenstraat (WoonEnzo),51.907777562,4.438830385,4,1,9999
2026-04-30T15:18:44.173756,04a89aea-a5b3-11f0-ab44-baed9603afbb,Groenelaan Hagastraat (Winkelcentrum),51.907303396,4.402285408,4,5,9999
2026-04-30T15:18:44.173756,32638aa6-a5b5-11f0-9f09-baed9603afbb,HUB Laan van Bol'es,51.928443203,4.370771711,10,1,9999
2026-04-30T15:18:44.173756,291c2f72-a749-11ef-8778-d2279db84567,BH Westzeedijk,51.909321622,4.471436479,10,3,9999
2026-04-30T15:18:44.173756,abd627be-67bb-11f0-91de-5eaa9feacc9b,BH Schiekade (Heer Bokelweg),51.927133058,4.476309832,10,7,9999
2026-04-30T15:18:44.173756,8948d5a4-b094-11ef-b6d3-56d88772ab1a,BH Duivenpad,51.964922912,4.498254116,8,2,9999
2026-04-30T15:18:44.173756,227e8c1e-be97-11ee-9ae6-5263e3f30f1e,HUB Metrostation Troelstralaan,51.915742295,4.384972326,10,0,9999
2026-04-30T15:18:44.173756,0af509a8-06f7-11ef-b58d-569a23b994be,BH Beethovensingel,51.96114919,4.505141448,10,1,9999
2026-04-30T15:18:44.173756,dc06f296-1768-11ef-8071-42f0fecaeb6a,BH Prins Alexanderlaan (Oosterflank),51.946646256,4.553811478,12,0,9999
2026-04-30T15:18:44.173756,221af3ce-7fe1-11ee-bb01-c602c1905375,BH Metro Prinsenlaan,51.940647564,4.556931306,10,0,9999
2026-04-30T15:18:44.173756,a793d6ba-edc8-11ee-a9f0-82366b51b915,BH Infirmeriestraat,51.922255603,4.502265891,10,5,9999
2026-04-30T15:18:44.173756,0359e1a2-bdb3-11ed-b1e6-fa4fb8e2990b,RK Rosestraat 11C,51.902954022,4.511377745,10,7,9999
2026-04-30T15:18:44.173756,87f07e20-9e78-11ee-a91e-ee69b7c7763e,BH Marconistraat (Lee Towers),51.912441021,4.430411189,14,8,9999
2026-04-30T15:18:44.173756,f539bd6e-06f8-11ef-b58d-569a23b994be,BH Meijersplein,51.955657978,4.463033845,8,7,9999
2026-04-30T15:18:44.173756,70f0801a-8071-11ed-b1e6-fa4fb8e2990b,RK treinstation Lombardijen,51.88057913,4.531905572,30,6,9999
2026-04-30T15:18:44.173756,43752ffc-a8db-11ef-8778-d2279db84567,BH Pieter de Hoochweg,51.906316301,4.459985731,6,0,9999
2026-04-30T15:18:44.173756,b35ddad8-ab08-11ef-8778-d2279db84567,HUB Rotterdamsedijk 272,51.914957692,4.40343084,8,5,9999
2026-04-30T15:18:44.173756,9b1fa0f6-ae3c-11ee-a91e-ee69b7c7763e,BH Winkelhart Plein 1953,51.874842065,4.467889739,10,8,9999
2026-04-30T15:18:44.173756,8bd90878-0884-11f0-9a47-66143dd92f22,RK Molenvliet,51.882626536,4.521159806,10,4,9999
2026-04-30T15:18:44.173756,45450b66-a5b2-11f0-ab44-baed9603afbb,Maasdijk (Gustoweg),51.906629018,4.412009895,6,0,9999
2026-04-30T15:18:44.173756,4de2effe-f068-11ef-ba40-0ea3ed1ae564,HUB Hof van Spaland - Vlaardingseweg,51.935841728,4.376077923,4,2,9999
2026-04-30T15:18:44.173756,d38c6468-06fe-11ef-b58d-569a23b994be,BH Kleine Beer,51.950902127,4.555051083,6,4,9999
2026-04-30T15:18:44.173756,e552904e-182b-11ef-a8d1-42f0fecaeb6a,BH Metrostation Hesseplaats,51.963345229,4.554510684,10,3,9999
2026-04-30T15:18:44.173756,1826196c-b162-11ef-bdcd-5adc5d29ed54,BH Bentincklaan (Diergaarde Blijdorp),51.92572504,4.454794024,10,4,9999
2026-04-30T15:18:44.173756,8a1e5ed0-1c9e-11ee-8219-8ed3b2364c4f,BH Sparta stadion,51.920151368,4.434428835,20,3,9999
2026-04-30T15:18:44.173756,d3c9003c-b486-11ee-9ae6-5263e3f30f1e,BH Oostzeedijk Beneden,51.922514244,4.503092963,10,3,9999
2026-04-30T15:18:44.173756,552a82b8-b094-11ef-b6d3-56d88772ab1a,BH Hockeyclub Rotterdam,51.96869974,4.484731647,25,8,9999
2026-04-30T15:18:44.173756,cb3f6d1c-a746-11ef-8778-d2279db84567,BH Vasteland (AH),51.911537089,4.478368712,10,2,9999
2026-04-30T15:18:44.173756,d4a8557a-eabd-11ef-ac99-aa7241d1fb4f,HUB Admiraal Trompstraat (Huisman),51.908834504,4.381923039,8,0,9999
2026-04-30T15:18:44.173756,00e8b3de-9e82-11ee-a91e-ee69b7c7763e,BH Jacques Dutilhweg,51.927993284,4.5475155,10,0,9999
2026-04-30T15:18:44.173756,d868fe52-36e5-11f0-ab1d-9ae3af3bf913,BH Sluisjesdijk,51.894714517,4.461900478,10,1,7
2026-04-30T15:18:44.173756,4338fed2-edbb-11ee-a9f0-82366b51b915,BH Oostzeedijk Beneden 2,51.921653595,4.507031037,10,10,9999
2026-04-30T15:18:44.173756,2c82bb9a-217b-11ee-8219-8ed3b2364c4f,Hub Weena,51.922738296,4.469181329,142,34,9999
2026-04-30T15:18:44.173756,96f5cbdc-06f6-11ef-b58d-569a23b994be,BH Argonautenweg,51.959086712,4.49354982,10,2,9999
2026-04-30T15:18:44.173756,2f51713e-32b7-11ee-8219-8ed3b2364c4f,Hub P+R Capelsebrug,51.920991793,4.559215491,18,28,9999
2026-04-30T15:18:44.173756,62b0255a-9e7a-11ee-a91e-ee69b7c7763e,BH Vierhavenstraat,51.910327597,4.434992993,16,2,9999
2026-04-30T15:18:44.173756,2b10524e-06f5-11ef-b58d-569a23b994be,BH Piet van der Polsingel,51.950618784,4.518612648,8,0,9999
2026-04-30T15:18:44.173756,47070056-06fa-11ef-b58d-569a23b994be,BH Metrostation Schenkel,51.931770435,4.56406792,12,2,9999
2026-04-30T15:18:44.173756,0e59456c-f06d-11f0-b173-2e3b4d4b7f35,BH P+R Kralingse Zoom,51.921440854,4.531732208,10,8,0
2026-04-30T15:18:44.173756,7a8c12ba-91ab-11ed-b1e6-fa4fb8e2990b,BH Metrostation Slinge,51.874526023,4.477872534,15,10,9999
2026-04-30T15:18:44.173756,026045c6-8530-11ee-bb01-c602c1905375,BH Winkelhart Katendrechtse Lagedijk,51.891184937,4.479440034,10,2,9999
2026-04-30T15:18:44.173756,9d9bb8ec-4bd1-11ee-bb01-c602c1905375,BH Marconiplein,51.913319277,4.432514448,10,2,9999
2026-04-30T15:18:44.173756,8330f3ca-a5b4-11f0-ab44-baed9603afbb,Fokkerstraat Plesmanstraat,51.929694009,4.399576614,4,0,9999
2026-04-30T15:18:44.173756,5b842034-5331-11f0-ab1d-9ae3af3bf913,BH Walenburgerweg,51.926698659,4.462629155,10,1,9999
2026-04-30T15:18:44.173756,a08059b6-b484-11ee-9ae6-5263e3f30f1e,BH Metrostation Gerdesiaweg,51.925444134,4.506155972,10,4,9999
2026-04-30T15:18:44.173756,2f718c84-8911-11ee-bb01-c602c1905375,BH Metro Dijkzigt - EMC,51.911789199,4.466334846,20,9,9999
2026-04-30T15:18:44.173756,f58e41fc-1c9f-11ee-8219-8ed3b2364c4f,BH Heemraadsplein,51.912322959,4.455058085,10,6,9999
2026-04-30T15:18:44.173756,79fdd038-34b8-11f0-ab1d-9ae3af3bf913,BH RTHA Airport,51.94924845,4.432611987,10,20,0
2026-04-30T15:18:44.173756,1c41897e-596e-11ef-bed6-aa139991deb4,HUB Metrostation Nieuwland / Bijdorpplein,51.922583819,4.38260008,10,1,9999
2026-04-30T15:18:44.173756,a57d027c-8912-11ee-bb01-c602c1905375,BH Delftse Poort,51.924408145,4.472816464,10,13,9999
2026-04-30T15:18:44.173756,6383849a-2038-11f0-ab1d-9ae3af3bf913,BH - Kralingsebos (Langepad),51.936318565,4.506197017,10,3,9999
2026-04-30T15:18:44.173756,e90e9332-06f5-11ef-b58d-569a23b994be,BH Burgemeester Le Fèvre de Montignylaan,51.957620055,4.501711782,10,2,9999
2026-04-30T15:18:44.173756,5cb3ffde-bdaf-11ed-b1e6-fa4fb8e2990b,RK Stadionlaan,51.892328813,4.530682857,10,3,9999
2026-04-30T15:18:44.173756,02bed1f8-8392-11ee-bb01-c602c1905375,BH Station Alexander,51.951735827,4.551049232,10,4,9999
2026-04-30T15:18:44.173756,08d5cf66-8ab2-11ee-bb01-c602c1905375,BH Winkelhart Asterlo,51.873536387,4.483591736,10,9,9999
2026-04-30T15:18:44.173756,0e51e024-c757-11ee-9ae6-5263e3f30f1e,BH Metrostation Binnenhof,51.960437867,4.535372966,10,1,9999
2026-04-30T15:18:44.173756,409f87f6-890f-11ee-bb01-c602c1905375,BH Metro Beurs,51.917806013,4.480107053,8,18,9999
2026-04-30T15:18:44.173756,d6a7cd26-4d08-11f0-ab1d-9ae3af3bf913,BH - Oudehoofdplein-Haringvliet,51.918979475,4.49384405,10,8,9999
2026-04-30T15:18:44.173756,f0ad9b92-1767-11ef-8071-42f0fecaeb6a,BH Prinsenlaan,51.937206457,4.536127586,10,2,9999
2026-04-30T15:18:44.173756,f06fd44c-2035-11f0-ab1d-9ae3af3bf913,BH Boezemlaan,51.938982631,4.495864471,10,3,9999
2026-04-30T15:18:44.173756,8d91a90c-9e83-11ee-a91e-ee69b7c7763e,BH Kraaierstraat,51.91909698,4.418192898,8,12,9999
2026-04-30T15:18:44.173756,a2671a36-bdad-11ed-b1e6-fa4fb8e2990b,RK Dwarsdijk,51.893055987,4.539201504,10,2,9999
2026-04-30T15:18:44.173756,376a5cda-06f8-11ef-b58d-569a23b994be,BH Ganzerikplein,51.958953276,4.471584016,10,2,9999
2026-04-30T15:18:44.173756,5cdd9872-b096-11ef-b6d3-56d88772ab1a,BH Wilgenplaslaan/ Meidoornsingel,51.953868042,4.468211582,7,2,9999
2026-04-30T15:18:44.173756,952a3e78-a8db-11ef-8778-d2279db84567,BH Lloydstraat,51.902214281,4.461287644,10,2,9999
2026-04-30T15:18:44.173756,a6fa0910-8067-11ed-b1e6-fa4fb8e2990b,BH Stadion Fey (Bert Heesakkerstr.),51.896805818,4.521735582,50,0,9999
2026-04-30T15:18:44.173756,a1337d02-e018-11ed-a249-96cdaf8f7240,BH Sint Franciscus,51.942171146,4.460534407,25,1,9999
2026-04-30T15:18:44.173756,d3cea108-8285-11f0-ab44-baed9603afbb,BH - Ratelaarweg,51.967431611,4.463349689,10,2,9999
2026-04-30T15:18:44.173756,3bef7002-bdb5-11ed-b1e6-fa4fb8e2990b,RK Breeweg,51.890630632,4.514261169,10,6,9999
2026-04-30T15:18:44.173756,8c90734c-45bb-11ee-8219-8ed3b2364c4f,BH Coen Moulijnweg,51.893813253,4.526876329,42,2,9999
2026-04-30T15:18:44.173756,1b098490-2037-11f0-ab1d-9ae3af3bf913,BH Karmelweg,51.933461291,4.5029394,8,2,9999
2026-04-30T15:18:44.173756,23348a06-bdb1-11ed-b1e6-fa4fb8e2990b,RK Guido Gezelleweg,51.87434607,4.523238145,10,1,9999
2026-04-30T15:18:44.173756,66824038-37b2-11ef-a21a-8e54a72a50da,HUB Metrostation Parkweg / Zuidzijde,51.921443238,4.39475836,10,9,1
2026-04-30T15:18:44.173756,2c127298-ff25-11ef-a79f-a65a77daff90,BH Aert van Nesstraat,51.921141166,4.478916173,8,10,9999
2026-04-30T15:18:44.173756,cde445c6-a744-11ef-8778-d2279db84567,BH Groenendaal,51.921685178,4.492944049,6,6,9999
2026-04-30T15:18:44.173756,97c6a1c2-a8da-11ef-8778-d2279db84567,BH Henegouwerplein,51.921807589,4.460561523,10,8,9999
2026-04-30T15:18:44.173756,e68d5642-a5b5-11f0-b6c1-baed9603afbb,HUB NS Station Schiedam Centrum/ Professor Kamerlingh Onneslaan,51.92071744,4.408262487,12,2,9999
2026-04-30T15:18:44.173756,82623a40-bda3-11ed-b1e6-fa4fb8e2990b,RK Rosestraat,51.91100607,4.501308573,10,1,9999
2026-04-30T15:18:44.173756,b7353df6-b485-11ee-9ae6-5263e3f30f1e,BH Metrostation Kralingsezoom (Gravenweg),51.921751706,4.533850265,10,0,9999
2026-04-30T15:18:44.173756,6c34980a-bb92-11ef-a02d-6ea8ed91bd56,BH Gordelweg (Lidl),51.940472428,4.479798999,4,4,9999
2026-04-30T15:18:44.173756,5904bd1a-a5b5-11f0-b05b-baed9603afbb,HUB Hof van Spaland - Bachplein,51.934889388,4.374726808,8,2,9999
2026-04-30T15:18:44.173756,32ca5fd0-8126-11ed-b1e6-fa4fb8e2990b,RK Vuurplaat,51.906526668,4.505838102,10,0,9999
2026-04-30T15:18:44.173756,f94a1ff6-b095-11ef-b6d3-56d88772ab1a,BH Bm Le Fèvre de Montignylaan/ Jeroen Boschlaan,51.955641943,4.505982462,6,3,9999
2026-04-30T15:18:44.173756,4228b402-8537-11ee-bb01-c602c1905375,BH Tongelaarweg,51.895280064,4.563514996,10,3,9999
2026-04-30T15:18:44.173756,6f66a60c-36e5-11f0-ab1d-9ae3af3bf913,BH Lloydpier,51.904487669,4.460458303,8,5,0
2026-04-30T15:18:44.173756,7d81b63e-a5b5-11f0-b05b-baed9603afbb,HUB 's Gravelandseweg,51.932091958,4.401924037,6,4,9999
2026-04-30T15:18:44.173756,a3dbb322-8121-11ed-b1e6-fa4fb8e2990b,RK Metrostation Rijnhaven ,51.902216981,4.49610172,15,2,9999
2026-04-30T15:18:44.173756,cf23b50e-9ad0-11f0-ab44-baed9603afbb,BH Natuurhistorisch museum,51.911022288,4.472728259,12,0,9999
2026-04-30T15:18:44.173756,d55243f6-182b-11ef-a8d1-42f0fecaeb6a,BH Siciliëboulevard ,51.97996654,4.580859756,10,1,9999
2026-04-30T15:18:44.173756,e0f7ef36-a5b4-11f0-ab44-baed9603afbb,Havenstraat einde (digitale testhub),51.900396883,4.398614319,12,1,9999
2026-04-30T15:18:44.173756,05d1d708-eabd-11ef-88c2-aa7241d1fb4f,HUB De Thermen ,51.927426752,4.380236246,8,2,9999
2026-04-30T15:18:44.173756,b3381a7a-2036-11f0-ab1d-9ae3af3bf913,BH Oudedijk / de Nieuwe Plantage,51.929149075,4.505248613,8,5,9999
2026-04-30T15:18:44.173756,8b480576-eabc-11ee-a9f0-82366b51b915,BH Schiedamseweg Beneden,51.914135146,4.422297364,5,7,9999
2026-04-30T15:18:44.173756,89a2f1d2-a5b3-11f0-ab44-baed9603afbb,Metrostation Vijfsluizen,51.908108215,4.37254105,8,2,9999
2026-04-30T15:18:44.173756,e50f3d1e-f069-11ef-9ed7-0ea3ed1ae564,HUB Oranjestraat - Lange Nieuwstraat,51.913368472,4.40030457,5,1,9999
2026-04-30T15:18:44.173756,4c1b19a4-d0a1-11ee-8b0e-065810cc8d78,BH Elandstraat,51.910800072,4.553878993,10,4,9999
2026-04-30T15:18:44.173756,bbbba24e-806e-11ed-b1e6-fa4fb8e2990b,RK P+R Noorderhelling,51.894761016,4.532122707,15,3,9999
2026-04-30T15:18:44.173756,3ac0b682-8129-11ed-b1e6-fa4fb8e2990b,RK Cor Kieboomplein,51.896922039,4.523502821,15,4,9999
2026-04-30T15:18:44.173756,5a3ffbf4-37b1-11ef-a21a-8e54a72a50da,HUB Metrostation Nieuwland / Van Limburg Stirumstraat,51.922446663,4.38308784,6,8,0
2026-04-30T15:18:44.173756,5d8d12a2-a5b4-11f0-ab44-baed9603afbb,Van Heekstraat,51.931167557,4.406024405,4,1,9999
2026-04-30T15:18:44.173756,f251d6e8-0b82-11ef-b58d-569a23b994be,BH Metrostation Graskruid ,51.956473743,4.550010233,8,0,9999
2026-04-30T15:18:44.173756,a4d2ea7c-b2f0-11ef-aa57-62870c7808bb,BH 2e Hogenbanweg,51.936951327,4.427707182,8,3,9999
2026-04-30T15:18:44.173756,75ba0d1a-2037-11f0-ab1d-9ae3af3bf913,BH Stadhoudersweg,51.931417737,4.461484988,10,4,9999
2026-04-30T15:18:44.173756,bc6b0d7e-a745-11ef-8778-d2279db84567,BH Goudsewagenstraat,51.923224462,4.493552746,8,13,9999
2026-04-30T15:18:44.173756,0f37eafc-8912-11ee-bb01-c602c1905375,BH Metro Oostplein,51.922677789,4.497608825,10,8,9999
2026-04-30T15:18:44.173756,aed7c2fa-8123-11ed-b1e6-fa4fb8e2990b,RK Groene Hilledijk/Beijerlandselaan,51.893806789,4.509452258,10,4,9999
2026-04-30T15:18:44.173756,c76f0318-bb92-11ef-a02d-6ea8ed91bd56,BH NS Centraal Station (Stationssingel),51.925399994,4.466148375,10,23,9999
2026-04-30T15:18:44.173756,361a368c-a5b4-11f0-ab44-baed9603afbb,Sportpark Haga (Epke Zonderlandstraat),51.921919868,4.370918199,8,3,9999
2026-04-30T15:18:44.173756,f4c0fe5e-02d6-11ef-b58d-569a23b994be,BH Paulus Potterstraat,51.9228414,4.508497696,10,2,9999
2026-04-30T15:18:44.173756,48cbf66e-9f15-11ee-a91e-ee69b7c7763e,BH Franselaan,51.917379138,4.420463507,10,1,9999
2026-04-30T15:18:44.173756,e9735b4e-7da7-11f0-ab44-baed9603afbb,BH Veldkersweg,51.966835673,4.46657292,8,2,9999
2026-04-30T15:18:44.173756,4b1ac684-bb93-11ef-a02d-6ea8ed91bd56,BH Noorderkanaalweg,51.940525593,4.472984586,9,4,9999
2026-04-30T15:18:44.173756,033a9392-3700-11f0-ab1d-9ae3af3bf913,BH Herman Bavinckstraat,51.915067882,4.521446921,10,5,9999
2026-04-30T15:18:44.173756,ffe8c3e8-a8da-11ef-8778-d2279db84567,BH Mathenesserplein,51.917836602,4.44508891,8,1,9999
2026-04-30T15:18:44.173756,e377069a-ff63-11ef-a79f-a65a77daff90,BH Kralingsebos Bosdreef/Pr. Beatrixlaan,51.93789612,4.501689644,8,1,9999
2026-04-30T15:18:44.173756,7af95f9c-a747-11ef-8778-d2279db84567,BH Kruisplein,51.92228569,4.47138789,6,26,9999
2026-04-30T15:18:44.173756,4c50cb7a-bdb6-11ed-b1e6-fa4fb8e2990b,RK Olympiaweg,51.886462746,4.529133302,10,3,9999
2026-04-30T15:18:44.173756,a694ef4e-36e5-11f0-ab1d-9ae3af3bf913,BH Neushoornstraat,51.913041554,4.553743002,6,2,0
2026-04-30T15:18:44.173756,be56ca62-8120-11ed-b1e6-fa4fb8e2990b,RK P+R Beverwaard,51.885771514,4.568986239,10,0,9999
2026-04-30T15:18:44.173756,d5af3bc4-806a-11ed-b1e6-fa4fb8e2990b,BH Kievitslaan,51.907226862,4.473300159,17,1,9999
2026-04-30T15:18:44.173756,dd006abc-a5b3-11f0-ab44-baed9603afbb,Havenstraat,51.903204365,4.398004897,8,0,9999
2026-04-30T15:18:44.173756,6f09af84-eabe-11ee-a9f0-82366b51b915,BH Delftseplein ,51.925206514,4.474011701,14,19,9999
2026-04-30T15:18:44.173756,1cfb89ec-806b-11ed-b1e6-fa4fb8e2990b,BH Westplein,51.908912961,4.478583441,10,5,9999
2026-04-30T15:18:44.173756,12fc10a4-bb94-11ef-a02d-6ea8ed91bd56,BH Noordplein,51.930251975,4.483699175,10,1,9999
2026-04-30T15:18:44.173756,276e8d26-bda0-11ed-b1e6-fa4fb8e2990b,RK Strevelsweg,51.889634937,4.495943368,15,1,9999
2026-04-30T15:18:44.173756,9e066470-2038-11f0-ab1d-9ae3af3bf913,BH Kralinger Esch,51.911179823,4.524762065,9,8,9999
2026-04-30T15:18:44.173756,9b1f0aaa-8125-11ed-b1e6-fa4fb8e2990b,RK Slaghekstraat - Beijerlandselaan,51.897574833,4.511261604,10,0,9999
2026-04-30T15:18:44.173756,b8c81048-2037-11f0-ab1d-9ae3af3bf913,BH Van Maanenstraat,51.932279316,4.464280453,6,12,9999
2026-04-30T15:18:44.173756,1f4ff66c-bdb8-11ed-b1e6-fa4fb8e2990b,RK Van der Takstraat ,51.914243737,4.496045621,10,6,9999
2026-04-30T15:18:44.173756,3b523cee-5c94-11f0-ab1d-9ae3af3bf913,BH - Wilhelminapier,51.90698281,4.489727426,14,14,9999
2026-04-30T15:18:44.173756,e8d292d2-039a-11ef-b58d-569a23b994be,BH Mia van Yperenplein ,51.928414546,4.545678043,10,4,9999
2026-04-30T15:18:44.173756,12daf18a-8068-11ed-b1e6-fa4fb8e2990b,BH Treinst. Lombardijen (Aesopusplaats),51.880478018,4.530040287,10,3,9999
2026-04-30T15:18:44.173756,558e4a5a-eaba-11ee-a9f0-82366b51b915,BH Blijdorplaan ,51.927389289,4.440437692,22,4,9999
2026-04-30T15:18:44.173756,5a8de282-36ee-11f0-ab1d-9ae3af3bf913,BH van Blommesteynweg,51.888148155,4.460842726,10,3,9999
2026-04-30T15:18:44.173756,078569ee-a5b5-11f0-ab44-baed9603afbb,Nieuwe Waterwegstraat (digitale testhub),51.900682979,4.390873601,12,0,9999
2026-04-30T15:18:44.173756,8e5dd27e-06fd-11ef-b58d-569a23b994be,BH Prins Alexanderplein,51.951040272,4.553684972,14,0,9999
2026-04-30T15:18:44.173756,a6843864-fbc4-11ee-b58d-569a23b994be,Trompenburg 1,51.917696349,4.517981647,10,2,7
2026-04-30T15:18:44.173756,5b583480-a8da-11ef-8778-d2279db84567,BH Duyststraat,51.910073429,4.452225738,8,8,9999
2026-04-30T15:18:44.173756,2510e9ba-a5b6-11f0-847a-baed9603afbb,Hub Kloosterplaats,51.91675013,4.402112308,6,17,9999
2026-04-30T15:18:44.173756,880e3e72-a8dd-11ef-8778-d2279db84567,BH Spaansebocht,51.917413667,4.430014126,9,2,9999
2026-04-30T15:18:44.173756,b5b3324a-edb9-11ee-a9f0-82366b51b915,BH Siondwarsstraat,51.925261494,4.51053174,10,7,9999
2026-04-30T15:18:44.173756,94b01d94-edc6-11ee-a9f0-82366b51b915,BH Schuttersveld,51.933248028,4.490978921,10,5,9999
2026-04-30T15:18:44.173756,69b33170-edbd-11ee-a9f0-82366b51b915,BH Metro Oostplein 2,51.923145722,4.496820843,10,5,9999
2026-04-30T15:18:44.173756,67d6af9a-f068-11ef-ba40-0ea3ed1ae564,HUB Hof van Spaland - Schiedamseweg,51.934898803,4.378145906,12,3,9999
2026-04-30T15:18:44.173756,f4d561c2-1e0f-11f1-bada-da123385441b,BH PR Slinge 2,51.87374414,4.477026543,10,0,10
2026-04-30T15:18:44.173756,4933dd54-9e7c-11ee-a91e-ee69b7c7763e,BH Willem Ruyslaan (Luzac College),51.925421889,4.508669446,10,5,9999
2026-04-30T15:18:44.173756,9f935b6c-b095-11ef-b6d3-56d88772ab1a,BH Bergpolderplein,51.945227242,4.474988047,8,4,9999
2026-04-30T15:18:44.173756,8a2d056c-bb93-11ef-a02d-6ea8ed91bd56,BH NS Station Noord (Bergweg),51.941530048,4.481339526,10,3,4
2026-04-30T15:18:44.173756,4d95ab34-8122-11ed-b1e6-fa4fb8e2990b,RK Metrostation Maashaven ,51.896573582,4.494245173,30,0,9999
2026-04-30T15:18:44.173756,3d015ff0-8394-11ee-bb01-c602c1905375,BH Metrostation Oosterflank,51.945209326,4.555045447,10,0,9999
2026-04-30T15:18:44.173756,defeb050-a747-11ef-8778-d2279db84567,BH Karel Doormanstraat,51.922789549,4.473609692,9,5,9999
2026-04-30T15:18:44.173756,b5dc5454-890f-11ee-bb01-c602c1905375,BH Schilderstraat,51.916377397,4.48142868,8,8,9999
2026-04-30T15:18:44.173756,2f12ae3e-806c-11ed-b1e6-fa4fb8e2990b,BH Winkelcentrum Keizerswaard-Herenw,51.886358391,4.549308056,15,14,9999
2026-04-30T15:18:44.173756,3b6d73a8-805d-11ed-b1e6-fa4fb8e2990b,BH Metrostation Melanchtonweg,51.94881199,4.465233746,10,3,9999
2026-04-30T15:18:44.173756,d5832958-891a-11ee-bb01-c602c1905375,BH Metro Zuidplein (nieuw),51.887180341,4.491554668,10,7,9999
2026-04-30T15:18:44.173756,a535094e-b162-11ef-bdcd-5adc5d29ed54,BH Eudokiaplein,51.932433484,4.47153255,9,7,9999
2026-04-30T15:18:44.173756,437f8dc8-bd9e-11ed-b1e6-fa4fb8e2990b,RK Hillevliet,51.89558515,4.506432514,10,5,9999
2026-04-30T15:18:44.173756,f10d8ab4-9997-11ee-a91e-ee69b7c7763e,BH Shell Hofplein,51.925705456,4.477781355,28,5,9999
2026-04-30T15:18:44.173756,94467720-8127-11ed-b1e6-fa4fb8e2990b,RK Persoonsdam,51.909309099,4.508017165,10,6,9999
2026-04-30T15:18:44.173756,9245444a-2023-11f0-ab1d-9ae3af3bf913,BH Witte de Withstraat,51.915906523,4.478080905,10,13,9999
2026-04-30T15:18:44.173756,49d59348-ff64-11ef-b515-a65a77daff90,BH Bergweg (Dirk van den Broek),51.93856254,4.479465675,6,4,9999
2026-04-30T15:18:44.173756,30fb96bc-8124-11ed-b1e6-fa4fb8e2990b,RK Beverwaardseweg/ Borgharensingel,51.898798338,4.564663375,10,4,9999
2026-04-30T15:18:44.173756,9a1fb404-8ab3-11ee-bb01-c602c1905375,BH Langenhorst ,51.874120882,4.494254863,10,4,9999
2026-04-30T15:18:44.173756,abe67bfa-b096-11ef-b6d3-56d88772ab1a,BH Wilgenplaslaan/ Donkersingel,51.951337599,4.47048253,10,2,9999
2026-04-30T15:18:44.173756,068b0f9c-a8dd-11ef-8778-d2279db84567,BH Vierhavenstraat (Sahan),51.908502395,4.437727106,4,2,9999
2026-04-30T15:18:44.173756,bc0e7e9c-a8da-11ef-8778-d2279db84567,BH Jan van Vuchtstraat,51.917045317,4.460830874,6,2,9999
2026-04-30T15:18:44.173756,8b721818-a5b2-11f0-ab44-baed9603afbb,Lekstraat,51.90446958,4.406985264,6,2,9999
2026-04-30T15:18:44.173756,ad212572-06f7-11ef-b58d-569a23b994be,BH Molenlaan/Grindweg,51.963224537,4.49571068,10,0,9999
2026-04-30T15:18:44.173756,f8828c3e-806d-11ed-b1e6-fa4fb8e2990b,RK Station Rdam Zuid,51.905545015,4.509568537,15,4,9999
2026-04-30T15:18:44.173756,5f71799e-806b-11ed-b1e6-fa4fb8e2990b,BH Willemsplein,51.911118908,4.481894771,17,12,9999
2026-04-30T15:18:44.173756,42824336-bd97-11ed-b1e6-fa4fb8e2990b,RK Groene Hilledijk,51.882726433,4.504266667,10,2,9999
2026-04-30T15:18:44.173756,db6932f4-182b-11ef-a8d1-42f0fecaeb6a,BH Metrostation Nesselande,51.978969273,4.586177782,10,0,9999
2026-04-30T15:18:44.173756,e26322b0-2025-11f0-ab1d-9ae3af3bf913,BH Brielselaan,51.896298935,4.489248091,4,0,9999
2026-04-30T15:18:44.173756,c862b7f2-06fb-11ef-b58d-569a23b994be,BH Prins Alexanderlaan (metrobaan zijde),51.952192324,4.551435621,10,3,9999
2026-04-30T15:18:44.173756,c53689c2-8124-11ed-b1e6-fa4fb8e2990b,RK Peellandstraat / Beesdestraat ,51.888535309,4.567291893,10,5,9999
2026-04-30T15:18:44.173756,8f5d35a0-1834-11ef-8071-42f0fecaeb6a,BH Jan Bijloostraat (Winkelcentrum Lage Land),51.941821995,4.546449269,9,3,9999
2026-04-30T15:18:44.173756,f8fcd3a4-983a-11ef-a85a-be896af2d3a5,BH Rhijnauwensingel,51.892161199,4.569620613,12,1,9999
2026-04-30T15:18:44.173756,118239d4-a5b2-11f0-ab44-baed9603afbb,Lorentzlaan (bushalte),51.917994492,4.415061192,4,3,9999
2026-04-30T15:18:44.173756,0c107276-bdb7-11ed-b1e6-fa4fb8e2990b,RK Sandelingenplein,51.889562128,4.506962326,10,5,9999
2026-04-30T15:18:44.173756,75b8bea6-81d8-11ed-b1e6-fa4fb8e2990b,RK Metrostation Maashaven (Putselaan),51.897794241,4.495760713,10,4,9999
2026-04-30T15:18:44.173756,a20bbbae-bdae-11ed-b1e6-fa4fb8e2990b,RK Frankendaal,51.886951976,4.521294152,10,0,9999
2026-04-30T15:18:44.173756,bc839806-a5b1-11f0-ab44-baed9603afbb,Van het Hoffplein (Boerhavelaan),51.916219132,4.412005574,8,3,9999
2026-04-30T15:18:44.173756,2c632780-a8de-11ef-8778-d2279db84567,BH Schuttevaerweg,51.922420472,4.434869706,10,1,9999
2026-04-30T15:18:44.173756,b9bfe680-fbc4-11ee-b58d-569a23b994be,Trompenburg 2,51.917638379,4.518889893,10,0,10
2026-04-30T15:18:44.173756,e0a4baca-a748-11ef-8778-d2279db84567,BH Mariniersweg,51.920853425,4.490979502,10,13,9999
2026-04-30T15:18:44.173756,2c4ff78a-2783-11f1-a5ae-0225521a85c1,BH PR Slinge 2,51.87374414,4.477026543,10,0,10
2026-04-30T15:18:44.173756,f1df385c-f5b2-11ef-81b3-76e5c571f05f,HUB Admiraal de Ruyterstraat,51.906742474,4.38554997,8,0,9999
2026-04-30T15:18:44.173756,4247dd56-1c9f-11ee-8219-8ed3b2364c4f,BH Metro Coolhaven,51.909218289,4.458167882,10,6,9999
2026-04-30T15:18:44.173756,65af1c24-06f4-11ef-b58d-569a23b994be,BH Meerum Terwogtlaan,51.951763386,4.524587387,10,0,9999
2026-04-30T15:18:44.173756,a3c07f10-a5b5-11f0-b05b-baed9603afbb,HUB Hoofdbrug,51.908705902,4.406131267,8,6,9999
2026-04-30T15:18:44.173756,3c659862-a8dd-11ef-8778-d2279db84567,BH Mayflowerstraat,51.905015647,4.440161906,10,5,9999
2026-04-30T15:18:44.173756,c35c448e-06fc-11ef-b58d-569a23b994be,BH Jacob van Campenweg ,51.942434165,4.537976212,7,4,9999
2026-04-30T16:52:16.799400,438486f4-a5b6-11f0-a150-baed9603afbb,HUB Koemarkt ingang garage,51.914517902,4.401917461,6,7,9999
2026-04-30T16:52:16.799400,365f4a3e-a5b3-11f0-ab44-baed9603afbb,Rubensplein,51.911712719,4.383665134,6,4,9999
2026-04-30T16:52:16.799400,a85b996e-fe23-11ee-b58d-569a23b994be,BH Dirk van der Kooijweg (Waterleliesingel),51.953796964,4.52009166,10,2,9999
2026-04-30T16:52:16.799400,19e2de56-b5d8-11ee-9ae6-5263e3f30f1e,BH STC Waalhaven,51.878297275,4.448759787,10,2,9999
2026-04-30T16:52:16.799400,c6c213ee-ed18-11ef-9957-f683e5eb607c,BH Langenhorst (Binkhorst),51.877310029,4.494737503,10,4,9999
2026-04-30T16:52:16.799400,3366f8b0-a8dc-11ef-8778-d2279db84567,BH Vierhavenstraat (WoonEnzo),51.907777562,4.438830385,4,1,9999
2026-04-30T16:52:16.799400,04a89aea-a5b3-11f0-ab44-baed9603afbb,Groenelaan Hagastraat (Winkelcentrum),51.907303396,4.402285408,4,6,9999
2026-04-30T16:52:16.799400,32638aa6-a5b5-11f0-9f09-baed9603afbb,HUB Laan van Bol'es,51.928443203,4.370771711,10,1,9999
2026-04-30T16:52:16.799400,291c2f72-a749-11ef-8778-d2279db84567,BH Westzeedijk,51.909321622,4.471436479,10,3,9999
2026-04-30T16:52:16.799400,abd627be-67bb-11f0-91de-5eaa9feacc9b,BH Schiekade (Heer Bokelweg),51.927133058,4.476309832,10,7,9999
2026-04-30T16:52:16.799400,8948d5a4-b094-11ef-b6d3-56d88772ab1a,BH Duivenpad,51.964922912,4.498254116,8,3,9999
2026-04-30T16:52:16.799400,227e8c1e-be97-11ee-9ae6-5263e3f30f1e,HUB Metrostation Troelstralaan,51.915742295,4.384972326,10,1,9999
2026-04-30T16:52:16.799400,0af509a8-06f7-11ef-b58d-569a23b994be,BH Beethovensingel,51.96114919,4.505141448,10,2,9999
2026-04-30T16:52:16.799400,dc06f296-1768-11ef-8071-42f0fecaeb6a,BH Prins Alexanderlaan (Oosterflank),51.946646256,4.553811478,12,0,9999
2026-04-30T16:52:16.799400,221af3ce-7fe1-11ee-bb01-c602c1905375,BH Metro Prinsenlaan,51.940647564,4.556931306,10,0,9999
2026-04-30T16:52:16.799400,a793d6ba-edc8-11ee-a9f0-82366b51b915,BH Infirmeriestraat,51.922255603,4.502265891,10,8,9999
2026-04-30T16:52:16.799400,0359e1a2-bdb3-11ed-b1e6-fa4fb8e2990b,RK Rosestraat 11C,51.902954022,4.511377745,10,6,9999
2026-04-30T16:52:16.799400,87f07e20-9e78-11ee-a91e-ee69b7c7763e,BH Marconistraat (Lee Towers),51.912441021,4.430411189,14,4,9999
2026-04-30T16:52:16.799400,f539bd6e-06f8-11ef-b58d-569a23b994be,BH Meijersplein,51.955657978,4.463033845,8,6,9999
2026-04-30T16:52:16.799400,70f0801a-8071-11ed-b1e6-fa4fb8e2990b,RK treinstation Lombardijen,51.88057913,4.531905572,30,7,9999
2026-04-30T16:52:16.799400,43752ffc-a8db-11ef-8778-d2279db84567,BH Pieter de Hoochweg,51.906316301,4.459985731,6,2,9999
2026-04-30T16:52:16.799400,b35ddad8-ab08-11ef-8778-d2279db84567,HUB Rotterdamsedijk 272,51.914957692,4.40343084,8,4,9999
2026-04-30T16:52:16.799400,9b1fa0f6-ae3c-11ee-a91e-ee69b7c7763e,BH Winkelhart Plein 1953,51.874842065,4.467889739,10,7,9999
2026-04-30T16:52:16.799400,8bd90878-0884-11f0-9a47-66143dd92f22,RK Molenvliet,51.882626536,4.521159806,10,7,9999
2026-04-30T16:52:16.799400,45450b66-a5b2-11f0-ab44-baed9603afbb,Maasdijk (Gustoweg),51.906629018,4.412009895,6,0,9999
2026-04-30T16:52:16.799400,4de2effe-f068-11ef-ba40-0ea3ed1ae564,HUB Hof van Spaland - Vlaardingseweg,51.935841728,4.376077923,4,2,9999
2026-04-30T16:52:16.799400,d38c6468-06fe-11ef-b58d-569a23b994be,BH Kleine Beer,51.950902127,4.555051083,6,3,9999
2026-04-30T16:52:16.799400,e552904e-182b-11ef-a8d1-42f0fecaeb6a,BH Metrostation Hesseplaats,51.963345229,4.554510684,10,3,9999
2026-04-30T16:52:16.799400,1826196c-b162-11ef-bdcd-5adc5d29ed54,BH Bentincklaan (Diergaarde Blijdorp),51.92572504,4.454794024,10,3,9999
2026-04-30T16:52:16.799400,8a1e5ed0-1c9e-11ee-8219-8ed3b2364c4f,BH Sparta stadion,51.920151368,4.434428835,20,2,9999
2026-04-30T16:52:16.799400,d3c9003c-b486-11ee-9ae6-5263e3f30f1e,BH Oostzeedijk Beneden,51.922514244,4.503092963,10,3,9999
2026-04-30T16:52:16.799400,552a82b8-b094-11ef-b6d3-56d88772ab1a,BH Hockeyclub Rotterdam,51.96869974,4.484731647,25,9,9999
2026-04-30T16:52:16.799400,cb3f6d1c-a746-11ef-8778-d2279db84567,BH Vasteland (AH),51.911537089,4.478368712,10,2,9999
2026-04-30T16:52:16.799400,d4a8557a-eabd-11ef-ac99-aa7241d1fb4f,HUB Admiraal Trompstraat (Huisman),51.908834504,4.381923039,8,0,9999
2026-04-30T16:52:16.799400,00e8b3de-9e82-11ee-a91e-ee69b7c7763e,BH Jacques Dutilhweg,51.927993284,4.5475155,10,0,9999
2026-04-30T16:52:16.799400,d868fe52-36e5-11f0-ab1d-9ae3af3bf913,BH Sluisjesdijk,51.894714517,4.461900478,10,1,8
2026-04-30T16:52:16.799400,4338fed2-edbb-11ee-a9f0-82366b51b915,BH Oostzeedijk Beneden 2,51.921653595,4.507031037,10,6,9999
2026-04-30T16:52:16.799400,2c82bb9a-217b-11ee-8219-8ed3b2364c4f,Hub Weena,51.922738296,4.469181329,142,15,9999
2026-04-30T16:52:16.799400,96f5cbdc-06f6-11ef-b58d-569a23b994be,BH Argonautenweg,51.959086712,4.49354982,10,2,9999
2026-04-30T16:52:16.799400,2f51713e-32b7-11ee-8219-8ed3b2364c4f,Hub P+R Capelsebrug,51.920991793,4.559215491,18,25,9999
2026-04-30T16:52:16.799400,62b0255a-9e7a-11ee-a91e-ee69b7c7763e,BH Vierhavenstraat,51.910327597,4.434992993,16,2,9999
2026-04-30T16:52:16.799400,2b10524e-06f5-11ef-b58d-569a23b994be,BH Piet van der Polsingel,51.950618784,4.518612648,8,2,9999
2026-04-30T16:52:16.799400,47070056-06fa-11ef-b58d-569a23b994be,BH Metrostation Schenkel,51.931770435,4.56406792,12,2,9999
2026-04-30T16:52:16.799400,0e59456c-f06d-11f0-b173-2e3b4d4b7f35,BH P+R Kralingse Zoom,51.921440854,4.531732208,10,4,2
2026-04-30T16:52:16.799400,7a8c12ba-91ab-11ed-b1e6-fa4fb8e2990b,BH Metrostation Slinge,51.874526023,4.477872534,15,11,9999
2026-04-30T16:52:16.799400,026045c6-8530-11ee-bb01-c602c1905375,BH Winkelhart Katendrechtse Lagedijk,51.891184937,4.479440034,10,2,9999
2026-04-30T16:52:16.799400,9d9bb8ec-4bd1-11ee-bb01-c602c1905375,BH Marconiplein,51.913319277,4.432514448,10,3,9999
2026-04-30T16:52:16.799400,8330f3ca-a5b4-11f0-ab44-baed9603afbb,Fokkerstraat Plesmanstraat,51.929694009,4.399576614,4,0,9999
2026-04-30T16:52:16.799400,5b842034-5331-11f0-ab1d-9ae3af3bf913,BH Walenburgerweg,51.926698659,4.462629155,10,3,9999
2026-04-30T16:52:16.799400,a08059b6-b484-11ee-9ae6-5263e3f30f1e,BH Metrostation Gerdesiaweg,51.925444134,4.506155972,10,4,9999
2026-04-30T16:52:16.799400,2f718c84-8911-11ee-bb01-c602c1905375,BH Metro Dijkzigt - EMC,51.911789199,4.466334846,20,8,9999
2026-04-30T16:52:16.799400,f58e41fc-1c9f-11ee-8219-8ed3b2364c4f,BH Heemraadsplein,51.912322959,4.455058085,10,0,9999
2026-04-30T16:52:16.799400,79fdd038-34b8-11f0-ab1d-9ae3af3bf913,BH RTHA Airport,51.94924845,4.432611987,10,21,0
2026-04-30T16:52:16.799400,1c41897e-596e-11ef-bed6-aa139991deb4,HUB Metrostation Nieuwland / Bijdorpplein,51.922583819,4.38260008,10,1,9999
2026-04-30T16:52:16.799400,a57d027c-8912-11ee-bb01-c602c1905375,BH Delftse Poort,51.924408145,4.472816464,10,16,9999
2026-04-30T16:52:16.799400,6383849a-2038-11f0-ab1d-9ae3af3bf913,BH - Kralingsebos (Langepad),51.936318565,4.506197017,10,3,9999
2026-04-30T16:52:16.799400,e90e9332-06f5-11ef-b58d-569a23b994be,BH Burgemeester Le Fèvre de Montignylaan,51.957620055,4.501711782,10,1,9999
2026-04-30T16:52:16.799400,5cb3ffde-bdaf-11ed-b1e6-fa4fb8e2990b,RK Stadionlaan,51.892328813,4.530682857,10,3,9999
2026-04-30T16:52:16.799400,02bed1f8-8392-11ee-bb01-c602c1905375,BH Station Alexander,51.951735827,4.551049232,10,5,9999
2026-04-30T16:52:16.799400,08d5cf66-8ab2-11ee-bb01-c602c1905375,BH Winkelhart Asterlo,51.873536387,4.483591736,10,8,9999
2026-04-30T16:52:16.799400,0e51e024-c757-11ee-9ae6-5263e3f30f1e,BH Metrostation Binnenhof,51.960437867,4.535372966,10,1,9999
2026-04-30T16:52:16.799400,409f87f6-890f-11ee-bb01-c602c1905375,BH Metro Beurs,51.917806013,4.480107053,8,11,9999
2026-04-30T16:52:16.799400,d6a7cd26-4d08-11f0-ab1d-9ae3af3bf913,BH - Oudehoofdplein-Haringvliet,51.918979475,4.49384405,10,6,9999
2026-04-30T16:52:16.799400,f0ad9b92-1767-11ef-8071-42f0fecaeb6a,BH Prinsenlaan,51.937206457,4.536127586,10,2,9999
2026-04-30T16:52:16.799400,f06fd44c-2035-11f0-ab1d-9ae3af3bf913,BH Boezemlaan,51.938982631,4.495864471,10,8,9999
2026-04-30T16:52:16.799400,8d91a90c-9e83-11ee-a91e-ee69b7c7763e,BH Kraaierstraat,51.91909698,4.418192898,8,11,9999
2026-04-30T16:52:16.799400,a2671a36-bdad-11ed-b1e6-fa4fb8e2990b,RK Dwarsdijk,51.893055987,4.539201504,10,2,9999
2026-04-30T16:52:16.799400,376a5cda-06f8-11ef-b58d-569a23b994be,BH Ganzerikplein,51.958953276,4.471584016,10,2,9999
2026-04-30T16:52:16.799400,5cdd9872-b096-11ef-b6d3-56d88772ab1a,BH Wilgenplaslaan/ Meidoornsingel,51.953868042,4.468211582,7,3,9999
2026-04-30T16:52:16.799400,952a3e78-a8db-11ef-8778-d2279db84567,BH Lloydstraat,51.902214281,4.461287644,10,2,9999
2026-04-30T16:52:16.799400,a6fa0910-8067-11ed-b1e6-fa4fb8e2990b,BH Stadion Fey (Bert Heesakkerstr.),51.896805818,4.521735582,50,0,9999
2026-04-30T16:52:16.799400,a1337d02-e018-11ed-a249-96cdaf8f7240,BH Sint Franciscus,51.942171146,4.460534407,25,0,9999
2026-04-30T16:52:16.799400,d3cea108-8285-11f0-ab44-baed9603afbb,BH - Ratelaarweg,51.967431611,4.463349689,10,2,9999
2026-04-30T16:52:16.799400,3bef7002-bdb5-11ed-b1e6-fa4fb8e2990b,RK Breeweg,51.890630632,4.514261169,10,6,9999
2026-04-30T16:52:16.799400,8c90734c-45bb-11ee-8219-8ed3b2364c4f,BH Coen Moulijnweg,51.893813253,4.526876329,42,2,9999
2026-04-30T16:52:16.799400,1b098490-2037-11f0-ab1d-9ae3af3bf913,BH Karmelweg,51.933461291,4.5029394,8,6,9999
2026-04-30T16:52:16.799400,23348a06-bdb1-11ed-b1e6-fa4fb8e2990b,RK Guido Gezelleweg,51.87434607,4.523238145,10,1,9999
2026-04-30T16:52:16.799400,66824038-37b2-11ef-a21a-8e54a72a50da,HUB Metrostation Parkweg / Zuidzijde,51.921443238,4.39475836,10,10,0
2026-04-30T16:52:16.799400,2c127298-ff25-11ef-a79f-a65a77daff90,BH Aert van Nesstraat,51.921141166,4.478916173,8,3,9999
2026-04-30T16:52:16.799400,cde445c6-a744-11ef-8778-d2279db84567,BH Groenendaal,51.921685178,4.492944049,6,4,9999
2026-04-30T16:52:16.799400,97c6a1c2-a8da-11ef-8778-d2279db84567,BH Henegouwerplein,51.921807589,4.460561523,10,7,9999
2026-04-30T16:52:16.799400,e68d5642-a5b5-11f0-b6c1-baed9603afbb,HUB NS Station Schiedam Centrum/ Professor Kamerlingh Onneslaan,51.92071744,4.408262487,12,1,9999
2026-04-30T16:52:16.799400,82623a40-bda3-11ed-b1e6-fa4fb8e2990b,RK Rosestraat,51.91100607,4.501308573,10,4,9999
2026-04-30T16:52:16.799400,b7353df6-b485-11ee-9ae6-5263e3f30f1e,BH Metrostation Kralingsezoom (Gravenweg),51.921751706,4.533850265,10,0,9999
2026-04-30T16:52:16.799400,6c34980a-bb92-11ef-a02d-6ea8ed91bd56,BH Gordelweg (Lidl),51.940472428,4.479798999,4,5,9999
2026-04-30T16:52:16.799400,5904bd1a-a5b5-11f0-b05b-baed9603afbb,HUB Hof van Spaland - Bachplein,51.934889388,4.374726808,8,3,9999
2026-04-30T16:52:16.799400,32ca5fd0-8126-11ed-b1e6-fa4fb8e2990b,RK Vuurplaat,51.906526668,4.505838102,10,2,9999
2026-04-30T16:52:16.799400,f94a1ff6-b095-11ef-b6d3-56d88772ab1a,BH Bm Le Fèvre de Montignylaan/ Jeroen Boschlaan,51.955641943,4.505982462,6,2,9999
2026-04-30T16:52:16.799400,4228b402-8537-11ee-bb01-c602c1905375,BH Tongelaarweg,51.895280064,4.563514996,10,3,9999
2026-04-30T16:52:16.799400,6f66a60c-36e5-11f0-ab1d-9ae3af3bf913,BH Lloydpier,51.904487669,4.460458303,8,7,0
2026-04-30T16:52:16.799400,7d81b63e-a5b5-11f0-b05b-baed9603afbb,HUB 's Gravelandseweg,51.932091958,4.401924037,6,3,9999
2026-04-30T16:52:16.799400,a3dbb322-8121-11ed-b1e6-fa4fb8e2990b,RK Metrostation Rijnhaven ,51.902216981,4.49610172,15,4,9999
2026-04-30T16:52:16.799400,cf23b50e-9ad0-11f0-ab44-baed9603afbb,BH Natuurhistorisch museum,51.911022288,4.472728259,12,0,9999
2026-04-30T16:52:16.799400,d55243f6-182b-11ef-a8d1-42f0fecaeb6a,BH Siciliëboulevard ,51.97996654,4.580859756,10,1,9999
2026-04-30T16:52:16.799400,e0f7ef36-a5b4-11f0-ab44-baed9603afbb,Havenstraat einde (digitale testhub),51.900396883,4.398614319,12,1,9999
2026-04-30T16:52:16.799400,05d1d708-eabd-11ef-88c2-aa7241d1fb4f,HUB De Thermen ,51.927426752,4.380236246,8,2,9999
2026-04-30T16:52:16.799400,b3381a7a-2036-11f0-ab1d-9ae3af3bf913,BH Oudedijk / de Nieuwe Plantage,51.929149075,4.505248613,8,3,9999
2026-04-30T16:52:16.799400,8b480576-eabc-11ee-a9f0-82366b51b915,BH Schiedamseweg Beneden,51.914135146,4.422297364,5,6,9999
2026-04-30T16:52:16.799400,89a2f1d2-a5b3-11f0-ab44-baed9603afbb,Metrostation Vijfsluizen,51.908108215,4.37254105,8,2,9999
2026-04-30T16:52:16.799400,e50f3d1e-f069-11ef-9ed7-0ea3ed1ae564,HUB Oranjestraat - Lange Nieuwstraat,51.913368472,4.40030457,5,1,9999
2026-04-30T16:52:16.799400,4c1b19a4-d0a1-11ee-8b0e-065810cc8d78,BH Elandstraat,51.910800072,4.553878993,10,4,9999
2026-04-30T16:52:16.799400,bbbba24e-806e-11ed-b1e6-fa4fb8e2990b,RK P+R Noorderhelling,51.894761016,4.532122707,15,4,9999
2026-04-30T16:52:16.799400,3ac0b682-8129-11ed-b1e6-fa4fb8e2990b,RK Cor Kieboomplein,51.896922039,4.523502821,15,6,9999
2026-04-30T16:52:16.799400,5a3ffbf4-37b1-11ef-a21a-8e54a72a50da,HUB Metrostation Nieuwland / Van Limburg Stirumstraat,51.922446663,4.38308784,6,8,0
2026-04-30T16:52:16.799400,5d8d12a2-a5b4-11f0-ab44-baed9603afbb,Van Heekstraat,51.931167557,4.406024405,4,1,9999
2026-04-30T16:52:16.799400,f251d6e8-0b82-11ef-b58d-569a23b994be,BH Metrostation Graskruid ,51.956473743,4.550010233,8,0,9999
2026-04-30T16:52:16.799400,a4d2ea7c-b2f0-11ef-aa57-62870c7808bb,BH 2e Hogenbanweg,51.936951327,4.427707182,8,4,9999
2026-04-30T16:52:16.799400,75ba0d1a-2037-11f0-ab1d-9ae3af3bf913,BH Stadhoudersweg,51.931417737,4.461484988,10,7,9999
2026-04-30T16:52:16.799400,bc6b0d7e-a745-11ef-8778-d2279db84567,BH Goudsewagenstraat,51.923224462,4.493552746,8,15,9999
2026-04-30T16:52:16.799400,0f37eafc-8912-11ee-bb01-c602c1905375,BH Metro Oostplein,51.922677789,4.497608825,10,5,9999
2026-04-30T16:52:16.799400,aed7c2fa-8123-11ed-b1e6-fa4fb8e2990b,RK Groene Hilledijk/Beijerlandselaan,51.893806789,4.509452258,10,3,9999
2026-04-30T16:52:16.799400,c76f0318-bb92-11ef-a02d-6ea8ed91bd56,BH NS Centraal Station (Stationssingel),51.925399994,4.466148375,10,16,9999
2026-04-30T16:52:16.799400,361a368c-a5b4-11f0-ab44-baed9603afbb,Sportpark Haga (Epke Zonderlandstraat),51.921919868,4.370918199,8,3,9999
2026-04-30T16:52:16.799400,f4c0fe5e-02d6-11ef-b58d-569a23b994be,BH Paulus Potterstraat,51.9228414,4.508497696,10,3,9999
2026-04-30T16:52:16.799400,48cbf66e-9f15-11ee-a91e-ee69b7c7763e,BH Franselaan,51.917379138,4.420463507,10,2,9999
2026-04-30T16:52:16.799400,e9735b4e-7da7-11f0-ab44-baed9603afbb,BH Veldkersweg,51.966835673,4.46657292,8,2,9999
2026-04-30T16:52:16.799400,4b1ac684-bb93-11ef-a02d-6ea8ed91bd56,BH Noorderkanaalweg,51.940525593,4.472984586,9,4,9999
2026-04-30T16:52:16.799400,033a9392-3700-11f0-ab1d-9ae3af3bf913,BH Herman Bavinckstraat,51.915067882,4.521446921,10,3,9999
2026-04-30T16:52:16.799400,ffe8c3e8-a8da-11ef-8778-d2279db84567,BH Mathenesserplein,51.917836602,4.44508891,8,6,9999
2026-04-30T16:52:16.799400,e377069a-ff63-11ef-a79f-a65a77daff90,BH Kralingsebos Bosdreef/Pr. Beatrixlaan,51.93789612,4.501689644,8,1,9999
2026-04-30T16:52:16.799400,7af95f9c-a747-11ef-8778-d2279db84567,BH Kruisplein,51.92228569,4.47138789,6,24,9999
2026-04-30T16:52:16.799400,4c50cb7a-bdb6-11ed-b1e6-fa4fb8e2990b,RK Olympiaweg,51.886462746,4.529133302,10,3,9999
2026-04-30T16:52:16.799400,a694ef4e-36e5-11f0-ab1d-9ae3af3bf913,BH Neushoornstraat,51.913041554,4.553743002,6,3,0
2026-04-30T16:52:16.799400,be56ca62-8120-11ed-b1e6-fa4fb8e2990b,RK P+R Beverwaard,51.885771514,4.568986239,10,1,9999
2026-04-30T16:52:16.799400,d5af3bc4-806a-11ed-b1e6-fa4fb8e2990b,BH Kievitslaan,51.907226862,4.473300159,17,5,9999
2026-04-30T16:52:16.799400,dd006abc-a5b3-11f0-ab44-baed9603afbb,Havenstraat,51.903204365,4.398004897,8,0,9999
2026-04-30T16:52:16.799400,6f09af84-eabe-11ee-a9f0-82366b51b915,BH Delftseplein ,51.925206514,4.474011701,14,17,9999
2026-04-30T16:52:16.799400,1cfb89ec-806b-11ed-b1e6-fa4fb8e2990b,BH Westplein,51.908912961,4.478583441,10,5,9999
2026-04-30T16:52:16.799400,12fc10a4-bb94-11ef-a02d-6ea8ed91bd56,BH Noordplein,51.930251975,4.483699175,10,1,9999
2026-04-30T16:52:16.799400,276e8d26-bda0-11ed-b1e6-fa4fb8e2990b,RK Strevelsweg,51.889634937,4.495943368,15,2,9999
2026-04-30T16:52:16.799400,9e066470-2038-11f0-ab1d-9ae3af3bf913,BH Kralinger Esch,51.911179823,4.524762065,9,17,9999
2026-04-30T16:52:16.799400,9b1f0aaa-8125-11ed-b1e6-fa4fb8e2990b,RK Slaghekstraat - Beijerlandselaan,51.897574833,4.511261604,10,1,9999
2026-04-30T16:52:16.799400,b8c81048-2037-11f0-ab1d-9ae3af3bf913,BH Van Maanenstraat,51.932279316,4.464280453,6,12,9999
2026-04-30T16:52:16.799400,1f4ff66c-bdb8-11ed-b1e6-fa4fb8e2990b,RK Van der Takstraat ,51.914243737,4.496045621,10,5,9999
2026-04-30T16:52:16.799400,3b523cee-5c94-11f0-ab1d-9ae3af3bf913,BH - Wilhelminapier,51.90698281,4.489727426,14,6,9999
2026-04-30T16:52:16.799400,e8d292d2-039a-11ef-b58d-569a23b994be,BH Mia van Yperenplein ,51.928414546,4.545678043,10,4,9999
2026-04-30T16:52:16.799400,12daf18a-8068-11ed-b1e6-fa4fb8e2990b,BH Treinst. Lombardijen (Aesopusplaats),51.880478018,4.530040287,10,2,9999
2026-04-30T16:52:16.799400,558e4a5a-eaba-11ee-a9f0-82366b51b915,BH Blijdorplaan ,51.927389289,4.440437692,22,3,9999
2026-04-30T16:52:16.799400,5a8de282-36ee-11f0-ab1d-9ae3af3bf913,BH van Blommesteynweg,51.888148155,4.460842726,10,1,9999
2026-04-30T16:52:16.799400,078569ee-a5b5-11f0-ab44-baed9603afbb,Nieuwe Waterwegstraat (digitale testhub),51.900682979,4.390873601,12,0,9999
2026-04-30T16:52:16.799400,8e5dd27e-06fd-11ef-b58d-569a23b994be,BH Prins Alexanderplein,51.951040272,4.553684972,14,0,9999
2026-04-30T16:52:16.799400,a6843864-fbc4-11ee-b58d-569a23b994be,Trompenburg 1,51.917696349,4.517981647,10,1,8
2026-04-30T16:52:16.799400,5b583480-a8da-11ef-8778-d2279db84567,BH Duyststraat,51.910073429,4.452225738,8,7,9999
2026-04-30T16:52:16.799400,2510e9ba-a5b6-11f0-847a-baed9603afbb,Hub Kloosterplaats,51.91675013,4.402112308,6,18,9999
2026-04-30T16:52:16.799400,880e3e72-a8dd-11ef-8778-d2279db84567,BH Spaansebocht,51.917413667,4.430014126,9,3,9999
2026-04-30T16:52:16.799400,b5b3324a-edb9-11ee-a9f0-82366b51b915,BH Siondwarsstraat,51.925261494,4.51053174,10,5,9999
2026-04-30T16:52:16.799400,94b01d94-edc6-11ee-a9f0-82366b51b915,BH Schuttersveld,51.933248028,4.490978921,10,5,9999
2026-04-30T16:52:16.799400,69b33170-edbd-11ee-a9f0-82366b51b915,BH Metro Oostplein 2,51.923145722,4.496820843,10,2,9999
2026-04-30T16:52:16.799400,67d6af9a-f068-11ef-ba40-0ea3ed1ae564,HUB Hof van Spaland - Schiedamseweg,51.934898803,4.378145906,12,3,9999
2026-04-30T16:52:16.799400,f4d561c2-1e0f-11f1-bada-da123385441b,BH PR Slinge 2,51.87374414,4.477026543,10,0,10
2026-04-30T16:52:16.799400,4933dd54-9e7c-11ee-a91e-ee69b7c7763e,BH Willem Ruyslaan (Luzac College),51.925421889,4.508669446,10,1,9999
2026-04-30T16:52:16.799400,9f935b6c-b095-11ef-b6d3-56d88772ab1a,BH Bergpolderplein,51.945227242,4.474988047,8,3,9999
2026-04-30T16:52:16.799400,8a2d056c-bb93-11ef-a02d-6ea8ed91bd56,BH NS Station Noord (Bergweg),51.941530048,4.481339526,10,1,5
2026-04-30T16:52:16.799400,4d95ab34-8122-11ed-b1e6-fa4fb8e2990b,RK Metrostation Maashaven ,51.896573582,4.494245173,30,2,9999
2026-04-30T16:52:16.799400,3d015ff0-8394-11ee-bb01-c602c1905375,BH Metrostation Oosterflank,51.945209326,4.555045447,10,0,9999
2026-04-30T16:52:16.799400,defeb050-a747-11ef-8778-d2279db84567,BH Karel Doormanstraat,51.922789549,4.473609692,9,6,9999
2026-04-30T16:52:16.799400,b5dc5454-890f-11ee-bb01-c602c1905375,BH Schilderstraat,51.916377397,4.48142868,8,2,9999
2026-04-30T16:52:16.799400,2f12ae3e-806c-11ed-b1e6-fa4fb8e2990b,BH Winkelcentrum Keizerswaard-Herenw,51.886358391,4.549308056,15,14,9999
2026-04-30T16:52:16.799400,3b6d73a8-805d-11ed-b1e6-fa4fb8e2990b,BH Metrostation Melanchtonweg,51.94881199,4.465233746,10,2,9999
2026-04-30T16:52:16.799400,d5832958-891a-11ee-bb01-c602c1905375,BH Metro Zuidplein (nieuw),51.887180341,4.491554668,10,4,9999
2026-04-30T16:52:16.799400,a535094e-b162-11ef-bdcd-5adc5d29ed54,BH Eudokiaplein,51.932433484,4.47153255,9,5,9999
2026-04-30T16:52:16.799400,437f8dc8-bd9e-11ed-b1e6-fa4fb8e2990b,RK Hillevliet,51.89558515,4.506432514,10,6,9999
2026-04-30T16:52:16.799400,f10d8ab4-9997-11ee-a91e-ee69b7c7763e,BH Shell Hofplein,51.925705456,4.477781355,28,7,9999
2026-04-30T16:52:16.799400,94467720-8127-11ed-b1e6-fa4fb8e2990b,RK Persoonsdam,51.909309099,4.508017165,10,7,9999
2026-04-30T16:52:16.799400,9245444a-2023-11f0-ab1d-9ae3af3bf913,BH Witte de Withstraat,51.915906523,4.478080905,10,11,9999
2026-04-30T16:52:16.799400,49d59348-ff64-11ef-b515-a65a77daff90,BH Bergweg (Dirk van den Broek),51.93856254,4.479465675,6,2,9999
2026-04-30T16:52:16.799400,30fb96bc-8124-11ed-b1e6-fa4fb8e2990b,RK Beverwaardseweg/ Borgharensingel,51.898798338,4.564663375,10,4,9999
2026-04-30T16:52:16.799400,9a1fb404-8ab3-11ee-bb01-c602c1905375,BH Langenhorst ,51.874120882,4.494254863,10,4,9999
2026-04-30T16:52:16.799400,abe67bfa-b096-11ef-b6d3-56d88772ab1a,BH Wilgenplaslaan/ Donkersingel,51.951337599,4.47048253,10,2,9999
2026-04-30T16:52:16.799400,068b0f9c-a8dd-11ef-8778-d2279db84567,BH Vierhavenstraat (Sahan),51.908502395,4.437727106,4,1,9999
2026-04-30T16:52:16.799400,bc0e7e9c-a8da-11ef-8778-d2279db84567,BH Jan van Vuchtstraat,51.917045317,4.460830874,6,3,9999
2026-04-30T16:52:16.799400,8b721818-a5b2-11f0-ab44-baed9603afbb,Lekstraat,51.90446958,4.406985264,6,2,9999
2026-04-30T16:52:16.799400,ad212572-06f7-11ef-b58d-569a23b994be,BH Molenlaan/Grindweg,51.963224537,4.49571068,10,0,9999
2026-04-30T16:52:16.799400,f8828c3e-806d-11ed-b1e6-fa4fb8e2990b,RK Station Rdam Zuid,51.905545015,4.509568537,15,6,9999
2026-04-30T16:52:16.799400,5f71799e-806b-11ed-b1e6-fa4fb8e2990b,BH Willemsplein,51.911118908,4.481894771,17,7,9999
2026-04-30T16:52:16.799400,42824336-bd97-11ed-b1e6-fa4fb8e2990b,RK Groene Hilledijk,51.882726433,4.504266667,10,0,9999
2026-04-30T16:52:16.799400,db6932f4-182b-11ef-a8d1-42f0fecaeb6a,BH Metrostation Nesselande,51.978969273,4.586177782,10,0,9999
2026-04-30T16:52:16.799400,e26322b0-2025-11f0-ab1d-9ae3af3bf913,BH Brielselaan,51.896298935,4.489248091,4,0,9999
2026-04-30T16:52:16.799400,c862b7f2-06fb-11ef-b58d-569a23b994be,BH Prins Alexanderlaan (metrobaan zijde),51.952192324,4.551435621,10,3,9999
2026-04-30T16:52:16.799400,c53689c2-8124-11ed-b1e6-fa4fb8e2990b,RK Peellandstraat / Beesdestraat ,51.888535309,4.567291893,10,5,9999
2026-04-30T16:52:16.799400,8f5d35a0-1834-11ef-8071-42f0fecaeb6a,BH Jan Bijloostraat (Winkelcentrum Lage Land),51.941821995,4.546449269,9,1,9999
2026-04-30T16:52:16.799400,f8fcd3a4-983a-11ef-a85a-be896af2d3a5,BH Rhijnauwensingel,51.892161199,4.569620613,12,1,9999
2026-04-30T16:52:16.799400,118239d4-a5b2-11f0-ab44-baed9603afbb,Lorentzlaan (bushalte),51.917994492,4.415061192,4,3,9999
2026-04-30T16:52:16.799400,0c107276-bdb7-11ed-b1e6-fa4fb8e2990b,RK Sandelingenplein,51.889562128,4.506962326,10,6,9999
2026-04-30T16:52:16.799400,75b8bea6-81d8-11ed-b1e6-fa4fb8e2990b,RK Metrostation Maashaven (Putselaan),51.897794241,4.495760713,10,5,9999
2026-04-30T16:52:16.799400,a20bbbae-bdae-11ed-b1e6-fa4fb8e2990b,RK Frankendaal,51.886951976,4.521294152,10,0,9999
2026-04-30T16:52:16.799400,bc839806-a5b1-11f0-ab44-baed9603afbb,Van het Hoffplein (Boerhavelaan),51.916219132,4.412005574,8,3,9999
2026-04-30T16:52:16.799400,2c632780-a8de-11ef-8778-d2279db84567,BH Schuttevaerweg,51.922420472,4.434869706,10,0,9999
2026-04-30T16:52:16.799400,b9bfe680-fbc4-11ee-b58d-569a23b994be,Trompenburg 2,51.917638379,4.518889893,10,0,10
2026-04-30T16:52:16.799400,e0a4baca-a748-11ef-8778-d2279db84567,BH Mariniersweg,51.920853425,4.490979502,10,16,9999
2026-04-30T16:52:16.799400,2c4ff78a-2783-11f1-a5ae-0225521a85c1,BH PR Slinge 2,51.87374414,4.477026543,10,0,10
2026-04-30T16:52:16.799400,f1df385c-f5b2-11ef-81b3-76e5c571f05f,HUB Admiraal de Ruyterstraat,51.906742474,4.38554997,8,0,9999
2026-04-30T16:52:16.799400,4247dd56-1c9f-11ee-8219-8ed3b2364c4f,BH Metro Coolhaven,51.909218289,4.458167882,10,4,9999
2026-04-30T16:52:16.799400,65af1c24-06f4-11ef-b58d-569a23b994be,BH Meerum Terwogtlaan,51.951763386,4.524587387,10,0,9999
2026-04-30T16:52:16.799400,a3c07f10-a5b5-11f0-b05b-baed9603afbb,HUB Hoofdbrug,51.908705902,4.406131267,8,6,9999
2026-04-30T16:52:16.799400,3c659862-a8dd-11ef-8778-d2279db84567,BH Mayflowerstraat,51.905015647,4.440161906,10,4,9999
2026-04-30T16:52:16.799400,c35c448e-06fc-11ef-b58d-569a23b994be,BH Jacob van Campenweg ,51.942434165,4.537976212,7,3,9999
2026-04-30T18:07:22.676063,438486f4-a5b6-11f0-a150-baed9603afbb,HUB Koemarkt ingang garage,51.914517902,4.401917461,6,7,9999
2026-04-30T18:07:22.676063,365f4a3e-a5b3-11f0-ab44-baed9603afbb,Rubensplein,51.911712719,4.383665134,6,3,9999
2026-04-30T18:07:22.676063,a85b996e-fe23-11ee-b58d-569a23b994be,BH Dirk van der Kooijweg (Waterleliesingel),51.953796964,4.52009166,10,1,9999
2026-04-30T18:07:22.676063,19e2de56-b5d8-11ee-9ae6-5263e3f30f1e,BH STC Waalhaven,51.878297275,4.448759787,10,2,9999
2026-04-30T18:07:22.676063,c6c213ee-ed18-11ef-9957-f683e5eb607c,BH Langenhorst (Binkhorst),51.877310029,4.494737503,10,4,9999
2026-04-30T18:07:22.676063,3366f8b0-a8dc-11ef-8778-d2279db84567,BH Vierhavenstraat (WoonEnzo),51.907777562,4.438830385,4,1,9999
2026-04-30T18:07:22.676063,04a89aea-a5b3-11f0-ab44-baed9603afbb,Groenelaan Hagastraat (Winkelcentrum),51.907303396,4.402285408,4,6,9999
2026-04-30T18:07:22.676063,32638aa6-a5b5-11f0-9f09-baed9603afbb,HUB Laan van Bol'es,51.928443203,4.370771711,10,1,9999
2026-04-30T18:07:22.676063,291c2f72-a749-11ef-8778-d2279db84567,BH Westzeedijk,51.909321622,4.471436479,10,3,9999
2026-04-30T18:07:22.676063,abd627be-67bb-11f0-91de-5eaa9feacc9b,BH Schiekade (Heer Bokelweg),51.927133058,4.476309832,10,6,9999
2026-04-30T18:07:22.676063,8948d5a4-b094-11ef-b6d3-56d88772ab1a,BH Duivenpad,51.964922912,4.498254116,8,8,9999
2026-04-30T18:07:22.676063,227e8c1e-be97-11ee-9ae6-5263e3f30f1e,HUB Metrostation Troelstralaan,51.915742295,4.384972326,10,0,9999
2026-04-30T18:07:22.676063,0af509a8-06f7-11ef-b58d-569a23b994be,BH Beethovensingel,51.96114919,4.505141448,10,3,9999
2026-04-30T18:07:22.676063,dc06f296-1768-11ef-8071-42f0fecaeb6a,BH Prins Alexanderlaan (Oosterflank),51.946646256,4.553811478,12,0,9999
2026-04-30T18:07:22.676063,221af3ce-7fe1-11ee-bb01-c602c1905375,BH Metro Prinsenlaan,51.940647564,4.556931306,10,1,9999
2026-04-30T18:07:22.676063,a793d6ba-edc8-11ee-a9f0-82366b51b915,BH Infirmeriestraat,51.922255603,4.502265891,10,10,9999
2026-04-30T18:07:22.676063,0359e1a2-bdb3-11ed-b1e6-fa4fb8e2990b,RK Rosestraat 11C,51.902954022,4.511377745,10,6,9999
2026-04-30T18:07:22.676063,87f07e20-9e78-11ee-a91e-ee69b7c7763e,BH Marconistraat (Lee Towers),51.912441021,4.430411189,14,4,9999
2026-04-30T18:07:22.676063,f539bd6e-06f8-11ef-b58d-569a23b994be,BH Meijersplein,51.955657978,4.463033845,8,6,9999
2026-04-30T18:07:22.676063,70f0801a-8071-11ed-b1e6-fa4fb8e2990b,RK treinstation Lombardijen,51.88057913,4.531905572,30,7,9999
2026-04-30T18:07:22.676063,43752ffc-a8db-11ef-8778-d2279db84567,BH Pieter de Hoochweg,51.906316301,4.459985731,6,4,9999
2026-04-30T18:07:22.676063,b35ddad8-ab08-11ef-8778-d2279db84567,HUB Rotterdamsedijk 272,51.914957692,4.40343084,8,5,9999
2026-04-30T18:07:22.676063,9b1fa0f6-ae3c-11ee-a91e-ee69b7c7763e,BH Winkelhart Plein 1953,51.874842065,4.467889739,10,6,9999
2026-04-30T18:07:22.676063,8bd90878-0884-11f0-9a47-66143dd92f22,RK Molenvliet,51.882626536,4.521159806,10,7,9999
2026-04-30T18:07:22.676063,45450b66-a5b2-11f0-ab44-baed9603afbb,Maasdijk (Gustoweg),51.906629018,4.412009895,6,0,9999
2026-04-30T18:07:22.676063,4de2effe-f068-11ef-ba40-0ea3ed1ae564,HUB Hof van Spaland - Vlaardingseweg,51.935841728,4.376077923,4,2,9999
2026-04-30T18:07:22.676063,d38c6468-06fe-11ef-b58d-569a23b994be,BH Kleine Beer,51.950902127,4.555051083,6,3,9999
2026-04-30T18:07:22.676063,e552904e-182b-11ef-a8d1-42f0fecaeb6a,BH Metrostation Hesseplaats,51.963345229,4.554510684,10,3,9999
2026-04-30T18:07:22.676063,1826196c-b162-11ef-bdcd-5adc5d29ed54,BH Bentincklaan (Diergaarde Blijdorp),51.92572504,4.454794024,10,3,9999
2026-04-30T18:07:22.676063,8a1e5ed0-1c9e-11ee-8219-8ed3b2364c4f,BH Sparta stadion,51.920151368,4.434428835,20,2,9999
2026-04-30T18:07:22.676063,d3c9003c-b486-11ee-9ae6-5263e3f30f1e,BH Oostzeedijk Beneden,51.922514244,4.503092963,10,3,9999
2026-04-30T18:07:22.676063,552a82b8-b094-11ef-b6d3-56d88772ab1a,BH Hockeyclub Rotterdam,51.96869974,4.484731647,25,9,9999
2026-04-30T18:07:22.676063,cb3f6d1c-a746-11ef-8778-d2279db84567,BH Vasteland (AH),51.911537089,4.478368712,10,5,9999
2026-04-30T18:07:22.676063,d4a8557a-eabd-11ef-ac99-aa7241d1fb4f,HUB Admiraal Trompstraat (Huisman),51.908834504,4.381923039,8,0,9999
2026-04-30T18:07:22.676063,00e8b3de-9e82-11ee-a91e-ee69b7c7763e,BH Jacques Dutilhweg,51.927993284,4.5475155,10,0,9999
2026-04-30T18:07:22.676063,d868fe52-36e5-11f0-ab1d-9ae3af3bf913,BH Sluisjesdijk,51.894714517,4.461900478,10,1,9
2026-04-30T18:07:22.676063,4338fed2-edbb-11ee-a9f0-82366b51b915,BH Oostzeedijk Beneden 2,51.921653595,4.507031037,10,9,9999
2026-04-30T18:07:22.676063,2c82bb9a-217b-11ee-8219-8ed3b2364c4f,Hub Weena,51.922738296,4.469181329,142,4,9999
2026-04-30T18:07:22.676063,96f5cbdc-06f6-11ef-b58d-569a23b994be,BH Argonautenweg,51.959086712,4.49354982,10,2,9999
2026-04-30T18:07:22.676063,2f51713e-32b7-11ee-8219-8ed3b2364c4f,Hub P+R Capelsebrug,51.920991793,4.559215491,18,25,9999
2026-04-30T18:07:22.676063,62b0255a-9e7a-11ee-a91e-ee69b7c7763e,BH Vierhavenstraat,51.910327597,4.434992993,16,2,9999
2026-04-30T18:07:22.676063,2b10524e-06f5-11ef-b58d-569a23b994be,BH Piet van der Polsingel,51.950618784,4.518612648,8,2,9999
2026-04-30T18:07:22.676063,47070056-06fa-11ef-b58d-569a23b994be,BH Metrostation Schenkel,51.931770435,4.56406792,12,2,9999
2026-04-30T18:07:22.676063,0e59456c-f06d-11f0-b173-2e3b4d4b7f35,BH P+R Kralingse Zoom,51.921440854,4.531732208,10,4,1
2026-04-30T18:07:22.676063,7a8c12ba-91ab-11ed-b1e6-fa4fb8e2990b,BH Metrostation Slinge,51.874526023,4.477872534,15,10,9999
2026-04-30T18:07:22.676063,026045c6-8530-11ee-bb01-c602c1905375,BH Winkelhart Katendrechtse Lagedijk,51.891184937,4.479440034,10,2,9999
2026-04-30T18:07:22.676063,9d9bb8ec-4bd1-11ee-bb01-c602c1905375,BH Marconiplein,51.913319277,4.432514448,10,3,9999
2026-04-30T18:07:22.676063,8330f3ca-a5b4-11f0-ab44-baed9603afbb,Fokkerstraat Plesmanstraat,51.929694009,4.399576614,4,0,9999
2026-04-30T18:07:22.676063,5b842034-5331-11f0-ab1d-9ae3af3bf913,BH Walenburgerweg,51.926698659,4.462629155,10,4,9999
2026-04-30T18:07:22.676063,a08059b6-b484-11ee-9ae6-5263e3f30f1e,BH Metrostation Gerdesiaweg,51.925444134,4.506155972,10,4,9999
2026-04-30T18:07:22.676063,2f718c84-8911-11ee-bb01-c602c1905375,BH Metro Dijkzigt - EMC,51.911789199,4.466334846,20,8,9999
2026-04-30T18:07:22.676063,f58e41fc-1c9f-11ee-8219-8ed3b2364c4f,BH Heemraadsplein,51.912322959,4.455058085,10,1,9999
2026-04-30T18:07:22.676063,79fdd038-34b8-11f0-ab1d-9ae3af3bf913,BH RTHA Airport,51.94924845,4.432611987,10,21,0
2026-04-30T18:07:22.676063,1c41897e-596e-11ef-bed6-aa139991deb4,HUB Metrostation Nieuwland / Bijdorpplein,51.922583819,4.38260008,10,1,9999
2026-04-30T18:07:22.676063,a57d027c-8912-11ee-bb01-c602c1905375,BH Delftse Poort,51.924408145,4.472816464,10,13,9999
2026-04-30T18:07:22.676063,6383849a-2038-11f0-ab1d-9ae3af3bf913,BH - Kralingsebos (Langepad),51.936318565,4.506197017,10,4,9999
2026-04-30T18:07:22.676063,e90e9332-06f5-11ef-b58d-569a23b994be,BH Burgemeester Le Fèvre de Montignylaan,51.957620055,4.501711782,10,1,9999
2026-04-30T18:07:22.676063,5cb3ffde-bdaf-11ed-b1e6-fa4fb8e2990b,RK Stadionlaan,51.892328813,4.530682857,10,3,9999
2026-04-30T18:07:22.676063,02bed1f8-8392-11ee-bb01-c602c1905375,BH Station Alexander,51.951735827,4.551049232,10,4,9999
2026-04-30T18:07:22.676063,08d5cf66-8ab2-11ee-bb01-c602c1905375,BH Winkelhart Asterlo,51.873536387,4.483591736,10,7,9999
2026-04-30T18:07:22.676063,0e51e024-c757-11ee-9ae6-5263e3f30f1e,BH Metrostation Binnenhof,51.960437867,4.535372966,10,2,9999
2026-04-30T18:07:22.676063,409f87f6-890f-11ee-bb01-c602c1905375,BH Metro Beurs,51.917806013,4.480107053,8,7,9999
2026-04-30T18:07:22.676063,d6a7cd26-4d08-11f0-ab1d-9ae3af3bf913,BH - Oudehoofdplein-Haringvliet,51.918979475,4.49384405,10,7,9999
2026-04-30T18:07:22.676063,f0ad9b92-1767-11ef-8071-42f0fecaeb6a,BH Prinsenlaan,51.937206457,4.536127586,10,2,9999
2026-04-30T18:07:22.676063,f06fd44c-2035-11f0-ab1d-9ae3af3bf913,BH Boezemlaan,51.938982631,4.495864471,10,7,9999
2026-04-30T18:07:22.676063,8d91a90c-9e83-11ee-a91e-ee69b7c7763e,BH Kraaierstraat,51.91909698,4.418192898,8,11,9999
2026-04-30T18:07:22.676063,a2671a36-bdad-11ed-b1e6-fa4fb8e2990b,RK Dwarsdijk,51.893055987,4.539201504,10,2,9999
2026-04-30T18:07:22.676063,376a5cda-06f8-11ef-b58d-569a23b994be,BH Ganzerikplein,51.958953276,4.471584016,10,2,9999
2026-04-30T18:07:22.676063,5cdd9872-b096-11ef-b6d3-56d88772ab1a,BH Wilgenplaslaan/ Meidoornsingel,51.953868042,4.468211582,7,2,9999
2026-04-30T18:07:22.676063,952a3e78-a8db-11ef-8778-d2279db84567,BH Lloydstraat,51.902214281,4.461287644,10,2,9999
2026-04-30T18:07:22.676063,a6fa0910-8067-11ed-b1e6-fa4fb8e2990b,BH Stadion Fey (Bert Heesakkerstr.),51.896805818,4.521735582,50,0,9999
2026-04-30T18:07:22.676063,a1337d02-e018-11ed-a249-96cdaf8f7240,BH Sint Franciscus,51.942171146,4.460534407,25,1,9999
2026-04-30T18:07:22.676063,d3cea108-8285-11f0-ab44-baed9603afbb,BH - Ratelaarweg,51.967431611,4.463349689,10,2,9999
2026-04-30T18:07:22.676063,3bef7002-bdb5-11ed-b1e6-fa4fb8e2990b,RK Breeweg,51.890630632,4.514261169,10,6,9999
2026-04-30T18:07:22.676063,8c90734c-45bb-11ee-8219-8ed3b2364c4f,BH Coen Moulijnweg,51.893813253,4.526876329,42,2,9999
2026-04-30T18:07:22.676063,1b098490-2037-11f0-ab1d-9ae3af3bf913,BH Karmelweg,51.933461291,4.5029394,8,7,9999
2026-04-30T18:07:22.676063,23348a06-bdb1-11ed-b1e6-fa4fb8e2990b,RK Guido Gezelleweg,51.87434607,4.523238145,10,1,9999
2026-04-30T18:07:22.676063,66824038-37b2-11ef-a21a-8e54a72a50da,HUB Metrostation Parkweg / Zuidzijde,51.921443238,4.39475836,10,10,0
2026-04-30T18:07:22.676063,2c127298-ff25-11ef-a79f-a65a77daff90,BH Aert van Nesstraat,51.921141166,4.478916173,8,3,9999
2026-04-30T18:07:22.676063,cde445c6-a744-11ef-8778-d2279db84567,BH Groenendaal,51.921685178,4.492944049,6,0,9999
2026-04-30T18:07:22.676063,97c6a1c2-a8da-11ef-8778-d2279db84567,BH Henegouwerplein,51.921807589,4.460561523,10,9,9999
2026-04-30T18:07:22.676063,e68d5642-a5b5-11f0-b6c1-baed9603afbb,HUB NS Station Schiedam Centrum/ Professor Kamerlingh Onneslaan,51.92071744,4.408262487,12,2,9999
2026-04-30T18:07:22.676063,82623a40-bda3-11ed-b1e6-fa4fb8e2990b,RK Rosestraat,51.91100607,4.501308573,10,7,9999
2026-04-30T18:07:22.676063,b7353df6-b485-11ee-9ae6-5263e3f30f1e,BH Metrostation Kralingsezoom (Gravenweg),51.921751706,4.533850265,10,0,9999
2026-04-30T18:07:22.676063,6c34980a-bb92-11ef-a02d-6ea8ed91bd56,BH Gordelweg (Lidl),51.940472428,4.479798999,4,8,9999
2026-04-30T18:07:22.676063,5904bd1a-a5b5-11f0-b05b-baed9603afbb,HUB Hof van Spaland - Bachplein,51.934889388,4.374726808,8,3,9999
2026-04-30T18:07:22.676063,32ca5fd0-8126-11ed-b1e6-fa4fb8e2990b,RK Vuurplaat,51.906526668,4.505838102,10,0,9999
2026-04-30T18:07:22.676063,f94a1ff6-b095-11ef-b6d3-56d88772ab1a,BH Bm Le Fèvre de Montignylaan/ Jeroen Boschlaan,51.955641943,4.505982462,6,2,9999
2026-04-30T18:07:22.676063,4228b402-8537-11ee-bb01-c602c1905375,BH Tongelaarweg,51.895280064,4.563514996,10,1,9999
2026-04-30T18:07:22.676063,6f66a60c-36e5-11f0-ab1d-9ae3af3bf913,BH Lloydpier,51.904487669,4.460458303,8,7,0
2026-04-30T18:07:22.676063,7d81b63e-a5b5-11f0-b05b-baed9603afbb,HUB 's Gravelandseweg,51.932091958,4.401924037,6,3,9999
2026-04-30T18:07:22.676063,a3dbb322-8121-11ed-b1e6-fa4fb8e2990b,RK Metrostation Rijnhaven ,51.902216981,4.49610172,15,3,9999
2026-04-30T18:07:22.676063,cf23b50e-9ad0-11f0-ab44-baed9603afbb,BH Natuurhistorisch museum,51.911022288,4.472728259,12,0,9999
2026-04-30T18:07:22.676063,d55243f6-182b-11ef-a8d1-42f0fecaeb6a,BH Siciliëboulevard ,51.97996654,4.580859756,10,1,9999
2026-04-30T18:07:22.676063,e0f7ef36-a5b4-11f0-ab44-baed9603afbb,Havenstraat einde (digitale testhub),51.900396883,4.398614319,12,1,9999
2026-04-30T18:07:22.676063,05d1d708-eabd-11ef-88c2-aa7241d1fb4f,HUB De Thermen ,51.927426752,4.380236246,8,2,9999
2026-04-30T18:07:22.676063,b3381a7a-2036-11f0-ab1d-9ae3af3bf913,BH Oudedijk / de Nieuwe Plantage,51.929149075,4.505248613,8,2,9999
2026-04-30T18:07:22.676063,8b480576-eabc-11ee-a9f0-82366b51b915,BH Schiedamseweg Beneden,51.914135146,4.422297364,5,5,9999
2026-04-30T18:07:22.676063,89a2f1d2-a5b3-11f0-ab44-baed9603afbb,Metrostation Vijfsluizen,51.908108215,4.37254105,8,2,9999
2026-04-30T18:07:22.676063,e50f3d1e-f069-11ef-9ed7-0ea3ed1ae564,HUB Oranjestraat - Lange Nieuwstraat,51.913368472,4.40030457,5,1,9999
2026-04-30T18:07:22.676063,4c1b19a4-d0a1-11ee-8b0e-065810cc8d78,BH Elandstraat,51.910800072,4.553878993,10,4,9999
2026-04-30T18:07:22.676063,bbbba24e-806e-11ed-b1e6-fa4fb8e2990b,RK P+R Noorderhelling,51.894761016,4.532122707,15,2,9999
2026-04-30T18:07:22.676063,3ac0b682-8129-11ed-b1e6-fa4fb8e2990b,RK Cor Kieboomplein,51.896922039,4.523502821,15,3,9999
2026-04-30T18:07:22.676063,5a3ffbf4-37b1-11ef-a21a-8e54a72a50da,HUB Metrostation Nieuwland / Van Limburg Stirumstraat,51.922446663,4.38308784,6,8,0
2026-04-30T18:07:22.676063,5d8d12a2-a5b4-11f0-ab44-baed9603afbb,Van Heekstraat,51.931167557,4.406024405,4,1,9999
2026-04-30T18:07:22.676063,f251d6e8-0b82-11ef-b58d-569a23b994be,BH Metrostation Graskruid ,51.956473743,4.550010233,8,0,9999
2026-04-30T18:07:22.676063,a4d2ea7c-b2f0-11ef-aa57-62870c7808bb,BH 2e Hogenbanweg,51.936951327,4.427707182,8,5,9999
2026-04-30T18:07:22.676063,75ba0d1a-2037-11f0-ab1d-9ae3af3bf913,BH Stadhoudersweg,51.931417737,4.461484988,10,7,9999
2026-04-30T18:07:22.676063,bc6b0d7e-a745-11ef-8778-d2279db84567,BH Goudsewagenstraat,51.923224462,4.493552746,8,19,9999
2026-04-30T18:07:22.676063,0f37eafc-8912-11ee-bb01-c602c1905375,BH Metro Oostplein,51.922677789,4.497608825,10,3,9999
2026-04-30T18:07:22.676063,aed7c2fa-8123-11ed-b1e6-fa4fb8e2990b,RK Groene Hilledijk/Beijerlandselaan,51.893806789,4.509452258,10,3,9999
2026-04-30T18:07:22.676063,c76f0318-bb92-11ef-a02d-6ea8ed91bd56,BH NS Centraal Station (Stationssingel),51.925399994,4.466148375,10,15,9999
2026-04-30T18:07:22.676063,361a368c-a5b4-11f0-ab44-baed9603afbb,Sportpark Haga (Epke Zonderlandstraat),51.921919868,4.370918199,8,3,9999
2026-04-30T18:07:22.676063,f4c0fe5e-02d6-11ef-b58d-569a23b994be,BH Paulus Potterstraat,51.9228414,4.508497696,10,1,9999
2026-04-30T18:07:22.676063,48cbf66e-9f15-11ee-a91e-ee69b7c7763e,BH Franselaan,51.917379138,4.420463507,10,1,9999
2026-04-30T18:07:22.676063,e9735b4e-7da7-11f0-ab44-baed9603afbb,BH Veldkersweg,51.966835673,4.46657292,8,2,9999
2026-04-30T18:07:22.676063,4b1ac684-bb93-11ef-a02d-6ea8ed91bd56,BH Noorderkanaalweg,51.940525593,4.472984586,9,4,9999
2026-04-30T18:07:22.676063,033a9392-3700-11f0-ab1d-9ae3af3bf913,BH Herman Bavinckstraat,51.915067882,4.521446921,10,3,9999
2026-04-30T18:07:22.676063,ffe8c3e8-a8da-11ef-8778-d2279db84567,BH Mathenesserplein,51.917836602,4.44508891,8,5,9999
2026-04-30T18:07:22.676063,e377069a-ff63-11ef-a79f-a65a77daff90,BH Kralingsebos Bosdreef/Pr. Beatrixlaan,51.93789612,4.501689644,8,3,9999
2026-04-30T18:07:22.676063,7af95f9c-a747-11ef-8778-d2279db84567,BH Kruisplein,51.92228569,4.47138789,6,19,9999
2026-04-30T18:07:22.676063,4c50cb7a-bdb6-11ed-b1e6-fa4fb8e2990b,RK Olympiaweg,51.886462746,4.529133302,10,3,9999
2026-04-30T18:07:22.676063,a694ef4e-36e5-11f0-ab1d-9ae3af3bf913,BH Neushoornstraat,51.913041554,4.553743002,6,3,0
2026-04-30T18:07:22.676063,be56ca62-8120-11ed-b1e6-fa4fb8e2990b,RK P+R Beverwaard,51.885771514,4.568986239,10,1,9999
2026-04-30T18:07:22.676063,d5af3bc4-806a-11ed-b1e6-fa4fb8e2990b,BH Kievitslaan,51.907226862,4.473300159,17,4,9999
2026-04-30T18:07:22.676063,dd006abc-a5b3-11f0-ab44-baed9603afbb,Havenstraat,51.903204365,4.398004897,8,0,9999
2026-04-30T18:07:22.676063,6f09af84-eabe-11ee-a9f0-82366b51b915,BH Delftseplein ,51.925206514,4.474011701,14,18,9999
2026-04-30T18:07:22.676063,1cfb89ec-806b-11ed-b1e6-fa4fb8e2990b,BH Westplein,51.908912961,4.478583441,10,4,9999
2026-04-30T18:07:22.676063,12fc10a4-bb94-11ef-a02d-6ea8ed91bd56,BH Noordplein,51.930251975,4.483699175,10,2,9999
2026-04-30T18:07:22.676063,276e8d26-bda0-11ed-b1e6-fa4fb8e2990b,RK Strevelsweg,51.889634937,4.495943368,15,0,9999
2026-04-30T18:07:22.676063,9e066470-2038-11f0-ab1d-9ae3af3bf913,BH Kralinger Esch,51.911179823,4.524762065,9,15,9999
2026-04-30T18:07:22.676063,9b1f0aaa-8125-11ed-b1e6-fa4fb8e2990b,RK Slaghekstraat - Beijerlandselaan,51.897574833,4.511261604,10,0,9999
2026-04-30T18:07:22.676063,b8c81048-2037-11f0-ab1d-9ae3af3bf913,BH Van Maanenstraat,51.932279316,4.464280453,6,10,9999
2026-04-30T18:07:22.676063,1f4ff66c-bdb8-11ed-b1e6-fa4fb8e2990b,RK Van der Takstraat ,51.914243737,4.496045621,10,4,9999
2026-04-30T18:07:22.676063,3b523cee-5c94-11f0-ab1d-9ae3af3bf913,BH - Wilhelminapier,51.90698281,4.489727426,14,5,9999
2026-04-30T18:07:22.676063,e8d292d2-039a-11ef-b58d-569a23b994be,BH Mia van Yperenplein ,51.928414546,4.545678043,10,6,9999
2026-04-30T18:07:22.676063,12daf18a-8068-11ed-b1e6-fa4fb8e2990b,BH Treinst. Lombardijen (Aesopusplaats),51.880478018,4.530040287,10,2,9999
2026-04-30T18:07:22.676063,558e4a5a-eaba-11ee-a9f0-82366b51b915,BH Blijdorplaan ,51.927389289,4.440437692,22,3,9999
2026-04-30T18:07:22.676063,5a8de282-36ee-11f0-ab1d-9ae3af3bf913,BH van Blommesteynweg,51.888148155,4.460842726,10,1,9999
2026-04-30T18:07:22.676063,078569ee-a5b5-11f0-ab44-baed9603afbb,Nieuwe Waterwegstraat (digitale testhub),51.900682979,4.390873601,12,0,9999
2026-04-30T18:07:22.676063,8e5dd27e-06fd-11ef-b58d-569a23b994be,BH Prins Alexanderplein,51.951040272,4.553684972,14,0,9999
2026-04-30T18:07:22.676063,a6843864-fbc4-11ee-b58d-569a23b994be,Trompenburg 1,51.917696349,4.517981647,10,4,5
2026-04-30T18:07:22.676063,5b583480-a8da-11ef-8778-d2279db84567,BH Duyststraat,51.910073429,4.452225738,8,5,9999
2026-04-30T18:07:22.676063,2510e9ba-a5b6-11f0-847a-baed9603afbb,Hub Kloosterplaats,51.91675013,4.402112308,6,17,9999
2026-04-30T18:07:22.676063,880e3e72-a8dd-11ef-8778-d2279db84567,BH Spaansebocht,51.917413667,4.430014126,9,6,9999
2026-04-30T18:07:22.676063,b5b3324a-edb9-11ee-a9f0-82366b51b915,BH Siondwarsstraat,51.925261494,4.51053174,10,4,9999
2026-04-30T18:07:22.676063,94b01d94-edc6-11ee-a9f0-82366b51b915,BH Schuttersveld,51.933248028,4.490978921,10,4,9999
2026-04-30T18:07:22.676063,69b33170-edbd-11ee-a9f0-82366b51b915,BH Metro Oostplein 2,51.923145722,4.496820843,10,4,9999
2026-04-30T18:07:22.676063,67d6af9a-f068-11ef-ba40-0ea3ed1ae564,HUB Hof van Spaland - Schiedamseweg,51.934898803,4.378145906,12,3,9999
2026-04-30T18:07:22.676063,f4d561c2-1e0f-11f1-bada-da123385441b,BH PR Slinge 2,51.87374414,4.477026543,10,0,10
2026-04-30T18:07:22.676063,4933dd54-9e7c-11ee-a91e-ee69b7c7763e,BH Willem Ruyslaan (Luzac College),51.925421889,4.508669446,10,4,9999
2026-04-30T18:07:22.676063,9f935b6c-b095-11ef-b6d3-56d88772ab1a,BH Bergpolderplein,51.945227242,4.474988047,8,3,9999
2026-04-30T18:07:22.676063,8a2d056c-bb93-11ef-a02d-6ea8ed91bd56,BH NS Station Noord (Bergweg),51.941530048,4.481339526,10,0,7
2026-04-30T18:07:22.676063,4d95ab34-8122-11ed-b1e6-fa4fb8e2990b,RK Metrostation Maashaven ,51.896573582,4.494245173,30,2,9999
2026-04-30T18:07:22.676063,3d015ff0-8394-11ee-bb01-c602c1905375,BH Metrostation Oosterflank,51.945209326,4.555045447,10,0,9999
2026-04-30T18:07:22.676063,defeb050-a747-11ef-8778-d2279db84567,BH Karel Doormanstraat,51.922789549,4.473609692,9,10,9999
2026-04-30T18:07:22.676063,b5dc5454-890f-11ee-bb01-c602c1905375,BH Schilderstraat,51.916377397,4.48142868,8,7,9999
2026-04-30T18:07:22.676063,2f12ae3e-806c-11ed-b1e6-fa4fb8e2990b,BH Winkelcentrum Keizerswaard-Herenw,51.886358391,4.549308056,15,14,9999
2026-04-30T18:07:22.676063,3b6d73a8-805d-11ed-b1e6-fa4fb8e2990b,BH Metrostation Melanchtonweg,51.94881199,4.465233746,10,0,9999
2026-04-30T18:07:22.676063,d5832958-891a-11ee-bb01-c602c1905375,BH Metro Zuidplein (nieuw),51.887180341,4.491554668,10,3,9999
2026-04-30T18:07:22.676063,a535094e-b162-11ef-bdcd-5adc5d29ed54,BH Eudokiaplein,51.932433484,4.47153255,9,6,9999
2026-04-30T18:07:22.676063,437f8dc8-bd9e-11ed-b1e6-fa4fb8e2990b,RK Hillevliet,51.89558515,4.506432514,10,5,9999
2026-04-30T18:07:22.676063,f10d8ab4-9997-11ee-a91e-ee69b7c7763e,BH Shell Hofplein,51.925705456,4.477781355,28,4,9999
2026-04-30T18:07:22.676063,94467720-8127-11ed-b1e6-fa4fb8e2990b,RK Persoonsdam,51.909309099,4.508017165,10,6,9999
2026-04-30T18:07:22.676063,9245444a-2023-11f0-ab1d-9ae3af3bf913,BH Witte de Withstraat,51.915906523,4.478080905,10,12,9999
2026-04-30T18:07:22.676063,49d59348-ff64-11ef-b515-a65a77daff90,BH Bergweg (Dirk van den Broek),51.93856254,4.479465675,6,3,9999
2026-04-30T18:07:22.676063,30fb96bc-8124-11ed-b1e6-fa4fb8e2990b,RK Beverwaardseweg/ Borgharensingel,51.898798338,4.564663375,10,1,9999
2026-04-30T18:07:22.676063,9a1fb404-8ab3-11ee-bb01-c602c1905375,BH Langenhorst ,51.874120882,4.494254863,10,3,9999
2026-04-30T18:07:22.676063,abe67bfa-b096-11ef-b6d3-56d88772ab1a,BH Wilgenplaslaan/ Donkersingel,51.951337599,4.47048253,10,2,9999
2026-04-30T18:07:22.676063,068b0f9c-a8dd-11ef-8778-d2279db84567,BH Vierhavenstraat (Sahan),51.908502395,4.437727106,4,1,9999
2026-04-30T18:07:22.676063,bc0e7e9c-a8da-11ef-8778-d2279db84567,BH Jan van Vuchtstraat,51.917045317,4.460830874,6,2,9999
2026-04-30T18:07:22.676063,8b721818-a5b2-11f0-ab44-baed9603afbb,Lekstraat,51.90446958,4.406985264,6,2,9999
2026-04-30T18:07:22.676063,ad212572-06f7-11ef-b58d-569a23b994be,BH Molenlaan/Grindweg,51.963224537,4.49571068,10,0,9999
2026-04-30T18:07:22.676063,f8828c3e-806d-11ed-b1e6-fa4fb8e2990b,RK Station Rdam Zuid,51.905545015,4.509568537,15,6,9999
2026-04-30T18:07:22.676063,5f71799e-806b-11ed-b1e6-fa4fb8e2990b,BH Willemsplein,51.911118908,4.481894771,17,7,9999
2026-04-30T18:07:22.676063,42824336-bd97-11ed-b1e6-fa4fb8e2990b,RK Groene Hilledijk,51.882726433,4.504266667,10,0,9999
2026-04-30T18:07:22.676063,db6932f4-182b-11ef-a8d1-42f0fecaeb6a,BH Metrostation Nesselande,51.978969273,4.586177782,10,0,9999
2026-04-30T18:07:22.676063,e26322b0-2025-11f0-ab1d-9ae3af3bf913,BH Brielselaan,51.896298935,4.489248091,4,0,9999
2026-04-30T18:07:22.676063,c862b7f2-06fb-11ef-b58d-569a23b994be,BH Prins Alexanderlaan (metrobaan zijde),51.952192324,4.551435621,10,3,9999
2026-04-30T18:07:22.676063,c53689c2-8124-11ed-b1e6-fa4fb8e2990b,RK Peellandstraat / Beesdestraat ,51.888535309,4.567291893,10,5,9999
2026-04-30T18:07:22.676063,8f5d35a0-1834-11ef-8071-42f0fecaeb6a,BH Jan Bijloostraat (Winkelcentrum Lage Land),51.941821995,4.546449269,9,3,9999
2026-04-30T18:07:22.676063,f8fcd3a4-983a-11ef-a85a-be896af2d3a5,BH Rhijnauwensingel,51.892161199,4.569620613,12,1,9999
2026-04-30T18:07:22.676063,118239d4-a5b2-11f0-ab44-baed9603afbb,Lorentzlaan (bushalte),51.917994492,4.415061192,4,3,9999
2026-04-30T18:07:22.676063,0c107276-bdb7-11ed-b1e6-fa4fb8e2990b,RK Sandelingenplein,51.889562128,4.506962326,10,6,9999
2026-04-30T18:07:22.676063,75b8bea6-81d8-11ed-b1e6-fa4fb8e2990b,RK Metrostation Maashaven (Putselaan),51.897794241,4.495760713,10,6,9999
2026-04-30T18:07:22.676063,a20bbbae-bdae-11ed-b1e6-fa4fb8e2990b,RK Frankendaal,51.886951976,4.521294152,10,0,9999
2026-04-30T18:07:22.676063,bc839806-a5b1-11f0-ab44-baed9603afbb,Van het Hoffplein (Boerhavelaan),51.916219132,4.412005574,8,3,9999
2026-04-30T18:07:22.676063,2c632780-a8de-11ef-8778-d2279db84567,BH Schuttevaerweg,51.922420472,4.434869706,10,0,9999
2026-04-30T18:07:22.676063,b9bfe680-fbc4-11ee-b58d-569a23b994be,Trompenburg 2,51.917638379,4.518889893,10,0,10
2026-04-30T18:07:22.676063,e0a4baca-a748-11ef-8778-d2279db84567,BH Mariniersweg,51.920853425,4.490979502,10,11,9999
2026-04-30T18:07:22.676063,2c4ff78a-2783-11f1-a5ae-0225521a85c1,BH PR Slinge 2,51.87374414,4.477026543,10,0,10
2026-04-30T18:07:22.676063,f1df385c-f5b2-11ef-81b3-76e5c571f05f,HUB Admiraal de Ruyterstraat,51.906742474,4.38554997,8,0,9999
2026-04-30T18:07:22.676063,4247dd56-1c9f-11ee-8219-8ed3b2364c4f,BH Metro Coolhaven,51.909218289,4.458167882,10,3,9999
2026-04-30T18:07:22.676063,65af1c24-06f4-11ef-b58d-569a23b994be,BH Meerum Terwogtlaan,51.951763386,4.524587387,10,0,9999
2026-04-30T18:07:22.676063,a3c07f10-a5b5-11f0-b05b-baed9603afbb,HUB Hoofdbrug,51.908705902,4.406131267,8,6,9999
2026-04-30T18:07:22.676063,3c659862-a8dd-11ef-8778-d2279db84567,BH Mayflowerstraat,51.905015647,4.440161906,10,3,9999
2026-04-30T18:07:22.676063,c35c448e-06fc-11ef-b58d-569a23b994be,BH Jacob van Campenweg ,51.942434165,4.537976212,7,4,9999
2026-04-30T19:49:12.010514,438486f4-a5b6-11f0-a150-baed9603afbb,HUB Koemarkt ingang garage,51.914517902,4.401917461,6,5,9999
2026-04-30T19:49:12.010514,365f4a3e-a5b3-11f0-ab44-baed9603afbb,Rubensplein,51.911712719,4.383665134,6,3,9999
2026-04-30T19:49:12.010514,a85b996e-fe23-11ee-b58d-569a23b994be,BH Dirk van der Kooijweg (Waterleliesingel),51.953796964,4.52009166,10,0,9999
2026-04-30T19:49:12.010514,19e2de56-b5d8-11ee-9ae6-5263e3f30f1e,BH STC Waalhaven,51.878297275,4.448759787,10,1,9999
2026-04-30T19:49:12.010514,c6c213ee-ed18-11ef-9957-f683e5eb607c,BH Langenhorst (Binkhorst),51.877310029,4.494737503,10,2,9999
2026-04-30T19:49:12.010514,3366f8b0-a8dc-11ef-8778-d2279db84567,BH Vierhavenstraat (WoonEnzo),51.907777562,4.438830385,4,1,9999
2026-04-30T19:49:12.010514,04a89aea-a5b3-11f0-ab44-baed9603afbb,Groenelaan Hagastraat (Winkelcentrum),51.907303396,4.402285408,4,6,9999
2026-04-30T19:49:12.010514,32638aa6-a5b5-11f0-9f09-baed9603afbb,HUB Laan van Bol'es,51.928443203,4.370771711,10,3,9999
2026-04-30T19:49:12.010514,291c2f72-a749-11ef-8778-d2279db84567,BH Westzeedijk,51.909321622,4.471436479,10,2,9999
2026-04-30T19:49:12.010514,abd627be-67bb-11f0-91de-5eaa9feacc9b,BH Schiekade (Heer Bokelweg),51.927133058,4.476309832,10,6,9999
2026-04-30T19:49:12.010514,8948d5a4-b094-11ef-b6d3-56d88772ab1a,BH Duivenpad,51.964922912,4.498254116,8,8,9999
2026-04-30T19:49:12.010514,227e8c1e-be97-11ee-9ae6-5263e3f30f1e,HUB Metrostation Troelstralaan,51.915742295,4.384972326,10,0,9999
2026-04-30T19:49:12.010514,0af509a8-06f7-11ef-b58d-569a23b994be,BH Beethovensingel,51.96114919,4.505141448,10,3,9999
2026-04-30T19:49:12.010514,dc06f296-1768-11ef-8071-42f0fecaeb6a,BH Prins Alexanderlaan (Oosterflank),51.946646256,4.553811478,12,0,9999
2026-04-30T19:49:12.010514,221af3ce-7fe1-11ee-bb01-c602c1905375,BH Metro Prinsenlaan,51.940647564,4.556931306,10,0,9999
2026-04-30T19:49:12.010514,a793d6ba-edc8-11ee-a9f0-82366b51b915,BH Infirmeriestraat,51.922255603,4.502265891,10,11,9999
2026-04-30T19:49:12.010514,0359e1a2-bdb3-11ed-b1e6-fa4fb8e2990b,RK Rosestraat 11C,51.902954022,4.511377745,10,4,9999
2026-04-30T19:49:12.010514,87f07e20-9e78-11ee-a91e-ee69b7c7763e,BH Marconistraat (Lee Towers),51.912441021,4.430411189,14,4,9999
2026-04-30T19:49:12.010514,f539bd6e-06f8-11ef-b58d-569a23b994be,BH Meijersplein,51.955657978,4.463033845,8,3,9999
2026-04-30T19:49:12.010514,70f0801a-8071-11ed-b1e6-fa4fb8e2990b,RK treinstation Lombardijen,51.88057913,4.531905572,30,6,9999
2026-04-30T19:49:12.010514,43752ffc-a8db-11ef-8778-d2279db84567,BH Pieter de Hoochweg,51.906316301,4.459985731,6,4,9999
2026-04-30T19:49:12.010514,b35ddad8-ab08-11ef-8778-d2279db84567,HUB Rotterdamsedijk 272,51.914957692,4.40343084,8,5,9999
2026-04-30T19:49:12.010514,9b1fa0f6-ae3c-11ee-a91e-ee69b7c7763e,BH Winkelhart Plein 1953,51.874842065,4.467889739,10,7,9999
2026-04-30T19:49:12.010514,8bd90878-0884-11f0-9a47-66143dd92f22,RK Molenvliet,51.882626536,4.521159806,10,6,9999
2026-04-30T19:49:12.010514,45450b66-a5b2-11f0-ab44-baed9603afbb,Maasdijk (Gustoweg),51.906629018,4.412009895,6,1,9999
2026-04-30T19:49:12.010514,4de2effe-f068-11ef-ba40-0ea3ed1ae564,HUB Hof van Spaland - Vlaardingseweg,51.935841728,4.376077923,4,2,9999
2026-04-30T19:49:12.010514,d38c6468-06fe-11ef-b58d-569a23b994be,BH Kleine Beer,51.950902127,4.555051083,6,3,9999
2026-04-30T19:49:12.010514,e552904e-182b-11ef-a8d1-42f0fecaeb6a,BH Metrostation Hesseplaats,51.963345229,4.554510684,10,5,9999
2026-04-30T19:49:12.010514,1826196c-b162-11ef-bdcd-5adc5d29ed54,BH Bentincklaan (Diergaarde Blijdorp),51.92572504,4.454794024,10,2,9999
2026-04-30T19:49:12.010514,8a1e5ed0-1c9e-11ee-8219-8ed3b2364c4f,BH Sparta stadion,51.920151368,4.434428835,20,0,9999
2026-04-30T19:49:12.010514,d3c9003c-b486-11ee-9ae6-5263e3f30f1e,BH Oostzeedijk Beneden,51.922514244,4.503092963,10,4,9999
2026-04-30T19:49:12.010514,552a82b8-b094-11ef-b6d3-56d88772ab1a,BH Hockeyclub Rotterdam,51.96869974,4.484731647,25,8,9999
2026-04-30T19:49:12.010514,cb3f6d1c-a746-11ef-8778-d2279db84567,BH Vasteland (AH),51.911537089,4.478368712,10,4,9999
2026-04-30T19:49:12.010514,d4a8557a-eabd-11ef-ac99-aa7241d1fb4f,HUB Admiraal Trompstraat (Huisman),51.908834504,4.381923039,8,0,9999
2026-04-30T19:49:12.010514,00e8b3de-9e82-11ee-a91e-ee69b7c7763e,BH Jacques Dutilhweg,51.927993284,4.5475155,10,0,9999
2026-04-30T19:49:12.010514,d868fe52-36e5-11f0-ab1d-9ae3af3bf913,BH Sluisjesdijk,51.894714517,4.461900478,10,0,10
2026-04-30T19:49:12.010514,4338fed2-edbb-11ee-a9f0-82366b51b915,BH Oostzeedijk Beneden 2,51.921653595,4.507031037,10,6,9999
2026-04-30T19:49:12.010514,2c82bb9a-217b-11ee-8219-8ed3b2364c4f,Hub Weena,51.922738296,4.469181329,142,4,9999
2026-04-30T19:49:12.010514,96f5cbdc-06f6-11ef-b58d-569a23b994be,BH Argonautenweg,51.959086712,4.49354982,10,4,9999
2026-04-30T19:49:12.010514,2f51713e-32b7-11ee-8219-8ed3b2364c4f,Hub P+R Capelsebrug,51.920991793,4.559215491,18,24,9999
2026-04-30T19:49:12.010514,62b0255a-9e7a-11ee-a91e-ee69b7c7763e,BH Vierhavenstraat,51.910327597,4.434992993,16,2,9999
2026-04-30T19:49:12.010514,2b10524e-06f5-11ef-b58d-569a23b994be,BH Piet van der Polsingel,51.950618784,4.518612648,8,2,9999
2026-04-30T19:49:12.010514,47070056-06fa-11ef-b58d-569a23b994be,BH Metrostation Schenkel,51.931770435,4.56406792,12,1,9999
2026-04-30T19:49:12.010514,0e59456c-f06d-11f0-b173-2e3b4d4b7f35,BH P+R Kralingse Zoom,51.921440854,4.531732208,10,4,2
2026-04-30T19:49:12.010514,7a8c12ba-91ab-11ed-b1e6-fa4fb8e2990b,BH Metrostation Slinge,51.874526023,4.477872534,15,9,9999
2026-04-30T19:49:12.010514,026045c6-8530-11ee-bb01-c602c1905375,BH Winkelhart Katendrechtse Lagedijk,51.891184937,4.479440034,10,1,9999
2026-04-30T19:49:12.010514,9d9bb8ec-4bd1-11ee-bb01-c602c1905375,BH Marconiplein,51.913319277,4.432514448,10,5,9999
2026-04-30T19:49:12.010514,8330f3ca-a5b4-11f0-ab44-baed9603afbb,Fokkerstraat Plesmanstraat,51.929694009,4.399576614,4,0,9999
2026-04-30T19:49:12.010514,5b842034-5331-11f0-ab1d-9ae3af3bf913,BH Walenburgerweg,51.926698659,4.462629155,10,2,9999
2026-04-30T19:49:12.010514,a08059b6-b484-11ee-9ae6-5263e3f30f1e,BH Metrostation Gerdesiaweg,51.925444134,4.506155972,10,3,9999
2026-04-30T19:49:12.010514,2f718c84-8911-11ee-bb01-c602c1905375,BH Metro Dijkzigt - EMC,51.911789199,4.466334846,20,10,9999
2026-04-30T19:49:12.010514,f58e41fc-1c9f-11ee-8219-8ed3b2364c4f,BH Heemraadsplein,51.912322959,4.455058085,10,2,9999
2026-04-30T19:49:12.010514,79fdd038-34b8-11f0-ab1d-9ae3af3bf913,BH RTHA Airport,51.94924845,4.432611987,10,21,0
2026-04-30T19:49:12.010514,1c41897e-596e-11ef-bed6-aa139991deb4,HUB Metrostation Nieuwland / Bijdorpplein,51.922583819,4.38260008,10,1,9999
2026-04-30T19:49:12.010514,a57d027c-8912-11ee-bb01-c602c1905375,BH Delftse Poort,51.924408145,4.472816464,10,11,9999
2026-04-30T19:49:12.010514,6383849a-2038-11f0-ab1d-9ae3af3bf913,BH - Kralingsebos (Langepad),51.936318565,4.506197017,10,3,9999
2026-04-30T19:49:12.010514,e90e9332-06f5-11ef-b58d-569a23b994be,BH Burgemeester Le Fèvre de Montignylaan,51.957620055,4.501711782,10,1,9999
2026-04-30T19:49:12.010514,5cb3ffde-bdaf-11ed-b1e6-fa4fb8e2990b,RK Stadionlaan,51.892328813,4.530682857,10,4,9999
2026-04-30T19:49:12.010514,02bed1f8-8392-11ee-bb01-c602c1905375,BH Station Alexander,51.951735827,4.551049232,10,5,9999
2026-04-30T19:49:12.010514,08d5cf66-8ab2-11ee-bb01-c602c1905375,BH Winkelhart Asterlo,51.873536387,4.483591736,10,7,9999
2026-04-30T19:49:12.010514,0e51e024-c757-11ee-9ae6-5263e3f30f1e,BH Metrostation Binnenhof,51.960437867,4.535372966,10,0,9999
2026-04-30T19:49:12.010514,409f87f6-890f-11ee-bb01-c602c1905375,BH Metro Beurs,51.917806013,4.480107053,8,2,9999
2026-04-30T19:49:12.010514,d6a7cd26-4d08-11f0-ab1d-9ae3af3bf913,BH - Oudehoofdplein-Haringvliet,51.918979475,4.49384405,10,7,9999
2026-04-30T19:49:12.010514,f0ad9b92-1767-11ef-8071-42f0fecaeb6a,BH Prinsenlaan,51.937206457,4.536127586,10,2,9999
2026-04-30T19:49:12.010514,f06fd44c-2035-11f0-ab1d-9ae3af3bf913,BH Boezemlaan,51.938982631,4.495864471,10,7,9999
2026-04-30T19:49:12.010514,8d91a90c-9e83-11ee-a91e-ee69b7c7763e,BH Kraaierstraat,51.91909698,4.418192898,8,11,9999
2026-04-30T19:49:12.010514,a2671a36-bdad-11ed-b1e6-fa4fb8e2990b,RK Dwarsdijk,51.893055987,4.539201504,10,2,9999
2026-04-30T19:49:12.010514,376a5cda-06f8-11ef-b58d-569a23b994be,BH Ganzerikplein,51.958953276,4.471584016,10,2,9999
2026-04-30T19:49:12.010514,5cdd9872-b096-11ef-b6d3-56d88772ab1a,BH Wilgenplaslaan/ Meidoornsingel,51.953868042,4.468211582,7,2,9999
2026-04-30T19:49:12.010514,952a3e78-a8db-11ef-8778-d2279db84567,BH Lloydstraat,51.902214281,4.461287644,10,2,9999
2026-04-30T19:49:12.010514,a6fa0910-8067-11ed-b1e6-fa4fb8e2990b,BH Stadion Fey (Bert Heesakkerstr.),51.896805818,4.521735582,50,0,9999
2026-04-30T19:49:12.010514,a1337d02-e018-11ed-a249-96cdaf8f7240,BH Sint Franciscus,51.942171146,4.460534407,25,0,9999
2026-04-30T19:49:12.010514,d3cea108-8285-11f0-ab44-baed9603afbb,BH - Ratelaarweg,51.967431611,4.463349689,10,2,9999
2026-04-30T19:49:12.010514,3bef7002-bdb5-11ed-b1e6-fa4fb8e2990b,RK Breeweg,51.890630632,4.514261169,10,6,9999
2026-04-30T19:49:12.010514,8c90734c-45bb-11ee-8219-8ed3b2364c4f,BH Coen Moulijnweg,51.893813253,4.526876329,42,2,9999
2026-04-30T19:49:12.010514,1b098490-2037-11f0-ab1d-9ae3af3bf913,BH Karmelweg,51.933461291,4.5029394,8,6,9999
2026-04-30T19:49:12.010514,23348a06-bdb1-11ed-b1e6-fa4fb8e2990b,RK Guido Gezelleweg,51.87434607,4.523238145,10,4,9999
2026-04-30T19:49:12.010514,66824038-37b2-11ef-a21a-8e54a72a50da,HUB Metrostation Parkweg / Zuidzijde,51.921443238,4.39475836,10,10,0
2026-04-30T19:49:12.010514,2c127298-ff25-11ef-a79f-a65a77daff90,BH Aert van Nesstraat,51.921141166,4.478916173,8,2,9999
2026-04-30T19:49:12.010514,cde445c6-a744-11ef-8778-d2279db84567,BH Groenendaal,51.921685178,4.492944049,6,4,9999
2026-04-30T19:49:12.010514,97c6a1c2-a8da-11ef-8778-d2279db84567,BH Henegouwerplein,51.921807589,4.460561523,10,7,9999
2026-04-30T19:49:12.010514,e68d5642-a5b5-11f0-b6c1-baed9603afbb,HUB NS Station Schiedam Centrum/ Professor Kamerlingh Onneslaan,51.92071744,4.408262487,12,2,9999
2026-04-30T19:49:12.010514,82623a40-bda3-11ed-b1e6-fa4fb8e2990b,RK Rosestraat,51.91100607,4.501308573,10,9,9999
2026-04-30T19:49:12.010514,b7353df6-b485-11ee-9ae6-5263e3f30f1e,BH Metrostation Kralingsezoom (Gravenweg),51.921751706,4.533850265,10,0,9999
2026-04-30T19:49:12.010514,6c34980a-bb92-11ef-a02d-6ea8ed91bd56,BH Gordelweg (Lidl),51.940472428,4.479798999,4,9,9999
2026-04-30T19:49:12.010514,5904bd1a-a5b5-11f0-b05b-baed9603afbb,HUB Hof van Spaland - Bachplein,51.934889388,4.374726808,8,3,9999
2026-04-30T19:49:12.010514,32ca5fd0-8126-11ed-b1e6-fa4fb8e2990b,RK Vuurplaat,51.906526668,4.505838102,10,0,9999
2026-04-30T19:49:12.010514,f94a1ff6-b095-11ef-b6d3-56d88772ab1a,BH Bm Le Fèvre de Montignylaan/ Jeroen Boschlaan,51.955641943,4.505982462,6,2,9999
2026-04-30T19:49:12.010514,4228b402-8537-11ee-bb01-c602c1905375,BH Tongelaarweg,51.895280064,4.563514996,10,1,9999
2026-04-30T19:49:12.010514,6f66a60c-36e5-11f0-ab1d-9ae3af3bf913,BH Lloydpier,51.904487669,4.460458303,8,7,0
2026-04-30T19:49:12.010514,7d81b63e-a5b5-11f0-b05b-baed9603afbb,HUB 's Gravelandseweg,51.932091958,4.401924037,6,2,9999
2026-04-30T19:49:12.010514,a3dbb322-8121-11ed-b1e6-fa4fb8e2990b,RK Metrostation Rijnhaven ,51.902216981,4.49610172,15,6,9999
2026-04-30T19:49:12.010514,cf23b50e-9ad0-11f0-ab44-baed9603afbb,BH Natuurhistorisch museum,51.911022288,4.472728259,12,0,9999
2026-04-30T19:49:12.010514,d55243f6-182b-11ef-a8d1-42f0fecaeb6a,BH Siciliëboulevard ,51.97996654,4.580859756,10,1,9999
2026-04-30T19:49:12.010514,e0f7ef36-a5b4-11f0-ab44-baed9603afbb,Havenstraat einde (digitale testhub),51.900396883,4.398614319,12,1,9999
2026-04-30T19:49:12.010514,05d1d708-eabd-11ef-88c2-aa7241d1fb4f,HUB De Thermen ,51.927426752,4.380236246,8,1,9999
2026-04-30T19:49:12.010514,b3381a7a-2036-11f0-ab1d-9ae3af3bf913,BH Oudedijk / de Nieuwe Plantage,51.929149075,4.505248613,8,2,9999
2026-04-30T19:49:12.010514,8b480576-eabc-11ee-a9f0-82366b51b915,BH Schiedamseweg Beneden,51.914135146,4.422297364,5,6,9999
2026-04-30T19:49:12.010514,89a2f1d2-a5b3-11f0-ab44-baed9603afbb,Metrostation Vijfsluizen,51.908108215,4.37254105,8,2,9999
2026-04-30T19:49:12.010514,e50f3d1e-f069-11ef-9ed7-0ea3ed1ae564,HUB Oranjestraat - Lange Nieuwstraat,51.913368472,4.40030457,5,1,9999
2026-04-30T19:49:12.010514,4c1b19a4-d0a1-11ee-8b0e-065810cc8d78,BH Elandstraat,51.910800072,4.553878993,10,4,9999
2026-04-30T19:49:12.010514,bbbba24e-806e-11ed-b1e6-fa4fb8e2990b,RK P+R Noorderhelling,51.894761016,4.532122707,15,2,9999
2026-04-30T19:49:12.010514,3ac0b682-8129-11ed-b1e6-fa4fb8e2990b,RK Cor Kieboomplein,51.896922039,4.523502821,15,2,9999
2026-04-30T19:49:12.010514,5a3ffbf4-37b1-11ef-a21a-8e54a72a50da,HUB Metrostation Nieuwland / Van Limburg Stirumstraat,51.922446663,4.38308784,6,8,0
2026-04-30T19:49:12.010514,5d8d12a2-a5b4-11f0-ab44-baed9603afbb,Van Heekstraat,51.931167557,4.406024405,4,1,9999
2026-04-30T19:49:12.010514,f251d6e8-0b82-11ef-b58d-569a23b994be,BH Metrostation Graskruid ,51.956473743,4.550010233,8,0,9999
2026-04-30T19:49:12.010514,a4d2ea7c-b2f0-11ef-aa57-62870c7808bb,BH 2e Hogenbanweg,51.936951327,4.427707182,8,5,9999
2026-04-30T19:49:12.010514,75ba0d1a-2037-11f0-ab1d-9ae3af3bf913,BH Stadhoudersweg,51.931417737,4.461484988,10,8,9999
2026-04-30T19:49:12.010514,bc6b0d7e-a745-11ef-8778-d2279db84567,BH Goudsewagenstraat,51.923224462,4.493552746,8,19,9999
2026-04-30T19:49:12.010514,0f37eafc-8912-11ee-bb01-c602c1905375,BH Metro Oostplein,51.922677789,4.497608825,10,5,9999
2026-04-30T19:49:12.010514,aed7c2fa-8123-11ed-b1e6-fa4fb8e2990b,RK Groene Hilledijk/Beijerlandselaan,51.893806789,4.509452258,10,3,9999
2026-04-30T19:49:12.010514,c76f0318-bb92-11ef-a02d-6ea8ed91bd56,BH NS Centraal Station (Stationssingel),51.925399994,4.466148375,10,10,9999
2026-04-30T19:49:12.010514,361a368c-a5b4-11f0-ab44-baed9603afbb,Sportpark Haga (Epke Zonderlandstraat),51.921919868,4.370918199,8,3,9999
2026-04-30T19:49:12.010514,f4c0fe5e-02d6-11ef-b58d-569a23b994be,BH Paulus Potterstraat,51.9228414,4.508497696,10,1,9999
2026-04-30T19:49:12.010514,48cbf66e-9f15-11ee-a91e-ee69b7c7763e,BH Franselaan,51.917379138,4.420463507,10,1,9999
2026-04-30T19:49:12.010514,e9735b4e-7da7-11f0-ab44-baed9603afbb,BH Veldkersweg,51.966835673,4.46657292,8,2,9999
2026-04-30T19:49:12.010514,4b1ac684-bb93-11ef-a02d-6ea8ed91bd56,BH Noorderkanaalweg,51.940525593,4.472984586,9,4,9999
2026-04-30T19:49:12.010514,033a9392-3700-11f0-ab1d-9ae3af3bf913,BH Herman Bavinckstraat,51.915067882,4.521446921,10,3,9999
2026-04-30T19:49:12.010514,ffe8c3e8-a8da-11ef-8778-d2279db84567,BH Mathenesserplein,51.917836602,4.44508891,8,5,9999
2026-04-30T19:49:12.010514,e377069a-ff63-11ef-a79f-a65a77daff90,BH Kralingsebos Bosdreef/Pr. Beatrixlaan,51.93789612,4.501689644,8,3,9999
2026-04-30T19:49:12.010514,7af95f9c-a747-11ef-8778-d2279db84567,BH Kruisplein,51.92228569,4.47138789,6,15,9999
2026-04-30T19:49:12.010514,4c50cb7a-bdb6-11ed-b1e6-fa4fb8e2990b,RK Olympiaweg,51.886462746,4.529133302,10,3,9999
2026-04-30T19:49:12.010514,a694ef4e-36e5-11f0-ab1d-9ae3af3bf913,BH Neushoornstraat,51.913041554,4.553743002,6,3,0
2026-04-30T19:49:12.010514,be56ca62-8120-11ed-b1e6-fa4fb8e2990b,RK P+R Beverwaard,51.885771514,4.568986239,10,1,9999
2026-04-30T19:49:12.010514,d5af3bc4-806a-11ed-b1e6-fa4fb8e2990b,BH Kievitslaan,51.907226862,4.473300159,17,3,9999
2026-04-30T19:49:12.010514,dd006abc-a5b3-11f0-ab44-baed9603afbb,Havenstraat,51.903204365,4.398004897,8,0,9999
2026-04-30T19:49:12.010514,6f09af84-eabe-11ee-a9f0-82366b51b915,BH Delftseplein ,51.925206514,4.474011701,14,15,9999
2026-04-30T19:49:12.010514,1cfb89ec-806b-11ed-b1e6-fa4fb8e2990b,BH Westplein,51.908912961,4.478583441,10,7,9999
2026-04-30T19:49:12.010514,12fc10a4-bb94-11ef-a02d-6ea8ed91bd56,BH Noordplein,51.930251975,4.483699175,10,1,9999
2026-04-30T19:49:12.010514,276e8d26-bda0-11ed-b1e6-fa4fb8e2990b,RK Strevelsweg,51.889634937,4.495943368,15,1,9999
2026-04-30T19:49:12.010514,9e066470-2038-11f0-ab1d-9ae3af3bf913,BH Kralinger Esch,51.911179823,4.524762065,9,13,9999
2026-04-30T19:49:12.010514,9b1f0aaa-8125-11ed-b1e6-fa4fb8e2990b,RK Slaghekstraat - Beijerlandselaan,51.897574833,4.511261604,10,0,9999
2026-04-30T19:49:12.010514,b8c81048-2037-11f0-ab1d-9ae3af3bf913,BH Van Maanenstraat,51.932279316,4.464280453,6,6,9999
2026-04-30T19:49:12.010514,1f4ff66c-bdb8-11ed-b1e6-fa4fb8e2990b,RK Van der Takstraat ,51.914243737,4.496045621,10,3,9999
2026-04-30T19:49:12.010514,3b523cee-5c94-11f0-ab1d-9ae3af3bf913,BH - Wilhelminapier,51.90698281,4.489727426,14,10,9999
2026-04-30T19:49:12.010514,e8d292d2-039a-11ef-b58d-569a23b994be,BH Mia van Yperenplein ,51.928414546,4.545678043,10,6,9999
2026-04-30T19:49:12.010514,12daf18a-8068-11ed-b1e6-fa4fb8e2990b,BH Treinst. Lombardijen (Aesopusplaats),51.880478018,4.530040287,10,2,9999
2026-04-30T19:49:12.010514,558e4a5a-eaba-11ee-a9f0-82366b51b915,BH Blijdorplaan ,51.927389289,4.440437692,22,7,9999
2026-04-30T19:49:12.010514,5a8de282-36ee-11f0-ab1d-9ae3af3bf913,BH van Blommesteynweg,51.888148155,4.460842726,10,1,9999
2026-04-30T19:49:12.010514,078569ee-a5b5-11f0-ab44-baed9603afbb,Nieuwe Waterwegstraat (digitale testhub),51.900682979,4.390873601,12,0,9999
2026-04-30T19:49:12.010514,8e5dd27e-06fd-11ef-b58d-569a23b994be,BH Prins Alexanderplein,51.951040272,4.553684972,14,0,9999
2026-04-30T19:49:12.010514,a6843864-fbc4-11ee-b58d-569a23b994be,Trompenburg 1,51.917696349,4.517981647,10,4,4
2026-04-30T19:49:12.010514,5b583480-a8da-11ef-8778-d2279db84567,BH Duyststraat,51.910073429,4.452225738,8,5,9999
2026-04-30T19:49:12.010514,2510e9ba-a5b6-11f0-847a-baed9603afbb,Hub Kloosterplaats,51.91675013,4.402112308,6,16,9999
2026-04-30T19:49:12.010514,880e3e72-a8dd-11ef-8778-d2279db84567,BH Spaansebocht,51.917413667,4.430014126,9,2,9999
2026-04-30T19:49:12.010514,b5b3324a-edb9-11ee-a9f0-82366b51b915,BH Siondwarsstraat,51.925261494,4.51053174,10,4,9999
2026-04-30T19:49:12.010514,94b01d94-edc6-11ee-a9f0-82366b51b915,BH Schuttersveld,51.933248028,4.490978921,10,3,9999
2026-04-30T19:49:12.010514,69b33170-edbd-11ee-a9f0-82366b51b915,BH Metro Oostplein 2,51.923145722,4.496820843,10,5,9999
2026-04-30T19:49:12.010514,67d6af9a-f068-11ef-ba40-0ea3ed1ae564,HUB Hof van Spaland - Schiedamseweg,51.934898803,4.378145906,12,3,9999
2026-04-30T19:49:12.010514,f4d561c2-1e0f-11f1-bada-da123385441b,BH PR Slinge 2,51.87374414,4.477026543,10,0,10
2026-04-30T19:49:12.010514,4933dd54-9e7c-11ee-a91e-ee69b7c7763e,BH Willem Ruyslaan (Luzac College),51.925421889,4.508669446,10,4,9999
2026-04-30T19:49:12.010514,9f935b6c-b095-11ef-b6d3-56d88772ab1a,BH Bergpolderplein,51.945227242,4.474988047,8,5,9999
2026-04-30T19:49:12.010514,8a2d056c-bb93-11ef-a02d-6ea8ed91bd56,BH NS Station Noord (Bergweg),51.941530048,4.481339526,10,0,9
2026-04-30T19:49:12.010514,4d95ab34-8122-11ed-b1e6-fa4fb8e2990b,RK Metrostation Maashaven ,51.896573582,4.494245173,30,4,9999
2026-04-30T19:49:12.010514,3d015ff0-8394-11ee-bb01-c602c1905375,BH Metrostation Oosterflank,51.945209326,4.555045447,10,0,9999
2026-04-30T19:49:12.010514,defeb050-a747-11ef-8778-d2279db84567,BH Karel Doormanstraat,51.922789549,4.473609692,9,11,9999
2026-04-30T19:49:12.010514,b5dc5454-890f-11ee-bb01-c602c1905375,BH Schilderstraat,51.916377397,4.48142868,8,4,9999
2026-04-30T19:49:12.010514,2f12ae3e-806c-11ed-b1e6-fa4fb8e2990b,BH Winkelcentrum Keizerswaard-Herenw,51.886358391,4.549308056,15,14,9999
2026-04-30T19:49:12.010514,3b6d73a8-805d-11ed-b1e6-fa4fb8e2990b,BH Metrostation Melanchtonweg,51.94881199,4.465233746,10,0,9999
2026-04-30T19:49:12.010514,d5832958-891a-11ee-bb01-c602c1905375,BH Metro Zuidplein (nieuw),51.887180341,4.491554668,10,5,9999
2026-04-30T19:49:12.010514,a535094e-b162-11ef-bdcd-5adc5d29ed54,BH Eudokiaplein,51.932433484,4.47153255,9,4,9999
2026-04-30T19:49:12.010514,437f8dc8-bd9e-11ed-b1e6-fa4fb8e2990b,RK Hillevliet,51.89558515,4.506432514,10,6,9999
2026-04-30T19:49:12.010514,f10d8ab4-9997-11ee-a91e-ee69b7c7763e,BH Shell Hofplein,51.925705456,4.477781355,28,4,9999
2026-04-30T19:49:12.010514,94467720-8127-11ed-b1e6-fa4fb8e2990b,RK Persoonsdam,51.909309099,4.508017165,10,6,9999
2026-04-30T19:49:12.010514,9245444a-2023-11f0-ab1d-9ae3af3bf913,BH Witte de Withstraat,51.915906523,4.478080905,10,5,9999
2026-04-30T19:49:12.010514,49d59348-ff64-11ef-b515-a65a77daff90,BH Bergweg (Dirk van den Broek),51.93856254,4.479465675,6,4,9999
2026-04-30T19:49:12.010514,30fb96bc-8124-11ed-b1e6-fa4fb8e2990b,RK Beverwaardseweg/ Borgharensingel,51.898798338,4.564663375,10,1,9999
2026-04-30T19:49:12.010514,9a1fb404-8ab3-11ee-bb01-c602c1905375,BH Langenhorst ,51.874120882,4.494254863,10,3,9999
2026-04-30T19:49:12.010514,abe67bfa-b096-11ef-b6d3-56d88772ab1a,BH Wilgenplaslaan/ Donkersingel,51.951337599,4.47048253,10,2,9999
2026-04-30T19:49:12.010514,068b0f9c-a8dd-11ef-8778-d2279db84567,BH Vierhavenstraat (Sahan),51.908502395,4.437727106,4,0,9999
2026-04-30T19:49:12.010514,bc0e7e9c-a8da-11ef-8778-d2279db84567,BH Jan van Vuchtstraat,51.917045317,4.460830874,6,4,9999
2026-04-30T19:49:12.010514,8b721818-a5b2-11f0-ab44-baed9603afbb,Lekstraat,51.90446958,4.406985264,6,2,9999
2026-04-30T19:49:12.010514,ad212572-06f7-11ef-b58d-569a23b994be,BH Molenlaan/Grindweg,51.963224537,4.49571068,10,0,9999
2026-04-30T19:49:12.010514,f8828c3e-806d-11ed-b1e6-fa4fb8e2990b,RK Station Rdam Zuid,51.905545015,4.509568537,15,3,9999
2026-04-30T19:49:12.010514,5f71799e-806b-11ed-b1e6-fa4fb8e2990b,BH Willemsplein,51.911118908,4.481894771,17,9,9999
2026-04-30T19:49:12.010514,42824336-bd97-11ed-b1e6-fa4fb8e2990b,RK Groene Hilledijk,51.882726433,4.504266667,10,0,9999
2026-04-30T19:49:12.010514,db6932f4-182b-11ef-a8d1-42f0fecaeb6a,BH Metrostation Nesselande,51.978969273,4.586177782,10,0,9999
2026-04-30T19:49:12.010514,e26322b0-2025-11f0-ab1d-9ae3af3bf913,BH Brielselaan,51.896298935,4.489248091,4,0,9999
2026-04-30T19:49:12.010514,c862b7f2-06fb-11ef-b58d-569a23b994be,BH Prins Alexanderlaan (metrobaan zijde),51.952192324,4.551435621,10,3,9999
2026-04-30T19:49:12.010514,c53689c2-8124-11ed-b1e6-fa4fb8e2990b,RK Peellandstraat / Beesdestraat ,51.888535309,4.567291893,10,5,9999
2026-04-30T19:49:12.010514,8f5d35a0-1834-11ef-8071-42f0fecaeb6a,BH Jan Bijloostraat (Winkelcentrum Lage Land),51.941821995,4.546449269,9,3,9999
2026-04-30T19:49:12.010514,f8fcd3a4-983a-11ef-a85a-be896af2d3a5,BH Rhijnauwensingel,51.892161199,4.569620613,12,1,9999
2026-04-30T19:49:12.010514,118239d4-a5b2-11f0-ab44-baed9603afbb,Lorentzlaan (bushalte),51.917994492,4.415061192,4,3,9999
2026-04-30T19:49:12.010514,0c107276-bdb7-11ed-b1e6-fa4fb8e2990b,RK Sandelingenplein,51.889562128,4.506962326,10,5,9999
2026-04-30T19:49:12.010514,75b8bea6-81d8-11ed-b1e6-fa4fb8e2990b,RK Metrostation Maashaven (Putselaan),51.897794241,4.495760713,10,6,9999
2026-04-30T19:49:12.010514,a20bbbae-bdae-11ed-b1e6-fa4fb8e2990b,RK Frankendaal,51.886951976,4.521294152,10,0,9999
2026-04-30T19:49:12.010514,bc839806-a5b1-11f0-ab44-baed9603afbb,Van het Hoffplein (Boerhavelaan),51.916219132,4.412005574,8,3,9999
2026-04-30T19:49:12.010514,2c632780-a8de-11ef-8778-d2279db84567,BH Schuttevaerweg,51.922420472,4.434869706,10,0,9999
2026-04-30T19:49:12.010514,b9bfe680-fbc4-11ee-b58d-569a23b994be,Trompenburg 2,51.917638379,4.518889893,10,0,10
2026-04-30T19:49:12.010514,e0a4baca-a748-11ef-8778-d2279db84567,BH Mariniersweg,51.920853425,4.490979502,10,11,9999
2026-04-30T19:49:12.010514,2c4ff78a-2783-11f1-a5ae-0225521a85c1,BH PR Slinge 2,51.87374414,4.477026543,10,0,10
2026-04-30T19:49:12.010514,f1df385c-f5b2-11ef-81b3-76e5c571f05f,HUB Admiraal de Ruyterstraat,51.906742474,4.38554997,8,0,9999
2026-04-30T19:49:12.010514,4247dd56-1c9f-11ee-8219-8ed3b2364c4f,BH Metro Coolhaven,51.909218289,4.458167882,10,3,9999
2026-04-30T19:49:12.010514,65af1c24-06f4-11ef-b58d-569a23b994be,BH Meerum Terwogtlaan,51.951763386,4.524587387,10,0,9999
2026-04-30T19:49:12.010514,a3c07f10-a5b5-11f0-b05b-baed9603afbb,HUB Hoofdbrug,51.908705902,4.406131267,8,8,9999
2026-04-30T19:49:12.010514,3c659862-a8dd-11ef-8778-d2279db84567,BH Mayflowerstraat,51.905015647,4.440161906,10,4,9999
2026-04-30T19:49:12.010514,c35c448e-06fc-11ef-b58d-569a23b994be,BH Jacob van Campenweg ,51.942434165,4.537976212,7,3,9999
2026-04-30T20:46:04.471487,438486f4-a5b6-11f0-a150-baed9603afbb,HUB Koemarkt ingang garage,51.914517902,4.401917461,6,5,9999
2026-04-30T20:46:04.471487,365f4a3e-a5b3-11f0-ab44-baed9603afbb,Rubensplein,51.911712719,4.383665134,6,2,9999
2026-04-30T20:46:04.471487,a85b996e-fe23-11ee-b58d-569a23b994be,BH Dirk van der Kooijweg (Waterleliesingel),51.953796964,4.52009166,10,0,9999
2026-04-30T20:46:04.471487,19e2de56-b5d8-11ee-9ae6-5263e3f30f1e,BH STC Waalhaven,51.878297275,4.448759787,10,1,9999
2026-04-30T20:46:04.471487,c6c213ee-ed18-11ef-9957-f683e5eb607c,BH Langenhorst (Binkhorst),51.877310029,4.494737503,10,2,9999
2026-04-30T20:46:04.471487,3366f8b0-a8dc-11ef-8778-d2279db84567,BH Vierhavenstraat (WoonEnzo),51.907777562,4.438830385,4,1,9999
2026-04-30T20:46:04.471487,04a89aea-a5b3-11f0-ab44-baed9603afbb,Groenelaan Hagastraat (Winkelcentrum),51.907303396,4.402285408,4,5,9999
2026-04-30T20:46:04.471487,32638aa6-a5b5-11f0-9f09-baed9603afbb,HUB Laan van Bol'es,51.928443203,4.370771711,10,3,9999
2026-04-30T20:46:04.471487,291c2f72-a749-11ef-8778-d2279db84567,BH Westzeedijk,51.909321622,4.471436479,10,2,9999
2026-04-30T20:46:04.471487,abd627be-67bb-11f0-91de-5eaa9feacc9b,BH Schiekade (Heer Bokelweg),51.927133058,4.476309832,10,6,9999
2026-04-30T20:46:04.471487,8948d5a4-b094-11ef-b6d3-56d88772ab1a,BH Duivenpad,51.964922912,4.498254116,8,5,9999
2026-04-30T20:46:04.471487,227e8c1e-be97-11ee-9ae6-5263e3f30f1e,HUB Metrostation Troelstralaan,51.915742295,4.384972326,10,0,9999
2026-04-30T20:46:04.471487,0af509a8-06f7-11ef-b58d-569a23b994be,BH Beethovensingel,51.96114919,4.505141448,10,3,9999
2026-04-30T20:46:04.471487,dc06f296-1768-11ef-8071-42f0fecaeb6a,BH Prins Alexanderlaan (Oosterflank),51.946646256,4.553811478,12,0,9999
2026-04-30T20:46:04.471487,221af3ce-7fe1-11ee-bb01-c602c1905375,BH Metro Prinsenlaan,51.940647564,4.556931306,10,0,9999
2026-04-30T20:46:04.471487,a793d6ba-edc8-11ee-a9f0-82366b51b915,BH Infirmeriestraat,51.922255603,4.502265891,10,10,9999
2026-04-30T20:46:04.471487,0359e1a2-bdb3-11ed-b1e6-fa4fb8e2990b,RK Rosestraat 11C,51.902954022,4.511377745,10,4,9999
2026-04-30T20:46:04.471487,87f07e20-9e78-11ee-a91e-ee69b7c7763e,BH Marconistraat (Lee Towers),51.912441021,4.430411189,14,4,9999
2026-04-30T20:46:04.471487,f539bd6e-06f8-11ef-b58d-569a23b994be,BH Meijersplein,51.955657978,4.463033845,8,3,9999
2026-04-30T20:46:04.471487,70f0801a-8071-11ed-b1e6-fa4fb8e2990b,RK treinstation Lombardijen,51.88057913,4.531905572,30,7,9999
2026-04-30T20:46:04.471487,43752ffc-a8db-11ef-8778-d2279db84567,BH Pieter de Hoochweg,51.906316301,4.459985731,6,4,9999
2026-04-30T20:46:04.471487,b35ddad8-ab08-11ef-8778-d2279db84567,HUB Rotterdamsedijk 272,51.914957692,4.40343084,8,5,9999
2026-04-30T20:46:04.471487,9b1fa0f6-ae3c-11ee-a91e-ee69b7c7763e,BH Winkelhart Plein 1953,51.874842065,4.467889739,10,8,9999
2026-04-30T20:46:04.471487,8bd90878-0884-11f0-9a47-66143dd92f22,RK Molenvliet,51.882626536,4.521159806,10,9,9999
2026-04-30T20:46:04.471487,45450b66-a5b2-11f0-ab44-baed9603afbb,Maasdijk (Gustoweg),51.906629018,4.412009895,6,1,9999
2026-04-30T20:46:04.471487,4de2effe-f068-11ef-ba40-0ea3ed1ae564,HUB Hof van Spaland - Vlaardingseweg,51.935841728,4.376077923,4,2,9999
2026-04-30T20:46:04.471487,d38c6468-06fe-11ef-b58d-569a23b994be,BH Kleine Beer,51.950902127,4.555051083,6,1,9999
2026-04-30T20:46:04.471487,e552904e-182b-11ef-a8d1-42f0fecaeb6a,BH Metrostation Hesseplaats,51.963345229,4.554510684,10,5,9999
2026-04-30T20:46:04.471487,1826196c-b162-11ef-bdcd-5adc5d29ed54,BH Bentincklaan (Diergaarde Blijdorp),51.92572504,4.454794024,10,2,9999
2026-04-30T20:46:04.471487,8a1e5ed0-1c9e-11ee-8219-8ed3b2364c4f,BH Sparta stadion,51.920151368,4.434428835,20,0,9999
2026-04-30T20:46:04.471487,d3c9003c-b486-11ee-9ae6-5263e3f30f1e,BH Oostzeedijk Beneden,51.922514244,4.503092963,10,3,9999
2026-04-30T20:46:04.471487,552a82b8-b094-11ef-b6d3-56d88772ab1a,BH Hockeyclub Rotterdam,51.96869974,4.484731647,25,8,9999
2026-04-30T20:46:04.471487,cb3f6d1c-a746-11ef-8778-d2279db84567,BH Vasteland (AH),51.911537089,4.478368712,10,5,9999
2026-04-30T20:46:04.471487,d4a8557a-eabd-11ef-ac99-aa7241d1fb4f,HUB Admiraal Trompstraat (Huisman),51.908834504,4.381923039,8,0,9999
2026-04-30T20:46:04.471487,00e8b3de-9e82-11ee-a91e-ee69b7c7763e,BH Jacques Dutilhweg,51.927993284,4.5475155,10,0,9999
2026-04-30T20:46:04.471487,d868fe52-36e5-11f0-ab1d-9ae3af3bf913,BH Sluisjesdijk,51.894714517,4.461900478,10,0,10
2026-04-30T20:46:04.471487,4338fed2-edbb-11ee-a9f0-82366b51b915,BH Oostzeedijk Beneden 2,51.921653595,4.507031037,10,5,9999
2026-04-30T20:46:04.471487,2c82bb9a-217b-11ee-8219-8ed3b2364c4f,Hub Weena,51.922738296,4.469181329,142,10,9999
2026-04-30T20:46:04.471487,96f5cbdc-06f6-11ef-b58d-569a23b994be,BH Argonautenweg,51.959086712,4.49354982,10,4,9999
2026-04-30T20:46:04.471487,2f51713e-32b7-11ee-8219-8ed3b2364c4f,Hub P+R Capelsebrug,51.920991793,4.559215491,18,25,9999
2026-04-30T20:46:04.471487,62b0255a-9e7a-11ee-a91e-ee69b7c7763e,BH Vierhavenstraat,51.910327597,4.434992993,16,2,9999
2026-04-30T20:46:04.471487,2b10524e-06f5-11ef-b58d-569a23b994be,BH Piet van der Polsingel,51.950618784,4.518612648,8,3,9999
2026-04-30T20:46:04.471487,47070056-06fa-11ef-b58d-569a23b994be,BH Metrostation Schenkel,51.931770435,4.56406792,12,1,9999
2026-04-30T20:46:04.471487,0e59456c-f06d-11f0-b173-2e3b4d4b7f35,BH P+R Kralingse Zoom,51.921440854,4.531732208,10,3,3
2026-04-30T20:46:04.471487,7a8c12ba-91ab-11ed-b1e6-fa4fb8e2990b,BH Metrostation Slinge,51.874526023,4.477872534,15,9,9999
2026-04-30T20:46:04.471487,026045c6-8530-11ee-bb01-c602c1905375,BH Winkelhart Katendrechtse Lagedijk,51.891184937,4.479440034,10,1,9999
2026-04-30T20:46:04.471487,9d9bb8ec-4bd1-11ee-bb01-c602c1905375,BH Marconiplein,51.913319277,4.432514448,10,3,9999
2026-04-30T20:46:04.471487,8330f3ca-a5b4-11f0-ab44-baed9603afbb,Fokkerstraat Plesmanstraat,51.929694009,4.399576614,4,0,9999
2026-04-30T20:46:04.471487,5b842034-5331-11f0-ab1d-9ae3af3bf913,BH Walenburgerweg,51.926698659,4.462629155,10,2,9999
2026-04-30T20:46:04.471487,a08059b6-b484-11ee-9ae6-5263e3f30f1e,BH Metrostation Gerdesiaweg,51.925444134,4.506155972,10,3,9999
2026-04-30T20:46:04.471487,2f718c84-8911-11ee-bb01-c602c1905375,BH Metro Dijkzigt - EMC,51.911789199,4.466334846,20,11,9999
2026-04-30T20:46:04.471487,f58e41fc-1c9f-11ee-8219-8ed3b2364c4f,BH Heemraadsplein,51.912322959,4.455058085,10,2,9999
2026-04-30T20:46:04.471487,79fdd038-34b8-11f0-ab1d-9ae3af3bf913,BH RTHA Airport,51.94924845,4.432611987,10,20,0
2026-04-30T20:46:04.471487,1c41897e-596e-11ef-bed6-aa139991deb4,HUB Metrostation Nieuwland / Bijdorpplein,51.922583819,4.38260008,10,1,9999
2026-04-30T20:46:04.471487,a57d027c-8912-11ee-bb01-c602c1905375,BH Delftse Poort,51.924408145,4.472816464,10,12,9999
2026-04-30T20:46:04.471487,6383849a-2038-11f0-ab1d-9ae3af3bf913,BH - Kralingsebos (Langepad),51.936318565,4.506197017,10,3,9999
2026-04-30T20:46:04.471487,e90e9332-06f5-11ef-b58d-569a23b994be,BH Burgemeester Le Fèvre de Montignylaan,51.957620055,4.501711782,10,1,9999
2026-04-30T20:46:04.471487,5cb3ffde-bdaf-11ed-b1e6-fa4fb8e2990b,RK Stadionlaan,51.892328813,4.530682857,10,4,9999
2026-04-30T20:46:04.471487,02bed1f8-8392-11ee-bb01-c602c1905375,BH Station Alexander,51.951735827,4.551049232,10,5,9999
2026-04-30T20:46:04.471487,08d5cf66-8ab2-11ee-bb01-c602c1905375,BH Winkelhart Asterlo,51.873536387,4.483591736,10,8,9999
2026-04-30T20:46:04.471487,0e51e024-c757-11ee-9ae6-5263e3f30f1e,BH Metrostation Binnenhof,51.960437867,4.535372966,10,0,9999
2026-04-30T20:46:04.471487,409f87f6-890f-11ee-bb01-c602c1905375,BH Metro Beurs,51.917806013,4.480107053,8,2,9999
2026-04-30T20:46:04.471487,d6a7cd26-4d08-11f0-ab1d-9ae3af3bf913,BH - Oudehoofdplein-Haringvliet,51.918979475,4.49384405,10,14,9999
2026-04-30T20:46:04.471487,f0ad9b92-1767-11ef-8071-42f0fecaeb6a,BH Prinsenlaan,51.937206457,4.536127586,10,2,9999
2026-04-30T20:46:04.471487,f06fd44c-2035-11f0-ab1d-9ae3af3bf913,BH Boezemlaan,51.938982631,4.495864471,10,6,9999
2026-04-30T20:46:04.471487,8d91a90c-9e83-11ee-a91e-ee69b7c7763e,BH Kraaierstraat,51.91909698,4.418192898,8,12,9999
2026-04-30T20:46:04.471487,a2671a36-bdad-11ed-b1e6-fa4fb8e2990b,RK Dwarsdijk,51.893055987,4.539201504,10,2,9999
2026-04-30T20:46:04.471487,376a5cda-06f8-11ef-b58d-569a23b994be,BH Ganzerikplein,51.958953276,4.471584016,10,2,9999
2026-04-30T20:46:04.471487,5cdd9872-b096-11ef-b6d3-56d88772ab1a,BH Wilgenplaslaan/ Meidoornsingel,51.953868042,4.468211582,7,2,9999
2026-04-30T20:46:04.471487,952a3e78-a8db-11ef-8778-d2279db84567,BH Lloydstraat,51.902214281,4.461287644,10,2,9999
2026-04-30T20:46:04.471487,a6fa0910-8067-11ed-b1e6-fa4fb8e2990b,BH Stadion Fey (Bert Heesakkerstr.),51.896805818,4.521735582,50,0,9999
2026-04-30T20:46:04.471487,a1337d02-e018-11ed-a249-96cdaf8f7240,BH Sint Franciscus,51.942171146,4.460534407,25,0,9999
2026-04-30T20:46:04.471487,d3cea108-8285-11f0-ab44-baed9603afbb,BH - Ratelaarweg,51.967431611,4.463349689,10,2,9999
2026-04-30T20:46:04.471487,3bef7002-bdb5-11ed-b1e6-fa4fb8e2990b,RK Breeweg,51.890630632,4.514261169,10,6,9999
2026-04-30T20:46:04.471487,8c90734c-45bb-11ee-8219-8ed3b2364c4f,BH Coen Moulijnweg,51.893813253,4.526876329,42,2,9999
2026-04-30T20:46:04.471487,1b098490-2037-11f0-ab1d-9ae3af3bf913,BH Karmelweg,51.933461291,4.5029394,8,5,9999
2026-04-30T20:46:04.471487,23348a06-bdb1-11ed-b1e6-fa4fb8e2990b,RK Guido Gezelleweg,51.87434607,4.523238145,10,4,9999
2026-04-30T20:46:04.471487,66824038-37b2-11ef-a21a-8e54a72a50da,HUB Metrostation Parkweg / Zuidzijde,51.921443238,4.39475836,10,10,0
2026-04-30T20:46:04.471487,2c127298-ff25-11ef-a79f-a65a77daff90,BH Aert van Nesstraat,51.921141166,4.478916173,8,0,9999
2026-04-30T20:46:04.471487,cde445c6-a744-11ef-8778-d2279db84567,BH Groenendaal,51.921685178,4.492944049,6,3,9999
2026-04-30T20:46:04.471487,97c6a1c2-a8da-11ef-8778-d2279db84567,BH Henegouwerplein,51.921807589,4.460561523,10,6,9999
2026-04-30T20:46:04.471487,e68d5642-a5b5-11f0-b6c1-baed9603afbb,HUB NS Station Schiedam Centrum/ Professor Kamerlingh Onneslaan,51.92071744,4.408262487,12,1,9999
2026-04-30T20:46:04.471487,82623a40-bda3-11ed-b1e6-fa4fb8e2990b,RK Rosestraat,51.91100607,4.501308573,10,8,9999
2026-04-30T20:46:04.471487,b7353df6-b485-11ee-9ae6-5263e3f30f1e,BH Metrostation Kralingsezoom (Gravenweg),51.921751706,4.533850265,10,0,9999
2026-04-30T20:46:04.471487,6c34980a-bb92-11ef-a02d-6ea8ed91bd56,BH Gordelweg (Lidl),51.940472428,4.479798999,4,9,9999
2026-04-30T20:46:04.471487,5904bd1a-a5b5-11f0-b05b-baed9603afbb,HUB Hof van Spaland - Bachplein,51.934889388,4.374726808,8,3,9999
2026-04-30T20:46:04.471487,32ca5fd0-8126-11ed-b1e6-fa4fb8e2990b,RK Vuurplaat,51.906526668,4.505838102,10,0,9999
2026-04-30T20:46:04.471487,f94a1ff6-b095-11ef-b6d3-56d88772ab1a,BH Bm Le Fèvre de Montignylaan/ Jeroen Boschlaan,51.955641943,4.505982462,6,2,9999
2026-04-30T20:46:04.471487,4228b402-8537-11ee-bb01-c602c1905375,BH Tongelaarweg,51.895280064,4.563514996,10,1,9999
2026-04-30T20:46:04.471487,6f66a60c-36e5-11f0-ab1d-9ae3af3bf913,BH Lloydpier,51.904487669,4.460458303,8,7,0
2026-04-30T20:46:04.471487,7d81b63e-a5b5-11f0-b05b-baed9603afbb,HUB 's Gravelandseweg,51.932091958,4.401924037,6,2,9999
2026-04-30T20:46:04.471487,a3dbb322-8121-11ed-b1e6-fa4fb8e2990b,RK Metrostation Rijnhaven ,51.902216981,4.49610172,15,5,9999
2026-04-30T20:46:04.471487,cf23b50e-9ad0-11f0-ab44-baed9603afbb,BH Natuurhistorisch museum,51.911022288,4.472728259,12,0,9999
2026-04-30T20:46:04.471487,d55243f6-182b-11ef-a8d1-42f0fecaeb6a,BH Siciliëboulevard ,51.97996654,4.580859756,10,1,9999
2026-04-30T20:46:04.471487,e0f7ef36-a5b4-11f0-ab44-baed9603afbb,Havenstraat einde (digitale testhub),51.900396883,4.398614319,12,1,9999
2026-04-30T20:46:04.471487,05d1d708-eabd-11ef-88c2-aa7241d1fb4f,HUB De Thermen ,51.927426752,4.380236246,8,2,9999
2026-04-30T20:46:04.471487,b3381a7a-2036-11f0-ab1d-9ae3af3bf913,BH Oudedijk / de Nieuwe Plantage,51.929149075,4.505248613,8,3,9999
2026-04-30T20:46:04.471487,8b480576-eabc-11ee-a9f0-82366b51b915,BH Schiedamseweg Beneden,51.914135146,4.422297364,5,6,9999
2026-04-30T20:46:04.471487,89a2f1d2-a5b3-11f0-ab44-baed9603afbb,Metrostation Vijfsluizen,51.908108215,4.37254105,8,2,9999
2026-04-30T20:46:04.471487,e50f3d1e-f069-11ef-9ed7-0ea3ed1ae564,HUB Oranjestraat - Lange Nieuwstraat,51.913368472,4.40030457,5,1,9999
2026-04-30T20:46:04.471487,4c1b19a4-d0a1-11ee-8b0e-065810cc8d78,BH Elandstraat,51.910800072,4.553878993,10,4,9999
2026-04-30T20:46:04.471487,bbbba24e-806e-11ed-b1e6-fa4fb8e2990b,RK P+R Noorderhelling,51.894761016,4.532122707,15,2,9999
2026-04-30T20:46:04.471487,3ac0b682-8129-11ed-b1e6-fa4fb8e2990b,RK Cor Kieboomplein,51.896922039,4.523502821,15,2,9999
2026-04-30T20:46:04.471487,5a3ffbf4-37b1-11ef-a21a-8e54a72a50da,HUB Metrostation Nieuwland / Van Limburg Stirumstraat,51.922446663,4.38308784,6,8,0
2026-04-30T20:46:04.471487,5d8d12a2-a5b4-11f0-ab44-baed9603afbb,Van Heekstraat,51.931167557,4.406024405,4,1,9999
2026-04-30T20:46:04.471487,f251d6e8-0b82-11ef-b58d-569a23b994be,BH Metrostation Graskruid ,51.956473743,4.550010233,8,0,9999
2026-04-30T20:46:04.471487,a4d2ea7c-b2f0-11ef-aa57-62870c7808bb,BH 2e Hogenbanweg,51.936951327,4.427707182,8,3,9999
2026-04-30T20:46:04.471487,75ba0d1a-2037-11f0-ab1d-9ae3af3bf913,BH Stadhoudersweg,51.931417737,4.461484988,10,10,9999
2026-04-30T20:46:04.471487,bc6b0d7e-a745-11ef-8778-d2279db84567,BH Goudsewagenstraat,51.923224462,4.493552746,8,18,9999
2026-04-30T20:46:04.471487,0f37eafc-8912-11ee-bb01-c602c1905375,BH Metro Oostplein,51.922677789,4.497608825,10,8,9999
2026-04-30T20:46:04.471487,aed7c2fa-8123-11ed-b1e6-fa4fb8e2990b,RK Groene Hilledijk/Beijerlandselaan,51.893806789,4.509452258,10,3,9999
2026-04-30T20:46:04.471487,c76f0318-bb92-11ef-a02d-6ea8ed91bd56,BH NS Centraal Station (Stationssingel),51.925399994,4.466148375,10,10,9999
2026-04-30T20:46:04.471487,361a368c-a5b4-11f0-ab44-baed9603afbb,Sportpark Haga (Epke Zonderlandstraat),51.921919868,4.370918199,8,3,9999
2026-04-30T20:46:04.471487,f4c0fe5e-02d6-11ef-b58d-569a23b994be,BH Paulus Potterstraat,51.9228414,4.508497696,10,2,9999
2026-04-30T20:46:04.471487,48cbf66e-9f15-11ee-a91e-ee69b7c7763e,BH Franselaan,51.917379138,4.420463507,10,3,9999
2026-04-30T20:46:04.471487,e9735b4e-7da7-11f0-ab44-baed9603afbb,BH Veldkersweg,51.966835673,4.46657292,8,2,9999
2026-04-30T20:46:04.471487,4b1ac684-bb93-11ef-a02d-6ea8ed91bd56,BH Noorderkanaalweg,51.940525593,4.472984586,9,4,9999
2026-04-30T20:46:04.471487,033a9392-3700-11f0-ab1d-9ae3af3bf913,BH Herman Bavinckstraat,51.915067882,4.521446921,10,3,9999
2026-04-30T20:46:04.471487,ffe8c3e8-a8da-11ef-8778-d2279db84567,BH Mathenesserplein,51.917836602,4.44508891,8,6,9999
2026-04-30T20:46:04.471487,e377069a-ff63-11ef-a79f-a65a77daff90,BH Kralingsebos Bosdreef/Pr. Beatrixlaan,51.93789612,4.501689644,8,2,9999
2026-04-30T20:46:04.471487,7af95f9c-a747-11ef-8778-d2279db84567,BH Kruisplein,51.92228569,4.47138789,6,13,9999
2026-04-30T20:46:04.471487,4c50cb7a-bdb6-11ed-b1e6-fa4fb8e2990b,RK Olympiaweg,51.886462746,4.529133302,10,3,9999
2026-04-30T20:46:04.471487,a694ef4e-36e5-11f0-ab1d-9ae3af3bf913,BH Neushoornstraat,51.913041554,4.553743002,6,3,0
2026-04-30T20:46:04.471487,be56ca62-8120-11ed-b1e6-fa4fb8e2990b,RK P+R Beverwaard,51.885771514,4.568986239,10,1,9999
2026-04-30T20:46:04.471487,d5af3bc4-806a-11ed-b1e6-fa4fb8e2990b,BH Kievitslaan,51.907226862,4.473300159,17,3,9999
2026-04-30T20:46:04.471487,dd006abc-a5b3-11f0-ab44-baed9603afbb,Havenstraat,51.903204365,4.398004897,8,0,9999
2026-04-30T20:46:04.471487,6f09af84-eabe-11ee-a9f0-82366b51b915,BH Delftseplein ,51.925206514,4.474011701,14,14,9999
2026-04-30T20:46:04.471487,1cfb89ec-806b-11ed-b1e6-fa4fb8e2990b,BH Westplein,51.908912961,4.478583441,10,10,9999
2026-04-30T20:46:04.471487,12fc10a4-bb94-11ef-a02d-6ea8ed91bd56,BH Noordplein,51.930251975,4.483699175,10,1,9999
2026-04-30T20:46:04.471487,276e8d26-bda0-11ed-b1e6-fa4fb8e2990b,RK Strevelsweg,51.889634937,4.495943368,15,0,9999
2026-04-30T20:46:04.471487,9e066470-2038-11f0-ab1d-9ae3af3bf913,BH Kralinger Esch,51.911179823,4.524762065,9,15,9999
2026-04-30T20:46:04.471487,9b1f0aaa-8125-11ed-b1e6-fa4fb8e2990b,RK Slaghekstraat - Beijerlandselaan,51.897574833,4.511261604,10,0,9999
2026-04-30T20:46:04.471487,b8c81048-2037-11f0-ab1d-9ae3af3bf913,BH Van Maanenstraat,51.932279316,4.464280453,6,6,9999
2026-04-30T20:46:04.471487,1f4ff66c-bdb8-11ed-b1e6-fa4fb8e2990b,RK Van der Takstraat ,51.914243737,4.496045621,10,3,9999
2026-04-30T20:46:04.471487,3b523cee-5c94-11f0-ab1d-9ae3af3bf913,BH - Wilhelminapier,51.90698281,4.489727426,14,5,9999
2026-04-30T20:46:04.471487,e8d292d2-039a-11ef-b58d-569a23b994be,BH Mia van Yperenplein ,51.928414546,4.545678043,10,6,9999
2026-04-30T20:46:04.471487,12daf18a-8068-11ed-b1e6-fa4fb8e2990b,BH Treinst. Lombardijen (Aesopusplaats),51.880478018,4.530040287,10,2,9999
2026-04-30T20:46:04.471487,558e4a5a-eaba-11ee-a9f0-82366b51b915,BH Blijdorplaan ,51.927389289,4.440437692,22,6,9999
2026-04-30T20:46:04.471487,5a8de282-36ee-11f0-ab1d-9ae3af3bf913,BH van Blommesteynweg,51.888148155,4.460842726,10,0,9999
2026-04-30T20:46:04.471487,078569ee-a5b5-11f0-ab44-baed9603afbb,Nieuwe Waterwegstraat (digitale testhub),51.900682979,4.390873601,12,0,9999
2026-04-30T20:46:04.471487,8e5dd27e-06fd-11ef-b58d-569a23b994be,BH Prins Alexanderplein,51.951040272,4.553684972,14,0,9999
2026-04-30T20:46:04.471487,a6843864-fbc4-11ee-b58d-569a23b994be,Trompenburg 1,51.917696349,4.517981647,10,3,5
2026-04-30T20:46:04.471487,5b583480-a8da-11ef-8778-d2279db84567,BH Duyststraat,51.910073429,4.452225738,8,5,9999
2026-04-30T20:46:04.471487,2510e9ba-a5b6-11f0-847a-baed9603afbb,Hub Kloosterplaats,51.91675013,4.402112308,6,17,9999
2026-04-30T20:46:04.471487,880e3e72-a8dd-11ef-8778-d2279db84567,BH Spaansebocht,51.917413667,4.430014126,9,2,9999
2026-04-30T20:46:04.471487,b5b3324a-edb9-11ee-a9f0-82366b51b915,BH Siondwarsstraat,51.925261494,4.51053174,10,4,9999
2026-04-30T20:46:04.471487,94b01d94-edc6-11ee-a9f0-82366b51b915,BH Schuttersveld,51.933248028,4.490978921,10,3,9999
2026-04-30T20:46:04.471487,69b33170-edbd-11ee-a9f0-82366b51b915,BH Metro Oostplein 2,51.923145722,4.496820843,10,8,9999
2026-04-30T20:46:04.471487,67d6af9a-f068-11ef-ba40-0ea3ed1ae564,HUB Hof van Spaland - Schiedamseweg,51.934898803,4.378145906,12,3,9999
2026-04-30T20:46:04.471487,f4d561c2-1e0f-11f1-bada-da123385441b,BH PR Slinge 2,51.87374414,4.477026543,10,0,10
2026-04-30T20:46:04.471487,4933dd54-9e7c-11ee-a91e-ee69b7c7763e,BH Willem Ruyslaan (Luzac College),51.925421889,4.508669446,10,4,9999
2026-04-30T20:46:04.471487,9f935b6c-b095-11ef-b6d3-56d88772ab1a,BH Bergpolderplein,51.945227242,4.474988047,8,5,9999
2026-04-30T20:46:04.471487,8a2d056c-bb93-11ef-a02d-6ea8ed91bd56,BH NS Station Noord (Bergweg),51.941530048,4.481339526,10,1,8
2026-04-30T20:46:04.471487,4d95ab34-8122-11ed-b1e6-fa4fb8e2990b,RK Metrostation Maashaven ,51.896573582,4.494245173,30,6,9999
2026-04-30T20:46:04.471487,3d015ff0-8394-11ee-bb01-c602c1905375,BH Metrostation Oosterflank,51.945209326,4.555045447,10,0,9999
2026-04-30T20:46:04.471487,defeb050-a747-11ef-8778-d2279db84567,BH Karel Doormanstraat,51.922789549,4.473609692,9,10,9999
2026-04-30T20:46:04.471487,b5dc5454-890f-11ee-bb01-c602c1905375,BH Schilderstraat,51.916377397,4.48142868,8,0,9999
2026-04-30T20:46:04.471487,2f12ae3e-806c-11ed-b1e6-fa4fb8e2990b,BH Winkelcentrum Keizerswaard-Herenw,51.886358391,4.549308056,15,13,9999
2026-04-30T20:46:04.471487,3b6d73a8-805d-11ed-b1e6-fa4fb8e2990b,BH Metrostation Melanchtonweg,51.94881199,4.465233746,10,0,9999
2026-04-30T20:46:04.471487,d5832958-891a-11ee-bb01-c602c1905375,BH Metro Zuidplein (nieuw),51.887180341,4.491554668,10,5,9999
2026-04-30T20:46:04.471487,a535094e-b162-11ef-bdcd-5adc5d29ed54,BH Eudokiaplein,51.932433484,4.47153255,9,4,9999
2026-04-30T20:46:04.471487,437f8dc8-bd9e-11ed-b1e6-fa4fb8e2990b,RK Hillevliet,51.89558515,4.506432514,10,6,9999
2026-04-30T20:46:04.471487,f10d8ab4-9997-11ee-a91e-ee69b7c7763e,BH Shell Hofplein,51.925705456,4.477781355,28,4,9999
2026-04-30T20:46:04.471487,94467720-8127-11ed-b1e6-fa4fb8e2990b,RK Persoonsdam,51.909309099,4.508017165,10,6,9999
2026-04-30T20:46:04.471487,9245444a-2023-11f0-ab1d-9ae3af3bf913,BH Witte de Withstraat,51.915906523,4.478080905,10,3,9999
2026-04-30T20:46:04.471487,49d59348-ff64-11ef-b515-a65a77daff90,BH Bergweg (Dirk van den Broek),51.93856254,4.479465675,6,4,9999
2026-04-30T20:46:04.471487,30fb96bc-8124-11ed-b1e6-fa4fb8e2990b,RK Beverwaardseweg/ Borgharensingel,51.898798338,4.564663375,10,1,9999
2026-04-30T20:46:04.471487,9a1fb404-8ab3-11ee-bb01-c602c1905375,BH Langenhorst ,51.874120882,4.494254863,10,2,9999
2026-04-30T20:46:04.471487,abe67bfa-b096-11ef-b6d3-56d88772ab1a,BH Wilgenplaslaan/ Donkersingel,51.951337599,4.47048253,10,2,9999
2026-04-30T20:46:04.471487,068b0f9c-a8dd-11ef-8778-d2279db84567,BH Vierhavenstraat (Sahan),51.908502395,4.437727106,4,0,9999
2026-04-30T20:46:04.471487,bc0e7e9c-a8da-11ef-8778-d2279db84567,BH Jan van Vuchtstraat,51.917045317,4.460830874,6,3,9999
2026-04-30T20:46:04.471487,8b721818-a5b2-11f0-ab44-baed9603afbb,Lekstraat,51.90446958,4.406985264,6,2,9999
2026-04-30T20:46:04.471487,ad212572-06f7-11ef-b58d-569a23b994be,BH Molenlaan/Grindweg,51.963224537,4.49571068,10,0,9999
2026-04-30T20:46:04.471487,f8828c3e-806d-11ed-b1e6-fa4fb8e2990b,RK Station Rdam Zuid,51.905545015,4.509568537,15,3,9999
2026-04-30T20:46:04.471487,5f71799e-806b-11ed-b1e6-fa4fb8e2990b,BH Willemsplein,51.911118908,4.481894771,17,7,9999
2026-04-30T20:46:04.471487,42824336-bd97-11ed-b1e6-fa4fb8e2990b,RK Groene Hilledijk,51.882726433,4.504266667,10,0,9999
2026-04-30T20:46:04.471487,db6932f4-182b-11ef-a8d1-42f0fecaeb6a,BH Metrostation Nesselande,51.978969273,4.586177782,10,0,9999
2026-04-30T20:46:04.471487,e26322b0-2025-11f0-ab1d-9ae3af3bf913,BH Brielselaan,51.896298935,4.489248091,4,0,9999
2026-04-30T20:46:04.471487,c862b7f2-06fb-11ef-b58d-569a23b994be,BH Prins Alexanderlaan (metrobaan zijde),51.952192324,4.551435621,10,3,9999
2026-04-30T20:46:04.471487,c53689c2-8124-11ed-b1e6-fa4fb8e2990b,RK Peellandstraat / Beesdestraat ,51.888535309,4.567291893,10,5,9999
2026-04-30T20:46:04.471487,8f5d35a0-1834-11ef-8071-42f0fecaeb6a,BH Jan Bijloostraat (Winkelcentrum Lage Land),51.941821995,4.546449269,9,1,9999
2026-04-30T20:46:04.471487,f8fcd3a4-983a-11ef-a85a-be896af2d3a5,BH Rhijnauwensingel,51.892161199,4.569620613,12,1,9999
2026-04-30T20:46:04.471487,118239d4-a5b2-11f0-ab44-baed9603afbb,Lorentzlaan (bushalte),51.917994492,4.415061192,4,3,9999
2026-04-30T20:46:04.471487,0c107276-bdb7-11ed-b1e6-fa4fb8e2990b,RK Sandelingenplein,51.889562128,4.506962326,10,4,9999
2026-04-30T20:46:04.471487,75b8bea6-81d8-11ed-b1e6-fa4fb8e2990b,RK Metrostation Maashaven (Putselaan),51.897794241,4.495760713,10,5,9999
2026-04-30T20:46:04.471487,a20bbbae-bdae-11ed-b1e6-fa4fb8e2990b,RK Frankendaal,51.886951976,4.521294152,10,0,9999
2026-04-30T20:46:04.471487,bc839806-a5b1-11f0-ab44-baed9603afbb,Van het Hoffplein (Boerhavelaan),51.916219132,4.412005574,8,3,9999
2026-04-30T20:46:04.471487,2c632780-a8de-11ef-8778-d2279db84567,BH Schuttevaerweg,51.922420472,4.434869706,10,0,9999
2026-04-30T20:46:04.471487,b9bfe680-fbc4-11ee-b58d-569a23b994be,Trompenburg 2,51.917638379,4.518889893,10,0,10
2026-04-30T20:46:04.471487,e0a4baca-a748-11ef-8778-d2279db84567,BH Mariniersweg,51.920853425,4.490979502,10,13,9999
2026-04-30T20:46:04.471487,2c4ff78a-2783-11f1-a5ae-0225521a85c1,BH PR Slinge 2,51.87374414,4.477026543,10,0,10
2026-04-30T20:46:04.471487,f1df385c-f5b2-11ef-81b3-76e5c571f05f,HUB Admiraal de Ruyterstraat,51.906742474,4.38554997,8,0,9999
2026-04-30T20:46:04.471487,4247dd56-1c9f-11ee-8219-8ed3b2364c4f,BH Metro Coolhaven,51.909218289,4.458167882,10,3,9999
2026-04-30T20:46:04.471487,65af1c24-06f4-11ef-b58d-569a23b994be,BH Meerum Terwogtlaan,51.951763386,4.524587387,10,0,9999
2026-04-30T20:46:04.471487,a3c07f10-a5b5-11f0-b05b-baed9603afbb,HUB Hoofdbrug,51.908705902,4.406131267,8,8,9999
2026-04-30T20:46:04.471487,3c659862-a8dd-11ef-8778-d2279db84567,BH Mayflowerstraat,51.905015647,4.440161906,10,5,9999
2026-04-30T20:46:04.471487,c35c448e-06fc-11ef-b58d-569a23b994be,BH Jacob van Campenweg ,51.942434165,4.537976212,7,4,9999
