fetch_timestamp,stop_id,name,lat,lon,bike_capacity,bikes_available,spaces_available
2026-03-12T02:50:18.015006,65af1c24-06f4-11ef-b58d-569a23b994be,BH Meerum Terwogtlaan,51.951763386,4.524587387,10,2,9999
2026-03-12T02:50:18.015006,bc839806-a5b1-11f0-ab44-baed9603afbb,Van het Hoffplein (Boerhavelaan),51.916219132,4.412005574,8,3,9999
2026-03-12T02:50:18.015006,2c632780-a8de-11ef-8778-d2279db84567,BH Schuttevaerweg,51.922420472,4.434869706,10,0,9999
2026-03-12T02:50:18.015006,a3c07f10-a5b5-11f0-b05b-baed9603afbb,HUB Hoofdbrug,51.908705902,4.406131267,8,1,9999
2026-03-12T02:50:18.015006,b9bfe680-fbc4-11ee-b58d-569a23b994be,Trompenburg 2,51.917638379,4.518889893,10,0,10
2026-03-12T02:50:18.015006,3c659862-a8dd-11ef-8778-d2279db84567,BH Mayflowerstraat,51.905015647,4.440161906,10,8,9999
2026-03-12T02:50:18.015006,e0a4baca-a748-11ef-8778-d2279db84567,BH Mariniersweg,51.920853425,4.490979502,10,4,9999
2026-03-12T02:50:18.015006,c35c448e-06fc-11ef-b58d-569a23b994be,BH Jacob van Campenweg ,51.942434165,4.537976212,7,10,9999
2026-03-12T02:50:18.015006,438486f4-a5b6-11f0-a150-baed9603afbb,HUB Koemarkt ingang garage,51.914517902,4.401917461,6,3,9999
2026-03-12T02:50:18.015006,365f4a3e-a5b3-11f0-ab44-baed9603afbb,Rubensplein,51.911712719,4.383665134,6,1,9999
2026-03-12T02:50:18.015006,a85b996e-fe23-11ee-b58d-569a23b994be,BH Dirk van der Kooijweg (Waterleliesingel),51.953796964,4.52009166,10,1,9999
2026-03-12T02:50:18.015006,19e2de56-b5d8-11ee-9ae6-5263e3f30f1e,BH STC Waalhaven,51.878297275,4.448759787,10,1,9999
2026-03-12T02:50:18.015006,c6c213ee-ed18-11ef-9957-f683e5eb607c,BH Langenhorst (Binkhorst),51.877310029,4.494737503,10,3,9999
2026-03-12T02:50:18.015006,3366f8b0-a8dc-11ef-8778-d2279db84567,BH Vierhavenstraat (WoonEnzo),51.907777562,4.438830385,4,7,9999
2026-03-12T02:50:18.015006,04a89aea-a5b3-11f0-ab44-baed9603afbb,Groenelaan Hagastraat (Winkelcentrum),51.907303396,4.402285408,4,1,9999
2026-03-12T02:50:18.015006,32638aa6-a5b5-11f0-9f09-baed9603afbb,HUB Laan van Bol'es,51.928443203,4.370771711,10,2,9999
2026-03-12T02:50:18.015006,291c2f72-a749-11ef-8778-d2279db84567,BH Westzeedijk,51.909321622,4.471436479,10,1,9999
2026-03-12T02:50:18.015006,abd627be-67bb-11f0-91de-5eaa9feacc9b,BH Schiekade (Heer Bokelweg),51.927133058,4.476309832,10,1,9999
2026-03-12T02:50:18.015006,8948d5a4-b094-11ef-b6d3-56d88772ab1a,BH Duivenpad,51.964922912,4.498254116,8,4,9999
2026-03-12T02:50:18.015006,227e8c1e-be97-11ee-9ae6-5263e3f30f1e,HUB Metrostation Troelstralaan,51.915742295,4.384972326,10,0,9999
2026-03-12T02:50:18.015006,0af509a8-06f7-11ef-b58d-569a23b994be,BH Beethovensingel,51.96114919,4.505141448,10,16,9999
2026-03-12T02:50:18.015006,dc06f296-1768-11ef-8071-42f0fecaeb6a,BH Prins Alexanderlaan (Oosterflank),51.946646256,4.553811478,12,1,9999
2026-03-12T02:50:18.015006,221af3ce-7fe1-11ee-bb01-c602c1905375,BH Metro Prinsenlaan,51.940647564,4.556931306,10,2,9999
2026-03-12T02:50:18.015006,a793d6ba-edc8-11ee-a9f0-82366b51b915,BH Infirmeriestraat,51.922255603,4.502265891,10,9,9999
2026-03-12T02:50:18.015006,0359e1a2-bdb3-11ed-b1e6-fa4fb8e2990b,RK Rosestraat 11C,51.902954022,4.511377745,10,9,9999
2026-03-12T02:50:18.015006,87f07e20-9e78-11ee-a91e-ee69b7c7763e,BH Marconistraat (Lee Towers),51.912441021,4.430411189,14,1,9999
2026-03-12T02:50:18.015006,f539bd6e-06f8-11ef-b58d-569a23b994be,BH Meijersplein,51.955657978,4.463033845,8,1,9999
2026-03-12T02:50:18.015006,70f0801a-8071-11ed-b1e6-fa4fb8e2990b,RK treinstation Lombardijen,51.88057913,4.531905572,30,4,9999
2026-03-12T02:50:18.015006,43752ffc-a8db-11ef-8778-d2279db84567,BH Pieter de Hoochweg,51.906316301,4.459985731,6,11,9999
2026-03-12T02:50:18.015006,b35ddad8-ab08-11ef-8778-d2279db84567,HUB Rotterdamsedijk 272,51.914957692,4.40343084,8,1,9999
2026-03-12T02:50:18.015006,9b1fa0f6-ae3c-11ee-a91e-ee69b7c7763e,BH Winkelhart Plein 1953,51.874842065,4.467889739,10,5,9999
2026-03-12T02:50:18.015006,8bd90878-0884-11f0-9a47-66143dd92f22,RK Molenvliet,51.882626536,4.521159806,10,5,9999
2026-03-12T02:50:18.015006,45450b66-a5b2-11f0-ab44-baed9603afbb,Maasdijk (Gustoweg),51.906629018,4.412009895,6,2,9999
2026-03-12T02:50:18.015006,4de2effe-f068-11ef-ba40-0ea3ed1ae564,HUB Hof van Spaland - Vlaardingseweg,51.935841728,4.376077923,4,0,9999
2026-03-12T02:50:18.015006,d38c6468-06fe-11ef-b58d-569a23b994be,BH Kleine Beer,51.950902127,4.555051083,6,1,9999
2026-03-12T02:50:18.015006,e552904e-182b-11ef-a8d1-42f0fecaeb6a,BH Metrostation Hesseplaats,51.963345229,4.554510684,10,4,9999
2026-03-12T02:50:18.015006,1826196c-b162-11ef-bdcd-5adc5d29ed54,BH Bentincklaan (Diergaarde Blijdorp),51.92572504,4.454794024,10,7,9999
2026-03-12T02:50:18.015006,8a1e5ed0-1c9e-11ee-8219-8ed3b2364c4f,BH Sparta stadion,51.920151368,4.434428835,20,17,9999
2026-03-12T02:50:18.015006,d3c9003c-b486-11ee-9ae6-5263e3f30f1e,BH Oostzeedijk Beneden,51.922514244,4.503092963,10,8,9999
2026-03-12T02:50:18.015006,552a82b8-b094-11ef-b6d3-56d88772ab1a,BH Hockeyclub Rotterdam,51.96869974,4.484731647,25,3,9999
2026-03-12T02:50:18.015006,cb3f6d1c-a746-11ef-8778-d2279db84567,BH Vasteland (AH),51.911537089,4.478368712,10,10,9999
2026-03-12T02:50:18.015006,d4a8557a-eabd-11ef-ac99-aa7241d1fb4f,HUB Admiraal Trompstraat (Huisman),51.908834504,4.381923039,8,0,9999
2026-03-12T02:50:18.015006,00e8b3de-9e82-11ee-a91e-ee69b7c7763e,BH Jacques Dutilhweg,51.927993284,4.5475155,10,7,9999
2026-03-12T02:50:18.015006,d868fe52-36e5-11f0-ab1d-9ae3af3bf913,BH Sluisjesdijk,51.894714517,4.461900478,10,3,0
2026-03-12T02:50:18.015006,4338fed2-edbb-11ee-a9f0-82366b51b915,BH Oostzeedijk Beneden 2,51.921653595,4.507031037,10,14,9999
2026-03-12T02:50:18.015006,2c82bb9a-217b-11ee-8219-8ed3b2364c4f,Hub Weena,51.922738296,4.469181329,142,6,9999
2026-03-12T02:50:18.015006,96f5cbdc-06f6-11ef-b58d-569a23b994be,BH Argonautenweg,51.959086712,4.49354982,10,0,9999
2026-03-12T02:50:18.015006,2f51713e-32b7-11ee-8219-8ed3b2364c4f,Hub P+R Capelsebrug,51.920991793,4.559215491,18,3,9999
2026-03-12T02:50:18.015006,62b0255a-9e7a-11ee-a91e-ee69b7c7763e,BH Vierhavenstraat,51.910327597,4.434992993,16,9,9999
2026-03-12T02:50:18.015006,2b10524e-06f5-11ef-b58d-569a23b994be,BH Piet van der Polsingel,51.950618784,4.518612648,8,4,9999
2026-03-12T02:50:18.015006,47070056-06fa-11ef-b58d-569a23b994be,BH Metrostation Schenkel,51.931770435,4.56406792,12,2,9999
2026-03-12T02:50:18.015006,7a8c12ba-91ab-11ed-b1e6-fa4fb8e2990b,BH Metrostation Slinge,51.874526023,4.477872534,15,1,9999
2026-03-12T02:50:18.015006,026045c6-8530-11ee-bb01-c602c1905375,BH Winkelhart Katendrechtse Lagedijk,51.891184937,4.479440034,10,2,9999
2026-03-12T02:50:18.015006,9d9bb8ec-4bd1-11ee-bb01-c602c1905375,BH Marconiplein,51.913319277,4.432514448,10,2,9999
2026-03-12T02:50:18.015006,8330f3ca-a5b4-11f0-ab44-baed9603afbb,Fokkerstraat Plesmanstraat,51.929694009,4.399576614,4,1,9999
2026-03-12T02:50:18.015006,5b842034-5331-11f0-ab1d-9ae3af3bf913,BH Walenburgerweg,51.926698659,4.462629155,10,8,9999
2026-03-12T02:50:18.015006,a08059b6-b484-11ee-9ae6-5263e3f30f1e,BH Metrostation Gerdesiaweg,51.925444134,4.506155972,10,2,9999
2026-03-12T02:50:18.015006,2f718c84-8911-11ee-bb01-c602c1905375,BH Metro Dijkzigt - EMC,51.911789199,4.466334846,20,7,9999
2026-03-12T02:50:18.015006,f58e41fc-1c9f-11ee-8219-8ed3b2364c4f,BH Heemraadsplein,51.912322959,4.455058085,10,2,9999
2026-03-12T02:50:18.015006,79fdd038-34b8-11f0-ab1d-9ae3af3bf913,BH RTHA Airport,51.94924845,4.432611987,10,5,0
2026-03-12T02:50:18.015006,1c41897e-596e-11ef-bed6-aa139991deb4,HUB Metrostation Nieuwland / Bijdorpplein,51.922583819,4.38260008,10,0,9999
2026-03-12T02:50:18.015006,a57d027c-8912-11ee-bb01-c602c1905375,BH Delftse Poort,51.924408145,4.472816464,10,0,9999
2026-03-12T02:50:18.015006,6383849a-2038-11f0-ab1d-9ae3af3bf913,BH - Kralingsebos (Langepad),51.936318565,4.506197017,10,0,9999
2026-03-12T02:50:18.015006,e90e9332-06f5-11ef-b58d-569a23b994be,BH Burgemeester Le Fèvre de Montignylaan,51.957620055,4.501711782,10,0,9999
2026-03-12T02:50:18.015006,5cb3ffde-bdaf-11ed-b1e6-fa4fb8e2990b,RK Stadionlaan,51.892328813,4.530682857,10,4,9999
2026-03-12T02:50:18.015006,02bed1f8-8392-11ee-bb01-c602c1905375,BH Station Alexander,51.951735827,4.551049232,10,1,9999
2026-03-12T02:50:18.015006,08d5cf66-8ab2-11ee-bb01-c602c1905375,BH Winkelhart Asterlo,51.873536387,4.483591736,10,1,9999
2026-03-12T02:50:18.015006,0e51e024-c757-11ee-9ae6-5263e3f30f1e,BH Metrostation Binnenhof,51.960437867,4.535372966,10,5,9999
2026-03-12T02:50:18.015006,409f87f6-890f-11ee-bb01-c602c1905375,BH Metro Beurs,51.917806013,4.480107053,8,2,9999
2026-03-12T02:50:18.015006,d6a7cd26-4d08-11f0-ab1d-9ae3af3bf913,BH - Oudehoofdplein-Haringvliet,51.918979475,4.49384405,10,5,9999
2026-03-12T02:50:18.015006,f0ad9b92-1767-11ef-8071-42f0fecaeb6a,BH Prinsenlaan,51.937206457,4.536127586,10,0,9999
2026-03-12T02:50:18.015006,f06fd44c-2035-11f0-ab1d-9ae3af3bf913,BH Boezemlaan,51.938982631,4.495864471,10,5,9999
2026-03-12T02:50:18.015006,8d91a90c-9e83-11ee-a91e-ee69b7c7763e,BH Kraaierstraat,51.91909698,4.418192898,8,8,9999
2026-03-12T02:50:18.015006,a2671a36-bdad-11ed-b1e6-fa4fb8e2990b,RK Dwarsdijk,51.893055987,4.539201504,10,10,9999
2026-03-12T02:50:18.015006,376a5cda-06f8-11ef-b58d-569a23b994be,BH Ganzerikplein,51.958953276,4.471584016,10,3,9999
2026-03-12T02:50:18.015006,5cdd9872-b096-11ef-b6d3-56d88772ab1a,BH Wilgenplaslaan/ Meidoornsingel,51.953868042,4.468211582,7,2,9999
2026-03-12T02:50:18.015006,952a3e78-a8db-11ef-8778-d2279db84567,BH Lloydstraat,51.902214281,4.461287644,10,7,9999
2026-03-12T02:50:18.015006,a6fa0910-8067-11ed-b1e6-fa4fb8e2990b,BH Stadion Fey (Bert Heesakkerstr.),51.896805818,4.521735582,50,3,9999
2026-03-12T02:50:18.015006,a1337d02-e018-11ed-a249-96cdaf8f7240,BH Sint Franciscus,51.942171146,4.460534407,25,2,9999
2026-03-12T02:50:18.015006,d3cea108-8285-11f0-ab44-baed9603afbb,BH - Ratelaarweg,51.967431611,4.463349689,10,2,9999
2026-03-12T02:50:18.015006,3bef7002-bdb5-11ed-b1e6-fa4fb8e2990b,RK Breeweg,51.890630632,4.514261169,10,3,9999
2026-03-12T02:50:18.015006,8c90734c-45bb-11ee-8219-8ed3b2364c4f,BH Coen Moulijnweg,51.893813253,4.526876329,42,2,9999
2026-03-12T02:50:18.015006,1b098490-2037-11f0-ab1d-9ae3af3bf913,BH Karmelweg,51.933461291,4.5029394,8,1,9999
2026-03-12T02:50:18.015006,23348a06-bdb1-11ed-b1e6-fa4fb8e2990b,RK Guido Gezelleweg,51.87434607,4.523238145,10,5,9999
2026-03-12T02:50:18.015006,66824038-37b2-11ef-a21a-8e54a72a50da,HUB Metrostation Parkweg / Zuidzijde,51.921443238,4.39475836,10,1,9
2026-03-12T02:50:18.015006,2c127298-ff25-11ef-a79f-a65a77daff90,BH Aert van Nesstraat,51.921141166,4.478916173,8,2,9999
2026-03-12T02:50:18.015006,cde445c6-a744-11ef-8778-d2279db84567,BH Groenendaal,51.921685178,4.492944049,6,5,9999
2026-03-12T02:50:18.015006,97c6a1c2-a8da-11ef-8778-d2279db84567,BH Henegouwerplein,51.921807589,4.460561523,10,5,9999
2026-03-12T02:50:18.015006,e68d5642-a5b5-11f0-b6c1-baed9603afbb,HUB NS Station Schiedam Centrum/ Professor Kamerlingh Onneslaan,51.92071744,4.408262487,12,5,9999
2026-03-12T02:50:18.015006,82623a40-bda3-11ed-b1e6-fa4fb8e2990b,RK Rosestraat,51.91100607,4.501308573,10,4,9999
2026-03-12T02:50:18.015006,b7353df6-b485-11ee-9ae6-5263e3f30f1e,BH Metrostation Kralingsezoom (Gravenweg),51.921751706,4.533850265,10,7,9999
2026-03-12T02:50:18.015006,6c34980a-bb92-11ef-a02d-6ea8ed91bd56,BH Gordelweg (Lidl),51.940472428,4.479798999,4,2,9999
2026-03-12T02:50:18.015006,5904bd1a-a5b5-11f0-b05b-baed9603afbb,HUB Hof van Spaland - Bachplein,51.934889388,4.374726808,8,2,9999
2026-03-12T02:50:18.015006,32ca5fd0-8126-11ed-b1e6-fa4fb8e2990b,RK Vuurplaat,51.906526668,4.505838102,10,1,9999
2026-03-12T02:50:18.015006,f94a1ff6-b095-11ef-b6d3-56d88772ab1a,BH Bm Le Fèvre de Montignylaan/ Jeroen Boschlaan,51.955641943,4.505982462,6,0,9999
2026-03-12T02:50:18.015006,4228b402-8537-11ee-bb01-c602c1905375,BH Tongelaarweg,51.895280064,4.563514996,10,2,9999
2026-03-12T02:50:18.015006,6f66a60c-36e5-11f0-ab1d-9ae3af3bf913,BH Lloydpier,51.904487669,4.460458303,8,6,0
2026-03-12T02:50:18.015006,7d81b63e-a5b5-11f0-b05b-baed9603afbb,HUB 's Gravelandseweg,51.932091958,4.401924037,6,1,9999
2026-03-12T02:50:18.015006,a3dbb322-8121-11ed-b1e6-fa4fb8e2990b,RK Metrostation Rijnhaven ,51.902216981,4.49610172,15,7,9999
2026-03-12T02:50:18.015006,cf23b50e-9ad0-11f0-ab44-baed9603afbb,BH Natuurhistorisch museum,51.911022288,4.472728259,12,1,9999
2026-03-12T02:50:18.015006,d55243f6-182b-11ef-a8d1-42f0fecaeb6a,BH Siciliëboulevard ,51.97996654,4.580859756,10,1,9999
2026-03-12T02:50:18.015006,e0f7ef36-a5b4-11f0-ab44-baed9603afbb,Havenstraat einde (digitale testhub),51.900396883,4.398614319,12,0,9999
2026-03-12T02:50:18.015006,05d1d708-eabd-11ef-88c2-aa7241d1fb4f,HUB De Thermen ,51.927426752,4.380236246,8,2,9999
2026-03-12T02:50:18.015006,b3381a7a-2036-11f0-ab1d-9ae3af3bf913,BH Oudedijk / de Nieuwe Plantage,51.929149075,4.505248613,8,6,9999
2026-03-12T02:50:18.015006,8b480576-eabc-11ee-a9f0-82366b51b915,BH Schiedamseweg Beneden,51.914135146,4.422297364,5,6,9999
2026-03-12T02:50:18.015006,89a2f1d2-a5b3-11f0-ab44-baed9603afbb,Metrostation Vijfsluizen,51.908108215,4.37254105,8,1,9999
2026-03-12T02:50:18.015006,e50f3d1e-f069-11ef-9ed7-0ea3ed1ae564,HUB Oranjestraat - Lange Nieuwstraat,51.913368472,4.40030457,5,0,9999
2026-03-12T02:50:18.015006,4c1b19a4-d0a1-11ee-8b0e-065810cc8d78,BH Elandstraat,51.910800072,4.553878993,10,5,9999
2026-03-12T02:50:18.015006,bbbba24e-806e-11ed-b1e6-fa4fb8e2990b,RK P+R Noorderhelling,51.894761016,4.532122707,15,0,9999
2026-03-12T02:50:18.015006,3ac0b682-8129-11ed-b1e6-fa4fb8e2990b,RK Cor Kieboomplein,51.896922039,4.523502821,15,1,9999
2026-03-12T02:50:18.015006,5a3ffbf4-37b1-11ef-a21a-8e54a72a50da,HUB Metrostation Nieuwland / Van Limburg Stirumstraat,51.922446663,4.38308784,6,2,3
2026-03-12T02:50:18.015006,5d8d12a2-a5b4-11f0-ab44-baed9603afbb,Van Heekstraat,51.931167557,4.406024405,4,0,9999
2026-03-12T02:50:18.015006,f251d6e8-0b82-11ef-b58d-569a23b994be,BH Metrostation Graskruid ,51.956473743,4.550010233,8,4,9999
2026-03-12T02:50:18.015006,a4d2ea7c-b2f0-11ef-aa57-62870c7808bb,BH 2e Hogenbanweg,51.936951327,4.427707182,8,0,9999
2026-03-12T02:50:18.015006,75ba0d1a-2037-11f0-ab1d-9ae3af3bf913,BH Stadhoudersweg,51.931417737,4.461484988,10,3,9999
2026-03-12T02:50:18.015006,bc6b0d7e-a745-11ef-8778-d2279db84567,BH Goudsewagenstraat,51.923224462,4.493552746,8,7,9999
2026-03-12T02:50:18.015006,0f37eafc-8912-11ee-bb01-c602c1905375,BH Metro Oostplein,51.922677789,4.497608825,10,7,9999
2026-03-12T02:50:18.015006,aed7c2fa-8123-11ed-b1e6-fa4fb8e2990b,RK Groene Hilledijk/Beijerlandselaan,51.893806789,4.509452258,10,5,9999
2026-03-12T02:50:18.015006,c76f0318-bb92-11ef-a02d-6ea8ed91bd56,BH NS Centraal Station (Stationssingel),51.925399994,4.466148375,10,1,9999
2026-03-12T02:50:18.015006,361a368c-a5b4-11f0-ab44-baed9603afbb,Sportpark Haga (Epke Zonderlandstraat),51.921919868,4.370918199,8,3,9999
2026-03-12T02:50:18.015006,f4c0fe5e-02d6-11ef-b58d-569a23b994be,BH Paulus Potterstraat,51.9228414,4.508497696,10,7,9999
2026-03-12T02:50:18.015006,48cbf66e-9f15-11ee-a91e-ee69b7c7763e,BH Franselaan,51.917379138,4.420463507,10,8,9999
2026-03-12T02:50:18.015006,e9735b4e-7da7-11f0-ab44-baed9603afbb,BH Veldkersweg,51.966835673,4.46657292,8,0,9999
2026-03-12T02:50:18.015006,4b1ac684-bb93-11ef-a02d-6ea8ed91bd56,BH Noorderkanaalweg,51.940525593,4.472984586,9,3,9999
2026-03-12T02:50:18.015006,033a9392-3700-11f0-ab1d-9ae3af3bf913,BH Herman Bavinckstraat,51.915067882,4.521446921,10,2,9999
2026-03-12T02:50:18.015006,ffe8c3e8-a8da-11ef-8778-d2279db84567,BH Mathenesserplein,51.917836602,4.44508891,8,7,9999
2026-03-12T02:50:18.015006,e377069a-ff63-11ef-a79f-a65a77daff90,BH Kralingsebos Bosdreef/Pr. Beatrixlaan,51.93789612,4.501689644,8,1,9999
2026-03-12T02:50:18.015006,7af95f9c-a747-11ef-8778-d2279db84567,BH Kruisplein,51.92228569,4.47138789,6,0,9999
2026-03-12T02:50:18.015006,4c50cb7a-bdb6-11ed-b1e6-fa4fb8e2990b,RK Olympiaweg,51.886462746,4.529133302,10,3,9999
2026-03-12T02:50:18.015006,a694ef4e-36e5-11f0-ab1d-9ae3af3bf913,BH Neushoornstraat,51.913041554,4.553743002,6,1,1
2026-03-12T02:50:18.015006,be56ca62-8120-11ed-b1e6-fa4fb8e2990b,RK P+R Beverwaard,51.885771514,4.568986239,10,1,9999
2026-03-12T02:50:18.015006,d5af3bc4-806a-11ed-b1e6-fa4fb8e2990b,BH Kievitslaan,51.907226862,4.473300159,17,1,9999
2026-03-12T02:50:18.015006,dd006abc-a5b3-11f0-ab44-baed9603afbb,Havenstraat,51.903204365,4.398004897,8,0,9999
2026-03-12T02:50:18.015006,6f09af84-eabe-11ee-a9f0-82366b51b915,BH Delftseplein ,51.925206514,4.474011701,14,1,9999
2026-03-12T02:50:18.015006,1cfb89ec-806b-11ed-b1e6-fa4fb8e2990b,BH Westplein,51.908912961,4.478583441,10,5,9999
2026-03-12T02:50:18.015006,12fc10a4-bb94-11ef-a02d-6ea8ed91bd56,BH Noordplein,51.930251975,4.483699175,10,3,9999
2026-03-12T02:50:18.015006,276e8d26-bda0-11ed-b1e6-fa4fb8e2990b,RK Strevelsweg,51.889634937,4.495943368,15,2,9999
2026-03-12T02:50:18.015006,9e066470-2038-11f0-ab1d-9ae3af3bf913,BH Kralinger Esch,51.911179823,4.524762065,9,3,9999
2026-03-12T02:50:18.015006,9b1f0aaa-8125-11ed-b1e6-fa4fb8e2990b,RK Slaghekstraat - Beijerlandselaan,51.897574833,4.511261604,10,3,9999
2026-03-12T02:50:18.015006,b8c81048-2037-11f0-ab1d-9ae3af3bf913,BH Van Maanenstraat,51.932279316,4.464280453,6,7,9999
2026-03-12T02:50:18.015006,1f4ff66c-bdb8-11ed-b1e6-fa4fb8e2990b,RK Van der Takstraat ,51.914243737,4.496045621,10,8,9999
2026-03-12T02:50:18.015006,3b523cee-5c94-11f0-ab1d-9ae3af3bf913,BH - Wilhelminapier,51.90698281,4.489727426,14,2,9999
2026-03-12T02:50:18.015006,e8d292d2-039a-11ef-b58d-569a23b994be,BH Mia van Yperenplein ,51.928414546,4.545678043,10,6,9999
2026-03-12T02:50:18.015006,12daf18a-8068-11ed-b1e6-fa4fb8e2990b,BH Treinst. Lombardijen (Aesopusplaats),51.880478018,4.530040287,10,0,9999
2026-03-12T02:50:18.015006,558e4a5a-eaba-11ee-a9f0-82366b51b915,BH Blijdorplaan ,51.927389289,4.440437692,22,12,9999
2026-03-12T02:50:18.015006,5a8de282-36ee-11f0-ab1d-9ae3af3bf913,BH van Blommesteynweg,51.888148155,4.460842726,10,2,9999
2026-03-12T02:50:18.015006,078569ee-a5b5-11f0-ab44-baed9603afbb,Nieuwe Waterwegstraat (digitale testhub),51.900682979,4.390873601,12,0,9999
2026-03-12T02:50:18.015006,8e5dd27e-06fd-11ef-b58d-569a23b994be,BH Prins Alexanderplein,51.951040272,4.553684972,14,0,9999
2026-03-12T02:50:18.015006,a6843864-fbc4-11ee-b58d-569a23b994be,Trompenburg 1,51.917696349,4.517981647,10,9,0
2026-03-12T02:50:18.015006,5b583480-a8da-11ef-8778-d2279db84567,BH Duyststraat,51.910073429,4.452225738,8,5,9999
2026-03-12T02:50:18.015006,2510e9ba-a5b6-11f0-847a-baed9603afbb,Hub Kloosterplaats,51.91675013,4.402112308,6,4,9999
2026-03-12T02:50:18.015006,880e3e72-a8dd-11ef-8778-d2279db84567,BH Spaansebocht,51.917413667,4.430014126,9,0,9999
2026-03-12T02:50:18.015006,b5b3324a-edb9-11ee-a9f0-82366b51b915,BH Siondwarsstraat,51.925261494,4.51053174,10,0,9999
2026-03-12T02:50:18.015006,94b01d94-edc6-11ee-a9f0-82366b51b915,BH Schuttersveld,51.933248028,4.490978921,10,7,9999
2026-03-12T02:50:18.015006,69b33170-edbd-11ee-a9f0-82366b51b915,BH Metro Oostplein 2,51.923145722,4.496820843,10,8,9999
2026-03-12T02:50:18.015006,67d6af9a-f068-11ef-ba40-0ea3ed1ae564,HUB Hof van Spaland - Schiedamseweg,51.934898803,4.378145906,12,1,9999
2026-03-12T02:50:18.015006,4933dd54-9e7c-11ee-a91e-ee69b7c7763e,BH Willem Ruyslaan (Luzac College),51.925421889,4.508669446,10,9,9999
2026-03-12T02:50:18.015006,9f935b6c-b095-11ef-b6d3-56d88772ab1a,BH Bergpolderplein,51.945227242,4.474988047,8,6,9999
2026-03-12T02:50:18.015006,8a2d056c-bb93-11ef-a02d-6ea8ed91bd56,BH NS Station Noord (Bergweg),51.941530048,4.481339526,10,4,6
2026-03-12T02:50:18.015006,4d95ab34-8122-11ed-b1e6-fa4fb8e2990b,RK Metrostation Maashaven ,51.896573582,4.494245173,30,3,9999
2026-03-12T02:50:18.015006,3d015ff0-8394-11ee-bb01-c602c1905375,BH Metrostation Oosterflank,51.945209326,4.555045447,10,0,9999
2026-03-12T02:50:18.015006,defeb050-a747-11ef-8778-d2279db84567,BH Karel Doormanstraat,51.922789549,4.473609692,9,1,9999
2026-03-12T02:50:18.015006,b5dc5454-890f-11ee-bb01-c602c1905375,BH Schilderstraat,51.916377397,4.48142868,8,3,9999
2026-03-12T02:50:18.015006,2f12ae3e-806c-11ed-b1e6-fa4fb8e2990b,BH Winkelcentrum Keizerswaard-Herenw,51.886358391,4.549308056,15,15,9999
2026-03-12T02:50:18.015006,3b6d73a8-805d-11ed-b1e6-fa4fb8e2990b,BH Metrostation Melanchtonweg,51.94881199,4.465233746,10,2,9999
2026-03-12T02:50:18.015006,d5832958-891a-11ee-bb01-c602c1905375,BH Metro Zuidplein (nieuw),51.887180341,4.491554668,10,2,9999
2026-03-12T02:50:18.015006,a535094e-b162-11ef-bdcd-5adc5d29ed54,BH Eudokiaplein,51.932433484,4.47153255,9,4,9999
2026-03-12T02:50:18.015006,437f8dc8-bd9e-11ed-b1e6-fa4fb8e2990b,RK Hillevliet,51.89558515,4.506432514,10,2,9999
2026-03-12T02:50:18.015006,f10d8ab4-9997-11ee-a91e-ee69b7c7763e,BH Shell Hofplein,51.925705456,4.477781355,28,6,9999
2026-03-12T02:50:18.015006,94467720-8127-11ed-b1e6-fa4fb8e2990b,RK Persoonsdam,51.909309099,4.508017165,10,3,9999
2026-03-12T02:50:18.015006,9245444a-2023-11f0-ab1d-9ae3af3bf913,BH Witte de Withstraat,51.915906523,4.478080905,10,5,9999
2026-03-12T02:50:18.015006,49d59348-ff64-11ef-b515-a65a77daff90,BH Bergweg (Dirk van den Broek),51.93856254,4.479465675,6,6,9999
2026-03-12T02:50:18.015006,30fb96bc-8124-11ed-b1e6-fa4fb8e2990b,RK Beverwaardseweg/ Borgharensingel,51.898798338,4.564663375,10,1,9999
2026-03-12T02:50:18.015006,9a1fb404-8ab3-11ee-bb01-c602c1905375,BH Langenhorst ,51.874120882,4.494254863,10,3,9999
2026-03-12T02:50:18.015006,abe67bfa-b096-11ef-b6d3-56d88772ab1a,BH Wilgenplaslaan/ Donkersingel,51.951337599,4.47048253,10,5,9999
2026-03-12T02:50:18.015006,068b0f9c-a8dd-11ef-8778-d2279db84567,BH Vierhavenstraat (Sahan),51.908502395,4.437727106,4,2,9999
2026-03-12T02:50:18.015006,bc0e7e9c-a8da-11ef-8778-d2279db84567,BH Jan van Vuchtstraat,51.917045317,4.460830874,6,4,9999
2026-03-12T02:50:18.015006,8b721818-a5b2-11f0-ab44-baed9603afbb,Lekstraat,51.90446958,4.406985264,6,2,9999
2026-03-12T02:50:18.015006,ad212572-06f7-11ef-b58d-569a23b994be,BH Molenlaan/Grindweg,51.963224537,4.49571068,10,2,9999
2026-03-12T02:50:18.015006,f8828c3e-806d-11ed-b1e6-fa4fb8e2990b,RK Station Rdam Zuid,51.905545015,4.509568537,15,5,9999
2026-03-12T02:50:18.015006,5f71799e-806b-11ed-b1e6-fa4fb8e2990b,BH Willemsplein,51.911118908,4.481894771,17,6,9999
2026-03-12T02:50:18.015006,42824336-bd97-11ed-b1e6-fa4fb8e2990b,RK Groene Hilledijk,51.882726433,4.504266667,10,2,9999
2026-03-12T02:50:18.015006,db6932f4-182b-11ef-a8d1-42f0fecaeb6a,BH Metrostation Nesselande,51.978969273,4.586177782,10,0,9999
2026-03-12T02:50:18.015006,e26322b0-2025-11f0-ab1d-9ae3af3bf913,BH Brielselaan,51.896298935,4.489248091,4,1,9999
2026-03-12T02:50:18.015006,c862b7f2-06fb-11ef-b58d-569a23b994be,BH Prins Alexanderlaan (metrobaan zijde),51.952192324,4.551435621,10,0,9999
2026-03-12T02:50:18.015006,c53689c2-8124-11ed-b1e6-fa4fb8e2990b,RK Peellandstraat / Beesdestraat ,51.888535309,4.567291893,10,4,9999
2026-03-12T02:50:18.015006,8f5d35a0-1834-11ef-8071-42f0fecaeb6a,BH Jan Bijloostraat (Winkelcentrum Lage Land),51.941821995,4.546449269,9,8,9999
2026-03-12T02:50:18.015006,f8fcd3a4-983a-11ef-a85a-be896af2d3a5,BH Rhijnauwensingel,51.892161199,4.569620613,12,2,9999
2026-03-12T02:50:18.015006,118239d4-a5b2-11f0-ab44-baed9603afbb,Lorentzlaan (bushalte),51.917994492,4.415061192,4,0,9999
2026-03-12T02:50:18.015006,0c107276-bdb7-11ed-b1e6-fa4fb8e2990b,RK Sandelingenplein,51.889562128,4.506962326,10,5,9999
2026-03-12T02:50:18.015006,75b8bea6-81d8-11ed-b1e6-fa4fb8e2990b,RK Metrostation Maashaven (Putselaan),51.897794241,4.495760713,10,7,9999
2026-03-12T02:50:18.015006,a20bbbae-bdae-11ed-b1e6-fa4fb8e2990b,RK Frankendaal,51.886951976,4.521294152,10,0,9999
2026-03-12T02:50:18.015006,f1df385c-f5b2-11ef-81b3-76e5c571f05f,HUB Admiraal de Ruyterstraat,51.906742474,4.38554997,8,3,9999
2026-03-12T02:50:18.015006,4247dd56-1c9f-11ee-8219-8ed3b2364c4f,BH Metro Coolhaven,51.909218289,4.458167882,10,4,9999
2026-03-12T04:30:26.524408,65af1c24-06f4-11ef-b58d-569a23b994be,BH Meerum Terwogtlaan,51.951763386,4.524587387,10,2,9999
2026-03-12T04:30:26.524408,bc839806-a5b1-11f0-ab44-baed9603afbb,Van het Hoffplein (Boerhavelaan),51.916219132,4.412005574,8,3,9999
2026-03-12T04:30:26.524408,2c632780-a8de-11ef-8778-d2279db84567,BH Schuttevaerweg,51.922420472,4.434869706,10,0,9999
2026-03-12T04:30:26.524408,a3c07f10-a5b5-11f0-b05b-baed9603afbb,HUB Hoofdbrug,51.908705902,4.406131267,8,1,9999
2026-03-12T04:30:26.524408,b9bfe680-fbc4-11ee-b58d-569a23b994be,Trompenburg 2,51.917638379,4.518889893,10,0,10
2026-03-12T04:30:26.524408,3c659862-a8dd-11ef-8778-d2279db84567,BH Mayflowerstraat,51.905015647,4.440161906,10,8,9999
2026-03-12T04:30:26.524408,e0a4baca-a748-11ef-8778-d2279db84567,BH Mariniersweg,51.920853425,4.490979502,10,4,9999
2026-03-12T04:30:26.524408,c35c448e-06fc-11ef-b58d-569a23b994be,BH Jacob van Campenweg ,51.942434165,4.537976212,7,10,9999
2026-03-12T04:30:26.524408,438486f4-a5b6-11f0-a150-baed9603afbb,HUB Koemarkt ingang garage,51.914517902,4.401917461,6,4,9999
2026-03-12T04:30:26.524408,365f4a3e-a5b3-11f0-ab44-baed9603afbb,Rubensplein,51.911712719,4.383665134,6,1,9999
2026-03-12T04:30:26.524408,a85b996e-fe23-11ee-b58d-569a23b994be,BH Dirk van der Kooijweg (Waterleliesingel),51.953796964,4.52009166,10,1,9999
2026-03-12T04:30:26.524408,19e2de56-b5d8-11ee-9ae6-5263e3f30f1e,BH STC Waalhaven,51.878297275,4.448759787,10,1,9999
2026-03-12T04:30:26.524408,c6c213ee-ed18-11ef-9957-f683e5eb607c,BH Langenhorst (Binkhorst),51.877310029,4.494737503,10,3,9999
2026-03-12T04:30:26.524408,3366f8b0-a8dc-11ef-8778-d2279db84567,BH Vierhavenstraat (WoonEnzo),51.907777562,4.438830385,4,7,9999
2026-03-12T04:30:26.524408,04a89aea-a5b3-11f0-ab44-baed9603afbb,Groenelaan Hagastraat (Winkelcentrum),51.907303396,4.402285408,4,1,9999
2026-03-12T04:30:26.524408,32638aa6-a5b5-11f0-9f09-baed9603afbb,HUB Laan van Bol'es,51.928443203,4.370771711,10,2,9999
2026-03-12T04:30:26.524408,291c2f72-a749-11ef-8778-d2279db84567,BH Westzeedijk,51.909321622,4.471436479,10,1,9999
2026-03-12T04:30:26.524408,abd627be-67bb-11f0-91de-5eaa9feacc9b,BH Schiekade (Heer Bokelweg),51.927133058,4.476309832,10,1,9999
2026-03-12T04:30:26.524408,8948d5a4-b094-11ef-b6d3-56d88772ab1a,BH Duivenpad,51.964922912,4.498254116,8,4,9999
2026-03-12T04:30:26.524408,227e8c1e-be97-11ee-9ae6-5263e3f30f1e,HUB Metrostation Troelstralaan,51.915742295,4.384972326,10,0,9999
2026-03-12T04:30:26.524408,0af509a8-06f7-11ef-b58d-569a23b994be,BH Beethovensingel,51.96114919,4.505141448,10,16,9999
2026-03-12T04:30:26.524408,dc06f296-1768-11ef-8071-42f0fecaeb6a,BH Prins Alexanderlaan (Oosterflank),51.946646256,4.553811478,12,1,9999
2026-03-12T04:30:26.524408,221af3ce-7fe1-11ee-bb01-c602c1905375,BH Metro Prinsenlaan,51.940647564,4.556931306,10,2,9999
2026-03-12T04:30:26.524408,a793d6ba-edc8-11ee-a9f0-82366b51b915,BH Infirmeriestraat,51.922255603,4.502265891,10,9,9999
2026-03-12T04:30:26.524408,0359e1a2-bdb3-11ed-b1e6-fa4fb8e2990b,RK Rosestraat 11C,51.902954022,4.511377745,10,9,9999
2026-03-12T04:30:26.524408,87f07e20-9e78-11ee-a91e-ee69b7c7763e,BH Marconistraat (Lee Towers),51.912441021,4.430411189,14,3,9999
2026-03-12T04:30:26.524408,f539bd6e-06f8-11ef-b58d-569a23b994be,BH Meijersplein,51.955657978,4.463033845,8,1,9999
2026-03-12T04:30:26.524408,70f0801a-8071-11ed-b1e6-fa4fb8e2990b,RK treinstation Lombardijen,51.88057913,4.531905572,30,4,9999
2026-03-12T04:30:26.524408,43752ffc-a8db-11ef-8778-d2279db84567,BH Pieter de Hoochweg,51.906316301,4.459985731,6,11,9999
2026-03-12T04:30:26.524408,b35ddad8-ab08-11ef-8778-d2279db84567,HUB Rotterdamsedijk 272,51.914957692,4.40343084,8,1,9999
2026-03-12T04:30:26.524408,9b1fa0f6-ae3c-11ee-a91e-ee69b7c7763e,BH Winkelhart Plein 1953,51.874842065,4.467889739,10,5,9999
2026-03-12T04:30:26.524408,8bd90878-0884-11f0-9a47-66143dd92f22,RK Molenvliet,51.882626536,4.521159806,10,5,9999
2026-03-12T04:30:26.524408,45450b66-a5b2-11f0-ab44-baed9603afbb,Maasdijk (Gustoweg),51.906629018,4.412009895,6,2,9999
2026-03-12T04:30:26.524408,4de2effe-f068-11ef-ba40-0ea3ed1ae564,HUB Hof van Spaland - Vlaardingseweg,51.935841728,4.376077923,4,0,9999
2026-03-12T04:30:26.524408,d38c6468-06fe-11ef-b58d-569a23b994be,BH Kleine Beer,51.950902127,4.555051083,6,1,9999
2026-03-12T04:30:26.524408,e552904e-182b-11ef-a8d1-42f0fecaeb6a,BH Metrostation Hesseplaats,51.963345229,4.554510684,10,4,9999
2026-03-12T04:30:26.524408,1826196c-b162-11ef-bdcd-5adc5d29ed54,BH Bentincklaan (Diergaarde Blijdorp),51.92572504,4.454794024,10,7,9999
2026-03-12T04:30:26.524408,8a1e5ed0-1c9e-11ee-8219-8ed3b2364c4f,BH Sparta stadion,51.920151368,4.434428835,20,16,9999
2026-03-12T04:30:26.524408,d3c9003c-b486-11ee-9ae6-5263e3f30f1e,BH Oostzeedijk Beneden,51.922514244,4.503092963,10,8,9999
2026-03-12T04:30:26.524408,552a82b8-b094-11ef-b6d3-56d88772ab1a,BH Hockeyclub Rotterdam,51.96869974,4.484731647,25,3,9999
2026-03-12T04:30:26.524408,cb3f6d1c-a746-11ef-8778-d2279db84567,BH Vasteland (AH),51.911537089,4.478368712,10,10,9999
2026-03-12T04:30:26.524408,d4a8557a-eabd-11ef-ac99-aa7241d1fb4f,HUB Admiraal Trompstraat (Huisman),51.908834504,4.381923039,8,0,9999
2026-03-12T04:30:26.524408,00e8b3de-9e82-11ee-a91e-ee69b7c7763e,BH Jacques Dutilhweg,51.927993284,4.5475155,10,7,9999
2026-03-12T04:30:26.524408,d868fe52-36e5-11f0-ab1d-9ae3af3bf913,BH Sluisjesdijk,51.894714517,4.461900478,10,3,0
2026-03-12T04:30:26.524408,4338fed2-edbb-11ee-a9f0-82366b51b915,BH Oostzeedijk Beneden 2,51.921653595,4.507031037,10,15,9999
2026-03-12T04:30:26.524408,2c82bb9a-217b-11ee-8219-8ed3b2364c4f,Hub Weena,51.922738296,4.469181329,142,9,9999
2026-03-12T04:30:26.524408,96f5cbdc-06f6-11ef-b58d-569a23b994be,BH Argonautenweg,51.959086712,4.49354982,10,0,9999
2026-03-12T04:30:26.524408,2f51713e-32b7-11ee-8219-8ed3b2364c4f,Hub P+R Capelsebrug,51.920991793,4.559215491,18,3,9999
2026-03-12T04:30:26.524408,62b0255a-9e7a-11ee-a91e-ee69b7c7763e,BH Vierhavenstraat,51.910327597,4.434992993,16,9,9999
2026-03-12T04:30:26.524408,2b10524e-06f5-11ef-b58d-569a23b994be,BH Piet van der Polsingel,51.950618784,4.518612648,8,4,9999
2026-03-12T04:30:26.524408,47070056-06fa-11ef-b58d-569a23b994be,BH Metrostation Schenkel,51.931770435,4.56406792,12,2,9999
2026-03-12T04:30:26.524408,7a8c12ba-91ab-11ed-b1e6-fa4fb8e2990b,BH Metrostation Slinge,51.874526023,4.477872534,15,1,9999
2026-03-12T04:30:26.524408,026045c6-8530-11ee-bb01-c602c1905375,BH Winkelhart Katendrechtse Lagedijk,51.891184937,4.479440034,10,2,9999
2026-03-12T04:30:26.524408,9d9bb8ec-4bd1-11ee-bb01-c602c1905375,BH Marconiplein,51.913319277,4.432514448,10,2,9999
2026-03-12T04:30:26.524408,8330f3ca-a5b4-11f0-ab44-baed9603afbb,Fokkerstraat Plesmanstraat,51.929694009,4.399576614,4,1,9999
2026-03-12T04:30:26.524408,5b842034-5331-11f0-ab1d-9ae3af3bf913,BH Walenburgerweg,51.926698659,4.462629155,10,8,9999
2026-03-12T04:30:26.524408,a08059b6-b484-11ee-9ae6-5263e3f30f1e,BH Metrostation Gerdesiaweg,51.925444134,4.506155972,10,2,9999
2026-03-12T04:30:26.524408,2f718c84-8911-11ee-bb01-c602c1905375,BH Metro Dijkzigt - EMC,51.911789199,4.466334846,20,7,9999
2026-03-12T04:30:26.524408,f58e41fc-1c9f-11ee-8219-8ed3b2364c4f,BH Heemraadsplein,51.912322959,4.455058085,10,2,9999
2026-03-12T04:30:26.524408,79fdd038-34b8-11f0-ab1d-9ae3af3bf913,BH RTHA Airport,51.94924845,4.432611987,10,5,0
2026-03-12T04:30:26.524408,1c41897e-596e-11ef-bed6-aa139991deb4,HUB Metrostation Nieuwland / Bijdorpplein,51.922583819,4.38260008,10,0,9999
2026-03-12T04:30:26.524408,a57d027c-8912-11ee-bb01-c602c1905375,BH Delftse Poort,51.924408145,4.472816464,10,0,9999
2026-03-12T04:30:26.524408,6383849a-2038-11f0-ab1d-9ae3af3bf913,BH - Kralingsebos (Langepad),51.936318565,4.506197017,10,0,9999
2026-03-12T04:30:26.524408,e90e9332-06f5-11ef-b58d-569a23b994be,BH Burgemeester Le Fèvre de Montignylaan,51.957620055,4.501711782,10,0,9999
2026-03-12T04:30:26.524408,5cb3ffde-bdaf-11ed-b1e6-fa4fb8e2990b,RK Stadionlaan,51.892328813,4.530682857,10,4,9999
2026-03-12T04:30:26.524408,02bed1f8-8392-11ee-bb01-c602c1905375,BH Station Alexander,51.951735827,4.551049232,10,1,9999
2026-03-12T04:30:26.524408,08d5cf66-8ab2-11ee-bb01-c602c1905375,BH Winkelhart Asterlo,51.873536387,4.483591736,10,1,9999
2026-03-12T04:30:26.524408,0e51e024-c757-11ee-9ae6-5263e3f30f1e,BH Metrostation Binnenhof,51.960437867,4.535372966,10,5,9999
2026-03-12T04:30:26.524408,409f87f6-890f-11ee-bb01-c602c1905375,BH Metro Beurs,51.917806013,4.480107053,8,2,9999
2026-03-12T04:30:26.524408,d6a7cd26-4d08-11f0-ab1d-9ae3af3bf913,BH - Oudehoofdplein-Haringvliet,51.918979475,4.49384405,10,4,9999
2026-03-12T04:30:26.524408,f0ad9b92-1767-11ef-8071-42f0fecaeb6a,BH Prinsenlaan,51.937206457,4.536127586,10,0,9999
2026-03-12T04:30:26.524408,f06fd44c-2035-11f0-ab1d-9ae3af3bf913,BH Boezemlaan,51.938982631,4.495864471,10,5,9999
2026-03-12T04:30:26.524408,8d91a90c-9e83-11ee-a91e-ee69b7c7763e,BH Kraaierstraat,51.91909698,4.418192898,8,8,9999
2026-03-12T04:30:26.524408,a2671a36-bdad-11ed-b1e6-fa4fb8e2990b,RK Dwarsdijk,51.893055987,4.539201504,10,9,9999
2026-03-12T04:30:26.524408,376a5cda-06f8-11ef-b58d-569a23b994be,BH Ganzerikplein,51.958953276,4.471584016,10,4,9999
2026-03-12T04:30:26.524408,5cdd9872-b096-11ef-b6d3-56d88772ab1a,BH Wilgenplaslaan/ Meidoornsingel,51.953868042,4.468211582,7,2,9999
2026-03-12T04:30:26.524408,952a3e78-a8db-11ef-8778-d2279db84567,BH Lloydstraat,51.902214281,4.461287644,10,7,9999
2026-03-12T04:30:26.524408,a6fa0910-8067-11ed-b1e6-fa4fb8e2990b,BH Stadion Fey (Bert Heesakkerstr.),51.896805818,4.521735582,50,3,9999
2026-03-12T04:30:26.524408,a1337d02-e018-11ed-a249-96cdaf8f7240,BH Sint Franciscus,51.942171146,4.460534407,25,2,9999
2026-03-12T04:30:26.524408,d3cea108-8285-11f0-ab44-baed9603afbb,BH - Ratelaarweg,51.967431611,4.463349689,10,2,9999
2026-03-12T04:30:26.524408,3bef7002-bdb5-11ed-b1e6-fa4fb8e2990b,RK Breeweg,51.890630632,4.514261169,10,3,9999
2026-03-12T04:30:26.524408,8c90734c-45bb-11ee-8219-8ed3b2364c4f,BH Coen Moulijnweg,51.893813253,4.526876329,42,2,9999
2026-03-12T04:30:26.524408,1b098490-2037-11f0-ab1d-9ae3af3bf913,BH Karmelweg,51.933461291,4.5029394,8,1,9999
2026-03-12T04:30:26.524408,23348a06-bdb1-11ed-b1e6-fa4fb8e2990b,RK Guido Gezelleweg,51.87434607,4.523238145,10,5,9999
2026-03-12T04:30:26.524408,66824038-37b2-11ef-a21a-8e54a72a50da,HUB Metrostation Parkweg / Zuidzijde,51.921443238,4.39475836,10,1,9
2026-03-12T04:30:26.524408,2c127298-ff25-11ef-a79f-a65a77daff90,BH Aert van Nesstraat,51.921141166,4.478916173,8,2,9999
2026-03-12T04:30:26.524408,cde445c6-a744-11ef-8778-d2279db84567,BH Groenendaal,51.921685178,4.492944049,6,5,9999
2026-03-12T04:30:26.524408,97c6a1c2-a8da-11ef-8778-d2279db84567,BH Henegouwerplein,51.921807589,4.460561523,10,5,9999
2026-03-12T04:30:26.524408,e68d5642-a5b5-11f0-b6c1-baed9603afbb,HUB NS Station Schiedam Centrum/ Professor Kamerlingh Onneslaan,51.92071744,4.408262487,12,5,9999
2026-03-12T04:30:26.524408,82623a40-bda3-11ed-b1e6-fa4fb8e2990b,RK Rosestraat,51.91100607,4.501308573,10,3,9999
2026-03-12T04:30:26.524408,b7353df6-b485-11ee-9ae6-5263e3f30f1e,BH Metrostation Kralingsezoom (Gravenweg),51.921751706,4.533850265,10,7,9999
2026-03-12T04:30:26.524408,6c34980a-bb92-11ef-a02d-6ea8ed91bd56,BH Gordelweg (Lidl),51.940472428,4.479798999,4,2,9999
2026-03-12T04:30:26.524408,5904bd1a-a5b5-11f0-b05b-baed9603afbb,HUB Hof van Spaland - Bachplein,51.934889388,4.374726808,8,2,9999
2026-03-12T04:30:26.524408,32ca5fd0-8126-11ed-b1e6-fa4fb8e2990b,RK Vuurplaat,51.906526668,4.505838102,10,1,9999
2026-03-12T04:30:26.524408,f94a1ff6-b095-11ef-b6d3-56d88772ab1a,BH Bm Le Fèvre de Montignylaan/ Jeroen Boschlaan,51.955641943,4.505982462,6,0,9999
2026-03-12T04:30:26.524408,4228b402-8537-11ee-bb01-c602c1905375,BH Tongelaarweg,51.895280064,4.563514996,10,2,9999
2026-03-12T04:30:26.524408,6f66a60c-36e5-11f0-ab1d-9ae3af3bf913,BH Lloydpier,51.904487669,4.460458303,8,6,0
2026-03-12T04:30:26.524408,7d81b63e-a5b5-11f0-b05b-baed9603afbb,HUB 's Gravelandseweg,51.932091958,4.401924037,6,1,9999
2026-03-12T04:30:26.524408,a3dbb322-8121-11ed-b1e6-fa4fb8e2990b,RK Metrostation Rijnhaven ,51.902216981,4.49610172,15,7,9999
2026-03-12T04:30:26.524408,cf23b50e-9ad0-11f0-ab44-baed9603afbb,BH Natuurhistorisch museum,51.911022288,4.472728259,12,1,9999
2026-03-12T04:30:26.524408,d55243f6-182b-11ef-a8d1-42f0fecaeb6a,BH Siciliëboulevard ,51.97996654,4.580859756,10,1,9999
2026-03-12T04:30:26.524408,e0f7ef36-a5b4-11f0-ab44-baed9603afbb,Havenstraat einde (digitale testhub),51.900396883,4.398614319,12,0,9999
2026-03-12T04:30:26.524408,05d1d708-eabd-11ef-88c2-aa7241d1fb4f,HUB De Thermen ,51.927426752,4.380236246,8,2,9999
2026-03-12T04:30:26.524408,b3381a7a-2036-11f0-ab1d-9ae3af3bf913,BH Oudedijk / de Nieuwe Plantage,51.929149075,4.505248613,8,6,9999
2026-03-12T04:30:26.524408,8b480576-eabc-11ee-a9f0-82366b51b915,BH Schiedamseweg Beneden,51.914135146,4.422297364,5,7,9999
2026-03-12T04:30:26.524408,89a2f1d2-a5b3-11f0-ab44-baed9603afbb,Metrostation Vijfsluizen,51.908108215,4.37254105,8,1,9999
2026-03-12T04:30:26.524408,e50f3d1e-f069-11ef-9ed7-0ea3ed1ae564,HUB Oranjestraat - Lange Nieuwstraat,51.913368472,4.40030457,5,0,9999
2026-03-12T04:30:26.524408,4c1b19a4-d0a1-11ee-8b0e-065810cc8d78,BH Elandstraat,51.910800072,4.553878993,10,5,9999
2026-03-12T04:30:26.524408,bbbba24e-806e-11ed-b1e6-fa4fb8e2990b,RK P+R Noorderhelling,51.894761016,4.532122707,15,0,9999
2026-03-12T04:30:26.524408,3ac0b682-8129-11ed-b1e6-fa4fb8e2990b,RK Cor Kieboomplein,51.896922039,4.523502821,15,1,9999
2026-03-12T04:30:26.524408,5a3ffbf4-37b1-11ef-a21a-8e54a72a50da,HUB Metrostation Nieuwland / Van Limburg Stirumstraat,51.922446663,4.38308784,6,2,3
2026-03-12T04:30:26.524408,5d8d12a2-a5b4-11f0-ab44-baed9603afbb,Van Heekstraat,51.931167557,4.406024405,4,0,9999
2026-03-12T04:30:26.524408,f251d6e8-0b82-11ef-b58d-569a23b994be,BH Metrostation Graskruid ,51.956473743,4.550010233,8,4,9999
2026-03-12T04:30:26.524408,a4d2ea7c-b2f0-11ef-aa57-62870c7808bb,BH 2e Hogenbanweg,51.936951327,4.427707182,8,0,9999
2026-03-12T04:30:26.524408,75ba0d1a-2037-11f0-ab1d-9ae3af3bf913,BH Stadhoudersweg,51.931417737,4.461484988,10,3,9999
2026-03-12T04:30:26.524408,bc6b0d7e-a745-11ef-8778-d2279db84567,BH Goudsewagenstraat,51.923224462,4.493552746,8,7,9999
2026-03-12T04:30:26.524408,0f37eafc-8912-11ee-bb01-c602c1905375,BH Metro Oostplein,51.922677789,4.497608825,10,8,9999
2026-03-12T04:30:26.524408,aed7c2fa-8123-11ed-b1e6-fa4fb8e2990b,RK Groene Hilledijk/Beijerlandselaan,51.893806789,4.509452258,10,4,9999
2026-03-12T04:30:26.524408,c76f0318-bb92-11ef-a02d-6ea8ed91bd56,BH NS Centraal Station (Stationssingel),51.925399994,4.466148375,10,2,9999
2026-03-12T04:30:26.524408,361a368c-a5b4-11f0-ab44-baed9603afbb,Sportpark Haga (Epke Zonderlandstraat),51.921919868,4.370918199,8,3,9999
2026-03-12T04:30:26.524408,f4c0fe5e-02d6-11ef-b58d-569a23b994be,BH Paulus Potterstraat,51.9228414,4.508497696,10,7,9999
2026-03-12T04:30:26.524408,48cbf66e-9f15-11ee-a91e-ee69b7c7763e,BH Franselaan,51.917379138,4.420463507,10,8,9999
2026-03-12T04:30:26.524408,e9735b4e-7da7-11f0-ab44-baed9603afbb,BH Veldkersweg,51.966835673,4.46657292,8,0,9999
2026-03-12T04:30:26.524408,4b1ac684-bb93-11ef-a02d-6ea8ed91bd56,BH Noorderkanaalweg,51.940525593,4.472984586,9,3,9999
2026-03-12T04:30:26.524408,033a9392-3700-11f0-ab1d-9ae3af3bf913,BH Herman Bavinckstraat,51.915067882,4.521446921,10,2,9999
2026-03-12T04:30:26.524408,ffe8c3e8-a8da-11ef-8778-d2279db84567,BH Mathenesserplein,51.917836602,4.44508891,8,7,9999
2026-03-12T04:30:26.524408,e377069a-ff63-11ef-a79f-a65a77daff90,BH Kralingsebos Bosdreef/Pr. Beatrixlaan,51.93789612,4.501689644,8,1,9999
2026-03-12T04:30:26.524408,7af95f9c-a747-11ef-8778-d2279db84567,BH Kruisplein,51.92228569,4.47138789,6,2,9999
2026-03-12T04:30:26.524408,4c50cb7a-bdb6-11ed-b1e6-fa4fb8e2990b,RK Olympiaweg,51.886462746,4.529133302,10,3,9999
2026-03-12T04:30:26.524408,a694ef4e-36e5-11f0-ab1d-9ae3af3bf913,BH Neushoornstraat,51.913041554,4.553743002,6,1,1
2026-03-12T04:30:26.524408,be56ca62-8120-11ed-b1e6-fa4fb8e2990b,RK P+R Beverwaard,51.885771514,4.568986239,10,1,9999
2026-03-12T04:30:26.524408,d5af3bc4-806a-11ed-b1e6-fa4fb8e2990b,BH Kievitslaan,51.907226862,4.473300159,17,1,9999
2026-03-12T04:30:26.524408,dd006abc-a5b3-11f0-ab44-baed9603afbb,Havenstraat,51.903204365,4.398004897,8,0,9999
2026-03-12T04:30:26.524408,6f09af84-eabe-11ee-a9f0-82366b51b915,BH Delftseplein ,51.925206514,4.474011701,14,1,9999
2026-03-12T04:30:26.524408,1cfb89ec-806b-11ed-b1e6-fa4fb8e2990b,BH Westplein,51.908912961,4.478583441,10,5,9999
2026-03-12T04:30:26.524408,12fc10a4-bb94-11ef-a02d-6ea8ed91bd56,BH Noordplein,51.930251975,4.483699175,10,3,9999
2026-03-12T04:30:26.524408,276e8d26-bda0-11ed-b1e6-fa4fb8e2990b,RK Strevelsweg,51.889634937,4.495943368,15,2,9999
2026-03-12T04:30:26.524408,9e066470-2038-11f0-ab1d-9ae3af3bf913,BH Kralinger Esch,51.911179823,4.524762065,9,3,9999
2026-03-12T04:30:26.524408,9b1f0aaa-8125-11ed-b1e6-fa4fb8e2990b,RK Slaghekstraat - Beijerlandselaan,51.897574833,4.511261604,10,3,9999
2026-03-12T04:30:26.524408,b8c81048-2037-11f0-ab1d-9ae3af3bf913,BH Van Maanenstraat,51.932279316,4.464280453,6,7,9999
2026-03-12T04:30:26.524408,1f4ff66c-bdb8-11ed-b1e6-fa4fb8e2990b,RK Van der Takstraat ,51.914243737,4.496045621,10,8,9999
2026-03-12T04:30:26.524408,3b523cee-5c94-11f0-ab1d-9ae3af3bf913,BH - Wilhelminapier,51.90698281,4.489727426,14,2,9999
2026-03-12T04:30:26.524408,e8d292d2-039a-11ef-b58d-569a23b994be,BH Mia van Yperenplein ,51.928414546,4.545678043,10,6,9999
2026-03-12T04:30:26.524408,12daf18a-8068-11ed-b1e6-fa4fb8e2990b,BH Treinst. Lombardijen (Aesopusplaats),51.880478018,4.530040287,10,0,9999
2026-03-12T04:30:26.524408,558e4a5a-eaba-11ee-a9f0-82366b51b915,BH Blijdorplaan ,51.927389289,4.440437692,22,12,9999
2026-03-12T04:30:26.524408,5a8de282-36ee-11f0-ab1d-9ae3af3bf913,BH van Blommesteynweg,51.888148155,4.460842726,10,2,9999
2026-03-12T04:30:26.524408,078569ee-a5b5-11f0-ab44-baed9603afbb,Nieuwe Waterwegstraat (digitale testhub),51.900682979,4.390873601,12,0,9999
2026-03-12T04:30:26.524408,8e5dd27e-06fd-11ef-b58d-569a23b994be,BH Prins Alexanderplein,51.951040272,4.553684972,14,0,9999
2026-03-12T04:30:26.524408,a6843864-fbc4-11ee-b58d-569a23b994be,Trompenburg 1,51.917696349,4.517981647,10,9,0
2026-03-12T04:30:26.524408,5b583480-a8da-11ef-8778-d2279db84567,BH Duyststraat,51.910073429,4.452225738,8,5,9999
2026-03-12T04:30:26.524408,2510e9ba-a5b6-11f0-847a-baed9603afbb,Hub Kloosterplaats,51.91675013,4.402112308,6,4,9999
2026-03-12T04:30:26.524408,880e3e72-a8dd-11ef-8778-d2279db84567,BH Spaansebocht,51.917413667,4.430014126,9,0,9999
2026-03-12T04:30:26.524408,b5b3324a-edb9-11ee-a9f0-82366b51b915,BH Siondwarsstraat,51.925261494,4.51053174,10,0,9999
2026-03-12T04:30:26.524408,94b01d94-edc6-11ee-a9f0-82366b51b915,BH Schuttersveld,51.933248028,4.490978921,10,7,9999
2026-03-12T04:30:26.524408,69b33170-edbd-11ee-a9f0-82366b51b915,BH Metro Oostplein 2,51.923145722,4.496820843,10,7,9999
2026-03-12T04:30:26.524408,67d6af9a-f068-11ef-ba40-0ea3ed1ae564,HUB Hof van Spaland - Schiedamseweg,51.934898803,4.378145906,12,1,9999
2026-03-12T04:30:26.524408,4933dd54-9e7c-11ee-a91e-ee69b7c7763e,BH Willem Ruyslaan (Luzac College),51.925421889,4.508669446,10,10,9999
2026-03-12T04:30:26.524408,9f935b6c-b095-11ef-b6d3-56d88772ab1a,BH Bergpolderplein,51.945227242,4.474988047,8,6,9999
2026-03-12T04:30:26.524408,8a2d056c-bb93-11ef-a02d-6ea8ed91bd56,BH NS Station Noord (Bergweg),51.941530048,4.481339526,10,4,6
2026-03-12T04:30:26.524408,4d95ab34-8122-11ed-b1e6-fa4fb8e2990b,RK Metrostation Maashaven ,51.896573582,4.494245173,30,2,9999
2026-03-12T04:30:26.524408,3d015ff0-8394-11ee-bb01-c602c1905375,BH Metrostation Oosterflank,51.945209326,4.555045447,10,0,9999
2026-03-12T04:30:26.524408,defeb050-a747-11ef-8778-d2279db84567,BH Karel Doormanstraat,51.922789549,4.473609692,9,1,9999
2026-03-12T04:30:26.524408,b5dc5454-890f-11ee-bb01-c602c1905375,BH Schilderstraat,51.916377397,4.48142868,8,2,9999
2026-03-12T04:30:26.524408,2f12ae3e-806c-11ed-b1e6-fa4fb8e2990b,BH Winkelcentrum Keizerswaard-Herenw,51.886358391,4.549308056,15,15,9999
2026-03-12T04:30:26.524408,3b6d73a8-805d-11ed-b1e6-fa4fb8e2990b,BH Metrostation Melanchtonweg,51.94881199,4.465233746,10,2,9999
2026-03-12T04:30:26.524408,d5832958-891a-11ee-bb01-c602c1905375,BH Metro Zuidplein (nieuw),51.887180341,4.491554668,10,2,9999
2026-03-12T04:30:26.524408,a535094e-b162-11ef-bdcd-5adc5d29ed54,BH Eudokiaplein,51.932433484,4.47153255,9,5,9999
2026-03-12T04:30:26.524408,437f8dc8-bd9e-11ed-b1e6-fa4fb8e2990b,RK Hillevliet,51.89558515,4.506432514,10,2,9999
2026-03-12T04:30:26.524408,f10d8ab4-9997-11ee-a91e-ee69b7c7763e,BH Shell Hofplein,51.925705456,4.477781355,28,6,9999
2026-03-12T04:30:26.524408,94467720-8127-11ed-b1e6-fa4fb8e2990b,RK Persoonsdam,51.909309099,4.508017165,10,3,9999
2026-03-12T04:30:26.524408,9245444a-2023-11f0-ab1d-9ae3af3bf913,BH Witte de Withstraat,51.915906523,4.478080905,10,5,9999
2026-03-12T04:30:26.524408,49d59348-ff64-11ef-b515-a65a77daff90,BH Bergweg (Dirk van den Broek),51.93856254,4.479465675,6,6,9999
2026-03-12T04:30:26.524408,30fb96bc-8124-11ed-b1e6-fa4fb8e2990b,RK Beverwaardseweg/ Borgharensingel,51.898798338,4.564663375,10,1,9999
2026-03-12T04:30:26.524408,9a1fb404-8ab3-11ee-bb01-c602c1905375,BH Langenhorst ,51.874120882,4.494254863,10,3,9999
2026-03-12T04:30:26.524408,abe67bfa-b096-11ef-b6d3-56d88772ab1a,BH Wilgenplaslaan/ Donkersingel,51.951337599,4.47048253,10,5,9999
2026-03-12T04:30:26.524408,068b0f9c-a8dd-11ef-8778-d2279db84567,BH Vierhavenstraat (Sahan),51.908502395,4.437727106,4,3,9999
2026-03-12T04:30:26.524408,bc0e7e9c-a8da-11ef-8778-d2279db84567,BH Jan van Vuchtstraat,51.917045317,4.460830874,6,4,9999
2026-03-12T04:30:26.524408,8b721818-a5b2-11f0-ab44-baed9603afbb,Lekstraat,51.90446958,4.406985264,6,2,9999
2026-03-12T04:30:26.524408,ad212572-06f7-11ef-b58d-569a23b994be,BH Molenlaan/Grindweg,51.963224537,4.49571068,10,2,9999
2026-03-12T04:30:26.524408,f8828c3e-806d-11ed-b1e6-fa4fb8e2990b,RK Station Rdam Zuid,51.905545015,4.509568537,15,5,9999
2026-03-12T04:30:26.524408,5f71799e-806b-11ed-b1e6-fa4fb8e2990b,BH Willemsplein,51.911118908,4.481894771,17,6,9999
2026-03-12T04:30:26.524408,42824336-bd97-11ed-b1e6-fa4fb8e2990b,RK Groene Hilledijk,51.882726433,4.504266667,10,2,9999
2026-03-12T04:30:26.524408,db6932f4-182b-11ef-a8d1-42f0fecaeb6a,BH Metrostation Nesselande,51.978969273,4.586177782,10,0,9999
2026-03-12T04:30:26.524408,e26322b0-2025-11f0-ab1d-9ae3af3bf913,BH Brielselaan,51.896298935,4.489248091,4,1,9999
2026-03-12T04:30:26.524408,c862b7f2-06fb-11ef-b58d-569a23b994be,BH Prins Alexanderlaan (metrobaan zijde),51.952192324,4.551435621,10,0,9999
2026-03-12T04:30:26.524408,c53689c2-8124-11ed-b1e6-fa4fb8e2990b,RK Peellandstraat / Beesdestraat ,51.888535309,4.567291893,10,4,9999
2026-03-12T04:30:26.524408,8f5d35a0-1834-11ef-8071-42f0fecaeb6a,BH Jan Bijloostraat (Winkelcentrum Lage Land),51.941821995,4.546449269,9,8,9999
2026-03-12T04:30:26.524408,f8fcd3a4-983a-11ef-a85a-be896af2d3a5,BH Rhijnauwensingel,51.892161199,4.569620613,12,2,9999
2026-03-12T04:30:26.524408,118239d4-a5b2-11f0-ab44-baed9603afbb,Lorentzlaan (bushalte),51.917994492,4.415061192,4,0,9999
2026-03-12T04:30:26.524408,0c107276-bdb7-11ed-b1e6-fa4fb8e2990b,RK Sandelingenplein,51.889562128,4.506962326,10,5,9999
2026-03-12T04:30:26.524408,75b8bea6-81d8-11ed-b1e6-fa4fb8e2990b,RK Metrostation Maashaven (Putselaan),51.897794241,4.495760713,10,7,9999
2026-03-12T04:30:26.524408,a20bbbae-bdae-11ed-b1e6-fa4fb8e2990b,RK Frankendaal,51.886951976,4.521294152,10,0,9999
2026-03-12T04:30:26.524408,f1df385c-f5b2-11ef-81b3-76e5c571f05f,HUB Admiraal de Ruyterstraat,51.906742474,4.38554997,8,3,9999
2026-03-12T04:30:26.524408,4247dd56-1c9f-11ee-8219-8ed3b2364c4f,BH Metro Coolhaven,51.909218289,4.458167882,10,4,9999
2026-03-12T05:38:21.934840,65af1c24-06f4-11ef-b58d-569a23b994be,BH Meerum Terwogtlaan,51.951763386,4.524587387,10,3,9999
2026-03-12T05:38:21.934840,bc839806-a5b1-11f0-ab44-baed9603afbb,Van het Hoffplein (Boerhavelaan),51.916219132,4.412005574,8,3,9999
2026-03-12T05:38:21.934840,2c632780-a8de-11ef-8778-d2279db84567,BH Schuttevaerweg,51.922420472,4.434869706,10,0,9999
2026-03-12T05:38:21.934840,a3c07f10-a5b5-11f0-b05b-baed9603afbb,HUB Hoofdbrug,51.908705902,4.406131267,8,1,9999
2026-03-12T05:38:21.934840,b9bfe680-fbc4-11ee-b58d-569a23b994be,Trompenburg 2,51.917638379,4.518889893,10,0,10
2026-03-12T05:38:21.934840,3c659862-a8dd-11ef-8778-d2279db84567,BH Mayflowerstraat,51.905015647,4.440161906,10,8,9999
2026-03-12T05:38:21.934840,e0a4baca-a748-11ef-8778-d2279db84567,BH Mariniersweg,51.920853425,4.490979502,10,4,9999
2026-03-12T05:38:21.934840,c35c448e-06fc-11ef-b58d-569a23b994be,BH Jacob van Campenweg ,51.942434165,4.537976212,7,10,9999
2026-03-12T05:38:21.934840,438486f4-a5b6-11f0-a150-baed9603afbb,HUB Koemarkt ingang garage,51.914517902,4.401917461,6,4,9999
2026-03-12T05:38:21.934840,365f4a3e-a5b3-11f0-ab44-baed9603afbb,Rubensplein,51.911712719,4.383665134,6,1,9999
2026-03-12T05:38:21.934840,a85b996e-fe23-11ee-b58d-569a23b994be,BH Dirk van der Kooijweg (Waterleliesingel),51.953796964,4.52009166,10,1,9999
2026-03-12T05:38:21.934840,19e2de56-b5d8-11ee-9ae6-5263e3f30f1e,BH STC Waalhaven,51.878297275,4.448759787,10,1,9999
2026-03-12T05:38:21.934840,c6c213ee-ed18-11ef-9957-f683e5eb607c,BH Langenhorst (Binkhorst),51.877310029,4.494737503,10,3,9999
2026-03-12T05:38:21.934840,3366f8b0-a8dc-11ef-8778-d2279db84567,BH Vierhavenstraat (WoonEnzo),51.907777562,4.438830385,4,7,9999
2026-03-12T05:38:21.934840,04a89aea-a5b3-11f0-ab44-baed9603afbb,Groenelaan Hagastraat (Winkelcentrum),51.907303396,4.402285408,4,1,9999
2026-03-12T05:38:21.934840,32638aa6-a5b5-11f0-9f09-baed9603afbb,HUB Laan van Bol'es,51.928443203,4.370771711,10,2,9999
2026-03-12T05:38:21.934840,291c2f72-a749-11ef-8778-d2279db84567,BH Westzeedijk,51.909321622,4.471436479,10,1,9999
2026-03-12T05:38:21.934840,abd627be-67bb-11f0-91de-5eaa9feacc9b,BH Schiekade (Heer Bokelweg),51.927133058,4.476309832,10,1,9999
2026-03-12T05:38:21.934840,8948d5a4-b094-11ef-b6d3-56d88772ab1a,BH Duivenpad,51.964922912,4.498254116,8,4,9999
2026-03-12T05:38:21.934840,227e8c1e-be97-11ee-9ae6-5263e3f30f1e,HUB Metrostation Troelstralaan,51.915742295,4.384972326,10,0,9999
2026-03-12T05:38:21.934840,0af509a8-06f7-11ef-b58d-569a23b994be,BH Beethovensingel,51.96114919,4.505141448,10,16,9999
2026-03-12T05:38:21.934840,dc06f296-1768-11ef-8071-42f0fecaeb6a,BH Prins Alexanderlaan (Oosterflank),51.946646256,4.553811478,12,1,9999
2026-03-12T05:38:21.934840,221af3ce-7fe1-11ee-bb01-c602c1905375,BH Metro Prinsenlaan,51.940647564,4.556931306,10,2,9999
2026-03-12T05:38:21.934840,a793d6ba-edc8-11ee-a9f0-82366b51b915,BH Infirmeriestraat,51.922255603,4.502265891,10,9,9999
2026-03-12T05:38:21.934840,0359e1a2-bdb3-11ed-b1e6-fa4fb8e2990b,RK Rosestraat 11C,51.902954022,4.511377745,10,9,9999
2026-03-12T05:38:21.934840,87f07e20-9e78-11ee-a91e-ee69b7c7763e,BH Marconistraat (Lee Towers),51.912441021,4.430411189,14,3,9999
2026-03-12T05:38:21.934840,f539bd6e-06f8-11ef-b58d-569a23b994be,BH Meijersplein,51.955657978,4.463033845,8,1,9999
2026-03-12T05:38:21.934840,70f0801a-8071-11ed-b1e6-fa4fb8e2990b,RK treinstation Lombardijen,51.88057913,4.531905572,30,4,9999
2026-03-12T05:38:21.934840,43752ffc-a8db-11ef-8778-d2279db84567,BH Pieter de Hoochweg,51.906316301,4.459985731,6,11,9999
2026-03-12T05:38:21.934840,b35ddad8-ab08-11ef-8778-d2279db84567,HUB Rotterdamsedijk 272,51.914957692,4.40343084,8,1,9999
2026-03-12T05:38:21.934840,9b1fa0f6-ae3c-11ee-a91e-ee69b7c7763e,BH Winkelhart Plein 1953,51.874842065,4.467889739,10,5,9999
2026-03-12T05:38:21.934840,8bd90878-0884-11f0-9a47-66143dd92f22,RK Molenvliet,51.882626536,4.521159806,10,5,9999
2026-03-12T05:38:21.934840,45450b66-a5b2-11f0-ab44-baed9603afbb,Maasdijk (Gustoweg),51.906629018,4.412009895,6,2,9999
2026-03-12T05:38:21.934840,4de2effe-f068-11ef-ba40-0ea3ed1ae564,HUB Hof van Spaland - Vlaardingseweg,51.935841728,4.376077923,4,0,9999
2026-03-12T05:38:21.934840,d38c6468-06fe-11ef-b58d-569a23b994be,BH Kleine Beer,51.950902127,4.555051083,6,1,9999
2026-03-12T05:38:21.934840,e552904e-182b-11ef-a8d1-42f0fecaeb6a,BH Metrostation Hesseplaats,51.963345229,4.554510684,10,4,9999
2026-03-12T05:38:21.934840,1826196c-b162-11ef-bdcd-5adc5d29ed54,BH Bentincklaan (Diergaarde Blijdorp),51.92572504,4.454794024,10,7,9999
2026-03-12T05:38:21.934840,8a1e5ed0-1c9e-11ee-8219-8ed3b2364c4f,BH Sparta stadion,51.920151368,4.434428835,20,16,9999
2026-03-12T05:38:21.934840,d3c9003c-b486-11ee-9ae6-5263e3f30f1e,BH Oostzeedijk Beneden,51.922514244,4.503092963,10,8,9999
2026-03-12T05:38:21.934840,552a82b8-b094-11ef-b6d3-56d88772ab1a,BH Hockeyclub Rotterdam,51.96869974,4.484731647,25,3,9999
2026-03-12T05:38:21.934840,cb3f6d1c-a746-11ef-8778-d2279db84567,BH Vasteland (AH),51.911537089,4.478368712,10,10,9999
2026-03-12T05:38:21.934840,d4a8557a-eabd-11ef-ac99-aa7241d1fb4f,HUB Admiraal Trompstraat (Huisman),51.908834504,4.381923039,8,0,9999
2026-03-12T05:38:21.934840,00e8b3de-9e82-11ee-a91e-ee69b7c7763e,BH Jacques Dutilhweg,51.927993284,4.5475155,10,6,9999
2026-03-12T05:38:21.934840,d868fe52-36e5-11f0-ab1d-9ae3af3bf913,BH Sluisjesdijk,51.894714517,4.461900478,10,3,0
2026-03-12T05:38:21.934840,4338fed2-edbb-11ee-a9f0-82366b51b915,BH Oostzeedijk Beneden 2,51.921653595,4.507031037,10,14,9999
2026-03-12T05:38:21.934840,2c82bb9a-217b-11ee-8219-8ed3b2364c4f,Hub Weena,51.922738296,4.469181329,142,15,9999
2026-03-12T05:38:21.934840,96f5cbdc-06f6-11ef-b58d-569a23b994be,BH Argonautenweg,51.959086712,4.49354982,10,0,9999
2026-03-12T05:38:21.934840,2f51713e-32b7-11ee-8219-8ed3b2364c4f,Hub P+R Capelsebrug,51.920991793,4.559215491,18,3,9999
2026-03-12T05:38:21.934840,62b0255a-9e7a-11ee-a91e-ee69b7c7763e,BH Vierhavenstraat,51.910327597,4.434992993,16,9,9999
2026-03-12T05:38:21.934840,2b10524e-06f5-11ef-b58d-569a23b994be,BH Piet van der Polsingel,51.950618784,4.518612648,8,4,9999
2026-03-12T05:38:21.934840,47070056-06fa-11ef-b58d-569a23b994be,BH Metrostation Schenkel,51.931770435,4.56406792,12,2,9999
2026-03-12T05:38:21.934840,7a8c12ba-91ab-11ed-b1e6-fa4fb8e2990b,BH Metrostation Slinge,51.874526023,4.477872534,15,1,9999
2026-03-12T05:38:21.934840,026045c6-8530-11ee-bb01-c602c1905375,BH Winkelhart Katendrechtse Lagedijk,51.891184937,4.479440034,10,4,9999
2026-03-12T05:38:21.934840,9d9bb8ec-4bd1-11ee-bb01-c602c1905375,BH Marconiplein,51.913319277,4.432514448,10,3,9999
2026-03-12T05:38:21.934840,8330f3ca-a5b4-11f0-ab44-baed9603afbb,Fokkerstraat Plesmanstraat,51.929694009,4.399576614,4,1,9999
2026-03-12T05:38:21.934840,5b842034-5331-11f0-ab1d-9ae3af3bf913,BH Walenburgerweg,51.926698659,4.462629155,10,7,9999
2026-03-12T05:38:21.934840,a08059b6-b484-11ee-9ae6-5263e3f30f1e,BH Metrostation Gerdesiaweg,51.925444134,4.506155972,10,2,9999
2026-03-12T05:38:21.934840,2f718c84-8911-11ee-bb01-c602c1905375,BH Metro Dijkzigt - EMC,51.911789199,4.466334846,20,7,9999
2026-03-12T05:38:21.934840,f58e41fc-1c9f-11ee-8219-8ed3b2364c4f,BH Heemraadsplein,51.912322959,4.455058085,10,2,9999
2026-03-12T05:38:21.934840,79fdd038-34b8-11f0-ab1d-9ae3af3bf913,BH RTHA Airport,51.94924845,4.432611987,10,6,0
2026-03-12T05:38:21.934840,1c41897e-596e-11ef-bed6-aa139991deb4,HUB Metrostation Nieuwland / Bijdorpplein,51.922583819,4.38260008,10,0,9999
2026-03-12T05:38:21.934840,a57d027c-8912-11ee-bb01-c602c1905375,BH Delftse Poort,51.924408145,4.472816464,10,1,9999
2026-03-12T05:38:21.934840,6383849a-2038-11f0-ab1d-9ae3af3bf913,BH - Kralingsebos (Langepad),51.936318565,4.506197017,10,0,9999
2026-03-12T05:38:21.934840,e90e9332-06f5-11ef-b58d-569a23b994be,BH Burgemeester Le Fèvre de Montignylaan,51.957620055,4.501711782,10,0,9999
2026-03-12T05:38:21.934840,5cb3ffde-bdaf-11ed-b1e6-fa4fb8e2990b,RK Stadionlaan,51.892328813,4.530682857,10,4,9999
2026-03-12T05:38:21.934840,02bed1f8-8392-11ee-bb01-c602c1905375,BH Station Alexander,51.951735827,4.551049232,10,2,9999
2026-03-12T05:38:21.934840,08d5cf66-8ab2-11ee-bb01-c602c1905375,BH Winkelhart Asterlo,51.873536387,4.483591736,10,1,9999
2026-03-12T05:38:21.934840,0e51e024-c757-11ee-9ae6-5263e3f30f1e,BH Metrostation Binnenhof,51.960437867,4.535372966,10,5,9999
2026-03-12T05:38:21.934840,409f87f6-890f-11ee-bb01-c602c1905375,BH Metro Beurs,51.917806013,4.480107053,8,2,9999
2026-03-12T05:38:21.934840,d6a7cd26-4d08-11f0-ab1d-9ae3af3bf913,BH - Oudehoofdplein-Haringvliet,51.918979475,4.49384405,10,4,9999
2026-03-12T05:38:21.934840,f0ad9b92-1767-11ef-8071-42f0fecaeb6a,BH Prinsenlaan,51.937206457,4.536127586,10,0,9999
2026-03-12T05:38:21.934840,f06fd44c-2035-11f0-ab1d-9ae3af3bf913,BH Boezemlaan,51.938982631,4.495864471,10,5,9999
2026-03-12T05:38:21.934840,8d91a90c-9e83-11ee-a91e-ee69b7c7763e,BH Kraaierstraat,51.91909698,4.418192898,8,8,9999
2026-03-12T05:38:21.934840,a2671a36-bdad-11ed-b1e6-fa4fb8e2990b,RK Dwarsdijk,51.893055987,4.539201504,10,9,9999
2026-03-12T05:38:21.934840,376a5cda-06f8-11ef-b58d-569a23b994be,BH Ganzerikplein,51.958953276,4.471584016,10,4,9999
2026-03-12T05:38:21.934840,5cdd9872-b096-11ef-b6d3-56d88772ab1a,BH Wilgenplaslaan/ Meidoornsingel,51.953868042,4.468211582,7,2,9999
2026-03-12T05:38:21.934840,952a3e78-a8db-11ef-8778-d2279db84567,BH Lloydstraat,51.902214281,4.461287644,10,7,9999
2026-03-12T05:38:21.934840,a6fa0910-8067-11ed-b1e6-fa4fb8e2990b,BH Stadion Fey (Bert Heesakkerstr.),51.896805818,4.521735582,50,3,9999
2026-03-12T05:38:21.934840,a1337d02-e018-11ed-a249-96cdaf8f7240,BH Sint Franciscus,51.942171146,4.460534407,25,2,9999
2026-03-12T05:38:21.934840,d3cea108-8285-11f0-ab44-baed9603afbb,BH - Ratelaarweg,51.967431611,4.463349689,10,2,9999
2026-03-12T05:38:21.934840,3bef7002-bdb5-11ed-b1e6-fa4fb8e2990b,RK Breeweg,51.890630632,4.514261169,10,3,9999
2026-03-12T05:38:21.934840,8c90734c-45bb-11ee-8219-8ed3b2364c4f,BH Coen Moulijnweg,51.893813253,4.526876329,42,2,9999
2026-03-12T05:38:21.934840,1b098490-2037-11f0-ab1d-9ae3af3bf913,BH Karmelweg,51.933461291,4.5029394,8,1,9999
2026-03-12T05:38:21.934840,23348a06-bdb1-11ed-b1e6-fa4fb8e2990b,RK Guido Gezelleweg,51.87434607,4.523238145,10,5,9999
2026-03-12T05:38:21.934840,66824038-37b2-11ef-a21a-8e54a72a50da,HUB Metrostation Parkweg / Zuidzijde,51.921443238,4.39475836,10,1,9
2026-03-12T05:38:21.934840,2c127298-ff25-11ef-a79f-a65a77daff90,BH Aert van Nesstraat,51.921141166,4.478916173,8,3,9999
2026-03-12T05:38:21.934840,cde445c6-a744-11ef-8778-d2279db84567,BH Groenendaal,51.921685178,4.492944049,6,5,9999
2026-03-12T05:38:21.934840,97c6a1c2-a8da-11ef-8778-d2279db84567,BH Henegouwerplein,51.921807589,4.460561523,10,4,9999
2026-03-12T05:38:21.934840,e68d5642-a5b5-11f0-b6c1-baed9603afbb,HUB NS Station Schiedam Centrum/ Professor Kamerlingh Onneslaan,51.92071744,4.408262487,12,5,9999
2026-03-12T05:38:21.934840,82623a40-bda3-11ed-b1e6-fa4fb8e2990b,RK Rosestraat,51.91100607,4.501308573,10,3,9999
2026-03-12T05:38:21.934840,b7353df6-b485-11ee-9ae6-5263e3f30f1e,BH Metrostation Kralingsezoom (Gravenweg),51.921751706,4.533850265,10,7,9999
2026-03-12T05:38:21.934840,6c34980a-bb92-11ef-a02d-6ea8ed91bd56,BH Gordelweg (Lidl),51.940472428,4.479798999,4,2,9999
2026-03-12T05:38:21.934840,5904bd1a-a5b5-11f0-b05b-baed9603afbb,HUB Hof van Spaland - Bachplein,51.934889388,4.374726808,8,2,9999
2026-03-12T05:38:21.934840,32ca5fd0-8126-11ed-b1e6-fa4fb8e2990b,RK Vuurplaat,51.906526668,4.505838102,10,1,9999
2026-03-12T05:38:21.934840,f94a1ff6-b095-11ef-b6d3-56d88772ab1a,BH Bm Le Fèvre de Montignylaan/ Jeroen Boschlaan,51.955641943,4.505982462,6,0,9999
2026-03-12T05:38:21.934840,4228b402-8537-11ee-bb01-c602c1905375,BH Tongelaarweg,51.895280064,4.563514996,10,2,9999
2026-03-12T05:38:21.934840,6f66a60c-36e5-11f0-ab1d-9ae3af3bf913,BH Lloydpier,51.904487669,4.460458303,8,5,0
2026-03-12T05:38:21.934840,7d81b63e-a5b5-11f0-b05b-baed9603afbb,HUB 's Gravelandseweg,51.932091958,4.401924037,6,1,9999
2026-03-12T05:38:21.934840,a3dbb322-8121-11ed-b1e6-fa4fb8e2990b,RK Metrostation Rijnhaven ,51.902216981,4.49610172,15,7,9999
2026-03-12T05:38:21.934840,cf23b50e-9ad0-11f0-ab44-baed9603afbb,BH Natuurhistorisch museum,51.911022288,4.472728259,12,1,9999
2026-03-12T05:38:21.934840,d55243f6-182b-11ef-a8d1-42f0fecaeb6a,BH Siciliëboulevard ,51.97996654,4.580859756,10,1,9999
2026-03-12T05:38:21.934840,e0f7ef36-a5b4-11f0-ab44-baed9603afbb,Havenstraat einde (digitale testhub),51.900396883,4.398614319,12,0,9999
2026-03-12T05:38:21.934840,05d1d708-eabd-11ef-88c2-aa7241d1fb4f,HUB De Thermen ,51.927426752,4.380236246,8,2,9999
2026-03-12T05:38:21.934840,b3381a7a-2036-11f0-ab1d-9ae3af3bf913,BH Oudedijk / de Nieuwe Plantage,51.929149075,4.505248613,8,7,9999
2026-03-12T05:38:21.934840,8b480576-eabc-11ee-a9f0-82366b51b915,BH Schiedamseweg Beneden,51.914135146,4.422297364,5,7,9999
2026-03-12T05:38:21.934840,89a2f1d2-a5b3-11f0-ab44-baed9603afbb,Metrostation Vijfsluizen,51.908108215,4.37254105,8,1,9999
2026-03-12T05:38:21.934840,e50f3d1e-f069-11ef-9ed7-0ea3ed1ae564,HUB Oranjestraat - Lange Nieuwstraat,51.913368472,4.40030457,5,0,9999
2026-03-12T05:38:21.934840,4c1b19a4-d0a1-11ee-8b0e-065810cc8d78,BH Elandstraat,51.910800072,4.553878993,10,5,9999
2026-03-12T05:38:21.934840,bbbba24e-806e-11ed-b1e6-fa4fb8e2990b,RK P+R Noorderhelling,51.894761016,4.532122707,15,0,9999
2026-03-12T05:38:21.934840,3ac0b682-8129-11ed-b1e6-fa4fb8e2990b,RK Cor Kieboomplein,51.896922039,4.523502821,15,1,9999
2026-03-12T05:38:21.934840,5a3ffbf4-37b1-11ef-a21a-8e54a72a50da,HUB Metrostation Nieuwland / Van Limburg Stirumstraat,51.922446663,4.38308784,6,2,3
2026-03-12T05:38:21.934840,5d8d12a2-a5b4-11f0-ab44-baed9603afbb,Van Heekstraat,51.931167557,4.406024405,4,0,9999
2026-03-12T05:38:21.934840,f251d6e8-0b82-11ef-b58d-569a23b994be,BH Metrostation Graskruid ,51.956473743,4.550010233,8,4,9999
2026-03-12T05:38:21.934840,a4d2ea7c-b2f0-11ef-aa57-62870c7808bb,BH 2e Hogenbanweg,51.936951327,4.427707182,8,0,9999
2026-03-12T05:38:21.934840,75ba0d1a-2037-11f0-ab1d-9ae3af3bf913,BH Stadhoudersweg,51.931417737,4.461484988,10,2,9999
2026-03-12T05:38:21.934840,bc6b0d7e-a745-11ef-8778-d2279db84567,BH Goudsewagenstraat,51.923224462,4.493552746,8,7,9999
2026-03-12T05:38:21.934840,0f37eafc-8912-11ee-bb01-c602c1905375,BH Metro Oostplein,51.922677789,4.497608825,10,8,9999
2026-03-12T05:38:21.934840,aed7c2fa-8123-11ed-b1e6-fa4fb8e2990b,RK Groene Hilledijk/Beijerlandselaan,51.893806789,4.509452258,10,4,9999
2026-03-12T05:38:21.934840,c76f0318-bb92-11ef-a02d-6ea8ed91bd56,BH NS Centraal Station (Stationssingel),51.925399994,4.466148375,10,3,9999
2026-03-12T05:38:21.934840,361a368c-a5b4-11f0-ab44-baed9603afbb,Sportpark Haga (Epke Zonderlandstraat),51.921919868,4.370918199,8,3,9999
2026-03-12T05:38:21.934840,f4c0fe5e-02d6-11ef-b58d-569a23b994be,BH Paulus Potterstraat,51.9228414,4.508497696,10,7,9999
2026-03-12T05:38:21.934840,48cbf66e-9f15-11ee-a91e-ee69b7c7763e,BH Franselaan,51.917379138,4.420463507,10,8,9999
2026-03-12T05:38:21.934840,e9735b4e-7da7-11f0-ab44-baed9603afbb,BH Veldkersweg,51.966835673,4.46657292,8,0,9999
2026-03-12T05:38:21.934840,4b1ac684-bb93-11ef-a02d-6ea8ed91bd56,BH Noorderkanaalweg,51.940525593,4.472984586,9,3,9999
2026-03-12T05:38:21.934840,033a9392-3700-11f0-ab1d-9ae3af3bf913,BH Herman Bavinckstraat,51.915067882,4.521446921,10,2,9999
2026-03-12T05:38:21.934840,ffe8c3e8-a8da-11ef-8778-d2279db84567,BH Mathenesserplein,51.917836602,4.44508891,8,7,9999
2026-03-12T05:38:21.934840,e377069a-ff63-11ef-a79f-a65a77daff90,BH Kralingsebos Bosdreef/Pr. Beatrixlaan,51.93789612,4.501689644,8,1,9999
2026-03-12T05:38:21.934840,7af95f9c-a747-11ef-8778-d2279db84567,BH Kruisplein,51.92228569,4.47138789,6,2,9999
2026-03-12T05:38:21.934840,4c50cb7a-bdb6-11ed-b1e6-fa4fb8e2990b,RK Olympiaweg,51.886462746,4.529133302,10,3,9999
2026-03-12T05:38:21.934840,a694ef4e-36e5-11f0-ab1d-9ae3af3bf913,BH Neushoornstraat,51.913041554,4.553743002,6,1,1
2026-03-12T05:38:21.934840,be56ca62-8120-11ed-b1e6-fa4fb8e2990b,RK P+R Beverwaard,51.885771514,4.568986239,10,1,9999
2026-03-12T05:38:21.934840,d5af3bc4-806a-11ed-b1e6-fa4fb8e2990b,BH Kievitslaan,51.907226862,4.473300159,17,1,9999
2026-03-12T05:38:21.934840,dd006abc-a5b3-11f0-ab44-baed9603afbb,Havenstraat,51.903204365,4.398004897,8,0,9999
2026-03-12T05:38:21.934840,6f09af84-eabe-11ee-a9f0-82366b51b915,BH Delftseplein ,51.925206514,4.474011701,14,1,9999
2026-03-12T05:38:21.934840,1cfb89ec-806b-11ed-b1e6-fa4fb8e2990b,BH Westplein,51.908912961,4.478583441,10,5,9999
2026-03-12T05:38:21.934840,12fc10a4-bb94-11ef-a02d-6ea8ed91bd56,BH Noordplein,51.930251975,4.483699175,10,3,9999
2026-03-12T05:38:21.934840,276e8d26-bda0-11ed-b1e6-fa4fb8e2990b,RK Strevelsweg,51.889634937,4.495943368,15,2,9999
2026-03-12T05:38:21.934840,9e066470-2038-11f0-ab1d-9ae3af3bf913,BH Kralinger Esch,51.911179823,4.524762065,9,3,9999
2026-03-12T05:38:21.934840,9b1f0aaa-8125-11ed-b1e6-fa4fb8e2990b,RK Slaghekstraat - Beijerlandselaan,51.897574833,4.511261604,10,3,9999
2026-03-12T05:38:21.934840,b8c81048-2037-11f0-ab1d-9ae3af3bf913,BH Van Maanenstraat,51.932279316,4.464280453,6,7,9999
2026-03-12T05:38:21.934840,1f4ff66c-bdb8-11ed-b1e6-fa4fb8e2990b,RK Van der Takstraat ,51.914243737,4.496045621,10,8,9999
2026-03-12T05:38:21.934840,3b523cee-5c94-11f0-ab1d-9ae3af3bf913,BH - Wilhelminapier,51.90698281,4.489727426,14,3,9999
2026-03-12T05:38:21.934840,e8d292d2-039a-11ef-b58d-569a23b994be,BH Mia van Yperenplein ,51.928414546,4.545678043,10,6,9999
2026-03-12T05:38:21.934840,12daf18a-8068-11ed-b1e6-fa4fb8e2990b,BH Treinst. Lombardijen (Aesopusplaats),51.880478018,4.530040287,10,0,9999
2026-03-12T05:38:21.934840,558e4a5a-eaba-11ee-a9f0-82366b51b915,BH Blijdorplaan ,51.927389289,4.440437692,22,13,9999
2026-03-12T05:38:21.934840,5a8de282-36ee-11f0-ab1d-9ae3af3bf913,BH van Blommesteynweg,51.888148155,4.460842726,10,1,9999
2026-03-12T05:38:21.934840,078569ee-a5b5-11f0-ab44-baed9603afbb,Nieuwe Waterwegstraat (digitale testhub),51.900682979,4.390873601,12,0,9999
2026-03-12T05:38:21.934840,8e5dd27e-06fd-11ef-b58d-569a23b994be,BH Prins Alexanderplein,51.951040272,4.553684972,14,0,9999
2026-03-12T05:38:21.934840,a6843864-fbc4-11ee-b58d-569a23b994be,Trompenburg 1,51.917696349,4.517981647,10,9,0
2026-03-12T05:38:21.934840,5b583480-a8da-11ef-8778-d2279db84567,BH Duyststraat,51.910073429,4.452225738,8,5,9999
2026-03-12T05:38:21.934840,2510e9ba-a5b6-11f0-847a-baed9603afbb,Hub Kloosterplaats,51.91675013,4.402112308,6,4,9999
2026-03-12T05:38:21.934840,880e3e72-a8dd-11ef-8778-d2279db84567,BH Spaansebocht,51.917413667,4.430014126,9,0,9999
2026-03-12T05:38:21.934840,b5b3324a-edb9-11ee-a9f0-82366b51b915,BH Siondwarsstraat,51.925261494,4.51053174,10,0,9999
2026-03-12T05:38:21.934840,94b01d94-edc6-11ee-a9f0-82366b51b915,BH Schuttersveld,51.933248028,4.490978921,10,7,9999
2026-03-12T05:38:21.934840,69b33170-edbd-11ee-a9f0-82366b51b915,BH Metro Oostplein 2,51.923145722,4.496820843,10,7,9999
2026-03-12T05:38:21.934840,67d6af9a-f068-11ef-ba40-0ea3ed1ae564,HUB Hof van Spaland - Schiedamseweg,51.934898803,4.378145906,12,1,9999
2026-03-12T05:38:21.934840,4933dd54-9e7c-11ee-a91e-ee69b7c7763e,BH Willem Ruyslaan (Luzac College),51.925421889,4.508669446,10,10,9999
2026-03-12T05:38:21.934840,9f935b6c-b095-11ef-b6d3-56d88772ab1a,BH Bergpolderplein,51.945227242,4.474988047,8,6,9999
2026-03-12T05:38:21.934840,8a2d056c-bb93-11ef-a02d-6ea8ed91bd56,BH NS Station Noord (Bergweg),51.941530048,4.481339526,10,4,6
2026-03-12T05:38:21.934840,4d95ab34-8122-11ed-b1e6-fa4fb8e2990b,RK Metrostation Maashaven ,51.896573582,4.494245173,30,2,9999
2026-03-12T05:38:21.934840,3d015ff0-8394-11ee-bb01-c602c1905375,BH Metrostation Oosterflank,51.945209326,4.555045447,10,0,9999
2026-03-12T05:38:21.934840,defeb050-a747-11ef-8778-d2279db84567,BH Karel Doormanstraat,51.922789549,4.473609692,9,1,9999
2026-03-12T05:38:21.934840,b5dc5454-890f-11ee-bb01-c602c1905375,BH Schilderstraat,51.916377397,4.48142868,8,1,9999
2026-03-12T05:38:21.934840,2f12ae3e-806c-11ed-b1e6-fa4fb8e2990b,BH Winkelcentrum Keizerswaard-Herenw,51.886358391,4.549308056,15,16,9999
2026-03-12T05:38:21.934840,3b6d73a8-805d-11ed-b1e6-fa4fb8e2990b,BH Metrostation Melanchtonweg,51.94881199,4.465233746,10,2,9999
2026-03-12T05:38:21.934840,d5832958-891a-11ee-bb01-c602c1905375,BH Metro Zuidplein (nieuw),51.887180341,4.491554668,10,2,9999
2026-03-12T05:38:21.934840,a535094e-b162-11ef-bdcd-5adc5d29ed54,BH Eudokiaplein,51.932433484,4.47153255,9,5,9999
2026-03-12T05:38:21.934840,437f8dc8-bd9e-11ed-b1e6-fa4fb8e2990b,RK Hillevliet,51.89558515,4.506432514,10,2,9999
2026-03-12T05:38:21.934840,f10d8ab4-9997-11ee-a91e-ee69b7c7763e,BH Shell Hofplein,51.925705456,4.477781355,28,4,9999
2026-03-12T05:38:21.934840,94467720-8127-11ed-b1e6-fa4fb8e2990b,RK Persoonsdam,51.909309099,4.508017165,10,3,9999
2026-03-12T05:38:21.934840,9245444a-2023-11f0-ab1d-9ae3af3bf913,BH Witte de Withstraat,51.915906523,4.478080905,10,4,9999
2026-03-12T05:38:21.934840,49d59348-ff64-11ef-b515-a65a77daff90,BH Bergweg (Dirk van den Broek),51.93856254,4.479465675,6,6,9999
2026-03-12T05:38:21.934840,30fb96bc-8124-11ed-b1e6-fa4fb8e2990b,RK Beverwaardseweg/ Borgharensingel,51.898798338,4.564663375,10,1,9999
2026-03-12T05:38:21.934840,9a1fb404-8ab3-11ee-bb01-c602c1905375,BH Langenhorst ,51.874120882,4.494254863,10,3,9999
2026-03-12T05:38:21.934840,abe67bfa-b096-11ef-b6d3-56d88772ab1a,BH Wilgenplaslaan/ Donkersingel,51.951337599,4.47048253,10,5,9999
2026-03-12T05:38:21.934840,068b0f9c-a8dd-11ef-8778-d2279db84567,BH Vierhavenstraat (Sahan),51.908502395,4.437727106,4,1,9999
2026-03-12T05:38:21.934840,bc0e7e9c-a8da-11ef-8778-d2279db84567,BH Jan van Vuchtstraat,51.917045317,4.460830874,6,3,9999
2026-03-12T05:38:21.934840,8b721818-a5b2-11f0-ab44-baed9603afbb,Lekstraat,51.90446958,4.406985264,6,2,9999
2026-03-12T05:38:21.934840,ad212572-06f7-11ef-b58d-569a23b994be,BH Molenlaan/Grindweg,51.963224537,4.49571068,10,2,9999
2026-03-12T05:38:21.934840,f8828c3e-806d-11ed-b1e6-fa4fb8e2990b,RK Station Rdam Zuid,51.905545015,4.509568537,15,5,9999
2026-03-12T05:38:21.934840,5f71799e-806b-11ed-b1e6-fa4fb8e2990b,BH Willemsplein,51.911118908,4.481894771,17,6,9999
2026-03-12T05:38:21.934840,42824336-bd97-11ed-b1e6-fa4fb8e2990b,RK Groene Hilledijk,51.882726433,4.504266667,10,2,9999
2026-03-12T05:38:21.934840,db6932f4-182b-11ef-a8d1-42f0fecaeb6a,BH Metrostation Nesselande,51.978969273,4.586177782,10,0,9999
2026-03-12T05:38:21.934840,e26322b0-2025-11f0-ab1d-9ae3af3bf913,BH Brielselaan,51.896298935,4.489248091,4,1,9999
2026-03-12T05:38:21.934840,c862b7f2-06fb-11ef-b58d-569a23b994be,BH Prins Alexanderlaan (metrobaan zijde),51.952192324,4.551435621,10,0,9999
2026-03-12T05:38:21.934840,c53689c2-8124-11ed-b1e6-fa4fb8e2990b,RK Peellandstraat / Beesdestraat ,51.888535309,4.567291893,10,4,9999
2026-03-12T05:38:21.934840,8f5d35a0-1834-11ef-8071-42f0fecaeb6a,BH Jan Bijloostraat (Winkelcentrum Lage Land),51.941821995,4.546449269,9,9,9999
2026-03-12T05:38:21.934840,f8fcd3a4-983a-11ef-a85a-be896af2d3a5,BH Rhijnauwensingel,51.892161199,4.569620613,12,2,9999
2026-03-12T05:38:21.934840,118239d4-a5b2-11f0-ab44-baed9603afbb,Lorentzlaan (bushalte),51.917994492,4.415061192,4,0,9999
2026-03-12T05:38:21.934840,0c107276-bdb7-11ed-b1e6-fa4fb8e2990b,RK Sandelingenplein,51.889562128,4.506962326,10,5,9999
2026-03-12T05:38:21.934840,75b8bea6-81d8-11ed-b1e6-fa4fb8e2990b,RK Metrostation Maashaven (Putselaan),51.897794241,4.495760713,10,7,9999
2026-03-12T05:38:21.934840,a20bbbae-bdae-11ed-b1e6-fa4fb8e2990b,RK Frankendaal,51.886951976,4.521294152,10,0,9999
2026-03-12T05:38:21.934840,f1df385c-f5b2-11ef-81b3-76e5c571f05f,HUB Admiraal de Ruyterstraat,51.906742474,4.38554997,8,3,9999
2026-03-12T05:38:21.934840,4247dd56-1c9f-11ee-8219-8ed3b2364c4f,BH Metro Coolhaven,51.909218289,4.458167882,10,4,9999
2026-03-12T06:34:56.674445,65af1c24-06f4-11ef-b58d-569a23b994be,BH Meerum Terwogtlaan,51.951763386,4.524587387,10,3,9999
2026-03-12T06:34:56.674445,bc839806-a5b1-11f0-ab44-baed9603afbb,Van het Hoffplein (Boerhavelaan),51.916219132,4.412005574,8,3,9999
2026-03-12T06:34:56.674445,2c632780-a8de-11ef-8778-d2279db84567,BH Schuttevaerweg,51.922420472,4.434869706,10,0,9999
2026-03-12T06:34:56.674445,a3c07f10-a5b5-11f0-b05b-baed9603afbb,HUB Hoofdbrug,51.908705902,4.406131267,8,1,9999
2026-03-12T06:34:56.674445,b9bfe680-fbc4-11ee-b58d-569a23b994be,Trompenburg 2,51.917638379,4.518889893,10,0,10
2026-03-12T06:34:56.674445,3c659862-a8dd-11ef-8778-d2279db84567,BH Mayflowerstraat,51.905015647,4.440161906,10,8,9999
2026-03-12T06:34:56.674445,e0a4baca-a748-11ef-8778-d2279db84567,BH Mariniersweg,51.920853425,4.490979502,10,5,9999
2026-03-12T06:34:56.674445,c35c448e-06fc-11ef-b58d-569a23b994be,BH Jacob van Campenweg ,51.942434165,4.537976212,7,10,9999
2026-03-12T06:34:56.674445,438486f4-a5b6-11f0-a150-baed9603afbb,HUB Koemarkt ingang garage,51.914517902,4.401917461,6,4,9999
2026-03-12T06:34:56.674445,365f4a3e-a5b3-11f0-ab44-baed9603afbb,Rubensplein,51.911712719,4.383665134,6,1,9999
2026-03-12T06:34:56.674445,a85b996e-fe23-11ee-b58d-569a23b994be,BH Dirk van der Kooijweg (Waterleliesingel),51.953796964,4.52009166,10,1,9999
2026-03-12T06:34:56.674445,19e2de56-b5d8-11ee-9ae6-5263e3f30f1e,BH STC Waalhaven,51.878297275,4.448759787,10,1,9999
2026-03-12T06:34:56.674445,c6c213ee-ed18-11ef-9957-f683e5eb607c,BH Langenhorst (Binkhorst),51.877310029,4.494737503,10,3,9999
2026-03-12T06:34:56.674445,3366f8b0-a8dc-11ef-8778-d2279db84567,BH Vierhavenstraat (WoonEnzo),51.907777562,4.438830385,4,7,9999
2026-03-12T06:34:56.674445,04a89aea-a5b3-11f0-ab44-baed9603afbb,Groenelaan Hagastraat (Winkelcentrum),51.907303396,4.402285408,4,1,9999
2026-03-12T06:34:56.674445,32638aa6-a5b5-11f0-9f09-baed9603afbb,HUB Laan van Bol'es,51.928443203,4.370771711,10,2,9999
2026-03-12T06:34:56.674445,291c2f72-a749-11ef-8778-d2279db84567,BH Westzeedijk,51.909321622,4.471436479,10,1,9999
2026-03-12T06:34:56.674445,abd627be-67bb-11f0-91de-5eaa9feacc9b,BH Schiekade (Heer Bokelweg),51.927133058,4.476309832,10,1,9999
2026-03-12T06:34:56.674445,8948d5a4-b094-11ef-b6d3-56d88772ab1a,BH Duivenpad,51.964922912,4.498254116,8,5,9999
2026-03-12T06:34:56.674445,227e8c1e-be97-11ee-9ae6-5263e3f30f1e,HUB Metrostation Troelstralaan,51.915742295,4.384972326,10,0,9999
2026-03-12T06:34:56.674445,0af509a8-06f7-11ef-b58d-569a23b994be,BH Beethovensingel,51.96114919,4.505141448,10,16,9999
2026-03-12T06:34:56.674445,dc06f296-1768-11ef-8071-42f0fecaeb6a,BH Prins Alexanderlaan (Oosterflank),51.946646256,4.553811478,12,2,9999
2026-03-12T06:34:56.674445,221af3ce-7fe1-11ee-bb01-c602c1905375,BH Metro Prinsenlaan,51.940647564,4.556931306,10,2,9999
2026-03-12T06:34:56.674445,a793d6ba-edc8-11ee-a9f0-82366b51b915,BH Infirmeriestraat,51.922255603,4.502265891,10,9,9999
2026-03-12T06:34:56.674445,0359e1a2-bdb3-11ed-b1e6-fa4fb8e2990b,RK Rosestraat 11C,51.902954022,4.511377745,10,9,9999
2026-03-12T06:34:56.674445,87f07e20-9e78-11ee-a91e-ee69b7c7763e,BH Marconistraat (Lee Towers),51.912441021,4.430411189,14,3,9999
2026-03-12T06:34:56.674445,f539bd6e-06f8-11ef-b58d-569a23b994be,BH Meijersplein,51.955657978,4.463033845,8,1,9999
2026-03-12T06:34:56.674445,70f0801a-8071-11ed-b1e6-fa4fb8e2990b,RK treinstation Lombardijen,51.88057913,4.531905572,30,5,9999
2026-03-12T06:34:56.674445,43752ffc-a8db-11ef-8778-d2279db84567,BH Pieter de Hoochweg,51.906316301,4.459985731,6,11,9999
2026-03-12T06:34:56.674445,b35ddad8-ab08-11ef-8778-d2279db84567,HUB Rotterdamsedijk 272,51.914957692,4.40343084,8,1,9999
2026-03-12T06:34:56.674445,9b1fa0f6-ae3c-11ee-a91e-ee69b7c7763e,BH Winkelhart Plein 1953,51.874842065,4.467889739,10,5,9999
2026-03-12T06:34:56.674445,8bd90878-0884-11f0-9a47-66143dd92f22,RK Molenvliet,51.882626536,4.521159806,10,5,9999
2026-03-12T06:34:56.674445,45450b66-a5b2-11f0-ab44-baed9603afbb,Maasdijk (Gustoweg),51.906629018,4.412009895,6,2,9999
2026-03-12T06:34:56.674445,4de2effe-f068-11ef-ba40-0ea3ed1ae564,HUB Hof van Spaland - Vlaardingseweg,51.935841728,4.376077923,4,0,9999
2026-03-12T06:34:56.674445,d38c6468-06fe-11ef-b58d-569a23b994be,BH Kleine Beer,51.950902127,4.555051083,6,1,9999
2026-03-12T06:34:56.674445,e552904e-182b-11ef-a8d1-42f0fecaeb6a,BH Metrostation Hesseplaats,51.963345229,4.554510684,10,4,9999
2026-03-12T06:34:56.674445,1826196c-b162-11ef-bdcd-5adc5d29ed54,BH Bentincklaan (Diergaarde Blijdorp),51.92572504,4.454794024,10,6,9999
2026-03-12T06:34:56.674445,8a1e5ed0-1c9e-11ee-8219-8ed3b2364c4f,BH Sparta stadion,51.920151368,4.434428835,20,16,9999
2026-03-12T06:34:56.674445,d3c9003c-b486-11ee-9ae6-5263e3f30f1e,BH Oostzeedijk Beneden,51.922514244,4.503092963,10,8,9999
2026-03-12T06:34:56.674445,552a82b8-b094-11ef-b6d3-56d88772ab1a,BH Hockeyclub Rotterdam,51.96869974,4.484731647,25,3,9999
2026-03-12T06:34:56.674445,cb3f6d1c-a746-11ef-8778-d2279db84567,BH Vasteland (AH),51.911537089,4.478368712,10,10,9999
2026-03-12T06:34:56.674445,d4a8557a-eabd-11ef-ac99-aa7241d1fb4f,HUB Admiraal Trompstraat (Huisman),51.908834504,4.381923039,8,0,9999
2026-03-12T06:34:56.674445,00e8b3de-9e82-11ee-a91e-ee69b7c7763e,BH Jacques Dutilhweg,51.927993284,4.5475155,10,7,9999
2026-03-12T06:34:56.674445,d868fe52-36e5-11f0-ab1d-9ae3af3bf913,BH Sluisjesdijk,51.894714517,4.461900478,10,3,0
2026-03-12T06:34:56.674445,4338fed2-edbb-11ee-a9f0-82366b51b915,BH Oostzeedijk Beneden 2,51.921653595,4.507031037,10,14,9999
2026-03-12T06:34:56.674445,2c82bb9a-217b-11ee-8219-8ed3b2364c4f,Hub Weena,51.922738296,4.469181329,142,16,9999
2026-03-12T06:34:56.674445,96f5cbdc-06f6-11ef-b58d-569a23b994be,BH Argonautenweg,51.959086712,4.49354982,10,0,9999
2026-03-12T06:34:56.674445,2f51713e-32b7-11ee-8219-8ed3b2364c4f,Hub P+R Capelsebrug,51.920991793,4.559215491,18,3,9999
2026-03-12T06:34:56.674445,62b0255a-9e7a-11ee-a91e-ee69b7c7763e,BH Vierhavenstraat,51.910327597,4.434992993,16,9,9999
2026-03-12T06:34:56.674445,2b10524e-06f5-11ef-b58d-569a23b994be,BH Piet van der Polsingel,51.950618784,4.518612648,8,4,9999
2026-03-12T06:34:56.674445,47070056-06fa-11ef-b58d-569a23b994be,BH Metrostation Schenkel,51.931770435,4.56406792,12,2,9999
2026-03-12T06:34:56.674445,7a8c12ba-91ab-11ed-b1e6-fa4fb8e2990b,BH Metrostation Slinge,51.874526023,4.477872534,15,1,9999
2026-03-12T06:34:56.674445,026045c6-8530-11ee-bb01-c602c1905375,BH Winkelhart Katendrechtse Lagedijk,51.891184937,4.479440034,10,3,9999
2026-03-12T06:34:56.674445,9d9bb8ec-4bd1-11ee-bb01-c602c1905375,BH Marconiplein,51.913319277,4.432514448,10,2,9999
2026-03-12T06:34:56.674445,8330f3ca-a5b4-11f0-ab44-baed9603afbb,Fokkerstraat Plesmanstraat,51.929694009,4.399576614,4,1,9999
2026-03-12T06:34:56.674445,5b842034-5331-11f0-ab1d-9ae3af3bf913,BH Walenburgerweg,51.926698659,4.462629155,10,7,9999
2026-03-12T06:34:56.674445,a08059b6-b484-11ee-9ae6-5263e3f30f1e,BH Metrostation Gerdesiaweg,51.925444134,4.506155972,10,2,9999
2026-03-12T06:34:56.674445,2f718c84-8911-11ee-bb01-c602c1905375,BH Metro Dijkzigt - EMC,51.911789199,4.466334846,20,8,9999
2026-03-12T06:34:56.674445,f58e41fc-1c9f-11ee-8219-8ed3b2364c4f,BH Heemraadsplein,51.912322959,4.455058085,10,1,9999
2026-03-12T06:34:56.674445,79fdd038-34b8-11f0-ab1d-9ae3af3bf913,BH RTHA Airport,51.94924845,4.432611987,10,6,0
2026-03-12T06:34:56.674445,1c41897e-596e-11ef-bed6-aa139991deb4,HUB Metrostation Nieuwland / Bijdorpplein,51.922583819,4.38260008,10,0,9999
2026-03-12T06:34:56.674445,a57d027c-8912-11ee-bb01-c602c1905375,BH Delftse Poort,51.924408145,4.472816464,10,3,9999
2026-03-12T06:34:56.674445,6383849a-2038-11f0-ab1d-9ae3af3bf913,BH - Kralingsebos (Langepad),51.936318565,4.506197017,10,0,9999
2026-03-12T06:34:56.674445,e90e9332-06f5-11ef-b58d-569a23b994be,BH Burgemeester Le Fèvre de Montignylaan,51.957620055,4.501711782,10,0,9999
2026-03-12T06:34:56.674445,5cb3ffde-bdaf-11ed-b1e6-fa4fb8e2990b,RK Stadionlaan,51.892328813,4.530682857,10,4,9999
2026-03-12T06:34:56.674445,02bed1f8-8392-11ee-bb01-c602c1905375,BH Station Alexander,51.951735827,4.551049232,10,3,9999
2026-03-12T06:34:56.674445,08d5cf66-8ab2-11ee-bb01-c602c1905375,BH Winkelhart Asterlo,51.873536387,4.483591736,10,1,9999
2026-03-12T06:34:56.674445,0e51e024-c757-11ee-9ae6-5263e3f30f1e,BH Metrostation Binnenhof,51.960437867,4.535372966,10,5,9999
2026-03-12T06:34:56.674445,409f87f6-890f-11ee-bb01-c602c1905375,BH Metro Beurs,51.917806013,4.480107053,8,2,9999
2026-03-12T06:34:56.674445,d6a7cd26-4d08-11f0-ab1d-9ae3af3bf913,BH - Oudehoofdplein-Haringvliet,51.918979475,4.49384405,10,4,9999
2026-03-12T06:34:56.674445,f0ad9b92-1767-11ef-8071-42f0fecaeb6a,BH Prinsenlaan,51.937206457,4.536127586,10,0,9999
2026-03-12T06:34:56.674445,f06fd44c-2035-11f0-ab1d-9ae3af3bf913,BH Boezemlaan,51.938982631,4.495864471,10,5,9999
2026-03-12T06:34:56.674445,8d91a90c-9e83-11ee-a91e-ee69b7c7763e,BH Kraaierstraat,51.91909698,4.418192898,8,8,9999
2026-03-12T06:34:56.674445,a2671a36-bdad-11ed-b1e6-fa4fb8e2990b,RK Dwarsdijk,51.893055987,4.539201504,10,9,9999
2026-03-12T06:34:56.674445,376a5cda-06f8-11ef-b58d-569a23b994be,BH Ganzerikplein,51.958953276,4.471584016,10,4,9999
2026-03-12T06:34:56.674445,5cdd9872-b096-11ef-b6d3-56d88772ab1a,BH Wilgenplaslaan/ Meidoornsingel,51.953868042,4.468211582,7,2,9999
2026-03-12T06:34:56.674445,952a3e78-a8db-11ef-8778-d2279db84567,BH Lloydstraat,51.902214281,4.461287644,10,8,9999
2026-03-12T06:34:56.674445,a6fa0910-8067-11ed-b1e6-fa4fb8e2990b,BH Stadion Fey (Bert Heesakkerstr.),51.896805818,4.521735582,50,3,9999
2026-03-12T06:34:56.674445,a1337d02-e018-11ed-a249-96cdaf8f7240,BH Sint Franciscus,51.942171146,4.460534407,25,3,9999
2026-03-12T06:34:56.674445,d3cea108-8285-11f0-ab44-baed9603afbb,BH - Ratelaarweg,51.967431611,4.463349689,10,2,9999
2026-03-12T06:34:56.674445,3bef7002-bdb5-11ed-b1e6-fa4fb8e2990b,RK Breeweg,51.890630632,4.514261169,10,3,9999
2026-03-12T06:34:56.674445,8c90734c-45bb-11ee-8219-8ed3b2364c4f,BH Coen Moulijnweg,51.893813253,4.526876329,42,2,9999
2026-03-12T06:34:56.674445,1b098490-2037-11f0-ab1d-9ae3af3bf913,BH Karmelweg,51.933461291,4.5029394,8,1,9999
2026-03-12T06:34:56.674445,23348a06-bdb1-11ed-b1e6-fa4fb8e2990b,RK Guido Gezelleweg,51.87434607,4.523238145,10,5,9999
2026-03-12T06:34:56.674445,66824038-37b2-11ef-a21a-8e54a72a50da,HUB Metrostation Parkweg / Zuidzijde,51.921443238,4.39475836,10,1,9
2026-03-12T06:34:56.674445,2c127298-ff25-11ef-a79f-a65a77daff90,BH Aert van Nesstraat,51.921141166,4.478916173,8,3,9999
2026-03-12T06:34:56.674445,cde445c6-a744-11ef-8778-d2279db84567,BH Groenendaal,51.921685178,4.492944049,6,5,9999
2026-03-12T06:34:56.674445,97c6a1c2-a8da-11ef-8778-d2279db84567,BH Henegouwerplein,51.921807589,4.460561523,10,5,9999
2026-03-12T06:34:56.674445,e68d5642-a5b5-11f0-b6c1-baed9603afbb,HUB NS Station Schiedam Centrum/ Professor Kamerlingh Onneslaan,51.92071744,4.408262487,12,5,9999
2026-03-12T06:34:56.674445,82623a40-bda3-11ed-b1e6-fa4fb8e2990b,RK Rosestraat,51.91100607,4.501308573,10,3,9999
2026-03-12T06:34:56.674445,b7353df6-b485-11ee-9ae6-5263e3f30f1e,BH Metrostation Kralingsezoom (Gravenweg),51.921751706,4.533850265,10,7,9999
2026-03-12T06:34:56.674445,6c34980a-bb92-11ef-a02d-6ea8ed91bd56,BH Gordelweg (Lidl),51.940472428,4.479798999,4,2,9999
2026-03-12T06:34:56.674445,5904bd1a-a5b5-11f0-b05b-baed9603afbb,HUB Hof van Spaland - Bachplein,51.934889388,4.374726808,8,2,9999
2026-03-12T06:34:56.674445,32ca5fd0-8126-11ed-b1e6-fa4fb8e2990b,RK Vuurplaat,51.906526668,4.505838102,10,1,9999
2026-03-12T06:34:56.674445,f94a1ff6-b095-11ef-b6d3-56d88772ab1a,BH Bm Le Fèvre de Montignylaan/ Jeroen Boschlaan,51.955641943,4.505982462,6,0,9999
2026-03-12T06:34:56.674445,4228b402-8537-11ee-bb01-c602c1905375,BH Tongelaarweg,51.895280064,4.563514996,10,2,9999
2026-03-12T06:34:56.674445,6f66a60c-36e5-11f0-ab1d-9ae3af3bf913,BH Lloydpier,51.904487669,4.460458303,8,4,0
2026-03-12T06:34:56.674445,7d81b63e-a5b5-11f0-b05b-baed9603afbb,HUB 's Gravelandseweg,51.932091958,4.401924037,6,1,9999
2026-03-12T06:34:56.674445,a3dbb322-8121-11ed-b1e6-fa4fb8e2990b,RK Metrostation Rijnhaven ,51.902216981,4.49610172,15,7,9999
2026-03-12T06:34:56.674445,cf23b50e-9ad0-11f0-ab44-baed9603afbb,BH Natuurhistorisch museum,51.911022288,4.472728259,12,1,9999
2026-03-12T06:34:56.674445,d55243f6-182b-11ef-a8d1-42f0fecaeb6a,BH Siciliëboulevard ,51.97996654,4.580859756,10,1,9999
2026-03-12T06:34:56.674445,e0f7ef36-a5b4-11f0-ab44-baed9603afbb,Havenstraat einde (digitale testhub),51.900396883,4.398614319,12,0,9999
2026-03-12T06:34:56.674445,05d1d708-eabd-11ef-88c2-aa7241d1fb4f,HUB De Thermen ,51.927426752,4.380236246,8,2,9999
2026-03-12T06:34:56.674445,b3381a7a-2036-11f0-ab1d-9ae3af3bf913,BH Oudedijk / de Nieuwe Plantage,51.929149075,4.505248613,8,6,9999
2026-03-12T06:34:56.674445,8b480576-eabc-11ee-a9f0-82366b51b915,BH Schiedamseweg Beneden,51.914135146,4.422297364,5,7,9999
2026-03-12T06:34:56.674445,89a2f1d2-a5b3-11f0-ab44-baed9603afbb,Metrostation Vijfsluizen,51.908108215,4.37254105,8,0,9999
2026-03-12T06:34:56.674445,e50f3d1e-f069-11ef-9ed7-0ea3ed1ae564,HUB Oranjestraat - Lange Nieuwstraat,51.913368472,4.40030457,5,0,9999
2026-03-12T06:34:56.674445,4c1b19a4-d0a1-11ee-8b0e-065810cc8d78,BH Elandstraat,51.910800072,4.553878993,10,5,9999
2026-03-12T06:34:56.674445,bbbba24e-806e-11ed-b1e6-fa4fb8e2990b,RK P+R Noorderhelling,51.894761016,4.532122707,15,0,9999
2026-03-12T06:34:56.674445,3ac0b682-8129-11ed-b1e6-fa4fb8e2990b,RK Cor Kieboomplein,51.896922039,4.523502821,15,1,9999
2026-03-12T06:34:56.674445,5a3ffbf4-37b1-11ef-a21a-8e54a72a50da,HUB Metrostation Nieuwland / Van Limburg Stirumstraat,51.922446663,4.38308784,6,2,3
2026-03-12T06:34:56.674445,5d8d12a2-a5b4-11f0-ab44-baed9603afbb,Van Heekstraat,51.931167557,4.406024405,4,0,9999
2026-03-12T06:34:56.674445,f251d6e8-0b82-11ef-b58d-569a23b994be,BH Metrostation Graskruid ,51.956473743,4.550010233,8,4,9999
2026-03-12T06:34:56.674445,a4d2ea7c-b2f0-11ef-aa57-62870c7808bb,BH 2e Hogenbanweg,51.936951327,4.427707182,8,0,9999
2026-03-12T06:34:56.674445,75ba0d1a-2037-11f0-ab1d-9ae3af3bf913,BH Stadhoudersweg,51.931417737,4.461484988,10,2,9999
2026-03-12T06:34:56.674445,bc6b0d7e-a745-11ef-8778-d2279db84567,BH Goudsewagenstraat,51.923224462,4.493552746,8,7,9999
2026-03-12T06:34:56.674445,0f37eafc-8912-11ee-bb01-c602c1905375,BH Metro Oostplein,51.922677789,4.497608825,10,9,9999
2026-03-12T06:34:56.674445,aed7c2fa-8123-11ed-b1e6-fa4fb8e2990b,RK Groene Hilledijk/Beijerlandselaan,51.893806789,4.509452258,10,4,9999
2026-03-12T06:34:56.674445,c76f0318-bb92-11ef-a02d-6ea8ed91bd56,BH NS Centraal Station (Stationssingel),51.925399994,4.466148375,10,8,9999
2026-03-12T06:34:56.674445,361a368c-a5b4-11f0-ab44-baed9603afbb,Sportpark Haga (Epke Zonderlandstraat),51.921919868,4.370918199,8,3,9999
2026-03-12T06:34:56.674445,f4c0fe5e-02d6-11ef-b58d-569a23b994be,BH Paulus Potterstraat,51.9228414,4.508497696,10,7,9999
2026-03-12T06:34:56.674445,48cbf66e-9f15-11ee-a91e-ee69b7c7763e,BH Franselaan,51.917379138,4.420463507,10,7,9999
2026-03-12T06:34:56.674445,e9735b4e-7da7-11f0-ab44-baed9603afbb,BH Veldkersweg,51.966835673,4.46657292,8,0,9999
2026-03-12T06:34:56.674445,4b1ac684-bb93-11ef-a02d-6ea8ed91bd56,BH Noorderkanaalweg,51.940525593,4.472984586,9,3,9999
2026-03-12T06:34:56.674445,033a9392-3700-11f0-ab1d-9ae3af3bf913,BH Herman Bavinckstraat,51.915067882,4.521446921,10,2,9999
2026-03-12T06:34:56.674445,ffe8c3e8-a8da-11ef-8778-d2279db84567,BH Mathenesserplein,51.917836602,4.44508891,8,7,9999
2026-03-12T06:34:56.674445,e377069a-ff63-11ef-a79f-a65a77daff90,BH Kralingsebos Bosdreef/Pr. Beatrixlaan,51.93789612,4.501689644,8,2,9999
2026-03-12T06:34:56.674445,7af95f9c-a747-11ef-8778-d2279db84567,BH Kruisplein,51.92228569,4.47138789,6,2,9999
2026-03-12T06:34:56.674445,4c50cb7a-bdb6-11ed-b1e6-fa4fb8e2990b,RK Olympiaweg,51.886462746,4.529133302,10,3,9999
2026-03-12T06:34:56.674445,a694ef4e-36e5-11f0-ab1d-9ae3af3bf913,BH Neushoornstraat,51.913041554,4.553743002,6,1,1
2026-03-12T06:34:56.674445,be56ca62-8120-11ed-b1e6-fa4fb8e2990b,RK P+R Beverwaard,51.885771514,4.568986239,10,1,9999
2026-03-12T06:34:56.674445,d5af3bc4-806a-11ed-b1e6-fa4fb8e2990b,BH Kievitslaan,51.907226862,4.473300159,17,1,9999
2026-03-12T06:34:56.674445,dd006abc-a5b3-11f0-ab44-baed9603afbb,Havenstraat,51.903204365,4.398004897,8,1,9999
2026-03-12T06:34:56.674445,6f09af84-eabe-11ee-a9f0-82366b51b915,BH Delftseplein ,51.925206514,4.474011701,14,1,9999
2026-03-12T06:34:56.674445,1cfb89ec-806b-11ed-b1e6-fa4fb8e2990b,BH Westplein,51.908912961,4.478583441,10,6,9999
2026-03-12T06:34:56.674445,12fc10a4-bb94-11ef-a02d-6ea8ed91bd56,BH Noordplein,51.930251975,4.483699175,10,3,9999
2026-03-12T06:34:56.674445,276e8d26-bda0-11ed-b1e6-fa4fb8e2990b,RK Strevelsweg,51.889634937,4.495943368,15,2,9999
2026-03-12T06:34:56.674445,9e066470-2038-11f0-ab1d-9ae3af3bf913,BH Kralinger Esch,51.911179823,4.524762065,9,3,9999
2026-03-12T06:34:56.674445,9b1f0aaa-8125-11ed-b1e6-fa4fb8e2990b,RK Slaghekstraat - Beijerlandselaan,51.897574833,4.511261604,10,3,9999
2026-03-12T06:34:56.674445,b8c81048-2037-11f0-ab1d-9ae3af3bf913,BH Van Maanenstraat,51.932279316,4.464280453,6,6,9999
2026-03-12T06:34:56.674445,1f4ff66c-bdb8-11ed-b1e6-fa4fb8e2990b,RK Van der Takstraat ,51.914243737,4.496045621,10,7,9999
2026-03-12T06:34:56.674445,3b523cee-5c94-11f0-ab1d-9ae3af3bf913,BH - Wilhelminapier,51.90698281,4.489727426,14,4,9999
2026-03-12T06:34:56.674445,e8d292d2-039a-11ef-b58d-569a23b994be,BH Mia van Yperenplein ,51.928414546,4.545678043,10,6,9999
2026-03-12T06:34:56.674445,12daf18a-8068-11ed-b1e6-fa4fb8e2990b,BH Treinst. Lombardijen (Aesopusplaats),51.880478018,4.530040287,10,0,9999
2026-03-12T06:34:56.674445,558e4a5a-eaba-11ee-a9f0-82366b51b915,BH Blijdorplaan ,51.927389289,4.440437692,22,13,9999
2026-03-12T06:34:56.674445,5a8de282-36ee-11f0-ab1d-9ae3af3bf913,BH van Blommesteynweg,51.888148155,4.460842726,10,1,9999
2026-03-12T06:34:56.674445,078569ee-a5b5-11f0-ab44-baed9603afbb,Nieuwe Waterwegstraat (digitale testhub),51.900682979,4.390873601,12,0,9999
2026-03-12T06:34:56.674445,8e5dd27e-06fd-11ef-b58d-569a23b994be,BH Prins Alexanderplein,51.951040272,4.553684972,14,0,9999
2026-03-12T06:34:56.674445,a6843864-fbc4-11ee-b58d-569a23b994be,Trompenburg 1,51.917696349,4.517981647,10,9,0
2026-03-12T06:34:56.674445,5b583480-a8da-11ef-8778-d2279db84567,BH Duyststraat,51.910073429,4.452225738,8,5,9999
2026-03-12T06:34:56.674445,2510e9ba-a5b6-11f0-847a-baed9603afbb,Hub Kloosterplaats,51.91675013,4.402112308,6,4,9999
2026-03-12T06:34:56.674445,880e3e72-a8dd-11ef-8778-d2279db84567,BH Spaansebocht,51.917413667,4.430014126,9,0,9999
2026-03-12T06:34:56.674445,b5b3324a-edb9-11ee-a9f0-82366b51b915,BH Siondwarsstraat,51.925261494,4.51053174,10,0,9999
2026-03-12T06:34:56.674445,94b01d94-edc6-11ee-a9f0-82366b51b915,BH Schuttersveld,51.933248028,4.490978921,10,7,9999
2026-03-12T06:34:56.674445,69b33170-edbd-11ee-a9f0-82366b51b915,BH Metro Oostplein 2,51.923145722,4.496820843,10,7,9999
2026-03-12T06:34:56.674445,67d6af9a-f068-11ef-ba40-0ea3ed1ae564,HUB Hof van Spaland - Schiedamseweg,51.934898803,4.378145906,12,1,9999
2026-03-12T06:34:56.674445,4933dd54-9e7c-11ee-a91e-ee69b7c7763e,BH Willem Ruyslaan (Luzac College),51.925421889,4.508669446,10,9,9999
2026-03-12T06:34:56.674445,9f935b6c-b095-11ef-b6d3-56d88772ab1a,BH Bergpolderplein,51.945227242,4.474988047,8,6,9999
2026-03-12T06:34:56.674445,8a2d056c-bb93-11ef-a02d-6ea8ed91bd56,BH NS Station Noord (Bergweg),51.941530048,4.481339526,10,5,3
2026-03-12T06:34:56.674445,4d95ab34-8122-11ed-b1e6-fa4fb8e2990b,RK Metrostation Maashaven ,51.896573582,4.494245173,30,1,9999
2026-03-12T06:34:56.674445,3d015ff0-8394-11ee-bb01-c602c1905375,BH Metrostation Oosterflank,51.945209326,4.555045447,10,1,9999
2026-03-12T06:34:56.674445,defeb050-a747-11ef-8778-d2279db84567,BH Karel Doormanstraat,51.922789549,4.473609692,9,2,9999
2026-03-12T06:34:56.674445,b5dc5454-890f-11ee-bb01-c602c1905375,BH Schilderstraat,51.916377397,4.48142868,8,1,9999
2026-03-12T06:34:56.674445,2f12ae3e-806c-11ed-b1e6-fa4fb8e2990b,BH Winkelcentrum Keizerswaard-Herenw,51.886358391,4.549308056,15,16,9999
2026-03-12T06:34:56.674445,3b6d73a8-805d-11ed-b1e6-fa4fb8e2990b,BH Metrostation Melanchtonweg,51.94881199,4.465233746,10,1,9999
2026-03-12T06:34:56.674445,d5832958-891a-11ee-bb01-c602c1905375,BH Metro Zuidplein (nieuw),51.887180341,4.491554668,10,2,9999
2026-03-12T06:34:56.674445,a535094e-b162-11ef-bdcd-5adc5d29ed54,BH Eudokiaplein,51.932433484,4.47153255,9,5,9999
2026-03-12T06:34:56.674445,437f8dc8-bd9e-11ed-b1e6-fa4fb8e2990b,RK Hillevliet,51.89558515,4.506432514,10,1,9999
2026-03-12T06:34:56.674445,f10d8ab4-9997-11ee-a91e-ee69b7c7763e,BH Shell Hofplein,51.925705456,4.477781355,28,4,9999
2026-03-12T06:34:56.674445,94467720-8127-11ed-b1e6-fa4fb8e2990b,RK Persoonsdam,51.909309099,4.508017165,10,3,9999
2026-03-12T06:34:56.674445,9245444a-2023-11f0-ab1d-9ae3af3bf913,BH Witte de Withstraat,51.915906523,4.478080905,10,4,9999
2026-03-12T06:34:56.674445,49d59348-ff64-11ef-b515-a65a77daff90,BH Bergweg (Dirk van den Broek),51.93856254,4.479465675,6,6,9999
2026-03-12T06:34:56.674445,30fb96bc-8124-11ed-b1e6-fa4fb8e2990b,RK Beverwaardseweg/ Borgharensingel,51.898798338,4.564663375,10,1,9999
2026-03-12T06:34:56.674445,9a1fb404-8ab3-11ee-bb01-c602c1905375,BH Langenhorst ,51.874120882,4.494254863,10,3,9999
2026-03-12T06:34:56.674445,abe67bfa-b096-11ef-b6d3-56d88772ab1a,BH Wilgenplaslaan/ Donkersingel,51.951337599,4.47048253,10,5,9999
2026-03-12T06:34:56.674445,068b0f9c-a8dd-11ef-8778-d2279db84567,BH Vierhavenstraat (Sahan),51.908502395,4.437727106,4,3,9999
2026-03-12T06:34:56.674445,bc0e7e9c-a8da-11ef-8778-d2279db84567,BH Jan van Vuchtstraat,51.917045317,4.460830874,6,3,9999
2026-03-12T06:34:56.674445,8b721818-a5b2-11f0-ab44-baed9603afbb,Lekstraat,51.90446958,4.406985264,6,2,9999
2026-03-12T06:34:56.674445,ad212572-06f7-11ef-b58d-569a23b994be,BH Molenlaan/Grindweg,51.963224537,4.49571068,10,2,9999
2026-03-12T06:34:56.674445,f8828c3e-806d-11ed-b1e6-fa4fb8e2990b,RK Station Rdam Zuid,51.905545015,4.509568537,15,6,9999
2026-03-12T06:34:56.674445,5f71799e-806b-11ed-b1e6-fa4fb8e2990b,BH Willemsplein,51.911118908,4.481894771,17,5,9999
2026-03-12T06:34:56.674445,42824336-bd97-11ed-b1e6-fa4fb8e2990b,RK Groene Hilledijk,51.882726433,4.504266667,10,2,9999
2026-03-12T06:34:56.674445,db6932f4-182b-11ef-a8d1-42f0fecaeb6a,BH Metrostation Nesselande,51.978969273,4.586177782,10,0,9999
2026-03-12T06:34:56.674445,e26322b0-2025-11f0-ab1d-9ae3af3bf913,BH Brielselaan,51.896298935,4.489248091,4,1,9999
2026-03-12T06:34:56.674445,c862b7f2-06fb-11ef-b58d-569a23b994be,BH Prins Alexanderlaan (metrobaan zijde),51.952192324,4.551435621,10,0,9999
2026-03-12T06:34:56.674445,c53689c2-8124-11ed-b1e6-fa4fb8e2990b,RK Peellandstraat / Beesdestraat ,51.888535309,4.567291893,10,4,9999
2026-03-12T06:34:56.674445,8f5d35a0-1834-11ef-8071-42f0fecaeb6a,BH Jan Bijloostraat (Winkelcentrum Lage Land),51.941821995,4.546449269,9,6,9999
2026-03-12T06:34:56.674445,f8fcd3a4-983a-11ef-a85a-be896af2d3a5,BH Rhijnauwensingel,51.892161199,4.569620613,12,2,9999
2026-03-12T06:34:56.674445,118239d4-a5b2-11f0-ab44-baed9603afbb,Lorentzlaan (bushalte),51.917994492,4.415061192,4,0,9999
2026-03-12T06:34:56.674445,0c107276-bdb7-11ed-b1e6-fa4fb8e2990b,RK Sandelingenplein,51.889562128,4.506962326,10,5,9999
2026-03-12T06:34:56.674445,75b8bea6-81d8-11ed-b1e6-fa4fb8e2990b,RK Metrostation Maashaven (Putselaan),51.897794241,4.495760713,10,7,9999
2026-03-12T06:34:56.674445,a20bbbae-bdae-11ed-b1e6-fa4fb8e2990b,RK Frankendaal,51.886951976,4.521294152,10,0,9999
2026-03-12T06:34:56.674445,f1df385c-f5b2-11ef-81b3-76e5c571f05f,HUB Admiraal de Ruyterstraat,51.906742474,4.38554997,8,3,9999
2026-03-12T06:34:56.674445,4247dd56-1c9f-11ee-8219-8ed3b2364c4f,BH Metro Coolhaven,51.909218289,4.458167882,10,4,9999
2026-03-12T07:33:53.855144,65af1c24-06f4-11ef-b58d-569a23b994be,BH Meerum Terwogtlaan,51.951763386,4.524587387,10,3,9999
2026-03-12T07:33:53.855144,bc839806-a5b1-11f0-ab44-baed9603afbb,Van het Hoffplein (Boerhavelaan),51.916219132,4.412005574,8,3,9999
2026-03-12T07:33:53.855144,2c632780-a8de-11ef-8778-d2279db84567,BH Schuttevaerweg,51.922420472,4.434869706,10,0,9999
2026-03-12T07:33:53.855144,a3c07f10-a5b5-11f0-b05b-baed9603afbb,HUB Hoofdbrug,51.908705902,4.406131267,8,1,9999
2026-03-12T07:33:53.855144,b9bfe680-fbc4-11ee-b58d-569a23b994be,Trompenburg 2,51.917638379,4.518889893,10,0,10
2026-03-12T07:33:53.855144,3c659862-a8dd-11ef-8778-d2279db84567,BH Mayflowerstraat,51.905015647,4.440161906,10,8,9999
2026-03-12T07:33:53.855144,e0a4baca-a748-11ef-8778-d2279db84567,BH Mariniersweg,51.920853425,4.490979502,10,6,9999
2026-03-12T07:33:53.855144,c35c448e-06fc-11ef-b58d-569a23b994be,BH Jacob van Campenweg ,51.942434165,4.537976212,7,8,9999
2026-03-12T07:33:53.855144,438486f4-a5b6-11f0-a150-baed9603afbb,HUB Koemarkt ingang garage,51.914517902,4.401917461,6,4,9999
2026-03-12T07:33:53.855144,365f4a3e-a5b3-11f0-ab44-baed9603afbb,Rubensplein,51.911712719,4.383665134,6,1,9999
2026-03-12T07:33:53.855144,a85b996e-fe23-11ee-b58d-569a23b994be,BH Dirk van der Kooijweg (Waterleliesingel),51.953796964,4.52009166,10,1,9999
2026-03-12T07:33:53.855144,19e2de56-b5d8-11ee-9ae6-5263e3f30f1e,BH STC Waalhaven,51.878297275,4.448759787,10,1,9999
2026-03-12T07:33:53.855144,c6c213ee-ed18-11ef-9957-f683e5eb607c,BH Langenhorst (Binkhorst),51.877310029,4.494737503,10,3,9999
2026-03-12T07:33:53.855144,3366f8b0-a8dc-11ef-8778-d2279db84567,BH Vierhavenstraat (WoonEnzo),51.907777562,4.438830385,4,7,9999
2026-03-12T07:33:53.855144,04a89aea-a5b3-11f0-ab44-baed9603afbb,Groenelaan Hagastraat (Winkelcentrum),51.907303396,4.402285408,4,1,9999
2026-03-12T07:33:53.855144,32638aa6-a5b5-11f0-9f09-baed9603afbb,HUB Laan van Bol'es,51.928443203,4.370771711,10,2,9999
2026-03-12T07:33:53.855144,291c2f72-a749-11ef-8778-d2279db84567,BH Westzeedijk,51.909321622,4.471436479,10,2,9999
2026-03-12T07:33:53.855144,abd627be-67bb-11f0-91de-5eaa9feacc9b,BH Schiekade (Heer Bokelweg),51.927133058,4.476309832,10,1,9999
2026-03-12T07:33:53.855144,8948d5a4-b094-11ef-b6d3-56d88772ab1a,BH Duivenpad,51.964922912,4.498254116,8,4,9999
2026-03-12T07:33:53.855144,227e8c1e-be97-11ee-9ae6-5263e3f30f1e,HUB Metrostation Troelstralaan,51.915742295,4.384972326,10,0,9999
2026-03-12T07:33:53.855144,0af509a8-06f7-11ef-b58d-569a23b994be,BH Beethovensingel,51.96114919,4.505141448,10,16,9999
2026-03-12T07:33:53.855144,dc06f296-1768-11ef-8071-42f0fecaeb6a,BH Prins Alexanderlaan (Oosterflank),51.946646256,4.553811478,12,1,9999
2026-03-12T07:33:53.855144,221af3ce-7fe1-11ee-bb01-c602c1905375,BH Metro Prinsenlaan,51.940647564,4.556931306,10,2,9999
2026-03-12T07:33:53.855144,a793d6ba-edc8-11ee-a9f0-82366b51b915,BH Infirmeriestraat,51.922255603,4.502265891,10,8,9999
2026-03-12T07:33:53.855144,0359e1a2-bdb3-11ed-b1e6-fa4fb8e2990b,RK Rosestraat 11C,51.902954022,4.511377745,10,9,9999
2026-03-12T07:33:53.855144,87f07e20-9e78-11ee-a91e-ee69b7c7763e,BH Marconistraat (Lee Towers),51.912441021,4.430411189,14,4,9999
2026-03-12T07:33:53.855144,f539bd6e-06f8-11ef-b58d-569a23b994be,BH Meijersplein,51.955657978,4.463033845,8,1,9999
2026-03-12T07:33:53.855144,70f0801a-8071-11ed-b1e6-fa4fb8e2990b,RK treinstation Lombardijen,51.88057913,4.531905572,30,4,9999
2026-03-12T07:33:53.855144,43752ffc-a8db-11ef-8778-d2279db84567,BH Pieter de Hoochweg,51.906316301,4.459985731,6,10,9999
2026-03-12T07:33:53.855144,b35ddad8-ab08-11ef-8778-d2279db84567,HUB Rotterdamsedijk 272,51.914957692,4.40343084,8,1,9999
2026-03-12T07:33:53.855144,9b1fa0f6-ae3c-11ee-a91e-ee69b7c7763e,BH Winkelhart Plein 1953,51.874842065,4.467889739,10,4,9999
2026-03-12T07:33:53.855144,8bd90878-0884-11f0-9a47-66143dd92f22,RK Molenvliet,51.882626536,4.521159806,10,4,9999
2026-03-12T07:33:53.855144,45450b66-a5b2-11f0-ab44-baed9603afbb,Maasdijk (Gustoweg),51.906629018,4.412009895,6,2,9999
2026-03-12T07:33:53.855144,4de2effe-f068-11ef-ba40-0ea3ed1ae564,HUB Hof van Spaland - Vlaardingseweg,51.935841728,4.376077923,4,0,9999
2026-03-12T07:33:53.855144,d38c6468-06fe-11ef-b58d-569a23b994be,BH Kleine Beer,51.950902127,4.555051083,6,1,9999
2026-03-12T07:33:53.855144,e552904e-182b-11ef-a8d1-42f0fecaeb6a,BH Metrostation Hesseplaats,51.963345229,4.554510684,10,4,9999
2026-03-12T07:33:53.855144,1826196c-b162-11ef-bdcd-5adc5d29ed54,BH Bentincklaan (Diergaarde Blijdorp),51.92572504,4.454794024,10,8,9999
2026-03-12T07:33:53.855144,8a1e5ed0-1c9e-11ee-8219-8ed3b2364c4f,BH Sparta stadion,51.920151368,4.434428835,20,17,9999
2026-03-12T07:33:53.855144,d3c9003c-b486-11ee-9ae6-5263e3f30f1e,BH Oostzeedijk Beneden,51.922514244,4.503092963,10,7,9999
2026-03-12T07:33:53.855144,552a82b8-b094-11ef-b6d3-56d88772ab1a,BH Hockeyclub Rotterdam,51.96869974,4.484731647,25,3,9999
2026-03-12T07:33:53.855144,cb3f6d1c-a746-11ef-8778-d2279db84567,BH Vasteland (AH),51.911537089,4.478368712,10,14,9999
2026-03-12T07:33:53.855144,d4a8557a-eabd-11ef-ac99-aa7241d1fb4f,HUB Admiraal Trompstraat (Huisman),51.908834504,4.381923039,8,0,9999
2026-03-12T07:33:53.855144,00e8b3de-9e82-11ee-a91e-ee69b7c7763e,BH Jacques Dutilhweg,51.927993284,4.5475155,10,7,9999
2026-03-12T07:33:53.855144,d868fe52-36e5-11f0-ab1d-9ae3af3bf913,BH Sluisjesdijk,51.894714517,4.461900478,10,3,0
2026-03-12T07:33:53.855144,4338fed2-edbb-11ee-a9f0-82366b51b915,BH Oostzeedijk Beneden 2,51.921653595,4.507031037,10,14,9999
2026-03-12T07:33:53.855144,2c82bb9a-217b-11ee-8219-8ed3b2364c4f,Hub Weena,51.922738296,4.469181329,142,31,9999
2026-03-12T07:33:53.855144,96f5cbdc-06f6-11ef-b58d-569a23b994be,BH Argonautenweg,51.959086712,4.49354982,10,0,9999
2026-03-12T07:33:53.855144,2f51713e-32b7-11ee-8219-8ed3b2364c4f,Hub P+R Capelsebrug,51.920991793,4.559215491,18,3,9999
2026-03-12T07:33:53.855144,62b0255a-9e7a-11ee-a91e-ee69b7c7763e,BH Vierhavenstraat,51.910327597,4.434992993,16,9,9999
2026-03-12T07:33:53.855144,2b10524e-06f5-11ef-b58d-569a23b994be,BH Piet van der Polsingel,51.950618784,4.518612648,8,3,9999
2026-03-12T07:33:53.855144,47070056-06fa-11ef-b58d-569a23b994be,BH Metrostation Schenkel,51.931770435,4.56406792,12,2,9999
2026-03-12T07:33:53.855144,7a8c12ba-91ab-11ed-b1e6-fa4fb8e2990b,BH Metrostation Slinge,51.874526023,4.477872534,15,1,9999
2026-03-12T07:33:53.855144,026045c6-8530-11ee-bb01-c602c1905375,BH Winkelhart Katendrechtse Lagedijk,51.891184937,4.479440034,10,3,9999
2026-03-12T07:33:53.855144,9d9bb8ec-4bd1-11ee-bb01-c602c1905375,BH Marconiplein,51.913319277,4.432514448,10,3,9999
2026-03-12T07:33:53.855144,8330f3ca-a5b4-11f0-ab44-baed9603afbb,Fokkerstraat Plesmanstraat,51.929694009,4.399576614,4,1,9999
2026-03-12T07:33:53.855144,5b842034-5331-11f0-ab1d-9ae3af3bf913,BH Walenburgerweg,51.926698659,4.462629155,10,10,9999
2026-03-12T07:33:53.855144,a08059b6-b484-11ee-9ae6-5263e3f30f1e,BH Metrostation Gerdesiaweg,51.925444134,4.506155972,10,2,9999
2026-03-12T07:33:53.855144,2f718c84-8911-11ee-bb01-c602c1905375,BH Metro Dijkzigt - EMC,51.911789199,4.466334846,20,9,9999
2026-03-12T07:33:53.855144,f58e41fc-1c9f-11ee-8219-8ed3b2364c4f,BH Heemraadsplein,51.912322959,4.455058085,10,0,9999
2026-03-12T07:33:53.855144,79fdd038-34b8-11f0-ab1d-9ae3af3bf913,BH RTHA Airport,51.94924845,4.432611987,10,5,0
2026-03-12T07:33:53.855144,1c41897e-596e-11ef-bed6-aa139991deb4,HUB Metrostation Nieuwland / Bijdorpplein,51.922583819,4.38260008,10,0,9999
2026-03-12T07:33:53.855144,a57d027c-8912-11ee-bb01-c602c1905375,BH Delftse Poort,51.924408145,4.472816464,10,5,9999
2026-03-12T07:33:53.855144,6383849a-2038-11f0-ab1d-9ae3af3bf913,BH - Kralingsebos (Langepad),51.936318565,4.506197017,10,0,9999
2026-03-12T07:33:53.855144,e90e9332-06f5-11ef-b58d-569a23b994be,BH Burgemeester Le Fèvre de Montignylaan,51.957620055,4.501711782,10,0,9999
2026-03-12T07:33:53.855144,5cb3ffde-bdaf-11ed-b1e6-fa4fb8e2990b,RK Stadionlaan,51.892328813,4.530682857,10,3,9999
2026-03-12T07:33:53.855144,02bed1f8-8392-11ee-bb01-c602c1905375,BH Station Alexander,51.951735827,4.551049232,10,8,9999
2026-03-12T07:33:53.855144,08d5cf66-8ab2-11ee-bb01-c602c1905375,BH Winkelhart Asterlo,51.873536387,4.483591736,10,1,9999
2026-03-12T07:33:53.855144,0e51e024-c757-11ee-9ae6-5263e3f30f1e,BH Metrostation Binnenhof,51.960437867,4.535372966,10,5,9999
2026-03-12T07:33:53.855144,409f87f6-890f-11ee-bb01-c602c1905375,BH Metro Beurs,51.917806013,4.480107053,8,2,9999
2026-03-12T07:33:53.855144,d6a7cd26-4d08-11f0-ab1d-9ae3af3bf913,BH - Oudehoofdplein-Haringvliet,51.918979475,4.49384405,10,4,9999
2026-03-12T07:33:53.855144,f0ad9b92-1767-11ef-8071-42f0fecaeb6a,BH Prinsenlaan,51.937206457,4.536127586,10,0,9999
2026-03-12T07:33:53.855144,f06fd44c-2035-11f0-ab1d-9ae3af3bf913,BH Boezemlaan,51.938982631,4.495864471,10,3,9999
2026-03-12T07:33:53.855144,8d91a90c-9e83-11ee-a91e-ee69b7c7763e,BH Kraaierstraat,51.91909698,4.418192898,8,6,9999
2026-03-12T07:33:53.855144,a2671a36-bdad-11ed-b1e6-fa4fb8e2990b,RK Dwarsdijk,51.893055987,4.539201504,10,9,9999
2026-03-12T07:33:53.855144,376a5cda-06f8-11ef-b58d-569a23b994be,BH Ganzerikplein,51.958953276,4.471584016,10,4,9999
2026-03-12T07:33:53.855144,5cdd9872-b096-11ef-b6d3-56d88772ab1a,BH Wilgenplaslaan/ Meidoornsingel,51.953868042,4.468211582,7,2,9999
2026-03-12T07:33:53.855144,952a3e78-a8db-11ef-8778-d2279db84567,BH Lloydstraat,51.902214281,4.461287644,10,10,9999
2026-03-12T07:33:53.855144,a6fa0910-8067-11ed-b1e6-fa4fb8e2990b,BH Stadion Fey (Bert Heesakkerstr.),51.896805818,4.521735582,50,3,9999
2026-03-12T07:33:53.855144,a1337d02-e018-11ed-a249-96cdaf8f7240,BH Sint Franciscus,51.942171146,4.460534407,25,2,9999
2026-03-12T07:33:53.855144,d3cea108-8285-11f0-ab44-baed9603afbb,BH - Ratelaarweg,51.967431611,4.463349689,10,2,9999
2026-03-12T07:33:53.855144,3bef7002-bdb5-11ed-b1e6-fa4fb8e2990b,RK Breeweg,51.890630632,4.514261169,10,3,9999
2026-03-12T07:33:53.855144,8c90734c-45bb-11ee-8219-8ed3b2364c4f,BH Coen Moulijnweg,51.893813253,4.526876329,42,2,9999
2026-03-12T07:33:53.855144,1b098490-2037-11f0-ab1d-9ae3af3bf913,BH Karmelweg,51.933461291,4.5029394,8,1,9999
2026-03-12T07:33:53.855144,23348a06-bdb1-11ed-b1e6-fa4fb8e2990b,RK Guido Gezelleweg,51.87434607,4.523238145,10,5,9999
2026-03-12T07:33:53.855144,66824038-37b2-11ef-a21a-8e54a72a50da,HUB Metrostation Parkweg / Zuidzijde,51.921443238,4.39475836,10,1,9
2026-03-12T07:33:53.855144,2c127298-ff25-11ef-a79f-a65a77daff90,BH Aert van Nesstraat,51.921141166,4.478916173,8,2,9999
2026-03-12T07:33:53.855144,cde445c6-a744-11ef-8778-d2279db84567,BH Groenendaal,51.921685178,4.492944049,6,6,9999
2026-03-12T07:33:53.855144,97c6a1c2-a8da-11ef-8778-d2279db84567,BH Henegouwerplein,51.921807589,4.460561523,10,4,9999
2026-03-12T07:33:53.855144,e68d5642-a5b5-11f0-b6c1-baed9603afbb,HUB NS Station Schiedam Centrum/ Professor Kamerlingh Onneslaan,51.92071744,4.408262487,12,5,9999
2026-03-12T07:33:53.855144,82623a40-bda3-11ed-b1e6-fa4fb8e2990b,RK Rosestraat,51.91100607,4.501308573,10,3,9999
2026-03-12T07:33:53.855144,b7353df6-b485-11ee-9ae6-5263e3f30f1e,BH Metrostation Kralingsezoom (Gravenweg),51.921751706,4.533850265,10,9,9999
2026-03-12T07:33:53.855144,6c34980a-bb92-11ef-a02d-6ea8ed91bd56,BH Gordelweg (Lidl),51.940472428,4.479798999,4,4,9999
2026-03-12T07:33:53.855144,5904bd1a-a5b5-11f0-b05b-baed9603afbb,HUB Hof van Spaland - Bachplein,51.934889388,4.374726808,8,2,9999
2026-03-12T07:33:53.855144,32ca5fd0-8126-11ed-b1e6-fa4fb8e2990b,RK Vuurplaat,51.906526668,4.505838102,10,2,9999
2026-03-12T07:33:53.855144,f94a1ff6-b095-11ef-b6d3-56d88772ab1a,BH Bm Le Fèvre de Montignylaan/ Jeroen Boschlaan,51.955641943,4.505982462,6,0,9999
2026-03-12T07:33:53.855144,4228b402-8537-11ee-bb01-c602c1905375,BH Tongelaarweg,51.895280064,4.563514996,10,2,9999
2026-03-12T07:33:53.855144,6f66a60c-36e5-11f0-ab1d-9ae3af3bf913,BH Lloydpier,51.904487669,4.460458303,8,2,3
2026-03-12T07:33:53.855144,7d81b63e-a5b5-11f0-b05b-baed9603afbb,HUB 's Gravelandseweg,51.932091958,4.401924037,6,1,9999
2026-03-12T07:33:53.855144,a3dbb322-8121-11ed-b1e6-fa4fb8e2990b,RK Metrostation Rijnhaven ,51.902216981,4.49610172,15,4,9999
2026-03-12T07:33:53.855144,cf23b50e-9ad0-11f0-ab44-baed9603afbb,BH Natuurhistorisch museum,51.911022288,4.472728259,12,1,9999
2026-03-12T07:33:53.855144,d55243f6-182b-11ef-a8d1-42f0fecaeb6a,BH Siciliëboulevard ,51.97996654,4.580859756,10,1,9999
2026-03-12T07:33:53.855144,e0f7ef36-a5b4-11f0-ab44-baed9603afbb,Havenstraat einde (digitale testhub),51.900396883,4.398614319,12,0,9999
2026-03-12T07:33:53.855144,05d1d708-eabd-11ef-88c2-aa7241d1fb4f,HUB De Thermen ,51.927426752,4.380236246,8,2,9999
2026-03-12T07:33:53.855144,b3381a7a-2036-11f0-ab1d-9ae3af3bf913,BH Oudedijk / de Nieuwe Plantage,51.929149075,4.505248613,8,6,9999
2026-03-12T07:33:53.855144,8b480576-eabc-11ee-a9f0-82366b51b915,BH Schiedamseweg Beneden,51.914135146,4.422297364,5,7,9999
2026-03-12T07:33:53.855144,89a2f1d2-a5b3-11f0-ab44-baed9603afbb,Metrostation Vijfsluizen,51.908108215,4.37254105,8,0,9999
2026-03-12T07:33:53.855144,e50f3d1e-f069-11ef-9ed7-0ea3ed1ae564,HUB Oranjestraat - Lange Nieuwstraat,51.913368472,4.40030457,5,0,9999
2026-03-12T07:33:53.855144,4c1b19a4-d0a1-11ee-8b0e-065810cc8d78,BH Elandstraat,51.910800072,4.553878993,10,5,9999
2026-03-12T07:33:53.855144,bbbba24e-806e-11ed-b1e6-fa4fb8e2990b,RK P+R Noorderhelling,51.894761016,4.532122707,15,0,9999
2026-03-12T07:33:53.855144,3ac0b682-8129-11ed-b1e6-fa4fb8e2990b,RK Cor Kieboomplein,51.896922039,4.523502821,15,1,9999
2026-03-12T07:33:53.855144,5a3ffbf4-37b1-11ef-a21a-8e54a72a50da,HUB Metrostation Nieuwland / Van Limburg Stirumstraat,51.922446663,4.38308784,6,2,3
2026-03-12T07:33:53.855144,5d8d12a2-a5b4-11f0-ab44-baed9603afbb,Van Heekstraat,51.931167557,4.406024405,4,0,9999
2026-03-12T07:33:53.855144,f251d6e8-0b82-11ef-b58d-569a23b994be,BH Metrostation Graskruid ,51.956473743,4.550010233,8,4,9999
2026-03-12T07:33:53.855144,a4d2ea7c-b2f0-11ef-aa57-62870c7808bb,BH 2e Hogenbanweg,51.936951327,4.427707182,8,0,9999
2026-03-12T07:33:53.855144,75ba0d1a-2037-11f0-ab1d-9ae3af3bf913,BH Stadhoudersweg,51.931417737,4.461484988,10,1,9999
2026-03-12T07:33:53.855144,bc6b0d7e-a745-11ef-8778-d2279db84567,BH Goudsewagenstraat,51.923224462,4.493552746,8,5,9999
2026-03-12T07:33:53.855144,0f37eafc-8912-11ee-bb01-c602c1905375,BH Metro Oostplein,51.922677789,4.497608825,10,9,9999
2026-03-12T07:33:53.855144,aed7c2fa-8123-11ed-b1e6-fa4fb8e2990b,RK Groene Hilledijk/Beijerlandselaan,51.893806789,4.509452258,10,6,9999
2026-03-12T07:33:53.855144,c76f0318-bb92-11ef-a02d-6ea8ed91bd56,BH NS Centraal Station (Stationssingel),51.925399994,4.466148375,10,16,9999
2026-03-12T07:33:53.855144,361a368c-a5b4-11f0-ab44-baed9603afbb,Sportpark Haga (Epke Zonderlandstraat),51.921919868,4.370918199,8,3,9999
2026-03-12T07:33:53.855144,f4c0fe5e-02d6-11ef-b58d-569a23b994be,BH Paulus Potterstraat,51.9228414,4.508497696,10,6,9999
2026-03-12T07:33:53.855144,48cbf66e-9f15-11ee-a91e-ee69b7c7763e,BH Franselaan,51.917379138,4.420463507,10,7,9999
2026-03-12T07:33:53.855144,e9735b4e-7da7-11f0-ab44-baed9603afbb,BH Veldkersweg,51.966835673,4.46657292,8,0,9999
2026-03-12T07:33:53.855144,4b1ac684-bb93-11ef-a02d-6ea8ed91bd56,BH Noorderkanaalweg,51.940525593,4.472984586,9,3,9999
2026-03-12T07:33:53.855144,033a9392-3700-11f0-ab1d-9ae3af3bf913,BH Herman Bavinckstraat,51.915067882,4.521446921,10,2,9999
2026-03-12T07:33:53.855144,ffe8c3e8-a8da-11ef-8778-d2279db84567,BH Mathenesserplein,51.917836602,4.44508891,8,6,9999
2026-03-12T07:33:53.855144,e377069a-ff63-11ef-a79f-a65a77daff90,BH Kralingsebos Bosdreef/Pr. Beatrixlaan,51.93789612,4.501689644,8,2,9999
2026-03-12T07:33:53.855144,7af95f9c-a747-11ef-8778-d2279db84567,BH Kruisplein,51.92228569,4.47138789,6,3,9999
2026-03-12T07:33:53.855144,4c50cb7a-bdb6-11ed-b1e6-fa4fb8e2990b,RK Olympiaweg,51.886462746,4.529133302,10,3,9999
2026-03-12T07:33:53.855144,a694ef4e-36e5-11f0-ab1d-9ae3af3bf913,BH Neushoornstraat,51.913041554,4.553743002,6,1,1
2026-03-12T07:33:53.855144,be56ca62-8120-11ed-b1e6-fa4fb8e2990b,RK P+R Beverwaard,51.885771514,4.568986239,10,1,9999
2026-03-12T07:33:53.855144,d5af3bc4-806a-11ed-b1e6-fa4fb8e2990b,BH Kievitslaan,51.907226862,4.473300159,17,1,9999
2026-03-12T07:33:53.855144,dd006abc-a5b3-11f0-ab44-baed9603afbb,Havenstraat,51.903204365,4.398004897,8,1,9999
2026-03-12T07:33:53.855144,6f09af84-eabe-11ee-a9f0-82366b51b915,BH Delftseplein ,51.925206514,4.474011701,14,4,9999
2026-03-12T07:33:53.855144,1cfb89ec-806b-11ed-b1e6-fa4fb8e2990b,BH Westplein,51.908912961,4.478583441,10,7,9999
2026-03-12T07:33:53.855144,12fc10a4-bb94-11ef-a02d-6ea8ed91bd56,BH Noordplein,51.930251975,4.483699175,10,3,9999
2026-03-12T07:33:53.855144,276e8d26-bda0-11ed-b1e6-fa4fb8e2990b,RK Strevelsweg,51.889634937,4.495943368,15,2,9999
2026-03-12T07:33:53.855144,9e066470-2038-11f0-ab1d-9ae3af3bf913,BH Kralinger Esch,51.911179823,4.524762065,9,4,9999
2026-03-12T07:33:53.855144,9b1f0aaa-8125-11ed-b1e6-fa4fb8e2990b,RK Slaghekstraat - Beijerlandselaan,51.897574833,4.511261604,10,2,9999
2026-03-12T07:33:53.855144,b8c81048-2037-11f0-ab1d-9ae3af3bf913,BH Van Maanenstraat,51.932279316,4.464280453,6,6,9999
2026-03-12T07:33:53.855144,1f4ff66c-bdb8-11ed-b1e6-fa4fb8e2990b,RK Van der Takstraat ,51.914243737,4.496045621,10,5,9999
2026-03-12T07:33:53.855144,3b523cee-5c94-11f0-ab1d-9ae3af3bf913,BH - Wilhelminapier,51.90698281,4.489727426,14,3,9999
2026-03-12T07:33:53.855144,e8d292d2-039a-11ef-b58d-569a23b994be,BH Mia van Yperenplein ,51.928414546,4.545678043,10,6,9999
2026-03-12T07:33:53.855144,12daf18a-8068-11ed-b1e6-fa4fb8e2990b,BH Treinst. Lombardijen (Aesopusplaats),51.880478018,4.530040287,10,0,9999
2026-03-12T07:33:53.855144,558e4a5a-eaba-11ee-a9f0-82366b51b915,BH Blijdorplaan ,51.927389289,4.440437692,22,13,9999
2026-03-12T07:33:53.855144,5a8de282-36ee-11f0-ab1d-9ae3af3bf913,BH van Blommesteynweg,51.888148155,4.460842726,10,1,9999
2026-03-12T07:33:53.855144,078569ee-a5b5-11f0-ab44-baed9603afbb,Nieuwe Waterwegstraat (digitale testhub),51.900682979,4.390873601,12,0,9999
2026-03-12T07:33:53.855144,8e5dd27e-06fd-11ef-b58d-569a23b994be,BH Prins Alexanderplein,51.951040272,4.553684972,14,0,9999
2026-03-12T07:33:53.855144,a6843864-fbc4-11ee-b58d-569a23b994be,Trompenburg 1,51.917696349,4.517981647,10,9,0
2026-03-12T07:33:53.855144,5b583480-a8da-11ef-8778-d2279db84567,BH Duyststraat,51.910073429,4.452225738,8,3,9999
2026-03-12T07:33:53.855144,2510e9ba-a5b6-11f0-847a-baed9603afbb,Hub Kloosterplaats,51.91675013,4.402112308,6,4,9999
2026-03-12T07:33:53.855144,880e3e72-a8dd-11ef-8778-d2279db84567,BH Spaansebocht,51.917413667,4.430014126,9,0,9999
2026-03-12T07:33:53.855144,b5b3324a-edb9-11ee-a9f0-82366b51b915,BH Siondwarsstraat,51.925261494,4.51053174,10,0,9999
2026-03-12T07:33:53.855144,94b01d94-edc6-11ee-a9f0-82366b51b915,BH Schuttersveld,51.933248028,4.490978921,10,7,9999
2026-03-12T07:33:53.855144,69b33170-edbd-11ee-a9f0-82366b51b915,BH Metro Oostplein 2,51.923145722,4.496820843,10,11,9999
2026-03-12T07:33:53.855144,67d6af9a-f068-11ef-ba40-0ea3ed1ae564,HUB Hof van Spaland - Schiedamseweg,51.934898803,4.378145906,12,1,9999
2026-03-12T07:33:53.855144,4933dd54-9e7c-11ee-a91e-ee69b7c7763e,BH Willem Ruyslaan (Luzac College),51.925421889,4.508669446,10,9,9999
2026-03-12T07:33:53.855144,9f935b6c-b095-11ef-b6d3-56d88772ab1a,BH Bergpolderplein,51.945227242,4.474988047,8,6,9999
2026-03-12T07:33:53.855144,8a2d056c-bb93-11ef-a02d-6ea8ed91bd56,BH NS Station Noord (Bergweg),51.941530048,4.481339526,10,4,4
2026-03-12T07:33:53.855144,4d95ab34-8122-11ed-b1e6-fa4fb8e2990b,RK Metrostation Maashaven ,51.896573582,4.494245173,30,1,9999
2026-03-12T07:33:53.855144,3d015ff0-8394-11ee-bb01-c602c1905375,BH Metrostation Oosterflank,51.945209326,4.555045447,10,2,9999
2026-03-12T07:33:53.855144,defeb050-a747-11ef-8778-d2279db84567,BH Karel Doormanstraat,51.922789549,4.473609692,9,2,9999
2026-03-12T07:33:53.855144,b5dc5454-890f-11ee-bb01-c602c1905375,BH Schilderstraat,51.916377397,4.48142868,8,2,9999
2026-03-12T07:33:53.855144,2f12ae3e-806c-11ed-b1e6-fa4fb8e2990b,BH Winkelcentrum Keizerswaard-Herenw,51.886358391,4.549308056,15,16,9999
2026-03-12T07:33:53.855144,3b6d73a8-805d-11ed-b1e6-fa4fb8e2990b,BH Metrostation Melanchtonweg,51.94881199,4.465233746,10,1,9999
2026-03-12T07:33:53.855144,d5832958-891a-11ee-bb01-c602c1905375,BH Metro Zuidplein (nieuw),51.887180341,4.491554668,10,3,9999
2026-03-12T07:33:53.855144,a535094e-b162-11ef-bdcd-5adc5d29ed54,BH Eudokiaplein,51.932433484,4.47153255,9,6,9999
2026-03-12T07:33:53.855144,437f8dc8-bd9e-11ed-b1e6-fa4fb8e2990b,RK Hillevliet,51.89558515,4.506432514,10,1,9999
2026-03-12T07:33:53.855144,f10d8ab4-9997-11ee-a91e-ee69b7c7763e,BH Shell Hofplein,51.925705456,4.477781355,28,5,9999
2026-03-12T07:33:53.855144,94467720-8127-11ed-b1e6-fa4fb8e2990b,RK Persoonsdam,51.909309099,4.508017165,10,3,9999
2026-03-12T07:33:53.855144,9245444a-2023-11f0-ab1d-9ae3af3bf913,BH Witte de Withstraat,51.915906523,4.478080905,10,3,9999
2026-03-12T07:33:53.855144,49d59348-ff64-11ef-b515-a65a77daff90,BH Bergweg (Dirk van den Broek),51.93856254,4.479465675,6,6,9999
2026-03-12T07:33:53.855144,30fb96bc-8124-11ed-b1e6-fa4fb8e2990b,RK Beverwaardseweg/ Borgharensingel,51.898798338,4.564663375,10,1,9999
2026-03-12T07:33:53.855144,9a1fb404-8ab3-11ee-bb01-c602c1905375,BH Langenhorst ,51.874120882,4.494254863,10,3,9999
2026-03-12T07:33:53.855144,abe67bfa-b096-11ef-b6d3-56d88772ab1a,BH Wilgenplaslaan/ Donkersingel,51.951337599,4.47048253,10,5,9999
2026-03-12T07:33:53.855144,068b0f9c-a8dd-11ef-8778-d2279db84567,BH Vierhavenstraat (Sahan),51.908502395,4.437727106,4,2,9999
2026-03-12T07:33:53.855144,bc0e7e9c-a8da-11ef-8778-d2279db84567,BH Jan van Vuchtstraat,51.917045317,4.460830874,6,3,9999
2026-03-12T07:33:53.855144,8b721818-a5b2-11f0-ab44-baed9603afbb,Lekstraat,51.90446958,4.406985264,6,2,9999
2026-03-12T07:33:53.855144,ad212572-06f7-11ef-b58d-569a23b994be,BH Molenlaan/Grindweg,51.963224537,4.49571068,10,2,9999
2026-03-12T07:33:53.855144,f8828c3e-806d-11ed-b1e6-fa4fb8e2990b,RK Station Rdam Zuid,51.905545015,4.509568537,15,6,9999
2026-03-12T07:33:53.855144,5f71799e-806b-11ed-b1e6-fa4fb8e2990b,BH Willemsplein,51.911118908,4.481894771,17,1,9999
2026-03-12T07:33:53.855144,42824336-bd97-11ed-b1e6-fa4fb8e2990b,RK Groene Hilledijk,51.882726433,4.504266667,10,2,9999
2026-03-12T07:33:53.855144,db6932f4-182b-11ef-a8d1-42f0fecaeb6a,BH Metrostation Nesselande,51.978969273,4.586177782,10,0,9999
2026-03-12T07:33:53.855144,e26322b0-2025-11f0-ab1d-9ae3af3bf913,BH Brielselaan,51.896298935,4.489248091,4,2,9999
2026-03-12T07:33:53.855144,c862b7f2-06fb-11ef-b58d-569a23b994be,BH Prins Alexanderlaan (metrobaan zijde),51.952192324,4.551435621,10,0,9999
2026-03-12T07:33:53.855144,c53689c2-8124-11ed-b1e6-fa4fb8e2990b,RK Peellandstraat / Beesdestraat ,51.888535309,4.567291893,10,4,9999
2026-03-12T07:33:53.855144,8f5d35a0-1834-11ef-8071-42f0fecaeb6a,BH Jan Bijloostraat (Winkelcentrum Lage Land),51.941821995,4.546449269,9,5,9999
2026-03-12T07:33:53.855144,f8fcd3a4-983a-11ef-a85a-be896af2d3a5,BH Rhijnauwensingel,51.892161199,4.569620613,12,2,9999
2026-03-12T07:33:53.855144,118239d4-a5b2-11f0-ab44-baed9603afbb,Lorentzlaan (bushalte),51.917994492,4.415061192,4,0,9999
2026-03-12T07:33:53.855144,0c107276-bdb7-11ed-b1e6-fa4fb8e2990b,RK Sandelingenplein,51.889562128,4.506962326,10,4,9999
2026-03-12T07:33:53.855144,75b8bea6-81d8-11ed-b1e6-fa4fb8e2990b,RK Metrostation Maashaven (Putselaan),51.897794241,4.495760713,10,7,9999
2026-03-12T07:33:53.855144,a20bbbae-bdae-11ed-b1e6-fa4fb8e2990b,RK Frankendaal,51.886951976,4.521294152,10,0,9999
2026-03-12T07:33:53.855144,f1df385c-f5b2-11ef-81b3-76e5c571f05f,HUB Admiraal de Ruyterstraat,51.906742474,4.38554997,8,3,9999
2026-03-12T07:33:53.855144,4247dd56-1c9f-11ee-8219-8ed3b2364c4f,BH Metro Coolhaven,51.909218289,4.458167882,10,6,9999
2026-03-12T08:06:11.368316,65af1c24-06f4-11ef-b58d-569a23b994be,BH Meerum Terwogtlaan,51.951763386,4.524587387,10,3,9999
2026-03-12T08:06:11.368316,bc839806-a5b1-11f0-ab44-baed9603afbb,Van het Hoffplein (Boerhavelaan),51.916219132,4.412005574,8,3,9999
2026-03-12T08:06:11.368316,2c632780-a8de-11ef-8778-d2279db84567,BH Schuttevaerweg,51.922420472,4.434869706,10,2,9999
2026-03-12T08:06:11.368316,a3c07f10-a5b5-11f0-b05b-baed9603afbb,HUB Hoofdbrug,51.908705902,4.406131267,8,1,9999
2026-03-12T08:06:11.368316,b9bfe680-fbc4-11ee-b58d-569a23b994be,Trompenburg 2,51.917638379,4.518889893,10,0,10
2026-03-12T08:06:11.368316,3c659862-a8dd-11ef-8778-d2279db84567,BH Mayflowerstraat,51.905015647,4.440161906,10,7,9999
2026-03-12T08:06:11.368316,e0a4baca-a748-11ef-8778-d2279db84567,BH Mariniersweg,51.920853425,4.490979502,10,5,9999
2026-03-12T08:06:11.368316,c35c448e-06fc-11ef-b58d-569a23b994be,BH Jacob van Campenweg ,51.942434165,4.537976212,7,8,9999
2026-03-12T08:06:11.368316,438486f4-a5b6-11f0-a150-baed9603afbb,HUB Koemarkt ingang garage,51.914517902,4.401917461,6,4,9999
2026-03-12T08:06:11.368316,365f4a3e-a5b3-11f0-ab44-baed9603afbb,Rubensplein,51.911712719,4.383665134,6,1,9999
2026-03-12T08:06:11.368316,a85b996e-fe23-11ee-b58d-569a23b994be,BH Dirk van der Kooijweg (Waterleliesingel),51.953796964,4.52009166,10,1,9999
2026-03-12T08:06:11.368316,19e2de56-b5d8-11ee-9ae6-5263e3f30f1e,BH STC Waalhaven,51.878297275,4.448759787,10,1,9999
2026-03-12T08:06:11.368316,c6c213ee-ed18-11ef-9957-f683e5eb607c,BH Langenhorst (Binkhorst),51.877310029,4.494737503,10,3,9999
2026-03-12T08:06:11.368316,3366f8b0-a8dc-11ef-8778-d2279db84567,BH Vierhavenstraat (WoonEnzo),51.907777562,4.438830385,4,7,9999
2026-03-12T08:06:11.368316,04a89aea-a5b3-11f0-ab44-baed9603afbb,Groenelaan Hagastraat (Winkelcentrum),51.907303396,4.402285408,4,1,9999
2026-03-12T08:06:11.368316,32638aa6-a5b5-11f0-9f09-baed9603afbb,HUB Laan van Bol'es,51.928443203,4.370771711,10,2,9999
2026-03-12T08:06:11.368316,291c2f72-a749-11ef-8778-d2279db84567,BH Westzeedijk,51.909321622,4.471436479,10,3,9999
2026-03-12T08:06:11.368316,abd627be-67bb-11f0-91de-5eaa9feacc9b,BH Schiekade (Heer Bokelweg),51.927133058,4.476309832,10,1,9999
2026-03-12T08:06:11.368316,8948d5a4-b094-11ef-b6d3-56d88772ab1a,BH Duivenpad,51.964922912,4.498254116,8,4,9999
2026-03-12T08:06:11.368316,227e8c1e-be97-11ee-9ae6-5263e3f30f1e,HUB Metrostation Troelstralaan,51.915742295,4.384972326,10,0,9999
2026-03-12T08:06:11.368316,0af509a8-06f7-11ef-b58d-569a23b994be,BH Beethovensingel,51.96114919,4.505141448,10,16,9999
2026-03-12T08:06:11.368316,dc06f296-1768-11ef-8071-42f0fecaeb6a,BH Prins Alexanderlaan (Oosterflank),51.946646256,4.553811478,12,1,9999
2026-03-12T08:06:11.368316,221af3ce-7fe1-11ee-bb01-c602c1905375,BH Metro Prinsenlaan,51.940647564,4.556931306,10,3,9999
2026-03-12T08:06:11.368316,a793d6ba-edc8-11ee-a9f0-82366b51b915,BH Infirmeriestraat,51.922255603,4.502265891,10,9,9999
2026-03-12T08:06:11.368316,0359e1a2-bdb3-11ed-b1e6-fa4fb8e2990b,RK Rosestraat 11C,51.902954022,4.511377745,10,10,9999
2026-03-12T08:06:11.368316,87f07e20-9e78-11ee-a91e-ee69b7c7763e,BH Marconistraat (Lee Towers),51.912441021,4.430411189,14,4,9999
2026-03-12T08:06:11.368316,f539bd6e-06f8-11ef-b58d-569a23b994be,BH Meijersplein,51.955657978,4.463033845,8,2,9999
2026-03-12T08:06:11.368316,70f0801a-8071-11ed-b1e6-fa4fb8e2990b,RK treinstation Lombardijen,51.88057913,4.531905572,30,3,9999
2026-03-12T08:06:11.368316,43752ffc-a8db-11ef-8778-d2279db84567,BH Pieter de Hoochweg,51.906316301,4.459985731,6,11,9999
2026-03-12T08:06:11.368316,b35ddad8-ab08-11ef-8778-d2279db84567,HUB Rotterdamsedijk 272,51.914957692,4.40343084,8,1,9999
2026-03-12T08:06:11.368316,9b1fa0f6-ae3c-11ee-a91e-ee69b7c7763e,BH Winkelhart Plein 1953,51.874842065,4.467889739,10,2,9999
2026-03-12T08:06:11.368316,8bd90878-0884-11f0-9a47-66143dd92f22,RK Molenvliet,51.882626536,4.521159806,10,4,9999
2026-03-12T08:06:11.368316,45450b66-a5b2-11f0-ab44-baed9603afbb,Maasdijk (Gustoweg),51.906629018,4.412009895,6,2,9999
2026-03-12T08:06:11.368316,4de2effe-f068-11ef-ba40-0ea3ed1ae564,HUB Hof van Spaland - Vlaardingseweg,51.935841728,4.376077923,4,0,9999
2026-03-12T08:06:11.368316,d38c6468-06fe-11ef-b58d-569a23b994be,BH Kleine Beer,51.950902127,4.555051083,6,1,9999
2026-03-12T08:06:11.368316,e552904e-182b-11ef-a8d1-42f0fecaeb6a,BH Metrostation Hesseplaats,51.963345229,4.554510684,10,4,9999
2026-03-12T08:06:11.368316,1826196c-b162-11ef-bdcd-5adc5d29ed54,BH Bentincklaan (Diergaarde Blijdorp),51.92572504,4.454794024,10,9,9999
2026-03-12T08:06:11.368316,8a1e5ed0-1c9e-11ee-8219-8ed3b2364c4f,BH Sparta stadion,51.920151368,4.434428835,20,17,9999
2026-03-12T08:06:11.368316,d3c9003c-b486-11ee-9ae6-5263e3f30f1e,BH Oostzeedijk Beneden,51.922514244,4.503092963,10,5,9999
2026-03-12T08:06:11.368316,552a82b8-b094-11ef-b6d3-56d88772ab1a,BH Hockeyclub Rotterdam,51.96869974,4.484731647,25,3,9999
2026-03-12T08:06:11.368316,cb3f6d1c-a746-11ef-8778-d2279db84567,BH Vasteland (AH),51.911537089,4.478368712,10,13,9999
2026-03-12T08:06:11.368316,d4a8557a-eabd-11ef-ac99-aa7241d1fb4f,HUB Admiraal Trompstraat (Huisman),51.908834504,4.381923039,8,0,9999
2026-03-12T08:06:11.368316,00e8b3de-9e82-11ee-a91e-ee69b7c7763e,BH Jacques Dutilhweg,51.927993284,4.5475155,10,7,9999
2026-03-12T08:06:11.368316,d868fe52-36e5-11f0-ab1d-9ae3af3bf913,BH Sluisjesdijk,51.894714517,4.461900478,10,3,0
2026-03-12T08:06:11.368316,4338fed2-edbb-11ee-a9f0-82366b51b915,BH Oostzeedijk Beneden 2,51.921653595,4.507031037,10,9,9999
2026-03-12T08:06:11.368316,2c82bb9a-217b-11ee-8219-8ed3b2364c4f,Hub Weena,51.922738296,4.469181329,142,33,9999
2026-03-12T08:06:11.368316,96f5cbdc-06f6-11ef-b58d-569a23b994be,BH Argonautenweg,51.959086712,4.49354982,10,0,9999
2026-03-12T08:06:11.368316,2f51713e-32b7-11ee-8219-8ed3b2364c4f,Hub P+R Capelsebrug,51.920991793,4.559215491,18,2,9999
2026-03-12T08:06:11.368316,62b0255a-9e7a-11ee-a91e-ee69b7c7763e,BH Vierhavenstraat,51.910327597,4.434992993,16,9,9999
2026-03-12T08:06:11.368316,2b10524e-06f5-11ef-b58d-569a23b994be,BH Piet van der Polsingel,51.950618784,4.518612648,8,3,9999
2026-03-12T08:06:11.368316,47070056-06fa-11ef-b58d-569a23b994be,BH Metrostation Schenkel,51.931770435,4.56406792,12,2,9999
2026-03-12T08:06:11.368316,7a8c12ba-91ab-11ed-b1e6-fa4fb8e2990b,BH Metrostation Slinge,51.874526023,4.477872534,15,2,9999
2026-03-12T08:06:11.368316,026045c6-8530-11ee-bb01-c602c1905375,BH Winkelhart Katendrechtse Lagedijk,51.891184937,4.479440034,10,1,9999
2026-03-12T08:06:11.368316,9d9bb8ec-4bd1-11ee-bb01-c602c1905375,BH Marconiplein,51.913319277,4.432514448,10,3,9999
2026-03-12T08:06:11.368316,8330f3ca-a5b4-11f0-ab44-baed9603afbb,Fokkerstraat Plesmanstraat,51.929694009,4.399576614,4,1,9999
2026-03-12T08:06:11.368316,5b842034-5331-11f0-ab1d-9ae3af3bf913,BH Walenburgerweg,51.926698659,4.462629155,10,9,9999
2026-03-12T08:06:11.368316,a08059b6-b484-11ee-9ae6-5263e3f30f1e,BH Metrostation Gerdesiaweg,51.925444134,4.506155972,10,2,9999
2026-03-12T08:06:11.368316,2f718c84-8911-11ee-bb01-c602c1905375,BH Metro Dijkzigt - EMC,51.911789199,4.466334846,20,12,9999
2026-03-12T08:06:11.368316,f58e41fc-1c9f-11ee-8219-8ed3b2364c4f,BH Heemraadsplein,51.912322959,4.455058085,10,0,9999
2026-03-12T08:06:11.368316,79fdd038-34b8-11f0-ab1d-9ae3af3bf913,BH RTHA Airport,51.94924845,4.432611987,10,5,0
2026-03-12T08:06:11.368316,1c41897e-596e-11ef-bed6-aa139991deb4,HUB Metrostation Nieuwland / Bijdorpplein,51.922583819,4.38260008,10,0,9999
2026-03-12T08:06:11.368316,a57d027c-8912-11ee-bb01-c602c1905375,BH Delftse Poort,51.924408145,4.472816464,10,5,9999
2026-03-12T08:06:11.368316,6383849a-2038-11f0-ab1d-9ae3af3bf913,BH - Kralingsebos (Langepad),51.936318565,4.506197017,10,0,9999
2026-03-12T08:06:11.368316,e90e9332-06f5-11ef-b58d-569a23b994be,BH Burgemeester Le Fèvre de Montignylaan,51.957620055,4.501711782,10,0,9999
2026-03-12T08:06:11.368316,5cb3ffde-bdaf-11ed-b1e6-fa4fb8e2990b,RK Stadionlaan,51.892328813,4.530682857,10,3,9999
2026-03-12T08:06:11.368316,02bed1f8-8392-11ee-bb01-c602c1905375,BH Station Alexander,51.951735827,4.551049232,10,9,9999
2026-03-12T08:06:11.368316,08d5cf66-8ab2-11ee-bb01-c602c1905375,BH Winkelhart Asterlo,51.873536387,4.483591736,10,1,9999
2026-03-12T08:06:11.368316,0e51e024-c757-11ee-9ae6-5263e3f30f1e,BH Metrostation Binnenhof,51.960437867,4.535372966,10,5,9999
2026-03-12T08:06:11.368316,409f87f6-890f-11ee-bb01-c602c1905375,BH Metro Beurs,51.917806013,4.480107053,8,4,9999
2026-03-12T08:06:11.368316,d6a7cd26-4d08-11f0-ab1d-9ae3af3bf913,BH - Oudehoofdplein-Haringvliet,51.918979475,4.49384405,10,4,9999
2026-03-12T08:06:11.368316,f0ad9b92-1767-11ef-8071-42f0fecaeb6a,BH Prinsenlaan,51.937206457,4.536127586,10,0,9999
2026-03-12T08:06:11.368316,f06fd44c-2035-11f0-ab1d-9ae3af3bf913,BH Boezemlaan,51.938982631,4.495864471,10,3,9999
2026-03-12T08:06:11.368316,8d91a90c-9e83-11ee-a91e-ee69b7c7763e,BH Kraaierstraat,51.91909698,4.418192898,8,6,9999
2026-03-12T08:06:11.368316,a2671a36-bdad-11ed-b1e6-fa4fb8e2990b,RK Dwarsdijk,51.893055987,4.539201504,10,9,9999
2026-03-12T08:06:11.368316,376a5cda-06f8-11ef-b58d-569a23b994be,BH Ganzerikplein,51.958953276,4.471584016,10,4,9999
2026-03-12T08:06:11.368316,5cdd9872-b096-11ef-b6d3-56d88772ab1a,BH Wilgenplaslaan/ Meidoornsingel,51.953868042,4.468211582,7,2,9999
2026-03-12T08:06:11.368316,952a3e78-a8db-11ef-8778-d2279db84567,BH Lloydstraat,51.902214281,4.461287644,10,12,9999
2026-03-12T08:06:11.368316,a6fa0910-8067-11ed-b1e6-fa4fb8e2990b,BH Stadion Fey (Bert Heesakkerstr.),51.896805818,4.521735582,50,3,9999
2026-03-12T08:06:11.368316,a1337d02-e018-11ed-a249-96cdaf8f7240,BH Sint Franciscus,51.942171146,4.460534407,25,3,9999
2026-03-12T08:06:11.368316,d3cea108-8285-11f0-ab44-baed9603afbb,BH - Ratelaarweg,51.967431611,4.463349689,10,2,9999
2026-03-12T08:06:11.368316,3bef7002-bdb5-11ed-b1e6-fa4fb8e2990b,RK Breeweg,51.890630632,4.514261169,10,3,9999
2026-03-12T08:06:11.368316,8c90734c-45bb-11ee-8219-8ed3b2364c4f,BH Coen Moulijnweg,51.893813253,4.526876329,42,2,9999
2026-03-12T08:06:11.368316,1b098490-2037-11f0-ab1d-9ae3af3bf913,BH Karmelweg,51.933461291,4.5029394,8,1,9999
2026-03-12T08:06:11.368316,23348a06-bdb1-11ed-b1e6-fa4fb8e2990b,RK Guido Gezelleweg,51.87434607,4.523238145,10,5,9999
2026-03-12T08:06:11.368316,66824038-37b2-11ef-a21a-8e54a72a50da,HUB Metrostation Parkweg / Zuidzijde,51.921443238,4.39475836,10,1,9
2026-03-12T08:06:11.368316,2c127298-ff25-11ef-a79f-a65a77daff90,BH Aert van Nesstraat,51.921141166,4.478916173,8,5,9999
2026-03-12T08:06:11.368316,cde445c6-a744-11ef-8778-d2279db84567,BH Groenendaal,51.921685178,4.492944049,6,6,9999
2026-03-12T08:06:11.368316,97c6a1c2-a8da-11ef-8778-d2279db84567,BH Henegouwerplein,51.921807589,4.460561523,10,2,9999
2026-03-12T08:06:11.368316,e68d5642-a5b5-11f0-b6c1-baed9603afbb,HUB NS Station Schiedam Centrum/ Professor Kamerlingh Onneslaan,51.92071744,4.408262487,12,6,9999
2026-03-12T08:06:11.368316,82623a40-bda3-11ed-b1e6-fa4fb8e2990b,RK Rosestraat,51.91100607,4.501308573,10,4,9999
2026-03-12T08:06:11.368316,b7353df6-b485-11ee-9ae6-5263e3f30f1e,BH Metrostation Kralingsezoom (Gravenweg),51.921751706,4.533850265,10,8,9999
2026-03-12T08:06:11.368316,6c34980a-bb92-11ef-a02d-6ea8ed91bd56,BH Gordelweg (Lidl),51.940472428,4.479798999,4,3,9999
2026-03-12T08:06:11.368316,5904bd1a-a5b5-11f0-b05b-baed9603afbb,HUB Hof van Spaland - Bachplein,51.934889388,4.374726808,8,2,9999
2026-03-12T08:06:11.368316,32ca5fd0-8126-11ed-b1e6-fa4fb8e2990b,RK Vuurplaat,51.906526668,4.505838102,10,1,9999
2026-03-12T08:06:11.368316,f94a1ff6-b095-11ef-b6d3-56d88772ab1a,BH Bm Le Fèvre de Montignylaan/ Jeroen Boschlaan,51.955641943,4.505982462,6,0,9999
2026-03-12T08:06:11.368316,4228b402-8537-11ee-bb01-c602c1905375,BH Tongelaarweg,51.895280064,4.563514996,10,2,9999
2026-03-12T08:06:11.368316,6f66a60c-36e5-11f0-ab1d-9ae3af3bf913,BH Lloydpier,51.904487669,4.460458303,8,3,0
2026-03-12T08:06:11.368316,7d81b63e-a5b5-11f0-b05b-baed9603afbb,HUB 's Gravelandseweg,51.932091958,4.401924037,6,2,9999
2026-03-12T08:06:11.368316,a3dbb322-8121-11ed-b1e6-fa4fb8e2990b,RK Metrostation Rijnhaven ,51.902216981,4.49610172,15,4,9999
2026-03-12T08:06:11.368316,cf23b50e-9ad0-11f0-ab44-baed9603afbb,BH Natuurhistorisch museum,51.911022288,4.472728259,12,1,9999
2026-03-12T08:06:11.368316,d55243f6-182b-11ef-a8d1-42f0fecaeb6a,BH Siciliëboulevard ,51.97996654,4.580859756,10,1,9999
2026-03-12T08:06:11.368316,e0f7ef36-a5b4-11f0-ab44-baed9603afbb,Havenstraat einde (digitale testhub),51.900396883,4.398614319,12,0,9999
2026-03-12T08:06:11.368316,05d1d708-eabd-11ef-88c2-aa7241d1fb4f,HUB De Thermen ,51.927426752,4.380236246,8,2,9999
2026-03-12T08:06:11.368316,b3381a7a-2036-11f0-ab1d-9ae3af3bf913,BH Oudedijk / de Nieuwe Plantage,51.929149075,4.505248613,8,6,9999
2026-03-12T08:06:11.368316,8b480576-eabc-11ee-a9f0-82366b51b915,BH Schiedamseweg Beneden,51.914135146,4.422297364,5,6,9999
2026-03-12T08:06:11.368316,89a2f1d2-a5b3-11f0-ab44-baed9603afbb,Metrostation Vijfsluizen,51.908108215,4.37254105,8,0,9999
2026-03-12T08:06:11.368316,e50f3d1e-f069-11ef-9ed7-0ea3ed1ae564,HUB Oranjestraat - Lange Nieuwstraat,51.913368472,4.40030457,5,0,9999
2026-03-12T08:06:11.368316,4c1b19a4-d0a1-11ee-8b0e-065810cc8d78,BH Elandstraat,51.910800072,4.553878993,10,5,9999
2026-03-12T08:06:11.368316,bbbba24e-806e-11ed-b1e6-fa4fb8e2990b,RK P+R Noorderhelling,51.894761016,4.532122707,15,0,9999
2026-03-12T08:06:11.368316,3ac0b682-8129-11ed-b1e6-fa4fb8e2990b,RK Cor Kieboomplein,51.896922039,4.523502821,15,1,9999
2026-03-12T08:06:11.368316,5a3ffbf4-37b1-11ef-a21a-8e54a72a50da,HUB Metrostation Nieuwland / Van Limburg Stirumstraat,51.922446663,4.38308784,6,2,3
2026-03-12T08:06:11.368316,5d8d12a2-a5b4-11f0-ab44-baed9603afbb,Van Heekstraat,51.931167557,4.406024405,4,0,9999
2026-03-12T08:06:11.368316,f251d6e8-0b82-11ef-b58d-569a23b994be,BH Metrostation Graskruid ,51.956473743,4.550010233,8,4,9999
2026-03-12T08:06:11.368316,a4d2ea7c-b2f0-11ef-aa57-62870c7808bb,BH 2e Hogenbanweg,51.936951327,4.427707182,8,0,9999
2026-03-12T08:06:11.368316,75ba0d1a-2037-11f0-ab1d-9ae3af3bf913,BH Stadhoudersweg,51.931417737,4.461484988,10,1,9999
2026-03-12T08:06:11.368316,bc6b0d7e-a745-11ef-8778-d2279db84567,BH Goudsewagenstraat,51.923224462,4.493552746,8,5,9999
2026-03-12T08:06:11.368316,0f37eafc-8912-11ee-bb01-c602c1905375,BH Metro Oostplein,51.922677789,4.497608825,10,10,9999
2026-03-12T08:06:11.368316,aed7c2fa-8123-11ed-b1e6-fa4fb8e2990b,RK Groene Hilledijk/Beijerlandselaan,51.893806789,4.509452258,10,5,9999
2026-03-12T08:06:11.368316,c76f0318-bb92-11ef-a02d-6ea8ed91bd56,BH NS Centraal Station (Stationssingel),51.925399994,4.466148375,10,22,9999
2026-03-12T08:06:11.368316,361a368c-a5b4-11f0-ab44-baed9603afbb,Sportpark Haga (Epke Zonderlandstraat),51.921919868,4.370918199,8,3,9999
2026-03-12T08:06:11.368316,f4c0fe5e-02d6-11ef-b58d-569a23b994be,BH Paulus Potterstraat,51.9228414,4.508497696,10,6,9999
2026-03-12T08:06:11.368316,48cbf66e-9f15-11ee-a91e-ee69b7c7763e,BH Franselaan,51.917379138,4.420463507,10,7,9999
2026-03-12T08:06:11.368316,e9735b4e-7da7-11f0-ab44-baed9603afbb,BH Veldkersweg,51.966835673,4.46657292,8,0,9999
2026-03-12T08:06:11.368316,4b1ac684-bb93-11ef-a02d-6ea8ed91bd56,BH Noorderkanaalweg,51.940525593,4.472984586,9,3,9999
2026-03-12T08:06:11.368316,033a9392-3700-11f0-ab1d-9ae3af3bf913,BH Herman Bavinckstraat,51.915067882,4.521446921,10,1,9999
2026-03-12T08:06:11.368316,ffe8c3e8-a8da-11ef-8778-d2279db84567,BH Mathenesserplein,51.917836602,4.44508891,8,2,9999
2026-03-12T08:06:11.368316,e377069a-ff63-11ef-a79f-a65a77daff90,BH Kralingsebos Bosdreef/Pr. Beatrixlaan,51.93789612,4.501689644,8,2,9999
2026-03-12T08:06:11.368316,7af95f9c-a747-11ef-8778-d2279db84567,BH Kruisplein,51.92228569,4.47138789,6,4,9999
2026-03-12T08:06:11.368316,4c50cb7a-bdb6-11ed-b1e6-fa4fb8e2990b,RK Olympiaweg,51.886462746,4.529133302,10,3,9999
2026-03-12T08:06:11.368316,a694ef4e-36e5-11f0-ab1d-9ae3af3bf913,BH Neushoornstraat,51.913041554,4.553743002,6,1,1
2026-03-12T08:06:11.368316,be56ca62-8120-11ed-b1e6-fa4fb8e2990b,RK P+R Beverwaard,51.885771514,4.568986239,10,1,9999
2026-03-12T08:06:11.368316,d5af3bc4-806a-11ed-b1e6-fa4fb8e2990b,BH Kievitslaan,51.907226862,4.473300159,17,4,9999
2026-03-12T08:06:11.368316,dd006abc-a5b3-11f0-ab44-baed9603afbb,Havenstraat,51.903204365,4.398004897,8,1,9999
2026-03-12T08:06:11.368316,6f09af84-eabe-11ee-a9f0-82366b51b915,BH Delftseplein ,51.925206514,4.474011701,14,4,9999
2026-03-12T08:06:11.368316,1cfb89ec-806b-11ed-b1e6-fa4fb8e2990b,BH Westplein,51.908912961,4.478583441,10,12,9999
2026-03-12T08:06:11.368316,12fc10a4-bb94-11ef-a02d-6ea8ed91bd56,BH Noordplein,51.930251975,4.483699175,10,2,9999
2026-03-12T08:06:11.368316,276e8d26-bda0-11ed-b1e6-fa4fb8e2990b,RK Strevelsweg,51.889634937,4.495943368,15,1,9999
2026-03-12T08:06:11.368316,9e066470-2038-11f0-ab1d-9ae3af3bf913,BH Kralinger Esch,51.911179823,4.524762065,9,4,9999
2026-03-12T08:06:11.368316,9b1f0aaa-8125-11ed-b1e6-fa4fb8e2990b,RK Slaghekstraat - Beijerlandselaan,51.897574833,4.511261604,10,2,9999
2026-03-12T08:06:11.368316,b8c81048-2037-11f0-ab1d-9ae3af3bf913,BH Van Maanenstraat,51.932279316,4.464280453,6,4,9999
2026-03-12T08:06:11.368316,1f4ff66c-bdb8-11ed-b1e6-fa4fb8e2990b,RK Van der Takstraat ,51.914243737,4.496045621,10,4,9999
2026-03-12T08:06:11.368316,3b523cee-5c94-11f0-ab1d-9ae3af3bf913,BH - Wilhelminapier,51.90698281,4.489727426,14,1,9999
2026-03-12T08:06:11.368316,e8d292d2-039a-11ef-b58d-569a23b994be,BH Mia van Yperenplein ,51.928414546,4.545678043,10,6,9999
2026-03-12T08:06:11.368316,12daf18a-8068-11ed-b1e6-fa4fb8e2990b,BH Treinst. Lombardijen (Aesopusplaats),51.880478018,4.530040287,10,0,9999
2026-03-12T08:06:11.368316,558e4a5a-eaba-11ee-a9f0-82366b51b915,BH Blijdorplaan ,51.927389289,4.440437692,22,14,9999
2026-03-12T08:06:11.368316,5a8de282-36ee-11f0-ab1d-9ae3af3bf913,BH van Blommesteynweg,51.888148155,4.460842726,10,2,9999
2026-03-12T08:06:11.368316,078569ee-a5b5-11f0-ab44-baed9603afbb,Nieuwe Waterwegstraat (digitale testhub),51.900682979,4.390873601,12,0,9999
2026-03-12T08:06:11.368316,8e5dd27e-06fd-11ef-b58d-569a23b994be,BH Prins Alexanderplein,51.951040272,4.553684972,14,0,9999
2026-03-12T08:06:11.368316,a6843864-fbc4-11ee-b58d-569a23b994be,Trompenburg 1,51.917696349,4.517981647,10,9,0
2026-03-12T08:06:11.368316,5b583480-a8da-11ef-8778-d2279db84567,BH Duyststraat,51.910073429,4.452225738,8,1,9999
2026-03-12T08:06:11.368316,2510e9ba-a5b6-11f0-847a-baed9603afbb,Hub Kloosterplaats,51.91675013,4.402112308,6,4,9999
2026-03-12T08:06:11.368316,880e3e72-a8dd-11ef-8778-d2279db84567,BH Spaansebocht,51.917413667,4.430014126,9,0,9999
2026-03-12T08:06:11.368316,b5b3324a-edb9-11ee-a9f0-82366b51b915,BH Siondwarsstraat,51.925261494,4.51053174,10,0,9999
2026-03-12T08:06:11.368316,94b01d94-edc6-11ee-a9f0-82366b51b915,BH Schuttersveld,51.933248028,4.490978921,10,7,9999
2026-03-12T08:06:11.368316,69b33170-edbd-11ee-a9f0-82366b51b915,BH Metro Oostplein 2,51.923145722,4.496820843,10,10,9999
2026-03-12T08:06:11.368316,67d6af9a-f068-11ef-ba40-0ea3ed1ae564,HUB Hof van Spaland - Schiedamseweg,51.934898803,4.378145906,12,1,9999
2026-03-12T08:06:11.368316,4933dd54-9e7c-11ee-a91e-ee69b7c7763e,BH Willem Ruyslaan (Luzac College),51.925421889,4.508669446,10,9,9999
2026-03-12T08:06:11.368316,9f935b6c-b095-11ef-b6d3-56d88772ab1a,BH Bergpolderplein,51.945227242,4.474988047,8,4,9999
2026-03-12T08:06:11.368316,8a2d056c-bb93-11ef-a02d-6ea8ed91bd56,BH NS Station Noord (Bergweg),51.941530048,4.481339526,10,4,4
2026-03-12T08:06:11.368316,4d95ab34-8122-11ed-b1e6-fa4fb8e2990b,RK Metrostation Maashaven ,51.896573582,4.494245173,30,0,9999
2026-03-12T08:06:11.368316,3d015ff0-8394-11ee-bb01-c602c1905375,BH Metrostation Oosterflank,51.945209326,4.555045447,10,2,9999
2026-03-12T08:06:11.368316,defeb050-a747-11ef-8778-d2279db84567,BH Karel Doormanstraat,51.922789549,4.473609692,9,2,9999
2026-03-12T08:06:11.368316,b5dc5454-890f-11ee-bb01-c602c1905375,BH Schilderstraat,51.916377397,4.48142868,8,3,9999
2026-03-12T08:06:11.368316,2f12ae3e-806c-11ed-b1e6-fa4fb8e2990b,BH Winkelcentrum Keizerswaard-Herenw,51.886358391,4.549308056,15,16,9999
2026-03-12T08:06:11.368316,3b6d73a8-805d-11ed-b1e6-fa4fb8e2990b,BH Metrostation Melanchtonweg,51.94881199,4.465233746,10,3,9999
2026-03-12T08:06:11.368316,d5832958-891a-11ee-bb01-c602c1905375,BH Metro Zuidplein (nieuw),51.887180341,4.491554668,10,2,9999
2026-03-12T08:06:11.368316,a535094e-b162-11ef-bdcd-5adc5d29ed54,BH Eudokiaplein,51.932433484,4.47153255,9,3,9999
2026-03-12T08:06:11.368316,437f8dc8-bd9e-11ed-b1e6-fa4fb8e2990b,RK Hillevliet,51.89558515,4.506432514,10,1,9999
2026-03-12T08:06:11.368316,f10d8ab4-9997-11ee-a91e-ee69b7c7763e,BH Shell Hofplein,51.925705456,4.477781355,28,7,9999
2026-03-12T08:06:11.368316,94467720-8127-11ed-b1e6-fa4fb8e2990b,RK Persoonsdam,51.909309099,4.508017165,10,3,9999
2026-03-12T08:06:11.368316,9245444a-2023-11f0-ab1d-9ae3af3bf913,BH Witte de Withstraat,51.915906523,4.478080905,10,2,9999
2026-03-12T08:06:11.368316,49d59348-ff64-11ef-b515-a65a77daff90,BH Bergweg (Dirk van den Broek),51.93856254,4.479465675,6,4,9999
2026-03-12T08:06:11.368316,30fb96bc-8124-11ed-b1e6-fa4fb8e2990b,RK Beverwaardseweg/ Borgharensingel,51.898798338,4.564663375,10,1,9999
2026-03-12T08:06:11.368316,9a1fb404-8ab3-11ee-bb01-c602c1905375,BH Langenhorst ,51.874120882,4.494254863,10,2,9999
2026-03-12T08:06:11.368316,abe67bfa-b096-11ef-b6d3-56d88772ab1a,BH Wilgenplaslaan/ Donkersingel,51.951337599,4.47048253,10,5,9999
2026-03-12T08:06:11.368316,068b0f9c-a8dd-11ef-8778-d2279db84567,BH Vierhavenstraat (Sahan),51.908502395,4.437727106,4,3,9999
2026-03-12T08:06:11.368316,bc0e7e9c-a8da-11ef-8778-d2279db84567,BH Jan van Vuchtstraat,51.917045317,4.460830874,6,3,9999
2026-03-12T08:06:11.368316,8b721818-a5b2-11f0-ab44-baed9603afbb,Lekstraat,51.90446958,4.406985264,6,2,9999
2026-03-12T08:06:11.368316,ad212572-06f7-11ef-b58d-569a23b994be,BH Molenlaan/Grindweg,51.963224537,4.49571068,10,2,9999
2026-03-12T08:06:11.368316,f8828c3e-806d-11ed-b1e6-fa4fb8e2990b,RK Station Rdam Zuid,51.905545015,4.509568537,15,6,9999
2026-03-12T08:06:11.368316,5f71799e-806b-11ed-b1e6-fa4fb8e2990b,BH Willemsplein,51.911118908,4.481894771,17,2,9999
2026-03-12T08:06:11.368316,42824336-bd97-11ed-b1e6-fa4fb8e2990b,RK Groene Hilledijk,51.882726433,4.504266667,10,3,9999
2026-03-12T08:06:11.368316,db6932f4-182b-11ef-a8d1-42f0fecaeb6a,BH Metrostation Nesselande,51.978969273,4.586177782,10,0,9999
2026-03-12T08:06:11.368316,e26322b0-2025-11f0-ab1d-9ae3af3bf913,BH Brielselaan,51.896298935,4.489248091,4,2,9999
2026-03-12T08:06:11.368316,c862b7f2-06fb-11ef-b58d-569a23b994be,BH Prins Alexanderlaan (metrobaan zijde),51.952192324,4.551435621,10,0,9999
2026-03-12T08:06:11.368316,c53689c2-8124-11ed-b1e6-fa4fb8e2990b,RK Peellandstraat / Beesdestraat ,51.888535309,4.567291893,10,4,9999
2026-03-12T08:06:11.368316,8f5d35a0-1834-11ef-8071-42f0fecaeb6a,BH Jan Bijloostraat (Winkelcentrum Lage Land),51.941821995,4.546449269,9,5,9999
2026-03-12T08:06:11.368316,f8fcd3a4-983a-11ef-a85a-be896af2d3a5,BH Rhijnauwensingel,51.892161199,4.569620613,12,2,9999
2026-03-12T08:06:11.368316,118239d4-a5b2-11f0-ab44-baed9603afbb,Lorentzlaan (bushalte),51.917994492,4.415061192,4,0,9999
2026-03-12T08:06:11.368316,0c107276-bdb7-11ed-b1e6-fa4fb8e2990b,RK Sandelingenplein,51.889562128,4.506962326,10,4,9999
2026-03-12T08:06:11.368316,75b8bea6-81d8-11ed-b1e6-fa4fb8e2990b,RK Metrostation Maashaven (Putselaan),51.897794241,4.495760713,10,7,9999
2026-03-12T08:06:11.368316,a20bbbae-bdae-11ed-b1e6-fa4fb8e2990b,RK Frankendaal,51.886951976,4.521294152,10,0,9999
2026-03-12T08:06:11.368316,f1df385c-f5b2-11ef-81b3-76e5c571f05f,HUB Admiraal de Ruyterstraat,51.906742474,4.38554997,8,3,9999
2026-03-12T08:06:11.368316,4247dd56-1c9f-11ee-8219-8ed3b2364c4f,BH Metro Coolhaven,51.909218289,4.458167882,10,6,9999
2026-03-12T09:01:02.150313,65af1c24-06f4-11ef-b58d-569a23b994be,BH Meerum Terwogtlaan,51.951763386,4.524587387,10,3,9999
2026-03-12T09:01:02.150313,bc839806-a5b1-11f0-ab44-baed9603afbb,Van het Hoffplein (Boerhavelaan),51.916219132,4.412005574,8,3,9999
2026-03-12T09:01:02.150313,2c632780-a8de-11ef-8778-d2279db84567,BH Schuttevaerweg,51.922420472,4.434869706,10,3,9999
2026-03-12T09:01:02.150313,a3c07f10-a5b5-11f0-b05b-baed9603afbb,HUB Hoofdbrug,51.908705902,4.406131267,8,1,9999
2026-03-12T09:01:02.150313,b9bfe680-fbc4-11ee-b58d-569a23b994be,Trompenburg 2,51.917638379,4.518889893,10,0,10
2026-03-12T09:01:02.150313,3c659862-a8dd-11ef-8778-d2279db84567,BH Mayflowerstraat,51.905015647,4.440161906,10,7,9999
2026-03-12T09:01:02.150313,e0a4baca-a748-11ef-8778-d2279db84567,BH Mariniersweg,51.920853425,4.490979502,10,5,9999
2026-03-12T09:01:02.150313,c35c448e-06fc-11ef-b58d-569a23b994be,BH Jacob van Campenweg ,51.942434165,4.537976212,7,8,9999
2026-03-12T09:01:02.150313,438486f4-a5b6-11f0-a150-baed9603afbb,HUB Koemarkt ingang garage,51.914517902,4.401917461,6,4,9999
2026-03-12T09:01:02.150313,365f4a3e-a5b3-11f0-ab44-baed9603afbb,Rubensplein,51.911712719,4.383665134,6,1,9999
2026-03-12T09:01:02.150313,a85b996e-fe23-11ee-b58d-569a23b994be,BH Dirk van der Kooijweg (Waterleliesingel),51.953796964,4.52009166,10,1,9999
2026-03-12T09:01:02.150313,19e2de56-b5d8-11ee-9ae6-5263e3f30f1e,BH STC Waalhaven,51.878297275,4.448759787,10,1,9999
2026-03-12T09:01:02.150313,c6c213ee-ed18-11ef-9957-f683e5eb607c,BH Langenhorst (Binkhorst),51.877310029,4.494737503,10,3,9999
2026-03-12T09:01:02.150313,3366f8b0-a8dc-11ef-8778-d2279db84567,BH Vierhavenstraat (WoonEnzo),51.907777562,4.438830385,4,7,9999
2026-03-12T09:01:02.150313,04a89aea-a5b3-11f0-ab44-baed9603afbb,Groenelaan Hagastraat (Winkelcentrum),51.907303396,4.402285408,4,1,9999
2026-03-12T09:01:02.150313,32638aa6-a5b5-11f0-9f09-baed9603afbb,HUB Laan van Bol'es,51.928443203,4.370771711,10,2,9999
2026-03-12T09:01:02.150313,291c2f72-a749-11ef-8778-d2279db84567,BH Westzeedijk,51.909321622,4.471436479,10,2,9999
2026-03-12T09:01:02.150313,abd627be-67bb-11f0-91de-5eaa9feacc9b,BH Schiekade (Heer Bokelweg),51.927133058,4.476309832,10,0,9999
2026-03-12T09:01:02.150313,8948d5a4-b094-11ef-b6d3-56d88772ab1a,BH Duivenpad,51.964922912,4.498254116,8,4,9999
2026-03-12T09:01:02.150313,227e8c1e-be97-11ee-9ae6-5263e3f30f1e,HUB Metrostation Troelstralaan,51.915742295,4.384972326,10,0,9999
2026-03-12T09:01:02.150313,0af509a8-06f7-11ef-b58d-569a23b994be,BH Beethovensingel,51.96114919,4.505141448,10,16,9999
2026-03-12T09:01:02.150313,dc06f296-1768-11ef-8071-42f0fecaeb6a,BH Prins Alexanderlaan (Oosterflank),51.946646256,4.553811478,12,1,9999
2026-03-12T09:01:02.150313,221af3ce-7fe1-11ee-bb01-c602c1905375,BH Metro Prinsenlaan,51.940647564,4.556931306,10,3,9999
2026-03-12T09:01:02.150313,a793d6ba-edc8-11ee-a9f0-82366b51b915,BH Infirmeriestraat,51.922255603,4.502265891,10,9,9999
2026-03-12T09:01:02.150313,0359e1a2-bdb3-11ed-b1e6-fa4fb8e2990b,RK Rosestraat 11C,51.902954022,4.511377745,10,10,9999
2026-03-12T09:01:02.150313,87f07e20-9e78-11ee-a91e-ee69b7c7763e,BH Marconistraat (Lee Towers),51.912441021,4.430411189,14,4,9999
2026-03-12T09:01:02.150313,f539bd6e-06f8-11ef-b58d-569a23b994be,BH Meijersplein,51.955657978,4.463033845,8,2,9999
2026-03-12T09:01:02.150313,70f0801a-8071-11ed-b1e6-fa4fb8e2990b,RK treinstation Lombardijen,51.88057913,4.531905572,30,3,9999
2026-03-12T09:01:02.150313,43752ffc-a8db-11ef-8778-d2279db84567,BH Pieter de Hoochweg,51.906316301,4.459985731,6,14,9999
2026-03-12T09:01:02.150313,b35ddad8-ab08-11ef-8778-d2279db84567,HUB Rotterdamsedijk 272,51.914957692,4.40343084,8,1,9999
2026-03-12T09:01:02.150313,9b1fa0f6-ae3c-11ee-a91e-ee69b7c7763e,BH Winkelhart Plein 1953,51.874842065,4.467889739,10,2,9999
2026-03-12T09:01:02.150313,8bd90878-0884-11f0-9a47-66143dd92f22,RK Molenvliet,51.882626536,4.521159806,10,4,9999
2026-03-12T09:01:02.150313,45450b66-a5b2-11f0-ab44-baed9603afbb,Maasdijk (Gustoweg),51.906629018,4.412009895,6,2,9999
2026-03-12T09:01:02.150313,4de2effe-f068-11ef-ba40-0ea3ed1ae564,HUB Hof van Spaland - Vlaardingseweg,51.935841728,4.376077923,4,0,9999
2026-03-12T09:01:02.150313,d38c6468-06fe-11ef-b58d-569a23b994be,BH Kleine Beer,51.950902127,4.555051083,6,1,9999
2026-03-12T09:01:02.150313,e552904e-182b-11ef-a8d1-42f0fecaeb6a,BH Metrostation Hesseplaats,51.963345229,4.554510684,10,4,9999
2026-03-12T09:01:02.150313,1826196c-b162-11ef-bdcd-5adc5d29ed54,BH Bentincklaan (Diergaarde Blijdorp),51.92572504,4.454794024,10,16,9999
2026-03-12T09:01:02.150313,8a1e5ed0-1c9e-11ee-8219-8ed3b2364c4f,BH Sparta stadion,51.920151368,4.434428835,20,18,9999
2026-03-12T09:01:02.150313,d3c9003c-b486-11ee-9ae6-5263e3f30f1e,BH Oostzeedijk Beneden,51.922514244,4.503092963,10,4,9999
2026-03-12T09:01:02.150313,552a82b8-b094-11ef-b6d3-56d88772ab1a,BH Hockeyclub Rotterdam,51.96869974,4.484731647,25,3,9999
2026-03-12T09:01:02.150313,cb3f6d1c-a746-11ef-8778-d2279db84567,BH Vasteland (AH),51.911537089,4.478368712,10,13,9999
2026-03-12T09:01:02.150313,d4a8557a-eabd-11ef-ac99-aa7241d1fb4f,HUB Admiraal Trompstraat (Huisman),51.908834504,4.381923039,8,0,9999
2026-03-12T09:01:02.150313,00e8b3de-9e82-11ee-a91e-ee69b7c7763e,BH Jacques Dutilhweg,51.927993284,4.5475155,10,7,9999
2026-03-12T09:01:02.150313,d868fe52-36e5-11f0-ab1d-9ae3af3bf913,BH Sluisjesdijk,51.894714517,4.461900478,10,2,0
2026-03-12T09:01:02.150313,4338fed2-edbb-11ee-a9f0-82366b51b915,BH Oostzeedijk Beneden 2,51.921653595,4.507031037,10,9,9999
2026-03-12T09:01:02.150313,2c82bb9a-217b-11ee-8219-8ed3b2364c4f,Hub Weena,51.922738296,4.469181329,142,29,9999
2026-03-12T09:01:02.150313,96f5cbdc-06f6-11ef-b58d-569a23b994be,BH Argonautenweg,51.959086712,4.49354982,10,0,9999
2026-03-12T09:01:02.150313,2f51713e-32b7-11ee-8219-8ed3b2364c4f,Hub P+R Capelsebrug,51.920991793,4.559215491,18,3,9999
2026-03-12T09:01:02.150313,62b0255a-9e7a-11ee-a91e-ee69b7c7763e,BH Vierhavenstraat,51.910327597,4.434992993,16,9,9999
2026-03-12T09:01:02.150313,2b10524e-06f5-11ef-b58d-569a23b994be,BH Piet van der Polsingel,51.950618784,4.518612648,8,3,9999
2026-03-12T09:01:02.150313,47070056-06fa-11ef-b58d-569a23b994be,BH Metrostation Schenkel,51.931770435,4.56406792,12,2,9999
2026-03-12T09:01:02.150313,7a8c12ba-91ab-11ed-b1e6-fa4fb8e2990b,BH Metrostation Slinge,51.874526023,4.477872534,15,3,9999
2026-03-12T09:01:02.150313,026045c6-8530-11ee-bb01-c602c1905375,BH Winkelhart Katendrechtse Lagedijk,51.891184937,4.479440034,10,1,9999
2026-03-12T09:01:02.150313,9d9bb8ec-4bd1-11ee-bb01-c602c1905375,BH Marconiplein,51.913319277,4.432514448,10,2,9999
2026-03-12T09:01:02.150313,8330f3ca-a5b4-11f0-ab44-baed9603afbb,Fokkerstraat Plesmanstraat,51.929694009,4.399576614,4,1,9999
2026-03-12T09:01:02.150313,5b842034-5331-11f0-ab1d-9ae3af3bf913,BH Walenburgerweg,51.926698659,4.462629155,10,9,9999
2026-03-12T09:01:02.150313,a08059b6-b484-11ee-9ae6-5263e3f30f1e,BH Metrostation Gerdesiaweg,51.925444134,4.506155972,10,2,9999
2026-03-12T09:01:02.150313,2f718c84-8911-11ee-bb01-c602c1905375,BH Metro Dijkzigt - EMC,51.911789199,4.466334846,20,14,9999
2026-03-12T09:01:02.150313,f58e41fc-1c9f-11ee-8219-8ed3b2364c4f,BH Heemraadsplein,51.912322959,4.455058085,10,2,9999
2026-03-12T09:01:02.150313,79fdd038-34b8-11f0-ab1d-9ae3af3bf913,BH RTHA Airport,51.94924845,4.432611987,10,5,0
2026-03-12T09:01:02.150313,1c41897e-596e-11ef-bed6-aa139991deb4,HUB Metrostation Nieuwland / Bijdorpplein,51.922583819,4.38260008,10,0,9999
2026-03-12T09:01:02.150313,a57d027c-8912-11ee-bb01-c602c1905375,BH Delftse Poort,51.924408145,4.472816464,10,9,9999
2026-03-12T09:01:02.150313,6383849a-2038-11f0-ab1d-9ae3af3bf913,BH - Kralingsebos (Langepad),51.936318565,4.506197017,10,0,9999
2026-03-12T09:01:02.150313,e90e9332-06f5-11ef-b58d-569a23b994be,BH Burgemeester Le Fèvre de Montignylaan,51.957620055,4.501711782,10,0,9999
2026-03-12T09:01:02.150313,5cb3ffde-bdaf-11ed-b1e6-fa4fb8e2990b,RK Stadionlaan,51.892328813,4.530682857,10,3,9999
2026-03-12T09:01:02.150313,02bed1f8-8392-11ee-bb01-c602c1905375,BH Station Alexander,51.951735827,4.551049232,10,10,9999
2026-03-12T09:01:02.150313,08d5cf66-8ab2-11ee-bb01-c602c1905375,BH Winkelhart Asterlo,51.873536387,4.483591736,10,0,9999
2026-03-12T09:01:02.150313,0e51e024-c757-11ee-9ae6-5263e3f30f1e,BH Metrostation Binnenhof,51.960437867,4.535372966,10,5,9999
2026-03-12T09:01:02.150313,409f87f6-890f-11ee-bb01-c602c1905375,BH Metro Beurs,51.917806013,4.480107053,8,4,9999
2026-03-12T09:01:02.150313,d6a7cd26-4d08-11f0-ab1d-9ae3af3bf913,BH - Oudehoofdplein-Haringvliet,51.918979475,4.49384405,10,5,9999
2026-03-12T09:01:02.150313,f0ad9b92-1767-11ef-8071-42f0fecaeb6a,BH Prinsenlaan,51.937206457,4.536127586,10,0,9999
2026-03-12T09:01:02.150313,f06fd44c-2035-11f0-ab1d-9ae3af3bf913,BH Boezemlaan,51.938982631,4.495864471,10,3,9999
2026-03-12T09:01:02.150313,8d91a90c-9e83-11ee-a91e-ee69b7c7763e,BH Kraaierstraat,51.91909698,4.418192898,8,6,9999
2026-03-12T09:01:02.150313,a2671a36-bdad-11ed-b1e6-fa4fb8e2990b,RK Dwarsdijk,51.893055987,4.539201504,10,9,9999
2026-03-12T09:01:02.150313,376a5cda-06f8-11ef-b58d-569a23b994be,BH Ganzerikplein,51.958953276,4.471584016,10,5,9999
2026-03-12T09:01:02.150313,5cdd9872-b096-11ef-b6d3-56d88772ab1a,BH Wilgenplaslaan/ Meidoornsingel,51.953868042,4.468211582,7,2,9999
2026-03-12T09:01:02.150313,952a3e78-a8db-11ef-8778-d2279db84567,BH Lloydstraat,51.902214281,4.461287644,10,13,9999
2026-03-12T09:01:02.150313,a6fa0910-8067-11ed-b1e6-fa4fb8e2990b,BH Stadion Fey (Bert Heesakkerstr.),51.896805818,4.521735582,50,2,9999
2026-03-12T09:01:02.150313,a1337d02-e018-11ed-a249-96cdaf8f7240,BH Sint Franciscus,51.942171146,4.460534407,25,3,9999
2026-03-12T09:01:02.150313,d3cea108-8285-11f0-ab44-baed9603afbb,BH - Ratelaarweg,51.967431611,4.463349689,10,2,9999
2026-03-12T09:01:02.150313,3bef7002-bdb5-11ed-b1e6-fa4fb8e2990b,RK Breeweg,51.890630632,4.514261169,10,3,9999
2026-03-12T09:01:02.150313,8c90734c-45bb-11ee-8219-8ed3b2364c4f,BH Coen Moulijnweg,51.893813253,4.526876329,42,2,9999
2026-03-12T09:01:02.150313,1b098490-2037-11f0-ab1d-9ae3af3bf913,BH Karmelweg,51.933461291,4.5029394,8,1,9999
2026-03-12T09:01:02.150313,23348a06-bdb1-11ed-b1e6-fa4fb8e2990b,RK Guido Gezelleweg,51.87434607,4.523238145,10,4,9999
2026-03-12T09:01:02.150313,66824038-37b2-11ef-a21a-8e54a72a50da,HUB Metrostation Parkweg / Zuidzijde,51.921443238,4.39475836,10,1,9
2026-03-12T09:01:02.150313,2c127298-ff25-11ef-a79f-a65a77daff90,BH Aert van Nesstraat,51.921141166,4.478916173,8,6,9999
2026-03-12T09:01:02.150313,cde445c6-a744-11ef-8778-d2279db84567,BH Groenendaal,51.921685178,4.492944049,6,6,9999
2026-03-12T09:01:02.150313,97c6a1c2-a8da-11ef-8778-d2279db84567,BH Henegouwerplein,51.921807589,4.460561523,10,3,9999
2026-03-12T09:01:02.150313,e68d5642-a5b5-11f0-b6c1-baed9603afbb,HUB NS Station Schiedam Centrum/ Professor Kamerlingh Onneslaan,51.92071744,4.408262487,12,6,9999
2026-03-12T09:01:02.150313,82623a40-bda3-11ed-b1e6-fa4fb8e2990b,RK Rosestraat,51.91100607,4.501308573,10,4,9999
2026-03-12T09:01:02.150313,b7353df6-b485-11ee-9ae6-5263e3f30f1e,BH Metrostation Kralingsezoom (Gravenweg),51.921751706,4.533850265,10,8,9999
2026-03-12T09:01:02.150313,6c34980a-bb92-11ef-a02d-6ea8ed91bd56,BH Gordelweg (Lidl),51.940472428,4.479798999,4,1,9999
2026-03-12T09:01:02.150313,5904bd1a-a5b5-11f0-b05b-baed9603afbb,HUB Hof van Spaland - Bachplein,51.934889388,4.374726808,8,2,9999
2026-03-12T09:01:02.150313,32ca5fd0-8126-11ed-b1e6-fa4fb8e2990b,RK Vuurplaat,51.906526668,4.505838102,10,1,9999
2026-03-12T09:01:02.150313,f94a1ff6-b095-11ef-b6d3-56d88772ab1a,BH Bm Le Fèvre de Montignylaan/ Jeroen Boschlaan,51.955641943,4.505982462,6,0,9999
2026-03-12T09:01:02.150313,4228b402-8537-11ee-bb01-c602c1905375,BH Tongelaarweg,51.895280064,4.563514996,10,2,9999
2026-03-12T09:01:02.150313,6f66a60c-36e5-11f0-ab1d-9ae3af3bf913,BH Lloydpier,51.904487669,4.460458303,8,4,0
2026-03-12T09:01:02.150313,7d81b63e-a5b5-11f0-b05b-baed9603afbb,HUB 's Gravelandseweg,51.932091958,4.401924037,6,2,9999
2026-03-12T09:01:02.150313,a3dbb322-8121-11ed-b1e6-fa4fb8e2990b,RK Metrostation Rijnhaven ,51.902216981,4.49610172,15,6,9999
2026-03-12T09:01:02.150313,cf23b50e-9ad0-11f0-ab44-baed9603afbb,BH Natuurhistorisch museum,51.911022288,4.472728259,12,1,9999
2026-03-12T09:01:02.150313,d55243f6-182b-11ef-a8d1-42f0fecaeb6a,BH Siciliëboulevard ,51.97996654,4.580859756,10,1,9999
2026-03-12T09:01:02.150313,e0f7ef36-a5b4-11f0-ab44-baed9603afbb,Havenstraat einde (digitale testhub),51.900396883,4.398614319,12,0,9999
2026-03-12T09:01:02.150313,05d1d708-eabd-11ef-88c2-aa7241d1fb4f,HUB De Thermen ,51.927426752,4.380236246,8,2,9999
2026-03-12T09:01:02.150313,b3381a7a-2036-11f0-ab1d-9ae3af3bf913,BH Oudedijk / de Nieuwe Plantage,51.929149075,4.505248613,8,6,9999
2026-03-12T09:01:02.150313,8b480576-eabc-11ee-a9f0-82366b51b915,BH Schiedamseweg Beneden,51.914135146,4.422297364,5,6,9999
2026-03-12T09:01:02.150313,89a2f1d2-a5b3-11f0-ab44-baed9603afbb,Metrostation Vijfsluizen,51.908108215,4.37254105,8,0,9999
2026-03-12T09:01:02.150313,e50f3d1e-f069-11ef-9ed7-0ea3ed1ae564,HUB Oranjestraat - Lange Nieuwstraat,51.913368472,4.40030457,5,0,9999
2026-03-12T09:01:02.150313,4c1b19a4-d0a1-11ee-8b0e-065810cc8d78,BH Elandstraat,51.910800072,4.553878993,10,5,9999
2026-03-12T09:01:02.150313,bbbba24e-806e-11ed-b1e6-fa4fb8e2990b,RK P+R Noorderhelling,51.894761016,4.532122707,15,0,9999
2026-03-12T09:01:02.150313,3ac0b682-8129-11ed-b1e6-fa4fb8e2990b,RK Cor Kieboomplein,51.896922039,4.523502821,15,1,9999
2026-03-12T09:01:02.150313,5a3ffbf4-37b1-11ef-a21a-8e54a72a50da,HUB Metrostation Nieuwland / Van Limburg Stirumstraat,51.922446663,4.38308784,6,2,4
2026-03-12T09:01:02.150313,5d8d12a2-a5b4-11f0-ab44-baed9603afbb,Van Heekstraat,51.931167557,4.406024405,4,0,9999
2026-03-12T09:01:02.150313,f251d6e8-0b82-11ef-b58d-569a23b994be,BH Metrostation Graskruid ,51.956473743,4.550010233,8,3,9999
2026-03-12T09:01:02.150313,a4d2ea7c-b2f0-11ef-aa57-62870c7808bb,BH 2e Hogenbanweg,51.936951327,4.427707182,8,0,9999
2026-03-12T09:01:02.150313,75ba0d1a-2037-11f0-ab1d-9ae3af3bf913,BH Stadhoudersweg,51.931417737,4.461484988,10,1,9999
2026-03-12T09:01:02.150313,bc6b0d7e-a745-11ef-8778-d2279db84567,BH Goudsewagenstraat,51.923224462,4.493552746,8,6,9999
2026-03-12T09:01:02.150313,0f37eafc-8912-11ee-bb01-c602c1905375,BH Metro Oostplein,51.922677789,4.497608825,10,9,9999
2026-03-12T09:01:02.150313,aed7c2fa-8123-11ed-b1e6-fa4fb8e2990b,RK Groene Hilledijk/Beijerlandselaan,51.893806789,4.509452258,10,4,9999
2026-03-12T09:01:02.150313,c76f0318-bb92-11ef-a02d-6ea8ed91bd56,BH NS Centraal Station (Stationssingel),51.925399994,4.466148375,10,18,9999
2026-03-12T09:01:02.150313,361a368c-a5b4-11f0-ab44-baed9603afbb,Sportpark Haga (Epke Zonderlandstraat),51.921919868,4.370918199,8,3,9999
2026-03-12T09:01:02.150313,f4c0fe5e-02d6-11ef-b58d-569a23b994be,BH Paulus Potterstraat,51.9228414,4.508497696,10,5,9999
2026-03-12T09:01:02.150313,48cbf66e-9f15-11ee-a91e-ee69b7c7763e,BH Franselaan,51.917379138,4.420463507,10,7,9999
2026-03-12T09:01:02.150313,e9735b4e-7da7-11f0-ab44-baed9603afbb,BH Veldkersweg,51.966835673,4.46657292,8,0,9999
2026-03-12T09:01:02.150313,4b1ac684-bb93-11ef-a02d-6ea8ed91bd56,BH Noorderkanaalweg,51.940525593,4.472984586,9,4,9999
2026-03-12T09:01:02.150313,033a9392-3700-11f0-ab1d-9ae3af3bf913,BH Herman Bavinckstraat,51.915067882,4.521446921,10,1,9999
2026-03-12T09:01:02.150313,ffe8c3e8-a8da-11ef-8778-d2279db84567,BH Mathenesserplein,51.917836602,4.44508891,8,0,9999
2026-03-12T09:01:02.150313,e377069a-ff63-11ef-a79f-a65a77daff90,BH Kralingsebos Bosdreef/Pr. Beatrixlaan,51.93789612,4.501689644,8,2,9999
2026-03-12T09:01:02.150313,7af95f9c-a747-11ef-8778-d2279db84567,BH Kruisplein,51.92228569,4.47138789,6,7,9999
2026-03-12T09:01:02.150313,4c50cb7a-bdb6-11ed-b1e6-fa4fb8e2990b,RK Olympiaweg,51.886462746,4.529133302,10,3,9999
2026-03-12T09:01:02.150313,a694ef4e-36e5-11f0-ab1d-9ae3af3bf913,BH Neushoornstraat,51.913041554,4.553743002,6,0,3
2026-03-12T09:01:02.150313,be56ca62-8120-11ed-b1e6-fa4fb8e2990b,RK P+R Beverwaard,51.885771514,4.568986239,10,1,9999
2026-03-12T09:01:02.150313,d5af3bc4-806a-11ed-b1e6-fa4fb8e2990b,BH Kievitslaan,51.907226862,4.473300159,17,7,9999
2026-03-12T09:01:02.150313,dd006abc-a5b3-11f0-ab44-baed9603afbb,Havenstraat,51.903204365,4.398004897,8,1,9999
2026-03-12T09:01:02.150313,6f09af84-eabe-11ee-a9f0-82366b51b915,BH Delftseplein ,51.925206514,4.474011701,14,4,9999
2026-03-12T09:01:02.150313,1cfb89ec-806b-11ed-b1e6-fa4fb8e2990b,BH Westplein,51.908912961,4.478583441,10,7,9999
2026-03-12T09:01:02.150313,12fc10a4-bb94-11ef-a02d-6ea8ed91bd56,BH Noordplein,51.930251975,4.483699175,10,5,9999
2026-03-12T09:01:02.150313,276e8d26-bda0-11ed-b1e6-fa4fb8e2990b,RK Strevelsweg,51.889634937,4.495943368,15,1,9999
2026-03-12T09:01:02.150313,9e066470-2038-11f0-ab1d-9ae3af3bf913,BH Kralinger Esch,51.911179823,4.524762065,9,4,9999
2026-03-12T09:01:02.150313,9b1f0aaa-8125-11ed-b1e6-fa4fb8e2990b,RK Slaghekstraat - Beijerlandselaan,51.897574833,4.511261604,10,2,9999
2026-03-12T09:01:02.150313,b8c81048-2037-11f0-ab1d-9ae3af3bf913,BH Van Maanenstraat,51.932279316,4.464280453,6,2,9999
2026-03-12T09:01:02.150313,1f4ff66c-bdb8-11ed-b1e6-fa4fb8e2990b,RK Van der Takstraat ,51.914243737,4.496045621,10,4,9999
2026-03-12T09:01:02.150313,3b523cee-5c94-11f0-ab1d-9ae3af3bf913,BH - Wilhelminapier,51.90698281,4.489727426,14,11,9999
2026-03-12T09:01:02.150313,e8d292d2-039a-11ef-b58d-569a23b994be,BH Mia van Yperenplein ,51.928414546,4.545678043,10,6,9999
2026-03-12T09:01:02.150313,12daf18a-8068-11ed-b1e6-fa4fb8e2990b,BH Treinst. Lombardijen (Aesopusplaats),51.880478018,4.530040287,10,0,9999
2026-03-12T09:01:02.150313,558e4a5a-eaba-11ee-a9f0-82366b51b915,BH Blijdorplaan ,51.927389289,4.440437692,22,14,9999
2026-03-12T09:01:02.150313,5a8de282-36ee-11f0-ab1d-9ae3af3bf913,BH van Blommesteynweg,51.888148155,4.460842726,10,2,9999
2026-03-12T09:01:02.150313,078569ee-a5b5-11f0-ab44-baed9603afbb,Nieuwe Waterwegstraat (digitale testhub),51.900682979,4.390873601,12,0,9999
2026-03-12T09:01:02.150313,8e5dd27e-06fd-11ef-b58d-569a23b994be,BH Prins Alexanderplein,51.951040272,4.553684972,14,0,9999
2026-03-12T09:01:02.150313,a6843864-fbc4-11ee-b58d-569a23b994be,Trompenburg 1,51.917696349,4.517981647,10,8,0
2026-03-12T09:01:02.150313,5b583480-a8da-11ef-8778-d2279db84567,BH Duyststraat,51.910073429,4.452225738,8,1,9999
2026-03-12T09:01:02.150313,2510e9ba-a5b6-11f0-847a-baed9603afbb,Hub Kloosterplaats,51.91675013,4.402112308,6,4,9999
2026-03-12T09:01:02.150313,880e3e72-a8dd-11ef-8778-d2279db84567,BH Spaansebocht,51.917413667,4.430014126,9,0,9999
2026-03-12T09:01:02.150313,b5b3324a-edb9-11ee-a9f0-82366b51b915,BH Siondwarsstraat,51.925261494,4.51053174,10,0,9999
2026-03-12T09:01:02.150313,94b01d94-edc6-11ee-a9f0-82366b51b915,BH Schuttersveld,51.933248028,4.490978921,10,6,9999
2026-03-12T09:01:02.150313,69b33170-edbd-11ee-a9f0-82366b51b915,BH Metro Oostplein 2,51.923145722,4.496820843,10,8,9999
2026-03-12T09:01:02.150313,67d6af9a-f068-11ef-ba40-0ea3ed1ae564,HUB Hof van Spaland - Schiedamseweg,51.934898803,4.378145906,12,1,9999
2026-03-12T09:01:02.150313,4933dd54-9e7c-11ee-a91e-ee69b7c7763e,BH Willem Ruyslaan (Luzac College),51.925421889,4.508669446,10,8,9999
2026-03-12T09:01:02.150313,9f935b6c-b095-11ef-b6d3-56d88772ab1a,BH Bergpolderplein,51.945227242,4.474988047,8,3,9999
2026-03-12T09:01:02.150313,8a2d056c-bb93-11ef-a02d-6ea8ed91bd56,BH NS Station Noord (Bergweg),51.941530048,4.481339526,10,6,2
2026-03-12T09:01:02.150313,4d95ab34-8122-11ed-b1e6-fa4fb8e2990b,RK Metrostation Maashaven ,51.896573582,4.494245173,30,0,9999
2026-03-12T09:01:02.150313,3d015ff0-8394-11ee-bb01-c602c1905375,BH Metrostation Oosterflank,51.945209326,4.555045447,10,2,9999
2026-03-12T09:01:02.150313,defeb050-a747-11ef-8778-d2279db84567,BH Karel Doormanstraat,51.922789549,4.473609692,9,5,9999
2026-03-12T09:01:02.150313,b5dc5454-890f-11ee-bb01-c602c1905375,BH Schilderstraat,51.916377397,4.48142868,8,4,9999
2026-03-12T09:01:02.150313,2f12ae3e-806c-11ed-b1e6-fa4fb8e2990b,BH Winkelcentrum Keizerswaard-Herenw,51.886358391,4.549308056,15,16,9999
2026-03-12T09:01:02.150313,3b6d73a8-805d-11ed-b1e6-fa4fb8e2990b,BH Metrostation Melanchtonweg,51.94881199,4.465233746,10,4,9999
2026-03-12T09:01:02.150313,d5832958-891a-11ee-bb01-c602c1905375,BH Metro Zuidplein (nieuw),51.887180341,4.491554668,10,2,9999
2026-03-12T09:01:02.150313,a535094e-b162-11ef-bdcd-5adc5d29ed54,BH Eudokiaplein,51.932433484,4.47153255,9,3,9999
2026-03-12T09:01:02.150313,437f8dc8-bd9e-11ed-b1e6-fa4fb8e2990b,RK Hillevliet,51.89558515,4.506432514,10,1,9999
2026-03-12T09:01:02.150313,f10d8ab4-9997-11ee-a91e-ee69b7c7763e,BH Shell Hofplein,51.925705456,4.477781355,28,7,9999
2026-03-12T09:01:02.150313,94467720-8127-11ed-b1e6-fa4fb8e2990b,RK Persoonsdam,51.909309099,4.508017165,10,2,9999
2026-03-12T09:01:02.150313,9245444a-2023-11f0-ab1d-9ae3af3bf913,BH Witte de Withstraat,51.915906523,4.478080905,10,3,9999
2026-03-12T09:01:02.150313,49d59348-ff64-11ef-b515-a65a77daff90,BH Bergweg (Dirk van den Broek),51.93856254,4.479465675,6,5,9999
2026-03-12T09:01:02.150313,30fb96bc-8124-11ed-b1e6-fa4fb8e2990b,RK Beverwaardseweg/ Borgharensingel,51.898798338,4.564663375,10,1,9999
2026-03-12T09:01:02.150313,9a1fb404-8ab3-11ee-bb01-c602c1905375,BH Langenhorst ,51.874120882,4.494254863,10,1,9999
2026-03-12T09:01:02.150313,abe67bfa-b096-11ef-b6d3-56d88772ab1a,BH Wilgenplaslaan/ Donkersingel,51.951337599,4.47048253,10,5,9999
2026-03-12T09:01:02.150313,068b0f9c-a8dd-11ef-8778-d2279db84567,BH Vierhavenstraat (Sahan),51.908502395,4.437727106,4,3,9999
2026-03-12T09:01:02.150313,bc0e7e9c-a8da-11ef-8778-d2279db84567,BH Jan van Vuchtstraat,51.917045317,4.460830874,6,3,9999
2026-03-12T09:01:02.150313,8b721818-a5b2-11f0-ab44-baed9603afbb,Lekstraat,51.90446958,4.406985264,6,2,9999
2026-03-12T09:01:02.150313,ad212572-06f7-11ef-b58d-569a23b994be,BH Molenlaan/Grindweg,51.963224537,4.49571068,10,2,9999
2026-03-12T09:01:02.150313,f8828c3e-806d-11ed-b1e6-fa4fb8e2990b,RK Station Rdam Zuid,51.905545015,4.509568537,15,6,9999
2026-03-12T09:01:02.150313,5f71799e-806b-11ed-b1e6-fa4fb8e2990b,BH Willemsplein,51.911118908,4.481894771,17,3,9999
2026-03-12T09:01:02.150313,42824336-bd97-11ed-b1e6-fa4fb8e2990b,RK Groene Hilledijk,51.882726433,4.504266667,10,4,9999
2026-03-12T09:01:02.150313,db6932f4-182b-11ef-a8d1-42f0fecaeb6a,BH Metrostation Nesselande,51.978969273,4.586177782,10,0,9999
2026-03-12T09:01:02.150313,e26322b0-2025-11f0-ab1d-9ae3af3bf913,BH Brielselaan,51.896298935,4.489248091,4,2,9999
2026-03-12T09:01:02.150313,c862b7f2-06fb-11ef-b58d-569a23b994be,BH Prins Alexanderlaan (metrobaan zijde),51.952192324,4.551435621,10,0,9999
2026-03-12T09:01:02.150313,c53689c2-8124-11ed-b1e6-fa4fb8e2990b,RK Peellandstraat / Beesdestraat ,51.888535309,4.567291893,10,4,9999
2026-03-12T09:01:02.150313,8f5d35a0-1834-11ef-8071-42f0fecaeb6a,BH Jan Bijloostraat (Winkelcentrum Lage Land),51.941821995,4.546449269,9,4,9999
2026-03-12T09:01:02.150313,f8fcd3a4-983a-11ef-a85a-be896af2d3a5,BH Rhijnauwensingel,51.892161199,4.569620613,12,2,9999
2026-03-12T09:01:02.150313,118239d4-a5b2-11f0-ab44-baed9603afbb,Lorentzlaan (bushalte),51.917994492,4.415061192,4,0,9999
2026-03-12T09:01:02.150313,0c107276-bdb7-11ed-b1e6-fa4fb8e2990b,RK Sandelingenplein,51.889562128,4.506962326,10,4,9999
2026-03-12T09:01:02.150313,75b8bea6-81d8-11ed-b1e6-fa4fb8e2990b,RK Metrostation Maashaven (Putselaan),51.897794241,4.495760713,10,9,9999
2026-03-12T09:01:02.150313,a20bbbae-bdae-11ed-b1e6-fa4fb8e2990b,RK Frankendaal,51.886951976,4.521294152,10,0,9999
2026-03-12T09:01:02.150313,f1df385c-f5b2-11ef-81b3-76e5c571f05f,HUB Admiraal de Ruyterstraat,51.906742474,4.38554997,8,3,9999
2026-03-12T09:01:02.150313,4247dd56-1c9f-11ee-8219-8ed3b2364c4f,BH Metro Coolhaven,51.909218289,4.458167882,10,6,9999
2026-03-12T09:58:10.034309,65af1c24-06f4-11ef-b58d-569a23b994be,BH Meerum Terwogtlaan,51.951763386,4.524587387,10,3,9999
2026-03-12T09:58:10.034309,bc839806-a5b1-11f0-ab44-baed9603afbb,Van het Hoffplein (Boerhavelaan),51.916219132,4.412005574,8,3,9999
2026-03-12T09:58:10.034309,2c632780-a8de-11ef-8778-d2279db84567,BH Schuttevaerweg,51.922420472,4.434869706,10,3,9999
2026-03-12T09:58:10.034309,a3c07f10-a5b5-11f0-b05b-baed9603afbb,HUB Hoofdbrug,51.908705902,4.406131267,8,1,9999
2026-03-12T09:58:10.034309,b9bfe680-fbc4-11ee-b58d-569a23b994be,Trompenburg 2,51.917638379,4.518889893,10,0,10
2026-03-12T09:58:10.034309,3c659862-a8dd-11ef-8778-d2279db84567,BH Mayflowerstraat,51.905015647,4.440161906,10,7,9999
2026-03-12T09:58:10.034309,e0a4baca-a748-11ef-8778-d2279db84567,BH Mariniersweg,51.920853425,4.490979502,10,4,9999
2026-03-12T09:58:10.034309,c35c448e-06fc-11ef-b58d-569a23b994be,BH Jacob van Campenweg ,51.942434165,4.537976212,7,8,9999
2026-03-12T09:58:10.034309,438486f4-a5b6-11f0-a150-baed9603afbb,HUB Koemarkt ingang garage,51.914517902,4.401917461,6,4,9999
2026-03-12T09:58:10.034309,365f4a3e-a5b3-11f0-ab44-baed9603afbb,Rubensplein,51.911712719,4.383665134,6,1,9999
2026-03-12T09:58:10.034309,a85b996e-fe23-11ee-b58d-569a23b994be,BH Dirk van der Kooijweg (Waterleliesingel),51.953796964,4.52009166,10,1,9999
2026-03-12T09:58:10.034309,19e2de56-b5d8-11ee-9ae6-5263e3f30f1e,BH STC Waalhaven,51.878297275,4.448759787,10,1,9999
2026-03-12T09:58:10.034309,c6c213ee-ed18-11ef-9957-f683e5eb607c,BH Langenhorst (Binkhorst),51.877310029,4.494737503,10,3,9999
2026-03-12T09:58:10.034309,3366f8b0-a8dc-11ef-8778-d2279db84567,BH Vierhavenstraat (WoonEnzo),51.907777562,4.438830385,4,7,9999
2026-03-12T09:58:10.034309,04a89aea-a5b3-11f0-ab44-baed9603afbb,Groenelaan Hagastraat (Winkelcentrum),51.907303396,4.402285408,4,1,9999
2026-03-12T09:58:10.034309,32638aa6-a5b5-11f0-9f09-baed9603afbb,HUB Laan van Bol'es,51.928443203,4.370771711,10,2,9999
2026-03-12T09:58:10.034309,291c2f72-a749-11ef-8778-d2279db84567,BH Westzeedijk,51.909321622,4.471436479,10,2,9999
2026-03-12T09:58:10.034309,abd627be-67bb-11f0-91de-5eaa9feacc9b,BH Schiekade (Heer Bokelweg),51.927133058,4.476309832,10,0,9999
2026-03-12T09:58:10.034309,8948d5a4-b094-11ef-b6d3-56d88772ab1a,BH Duivenpad,51.964922912,4.498254116,8,4,9999
2026-03-12T09:58:10.034309,227e8c1e-be97-11ee-9ae6-5263e3f30f1e,HUB Metrostation Troelstralaan,51.915742295,4.384972326,10,0,9999
2026-03-12T09:58:10.034309,0af509a8-06f7-11ef-b58d-569a23b994be,BH Beethovensingel,51.96114919,4.505141448,10,17,9999
2026-03-12T09:58:10.034309,dc06f296-1768-11ef-8071-42f0fecaeb6a,BH Prins Alexanderlaan (Oosterflank),51.946646256,4.553811478,12,1,9999
2026-03-12T09:58:10.034309,221af3ce-7fe1-11ee-bb01-c602c1905375,BH Metro Prinsenlaan,51.940647564,4.556931306,10,3,9999
2026-03-12T09:58:10.034309,a793d6ba-edc8-11ee-a9f0-82366b51b915,BH Infirmeriestraat,51.922255603,4.502265891,10,9,9999
2026-03-12T09:58:10.034309,0359e1a2-bdb3-11ed-b1e6-fa4fb8e2990b,RK Rosestraat 11C,51.902954022,4.511377745,10,9,9999
2026-03-12T09:58:10.034309,87f07e20-9e78-11ee-a91e-ee69b7c7763e,BH Marconistraat (Lee Towers),51.912441021,4.430411189,14,4,9999
2026-03-12T09:58:10.034309,f539bd6e-06f8-11ef-b58d-569a23b994be,BH Meijersplein,51.955657978,4.463033845,8,2,9999
2026-03-12T09:58:10.034309,70f0801a-8071-11ed-b1e6-fa4fb8e2990b,RK treinstation Lombardijen,51.88057913,4.531905572,30,3,9999
2026-03-12T09:58:10.034309,43752ffc-a8db-11ef-8778-d2279db84567,BH Pieter de Hoochweg,51.906316301,4.459985731,6,13,9999
2026-03-12T09:58:10.034309,b35ddad8-ab08-11ef-8778-d2279db84567,HUB Rotterdamsedijk 272,51.914957692,4.40343084,8,1,9999
2026-03-12T09:58:10.034309,9b1fa0f6-ae3c-11ee-a91e-ee69b7c7763e,BH Winkelhart Plein 1953,51.874842065,4.467889739,10,2,9999
2026-03-12T09:58:10.034309,8bd90878-0884-11f0-9a47-66143dd92f22,RK Molenvliet,51.882626536,4.521159806,10,6,9999
2026-03-12T09:58:10.034309,45450b66-a5b2-11f0-ab44-baed9603afbb,Maasdijk (Gustoweg),51.906629018,4.412009895,6,2,9999
2026-03-12T09:58:10.034309,4de2effe-f068-11ef-ba40-0ea3ed1ae564,HUB Hof van Spaland - Vlaardingseweg,51.935841728,4.376077923,4,0,9999
2026-03-12T09:58:10.034309,d38c6468-06fe-11ef-b58d-569a23b994be,BH Kleine Beer,51.950902127,4.555051083,6,1,9999
2026-03-12T09:58:10.034309,e552904e-182b-11ef-a8d1-42f0fecaeb6a,BH Metrostation Hesseplaats,51.963345229,4.554510684,10,3,9999
2026-03-12T09:58:10.034309,1826196c-b162-11ef-bdcd-5adc5d29ed54,BH Bentincklaan (Diergaarde Blijdorp),51.92572504,4.454794024,10,12,9999
2026-03-12T09:58:10.034309,8a1e5ed0-1c9e-11ee-8219-8ed3b2364c4f,BH Sparta stadion,51.920151368,4.434428835,20,18,9999
2026-03-12T09:58:10.034309,d3c9003c-b486-11ee-9ae6-5263e3f30f1e,BH Oostzeedijk Beneden,51.922514244,4.503092963,10,3,9999
2026-03-12T09:58:10.034309,552a82b8-b094-11ef-b6d3-56d88772ab1a,BH Hockeyclub Rotterdam,51.96869974,4.484731647,25,3,9999
2026-03-12T09:58:10.034309,cb3f6d1c-a746-11ef-8778-d2279db84567,BH Vasteland (AH),51.911537089,4.478368712,10,10,9999
2026-03-12T09:58:10.034309,d4a8557a-eabd-11ef-ac99-aa7241d1fb4f,HUB Admiraal Trompstraat (Huisman),51.908834504,4.381923039,8,0,9999
2026-03-12T09:58:10.034309,00e8b3de-9e82-11ee-a91e-ee69b7c7763e,BH Jacques Dutilhweg,51.927993284,4.5475155,10,7,9999
2026-03-12T09:58:10.034309,d868fe52-36e5-11f0-ab1d-9ae3af3bf913,BH Sluisjesdijk,51.894714517,4.461900478,10,2,0
2026-03-12T09:58:10.034309,4338fed2-edbb-11ee-a9f0-82366b51b915,BH Oostzeedijk Beneden 2,51.921653595,4.507031037,10,8,9999
2026-03-12T09:58:10.034309,2c82bb9a-217b-11ee-8219-8ed3b2364c4f,Hub Weena,51.922738296,4.469181329,142,29,9999
2026-03-12T09:58:10.034309,96f5cbdc-06f6-11ef-b58d-569a23b994be,BH Argonautenweg,51.959086712,4.49354982,10,0,9999
2026-03-12T09:58:10.034309,2f51713e-32b7-11ee-8219-8ed3b2364c4f,Hub P+R Capelsebrug,51.920991793,4.559215491,18,3,9999
2026-03-12T09:58:10.034309,62b0255a-9e7a-11ee-a91e-ee69b7c7763e,BH Vierhavenstraat,51.910327597,4.434992993,16,8,9999
2026-03-12T09:58:10.034309,2b10524e-06f5-11ef-b58d-569a23b994be,BH Piet van der Polsingel,51.950618784,4.518612648,8,3,9999
2026-03-12T09:58:10.034309,47070056-06fa-11ef-b58d-569a23b994be,BH Metrostation Schenkel,51.931770435,4.56406792,12,2,9999
2026-03-12T09:58:10.034309,7a8c12ba-91ab-11ed-b1e6-fa4fb8e2990b,BH Metrostation Slinge,51.874526023,4.477872534,15,3,9999
2026-03-12T09:58:10.034309,026045c6-8530-11ee-bb01-c602c1905375,BH Winkelhart Katendrechtse Lagedijk,51.891184937,4.479440034,10,0,9999
2026-03-12T09:58:10.034309,9d9bb8ec-4bd1-11ee-bb01-c602c1905375,BH Marconiplein,51.913319277,4.432514448,10,2,9999
2026-03-12T09:58:10.034309,8330f3ca-a5b4-11f0-ab44-baed9603afbb,Fokkerstraat Plesmanstraat,51.929694009,4.399576614,4,1,9999
2026-03-12T09:58:10.034309,5b842034-5331-11f0-ab1d-9ae3af3bf913,BH Walenburgerweg,51.926698659,4.462629155,10,9,9999
2026-03-12T09:58:10.034309,a08059b6-b484-11ee-9ae6-5263e3f30f1e,BH Metrostation Gerdesiaweg,51.925444134,4.506155972,10,2,9999
2026-03-12T09:58:10.034309,2f718c84-8911-11ee-bb01-c602c1905375,BH Metro Dijkzigt - EMC,51.911789199,4.466334846,20,15,9999
2026-03-12T09:58:10.034309,f58e41fc-1c9f-11ee-8219-8ed3b2364c4f,BH Heemraadsplein,51.912322959,4.455058085,10,2,9999
2026-03-12T09:58:10.034309,79fdd038-34b8-11f0-ab1d-9ae3af3bf913,BH RTHA Airport,51.94924845,4.432611987,10,6,0
2026-03-12T09:58:10.034309,1c41897e-596e-11ef-bed6-aa139991deb4,HUB Metrostation Nieuwland / Bijdorpplein,51.922583819,4.38260008,10,0,9999
2026-03-12T09:58:10.034309,a57d027c-8912-11ee-bb01-c602c1905375,BH Delftse Poort,51.924408145,4.472816464,10,9,9999
2026-03-12T09:58:10.034309,6383849a-2038-11f0-ab1d-9ae3af3bf913,BH - Kralingsebos (Langepad),51.936318565,4.506197017,10,0,9999
2026-03-12T09:58:10.034309,e90e9332-06f5-11ef-b58d-569a23b994be,BH Burgemeester Le Fèvre de Montignylaan,51.957620055,4.501711782,10,0,9999
2026-03-12T09:58:10.034309,5cb3ffde-bdaf-11ed-b1e6-fa4fb8e2990b,RK Stadionlaan,51.892328813,4.530682857,10,3,9999
2026-03-12T09:58:10.034309,02bed1f8-8392-11ee-bb01-c602c1905375,BH Station Alexander,51.951735827,4.551049232,10,10,9999
2026-03-12T09:58:10.034309,08d5cf66-8ab2-11ee-bb01-c602c1905375,BH Winkelhart Asterlo,51.873536387,4.483591736,10,0,9999
2026-03-12T09:58:10.034309,0e51e024-c757-11ee-9ae6-5263e3f30f1e,BH Metrostation Binnenhof,51.960437867,4.535372966,10,5,9999
2026-03-12T09:58:10.034309,409f87f6-890f-11ee-bb01-c602c1905375,BH Metro Beurs,51.917806013,4.480107053,8,5,9999
2026-03-12T09:58:10.034309,d6a7cd26-4d08-11f0-ab1d-9ae3af3bf913,BH - Oudehoofdplein-Haringvliet,51.918979475,4.49384405,10,6,9999
2026-03-12T09:58:10.034309,f0ad9b92-1767-11ef-8071-42f0fecaeb6a,BH Prinsenlaan,51.937206457,4.536127586,10,0,9999
2026-03-12T09:58:10.034309,f06fd44c-2035-11f0-ab1d-9ae3af3bf913,BH Boezemlaan,51.938982631,4.495864471,10,4,9999
2026-03-12T09:58:10.034309,8d91a90c-9e83-11ee-a91e-ee69b7c7763e,BH Kraaierstraat,51.91909698,4.418192898,8,5,9999
2026-03-12T09:58:10.034309,a2671a36-bdad-11ed-b1e6-fa4fb8e2990b,RK Dwarsdijk,51.893055987,4.539201504,10,9,9999
2026-03-12T09:58:10.034309,376a5cda-06f8-11ef-b58d-569a23b994be,BH Ganzerikplein,51.958953276,4.471584016,10,4,9999
2026-03-12T09:58:10.034309,5cdd9872-b096-11ef-b6d3-56d88772ab1a,BH Wilgenplaslaan/ Meidoornsingel,51.953868042,4.468211582,7,2,9999
2026-03-12T09:58:10.034309,952a3e78-a8db-11ef-8778-d2279db84567,BH Lloydstraat,51.902214281,4.461287644,10,16,9999
2026-03-12T09:58:10.034309,a6fa0910-8067-11ed-b1e6-fa4fb8e2990b,BH Stadion Fey (Bert Heesakkerstr.),51.896805818,4.521735582,50,2,9999
2026-03-12T09:58:10.034309,a1337d02-e018-11ed-a249-96cdaf8f7240,BH Sint Franciscus,51.942171146,4.460534407,25,4,9999
2026-03-12T09:58:10.034309,d3cea108-8285-11f0-ab44-baed9603afbb,BH - Ratelaarweg,51.967431611,4.463349689,10,2,9999
2026-03-12T09:58:10.034309,3bef7002-bdb5-11ed-b1e6-fa4fb8e2990b,RK Breeweg,51.890630632,4.514261169,10,3,9999
2026-03-12T09:58:10.034309,8c90734c-45bb-11ee-8219-8ed3b2364c4f,BH Coen Moulijnweg,51.893813253,4.526876329,42,2,9999
2026-03-12T09:58:10.034309,1b098490-2037-11f0-ab1d-9ae3af3bf913,BH Karmelweg,51.933461291,4.5029394,8,1,9999
2026-03-12T09:58:10.034309,23348a06-bdb1-11ed-b1e6-fa4fb8e2990b,RK Guido Gezelleweg,51.87434607,4.523238145,10,4,9999
2026-03-12T09:58:10.034309,66824038-37b2-11ef-a21a-8e54a72a50da,HUB Metrostation Parkweg / Zuidzijde,51.921443238,4.39475836,10,1,9
2026-03-12T09:58:10.034309,2c127298-ff25-11ef-a79f-a65a77daff90,BH Aert van Nesstraat,51.921141166,4.478916173,8,8,9999
2026-03-12T09:58:10.034309,cde445c6-a744-11ef-8778-d2279db84567,BH Groenendaal,51.921685178,4.492944049,6,10,9999
2026-03-12T09:58:10.034309,97c6a1c2-a8da-11ef-8778-d2279db84567,BH Henegouwerplein,51.921807589,4.460561523,10,3,9999
2026-03-12T09:58:10.034309,e68d5642-a5b5-11f0-b6c1-baed9603afbb,HUB NS Station Schiedam Centrum/ Professor Kamerlingh Onneslaan,51.92071744,4.408262487,12,6,9999
2026-03-12T09:58:10.034309,82623a40-bda3-11ed-b1e6-fa4fb8e2990b,RK Rosestraat,51.91100607,4.501308573,10,3,9999
2026-03-12T09:58:10.034309,b7353df6-b485-11ee-9ae6-5263e3f30f1e,BH Metrostation Kralingsezoom (Gravenweg),51.921751706,4.533850265,10,8,9999
2026-03-12T09:58:10.034309,6c34980a-bb92-11ef-a02d-6ea8ed91bd56,BH Gordelweg (Lidl),51.940472428,4.479798999,4,1,9999
2026-03-12T09:58:10.034309,5904bd1a-a5b5-11f0-b05b-baed9603afbb,HUB Hof van Spaland - Bachplein,51.934889388,4.374726808,8,2,9999
2026-03-12T09:58:10.034309,32ca5fd0-8126-11ed-b1e6-fa4fb8e2990b,RK Vuurplaat,51.906526668,4.505838102,10,1,9999
2026-03-12T09:58:10.034309,f94a1ff6-b095-11ef-b6d3-56d88772ab1a,BH Bm Le Fèvre de Montignylaan/ Jeroen Boschlaan,51.955641943,4.505982462,6,0,9999
2026-03-12T09:58:10.034309,4228b402-8537-11ee-bb01-c602c1905375,BH Tongelaarweg,51.895280064,4.563514996,10,2,9999
2026-03-12T09:58:10.034309,6f66a60c-36e5-11f0-ab1d-9ae3af3bf913,BH Lloydpier,51.904487669,4.460458303,8,5,0
2026-03-12T09:58:10.034309,7d81b63e-a5b5-11f0-b05b-baed9603afbb,HUB 's Gravelandseweg,51.932091958,4.401924037,6,2,9999
2026-03-12T09:58:10.034309,a3dbb322-8121-11ed-b1e6-fa4fb8e2990b,RK Metrostation Rijnhaven ,51.902216981,4.49610172,15,6,9999
2026-03-12T09:58:10.034309,cf23b50e-9ad0-11f0-ab44-baed9603afbb,BH Natuurhistorisch museum,51.911022288,4.472728259,12,1,9999
2026-03-12T09:58:10.034309,d55243f6-182b-11ef-a8d1-42f0fecaeb6a,BH Siciliëboulevard ,51.97996654,4.580859756,10,1,9999
2026-03-12T09:58:10.034309,e0f7ef36-a5b4-11f0-ab44-baed9603afbb,Havenstraat einde (digitale testhub),51.900396883,4.398614319,12,0,9999
2026-03-12T09:58:10.034309,05d1d708-eabd-11ef-88c2-aa7241d1fb4f,HUB De Thermen ,51.927426752,4.380236246,8,2,9999
2026-03-12T09:58:10.034309,b3381a7a-2036-11f0-ab1d-9ae3af3bf913,BH Oudedijk / de Nieuwe Plantage,51.929149075,4.505248613,8,6,9999
2026-03-12T09:58:10.034309,8b480576-eabc-11ee-a9f0-82366b51b915,BH Schiedamseweg Beneden,51.914135146,4.422297364,5,6,9999
2026-03-12T09:58:10.034309,89a2f1d2-a5b3-11f0-ab44-baed9603afbb,Metrostation Vijfsluizen,51.908108215,4.37254105,8,0,9999
2026-03-12T09:58:10.034309,e50f3d1e-f069-11ef-9ed7-0ea3ed1ae564,HUB Oranjestraat - Lange Nieuwstraat,51.913368472,4.40030457,5,0,9999
2026-03-12T09:58:10.034309,4c1b19a4-d0a1-11ee-8b0e-065810cc8d78,BH Elandstraat,51.910800072,4.553878993,10,5,9999
2026-03-12T09:58:10.034309,bbbba24e-806e-11ed-b1e6-fa4fb8e2990b,RK P+R Noorderhelling,51.894761016,4.532122707,15,0,9999
2026-03-12T09:58:10.034309,3ac0b682-8129-11ed-b1e6-fa4fb8e2990b,RK Cor Kieboomplein,51.896922039,4.523502821,15,1,9999
2026-03-12T09:58:10.034309,5a3ffbf4-37b1-11ef-a21a-8e54a72a50da,HUB Metrostation Nieuwland / Van Limburg Stirumstraat,51.922446663,4.38308784,6,2,4
2026-03-12T09:58:10.034309,5d8d12a2-a5b4-11f0-ab44-baed9603afbb,Van Heekstraat,51.931167557,4.406024405,4,0,9999
2026-03-12T09:58:10.034309,f251d6e8-0b82-11ef-b58d-569a23b994be,BH Metrostation Graskruid ,51.956473743,4.550010233,8,3,9999
2026-03-12T09:58:10.034309,a4d2ea7c-b2f0-11ef-aa57-62870c7808bb,BH 2e Hogenbanweg,51.936951327,4.427707182,8,0,9999
2026-03-12T09:58:10.034309,75ba0d1a-2037-11f0-ab1d-9ae3af3bf913,BH Stadhoudersweg,51.931417737,4.461484988,10,1,9999
2026-03-12T09:58:10.034309,bc6b0d7e-a745-11ef-8778-d2279db84567,BH Goudsewagenstraat,51.923224462,4.493552746,8,5,9999
2026-03-12T09:58:10.034309,0f37eafc-8912-11ee-bb01-c602c1905375,BH Metro Oostplein,51.922677789,4.497608825,10,9,9999
2026-03-12T09:58:10.034309,aed7c2fa-8123-11ed-b1e6-fa4fb8e2990b,RK Groene Hilledijk/Beijerlandselaan,51.893806789,4.509452258,10,4,9999
2026-03-12T09:58:10.034309,c76f0318-bb92-11ef-a02d-6ea8ed91bd56,BH NS Centraal Station (Stationssingel),51.925399994,4.466148375,10,16,9999
2026-03-12T09:58:10.034309,361a368c-a5b4-11f0-ab44-baed9603afbb,Sportpark Haga (Epke Zonderlandstraat),51.921919868,4.370918199,8,3,9999
2026-03-12T09:58:10.034309,f4c0fe5e-02d6-11ef-b58d-569a23b994be,BH Paulus Potterstraat,51.9228414,4.508497696,10,4,9999
2026-03-12T09:58:10.034309,48cbf66e-9f15-11ee-a91e-ee69b7c7763e,BH Franselaan,51.917379138,4.420463507,10,8,9999
2026-03-12T09:58:10.034309,e9735b4e-7da7-11f0-ab44-baed9603afbb,BH Veldkersweg,51.966835673,4.46657292,8,0,9999
2026-03-12T09:58:10.034309,4b1ac684-bb93-11ef-a02d-6ea8ed91bd56,BH Noorderkanaalweg,51.940525593,4.472984586,9,3,9999
2026-03-12T09:58:10.034309,033a9392-3700-11f0-ab1d-9ae3af3bf913,BH Herman Bavinckstraat,51.915067882,4.521446921,10,1,9999
2026-03-12T09:58:10.034309,ffe8c3e8-a8da-11ef-8778-d2279db84567,BH Mathenesserplein,51.917836602,4.44508891,8,0,9999
2026-03-12T09:58:10.034309,e377069a-ff63-11ef-a79f-a65a77daff90,BH Kralingsebos Bosdreef/Pr. Beatrixlaan,51.93789612,4.501689644,8,2,9999
2026-03-12T09:58:10.034309,7af95f9c-a747-11ef-8778-d2279db84567,BH Kruisplein,51.92228569,4.47138789,6,7,9999
2026-03-12T09:58:10.034309,4c50cb7a-bdb6-11ed-b1e6-fa4fb8e2990b,RK Olympiaweg,51.886462746,4.529133302,10,3,9999
2026-03-12T09:58:10.034309,a694ef4e-36e5-11f0-ab1d-9ae3af3bf913,BH Neushoornstraat,51.913041554,4.553743002,6,0,3
2026-03-12T09:58:10.034309,be56ca62-8120-11ed-b1e6-fa4fb8e2990b,RK P+R Beverwaard,51.885771514,4.568986239,10,1,9999
2026-03-12T09:58:10.034309,d5af3bc4-806a-11ed-b1e6-fa4fb8e2990b,BH Kievitslaan,51.907226862,4.473300159,17,8,9999
2026-03-12T09:58:10.034309,dd006abc-a5b3-11f0-ab44-baed9603afbb,Havenstraat,51.903204365,4.398004897,8,1,9999
2026-03-12T09:58:10.034309,6f09af84-eabe-11ee-a9f0-82366b51b915,BH Delftseplein ,51.925206514,4.474011701,14,4,9999
2026-03-12T09:58:10.034309,1cfb89ec-806b-11ed-b1e6-fa4fb8e2990b,BH Westplein,51.908912961,4.478583441,10,7,9999
2026-03-12T09:58:10.034309,12fc10a4-bb94-11ef-a02d-6ea8ed91bd56,BH Noordplein,51.930251975,4.483699175,10,3,9999
2026-03-12T09:58:10.034309,276e8d26-bda0-11ed-b1e6-fa4fb8e2990b,RK Strevelsweg,51.889634937,4.495943368,15,2,9999
2026-03-12T09:58:10.034309,9e066470-2038-11f0-ab1d-9ae3af3bf913,BH Kralinger Esch,51.911179823,4.524762065,9,3,9999
2026-03-12T09:58:10.034309,9b1f0aaa-8125-11ed-b1e6-fa4fb8e2990b,RK Slaghekstraat - Beijerlandselaan,51.897574833,4.511261604,10,2,9999
2026-03-12T09:58:10.034309,b8c81048-2037-11f0-ab1d-9ae3af3bf913,BH Van Maanenstraat,51.932279316,4.464280453,6,2,9999
2026-03-12T09:58:10.034309,1f4ff66c-bdb8-11ed-b1e6-fa4fb8e2990b,RK Van der Takstraat ,51.914243737,4.496045621,10,4,9999
2026-03-12T09:58:10.034309,3b523cee-5c94-11f0-ab1d-9ae3af3bf913,BH - Wilhelminapier,51.90698281,4.489727426,14,6,9999
2026-03-12T09:58:10.034309,e8d292d2-039a-11ef-b58d-569a23b994be,BH Mia van Yperenplein ,51.928414546,4.545678043,10,5,9999
2026-03-12T09:58:10.034309,12daf18a-8068-11ed-b1e6-fa4fb8e2990b,BH Treinst. Lombardijen (Aesopusplaats),51.880478018,4.530040287,10,0,9999
2026-03-12T09:58:10.034309,558e4a5a-eaba-11ee-a9f0-82366b51b915,BH Blijdorplaan ,51.927389289,4.440437692,22,15,9999
2026-03-12T09:58:10.034309,5a8de282-36ee-11f0-ab1d-9ae3af3bf913,BH van Blommesteynweg,51.888148155,4.460842726,10,1,9999
2026-03-12T09:58:10.034309,078569ee-a5b5-11f0-ab44-baed9603afbb,Nieuwe Waterwegstraat (digitale testhub),51.900682979,4.390873601,12,0,9999
2026-03-12T09:58:10.034309,8e5dd27e-06fd-11ef-b58d-569a23b994be,BH Prins Alexanderplein,51.951040272,4.553684972,14,0,9999
2026-03-12T09:58:10.034309,a6843864-fbc4-11ee-b58d-569a23b994be,Trompenburg 1,51.917696349,4.517981647,10,8,0
2026-03-12T09:58:10.034309,5b583480-a8da-11ef-8778-d2279db84567,BH Duyststraat,51.910073429,4.452225738,8,5,9999
2026-03-12T09:58:10.034309,2510e9ba-a5b6-11f0-847a-baed9603afbb,Hub Kloosterplaats,51.91675013,4.402112308,6,4,9999
2026-03-12T09:58:10.034309,880e3e72-a8dd-11ef-8778-d2279db84567,BH Spaansebocht,51.917413667,4.430014126,9,0,9999
2026-03-12T09:58:10.034309,b5b3324a-edb9-11ee-a9f0-82366b51b915,BH Siondwarsstraat,51.925261494,4.51053174,10,0,9999
2026-03-12T09:58:10.034309,94b01d94-edc6-11ee-a9f0-82366b51b915,BH Schuttersveld,51.933248028,4.490978921,10,6,9999
2026-03-12T09:58:10.034309,69b33170-edbd-11ee-a9f0-82366b51b915,BH Metro Oostplein 2,51.923145722,4.496820843,10,4,9999
2026-03-12T09:58:10.034309,67d6af9a-f068-11ef-ba40-0ea3ed1ae564,HUB Hof van Spaland - Schiedamseweg,51.934898803,4.378145906,12,1,9999
2026-03-12T09:58:10.034309,4933dd54-9e7c-11ee-a91e-ee69b7c7763e,BH Willem Ruyslaan (Luzac College),51.925421889,4.508669446,10,8,9999
2026-03-12T09:58:10.034309,9f935b6c-b095-11ef-b6d3-56d88772ab1a,BH Bergpolderplein,51.945227242,4.474988047,8,2,9999
2026-03-12T09:58:10.034309,8a2d056c-bb93-11ef-a02d-6ea8ed91bd56,BH NS Station Noord (Bergweg),51.941530048,4.481339526,10,5,4
2026-03-12T09:58:10.034309,4d95ab34-8122-11ed-b1e6-fa4fb8e2990b,RK Metrostation Maashaven ,51.896573582,4.494245173,30,0,9999
2026-03-12T09:58:10.034309,3d015ff0-8394-11ee-bb01-c602c1905375,BH Metrostation Oosterflank,51.945209326,4.555045447,10,2,9999
2026-03-12T09:58:10.034309,defeb050-a747-11ef-8778-d2279db84567,BH Karel Doormanstraat,51.922789549,4.473609692,9,6,9999
2026-03-12T09:58:10.034309,b5dc5454-890f-11ee-bb01-c602c1905375,BH Schilderstraat,51.916377397,4.48142868,8,4,9999
2026-03-12T09:58:10.034309,2f12ae3e-806c-11ed-b1e6-fa4fb8e2990b,BH Winkelcentrum Keizerswaard-Herenw,51.886358391,4.549308056,15,17,9999
2026-03-12T09:58:10.034309,3b6d73a8-805d-11ed-b1e6-fa4fb8e2990b,BH Metrostation Melanchtonweg,51.94881199,4.465233746,10,5,9999
2026-03-12T09:58:10.034309,d5832958-891a-11ee-bb01-c602c1905375,BH Metro Zuidplein (nieuw),51.887180341,4.491554668,10,2,9999
2026-03-12T09:58:10.034309,a535094e-b162-11ef-bdcd-5adc5d29ed54,BH Eudokiaplein,51.932433484,4.47153255,9,5,9999
2026-03-12T09:58:10.034309,437f8dc8-bd9e-11ed-b1e6-fa4fb8e2990b,RK Hillevliet,51.89558515,4.506432514,10,1,9999
2026-03-12T09:58:10.034309,f10d8ab4-9997-11ee-a91e-ee69b7c7763e,BH Shell Hofplein,51.925705456,4.477781355,28,7,9999
2026-03-12T09:58:10.034309,94467720-8127-11ed-b1e6-fa4fb8e2990b,RK Persoonsdam,51.909309099,4.508017165,10,2,9999
2026-03-12T09:58:10.034309,9245444a-2023-11f0-ab1d-9ae3af3bf913,BH Witte de Withstraat,51.915906523,4.478080905,10,3,9999
2026-03-12T09:58:10.034309,49d59348-ff64-11ef-b515-a65a77daff90,BH Bergweg (Dirk van den Broek),51.93856254,4.479465675,6,3,9999
2026-03-12T09:58:10.034309,30fb96bc-8124-11ed-b1e6-fa4fb8e2990b,RK Beverwaardseweg/ Borgharensingel,51.898798338,4.564663375,10,1,9999
2026-03-12T09:58:10.034309,9a1fb404-8ab3-11ee-bb01-c602c1905375,BH Langenhorst ,51.874120882,4.494254863,10,1,9999
2026-03-12T09:58:10.034309,abe67bfa-b096-11ef-b6d3-56d88772ab1a,BH Wilgenplaslaan/ Donkersingel,51.951337599,4.47048253,10,5,9999
2026-03-12T09:58:10.034309,068b0f9c-a8dd-11ef-8778-d2279db84567,BH Vierhavenstraat (Sahan),51.908502395,4.437727106,4,4,9999
2026-03-12T09:58:10.034309,bc0e7e9c-a8da-11ef-8778-d2279db84567,BH Jan van Vuchtstraat,51.917045317,4.460830874,6,2,9999
2026-03-12T09:58:10.034309,8b721818-a5b2-11f0-ab44-baed9603afbb,Lekstraat,51.90446958,4.406985264,6,2,9999
2026-03-12T09:58:10.034309,ad212572-06f7-11ef-b58d-569a23b994be,BH Molenlaan/Grindweg,51.963224537,4.49571068,10,2,9999
2026-03-12T09:58:10.034309,f8828c3e-806d-11ed-b1e6-fa4fb8e2990b,RK Station Rdam Zuid,51.905545015,4.509568537,15,6,9999
2026-03-12T09:58:10.034309,5f71799e-806b-11ed-b1e6-fa4fb8e2990b,BH Willemsplein,51.911118908,4.481894771,17,3,9999
2026-03-12T09:58:10.034309,42824336-bd97-11ed-b1e6-fa4fb8e2990b,RK Groene Hilledijk,51.882726433,4.504266667,10,4,9999
2026-03-12T09:58:10.034309,db6932f4-182b-11ef-a8d1-42f0fecaeb6a,BH Metrostation Nesselande,51.978969273,4.586177782,10,0,9999
2026-03-12T09:58:10.034309,e26322b0-2025-11f0-ab1d-9ae3af3bf913,BH Brielselaan,51.896298935,4.489248091,4,2,9999
2026-03-12T09:58:10.034309,c862b7f2-06fb-11ef-b58d-569a23b994be,BH Prins Alexanderlaan (metrobaan zijde),51.952192324,4.551435621,10,0,9999
2026-03-12T09:58:10.034309,c53689c2-8124-11ed-b1e6-fa4fb8e2990b,RK Peellandstraat / Beesdestraat ,51.888535309,4.567291893,10,5,9999
2026-03-12T09:58:10.034309,8f5d35a0-1834-11ef-8071-42f0fecaeb6a,BH Jan Bijloostraat (Winkelcentrum Lage Land),51.941821995,4.546449269,9,3,9999
2026-03-12T09:58:10.034309,f8fcd3a4-983a-11ef-a85a-be896af2d3a5,BH Rhijnauwensingel,51.892161199,4.569620613,12,2,9999
2026-03-12T09:58:10.034309,118239d4-a5b2-11f0-ab44-baed9603afbb,Lorentzlaan (bushalte),51.917994492,4.415061192,4,0,9999
2026-03-12T09:58:10.034309,0c107276-bdb7-11ed-b1e6-fa4fb8e2990b,RK Sandelingenplein,51.889562128,4.506962326,10,4,9999
2026-03-12T09:58:10.034309,75b8bea6-81d8-11ed-b1e6-fa4fb8e2990b,RK Metrostation Maashaven (Putselaan),51.897794241,4.495760713,10,9,9999
2026-03-12T09:58:10.034309,a20bbbae-bdae-11ed-b1e6-fa4fb8e2990b,RK Frankendaal,51.886951976,4.521294152,10,0,9999
2026-03-12T09:58:10.034309,f1df385c-f5b2-11ef-81b3-76e5c571f05f,HUB Admiraal de Ruyterstraat,51.906742474,4.38554997,8,3,9999
2026-03-12T09:58:10.034309,4247dd56-1c9f-11ee-8219-8ed3b2364c4f,BH Metro Coolhaven,51.909218289,4.458167882,10,5,9999
2026-03-12T10:53:19.867042,65af1c24-06f4-11ef-b58d-569a23b994be,BH Meerum Terwogtlaan,51.951763386,4.524587387,10,2,9999
2026-03-12T10:53:19.867042,bc839806-a5b1-11f0-ab44-baed9603afbb,Van het Hoffplein (Boerhavelaan),51.916219132,4.412005574,8,3,9999
2026-03-12T10:53:19.867042,2c632780-a8de-11ef-8778-d2279db84567,BH Schuttevaerweg,51.922420472,4.434869706,10,3,9999
2026-03-12T10:53:19.867042,a3c07f10-a5b5-11f0-b05b-baed9603afbb,HUB Hoofdbrug,51.908705902,4.406131267,8,1,9999
2026-03-12T10:53:19.867042,b9bfe680-fbc4-11ee-b58d-569a23b994be,Trompenburg 2,51.917638379,4.518889893,10,0,10
2026-03-12T10:53:19.867042,3c659862-a8dd-11ef-8778-d2279db84567,BH Mayflowerstraat,51.905015647,4.440161906,10,7,9999
2026-03-12T10:53:19.867042,e0a4baca-a748-11ef-8778-d2279db84567,BH Mariniersweg,51.920853425,4.490979502,10,4,9999
2026-03-12T10:53:19.867042,c35c448e-06fc-11ef-b58d-569a23b994be,BH Jacob van Campenweg ,51.942434165,4.537976212,7,8,9999
2026-03-12T10:53:19.867042,438486f4-a5b6-11f0-a150-baed9603afbb,HUB Koemarkt ingang garage,51.914517902,4.401917461,6,4,9999
2026-03-12T10:53:19.867042,365f4a3e-a5b3-11f0-ab44-baed9603afbb,Rubensplein,51.911712719,4.383665134,6,1,9999
2026-03-12T10:53:19.867042,a85b996e-fe23-11ee-b58d-569a23b994be,BH Dirk van der Kooijweg (Waterleliesingel),51.953796964,4.52009166,10,1,9999
2026-03-12T10:53:19.867042,19e2de56-b5d8-11ee-9ae6-5263e3f30f1e,BH STC Waalhaven,51.878297275,4.448759787,10,1,9999
2026-03-12T10:53:19.867042,c6c213ee-ed18-11ef-9957-f683e5eb607c,BH Langenhorst (Binkhorst),51.877310029,4.494737503,10,3,9999
2026-03-12T10:53:19.867042,3366f8b0-a8dc-11ef-8778-d2279db84567,BH Vierhavenstraat (WoonEnzo),51.907777562,4.438830385,4,7,9999
2026-03-12T10:53:19.867042,04a89aea-a5b3-11f0-ab44-baed9603afbb,Groenelaan Hagastraat (Winkelcentrum),51.907303396,4.402285408,4,1,9999
2026-03-12T10:53:19.867042,32638aa6-a5b5-11f0-9f09-baed9603afbb,HUB Laan van Bol'es,51.928443203,4.370771711,10,2,9999
2026-03-12T10:53:19.867042,291c2f72-a749-11ef-8778-d2279db84567,BH Westzeedijk,51.909321622,4.471436479,10,3,9999
2026-03-12T10:53:19.867042,abd627be-67bb-11f0-91de-5eaa9feacc9b,BH Schiekade (Heer Bokelweg),51.927133058,4.476309832,10,0,9999
2026-03-12T10:53:19.867042,8948d5a4-b094-11ef-b6d3-56d88772ab1a,BH Duivenpad,51.964922912,4.498254116,8,4,9999
2026-03-12T10:53:19.867042,227e8c1e-be97-11ee-9ae6-5263e3f30f1e,HUB Metrostation Troelstralaan,51.915742295,4.384972326,10,0,9999
2026-03-12T10:53:19.867042,0af509a8-06f7-11ef-b58d-569a23b994be,BH Beethovensingel,51.96114919,4.505141448,10,17,9999
2026-03-12T10:53:19.867042,dc06f296-1768-11ef-8071-42f0fecaeb6a,BH Prins Alexanderlaan (Oosterflank),51.946646256,4.553811478,12,1,9999
2026-03-12T10:53:19.867042,221af3ce-7fe1-11ee-bb01-c602c1905375,BH Metro Prinsenlaan,51.940647564,4.556931306,10,4,9999
2026-03-12T10:53:19.867042,a793d6ba-edc8-11ee-a9f0-82366b51b915,BH Infirmeriestraat,51.922255603,4.502265891,10,10,9999
2026-03-12T10:53:19.867042,0359e1a2-bdb3-11ed-b1e6-fa4fb8e2990b,RK Rosestraat 11C,51.902954022,4.511377745,10,9,9999
2026-03-12T10:53:19.867042,87f07e20-9e78-11ee-a91e-ee69b7c7763e,BH Marconistraat (Lee Towers),51.912441021,4.430411189,14,4,9999
2026-03-12T10:53:19.867042,f539bd6e-06f8-11ef-b58d-569a23b994be,BH Meijersplein,51.955657978,4.463033845,8,2,9999
2026-03-12T10:53:19.867042,70f0801a-8071-11ed-b1e6-fa4fb8e2990b,RK treinstation Lombardijen,51.88057913,4.531905572,30,3,9999
2026-03-12T10:53:19.867042,43752ffc-a8db-11ef-8778-d2279db84567,BH Pieter de Hoochweg,51.906316301,4.459985731,6,14,9999
2026-03-12T10:53:19.867042,b35ddad8-ab08-11ef-8778-d2279db84567,HUB Rotterdamsedijk 272,51.914957692,4.40343084,8,1,9999
2026-03-12T10:53:19.867042,9b1fa0f6-ae3c-11ee-a91e-ee69b7c7763e,BH Winkelhart Plein 1953,51.874842065,4.467889739,10,2,9999
2026-03-12T10:53:19.867042,8bd90878-0884-11f0-9a47-66143dd92f22,RK Molenvliet,51.882626536,4.521159806,10,7,9999
2026-03-12T10:53:19.867042,45450b66-a5b2-11f0-ab44-baed9603afbb,Maasdijk (Gustoweg),51.906629018,4.412009895,6,2,9999
2026-03-12T10:53:19.867042,4de2effe-f068-11ef-ba40-0ea3ed1ae564,HUB Hof van Spaland - Vlaardingseweg,51.935841728,4.376077923,4,0,9999
2026-03-12T10:53:19.867042,d38c6468-06fe-11ef-b58d-569a23b994be,BH Kleine Beer,51.950902127,4.555051083,6,2,9999
2026-03-12T10:53:19.867042,e552904e-182b-11ef-a8d1-42f0fecaeb6a,BH Metrostation Hesseplaats,51.963345229,4.554510684,10,3,9999
2026-03-12T10:53:19.867042,1826196c-b162-11ef-bdcd-5adc5d29ed54,BH Bentincklaan (Diergaarde Blijdorp),51.92572504,4.454794024,10,12,9999
2026-03-12T10:53:19.867042,8a1e5ed0-1c9e-11ee-8219-8ed3b2364c4f,BH Sparta stadion,51.920151368,4.434428835,20,18,9999
2026-03-12T10:53:19.867042,d3c9003c-b486-11ee-9ae6-5263e3f30f1e,BH Oostzeedijk Beneden,51.922514244,4.503092963,10,4,9999
2026-03-12T10:53:19.867042,552a82b8-b094-11ef-b6d3-56d88772ab1a,BH Hockeyclub Rotterdam,51.96869974,4.484731647,25,3,9999
2026-03-12T10:53:19.867042,cb3f6d1c-a746-11ef-8778-d2279db84567,BH Vasteland (AH),51.911537089,4.478368712,10,11,9999
2026-03-12T10:53:19.867042,d4a8557a-eabd-11ef-ac99-aa7241d1fb4f,HUB Admiraal Trompstraat (Huisman),51.908834504,4.381923039,8,0,9999
2026-03-12T10:53:19.867042,00e8b3de-9e82-11ee-a91e-ee69b7c7763e,BH Jacques Dutilhweg,51.927993284,4.5475155,10,8,9999
2026-03-12T10:53:19.867042,d868fe52-36e5-11f0-ab1d-9ae3af3bf913,BH Sluisjesdijk,51.894714517,4.461900478,10,2,0
2026-03-12T10:53:19.867042,4338fed2-edbb-11ee-a9f0-82366b51b915,BH Oostzeedijk Beneden 2,51.921653595,4.507031037,10,7,9999
2026-03-12T10:53:19.867042,2c82bb9a-217b-11ee-8219-8ed3b2364c4f,Hub Weena,51.922738296,4.469181329,142,31,9999
2026-03-12T10:53:19.867042,96f5cbdc-06f6-11ef-b58d-569a23b994be,BH Argonautenweg,51.959086712,4.49354982,10,0,9999
2026-03-12T10:53:19.867042,2f51713e-32b7-11ee-8219-8ed3b2364c4f,Hub P+R Capelsebrug,51.920991793,4.559215491,18,3,9999
2026-03-12T10:53:19.867042,62b0255a-9e7a-11ee-a91e-ee69b7c7763e,BH Vierhavenstraat,51.910327597,4.434992993,16,8,9999
2026-03-12T10:53:19.867042,2b10524e-06f5-11ef-b58d-569a23b994be,BH Piet van der Polsingel,51.950618784,4.518612648,8,2,9999
2026-03-12T10:53:19.867042,47070056-06fa-11ef-b58d-569a23b994be,BH Metrostation Schenkel,51.931770435,4.56406792,12,1,9999
2026-03-12T10:53:19.867042,7a8c12ba-91ab-11ed-b1e6-fa4fb8e2990b,BH Metrostation Slinge,51.874526023,4.477872534,15,3,9999
2026-03-12T10:53:19.867042,026045c6-8530-11ee-bb01-c602c1905375,BH Winkelhart Katendrechtse Lagedijk,51.891184937,4.479440034,10,0,9999
2026-03-12T10:53:19.867042,9d9bb8ec-4bd1-11ee-bb01-c602c1905375,BH Marconiplein,51.913319277,4.432514448,10,2,9999
2026-03-12T10:53:19.867042,8330f3ca-a5b4-11f0-ab44-baed9603afbb,Fokkerstraat Plesmanstraat,51.929694009,4.399576614,4,1,9999
2026-03-12T10:53:19.867042,5b842034-5331-11f0-ab1d-9ae3af3bf913,BH Walenburgerweg,51.926698659,4.462629155,10,9,9999
2026-03-12T10:53:19.867042,a08059b6-b484-11ee-9ae6-5263e3f30f1e,BH Metrostation Gerdesiaweg,51.925444134,4.506155972,10,2,9999
2026-03-12T10:53:19.867042,2f718c84-8911-11ee-bb01-c602c1905375,BH Metro Dijkzigt - EMC,51.911789199,4.466334846,20,13,9999
2026-03-12T10:53:19.867042,f58e41fc-1c9f-11ee-8219-8ed3b2364c4f,BH Heemraadsplein,51.912322959,4.455058085,10,9,9999
2026-03-12T10:53:19.867042,79fdd038-34b8-11f0-ab1d-9ae3af3bf913,BH RTHA Airport,51.94924845,4.432611987,10,7,0
2026-03-12T10:53:19.867042,1c41897e-596e-11ef-bed6-aa139991deb4,HUB Metrostation Nieuwland / Bijdorpplein,51.922583819,4.38260008,10,0,9999
2026-03-12T10:53:19.867042,a57d027c-8912-11ee-bb01-c602c1905375,BH Delftse Poort,51.924408145,4.472816464,10,8,9999
2026-03-12T10:53:19.867042,6383849a-2038-11f0-ab1d-9ae3af3bf913,BH - Kralingsebos (Langepad),51.936318565,4.506197017,10,0,9999
2026-03-12T10:53:19.867042,e90e9332-06f5-11ef-b58d-569a23b994be,BH Burgemeester Le Fèvre de Montignylaan,51.957620055,4.501711782,10,1,9999
2026-03-12T10:53:19.867042,5cb3ffde-bdaf-11ed-b1e6-fa4fb8e2990b,RK Stadionlaan,51.892328813,4.530682857,10,4,9999
2026-03-12T10:53:19.867042,02bed1f8-8392-11ee-bb01-c602c1905375,BH Station Alexander,51.951735827,4.551049232,10,10,9999
2026-03-12T10:53:19.867042,08d5cf66-8ab2-11ee-bb01-c602c1905375,BH Winkelhart Asterlo,51.873536387,4.483591736,10,1,9999
2026-03-12T10:53:19.867042,0e51e024-c757-11ee-9ae6-5263e3f30f1e,BH Metrostation Binnenhof,51.960437867,4.535372966,10,5,9999
2026-03-12T10:53:19.867042,409f87f6-890f-11ee-bb01-c602c1905375,BH Metro Beurs,51.917806013,4.480107053,8,5,9999
2026-03-12T10:53:19.867042,d6a7cd26-4d08-11f0-ab1d-9ae3af3bf913,BH - Oudehoofdplein-Haringvliet,51.918979475,4.49384405,10,6,9999
2026-03-12T10:53:19.867042,f0ad9b92-1767-11ef-8071-42f0fecaeb6a,BH Prinsenlaan,51.937206457,4.536127586,10,0,9999
2026-03-12T10:53:19.867042,f06fd44c-2035-11f0-ab1d-9ae3af3bf913,BH Boezemlaan,51.938982631,4.495864471,10,4,9999
2026-03-12T10:53:19.867042,8d91a90c-9e83-11ee-a91e-ee69b7c7763e,BH Kraaierstraat,51.91909698,4.418192898,8,5,9999
2026-03-12T10:53:19.867042,a2671a36-bdad-11ed-b1e6-fa4fb8e2990b,RK Dwarsdijk,51.893055987,4.539201504,10,9,9999
2026-03-12T10:53:19.867042,376a5cda-06f8-11ef-b58d-569a23b994be,BH Ganzerikplein,51.958953276,4.471584016,10,4,9999
2026-03-12T10:53:19.867042,5cdd9872-b096-11ef-b6d3-56d88772ab1a,BH Wilgenplaslaan/ Meidoornsingel,51.953868042,4.468211582,7,2,9999
2026-03-12T10:53:19.867042,952a3e78-a8db-11ef-8778-d2279db84567,BH Lloydstraat,51.902214281,4.461287644,10,18,9999
2026-03-12T10:53:19.867042,a6fa0910-8067-11ed-b1e6-fa4fb8e2990b,BH Stadion Fey (Bert Heesakkerstr.),51.896805818,4.521735582,50,2,9999
2026-03-12T10:53:19.867042,a1337d02-e018-11ed-a249-96cdaf8f7240,BH Sint Franciscus,51.942171146,4.460534407,25,4,9999
2026-03-12T10:53:19.867042,d3cea108-8285-11f0-ab44-baed9603afbb,BH - Ratelaarweg,51.967431611,4.463349689,10,2,9999
2026-03-12T10:53:19.867042,3bef7002-bdb5-11ed-b1e6-fa4fb8e2990b,RK Breeweg,51.890630632,4.514261169,10,3,9999
2026-03-12T10:53:19.867042,8c90734c-45bb-11ee-8219-8ed3b2364c4f,BH Coen Moulijnweg,51.893813253,4.526876329,42,2,9999
2026-03-12T10:53:19.867042,1b098490-2037-11f0-ab1d-9ae3af3bf913,BH Karmelweg,51.933461291,4.5029394,8,1,9999
2026-03-12T10:53:19.867042,23348a06-bdb1-11ed-b1e6-fa4fb8e2990b,RK Guido Gezelleweg,51.87434607,4.523238145,10,3,9999
2026-03-12T10:53:19.867042,66824038-37b2-11ef-a21a-8e54a72a50da,HUB Metrostation Parkweg / Zuidzijde,51.921443238,4.39475836,10,0,10
2026-03-12T10:53:19.867042,2c127298-ff25-11ef-a79f-a65a77daff90,BH Aert van Nesstraat,51.921141166,4.478916173,8,7,9999
2026-03-12T10:53:19.867042,cde445c6-a744-11ef-8778-d2279db84567,BH Groenendaal,51.921685178,4.492944049,6,8,9999
2026-03-12T10:53:19.867042,97c6a1c2-a8da-11ef-8778-d2279db84567,BH Henegouwerplein,51.921807589,4.460561523,10,0,9999
2026-03-12T10:53:19.867042,e68d5642-a5b5-11f0-b6c1-baed9603afbb,HUB NS Station Schiedam Centrum/ Professor Kamerlingh Onneslaan,51.92071744,4.408262487,12,5,9999
2026-03-12T10:53:19.867042,82623a40-bda3-11ed-b1e6-fa4fb8e2990b,RK Rosestraat,51.91100607,4.501308573,10,2,9999
2026-03-12T10:53:19.867042,b7353df6-b485-11ee-9ae6-5263e3f30f1e,BH Metrostation Kralingsezoom (Gravenweg),51.921751706,4.533850265,10,7,9999
2026-03-12T10:53:19.867042,6c34980a-bb92-11ef-a02d-6ea8ed91bd56,BH Gordelweg (Lidl),51.940472428,4.479798999,4,2,9999
2026-03-12T10:53:19.867042,5904bd1a-a5b5-11f0-b05b-baed9603afbb,HUB Hof van Spaland - Bachplein,51.934889388,4.374726808,8,2,9999
2026-03-12T10:53:19.867042,32ca5fd0-8126-11ed-b1e6-fa4fb8e2990b,RK Vuurplaat,51.906526668,4.505838102,10,1,9999
2026-03-12T10:53:19.867042,f94a1ff6-b095-11ef-b6d3-56d88772ab1a,BH Bm Le Fèvre de Montignylaan/ Jeroen Boschlaan,51.955641943,4.505982462,6,0,9999
2026-03-12T10:53:19.867042,4228b402-8537-11ee-bb01-c602c1905375,BH Tongelaarweg,51.895280064,4.563514996,10,2,9999
2026-03-12T10:53:19.867042,6f66a60c-36e5-11f0-ab1d-9ae3af3bf913,BH Lloydpier,51.904487669,4.460458303,8,6,0
2026-03-12T10:53:19.867042,7d81b63e-a5b5-11f0-b05b-baed9603afbb,HUB 's Gravelandseweg,51.932091958,4.401924037,6,2,9999
2026-03-12T10:53:19.867042,a3dbb322-8121-11ed-b1e6-fa4fb8e2990b,RK Metrostation Rijnhaven ,51.902216981,4.49610172,15,5,9999
2026-03-12T10:53:19.867042,cf23b50e-9ad0-11f0-ab44-baed9603afbb,BH Natuurhistorisch museum,51.911022288,4.472728259,12,1,9999
2026-03-12T10:53:19.867042,d55243f6-182b-11ef-a8d1-42f0fecaeb6a,BH Siciliëboulevard ,51.97996654,4.580859756,10,1,9999
2026-03-12T10:53:19.867042,e0f7ef36-a5b4-11f0-ab44-baed9603afbb,Havenstraat einde (digitale testhub),51.900396883,4.398614319,12,0,9999
2026-03-12T10:53:19.867042,05d1d708-eabd-11ef-88c2-aa7241d1fb4f,HUB De Thermen ,51.927426752,4.380236246,8,2,9999
2026-03-12T10:53:19.867042,b3381a7a-2036-11f0-ab1d-9ae3af3bf913,BH Oudedijk / de Nieuwe Plantage,51.929149075,4.505248613,8,6,9999
2026-03-12T10:53:19.867042,8b480576-eabc-11ee-a9f0-82366b51b915,BH Schiedamseweg Beneden,51.914135146,4.422297364,5,6,9999
2026-03-12T10:53:19.867042,89a2f1d2-a5b3-11f0-ab44-baed9603afbb,Metrostation Vijfsluizen,51.908108215,4.37254105,8,0,9999
2026-03-12T10:53:19.867042,e50f3d1e-f069-11ef-9ed7-0ea3ed1ae564,HUB Oranjestraat - Lange Nieuwstraat,51.913368472,4.40030457,5,0,9999
2026-03-12T10:53:19.867042,4c1b19a4-d0a1-11ee-8b0e-065810cc8d78,BH Elandstraat,51.910800072,4.553878993,10,5,9999
2026-03-12T10:53:19.867042,bbbba24e-806e-11ed-b1e6-fa4fb8e2990b,RK P+R Noorderhelling,51.894761016,4.532122707,15,0,9999
2026-03-12T10:53:19.867042,3ac0b682-8129-11ed-b1e6-fa4fb8e2990b,RK Cor Kieboomplein,51.896922039,4.523502821,15,1,9999
2026-03-12T10:53:19.867042,5a3ffbf4-37b1-11ef-a21a-8e54a72a50da,HUB Metrostation Nieuwland / Van Limburg Stirumstraat,51.922446663,4.38308784,6,2,4
2026-03-12T10:53:19.867042,5d8d12a2-a5b4-11f0-ab44-baed9603afbb,Van Heekstraat,51.931167557,4.406024405,4,0,9999
2026-03-12T10:53:19.867042,f251d6e8-0b82-11ef-b58d-569a23b994be,BH Metrostation Graskruid ,51.956473743,4.550010233,8,3,9999
2026-03-12T10:53:19.867042,a4d2ea7c-b2f0-11ef-aa57-62870c7808bb,BH 2e Hogenbanweg,51.936951327,4.427707182,8,0,9999
2026-03-12T10:53:19.867042,75ba0d1a-2037-11f0-ab1d-9ae3af3bf913,BH Stadhoudersweg,51.931417737,4.461484988,10,1,9999
2026-03-12T10:53:19.867042,bc6b0d7e-a745-11ef-8778-d2279db84567,BH Goudsewagenstraat,51.923224462,4.493552746,8,5,9999
2026-03-12T10:53:19.867042,0f37eafc-8912-11ee-bb01-c602c1905375,BH Metro Oostplein,51.922677789,4.497608825,10,8,9999
2026-03-12T10:53:19.867042,aed7c2fa-8123-11ed-b1e6-fa4fb8e2990b,RK Groene Hilledijk/Beijerlandselaan,51.893806789,4.509452258,10,4,9999
2026-03-12T10:53:19.867042,c76f0318-bb92-11ef-a02d-6ea8ed91bd56,BH NS Centraal Station (Stationssingel),51.925399994,4.466148375,10,17,9999
2026-03-12T10:53:19.867042,361a368c-a5b4-11f0-ab44-baed9603afbb,Sportpark Haga (Epke Zonderlandstraat),51.921919868,4.370918199,8,2,9999
2026-03-12T10:53:19.867042,f4c0fe5e-02d6-11ef-b58d-569a23b994be,BH Paulus Potterstraat,51.9228414,4.508497696,10,4,9999
2026-03-12T10:53:19.867042,48cbf66e-9f15-11ee-a91e-ee69b7c7763e,BH Franselaan,51.917379138,4.420463507,10,8,9999
2026-03-12T10:53:19.867042,e9735b4e-7da7-11f0-ab44-baed9603afbb,BH Veldkersweg,51.966835673,4.46657292,8,0,9999
2026-03-12T10:53:19.867042,4b1ac684-bb93-11ef-a02d-6ea8ed91bd56,BH Noorderkanaalweg,51.940525593,4.472984586,9,3,9999
2026-03-12T10:53:19.867042,033a9392-3700-11f0-ab1d-9ae3af3bf913,BH Herman Bavinckstraat,51.915067882,4.521446921,10,1,9999
2026-03-12T10:53:19.867042,ffe8c3e8-a8da-11ef-8778-d2279db84567,BH Mathenesserplein,51.917836602,4.44508891,8,0,9999
2026-03-12T10:53:19.867042,e377069a-ff63-11ef-a79f-a65a77daff90,BH Kralingsebos Bosdreef/Pr. Beatrixlaan,51.93789612,4.501689644,8,2,9999
2026-03-12T10:53:19.867042,7af95f9c-a747-11ef-8778-d2279db84567,BH Kruisplein,51.92228569,4.47138789,6,13,9999
2026-03-12T10:53:19.867042,4c50cb7a-bdb6-11ed-b1e6-fa4fb8e2990b,RK Olympiaweg,51.886462746,4.529133302,10,3,9999
2026-03-12T10:53:19.867042,a694ef4e-36e5-11f0-ab1d-9ae3af3bf913,BH Neushoornstraat,51.913041554,4.553743002,6,0,3
2026-03-12T10:53:19.867042,be56ca62-8120-11ed-b1e6-fa4fb8e2990b,RK P+R Beverwaard,51.885771514,4.568986239,10,1,9999
2026-03-12T10:53:19.867042,d5af3bc4-806a-11ed-b1e6-fa4fb8e2990b,BH Kievitslaan,51.907226862,4.473300159,17,8,9999
2026-03-12T10:53:19.867042,dd006abc-a5b3-11f0-ab44-baed9603afbb,Havenstraat,51.903204365,4.398004897,8,1,9999
2026-03-12T10:53:19.867042,6f09af84-eabe-11ee-a9f0-82366b51b915,BH Delftseplein ,51.925206514,4.474011701,14,4,9999
2026-03-12T10:53:19.867042,1cfb89ec-806b-11ed-b1e6-fa4fb8e2990b,BH Westplein,51.908912961,4.478583441,10,6,9999
2026-03-12T10:53:19.867042,12fc10a4-bb94-11ef-a02d-6ea8ed91bd56,BH Noordplein,51.930251975,4.483699175,10,1,9999
2026-03-12T10:53:19.867042,276e8d26-bda0-11ed-b1e6-fa4fb8e2990b,RK Strevelsweg,51.889634937,4.495943368,15,1,9999
2026-03-12T10:53:19.867042,9e066470-2038-11f0-ab1d-9ae3af3bf913,BH Kralinger Esch,51.911179823,4.524762065,9,8,9999
2026-03-12T10:53:19.867042,9b1f0aaa-8125-11ed-b1e6-fa4fb8e2990b,RK Slaghekstraat - Beijerlandselaan,51.897574833,4.511261604,10,1,9999
2026-03-12T10:53:19.867042,b8c81048-2037-11f0-ab1d-9ae3af3bf913,BH Van Maanenstraat,51.932279316,4.464280453,6,2,9999
2026-03-12T10:53:19.867042,1f4ff66c-bdb8-11ed-b1e6-fa4fb8e2990b,RK Van der Takstraat ,51.914243737,4.496045621,10,2,9999
2026-03-12T10:53:19.867042,3b523cee-5c94-11f0-ab1d-9ae3af3bf913,BH - Wilhelminapier,51.90698281,4.489727426,14,7,9999
2026-03-12T10:53:19.867042,e8d292d2-039a-11ef-b58d-569a23b994be,BH Mia van Yperenplein ,51.928414546,4.545678043,10,5,9999
2026-03-12T10:53:19.867042,12daf18a-8068-11ed-b1e6-fa4fb8e2990b,BH Treinst. Lombardijen (Aesopusplaats),51.880478018,4.530040287,10,0,9999
2026-03-12T10:53:19.867042,558e4a5a-eaba-11ee-a9f0-82366b51b915,BH Blijdorplaan ,51.927389289,4.440437692,22,15,9999
2026-03-12T10:53:19.867042,5a8de282-36ee-11f0-ab1d-9ae3af3bf913,BH van Blommesteynweg,51.888148155,4.460842726,10,1,9999
2026-03-12T10:53:19.867042,078569ee-a5b5-11f0-ab44-baed9603afbb,Nieuwe Waterwegstraat (digitale testhub),51.900682979,4.390873601,12,0,9999
2026-03-12T10:53:19.867042,8e5dd27e-06fd-11ef-b58d-569a23b994be,BH Prins Alexanderplein,51.951040272,4.553684972,14,0,9999
2026-03-12T10:53:19.867042,a6843864-fbc4-11ee-b58d-569a23b994be,Trompenburg 1,51.917696349,4.517981647,10,8,0
2026-03-12T10:53:19.867042,5b583480-a8da-11ef-8778-d2279db84567,BH Duyststraat,51.910073429,4.452225738,8,5,9999
2026-03-12T10:53:19.867042,2510e9ba-a5b6-11f0-847a-baed9603afbb,Hub Kloosterplaats,51.91675013,4.402112308,6,4,9999
2026-03-12T10:53:19.867042,880e3e72-a8dd-11ef-8778-d2279db84567,BH Spaansebocht,51.917413667,4.430014126,9,0,9999
2026-03-12T10:53:19.867042,b5b3324a-edb9-11ee-a9f0-82366b51b915,BH Siondwarsstraat,51.925261494,4.51053174,10,0,9999
2026-03-12T10:53:19.867042,94b01d94-edc6-11ee-a9f0-82366b51b915,BH Schuttersveld,51.933248028,4.490978921,10,4,9999
2026-03-12T10:53:19.867042,69b33170-edbd-11ee-a9f0-82366b51b915,BH Metro Oostplein 2,51.923145722,4.496820843,10,5,9999
2026-03-12T10:53:19.867042,67d6af9a-f068-11ef-ba40-0ea3ed1ae564,HUB Hof van Spaland - Schiedamseweg,51.934898803,4.378145906,12,1,9999
2026-03-12T10:53:19.867042,4933dd54-9e7c-11ee-a91e-ee69b7c7763e,BH Willem Ruyslaan (Luzac College),51.925421889,4.508669446,10,7,9999
2026-03-12T10:53:19.867042,9f935b6c-b095-11ef-b6d3-56d88772ab1a,BH Bergpolderplein,51.945227242,4.474988047,8,2,9999
2026-03-12T10:53:19.867042,8a2d056c-bb93-11ef-a02d-6ea8ed91bd56,BH NS Station Noord (Bergweg),51.941530048,4.481339526,10,5,4
2026-03-12T10:53:19.867042,4d95ab34-8122-11ed-b1e6-fa4fb8e2990b,RK Metrostation Maashaven ,51.896573582,4.494245173,30,1,9999
2026-03-12T10:53:19.867042,3d015ff0-8394-11ee-bb01-c602c1905375,BH Metrostation Oosterflank,51.945209326,4.555045447,10,1,9999
2026-03-12T10:53:19.867042,defeb050-a747-11ef-8778-d2279db84567,BH Karel Doormanstraat,51.922789549,4.473609692,9,6,9999
2026-03-12T10:53:19.867042,b5dc5454-890f-11ee-bb01-c602c1905375,BH Schilderstraat,51.916377397,4.48142868,8,4,9999
2026-03-12T10:53:19.867042,2f12ae3e-806c-11ed-b1e6-fa4fb8e2990b,BH Winkelcentrum Keizerswaard-Herenw,51.886358391,4.549308056,15,17,9999
2026-03-12T10:53:19.867042,3b6d73a8-805d-11ed-b1e6-fa4fb8e2990b,BH Metrostation Melanchtonweg,51.94881199,4.465233746,10,4,9999
2026-03-12T10:53:19.867042,d5832958-891a-11ee-bb01-c602c1905375,BH Metro Zuidplein (nieuw),51.887180341,4.491554668,10,2,9999
2026-03-12T10:53:19.867042,a535094e-b162-11ef-bdcd-5adc5d29ed54,BH Eudokiaplein,51.932433484,4.47153255,9,9,9999
2026-03-12T10:53:19.867042,437f8dc8-bd9e-11ed-b1e6-fa4fb8e2990b,RK Hillevliet,51.89558515,4.506432514,10,1,9999
2026-03-12T10:53:19.867042,f10d8ab4-9997-11ee-a91e-ee69b7c7763e,BH Shell Hofplein,51.925705456,4.477781355,28,6,9999
2026-03-12T10:53:19.867042,94467720-8127-11ed-b1e6-fa4fb8e2990b,RK Persoonsdam,51.909309099,4.508017165,10,2,9999
2026-03-12T10:53:19.867042,9245444a-2023-11f0-ab1d-9ae3af3bf913,BH Witte de Withstraat,51.915906523,4.478080905,10,4,9999
2026-03-12T10:53:19.867042,49d59348-ff64-11ef-b515-a65a77daff90,BH Bergweg (Dirk van den Broek),51.93856254,4.479465675,6,5,9999
2026-03-12T10:53:19.867042,30fb96bc-8124-11ed-b1e6-fa4fb8e2990b,RK Beverwaardseweg/ Borgharensingel,51.898798338,4.564663375,10,1,9999
2026-03-12T10:53:19.867042,9a1fb404-8ab3-11ee-bb01-c602c1905375,BH Langenhorst ,51.874120882,4.494254863,10,1,9999
2026-03-12T10:53:19.867042,abe67bfa-b096-11ef-b6d3-56d88772ab1a,BH Wilgenplaslaan/ Donkersingel,51.951337599,4.47048253,10,6,9999
2026-03-12T10:53:19.867042,068b0f9c-a8dd-11ef-8778-d2279db84567,BH Vierhavenstraat (Sahan),51.908502395,4.437727106,4,2,9999
2026-03-12T10:53:19.867042,bc0e7e9c-a8da-11ef-8778-d2279db84567,BH Jan van Vuchtstraat,51.917045317,4.460830874,6,3,9999
2026-03-12T10:53:19.867042,8b721818-a5b2-11f0-ab44-baed9603afbb,Lekstraat,51.90446958,4.406985264,6,2,9999
2026-03-12T10:53:19.867042,ad212572-06f7-11ef-b58d-569a23b994be,BH Molenlaan/Grindweg,51.963224537,4.49571068,10,2,9999
2026-03-12T10:53:19.867042,f8828c3e-806d-11ed-b1e6-fa4fb8e2990b,RK Station Rdam Zuid,51.905545015,4.509568537,15,6,9999
2026-03-12T10:53:19.867042,5f71799e-806b-11ed-b1e6-fa4fb8e2990b,BH Willemsplein,51.911118908,4.481894771,17,3,9999
2026-03-12T10:53:19.867042,42824336-bd97-11ed-b1e6-fa4fb8e2990b,RK Groene Hilledijk,51.882726433,4.504266667,10,3,9999
2026-03-12T10:53:19.867042,db6932f4-182b-11ef-a8d1-42f0fecaeb6a,BH Metrostation Nesselande,51.978969273,4.586177782,10,0,9999
2026-03-12T10:53:19.867042,e26322b0-2025-11f0-ab1d-9ae3af3bf913,BH Brielselaan,51.896298935,4.489248091,4,2,9999
2026-03-12T10:53:19.867042,c862b7f2-06fb-11ef-b58d-569a23b994be,BH Prins Alexanderlaan (metrobaan zijde),51.952192324,4.551435621,10,0,9999
2026-03-12T10:53:19.867042,c53689c2-8124-11ed-b1e6-fa4fb8e2990b,RK Peellandstraat / Beesdestraat ,51.888535309,4.567291893,10,5,9999
2026-03-12T10:53:19.867042,8f5d35a0-1834-11ef-8071-42f0fecaeb6a,BH Jan Bijloostraat (Winkelcentrum Lage Land),51.941821995,4.546449269,9,3,9999
2026-03-12T10:53:19.867042,f8fcd3a4-983a-11ef-a85a-be896af2d3a5,BH Rhijnauwensingel,51.892161199,4.569620613,12,2,9999
2026-03-12T10:53:19.867042,118239d4-a5b2-11f0-ab44-baed9603afbb,Lorentzlaan (bushalte),51.917994492,4.415061192,4,0,9999
2026-03-12T10:53:19.867042,0c107276-bdb7-11ed-b1e6-fa4fb8e2990b,RK Sandelingenplein,51.889562128,4.506962326,10,4,9999
2026-03-12T10:53:19.867042,75b8bea6-81d8-11ed-b1e6-fa4fb8e2990b,RK Metrostation Maashaven (Putselaan),51.897794241,4.495760713,10,9,9999
2026-03-12T10:53:19.867042,a20bbbae-bdae-11ed-b1e6-fa4fb8e2990b,RK Frankendaal,51.886951976,4.521294152,10,0,9999
2026-03-12T10:53:19.867042,f1df385c-f5b2-11ef-81b3-76e5c571f05f,HUB Admiraal de Ruyterstraat,51.906742474,4.38554997,8,3,9999
2026-03-12T10:53:19.867042,4247dd56-1c9f-11ee-8219-8ed3b2364c4f,BH Metro Coolhaven,51.909218289,4.458167882,10,3,9999
2026-03-12T11:30:59.318763,65af1c24-06f4-11ef-b58d-569a23b994be,BH Meerum Terwogtlaan,51.951763386,4.524587387,10,2,9999
2026-03-12T11:30:59.318763,bc839806-a5b1-11f0-ab44-baed9603afbb,Van het Hoffplein (Boerhavelaan),51.916219132,4.412005574,8,3,9999
2026-03-12T11:30:59.318763,2c632780-a8de-11ef-8778-d2279db84567,BH Schuttevaerweg,51.922420472,4.434869706,10,3,9999
2026-03-12T11:30:59.318763,a3c07f10-a5b5-11f0-b05b-baed9603afbb,HUB Hoofdbrug,51.908705902,4.406131267,8,1,9999
2026-03-12T11:30:59.318763,b9bfe680-fbc4-11ee-b58d-569a23b994be,Trompenburg 2,51.917638379,4.518889893,10,0,10
2026-03-12T11:30:59.318763,3c659862-a8dd-11ef-8778-d2279db84567,BH Mayflowerstraat,51.905015647,4.440161906,10,7,9999
2026-03-12T11:30:59.318763,e0a4baca-a748-11ef-8778-d2279db84567,BH Mariniersweg,51.920853425,4.490979502,10,3,9999
2026-03-12T11:30:59.318763,c35c448e-06fc-11ef-b58d-569a23b994be,BH Jacob van Campenweg ,51.942434165,4.537976212,7,7,9999
2026-03-12T11:30:59.318763,438486f4-a5b6-11f0-a150-baed9603afbb,HUB Koemarkt ingang garage,51.914517902,4.401917461,6,4,9999
2026-03-12T11:30:59.318763,365f4a3e-a5b3-11f0-ab44-baed9603afbb,Rubensplein,51.911712719,4.383665134,6,1,9999
2026-03-12T11:30:59.318763,a85b996e-fe23-11ee-b58d-569a23b994be,BH Dirk van der Kooijweg (Waterleliesingel),51.953796964,4.52009166,10,1,9999
2026-03-12T11:30:59.318763,19e2de56-b5d8-11ee-9ae6-5263e3f30f1e,BH STC Waalhaven,51.878297275,4.448759787,10,1,9999
2026-03-12T11:30:59.318763,c6c213ee-ed18-11ef-9957-f683e5eb607c,BH Langenhorst (Binkhorst),51.877310029,4.494737503,10,3,9999
2026-03-12T11:30:59.318763,3366f8b0-a8dc-11ef-8778-d2279db84567,BH Vierhavenstraat (WoonEnzo),51.907777562,4.438830385,4,7,9999
2026-03-12T11:30:59.318763,04a89aea-a5b3-11f0-ab44-baed9603afbb,Groenelaan Hagastraat (Winkelcentrum),51.907303396,4.402285408,4,1,9999
2026-03-12T11:30:59.318763,32638aa6-a5b5-11f0-9f09-baed9603afbb,HUB Laan van Bol'es,51.928443203,4.370771711,10,2,9999
2026-03-12T11:30:59.318763,291c2f72-a749-11ef-8778-d2279db84567,BH Westzeedijk,51.909321622,4.471436479,10,3,9999
2026-03-12T11:30:59.318763,abd627be-67bb-11f0-91de-5eaa9feacc9b,BH Schiekade (Heer Bokelweg),51.927133058,4.476309832,10,0,9999
2026-03-12T11:30:59.318763,8948d5a4-b094-11ef-b6d3-56d88772ab1a,BH Duivenpad,51.964922912,4.498254116,8,4,9999
2026-03-12T11:30:59.318763,227e8c1e-be97-11ee-9ae6-5263e3f30f1e,HUB Metrostation Troelstralaan,51.915742295,4.384972326,10,0,9999
2026-03-12T11:30:59.318763,0af509a8-06f7-11ef-b58d-569a23b994be,BH Beethovensingel,51.96114919,4.505141448,10,17,9999
2026-03-12T11:30:59.318763,dc06f296-1768-11ef-8071-42f0fecaeb6a,BH Prins Alexanderlaan (Oosterflank),51.946646256,4.553811478,12,1,9999
2026-03-12T11:30:59.318763,221af3ce-7fe1-11ee-bb01-c602c1905375,BH Metro Prinsenlaan,51.940647564,4.556931306,10,2,9999
2026-03-12T11:30:59.318763,a793d6ba-edc8-11ee-a9f0-82366b51b915,BH Infirmeriestraat,51.922255603,4.502265891,10,11,9999
2026-03-12T11:30:59.318763,0359e1a2-bdb3-11ed-b1e6-fa4fb8e2990b,RK Rosestraat 11C,51.902954022,4.511377745,10,9,9999
2026-03-12T11:30:59.318763,87f07e20-9e78-11ee-a91e-ee69b7c7763e,BH Marconistraat (Lee Towers),51.912441021,4.430411189,14,4,9999
2026-03-12T11:30:59.318763,f539bd6e-06f8-11ef-b58d-569a23b994be,BH Meijersplein,51.955657978,4.463033845,8,1,9999
2026-03-12T11:30:59.318763,70f0801a-8071-11ed-b1e6-fa4fb8e2990b,RK treinstation Lombardijen,51.88057913,4.531905572,30,3,9999
2026-03-12T11:30:59.318763,43752ffc-a8db-11ef-8778-d2279db84567,BH Pieter de Hoochweg,51.906316301,4.459985731,6,14,9999
2026-03-12T11:30:59.318763,b35ddad8-ab08-11ef-8778-d2279db84567,HUB Rotterdamsedijk 272,51.914957692,4.40343084,8,1,9999
2026-03-12T11:30:59.318763,9b1fa0f6-ae3c-11ee-a91e-ee69b7c7763e,BH Winkelhart Plein 1953,51.874842065,4.467889739,10,2,9999
2026-03-12T11:30:59.318763,8bd90878-0884-11f0-9a47-66143dd92f22,RK Molenvliet,51.882626536,4.521159806,10,5,9999
2026-03-12T11:30:59.318763,45450b66-a5b2-11f0-ab44-baed9603afbb,Maasdijk (Gustoweg),51.906629018,4.412009895,6,2,9999
2026-03-12T11:30:59.318763,4de2effe-f068-11ef-ba40-0ea3ed1ae564,HUB Hof van Spaland - Vlaardingseweg,51.935841728,4.376077923,4,0,9999
2026-03-12T11:30:59.318763,d38c6468-06fe-11ef-b58d-569a23b994be,BH Kleine Beer,51.950902127,4.555051083,6,2,9999
2026-03-12T11:30:59.318763,e552904e-182b-11ef-a8d1-42f0fecaeb6a,BH Metrostation Hesseplaats,51.963345229,4.554510684,10,3,9999
2026-03-12T11:30:59.318763,1826196c-b162-11ef-bdcd-5adc5d29ed54,BH Bentincklaan (Diergaarde Blijdorp),51.92572504,4.454794024,10,13,9999
2026-03-12T11:30:59.318763,8a1e5ed0-1c9e-11ee-8219-8ed3b2364c4f,BH Sparta stadion,51.920151368,4.434428835,20,18,9999
2026-03-12T11:30:59.318763,d3c9003c-b486-11ee-9ae6-5263e3f30f1e,BH Oostzeedijk Beneden,51.922514244,4.503092963,10,4,9999
2026-03-12T11:30:59.318763,552a82b8-b094-11ef-b6d3-56d88772ab1a,BH Hockeyclub Rotterdam,51.96869974,4.484731647,25,3,9999
2026-03-12T11:30:59.318763,cb3f6d1c-a746-11ef-8778-d2279db84567,BH Vasteland (AH),51.911537089,4.478368712,10,13,9999
2026-03-12T11:30:59.318763,d4a8557a-eabd-11ef-ac99-aa7241d1fb4f,HUB Admiraal Trompstraat (Huisman),51.908834504,4.381923039,8,0,9999
2026-03-12T11:30:59.318763,00e8b3de-9e82-11ee-a91e-ee69b7c7763e,BH Jacques Dutilhweg,51.927993284,4.5475155,10,8,9999
2026-03-12T11:30:59.318763,d868fe52-36e5-11f0-ab1d-9ae3af3bf913,BH Sluisjesdijk,51.894714517,4.461900478,10,2,0
2026-03-12T11:30:59.318763,4338fed2-edbb-11ee-a9f0-82366b51b915,BH Oostzeedijk Beneden 2,51.921653595,4.507031037,10,8,9999
2026-03-12T11:30:59.318763,2c82bb9a-217b-11ee-8219-8ed3b2364c4f,Hub Weena,51.922738296,4.469181329,142,31,9999
2026-03-12T11:30:59.318763,96f5cbdc-06f6-11ef-b58d-569a23b994be,BH Argonautenweg,51.959086712,4.49354982,10,0,9999
2026-03-12T11:30:59.318763,2f51713e-32b7-11ee-8219-8ed3b2364c4f,Hub P+R Capelsebrug,51.920991793,4.559215491,18,3,9999
2026-03-12T11:30:59.318763,62b0255a-9e7a-11ee-a91e-ee69b7c7763e,BH Vierhavenstraat,51.910327597,4.434992993,16,8,9999
2026-03-12T11:30:59.318763,2b10524e-06f5-11ef-b58d-569a23b994be,BH Piet van der Polsingel,51.950618784,4.518612648,8,2,9999
2026-03-12T11:30:59.318763,47070056-06fa-11ef-b58d-569a23b994be,BH Metrostation Schenkel,51.931770435,4.56406792,12,1,9999
2026-03-12T11:30:59.318763,7a8c12ba-91ab-11ed-b1e6-fa4fb8e2990b,BH Metrostation Slinge,51.874526023,4.477872534,15,3,9999
2026-03-12T11:30:59.318763,026045c6-8530-11ee-bb01-c602c1905375,BH Winkelhart Katendrechtse Lagedijk,51.891184937,4.479440034,10,0,9999
2026-03-12T11:30:59.318763,9d9bb8ec-4bd1-11ee-bb01-c602c1905375,BH Marconiplein,51.913319277,4.432514448,10,3,9999
2026-03-12T11:30:59.318763,8330f3ca-a5b4-11f0-ab44-baed9603afbb,Fokkerstraat Plesmanstraat,51.929694009,4.399576614,4,1,9999
2026-03-12T11:30:59.318763,5b842034-5331-11f0-ab1d-9ae3af3bf913,BH Walenburgerweg,51.926698659,4.462629155,10,10,9999
2026-03-12T11:30:59.318763,a08059b6-b484-11ee-9ae6-5263e3f30f1e,BH Metrostation Gerdesiaweg,51.925444134,4.506155972,10,3,9999
2026-03-12T11:30:59.318763,2f718c84-8911-11ee-bb01-c602c1905375,BH Metro Dijkzigt - EMC,51.911789199,4.466334846,20,16,9999
2026-03-12T11:30:59.318763,f58e41fc-1c9f-11ee-8219-8ed3b2364c4f,BH Heemraadsplein,51.912322959,4.455058085,10,10,9999
2026-03-12T11:30:59.318763,79fdd038-34b8-11f0-ab1d-9ae3af3bf913,BH RTHA Airport,51.94924845,4.432611987,10,7,0
2026-03-12T11:30:59.318763,1c41897e-596e-11ef-bed6-aa139991deb4,HUB Metrostation Nieuwland / Bijdorpplein,51.922583819,4.38260008,10,0,9999
2026-03-12T11:30:59.318763,a57d027c-8912-11ee-bb01-c602c1905375,BH Delftse Poort,51.924408145,4.472816464,10,7,9999
2026-03-12T11:30:59.318763,6383849a-2038-11f0-ab1d-9ae3af3bf913,BH - Kralingsebos (Langepad),51.936318565,4.506197017,10,0,9999
2026-03-12T11:30:59.318763,e90e9332-06f5-11ef-b58d-569a23b994be,BH Burgemeester Le Fèvre de Montignylaan,51.957620055,4.501711782,10,1,9999
2026-03-12T11:30:59.318763,5cb3ffde-bdaf-11ed-b1e6-fa4fb8e2990b,RK Stadionlaan,51.892328813,4.530682857,10,4,9999
2026-03-12T11:30:59.318763,02bed1f8-8392-11ee-bb01-c602c1905375,BH Station Alexander,51.951735827,4.551049232,10,10,9999
2026-03-12T11:30:59.318763,08d5cf66-8ab2-11ee-bb01-c602c1905375,BH Winkelhart Asterlo,51.873536387,4.483591736,10,1,9999
2026-03-12T11:30:59.318763,0e51e024-c757-11ee-9ae6-5263e3f30f1e,BH Metrostation Binnenhof,51.960437867,4.535372966,10,5,9999
2026-03-12T11:30:59.318763,409f87f6-890f-11ee-bb01-c602c1905375,BH Metro Beurs,51.917806013,4.480107053,8,4,9999
2026-03-12T11:30:59.318763,d6a7cd26-4d08-11f0-ab1d-9ae3af3bf913,BH - Oudehoofdplein-Haringvliet,51.918979475,4.49384405,10,6,9999
2026-03-12T11:30:59.318763,f0ad9b92-1767-11ef-8071-42f0fecaeb6a,BH Prinsenlaan,51.937206457,4.536127586,10,0,9999
2026-03-12T11:30:59.318763,f06fd44c-2035-11f0-ab1d-9ae3af3bf913,BH Boezemlaan,51.938982631,4.495864471,10,4,9999
2026-03-12T11:30:59.318763,8d91a90c-9e83-11ee-a91e-ee69b7c7763e,BH Kraaierstraat,51.91909698,4.418192898,8,5,9999
2026-03-12T11:30:59.318763,a2671a36-bdad-11ed-b1e6-fa4fb8e2990b,RK Dwarsdijk,51.893055987,4.539201504,10,9,9999
2026-03-12T11:30:59.318763,376a5cda-06f8-11ef-b58d-569a23b994be,BH Ganzerikplein,51.958953276,4.471584016,10,5,9999
2026-03-12T11:30:59.318763,5cdd9872-b096-11ef-b6d3-56d88772ab1a,BH Wilgenplaslaan/ Meidoornsingel,51.953868042,4.468211582,7,2,9999
2026-03-12T11:30:59.318763,952a3e78-a8db-11ef-8778-d2279db84567,BH Lloydstraat,51.902214281,4.461287644,10,18,9999
2026-03-12T11:30:59.318763,a6fa0910-8067-11ed-b1e6-fa4fb8e2990b,BH Stadion Fey (Bert Heesakkerstr.),51.896805818,4.521735582,50,2,9999
2026-03-12T11:30:59.318763,a1337d02-e018-11ed-a249-96cdaf8f7240,BH Sint Franciscus,51.942171146,4.460534407,25,3,9999
2026-03-12T11:30:59.318763,d3cea108-8285-11f0-ab44-baed9603afbb,BH - Ratelaarweg,51.967431611,4.463349689,10,2,9999
2026-03-12T11:30:59.318763,3bef7002-bdb5-11ed-b1e6-fa4fb8e2990b,RK Breeweg,51.890630632,4.514261169,10,3,9999
2026-03-12T11:30:59.318763,8c90734c-45bb-11ee-8219-8ed3b2364c4f,BH Coen Moulijnweg,51.893813253,4.526876329,42,2,9999
2026-03-12T11:30:59.318763,1b098490-2037-11f0-ab1d-9ae3af3bf913,BH Karmelweg,51.933461291,4.5029394,8,1,9999
2026-03-12T11:30:59.318763,23348a06-bdb1-11ed-b1e6-fa4fb8e2990b,RK Guido Gezelleweg,51.87434607,4.523238145,10,4,9999
2026-03-12T11:30:59.318763,66824038-37b2-11ef-a21a-8e54a72a50da,HUB Metrostation Parkweg / Zuidzijde,51.921443238,4.39475836,10,0,10
2026-03-12T11:30:59.318763,2c127298-ff25-11ef-a79f-a65a77daff90,BH Aert van Nesstraat,51.921141166,4.478916173,8,9,9999
2026-03-12T11:30:59.318763,cde445c6-a744-11ef-8778-d2279db84567,BH Groenendaal,51.921685178,4.492944049,6,9,9999
2026-03-12T11:30:59.318763,97c6a1c2-a8da-11ef-8778-d2279db84567,BH Henegouwerplein,51.921807589,4.460561523,10,0,9999
2026-03-12T11:30:59.318763,e68d5642-a5b5-11f0-b6c1-baed9603afbb,HUB NS Station Schiedam Centrum/ Professor Kamerlingh Onneslaan,51.92071744,4.408262487,12,6,9999
2026-03-12T11:30:59.318763,82623a40-bda3-11ed-b1e6-fa4fb8e2990b,RK Rosestraat,51.91100607,4.501308573,10,2,9999
2026-03-12T11:30:59.318763,b7353df6-b485-11ee-9ae6-5263e3f30f1e,BH Metrostation Kralingsezoom (Gravenweg),51.921751706,4.533850265,10,6,9999
2026-03-12T11:30:59.318763,6c34980a-bb92-11ef-a02d-6ea8ed91bd56,BH Gordelweg (Lidl),51.940472428,4.479798999,4,2,9999
2026-03-12T11:30:59.318763,5904bd1a-a5b5-11f0-b05b-baed9603afbb,HUB Hof van Spaland - Bachplein,51.934889388,4.374726808,8,2,9999
2026-03-12T11:30:59.318763,32ca5fd0-8126-11ed-b1e6-fa4fb8e2990b,RK Vuurplaat,51.906526668,4.505838102,10,2,9999
2026-03-12T11:30:59.318763,f94a1ff6-b095-11ef-b6d3-56d88772ab1a,BH Bm Le Fèvre de Montignylaan/ Jeroen Boschlaan,51.955641943,4.505982462,6,0,9999
2026-03-12T11:30:59.318763,4228b402-8537-11ee-bb01-c602c1905375,BH Tongelaarweg,51.895280064,4.563514996,10,2,9999
2026-03-12T11:30:59.318763,6f66a60c-36e5-11f0-ab1d-9ae3af3bf913,BH Lloydpier,51.904487669,4.460458303,8,6,0
2026-03-12T11:30:59.318763,7d81b63e-a5b5-11f0-b05b-baed9603afbb,HUB 's Gravelandseweg,51.932091958,4.401924037,6,2,9999
2026-03-12T11:30:59.318763,a3dbb322-8121-11ed-b1e6-fa4fb8e2990b,RK Metrostation Rijnhaven ,51.902216981,4.49610172,15,4,9999
2026-03-12T11:30:59.318763,cf23b50e-9ad0-11f0-ab44-baed9603afbb,BH Natuurhistorisch museum,51.911022288,4.472728259,12,1,9999
2026-03-12T11:30:59.318763,d55243f6-182b-11ef-a8d1-42f0fecaeb6a,BH Siciliëboulevard ,51.97996654,4.580859756,10,1,9999
2026-03-12T11:30:59.318763,e0f7ef36-a5b4-11f0-ab44-baed9603afbb,Havenstraat einde (digitale testhub),51.900396883,4.398614319,12,0,9999
2026-03-12T11:30:59.318763,05d1d708-eabd-11ef-88c2-aa7241d1fb4f,HUB De Thermen ,51.927426752,4.380236246,8,2,9999
2026-03-12T11:30:59.318763,b3381a7a-2036-11f0-ab1d-9ae3af3bf913,BH Oudedijk / de Nieuwe Plantage,51.929149075,4.505248613,8,4,9999
2026-03-12T11:30:59.318763,8b480576-eabc-11ee-a9f0-82366b51b915,BH Schiedamseweg Beneden,51.914135146,4.422297364,5,6,9999
2026-03-12T11:30:59.318763,89a2f1d2-a5b3-11f0-ab44-baed9603afbb,Metrostation Vijfsluizen,51.908108215,4.37254105,8,0,9999
2026-03-12T11:30:59.318763,e50f3d1e-f069-11ef-9ed7-0ea3ed1ae564,HUB Oranjestraat - Lange Nieuwstraat,51.913368472,4.40030457,5,0,9999
2026-03-12T11:30:59.318763,4c1b19a4-d0a1-11ee-8b0e-065810cc8d78,BH Elandstraat,51.910800072,4.553878993,10,5,9999
2026-03-12T11:30:59.318763,bbbba24e-806e-11ed-b1e6-fa4fb8e2990b,RK P+R Noorderhelling,51.894761016,4.532122707,15,0,9999
2026-03-12T11:30:59.318763,3ac0b682-8129-11ed-b1e6-fa4fb8e2990b,RK Cor Kieboomplein,51.896922039,4.523502821,15,1,9999
2026-03-12T11:30:59.318763,5a3ffbf4-37b1-11ef-a21a-8e54a72a50da,HUB Metrostation Nieuwland / Van Limburg Stirumstraat,51.922446663,4.38308784,6,2,4
2026-03-12T11:30:59.318763,5d8d12a2-a5b4-11f0-ab44-baed9603afbb,Van Heekstraat,51.931167557,4.406024405,4,0,9999
2026-03-12T11:30:59.318763,f251d6e8-0b82-11ef-b58d-569a23b994be,BH Metrostation Graskruid ,51.956473743,4.550010233,8,3,9999
2026-03-12T11:30:59.318763,a4d2ea7c-b2f0-11ef-aa57-62870c7808bb,BH 2e Hogenbanweg,51.936951327,4.427707182,8,0,9999
2026-03-12T11:30:59.318763,75ba0d1a-2037-11f0-ab1d-9ae3af3bf913,BH Stadhoudersweg,51.931417737,4.461484988,10,6,9999
2026-03-12T11:30:59.318763,bc6b0d7e-a745-11ef-8778-d2279db84567,BH Goudsewagenstraat,51.923224462,4.493552746,8,4,9999
2026-03-12T11:30:59.318763,0f37eafc-8912-11ee-bb01-c602c1905375,BH Metro Oostplein,51.922677789,4.497608825,10,9,9999
2026-03-12T11:30:59.318763,aed7c2fa-8123-11ed-b1e6-fa4fb8e2990b,RK Groene Hilledijk/Beijerlandselaan,51.893806789,4.509452258,10,4,9999
2026-03-12T11:30:59.318763,c76f0318-bb92-11ef-a02d-6ea8ed91bd56,BH NS Centraal Station (Stationssingel),51.925399994,4.466148375,10,16,9999
2026-03-12T11:30:59.318763,361a368c-a5b4-11f0-ab44-baed9603afbb,Sportpark Haga (Epke Zonderlandstraat),51.921919868,4.370918199,8,2,9999
2026-03-12T11:30:59.318763,f4c0fe5e-02d6-11ef-b58d-569a23b994be,BH Paulus Potterstraat,51.9228414,4.508497696,10,4,9999
2026-03-12T11:30:59.318763,48cbf66e-9f15-11ee-a91e-ee69b7c7763e,BH Franselaan,51.917379138,4.420463507,10,7,9999
2026-03-12T11:30:59.318763,e9735b4e-7da7-11f0-ab44-baed9603afbb,BH Veldkersweg,51.966835673,4.46657292,8,0,9999
2026-03-12T11:30:59.318763,4b1ac684-bb93-11ef-a02d-6ea8ed91bd56,BH Noorderkanaalweg,51.940525593,4.472984586,9,3,9999
2026-03-12T11:30:59.318763,033a9392-3700-11f0-ab1d-9ae3af3bf913,BH Herman Bavinckstraat,51.915067882,4.521446921,10,1,9999
2026-03-12T11:30:59.318763,ffe8c3e8-a8da-11ef-8778-d2279db84567,BH Mathenesserplein,51.917836602,4.44508891,8,1,9999
2026-03-12T11:30:59.318763,e377069a-ff63-11ef-a79f-a65a77daff90,BH Kralingsebos Bosdreef/Pr. Beatrixlaan,51.93789612,4.501689644,8,2,9999
2026-03-12T11:30:59.318763,7af95f9c-a747-11ef-8778-d2279db84567,BH Kruisplein,51.92228569,4.47138789,6,15,9999
2026-03-12T11:30:59.318763,4c50cb7a-bdb6-11ed-b1e6-fa4fb8e2990b,RK Olympiaweg,51.886462746,4.529133302,10,2,9999
2026-03-12T11:30:59.318763,a694ef4e-36e5-11f0-ab1d-9ae3af3bf913,BH Neushoornstraat,51.913041554,4.553743002,6,0,3
2026-03-12T11:30:59.318763,be56ca62-8120-11ed-b1e6-fa4fb8e2990b,RK P+R Beverwaard,51.885771514,4.568986239,10,1,9999
2026-03-12T11:30:59.318763,d5af3bc4-806a-11ed-b1e6-fa4fb8e2990b,BH Kievitslaan,51.907226862,4.473300159,17,8,9999
2026-03-12T11:30:59.318763,dd006abc-a5b3-11f0-ab44-baed9603afbb,Havenstraat,51.903204365,4.398004897,8,1,9999
2026-03-12T11:30:59.318763,6f09af84-eabe-11ee-a9f0-82366b51b915,BH Delftseplein ,51.925206514,4.474011701,14,4,9999
2026-03-12T11:30:59.318763,1cfb89ec-806b-11ed-b1e6-fa4fb8e2990b,BH Westplein,51.908912961,4.478583441,10,5,9999
2026-03-12T11:30:59.318763,12fc10a4-bb94-11ef-a02d-6ea8ed91bd56,BH Noordplein,51.930251975,4.483699175,10,4,9999
2026-03-12T11:30:59.318763,276e8d26-bda0-11ed-b1e6-fa4fb8e2990b,RK Strevelsweg,51.889634937,4.495943368,15,1,9999
2026-03-12T11:30:59.318763,9e066470-2038-11f0-ab1d-9ae3af3bf913,BH Kralinger Esch,51.911179823,4.524762065,9,8,9999
2026-03-12T11:30:59.318763,9b1f0aaa-8125-11ed-b1e6-fa4fb8e2990b,RK Slaghekstraat - Beijerlandselaan,51.897574833,4.511261604,10,1,9999
2026-03-12T11:30:59.318763,b8c81048-2037-11f0-ab1d-9ae3af3bf913,BH Van Maanenstraat,51.932279316,4.464280453,6,6,9999
2026-03-12T11:30:59.318763,1f4ff66c-bdb8-11ed-b1e6-fa4fb8e2990b,RK Van der Takstraat ,51.914243737,4.496045621,10,2,9999
2026-03-12T11:30:59.318763,3b523cee-5c94-11f0-ab1d-9ae3af3bf913,BH - Wilhelminapier,51.90698281,4.489727426,14,7,9999
2026-03-12T11:30:59.318763,e8d292d2-039a-11ef-b58d-569a23b994be,BH Mia van Yperenplein ,51.928414546,4.545678043,10,5,9999
2026-03-12T11:30:59.318763,12daf18a-8068-11ed-b1e6-fa4fb8e2990b,BH Treinst. Lombardijen (Aesopusplaats),51.880478018,4.530040287,10,0,9999
2026-03-12T11:30:59.318763,558e4a5a-eaba-11ee-a9f0-82366b51b915,BH Blijdorplaan ,51.927389289,4.440437692,22,15,9999
2026-03-12T11:30:59.318763,5a8de282-36ee-11f0-ab1d-9ae3af3bf913,BH van Blommesteynweg,51.888148155,4.460842726,10,1,9999
2026-03-12T11:30:59.318763,078569ee-a5b5-11f0-ab44-baed9603afbb,Nieuwe Waterwegstraat (digitale testhub),51.900682979,4.390873601,12,0,9999
2026-03-12T11:30:59.318763,8e5dd27e-06fd-11ef-b58d-569a23b994be,BH Prins Alexanderplein,51.951040272,4.553684972,14,0,9999
2026-03-12T11:30:59.318763,a6843864-fbc4-11ee-b58d-569a23b994be,Trompenburg 1,51.917696349,4.517981647,10,8,0
2026-03-12T11:30:59.318763,5b583480-a8da-11ef-8778-d2279db84567,BH Duyststraat,51.910073429,4.452225738,8,5,9999
2026-03-12T11:30:59.318763,2510e9ba-a5b6-11f0-847a-baed9603afbb,Hub Kloosterplaats,51.91675013,4.402112308,6,5,9999
2026-03-12T11:30:59.318763,880e3e72-a8dd-11ef-8778-d2279db84567,BH Spaansebocht,51.917413667,4.430014126,9,0,9999
2026-03-12T11:30:59.318763,b5b3324a-edb9-11ee-a9f0-82366b51b915,BH Siondwarsstraat,51.925261494,4.51053174,10,0,9999
2026-03-12T11:30:59.318763,94b01d94-edc6-11ee-a9f0-82366b51b915,BH Schuttersveld,51.933248028,4.490978921,10,4,9999
2026-03-12T11:30:59.318763,69b33170-edbd-11ee-a9f0-82366b51b915,BH Metro Oostplein 2,51.923145722,4.496820843,10,4,9999
2026-03-12T11:30:59.318763,67d6af9a-f068-11ef-ba40-0ea3ed1ae564,HUB Hof van Spaland - Schiedamseweg,51.934898803,4.378145906,12,1,9999
2026-03-12T11:30:59.318763,4933dd54-9e7c-11ee-a91e-ee69b7c7763e,BH Willem Ruyslaan (Luzac College),51.925421889,4.508669446,10,8,9999
2026-03-12T11:30:59.318763,9f935b6c-b095-11ef-b6d3-56d88772ab1a,BH Bergpolderplein,51.945227242,4.474988047,8,4,9999
2026-03-12T11:30:59.318763,8a2d056c-bb93-11ef-a02d-6ea8ed91bd56,BH NS Station Noord (Bergweg),51.941530048,4.481339526,10,5,4
2026-03-12T11:30:59.318763,4d95ab34-8122-11ed-b1e6-fa4fb8e2990b,RK Metrostation Maashaven ,51.896573582,4.494245173,30,1,9999
2026-03-12T11:30:59.318763,3d015ff0-8394-11ee-bb01-c602c1905375,BH Metrostation Oosterflank,51.945209326,4.555045447,10,1,9999
2026-03-12T11:30:59.318763,defeb050-a747-11ef-8778-d2279db84567,BH Karel Doormanstraat,51.922789549,4.473609692,9,5,9999
2026-03-12T11:30:59.318763,b5dc5454-890f-11ee-bb01-c602c1905375,BH Schilderstraat,51.916377397,4.48142868,8,4,9999
2026-03-12T11:30:59.318763,2f12ae3e-806c-11ed-b1e6-fa4fb8e2990b,BH Winkelcentrum Keizerswaard-Herenw,51.886358391,4.549308056,15,17,9999
2026-03-12T11:30:59.318763,3b6d73a8-805d-11ed-b1e6-fa4fb8e2990b,BH Metrostation Melanchtonweg,51.94881199,4.465233746,10,4,9999
2026-03-12T11:30:59.318763,d5832958-891a-11ee-bb01-c602c1905375,BH Metro Zuidplein (nieuw),51.887180341,4.491554668,10,2,9999
2026-03-12T11:30:59.318763,a535094e-b162-11ef-bdcd-5adc5d29ed54,BH Eudokiaplein,51.932433484,4.47153255,9,10,9999
2026-03-12T11:30:59.318763,437f8dc8-bd9e-11ed-b1e6-fa4fb8e2990b,RK Hillevliet,51.89558515,4.506432514,10,1,9999
2026-03-12T11:30:59.318763,f10d8ab4-9997-11ee-a91e-ee69b7c7763e,BH Shell Hofplein,51.925705456,4.477781355,28,6,9999
2026-03-12T11:30:59.318763,94467720-8127-11ed-b1e6-fa4fb8e2990b,RK Persoonsdam,51.909309099,4.508017165,10,2,9999
2026-03-12T11:30:59.318763,9245444a-2023-11f0-ab1d-9ae3af3bf913,BH Witte de Withstraat,51.915906523,4.478080905,10,5,9999
2026-03-12T11:30:59.318763,49d59348-ff64-11ef-b515-a65a77daff90,BH Bergweg (Dirk van den Broek),51.93856254,4.479465675,6,3,9999
2026-03-12T11:30:59.318763,30fb96bc-8124-11ed-b1e6-fa4fb8e2990b,RK Beverwaardseweg/ Borgharensingel,51.898798338,4.564663375,10,1,9999
2026-03-12T11:30:59.318763,9a1fb404-8ab3-11ee-bb01-c602c1905375,BH Langenhorst ,51.874120882,4.494254863,10,1,9999
2026-03-12T11:30:59.318763,abe67bfa-b096-11ef-b6d3-56d88772ab1a,BH Wilgenplaslaan/ Donkersingel,51.951337599,4.47048253,10,5,9999
2026-03-12T11:30:59.318763,068b0f9c-a8dd-11ef-8778-d2279db84567,BH Vierhavenstraat (Sahan),51.908502395,4.437727106,4,2,9999
2026-03-12T11:30:59.318763,bc0e7e9c-a8da-11ef-8778-d2279db84567,BH Jan van Vuchtstraat,51.917045317,4.460830874,6,5,9999
2026-03-12T11:30:59.318763,8b721818-a5b2-11f0-ab44-baed9603afbb,Lekstraat,51.90446958,4.406985264,6,2,9999
2026-03-12T11:30:59.318763,ad212572-06f7-11ef-b58d-569a23b994be,BH Molenlaan/Grindweg,51.963224537,4.49571068,10,2,9999
2026-03-12T11:30:59.318763,f8828c3e-806d-11ed-b1e6-fa4fb8e2990b,RK Station Rdam Zuid,51.905545015,4.509568537,15,6,9999
2026-03-12T11:30:59.318763,5f71799e-806b-11ed-b1e6-fa4fb8e2990b,BH Willemsplein,51.911118908,4.481894771,17,6,9999
2026-03-12T11:30:59.318763,42824336-bd97-11ed-b1e6-fa4fb8e2990b,RK Groene Hilledijk,51.882726433,4.504266667,10,2,9999
2026-03-12T11:30:59.318763,db6932f4-182b-11ef-a8d1-42f0fecaeb6a,BH Metrostation Nesselande,51.978969273,4.586177782,10,0,9999
2026-03-12T11:30:59.318763,e26322b0-2025-11f0-ab1d-9ae3af3bf913,BH Brielselaan,51.896298935,4.489248091,4,2,9999
2026-03-12T11:30:59.318763,c862b7f2-06fb-11ef-b58d-569a23b994be,BH Prins Alexanderlaan (metrobaan zijde),51.952192324,4.551435621,10,0,9999
2026-03-12T11:30:59.318763,c53689c2-8124-11ed-b1e6-fa4fb8e2990b,RK Peellandstraat / Beesdestraat ,51.888535309,4.567291893,10,5,9999
2026-03-12T11:30:59.318763,8f5d35a0-1834-11ef-8071-42f0fecaeb6a,BH Jan Bijloostraat (Winkelcentrum Lage Land),51.941821995,4.546449269,9,3,9999
2026-03-12T11:30:59.318763,f8fcd3a4-983a-11ef-a85a-be896af2d3a5,BH Rhijnauwensingel,51.892161199,4.569620613,12,2,9999
2026-03-12T11:30:59.318763,118239d4-a5b2-11f0-ab44-baed9603afbb,Lorentzlaan (bushalte),51.917994492,4.415061192,4,1,9999
2026-03-12T11:30:59.318763,0c107276-bdb7-11ed-b1e6-fa4fb8e2990b,RK Sandelingenplein,51.889562128,4.506962326,10,4,9999
2026-03-12T11:30:59.318763,75b8bea6-81d8-11ed-b1e6-fa4fb8e2990b,RK Metrostation Maashaven (Putselaan),51.897794241,4.495760713,10,8,9999
2026-03-12T11:30:59.318763,a20bbbae-bdae-11ed-b1e6-fa4fb8e2990b,RK Frankendaal,51.886951976,4.521294152,10,0,9999
2026-03-12T11:30:59.318763,f1df385c-f5b2-11ef-81b3-76e5c571f05f,HUB Admiraal de Ruyterstraat,51.906742474,4.38554997,8,3,9999
2026-03-12T11:30:59.318763,4247dd56-1c9f-11ee-8219-8ed3b2364c4f,BH Metro Coolhaven,51.909218289,4.458167882,10,3,9999
2026-03-12T11:54:29.954967,65af1c24-06f4-11ef-b58d-569a23b994be,BH Meerum Terwogtlaan,51.951763386,4.524587387,10,2,9999
2026-03-12T11:54:29.954967,bc839806-a5b1-11f0-ab44-baed9603afbb,Van het Hoffplein (Boerhavelaan),51.916219132,4.412005574,8,3,9999
2026-03-12T11:54:29.954967,2c632780-a8de-11ef-8778-d2279db84567,BH Schuttevaerweg,51.922420472,4.434869706,10,3,9999
2026-03-12T11:54:29.954967,a3c07f10-a5b5-11f0-b05b-baed9603afbb,HUB Hoofdbrug,51.908705902,4.406131267,8,1,9999
2026-03-12T11:54:29.954967,b9bfe680-fbc4-11ee-b58d-569a23b994be,Trompenburg 2,51.917638379,4.518889893,10,0,10
2026-03-12T11:54:29.954967,3c659862-a8dd-11ef-8778-d2279db84567,BH Mayflowerstraat,51.905015647,4.440161906,10,7,9999
2026-03-12T11:54:29.954967,e0a4baca-a748-11ef-8778-d2279db84567,BH Mariniersweg,51.920853425,4.490979502,10,3,9999
2026-03-12T11:54:29.954967,c35c448e-06fc-11ef-b58d-569a23b994be,BH Jacob van Campenweg ,51.942434165,4.537976212,7,8,9999
2026-03-12T11:54:29.954967,438486f4-a5b6-11f0-a150-baed9603afbb,HUB Koemarkt ingang garage,51.914517902,4.401917461,6,4,9999
2026-03-12T11:54:29.954967,365f4a3e-a5b3-11f0-ab44-baed9603afbb,Rubensplein,51.911712719,4.383665134,6,1,9999
2026-03-12T11:54:29.954967,a85b996e-fe23-11ee-b58d-569a23b994be,BH Dirk van der Kooijweg (Waterleliesingel),51.953796964,4.52009166,10,1,9999
2026-03-12T11:54:29.954967,19e2de56-b5d8-11ee-9ae6-5263e3f30f1e,BH STC Waalhaven,51.878297275,4.448759787,10,1,9999
2026-03-12T11:54:29.954967,c6c213ee-ed18-11ef-9957-f683e5eb607c,BH Langenhorst (Binkhorst),51.877310029,4.494737503,10,3,9999
2026-03-12T11:54:29.954967,3366f8b0-a8dc-11ef-8778-d2279db84567,BH Vierhavenstraat (WoonEnzo),51.907777562,4.438830385,4,7,9999
2026-03-12T11:54:29.954967,04a89aea-a5b3-11f0-ab44-baed9603afbb,Groenelaan Hagastraat (Winkelcentrum),51.907303396,4.402285408,4,1,9999
2026-03-12T11:54:29.954967,32638aa6-a5b5-11f0-9f09-baed9603afbb,HUB Laan van Bol'es,51.928443203,4.370771711,10,2,9999
2026-03-12T11:54:29.954967,291c2f72-a749-11ef-8778-d2279db84567,BH Westzeedijk,51.909321622,4.471436479,10,3,9999
2026-03-12T11:54:29.954967,abd627be-67bb-11f0-91de-5eaa9feacc9b,BH Schiekade (Heer Bokelweg),51.927133058,4.476309832,10,0,9999
2026-03-12T11:54:29.954967,8948d5a4-b094-11ef-b6d3-56d88772ab1a,BH Duivenpad,51.964922912,4.498254116,8,4,9999
2026-03-12T11:54:29.954967,227e8c1e-be97-11ee-9ae6-5263e3f30f1e,HUB Metrostation Troelstralaan,51.915742295,4.384972326,10,0,9999
2026-03-12T11:54:29.954967,0af509a8-06f7-11ef-b58d-569a23b994be,BH Beethovensingel,51.96114919,4.505141448,10,17,9999
2026-03-12T11:54:29.954967,dc06f296-1768-11ef-8071-42f0fecaeb6a,BH Prins Alexanderlaan (Oosterflank),51.946646256,4.553811478,12,1,9999
2026-03-12T11:54:29.954967,221af3ce-7fe1-11ee-bb01-c602c1905375,BH Metro Prinsenlaan,51.940647564,4.556931306,10,2,9999
2026-03-12T11:54:29.954967,a793d6ba-edc8-11ee-a9f0-82366b51b915,BH Infirmeriestraat,51.922255603,4.502265891,10,9,9999
2026-03-12T11:54:29.954967,0359e1a2-bdb3-11ed-b1e6-fa4fb8e2990b,RK Rosestraat 11C,51.902954022,4.511377745,10,10,9999
2026-03-12T11:54:29.954967,87f07e20-9e78-11ee-a91e-ee69b7c7763e,BH Marconistraat (Lee Towers),51.912441021,4.430411189,14,4,9999
2026-03-12T11:54:29.954967,f539bd6e-06f8-11ef-b58d-569a23b994be,BH Meijersplein,51.955657978,4.463033845,8,1,9999
2026-03-12T11:54:29.954967,70f0801a-8071-11ed-b1e6-fa4fb8e2990b,RK treinstation Lombardijen,51.88057913,4.531905572,30,3,9999
2026-03-12T11:54:29.954967,43752ffc-a8db-11ef-8778-d2279db84567,BH Pieter de Hoochweg,51.906316301,4.459985731,6,13,9999
2026-03-12T11:54:29.954967,b35ddad8-ab08-11ef-8778-d2279db84567,HUB Rotterdamsedijk 272,51.914957692,4.40343084,8,1,9999
2026-03-12T11:54:29.954967,9b1fa0f6-ae3c-11ee-a91e-ee69b7c7763e,BH Winkelhart Plein 1953,51.874842065,4.467889739,10,1,9999
2026-03-12T11:54:29.954967,8bd90878-0884-11f0-9a47-66143dd92f22,RK Molenvliet,51.882626536,4.521159806,10,4,9999
2026-03-12T11:54:29.954967,45450b66-a5b2-11f0-ab44-baed9603afbb,Maasdijk (Gustoweg),51.906629018,4.412009895,6,2,9999
2026-03-12T11:54:29.954967,4de2effe-f068-11ef-ba40-0ea3ed1ae564,HUB Hof van Spaland - Vlaardingseweg,51.935841728,4.376077923,4,0,9999
2026-03-12T11:54:29.954967,d38c6468-06fe-11ef-b58d-569a23b994be,BH Kleine Beer,51.950902127,4.555051083,6,2,9999
2026-03-12T11:54:29.954967,e552904e-182b-11ef-a8d1-42f0fecaeb6a,BH Metrostation Hesseplaats,51.963345229,4.554510684,10,3,9999
2026-03-12T11:54:29.954967,1826196c-b162-11ef-bdcd-5adc5d29ed54,BH Bentincklaan (Diergaarde Blijdorp),51.92572504,4.454794024,10,13,9999
2026-03-12T11:54:29.954967,8a1e5ed0-1c9e-11ee-8219-8ed3b2364c4f,BH Sparta stadion,51.920151368,4.434428835,20,18,9999
2026-03-12T11:54:29.954967,d3c9003c-b486-11ee-9ae6-5263e3f30f1e,BH Oostzeedijk Beneden,51.922514244,4.503092963,10,4,9999
2026-03-12T11:54:29.954967,552a82b8-b094-11ef-b6d3-56d88772ab1a,BH Hockeyclub Rotterdam,51.96869974,4.484731647,25,3,9999
2026-03-12T11:54:29.954967,cb3f6d1c-a746-11ef-8778-d2279db84567,BH Vasteland (AH),51.911537089,4.478368712,10,13,9999
2026-03-12T11:54:29.954967,d4a8557a-eabd-11ef-ac99-aa7241d1fb4f,HUB Admiraal Trompstraat (Huisman),51.908834504,4.381923039,8,0,9999
2026-03-12T11:54:29.954967,00e8b3de-9e82-11ee-a91e-ee69b7c7763e,BH Jacques Dutilhweg,51.927993284,4.5475155,10,8,9999
2026-03-12T11:54:29.954967,d868fe52-36e5-11f0-ab1d-9ae3af3bf913,BH Sluisjesdijk,51.894714517,4.461900478,10,2,0
2026-03-12T11:54:29.954967,4338fed2-edbb-11ee-a9f0-82366b51b915,BH Oostzeedijk Beneden 2,51.921653595,4.507031037,10,8,9999
2026-03-12T11:54:29.954967,2c82bb9a-217b-11ee-8219-8ed3b2364c4f,Hub Weena,51.922738296,4.469181329,142,34,9999
2026-03-12T11:54:29.954967,96f5cbdc-06f6-11ef-b58d-569a23b994be,BH Argonautenweg,51.959086712,4.49354982,10,0,9999
2026-03-12T11:54:29.954967,2f51713e-32b7-11ee-8219-8ed3b2364c4f,Hub P+R Capelsebrug,51.920991793,4.559215491,18,2,9999
2026-03-12T11:54:29.954967,62b0255a-9e7a-11ee-a91e-ee69b7c7763e,BH Vierhavenstraat,51.910327597,4.434992993,16,9,9999
2026-03-12T11:54:29.954967,2b10524e-06f5-11ef-b58d-569a23b994be,BH Piet van der Polsingel,51.950618784,4.518612648,8,2,9999
2026-03-12T11:54:29.954967,47070056-06fa-11ef-b58d-569a23b994be,BH Metrostation Schenkel,51.931770435,4.56406792,12,1,9999
2026-03-12T11:54:29.954967,7a8c12ba-91ab-11ed-b1e6-fa4fb8e2990b,BH Metrostation Slinge,51.874526023,4.477872534,15,2,9999
2026-03-12T11:54:29.954967,026045c6-8530-11ee-bb01-c602c1905375,BH Winkelhart Katendrechtse Lagedijk,51.891184937,4.479440034,10,0,9999
2026-03-12T11:54:29.954967,9d9bb8ec-4bd1-11ee-bb01-c602c1905375,BH Marconiplein,51.913319277,4.432514448,10,3,9999
2026-03-12T11:54:29.954967,8330f3ca-a5b4-11f0-ab44-baed9603afbb,Fokkerstraat Plesmanstraat,51.929694009,4.399576614,4,1,9999
2026-03-12T11:54:29.954967,5b842034-5331-11f0-ab1d-9ae3af3bf913,BH Walenburgerweg,51.926698659,4.462629155,10,10,9999
2026-03-12T11:54:29.954967,a08059b6-b484-11ee-9ae6-5263e3f30f1e,BH Metrostation Gerdesiaweg,51.925444134,4.506155972,10,3,9999
2026-03-12T11:54:29.954967,2f718c84-8911-11ee-bb01-c602c1905375,BH Metro Dijkzigt - EMC,51.911789199,4.466334846,20,15,9999
2026-03-12T11:54:29.954967,f58e41fc-1c9f-11ee-8219-8ed3b2364c4f,BH Heemraadsplein,51.912322959,4.455058085,10,10,9999
2026-03-12T11:54:29.954967,79fdd038-34b8-11f0-ab1d-9ae3af3bf913,BH RTHA Airport,51.94924845,4.432611987,10,7,0
2026-03-12T11:54:29.954967,1c41897e-596e-11ef-bed6-aa139991deb4,HUB Metrostation Nieuwland / Bijdorpplein,51.922583819,4.38260008,10,0,9999
2026-03-12T11:54:29.954967,a57d027c-8912-11ee-bb01-c602c1905375,BH Delftse Poort,51.924408145,4.472816464,10,7,9999
2026-03-12T11:54:29.954967,6383849a-2038-11f0-ab1d-9ae3af3bf913,BH - Kralingsebos (Langepad),51.936318565,4.506197017,10,0,9999
2026-03-12T11:54:29.954967,e90e9332-06f5-11ef-b58d-569a23b994be,BH Burgemeester Le Fèvre de Montignylaan,51.957620055,4.501711782,10,1,9999
2026-03-12T11:54:29.954967,5cb3ffde-bdaf-11ed-b1e6-fa4fb8e2990b,RK Stadionlaan,51.892328813,4.530682857,10,4,9999
2026-03-12T11:54:29.954967,02bed1f8-8392-11ee-bb01-c602c1905375,BH Station Alexander,51.951735827,4.551049232,10,10,9999
2026-03-12T11:54:29.954967,08d5cf66-8ab2-11ee-bb01-c602c1905375,BH Winkelhart Asterlo,51.873536387,4.483591736,10,1,9999
2026-03-12T11:54:29.954967,0e51e024-c757-11ee-9ae6-5263e3f30f1e,BH Metrostation Binnenhof,51.960437867,4.535372966,10,6,9999
2026-03-12T11:54:29.954967,409f87f6-890f-11ee-bb01-c602c1905375,BH Metro Beurs,51.917806013,4.480107053,8,6,9999
2026-03-12T11:54:29.954967,d6a7cd26-4d08-11f0-ab1d-9ae3af3bf913,BH - Oudehoofdplein-Haringvliet,51.918979475,4.49384405,10,6,9999
2026-03-12T11:54:29.954967,f0ad9b92-1767-11ef-8071-42f0fecaeb6a,BH Prinsenlaan,51.937206457,4.536127586,10,0,9999
2026-03-12T11:54:29.954967,f06fd44c-2035-11f0-ab1d-9ae3af3bf913,BH Boezemlaan,51.938982631,4.495864471,10,4,9999
2026-03-12T11:54:29.954967,8d91a90c-9e83-11ee-a91e-ee69b7c7763e,BH Kraaierstraat,51.91909698,4.418192898,8,5,9999
2026-03-12T11:54:29.954967,a2671a36-bdad-11ed-b1e6-fa4fb8e2990b,RK Dwarsdijk,51.893055987,4.539201504,10,7,9999
2026-03-12T11:54:29.954967,376a5cda-06f8-11ef-b58d-569a23b994be,BH Ganzerikplein,51.958953276,4.471584016,10,4,9999
2026-03-12T11:54:29.954967,5cdd9872-b096-11ef-b6d3-56d88772ab1a,BH Wilgenplaslaan/ Meidoornsingel,51.953868042,4.468211582,7,2,9999
2026-03-12T11:54:29.954967,952a3e78-a8db-11ef-8778-d2279db84567,BH Lloydstraat,51.902214281,4.461287644,10,17,9999
2026-03-12T11:54:29.954967,a6fa0910-8067-11ed-b1e6-fa4fb8e2990b,BH Stadion Fey (Bert Heesakkerstr.),51.896805818,4.521735582,50,2,9999
2026-03-12T11:54:29.954967,a1337d02-e018-11ed-a249-96cdaf8f7240,BH Sint Franciscus,51.942171146,4.460534407,25,3,9999
2026-03-12T11:54:29.954967,d3cea108-8285-11f0-ab44-baed9603afbb,BH - Ratelaarweg,51.967431611,4.463349689,10,2,9999
2026-03-12T11:54:29.954967,3bef7002-bdb5-11ed-b1e6-fa4fb8e2990b,RK Breeweg,51.890630632,4.514261169,10,3,9999
2026-03-12T11:54:29.954967,8c90734c-45bb-11ee-8219-8ed3b2364c4f,BH Coen Moulijnweg,51.893813253,4.526876329,42,2,9999
2026-03-12T11:54:29.954967,1b098490-2037-11f0-ab1d-9ae3af3bf913,BH Karmelweg,51.933461291,4.5029394,8,1,9999
2026-03-12T11:54:29.954967,23348a06-bdb1-11ed-b1e6-fa4fb8e2990b,RK Guido Gezelleweg,51.87434607,4.523238145,10,4,9999
2026-03-12T11:54:29.954967,66824038-37b2-11ef-a21a-8e54a72a50da,HUB Metrostation Parkweg / Zuidzijde,51.921443238,4.39475836,10,0,10
2026-03-12T11:54:29.954967,2c127298-ff25-11ef-a79f-a65a77daff90,BH Aert van Nesstraat,51.921141166,4.478916173,8,11,9999
2026-03-12T11:54:29.954967,cde445c6-a744-11ef-8778-d2279db84567,BH Groenendaal,51.921685178,4.492944049,6,10,9999
2026-03-12T11:54:29.954967,97c6a1c2-a8da-11ef-8778-d2279db84567,BH Henegouwerplein,51.921807589,4.460561523,10,6,9999
2026-03-12T11:54:29.954967,e68d5642-a5b5-11f0-b6c1-baed9603afbb,HUB NS Station Schiedam Centrum/ Professor Kamerlingh Onneslaan,51.92071744,4.408262487,12,5,9999
2026-03-12T11:54:29.954967,82623a40-bda3-11ed-b1e6-fa4fb8e2990b,RK Rosestraat,51.91100607,4.501308573,10,2,9999
2026-03-12T11:54:29.954967,b7353df6-b485-11ee-9ae6-5263e3f30f1e,BH Metrostation Kralingsezoom (Gravenweg),51.921751706,4.533850265,10,6,9999
2026-03-12T11:54:29.954967,6c34980a-bb92-11ef-a02d-6ea8ed91bd56,BH Gordelweg (Lidl),51.940472428,4.479798999,4,2,9999
2026-03-12T11:54:29.954967,5904bd1a-a5b5-11f0-b05b-baed9603afbb,HUB Hof van Spaland - Bachplein,51.934889388,4.374726808,8,2,9999
2026-03-12T11:54:29.954967,32ca5fd0-8126-11ed-b1e6-fa4fb8e2990b,RK Vuurplaat,51.906526668,4.505838102,10,2,9999
2026-03-12T11:54:29.954967,f94a1ff6-b095-11ef-b6d3-56d88772ab1a,BH Bm Le Fèvre de Montignylaan/ Jeroen Boschlaan,51.955641943,4.505982462,6,0,9999
2026-03-12T11:54:29.954967,4228b402-8537-11ee-bb01-c602c1905375,BH Tongelaarweg,51.895280064,4.563514996,10,2,9999
2026-03-12T11:54:29.954967,6f66a60c-36e5-11f0-ab1d-9ae3af3bf913,BH Lloydpier,51.904487669,4.460458303,8,6,0
2026-03-12T11:54:29.954967,7d81b63e-a5b5-11f0-b05b-baed9603afbb,HUB 's Gravelandseweg,51.932091958,4.401924037,6,2,9999
2026-03-12T11:54:29.954967,a3dbb322-8121-11ed-b1e6-fa4fb8e2990b,RK Metrostation Rijnhaven ,51.902216981,4.49610172,15,4,9999
2026-03-12T11:54:29.954967,cf23b50e-9ad0-11f0-ab44-baed9603afbb,BH Natuurhistorisch museum,51.911022288,4.472728259,12,1,9999
2026-03-12T11:54:29.954967,d55243f6-182b-11ef-a8d1-42f0fecaeb6a,BH Siciliëboulevard ,51.97996654,4.580859756,10,1,9999
2026-03-12T11:54:29.954967,e0f7ef36-a5b4-11f0-ab44-baed9603afbb,Havenstraat einde (digitale testhub),51.900396883,4.398614319,12,0,9999
2026-03-12T11:54:29.954967,05d1d708-eabd-11ef-88c2-aa7241d1fb4f,HUB De Thermen ,51.927426752,4.380236246,8,2,9999
2026-03-12T11:54:29.954967,b3381a7a-2036-11f0-ab1d-9ae3af3bf913,BH Oudedijk / de Nieuwe Plantage,51.929149075,4.505248613,8,4,9999
2026-03-12T11:54:29.954967,8b480576-eabc-11ee-a9f0-82366b51b915,BH Schiedamseweg Beneden,51.914135146,4.422297364,5,6,9999
2026-03-12T11:54:29.954967,89a2f1d2-a5b3-11f0-ab44-baed9603afbb,Metrostation Vijfsluizen,51.908108215,4.37254105,8,0,9999
2026-03-12T11:54:29.954967,e50f3d1e-f069-11ef-9ed7-0ea3ed1ae564,HUB Oranjestraat - Lange Nieuwstraat,51.913368472,4.40030457,5,0,9999
2026-03-12T11:54:29.954967,4c1b19a4-d0a1-11ee-8b0e-065810cc8d78,BH Elandstraat,51.910800072,4.553878993,10,5,9999
2026-03-12T11:54:29.954967,bbbba24e-806e-11ed-b1e6-fa4fb8e2990b,RK P+R Noorderhelling,51.894761016,4.532122707,15,0,9999
2026-03-12T11:54:29.954967,3ac0b682-8129-11ed-b1e6-fa4fb8e2990b,RK Cor Kieboomplein,51.896922039,4.523502821,15,1,9999
2026-03-12T11:54:29.954967,5a3ffbf4-37b1-11ef-a21a-8e54a72a50da,HUB Metrostation Nieuwland / Van Limburg Stirumstraat,51.922446663,4.38308784,6,2,4
2026-03-12T11:54:29.954967,5d8d12a2-a5b4-11f0-ab44-baed9603afbb,Van Heekstraat,51.931167557,4.406024405,4,0,9999
2026-03-12T11:54:29.954967,f251d6e8-0b82-11ef-b58d-569a23b994be,BH Metrostation Graskruid ,51.956473743,4.550010233,8,2,9999
2026-03-12T11:54:29.954967,a4d2ea7c-b2f0-11ef-aa57-62870c7808bb,BH 2e Hogenbanweg,51.936951327,4.427707182,8,0,9999
2026-03-12T11:54:29.954967,75ba0d1a-2037-11f0-ab1d-9ae3af3bf913,BH Stadhoudersweg,51.931417737,4.461484988,10,5,9999
2026-03-12T11:54:29.954967,bc6b0d7e-a745-11ef-8778-d2279db84567,BH Goudsewagenstraat,51.923224462,4.493552746,8,3,9999
2026-03-12T11:54:29.954967,0f37eafc-8912-11ee-bb01-c602c1905375,BH Metro Oostplein,51.922677789,4.497608825,10,10,9999
2026-03-12T11:54:29.954967,aed7c2fa-8123-11ed-b1e6-fa4fb8e2990b,RK Groene Hilledijk/Beijerlandselaan,51.893806789,4.509452258,10,4,9999
2026-03-12T11:54:29.954967,c76f0318-bb92-11ef-a02d-6ea8ed91bd56,BH NS Centraal Station (Stationssingel),51.925399994,4.466148375,10,16,9999
2026-03-12T11:54:29.954967,361a368c-a5b4-11f0-ab44-baed9603afbb,Sportpark Haga (Epke Zonderlandstraat),51.921919868,4.370918199,8,2,9999
2026-03-12T11:54:29.954967,f4c0fe5e-02d6-11ef-b58d-569a23b994be,BH Paulus Potterstraat,51.9228414,4.508497696,10,3,9999
2026-03-12T11:54:29.954967,48cbf66e-9f15-11ee-a91e-ee69b7c7763e,BH Franselaan,51.917379138,4.420463507,10,7,9999
2026-03-12T11:54:29.954967,e9735b4e-7da7-11f0-ab44-baed9603afbb,BH Veldkersweg,51.966835673,4.46657292,8,0,9999
2026-03-12T11:54:29.954967,4b1ac684-bb93-11ef-a02d-6ea8ed91bd56,BH Noorderkanaalweg,51.940525593,4.472984586,9,2,9999
2026-03-12T11:54:29.954967,033a9392-3700-11f0-ab1d-9ae3af3bf913,BH Herman Bavinckstraat,51.915067882,4.521446921,10,1,9999
2026-03-12T11:54:29.954967,ffe8c3e8-a8da-11ef-8778-d2279db84567,BH Mathenesserplein,51.917836602,4.44508891,8,1,9999
2026-03-12T11:54:29.954967,e377069a-ff63-11ef-a79f-a65a77daff90,BH Kralingsebos Bosdreef/Pr. Beatrixlaan,51.93789612,4.501689644,8,2,9999
2026-03-12T11:54:29.954967,7af95f9c-a747-11ef-8778-d2279db84567,BH Kruisplein,51.92228569,4.47138789,6,16,9999
2026-03-12T11:54:29.954967,4c50cb7a-bdb6-11ed-b1e6-fa4fb8e2990b,RK Olympiaweg,51.886462746,4.529133302,10,1,9999
2026-03-12T11:54:29.954967,a694ef4e-36e5-11f0-ab1d-9ae3af3bf913,BH Neushoornstraat,51.913041554,4.553743002,6,0,3
2026-03-12T11:54:29.954967,be56ca62-8120-11ed-b1e6-fa4fb8e2990b,RK P+R Beverwaard,51.885771514,4.568986239,10,1,9999
2026-03-12T11:54:29.954967,d5af3bc4-806a-11ed-b1e6-fa4fb8e2990b,BH Kievitslaan,51.907226862,4.473300159,17,8,9999
2026-03-12T11:54:29.954967,dd006abc-a5b3-11f0-ab44-baed9603afbb,Havenstraat,51.903204365,4.398004897,8,1,9999
2026-03-12T11:54:29.954967,6f09af84-eabe-11ee-a9f0-82366b51b915,BH Delftseplein ,51.925206514,4.474011701,14,4,9999
2026-03-12T11:54:29.954967,1cfb89ec-806b-11ed-b1e6-fa4fb8e2990b,BH Westplein,51.908912961,4.478583441,10,5,9999
2026-03-12T11:54:29.954967,12fc10a4-bb94-11ef-a02d-6ea8ed91bd56,BH Noordplein,51.930251975,4.483699175,10,4,9999
2026-03-12T11:54:29.954967,276e8d26-bda0-11ed-b1e6-fa4fb8e2990b,RK Strevelsweg,51.889634937,4.495943368,15,1,9999
2026-03-12T11:54:29.954967,9e066470-2038-11f0-ab1d-9ae3af3bf913,BH Kralinger Esch,51.911179823,4.524762065,9,8,9999
2026-03-12T11:54:29.954967,9b1f0aaa-8125-11ed-b1e6-fa4fb8e2990b,RK Slaghekstraat - Beijerlandselaan,51.897574833,4.511261604,10,1,9999
2026-03-12T11:54:29.954967,b8c81048-2037-11f0-ab1d-9ae3af3bf913,BH Van Maanenstraat,51.932279316,4.464280453,6,6,9999
2026-03-12T11:54:29.954967,1f4ff66c-bdb8-11ed-b1e6-fa4fb8e2990b,RK Van der Takstraat ,51.914243737,4.496045621,10,3,9999
2026-03-12T11:54:29.954967,3b523cee-5c94-11f0-ab1d-9ae3af3bf913,BH - Wilhelminapier,51.90698281,4.489727426,14,10,9999
2026-03-12T11:54:29.954967,e8d292d2-039a-11ef-b58d-569a23b994be,BH Mia van Yperenplein ,51.928414546,4.545678043,10,5,9999
2026-03-12T11:54:29.954967,12daf18a-8068-11ed-b1e6-fa4fb8e2990b,BH Treinst. Lombardijen (Aesopusplaats),51.880478018,4.530040287,10,0,9999
2026-03-12T11:54:29.954967,558e4a5a-eaba-11ee-a9f0-82366b51b915,BH Blijdorplaan ,51.927389289,4.440437692,22,16,9999
2026-03-12T11:54:29.954967,5a8de282-36ee-11f0-ab1d-9ae3af3bf913,BH van Blommesteynweg,51.888148155,4.460842726,10,1,9999
2026-03-12T11:54:29.954967,078569ee-a5b5-11f0-ab44-baed9603afbb,Nieuwe Waterwegstraat (digitale testhub),51.900682979,4.390873601,12,0,9999
2026-03-12T11:54:29.954967,8e5dd27e-06fd-11ef-b58d-569a23b994be,BH Prins Alexanderplein,51.951040272,4.553684972,14,0,9999
2026-03-12T11:54:29.954967,a6843864-fbc4-11ee-b58d-569a23b994be,Trompenburg 1,51.917696349,4.517981647,10,8,0
2026-03-12T11:54:29.954967,5b583480-a8da-11ef-8778-d2279db84567,BH Duyststraat,51.910073429,4.452225738,8,5,9999
2026-03-12T11:54:29.954967,2510e9ba-a5b6-11f0-847a-baed9603afbb,Hub Kloosterplaats,51.91675013,4.402112308,6,5,9999
2026-03-12T11:54:29.954967,880e3e72-a8dd-11ef-8778-d2279db84567,BH Spaansebocht,51.917413667,4.430014126,9,1,9999
2026-03-12T11:54:29.954967,b5b3324a-edb9-11ee-a9f0-82366b51b915,BH Siondwarsstraat,51.925261494,4.51053174,10,0,9999
2026-03-12T11:54:29.954967,94b01d94-edc6-11ee-a9f0-82366b51b915,BH Schuttersveld,51.933248028,4.490978921,10,4,9999
2026-03-12T11:54:29.954967,69b33170-edbd-11ee-a9f0-82366b51b915,BH Metro Oostplein 2,51.923145722,4.496820843,10,4,9999
2026-03-12T11:54:29.954967,67d6af9a-f068-11ef-ba40-0ea3ed1ae564,HUB Hof van Spaland - Schiedamseweg,51.934898803,4.378145906,12,1,9999
2026-03-12T11:54:29.954967,4933dd54-9e7c-11ee-a91e-ee69b7c7763e,BH Willem Ruyslaan (Luzac College),51.925421889,4.508669446,10,7,9999
2026-03-12T11:54:29.954967,9f935b6c-b095-11ef-b6d3-56d88772ab1a,BH Bergpolderplein,51.945227242,4.474988047,8,4,9999
2026-03-12T11:54:29.954967,8a2d056c-bb93-11ef-a02d-6ea8ed91bd56,BH NS Station Noord (Bergweg),51.941530048,4.481339526,10,4,5
2026-03-12T11:54:29.954967,4d95ab34-8122-11ed-b1e6-fa4fb8e2990b,RK Metrostation Maashaven ,51.896573582,4.494245173,30,1,9999
2026-03-12T11:54:29.954967,3d015ff0-8394-11ee-bb01-c602c1905375,BH Metrostation Oosterflank,51.945209326,4.555045447,10,1,9999
2026-03-12T11:54:29.954967,defeb050-a747-11ef-8778-d2279db84567,BH Karel Doormanstraat,51.922789549,4.473609692,9,3,9999
2026-03-12T11:54:29.954967,b5dc5454-890f-11ee-bb01-c602c1905375,BH Schilderstraat,51.916377397,4.48142868,8,3,9999
2026-03-12T11:54:29.954967,2f12ae3e-806c-11ed-b1e6-fa4fb8e2990b,BH Winkelcentrum Keizerswaard-Herenw,51.886358391,4.549308056,15,17,9999
2026-03-12T11:54:29.954967,3b6d73a8-805d-11ed-b1e6-fa4fb8e2990b,BH Metrostation Melanchtonweg,51.94881199,4.465233746,10,5,9999
2026-03-12T11:54:29.954967,d5832958-891a-11ee-bb01-c602c1905375,BH Metro Zuidplein (nieuw),51.887180341,4.491554668,10,1,9999
2026-03-12T11:54:29.954967,a535094e-b162-11ef-bdcd-5adc5d29ed54,BH Eudokiaplein,51.932433484,4.47153255,9,10,9999
2026-03-12T11:54:29.954967,437f8dc8-bd9e-11ed-b1e6-fa4fb8e2990b,RK Hillevliet,51.89558515,4.506432514,10,0,9999
2026-03-12T11:54:29.954967,f10d8ab4-9997-11ee-a91e-ee69b7c7763e,BH Shell Hofplein,51.925705456,4.477781355,28,8,9999
2026-03-12T11:54:29.954967,94467720-8127-11ed-b1e6-fa4fb8e2990b,RK Persoonsdam,51.909309099,4.508017165,10,2,9999
2026-03-12T11:54:29.954967,9245444a-2023-11f0-ab1d-9ae3af3bf913,BH Witte de Withstraat,51.915906523,4.478080905,10,4,9999
2026-03-12T11:54:29.954967,49d59348-ff64-11ef-b515-a65a77daff90,BH Bergweg (Dirk van den Broek),51.93856254,4.479465675,6,4,9999
2026-03-12T11:54:29.954967,30fb96bc-8124-11ed-b1e6-fa4fb8e2990b,RK Beverwaardseweg/ Borgharensingel,51.898798338,4.564663375,10,1,9999
2026-03-12T11:54:29.954967,9a1fb404-8ab3-11ee-bb01-c602c1905375,BH Langenhorst ,51.874120882,4.494254863,10,1,9999
2026-03-12T11:54:29.954967,abe67bfa-b096-11ef-b6d3-56d88772ab1a,BH Wilgenplaslaan/ Donkersingel,51.951337599,4.47048253,10,5,9999
2026-03-12T11:54:29.954967,068b0f9c-a8dd-11ef-8778-d2279db84567,BH Vierhavenstraat (Sahan),51.908502395,4.437727106,4,3,9999
2026-03-12T11:54:29.954967,bc0e7e9c-a8da-11ef-8778-d2279db84567,BH Jan van Vuchtstraat,51.917045317,4.460830874,6,5,9999
2026-03-12T11:54:29.954967,8b721818-a5b2-11f0-ab44-baed9603afbb,Lekstraat,51.90446958,4.406985264,6,2,9999
2026-03-12T11:54:29.954967,ad212572-06f7-11ef-b58d-569a23b994be,BH Molenlaan/Grindweg,51.963224537,4.49571068,10,3,9999
2026-03-12T11:54:29.954967,f8828c3e-806d-11ed-b1e6-fa4fb8e2990b,RK Station Rdam Zuid,51.905545015,4.509568537,15,6,9999
2026-03-12T11:54:29.954967,5f71799e-806b-11ed-b1e6-fa4fb8e2990b,BH Willemsplein,51.911118908,4.481894771,17,5,9999
2026-03-12T11:54:29.954967,42824336-bd97-11ed-b1e6-fa4fb8e2990b,RK Groene Hilledijk,51.882726433,4.504266667,10,2,9999
2026-03-12T11:54:29.954967,db6932f4-182b-11ef-a8d1-42f0fecaeb6a,BH Metrostation Nesselande,51.978969273,4.586177782,10,0,9999
2026-03-12T11:54:29.954967,e26322b0-2025-11f0-ab1d-9ae3af3bf913,BH Brielselaan,51.896298935,4.489248091,4,2,9999
2026-03-12T11:54:29.954967,c862b7f2-06fb-11ef-b58d-569a23b994be,BH Prins Alexanderlaan (metrobaan zijde),51.952192324,4.551435621,10,0,9999
2026-03-12T11:54:29.954967,c53689c2-8124-11ed-b1e6-fa4fb8e2990b,RK Peellandstraat / Beesdestraat ,51.888535309,4.567291893,10,5,9999
2026-03-12T11:54:29.954967,8f5d35a0-1834-11ef-8071-42f0fecaeb6a,BH Jan Bijloostraat (Winkelcentrum Lage Land),51.941821995,4.546449269,9,2,9999
2026-03-12T11:54:29.954967,f8fcd3a4-983a-11ef-a85a-be896af2d3a5,BH Rhijnauwensingel,51.892161199,4.569620613,12,2,9999
2026-03-12T11:54:29.954967,118239d4-a5b2-11f0-ab44-baed9603afbb,Lorentzlaan (bushalte),51.917994492,4.415061192,4,1,9999
2026-03-12T11:54:29.954967,0c107276-bdb7-11ed-b1e6-fa4fb8e2990b,RK Sandelingenplein,51.889562128,4.506962326,10,4,9999
2026-03-12T11:54:29.954967,75b8bea6-81d8-11ed-b1e6-fa4fb8e2990b,RK Metrostation Maashaven (Putselaan),51.897794241,4.495760713,10,8,9999
2026-03-12T11:54:29.954967,a20bbbae-bdae-11ed-b1e6-fa4fb8e2990b,RK Frankendaal,51.886951976,4.521294152,10,0,9999
2026-03-12T11:54:29.954967,f1df385c-f5b2-11ef-81b3-76e5c571f05f,HUB Admiraal de Ruyterstraat,51.906742474,4.38554997,8,3,9999
2026-03-12T11:54:29.954967,4247dd56-1c9f-11ee-8219-8ed3b2364c4f,BH Metro Coolhaven,51.909218289,4.458167882,10,3,9999
2026-03-12T13:04:39.679105,f1df385c-f5b2-11ef-81b3-76e5c571f05f,HUB Admiraal de Ruyterstraat,51.906742474,4.38554997,8,3,9999
2026-03-12T13:04:39.679105,118239d4-a5b2-11f0-ab44-baed9603afbb,Lorentzlaan (bushalte),51.917994492,4.415061192,4,1,9999
2026-03-12T13:04:39.679105,4247dd56-1c9f-11ee-8219-8ed3b2364c4f,BH Metro Coolhaven,51.909218289,4.458167882,10,4,9999
2026-03-12T13:04:39.679105,0c107276-bdb7-11ed-b1e6-fa4fb8e2990b,RK Sandelingenplein,51.889562128,4.506962326,10,4,9999
2026-03-12T13:04:39.679105,75b8bea6-81d8-11ed-b1e6-fa4fb8e2990b,RK Metrostation Maashaven (Putselaan),51.897794241,4.495760713,10,8,9999
2026-03-12T13:04:39.679105,a20bbbae-bdae-11ed-b1e6-fa4fb8e2990b,RK Frankendaal,51.886951976,4.521294152,10,0,9999
2026-03-12T13:04:39.679105,65af1c24-06f4-11ef-b58d-569a23b994be,BH Meerum Terwogtlaan,51.951763386,4.524587387,10,2,9999
2026-03-12T13:04:39.679105,bc839806-a5b1-11f0-ab44-baed9603afbb,Van het Hoffplein (Boerhavelaan),51.916219132,4.412005574,8,3,9999
2026-03-12T13:04:39.679105,2c632780-a8de-11ef-8778-d2279db84567,BH Schuttevaerweg,51.922420472,4.434869706,10,3,9999
2026-03-12T13:04:39.679105,a3c07f10-a5b5-11f0-b05b-baed9603afbb,HUB Hoofdbrug,51.908705902,4.406131267,8,1,9999
2026-03-12T13:04:39.679105,b9bfe680-fbc4-11ee-b58d-569a23b994be,Trompenburg 2,51.917638379,4.518889893,10,0,10
2026-03-12T13:04:39.679105,3c659862-a8dd-11ef-8778-d2279db84567,BH Mayflowerstraat,51.905015647,4.440161906,10,6,9999
2026-03-12T13:04:39.679105,e0a4baca-a748-11ef-8778-d2279db84567,BH Mariniersweg,51.920853425,4.490979502,10,5,9999
2026-03-12T13:04:39.679105,c35c448e-06fc-11ef-b58d-569a23b994be,BH Jacob van Campenweg ,51.942434165,4.537976212,7,8,9999
2026-03-12T13:04:39.679105,365f4a3e-a5b3-11f0-ab44-baed9603afbb,Rubensplein,51.911712719,4.383665134,6,1,9999
2026-03-12T13:04:39.679105,438486f4-a5b6-11f0-a150-baed9603afbb,HUB Koemarkt ingang garage,51.914517902,4.401917461,6,2,9999
2026-03-12T13:04:39.679105,a85b996e-fe23-11ee-b58d-569a23b994be,BH Dirk van der Kooijweg (Waterleliesingel),51.953796964,4.52009166,10,1,9999
2026-03-12T13:04:39.679105,19e2de56-b5d8-11ee-9ae6-5263e3f30f1e,BH STC Waalhaven,51.878297275,4.448759787,10,1,9999
2026-03-12T13:04:39.679105,c6c213ee-ed18-11ef-9957-f683e5eb607c,BH Langenhorst (Binkhorst),51.877310029,4.494737503,10,2,9999
2026-03-12T13:04:39.679105,3366f8b0-a8dc-11ef-8778-d2279db84567,BH Vierhavenstraat (WoonEnzo),51.907777562,4.438830385,4,7,9999
2026-03-12T13:04:39.679105,04a89aea-a5b3-11f0-ab44-baed9603afbb,Groenelaan Hagastraat (Winkelcentrum),51.907303396,4.402285408,4,1,9999
2026-03-12T13:04:39.679105,32638aa6-a5b5-11f0-9f09-baed9603afbb,HUB Laan van Bol'es,51.928443203,4.370771711,10,2,9999
2026-03-12T13:04:39.679105,291c2f72-a749-11ef-8778-d2279db84567,BH Westzeedijk,51.909321622,4.471436479,10,3,9999
2026-03-12T13:04:39.679105,abd627be-67bb-11f0-91de-5eaa9feacc9b,BH Schiekade (Heer Bokelweg),51.927133058,4.476309832,10,0,9999
2026-03-12T13:04:39.679105,8948d5a4-b094-11ef-b6d3-56d88772ab1a,BH Duivenpad,51.964922912,4.498254116,8,4,9999
2026-03-12T13:04:39.679105,227e8c1e-be97-11ee-9ae6-5263e3f30f1e,HUB Metrostation Troelstralaan,51.915742295,4.384972326,10,0,9999
2026-03-12T13:04:39.679105,0af509a8-06f7-11ef-b58d-569a23b994be,BH Beethovensingel,51.96114919,4.505141448,10,17,9999
2026-03-12T13:04:39.679105,dc06f296-1768-11ef-8071-42f0fecaeb6a,BH Prins Alexanderlaan (Oosterflank),51.946646256,4.553811478,12,1,9999
2026-03-12T13:04:39.679105,221af3ce-7fe1-11ee-bb01-c602c1905375,BH Metro Prinsenlaan,51.940647564,4.556931306,10,3,9999
2026-03-12T13:04:39.679105,a793d6ba-edc8-11ee-a9f0-82366b51b915,BH Infirmeriestraat,51.922255603,4.502265891,10,7,9999
2026-03-12T13:04:39.679105,0359e1a2-bdb3-11ed-b1e6-fa4fb8e2990b,RK Rosestraat 11C,51.902954022,4.511377745,10,12,9999
2026-03-12T13:04:39.679105,87f07e20-9e78-11ee-a91e-ee69b7c7763e,BH Marconistraat (Lee Towers),51.912441021,4.430411189,14,4,9999
2026-03-12T13:04:39.679105,f539bd6e-06f8-11ef-b58d-569a23b994be,BH Meijersplein,51.955657978,4.463033845,8,2,9999
2026-03-12T13:04:39.679105,70f0801a-8071-11ed-b1e6-fa4fb8e2990b,RK treinstation Lombardijen,51.88057913,4.531905572,30,4,9999
2026-03-12T13:04:39.679105,43752ffc-a8db-11ef-8778-d2279db84567,BH Pieter de Hoochweg,51.906316301,4.459985731,6,13,9999
2026-03-12T13:04:39.679105,b35ddad8-ab08-11ef-8778-d2279db84567,HUB Rotterdamsedijk 272,51.914957692,4.40343084,8,1,9999
2026-03-12T13:04:39.679105,9b1fa0f6-ae3c-11ee-a91e-ee69b7c7763e,BH Winkelhart Plein 1953,51.874842065,4.467889739,10,1,9999
2026-03-12T13:04:39.679105,8bd90878-0884-11f0-9a47-66143dd92f22,RK Molenvliet,51.882626536,4.521159806,10,5,9999
2026-03-12T13:04:39.679105,45450b66-a5b2-11f0-ab44-baed9603afbb,Maasdijk (Gustoweg),51.906629018,4.412009895,6,2,9999
2026-03-12T13:04:39.679105,4de2effe-f068-11ef-ba40-0ea3ed1ae564,HUB Hof van Spaland - Vlaardingseweg,51.935841728,4.376077923,4,0,9999
2026-03-12T13:04:39.679105,d38c6468-06fe-11ef-b58d-569a23b994be,BH Kleine Beer,51.950902127,4.555051083,6,2,9999
2026-03-12T13:04:39.679105,e552904e-182b-11ef-a8d1-42f0fecaeb6a,BH Metrostation Hesseplaats,51.963345229,4.554510684,10,3,9999
2026-03-12T13:04:39.679105,1826196c-b162-11ef-bdcd-5adc5d29ed54,BH Bentincklaan (Diergaarde Blijdorp),51.92572504,4.454794024,10,12,9999
2026-03-12T13:04:39.679105,8a1e5ed0-1c9e-11ee-8219-8ed3b2364c4f,BH Sparta stadion,51.920151368,4.434428835,20,18,9999
2026-03-12T13:04:39.679105,d3c9003c-b486-11ee-9ae6-5263e3f30f1e,BH Oostzeedijk Beneden,51.922514244,4.503092963,10,4,9999
2026-03-12T13:04:39.679105,552a82b8-b094-11ef-b6d3-56d88772ab1a,BH Hockeyclub Rotterdam,51.96869974,4.484731647,25,3,9999
2026-03-12T13:04:39.679105,cb3f6d1c-a746-11ef-8778-d2279db84567,BH Vasteland (AH),51.911537089,4.478368712,10,11,9999
2026-03-12T13:04:39.679105,d4a8557a-eabd-11ef-ac99-aa7241d1fb4f,HUB Admiraal Trompstraat (Huisman),51.908834504,4.381923039,8,0,9999
2026-03-12T13:04:39.679105,00e8b3de-9e82-11ee-a91e-ee69b7c7763e,BH Jacques Dutilhweg,51.927993284,4.5475155,10,9,9999
2026-03-12T13:04:39.679105,d868fe52-36e5-11f0-ab1d-9ae3af3bf913,BH Sluisjesdijk,51.894714517,4.461900478,10,2,0
2026-03-12T13:04:39.679105,4338fed2-edbb-11ee-a9f0-82366b51b915,BH Oostzeedijk Beneden 2,51.921653595,4.507031037,10,5,9999
2026-03-12T13:04:39.679105,2c82bb9a-217b-11ee-8219-8ed3b2364c4f,Hub Weena,51.922738296,4.469181329,142,32,9999
2026-03-12T13:04:39.679105,96f5cbdc-06f6-11ef-b58d-569a23b994be,BH Argonautenweg,51.959086712,4.49354982,10,0,9999
2026-03-12T13:04:39.679105,2f51713e-32b7-11ee-8219-8ed3b2364c4f,Hub P+R Capelsebrug,51.920991793,4.559215491,18,2,9999
2026-03-12T13:04:39.679105,62b0255a-9e7a-11ee-a91e-ee69b7c7763e,BH Vierhavenstraat,51.910327597,4.434992993,16,9,9999
2026-03-12T13:04:39.679105,2b10524e-06f5-11ef-b58d-569a23b994be,BH Piet van der Polsingel,51.950618784,4.518612648,8,2,9999
2026-03-12T13:04:39.679105,47070056-06fa-11ef-b58d-569a23b994be,BH Metrostation Schenkel,51.931770435,4.56406792,12,1,9999
2026-03-12T13:04:39.679105,7a8c12ba-91ab-11ed-b1e6-fa4fb8e2990b,BH Metrostation Slinge,51.874526023,4.477872534,15,2,9999
2026-03-12T13:04:39.679105,9d9bb8ec-4bd1-11ee-bb01-c602c1905375,BH Marconiplein,51.913319277,4.432514448,10,3,9999
2026-03-12T13:04:39.679105,026045c6-8530-11ee-bb01-c602c1905375,BH Winkelhart Katendrechtse Lagedijk,51.891184937,4.479440034,10,0,9999
2026-03-12T13:04:39.679105,8330f3ca-a5b4-11f0-ab44-baed9603afbb,Fokkerstraat Plesmanstraat,51.929694009,4.399576614,4,1,9999
2026-03-12T13:04:39.679105,5b842034-5331-11f0-ab1d-9ae3af3bf913,BH Walenburgerweg,51.926698659,4.462629155,10,9,9999
2026-03-12T13:04:39.679105,a08059b6-b484-11ee-9ae6-5263e3f30f1e,BH Metrostation Gerdesiaweg,51.925444134,4.506155972,10,4,9999
2026-03-12T13:04:39.679105,2f718c84-8911-11ee-bb01-c602c1905375,BH Metro Dijkzigt - EMC,51.911789199,4.466334846,20,18,9999
2026-03-12T13:04:39.679105,f58e41fc-1c9f-11ee-8219-8ed3b2364c4f,BH Heemraadsplein,51.912322959,4.455058085,10,9,9999
2026-03-12T13:04:39.679105,79fdd038-34b8-11f0-ab1d-9ae3af3bf913,BH RTHA Airport,51.94924845,4.432611987,10,8,0
2026-03-12T13:04:39.679105,1c41897e-596e-11ef-bed6-aa139991deb4,HUB Metrostation Nieuwland / Bijdorpplein,51.922583819,4.38260008,10,0,9999
2026-03-12T13:04:39.679105,a57d027c-8912-11ee-bb01-c602c1905375,BH Delftse Poort,51.924408145,4.472816464,10,9,9999
2026-03-12T13:04:39.679105,6383849a-2038-11f0-ab1d-9ae3af3bf913,BH - Kralingsebos (Langepad),51.936318565,4.506197017,10,0,9999
2026-03-12T13:04:39.679105,e90e9332-06f5-11ef-b58d-569a23b994be,BH Burgemeester Le Fèvre de Montignylaan,51.957620055,4.501711782,10,1,9999
2026-03-12T13:04:39.679105,5cb3ffde-bdaf-11ed-b1e6-fa4fb8e2990b,RK Stadionlaan,51.892328813,4.530682857,10,4,9999
2026-03-12T13:04:39.679105,02bed1f8-8392-11ee-bb01-c602c1905375,BH Station Alexander,51.951735827,4.551049232,10,10,9999
2026-03-12T13:04:39.679105,08d5cf66-8ab2-11ee-bb01-c602c1905375,BH Winkelhart Asterlo,51.873536387,4.483591736,10,1,9999
2026-03-12T13:04:39.679105,0e51e024-c757-11ee-9ae6-5263e3f30f1e,BH Metrostation Binnenhof,51.960437867,4.535372966,10,6,9999
2026-03-12T13:04:39.679105,409f87f6-890f-11ee-bb01-c602c1905375,BH Metro Beurs,51.917806013,4.480107053,8,6,9999
2026-03-12T13:04:39.679105,d6a7cd26-4d08-11f0-ab1d-9ae3af3bf913,BH - Oudehoofdplein-Haringvliet,51.918979475,4.49384405,10,5,9999
2026-03-12T13:04:39.679105,f0ad9b92-1767-11ef-8071-42f0fecaeb6a,BH Prinsenlaan,51.937206457,4.536127586,10,0,9999
2026-03-12T13:04:39.679105,f06fd44c-2035-11f0-ab1d-9ae3af3bf913,BH Boezemlaan,51.938982631,4.495864471,10,6,9999
2026-03-12T13:04:39.679105,8d91a90c-9e83-11ee-a91e-ee69b7c7763e,BH Kraaierstraat,51.91909698,4.418192898,8,6,9999
2026-03-12T13:04:39.679105,a2671a36-bdad-11ed-b1e6-fa4fb8e2990b,RK Dwarsdijk,51.893055987,4.539201504,10,7,9999
2026-03-12T13:04:39.679105,376a5cda-06f8-11ef-b58d-569a23b994be,BH Ganzerikplein,51.958953276,4.471584016,10,4,9999
2026-03-12T13:04:39.679105,5cdd9872-b096-11ef-b6d3-56d88772ab1a,BH Wilgenplaslaan/ Meidoornsingel,51.953868042,4.468211582,7,1,9999
2026-03-12T13:04:39.679105,952a3e78-a8db-11ef-8778-d2279db84567,BH Lloydstraat,51.902214281,4.461287644,10,14,9999
2026-03-12T13:04:39.679105,a6fa0910-8067-11ed-b1e6-fa4fb8e2990b,BH Stadion Fey (Bert Heesakkerstr.),51.896805818,4.521735582,50,2,9999
2026-03-12T13:04:39.679105,a1337d02-e018-11ed-a249-96cdaf8f7240,BH Sint Franciscus,51.942171146,4.460534407,25,3,9999
2026-03-12T13:04:39.679105,d3cea108-8285-11f0-ab44-baed9603afbb,BH - Ratelaarweg,51.967431611,4.463349689,10,2,9999
2026-03-12T13:04:39.679105,3bef7002-bdb5-11ed-b1e6-fa4fb8e2990b,RK Breeweg,51.890630632,4.514261169,10,3,9999
2026-03-12T13:04:39.679105,8c90734c-45bb-11ee-8219-8ed3b2364c4f,BH Coen Moulijnweg,51.893813253,4.526876329,42,2,9999
2026-03-12T13:04:39.679105,1b098490-2037-11f0-ab1d-9ae3af3bf913,BH Karmelweg,51.933461291,4.5029394,8,1,9999
2026-03-12T13:04:39.679105,23348a06-bdb1-11ed-b1e6-fa4fb8e2990b,RK Guido Gezelleweg,51.87434607,4.523238145,10,4,9999
2026-03-12T13:04:39.679105,66824038-37b2-11ef-a21a-8e54a72a50da,HUB Metrostation Parkweg / Zuidzijde,51.921443238,4.39475836,10,0,10
2026-03-12T13:04:39.679105,2c127298-ff25-11ef-a79f-a65a77daff90,BH Aert van Nesstraat,51.921141166,4.478916173,8,9,9999
2026-03-12T13:04:39.679105,cde445c6-a744-11ef-8778-d2279db84567,BH Groenendaal,51.921685178,4.492944049,6,10,9999
2026-03-12T13:04:39.679105,97c6a1c2-a8da-11ef-8778-d2279db84567,BH Henegouwerplein,51.921807589,4.460561523,10,2,9999
2026-03-12T13:04:39.679105,e68d5642-a5b5-11f0-b6c1-baed9603afbb,HUB NS Station Schiedam Centrum/ Professor Kamerlingh Onneslaan,51.92071744,4.408262487,12,4,9999
2026-03-12T13:04:39.679105,82623a40-bda3-11ed-b1e6-fa4fb8e2990b,RK Rosestraat,51.91100607,4.501308573,10,4,9999
2026-03-12T13:04:39.679105,b7353df6-b485-11ee-9ae6-5263e3f30f1e,BH Metrostation Kralingsezoom (Gravenweg),51.921751706,4.533850265,10,5,9999
2026-03-12T13:04:39.679105,6c34980a-bb92-11ef-a02d-6ea8ed91bd56,BH Gordelweg (Lidl),51.940472428,4.479798999,4,2,9999
2026-03-12T13:04:39.679105,5904bd1a-a5b5-11f0-b05b-baed9603afbb,HUB Hof van Spaland - Bachplein,51.934889388,4.374726808,8,2,9999
2026-03-12T13:04:39.679105,32ca5fd0-8126-11ed-b1e6-fa4fb8e2990b,RK Vuurplaat,51.906526668,4.505838102,10,3,9999
2026-03-12T13:04:39.679105,f94a1ff6-b095-11ef-b6d3-56d88772ab1a,BH Bm Le Fèvre de Montignylaan/ Jeroen Boschlaan,51.955641943,4.505982462,6,0,9999
2026-03-12T13:04:39.679105,4228b402-8537-11ee-bb01-c602c1905375,BH Tongelaarweg,51.895280064,4.563514996,10,2,9999
2026-03-12T13:04:39.679105,6f66a60c-36e5-11f0-ab1d-9ae3af3bf913,BH Lloydpier,51.904487669,4.460458303,8,6,0
2026-03-12T13:04:39.679105,7d81b63e-a5b5-11f0-b05b-baed9603afbb,HUB 's Gravelandseweg,51.932091958,4.401924037,6,2,9999
2026-03-12T13:04:39.679105,a3dbb322-8121-11ed-b1e6-fa4fb8e2990b,RK Metrostation Rijnhaven ,51.902216981,4.49610172,15,8,9999
2026-03-12T13:04:39.679105,cf23b50e-9ad0-11f0-ab44-baed9603afbb,BH Natuurhistorisch museum,51.911022288,4.472728259,12,1,9999
2026-03-12T13:04:39.679105,d55243f6-182b-11ef-a8d1-42f0fecaeb6a,BH Siciliëboulevard ,51.97996654,4.580859756,10,1,9999
2026-03-12T13:04:39.679105,e0f7ef36-a5b4-11f0-ab44-baed9603afbb,Havenstraat einde (digitale testhub),51.900396883,4.398614319,12,0,9999
2026-03-12T13:04:39.679105,05d1d708-eabd-11ef-88c2-aa7241d1fb4f,HUB De Thermen ,51.927426752,4.380236246,8,2,9999
2026-03-12T13:04:39.679105,b3381a7a-2036-11f0-ab1d-9ae3af3bf913,BH Oudedijk / de Nieuwe Plantage,51.929149075,4.505248613,8,3,9999
2026-03-12T13:04:39.679105,8b480576-eabc-11ee-a9f0-82366b51b915,BH Schiedamseweg Beneden,51.914135146,4.422297364,5,6,9999
2026-03-12T13:04:39.679105,89a2f1d2-a5b3-11f0-ab44-baed9603afbb,Metrostation Vijfsluizen,51.908108215,4.37254105,8,0,9999
2026-03-12T13:04:39.679105,4c1b19a4-d0a1-11ee-8b0e-065810cc8d78,BH Elandstraat,51.910800072,4.553878993,10,5,9999
2026-03-12T13:04:39.679105,e50f3d1e-f069-11ef-9ed7-0ea3ed1ae564,HUB Oranjestraat - Lange Nieuwstraat,51.913368472,4.40030457,5,0,9999
2026-03-12T13:04:39.679105,bbbba24e-806e-11ed-b1e6-fa4fb8e2990b,RK P+R Noorderhelling,51.894761016,4.532122707,15,0,9999
2026-03-12T13:04:39.679105,3ac0b682-8129-11ed-b1e6-fa4fb8e2990b,RK Cor Kieboomplein,51.896922039,4.523502821,15,1,9999
2026-03-12T13:04:39.679105,5a3ffbf4-37b1-11ef-a21a-8e54a72a50da,HUB Metrostation Nieuwland / Van Limburg Stirumstraat,51.922446663,4.38308784,6,2,4
2026-03-12T13:04:39.679105,5d8d12a2-a5b4-11f0-ab44-baed9603afbb,Van Heekstraat,51.931167557,4.406024405,4,0,9999
2026-03-12T13:04:39.679105,f251d6e8-0b82-11ef-b58d-569a23b994be,BH Metrostation Graskruid ,51.956473743,4.550010233,8,2,9999
2026-03-12T13:04:39.679105,a4d2ea7c-b2f0-11ef-aa57-62870c7808bb,BH 2e Hogenbanweg,51.936951327,4.427707182,8,0,9999
2026-03-12T13:04:39.679105,75ba0d1a-2037-11f0-ab1d-9ae3af3bf913,BH Stadhoudersweg,51.931417737,4.461484988,10,4,9999
2026-03-12T13:04:39.679105,bc6b0d7e-a745-11ef-8778-d2279db84567,BH Goudsewagenstraat,51.923224462,4.493552746,8,5,9999
2026-03-12T13:04:39.679105,0f37eafc-8912-11ee-bb01-c602c1905375,BH Metro Oostplein,51.922677789,4.497608825,10,11,9999
2026-03-12T13:04:39.679105,aed7c2fa-8123-11ed-b1e6-fa4fb8e2990b,RK Groene Hilledijk/Beijerlandselaan,51.893806789,4.509452258,10,4,9999
2026-03-12T13:04:39.679105,c76f0318-bb92-11ef-a02d-6ea8ed91bd56,BH NS Centraal Station (Stationssingel),51.925399994,4.466148375,10,15,9999
2026-03-12T13:04:39.679105,361a368c-a5b4-11f0-ab44-baed9603afbb,Sportpark Haga (Epke Zonderlandstraat),51.921919868,4.370918199,8,2,9999
2026-03-12T13:04:39.679105,f4c0fe5e-02d6-11ef-b58d-569a23b994be,BH Paulus Potterstraat,51.9228414,4.508497696,10,3,9999
2026-03-12T13:04:39.679105,48cbf66e-9f15-11ee-a91e-ee69b7c7763e,BH Franselaan,51.917379138,4.420463507,10,7,9999
2026-03-12T13:04:39.679105,e9735b4e-7da7-11f0-ab44-baed9603afbb,BH Veldkersweg,51.966835673,4.46657292,8,0,9999
2026-03-12T13:04:39.679105,4b1ac684-bb93-11ef-a02d-6ea8ed91bd56,BH Noorderkanaalweg,51.940525593,4.472984586,9,2,9999
2026-03-12T13:04:39.679105,033a9392-3700-11f0-ab1d-9ae3af3bf913,BH Herman Bavinckstraat,51.915067882,4.521446921,10,0,9999
2026-03-12T13:04:39.679105,ffe8c3e8-a8da-11ef-8778-d2279db84567,BH Mathenesserplein,51.917836602,4.44508891,8,2,9999
2026-03-12T13:04:39.679105,e377069a-ff63-11ef-a79f-a65a77daff90,BH Kralingsebos Bosdreef/Pr. Beatrixlaan,51.93789612,4.501689644,8,2,9999
2026-03-12T13:04:39.679105,7af95f9c-a747-11ef-8778-d2279db84567,BH Kruisplein,51.92228569,4.47138789,6,14,9999
2026-03-12T13:04:39.679105,4c50cb7a-bdb6-11ed-b1e6-fa4fb8e2990b,RK Olympiaweg,51.886462746,4.529133302,10,2,9999
2026-03-12T13:04:39.679105,a694ef4e-36e5-11f0-ab1d-9ae3af3bf913,BH Neushoornstraat,51.913041554,4.553743002,6,0,3
2026-03-12T13:04:39.679105,be56ca62-8120-11ed-b1e6-fa4fb8e2990b,RK P+R Beverwaard,51.885771514,4.568986239,10,1,9999
2026-03-12T13:04:39.679105,d5af3bc4-806a-11ed-b1e6-fa4fb8e2990b,BH Kievitslaan,51.907226862,4.473300159,17,8,9999
2026-03-12T13:04:39.679105,dd006abc-a5b3-11f0-ab44-baed9603afbb,Havenstraat,51.903204365,4.398004897,8,1,9999
2026-03-12T13:04:39.679105,6f09af84-eabe-11ee-a9f0-82366b51b915,BH Delftseplein ,51.925206514,4.474011701,14,4,9999
2026-03-12T13:04:39.679105,1cfb89ec-806b-11ed-b1e6-fa4fb8e2990b,BH Westplein,51.908912961,4.478583441,10,8,9999
2026-03-12T13:04:39.679105,12fc10a4-bb94-11ef-a02d-6ea8ed91bd56,BH Noordplein,51.930251975,4.483699175,10,3,9999
2026-03-12T13:04:39.679105,276e8d26-bda0-11ed-b1e6-fa4fb8e2990b,RK Strevelsweg,51.889634937,4.495943368,15,1,9999
2026-03-12T13:04:39.679105,9e066470-2038-11f0-ab1d-9ae3af3bf913,BH Kralinger Esch,51.911179823,4.524762065,9,7,9999
2026-03-12T13:04:39.679105,9b1f0aaa-8125-11ed-b1e6-fa4fb8e2990b,RK Slaghekstraat - Beijerlandselaan,51.897574833,4.511261604,10,1,9999
2026-03-12T13:04:39.679105,b8c81048-2037-11f0-ab1d-9ae3af3bf913,BH Van Maanenstraat,51.932279316,4.464280453,6,7,9999
2026-03-12T13:04:39.679105,1f4ff66c-bdb8-11ed-b1e6-fa4fb8e2990b,RK Van der Takstraat ,51.914243737,4.496045621,10,7,9999
2026-03-12T13:04:39.679105,3b523cee-5c94-11f0-ab1d-9ae3af3bf913,BH - Wilhelminapier,51.90698281,4.489727426,14,10,9999
2026-03-12T13:04:39.679105,e8d292d2-039a-11ef-b58d-569a23b994be,BH Mia van Yperenplein ,51.928414546,4.545678043,10,5,9999
2026-03-12T13:04:39.679105,12daf18a-8068-11ed-b1e6-fa4fb8e2990b,BH Treinst. Lombardijen (Aesopusplaats),51.880478018,4.530040287,10,0,9999
2026-03-12T13:04:39.679105,558e4a5a-eaba-11ee-a9f0-82366b51b915,BH Blijdorplaan ,51.927389289,4.440437692,22,13,9999
2026-03-12T13:04:39.679105,5a8de282-36ee-11f0-ab1d-9ae3af3bf913,BH van Blommesteynweg,51.888148155,4.460842726,10,1,9999
2026-03-12T13:04:39.679105,078569ee-a5b5-11f0-ab44-baed9603afbb,Nieuwe Waterwegstraat (digitale testhub),51.900682979,4.390873601,12,0,9999
2026-03-12T13:04:39.679105,8e5dd27e-06fd-11ef-b58d-569a23b994be,BH Prins Alexanderplein,51.951040272,4.553684972,14,0,9999
2026-03-12T13:04:39.679105,a6843864-fbc4-11ee-b58d-569a23b994be,Trompenburg 1,51.917696349,4.517981647,10,8,0
2026-03-12T13:04:39.679105,5b583480-a8da-11ef-8778-d2279db84567,BH Duyststraat,51.910073429,4.452225738,8,3,9999
2026-03-12T13:04:39.679105,2510e9ba-a5b6-11f0-847a-baed9603afbb,Hub Kloosterplaats,51.91675013,4.402112308,6,6,9999
2026-03-12T13:04:39.679105,880e3e72-a8dd-11ef-8778-d2279db84567,BH Spaansebocht,51.917413667,4.430014126,9,1,9999
2026-03-12T13:04:39.679105,b5b3324a-edb9-11ee-a9f0-82366b51b915,BH Siondwarsstraat,51.925261494,4.51053174,10,0,9999
2026-03-12T13:04:39.679105,94b01d94-edc6-11ee-a9f0-82366b51b915,BH Schuttersveld,51.933248028,4.490978921,10,4,9999
2026-03-12T13:04:39.679105,69b33170-edbd-11ee-a9f0-82366b51b915,BH Metro Oostplein 2,51.923145722,4.496820843,10,4,9999
2026-03-12T13:04:39.679105,67d6af9a-f068-11ef-ba40-0ea3ed1ae564,HUB Hof van Spaland - Schiedamseweg,51.934898803,4.378145906,12,1,9999
2026-03-12T13:04:39.679105,4933dd54-9e7c-11ee-a91e-ee69b7c7763e,BH Willem Ruyslaan (Luzac College),51.925421889,4.508669446,10,7,9999
2026-03-12T13:04:39.679105,9f935b6c-b095-11ef-b6d3-56d88772ab1a,BH Bergpolderplein,51.945227242,4.474988047,8,3,9999
2026-03-12T13:04:39.679105,8a2d056c-bb93-11ef-a02d-6ea8ed91bd56,BH NS Station Noord (Bergweg),51.941530048,4.481339526,10,4,4
2026-03-12T13:04:39.679105,4d95ab34-8122-11ed-b1e6-fa4fb8e2990b,RK Metrostation Maashaven ,51.896573582,4.494245173,30,0,9999
2026-03-12T13:04:39.679105,3d015ff0-8394-11ee-bb01-c602c1905375,BH Metrostation Oosterflank,51.945209326,4.555045447,10,1,9999
2026-03-12T13:04:39.679105,defeb050-a747-11ef-8778-d2279db84567,BH Karel Doormanstraat,51.922789549,4.473609692,9,9,9999
2026-03-12T13:04:39.679105,b5dc5454-890f-11ee-bb01-c602c1905375,BH Schilderstraat,51.916377397,4.48142868,8,4,9999
2026-03-12T13:04:39.679105,2f12ae3e-806c-11ed-b1e6-fa4fb8e2990b,BH Winkelcentrum Keizerswaard-Herenw,51.886358391,4.549308056,15,14,9999
2026-03-12T13:04:39.679105,3b6d73a8-805d-11ed-b1e6-fa4fb8e2990b,BH Metrostation Melanchtonweg,51.94881199,4.465233746,10,6,9999
2026-03-12T13:04:39.679105,d5832958-891a-11ee-bb01-c602c1905375,BH Metro Zuidplein (nieuw),51.887180341,4.491554668,10,3,9999
2026-03-12T13:04:39.679105,a535094e-b162-11ef-bdcd-5adc5d29ed54,BH Eudokiaplein,51.932433484,4.47153255,9,10,9999
2026-03-12T13:04:39.679105,437f8dc8-bd9e-11ed-b1e6-fa4fb8e2990b,RK Hillevliet,51.89558515,4.506432514,10,0,9999
2026-03-12T13:04:39.679105,f10d8ab4-9997-11ee-a91e-ee69b7c7763e,BH Shell Hofplein,51.925705456,4.477781355,28,9,9999
2026-03-12T13:04:39.679105,94467720-8127-11ed-b1e6-fa4fb8e2990b,RK Persoonsdam,51.909309099,4.508017165,10,1,9999
2026-03-12T13:04:39.679105,9245444a-2023-11f0-ab1d-9ae3af3bf913,BH Witte de Withstraat,51.915906523,4.478080905,10,5,9999
2026-03-12T13:04:39.679105,49d59348-ff64-11ef-b515-a65a77daff90,BH Bergweg (Dirk van den Broek),51.93856254,4.479465675,6,4,9999
2026-03-12T13:04:39.679105,30fb96bc-8124-11ed-b1e6-fa4fb8e2990b,RK Beverwaardseweg/ Borgharensingel,51.898798338,4.564663375,10,1,9999
2026-03-12T13:04:39.679105,9a1fb404-8ab3-11ee-bb01-c602c1905375,BH Langenhorst ,51.874120882,4.494254863,10,1,9999
2026-03-12T13:04:39.679105,abe67bfa-b096-11ef-b6d3-56d88772ab1a,BH Wilgenplaslaan/ Donkersingel,51.951337599,4.47048253,10,5,9999
2026-03-12T13:04:39.679105,068b0f9c-a8dd-11ef-8778-d2279db84567,BH Vierhavenstraat (Sahan),51.908502395,4.437727106,4,3,9999
2026-03-12T13:04:39.679105,bc0e7e9c-a8da-11ef-8778-d2279db84567,BH Jan van Vuchtstraat,51.917045317,4.460830874,6,4,9999
2026-03-12T13:04:39.679105,8b721818-a5b2-11f0-ab44-baed9603afbb,Lekstraat,51.90446958,4.406985264,6,3,9999
2026-03-12T13:04:39.679105,ad212572-06f7-11ef-b58d-569a23b994be,BH Molenlaan/Grindweg,51.963224537,4.49571068,10,3,9999
2026-03-12T13:04:39.679105,f8828c3e-806d-11ed-b1e6-fa4fb8e2990b,RK Station Rdam Zuid,51.905545015,4.509568537,15,5,9999
2026-03-12T13:04:39.679105,5f71799e-806b-11ed-b1e6-fa4fb8e2990b,BH Willemsplein,51.911118908,4.481894771,17,3,9999
2026-03-12T13:04:39.679105,42824336-bd97-11ed-b1e6-fa4fb8e2990b,RK Groene Hilledijk,51.882726433,4.504266667,10,2,9999
2026-03-12T13:04:39.679105,db6932f4-182b-11ef-a8d1-42f0fecaeb6a,BH Metrostation Nesselande,51.978969273,4.586177782,10,0,9999
2026-03-12T13:04:39.679105,e26322b0-2025-11f0-ab1d-9ae3af3bf913,BH Brielselaan,51.896298935,4.489248091,4,2,9999
2026-03-12T13:04:39.679105,c862b7f2-06fb-11ef-b58d-569a23b994be,BH Prins Alexanderlaan (metrobaan zijde),51.952192324,4.551435621,10,0,9999
2026-03-12T13:04:39.679105,c53689c2-8124-11ed-b1e6-fa4fb8e2990b,RK Peellandstraat / Beesdestraat ,51.888535309,4.567291893,10,4,9999
2026-03-12T13:04:39.679105,8f5d35a0-1834-11ef-8071-42f0fecaeb6a,BH Jan Bijloostraat (Winkelcentrum Lage Land),51.941821995,4.546449269,9,0,9999
2026-03-12T13:04:39.679105,f8fcd3a4-983a-11ef-a85a-be896af2d3a5,BH Rhijnauwensingel,51.892161199,4.569620613,12,2,9999
2026-03-12T14:09:09.594915,65af1c24-06f4-11ef-b58d-569a23b994be,BH Meerum Terwogtlaan,51.951763386,4.524587387,10,2,9999
2026-03-12T14:09:09.594915,bc839806-a5b1-11f0-ab44-baed9603afbb,Van het Hoffplein (Boerhavelaan),51.916219132,4.412005574,8,3,9999
2026-03-12T14:09:09.594915,2c632780-a8de-11ef-8778-d2279db84567,BH Schuttevaerweg,51.922420472,4.434869706,10,3,9999
2026-03-12T14:09:09.594915,a3c07f10-a5b5-11f0-b05b-baed9603afbb,HUB Hoofdbrug,51.908705902,4.406131267,8,1,9999
2026-03-12T14:09:09.594915,b9bfe680-fbc4-11ee-b58d-569a23b994be,Trompenburg 2,51.917638379,4.518889893,10,0,10
2026-03-12T14:09:09.594915,3c659862-a8dd-11ef-8778-d2279db84567,BH Mayflowerstraat,51.905015647,4.440161906,10,7,9999
2026-03-12T14:09:09.594915,e0a4baca-a748-11ef-8778-d2279db84567,BH Mariniersweg,51.920853425,4.490979502,10,5,9999
2026-03-12T14:09:09.594915,c35c448e-06fc-11ef-b58d-569a23b994be,BH Jacob van Campenweg ,51.942434165,4.537976212,7,7,9999
2026-03-12T14:09:09.594915,438486f4-a5b6-11f0-a150-baed9603afbb,HUB Koemarkt ingang garage,51.914517902,4.401917461,6,2,9999
2026-03-12T14:09:09.594915,365f4a3e-a5b3-11f0-ab44-baed9603afbb,Rubensplein,51.911712719,4.383665134,6,1,9999
2026-03-12T14:09:09.594915,a85b996e-fe23-11ee-b58d-569a23b994be,BH Dirk van der Kooijweg (Waterleliesingel),51.953796964,4.52009166,10,0,9999
2026-03-12T14:09:09.594915,19e2de56-b5d8-11ee-9ae6-5263e3f30f1e,BH STC Waalhaven,51.878297275,4.448759787,10,1,9999
2026-03-12T14:09:09.594915,c6c213ee-ed18-11ef-9957-f683e5eb607c,BH Langenhorst (Binkhorst),51.877310029,4.494737503,10,3,9999
2026-03-12T14:09:09.594915,3366f8b0-a8dc-11ef-8778-d2279db84567,BH Vierhavenstraat (WoonEnzo),51.907777562,4.438830385,4,8,9999
2026-03-12T14:09:09.594915,04a89aea-a5b3-11f0-ab44-baed9603afbb,Groenelaan Hagastraat (Winkelcentrum),51.907303396,4.402285408,4,1,9999
2026-03-12T14:09:09.594915,32638aa6-a5b5-11f0-9f09-baed9603afbb,HUB Laan van Bol'es,51.928443203,4.370771711,10,2,9999
2026-03-12T14:09:09.594915,291c2f72-a749-11ef-8778-d2279db84567,BH Westzeedijk,51.909321622,4.471436479,10,2,9999
2026-03-12T14:09:09.594915,abd627be-67bb-11f0-91de-5eaa9feacc9b,BH Schiekade (Heer Bokelweg),51.927133058,4.476309832,10,0,9999
2026-03-12T14:09:09.594915,8948d5a4-b094-11ef-b6d3-56d88772ab1a,BH Duivenpad,51.964922912,4.498254116,8,4,9999
2026-03-12T14:09:09.594915,227e8c1e-be97-11ee-9ae6-5263e3f30f1e,HUB Metrostation Troelstralaan,51.915742295,4.384972326,10,0,9999
2026-03-12T14:09:09.594915,0af509a8-06f7-11ef-b58d-569a23b994be,BH Beethovensingel,51.96114919,4.505141448,10,17,9999
2026-03-12T14:09:09.594915,dc06f296-1768-11ef-8071-42f0fecaeb6a,BH Prins Alexanderlaan (Oosterflank),51.946646256,4.553811478,12,2,9999
2026-03-12T14:09:09.594915,221af3ce-7fe1-11ee-bb01-c602c1905375,BH Metro Prinsenlaan,51.940647564,4.556931306,10,2,9999
2026-03-12T14:09:09.594915,a793d6ba-edc8-11ee-a9f0-82366b51b915,BH Infirmeriestraat,51.922255603,4.502265891,10,8,9999
2026-03-12T14:09:09.594915,0359e1a2-bdb3-11ed-b1e6-fa4fb8e2990b,RK Rosestraat 11C,51.902954022,4.511377745,10,12,9999
2026-03-12T14:09:09.594915,87f07e20-9e78-11ee-a91e-ee69b7c7763e,BH Marconistraat (Lee Towers),51.912441021,4.430411189,14,4,9999
2026-03-12T14:09:09.594915,f539bd6e-06f8-11ef-b58d-569a23b994be,BH Meijersplein,51.955657978,4.463033845,8,0,9999
2026-03-12T14:09:09.594915,70f0801a-8071-11ed-b1e6-fa4fb8e2990b,RK treinstation Lombardijen,51.88057913,4.531905572,30,4,9999
2026-03-12T14:09:09.594915,43752ffc-a8db-11ef-8778-d2279db84567,BH Pieter de Hoochweg,51.906316301,4.459985731,6,11,9999
2026-03-12T14:09:09.594915,b35ddad8-ab08-11ef-8778-d2279db84567,HUB Rotterdamsedijk 272,51.914957692,4.40343084,8,1,9999
2026-03-12T14:09:09.594915,9b1fa0f6-ae3c-11ee-a91e-ee69b7c7763e,BH Winkelhart Plein 1953,51.874842065,4.467889739,10,2,9999
2026-03-12T14:09:09.594915,8bd90878-0884-11f0-9a47-66143dd92f22,RK Molenvliet,51.882626536,4.521159806,10,5,9999
2026-03-12T14:09:09.594915,45450b66-a5b2-11f0-ab44-baed9603afbb,Maasdijk (Gustoweg),51.906629018,4.412009895,6,2,9999
2026-03-12T14:09:09.594915,4de2effe-f068-11ef-ba40-0ea3ed1ae564,HUB Hof van Spaland - Vlaardingseweg,51.935841728,4.376077923,4,0,9999
2026-03-12T14:09:09.594915,d38c6468-06fe-11ef-b58d-569a23b994be,BH Kleine Beer,51.950902127,4.555051083,6,2,9999
2026-03-12T14:09:09.594915,e552904e-182b-11ef-a8d1-42f0fecaeb6a,BH Metrostation Hesseplaats,51.963345229,4.554510684,10,3,9999
2026-03-12T14:09:09.594915,1826196c-b162-11ef-bdcd-5adc5d29ed54,BH Bentincklaan (Diergaarde Blijdorp),51.92572504,4.454794024,10,7,9999
2026-03-12T14:09:09.594915,8a1e5ed0-1c9e-11ee-8219-8ed3b2364c4f,BH Sparta stadion,51.920151368,4.434428835,20,18,9999
2026-03-12T14:09:09.594915,d3c9003c-b486-11ee-9ae6-5263e3f30f1e,BH Oostzeedijk Beneden,51.922514244,4.503092963,10,4,9999
2026-03-12T14:09:09.594915,552a82b8-b094-11ef-b6d3-56d88772ab1a,BH Hockeyclub Rotterdam,51.96869974,4.484731647,25,2,9999
2026-03-12T14:09:09.594915,cb3f6d1c-a746-11ef-8778-d2279db84567,BH Vasteland (AH),51.911537089,4.478368712,10,15,9999
2026-03-12T14:09:09.594915,d4a8557a-eabd-11ef-ac99-aa7241d1fb4f,HUB Admiraal Trompstraat (Huisman),51.908834504,4.381923039,8,0,9999
2026-03-12T14:09:09.594915,00e8b3de-9e82-11ee-a91e-ee69b7c7763e,BH Jacques Dutilhweg,51.927993284,4.5475155,10,6,9999
2026-03-12T14:09:09.594915,d868fe52-36e5-11f0-ab1d-9ae3af3bf913,BH Sluisjesdijk,51.894714517,4.461900478,10,2,0
2026-03-12T14:09:09.594915,4338fed2-edbb-11ee-a9f0-82366b51b915,BH Oostzeedijk Beneden 2,51.921653595,4.507031037,10,5,9999
2026-03-12T14:09:09.594915,2c82bb9a-217b-11ee-8219-8ed3b2364c4f,Hub Weena,51.922738296,4.469181329,142,34,9999
2026-03-12T14:09:09.594915,96f5cbdc-06f6-11ef-b58d-569a23b994be,BH Argonautenweg,51.959086712,4.49354982,10,0,9999
2026-03-12T14:09:09.594915,2f51713e-32b7-11ee-8219-8ed3b2364c4f,Hub P+R Capelsebrug,51.920991793,4.559215491,18,2,9999
2026-03-12T14:09:09.594915,62b0255a-9e7a-11ee-a91e-ee69b7c7763e,BH Vierhavenstraat,51.910327597,4.434992993,16,9,9999
2026-03-12T14:09:09.594915,2b10524e-06f5-11ef-b58d-569a23b994be,BH Piet van der Polsingel,51.950618784,4.518612648,8,2,9999
2026-03-12T14:09:09.594915,47070056-06fa-11ef-b58d-569a23b994be,BH Metrostation Schenkel,51.931770435,4.56406792,12,1,9999
2026-03-12T14:09:09.594915,7a8c12ba-91ab-11ed-b1e6-fa4fb8e2990b,BH Metrostation Slinge,51.874526023,4.477872534,15,3,9999
2026-03-12T14:09:09.594915,026045c6-8530-11ee-bb01-c602c1905375,BH Winkelhart Katendrechtse Lagedijk,51.891184937,4.479440034,10,0,9999
2026-03-12T14:09:09.594915,9d9bb8ec-4bd1-11ee-bb01-c602c1905375,BH Marconiplein,51.913319277,4.432514448,10,2,9999
2026-03-12T14:09:09.594915,8330f3ca-a5b4-11f0-ab44-baed9603afbb,Fokkerstraat Plesmanstraat,51.929694009,4.399576614,4,1,9999
2026-03-12T14:09:09.594915,5b842034-5331-11f0-ab1d-9ae3af3bf913,BH Walenburgerweg,51.926698659,4.462629155,10,6,9999
2026-03-12T14:09:09.594915,a08059b6-b484-11ee-9ae6-5263e3f30f1e,BH Metrostation Gerdesiaweg,51.925444134,4.506155972,10,4,9999
2026-03-12T14:09:09.594915,2f718c84-8911-11ee-bb01-c602c1905375,BH Metro Dijkzigt - EMC,51.911789199,4.466334846,20,17,9999
2026-03-12T14:09:09.594915,f58e41fc-1c9f-11ee-8219-8ed3b2364c4f,BH Heemraadsplein,51.912322959,4.455058085,10,10,9999
2026-03-12T14:09:09.594915,79fdd038-34b8-11f0-ab1d-9ae3af3bf913,BH RTHA Airport,51.94924845,4.432611987,10,7,0
2026-03-12T14:09:09.594915,1c41897e-596e-11ef-bed6-aa139991deb4,HUB Metrostation Nieuwland / Bijdorpplein,51.922583819,4.38260008,10,0,9999
2026-03-12T14:09:09.594915,a57d027c-8912-11ee-bb01-c602c1905375,BH Delftse Poort,51.924408145,4.472816464,10,14,9999
2026-03-12T14:09:09.594915,6383849a-2038-11f0-ab1d-9ae3af3bf913,BH - Kralingsebos (Langepad),51.936318565,4.506197017,10,0,9999
2026-03-12T14:09:09.594915,e90e9332-06f5-11ef-b58d-569a23b994be,BH Burgemeester Le Fèvre de Montignylaan,51.957620055,4.501711782,10,1,9999
2026-03-12T14:09:09.594915,5cb3ffde-bdaf-11ed-b1e6-fa4fb8e2990b,RK Stadionlaan,51.892328813,4.530682857,10,4,9999
2026-03-12T14:09:09.594915,02bed1f8-8392-11ee-bb01-c602c1905375,BH Station Alexander,51.951735827,4.551049232,10,9,9999
2026-03-12T14:09:09.594915,08d5cf66-8ab2-11ee-bb01-c602c1905375,BH Winkelhart Asterlo,51.873536387,4.483591736,10,1,9999
2026-03-12T14:09:09.594915,0e51e024-c757-11ee-9ae6-5263e3f30f1e,BH Metrostation Binnenhof,51.960437867,4.535372966,10,6,9999
2026-03-12T14:09:09.594915,409f87f6-890f-11ee-bb01-c602c1905375,BH Metro Beurs,51.917806013,4.480107053,8,7,9999
2026-03-12T14:09:09.594915,d6a7cd26-4d08-11f0-ab1d-9ae3af3bf913,BH - Oudehoofdplein-Haringvliet,51.918979475,4.49384405,10,6,9999
2026-03-12T14:09:09.594915,f0ad9b92-1767-11ef-8071-42f0fecaeb6a,BH Prinsenlaan,51.937206457,4.536127586,10,0,9999
2026-03-12T14:09:09.594915,f06fd44c-2035-11f0-ab1d-9ae3af3bf913,BH Boezemlaan,51.938982631,4.495864471,10,6,9999
2026-03-12T14:09:09.594915,8d91a90c-9e83-11ee-a91e-ee69b7c7763e,BH Kraaierstraat,51.91909698,4.418192898,8,5,9999
2026-03-12T14:09:09.594915,a2671a36-bdad-11ed-b1e6-fa4fb8e2990b,RK Dwarsdijk,51.893055987,4.539201504,10,7,9999
2026-03-12T14:09:09.594915,376a5cda-06f8-11ef-b58d-569a23b994be,BH Ganzerikplein,51.958953276,4.471584016,10,5,9999
2026-03-12T14:09:09.594915,5cdd9872-b096-11ef-b6d3-56d88772ab1a,BH Wilgenplaslaan/ Meidoornsingel,51.953868042,4.468211582,7,1,9999
2026-03-12T14:09:09.594915,952a3e78-a8db-11ef-8778-d2279db84567,BH Lloydstraat,51.902214281,4.461287644,10,13,9999
2026-03-12T14:09:09.594915,a6fa0910-8067-11ed-b1e6-fa4fb8e2990b,BH Stadion Fey (Bert Heesakkerstr.),51.896805818,4.521735582,50,2,9999
2026-03-12T14:09:09.594915,a1337d02-e018-11ed-a249-96cdaf8f7240,BH Sint Franciscus,51.942171146,4.460534407,25,3,9999
2026-03-12T14:09:09.594915,d3cea108-8285-11f0-ab44-baed9603afbb,BH - Ratelaarweg,51.967431611,4.463349689,10,2,9999
2026-03-12T14:09:09.594915,3bef7002-bdb5-11ed-b1e6-fa4fb8e2990b,RK Breeweg,51.890630632,4.514261169,10,3,9999
2026-03-12T14:09:09.594915,8c90734c-45bb-11ee-8219-8ed3b2364c4f,BH Coen Moulijnweg,51.893813253,4.526876329,42,2,9999
2026-03-12T14:09:09.594915,1b098490-2037-11f0-ab1d-9ae3af3bf913,BH Karmelweg,51.933461291,4.5029394,8,1,9999
2026-03-12T14:09:09.594915,23348a06-bdb1-11ed-b1e6-fa4fb8e2990b,RK Guido Gezelleweg,51.87434607,4.523238145,10,5,9999
2026-03-12T14:09:09.594915,66824038-37b2-11ef-a21a-8e54a72a50da,HUB Metrostation Parkweg / Zuidzijde,51.921443238,4.39475836,10,0,10
2026-03-12T14:09:09.594915,2c127298-ff25-11ef-a79f-a65a77daff90,BH Aert van Nesstraat,51.921141166,4.478916173,8,13,9999
2026-03-12T14:09:09.594915,cde445c6-a744-11ef-8778-d2279db84567,BH Groenendaal,51.921685178,4.492944049,6,11,9999
2026-03-12T14:09:09.594915,97c6a1c2-a8da-11ef-8778-d2279db84567,BH Henegouwerplein,51.921807589,4.460561523,10,3,9999
2026-03-12T14:09:09.594915,e68d5642-a5b5-11f0-b6c1-baed9603afbb,HUB NS Station Schiedam Centrum/ Professor Kamerlingh Onneslaan,51.92071744,4.408262487,12,3,9999
2026-03-12T14:09:09.594915,82623a40-bda3-11ed-b1e6-fa4fb8e2990b,RK Rosestraat,51.91100607,4.501308573,10,4,9999
2026-03-12T14:09:09.594915,b7353df6-b485-11ee-9ae6-5263e3f30f1e,BH Metrostation Kralingsezoom (Gravenweg),51.921751706,4.533850265,10,7,9999
2026-03-12T14:09:09.594915,6c34980a-bb92-11ef-a02d-6ea8ed91bd56,BH Gordelweg (Lidl),51.940472428,4.479798999,4,2,9999
2026-03-12T14:09:09.594915,5904bd1a-a5b5-11f0-b05b-baed9603afbb,HUB Hof van Spaland - Bachplein,51.934889388,4.374726808,8,2,9999
2026-03-12T14:09:09.594915,32ca5fd0-8126-11ed-b1e6-fa4fb8e2990b,RK Vuurplaat,51.906526668,4.505838102,10,3,9999
2026-03-12T14:09:09.594915,f94a1ff6-b095-11ef-b6d3-56d88772ab1a,BH Bm Le Fèvre de Montignylaan/ Jeroen Boschlaan,51.955641943,4.505982462,6,0,9999
2026-03-12T14:09:09.594915,4228b402-8537-11ee-bb01-c602c1905375,BH Tongelaarweg,51.895280064,4.563514996,10,2,9999
2026-03-12T14:09:09.594915,6f66a60c-36e5-11f0-ab1d-9ae3af3bf913,BH Lloydpier,51.904487669,4.460458303,8,5,0
2026-03-12T14:09:09.594915,7d81b63e-a5b5-11f0-b05b-baed9603afbb,HUB 's Gravelandseweg,51.932091958,4.401924037,6,2,9999
2026-03-12T14:09:09.594915,a3dbb322-8121-11ed-b1e6-fa4fb8e2990b,RK Metrostation Rijnhaven ,51.902216981,4.49610172,15,6,9999
2026-03-12T14:09:09.594915,cf23b50e-9ad0-11f0-ab44-baed9603afbb,BH Natuurhistorisch museum,51.911022288,4.472728259,12,1,9999
2026-03-12T14:09:09.594915,d55243f6-182b-11ef-a8d1-42f0fecaeb6a,BH Siciliëboulevard ,51.97996654,4.580859756,10,1,9999
2026-03-12T14:09:09.594915,e0f7ef36-a5b4-11f0-ab44-baed9603afbb,Havenstraat einde (digitale testhub),51.900396883,4.398614319,12,0,9999
2026-03-12T14:09:09.594915,05d1d708-eabd-11ef-88c2-aa7241d1fb4f,HUB De Thermen ,51.927426752,4.380236246,8,2,9999
2026-03-12T14:09:09.594915,b3381a7a-2036-11f0-ab1d-9ae3af3bf913,BH Oudedijk / de Nieuwe Plantage,51.929149075,4.505248613,8,4,9999
2026-03-12T14:09:09.594915,8b480576-eabc-11ee-a9f0-82366b51b915,BH Schiedamseweg Beneden,51.914135146,4.422297364,5,7,9999
2026-03-12T14:09:09.594915,89a2f1d2-a5b3-11f0-ab44-baed9603afbb,Metrostation Vijfsluizen,51.908108215,4.37254105,8,0,9999
2026-03-12T14:09:09.594915,e50f3d1e-f069-11ef-9ed7-0ea3ed1ae564,HUB Oranjestraat - Lange Nieuwstraat,51.913368472,4.40030457,5,0,9999
2026-03-12T14:09:09.594915,4c1b19a4-d0a1-11ee-8b0e-065810cc8d78,BH Elandstraat,51.910800072,4.553878993,10,5,9999
2026-03-12T14:09:09.594915,bbbba24e-806e-11ed-b1e6-fa4fb8e2990b,RK P+R Noorderhelling,51.894761016,4.532122707,15,0,9999
2026-03-12T14:09:09.594915,3ac0b682-8129-11ed-b1e6-fa4fb8e2990b,RK Cor Kieboomplein,51.896922039,4.523502821,15,1,9999
2026-03-12T14:09:09.594915,5a3ffbf4-37b1-11ef-a21a-8e54a72a50da,HUB Metrostation Nieuwland / Van Limburg Stirumstraat,51.922446663,4.38308784,6,2,4
2026-03-12T14:09:09.594915,5d8d12a2-a5b4-11f0-ab44-baed9603afbb,Van Heekstraat,51.931167557,4.406024405,4,0,9999
2026-03-12T14:09:09.594915,f251d6e8-0b82-11ef-b58d-569a23b994be,BH Metrostation Graskruid ,51.956473743,4.550010233,8,2,9999
2026-03-12T14:09:09.594915,a4d2ea7c-b2f0-11ef-aa57-62870c7808bb,BH 2e Hogenbanweg,51.936951327,4.427707182,8,0,9999
2026-03-12T14:09:09.594915,75ba0d1a-2037-11f0-ab1d-9ae3af3bf913,BH Stadhoudersweg,51.931417737,4.461484988,10,3,9999
2026-03-12T14:09:09.594915,bc6b0d7e-a745-11ef-8778-d2279db84567,BH Goudsewagenstraat,51.923224462,4.493552746,8,7,9999
2026-03-12T14:09:09.594915,0f37eafc-8912-11ee-bb01-c602c1905375,BH Metro Oostplein,51.922677789,4.497608825,10,11,9999
2026-03-12T14:09:09.594915,aed7c2fa-8123-11ed-b1e6-fa4fb8e2990b,RK Groene Hilledijk/Beijerlandselaan,51.893806789,4.509452258,10,4,9999
2026-03-12T14:09:09.594915,c76f0318-bb92-11ef-a02d-6ea8ed91bd56,BH NS Centraal Station (Stationssingel),51.925399994,4.466148375,10,16,9999
2026-03-12T14:09:09.594915,361a368c-a5b4-11f0-ab44-baed9603afbb,Sportpark Haga (Epke Zonderlandstraat),51.921919868,4.370918199,8,2,9999
2026-03-12T14:09:09.594915,f4c0fe5e-02d6-11ef-b58d-569a23b994be,BH Paulus Potterstraat,51.9228414,4.508497696,10,4,9999
2026-03-12T14:09:09.594915,48cbf66e-9f15-11ee-a91e-ee69b7c7763e,BH Franselaan,51.917379138,4.420463507,10,7,9999
2026-03-12T14:09:09.594915,e9735b4e-7da7-11f0-ab44-baed9603afbb,BH Veldkersweg,51.966835673,4.46657292,8,0,9999
2026-03-12T14:09:09.594915,4b1ac684-bb93-11ef-a02d-6ea8ed91bd56,BH Noorderkanaalweg,51.940525593,4.472984586,9,2,9999
2026-03-12T14:09:09.594915,033a9392-3700-11f0-ab1d-9ae3af3bf913,BH Herman Bavinckstraat,51.915067882,4.521446921,10,6,9999
2026-03-12T14:09:09.594915,ffe8c3e8-a8da-11ef-8778-d2279db84567,BH Mathenesserplein,51.917836602,4.44508891,8,2,9999
2026-03-12T14:09:09.594915,e377069a-ff63-11ef-a79f-a65a77daff90,BH Kralingsebos Bosdreef/Pr. Beatrixlaan,51.93789612,4.501689644,8,0,9999
2026-03-12T14:09:09.594915,7af95f9c-a747-11ef-8778-d2279db84567,BH Kruisplein,51.92228569,4.47138789,6,11,9999
2026-03-12T14:09:09.594915,4c50cb7a-bdb6-11ed-b1e6-fa4fb8e2990b,RK Olympiaweg,51.886462746,4.529133302,10,2,9999
2026-03-12T14:09:09.594915,a694ef4e-36e5-11f0-ab1d-9ae3af3bf913,BH Neushoornstraat,51.913041554,4.553743002,6,0,3
2026-03-12T14:09:09.594915,be56ca62-8120-11ed-b1e6-fa4fb8e2990b,RK P+R Beverwaard,51.885771514,4.568986239,10,1,9999
2026-03-12T14:09:09.594915,d5af3bc4-806a-11ed-b1e6-fa4fb8e2990b,BH Kievitslaan,51.907226862,4.473300159,17,7,9999
2026-03-12T14:09:09.594915,dd006abc-a5b3-11f0-ab44-baed9603afbb,Havenstraat,51.903204365,4.398004897,8,1,9999
2026-03-12T14:09:09.594915,6f09af84-eabe-11ee-a9f0-82366b51b915,BH Delftseplein ,51.925206514,4.474011701,14,3,9999
2026-03-12T14:09:09.594915,1cfb89ec-806b-11ed-b1e6-fa4fb8e2990b,BH Westplein,51.908912961,4.478583441,10,5,9999
2026-03-12T14:09:09.594915,12fc10a4-bb94-11ef-a02d-6ea8ed91bd56,BH Noordplein,51.930251975,4.483699175,10,3,9999
2026-03-12T14:09:09.594915,276e8d26-bda0-11ed-b1e6-fa4fb8e2990b,RK Strevelsweg,51.889634937,4.495943368,15,1,9999
2026-03-12T14:09:09.594915,9e066470-2038-11f0-ab1d-9ae3af3bf913,BH Kralinger Esch,51.911179823,4.524762065,9,7,9999
2026-03-12T14:09:09.594915,9b1f0aaa-8125-11ed-b1e6-fa4fb8e2990b,RK Slaghekstraat - Beijerlandselaan,51.897574833,4.511261604,10,1,9999
2026-03-12T14:09:09.594915,b8c81048-2037-11f0-ab1d-9ae3af3bf913,BH Van Maanenstraat,51.932279316,4.464280453,6,6,9999
2026-03-12T14:09:09.594915,1f4ff66c-bdb8-11ed-b1e6-fa4fb8e2990b,RK Van der Takstraat ,51.914243737,4.496045621,10,7,9999
2026-03-12T14:09:09.594915,3b523cee-5c94-11f0-ab1d-9ae3af3bf913,BH - Wilhelminapier,51.90698281,4.489727426,14,3,9999
2026-03-12T14:09:09.594915,e8d292d2-039a-11ef-b58d-569a23b994be,BH Mia van Yperenplein ,51.928414546,4.545678043,10,5,9999
2026-03-12T14:09:09.594915,12daf18a-8068-11ed-b1e6-fa4fb8e2990b,BH Treinst. Lombardijen (Aesopusplaats),51.880478018,4.530040287,10,0,9999
2026-03-12T14:09:09.594915,558e4a5a-eaba-11ee-a9f0-82366b51b915,BH Blijdorplaan ,51.927389289,4.440437692,22,13,9999
2026-03-12T14:09:09.594915,5a8de282-36ee-11f0-ab1d-9ae3af3bf913,BH van Blommesteynweg,51.888148155,4.460842726,10,2,9999
2026-03-12T14:09:09.594915,078569ee-a5b5-11f0-ab44-baed9603afbb,Nieuwe Waterwegstraat (digitale testhub),51.900682979,4.390873601,12,0,9999
2026-03-12T14:09:09.594915,8e5dd27e-06fd-11ef-b58d-569a23b994be,BH Prins Alexanderplein,51.951040272,4.553684972,14,0,9999
2026-03-12T14:09:09.594915,a6843864-fbc4-11ee-b58d-569a23b994be,Trompenburg 1,51.917696349,4.517981647,10,9,0
2026-03-12T14:09:09.594915,5b583480-a8da-11ef-8778-d2279db84567,BH Duyststraat,51.910073429,4.452225738,8,2,9999
2026-03-12T14:09:09.594915,2510e9ba-a5b6-11f0-847a-baed9603afbb,Hub Kloosterplaats,51.91675013,4.402112308,6,6,9999
2026-03-12T14:09:09.594915,880e3e72-a8dd-11ef-8778-d2279db84567,BH Spaansebocht,51.917413667,4.430014126,9,1,9999
2026-03-12T14:09:09.594915,b5b3324a-edb9-11ee-a9f0-82366b51b915,BH Siondwarsstraat,51.925261494,4.51053174,10,0,9999
2026-03-12T14:09:09.594915,94b01d94-edc6-11ee-a9f0-82366b51b915,BH Schuttersveld,51.933248028,4.490978921,10,5,9999
2026-03-12T14:09:09.594915,69b33170-edbd-11ee-a9f0-82366b51b915,BH Metro Oostplein 2,51.923145722,4.496820843,10,3,9999
2026-03-12T14:09:09.594915,67d6af9a-f068-11ef-ba40-0ea3ed1ae564,HUB Hof van Spaland - Schiedamseweg,51.934898803,4.378145906,12,1,9999
2026-03-12T14:09:09.594915,4933dd54-9e7c-11ee-a91e-ee69b7c7763e,BH Willem Ruyslaan (Luzac College),51.925421889,4.508669446,10,8,9999
2026-03-12T14:09:09.594915,9f935b6c-b095-11ef-b6d3-56d88772ab1a,BH Bergpolderplein,51.945227242,4.474988047,8,3,9999
2026-03-12T14:09:09.594915,8a2d056c-bb93-11ef-a02d-6ea8ed91bd56,BH NS Station Noord (Bergweg),51.941530048,4.481339526,10,5,3
2026-03-12T14:09:09.594915,4d95ab34-8122-11ed-b1e6-fa4fb8e2990b,RK Metrostation Maashaven ,51.896573582,4.494245173,30,0,9999
2026-03-12T14:09:09.594915,3d015ff0-8394-11ee-bb01-c602c1905375,BH Metrostation Oosterflank,51.945209326,4.555045447,10,1,9999
2026-03-12T14:09:09.594915,defeb050-a747-11ef-8778-d2279db84567,BH Karel Doormanstraat,51.922789549,4.473609692,9,9,9999
2026-03-12T14:09:09.594915,b5dc5454-890f-11ee-bb01-c602c1905375,BH Schilderstraat,51.916377397,4.48142868,8,5,9999
2026-03-12T14:09:09.594915,2f12ae3e-806c-11ed-b1e6-fa4fb8e2990b,BH Winkelcentrum Keizerswaard-Herenw,51.886358391,4.549308056,15,14,9999
2026-03-12T14:09:09.594915,3b6d73a8-805d-11ed-b1e6-fa4fb8e2990b,BH Metrostation Melanchtonweg,51.94881199,4.465233746,10,5,9999
2026-03-12T14:09:09.594915,d5832958-891a-11ee-bb01-c602c1905375,BH Metro Zuidplein (nieuw),51.887180341,4.491554668,10,2,9999
2026-03-12T14:09:09.594915,a535094e-b162-11ef-bdcd-5adc5d29ed54,BH Eudokiaplein,51.932433484,4.47153255,9,9,9999
2026-03-12T14:09:09.594915,437f8dc8-bd9e-11ed-b1e6-fa4fb8e2990b,RK Hillevliet,51.89558515,4.506432514,10,0,9999
2026-03-12T14:09:09.594915,f10d8ab4-9997-11ee-a91e-ee69b7c7763e,BH Shell Hofplein,51.925705456,4.477781355,28,7,9999
2026-03-12T14:09:09.594915,94467720-8127-11ed-b1e6-fa4fb8e2990b,RK Persoonsdam,51.909309099,4.508017165,10,2,9999
2026-03-12T14:09:09.594915,9245444a-2023-11f0-ab1d-9ae3af3bf913,BH Witte de Withstraat,51.915906523,4.478080905,10,7,9999
2026-03-12T14:09:09.594915,49d59348-ff64-11ef-b515-a65a77daff90,BH Bergweg (Dirk van den Broek),51.93856254,4.479465675,6,2,9999
2026-03-12T14:09:09.594915,30fb96bc-8124-11ed-b1e6-fa4fb8e2990b,RK Beverwaardseweg/ Borgharensingel,51.898798338,4.564663375,10,1,9999
2026-03-12T14:09:09.594915,9a1fb404-8ab3-11ee-bb01-c602c1905375,BH Langenhorst ,51.874120882,4.494254863,10,1,9999
2026-03-12T14:09:09.594915,abe67bfa-b096-11ef-b6d3-56d88772ab1a,BH Wilgenplaslaan/ Donkersingel,51.951337599,4.47048253,10,6,9999
2026-03-12T14:09:09.594915,068b0f9c-a8dd-11ef-8778-d2279db84567,BH Vierhavenstraat (Sahan),51.908502395,4.437727106,4,3,9999
2026-03-12T14:09:09.594915,bc0e7e9c-a8da-11ef-8778-d2279db84567,BH Jan van Vuchtstraat,51.917045317,4.460830874,6,3,9999
2026-03-12T14:09:09.594915,8b721818-a5b2-11f0-ab44-baed9603afbb,Lekstraat,51.90446958,4.406985264,6,3,9999
2026-03-12T14:09:09.594915,ad212572-06f7-11ef-b58d-569a23b994be,BH Molenlaan/Grindweg,51.963224537,4.49571068,10,3,9999
2026-03-12T14:09:09.594915,f8828c3e-806d-11ed-b1e6-fa4fb8e2990b,RK Station Rdam Zuid,51.905545015,4.509568537,15,5,9999
2026-03-12T14:09:09.594915,5f71799e-806b-11ed-b1e6-fa4fb8e2990b,BH Willemsplein,51.911118908,4.481894771,17,2,9999
2026-03-12T14:09:09.594915,42824336-bd97-11ed-b1e6-fa4fb8e2990b,RK Groene Hilledijk,51.882726433,4.504266667,10,2,9999
2026-03-12T14:09:09.594915,db6932f4-182b-11ef-a8d1-42f0fecaeb6a,BH Metrostation Nesselande,51.978969273,4.586177782,10,0,9999
2026-03-12T14:09:09.594915,e26322b0-2025-11f0-ab1d-9ae3af3bf913,BH Brielselaan,51.896298935,4.489248091,4,2,9999
2026-03-12T14:09:09.594915,c862b7f2-06fb-11ef-b58d-569a23b994be,BH Prins Alexanderlaan (metrobaan zijde),51.952192324,4.551435621,10,0,9999
2026-03-12T14:09:09.594915,c53689c2-8124-11ed-b1e6-fa4fb8e2990b,RK Peellandstraat / Beesdestraat ,51.888535309,4.567291893,10,4,9999
2026-03-12T14:09:09.594915,8f5d35a0-1834-11ef-8071-42f0fecaeb6a,BH Jan Bijloostraat (Winkelcentrum Lage Land),51.941821995,4.546449269,9,1,9999
2026-03-12T14:09:09.594915,f8fcd3a4-983a-11ef-a85a-be896af2d3a5,BH Rhijnauwensingel,51.892161199,4.569620613,12,2,9999
2026-03-12T14:09:09.594915,118239d4-a5b2-11f0-ab44-baed9603afbb,Lorentzlaan (bushalte),51.917994492,4.415061192,4,1,9999
2026-03-12T14:09:09.594915,0c107276-bdb7-11ed-b1e6-fa4fb8e2990b,RK Sandelingenplein,51.889562128,4.506962326,10,3,9999
2026-03-12T14:09:09.594915,75b8bea6-81d8-11ed-b1e6-fa4fb8e2990b,RK Metrostation Maashaven (Putselaan),51.897794241,4.495760713,10,7,9999
2026-03-12T14:09:09.594915,a20bbbae-bdae-11ed-b1e6-fa4fb8e2990b,RK Frankendaal,51.886951976,4.521294152,10,0,9999
2026-03-12T14:09:09.594915,f1df385c-f5b2-11ef-81b3-76e5c571f05f,HUB Admiraal de Ruyterstraat,51.906742474,4.38554997,8,3,9999
2026-03-12T14:09:09.594915,4247dd56-1c9f-11ee-8219-8ed3b2364c4f,BH Metro Coolhaven,51.909218289,4.458167882,10,7,9999
2026-03-12T15:09:26.503180,65af1c24-06f4-11ef-b58d-569a23b994be,BH Meerum Terwogtlaan,51.951763386,4.524587387,10,2,9999
2026-03-12T15:09:26.503180,bc839806-a5b1-11f0-ab44-baed9603afbb,Van het Hoffplein (Boerhavelaan),51.916219132,4.412005574,8,3,9999
2026-03-12T15:09:26.503180,2c632780-a8de-11ef-8778-d2279db84567,BH Schuttevaerweg,51.922420472,4.434869706,10,2,9999
2026-03-12T15:09:26.503180,a3c07f10-a5b5-11f0-b05b-baed9603afbb,HUB Hoofdbrug,51.908705902,4.406131267,8,1,9999
2026-03-12T15:09:26.503180,b9bfe680-fbc4-11ee-b58d-569a23b994be,Trompenburg 2,51.917638379,4.518889893,10,0,10
2026-03-12T15:09:26.503180,3c659862-a8dd-11ef-8778-d2279db84567,BH Mayflowerstraat,51.905015647,4.440161906,10,7,9999
2026-03-12T15:09:26.503180,e0a4baca-a748-11ef-8778-d2279db84567,BH Mariniersweg,51.920853425,4.490979502,10,5,9999
2026-03-12T15:09:26.503180,c35c448e-06fc-11ef-b58d-569a23b994be,BH Jacob van Campenweg ,51.942434165,4.537976212,7,7,9999
2026-03-12T15:09:26.503180,438486f4-a5b6-11f0-a150-baed9603afbb,HUB Koemarkt ingang garage,51.914517902,4.401917461,6,2,9999
2026-03-12T15:09:26.503180,365f4a3e-a5b3-11f0-ab44-baed9603afbb,Rubensplein,51.911712719,4.383665134,6,1,9999
2026-03-12T15:09:26.503180,a85b996e-fe23-11ee-b58d-569a23b994be,BH Dirk van der Kooijweg (Waterleliesingel),51.953796964,4.52009166,10,0,9999
2026-03-12T15:09:26.503180,19e2de56-b5d8-11ee-9ae6-5263e3f30f1e,BH STC Waalhaven,51.878297275,4.448759787,10,1,9999
2026-03-12T15:09:26.503180,c6c213ee-ed18-11ef-9957-f683e5eb607c,BH Langenhorst (Binkhorst),51.877310029,4.494737503,10,3,9999
2026-03-12T15:09:26.503180,3366f8b0-a8dc-11ef-8778-d2279db84567,BH Vierhavenstraat (WoonEnzo),51.907777562,4.438830385,4,9,9999
2026-03-12T15:09:26.503180,04a89aea-a5b3-11f0-ab44-baed9603afbb,Groenelaan Hagastraat (Winkelcentrum),51.907303396,4.402285408,4,1,9999
2026-03-12T15:09:26.503180,32638aa6-a5b5-11f0-9f09-baed9603afbb,HUB Laan van Bol'es,51.928443203,4.370771711,10,2,9999
2026-03-12T15:09:26.503180,291c2f72-a749-11ef-8778-d2279db84567,BH Westzeedijk,51.909321622,4.471436479,10,2,9999
2026-03-12T15:09:26.503180,abd627be-67bb-11f0-91de-5eaa9feacc9b,BH Schiekade (Heer Bokelweg),51.927133058,4.476309832,10,0,9999
2026-03-12T15:09:26.503180,8948d5a4-b094-11ef-b6d3-56d88772ab1a,BH Duivenpad,51.964922912,4.498254116,8,4,9999
2026-03-12T15:09:26.503180,227e8c1e-be97-11ee-9ae6-5263e3f30f1e,HUB Metrostation Troelstralaan,51.915742295,4.384972326,10,0,9999
2026-03-12T15:09:26.503180,0af509a8-06f7-11ef-b58d-569a23b994be,BH Beethovensingel,51.96114919,4.505141448,10,17,9999
2026-03-12T15:09:26.503180,dc06f296-1768-11ef-8071-42f0fecaeb6a,BH Prins Alexanderlaan (Oosterflank),51.946646256,4.553811478,12,3,9999
2026-03-12T15:09:26.503180,221af3ce-7fe1-11ee-bb01-c602c1905375,BH Metro Prinsenlaan,51.940647564,4.556931306,10,2,9999
2026-03-12T15:09:26.503180,a793d6ba-edc8-11ee-a9f0-82366b51b915,BH Infirmeriestraat,51.922255603,4.502265891,10,7,9999
2026-03-12T15:09:26.503180,0359e1a2-bdb3-11ed-b1e6-fa4fb8e2990b,RK Rosestraat 11C,51.902954022,4.511377745,10,13,9999
2026-03-12T15:09:26.503180,87f07e20-9e78-11ee-a91e-ee69b7c7763e,BH Marconistraat (Lee Towers),51.912441021,4.430411189,14,4,9999
2026-03-12T15:09:26.503180,f539bd6e-06f8-11ef-b58d-569a23b994be,BH Meijersplein,51.955657978,4.463033845,8,0,9999
2026-03-12T15:09:26.503180,70f0801a-8071-11ed-b1e6-fa4fb8e2990b,RK treinstation Lombardijen,51.88057913,4.531905572,30,4,9999
2026-03-12T15:09:26.503180,43752ffc-a8db-11ef-8778-d2279db84567,BH Pieter de Hoochweg,51.906316301,4.459985731,6,11,9999
2026-03-12T15:09:26.503180,b35ddad8-ab08-11ef-8778-d2279db84567,HUB Rotterdamsedijk 272,51.914957692,4.40343084,8,1,9999
2026-03-12T15:09:26.503180,9b1fa0f6-ae3c-11ee-a91e-ee69b7c7763e,BH Winkelhart Plein 1953,51.874842065,4.467889739,10,2,9999
2026-03-12T15:09:26.503180,8bd90878-0884-11f0-9a47-66143dd92f22,RK Molenvliet,51.882626536,4.521159806,10,5,9999
2026-03-12T15:09:26.503180,45450b66-a5b2-11f0-ab44-baed9603afbb,Maasdijk (Gustoweg),51.906629018,4.412009895,6,2,9999
2026-03-12T15:09:26.503180,4de2effe-f068-11ef-ba40-0ea3ed1ae564,HUB Hof van Spaland - Vlaardingseweg,51.935841728,4.376077923,4,0,9999
2026-03-12T15:09:26.503180,d38c6468-06fe-11ef-b58d-569a23b994be,BH Kleine Beer,51.950902127,4.555051083,6,2,9999
2026-03-12T15:09:26.503180,e552904e-182b-11ef-a8d1-42f0fecaeb6a,BH Metrostation Hesseplaats,51.963345229,4.554510684,10,3,9999
2026-03-12T15:09:26.503180,1826196c-b162-11ef-bdcd-5adc5d29ed54,BH Bentincklaan (Diergaarde Blijdorp),51.92572504,4.454794024,10,3,9999
2026-03-12T15:09:26.503180,8a1e5ed0-1c9e-11ee-8219-8ed3b2364c4f,BH Sparta stadion,51.920151368,4.434428835,20,18,9999
2026-03-12T15:09:26.503180,d3c9003c-b486-11ee-9ae6-5263e3f30f1e,BH Oostzeedijk Beneden,51.922514244,4.503092963,10,5,9999
2026-03-12T15:09:26.503180,552a82b8-b094-11ef-b6d3-56d88772ab1a,BH Hockeyclub Rotterdam,51.96869974,4.484731647,25,2,9999
2026-03-12T15:09:26.503180,cb3f6d1c-a746-11ef-8778-d2279db84567,BH Vasteland (AH),51.911537089,4.478368712,10,18,9999
2026-03-12T15:09:26.503180,d4a8557a-eabd-11ef-ac99-aa7241d1fb4f,HUB Admiraal Trompstraat (Huisman),51.908834504,4.381923039,8,0,9999
2026-03-12T15:09:26.503180,00e8b3de-9e82-11ee-a91e-ee69b7c7763e,BH Jacques Dutilhweg,51.927993284,4.5475155,10,6,9999
2026-03-12T15:09:26.503180,d868fe52-36e5-11f0-ab1d-9ae3af3bf913,BH Sluisjesdijk,51.894714517,4.461900478,10,2,0
2026-03-12T15:09:26.503180,4338fed2-edbb-11ee-a9f0-82366b51b915,BH Oostzeedijk Beneden 2,51.921653595,4.507031037,10,8,9999
2026-03-12T15:09:26.503180,2c82bb9a-217b-11ee-8219-8ed3b2364c4f,Hub Weena,51.922738296,4.469181329,142,31,9999
2026-03-12T15:09:26.503180,96f5cbdc-06f6-11ef-b58d-569a23b994be,BH Argonautenweg,51.959086712,4.49354982,10,0,9999
2026-03-12T15:09:26.503180,2f51713e-32b7-11ee-8219-8ed3b2364c4f,Hub P+R Capelsebrug,51.920991793,4.559215491,18,3,9999
2026-03-12T15:09:26.503180,62b0255a-9e7a-11ee-a91e-ee69b7c7763e,BH Vierhavenstraat,51.910327597,4.434992993,16,9,9999
2026-03-12T15:09:26.503180,2b10524e-06f5-11ef-b58d-569a23b994be,BH Piet van der Polsingel,51.950618784,4.518612648,8,2,9999
2026-03-12T15:09:26.503180,47070056-06fa-11ef-b58d-569a23b994be,BH Metrostation Schenkel,51.931770435,4.56406792,12,1,9999
2026-03-12T15:09:26.503180,7a8c12ba-91ab-11ed-b1e6-fa4fb8e2990b,BH Metrostation Slinge,51.874526023,4.477872534,15,3,9999
2026-03-12T15:09:26.503180,026045c6-8530-11ee-bb01-c602c1905375,BH Winkelhart Katendrechtse Lagedijk,51.891184937,4.479440034,10,0,9999
2026-03-12T15:09:26.503180,9d9bb8ec-4bd1-11ee-bb01-c602c1905375,BH Marconiplein,51.913319277,4.432514448,10,2,9999
2026-03-12T15:09:26.503180,8330f3ca-a5b4-11f0-ab44-baed9603afbb,Fokkerstraat Plesmanstraat,51.929694009,4.399576614,4,1,9999
2026-03-12T15:09:26.503180,5b842034-5331-11f0-ab1d-9ae3af3bf913,BH Walenburgerweg,51.926698659,4.462629155,10,7,9999
2026-03-12T15:09:26.503180,a08059b6-b484-11ee-9ae6-5263e3f30f1e,BH Metrostation Gerdesiaweg,51.925444134,4.506155972,10,3,9999
2026-03-12T15:09:26.503180,2f718c84-8911-11ee-bb01-c602c1905375,BH Metro Dijkzigt - EMC,51.911789199,4.466334846,20,17,9999
2026-03-12T15:09:26.503180,f58e41fc-1c9f-11ee-8219-8ed3b2364c4f,BH Heemraadsplein,51.912322959,4.455058085,10,10,9999
2026-03-12T15:09:26.503180,79fdd038-34b8-11f0-ab1d-9ae3af3bf913,BH RTHA Airport,51.94924845,4.432611987,10,7,0
2026-03-12T15:09:26.503180,1c41897e-596e-11ef-bed6-aa139991deb4,HUB Metrostation Nieuwland / Bijdorpplein,51.922583819,4.38260008,10,0,9999
2026-03-12T15:09:26.503180,a57d027c-8912-11ee-bb01-c602c1905375,BH Delftse Poort,51.924408145,4.472816464,10,14,9999
2026-03-12T15:09:26.503180,6383849a-2038-11f0-ab1d-9ae3af3bf913,BH - Kralingsebos (Langepad),51.936318565,4.506197017,10,1,9999
2026-03-12T15:09:26.503180,e90e9332-06f5-11ef-b58d-569a23b994be,BH Burgemeester Le Fèvre de Montignylaan,51.957620055,4.501711782,10,1,9999
2026-03-12T15:09:26.503180,5cb3ffde-bdaf-11ed-b1e6-fa4fb8e2990b,RK Stadionlaan,51.892328813,4.530682857,10,4,9999
2026-03-12T15:09:26.503180,02bed1f8-8392-11ee-bb01-c602c1905375,BH Station Alexander,51.951735827,4.551049232,10,10,9999
2026-03-12T15:09:26.503180,08d5cf66-8ab2-11ee-bb01-c602c1905375,BH Winkelhart Asterlo,51.873536387,4.483591736,10,1,9999
2026-03-12T15:09:26.503180,0e51e024-c757-11ee-9ae6-5263e3f30f1e,BH Metrostation Binnenhof,51.960437867,4.535372966,10,6,9999
2026-03-12T15:09:26.503180,409f87f6-890f-11ee-bb01-c602c1905375,BH Metro Beurs,51.917806013,4.480107053,8,7,9999
2026-03-12T15:09:26.503180,d6a7cd26-4d08-11f0-ab1d-9ae3af3bf913,BH - Oudehoofdplein-Haringvliet,51.918979475,4.49384405,10,6,9999
2026-03-12T15:09:26.503180,f0ad9b92-1767-11ef-8071-42f0fecaeb6a,BH Prinsenlaan,51.937206457,4.536127586,10,0,9999
2026-03-12T15:09:26.503180,f06fd44c-2035-11f0-ab1d-9ae3af3bf913,BH Boezemlaan,51.938982631,4.495864471,10,6,9999
2026-03-12T15:09:26.503180,8d91a90c-9e83-11ee-a91e-ee69b7c7763e,BH Kraaierstraat,51.91909698,4.418192898,8,5,9999
2026-03-12T15:09:26.503180,a2671a36-bdad-11ed-b1e6-fa4fb8e2990b,RK Dwarsdijk,51.893055987,4.539201504,10,8,9999
2026-03-12T15:09:26.503180,376a5cda-06f8-11ef-b58d-569a23b994be,BH Ganzerikplein,51.958953276,4.471584016,10,5,9999
2026-03-12T15:09:26.503180,5cdd9872-b096-11ef-b6d3-56d88772ab1a,BH Wilgenplaslaan/ Meidoornsingel,51.953868042,4.468211582,7,1,9999
2026-03-12T15:09:26.503180,952a3e78-a8db-11ef-8778-d2279db84567,BH Lloydstraat,51.902214281,4.461287644,10,11,9999
2026-03-12T15:09:26.503180,a6fa0910-8067-11ed-b1e6-fa4fb8e2990b,BH Stadion Fey (Bert Heesakkerstr.),51.896805818,4.521735582,50,3,9999
2026-03-12T15:09:26.503180,a1337d02-e018-11ed-a249-96cdaf8f7240,BH Sint Franciscus,51.942171146,4.460534407,25,4,9999
2026-03-12T15:09:26.503180,d3cea108-8285-11f0-ab44-baed9603afbb,BH - Ratelaarweg,51.967431611,4.463349689,10,1,9999
2026-03-12T15:09:26.503180,3bef7002-bdb5-11ed-b1e6-fa4fb8e2990b,RK Breeweg,51.890630632,4.514261169,10,3,9999
2026-03-12T15:09:26.503180,8c90734c-45bb-11ee-8219-8ed3b2364c4f,BH Coen Moulijnweg,51.893813253,4.526876329,42,3,9999
2026-03-12T15:09:26.503180,1b098490-2037-11f0-ab1d-9ae3af3bf913,BH Karmelweg,51.933461291,4.5029394,8,0,9999
2026-03-12T15:09:26.503180,23348a06-bdb1-11ed-b1e6-fa4fb8e2990b,RK Guido Gezelleweg,51.87434607,4.523238145,10,4,9999
2026-03-12T15:09:26.503180,66824038-37b2-11ef-a21a-8e54a72a50da,HUB Metrostation Parkweg / Zuidzijde,51.921443238,4.39475836,10,0,10
2026-03-12T15:09:26.503180,2c127298-ff25-11ef-a79f-a65a77daff90,BH Aert van Nesstraat,51.921141166,4.478916173,8,11,9999
2026-03-12T15:09:26.503180,cde445c6-a744-11ef-8778-d2279db84567,BH Groenendaal,51.921685178,4.492944049,6,12,9999
2026-03-12T15:09:26.503180,97c6a1c2-a8da-11ef-8778-d2279db84567,BH Henegouwerplein,51.921807589,4.460561523,10,6,9999
2026-03-12T15:09:26.503180,e68d5642-a5b5-11f0-b6c1-baed9603afbb,HUB NS Station Schiedam Centrum/ Professor Kamerlingh Onneslaan,51.92071744,4.408262487,12,2,9999
2026-03-12T15:09:26.503180,82623a40-bda3-11ed-b1e6-fa4fb8e2990b,RK Rosestraat,51.91100607,4.501308573,10,3,9999
2026-03-12T15:09:26.503180,b7353df6-b485-11ee-9ae6-5263e3f30f1e,BH Metrostation Kralingsezoom (Gravenweg),51.921751706,4.533850265,10,6,9999
2026-03-12T15:09:26.503180,6c34980a-bb92-11ef-a02d-6ea8ed91bd56,BH Gordelweg (Lidl),51.940472428,4.479798999,4,2,9999
2026-03-12T15:09:26.503180,5904bd1a-a5b5-11f0-b05b-baed9603afbb,HUB Hof van Spaland - Bachplein,51.934889388,4.374726808,8,2,9999
2026-03-12T15:09:26.503180,32ca5fd0-8126-11ed-b1e6-fa4fb8e2990b,RK Vuurplaat,51.906526668,4.505838102,10,3,9999
2026-03-12T15:09:26.503180,f94a1ff6-b095-11ef-b6d3-56d88772ab1a,BH Bm Le Fèvre de Montignylaan/ Jeroen Boschlaan,51.955641943,4.505982462,6,0,9999
2026-03-12T15:09:26.503180,4228b402-8537-11ee-bb01-c602c1905375,BH Tongelaarweg,51.895280064,4.563514996,10,2,9999
2026-03-12T15:09:26.503180,6f66a60c-36e5-11f0-ab1d-9ae3af3bf913,BH Lloydpier,51.904487669,4.460458303,8,5,0
2026-03-12T15:09:26.503180,7d81b63e-a5b5-11f0-b05b-baed9603afbb,HUB 's Gravelandseweg,51.932091958,4.401924037,6,2,9999
2026-03-12T15:09:26.503180,a3dbb322-8121-11ed-b1e6-fa4fb8e2990b,RK Metrostation Rijnhaven ,51.902216981,4.49610172,15,4,9999
2026-03-12T15:09:26.503180,cf23b50e-9ad0-11f0-ab44-baed9603afbb,BH Natuurhistorisch museum,51.911022288,4.472728259,12,1,9999
2026-03-12T15:09:26.503180,d55243f6-182b-11ef-a8d1-42f0fecaeb6a,BH Siciliëboulevard ,51.97996654,4.580859756,10,1,9999
2026-03-12T15:09:26.503180,e0f7ef36-a5b4-11f0-ab44-baed9603afbb,Havenstraat einde (digitale testhub),51.900396883,4.398614319,12,0,9999
2026-03-12T15:09:26.503180,05d1d708-eabd-11ef-88c2-aa7241d1fb4f,HUB De Thermen ,51.927426752,4.380236246,8,2,9999
2026-03-12T15:09:26.503180,b3381a7a-2036-11f0-ab1d-9ae3af3bf913,BH Oudedijk / de Nieuwe Plantage,51.929149075,4.505248613,8,6,9999
2026-03-12T15:09:26.503180,8b480576-eabc-11ee-a9f0-82366b51b915,BH Schiedamseweg Beneden,51.914135146,4.422297364,5,8,9999
2026-03-12T15:09:26.503180,89a2f1d2-a5b3-11f0-ab44-baed9603afbb,Metrostation Vijfsluizen,51.908108215,4.37254105,8,1,9999
2026-03-12T15:09:26.503180,e50f3d1e-f069-11ef-9ed7-0ea3ed1ae564,HUB Oranjestraat - Lange Nieuwstraat,51.913368472,4.40030457,5,0,9999
2026-03-12T15:09:26.503180,4c1b19a4-d0a1-11ee-8b0e-065810cc8d78,BH Elandstraat,51.910800072,4.553878993,10,5,9999
2026-03-12T15:09:26.503180,bbbba24e-806e-11ed-b1e6-fa4fb8e2990b,RK P+R Noorderhelling,51.894761016,4.532122707,15,1,9999
2026-03-12T15:09:26.503180,3ac0b682-8129-11ed-b1e6-fa4fb8e2990b,RK Cor Kieboomplein,51.896922039,4.523502821,15,2,9999
2026-03-12T15:09:26.503180,5a3ffbf4-37b1-11ef-a21a-8e54a72a50da,HUB Metrostation Nieuwland / Van Limburg Stirumstraat,51.922446663,4.38308784,6,2,4
2026-03-12T15:09:26.503180,5d8d12a2-a5b4-11f0-ab44-baed9603afbb,Van Heekstraat,51.931167557,4.406024405,4,0,9999
2026-03-12T15:09:26.503180,f251d6e8-0b82-11ef-b58d-569a23b994be,BH Metrostation Graskruid ,51.956473743,4.550010233,8,2,9999
2026-03-12T15:09:26.503180,a4d2ea7c-b2f0-11ef-aa57-62870c7808bb,BH 2e Hogenbanweg,51.936951327,4.427707182,8,0,9999
2026-03-12T15:09:26.503180,75ba0d1a-2037-11f0-ab1d-9ae3af3bf913,BH Stadhoudersweg,51.931417737,4.461484988,10,3,9999
2026-03-12T15:09:26.503180,bc6b0d7e-a745-11ef-8778-d2279db84567,BH Goudsewagenstraat,51.923224462,4.493552746,8,9,9999
2026-03-12T15:09:26.503180,0f37eafc-8912-11ee-bb01-c602c1905375,BH Metro Oostplein,51.922677789,4.497608825,10,11,9999
2026-03-12T15:09:26.503180,aed7c2fa-8123-11ed-b1e6-fa4fb8e2990b,RK Groene Hilledijk/Beijerlandselaan,51.893806789,4.509452258,10,4,9999
2026-03-12T15:09:26.503180,c76f0318-bb92-11ef-a02d-6ea8ed91bd56,BH NS Centraal Station (Stationssingel),51.925399994,4.466148375,10,14,9999
2026-03-12T15:09:26.503180,361a368c-a5b4-11f0-ab44-baed9603afbb,Sportpark Haga (Epke Zonderlandstraat),51.921919868,4.370918199,8,2,9999
2026-03-12T15:09:26.503180,f4c0fe5e-02d6-11ef-b58d-569a23b994be,BH Paulus Potterstraat,51.9228414,4.508497696,10,4,9999
2026-03-12T15:09:26.503180,48cbf66e-9f15-11ee-a91e-ee69b7c7763e,BH Franselaan,51.917379138,4.420463507,10,8,9999
2026-03-12T15:09:26.503180,e9735b4e-7da7-11f0-ab44-baed9603afbb,BH Veldkersweg,51.966835673,4.46657292,8,0,9999
2026-03-12T15:09:26.503180,4b1ac684-bb93-11ef-a02d-6ea8ed91bd56,BH Noorderkanaalweg,51.940525593,4.472984586,9,2,9999
2026-03-12T15:09:26.503180,033a9392-3700-11f0-ab1d-9ae3af3bf913,BH Herman Bavinckstraat,51.915067882,4.521446921,10,6,9999
2026-03-12T15:09:26.503180,ffe8c3e8-a8da-11ef-8778-d2279db84567,BH Mathenesserplein,51.917836602,4.44508891,8,4,9999
2026-03-12T15:09:26.503180,e377069a-ff63-11ef-a79f-a65a77daff90,BH Kralingsebos Bosdreef/Pr. Beatrixlaan,51.93789612,4.501689644,8,1,9999
2026-03-12T15:09:26.503180,7af95f9c-a747-11ef-8778-d2279db84567,BH Kruisplein,51.92228569,4.47138789,6,11,9999
2026-03-12T15:09:26.503180,4c50cb7a-bdb6-11ed-b1e6-fa4fb8e2990b,RK Olympiaweg,51.886462746,4.529133302,10,2,9999
2026-03-12T15:09:26.503180,a694ef4e-36e5-11f0-ab1d-9ae3af3bf913,BH Neushoornstraat,51.913041554,4.553743002,6,0,2
2026-03-12T15:09:26.503180,be56ca62-8120-11ed-b1e6-fa4fb8e2990b,RK P+R Beverwaard,51.885771514,4.568986239,10,1,9999
2026-03-12T15:09:26.503180,d5af3bc4-806a-11ed-b1e6-fa4fb8e2990b,BH Kievitslaan,51.907226862,4.473300159,17,7,9999
2026-03-12T15:09:26.503180,dd006abc-a5b3-11f0-ab44-baed9603afbb,Havenstraat,51.903204365,4.398004897,8,0,9999
2026-03-12T15:09:26.503180,6f09af84-eabe-11ee-a9f0-82366b51b915,BH Delftseplein ,51.925206514,4.474011701,14,3,9999
2026-03-12T15:09:26.503180,1cfb89ec-806b-11ed-b1e6-fa4fb8e2990b,BH Westplein,51.908912961,4.478583441,10,3,9999
2026-03-12T15:09:26.503180,12fc10a4-bb94-11ef-a02d-6ea8ed91bd56,BH Noordplein,51.930251975,4.483699175,10,4,9999
2026-03-12T15:09:26.503180,276e8d26-bda0-11ed-b1e6-fa4fb8e2990b,RK Strevelsweg,51.889634937,4.495943368,15,1,9999
2026-03-12T15:09:26.503180,9e066470-2038-11f0-ab1d-9ae3af3bf913,BH Kralinger Esch,51.911179823,4.524762065,9,7,9999
2026-03-12T15:09:26.503180,9b1f0aaa-8125-11ed-b1e6-fa4fb8e2990b,RK Slaghekstraat - Beijerlandselaan,51.897574833,4.511261604,10,2,9999
2026-03-12T15:09:26.503180,b8c81048-2037-11f0-ab1d-9ae3af3bf913,BH Van Maanenstraat,51.932279316,4.464280453,6,5,9999
2026-03-12T15:09:26.503180,1f4ff66c-bdb8-11ed-b1e6-fa4fb8e2990b,RK Van der Takstraat ,51.914243737,4.496045621,10,7,9999
2026-03-12T15:09:26.503180,3b523cee-5c94-11f0-ab1d-9ae3af3bf913,BH - Wilhelminapier,51.90698281,4.489727426,14,9,9999
2026-03-12T15:09:26.503180,e8d292d2-039a-11ef-b58d-569a23b994be,BH Mia van Yperenplein ,51.928414546,4.545678043,10,6,9999
2026-03-12T15:09:26.503180,12daf18a-8068-11ed-b1e6-fa4fb8e2990b,BH Treinst. Lombardijen (Aesopusplaats),51.880478018,4.530040287,10,0,9999
2026-03-12T15:09:26.503180,558e4a5a-eaba-11ee-a9f0-82366b51b915,BH Blijdorplaan ,51.927389289,4.440437692,22,14,9999
2026-03-12T15:09:26.503180,5a8de282-36ee-11f0-ab1d-9ae3af3bf913,BH van Blommesteynweg,51.888148155,4.460842726,10,2,9999
2026-03-12T15:09:26.503180,078569ee-a5b5-11f0-ab44-baed9603afbb,Nieuwe Waterwegstraat (digitale testhub),51.900682979,4.390873601,12,0,9999
2026-03-12T15:09:26.503180,8e5dd27e-06fd-11ef-b58d-569a23b994be,BH Prins Alexanderplein,51.951040272,4.553684972,14,0,9999
2026-03-12T15:09:26.503180,a6843864-fbc4-11ee-b58d-569a23b994be,Trompenburg 1,51.917696349,4.517981647,10,9,0
2026-03-12T15:09:26.503180,5b583480-a8da-11ef-8778-d2279db84567,BH Duyststraat,51.910073429,4.452225738,8,0,9999
2026-03-12T15:09:26.503180,2510e9ba-a5b6-11f0-847a-baed9603afbb,Hub Kloosterplaats,51.91675013,4.402112308,6,6,9999
2026-03-12T15:09:26.503180,880e3e72-a8dd-11ef-8778-d2279db84567,BH Spaansebocht,51.917413667,4.430014126,9,1,9999
2026-03-12T15:09:26.503180,b5b3324a-edb9-11ee-a9f0-82366b51b915,BH Siondwarsstraat,51.925261494,4.51053174,10,0,9999
2026-03-12T15:09:26.503180,94b01d94-edc6-11ee-a9f0-82366b51b915,BH Schuttersveld,51.933248028,4.490978921,10,6,9999
2026-03-12T15:09:26.503180,69b33170-edbd-11ee-a9f0-82366b51b915,BH Metro Oostplein 2,51.923145722,4.496820843,10,3,9999
2026-03-12T15:09:26.503180,67d6af9a-f068-11ef-ba40-0ea3ed1ae564,HUB Hof van Spaland - Schiedamseweg,51.934898803,4.378145906,12,1,9999
2026-03-12T15:09:26.503180,4933dd54-9e7c-11ee-a91e-ee69b7c7763e,BH Willem Ruyslaan (Luzac College),51.925421889,4.508669446,10,8,9999
2026-03-12T15:09:26.503180,9f935b6c-b095-11ef-b6d3-56d88772ab1a,BH Bergpolderplein,51.945227242,4.474988047,8,3,9999
2026-03-12T15:09:26.503180,8a2d056c-bb93-11ef-a02d-6ea8ed91bd56,BH NS Station Noord (Bergweg),51.941530048,4.481339526,10,5,2
2026-03-12T15:09:26.503180,4d95ab34-8122-11ed-b1e6-fa4fb8e2990b,RK Metrostation Maashaven ,51.896573582,4.494245173,30,0,9999
2026-03-12T15:09:26.503180,3d015ff0-8394-11ee-bb01-c602c1905375,BH Metrostation Oosterflank,51.945209326,4.555045447,10,1,9999
2026-03-12T15:09:26.503180,defeb050-a747-11ef-8778-d2279db84567,BH Karel Doormanstraat,51.922789549,4.473609692,9,9,9999
2026-03-12T15:09:26.503180,b5dc5454-890f-11ee-bb01-c602c1905375,BH Schilderstraat,51.916377397,4.48142868,8,6,9999
2026-03-12T15:09:26.503180,2f12ae3e-806c-11ed-b1e6-fa4fb8e2990b,BH Winkelcentrum Keizerswaard-Herenw,51.886358391,4.549308056,15,14,9999
2026-03-12T15:09:26.503180,3b6d73a8-805d-11ed-b1e6-fa4fb8e2990b,BH Metrostation Melanchtonweg,51.94881199,4.465233746,10,6,9999
2026-03-12T15:09:26.503180,d5832958-891a-11ee-bb01-c602c1905375,BH Metro Zuidplein (nieuw),51.887180341,4.491554668,10,2,9999
2026-03-12T15:09:26.503180,a535094e-b162-11ef-bdcd-5adc5d29ed54,BH Eudokiaplein,51.932433484,4.47153255,9,11,9999
2026-03-12T15:09:26.503180,437f8dc8-bd9e-11ed-b1e6-fa4fb8e2990b,RK Hillevliet,51.89558515,4.506432514,10,0,9999
2026-03-12T15:09:26.503180,f10d8ab4-9997-11ee-a91e-ee69b7c7763e,BH Shell Hofplein,51.925705456,4.477781355,28,7,9999
2026-03-12T15:09:26.503180,94467720-8127-11ed-b1e6-fa4fb8e2990b,RK Persoonsdam,51.909309099,4.508017165,10,2,9999
2026-03-12T15:09:26.503180,9245444a-2023-11f0-ab1d-9ae3af3bf913,BH Witte de Withstraat,51.915906523,4.478080905,10,8,9999
2026-03-12T15:09:26.503180,49d59348-ff64-11ef-b515-a65a77daff90,BH Bergweg (Dirk van den Broek),51.93856254,4.479465675,6,4,9999
2026-03-12T15:09:26.503180,30fb96bc-8124-11ed-b1e6-fa4fb8e2990b,RK Beverwaardseweg/ Borgharensingel,51.898798338,4.564663375,10,1,9999
2026-03-12T15:09:26.503180,9a1fb404-8ab3-11ee-bb01-c602c1905375,BH Langenhorst ,51.874120882,4.494254863,10,1,9999
2026-03-12T15:09:26.503180,abe67bfa-b096-11ef-b6d3-56d88772ab1a,BH Wilgenplaslaan/ Donkersingel,51.951337599,4.47048253,10,6,9999
2026-03-12T15:09:26.503180,068b0f9c-a8dd-11ef-8778-d2279db84567,BH Vierhavenstraat (Sahan),51.908502395,4.437727106,4,2,9999
2026-03-12T15:09:26.503180,bc0e7e9c-a8da-11ef-8778-d2279db84567,BH Jan van Vuchtstraat,51.917045317,4.460830874,6,2,9999
2026-03-12T15:09:26.503180,8b721818-a5b2-11f0-ab44-baed9603afbb,Lekstraat,51.90446958,4.406985264,6,3,9999
2026-03-12T15:09:26.503180,ad212572-06f7-11ef-b58d-569a23b994be,BH Molenlaan/Grindweg,51.963224537,4.49571068,10,2,9999
2026-03-12T15:09:26.503180,f8828c3e-806d-11ed-b1e6-fa4fb8e2990b,RK Station Rdam Zuid,51.905545015,4.509568537,15,5,9999
2026-03-12T15:09:26.503180,5f71799e-806b-11ed-b1e6-fa4fb8e2990b,BH Willemsplein,51.911118908,4.481894771,17,2,9999
2026-03-12T15:09:26.503180,42824336-bd97-11ed-b1e6-fa4fb8e2990b,RK Groene Hilledijk,51.882726433,4.504266667,10,2,9999
2026-03-12T15:09:26.503180,db6932f4-182b-11ef-a8d1-42f0fecaeb6a,BH Metrostation Nesselande,51.978969273,4.586177782,10,0,9999
2026-03-12T15:09:26.503180,e26322b0-2025-11f0-ab1d-9ae3af3bf913,BH Brielselaan,51.896298935,4.489248091,4,2,9999
2026-03-12T15:09:26.503180,c862b7f2-06fb-11ef-b58d-569a23b994be,BH Prins Alexanderlaan (metrobaan zijde),51.952192324,4.551435621,10,0,9999
2026-03-12T15:09:26.503180,c53689c2-8124-11ed-b1e6-fa4fb8e2990b,RK Peellandstraat / Beesdestraat ,51.888535309,4.567291893,10,4,9999
2026-03-12T15:09:26.503180,8f5d35a0-1834-11ef-8071-42f0fecaeb6a,BH Jan Bijloostraat (Winkelcentrum Lage Land),51.941821995,4.546449269,9,2,9999
2026-03-12T15:09:26.503180,f8fcd3a4-983a-11ef-a85a-be896af2d3a5,BH Rhijnauwensingel,51.892161199,4.569620613,12,2,9999
2026-03-12T15:09:26.503180,118239d4-a5b2-11f0-ab44-baed9603afbb,Lorentzlaan (bushalte),51.917994492,4.415061192,4,1,9999
2026-03-12T15:09:26.503180,0c107276-bdb7-11ed-b1e6-fa4fb8e2990b,RK Sandelingenplein,51.889562128,4.506962326,10,2,9999
2026-03-12T15:09:26.503180,75b8bea6-81d8-11ed-b1e6-fa4fb8e2990b,RK Metrostation Maashaven (Putselaan),51.897794241,4.495760713,10,7,9999
2026-03-12T15:09:26.503180,a20bbbae-bdae-11ed-b1e6-fa4fb8e2990b,RK Frankendaal,51.886951976,4.521294152,10,0,9999
2026-03-12T15:09:26.503180,f1df385c-f5b2-11ef-81b3-76e5c571f05f,HUB Admiraal de Ruyterstraat,51.906742474,4.38554997,8,3,9999
2026-03-12T15:09:26.503180,4247dd56-1c9f-11ee-8219-8ed3b2364c4f,BH Metro Coolhaven,51.909218289,4.458167882,10,8,9999
2026-03-12T16:16:16.554869,65af1c24-06f4-11ef-b58d-569a23b994be,BH Meerum Terwogtlaan,51.951763386,4.524587387,10,1,9999
2026-03-12T16:16:16.554869,bc839806-a5b1-11f0-ab44-baed9603afbb,Van het Hoffplein (Boerhavelaan),51.916219132,4.412005574,8,3,9999
2026-03-12T16:16:16.554869,2c632780-a8de-11ef-8778-d2279db84567,BH Schuttevaerweg,51.922420472,4.434869706,10,3,9999
2026-03-12T16:16:16.554869,a3c07f10-a5b5-11f0-b05b-baed9603afbb,HUB Hoofdbrug,51.908705902,4.406131267,8,1,9999
2026-03-12T16:16:16.554869,b9bfe680-fbc4-11ee-b58d-569a23b994be,Trompenburg 2,51.917638379,4.518889893,10,0,10
2026-03-12T16:16:16.554869,3c659862-a8dd-11ef-8778-d2279db84567,BH Mayflowerstraat,51.905015647,4.440161906,10,7,9999
2026-03-12T16:16:16.554869,e0a4baca-a748-11ef-8778-d2279db84567,BH Mariniersweg,51.920853425,4.490979502,10,4,9999
2026-03-12T16:16:16.554869,c35c448e-06fc-11ef-b58d-569a23b994be,BH Jacob van Campenweg ,51.942434165,4.537976212,7,8,9999
2026-03-12T16:16:16.554869,438486f4-a5b6-11f0-a150-baed9603afbb,HUB Koemarkt ingang garage,51.914517902,4.401917461,6,2,9999
2026-03-12T16:16:16.554869,365f4a3e-a5b3-11f0-ab44-baed9603afbb,Rubensplein,51.911712719,4.383665134,6,1,9999
2026-03-12T16:16:16.554869,a85b996e-fe23-11ee-b58d-569a23b994be,BH Dirk van der Kooijweg (Waterleliesingel),51.953796964,4.52009166,10,0,9999
2026-03-12T16:16:16.554869,19e2de56-b5d8-11ee-9ae6-5263e3f30f1e,BH STC Waalhaven,51.878297275,4.448759787,10,1,9999
2026-03-12T16:16:16.554869,c6c213ee-ed18-11ef-9957-f683e5eb607c,BH Langenhorst (Binkhorst),51.877310029,4.494737503,10,3,9999
2026-03-12T16:16:16.554869,3366f8b0-a8dc-11ef-8778-d2279db84567,BH Vierhavenstraat (WoonEnzo),51.907777562,4.438830385,4,8,9999
2026-03-12T16:16:16.554869,04a89aea-a5b3-11f0-ab44-baed9603afbb,Groenelaan Hagastraat (Winkelcentrum),51.907303396,4.402285408,4,1,9999
2026-03-12T16:16:16.554869,32638aa6-a5b5-11f0-9f09-baed9603afbb,HUB Laan van Bol'es,51.928443203,4.370771711,10,2,9999
2026-03-12T16:16:16.554869,291c2f72-a749-11ef-8778-d2279db84567,BH Westzeedijk,51.909321622,4.471436479,10,2,9999
2026-03-12T16:16:16.554869,abd627be-67bb-11f0-91de-5eaa9feacc9b,BH Schiekade (Heer Bokelweg),51.927133058,4.476309832,10,0,9999
2026-03-12T16:16:16.554869,8948d5a4-b094-11ef-b6d3-56d88772ab1a,BH Duivenpad,51.964922912,4.498254116,8,4,9999
2026-03-12T16:16:16.554869,227e8c1e-be97-11ee-9ae6-5263e3f30f1e,HUB Metrostation Troelstralaan,51.915742295,4.384972326,10,0,9999
2026-03-12T16:16:16.554869,0af509a8-06f7-11ef-b58d-569a23b994be,BH Beethovensingel,51.96114919,4.505141448,10,14,9999
2026-03-12T16:16:16.554869,dc06f296-1768-11ef-8071-42f0fecaeb6a,BH Prins Alexanderlaan (Oosterflank),51.946646256,4.553811478,12,3,9999
2026-03-12T16:16:16.554869,221af3ce-7fe1-11ee-bb01-c602c1905375,BH Metro Prinsenlaan,51.940647564,4.556931306,10,2,9999
2026-03-12T16:16:16.554869,a793d6ba-edc8-11ee-a9f0-82366b51b915,BH Infirmeriestraat,51.922255603,4.502265891,10,7,9999
2026-03-12T16:16:16.554869,0359e1a2-bdb3-11ed-b1e6-fa4fb8e2990b,RK Rosestraat 11C,51.902954022,4.511377745,10,12,9999
2026-03-12T16:16:16.554869,87f07e20-9e78-11ee-a91e-ee69b7c7763e,BH Marconistraat (Lee Towers),51.912441021,4.430411189,14,3,9999
2026-03-12T16:16:16.554869,f539bd6e-06f8-11ef-b58d-569a23b994be,BH Meijersplein,51.955657978,4.463033845,8,5,9999
2026-03-12T16:16:16.554869,70f0801a-8071-11ed-b1e6-fa4fb8e2990b,RK treinstation Lombardijen,51.88057913,4.531905572,30,5,9999
2026-03-12T16:16:16.554869,43752ffc-a8db-11ef-8778-d2279db84567,BH Pieter de Hoochweg,51.906316301,4.459985731,6,9,9999
2026-03-12T16:16:16.554869,b35ddad8-ab08-11ef-8778-d2279db84567,HUB Rotterdamsedijk 272,51.914957692,4.40343084,8,1,9999
2026-03-12T16:16:16.554869,9b1fa0f6-ae3c-11ee-a91e-ee69b7c7763e,BH Winkelhart Plein 1953,51.874842065,4.467889739,10,2,9999
2026-03-12T16:16:16.554869,8bd90878-0884-11f0-9a47-66143dd92f22,RK Molenvliet,51.882626536,4.521159806,10,5,9999
2026-03-12T16:16:16.554869,45450b66-a5b2-11f0-ab44-baed9603afbb,Maasdijk (Gustoweg),51.906629018,4.412009895,6,2,9999
2026-03-12T16:16:16.554869,4de2effe-f068-11ef-ba40-0ea3ed1ae564,HUB Hof van Spaland - Vlaardingseweg,51.935841728,4.376077923,4,0,9999
2026-03-12T16:16:16.554869,d38c6468-06fe-11ef-b58d-569a23b994be,BH Kleine Beer,51.950902127,4.555051083,6,2,9999
2026-03-12T16:16:16.554869,e552904e-182b-11ef-a8d1-42f0fecaeb6a,BH Metrostation Hesseplaats,51.963345229,4.554510684,10,3,9999
2026-03-12T16:16:16.554869,1826196c-b162-11ef-bdcd-5adc5d29ed54,BH Bentincklaan (Diergaarde Blijdorp),51.92572504,4.454794024,10,2,9999
2026-03-12T16:16:16.554869,8a1e5ed0-1c9e-11ee-8219-8ed3b2364c4f,BH Sparta stadion,51.920151368,4.434428835,20,18,9999
2026-03-12T16:16:16.554869,d3c9003c-b486-11ee-9ae6-5263e3f30f1e,BH Oostzeedijk Beneden,51.922514244,4.503092963,10,6,9999
2026-03-12T16:16:16.554869,552a82b8-b094-11ef-b6d3-56d88772ab1a,BH Hockeyclub Rotterdam,51.96869974,4.484731647,25,2,9999
2026-03-12T16:16:16.554869,cb3f6d1c-a746-11ef-8778-d2279db84567,BH Vasteland (AH),51.911537089,4.478368712,10,15,9999
2026-03-12T16:16:16.554869,d4a8557a-eabd-11ef-ac99-aa7241d1fb4f,HUB Admiraal Trompstraat (Huisman),51.908834504,4.381923039,8,0,9999
2026-03-12T16:16:16.554869,00e8b3de-9e82-11ee-a91e-ee69b7c7763e,BH Jacques Dutilhweg,51.927993284,4.5475155,10,6,9999
2026-03-12T16:16:16.554869,d868fe52-36e5-11f0-ab1d-9ae3af3bf913,BH Sluisjesdijk,51.894714517,4.461900478,10,2,0
2026-03-12T16:16:16.554869,4338fed2-edbb-11ee-a9f0-82366b51b915,BH Oostzeedijk Beneden 2,51.921653595,4.507031037,10,8,9999
2026-03-12T16:16:16.554869,2c82bb9a-217b-11ee-8219-8ed3b2364c4f,Hub Weena,51.922738296,4.469181329,142,34,9999
2026-03-12T16:16:16.554869,96f5cbdc-06f6-11ef-b58d-569a23b994be,BH Argonautenweg,51.959086712,4.49354982,10,0,9999
2026-03-12T16:16:16.554869,2f51713e-32b7-11ee-8219-8ed3b2364c4f,Hub P+R Capelsebrug,51.920991793,4.559215491,18,3,9999
2026-03-12T16:16:16.554869,62b0255a-9e7a-11ee-a91e-ee69b7c7763e,BH Vierhavenstraat,51.910327597,4.434992993,16,9,9999
2026-03-12T16:16:16.554869,2b10524e-06f5-11ef-b58d-569a23b994be,BH Piet van der Polsingel,51.950618784,4.518612648,8,2,9999
2026-03-12T16:16:16.554869,47070056-06fa-11ef-b58d-569a23b994be,BH Metrostation Schenkel,51.931770435,4.56406792,12,1,9999
2026-03-12T16:16:16.554869,7a8c12ba-91ab-11ed-b1e6-fa4fb8e2990b,BH Metrostation Slinge,51.874526023,4.477872534,15,3,9999
2026-03-12T16:16:16.554869,026045c6-8530-11ee-bb01-c602c1905375,BH Winkelhart Katendrechtse Lagedijk,51.891184937,4.479440034,10,0,9999
2026-03-12T16:16:16.554869,9d9bb8ec-4bd1-11ee-bb01-c602c1905375,BH Marconiplein,51.913319277,4.432514448,10,3,9999
2026-03-12T16:16:16.554869,8330f3ca-a5b4-11f0-ab44-baed9603afbb,Fokkerstraat Plesmanstraat,51.929694009,4.399576614,4,1,9999
2026-03-12T16:16:16.554869,5b842034-5331-11f0-ab1d-9ae3af3bf913,BH Walenburgerweg,51.926698659,4.462629155,10,5,9999
2026-03-12T16:16:16.554869,a08059b6-b484-11ee-9ae6-5263e3f30f1e,BH Metrostation Gerdesiaweg,51.925444134,4.506155972,10,2,9999
2026-03-12T16:16:16.554869,2f718c84-8911-11ee-bb01-c602c1905375,BH Metro Dijkzigt - EMC,51.911789199,4.466334846,20,15,9999
2026-03-12T16:16:16.554869,f58e41fc-1c9f-11ee-8219-8ed3b2364c4f,BH Heemraadsplein,51.912322959,4.455058085,10,10,9999
2026-03-12T16:16:16.554869,79fdd038-34b8-11f0-ab1d-9ae3af3bf913,BH RTHA Airport,51.94924845,4.432611987,10,7,0
2026-03-12T16:16:16.554869,1c41897e-596e-11ef-bed6-aa139991deb4,HUB Metrostation Nieuwland / Bijdorpplein,51.922583819,4.38260008,10,0,9999
2026-03-12T16:16:16.554869,a57d027c-8912-11ee-bb01-c602c1905375,BH Delftse Poort,51.924408145,4.472816464,10,16,9999
2026-03-12T16:16:16.554869,6383849a-2038-11f0-ab1d-9ae3af3bf913,BH - Kralingsebos (Langepad),51.936318565,4.506197017,10,1,9999
2026-03-12T16:16:16.554869,e90e9332-06f5-11ef-b58d-569a23b994be,BH Burgemeester Le Fèvre de Montignylaan,51.957620055,4.501711782,10,1,9999
2026-03-12T16:16:16.554869,5cb3ffde-bdaf-11ed-b1e6-fa4fb8e2990b,RK Stadionlaan,51.892328813,4.530682857,10,4,9999
2026-03-12T16:16:16.554869,02bed1f8-8392-11ee-bb01-c602c1905375,BH Station Alexander,51.951735827,4.551049232,10,10,9999
2026-03-12T16:16:16.554869,08d5cf66-8ab2-11ee-bb01-c602c1905375,BH Winkelhart Asterlo,51.873536387,4.483591736,10,0,9999
2026-03-12T16:16:16.554869,0e51e024-c757-11ee-9ae6-5263e3f30f1e,BH Metrostation Binnenhof,51.960437867,4.535372966,10,6,9999
2026-03-12T16:16:16.554869,409f87f6-890f-11ee-bb01-c602c1905375,BH Metro Beurs,51.917806013,4.480107053,8,5,9999
2026-03-12T16:16:16.554869,d6a7cd26-4d08-11f0-ab1d-9ae3af3bf913,BH - Oudehoofdplein-Haringvliet,51.918979475,4.49384405,10,6,9999
2026-03-12T16:16:16.554869,f0ad9b92-1767-11ef-8071-42f0fecaeb6a,BH Prinsenlaan,51.937206457,4.536127586,10,0,9999
2026-03-12T16:16:16.554869,f06fd44c-2035-11f0-ab1d-9ae3af3bf913,BH Boezemlaan,51.938982631,4.495864471,10,7,9999
2026-03-12T16:16:16.554869,8d91a90c-9e83-11ee-a91e-ee69b7c7763e,BH Kraaierstraat,51.91909698,4.418192898,8,5,9999
2026-03-12T16:16:16.554869,a2671a36-bdad-11ed-b1e6-fa4fb8e2990b,RK Dwarsdijk,51.893055987,4.539201504,10,7,9999
2026-03-12T16:16:16.554869,376a5cda-06f8-11ef-b58d-569a23b994be,BH Ganzerikplein,51.958953276,4.471584016,10,5,9999
2026-03-12T16:16:16.554869,5cdd9872-b096-11ef-b6d3-56d88772ab1a,BH Wilgenplaslaan/ Meidoornsingel,51.953868042,4.468211582,7,1,9999
2026-03-12T16:16:16.554869,952a3e78-a8db-11ef-8778-d2279db84567,BH Lloydstraat,51.902214281,4.461287644,10,9,9999
2026-03-12T16:16:16.554869,a6fa0910-8067-11ed-b1e6-fa4fb8e2990b,BH Stadion Fey (Bert Heesakkerstr.),51.896805818,4.521735582,50,3,9999
2026-03-12T16:16:16.554869,a1337d02-e018-11ed-a249-96cdaf8f7240,BH Sint Franciscus,51.942171146,4.460534407,25,3,9999
2026-03-12T16:16:16.554869,d3cea108-8285-11f0-ab44-baed9603afbb,BH - Ratelaarweg,51.967431611,4.463349689,10,1,9999
2026-03-12T16:16:16.554869,3bef7002-bdb5-11ed-b1e6-fa4fb8e2990b,RK Breeweg,51.890630632,4.514261169,10,3,9999
2026-03-12T16:16:16.554869,8c90734c-45bb-11ee-8219-8ed3b2364c4f,BH Coen Moulijnweg,51.893813253,4.526876329,42,3,9999
2026-03-12T16:16:16.554869,1b098490-2037-11f0-ab1d-9ae3af3bf913,BH Karmelweg,51.933461291,4.5029394,8,0,9999
2026-03-12T16:16:16.554869,23348a06-bdb1-11ed-b1e6-fa4fb8e2990b,RK Guido Gezelleweg,51.87434607,4.523238145,10,4,9999
2026-03-12T16:16:16.554869,66824038-37b2-11ef-a21a-8e54a72a50da,HUB Metrostation Parkweg / Zuidzijde,51.921443238,4.39475836,10,0,9
2026-03-12T16:16:16.554869,2c127298-ff25-11ef-a79f-a65a77daff90,BH Aert van Nesstraat,51.921141166,4.478916173,8,5,9999
2026-03-12T16:16:16.554869,cde445c6-a744-11ef-8778-d2279db84567,BH Groenendaal,51.921685178,4.492944049,6,13,9999
2026-03-12T16:16:16.554869,97c6a1c2-a8da-11ef-8778-d2279db84567,BH Henegouwerplein,51.921807589,4.460561523,10,3,9999
2026-03-12T16:16:16.554869,e68d5642-a5b5-11f0-b6c1-baed9603afbb,HUB NS Station Schiedam Centrum/ Professor Kamerlingh Onneslaan,51.92071744,4.408262487,12,0,9999
2026-03-12T16:16:16.554869,82623a40-bda3-11ed-b1e6-fa4fb8e2990b,RK Rosestraat,51.91100607,4.501308573,10,3,9999
2026-03-12T16:16:16.554869,b7353df6-b485-11ee-9ae6-5263e3f30f1e,BH Metrostation Kralingsezoom (Gravenweg),51.921751706,4.533850265,10,4,9999
2026-03-12T16:16:16.554869,6c34980a-bb92-11ef-a02d-6ea8ed91bd56,BH Gordelweg (Lidl),51.940472428,4.479798999,4,2,9999
2026-03-12T16:16:16.554869,5904bd1a-a5b5-11f0-b05b-baed9603afbb,HUB Hof van Spaland - Bachplein,51.934889388,4.374726808,8,2,9999
2026-03-12T16:16:16.554869,32ca5fd0-8126-11ed-b1e6-fa4fb8e2990b,RK Vuurplaat,51.906526668,4.505838102,10,3,9999
2026-03-12T16:16:16.554869,f94a1ff6-b095-11ef-b6d3-56d88772ab1a,BH Bm Le Fèvre de Montignylaan/ Jeroen Boschlaan,51.955641943,4.505982462,6,0,9999
2026-03-12T16:16:16.554869,4228b402-8537-11ee-bb01-c602c1905375,BH Tongelaarweg,51.895280064,4.563514996,10,2,9999
2026-03-12T16:16:16.554869,6f66a60c-36e5-11f0-ab1d-9ae3af3bf913,BH Lloydpier,51.904487669,4.460458303,8,6,0
2026-03-12T16:16:16.554869,7d81b63e-a5b5-11f0-b05b-baed9603afbb,HUB 's Gravelandseweg,51.932091958,4.401924037,6,1,9999
2026-03-12T16:16:16.554869,a3dbb322-8121-11ed-b1e6-fa4fb8e2990b,RK Metrostation Rijnhaven ,51.902216981,4.49610172,15,6,9999
2026-03-12T16:16:16.554869,cf23b50e-9ad0-11f0-ab44-baed9603afbb,BH Natuurhistorisch museum,51.911022288,4.472728259,12,1,9999
2026-03-12T16:16:16.554869,d55243f6-182b-11ef-a8d1-42f0fecaeb6a,BH Siciliëboulevard ,51.97996654,4.580859756,10,1,9999
2026-03-12T16:16:16.554869,e0f7ef36-a5b4-11f0-ab44-baed9603afbb,Havenstraat einde (digitale testhub),51.900396883,4.398614319,12,0,9999
2026-03-12T16:16:16.554869,05d1d708-eabd-11ef-88c2-aa7241d1fb4f,HUB De Thermen ,51.927426752,4.380236246,8,2,9999
2026-03-12T16:16:16.554869,b3381a7a-2036-11f0-ab1d-9ae3af3bf913,BH Oudedijk / de Nieuwe Plantage,51.929149075,4.505248613,8,7,9999
2026-03-12T16:16:16.554869,8b480576-eabc-11ee-a9f0-82366b51b915,BH Schiedamseweg Beneden,51.914135146,4.422297364,5,7,9999
2026-03-12T16:16:16.554869,89a2f1d2-a5b3-11f0-ab44-baed9603afbb,Metrostation Vijfsluizen,51.908108215,4.37254105,8,1,9999
2026-03-12T16:16:16.554869,e50f3d1e-f069-11ef-9ed7-0ea3ed1ae564,HUB Oranjestraat - Lange Nieuwstraat,51.913368472,4.40030457,5,0,9999
2026-03-12T16:16:16.554869,4c1b19a4-d0a1-11ee-8b0e-065810cc8d78,BH Elandstraat,51.910800072,4.553878993,10,5,9999
2026-03-12T16:16:16.554869,bbbba24e-806e-11ed-b1e6-fa4fb8e2990b,RK P+R Noorderhelling,51.894761016,4.532122707,15,1,9999
2026-03-12T16:16:16.554869,3ac0b682-8129-11ed-b1e6-fa4fb8e2990b,RK Cor Kieboomplein,51.896922039,4.523502821,15,2,9999
2026-03-12T16:16:16.554869,5a3ffbf4-37b1-11ef-a21a-8e54a72a50da,HUB Metrostation Nieuwland / Van Limburg Stirumstraat,51.922446663,4.38308784,6,2,4
2026-03-12T16:16:16.554869,5d8d12a2-a5b4-11f0-ab44-baed9603afbb,Van Heekstraat,51.931167557,4.406024405,4,0,9999
2026-03-12T16:16:16.554869,f251d6e8-0b82-11ef-b58d-569a23b994be,BH Metrostation Graskruid ,51.956473743,4.550010233,8,2,9999
2026-03-12T16:16:16.554869,a4d2ea7c-b2f0-11ef-aa57-62870c7808bb,BH 2e Hogenbanweg,51.936951327,4.427707182,8,0,9999
2026-03-12T16:16:16.554869,75ba0d1a-2037-11f0-ab1d-9ae3af3bf913,BH Stadhoudersweg,51.931417737,4.461484988,10,5,9999
2026-03-12T16:16:16.554869,bc6b0d7e-a745-11ef-8778-d2279db84567,BH Goudsewagenstraat,51.923224462,4.493552746,8,6,9999
2026-03-12T16:16:16.554869,0f37eafc-8912-11ee-bb01-c602c1905375,BH Metro Oostplein,51.922677789,4.497608825,10,10,9999
2026-03-12T16:16:16.554869,aed7c2fa-8123-11ed-b1e6-fa4fb8e2990b,RK Groene Hilledijk/Beijerlandselaan,51.893806789,4.509452258,10,0,9999
2026-03-12T16:16:16.554869,c76f0318-bb92-11ef-a02d-6ea8ed91bd56,BH NS Centraal Station (Stationssingel),51.925399994,4.466148375,10,15,9999
2026-03-12T16:16:16.554869,361a368c-a5b4-11f0-ab44-baed9603afbb,Sportpark Haga (Epke Zonderlandstraat),51.921919868,4.370918199,8,2,9999
2026-03-12T16:16:16.554869,f4c0fe5e-02d6-11ef-b58d-569a23b994be,BH Paulus Potterstraat,51.9228414,4.508497696,10,4,9999
2026-03-12T16:16:16.554869,48cbf66e-9f15-11ee-a91e-ee69b7c7763e,BH Franselaan,51.917379138,4.420463507,10,8,9999
2026-03-12T16:16:16.554869,e9735b4e-7da7-11f0-ab44-baed9603afbb,BH Veldkersweg,51.966835673,4.46657292,8,0,9999
2026-03-12T16:16:16.554869,4b1ac684-bb93-11ef-a02d-6ea8ed91bd56,BH Noorderkanaalweg,51.940525593,4.472984586,9,3,9999
2026-03-12T16:16:16.554869,033a9392-3700-11f0-ab1d-9ae3af3bf913,BH Herman Bavinckstraat,51.915067882,4.521446921,10,6,9999
2026-03-12T16:16:16.554869,ffe8c3e8-a8da-11ef-8778-d2279db84567,BH Mathenesserplein,51.917836602,4.44508891,8,6,9999
2026-03-12T16:16:16.554869,e377069a-ff63-11ef-a79f-a65a77daff90,BH Kralingsebos Bosdreef/Pr. Beatrixlaan,51.93789612,4.501689644,8,0,9999
2026-03-12T16:16:16.554869,7af95f9c-a747-11ef-8778-d2279db84567,BH Kruisplein,51.92228569,4.47138789,6,11,9999
2026-03-12T16:16:16.554869,4c50cb7a-bdb6-11ed-b1e6-fa4fb8e2990b,RK Olympiaweg,51.886462746,4.529133302,10,1,9999
2026-03-12T16:16:16.554869,a694ef4e-36e5-11f0-ab1d-9ae3af3bf913,BH Neushoornstraat,51.913041554,4.553743002,6,0,2
2026-03-12T16:16:16.554869,be56ca62-8120-11ed-b1e6-fa4fb8e2990b,RK P+R Beverwaard,51.885771514,4.568986239,10,1,9999
2026-03-12T16:16:16.554869,d5af3bc4-806a-11ed-b1e6-fa4fb8e2990b,BH Kievitslaan,51.907226862,4.473300159,17,8,9999
2026-03-12T16:16:16.554869,dd006abc-a5b3-11f0-ab44-baed9603afbb,Havenstraat,51.903204365,4.398004897,8,0,9999
2026-03-12T16:16:16.554869,6f09af84-eabe-11ee-a9f0-82366b51b915,BH Delftseplein ,51.925206514,4.474011701,14,5,9999
2026-03-12T16:16:16.554869,1cfb89ec-806b-11ed-b1e6-fa4fb8e2990b,BH Westplein,51.908912961,4.478583441,10,2,9999
2026-03-12T16:16:16.554869,12fc10a4-bb94-11ef-a02d-6ea8ed91bd56,BH Noordplein,51.930251975,4.483699175,10,1,9999
2026-03-12T16:16:16.554869,276e8d26-bda0-11ed-b1e6-fa4fb8e2990b,RK Strevelsweg,51.889634937,4.495943368,15,3,9999
2026-03-12T16:16:16.554869,9e066470-2038-11f0-ab1d-9ae3af3bf913,BH Kralinger Esch,51.911179823,4.524762065,9,8,9999
2026-03-12T16:16:16.554869,9b1f0aaa-8125-11ed-b1e6-fa4fb8e2990b,RK Slaghekstraat - Beijerlandselaan,51.897574833,4.511261604,10,2,9999
2026-03-12T16:16:16.554869,b8c81048-2037-11f0-ab1d-9ae3af3bf913,BH Van Maanenstraat,51.932279316,4.464280453,6,5,9999
2026-03-12T16:16:16.554869,1f4ff66c-bdb8-11ed-b1e6-fa4fb8e2990b,RK Van der Takstraat ,51.914243737,4.496045621,10,6,9999
2026-03-12T16:16:16.554869,3b523cee-5c94-11f0-ab1d-9ae3af3bf913,BH - Wilhelminapier,51.90698281,4.489727426,14,8,9999
2026-03-12T16:16:16.554869,e8d292d2-039a-11ef-b58d-569a23b994be,BH Mia van Yperenplein ,51.928414546,4.545678043,10,5,9999
2026-03-12T16:16:16.554869,12daf18a-8068-11ed-b1e6-fa4fb8e2990b,BH Treinst. Lombardijen (Aesopusplaats),51.880478018,4.530040287,10,0,9999
2026-03-12T16:16:16.554869,558e4a5a-eaba-11ee-a9f0-82366b51b915,BH Blijdorplaan ,51.927389289,4.440437692,22,15,9999
2026-03-12T16:16:16.554869,5a8de282-36ee-11f0-ab1d-9ae3af3bf913,BH van Blommesteynweg,51.888148155,4.460842726,10,2,9999
2026-03-12T16:16:16.554869,078569ee-a5b5-11f0-ab44-baed9603afbb,Nieuwe Waterwegstraat (digitale testhub),51.900682979,4.390873601,12,0,9999
2026-03-12T16:16:16.554869,8e5dd27e-06fd-11ef-b58d-569a23b994be,BH Prins Alexanderplein,51.951040272,4.553684972,14,0,9999
2026-03-12T16:16:16.554869,a6843864-fbc4-11ee-b58d-569a23b994be,Trompenburg 1,51.917696349,4.517981647,10,8,0
2026-03-12T16:16:16.554869,5b583480-a8da-11ef-8778-d2279db84567,BH Duyststraat,51.910073429,4.452225738,8,5,9999
2026-03-12T16:16:16.554869,2510e9ba-a5b6-11f0-847a-baed9603afbb,Hub Kloosterplaats,51.91675013,4.402112308,6,6,9999
2026-03-12T16:16:16.554869,880e3e72-a8dd-11ef-8778-d2279db84567,BH Spaansebocht,51.917413667,4.430014126,9,2,9999
2026-03-12T16:16:16.554869,b5b3324a-edb9-11ee-a9f0-82366b51b915,BH Siondwarsstraat,51.925261494,4.51053174,10,0,9999
2026-03-12T16:16:16.554869,94b01d94-edc6-11ee-a9f0-82366b51b915,BH Schuttersveld,51.933248028,4.490978921,10,5,9999
2026-03-12T16:16:16.554869,69b33170-edbd-11ee-a9f0-82366b51b915,BH Metro Oostplein 2,51.923145722,4.496820843,10,2,9999
2026-03-12T16:16:16.554869,67d6af9a-f068-11ef-ba40-0ea3ed1ae564,HUB Hof van Spaland - Schiedamseweg,51.934898803,4.378145906,12,1,9999
2026-03-12T16:16:16.554869,4933dd54-9e7c-11ee-a91e-ee69b7c7763e,BH Willem Ruyslaan (Luzac College),51.925421889,4.508669446,10,7,9999
2026-03-12T16:16:16.554869,9f935b6c-b095-11ef-b6d3-56d88772ab1a,BH Bergpolderplein,51.945227242,4.474988047,8,2,9999
2026-03-12T16:16:16.554869,8a2d056c-bb93-11ef-a02d-6ea8ed91bd56,BH NS Station Noord (Bergweg),51.941530048,4.481339526,10,6,2
2026-03-12T16:16:16.554869,4d95ab34-8122-11ed-b1e6-fa4fb8e2990b,RK Metrostation Maashaven ,51.896573582,4.494245173,30,2,9999
2026-03-12T16:16:16.554869,3d015ff0-8394-11ee-bb01-c602c1905375,BH Metrostation Oosterflank,51.945209326,4.555045447,10,1,9999
2026-03-12T16:16:16.554869,defeb050-a747-11ef-8778-d2279db84567,BH Karel Doormanstraat,51.922789549,4.473609692,9,10,9999
2026-03-12T16:16:16.554869,b5dc5454-890f-11ee-bb01-c602c1905375,BH Schilderstraat,51.916377397,4.48142868,8,6,9999
2026-03-12T16:16:16.554869,2f12ae3e-806c-11ed-b1e6-fa4fb8e2990b,BH Winkelcentrum Keizerswaard-Herenw,51.886358391,4.549308056,15,13,9999
2026-03-12T16:16:16.554869,3b6d73a8-805d-11ed-b1e6-fa4fb8e2990b,BH Metrostation Melanchtonweg,51.94881199,4.465233746,10,5,9999
2026-03-12T16:16:16.554869,d5832958-891a-11ee-bb01-c602c1905375,BH Metro Zuidplein (nieuw),51.887180341,4.491554668,10,3,9999
2026-03-12T16:16:16.554869,a535094e-b162-11ef-bdcd-5adc5d29ed54,BH Eudokiaplein,51.932433484,4.47153255,9,11,9999
2026-03-12T16:16:16.554869,437f8dc8-bd9e-11ed-b1e6-fa4fb8e2990b,RK Hillevliet,51.89558515,4.506432514,10,1,9999
2026-03-12T16:16:16.554869,f10d8ab4-9997-11ee-a91e-ee69b7c7763e,BH Shell Hofplein,51.925705456,4.477781355,28,7,9999
2026-03-12T16:16:16.554869,94467720-8127-11ed-b1e6-fa4fb8e2990b,RK Persoonsdam,51.909309099,4.508017165,10,2,9999
2026-03-12T16:16:16.554869,9245444a-2023-11f0-ab1d-9ae3af3bf913,BH Witte de Withstraat,51.915906523,4.478080905,10,9,9999
2026-03-12T16:16:16.554869,49d59348-ff64-11ef-b515-a65a77daff90,BH Bergweg (Dirk van den Broek),51.93856254,4.479465675,6,5,9999
2026-03-12T16:16:16.554869,30fb96bc-8124-11ed-b1e6-fa4fb8e2990b,RK Beverwaardseweg/ Borgharensingel,51.898798338,4.564663375,10,1,9999
2026-03-12T16:16:16.554869,9a1fb404-8ab3-11ee-bb01-c602c1905375,BH Langenhorst ,51.874120882,4.494254863,10,1,9999
2026-03-12T16:16:16.554869,abe67bfa-b096-11ef-b6d3-56d88772ab1a,BH Wilgenplaslaan/ Donkersingel,51.951337599,4.47048253,10,7,9999
2026-03-12T16:16:16.554869,068b0f9c-a8dd-11ef-8778-d2279db84567,BH Vierhavenstraat (Sahan),51.908502395,4.437727106,4,1,9999
2026-03-12T16:16:16.554869,bc0e7e9c-a8da-11ef-8778-d2279db84567,BH Jan van Vuchtstraat,51.917045317,4.460830874,6,2,9999
2026-03-12T16:16:16.554869,8b721818-a5b2-11f0-ab44-baed9603afbb,Lekstraat,51.90446958,4.406985264,6,3,9999
2026-03-12T16:16:16.554869,ad212572-06f7-11ef-b58d-569a23b994be,BH Molenlaan/Grindweg,51.963224537,4.49571068,10,2,9999
2026-03-12T16:16:16.554869,f8828c3e-806d-11ed-b1e6-fa4fb8e2990b,RK Station Rdam Zuid,51.905545015,4.509568537,15,6,9999
2026-03-12T16:16:16.554869,5f71799e-806b-11ed-b1e6-fa4fb8e2990b,BH Willemsplein,51.911118908,4.481894771,17,2,9999
2026-03-12T16:16:16.554869,42824336-bd97-11ed-b1e6-fa4fb8e2990b,RK Groene Hilledijk,51.882726433,4.504266667,10,3,9999
2026-03-12T16:16:16.554869,db6932f4-182b-11ef-a8d1-42f0fecaeb6a,BH Metrostation Nesselande,51.978969273,4.586177782,10,0,9999
2026-03-12T16:16:16.554869,e26322b0-2025-11f0-ab1d-9ae3af3bf913,BH Brielselaan,51.896298935,4.489248091,4,1,9999
2026-03-12T16:16:16.554869,c862b7f2-06fb-11ef-b58d-569a23b994be,BH Prins Alexanderlaan (metrobaan zijde),51.952192324,4.551435621,10,0,9999
2026-03-12T16:16:16.554869,c53689c2-8124-11ed-b1e6-fa4fb8e2990b,RK Peellandstraat / Beesdestraat ,51.888535309,4.567291893,10,4,9999
2026-03-12T16:16:16.554869,8f5d35a0-1834-11ef-8071-42f0fecaeb6a,BH Jan Bijloostraat (Winkelcentrum Lage Land),51.941821995,4.546449269,9,5,9999
2026-03-12T16:16:16.554869,f8fcd3a4-983a-11ef-a85a-be896af2d3a5,BH Rhijnauwensingel,51.892161199,4.569620613,12,2,9999
2026-03-12T16:16:16.554869,118239d4-a5b2-11f0-ab44-baed9603afbb,Lorentzlaan (bushalte),51.917994492,4.415061192,4,1,9999
2026-03-12T16:16:16.554869,0c107276-bdb7-11ed-b1e6-fa4fb8e2990b,RK Sandelingenplein,51.889562128,4.506962326,10,2,9999
2026-03-12T16:16:16.554869,75b8bea6-81d8-11ed-b1e6-fa4fb8e2990b,RK Metrostation Maashaven (Putselaan),51.897794241,4.495760713,10,8,9999
2026-03-12T16:16:16.554869,a20bbbae-bdae-11ed-b1e6-fa4fb8e2990b,RK Frankendaal,51.886951976,4.521294152,10,0,9999
2026-03-12T16:16:16.554869,f1df385c-f5b2-11ef-81b3-76e5c571f05f,HUB Admiraal de Ruyterstraat,51.906742474,4.38554997,8,3,9999
2026-03-12T16:16:16.554869,4247dd56-1c9f-11ee-8219-8ed3b2364c4f,BH Metro Coolhaven,51.909218289,4.458167882,10,10,9999
2026-03-12T17:14:29.037481,65af1c24-06f4-11ef-b58d-569a23b994be,BH Meerum Terwogtlaan,51.951763386,4.524587387,10,1,9999
2026-03-12T17:14:29.037481,bc839806-a5b1-11f0-ab44-baed9603afbb,Van het Hoffplein (Boerhavelaan),51.916219132,4.412005574,8,3,9999
2026-03-12T17:14:29.037481,2c632780-a8de-11ef-8778-d2279db84567,BH Schuttevaerweg,51.922420472,4.434869706,10,2,9999
2026-03-12T17:14:29.037481,a3c07f10-a5b5-11f0-b05b-baed9603afbb,HUB Hoofdbrug,51.908705902,4.406131267,8,1,9999
2026-03-12T17:14:29.037481,b9bfe680-fbc4-11ee-b58d-569a23b994be,Trompenburg 2,51.917638379,4.518889893,10,0,10
2026-03-12T17:14:29.037481,3c659862-a8dd-11ef-8778-d2279db84567,BH Mayflowerstraat,51.905015647,4.440161906,10,5,9999
2026-03-12T17:14:29.037481,e0a4baca-a748-11ef-8778-d2279db84567,BH Mariniersweg,51.920853425,4.490979502,10,3,9999
2026-03-12T17:14:29.037481,c35c448e-06fc-11ef-b58d-569a23b994be,BH Jacob van Campenweg ,51.942434165,4.537976212,7,7,9999
2026-03-12T17:14:29.037481,438486f4-a5b6-11f0-a150-baed9603afbb,HUB Koemarkt ingang garage,51.914517902,4.401917461,6,2,9999
2026-03-12T17:14:29.037481,365f4a3e-a5b3-11f0-ab44-baed9603afbb,Rubensplein,51.911712719,4.383665134,6,3,9999
2026-03-12T17:14:29.037481,a85b996e-fe23-11ee-b58d-569a23b994be,BH Dirk van der Kooijweg (Waterleliesingel),51.953796964,4.52009166,10,0,9999
2026-03-12T17:14:29.037481,19e2de56-b5d8-11ee-9ae6-5263e3f30f1e,BH STC Waalhaven,51.878297275,4.448759787,10,2,9999
2026-03-12T17:14:29.037481,c6c213ee-ed18-11ef-9957-f683e5eb607c,BH Langenhorst (Binkhorst),51.877310029,4.494737503,10,3,9999
2026-03-12T17:14:29.037481,3366f8b0-a8dc-11ef-8778-d2279db84567,BH Vierhavenstraat (WoonEnzo),51.907777562,4.438830385,4,8,9999
2026-03-12T17:14:29.037481,04a89aea-a5b3-11f0-ab44-baed9603afbb,Groenelaan Hagastraat (Winkelcentrum),51.907303396,4.402285408,4,1,9999
2026-03-12T17:14:29.037481,32638aa6-a5b5-11f0-9f09-baed9603afbb,HUB Laan van Bol'es,51.928443203,4.370771711,10,2,9999
2026-03-12T17:14:29.037481,291c2f72-a749-11ef-8778-d2279db84567,BH Westzeedijk,51.909321622,4.471436479,10,3,9999
2026-03-12T17:14:29.037481,abd627be-67bb-11f0-91de-5eaa9feacc9b,BH Schiekade (Heer Bokelweg),51.927133058,4.476309832,10,0,9999
2026-03-12T17:14:29.037481,8948d5a4-b094-11ef-b6d3-56d88772ab1a,BH Duivenpad,51.964922912,4.498254116,8,5,9999
2026-03-12T17:14:29.037481,227e8c1e-be97-11ee-9ae6-5263e3f30f1e,HUB Metrostation Troelstralaan,51.915742295,4.384972326,10,0,9999
2026-03-12T17:14:29.037481,0af509a8-06f7-11ef-b58d-569a23b994be,BH Beethovensingel,51.96114919,4.505141448,10,14,9999
2026-03-12T17:14:29.037481,dc06f296-1768-11ef-8071-42f0fecaeb6a,BH Prins Alexanderlaan (Oosterflank),51.946646256,4.553811478,12,5,9999
2026-03-12T17:14:29.037481,221af3ce-7fe1-11ee-bb01-c602c1905375,BH Metro Prinsenlaan,51.940647564,4.556931306,10,2,9999
2026-03-12T17:14:29.037481,a793d6ba-edc8-11ee-a9f0-82366b51b915,BH Infirmeriestraat,51.922255603,4.502265891,10,8,9999
2026-03-12T17:14:29.037481,0359e1a2-bdb3-11ed-b1e6-fa4fb8e2990b,RK Rosestraat 11C,51.902954022,4.511377745,10,11,9999
2026-03-12T17:14:29.037481,87f07e20-9e78-11ee-a91e-ee69b7c7763e,BH Marconistraat (Lee Towers),51.912441021,4.430411189,14,2,9999
2026-03-12T17:14:29.037481,f539bd6e-06f8-11ef-b58d-569a23b994be,BH Meijersplein,51.955657978,4.463033845,8,5,9999
2026-03-12T17:14:29.037481,70f0801a-8071-11ed-b1e6-fa4fb8e2990b,RK treinstation Lombardijen,51.88057913,4.531905572,30,4,9999
2026-03-12T17:14:29.037481,43752ffc-a8db-11ef-8778-d2279db84567,BH Pieter de Hoochweg,51.906316301,4.459985731,6,9,9999
2026-03-12T17:14:29.037481,b35ddad8-ab08-11ef-8778-d2279db84567,HUB Rotterdamsedijk 272,51.914957692,4.40343084,8,1,9999
2026-03-12T17:14:29.037481,9b1fa0f6-ae3c-11ee-a91e-ee69b7c7763e,BH Winkelhart Plein 1953,51.874842065,4.467889739,10,2,9999
2026-03-12T17:14:29.037481,8bd90878-0884-11f0-9a47-66143dd92f22,RK Molenvliet,51.882626536,4.521159806,10,5,9999
2026-03-12T17:14:29.037481,45450b66-a5b2-11f0-ab44-baed9603afbb,Maasdijk (Gustoweg),51.906629018,4.412009895,6,2,9999
2026-03-12T17:14:29.037481,4de2effe-f068-11ef-ba40-0ea3ed1ae564,HUB Hof van Spaland - Vlaardingseweg,51.935841728,4.376077923,4,1,9999
2026-03-12T17:14:29.037481,d38c6468-06fe-11ef-b58d-569a23b994be,BH Kleine Beer,51.950902127,4.555051083,6,2,9999
2026-03-12T17:14:29.037481,e552904e-182b-11ef-a8d1-42f0fecaeb6a,BH Metrostation Hesseplaats,51.963345229,4.554510684,10,3,9999
2026-03-12T17:14:29.037481,1826196c-b162-11ef-bdcd-5adc5d29ed54,BH Bentincklaan (Diergaarde Blijdorp),51.92572504,4.454794024,10,1,9999
2026-03-12T17:14:29.037481,8a1e5ed0-1c9e-11ee-8219-8ed3b2364c4f,BH Sparta stadion,51.920151368,4.434428835,20,18,9999
2026-03-12T17:14:29.037481,d3c9003c-b486-11ee-9ae6-5263e3f30f1e,BH Oostzeedijk Beneden,51.922514244,4.503092963,10,6,9999
2026-03-12T17:14:29.037481,552a82b8-b094-11ef-b6d3-56d88772ab1a,BH Hockeyclub Rotterdam,51.96869974,4.484731647,25,2,9999
2026-03-12T17:14:29.037481,cb3f6d1c-a746-11ef-8778-d2279db84567,BH Vasteland (AH),51.911537089,4.478368712,10,11,9999
2026-03-12T17:14:29.037481,d4a8557a-eabd-11ef-ac99-aa7241d1fb4f,HUB Admiraal Trompstraat (Huisman),51.908834504,4.381923039,8,0,9999
2026-03-12T17:14:29.037481,00e8b3de-9e82-11ee-a91e-ee69b7c7763e,BH Jacques Dutilhweg,51.927993284,4.5475155,10,6,9999
2026-03-12T17:14:29.037481,d868fe52-36e5-11f0-ab1d-9ae3af3bf913,BH Sluisjesdijk,51.894714517,4.461900478,10,2,0
2026-03-12T17:14:29.037481,4338fed2-edbb-11ee-a9f0-82366b51b915,BH Oostzeedijk Beneden 2,51.921653595,4.507031037,10,8,9999
2026-03-12T17:14:29.037481,2c82bb9a-217b-11ee-8219-8ed3b2364c4f,Hub Weena,51.922738296,4.469181329,142,25,9999
2026-03-12T17:14:29.037481,96f5cbdc-06f6-11ef-b58d-569a23b994be,BH Argonautenweg,51.959086712,4.49354982,10,0,9999
2026-03-12T17:14:29.037481,2f51713e-32b7-11ee-8219-8ed3b2364c4f,Hub P+R Capelsebrug,51.920991793,4.559215491,18,2,9999
2026-03-12T17:14:29.037481,62b0255a-9e7a-11ee-a91e-ee69b7c7763e,BH Vierhavenstraat,51.910327597,4.434992993,16,7,9999
2026-03-12T17:14:29.037481,2b10524e-06f5-11ef-b58d-569a23b994be,BH Piet van der Polsingel,51.950618784,4.518612648,8,2,9999
2026-03-12T17:14:29.037481,47070056-06fa-11ef-b58d-569a23b994be,BH Metrostation Schenkel,51.931770435,4.56406792,12,2,9999
2026-03-12T17:14:29.037481,7a8c12ba-91ab-11ed-b1e6-fa4fb8e2990b,BH Metrostation Slinge,51.874526023,4.477872534,15,2,9999
2026-03-12T17:14:29.037481,026045c6-8530-11ee-bb01-c602c1905375,BH Winkelhart Katendrechtse Lagedijk,51.891184937,4.479440034,10,1,9999
2026-03-12T17:14:29.037481,9d9bb8ec-4bd1-11ee-bb01-c602c1905375,BH Marconiplein,51.913319277,4.432514448,10,10,9999
2026-03-12T17:14:29.037481,8330f3ca-a5b4-11f0-ab44-baed9603afbb,Fokkerstraat Plesmanstraat,51.929694009,4.399576614,4,1,9999
2026-03-12T17:14:29.037481,5b842034-5331-11f0-ab1d-9ae3af3bf913,BH Walenburgerweg,51.926698659,4.462629155,10,6,9999
2026-03-12T17:14:29.037481,a08059b6-b484-11ee-9ae6-5263e3f30f1e,BH Metrostation Gerdesiaweg,51.925444134,4.506155972,10,2,9999
2026-03-12T17:14:29.037481,2f718c84-8911-11ee-bb01-c602c1905375,BH Metro Dijkzigt - EMC,51.911789199,4.466334846,20,6,9999
2026-03-12T17:14:29.037481,f58e41fc-1c9f-11ee-8219-8ed3b2364c4f,BH Heemraadsplein,51.912322959,4.455058085,10,8,9999
2026-03-12T17:14:29.037481,79fdd038-34b8-11f0-ab1d-9ae3af3bf913,BH RTHA Airport,51.94924845,4.432611987,10,7,0
2026-03-12T17:14:29.037481,1c41897e-596e-11ef-bed6-aa139991deb4,HUB Metrostation Nieuwland / Bijdorpplein,51.922583819,4.38260008,10,0,9999
2026-03-12T17:14:29.037481,a57d027c-8912-11ee-bb01-c602c1905375,BH Delftse Poort,51.924408145,4.472816464,10,13,9999
2026-03-12T17:14:29.037481,6383849a-2038-11f0-ab1d-9ae3af3bf913,BH - Kralingsebos (Langepad),51.936318565,4.506197017,10,1,9999
2026-03-12T17:14:29.037481,e90e9332-06f5-11ef-b58d-569a23b994be,BH Burgemeester Le Fèvre de Montignylaan,51.957620055,4.501711782,10,1,9999
2026-03-12T17:14:29.037481,5cb3ffde-bdaf-11ed-b1e6-fa4fb8e2990b,RK Stadionlaan,51.892328813,4.530682857,10,3,9999
2026-03-12T17:14:29.037481,02bed1f8-8392-11ee-bb01-c602c1905375,BH Station Alexander,51.951735827,4.551049232,10,8,9999
2026-03-12T17:14:29.037481,08d5cf66-8ab2-11ee-bb01-c602c1905375,BH Winkelhart Asterlo,51.873536387,4.483591736,10,0,9999
2026-03-12T17:14:29.037481,0e51e024-c757-11ee-9ae6-5263e3f30f1e,BH Metrostation Binnenhof,51.960437867,4.535372966,10,6,9999
2026-03-12T17:14:29.037481,409f87f6-890f-11ee-bb01-c602c1905375,BH Metro Beurs,51.917806013,4.480107053,8,4,9999
2026-03-12T17:14:29.037481,d6a7cd26-4d08-11f0-ab1d-9ae3af3bf913,BH - Oudehoofdplein-Haringvliet,51.918979475,4.49384405,10,6,9999
2026-03-12T17:14:29.037481,f0ad9b92-1767-11ef-8071-42f0fecaeb6a,BH Prinsenlaan,51.937206457,4.536127586,10,0,9999
2026-03-12T17:14:29.037481,f06fd44c-2035-11f0-ab1d-9ae3af3bf913,BH Boezemlaan,51.938982631,4.495864471,10,8,9999
2026-03-12T17:14:29.037481,8d91a90c-9e83-11ee-a91e-ee69b7c7763e,BH Kraaierstraat,51.91909698,4.418192898,8,5,9999
2026-03-12T17:14:29.037481,a2671a36-bdad-11ed-b1e6-fa4fb8e2990b,RK Dwarsdijk,51.893055987,4.539201504,10,7,9999
2026-03-12T17:14:29.037481,376a5cda-06f8-11ef-b58d-569a23b994be,BH Ganzerikplein,51.958953276,4.471584016,10,5,9999
2026-03-12T17:14:29.037481,5cdd9872-b096-11ef-b6d3-56d88772ab1a,BH Wilgenplaslaan/ Meidoornsingel,51.953868042,4.468211582,7,1,9999
2026-03-12T17:14:29.037481,952a3e78-a8db-11ef-8778-d2279db84567,BH Lloydstraat,51.902214281,4.461287644,10,10,9999
2026-03-12T17:14:29.037481,a6fa0910-8067-11ed-b1e6-fa4fb8e2990b,BH Stadion Fey (Bert Heesakkerstr.),51.896805818,4.521735582,50,3,9999
2026-03-12T17:14:29.037481,a1337d02-e018-11ed-a249-96cdaf8f7240,BH Sint Franciscus,51.942171146,4.460534407,25,2,9999
2026-03-12T17:14:29.037481,d3cea108-8285-11f0-ab44-baed9603afbb,BH - Ratelaarweg,51.967431611,4.463349689,10,1,9999
2026-03-12T17:14:29.037481,3bef7002-bdb5-11ed-b1e6-fa4fb8e2990b,RK Breeweg,51.890630632,4.514261169,10,3,9999
2026-03-12T17:14:29.037481,8c90734c-45bb-11ee-8219-8ed3b2364c4f,BH Coen Moulijnweg,51.893813253,4.526876329,42,3,9999
2026-03-12T17:14:29.037481,1b098490-2037-11f0-ab1d-9ae3af3bf913,BH Karmelweg,51.933461291,4.5029394,8,0,9999
2026-03-12T17:14:29.037481,23348a06-bdb1-11ed-b1e6-fa4fb8e2990b,RK Guido Gezelleweg,51.87434607,4.523238145,10,4,9999
2026-03-12T17:14:29.037481,66824038-37b2-11ef-a21a-8e54a72a50da,HUB Metrostation Parkweg / Zuidzijde,51.921443238,4.39475836,10,0,9
2026-03-12T17:14:29.037481,2c127298-ff25-11ef-a79f-a65a77daff90,BH Aert van Nesstraat,51.921141166,4.478916173,8,7,9999
2026-03-12T17:14:29.037481,cde445c6-a744-11ef-8778-d2279db84567,BH Groenendaal,51.921685178,4.492944049,6,16,9999
2026-03-12T17:14:29.037481,97c6a1c2-a8da-11ef-8778-d2279db84567,BH Henegouwerplein,51.921807589,4.460561523,10,3,9999
2026-03-12T17:14:29.037481,e68d5642-a5b5-11f0-b6c1-baed9603afbb,HUB NS Station Schiedam Centrum/ Professor Kamerlingh Onneslaan,51.92071744,4.408262487,12,1,9999
2026-03-12T17:14:29.037481,82623a40-bda3-11ed-b1e6-fa4fb8e2990b,RK Rosestraat,51.91100607,4.501308573,10,5,9999
2026-03-12T17:14:29.037481,b7353df6-b485-11ee-9ae6-5263e3f30f1e,BH Metrostation Kralingsezoom (Gravenweg),51.921751706,4.533850265,10,0,9999
2026-03-12T17:14:29.037481,6c34980a-bb92-11ef-a02d-6ea8ed91bd56,BH Gordelweg (Lidl),51.940472428,4.479798999,4,3,9999
2026-03-12T17:14:29.037481,5904bd1a-a5b5-11f0-b05b-baed9603afbb,HUB Hof van Spaland - Bachplein,51.934889388,4.374726808,8,1,9999
2026-03-12T17:14:29.037481,32ca5fd0-8126-11ed-b1e6-fa4fb8e2990b,RK Vuurplaat,51.906526668,4.505838102,10,3,9999
2026-03-12T17:14:29.037481,f94a1ff6-b095-11ef-b6d3-56d88772ab1a,BH Bm Le Fèvre de Montignylaan/ Jeroen Boschlaan,51.955641943,4.505982462,6,0,9999
2026-03-12T17:14:29.037481,4228b402-8537-11ee-bb01-c602c1905375,BH Tongelaarweg,51.895280064,4.563514996,10,2,9999
2026-03-12T17:14:29.037481,6f66a60c-36e5-11f0-ab1d-9ae3af3bf913,BH Lloydpier,51.904487669,4.460458303,8,7,0
2026-03-12T17:14:29.037481,7d81b63e-a5b5-11f0-b05b-baed9603afbb,HUB 's Gravelandseweg,51.932091958,4.401924037,6,1,9999
2026-03-12T17:14:29.037481,a3dbb322-8121-11ed-b1e6-fa4fb8e2990b,RK Metrostation Rijnhaven ,51.902216981,4.49610172,15,8,9999
2026-03-12T17:14:29.037481,cf23b50e-9ad0-11f0-ab44-baed9603afbb,BH Natuurhistorisch museum,51.911022288,4.472728259,12,1,9999
2026-03-12T17:14:29.037481,d55243f6-182b-11ef-a8d1-42f0fecaeb6a,BH Siciliëboulevard ,51.97996654,4.580859756,10,1,9999
2026-03-12T17:14:29.037481,e0f7ef36-a5b4-11f0-ab44-baed9603afbb,Havenstraat einde (digitale testhub),51.900396883,4.398614319,12,0,9999
2026-03-12T17:14:29.037481,05d1d708-eabd-11ef-88c2-aa7241d1fb4f,HUB De Thermen ,51.927426752,4.380236246,8,0,9999
2026-03-12T17:14:29.037481,b3381a7a-2036-11f0-ab1d-9ae3af3bf913,BH Oudedijk / de Nieuwe Plantage,51.929149075,4.505248613,8,7,9999
2026-03-12T17:14:29.037481,8b480576-eabc-11ee-a9f0-82366b51b915,BH Schiedamseweg Beneden,51.914135146,4.422297364,5,6,9999
2026-03-12T17:14:29.037481,89a2f1d2-a5b3-11f0-ab44-baed9603afbb,Metrostation Vijfsluizen,51.908108215,4.37254105,8,1,9999
2026-03-12T17:14:29.037481,e50f3d1e-f069-11ef-9ed7-0ea3ed1ae564,HUB Oranjestraat - Lange Nieuwstraat,51.913368472,4.40030457,5,0,9999
2026-03-12T17:14:29.037481,4c1b19a4-d0a1-11ee-8b0e-065810cc8d78,BH Elandstraat,51.910800072,4.553878993,10,5,9999
2026-03-12T17:14:29.037481,bbbba24e-806e-11ed-b1e6-fa4fb8e2990b,RK P+R Noorderhelling,51.894761016,4.532122707,15,1,9999
2026-03-12T17:14:29.037481,3ac0b682-8129-11ed-b1e6-fa4fb8e2990b,RK Cor Kieboomplein,51.896922039,4.523502821,15,2,9999
2026-03-12T17:14:29.037481,5a3ffbf4-37b1-11ef-a21a-8e54a72a50da,HUB Metrostation Nieuwland / Van Limburg Stirumstraat,51.922446663,4.38308784,6,2,4
2026-03-12T17:14:29.037481,5d8d12a2-a5b4-11f0-ab44-baed9603afbb,Van Heekstraat,51.931167557,4.406024405,4,0,9999
2026-03-12T17:14:29.037481,f251d6e8-0b82-11ef-b58d-569a23b994be,BH Metrostation Graskruid ,51.956473743,4.550010233,8,2,9999
2026-03-12T17:14:29.037481,a4d2ea7c-b2f0-11ef-aa57-62870c7808bb,BH 2e Hogenbanweg,51.936951327,4.427707182,8,0,9999
2026-03-12T17:14:29.037481,75ba0d1a-2037-11f0-ab1d-9ae3af3bf913,BH Stadhoudersweg,51.931417737,4.461484988,10,7,9999
2026-03-12T17:14:29.037481,bc6b0d7e-a745-11ef-8778-d2279db84567,BH Goudsewagenstraat,51.923224462,4.493552746,8,7,9999
2026-03-12T17:14:29.037481,0f37eafc-8912-11ee-bb01-c602c1905375,BH Metro Oostplein,51.922677789,4.497608825,10,10,9999
2026-03-12T17:14:29.037481,aed7c2fa-8123-11ed-b1e6-fa4fb8e2990b,RK Groene Hilledijk/Beijerlandselaan,51.893806789,4.509452258,10,1,9999
2026-03-12T17:14:29.037481,c76f0318-bb92-11ef-a02d-6ea8ed91bd56,BH NS Centraal Station (Stationssingel),51.925399994,4.466148375,10,11,9999
2026-03-12T17:14:29.037481,361a368c-a5b4-11f0-ab44-baed9603afbb,Sportpark Haga (Epke Zonderlandstraat),51.921919868,4.370918199,8,2,9999
2026-03-12T17:14:29.037481,f4c0fe5e-02d6-11ef-b58d-569a23b994be,BH Paulus Potterstraat,51.9228414,4.508497696,10,4,9999
2026-03-12T17:14:29.037481,48cbf66e-9f15-11ee-a91e-ee69b7c7763e,BH Franselaan,51.917379138,4.420463507,10,9,9999
2026-03-12T17:14:29.037481,e9735b4e-7da7-11f0-ab44-baed9603afbb,BH Veldkersweg,51.966835673,4.46657292,8,0,9999
2026-03-12T17:14:29.037481,4b1ac684-bb93-11ef-a02d-6ea8ed91bd56,BH Noorderkanaalweg,51.940525593,4.472984586,9,3,9999
2026-03-12T17:14:29.037481,033a9392-3700-11f0-ab1d-9ae3af3bf913,BH Herman Bavinckstraat,51.915067882,4.521446921,10,6,9999
2026-03-12T17:14:29.037481,ffe8c3e8-a8da-11ef-8778-d2279db84567,BH Mathenesserplein,51.917836602,4.44508891,8,10,9999
2026-03-12T17:14:29.037481,e377069a-ff63-11ef-a79f-a65a77daff90,BH Kralingsebos Bosdreef/Pr. Beatrixlaan,51.93789612,4.501689644,8,0,9999
2026-03-12T17:14:29.037481,7af95f9c-a747-11ef-8778-d2279db84567,BH Kruisplein,51.92228569,4.47138789,6,12,9999
2026-03-12T17:14:29.037481,4c50cb7a-bdb6-11ed-b1e6-fa4fb8e2990b,RK Olympiaweg,51.886462746,4.529133302,10,3,9999
2026-03-12T17:14:29.037481,a694ef4e-36e5-11f0-ab1d-9ae3af3bf913,BH Neushoornstraat,51.913041554,4.553743002,6,2,0
2026-03-12T17:14:29.037481,be56ca62-8120-11ed-b1e6-fa4fb8e2990b,RK P+R Beverwaard,51.885771514,4.568986239,10,1,9999
2026-03-12T17:14:29.037481,d5af3bc4-806a-11ed-b1e6-fa4fb8e2990b,BH Kievitslaan,51.907226862,4.473300159,17,6,9999
2026-03-12T17:14:29.037481,dd006abc-a5b3-11f0-ab44-baed9603afbb,Havenstraat,51.903204365,4.398004897,8,0,9999
2026-03-12T17:14:29.037481,6f09af84-eabe-11ee-a9f0-82366b51b915,BH Delftseplein ,51.925206514,4.474011701,14,7,9999
2026-03-12T17:14:29.037481,1cfb89ec-806b-11ed-b1e6-fa4fb8e2990b,BH Westplein,51.908912961,4.478583441,10,2,9999
2026-03-12T17:14:29.037481,12fc10a4-bb94-11ef-a02d-6ea8ed91bd56,BH Noordplein,51.930251975,4.483699175,10,4,9999
2026-03-12T17:14:29.037481,276e8d26-bda0-11ed-b1e6-fa4fb8e2990b,RK Strevelsweg,51.889634937,4.495943368,15,2,9999
2026-03-12T17:14:29.037481,9e066470-2038-11f0-ab1d-9ae3af3bf913,BH Kralinger Esch,51.911179823,4.524762065,9,10,9999
2026-03-12T17:14:29.037481,9b1f0aaa-8125-11ed-b1e6-fa4fb8e2990b,RK Slaghekstraat - Beijerlandselaan,51.897574833,4.511261604,10,3,9999
2026-03-12T17:14:29.037481,b8c81048-2037-11f0-ab1d-9ae3af3bf913,BH Van Maanenstraat,51.932279316,4.464280453,6,5,9999
2026-03-12T17:14:29.037481,1f4ff66c-bdb8-11ed-b1e6-fa4fb8e2990b,RK Van der Takstraat ,51.914243737,4.496045621,10,7,9999
2026-03-12T17:14:29.037481,3b523cee-5c94-11f0-ab1d-9ae3af3bf913,BH - Wilhelminapier,51.90698281,4.489727426,14,3,9999
2026-03-12T17:14:29.037481,e8d292d2-039a-11ef-b58d-569a23b994be,BH Mia van Yperenplein ,51.928414546,4.545678043,10,5,9999
2026-03-12T17:14:29.037481,12daf18a-8068-11ed-b1e6-fa4fb8e2990b,BH Treinst. Lombardijen (Aesopusplaats),51.880478018,4.530040287,10,0,9999
2026-03-12T17:14:29.037481,558e4a5a-eaba-11ee-a9f0-82366b51b915,BH Blijdorplaan ,51.927389289,4.440437692,22,15,9999
2026-03-12T17:14:29.037481,5a8de282-36ee-11f0-ab1d-9ae3af3bf913,BH van Blommesteynweg,51.888148155,4.460842726,10,1,9999
2026-03-12T17:14:29.037481,078569ee-a5b5-11f0-ab44-baed9603afbb,Nieuwe Waterwegstraat (digitale testhub),51.900682979,4.390873601,12,0,9999
2026-03-12T17:14:29.037481,8e5dd27e-06fd-11ef-b58d-569a23b994be,BH Prins Alexanderplein,51.951040272,4.553684972,14,0,9999
2026-03-12T17:14:29.037481,a6843864-fbc4-11ee-b58d-569a23b994be,Trompenburg 1,51.917696349,4.517981647,10,7,0
2026-03-12T17:14:29.037481,5b583480-a8da-11ef-8778-d2279db84567,BH Duyststraat,51.910073429,4.452225738,8,6,9999
2026-03-12T17:14:29.037481,2510e9ba-a5b6-11f0-847a-baed9603afbb,Hub Kloosterplaats,51.91675013,4.402112308,6,6,9999
2026-03-12T17:14:29.037481,880e3e72-a8dd-11ef-8778-d2279db84567,BH Spaansebocht,51.917413667,4.430014126,9,1,9999
2026-03-12T17:14:29.037481,b5b3324a-edb9-11ee-a9f0-82366b51b915,BH Siondwarsstraat,51.925261494,4.51053174,10,0,9999
2026-03-12T17:14:29.037481,94b01d94-edc6-11ee-a9f0-82366b51b915,BH Schuttersveld,51.933248028,4.490978921,10,6,9999
2026-03-12T17:14:29.037481,69b33170-edbd-11ee-a9f0-82366b51b915,BH Metro Oostplein 2,51.923145722,4.496820843,10,1,9999
2026-03-12T17:14:29.037481,67d6af9a-f068-11ef-ba40-0ea3ed1ae564,HUB Hof van Spaland - Schiedamseweg,51.934898803,4.378145906,12,1,9999
2026-03-12T17:14:29.037481,4933dd54-9e7c-11ee-a91e-ee69b7c7763e,BH Willem Ruyslaan (Luzac College),51.925421889,4.508669446,10,6,9999
2026-03-12T17:14:29.037481,9f935b6c-b095-11ef-b6d3-56d88772ab1a,BH Bergpolderplein,51.945227242,4.474988047,8,2,9999
2026-03-12T17:14:29.037481,8a2d056c-bb93-11ef-a02d-6ea8ed91bd56,BH NS Station Noord (Bergweg),51.941530048,4.481339526,10,8,0
2026-03-12T17:14:29.037481,4d95ab34-8122-11ed-b1e6-fa4fb8e2990b,RK Metrostation Maashaven ,51.896573582,4.494245173,30,1,9999
2026-03-12T17:14:29.037481,3d015ff0-8394-11ee-bb01-c602c1905375,BH Metrostation Oosterflank,51.945209326,4.555045447,10,0,9999
2026-03-12T17:14:29.037481,defeb050-a747-11ef-8778-d2279db84567,BH Karel Doormanstraat,51.922789549,4.473609692,9,11,9999
2026-03-12T17:14:29.037481,b5dc5454-890f-11ee-bb01-c602c1905375,BH Schilderstraat,51.916377397,4.48142868,8,7,9999
2026-03-12T17:14:29.037481,2f12ae3e-806c-11ed-b1e6-fa4fb8e2990b,BH Winkelcentrum Keizerswaard-Herenw,51.886358391,4.549308056,15,13,9999
2026-03-12T17:14:29.037481,3b6d73a8-805d-11ed-b1e6-fa4fb8e2990b,BH Metrostation Melanchtonweg,51.94881199,4.465233746,10,1,9999
2026-03-12T17:14:29.037481,d5832958-891a-11ee-bb01-c602c1905375,BH Metro Zuidplein (nieuw),51.887180341,4.491554668,10,3,9999
2026-03-12T17:14:29.037481,a535094e-b162-11ef-bdcd-5adc5d29ed54,BH Eudokiaplein,51.932433484,4.47153255,9,10,9999
2026-03-12T17:14:29.037481,437f8dc8-bd9e-11ed-b1e6-fa4fb8e2990b,RK Hillevliet,51.89558515,4.506432514,10,0,9999
2026-03-12T17:14:29.037481,f10d8ab4-9997-11ee-a91e-ee69b7c7763e,BH Shell Hofplein,51.925705456,4.477781355,28,6,9999
2026-03-12T17:14:29.037481,94467720-8127-11ed-b1e6-fa4fb8e2990b,RK Persoonsdam,51.909309099,4.508017165,10,1,9999
2026-03-12T17:14:29.037481,9245444a-2023-11f0-ab1d-9ae3af3bf913,BH Witte de Withstraat,51.915906523,4.478080905,10,11,9999
2026-03-12T17:14:29.037481,49d59348-ff64-11ef-b515-a65a77daff90,BH Bergweg (Dirk van den Broek),51.93856254,4.479465675,6,7,9999
2026-03-12T17:14:29.037481,30fb96bc-8124-11ed-b1e6-fa4fb8e2990b,RK Beverwaardseweg/ Borgharensingel,51.898798338,4.564663375,10,1,9999
2026-03-12T17:14:29.037481,9a1fb404-8ab3-11ee-bb01-c602c1905375,BH Langenhorst ,51.874120882,4.494254863,10,1,9999
2026-03-12T17:14:29.037481,abe67bfa-b096-11ef-b6d3-56d88772ab1a,BH Wilgenplaslaan/ Donkersingel,51.951337599,4.47048253,10,7,9999
2026-03-12T17:14:29.037481,068b0f9c-a8dd-11ef-8778-d2279db84567,BH Vierhavenstraat (Sahan),51.908502395,4.437727106,4,2,9999
2026-03-12T17:14:29.037481,bc0e7e9c-a8da-11ef-8778-d2279db84567,BH Jan van Vuchtstraat,51.917045317,4.460830874,6,2,9999
2026-03-12T17:14:29.037481,8b721818-a5b2-11f0-ab44-baed9603afbb,Lekstraat,51.90446958,4.406985264,6,3,9999
2026-03-12T17:14:29.037481,ad212572-06f7-11ef-b58d-569a23b994be,BH Molenlaan/Grindweg,51.963224537,4.49571068,10,2,9999
2026-03-12T17:14:29.037481,f8828c3e-806d-11ed-b1e6-fa4fb8e2990b,RK Station Rdam Zuid,51.905545015,4.509568537,15,7,9999
2026-03-12T17:14:29.037481,5f71799e-806b-11ed-b1e6-fa4fb8e2990b,BH Willemsplein,51.911118908,4.481894771,17,2,9999
2026-03-12T17:14:29.037481,42824336-bd97-11ed-b1e6-fa4fb8e2990b,RK Groene Hilledijk,51.882726433,4.504266667,10,2,9999
2026-03-12T17:14:29.037481,db6932f4-182b-11ef-a8d1-42f0fecaeb6a,BH Metrostation Nesselande,51.978969273,4.586177782,10,0,9999
2026-03-12T17:14:29.037481,e26322b0-2025-11f0-ab1d-9ae3af3bf913,BH Brielselaan,51.896298935,4.489248091,4,1,9999
2026-03-12T17:14:29.037481,c862b7f2-06fb-11ef-b58d-569a23b994be,BH Prins Alexanderlaan (metrobaan zijde),51.952192324,4.551435621,10,0,9999
2026-03-12T17:14:29.037481,c53689c2-8124-11ed-b1e6-fa4fb8e2990b,RK Peellandstraat / Beesdestraat ,51.888535309,4.567291893,10,4,9999
2026-03-12T17:14:29.037481,8f5d35a0-1834-11ef-8071-42f0fecaeb6a,BH Jan Bijloostraat (Winkelcentrum Lage Land),51.941821995,4.546449269,9,9,9999
2026-03-12T17:14:29.037481,f8fcd3a4-983a-11ef-a85a-be896af2d3a5,BH Rhijnauwensingel,51.892161199,4.569620613,12,2,9999
2026-03-12T17:14:29.037481,118239d4-a5b2-11f0-ab44-baed9603afbb,Lorentzlaan (bushalte),51.917994492,4.415061192,4,1,9999
2026-03-12T17:14:29.037481,0c107276-bdb7-11ed-b1e6-fa4fb8e2990b,RK Sandelingenplein,51.889562128,4.506962326,10,2,9999
2026-03-12T17:14:29.037481,75b8bea6-81d8-11ed-b1e6-fa4fb8e2990b,RK Metrostation Maashaven (Putselaan),51.897794241,4.495760713,10,6,9999
2026-03-12T17:14:29.037481,a20bbbae-bdae-11ed-b1e6-fa4fb8e2990b,RK Frankendaal,51.886951976,4.521294152,10,0,9999
2026-03-12T17:14:29.037481,f1df385c-f5b2-11ef-81b3-76e5c571f05f,HUB Admiraal de Ruyterstraat,51.906742474,4.38554997,8,3,9999
2026-03-12T17:14:29.037481,4247dd56-1c9f-11ee-8219-8ed3b2364c4f,BH Metro Coolhaven,51.909218289,4.458167882,10,9,9999
2026-03-12T18:05:38.992700,65af1c24-06f4-11ef-b58d-569a23b994be,BH Meerum Terwogtlaan,51.951763386,4.524587387,10,2,9999
2026-03-12T18:05:38.992700,bc839806-a5b1-11f0-ab44-baed9603afbb,Van het Hoffplein (Boerhavelaan),51.916219132,4.412005574,8,3,9999
2026-03-12T18:05:38.992700,2c632780-a8de-11ef-8778-d2279db84567,BH Schuttevaerweg,51.922420472,4.434869706,10,2,9999
2026-03-12T18:05:38.992700,a3c07f10-a5b5-11f0-b05b-baed9603afbb,HUB Hoofdbrug,51.908705902,4.406131267,8,1,9999
2026-03-12T18:05:38.992700,b9bfe680-fbc4-11ee-b58d-569a23b994be,Trompenburg 2,51.917638379,4.518889893,10,2,8
2026-03-12T18:05:38.992700,3c659862-a8dd-11ef-8778-d2279db84567,BH Mayflowerstraat,51.905015647,4.440161906,10,5,9999
2026-03-12T18:05:38.992700,e0a4baca-a748-11ef-8778-d2279db84567,BH Mariniersweg,51.920853425,4.490979502,10,4,9999
2026-03-12T18:05:38.992700,c35c448e-06fc-11ef-b58d-569a23b994be,BH Jacob van Campenweg ,51.942434165,4.537976212,7,6,9999
2026-03-12T18:05:38.992700,438486f4-a5b6-11f0-a150-baed9603afbb,HUB Koemarkt ingang garage,51.914517902,4.401917461,6,1,9999
2026-03-12T18:05:38.992700,365f4a3e-a5b3-11f0-ab44-baed9603afbb,Rubensplein,51.911712719,4.383665134,6,3,9999
2026-03-12T18:05:38.992700,a85b996e-fe23-11ee-b58d-569a23b994be,BH Dirk van der Kooijweg (Waterleliesingel),51.953796964,4.52009166,10,1,9999
2026-03-12T18:05:38.992700,19e2de56-b5d8-11ee-9ae6-5263e3f30f1e,BH STC Waalhaven,51.878297275,4.448759787,10,2,9999
2026-03-12T18:05:38.992700,c6c213ee-ed18-11ef-9957-f683e5eb607c,BH Langenhorst (Binkhorst),51.877310029,4.494737503,10,3,9999
2026-03-12T18:05:38.992700,3366f8b0-a8dc-11ef-8778-d2279db84567,BH Vierhavenstraat (WoonEnzo),51.907777562,4.438830385,4,8,9999
2026-03-12T18:05:38.992700,04a89aea-a5b3-11f0-ab44-baed9603afbb,Groenelaan Hagastraat (Winkelcentrum),51.907303396,4.402285408,4,2,9999
2026-03-12T18:05:38.992700,32638aa6-a5b5-11f0-9f09-baed9603afbb,HUB Laan van Bol'es,51.928443203,4.370771711,10,2,9999
2026-03-12T18:05:38.992700,291c2f72-a749-11ef-8778-d2279db84567,BH Westzeedijk,51.909321622,4.471436479,10,3,9999
2026-03-12T18:05:38.992700,abd627be-67bb-11f0-91de-5eaa9feacc9b,BH Schiekade (Heer Bokelweg),51.927133058,4.476309832,10,0,9999
2026-03-12T18:05:38.992700,8948d5a4-b094-11ef-b6d3-56d88772ab1a,BH Duivenpad,51.964922912,4.498254116,8,5,9999
2026-03-12T18:05:38.992700,227e8c1e-be97-11ee-9ae6-5263e3f30f1e,HUB Metrostation Troelstralaan,51.915742295,4.384972326,10,0,9999
2026-03-12T18:05:38.992700,0af509a8-06f7-11ef-b58d-569a23b994be,BH Beethovensingel,51.96114919,4.505141448,10,14,9999
2026-03-12T18:05:38.992700,dc06f296-1768-11ef-8071-42f0fecaeb6a,BH Prins Alexanderlaan (Oosterflank),51.946646256,4.553811478,12,5,9999
2026-03-12T18:05:38.992700,221af3ce-7fe1-11ee-bb01-c602c1905375,BH Metro Prinsenlaan,51.940647564,4.556931306,10,2,9999
2026-03-12T18:05:38.992700,a793d6ba-edc8-11ee-a9f0-82366b51b915,BH Infirmeriestraat,51.922255603,4.502265891,10,9,9999
2026-03-12T18:05:38.992700,0359e1a2-bdb3-11ed-b1e6-fa4fb8e2990b,RK Rosestraat 11C,51.902954022,4.511377745,10,10,9999
2026-03-12T18:05:38.992700,87f07e20-9e78-11ee-a91e-ee69b7c7763e,BH Marconistraat (Lee Towers),51.912441021,4.430411189,14,2,9999
2026-03-12T18:05:38.992700,f539bd6e-06f8-11ef-b58d-569a23b994be,BH Meijersplein,51.955657978,4.463033845,8,5,9999
2026-03-12T18:05:38.992700,70f0801a-8071-11ed-b1e6-fa4fb8e2990b,RK treinstation Lombardijen,51.88057913,4.531905572,30,4,9999
2026-03-12T18:05:38.992700,43752ffc-a8db-11ef-8778-d2279db84567,BH Pieter de Hoochweg,51.906316301,4.459985731,6,8,9999
2026-03-12T18:05:38.992700,b35ddad8-ab08-11ef-8778-d2279db84567,HUB Rotterdamsedijk 272,51.914957692,4.40343084,8,1,9999
2026-03-12T18:05:38.992700,9b1fa0f6-ae3c-11ee-a91e-ee69b7c7763e,BH Winkelhart Plein 1953,51.874842065,4.467889739,10,2,9999
2026-03-12T18:05:38.992700,8bd90878-0884-11f0-9a47-66143dd92f22,RK Molenvliet,51.882626536,4.521159806,10,5,9999
2026-03-12T18:05:38.992700,45450b66-a5b2-11f0-ab44-baed9603afbb,Maasdijk (Gustoweg),51.906629018,4.412009895,6,2,9999
2026-03-12T18:05:38.992700,4de2effe-f068-11ef-ba40-0ea3ed1ae564,HUB Hof van Spaland - Vlaardingseweg,51.935841728,4.376077923,4,1,9999
2026-03-12T18:05:38.992700,d38c6468-06fe-11ef-b58d-569a23b994be,BH Kleine Beer,51.950902127,4.555051083,6,1,9999
2026-03-12T18:05:38.992700,e552904e-182b-11ef-a8d1-42f0fecaeb6a,BH Metrostation Hesseplaats,51.963345229,4.554510684,10,3,9999
2026-03-12T18:05:38.992700,1826196c-b162-11ef-bdcd-5adc5d29ed54,BH Bentincklaan (Diergaarde Blijdorp),51.92572504,4.454794024,10,2,9999
2026-03-12T18:05:38.992700,8a1e5ed0-1c9e-11ee-8219-8ed3b2364c4f,BH Sparta stadion,51.920151368,4.434428835,20,18,9999
2026-03-12T18:05:38.992700,d3c9003c-b486-11ee-9ae6-5263e3f30f1e,BH Oostzeedijk Beneden,51.922514244,4.503092963,10,7,9999
2026-03-12T18:05:38.992700,552a82b8-b094-11ef-b6d3-56d88772ab1a,BH Hockeyclub Rotterdam,51.96869974,4.484731647,25,3,9999
2026-03-12T18:05:38.992700,cb3f6d1c-a746-11ef-8778-d2279db84567,BH Vasteland (AH),51.911537089,4.478368712,10,11,9999
2026-03-12T18:05:38.992700,d4a8557a-eabd-11ef-ac99-aa7241d1fb4f,HUB Admiraal Trompstraat (Huisman),51.908834504,4.381923039,8,0,9999
2026-03-12T18:05:38.992700,00e8b3de-9e82-11ee-a91e-ee69b7c7763e,BH Jacques Dutilhweg,51.927993284,4.5475155,10,5,9999
2026-03-12T18:05:38.992700,d868fe52-36e5-11f0-ab1d-9ae3af3bf913,BH Sluisjesdijk,51.894714517,4.461900478,10,2,0
2026-03-12T18:05:38.992700,4338fed2-edbb-11ee-a9f0-82366b51b915,BH Oostzeedijk Beneden 2,51.921653595,4.507031037,10,10,9999
2026-03-12T18:05:38.992700,2c82bb9a-217b-11ee-8219-8ed3b2364c4f,Hub Weena,51.922738296,4.469181329,142,17,9999
2026-03-12T18:05:38.992700,96f5cbdc-06f6-11ef-b58d-569a23b994be,BH Argonautenweg,51.959086712,4.49354982,10,1,9999
2026-03-12T18:05:38.992700,2f51713e-32b7-11ee-8219-8ed3b2364c4f,Hub P+R Capelsebrug,51.920991793,4.559215491,18,1,9999
2026-03-12T18:05:38.992700,62b0255a-9e7a-11ee-a91e-ee69b7c7763e,BH Vierhavenstraat,51.910327597,4.434992993,16,7,9999
2026-03-12T18:05:38.992700,2b10524e-06f5-11ef-b58d-569a23b994be,BH Piet van der Polsingel,51.950618784,4.518612648,8,2,9999
2026-03-12T18:05:38.992700,47070056-06fa-11ef-b58d-569a23b994be,BH Metrostation Schenkel,51.931770435,4.56406792,12,2,9999
2026-03-12T18:05:38.992700,7a8c12ba-91ab-11ed-b1e6-fa4fb8e2990b,BH Metrostation Slinge,51.874526023,4.477872534,15,3,9999
2026-03-12T18:05:38.992700,026045c6-8530-11ee-bb01-c602c1905375,BH Winkelhart Katendrechtse Lagedijk,51.891184937,4.479440034,10,1,9999
2026-03-12T18:05:38.992700,9d9bb8ec-4bd1-11ee-bb01-c602c1905375,BH Marconiplein,51.913319277,4.432514448,10,9,9999
2026-03-12T18:05:38.992700,8330f3ca-a5b4-11f0-ab44-baed9603afbb,Fokkerstraat Plesmanstraat,51.929694009,4.399576614,4,1,9999
2026-03-12T18:05:38.992700,5b842034-5331-11f0-ab1d-9ae3af3bf913,BH Walenburgerweg,51.926698659,4.462629155,10,6,9999
2026-03-12T18:05:38.992700,a08059b6-b484-11ee-9ae6-5263e3f30f1e,BH Metrostation Gerdesiaweg,51.925444134,4.506155972,10,1,9999
2026-03-12T18:05:38.992700,2f718c84-8911-11ee-bb01-c602c1905375,BH Metro Dijkzigt - EMC,51.911789199,4.466334846,20,6,9999
2026-03-12T18:05:38.992700,f58e41fc-1c9f-11ee-8219-8ed3b2364c4f,BH Heemraadsplein,51.912322959,4.455058085,10,6,9999
2026-03-12T18:05:38.992700,79fdd038-34b8-11f0-ab1d-9ae3af3bf913,BH RTHA Airport,51.94924845,4.432611987,10,7,0
2026-03-12T18:05:38.992700,1c41897e-596e-11ef-bed6-aa139991deb4,HUB Metrostation Nieuwland / Bijdorpplein,51.922583819,4.38260008,10,0,9999
2026-03-12T18:05:38.992700,a57d027c-8912-11ee-bb01-c602c1905375,BH Delftse Poort,51.924408145,4.472816464,10,8,9999
2026-03-12T18:05:38.992700,6383849a-2038-11f0-ab1d-9ae3af3bf913,BH - Kralingsebos (Langepad),51.936318565,4.506197017,10,0,9999
2026-03-12T18:05:38.992700,e90e9332-06f5-11ef-b58d-569a23b994be,BH Burgemeester Le Fèvre de Montignylaan,51.957620055,4.501711782,10,0,9999
2026-03-12T18:05:38.992700,5cb3ffde-bdaf-11ed-b1e6-fa4fb8e2990b,RK Stadionlaan,51.892328813,4.530682857,10,3,9999
2026-03-12T18:05:38.992700,02bed1f8-8392-11ee-bb01-c602c1905375,BH Station Alexander,51.951735827,4.551049232,10,6,9999
2026-03-12T18:05:38.992700,08d5cf66-8ab2-11ee-bb01-c602c1905375,BH Winkelhart Asterlo,51.873536387,4.483591736,10,0,9999
2026-03-12T18:05:38.992700,0e51e024-c757-11ee-9ae6-5263e3f30f1e,BH Metrostation Binnenhof,51.960437867,4.535372966,10,6,9999
2026-03-12T18:05:38.992700,409f87f6-890f-11ee-bb01-c602c1905375,BH Metro Beurs,51.917806013,4.480107053,8,9,9999
2026-03-12T18:05:38.992700,d6a7cd26-4d08-11f0-ab1d-9ae3af3bf913,BH - Oudehoofdplein-Haringvliet,51.918979475,4.49384405,10,5,9999
2026-03-12T18:05:38.992700,f0ad9b92-1767-11ef-8071-42f0fecaeb6a,BH Prinsenlaan,51.937206457,4.536127586,10,0,9999
2026-03-12T18:05:38.992700,f06fd44c-2035-11f0-ab1d-9ae3af3bf913,BH Boezemlaan,51.938982631,4.495864471,10,7,9999
2026-03-12T18:05:38.992700,8d91a90c-9e83-11ee-a91e-ee69b7c7763e,BH Kraaierstraat,51.91909698,4.418192898,8,5,9999
2026-03-12T18:05:38.992700,a2671a36-bdad-11ed-b1e6-fa4fb8e2990b,RK Dwarsdijk,51.893055987,4.539201504,10,7,9999
2026-03-12T18:05:38.992700,376a5cda-06f8-11ef-b58d-569a23b994be,BH Ganzerikplein,51.958953276,4.471584016,10,5,9999
2026-03-12T18:05:38.992700,5cdd9872-b096-11ef-b6d3-56d88772ab1a,BH Wilgenplaslaan/ Meidoornsingel,51.953868042,4.468211582,7,1,9999
2026-03-12T18:05:38.992700,952a3e78-a8db-11ef-8778-d2279db84567,BH Lloydstraat,51.902214281,4.461287644,10,10,9999
2026-03-12T18:05:38.992700,a6fa0910-8067-11ed-b1e6-fa4fb8e2990b,BH Stadion Fey (Bert Heesakkerstr.),51.896805818,4.521735582,50,3,9999
2026-03-12T18:05:38.992700,a1337d02-e018-11ed-a249-96cdaf8f7240,BH Sint Franciscus,51.942171146,4.460534407,25,2,9999
2026-03-12T18:05:38.992700,d3cea108-8285-11f0-ab44-baed9603afbb,BH - Ratelaarweg,51.967431611,4.463349689,10,1,9999
2026-03-12T18:05:38.992700,3bef7002-bdb5-11ed-b1e6-fa4fb8e2990b,RK Breeweg,51.890630632,4.514261169,10,3,9999
2026-03-12T18:05:38.992700,8c90734c-45bb-11ee-8219-8ed3b2364c4f,BH Coen Moulijnweg,51.893813253,4.526876329,42,3,9999
2026-03-12T18:05:38.992700,1b098490-2037-11f0-ab1d-9ae3af3bf913,BH Karmelweg,51.933461291,4.5029394,8,1,9999
2026-03-12T18:05:38.992700,23348a06-bdb1-11ed-b1e6-fa4fb8e2990b,RK Guido Gezelleweg,51.87434607,4.523238145,10,4,9999
2026-03-12T18:05:38.992700,66824038-37b2-11ef-a21a-8e54a72a50da,HUB Metrostation Parkweg / Zuidzijde,51.921443238,4.39475836,10,0,9
2026-03-12T18:05:38.992700,2c127298-ff25-11ef-a79f-a65a77daff90,BH Aert van Nesstraat,51.921141166,4.478916173,8,6,9999
2026-03-12T18:05:38.992700,cde445c6-a744-11ef-8778-d2279db84567,BH Groenendaal,51.921685178,4.492944049,6,16,9999
2026-03-12T18:05:38.992700,97c6a1c2-a8da-11ef-8778-d2279db84567,BH Henegouwerplein,51.921807589,4.460561523,10,3,9999
2026-03-12T18:05:38.992700,e68d5642-a5b5-11f0-b6c1-baed9603afbb,HUB NS Station Schiedam Centrum/ Professor Kamerlingh Onneslaan,51.92071744,4.408262487,12,2,9999
2026-03-12T18:05:38.992700,82623a40-bda3-11ed-b1e6-fa4fb8e2990b,RK Rosestraat,51.91100607,4.501308573,10,4,9999
2026-03-12T18:05:38.992700,b7353df6-b485-11ee-9ae6-5263e3f30f1e,BH Metrostation Kralingsezoom (Gravenweg),51.921751706,4.533850265,10,0,9999
2026-03-12T18:05:38.992700,6c34980a-bb92-11ef-a02d-6ea8ed91bd56,BH Gordelweg (Lidl),51.940472428,4.479798999,4,2,9999
2026-03-12T18:05:38.992700,5904bd1a-a5b5-11f0-b05b-baed9603afbb,HUB Hof van Spaland - Bachplein,51.934889388,4.374726808,8,1,9999
2026-03-12T18:05:38.992700,32ca5fd0-8126-11ed-b1e6-fa4fb8e2990b,RK Vuurplaat,51.906526668,4.505838102,10,3,9999
2026-03-12T18:05:38.992700,f94a1ff6-b095-11ef-b6d3-56d88772ab1a,BH Bm Le Fèvre de Montignylaan/ Jeroen Boschlaan,51.955641943,4.505982462,6,1,9999
2026-03-12T18:05:38.992700,4228b402-8537-11ee-bb01-c602c1905375,BH Tongelaarweg,51.895280064,4.563514996,10,2,9999
2026-03-12T18:05:38.992700,6f66a60c-36e5-11f0-ab1d-9ae3af3bf913,BH Lloydpier,51.904487669,4.460458303,8,6,0
2026-03-12T18:05:38.992700,7d81b63e-a5b5-11f0-b05b-baed9603afbb,HUB 's Gravelandseweg,51.932091958,4.401924037,6,1,9999
2026-03-12T18:05:38.992700,a3dbb322-8121-11ed-b1e6-fa4fb8e2990b,RK Metrostation Rijnhaven ,51.902216981,4.49610172,15,8,9999
2026-03-12T18:05:38.992700,cf23b50e-9ad0-11f0-ab44-baed9603afbb,BH Natuurhistorisch museum,51.911022288,4.472728259,12,1,9999
2026-03-12T18:05:38.992700,d55243f6-182b-11ef-a8d1-42f0fecaeb6a,BH Siciliëboulevard ,51.97996654,4.580859756,10,1,9999
2026-03-12T18:05:38.992700,e0f7ef36-a5b4-11f0-ab44-baed9603afbb,Havenstraat einde (digitale testhub),51.900396883,4.398614319,12,0,9999
2026-03-12T18:05:38.992700,05d1d708-eabd-11ef-88c2-aa7241d1fb4f,HUB De Thermen ,51.927426752,4.380236246,8,0,9999
2026-03-12T18:05:38.992700,b3381a7a-2036-11f0-ab1d-9ae3af3bf913,BH Oudedijk / de Nieuwe Plantage,51.929149075,4.505248613,8,6,9999
2026-03-12T18:05:38.992700,8b480576-eabc-11ee-a9f0-82366b51b915,BH Schiedamseweg Beneden,51.914135146,4.422297364,5,9,9999
2026-03-12T18:05:38.992700,89a2f1d2-a5b3-11f0-ab44-baed9603afbb,Metrostation Vijfsluizen,51.908108215,4.37254105,8,1,9999
2026-03-12T18:05:38.992700,e50f3d1e-f069-11ef-9ed7-0ea3ed1ae564,HUB Oranjestraat - Lange Nieuwstraat,51.913368472,4.40030457,5,0,9999
2026-03-12T18:05:38.992700,4c1b19a4-d0a1-11ee-8b0e-065810cc8d78,BH Elandstraat,51.910800072,4.553878993,10,4,9999
2026-03-12T18:05:38.992700,bbbba24e-806e-11ed-b1e6-fa4fb8e2990b,RK P+R Noorderhelling,51.894761016,4.532122707,15,1,9999
2026-03-12T18:05:38.992700,3ac0b682-8129-11ed-b1e6-fa4fb8e2990b,RK Cor Kieboomplein,51.896922039,4.523502821,15,3,9999
2026-03-12T18:05:38.992700,5a3ffbf4-37b1-11ef-a21a-8e54a72a50da,HUB Metrostation Nieuwland / Van Limburg Stirumstraat,51.922446663,4.38308784,6,2,3
2026-03-12T18:05:38.992700,5d8d12a2-a5b4-11f0-ab44-baed9603afbb,Van Heekstraat,51.931167557,4.406024405,4,0,9999
2026-03-12T18:05:38.992700,f251d6e8-0b82-11ef-b58d-569a23b994be,BH Metrostation Graskruid ,51.956473743,4.550010233,8,2,9999
2026-03-12T18:05:38.992700,a4d2ea7c-b2f0-11ef-aa57-62870c7808bb,BH 2e Hogenbanweg,51.936951327,4.427707182,8,0,9999
2026-03-12T18:05:38.992700,75ba0d1a-2037-11f0-ab1d-9ae3af3bf913,BH Stadhoudersweg,51.931417737,4.461484988,10,9,9999
2026-03-12T18:05:38.992700,bc6b0d7e-a745-11ef-8778-d2279db84567,BH Goudsewagenstraat,51.923224462,4.493552746,8,3,9999
2026-03-12T18:05:38.992700,0f37eafc-8912-11ee-bb01-c602c1905375,BH Metro Oostplein,51.922677789,4.497608825,10,10,9999
2026-03-12T18:05:38.992700,aed7c2fa-8123-11ed-b1e6-fa4fb8e2990b,RK Groene Hilledijk/Beijerlandselaan,51.893806789,4.509452258,10,1,9999
2026-03-12T18:05:38.992700,c76f0318-bb92-11ef-a02d-6ea8ed91bd56,BH NS Centraal Station (Stationssingel),51.925399994,4.466148375,10,7,9999
2026-03-12T18:05:38.992700,361a368c-a5b4-11f0-ab44-baed9603afbb,Sportpark Haga (Epke Zonderlandstraat),51.921919868,4.370918199,8,2,9999
2026-03-12T18:05:38.992700,f4c0fe5e-02d6-11ef-b58d-569a23b994be,BH Paulus Potterstraat,51.9228414,4.508497696,10,3,9999
2026-03-12T18:05:38.992700,48cbf66e-9f15-11ee-a91e-ee69b7c7763e,BH Franselaan,51.917379138,4.420463507,10,9,9999
2026-03-12T18:05:38.992700,e9735b4e-7da7-11f0-ab44-baed9603afbb,BH Veldkersweg,51.966835673,4.46657292,8,0,9999
2026-03-12T18:05:38.992700,4b1ac684-bb93-11ef-a02d-6ea8ed91bd56,BH Noorderkanaalweg,51.940525593,4.472984586,9,2,9999
2026-03-12T18:05:38.992700,033a9392-3700-11f0-ab1d-9ae3af3bf913,BH Herman Bavinckstraat,51.915067882,4.521446921,10,6,9999
2026-03-12T18:05:38.992700,ffe8c3e8-a8da-11ef-8778-d2279db84567,BH Mathenesserplein,51.917836602,4.44508891,8,10,9999
2026-03-12T18:05:38.992700,e377069a-ff63-11ef-a79f-a65a77daff90,BH Kralingsebos Bosdreef/Pr. Beatrixlaan,51.93789612,4.501689644,8,0,9999
2026-03-12T18:05:38.992700,7af95f9c-a747-11ef-8778-d2279db84567,BH Kruisplein,51.92228569,4.47138789,6,10,9999
2026-03-12T18:05:38.992700,4c50cb7a-bdb6-11ed-b1e6-fa4fb8e2990b,RK Olympiaweg,51.886462746,4.529133302,10,3,9999
2026-03-12T18:05:38.992700,a694ef4e-36e5-11f0-ab1d-9ae3af3bf913,BH Neushoornstraat,51.913041554,4.553743002,6,2,0
2026-03-12T18:05:38.992700,be56ca62-8120-11ed-b1e6-fa4fb8e2990b,RK P+R Beverwaard,51.885771514,4.568986239,10,1,9999
2026-03-12T18:05:38.992700,d5af3bc4-806a-11ed-b1e6-fa4fb8e2990b,BH Kievitslaan,51.907226862,4.473300159,17,5,9999
2026-03-12T18:05:38.992700,dd006abc-a5b3-11f0-ab44-baed9603afbb,Havenstraat,51.903204365,4.398004897,8,0,9999
2026-03-12T18:05:38.992700,6f09af84-eabe-11ee-a9f0-82366b51b915,BH Delftseplein ,51.925206514,4.474011701,14,8,9999
2026-03-12T18:05:38.992700,1cfb89ec-806b-11ed-b1e6-fa4fb8e2990b,BH Westplein,51.908912961,4.478583441,10,7,9999
2026-03-12T18:05:38.992700,12fc10a4-bb94-11ef-a02d-6ea8ed91bd56,BH Noordplein,51.930251975,4.483699175,10,3,9999
2026-03-12T18:05:38.992700,276e8d26-bda0-11ed-b1e6-fa4fb8e2990b,RK Strevelsweg,51.889634937,4.495943368,15,1,9999
2026-03-12T18:05:38.992700,9e066470-2038-11f0-ab1d-9ae3af3bf913,BH Kralinger Esch,51.911179823,4.524762065,9,12,9999
2026-03-12T18:05:38.992700,9b1f0aaa-8125-11ed-b1e6-fa4fb8e2990b,RK Slaghekstraat - Beijerlandselaan,51.897574833,4.511261604,10,4,9999
2026-03-12T18:05:38.992700,b8c81048-2037-11f0-ab1d-9ae3af3bf913,BH Van Maanenstraat,51.932279316,4.464280453,6,4,9999
2026-03-12T18:05:38.992700,1f4ff66c-bdb8-11ed-b1e6-fa4fb8e2990b,RK Van der Takstraat ,51.914243737,4.496045621,10,5,9999
2026-03-12T18:05:38.992700,3b523cee-5c94-11f0-ab1d-9ae3af3bf913,BH - Wilhelminapier,51.90698281,4.489727426,14,4,9999
2026-03-12T18:05:38.992700,e8d292d2-039a-11ef-b58d-569a23b994be,BH Mia van Yperenplein ,51.928414546,4.545678043,10,5,9999
2026-03-12T18:05:38.992700,12daf18a-8068-11ed-b1e6-fa4fb8e2990b,BH Treinst. Lombardijen (Aesopusplaats),51.880478018,4.530040287,10,0,9999
2026-03-12T18:05:38.992700,558e4a5a-eaba-11ee-a9f0-82366b51b915,BH Blijdorplaan ,51.927389289,4.440437692,22,14,9999
2026-03-12T18:05:38.992700,5a8de282-36ee-11f0-ab1d-9ae3af3bf913,BH van Blommesteynweg,51.888148155,4.460842726,10,1,9999
2026-03-12T18:05:38.992700,078569ee-a5b5-11f0-ab44-baed9603afbb,Nieuwe Waterwegstraat (digitale testhub),51.900682979,4.390873601,12,0,9999
2026-03-12T18:05:38.992700,8e5dd27e-06fd-11ef-b58d-569a23b994be,BH Prins Alexanderplein,51.951040272,4.553684972,14,0,9999
2026-03-12T18:05:38.992700,a6843864-fbc4-11ee-b58d-569a23b994be,Trompenburg 1,51.917696349,4.517981647,10,8,0
2026-03-12T18:05:38.992700,5b583480-a8da-11ef-8778-d2279db84567,BH Duyststraat,51.910073429,4.452225738,8,6,9999
2026-03-12T18:05:38.992700,2510e9ba-a5b6-11f0-847a-baed9603afbb,Hub Kloosterplaats,51.91675013,4.402112308,6,6,9999
2026-03-12T18:05:38.992700,880e3e72-a8dd-11ef-8778-d2279db84567,BH Spaansebocht,51.917413667,4.430014126,9,1,9999
2026-03-12T18:05:38.992700,b5b3324a-edb9-11ee-a9f0-82366b51b915,BH Siondwarsstraat,51.925261494,4.51053174,10,0,9999
2026-03-12T18:05:38.992700,94b01d94-edc6-11ee-a9f0-82366b51b915,BH Schuttersveld,51.933248028,4.490978921,10,6,9999
2026-03-12T18:05:38.992700,69b33170-edbd-11ee-a9f0-82366b51b915,BH Metro Oostplein 2,51.923145722,4.496820843,10,6,9999
2026-03-12T18:05:38.992700,67d6af9a-f068-11ef-ba40-0ea3ed1ae564,HUB Hof van Spaland - Schiedamseweg,51.934898803,4.378145906,12,1,9999
2026-03-12T18:05:38.992700,4933dd54-9e7c-11ee-a91e-ee69b7c7763e,BH Willem Ruyslaan (Luzac College),51.925421889,4.508669446,10,7,9999
2026-03-12T18:05:38.992700,9f935b6c-b095-11ef-b6d3-56d88772ab1a,BH Bergpolderplein,51.945227242,4.474988047,8,2,9999
2026-03-12T18:05:38.992700,8a2d056c-bb93-11ef-a02d-6ea8ed91bd56,BH NS Station Noord (Bergweg),51.941530048,4.481339526,10,6,3
2026-03-12T18:05:38.992700,4d95ab34-8122-11ed-b1e6-fa4fb8e2990b,RK Metrostation Maashaven ,51.896573582,4.494245173,30,1,9999
2026-03-12T18:05:38.992700,3d015ff0-8394-11ee-bb01-c602c1905375,BH Metrostation Oosterflank,51.945209326,4.555045447,10,0,9999
2026-03-12T18:05:38.992700,defeb050-a747-11ef-8778-d2279db84567,BH Karel Doormanstraat,51.922789549,4.473609692,9,12,9999
2026-03-12T18:05:38.992700,b5dc5454-890f-11ee-bb01-c602c1905375,BH Schilderstraat,51.916377397,4.48142868,8,7,9999
2026-03-12T18:05:38.992700,2f12ae3e-806c-11ed-b1e6-fa4fb8e2990b,BH Winkelcentrum Keizerswaard-Herenw,51.886358391,4.549308056,15,12,9999
2026-03-12T18:05:38.992700,3b6d73a8-805d-11ed-b1e6-fa4fb8e2990b,BH Metrostation Melanchtonweg,51.94881199,4.465233746,10,0,9999
2026-03-12T18:05:38.992700,d5832958-891a-11ee-bb01-c602c1905375,BH Metro Zuidplein (nieuw),51.887180341,4.491554668,10,2,9999
2026-03-12T18:05:38.992700,a535094e-b162-11ef-bdcd-5adc5d29ed54,BH Eudokiaplein,51.932433484,4.47153255,9,17,9999
2026-03-12T18:05:38.992700,437f8dc8-bd9e-11ed-b1e6-fa4fb8e2990b,RK Hillevliet,51.89558515,4.506432514,10,0,9999
2026-03-12T18:05:38.992700,f10d8ab4-9997-11ee-a91e-ee69b7c7763e,BH Shell Hofplein,51.925705456,4.477781355,28,5,9999
2026-03-12T18:05:38.992700,94467720-8127-11ed-b1e6-fa4fb8e2990b,RK Persoonsdam,51.909309099,4.508017165,10,1,9999
2026-03-12T18:05:38.992700,9245444a-2023-11f0-ab1d-9ae3af3bf913,BH Witte de Withstraat,51.915906523,4.478080905,10,9,9999
2026-03-12T18:05:38.992700,49d59348-ff64-11ef-b515-a65a77daff90,BH Bergweg (Dirk van den Broek),51.93856254,4.479465675,6,7,9999
2026-03-12T18:05:38.992700,30fb96bc-8124-11ed-b1e6-fa4fb8e2990b,RK Beverwaardseweg/ Borgharensingel,51.898798338,4.564663375,10,1,9999
2026-03-12T18:05:38.992700,9a1fb404-8ab3-11ee-bb01-c602c1905375,BH Langenhorst ,51.874120882,4.494254863,10,1,9999
2026-03-12T18:05:38.992700,abe67bfa-b096-11ef-b6d3-56d88772ab1a,BH Wilgenplaslaan/ Donkersingel,51.951337599,4.47048253,10,7,9999
2026-03-12T18:05:38.992700,068b0f9c-a8dd-11ef-8778-d2279db84567,BH Vierhavenstraat (Sahan),51.908502395,4.437727106,4,3,9999
2026-03-12T18:05:38.992700,bc0e7e9c-a8da-11ef-8778-d2279db84567,BH Jan van Vuchtstraat,51.917045317,4.460830874,6,4,9999
2026-03-12T18:05:38.992700,8b721818-a5b2-11f0-ab44-baed9603afbb,Lekstraat,51.90446958,4.406985264,6,3,9999
2026-03-12T18:05:38.992700,ad212572-06f7-11ef-b58d-569a23b994be,BH Molenlaan/Grindweg,51.963224537,4.49571068,10,2,9999
2026-03-12T18:05:38.992700,f8828c3e-806d-11ed-b1e6-fa4fb8e2990b,RK Station Rdam Zuid,51.905545015,4.509568537,15,7,9999
2026-03-12T18:05:38.992700,5f71799e-806b-11ed-b1e6-fa4fb8e2990b,BH Willemsplein,51.911118908,4.481894771,17,7,9999
2026-03-12T18:05:38.992700,42824336-bd97-11ed-b1e6-fa4fb8e2990b,RK Groene Hilledijk,51.882726433,4.504266667,10,2,9999
2026-03-12T18:05:38.992700,db6932f4-182b-11ef-a8d1-42f0fecaeb6a,BH Metrostation Nesselande,51.978969273,4.586177782,10,0,9999
2026-03-12T18:05:38.992700,e26322b0-2025-11f0-ab1d-9ae3af3bf913,BH Brielselaan,51.896298935,4.489248091,4,1,9999
2026-03-12T18:05:38.992700,c862b7f2-06fb-11ef-b58d-569a23b994be,BH Prins Alexanderlaan (metrobaan zijde),51.952192324,4.551435621,10,0,9999
2026-03-12T18:05:38.992700,c53689c2-8124-11ed-b1e6-fa4fb8e2990b,RK Peellandstraat / Beesdestraat ,51.888535309,4.567291893,10,4,9999
2026-03-12T18:05:38.992700,8f5d35a0-1834-11ef-8071-42f0fecaeb6a,BH Jan Bijloostraat (Winkelcentrum Lage Land),51.941821995,4.546449269,9,9,9999
2026-03-12T18:05:38.992700,f8fcd3a4-983a-11ef-a85a-be896af2d3a5,BH Rhijnauwensingel,51.892161199,4.569620613,12,2,9999
2026-03-12T18:05:38.992700,118239d4-a5b2-11f0-ab44-baed9603afbb,Lorentzlaan (bushalte),51.917994492,4.415061192,4,1,9999
2026-03-12T18:05:38.992700,0c107276-bdb7-11ed-b1e6-fa4fb8e2990b,RK Sandelingenplein,51.889562128,4.506962326,10,3,9999
2026-03-12T18:05:38.992700,75b8bea6-81d8-11ed-b1e6-fa4fb8e2990b,RK Metrostation Maashaven (Putselaan),51.897794241,4.495760713,10,7,9999
2026-03-12T18:05:38.992700,a20bbbae-bdae-11ed-b1e6-fa4fb8e2990b,RK Frankendaal,51.886951976,4.521294152,10,0,9999
2026-03-12T18:05:38.992700,f1df385c-f5b2-11ef-81b3-76e5c571f05f,HUB Admiraal de Ruyterstraat,51.906742474,4.38554997,8,3,9999
2026-03-12T18:05:38.992700,4247dd56-1c9f-11ee-8219-8ed3b2364c4f,BH Metro Coolhaven,51.909218289,4.458167882,10,9,9999
2026-03-12T19:10:14.350825,65af1c24-06f4-11ef-b58d-569a23b994be,BH Meerum Terwogtlaan,51.951763386,4.524587387,10,2,9999
2026-03-12T19:10:14.350825,bc839806-a5b1-11f0-ab44-baed9603afbb,Van het Hoffplein (Boerhavelaan),51.916219132,4.412005574,8,2,9999
2026-03-12T19:10:14.350825,2c632780-a8de-11ef-8778-d2279db84567,BH Schuttevaerweg,51.922420472,4.434869706,10,2,9999
2026-03-12T19:10:14.350825,a3c07f10-a5b5-11f0-b05b-baed9603afbb,HUB Hoofdbrug,51.908705902,4.406131267,8,1,9999
2026-03-12T19:10:14.350825,b9bfe680-fbc4-11ee-b58d-569a23b994be,Trompenburg 2,51.917638379,4.518889893,10,2,8
2026-03-12T19:10:14.350825,3c659862-a8dd-11ef-8778-d2279db84567,BH Mayflowerstraat,51.905015647,4.440161906,10,8,9999
2026-03-12T19:10:14.350825,e0a4baca-a748-11ef-8778-d2279db84567,BH Mariniersweg,51.920853425,4.490979502,10,8,9999
2026-03-12T19:10:14.350825,c35c448e-06fc-11ef-b58d-569a23b994be,BH Jacob van Campenweg ,51.942434165,4.537976212,7,6,9999
2026-03-12T19:10:14.350825,438486f4-a5b6-11f0-a150-baed9603afbb,HUB Koemarkt ingang garage,51.914517902,4.401917461,6,1,9999
2026-03-12T19:10:14.350825,365f4a3e-a5b3-11f0-ab44-baed9603afbb,Rubensplein,51.911712719,4.383665134,6,4,9999
2026-03-12T19:10:14.350825,a85b996e-fe23-11ee-b58d-569a23b994be,BH Dirk van der Kooijweg (Waterleliesingel),51.953796964,4.52009166,10,0,9999
2026-03-12T19:10:14.350825,19e2de56-b5d8-11ee-9ae6-5263e3f30f1e,BH STC Waalhaven,51.878297275,4.448759787,10,2,9999
2026-03-12T19:10:14.350825,c6c213ee-ed18-11ef-9957-f683e5eb607c,BH Langenhorst (Binkhorst),51.877310029,4.494737503,10,3,9999
2026-03-12T19:10:14.350825,3366f8b0-a8dc-11ef-8778-d2279db84567,BH Vierhavenstraat (WoonEnzo),51.907777562,4.438830385,4,8,9999
2026-03-12T19:10:14.350825,04a89aea-a5b3-11f0-ab44-baed9603afbb,Groenelaan Hagastraat (Winkelcentrum),51.907303396,4.402285408,4,2,9999
2026-03-12T19:10:14.350825,32638aa6-a5b5-11f0-9f09-baed9603afbb,HUB Laan van Bol'es,51.928443203,4.370771711,10,2,9999
2026-03-12T19:10:14.350825,291c2f72-a749-11ef-8778-d2279db84567,BH Westzeedijk,51.909321622,4.471436479,10,3,9999
2026-03-12T19:10:14.350825,abd627be-67bb-11f0-91de-5eaa9feacc9b,BH Schiekade (Heer Bokelweg),51.927133058,4.476309832,10,0,9999
2026-03-12T19:10:14.350825,8948d5a4-b094-11ef-b6d3-56d88772ab1a,BH Duivenpad,51.964922912,4.498254116,8,7,9999
2026-03-12T19:10:14.350825,227e8c1e-be97-11ee-9ae6-5263e3f30f1e,HUB Metrostation Troelstralaan,51.915742295,4.384972326,10,0,9999
2026-03-12T19:10:14.350825,0af509a8-06f7-11ef-b58d-569a23b994be,BH Beethovensingel,51.96114919,4.505141448,10,14,9999
2026-03-12T19:10:14.350825,dc06f296-1768-11ef-8071-42f0fecaeb6a,BH Prins Alexanderlaan (Oosterflank),51.946646256,4.553811478,12,1,9999
2026-03-12T19:10:14.350825,221af3ce-7fe1-11ee-bb01-c602c1905375,BH Metro Prinsenlaan,51.940647564,4.556931306,10,2,9999
2026-03-12T19:10:14.350825,a793d6ba-edc8-11ee-a9f0-82366b51b915,BH Infirmeriestraat,51.922255603,4.502265891,10,10,9999
2026-03-12T19:10:14.350825,0359e1a2-bdb3-11ed-b1e6-fa4fb8e2990b,RK Rosestraat 11C,51.902954022,4.511377745,10,10,9999
2026-03-12T19:10:14.350825,87f07e20-9e78-11ee-a91e-ee69b7c7763e,BH Marconistraat (Lee Towers),51.912441021,4.430411189,14,2,9999
2026-03-12T19:10:14.350825,f539bd6e-06f8-11ef-b58d-569a23b994be,BH Meijersplein,51.955657978,4.463033845,8,4,9999
2026-03-12T19:10:14.350825,70f0801a-8071-11ed-b1e6-fa4fb8e2990b,RK treinstation Lombardijen,51.88057913,4.531905572,30,4,9999
2026-03-12T19:10:14.350825,43752ffc-a8db-11ef-8778-d2279db84567,BH Pieter de Hoochweg,51.906316301,4.459985731,6,8,9999
2026-03-12T19:10:14.350825,b35ddad8-ab08-11ef-8778-d2279db84567,HUB Rotterdamsedijk 272,51.914957692,4.40343084,8,1,9999
2026-03-12T19:10:14.350825,9b1fa0f6-ae3c-11ee-a91e-ee69b7c7763e,BH Winkelhart Plein 1953,51.874842065,4.467889739,10,2,9999
2026-03-12T19:10:14.350825,8bd90878-0884-11f0-9a47-66143dd92f22,RK Molenvliet,51.882626536,4.521159806,10,5,9999
2026-03-12T19:10:14.350825,45450b66-a5b2-11f0-ab44-baed9603afbb,Maasdijk (Gustoweg),51.906629018,4.412009895,6,2,9999
2026-03-12T19:10:14.350825,4de2effe-f068-11ef-ba40-0ea3ed1ae564,HUB Hof van Spaland - Vlaardingseweg,51.935841728,4.376077923,4,1,9999
2026-03-12T19:10:14.350825,d38c6468-06fe-11ef-b58d-569a23b994be,BH Kleine Beer,51.950902127,4.555051083,6,1,9999
2026-03-12T19:10:14.350825,e552904e-182b-11ef-a8d1-42f0fecaeb6a,BH Metrostation Hesseplaats,51.963345229,4.554510684,10,3,9999
2026-03-12T19:10:14.350825,1826196c-b162-11ef-bdcd-5adc5d29ed54,BH Bentincklaan (Diergaarde Blijdorp),51.92572504,4.454794024,10,2,9999
2026-03-12T19:10:14.350825,8a1e5ed0-1c9e-11ee-8219-8ed3b2364c4f,BH Sparta stadion,51.920151368,4.434428835,20,17,9999
2026-03-12T19:10:14.350825,d3c9003c-b486-11ee-9ae6-5263e3f30f1e,BH Oostzeedijk Beneden,51.922514244,4.503092963,10,7,9999
2026-03-12T19:10:14.350825,552a82b8-b094-11ef-b6d3-56d88772ab1a,BH Hockeyclub Rotterdam,51.96869974,4.484731647,25,4,9999
2026-03-12T19:10:14.350825,cb3f6d1c-a746-11ef-8778-d2279db84567,BH Vasteland (AH),51.911537089,4.478368712,10,9,9999
2026-03-12T19:10:14.350825,d4a8557a-eabd-11ef-ac99-aa7241d1fb4f,HUB Admiraal Trompstraat (Huisman),51.908834504,4.381923039,8,0,9999
2026-03-12T19:10:14.350825,00e8b3de-9e82-11ee-a91e-ee69b7c7763e,BH Jacques Dutilhweg,51.927993284,4.5475155,10,5,9999
2026-03-12T19:10:14.350825,d868fe52-36e5-11f0-ab1d-9ae3af3bf913,BH Sluisjesdijk,51.894714517,4.461900478,10,2,0
2026-03-12T19:10:14.350825,4338fed2-edbb-11ee-a9f0-82366b51b915,BH Oostzeedijk Beneden 2,51.921653595,4.507031037,10,8,9999
2026-03-12T19:10:14.350825,2c82bb9a-217b-11ee-8219-8ed3b2364c4f,Hub Weena,51.922738296,4.469181329,142,16,9999
2026-03-12T19:10:14.350825,96f5cbdc-06f6-11ef-b58d-569a23b994be,BH Argonautenweg,51.959086712,4.49354982,10,1,9999
2026-03-12T19:10:14.350825,2f51713e-32b7-11ee-8219-8ed3b2364c4f,Hub P+R Capelsebrug,51.920991793,4.559215491,18,1,9999
2026-03-12T19:10:14.350825,62b0255a-9e7a-11ee-a91e-ee69b7c7763e,BH Vierhavenstraat,51.910327597,4.434992993,16,7,9999
2026-03-12T19:10:14.350825,2b10524e-06f5-11ef-b58d-569a23b994be,BH Piet van der Polsingel,51.950618784,4.518612648,8,2,9999
2026-03-12T19:10:14.350825,47070056-06fa-11ef-b58d-569a23b994be,BH Metrostation Schenkel,51.931770435,4.56406792,12,2,9999
2026-03-12T19:10:14.350825,7a8c12ba-91ab-11ed-b1e6-fa4fb8e2990b,BH Metrostation Slinge,51.874526023,4.477872534,15,3,9999
2026-03-12T19:10:14.350825,026045c6-8530-11ee-bb01-c602c1905375,BH Winkelhart Katendrechtse Lagedijk,51.891184937,4.479440034,10,1,9999
2026-03-12T19:10:14.350825,9d9bb8ec-4bd1-11ee-bb01-c602c1905375,BH Marconiplein,51.913319277,4.432514448,10,9,9999
2026-03-12T19:10:14.350825,8330f3ca-a5b4-11f0-ab44-baed9603afbb,Fokkerstraat Plesmanstraat,51.929694009,4.399576614,4,1,9999
2026-03-12T19:10:14.350825,5b842034-5331-11f0-ab1d-9ae3af3bf913,BH Walenburgerweg,51.926698659,4.462629155,10,6,9999
2026-03-12T19:10:14.350825,a08059b6-b484-11ee-9ae6-5263e3f30f1e,BH Metrostation Gerdesiaweg,51.925444134,4.506155972,10,1,9999
2026-03-12T19:10:14.350825,2f718c84-8911-11ee-bb01-c602c1905375,BH Metro Dijkzigt - EMC,51.911789199,4.466334846,20,5,9999
2026-03-12T19:10:14.350825,f58e41fc-1c9f-11ee-8219-8ed3b2364c4f,BH Heemraadsplein,51.912322959,4.455058085,10,7,9999
2026-03-12T19:10:14.350825,79fdd038-34b8-11f0-ab1d-9ae3af3bf913,BH RTHA Airport,51.94924845,4.432611987,10,7,0
2026-03-12T19:10:14.350825,1c41897e-596e-11ef-bed6-aa139991deb4,HUB Metrostation Nieuwland / Bijdorpplein,51.922583819,4.38260008,10,0,9999
2026-03-12T19:10:14.350825,a57d027c-8912-11ee-bb01-c602c1905375,BH Delftse Poort,51.924408145,4.472816464,10,11,9999
2026-03-12T19:10:14.350825,6383849a-2038-11f0-ab1d-9ae3af3bf913,BH - Kralingsebos (Langepad),51.936318565,4.506197017,10,0,9999
2026-03-12T19:10:14.350825,e90e9332-06f5-11ef-b58d-569a23b994be,BH Burgemeester Le Fèvre de Montignylaan,51.957620055,4.501711782,10,0,9999
2026-03-12T19:10:14.350825,5cb3ffde-bdaf-11ed-b1e6-fa4fb8e2990b,RK Stadionlaan,51.892328813,4.530682857,10,3,9999
2026-03-12T19:10:14.350825,02bed1f8-8392-11ee-bb01-c602c1905375,BH Station Alexander,51.951735827,4.551049232,10,6,9999
2026-03-12T19:10:14.350825,08d5cf66-8ab2-11ee-bb01-c602c1905375,BH Winkelhart Asterlo,51.873536387,4.483591736,10,0,9999
2026-03-12T19:10:14.350825,0e51e024-c757-11ee-9ae6-5263e3f30f1e,BH Metrostation Binnenhof,51.960437867,4.535372966,10,6,9999
2026-03-12T19:10:14.350825,409f87f6-890f-11ee-bb01-c602c1905375,BH Metro Beurs,51.917806013,4.480107053,8,7,9999
2026-03-12T19:10:14.350825,d6a7cd26-4d08-11f0-ab1d-9ae3af3bf913,BH - Oudehoofdplein-Haringvliet,51.918979475,4.49384405,10,5,9999
2026-03-12T19:10:14.350825,f0ad9b92-1767-11ef-8071-42f0fecaeb6a,BH Prinsenlaan,51.937206457,4.536127586,10,0,9999
2026-03-12T19:10:14.350825,f06fd44c-2035-11f0-ab1d-9ae3af3bf913,BH Boezemlaan,51.938982631,4.495864471,10,6,9999
2026-03-12T19:10:14.350825,8d91a90c-9e83-11ee-a91e-ee69b7c7763e,BH Kraaierstraat,51.91909698,4.418192898,8,5,9999
2026-03-12T19:10:14.350825,a2671a36-bdad-11ed-b1e6-fa4fb8e2990b,RK Dwarsdijk,51.893055987,4.539201504,10,7,9999
2026-03-12T19:10:14.350825,376a5cda-06f8-11ef-b58d-569a23b994be,BH Ganzerikplein,51.958953276,4.471584016,10,5,9999
2026-03-12T19:10:14.350825,5cdd9872-b096-11ef-b6d3-56d88772ab1a,BH Wilgenplaslaan/ Meidoornsingel,51.953868042,4.468211582,7,1,9999
2026-03-12T19:10:14.350825,952a3e78-a8db-11ef-8778-d2279db84567,BH Lloydstraat,51.902214281,4.461287644,10,10,9999
2026-03-12T19:10:14.350825,a6fa0910-8067-11ed-b1e6-fa4fb8e2990b,BH Stadion Fey (Bert Heesakkerstr.),51.896805818,4.521735582,50,3,9999
2026-03-12T19:10:14.350825,a1337d02-e018-11ed-a249-96cdaf8f7240,BH Sint Franciscus,51.942171146,4.460534407,25,3,9999
2026-03-12T19:10:14.350825,d3cea108-8285-11f0-ab44-baed9603afbb,BH - Ratelaarweg,51.967431611,4.463349689,10,1,9999
2026-03-12T19:10:14.350825,3bef7002-bdb5-11ed-b1e6-fa4fb8e2990b,RK Breeweg,51.890630632,4.514261169,10,2,9999
2026-03-12T19:10:14.350825,8c90734c-45bb-11ee-8219-8ed3b2364c4f,BH Coen Moulijnweg,51.893813253,4.526876329,42,4,9999
2026-03-12T19:10:14.350825,1b098490-2037-11f0-ab1d-9ae3af3bf913,BH Karmelweg,51.933461291,4.5029394,8,0,9999
2026-03-12T19:10:14.350825,23348a06-bdb1-11ed-b1e6-fa4fb8e2990b,RK Guido Gezelleweg,51.87434607,4.523238145,10,4,9999
2026-03-12T19:10:14.350825,66824038-37b2-11ef-a21a-8e54a72a50da,HUB Metrostation Parkweg / Zuidzijde,51.921443238,4.39475836,10,0,9
2026-03-12T19:10:14.350825,2c127298-ff25-11ef-a79f-a65a77daff90,BH Aert van Nesstraat,51.921141166,4.478916173,8,2,9999
2026-03-12T19:10:14.350825,cde445c6-a744-11ef-8778-d2279db84567,BH Groenendaal,51.921685178,4.492944049,6,13,9999
2026-03-12T19:10:14.350825,97c6a1c2-a8da-11ef-8778-d2279db84567,BH Henegouwerplein,51.921807589,4.460561523,10,1,9999
2026-03-12T19:10:14.350825,e68d5642-a5b5-11f0-b6c1-baed9603afbb,HUB NS Station Schiedam Centrum/ Professor Kamerlingh Onneslaan,51.92071744,4.408262487,12,0,9999
2026-03-12T19:10:14.350825,82623a40-bda3-11ed-b1e6-fa4fb8e2990b,RK Rosestraat,51.91100607,4.501308573,10,4,9999
2026-03-12T19:10:14.350825,b7353df6-b485-11ee-9ae6-5263e3f30f1e,BH Metrostation Kralingsezoom (Gravenweg),51.921751706,4.533850265,10,4,9999
2026-03-12T19:10:14.350825,6c34980a-bb92-11ef-a02d-6ea8ed91bd56,BH Gordelweg (Lidl),51.940472428,4.479798999,4,3,9999
2026-03-12T19:10:14.350825,5904bd1a-a5b5-11f0-b05b-baed9603afbb,HUB Hof van Spaland - Bachplein,51.934889388,4.374726808,8,1,9999
2026-03-12T19:10:14.350825,32ca5fd0-8126-11ed-b1e6-fa4fb8e2990b,RK Vuurplaat,51.906526668,4.505838102,10,3,9999
2026-03-12T19:10:14.350825,f94a1ff6-b095-11ef-b6d3-56d88772ab1a,BH Bm Le Fèvre de Montignylaan/ Jeroen Boschlaan,51.955641943,4.505982462,6,1,9999
2026-03-12T19:10:14.350825,4228b402-8537-11ee-bb01-c602c1905375,BH Tongelaarweg,51.895280064,4.563514996,10,2,9999
2026-03-12T19:10:14.350825,6f66a60c-36e5-11f0-ab1d-9ae3af3bf913,BH Lloydpier,51.904487669,4.460458303,8,5,0
2026-03-12T19:10:14.350825,7d81b63e-a5b5-11f0-b05b-baed9603afbb,HUB 's Gravelandseweg,51.932091958,4.401924037,6,1,9999
2026-03-12T19:10:14.350825,a3dbb322-8121-11ed-b1e6-fa4fb8e2990b,RK Metrostation Rijnhaven ,51.902216981,4.49610172,15,9,9999
2026-03-12T19:10:14.350825,cf23b50e-9ad0-11f0-ab44-baed9603afbb,BH Natuurhistorisch museum,51.911022288,4.472728259,12,1,9999
2026-03-12T19:10:14.350825,d55243f6-182b-11ef-a8d1-42f0fecaeb6a,BH Siciliëboulevard ,51.97996654,4.580859756,10,1,9999
2026-03-12T19:10:14.350825,e0f7ef36-a5b4-11f0-ab44-baed9603afbb,Havenstraat einde (digitale testhub),51.900396883,4.398614319,12,0,9999
2026-03-12T19:10:14.350825,05d1d708-eabd-11ef-88c2-aa7241d1fb4f,HUB De Thermen ,51.927426752,4.380236246,8,0,9999
2026-03-12T19:10:14.350825,b3381a7a-2036-11f0-ab1d-9ae3af3bf913,BH Oudedijk / de Nieuwe Plantage,51.929149075,4.505248613,8,7,9999
2026-03-12T19:10:14.350825,8b480576-eabc-11ee-a9f0-82366b51b915,BH Schiedamseweg Beneden,51.914135146,4.422297364,5,9,9999
2026-03-12T19:10:14.350825,89a2f1d2-a5b3-11f0-ab44-baed9603afbb,Metrostation Vijfsluizen,51.908108215,4.37254105,8,1,9999
2026-03-12T19:10:14.350825,e50f3d1e-f069-11ef-9ed7-0ea3ed1ae564,HUB Oranjestraat - Lange Nieuwstraat,51.913368472,4.40030457,5,0,9999
2026-03-12T19:10:14.350825,4c1b19a4-d0a1-11ee-8b0e-065810cc8d78,BH Elandstraat,51.910800072,4.553878993,10,5,9999
2026-03-12T19:10:14.350825,bbbba24e-806e-11ed-b1e6-fa4fb8e2990b,RK P+R Noorderhelling,51.894761016,4.532122707,15,1,9999
2026-03-12T19:10:14.350825,3ac0b682-8129-11ed-b1e6-fa4fb8e2990b,RK Cor Kieboomplein,51.896922039,4.523502821,15,3,9999
2026-03-12T19:10:14.350825,5a3ffbf4-37b1-11ef-a21a-8e54a72a50da,HUB Metrostation Nieuwland / Van Limburg Stirumstraat,51.922446663,4.38308784,6,2,3
2026-03-12T19:10:14.350825,5d8d12a2-a5b4-11f0-ab44-baed9603afbb,Van Heekstraat,51.931167557,4.406024405,4,0,9999
2026-03-12T19:10:14.350825,f251d6e8-0b82-11ef-b58d-569a23b994be,BH Metrostation Graskruid ,51.956473743,4.550010233,8,2,9999
2026-03-12T19:10:14.350825,a4d2ea7c-b2f0-11ef-aa57-62870c7808bb,BH 2e Hogenbanweg,51.936951327,4.427707182,8,2,9999
2026-03-12T19:10:14.350825,75ba0d1a-2037-11f0-ab1d-9ae3af3bf913,BH Stadhoudersweg,51.931417737,4.461484988,10,10,9999
2026-03-12T19:10:14.350825,bc6b0d7e-a745-11ef-8778-d2279db84567,BH Goudsewagenstraat,51.923224462,4.493552746,8,3,9999
2026-03-12T19:10:14.350825,0f37eafc-8912-11ee-bb01-c602c1905375,BH Metro Oostplein,51.922677789,4.497608825,10,8,9999
2026-03-12T19:10:14.350825,aed7c2fa-8123-11ed-b1e6-fa4fb8e2990b,RK Groene Hilledijk/Beijerlandselaan,51.893806789,4.509452258,10,1,9999
2026-03-12T19:10:14.350825,c76f0318-bb92-11ef-a02d-6ea8ed91bd56,BH NS Centraal Station (Stationssingel),51.925399994,4.466148375,10,8,9999
2026-03-12T19:10:14.350825,361a368c-a5b4-11f0-ab44-baed9603afbb,Sportpark Haga (Epke Zonderlandstraat),51.921919868,4.370918199,8,2,9999
2026-03-12T19:10:14.350825,f4c0fe5e-02d6-11ef-b58d-569a23b994be,BH Paulus Potterstraat,51.9228414,4.508497696,10,3,9999
2026-03-12T19:10:14.350825,48cbf66e-9f15-11ee-a91e-ee69b7c7763e,BH Franselaan,51.917379138,4.420463507,10,9,9999
2026-03-12T19:10:14.350825,e9735b4e-7da7-11f0-ab44-baed9603afbb,BH Veldkersweg,51.966835673,4.46657292,8,0,9999
2026-03-12T19:10:14.350825,4b1ac684-bb93-11ef-a02d-6ea8ed91bd56,BH Noorderkanaalweg,51.940525593,4.472984586,9,1,9999
2026-03-12T19:10:14.350825,033a9392-3700-11f0-ab1d-9ae3af3bf913,BH Herman Bavinckstraat,51.915067882,4.521446921,10,6,9999
2026-03-12T19:10:14.350825,ffe8c3e8-a8da-11ef-8778-d2279db84567,BH Mathenesserplein,51.917836602,4.44508891,8,10,9999
2026-03-12T19:10:14.350825,e377069a-ff63-11ef-a79f-a65a77daff90,BH Kralingsebos Bosdreef/Pr. Beatrixlaan,51.93789612,4.501689644,8,2,9999
2026-03-12T19:10:14.350825,7af95f9c-a747-11ef-8778-d2279db84567,BH Kruisplein,51.92228569,4.47138789,6,11,9999
2026-03-12T19:10:14.350825,4c50cb7a-bdb6-11ed-b1e6-fa4fb8e2990b,RK Olympiaweg,51.886462746,4.529133302,10,3,9999
2026-03-12T19:10:14.350825,a694ef4e-36e5-11f0-ab1d-9ae3af3bf913,BH Neushoornstraat,51.913041554,4.553743002,6,2,0
2026-03-12T19:10:14.350825,be56ca62-8120-11ed-b1e6-fa4fb8e2990b,RK P+R Beverwaard,51.885771514,4.568986239,10,1,9999
2026-03-12T19:10:14.350825,d5af3bc4-806a-11ed-b1e6-fa4fb8e2990b,BH Kievitslaan,51.907226862,4.473300159,17,5,9999
2026-03-12T19:10:14.350825,dd006abc-a5b3-11f0-ab44-baed9603afbb,Havenstraat,51.903204365,4.398004897,8,0,9999
2026-03-12T19:10:14.350825,6f09af84-eabe-11ee-a9f0-82366b51b915,BH Delftseplein ,51.925206514,4.474011701,14,5,9999
2026-03-12T19:10:14.350825,1cfb89ec-806b-11ed-b1e6-fa4fb8e2990b,BH Westplein,51.908912961,4.478583441,10,6,9999
2026-03-12T19:10:14.350825,12fc10a4-bb94-11ef-a02d-6ea8ed91bd56,BH Noordplein,51.930251975,4.483699175,10,6,9999
2026-03-12T19:10:14.350825,276e8d26-bda0-11ed-b1e6-fa4fb8e2990b,RK Strevelsweg,51.889634937,4.495943368,15,1,9999
2026-03-12T19:10:14.350825,9e066470-2038-11f0-ab1d-9ae3af3bf913,BH Kralinger Esch,51.911179823,4.524762065,9,11,9999
2026-03-12T19:10:14.350825,9b1f0aaa-8125-11ed-b1e6-fa4fb8e2990b,RK Slaghekstraat - Beijerlandselaan,51.897574833,4.511261604,10,5,9999
2026-03-12T19:10:14.350825,b8c81048-2037-11f0-ab1d-9ae3af3bf913,BH Van Maanenstraat,51.932279316,4.464280453,6,5,9999
2026-03-12T19:10:14.350825,1f4ff66c-bdb8-11ed-b1e6-fa4fb8e2990b,RK Van der Takstraat ,51.914243737,4.496045621,10,7,9999
2026-03-12T19:10:14.350825,3b523cee-5c94-11f0-ab1d-9ae3af3bf913,BH - Wilhelminapier,51.90698281,4.489727426,14,5,9999
2026-03-12T19:10:14.350825,e8d292d2-039a-11ef-b58d-569a23b994be,BH Mia van Yperenplein ,51.928414546,4.545678043,10,5,9999
2026-03-12T19:10:14.350825,12daf18a-8068-11ed-b1e6-fa4fb8e2990b,BH Treinst. Lombardijen (Aesopusplaats),51.880478018,4.530040287,10,1,9999
2026-03-12T19:10:14.350825,558e4a5a-eaba-11ee-a9f0-82366b51b915,BH Blijdorplaan ,51.927389289,4.440437692,22,14,9999
2026-03-12T19:10:14.350825,5a8de282-36ee-11f0-ab1d-9ae3af3bf913,BH van Blommesteynweg,51.888148155,4.460842726,10,1,9999
2026-03-12T19:10:14.350825,078569ee-a5b5-11f0-ab44-baed9603afbb,Nieuwe Waterwegstraat (digitale testhub),51.900682979,4.390873601,12,0,9999
2026-03-12T19:10:14.350825,8e5dd27e-06fd-11ef-b58d-569a23b994be,BH Prins Alexanderplein,51.951040272,4.553684972,14,0,9999
2026-03-12T19:10:14.350825,a6843864-fbc4-11ee-b58d-569a23b994be,Trompenburg 1,51.917696349,4.517981647,10,8,0
2026-03-12T19:10:14.350825,5b583480-a8da-11ef-8778-d2279db84567,BH Duyststraat,51.910073429,4.452225738,8,8,9999
2026-03-12T19:10:14.350825,2510e9ba-a5b6-11f0-847a-baed9603afbb,Hub Kloosterplaats,51.91675013,4.402112308,6,6,9999
2026-03-12T19:10:14.350825,880e3e72-a8dd-11ef-8778-d2279db84567,BH Spaansebocht,51.917413667,4.430014126,9,1,9999
2026-03-12T19:10:14.350825,b5b3324a-edb9-11ee-a9f0-82366b51b915,BH Siondwarsstraat,51.925261494,4.51053174,10,0,9999
2026-03-12T19:10:14.350825,94b01d94-edc6-11ee-a9f0-82366b51b915,BH Schuttersveld,51.933248028,4.490978921,10,7,9999
2026-03-12T19:10:14.350825,69b33170-edbd-11ee-a9f0-82366b51b915,BH Metro Oostplein 2,51.923145722,4.496820843,10,8,9999
2026-03-12T19:10:14.350825,67d6af9a-f068-11ef-ba40-0ea3ed1ae564,HUB Hof van Spaland - Schiedamseweg,51.934898803,4.378145906,12,1,9999
2026-03-12T19:10:14.350825,4933dd54-9e7c-11ee-a91e-ee69b7c7763e,BH Willem Ruyslaan (Luzac College),51.925421889,4.508669446,10,6,9999
2026-03-12T19:10:14.350825,9f935b6c-b095-11ef-b6d3-56d88772ab1a,BH Bergpolderplein,51.945227242,4.474988047,8,3,9999
2026-03-12T19:10:14.350825,8a2d056c-bb93-11ef-a02d-6ea8ed91bd56,BH NS Station Noord (Bergweg),51.941530048,4.481339526,10,6,3
2026-03-12T19:10:14.350825,4d95ab34-8122-11ed-b1e6-fa4fb8e2990b,RK Metrostation Maashaven ,51.896573582,4.494245173,30,1,9999
2026-03-12T19:10:14.350825,3d015ff0-8394-11ee-bb01-c602c1905375,BH Metrostation Oosterflank,51.945209326,4.555045447,10,1,9999
2026-03-12T19:10:14.350825,defeb050-a747-11ef-8778-d2279db84567,BH Karel Doormanstraat,51.922789549,4.473609692,9,12,9999
2026-03-12T19:10:14.350825,b5dc5454-890f-11ee-bb01-c602c1905375,BH Schilderstraat,51.916377397,4.48142868,8,3,9999
2026-03-12T19:10:14.350825,2f12ae3e-806c-11ed-b1e6-fa4fb8e2990b,BH Winkelcentrum Keizerswaard-Herenw,51.886358391,4.549308056,15,12,9999
2026-03-12T19:10:14.350825,3b6d73a8-805d-11ed-b1e6-fa4fb8e2990b,BH Metrostation Melanchtonweg,51.94881199,4.465233746,10,2,9999
2026-03-12T19:10:14.350825,d5832958-891a-11ee-bb01-c602c1905375,BH Metro Zuidplein (nieuw),51.887180341,4.491554668,10,1,9999
2026-03-12T19:10:14.350825,a535094e-b162-11ef-bdcd-5adc5d29ed54,BH Eudokiaplein,51.932433484,4.47153255,9,18,9999
2026-03-12T19:10:14.350825,437f8dc8-bd9e-11ed-b1e6-fa4fb8e2990b,RK Hillevliet,51.89558515,4.506432514,10,1,9999
2026-03-12T19:10:14.350825,f10d8ab4-9997-11ee-a91e-ee69b7c7763e,BH Shell Hofplein,51.925705456,4.477781355,28,6,9999
2026-03-12T19:10:14.350825,94467720-8127-11ed-b1e6-fa4fb8e2990b,RK Persoonsdam,51.909309099,4.508017165,10,1,9999
2026-03-12T19:10:14.350825,9245444a-2023-11f0-ab1d-9ae3af3bf913,BH Witte de Withstraat,51.915906523,4.478080905,10,11,9999
2026-03-12T19:10:14.350825,49d59348-ff64-11ef-b515-a65a77daff90,BH Bergweg (Dirk van den Broek),51.93856254,4.479465675,6,9,9999
2026-03-12T19:10:14.350825,30fb96bc-8124-11ed-b1e6-fa4fb8e2990b,RK Beverwaardseweg/ Borgharensingel,51.898798338,4.564663375,10,1,9999
2026-03-12T19:10:14.350825,9a1fb404-8ab3-11ee-bb01-c602c1905375,BH Langenhorst ,51.874120882,4.494254863,10,1,9999
2026-03-12T19:10:14.350825,abe67bfa-b096-11ef-b6d3-56d88772ab1a,BH Wilgenplaslaan/ Donkersingel,51.951337599,4.47048253,10,6,9999
2026-03-12T19:10:14.350825,068b0f9c-a8dd-11ef-8778-d2279db84567,BH Vierhavenstraat (Sahan),51.908502395,4.437727106,4,2,9999
2026-03-12T19:10:14.350825,bc0e7e9c-a8da-11ef-8778-d2279db84567,BH Jan van Vuchtstraat,51.917045317,4.460830874,6,4,9999
2026-03-12T19:10:14.350825,8b721818-a5b2-11f0-ab44-baed9603afbb,Lekstraat,51.90446958,4.406985264,6,3,9999
2026-03-12T19:10:14.350825,ad212572-06f7-11ef-b58d-569a23b994be,BH Molenlaan/Grindweg,51.963224537,4.49571068,10,2,9999
2026-03-12T19:10:14.350825,f8828c3e-806d-11ed-b1e6-fa4fb8e2990b,RK Station Rdam Zuid,51.905545015,4.509568537,15,7,9999
2026-03-12T19:10:14.350825,5f71799e-806b-11ed-b1e6-fa4fb8e2990b,BH Willemsplein,51.911118908,4.481894771,17,10,9999
2026-03-12T19:10:14.350825,42824336-bd97-11ed-b1e6-fa4fb8e2990b,RK Groene Hilledijk,51.882726433,4.504266667,10,2,9999
2026-03-12T19:10:14.350825,db6932f4-182b-11ef-a8d1-42f0fecaeb6a,BH Metrostation Nesselande,51.978969273,4.586177782,10,0,9999
2026-03-12T19:10:14.350825,e26322b0-2025-11f0-ab1d-9ae3af3bf913,BH Brielselaan,51.896298935,4.489248091,4,1,9999
2026-03-12T19:10:14.350825,c862b7f2-06fb-11ef-b58d-569a23b994be,BH Prins Alexanderlaan (metrobaan zijde),51.952192324,4.551435621,10,0,9999
2026-03-12T19:10:14.350825,c53689c2-8124-11ed-b1e6-fa4fb8e2990b,RK Peellandstraat / Beesdestraat ,51.888535309,4.567291893,10,4,9999
2026-03-12T19:10:14.350825,8f5d35a0-1834-11ef-8071-42f0fecaeb6a,BH Jan Bijloostraat (Winkelcentrum Lage Land),51.941821995,4.546449269,9,7,9999
2026-03-12T19:10:14.350825,f8fcd3a4-983a-11ef-a85a-be896af2d3a5,BH Rhijnauwensingel,51.892161199,4.569620613,12,2,9999
2026-03-12T19:10:14.350825,118239d4-a5b2-11f0-ab44-baed9603afbb,Lorentzlaan (bushalte),51.917994492,4.415061192,4,1,9999
2026-03-12T19:10:14.350825,0c107276-bdb7-11ed-b1e6-fa4fb8e2990b,RK Sandelingenplein,51.889562128,4.506962326,10,3,9999
2026-03-12T19:10:14.350825,75b8bea6-81d8-11ed-b1e6-fa4fb8e2990b,RK Metrostation Maashaven (Putselaan),51.897794241,4.495760713,10,6,9999
2026-03-12T19:10:14.350825,a20bbbae-bdae-11ed-b1e6-fa4fb8e2990b,RK Frankendaal,51.886951976,4.521294152,10,0,9999
2026-03-12T19:10:14.350825,f1df385c-f5b2-11ef-81b3-76e5c571f05f,HUB Admiraal de Ruyterstraat,51.906742474,4.38554997,8,3,9999
2026-03-12T19:10:14.350825,4247dd56-1c9f-11ee-8219-8ed3b2364c4f,BH Metro Coolhaven,51.909218289,4.458167882,10,10,9999
2026-03-12T19:54:33.197768,65af1c24-06f4-11ef-b58d-569a23b994be,BH Meerum Terwogtlaan,51.951763386,4.524587387,10,2,9999
2026-03-12T19:54:33.197768,bc839806-a5b1-11f0-ab44-baed9603afbb,Van het Hoffplein (Boerhavelaan),51.916219132,4.412005574,8,2,9999
2026-03-12T19:54:33.197768,2c632780-a8de-11ef-8778-d2279db84567,BH Schuttevaerweg,51.922420472,4.434869706,10,1,9999
2026-03-12T19:54:33.197768,a3c07f10-a5b5-11f0-b05b-baed9603afbb,HUB Hoofdbrug,51.908705902,4.406131267,8,1,9999
2026-03-12T19:54:33.197768,b9bfe680-fbc4-11ee-b58d-569a23b994be,Trompenburg 2,51.917638379,4.518889893,10,2,8
2026-03-12T19:54:33.197768,3c659862-a8dd-11ef-8778-d2279db84567,BH Mayflowerstraat,51.905015647,4.440161906,10,8,9999
2026-03-12T19:54:33.197768,e0a4baca-a748-11ef-8778-d2279db84567,BH Mariniersweg,51.920853425,4.490979502,10,11,9999
2026-03-12T19:54:33.197768,c35c448e-06fc-11ef-b58d-569a23b994be,BH Jacob van Campenweg ,51.942434165,4.537976212,7,6,9999
2026-03-12T19:54:33.197768,438486f4-a5b6-11f0-a150-baed9603afbb,HUB Koemarkt ingang garage,51.914517902,4.401917461,6,1,9999
2026-03-12T19:54:33.197768,365f4a3e-a5b3-11f0-ab44-baed9603afbb,Rubensplein,51.911712719,4.383665134,6,4,9999
2026-03-12T19:54:33.197768,a85b996e-fe23-11ee-b58d-569a23b994be,BH Dirk van der Kooijweg (Waterleliesingel),51.953796964,4.52009166,10,0,9999
2026-03-12T19:54:33.197768,19e2de56-b5d8-11ee-9ae6-5263e3f30f1e,BH STC Waalhaven,51.878297275,4.448759787,10,2,9999
2026-03-12T19:54:33.197768,c6c213ee-ed18-11ef-9957-f683e5eb607c,BH Langenhorst (Binkhorst),51.877310029,4.494737503,10,3,9999
2026-03-12T19:54:33.197768,3366f8b0-a8dc-11ef-8778-d2279db84567,BH Vierhavenstraat (WoonEnzo),51.907777562,4.438830385,4,8,9999
2026-03-12T19:54:33.197768,04a89aea-a5b3-11f0-ab44-baed9603afbb,Groenelaan Hagastraat (Winkelcentrum),51.907303396,4.402285408,4,2,9999
2026-03-12T19:54:33.197768,32638aa6-a5b5-11f0-9f09-baed9603afbb,HUB Laan van Bol'es,51.928443203,4.370771711,10,2,9999
2026-03-12T19:54:33.197768,291c2f72-a749-11ef-8778-d2279db84567,BH Westzeedijk,51.909321622,4.471436479,10,3,9999
2026-03-12T19:54:33.197768,abd627be-67bb-11f0-91de-5eaa9feacc9b,BH Schiekade (Heer Bokelweg),51.927133058,4.476309832,10,0,9999
2026-03-12T19:54:33.197768,8948d5a4-b094-11ef-b6d3-56d88772ab1a,BH Duivenpad,51.964922912,4.498254116,8,7,9999
2026-03-12T19:54:33.197768,227e8c1e-be97-11ee-9ae6-5263e3f30f1e,HUB Metrostation Troelstralaan,51.915742295,4.384972326,10,0,9999
2026-03-12T19:54:33.197768,0af509a8-06f7-11ef-b58d-569a23b994be,BH Beethovensingel,51.96114919,4.505141448,10,14,9999
2026-03-12T19:54:33.197768,dc06f296-1768-11ef-8071-42f0fecaeb6a,BH Prins Alexanderlaan (Oosterflank),51.946646256,4.553811478,12,1,9999
2026-03-12T19:54:33.197768,221af3ce-7fe1-11ee-bb01-c602c1905375,BH Metro Prinsenlaan,51.940647564,4.556931306,10,2,9999
2026-03-12T19:54:33.197768,a793d6ba-edc8-11ee-a9f0-82366b51b915,BH Infirmeriestraat,51.922255603,4.502265891,10,9,9999
2026-03-12T19:54:33.197768,0359e1a2-bdb3-11ed-b1e6-fa4fb8e2990b,RK Rosestraat 11C,51.902954022,4.511377745,10,10,9999
2026-03-12T19:54:33.197768,87f07e20-9e78-11ee-a91e-ee69b7c7763e,BH Marconistraat (Lee Towers),51.912441021,4.430411189,14,2,9999
2026-03-12T19:54:33.197768,f539bd6e-06f8-11ef-b58d-569a23b994be,BH Meijersplein,51.955657978,4.463033845,8,4,9999
2026-03-12T19:54:33.197768,70f0801a-8071-11ed-b1e6-fa4fb8e2990b,RK treinstation Lombardijen,51.88057913,4.531905572,30,5,9999
2026-03-12T19:54:33.197768,43752ffc-a8db-11ef-8778-d2279db84567,BH Pieter de Hoochweg,51.906316301,4.459985731,6,8,9999
2026-03-12T19:54:33.197768,b35ddad8-ab08-11ef-8778-d2279db84567,HUB Rotterdamsedijk 272,51.914957692,4.40343084,8,1,9999
2026-03-12T19:54:33.197768,9b1fa0f6-ae3c-11ee-a91e-ee69b7c7763e,BH Winkelhart Plein 1953,51.874842065,4.467889739,10,2,9999
2026-03-12T19:54:33.197768,8bd90878-0884-11f0-9a47-66143dd92f22,RK Molenvliet,51.882626536,4.521159806,10,5,9999
2026-03-12T19:54:33.197768,45450b66-a5b2-11f0-ab44-baed9603afbb,Maasdijk (Gustoweg),51.906629018,4.412009895,6,2,9999
2026-03-12T19:54:33.197768,4de2effe-f068-11ef-ba40-0ea3ed1ae564,HUB Hof van Spaland - Vlaardingseweg,51.935841728,4.376077923,4,1,9999
2026-03-12T19:54:33.197768,d38c6468-06fe-11ef-b58d-569a23b994be,BH Kleine Beer,51.950902127,4.555051083,6,1,9999
2026-03-12T19:54:33.197768,e552904e-182b-11ef-a8d1-42f0fecaeb6a,BH Metrostation Hesseplaats,51.963345229,4.554510684,10,3,9999
2026-03-12T19:54:33.197768,1826196c-b162-11ef-bdcd-5adc5d29ed54,BH Bentincklaan (Diergaarde Blijdorp),51.92572504,4.454794024,10,1,9999
2026-03-12T19:54:33.197768,8a1e5ed0-1c9e-11ee-8219-8ed3b2364c4f,BH Sparta stadion,51.920151368,4.434428835,20,17,9999
2026-03-12T19:54:33.197768,d3c9003c-b486-11ee-9ae6-5263e3f30f1e,BH Oostzeedijk Beneden,51.922514244,4.503092963,10,7,9999
2026-03-12T19:54:33.197768,552a82b8-b094-11ef-b6d3-56d88772ab1a,BH Hockeyclub Rotterdam,51.96869974,4.484731647,25,4,9999
2026-03-12T19:54:33.197768,cb3f6d1c-a746-11ef-8778-d2279db84567,BH Vasteland (AH),51.911537089,4.478368712,10,9,9999
2026-03-12T19:54:33.197768,d4a8557a-eabd-11ef-ac99-aa7241d1fb4f,HUB Admiraal Trompstraat (Huisman),51.908834504,4.381923039,8,0,9999
2026-03-12T19:54:33.197768,00e8b3de-9e82-11ee-a91e-ee69b7c7763e,BH Jacques Dutilhweg,51.927993284,4.5475155,10,5,9999
2026-03-12T19:54:33.197768,d868fe52-36e5-11f0-ab1d-9ae3af3bf913,BH Sluisjesdijk,51.894714517,4.461900478,10,2,0
2026-03-12T19:54:33.197768,4338fed2-edbb-11ee-a9f0-82366b51b915,BH Oostzeedijk Beneden 2,51.921653595,4.507031037,10,10,9999
2026-03-12T19:54:33.197768,2c82bb9a-217b-11ee-8219-8ed3b2364c4f,Hub Weena,51.922738296,4.469181329,142,16,9999
2026-03-12T19:54:33.197768,96f5cbdc-06f6-11ef-b58d-569a23b994be,BH Argonautenweg,51.959086712,4.49354982,10,0,9999
2026-03-12T19:54:33.197768,2f51713e-32b7-11ee-8219-8ed3b2364c4f,Hub P+R Capelsebrug,51.920991793,4.559215491,18,1,9999
2026-03-12T19:54:33.197768,62b0255a-9e7a-11ee-a91e-ee69b7c7763e,BH Vierhavenstraat,51.910327597,4.434992993,16,7,9999
2026-03-12T19:54:33.197768,2b10524e-06f5-11ef-b58d-569a23b994be,BH Piet van der Polsingel,51.950618784,4.518612648,8,2,9999
2026-03-12T19:54:33.197768,47070056-06fa-11ef-b58d-569a23b994be,BH Metrostation Schenkel,51.931770435,4.56406792,12,2,9999
2026-03-12T19:54:33.197768,7a8c12ba-91ab-11ed-b1e6-fa4fb8e2990b,BH Metrostation Slinge,51.874526023,4.477872534,15,4,9999
2026-03-12T19:54:33.197768,026045c6-8530-11ee-bb01-c602c1905375,BH Winkelhart Katendrechtse Lagedijk,51.891184937,4.479440034,10,1,9999
2026-03-12T19:54:33.197768,9d9bb8ec-4bd1-11ee-bb01-c602c1905375,BH Marconiplein,51.913319277,4.432514448,10,6,9999
2026-03-12T19:54:33.197768,8330f3ca-a5b4-11f0-ab44-baed9603afbb,Fokkerstraat Plesmanstraat,51.929694009,4.399576614,4,1,9999
2026-03-12T19:54:33.197768,5b842034-5331-11f0-ab1d-9ae3af3bf913,BH Walenburgerweg,51.926698659,4.462629155,10,5,9999
2026-03-12T19:54:33.197768,a08059b6-b484-11ee-9ae6-5263e3f30f1e,BH Metrostation Gerdesiaweg,51.925444134,4.506155972,10,1,9999
2026-03-12T19:54:33.197768,2f718c84-8911-11ee-bb01-c602c1905375,BH Metro Dijkzigt - EMC,51.911789199,4.466334846,20,6,9999
2026-03-12T19:54:33.197768,f58e41fc-1c9f-11ee-8219-8ed3b2364c4f,BH Heemraadsplein,51.912322959,4.455058085,10,7,9999
2026-03-12T19:54:33.197768,79fdd038-34b8-11f0-ab1d-9ae3af3bf913,BH RTHA Airport,51.94924845,4.432611987,10,8,0
2026-03-12T19:54:33.197768,1c41897e-596e-11ef-bed6-aa139991deb4,HUB Metrostation Nieuwland / Bijdorpplein,51.922583819,4.38260008,10,0,9999
2026-03-12T19:54:33.197768,a57d027c-8912-11ee-bb01-c602c1905375,BH Delftse Poort,51.924408145,4.472816464,10,12,9999
2026-03-12T19:54:33.197768,6383849a-2038-11f0-ab1d-9ae3af3bf913,BH - Kralingsebos (Langepad),51.936318565,4.506197017,10,0,9999
2026-03-12T19:54:33.197768,e90e9332-06f5-11ef-b58d-569a23b994be,BH Burgemeester Le Fèvre de Montignylaan,51.957620055,4.501711782,10,0,9999
2026-03-12T19:54:33.197768,5cb3ffde-bdaf-11ed-b1e6-fa4fb8e2990b,RK Stadionlaan,51.892328813,4.530682857,10,4,9999
2026-03-12T19:54:33.197768,02bed1f8-8392-11ee-bb01-c602c1905375,BH Station Alexander,51.951735827,4.551049232,10,5,9999
2026-03-12T19:54:33.197768,08d5cf66-8ab2-11ee-bb01-c602c1905375,BH Winkelhart Asterlo,51.873536387,4.483591736,10,0,9999
2026-03-12T19:54:33.197768,0e51e024-c757-11ee-9ae6-5263e3f30f1e,BH Metrostation Binnenhof,51.960437867,4.535372966,10,6,9999
2026-03-12T19:54:33.197768,409f87f6-890f-11ee-bb01-c602c1905375,BH Metro Beurs,51.917806013,4.480107053,8,4,9999
2026-03-12T19:54:33.197768,d6a7cd26-4d08-11f0-ab1d-9ae3af3bf913,BH - Oudehoofdplein-Haringvliet,51.918979475,4.49384405,10,5,9999
2026-03-12T19:54:33.197768,f0ad9b92-1767-11ef-8071-42f0fecaeb6a,BH Prinsenlaan,51.937206457,4.536127586,10,0,9999
2026-03-12T19:54:33.197768,f06fd44c-2035-11f0-ab1d-9ae3af3bf913,BH Boezemlaan,51.938982631,4.495864471,10,6,9999
2026-03-12T19:54:33.197768,8d91a90c-9e83-11ee-a91e-ee69b7c7763e,BH Kraaierstraat,51.91909698,4.418192898,8,5,9999
2026-03-12T19:54:33.197768,a2671a36-bdad-11ed-b1e6-fa4fb8e2990b,RK Dwarsdijk,51.893055987,4.539201504,10,7,9999
2026-03-12T19:54:33.197768,376a5cda-06f8-11ef-b58d-569a23b994be,BH Ganzerikplein,51.958953276,4.471584016,10,5,9999
2026-03-12T19:54:33.197768,5cdd9872-b096-11ef-b6d3-56d88772ab1a,BH Wilgenplaslaan/ Meidoornsingel,51.953868042,4.468211582,7,1,9999
2026-03-12T19:54:33.197768,952a3e78-a8db-11ef-8778-d2279db84567,BH Lloydstraat,51.902214281,4.461287644,10,11,9999
2026-03-12T19:54:33.197768,a6fa0910-8067-11ed-b1e6-fa4fb8e2990b,BH Stadion Fey (Bert Heesakkerstr.),51.896805818,4.521735582,50,3,9999
2026-03-12T19:54:33.197768,a1337d02-e018-11ed-a249-96cdaf8f7240,BH Sint Franciscus,51.942171146,4.460534407,25,3,9999
2026-03-12T19:54:33.197768,d3cea108-8285-11f0-ab44-baed9603afbb,BH - Ratelaarweg,51.967431611,4.463349689,10,1,9999
2026-03-12T19:54:33.197768,3bef7002-bdb5-11ed-b1e6-fa4fb8e2990b,RK Breeweg,51.890630632,4.514261169,10,2,9999
2026-03-12T19:54:33.197768,8c90734c-45bb-11ee-8219-8ed3b2364c4f,BH Coen Moulijnweg,51.893813253,4.526876329,42,4,9999
2026-03-12T19:54:33.197768,1b098490-2037-11f0-ab1d-9ae3af3bf913,BH Karmelweg,51.933461291,4.5029394,8,0,9999
2026-03-12T19:54:33.197768,23348a06-bdb1-11ed-b1e6-fa4fb8e2990b,RK Guido Gezelleweg,51.87434607,4.523238145,10,5,9999
2026-03-12T19:54:33.197768,66824038-37b2-11ef-a21a-8e54a72a50da,HUB Metrostation Parkweg / Zuidzijde,51.921443238,4.39475836,10,0,9
2026-03-12T19:54:33.197768,2c127298-ff25-11ef-a79f-a65a77daff90,BH Aert van Nesstraat,51.921141166,4.478916173,8,2,9999
2026-03-12T19:54:33.197768,cde445c6-a744-11ef-8778-d2279db84567,BH Groenendaal,51.921685178,4.492944049,6,14,9999
2026-03-12T19:54:33.197768,97c6a1c2-a8da-11ef-8778-d2279db84567,BH Henegouwerplein,51.921807589,4.460561523,10,5,9999
2026-03-12T19:54:33.197768,e68d5642-a5b5-11f0-b6c1-baed9603afbb,HUB NS Station Schiedam Centrum/ Professor Kamerlingh Onneslaan,51.92071744,4.408262487,12,0,9999
2026-03-12T19:54:33.197768,82623a40-bda3-11ed-b1e6-fa4fb8e2990b,RK Rosestraat,51.91100607,4.501308573,10,4,9999
2026-03-12T19:54:33.197768,b7353df6-b485-11ee-9ae6-5263e3f30f1e,BH Metrostation Kralingsezoom (Gravenweg),51.921751706,4.533850265,10,1,9999
2026-03-12T19:54:33.197768,6c34980a-bb92-11ef-a02d-6ea8ed91bd56,BH Gordelweg (Lidl),51.940472428,4.479798999,4,4,9999
2026-03-12T19:54:33.197768,5904bd1a-a5b5-11f0-b05b-baed9603afbb,HUB Hof van Spaland - Bachplein,51.934889388,4.374726808,8,1,9999
2026-03-12T19:54:33.197768,32ca5fd0-8126-11ed-b1e6-fa4fb8e2990b,RK Vuurplaat,51.906526668,4.505838102,10,3,9999
2026-03-12T19:54:33.197768,f94a1ff6-b095-11ef-b6d3-56d88772ab1a,BH Bm Le Fèvre de Montignylaan/ Jeroen Boschlaan,51.955641943,4.505982462,6,1,9999
2026-03-12T19:54:33.197768,4228b402-8537-11ee-bb01-c602c1905375,BH Tongelaarweg,51.895280064,4.563514996,10,2,9999
2026-03-12T19:54:33.197768,6f66a60c-36e5-11f0-ab1d-9ae3af3bf913,BH Lloydpier,51.904487669,4.460458303,8,5,0
2026-03-12T19:54:33.197768,7d81b63e-a5b5-11f0-b05b-baed9603afbb,HUB 's Gravelandseweg,51.932091958,4.401924037,6,1,9999
2026-03-12T19:54:33.197768,a3dbb322-8121-11ed-b1e6-fa4fb8e2990b,RK Metrostation Rijnhaven ,51.902216981,4.49610172,15,9,9999
2026-03-12T19:54:33.197768,cf23b50e-9ad0-11f0-ab44-baed9603afbb,BH Natuurhistorisch museum,51.911022288,4.472728259,12,1,9999
2026-03-12T19:54:33.197768,d55243f6-182b-11ef-a8d1-42f0fecaeb6a,BH Siciliëboulevard ,51.97996654,4.580859756,10,1,9999
2026-03-12T19:54:33.197768,e0f7ef36-a5b4-11f0-ab44-baed9603afbb,Havenstraat einde (digitale testhub),51.900396883,4.398614319,12,0,9999
2026-03-12T19:54:33.197768,05d1d708-eabd-11ef-88c2-aa7241d1fb4f,HUB De Thermen ,51.927426752,4.380236246,8,0,9999
2026-03-12T19:54:33.197768,b3381a7a-2036-11f0-ab1d-9ae3af3bf913,BH Oudedijk / de Nieuwe Plantage,51.929149075,4.505248613,8,7,9999
2026-03-12T19:54:33.197768,8b480576-eabc-11ee-a9f0-82366b51b915,BH Schiedamseweg Beneden,51.914135146,4.422297364,5,9,9999
2026-03-12T19:54:33.197768,89a2f1d2-a5b3-11f0-ab44-baed9603afbb,Metrostation Vijfsluizen,51.908108215,4.37254105,8,1,9999
2026-03-12T19:54:33.197768,e50f3d1e-f069-11ef-9ed7-0ea3ed1ae564,HUB Oranjestraat - Lange Nieuwstraat,51.913368472,4.40030457,5,0,9999
2026-03-12T19:54:33.197768,4c1b19a4-d0a1-11ee-8b0e-065810cc8d78,BH Elandstraat,51.910800072,4.553878993,10,5,9999
2026-03-12T19:54:33.197768,bbbba24e-806e-11ed-b1e6-fa4fb8e2990b,RK P+R Noorderhelling,51.894761016,4.532122707,15,1,9999
2026-03-12T19:54:33.197768,3ac0b682-8129-11ed-b1e6-fa4fb8e2990b,RK Cor Kieboomplein,51.896922039,4.523502821,15,3,9999
2026-03-12T19:54:33.197768,5a3ffbf4-37b1-11ef-a21a-8e54a72a50da,HUB Metrostation Nieuwland / Van Limburg Stirumstraat,51.922446663,4.38308784,6,3,2
2026-03-12T19:54:33.197768,5d8d12a2-a5b4-11f0-ab44-baed9603afbb,Van Heekstraat,51.931167557,4.406024405,4,0,9999
2026-03-12T19:54:33.197768,f251d6e8-0b82-11ef-b58d-569a23b994be,BH Metrostation Graskruid ,51.956473743,4.550010233,8,3,9999
2026-03-12T19:54:33.197768,a4d2ea7c-b2f0-11ef-aa57-62870c7808bb,BH 2e Hogenbanweg,51.936951327,4.427707182,8,2,9999
2026-03-12T19:54:33.197768,75ba0d1a-2037-11f0-ab1d-9ae3af3bf913,BH Stadhoudersweg,51.931417737,4.461484988,10,10,9999
2026-03-12T19:54:33.197768,bc6b0d7e-a745-11ef-8778-d2279db84567,BH Goudsewagenstraat,51.923224462,4.493552746,8,3,9999
2026-03-12T19:54:33.197768,0f37eafc-8912-11ee-bb01-c602c1905375,BH Metro Oostplein,51.922677789,4.497608825,10,6,9999
2026-03-12T19:54:33.197768,aed7c2fa-8123-11ed-b1e6-fa4fb8e2990b,RK Groene Hilledijk/Beijerlandselaan,51.893806789,4.509452258,10,1,9999
2026-03-12T19:54:33.197768,c76f0318-bb92-11ef-a02d-6ea8ed91bd56,BH NS Centraal Station (Stationssingel),51.925399994,4.466148375,10,3,9999
2026-03-12T19:54:33.197768,361a368c-a5b4-11f0-ab44-baed9603afbb,Sportpark Haga (Epke Zonderlandstraat),51.921919868,4.370918199,8,2,9999
2026-03-12T19:54:33.197768,f4c0fe5e-02d6-11ef-b58d-569a23b994be,BH Paulus Potterstraat,51.9228414,4.508497696,10,4,9999
2026-03-12T19:54:33.197768,48cbf66e-9f15-11ee-a91e-ee69b7c7763e,BH Franselaan,51.917379138,4.420463507,10,9,9999
2026-03-12T19:54:33.197768,e9735b4e-7da7-11f0-ab44-baed9603afbb,BH Veldkersweg,51.966835673,4.46657292,8,0,9999
2026-03-12T19:54:33.197768,4b1ac684-bb93-11ef-a02d-6ea8ed91bd56,BH Noorderkanaalweg,51.940525593,4.472984586,9,1,9999
2026-03-12T19:54:33.197768,033a9392-3700-11f0-ab1d-9ae3af3bf913,BH Herman Bavinckstraat,51.915067882,4.521446921,10,6,9999
2026-03-12T19:54:33.197768,ffe8c3e8-a8da-11ef-8778-d2279db84567,BH Mathenesserplein,51.917836602,4.44508891,8,10,9999
2026-03-12T19:54:33.197768,e377069a-ff63-11ef-a79f-a65a77daff90,BH Kralingsebos Bosdreef/Pr. Beatrixlaan,51.93789612,4.501689644,8,2,9999
2026-03-12T19:54:33.197768,7af95f9c-a747-11ef-8778-d2279db84567,BH Kruisplein,51.92228569,4.47138789,6,13,9999
2026-03-12T19:54:33.197768,4c50cb7a-bdb6-11ed-b1e6-fa4fb8e2990b,RK Olympiaweg,51.886462746,4.529133302,10,4,9999
2026-03-12T19:54:33.197768,a694ef4e-36e5-11f0-ab1d-9ae3af3bf913,BH Neushoornstraat,51.913041554,4.553743002,6,2,0
2026-03-12T19:54:33.197768,be56ca62-8120-11ed-b1e6-fa4fb8e2990b,RK P+R Beverwaard,51.885771514,4.568986239,10,1,9999
2026-03-12T19:54:33.197768,d5af3bc4-806a-11ed-b1e6-fa4fb8e2990b,BH Kievitslaan,51.907226862,4.473300159,17,5,9999
2026-03-12T19:54:33.197768,dd006abc-a5b3-11f0-ab44-baed9603afbb,Havenstraat,51.903204365,4.398004897,8,0,9999
2026-03-12T19:54:33.197768,6f09af84-eabe-11ee-a9f0-82366b51b915,BH Delftseplein ,51.925206514,4.474011701,14,5,9999
2026-03-12T19:54:33.197768,1cfb89ec-806b-11ed-b1e6-fa4fb8e2990b,BH Westplein,51.908912961,4.478583441,10,7,9999
2026-03-12T19:54:33.197768,12fc10a4-bb94-11ef-a02d-6ea8ed91bd56,BH Noordplein,51.930251975,4.483699175,10,6,9999
2026-03-12T19:54:33.197768,276e8d26-bda0-11ed-b1e6-fa4fb8e2990b,RK Strevelsweg,51.889634937,4.495943368,15,2,9999
2026-03-12T19:54:33.197768,9e066470-2038-11f0-ab1d-9ae3af3bf913,BH Kralinger Esch,51.911179823,4.524762065,9,10,9999
2026-03-12T19:54:33.197768,9b1f0aaa-8125-11ed-b1e6-fa4fb8e2990b,RK Slaghekstraat - Beijerlandselaan,51.897574833,4.511261604,10,5,9999
2026-03-12T19:54:33.197768,b8c81048-2037-11f0-ab1d-9ae3af3bf913,BH Van Maanenstraat,51.932279316,4.464280453,6,6,9999
2026-03-12T19:54:33.197768,1f4ff66c-bdb8-11ed-b1e6-fa4fb8e2990b,RK Van der Takstraat ,51.914243737,4.496045621,10,8,9999
2026-03-12T19:54:33.197768,3b523cee-5c94-11f0-ab1d-9ae3af3bf913,BH - Wilhelminapier,51.90698281,4.489727426,14,5,9999
2026-03-12T19:54:33.197768,e8d292d2-039a-11ef-b58d-569a23b994be,BH Mia van Yperenplein ,51.928414546,4.545678043,10,5,9999
2026-03-12T19:54:33.197768,12daf18a-8068-11ed-b1e6-fa4fb8e2990b,BH Treinst. Lombardijen (Aesopusplaats),51.880478018,4.530040287,10,1,9999
2026-03-12T19:54:33.197768,558e4a5a-eaba-11ee-a9f0-82366b51b915,BH Blijdorplaan ,51.927389289,4.440437692,22,14,9999
2026-03-12T19:54:33.197768,5a8de282-36ee-11f0-ab1d-9ae3af3bf913,BH van Blommesteynweg,51.888148155,4.460842726,10,1,9999
2026-03-12T19:54:33.197768,078569ee-a5b5-11f0-ab44-baed9603afbb,Nieuwe Waterwegstraat (digitale testhub),51.900682979,4.390873601,12,0,9999
2026-03-12T19:54:33.197768,8e5dd27e-06fd-11ef-b58d-569a23b994be,BH Prins Alexanderplein,51.951040272,4.553684972,14,0,9999
2026-03-12T19:54:33.197768,a6843864-fbc4-11ee-b58d-569a23b994be,Trompenburg 1,51.917696349,4.517981647,10,8,0
2026-03-12T19:54:33.197768,5b583480-a8da-11ef-8778-d2279db84567,BH Duyststraat,51.910073429,4.452225738,8,9,9999
2026-03-12T19:54:33.197768,2510e9ba-a5b6-11f0-847a-baed9603afbb,Hub Kloosterplaats,51.91675013,4.402112308,6,6,9999
2026-03-12T19:54:33.197768,880e3e72-a8dd-11ef-8778-d2279db84567,BH Spaansebocht,51.917413667,4.430014126,9,1,9999
2026-03-12T19:54:33.197768,b5b3324a-edb9-11ee-a9f0-82366b51b915,BH Siondwarsstraat,51.925261494,4.51053174,10,0,9999
2026-03-12T19:54:33.197768,94b01d94-edc6-11ee-a9f0-82366b51b915,BH Schuttersveld,51.933248028,4.490978921,10,7,9999
2026-03-12T19:54:33.197768,69b33170-edbd-11ee-a9f0-82366b51b915,BH Metro Oostplein 2,51.923145722,4.496820843,10,7,9999
2026-03-12T19:54:33.197768,67d6af9a-f068-11ef-ba40-0ea3ed1ae564,HUB Hof van Spaland - Schiedamseweg,51.934898803,4.378145906,12,1,9999
2026-03-12T19:54:33.197768,4933dd54-9e7c-11ee-a91e-ee69b7c7763e,BH Willem Ruyslaan (Luzac College),51.925421889,4.508669446,10,6,9999
2026-03-12T19:54:33.197768,9f935b6c-b095-11ef-b6d3-56d88772ab1a,BH Bergpolderplein,51.945227242,4.474988047,8,4,9999
2026-03-12T19:54:33.197768,8a2d056c-bb93-11ef-a02d-6ea8ed91bd56,BH NS Station Noord (Bergweg),51.941530048,4.481339526,10,5,4
2026-03-12T19:54:33.197768,4d95ab34-8122-11ed-b1e6-fa4fb8e2990b,RK Metrostation Maashaven ,51.896573582,4.494245173,30,2,9999
2026-03-12T19:54:33.197768,3d015ff0-8394-11ee-bb01-c602c1905375,BH Metrostation Oosterflank,51.945209326,4.555045447,10,1,9999
2026-03-12T19:54:33.197768,defeb050-a747-11ef-8778-d2279db84567,BH Karel Doormanstraat,51.922789549,4.473609692,9,10,9999
2026-03-12T19:54:33.197768,b5dc5454-890f-11ee-bb01-c602c1905375,BH Schilderstraat,51.916377397,4.48142868,8,3,9999
2026-03-12T19:54:33.197768,2f12ae3e-806c-11ed-b1e6-fa4fb8e2990b,BH Winkelcentrum Keizerswaard-Herenw,51.886358391,4.549308056,15,12,9999
2026-03-12T19:54:33.197768,3b6d73a8-805d-11ed-b1e6-fa4fb8e2990b,BH Metrostation Melanchtonweg,51.94881199,4.465233746,10,2,9999
2026-03-12T19:54:33.197768,d5832958-891a-11ee-bb01-c602c1905375,BH Metro Zuidplein (nieuw),51.887180341,4.491554668,10,0,9999
2026-03-12T19:54:33.197768,a535094e-b162-11ef-bdcd-5adc5d29ed54,BH Eudokiaplein,51.932433484,4.47153255,9,15,9999
2026-03-12T19:54:33.197768,437f8dc8-bd9e-11ed-b1e6-fa4fb8e2990b,RK Hillevliet,51.89558515,4.506432514,10,1,9999
2026-03-12T19:54:33.197768,f10d8ab4-9997-11ee-a91e-ee69b7c7763e,BH Shell Hofplein,51.925705456,4.477781355,28,6,9999
2026-03-12T19:54:33.197768,94467720-8127-11ed-b1e6-fa4fb8e2990b,RK Persoonsdam,51.909309099,4.508017165,10,0,9999
2026-03-12T19:54:33.197768,9245444a-2023-11f0-ab1d-9ae3af3bf913,BH Witte de Withstraat,51.915906523,4.478080905,10,12,9999
2026-03-12T19:54:33.197768,49d59348-ff64-11ef-b515-a65a77daff90,BH Bergweg (Dirk van den Broek),51.93856254,4.479465675,6,9,9999
2026-03-12T19:54:33.197768,30fb96bc-8124-11ed-b1e6-fa4fb8e2990b,RK Beverwaardseweg/ Borgharensingel,51.898798338,4.564663375,10,1,9999
2026-03-12T19:54:33.197768,9a1fb404-8ab3-11ee-bb01-c602c1905375,BH Langenhorst ,51.874120882,4.494254863,10,0,9999
2026-03-12T19:54:33.197768,abe67bfa-b096-11ef-b6d3-56d88772ab1a,BH Wilgenplaslaan/ Donkersingel,51.951337599,4.47048253,10,6,9999
2026-03-12T19:54:33.197768,068b0f9c-a8dd-11ef-8778-d2279db84567,BH Vierhavenstraat (Sahan),51.908502395,4.437727106,4,3,9999
2026-03-12T19:54:33.197768,bc0e7e9c-a8da-11ef-8778-d2279db84567,BH Jan van Vuchtstraat,51.917045317,4.460830874,6,5,9999
2026-03-12T19:54:33.197768,8b721818-a5b2-11f0-ab44-baed9603afbb,Lekstraat,51.90446958,4.406985264,6,4,9999
2026-03-12T19:54:33.197768,ad212572-06f7-11ef-b58d-569a23b994be,BH Molenlaan/Grindweg,51.963224537,4.49571068,10,2,9999
2026-03-12T19:54:33.197768,f8828c3e-806d-11ed-b1e6-fa4fb8e2990b,RK Station Rdam Zuid,51.905545015,4.509568537,15,7,9999
2026-03-12T19:54:33.197768,5f71799e-806b-11ed-b1e6-fa4fb8e2990b,BH Willemsplein,51.911118908,4.481894771,17,12,9999
2026-03-12T19:54:33.197768,42824336-bd97-11ed-b1e6-fa4fb8e2990b,RK Groene Hilledijk,51.882726433,4.504266667,10,2,9999
2026-03-12T19:54:33.197768,db6932f4-182b-11ef-a8d1-42f0fecaeb6a,BH Metrostation Nesselande,51.978969273,4.586177782,10,0,9999
2026-03-12T19:54:33.197768,e26322b0-2025-11f0-ab1d-9ae3af3bf913,BH Brielselaan,51.896298935,4.489248091,4,1,9999
2026-03-12T19:54:33.197768,c862b7f2-06fb-11ef-b58d-569a23b994be,BH Prins Alexanderlaan (metrobaan zijde),51.952192324,4.551435621,10,0,9999
2026-03-12T19:54:33.197768,c53689c2-8124-11ed-b1e6-fa4fb8e2990b,RK Peellandstraat / Beesdestraat ,51.888535309,4.567291893,10,4,9999
2026-03-12T19:54:33.197768,8f5d35a0-1834-11ef-8071-42f0fecaeb6a,BH Jan Bijloostraat (Winkelcentrum Lage Land),51.941821995,4.546449269,9,6,9999
2026-03-12T19:54:33.197768,f8fcd3a4-983a-11ef-a85a-be896af2d3a5,BH Rhijnauwensingel,51.892161199,4.569620613,12,2,9999
2026-03-12T19:54:33.197768,118239d4-a5b2-11f0-ab44-baed9603afbb,Lorentzlaan (bushalte),51.917994492,4.415061192,4,1,9999
2026-03-12T19:54:33.197768,0c107276-bdb7-11ed-b1e6-fa4fb8e2990b,RK Sandelingenplein,51.889562128,4.506962326,10,4,9999
2026-03-12T19:54:33.197768,75b8bea6-81d8-11ed-b1e6-fa4fb8e2990b,RK Metrostation Maashaven (Putselaan),51.897794241,4.495760713,10,6,9999
2026-03-12T19:54:33.197768,a20bbbae-bdae-11ed-b1e6-fa4fb8e2990b,RK Frankendaal,51.886951976,4.521294152,10,0,9999
2026-03-12T19:54:33.197768,f1df385c-f5b2-11ef-81b3-76e5c571f05f,HUB Admiraal de Ruyterstraat,51.906742474,4.38554997,8,3,9999
2026-03-12T19:54:33.197768,4247dd56-1c9f-11ee-8219-8ed3b2364c4f,BH Metro Coolhaven,51.909218289,4.458167882,10,12,9999
2026-03-12T20:36:37.666685,65af1c24-06f4-11ef-b58d-569a23b994be,BH Meerum Terwogtlaan,51.951763386,4.524587387,10,2,9999
2026-03-12T20:36:37.666685,bc839806-a5b1-11f0-ab44-baed9603afbb,Van het Hoffplein (Boerhavelaan),51.916219132,4.412005574,8,2,9999
2026-03-12T20:36:37.666685,2c632780-a8de-11ef-8778-d2279db84567,BH Schuttevaerweg,51.922420472,4.434869706,10,2,9999
2026-03-12T20:36:37.666685,a3c07f10-a5b5-11f0-b05b-baed9603afbb,HUB Hoofdbrug,51.908705902,4.406131267,8,1,9999
2026-03-12T20:36:37.666685,b9bfe680-fbc4-11ee-b58d-569a23b994be,Trompenburg 2,51.917638379,4.518889893,10,2,8
2026-03-12T20:36:37.666685,3c659862-a8dd-11ef-8778-d2279db84567,BH Mayflowerstraat,51.905015647,4.440161906,10,8,9999
2026-03-12T20:36:37.666685,e0a4baca-a748-11ef-8778-d2279db84567,BH Mariniersweg,51.920853425,4.490979502,10,13,9999
2026-03-12T20:36:37.666685,c35c448e-06fc-11ef-b58d-569a23b994be,BH Jacob van Campenweg ,51.942434165,4.537976212,7,5,9999
2026-03-12T20:36:37.666685,438486f4-a5b6-11f0-a150-baed9603afbb,HUB Koemarkt ingang garage,51.914517902,4.401917461,6,1,9999
2026-03-12T20:36:37.666685,365f4a3e-a5b3-11f0-ab44-baed9603afbb,Rubensplein,51.911712719,4.383665134,6,4,9999
2026-03-12T20:36:37.666685,a85b996e-fe23-11ee-b58d-569a23b994be,BH Dirk van der Kooijweg (Waterleliesingel),51.953796964,4.52009166,10,0,9999
2026-03-12T20:36:37.666685,19e2de56-b5d8-11ee-9ae6-5263e3f30f1e,BH STC Waalhaven,51.878297275,4.448759787,10,2,9999
2026-03-12T20:36:37.666685,c6c213ee-ed18-11ef-9957-f683e5eb607c,BH Langenhorst (Binkhorst),51.877310029,4.494737503,10,3,9999
2026-03-12T20:36:37.666685,3366f8b0-a8dc-11ef-8778-d2279db84567,BH Vierhavenstraat (WoonEnzo),51.907777562,4.438830385,4,8,9999
2026-03-12T20:36:37.666685,04a89aea-a5b3-11f0-ab44-baed9603afbb,Groenelaan Hagastraat (Winkelcentrum),51.907303396,4.402285408,4,3,9999
2026-03-12T20:36:37.666685,32638aa6-a5b5-11f0-9f09-baed9603afbb,HUB Laan van Bol'es,51.928443203,4.370771711,10,2,9999
2026-03-12T20:36:37.666685,291c2f72-a749-11ef-8778-d2279db84567,BH Westzeedijk,51.909321622,4.471436479,10,3,9999
2026-03-12T20:36:37.666685,abd627be-67bb-11f0-91de-5eaa9feacc9b,BH Schiekade (Heer Bokelweg),51.927133058,4.476309832,10,0,9999
2026-03-12T20:36:37.666685,8948d5a4-b094-11ef-b6d3-56d88772ab1a,BH Duivenpad,51.964922912,4.498254116,8,6,9999
2026-03-12T20:36:37.666685,227e8c1e-be97-11ee-9ae6-5263e3f30f1e,HUB Metrostation Troelstralaan,51.915742295,4.384972326,10,0,9999
2026-03-12T20:36:37.666685,0af509a8-06f7-11ef-b58d-569a23b994be,BH Beethovensingel,51.96114919,4.505141448,10,14,9999
2026-03-12T20:36:37.666685,dc06f296-1768-11ef-8071-42f0fecaeb6a,BH Prins Alexanderlaan (Oosterflank),51.946646256,4.553811478,12,1,9999
2026-03-12T20:36:37.666685,221af3ce-7fe1-11ee-bb01-c602c1905375,BH Metro Prinsenlaan,51.940647564,4.556931306,10,4,9999
2026-03-12T20:36:37.666685,a793d6ba-edc8-11ee-a9f0-82366b51b915,BH Infirmeriestraat,51.922255603,4.502265891,10,12,9999
2026-03-12T20:36:37.666685,0359e1a2-bdb3-11ed-b1e6-fa4fb8e2990b,RK Rosestraat 11C,51.902954022,4.511377745,10,11,9999
2026-03-12T20:36:37.666685,87f07e20-9e78-11ee-a91e-ee69b7c7763e,BH Marconistraat (Lee Towers),51.912441021,4.430411189,14,2,9999
2026-03-12T20:36:37.666685,f539bd6e-06f8-11ef-b58d-569a23b994be,BH Meijersplein,51.955657978,4.463033845,8,4,9999
2026-03-12T20:36:37.666685,70f0801a-8071-11ed-b1e6-fa4fb8e2990b,RK treinstation Lombardijen,51.88057913,4.531905572,30,5,9999
2026-03-12T20:36:37.666685,43752ffc-a8db-11ef-8778-d2279db84567,BH Pieter de Hoochweg,51.906316301,4.459985731,6,8,9999
2026-03-12T20:36:37.666685,b35ddad8-ab08-11ef-8778-d2279db84567,HUB Rotterdamsedijk 272,51.914957692,4.40343084,8,1,9999
2026-03-12T20:36:37.666685,9b1fa0f6-ae3c-11ee-a91e-ee69b7c7763e,BH Winkelhart Plein 1953,51.874842065,4.467889739,10,2,9999
2026-03-12T20:36:37.666685,8bd90878-0884-11f0-9a47-66143dd92f22,RK Molenvliet,51.882626536,4.521159806,10,5,9999
2026-03-12T20:36:37.666685,45450b66-a5b2-11f0-ab44-baed9603afbb,Maasdijk (Gustoweg),51.906629018,4.412009895,6,2,9999
2026-03-12T20:36:37.666685,4de2effe-f068-11ef-ba40-0ea3ed1ae564,HUB Hof van Spaland - Vlaardingseweg,51.935841728,4.376077923,4,1,9999
2026-03-12T20:36:37.666685,d38c6468-06fe-11ef-b58d-569a23b994be,BH Kleine Beer,51.950902127,4.555051083,6,1,9999
2026-03-12T20:36:37.666685,e552904e-182b-11ef-a8d1-42f0fecaeb6a,BH Metrostation Hesseplaats,51.963345229,4.554510684,10,3,9999
2026-03-12T20:36:37.666685,1826196c-b162-11ef-bdcd-5adc5d29ed54,BH Bentincklaan (Diergaarde Blijdorp),51.92572504,4.454794024,10,1,9999
2026-03-12T20:36:37.666685,8a1e5ed0-1c9e-11ee-8219-8ed3b2364c4f,BH Sparta stadion,51.920151368,4.434428835,20,17,9999
2026-03-12T20:36:37.666685,d3c9003c-b486-11ee-9ae6-5263e3f30f1e,BH Oostzeedijk Beneden,51.922514244,4.503092963,10,7,9999
2026-03-12T20:36:37.666685,552a82b8-b094-11ef-b6d3-56d88772ab1a,BH Hockeyclub Rotterdam,51.96869974,4.484731647,25,4,9999
2026-03-12T20:36:37.666685,cb3f6d1c-a746-11ef-8778-d2279db84567,BH Vasteland (AH),51.911537089,4.478368712,10,12,9999
2026-03-12T20:36:37.666685,d4a8557a-eabd-11ef-ac99-aa7241d1fb4f,HUB Admiraal Trompstraat (Huisman),51.908834504,4.381923039,8,0,9999
2026-03-12T20:36:37.666685,00e8b3de-9e82-11ee-a91e-ee69b7c7763e,BH Jacques Dutilhweg,51.927993284,4.5475155,10,5,9999
2026-03-12T20:36:37.666685,d868fe52-36e5-11f0-ab1d-9ae3af3bf913,BH Sluisjesdijk,51.894714517,4.461900478,10,2,0
2026-03-12T20:36:37.666685,4338fed2-edbb-11ee-a9f0-82366b51b915,BH Oostzeedijk Beneden 2,51.921653595,4.507031037,10,13,9999
2026-03-12T20:36:37.666685,2c82bb9a-217b-11ee-8219-8ed3b2364c4f,Hub Weena,51.922738296,4.469181329,142,14,9999
2026-03-12T20:36:37.666685,96f5cbdc-06f6-11ef-b58d-569a23b994be,BH Argonautenweg,51.959086712,4.49354982,10,0,9999
2026-03-12T20:36:37.666685,2f51713e-32b7-11ee-8219-8ed3b2364c4f,Hub P+R Capelsebrug,51.920991793,4.559215491,18,0,9999
2026-03-12T20:36:37.666685,62b0255a-9e7a-11ee-a91e-ee69b7c7763e,BH Vierhavenstraat,51.910327597,4.434992993,16,7,9999
2026-03-12T20:36:37.666685,2b10524e-06f5-11ef-b58d-569a23b994be,BH Piet van der Polsingel,51.950618784,4.518612648,8,2,9999
2026-03-12T20:36:37.666685,47070056-06fa-11ef-b58d-569a23b994be,BH Metrostation Schenkel,51.931770435,4.56406792,12,2,9999
2026-03-12T20:36:37.666685,7a8c12ba-91ab-11ed-b1e6-fa4fb8e2990b,BH Metrostation Slinge,51.874526023,4.477872534,15,4,9999
2026-03-12T20:36:37.666685,026045c6-8530-11ee-bb01-c602c1905375,BH Winkelhart Katendrechtse Lagedijk,51.891184937,4.479440034,10,1,9999
2026-03-12T20:36:37.666685,9d9bb8ec-4bd1-11ee-bb01-c602c1905375,BH Marconiplein,51.913319277,4.432514448,10,8,9999
2026-03-12T20:36:37.666685,8330f3ca-a5b4-11f0-ab44-baed9603afbb,Fokkerstraat Plesmanstraat,51.929694009,4.399576614,4,1,9999
2026-03-12T20:36:37.666685,5b842034-5331-11f0-ab1d-9ae3af3bf913,BH Walenburgerweg,51.926698659,4.462629155,10,5,9999
2026-03-12T20:36:37.666685,a08059b6-b484-11ee-9ae6-5263e3f30f1e,BH Metrostation Gerdesiaweg,51.925444134,4.506155972,10,1,9999
2026-03-12T20:36:37.666685,2f718c84-8911-11ee-bb01-c602c1905375,BH Metro Dijkzigt - EMC,51.911789199,4.466334846,20,6,9999
2026-03-12T20:36:37.666685,f58e41fc-1c9f-11ee-8219-8ed3b2364c4f,BH Heemraadsplein,51.912322959,4.455058085,10,7,9999
2026-03-12T20:36:37.666685,79fdd038-34b8-11f0-ab1d-9ae3af3bf913,BH RTHA Airport,51.94924845,4.432611987,10,8,0
2026-03-12T20:36:37.666685,1c41897e-596e-11ef-bed6-aa139991deb4,HUB Metrostation Nieuwland / Bijdorpplein,51.922583819,4.38260008,10,0,9999
2026-03-12T20:36:37.666685,a57d027c-8912-11ee-bb01-c602c1905375,BH Delftse Poort,51.924408145,4.472816464,10,12,9999
2026-03-12T20:36:37.666685,6383849a-2038-11f0-ab1d-9ae3af3bf913,BH - Kralingsebos (Langepad),51.936318565,4.506197017,10,0,9999
2026-03-12T20:36:37.666685,e90e9332-06f5-11ef-b58d-569a23b994be,BH Burgemeester Le Fèvre de Montignylaan,51.957620055,4.501711782,10,0,9999
2026-03-12T20:36:37.666685,5cb3ffde-bdaf-11ed-b1e6-fa4fb8e2990b,RK Stadionlaan,51.892328813,4.530682857,10,4,9999
2026-03-12T20:36:37.666685,02bed1f8-8392-11ee-bb01-c602c1905375,BH Station Alexander,51.951735827,4.551049232,10,4,9999
2026-03-12T20:36:37.666685,08d5cf66-8ab2-11ee-bb01-c602c1905375,BH Winkelhart Asterlo,51.873536387,4.483591736,10,0,9999
2026-03-12T20:36:37.666685,0e51e024-c757-11ee-9ae6-5263e3f30f1e,BH Metrostation Binnenhof,51.960437867,4.535372966,10,7,9999
2026-03-12T20:36:37.666685,409f87f6-890f-11ee-bb01-c602c1905375,BH Metro Beurs,51.917806013,4.480107053,8,2,9999
2026-03-12T20:36:37.666685,d6a7cd26-4d08-11f0-ab1d-9ae3af3bf913,BH - Oudehoofdplein-Haringvliet,51.918979475,4.49384405,10,6,9999
2026-03-12T20:36:37.666685,f0ad9b92-1767-11ef-8071-42f0fecaeb6a,BH Prinsenlaan,51.937206457,4.536127586,10,0,9999
2026-03-12T20:36:37.666685,f06fd44c-2035-11f0-ab1d-9ae3af3bf913,BH Boezemlaan,51.938982631,4.495864471,10,6,9999
2026-03-12T20:36:37.666685,8d91a90c-9e83-11ee-a91e-ee69b7c7763e,BH Kraaierstraat,51.91909698,4.418192898,8,5,9999
2026-03-12T20:36:37.666685,a2671a36-bdad-11ed-b1e6-fa4fb8e2990b,RK Dwarsdijk,51.893055987,4.539201504,10,7,9999
2026-03-12T20:36:37.666685,376a5cda-06f8-11ef-b58d-569a23b994be,BH Ganzerikplein,51.958953276,4.471584016,10,5,9999
2026-03-12T20:36:37.666685,5cdd9872-b096-11ef-b6d3-56d88772ab1a,BH Wilgenplaslaan/ Meidoornsingel,51.953868042,4.468211582,7,1,9999
2026-03-12T20:36:37.666685,952a3e78-a8db-11ef-8778-d2279db84567,BH Lloydstraat,51.902214281,4.461287644,10,11,9999
2026-03-12T20:36:37.666685,a6fa0910-8067-11ed-b1e6-fa4fb8e2990b,BH Stadion Fey (Bert Heesakkerstr.),51.896805818,4.521735582,50,3,9999
2026-03-12T20:36:37.666685,a1337d02-e018-11ed-a249-96cdaf8f7240,BH Sint Franciscus,51.942171146,4.460534407,25,3,9999
2026-03-12T20:36:37.666685,d3cea108-8285-11f0-ab44-baed9603afbb,BH - Ratelaarweg,51.967431611,4.463349689,10,1,9999
2026-03-12T20:36:37.666685,3bef7002-bdb5-11ed-b1e6-fa4fb8e2990b,RK Breeweg,51.890630632,4.514261169,10,2,9999
2026-03-12T20:36:37.666685,8c90734c-45bb-11ee-8219-8ed3b2364c4f,BH Coen Moulijnweg,51.893813253,4.526876329,42,4,9999
2026-03-12T20:36:37.666685,1b098490-2037-11f0-ab1d-9ae3af3bf913,BH Karmelweg,51.933461291,4.5029394,8,0,9999
2026-03-12T20:36:37.666685,23348a06-bdb1-11ed-b1e6-fa4fb8e2990b,RK Guido Gezelleweg,51.87434607,4.523238145,10,4,9999
2026-03-12T20:36:37.666685,66824038-37b2-11ef-a21a-8e54a72a50da,HUB Metrostation Parkweg / Zuidzijde,51.921443238,4.39475836,10,0,9
2026-03-12T20:36:37.666685,2c127298-ff25-11ef-a79f-a65a77daff90,BH Aert van Nesstraat,51.921141166,4.478916173,8,1,9999
2026-03-12T20:36:37.666685,cde445c6-a744-11ef-8778-d2279db84567,BH Groenendaal,51.921685178,4.492944049,6,14,9999
2026-03-12T20:36:37.666685,97c6a1c2-a8da-11ef-8778-d2279db84567,BH Henegouwerplein,51.921807589,4.460561523,10,7,9999
2026-03-12T20:36:37.666685,e68d5642-a5b5-11f0-b6c1-baed9603afbb,HUB NS Station Schiedam Centrum/ Professor Kamerlingh Onneslaan,51.92071744,4.408262487,12,1,9999
2026-03-12T20:36:37.666685,82623a40-bda3-11ed-b1e6-fa4fb8e2990b,RK Rosestraat,51.91100607,4.501308573,10,4,9999
2026-03-12T20:36:37.666685,b7353df6-b485-11ee-9ae6-5263e3f30f1e,BH Metrostation Kralingsezoom (Gravenweg),51.921751706,4.533850265,10,1,9999
2026-03-12T20:36:37.666685,6c34980a-bb92-11ef-a02d-6ea8ed91bd56,BH Gordelweg (Lidl),51.940472428,4.479798999,4,4,9999
2026-03-12T20:36:37.666685,5904bd1a-a5b5-11f0-b05b-baed9603afbb,HUB Hof van Spaland - Bachplein,51.934889388,4.374726808,8,0,9999
2026-03-12T20:36:37.666685,32ca5fd0-8126-11ed-b1e6-fa4fb8e2990b,RK Vuurplaat,51.906526668,4.505838102,10,3,9999
2026-03-12T20:36:37.666685,f94a1ff6-b095-11ef-b6d3-56d88772ab1a,BH Bm Le Fèvre de Montignylaan/ Jeroen Boschlaan,51.955641943,4.505982462,6,1,9999
2026-03-12T20:36:37.666685,4228b402-8537-11ee-bb01-c602c1905375,BH Tongelaarweg,51.895280064,4.563514996,10,2,9999
2026-03-12T20:36:37.666685,6f66a60c-36e5-11f0-ab1d-9ae3af3bf913,BH Lloydpier,51.904487669,4.460458303,8,5,0
2026-03-12T20:36:37.666685,7d81b63e-a5b5-11f0-b05b-baed9603afbb,HUB 's Gravelandseweg,51.932091958,4.401924037,6,1,9999
2026-03-12T20:36:37.666685,a3dbb322-8121-11ed-b1e6-fa4fb8e2990b,RK Metrostation Rijnhaven ,51.902216981,4.49610172,15,9,9999
2026-03-12T20:36:37.666685,cf23b50e-9ad0-11f0-ab44-baed9603afbb,BH Natuurhistorisch museum,51.911022288,4.472728259,12,1,9999
2026-03-12T20:36:37.666685,d55243f6-182b-11ef-a8d1-42f0fecaeb6a,BH Siciliëboulevard ,51.97996654,4.580859756,10,1,9999
2026-03-12T20:36:37.666685,e0f7ef36-a5b4-11f0-ab44-baed9603afbb,Havenstraat einde (digitale testhub),51.900396883,4.398614319,12,0,9999
2026-03-12T20:36:37.666685,05d1d708-eabd-11ef-88c2-aa7241d1fb4f,HUB De Thermen ,51.927426752,4.380236246,8,0,9999
2026-03-12T20:36:37.666685,b3381a7a-2036-11f0-ab1d-9ae3af3bf913,BH Oudedijk / de Nieuwe Plantage,51.929149075,4.505248613,8,7,9999
2026-03-12T20:36:37.666685,8b480576-eabc-11ee-a9f0-82366b51b915,BH Schiedamseweg Beneden,51.914135146,4.422297364,5,9,9999
2026-03-12T20:36:37.666685,89a2f1d2-a5b3-11f0-ab44-baed9603afbb,Metrostation Vijfsluizen,51.908108215,4.37254105,8,1,9999
2026-03-12T20:36:37.666685,e50f3d1e-f069-11ef-9ed7-0ea3ed1ae564,HUB Oranjestraat - Lange Nieuwstraat,51.913368472,4.40030457,5,0,9999
2026-03-12T20:36:37.666685,4c1b19a4-d0a1-11ee-8b0e-065810cc8d78,BH Elandstraat,51.910800072,4.553878993,10,5,9999
2026-03-12T20:36:37.666685,bbbba24e-806e-11ed-b1e6-fa4fb8e2990b,RK P+R Noorderhelling,51.894761016,4.532122707,15,1,9999
2026-03-12T20:36:37.666685,3ac0b682-8129-11ed-b1e6-fa4fb8e2990b,RK Cor Kieboomplein,51.896922039,4.523502821,15,3,9999
2026-03-12T20:36:37.666685,5a3ffbf4-37b1-11ef-a21a-8e54a72a50da,HUB Metrostation Nieuwland / Van Limburg Stirumstraat,51.922446663,4.38308784,6,3,2
2026-03-12T20:36:37.666685,5d8d12a2-a5b4-11f0-ab44-baed9603afbb,Van Heekstraat,51.931167557,4.406024405,4,0,9999
2026-03-12T20:36:37.666685,f251d6e8-0b82-11ef-b58d-569a23b994be,BH Metrostation Graskruid ,51.956473743,4.550010233,8,2,9999
2026-03-12T20:36:37.666685,a4d2ea7c-b2f0-11ef-aa57-62870c7808bb,BH 2e Hogenbanweg,51.936951327,4.427707182,8,3,9999
2026-03-12T20:36:37.666685,75ba0d1a-2037-11f0-ab1d-9ae3af3bf913,BH Stadhoudersweg,51.931417737,4.461484988,10,10,9999
2026-03-12T20:36:37.666685,bc6b0d7e-a745-11ef-8778-d2279db84567,BH Goudsewagenstraat,51.923224462,4.493552746,8,3,9999
2026-03-12T20:36:37.666685,0f37eafc-8912-11ee-bb01-c602c1905375,BH Metro Oostplein,51.922677789,4.497608825,10,7,9999
2026-03-12T20:36:37.666685,aed7c2fa-8123-11ed-b1e6-fa4fb8e2990b,RK Groene Hilledijk/Beijerlandselaan,51.893806789,4.509452258,10,2,9999
2026-03-12T20:36:37.666685,c76f0318-bb92-11ef-a02d-6ea8ed91bd56,BH NS Centraal Station (Stationssingel),51.925399994,4.466148375,10,7,9999
2026-03-12T20:36:37.666685,361a368c-a5b4-11f0-ab44-baed9603afbb,Sportpark Haga (Epke Zonderlandstraat),51.921919868,4.370918199,8,2,9999
2026-03-12T20:36:37.666685,f4c0fe5e-02d6-11ef-b58d-569a23b994be,BH Paulus Potterstraat,51.9228414,4.508497696,10,4,9999
2026-03-12T20:36:37.666685,48cbf66e-9f15-11ee-a91e-ee69b7c7763e,BH Franselaan,51.917379138,4.420463507,10,9,9999
2026-03-12T20:36:37.666685,e9735b4e-7da7-11f0-ab44-baed9603afbb,BH Veldkersweg,51.966835673,4.46657292,8,0,9999
2026-03-12T20:36:37.666685,4b1ac684-bb93-11ef-a02d-6ea8ed91bd56,BH Noorderkanaalweg,51.940525593,4.472984586,9,3,9999
2026-03-12T20:36:37.666685,033a9392-3700-11f0-ab1d-9ae3af3bf913,BH Herman Bavinckstraat,51.915067882,4.521446921,10,6,9999
2026-03-12T20:36:37.666685,ffe8c3e8-a8da-11ef-8778-d2279db84567,BH Mathenesserplein,51.917836602,4.44508891,8,8,9999
2026-03-12T20:36:37.666685,e377069a-ff63-11ef-a79f-a65a77daff90,BH Kralingsebos Bosdreef/Pr. Beatrixlaan,51.93789612,4.501689644,8,1,9999
2026-03-12T20:36:37.666685,7af95f9c-a747-11ef-8778-d2279db84567,BH Kruisplein,51.92228569,4.47138789,6,12,9999
2026-03-12T20:36:37.666685,4c50cb7a-bdb6-11ed-b1e6-fa4fb8e2990b,RK Olympiaweg,51.886462746,4.529133302,10,4,9999
2026-03-12T20:36:37.666685,a694ef4e-36e5-11f0-ab1d-9ae3af3bf913,BH Neushoornstraat,51.913041554,4.553743002,6,2,0
2026-03-12T20:36:37.666685,be56ca62-8120-11ed-b1e6-fa4fb8e2990b,RK P+R Beverwaard,51.885771514,4.568986239,10,1,9999
2026-03-12T20:36:37.666685,d5af3bc4-806a-11ed-b1e6-fa4fb8e2990b,BH Kievitslaan,51.907226862,4.473300159,17,5,9999
2026-03-12T20:36:37.666685,dd006abc-a5b3-11f0-ab44-baed9603afbb,Havenstraat,51.903204365,4.398004897,8,0,9999
2026-03-12T20:36:37.666685,6f09af84-eabe-11ee-a9f0-82366b51b915,BH Delftseplein ,51.925206514,4.474011701,14,4,9999
2026-03-12T20:36:37.666685,1cfb89ec-806b-11ed-b1e6-fa4fb8e2990b,BH Westplein,51.908912961,4.478583441,10,7,9999
2026-03-12T20:36:37.666685,12fc10a4-bb94-11ef-a02d-6ea8ed91bd56,BH Noordplein,51.930251975,4.483699175,10,7,9999
2026-03-12T20:36:37.666685,276e8d26-bda0-11ed-b1e6-fa4fb8e2990b,RK Strevelsweg,51.889634937,4.495943368,15,2,9999
2026-03-12T20:36:37.666685,9e066470-2038-11f0-ab1d-9ae3af3bf913,BH Kralinger Esch,51.911179823,4.524762065,9,11,9999
2026-03-12T20:36:37.666685,9b1f0aaa-8125-11ed-b1e6-fa4fb8e2990b,RK Slaghekstraat - Beijerlandselaan,51.897574833,4.511261604,10,5,9999
2026-03-12T20:36:37.666685,b8c81048-2037-11f0-ab1d-9ae3af3bf913,BH Van Maanenstraat,51.932279316,4.464280453,6,6,9999
2026-03-12T20:36:37.666685,1f4ff66c-bdb8-11ed-b1e6-fa4fb8e2990b,RK Van der Takstraat ,51.914243737,4.496045621,10,10,9999
2026-03-12T20:36:37.666685,3b523cee-5c94-11f0-ab1d-9ae3af3bf913,BH - Wilhelminapier,51.90698281,4.489727426,14,7,9999
2026-03-12T20:36:37.666685,e8d292d2-039a-11ef-b58d-569a23b994be,BH Mia van Yperenplein ,51.928414546,4.545678043,10,4,9999
2026-03-12T20:36:37.666685,12daf18a-8068-11ed-b1e6-fa4fb8e2990b,BH Treinst. Lombardijen (Aesopusplaats),51.880478018,4.530040287,10,1,9999
2026-03-12T20:36:37.666685,558e4a5a-eaba-11ee-a9f0-82366b51b915,BH Blijdorplaan ,51.927389289,4.440437692,22,12,9999
2026-03-12T20:36:37.666685,5a8de282-36ee-11f0-ab1d-9ae3af3bf913,BH van Blommesteynweg,51.888148155,4.460842726,10,1,9999
2026-03-12T20:36:37.666685,078569ee-a5b5-11f0-ab44-baed9603afbb,Nieuwe Waterwegstraat (digitale testhub),51.900682979,4.390873601,12,0,9999
2026-03-12T20:36:37.666685,8e5dd27e-06fd-11ef-b58d-569a23b994be,BH Prins Alexanderplein,51.951040272,4.553684972,14,0,9999
2026-03-12T20:36:37.666685,a6843864-fbc4-11ee-b58d-569a23b994be,Trompenburg 1,51.917696349,4.517981647,10,8,0
2026-03-12T20:36:37.666685,5b583480-a8da-11ef-8778-d2279db84567,BH Duyststraat,51.910073429,4.452225738,8,10,9999
2026-03-12T20:36:37.666685,2510e9ba-a5b6-11f0-847a-baed9603afbb,Hub Kloosterplaats,51.91675013,4.402112308,6,6,9999
2026-03-12T20:36:37.666685,880e3e72-a8dd-11ef-8778-d2279db84567,BH Spaansebocht,51.917413667,4.430014126,9,1,9999
2026-03-12T20:36:37.666685,b5b3324a-edb9-11ee-a9f0-82366b51b915,BH Siondwarsstraat,51.925261494,4.51053174,10,0,9999
2026-03-12T20:36:37.666685,94b01d94-edc6-11ee-a9f0-82366b51b915,BH Schuttersveld,51.933248028,4.490978921,10,6,9999
2026-03-12T20:36:37.666685,69b33170-edbd-11ee-a9f0-82366b51b915,BH Metro Oostplein 2,51.923145722,4.496820843,10,9,9999
2026-03-12T20:36:37.666685,67d6af9a-f068-11ef-ba40-0ea3ed1ae564,HUB Hof van Spaland - Schiedamseweg,51.934898803,4.378145906,12,1,9999
2026-03-12T20:36:37.666685,4933dd54-9e7c-11ee-a91e-ee69b7c7763e,BH Willem Ruyslaan (Luzac College),51.925421889,4.508669446,10,8,9999
2026-03-12T20:36:37.666685,9f935b6c-b095-11ef-b6d3-56d88772ab1a,BH Bergpolderplein,51.945227242,4.474988047,8,4,9999
2026-03-12T20:36:37.666685,8a2d056c-bb93-11ef-a02d-6ea8ed91bd56,BH NS Station Noord (Bergweg),51.941530048,4.481339526,10,5,4
2026-03-12T20:36:37.666685,4d95ab34-8122-11ed-b1e6-fa4fb8e2990b,RK Metrostation Maashaven ,51.896573582,4.494245173,30,2,9999
2026-03-12T20:36:37.666685,3d015ff0-8394-11ee-bb01-c602c1905375,BH Metrostation Oosterflank,51.945209326,4.555045447,10,0,9999
2026-03-12T20:36:37.666685,defeb050-a747-11ef-8778-d2279db84567,BH Karel Doormanstraat,51.922789549,4.473609692,9,8,9999
2026-03-12T20:36:37.666685,b5dc5454-890f-11ee-bb01-c602c1905375,BH Schilderstraat,51.916377397,4.48142868,8,3,9999
2026-03-12T20:36:37.666685,2f12ae3e-806c-11ed-b1e6-fa4fb8e2990b,BH Winkelcentrum Keizerswaard-Herenw,51.886358391,4.549308056,15,11,9999
2026-03-12T20:36:37.666685,3b6d73a8-805d-11ed-b1e6-fa4fb8e2990b,BH Metrostation Melanchtonweg,51.94881199,4.465233746,10,1,9999
2026-03-12T20:36:37.666685,d5832958-891a-11ee-bb01-c602c1905375,BH Metro Zuidplein (nieuw),51.887180341,4.491554668,10,0,9999
2026-03-12T20:36:37.666685,a535094e-b162-11ef-bdcd-5adc5d29ed54,BH Eudokiaplein,51.932433484,4.47153255,9,13,9999
2026-03-12T20:36:37.666685,437f8dc8-bd9e-11ed-b1e6-fa4fb8e2990b,RK Hillevliet,51.89558515,4.506432514,10,1,9999
2026-03-12T20:36:37.666685,f10d8ab4-9997-11ee-a91e-ee69b7c7763e,BH Shell Hofplein,51.925705456,4.477781355,28,6,9999
2026-03-12T20:36:37.666685,94467720-8127-11ed-b1e6-fa4fb8e2990b,RK Persoonsdam,51.909309099,4.508017165,10,0,9999
2026-03-12T20:36:37.666685,9245444a-2023-11f0-ab1d-9ae3af3bf913,BH Witte de Withstraat,51.915906523,4.478080905,10,7,9999
2026-03-12T20:36:37.666685,49d59348-ff64-11ef-b515-a65a77daff90,BH Bergweg (Dirk van den Broek),51.93856254,4.479465675,6,7,9999
2026-03-12T20:36:37.666685,30fb96bc-8124-11ed-b1e6-fa4fb8e2990b,RK Beverwaardseweg/ Borgharensingel,51.898798338,4.564663375,10,1,9999
2026-03-12T20:36:37.666685,9a1fb404-8ab3-11ee-bb01-c602c1905375,BH Langenhorst ,51.874120882,4.494254863,10,0,9999
2026-03-12T20:36:37.666685,abe67bfa-b096-11ef-b6d3-56d88772ab1a,BH Wilgenplaslaan/ Donkersingel,51.951337599,4.47048253,10,6,9999
2026-03-12T20:36:37.666685,068b0f9c-a8dd-11ef-8778-d2279db84567,BH Vierhavenstraat (Sahan),51.908502395,4.437727106,4,3,9999
2026-03-12T20:36:37.666685,bc0e7e9c-a8da-11ef-8778-d2279db84567,BH Jan van Vuchtstraat,51.917045317,4.460830874,6,4,9999
2026-03-12T20:36:37.666685,8b721818-a5b2-11f0-ab44-baed9603afbb,Lekstraat,51.90446958,4.406985264,6,4,9999
2026-03-12T20:36:37.666685,ad212572-06f7-11ef-b58d-569a23b994be,BH Molenlaan/Grindweg,51.963224537,4.49571068,10,2,9999
2026-03-12T20:36:37.666685,f8828c3e-806d-11ed-b1e6-fa4fb8e2990b,RK Station Rdam Zuid,51.905545015,4.509568537,15,7,9999
2026-03-12T20:36:37.666685,5f71799e-806b-11ed-b1e6-fa4fb8e2990b,BH Willemsplein,51.911118908,4.481894771,17,11,9999
2026-03-12T20:36:37.666685,42824336-bd97-11ed-b1e6-fa4fb8e2990b,RK Groene Hilledijk,51.882726433,4.504266667,10,2,9999
2026-03-12T20:36:37.666685,db6932f4-182b-11ef-a8d1-42f0fecaeb6a,BH Metrostation Nesselande,51.978969273,4.586177782,10,0,9999
2026-03-12T20:36:37.666685,e26322b0-2025-11f0-ab1d-9ae3af3bf913,BH Brielselaan,51.896298935,4.489248091,4,1,9999
2026-03-12T20:36:37.666685,c862b7f2-06fb-11ef-b58d-569a23b994be,BH Prins Alexanderlaan (metrobaan zijde),51.952192324,4.551435621,10,0,9999
2026-03-12T20:36:37.666685,c53689c2-8124-11ed-b1e6-fa4fb8e2990b,RK Peellandstraat / Beesdestraat ,51.888535309,4.567291893,10,4,9999
2026-03-12T20:36:37.666685,8f5d35a0-1834-11ef-8071-42f0fecaeb6a,BH Jan Bijloostraat (Winkelcentrum Lage Land),51.941821995,4.546449269,9,7,9999
2026-03-12T20:36:37.666685,f8fcd3a4-983a-11ef-a85a-be896af2d3a5,BH Rhijnauwensingel,51.892161199,4.569620613,12,2,9999
2026-03-12T20:36:37.666685,118239d4-a5b2-11f0-ab44-baed9603afbb,Lorentzlaan (bushalte),51.917994492,4.415061192,4,1,9999
2026-03-12T20:36:37.666685,0c107276-bdb7-11ed-b1e6-fa4fb8e2990b,RK Sandelingenplein,51.889562128,4.506962326,10,3,9999
2026-03-12T20:36:37.666685,75b8bea6-81d8-11ed-b1e6-fa4fb8e2990b,RK Metrostation Maashaven (Putselaan),51.897794241,4.495760713,10,7,9999
2026-03-12T20:36:37.666685,a20bbbae-bdae-11ed-b1e6-fa4fb8e2990b,RK Frankendaal,51.886951976,4.521294152,10,0,9999
2026-03-12T20:36:37.666685,f1df385c-f5b2-11ef-81b3-76e5c571f05f,HUB Admiraal de Ruyterstraat,51.906742474,4.38554997,8,3,9999
2026-03-12T20:36:37.666685,4247dd56-1c9f-11ee-8219-8ed3b2364c4f,BH Metro Coolhaven,51.909218289,4.458167882,10,10,9999
2026-03-12T21:04:53.057352,65af1c24-06f4-11ef-b58d-569a23b994be,BH Meerum Terwogtlaan,51.951763386,4.524587387,10,2,9999
2026-03-12T21:04:53.057352,bc839806-a5b1-11f0-ab44-baed9603afbb,Van het Hoffplein (Boerhavelaan),51.916219132,4.412005574,8,2,9999
2026-03-12T21:04:53.057352,2c632780-a8de-11ef-8778-d2279db84567,BH Schuttevaerweg,51.922420472,4.434869706,10,2,9999
2026-03-12T21:04:53.057352,a3c07f10-a5b5-11f0-b05b-baed9603afbb,HUB Hoofdbrug,51.908705902,4.406131267,8,1,9999
2026-03-12T21:04:53.057352,b9bfe680-fbc4-11ee-b58d-569a23b994be,Trompenburg 2,51.917638379,4.518889893,10,2,8
2026-03-12T21:04:53.057352,3c659862-a8dd-11ef-8778-d2279db84567,BH Mayflowerstraat,51.905015647,4.440161906,10,8,9999
2026-03-12T21:04:53.057352,e0a4baca-a748-11ef-8778-d2279db84567,BH Mariniersweg,51.920853425,4.490979502,10,12,9999
2026-03-12T21:04:53.057352,c35c448e-06fc-11ef-b58d-569a23b994be,BH Jacob van Campenweg ,51.942434165,4.537976212,7,5,9999
2026-03-12T21:04:53.057352,438486f4-a5b6-11f0-a150-baed9603afbb,HUB Koemarkt ingang garage,51.914517902,4.401917461,6,1,9999
2026-03-12T21:04:53.057352,365f4a3e-a5b3-11f0-ab44-baed9603afbb,Rubensplein,51.911712719,4.383665134,6,4,9999
2026-03-12T21:04:53.057352,a85b996e-fe23-11ee-b58d-569a23b994be,BH Dirk van der Kooijweg (Waterleliesingel),51.953796964,4.52009166,10,0,9999
2026-03-12T21:04:53.057352,19e2de56-b5d8-11ee-9ae6-5263e3f30f1e,BH STC Waalhaven,51.878297275,4.448759787,10,2,9999
2026-03-12T21:04:53.057352,c6c213ee-ed18-11ef-9957-f683e5eb607c,BH Langenhorst (Binkhorst),51.877310029,4.494737503,10,3,9999
2026-03-12T21:04:53.057352,3366f8b0-a8dc-11ef-8778-d2279db84567,BH Vierhavenstraat (WoonEnzo),51.907777562,4.438830385,4,8,9999
2026-03-12T21:04:53.057352,04a89aea-a5b3-11f0-ab44-baed9603afbb,Groenelaan Hagastraat (Winkelcentrum),51.907303396,4.402285408,4,3,9999
2026-03-12T21:04:53.057352,32638aa6-a5b5-11f0-9f09-baed9603afbb,HUB Laan van Bol'es,51.928443203,4.370771711,10,2,9999
2026-03-12T21:04:53.057352,291c2f72-a749-11ef-8778-d2279db84567,BH Westzeedijk,51.909321622,4.471436479,10,2,9999
2026-03-12T21:04:53.057352,abd627be-67bb-11f0-91de-5eaa9feacc9b,BH Schiekade (Heer Bokelweg),51.927133058,4.476309832,10,0,9999
2026-03-12T21:04:53.057352,8948d5a4-b094-11ef-b6d3-56d88772ab1a,BH Duivenpad,51.964922912,4.498254116,8,6,9999
2026-03-12T21:04:53.057352,227e8c1e-be97-11ee-9ae6-5263e3f30f1e,HUB Metrostation Troelstralaan,51.915742295,4.384972326,10,0,9999
2026-03-12T21:04:53.057352,0af509a8-06f7-11ef-b58d-569a23b994be,BH Beethovensingel,51.96114919,4.505141448,10,14,9999
2026-03-12T21:04:53.057352,dc06f296-1768-11ef-8071-42f0fecaeb6a,BH Prins Alexanderlaan (Oosterflank),51.946646256,4.553811478,12,1,9999
2026-03-12T21:04:53.057352,221af3ce-7fe1-11ee-bb01-c602c1905375,BH Metro Prinsenlaan,51.940647564,4.556931306,10,4,9999
2026-03-12T21:04:53.057352,a793d6ba-edc8-11ee-a9f0-82366b51b915,BH Infirmeriestraat,51.922255603,4.502265891,10,13,9999
2026-03-12T21:04:53.057352,0359e1a2-bdb3-11ed-b1e6-fa4fb8e2990b,RK Rosestraat 11C,51.902954022,4.511377745,10,11,9999
2026-03-12T21:04:53.057352,87f07e20-9e78-11ee-a91e-ee69b7c7763e,BH Marconistraat (Lee Towers),51.912441021,4.430411189,14,2,9999
2026-03-12T21:04:53.057352,f539bd6e-06f8-11ef-b58d-569a23b994be,BH Meijersplein,51.955657978,4.463033845,8,4,9999
2026-03-12T21:04:53.057352,70f0801a-8071-11ed-b1e6-fa4fb8e2990b,RK treinstation Lombardijen,51.88057913,4.531905572,30,5,9999
2026-03-12T21:04:53.057352,43752ffc-a8db-11ef-8778-d2279db84567,BH Pieter de Hoochweg,51.906316301,4.459985731,6,8,9999
2026-03-12T21:04:53.057352,b35ddad8-ab08-11ef-8778-d2279db84567,HUB Rotterdamsedijk 272,51.914957692,4.40343084,8,1,9999
2026-03-12T21:04:53.057352,9b1fa0f6-ae3c-11ee-a91e-ee69b7c7763e,BH Winkelhart Plein 1953,51.874842065,4.467889739,10,2,9999
2026-03-12T21:04:53.057352,8bd90878-0884-11f0-9a47-66143dd92f22,RK Molenvliet,51.882626536,4.521159806,10,5,9999
2026-03-12T21:04:53.057352,45450b66-a5b2-11f0-ab44-baed9603afbb,Maasdijk (Gustoweg),51.906629018,4.412009895,6,2,9999
2026-03-12T21:04:53.057352,4de2effe-f068-11ef-ba40-0ea3ed1ae564,HUB Hof van Spaland - Vlaardingseweg,51.935841728,4.376077923,4,1,9999
2026-03-12T21:04:53.057352,d38c6468-06fe-11ef-b58d-569a23b994be,BH Kleine Beer,51.950902127,4.555051083,6,1,9999
2026-03-12T21:04:53.057352,e552904e-182b-11ef-a8d1-42f0fecaeb6a,BH Metrostation Hesseplaats,51.963345229,4.554510684,10,3,9999
2026-03-12T21:04:53.057352,1826196c-b162-11ef-bdcd-5adc5d29ed54,BH Bentincklaan (Diergaarde Blijdorp),51.92572504,4.454794024,10,1,9999
2026-03-12T21:04:53.057352,8a1e5ed0-1c9e-11ee-8219-8ed3b2364c4f,BH Sparta stadion,51.920151368,4.434428835,20,17,9999
2026-03-12T21:04:53.057352,d3c9003c-b486-11ee-9ae6-5263e3f30f1e,BH Oostzeedijk Beneden,51.922514244,4.503092963,10,8,9999
2026-03-12T21:04:53.057352,552a82b8-b094-11ef-b6d3-56d88772ab1a,BH Hockeyclub Rotterdam,51.96869974,4.484731647,25,2,9999
2026-03-12T21:04:53.057352,cb3f6d1c-a746-11ef-8778-d2279db84567,BH Vasteland (AH),51.911537089,4.478368712,10,9,9999
2026-03-12T21:04:53.057352,d4a8557a-eabd-11ef-ac99-aa7241d1fb4f,HUB Admiraal Trompstraat (Huisman),51.908834504,4.381923039,8,0,9999
2026-03-12T21:04:53.057352,00e8b3de-9e82-11ee-a91e-ee69b7c7763e,BH Jacques Dutilhweg,51.927993284,4.5475155,10,5,9999
2026-03-12T21:04:53.057352,d868fe52-36e5-11f0-ab1d-9ae3af3bf913,BH Sluisjesdijk,51.894714517,4.461900478,10,2,0
2026-03-12T21:04:53.057352,4338fed2-edbb-11ee-a9f0-82366b51b915,BH Oostzeedijk Beneden 2,51.921653595,4.507031037,10,13,9999
2026-03-12T21:04:53.057352,2c82bb9a-217b-11ee-8219-8ed3b2364c4f,Hub Weena,51.922738296,4.469181329,142,14,9999
2026-03-12T21:04:53.057352,96f5cbdc-06f6-11ef-b58d-569a23b994be,BH Argonautenweg,51.959086712,4.49354982,10,0,9999
2026-03-12T21:04:53.057352,2f51713e-32b7-11ee-8219-8ed3b2364c4f,Hub P+R Capelsebrug,51.920991793,4.559215491,18,0,9999
2026-03-12T21:04:53.057352,62b0255a-9e7a-11ee-a91e-ee69b7c7763e,BH Vierhavenstraat,51.910327597,4.434992993,16,7,9999
2026-03-12T21:04:53.057352,2b10524e-06f5-11ef-b58d-569a23b994be,BH Piet van der Polsingel,51.950618784,4.518612648,8,2,9999
2026-03-12T21:04:53.057352,47070056-06fa-11ef-b58d-569a23b994be,BH Metrostation Schenkel,51.931770435,4.56406792,12,2,9999
2026-03-12T21:04:53.057352,7a8c12ba-91ab-11ed-b1e6-fa4fb8e2990b,BH Metrostation Slinge,51.874526023,4.477872534,15,4,9999
2026-03-12T21:04:53.057352,026045c6-8530-11ee-bb01-c602c1905375,BH Winkelhart Katendrechtse Lagedijk,51.891184937,4.479440034,10,1,9999
2026-03-12T21:04:53.057352,9d9bb8ec-4bd1-11ee-bb01-c602c1905375,BH Marconiplein,51.913319277,4.432514448,10,6,9999
2026-03-12T21:04:53.057352,8330f3ca-a5b4-11f0-ab44-baed9603afbb,Fokkerstraat Plesmanstraat,51.929694009,4.399576614,4,1,9999
2026-03-12T21:04:53.057352,5b842034-5331-11f0-ab1d-9ae3af3bf913,BH Walenburgerweg,51.926698659,4.462629155,10,5,9999
2026-03-12T21:04:53.057352,a08059b6-b484-11ee-9ae6-5263e3f30f1e,BH Metrostation Gerdesiaweg,51.925444134,4.506155972,10,1,9999
2026-03-12T21:04:53.057352,2f718c84-8911-11ee-bb01-c602c1905375,BH Metro Dijkzigt - EMC,51.911789199,4.466334846,20,6,9999
2026-03-12T21:04:53.057352,f58e41fc-1c9f-11ee-8219-8ed3b2364c4f,BH Heemraadsplein,51.912322959,4.455058085,10,7,9999
2026-03-12T21:04:53.057352,79fdd038-34b8-11f0-ab1d-9ae3af3bf913,BH RTHA Airport,51.94924845,4.432611987,10,8,0
2026-03-12T21:04:53.057352,1c41897e-596e-11ef-bed6-aa139991deb4,HUB Metrostation Nieuwland / Bijdorpplein,51.922583819,4.38260008,10,0,9999
2026-03-12T21:04:53.057352,a57d027c-8912-11ee-bb01-c602c1905375,BH Delftse Poort,51.924408145,4.472816464,10,14,9999
2026-03-12T21:04:53.057352,6383849a-2038-11f0-ab1d-9ae3af3bf913,BH - Kralingsebos (Langepad),51.936318565,4.506197017,10,0,9999
2026-03-12T21:04:53.057352,e90e9332-06f5-11ef-b58d-569a23b994be,BH Burgemeester Le Fèvre de Montignylaan,51.957620055,4.501711782,10,0,9999
2026-03-12T21:04:53.057352,5cb3ffde-bdaf-11ed-b1e6-fa4fb8e2990b,RK Stadionlaan,51.892328813,4.530682857,10,4,9999
2026-03-12T21:04:53.057352,02bed1f8-8392-11ee-bb01-c602c1905375,BH Station Alexander,51.951735827,4.551049232,10,4,9999
2026-03-12T21:04:53.057352,08d5cf66-8ab2-11ee-bb01-c602c1905375,BH Winkelhart Asterlo,51.873536387,4.483591736,10,0,9999
2026-03-12T21:04:53.057352,0e51e024-c757-11ee-9ae6-5263e3f30f1e,BH Metrostation Binnenhof,51.960437867,4.535372966,10,6,9999
2026-03-12T21:04:53.057352,409f87f6-890f-11ee-bb01-c602c1905375,BH Metro Beurs,51.917806013,4.480107053,8,3,9999
2026-03-12T21:04:53.057352,d6a7cd26-4d08-11f0-ab1d-9ae3af3bf913,BH - Oudehoofdplein-Haringvliet,51.918979475,4.49384405,10,4,9999
2026-03-12T21:04:53.057352,f0ad9b92-1767-11ef-8071-42f0fecaeb6a,BH Prinsenlaan,51.937206457,4.536127586,10,0,9999
2026-03-12T21:04:53.057352,f06fd44c-2035-11f0-ab1d-9ae3af3bf913,BH Boezemlaan,51.938982631,4.495864471,10,5,9999
2026-03-12T21:04:53.057352,8d91a90c-9e83-11ee-a91e-ee69b7c7763e,BH Kraaierstraat,51.91909698,4.418192898,8,5,9999
2026-03-12T21:04:53.057352,a2671a36-bdad-11ed-b1e6-fa4fb8e2990b,RK Dwarsdijk,51.893055987,4.539201504,10,7,9999
2026-03-12T21:04:53.057352,376a5cda-06f8-11ef-b58d-569a23b994be,BH Ganzerikplein,51.958953276,4.471584016,10,5,9999
2026-03-12T21:04:53.057352,5cdd9872-b096-11ef-b6d3-56d88772ab1a,BH Wilgenplaslaan/ Meidoornsingel,51.953868042,4.468211582,7,1,9999
2026-03-12T21:04:53.057352,952a3e78-a8db-11ef-8778-d2279db84567,BH Lloydstraat,51.902214281,4.461287644,10,12,9999
2026-03-12T21:04:53.057352,a6fa0910-8067-11ed-b1e6-fa4fb8e2990b,BH Stadion Fey (Bert Heesakkerstr.),51.896805818,4.521735582,50,3,9999
2026-03-12T21:04:53.057352,a1337d02-e018-11ed-a249-96cdaf8f7240,BH Sint Franciscus,51.942171146,4.460534407,25,3,9999
2026-03-12T21:04:53.057352,d3cea108-8285-11f0-ab44-baed9603afbb,BH - Ratelaarweg,51.967431611,4.463349689,10,1,9999
2026-03-12T21:04:53.057352,3bef7002-bdb5-11ed-b1e6-fa4fb8e2990b,RK Breeweg,51.890630632,4.514261169,10,2,9999
2026-03-12T21:04:53.057352,8c90734c-45bb-11ee-8219-8ed3b2364c4f,BH Coen Moulijnweg,51.893813253,4.526876329,42,4,9999
2026-03-12T21:04:53.057352,1b098490-2037-11f0-ab1d-9ae3af3bf913,BH Karmelweg,51.933461291,4.5029394,8,0,9999
2026-03-12T21:04:53.057352,23348a06-bdb1-11ed-b1e6-fa4fb8e2990b,RK Guido Gezelleweg,51.87434607,4.523238145,10,4,9999
2026-03-12T21:04:53.057352,66824038-37b2-11ef-a21a-8e54a72a50da,HUB Metrostation Parkweg / Zuidzijde,51.921443238,4.39475836,10,0,9
2026-03-12T21:04:53.057352,2c127298-ff25-11ef-a79f-a65a77daff90,BH Aert van Nesstraat,51.921141166,4.478916173,8,2,9999
2026-03-12T21:04:53.057352,cde445c6-a744-11ef-8778-d2279db84567,BH Groenendaal,51.921685178,4.492944049,6,13,9999
2026-03-12T21:04:53.057352,97c6a1c2-a8da-11ef-8778-d2279db84567,BH Henegouwerplein,51.921807589,4.460561523,10,6,9999
2026-03-12T21:04:53.057352,e68d5642-a5b5-11f0-b6c1-baed9603afbb,HUB NS Station Schiedam Centrum/ Professor Kamerlingh Onneslaan,51.92071744,4.408262487,12,1,9999
2026-03-12T21:04:53.057352,82623a40-bda3-11ed-b1e6-fa4fb8e2990b,RK Rosestraat,51.91100607,4.501308573,10,4,9999
2026-03-12T21:04:53.057352,b7353df6-b485-11ee-9ae6-5263e3f30f1e,BH Metrostation Kralingsezoom (Gravenweg),51.921751706,4.533850265,10,1,9999
2026-03-12T21:04:53.057352,6c34980a-bb92-11ef-a02d-6ea8ed91bd56,BH Gordelweg (Lidl),51.940472428,4.479798999,4,4,9999
2026-03-12T21:04:53.057352,5904bd1a-a5b5-11f0-b05b-baed9603afbb,HUB Hof van Spaland - Bachplein,51.934889388,4.374726808,8,1,9999
2026-03-12T21:04:53.057352,32ca5fd0-8126-11ed-b1e6-fa4fb8e2990b,RK Vuurplaat,51.906526668,4.505838102,10,3,9999
2026-03-12T21:04:53.057352,f94a1ff6-b095-11ef-b6d3-56d88772ab1a,BH Bm Le Fèvre de Montignylaan/ Jeroen Boschlaan,51.955641943,4.505982462,6,1,9999
2026-03-12T21:04:53.057352,4228b402-8537-11ee-bb01-c602c1905375,BH Tongelaarweg,51.895280064,4.563514996,10,2,9999
2026-03-12T21:04:53.057352,6f66a60c-36e5-11f0-ab1d-9ae3af3bf913,BH Lloydpier,51.904487669,4.460458303,8,5,0
2026-03-12T21:04:53.057352,7d81b63e-a5b5-11f0-b05b-baed9603afbb,HUB 's Gravelandseweg,51.932091958,4.401924037,6,1,9999
2026-03-12T21:04:53.057352,a3dbb322-8121-11ed-b1e6-fa4fb8e2990b,RK Metrostation Rijnhaven ,51.902216981,4.49610172,15,9,9999
2026-03-12T21:04:53.057352,cf23b50e-9ad0-11f0-ab44-baed9603afbb,BH Natuurhistorisch museum,51.911022288,4.472728259,12,1,9999
2026-03-12T21:04:53.057352,d55243f6-182b-11ef-a8d1-42f0fecaeb6a,BH Siciliëboulevard ,51.97996654,4.580859756,10,1,9999
2026-03-12T21:04:53.057352,e0f7ef36-a5b4-11f0-ab44-baed9603afbb,Havenstraat einde (digitale testhub),51.900396883,4.398614319,12,0,9999
2026-03-12T21:04:53.057352,05d1d708-eabd-11ef-88c2-aa7241d1fb4f,HUB De Thermen ,51.927426752,4.380236246,8,0,9999
2026-03-12T21:04:53.057352,b3381a7a-2036-11f0-ab1d-9ae3af3bf913,BH Oudedijk / de Nieuwe Plantage,51.929149075,4.505248613,8,6,9999
2026-03-12T21:04:53.057352,8b480576-eabc-11ee-a9f0-82366b51b915,BH Schiedamseweg Beneden,51.914135146,4.422297364,5,9,9999
2026-03-12T21:04:53.057352,89a2f1d2-a5b3-11f0-ab44-baed9603afbb,Metrostation Vijfsluizen,51.908108215,4.37254105,8,1,9999
2026-03-12T21:04:53.057352,e50f3d1e-f069-11ef-9ed7-0ea3ed1ae564,HUB Oranjestraat - Lange Nieuwstraat,51.913368472,4.40030457,5,0,9999
2026-03-12T21:04:53.057352,4c1b19a4-d0a1-11ee-8b0e-065810cc8d78,BH Elandstraat,51.910800072,4.553878993,10,5,9999
2026-03-12T21:04:53.057352,bbbba24e-806e-11ed-b1e6-fa4fb8e2990b,RK P+R Noorderhelling,51.894761016,4.532122707,15,1,9999
2026-03-12T21:04:53.057352,3ac0b682-8129-11ed-b1e6-fa4fb8e2990b,RK Cor Kieboomplein,51.896922039,4.523502821,15,2,9999
2026-03-12T21:04:53.057352,5a3ffbf4-37b1-11ef-a21a-8e54a72a50da,HUB Metrostation Nieuwland / Van Limburg Stirumstraat,51.922446663,4.38308784,6,3,2
2026-03-12T21:04:53.057352,5d8d12a2-a5b4-11f0-ab44-baed9603afbb,Van Heekstraat,51.931167557,4.406024405,4,0,9999
2026-03-12T21:04:53.057352,f251d6e8-0b82-11ef-b58d-569a23b994be,BH Metrostation Graskruid ,51.956473743,4.550010233,8,2,9999
2026-03-12T21:04:53.057352,a4d2ea7c-b2f0-11ef-aa57-62870c7808bb,BH 2e Hogenbanweg,51.936951327,4.427707182,8,3,9999
2026-03-12T21:04:53.057352,75ba0d1a-2037-11f0-ab1d-9ae3af3bf913,BH Stadhoudersweg,51.931417737,4.461484988,10,10,9999
2026-03-12T21:04:53.057352,bc6b0d7e-a745-11ef-8778-d2279db84567,BH Goudsewagenstraat,51.923224462,4.493552746,8,5,9999
2026-03-12T21:04:53.057352,0f37eafc-8912-11ee-bb01-c602c1905375,BH Metro Oostplein,51.922677789,4.497608825,10,7,9999
2026-03-12T21:04:53.057352,aed7c2fa-8123-11ed-b1e6-fa4fb8e2990b,RK Groene Hilledijk/Beijerlandselaan,51.893806789,4.509452258,10,2,9999
2026-03-12T21:04:53.057352,c76f0318-bb92-11ef-a02d-6ea8ed91bd56,BH NS Centraal Station (Stationssingel),51.925399994,4.466148375,10,5,9999
2026-03-12T21:04:53.057352,361a368c-a5b4-11f0-ab44-baed9603afbb,Sportpark Haga (Epke Zonderlandstraat),51.921919868,4.370918199,8,2,9999
2026-03-12T21:04:53.057352,f4c0fe5e-02d6-11ef-b58d-569a23b994be,BH Paulus Potterstraat,51.9228414,4.508497696,10,4,9999
2026-03-12T21:04:53.057352,48cbf66e-9f15-11ee-a91e-ee69b7c7763e,BH Franselaan,51.917379138,4.420463507,10,9,9999
2026-03-12T21:04:53.057352,e9735b4e-7da7-11f0-ab44-baed9603afbb,BH Veldkersweg,51.966835673,4.46657292,8,0,9999
2026-03-12T21:04:53.057352,4b1ac684-bb93-11ef-a02d-6ea8ed91bd56,BH Noorderkanaalweg,51.940525593,4.472984586,9,3,9999
2026-03-12T21:04:53.057352,033a9392-3700-11f0-ab1d-9ae3af3bf913,BH Herman Bavinckstraat,51.915067882,4.521446921,10,6,9999
2026-03-12T21:04:53.057352,ffe8c3e8-a8da-11ef-8778-d2279db84567,BH Mathenesserplein,51.917836602,4.44508891,8,8,9999
2026-03-12T21:04:53.057352,e377069a-ff63-11ef-a79f-a65a77daff90,BH Kralingsebos Bosdreef/Pr. Beatrixlaan,51.93789612,4.501689644,8,1,9999
2026-03-12T21:04:53.057352,7af95f9c-a747-11ef-8778-d2279db84567,BH Kruisplein,51.92228569,4.47138789,6,11,9999
2026-03-12T21:04:53.057352,4c50cb7a-bdb6-11ed-b1e6-fa4fb8e2990b,RK Olympiaweg,51.886462746,4.529133302,10,4,9999
2026-03-12T21:04:53.057352,a694ef4e-36e5-11f0-ab1d-9ae3af3bf913,BH Neushoornstraat,51.913041554,4.553743002,6,1,0
2026-03-12T21:04:53.057352,be56ca62-8120-11ed-b1e6-fa4fb8e2990b,RK P+R Beverwaard,51.885771514,4.568986239,10,1,9999
2026-03-12T21:04:53.057352,d5af3bc4-806a-11ed-b1e6-fa4fb8e2990b,BH Kievitslaan,51.907226862,4.473300159,17,5,9999
2026-03-12T21:04:53.057352,dd006abc-a5b3-11f0-ab44-baed9603afbb,Havenstraat,51.903204365,4.398004897,8,0,9999
2026-03-12T21:04:53.057352,6f09af84-eabe-11ee-a9f0-82366b51b915,BH Delftseplein ,51.925206514,4.474011701,14,4,9999
2026-03-12T21:04:53.057352,1cfb89ec-806b-11ed-b1e6-fa4fb8e2990b,BH Westplein,51.908912961,4.478583441,10,7,9999
2026-03-12T21:04:53.057352,12fc10a4-bb94-11ef-a02d-6ea8ed91bd56,BH Noordplein,51.930251975,4.483699175,10,6,9999
2026-03-12T21:04:53.057352,276e8d26-bda0-11ed-b1e6-fa4fb8e2990b,RK Strevelsweg,51.889634937,4.495943368,15,2,9999
2026-03-12T21:04:53.057352,9e066470-2038-11f0-ab1d-9ae3af3bf913,BH Kralinger Esch,51.911179823,4.524762065,9,13,9999
2026-03-12T21:04:53.057352,9b1f0aaa-8125-11ed-b1e6-fa4fb8e2990b,RK Slaghekstraat - Beijerlandselaan,51.897574833,4.511261604,10,3,9999
2026-03-12T21:04:53.057352,b8c81048-2037-11f0-ab1d-9ae3af3bf913,BH Van Maanenstraat,51.932279316,4.464280453,6,6,9999
2026-03-12T21:04:53.057352,1f4ff66c-bdb8-11ed-b1e6-fa4fb8e2990b,RK Van der Takstraat ,51.914243737,4.496045621,10,10,9999
2026-03-12T21:04:53.057352,3b523cee-5c94-11f0-ab1d-9ae3af3bf913,BH - Wilhelminapier,51.90698281,4.489727426,14,8,9999
2026-03-12T21:04:53.057352,e8d292d2-039a-11ef-b58d-569a23b994be,BH Mia van Yperenplein ,51.928414546,4.545678043,10,5,9999
2026-03-12T21:04:53.057352,12daf18a-8068-11ed-b1e6-fa4fb8e2990b,BH Treinst. Lombardijen (Aesopusplaats),51.880478018,4.530040287,10,1,9999
2026-03-12T21:04:53.057352,558e4a5a-eaba-11ee-a9f0-82366b51b915,BH Blijdorplaan ,51.927389289,4.440437692,22,12,9999
2026-03-12T21:04:53.057352,5a8de282-36ee-11f0-ab1d-9ae3af3bf913,BH van Blommesteynweg,51.888148155,4.460842726,10,1,9999
2026-03-12T21:04:53.057352,078569ee-a5b5-11f0-ab44-baed9603afbb,Nieuwe Waterwegstraat (digitale testhub),51.900682979,4.390873601,12,0,9999
2026-03-12T21:04:53.057352,8e5dd27e-06fd-11ef-b58d-569a23b994be,BH Prins Alexanderplein,51.951040272,4.553684972,14,0,9999
2026-03-12T21:04:53.057352,a6843864-fbc4-11ee-b58d-569a23b994be,Trompenburg 1,51.917696349,4.517981647,10,8,0
2026-03-12T21:04:53.057352,5b583480-a8da-11ef-8778-d2279db84567,BH Duyststraat,51.910073429,4.452225738,8,10,9999
2026-03-12T21:04:53.057352,2510e9ba-a5b6-11f0-847a-baed9603afbb,Hub Kloosterplaats,51.91675013,4.402112308,6,6,9999
2026-03-12T21:04:53.057352,880e3e72-a8dd-11ef-8778-d2279db84567,BH Spaansebocht,51.917413667,4.430014126,9,1,9999
2026-03-12T21:04:53.057352,b5b3324a-edb9-11ee-a9f0-82366b51b915,BH Siondwarsstraat,51.925261494,4.51053174,10,0,9999
2026-03-12T21:04:53.057352,94b01d94-edc6-11ee-a9f0-82366b51b915,BH Schuttersveld,51.933248028,4.490978921,10,6,9999
2026-03-12T21:04:53.057352,69b33170-edbd-11ee-a9f0-82366b51b915,BH Metro Oostplein 2,51.923145722,4.496820843,10,9,9999
2026-03-12T21:04:53.057352,67d6af9a-f068-11ef-ba40-0ea3ed1ae564,HUB Hof van Spaland - Schiedamseweg,51.934898803,4.378145906,12,1,9999
2026-03-12T21:04:53.057352,4933dd54-9e7c-11ee-a91e-ee69b7c7763e,BH Willem Ruyslaan (Luzac College),51.925421889,4.508669446,10,9,9999
2026-03-12T21:04:53.057352,9f935b6c-b095-11ef-b6d3-56d88772ab1a,BH Bergpolderplein,51.945227242,4.474988047,8,4,9999
2026-03-12T21:04:53.057352,8a2d056c-bb93-11ef-a02d-6ea8ed91bd56,BH NS Station Noord (Bergweg),51.941530048,4.481339526,10,5,3
2026-03-12T21:04:53.057352,4d95ab34-8122-11ed-b1e6-fa4fb8e2990b,RK Metrostation Maashaven ,51.896573582,4.494245173,30,1,9999
2026-03-12T21:04:53.057352,3d015ff0-8394-11ee-bb01-c602c1905375,BH Metrostation Oosterflank,51.945209326,4.555045447,10,0,9999
2026-03-12T21:04:53.057352,defeb050-a747-11ef-8778-d2279db84567,BH Karel Doormanstraat,51.922789549,4.473609692,9,8,9999
2026-03-12T21:04:53.057352,b5dc5454-890f-11ee-bb01-c602c1905375,BH Schilderstraat,51.916377397,4.48142868,8,9,9999
2026-03-12T21:04:53.057352,2f12ae3e-806c-11ed-b1e6-fa4fb8e2990b,BH Winkelcentrum Keizerswaard-Herenw,51.886358391,4.549308056,15,11,9999
2026-03-12T21:04:53.057352,3b6d73a8-805d-11ed-b1e6-fa4fb8e2990b,BH Metrostation Melanchtonweg,51.94881199,4.465233746,10,3,9999
2026-03-12T21:04:53.057352,d5832958-891a-11ee-bb01-c602c1905375,BH Metro Zuidplein (nieuw),51.887180341,4.491554668,10,0,9999
2026-03-12T21:04:53.057352,a535094e-b162-11ef-bdcd-5adc5d29ed54,BH Eudokiaplein,51.932433484,4.47153255,9,16,9999
2026-03-12T21:04:53.057352,437f8dc8-bd9e-11ed-b1e6-fa4fb8e2990b,RK Hillevliet,51.89558515,4.506432514,10,1,9999
2026-03-12T21:04:53.057352,f10d8ab4-9997-11ee-a91e-ee69b7c7763e,BH Shell Hofplein,51.925705456,4.477781355,28,6,9999
2026-03-12T21:04:53.057352,94467720-8127-11ed-b1e6-fa4fb8e2990b,RK Persoonsdam,51.909309099,4.508017165,10,0,9999
2026-03-12T21:04:53.057352,9245444a-2023-11f0-ab1d-9ae3af3bf913,BH Witte de Withstraat,51.915906523,4.478080905,10,5,9999
2026-03-12T21:04:53.057352,49d59348-ff64-11ef-b515-a65a77daff90,BH Bergweg (Dirk van den Broek),51.93856254,4.479465675,6,6,9999
2026-03-12T21:04:53.057352,30fb96bc-8124-11ed-b1e6-fa4fb8e2990b,RK Beverwaardseweg/ Borgharensingel,51.898798338,4.564663375,10,1,9999
2026-03-12T21:04:53.057352,9a1fb404-8ab3-11ee-bb01-c602c1905375,BH Langenhorst ,51.874120882,4.494254863,10,0,9999
2026-03-12T21:04:53.057352,abe67bfa-b096-11ef-b6d3-56d88772ab1a,BH Wilgenplaslaan/ Donkersingel,51.951337599,4.47048253,10,6,9999
2026-03-12T21:04:53.057352,068b0f9c-a8dd-11ef-8778-d2279db84567,BH Vierhavenstraat (Sahan),51.908502395,4.437727106,4,3,9999
2026-03-12T21:04:53.057352,bc0e7e9c-a8da-11ef-8778-d2279db84567,BH Jan van Vuchtstraat,51.917045317,4.460830874,6,5,9999
2026-03-12T21:04:53.057352,8b721818-a5b2-11f0-ab44-baed9603afbb,Lekstraat,51.90446958,4.406985264,6,4,9999
2026-03-12T21:04:53.057352,ad212572-06f7-11ef-b58d-569a23b994be,BH Molenlaan/Grindweg,51.963224537,4.49571068,10,2,9999
2026-03-12T21:04:53.057352,f8828c3e-806d-11ed-b1e6-fa4fb8e2990b,RK Station Rdam Zuid,51.905545015,4.509568537,15,7,9999
2026-03-12T21:04:53.057352,5f71799e-806b-11ed-b1e6-fa4fb8e2990b,BH Willemsplein,51.911118908,4.481894771,17,11,9999
2026-03-12T21:04:53.057352,42824336-bd97-11ed-b1e6-fa4fb8e2990b,RK Groene Hilledijk,51.882726433,4.504266667,10,2,9999
2026-03-12T21:04:53.057352,db6932f4-182b-11ef-a8d1-42f0fecaeb6a,BH Metrostation Nesselande,51.978969273,4.586177782,10,0,9999
2026-03-12T21:04:53.057352,e26322b0-2025-11f0-ab1d-9ae3af3bf913,BH Brielselaan,51.896298935,4.489248091,4,1,9999
2026-03-12T21:04:53.057352,c862b7f2-06fb-11ef-b58d-569a23b994be,BH Prins Alexanderlaan (metrobaan zijde),51.952192324,4.551435621,10,0,9999
2026-03-12T21:04:53.057352,c53689c2-8124-11ed-b1e6-fa4fb8e2990b,RK Peellandstraat / Beesdestraat ,51.888535309,4.567291893,10,4,9999
2026-03-12T21:04:53.057352,8f5d35a0-1834-11ef-8071-42f0fecaeb6a,BH Jan Bijloostraat (Winkelcentrum Lage Land),51.941821995,4.546449269,9,7,9999
2026-03-12T21:04:53.057352,f8fcd3a4-983a-11ef-a85a-be896af2d3a5,BH Rhijnauwensingel,51.892161199,4.569620613,12,2,9999
2026-03-12T21:04:53.057352,118239d4-a5b2-11f0-ab44-baed9603afbb,Lorentzlaan (bushalte),51.917994492,4.415061192,4,1,9999
2026-03-12T21:04:53.057352,0c107276-bdb7-11ed-b1e6-fa4fb8e2990b,RK Sandelingenplein,51.889562128,4.506962326,10,3,9999
2026-03-12T21:04:53.057352,75b8bea6-81d8-11ed-b1e6-fa4fb8e2990b,RK Metrostation Maashaven (Putselaan),51.897794241,4.495760713,10,7,9999
2026-03-12T21:04:53.057352,a20bbbae-bdae-11ed-b1e6-fa4fb8e2990b,RK Frankendaal,51.886951976,4.521294152,10,0,9999
2026-03-12T21:04:53.057352,f1df385c-f5b2-11ef-81b3-76e5c571f05f,HUB Admiraal de Ruyterstraat,51.906742474,4.38554997,8,3,9999
2026-03-12T21:04:53.057352,4247dd56-1c9f-11ee-8219-8ed3b2364c4f,BH Metro Coolhaven,51.909218289,4.458167882,10,10,9999
2026-03-12T21:47:04.354331,65af1c24-06f4-11ef-b58d-569a23b994be,BH Meerum Terwogtlaan,51.951763386,4.524587387,10,2,9999
2026-03-12T21:47:04.354331,bc839806-a5b1-11f0-ab44-baed9603afbb,Van het Hoffplein (Boerhavelaan),51.916219132,4.412005574,8,2,9999
2026-03-12T21:47:04.354331,2c632780-a8de-11ef-8778-d2279db84567,BH Schuttevaerweg,51.922420472,4.434869706,10,2,9999
2026-03-12T21:47:04.354331,a3c07f10-a5b5-11f0-b05b-baed9603afbb,HUB Hoofdbrug,51.908705902,4.406131267,8,1,9999
2026-03-12T21:47:04.354331,b9bfe680-fbc4-11ee-b58d-569a23b994be,Trompenburg 2,51.917638379,4.518889893,10,2,8
2026-03-12T21:47:04.354331,3c659862-a8dd-11ef-8778-d2279db84567,BH Mayflowerstraat,51.905015647,4.440161906,10,8,9999
2026-03-12T21:47:04.354331,e0a4baca-a748-11ef-8778-d2279db84567,BH Mariniersweg,51.920853425,4.490979502,10,11,9999
2026-03-12T21:47:04.354331,c35c448e-06fc-11ef-b58d-569a23b994be,BH Jacob van Campenweg ,51.942434165,4.537976212,7,5,9999
2026-03-12T21:47:04.354331,438486f4-a5b6-11f0-a150-baed9603afbb,HUB Koemarkt ingang garage,51.914517902,4.401917461,6,1,9999
2026-03-12T21:47:04.354331,365f4a3e-a5b3-11f0-ab44-baed9603afbb,Rubensplein,51.911712719,4.383665134,6,4,9999
2026-03-12T21:47:04.354331,a85b996e-fe23-11ee-b58d-569a23b994be,BH Dirk van der Kooijweg (Waterleliesingel),51.953796964,4.52009166,10,0,9999
2026-03-12T21:47:04.354331,19e2de56-b5d8-11ee-9ae6-5263e3f30f1e,BH STC Waalhaven,51.878297275,4.448759787,10,2,9999
2026-03-12T21:47:04.354331,c6c213ee-ed18-11ef-9957-f683e5eb607c,BH Langenhorst (Binkhorst),51.877310029,4.494737503,10,3,9999
2026-03-12T21:47:04.354331,3366f8b0-a8dc-11ef-8778-d2279db84567,BH Vierhavenstraat (WoonEnzo),51.907777562,4.438830385,4,8,9999
2026-03-12T21:47:04.354331,04a89aea-a5b3-11f0-ab44-baed9603afbb,Groenelaan Hagastraat (Winkelcentrum),51.907303396,4.402285408,4,3,9999
2026-03-12T21:47:04.354331,32638aa6-a5b5-11f0-9f09-baed9603afbb,HUB Laan van Bol'es,51.928443203,4.370771711,10,2,9999
2026-03-12T21:47:04.354331,291c2f72-a749-11ef-8778-d2279db84567,BH Westzeedijk,51.909321622,4.471436479,10,2,9999
2026-03-12T21:47:04.354331,abd627be-67bb-11f0-91de-5eaa9feacc9b,BH Schiekade (Heer Bokelweg),51.927133058,4.476309832,10,0,9999
2026-03-12T21:47:04.354331,8948d5a4-b094-11ef-b6d3-56d88772ab1a,BH Duivenpad,51.964922912,4.498254116,8,6,9999
2026-03-12T21:47:04.354331,227e8c1e-be97-11ee-9ae6-5263e3f30f1e,HUB Metrostation Troelstralaan,51.915742295,4.384972326,10,0,9999
2026-03-12T21:47:04.354331,0af509a8-06f7-11ef-b58d-569a23b994be,BH Beethovensingel,51.96114919,4.505141448,10,14,9999
2026-03-12T21:47:04.354331,dc06f296-1768-11ef-8071-42f0fecaeb6a,BH Prins Alexanderlaan (Oosterflank),51.946646256,4.553811478,12,1,9999
2026-03-12T21:47:04.354331,221af3ce-7fe1-11ee-bb01-c602c1905375,BH Metro Prinsenlaan,51.940647564,4.556931306,10,3,9999
2026-03-12T21:47:04.354331,a793d6ba-edc8-11ee-a9f0-82366b51b915,BH Infirmeriestraat,51.922255603,4.502265891,10,13,9999
2026-03-12T21:47:04.354331,0359e1a2-bdb3-11ed-b1e6-fa4fb8e2990b,RK Rosestraat 11C,51.902954022,4.511377745,10,11,9999
2026-03-12T21:47:04.354331,87f07e20-9e78-11ee-a91e-ee69b7c7763e,BH Marconistraat (Lee Towers),51.912441021,4.430411189,14,2,9999
2026-03-12T21:47:04.354331,f539bd6e-06f8-11ef-b58d-569a23b994be,BH Meijersplein,51.955657978,4.463033845,8,5,9999
2026-03-12T21:47:04.354331,70f0801a-8071-11ed-b1e6-fa4fb8e2990b,RK treinstation Lombardijen,51.88057913,4.531905572,30,5,9999
2026-03-12T21:47:04.354331,43752ffc-a8db-11ef-8778-d2279db84567,BH Pieter de Hoochweg,51.906316301,4.459985731,6,8,9999
2026-03-12T21:47:04.354331,b35ddad8-ab08-11ef-8778-d2279db84567,HUB Rotterdamsedijk 272,51.914957692,4.40343084,8,1,9999
2026-03-12T21:47:04.354331,9b1fa0f6-ae3c-11ee-a91e-ee69b7c7763e,BH Winkelhart Plein 1953,51.874842065,4.467889739,10,2,9999
2026-03-12T21:47:04.354331,8bd90878-0884-11f0-9a47-66143dd92f22,RK Molenvliet,51.882626536,4.521159806,10,5,9999
2026-03-12T21:47:04.354331,45450b66-a5b2-11f0-ab44-baed9603afbb,Maasdijk (Gustoweg),51.906629018,4.412009895,6,2,9999
2026-03-12T21:47:04.354331,4de2effe-f068-11ef-ba40-0ea3ed1ae564,HUB Hof van Spaland - Vlaardingseweg,51.935841728,4.376077923,4,1,9999
2026-03-12T21:47:04.354331,d38c6468-06fe-11ef-b58d-569a23b994be,BH Kleine Beer,51.950902127,4.555051083,6,1,9999
2026-03-12T21:47:04.354331,e552904e-182b-11ef-a8d1-42f0fecaeb6a,BH Metrostation Hesseplaats,51.963345229,4.554510684,10,3,9999
2026-03-12T21:47:04.354331,1826196c-b162-11ef-bdcd-5adc5d29ed54,BH Bentincklaan (Diergaarde Blijdorp),51.92572504,4.454794024,10,1,9999
2026-03-12T21:47:04.354331,8a1e5ed0-1c9e-11ee-8219-8ed3b2364c4f,BH Sparta stadion,51.920151368,4.434428835,20,17,9999
2026-03-12T21:47:04.354331,d3c9003c-b486-11ee-9ae6-5263e3f30f1e,BH Oostzeedijk Beneden,51.922514244,4.503092963,10,8,9999
2026-03-12T21:47:04.354331,552a82b8-b094-11ef-b6d3-56d88772ab1a,BH Hockeyclub Rotterdam,51.96869974,4.484731647,25,2,9999
2026-03-12T21:47:04.354331,cb3f6d1c-a746-11ef-8778-d2279db84567,BH Vasteland (AH),51.911537089,4.478368712,10,9,9999
2026-03-12T21:47:04.354331,d4a8557a-eabd-11ef-ac99-aa7241d1fb4f,HUB Admiraal Trompstraat (Huisman),51.908834504,4.381923039,8,0,9999
2026-03-12T21:47:04.354331,00e8b3de-9e82-11ee-a91e-ee69b7c7763e,BH Jacques Dutilhweg,51.927993284,4.5475155,10,5,9999
2026-03-12T21:47:04.354331,d868fe52-36e5-11f0-ab1d-9ae3af3bf913,BH Sluisjesdijk,51.894714517,4.461900478,10,2,0
2026-03-12T21:47:04.354331,4338fed2-edbb-11ee-a9f0-82366b51b915,BH Oostzeedijk Beneden 2,51.921653595,4.507031037,10,15,9999
2026-03-12T21:47:04.354331,2c82bb9a-217b-11ee-8219-8ed3b2364c4f,Hub Weena,51.922738296,4.469181329,142,14,9999
2026-03-12T21:47:04.354331,96f5cbdc-06f6-11ef-b58d-569a23b994be,BH Argonautenweg,51.959086712,4.49354982,10,0,9999
2026-03-12T21:47:04.354331,2f51713e-32b7-11ee-8219-8ed3b2364c4f,Hub P+R Capelsebrug,51.920991793,4.559215491,18,0,9999
2026-03-12T21:47:04.354331,62b0255a-9e7a-11ee-a91e-ee69b7c7763e,BH Vierhavenstraat,51.910327597,4.434992993,16,7,9999
2026-03-12T21:47:04.354331,2b10524e-06f5-11ef-b58d-569a23b994be,BH Piet van der Polsingel,51.950618784,4.518612648,8,2,9999
2026-03-12T21:47:04.354331,47070056-06fa-11ef-b58d-569a23b994be,BH Metrostation Schenkel,51.931770435,4.56406792,12,2,9999
2026-03-12T21:47:04.354331,7a8c12ba-91ab-11ed-b1e6-fa4fb8e2990b,BH Metrostation Slinge,51.874526023,4.477872534,15,4,9999
2026-03-12T21:47:04.354331,026045c6-8530-11ee-bb01-c602c1905375,BH Winkelhart Katendrechtse Lagedijk,51.891184937,4.479440034,10,2,9999
2026-03-12T21:47:04.354331,9d9bb8ec-4bd1-11ee-bb01-c602c1905375,BH Marconiplein,51.913319277,4.432514448,10,7,9999
2026-03-12T21:47:04.354331,8330f3ca-a5b4-11f0-ab44-baed9603afbb,Fokkerstraat Plesmanstraat,51.929694009,4.399576614,4,1,9999
2026-03-12T21:47:04.354331,5b842034-5331-11f0-ab1d-9ae3af3bf913,BH Walenburgerweg,51.926698659,4.462629155,10,4,9999
2026-03-12T21:47:04.354331,a08059b6-b484-11ee-9ae6-5263e3f30f1e,BH Metrostation Gerdesiaweg,51.925444134,4.506155972,10,1,9999
2026-03-12T21:47:04.354331,2f718c84-8911-11ee-bb01-c602c1905375,BH Metro Dijkzigt - EMC,51.911789199,4.466334846,20,3,9999
2026-03-12T21:47:04.354331,f58e41fc-1c9f-11ee-8219-8ed3b2364c4f,BH Heemraadsplein,51.912322959,4.455058085,10,6,9999
2026-03-12T21:47:04.354331,79fdd038-34b8-11f0-ab1d-9ae3af3bf913,BH RTHA Airport,51.94924845,4.432611987,10,8,0
2026-03-12T21:47:04.354331,1c41897e-596e-11ef-bed6-aa139991deb4,HUB Metrostation Nieuwland / Bijdorpplein,51.922583819,4.38260008,10,0,9999
2026-03-12T21:47:04.354331,a57d027c-8912-11ee-bb01-c602c1905375,BH Delftse Poort,51.924408145,4.472816464,10,11,9999
2026-03-12T21:47:04.354331,6383849a-2038-11f0-ab1d-9ae3af3bf913,BH - Kralingsebos (Langepad),51.936318565,4.506197017,10,0,9999
2026-03-12T21:47:04.354331,e90e9332-06f5-11ef-b58d-569a23b994be,BH Burgemeester Le Fèvre de Montignylaan,51.957620055,4.501711782,10,1,9999
2026-03-12T21:47:04.354331,5cb3ffde-bdaf-11ed-b1e6-fa4fb8e2990b,RK Stadionlaan,51.892328813,4.530682857,10,4,9999
2026-03-12T21:47:04.354331,02bed1f8-8392-11ee-bb01-c602c1905375,BH Station Alexander,51.951735827,4.551049232,10,4,9999
2026-03-12T21:47:04.354331,08d5cf66-8ab2-11ee-bb01-c602c1905375,BH Winkelhart Asterlo,51.873536387,4.483591736,10,0,9999
2026-03-12T21:47:04.354331,0e51e024-c757-11ee-9ae6-5263e3f30f1e,BH Metrostation Binnenhof,51.960437867,4.535372966,10,6,9999
2026-03-12T21:47:04.354331,409f87f6-890f-11ee-bb01-c602c1905375,BH Metro Beurs,51.917806013,4.480107053,8,3,9999
2026-03-12T21:47:04.354331,d6a7cd26-4d08-11f0-ab1d-9ae3af3bf913,BH - Oudehoofdplein-Haringvliet,51.918979475,4.49384405,10,4,9999
2026-03-12T21:47:04.354331,f0ad9b92-1767-11ef-8071-42f0fecaeb6a,BH Prinsenlaan,51.937206457,4.536127586,10,0,9999
2026-03-12T21:47:04.354331,f06fd44c-2035-11f0-ab1d-9ae3af3bf913,BH Boezemlaan,51.938982631,4.495864471,10,7,9999
2026-03-12T21:47:04.354331,8d91a90c-9e83-11ee-a91e-ee69b7c7763e,BH Kraaierstraat,51.91909698,4.418192898,8,5,9999
2026-03-12T21:47:04.354331,a2671a36-bdad-11ed-b1e6-fa4fb8e2990b,RK Dwarsdijk,51.893055987,4.539201504,10,7,9999
2026-03-12T21:47:04.354331,376a5cda-06f8-11ef-b58d-569a23b994be,BH Ganzerikplein,51.958953276,4.471584016,10,5,9999
2026-03-12T21:47:04.354331,5cdd9872-b096-11ef-b6d3-56d88772ab1a,BH Wilgenplaslaan/ Meidoornsingel,51.953868042,4.468211582,7,1,9999
2026-03-12T21:47:04.354331,952a3e78-a8db-11ef-8778-d2279db84567,BH Lloydstraat,51.902214281,4.461287644,10,12,9999
2026-03-12T21:47:04.354331,a6fa0910-8067-11ed-b1e6-fa4fb8e2990b,BH Stadion Fey (Bert Heesakkerstr.),51.896805818,4.521735582,50,3,9999
2026-03-12T21:47:04.354331,a1337d02-e018-11ed-a249-96cdaf8f7240,BH Sint Franciscus,51.942171146,4.460534407,25,3,9999
2026-03-12T21:47:04.354331,d3cea108-8285-11f0-ab44-baed9603afbb,BH - Ratelaarweg,51.967431611,4.463349689,10,1,9999
2026-03-12T21:47:04.354331,3bef7002-bdb5-11ed-b1e6-fa4fb8e2990b,RK Breeweg,51.890630632,4.514261169,10,2,9999
2026-03-12T21:47:04.354331,8c90734c-45bb-11ee-8219-8ed3b2364c4f,BH Coen Moulijnweg,51.893813253,4.526876329,42,4,9999
2026-03-12T21:47:04.354331,1b098490-2037-11f0-ab1d-9ae3af3bf913,BH Karmelweg,51.933461291,4.5029394,8,0,9999
2026-03-12T21:47:04.354331,23348a06-bdb1-11ed-b1e6-fa4fb8e2990b,RK Guido Gezelleweg,51.87434607,4.523238145,10,4,9999
2026-03-12T21:47:04.354331,66824038-37b2-11ef-a21a-8e54a72a50da,HUB Metrostation Parkweg / Zuidzijde,51.921443238,4.39475836,10,0,9
2026-03-12T21:47:04.354331,2c127298-ff25-11ef-a79f-a65a77daff90,BH Aert van Nesstraat,51.921141166,4.478916173,8,4,9999
2026-03-12T21:47:04.354331,cde445c6-a744-11ef-8778-d2279db84567,BH Groenendaal,51.921685178,4.492944049,6,12,9999
2026-03-12T21:47:04.354331,97c6a1c2-a8da-11ef-8778-d2279db84567,BH Henegouwerplein,51.921807589,4.460561523,10,6,9999
2026-03-12T21:47:04.354331,e68d5642-a5b5-11f0-b6c1-baed9603afbb,HUB NS Station Schiedam Centrum/ Professor Kamerlingh Onneslaan,51.92071744,4.408262487,12,1,9999
2026-03-12T21:47:04.354331,82623a40-bda3-11ed-b1e6-fa4fb8e2990b,RK Rosestraat,51.91100607,4.501308573,10,5,9999
2026-03-12T21:47:04.354331,b7353df6-b485-11ee-9ae6-5263e3f30f1e,BH Metrostation Kralingsezoom (Gravenweg),51.921751706,4.533850265,10,4,9999
2026-03-12T21:47:04.354331,6c34980a-bb92-11ef-a02d-6ea8ed91bd56,BH Gordelweg (Lidl),51.940472428,4.479798999,4,4,9999
2026-03-12T21:47:04.354331,5904bd1a-a5b5-11f0-b05b-baed9603afbb,HUB Hof van Spaland - Bachplein,51.934889388,4.374726808,8,1,9999
2026-03-12T21:47:04.354331,32ca5fd0-8126-11ed-b1e6-fa4fb8e2990b,RK Vuurplaat,51.906526668,4.505838102,10,3,9999
2026-03-12T21:47:04.354331,f94a1ff6-b095-11ef-b6d3-56d88772ab1a,BH Bm Le Fèvre de Montignylaan/ Jeroen Boschlaan,51.955641943,4.505982462,6,1,9999
2026-03-12T21:47:04.354331,4228b402-8537-11ee-bb01-c602c1905375,BH Tongelaarweg,51.895280064,4.563514996,10,2,9999
2026-03-12T21:47:04.354331,6f66a60c-36e5-11f0-ab1d-9ae3af3bf913,BH Lloydpier,51.904487669,4.460458303,8,3,0
2026-03-12T21:47:04.354331,7d81b63e-a5b5-11f0-b05b-baed9603afbb,HUB 's Gravelandseweg,51.932091958,4.401924037,6,1,9999
2026-03-12T21:47:04.354331,a3dbb322-8121-11ed-b1e6-fa4fb8e2990b,RK Metrostation Rijnhaven ,51.902216981,4.49610172,15,11,9999
2026-03-12T21:47:04.354331,cf23b50e-9ad0-11f0-ab44-baed9603afbb,BH Natuurhistorisch museum,51.911022288,4.472728259,12,1,9999
2026-03-12T21:47:04.354331,d55243f6-182b-11ef-a8d1-42f0fecaeb6a,BH Siciliëboulevard ,51.97996654,4.580859756,10,1,9999
2026-03-12T21:47:04.354331,e0f7ef36-a5b4-11f0-ab44-baed9603afbb,Havenstraat einde (digitale testhub),51.900396883,4.398614319,12,0,9999
2026-03-12T21:47:04.354331,05d1d708-eabd-11ef-88c2-aa7241d1fb4f,HUB De Thermen ,51.927426752,4.380236246,8,0,9999
2026-03-12T21:47:04.354331,b3381a7a-2036-11f0-ab1d-9ae3af3bf913,BH Oudedijk / de Nieuwe Plantage,51.929149075,4.505248613,8,7,9999
2026-03-12T21:47:04.354331,8b480576-eabc-11ee-a9f0-82366b51b915,BH Schiedamseweg Beneden,51.914135146,4.422297364,5,9,9999
2026-03-12T21:47:04.354331,89a2f1d2-a5b3-11f0-ab44-baed9603afbb,Metrostation Vijfsluizen,51.908108215,4.37254105,8,1,9999
2026-03-12T21:47:04.354331,e50f3d1e-f069-11ef-9ed7-0ea3ed1ae564,HUB Oranjestraat - Lange Nieuwstraat,51.913368472,4.40030457,5,0,9999
2026-03-12T21:47:04.354331,4c1b19a4-d0a1-11ee-8b0e-065810cc8d78,BH Elandstraat,51.910800072,4.553878993,10,6,9999
2026-03-12T21:47:04.354331,bbbba24e-806e-11ed-b1e6-fa4fb8e2990b,RK P+R Noorderhelling,51.894761016,4.532122707,15,1,9999
2026-03-12T21:47:04.354331,3ac0b682-8129-11ed-b1e6-fa4fb8e2990b,RK Cor Kieboomplein,51.896922039,4.523502821,15,2,9999
2026-03-12T21:47:04.354331,5a3ffbf4-37b1-11ef-a21a-8e54a72a50da,HUB Metrostation Nieuwland / Van Limburg Stirumstraat,51.922446663,4.38308784,6,3,2
2026-03-12T21:47:04.354331,5d8d12a2-a5b4-11f0-ab44-baed9603afbb,Van Heekstraat,51.931167557,4.406024405,4,0,9999
2026-03-12T21:47:04.354331,f251d6e8-0b82-11ef-b58d-569a23b994be,BH Metrostation Graskruid ,51.956473743,4.550010233,8,2,9999
2026-03-12T21:47:04.354331,a4d2ea7c-b2f0-11ef-aa57-62870c7808bb,BH 2e Hogenbanweg,51.936951327,4.427707182,8,4,9999
2026-03-12T21:47:04.354331,75ba0d1a-2037-11f0-ab1d-9ae3af3bf913,BH Stadhoudersweg,51.931417737,4.461484988,10,10,9999
2026-03-12T21:47:04.354331,bc6b0d7e-a745-11ef-8778-d2279db84567,BH Goudsewagenstraat,51.923224462,4.493552746,8,5,9999
2026-03-12T21:47:04.354331,0f37eafc-8912-11ee-bb01-c602c1905375,BH Metro Oostplein,51.922677789,4.497608825,10,8,9999
2026-03-12T21:47:04.354331,aed7c2fa-8123-11ed-b1e6-fa4fb8e2990b,RK Groene Hilledijk/Beijerlandselaan,51.893806789,4.509452258,10,2,9999
2026-03-12T21:47:04.354331,c76f0318-bb92-11ef-a02d-6ea8ed91bd56,BH NS Centraal Station (Stationssingel),51.925399994,4.466148375,10,6,9999
2026-03-12T21:47:04.354331,361a368c-a5b4-11f0-ab44-baed9603afbb,Sportpark Haga (Epke Zonderlandstraat),51.921919868,4.370918199,8,2,9999
2026-03-12T21:47:04.354331,f4c0fe5e-02d6-11ef-b58d-569a23b994be,BH Paulus Potterstraat,51.9228414,4.508497696,10,4,9999
2026-03-12T21:47:04.354331,48cbf66e-9f15-11ee-a91e-ee69b7c7763e,BH Franselaan,51.917379138,4.420463507,10,9,9999
2026-03-12T21:47:04.354331,e9735b4e-7da7-11f0-ab44-baed9603afbb,BH Veldkersweg,51.966835673,4.46657292,8,0,9999
2026-03-12T21:47:04.354331,4b1ac684-bb93-11ef-a02d-6ea8ed91bd56,BH Noorderkanaalweg,51.940525593,4.472984586,9,3,9999
2026-03-12T21:47:04.354331,033a9392-3700-11f0-ab1d-9ae3af3bf913,BH Herman Bavinckstraat,51.915067882,4.521446921,10,5,9999
2026-03-12T21:47:04.354331,ffe8c3e8-a8da-11ef-8778-d2279db84567,BH Mathenesserplein,51.917836602,4.44508891,8,8,9999
2026-03-12T21:47:04.354331,e377069a-ff63-11ef-a79f-a65a77daff90,BH Kralingsebos Bosdreef/Pr. Beatrixlaan,51.93789612,4.501689644,8,1,9999
2026-03-12T21:47:04.354331,7af95f9c-a747-11ef-8778-d2279db84567,BH Kruisplein,51.92228569,4.47138789,6,8,9999
2026-03-12T21:47:04.354331,4c50cb7a-bdb6-11ed-b1e6-fa4fb8e2990b,RK Olympiaweg,51.886462746,4.529133302,10,4,9999
2026-03-12T21:47:04.354331,a694ef4e-36e5-11f0-ab1d-9ae3af3bf913,BH Neushoornstraat,51.913041554,4.553743002,6,1,0
2026-03-12T21:47:04.354331,be56ca62-8120-11ed-b1e6-fa4fb8e2990b,RK P+R Beverwaard,51.885771514,4.568986239,10,1,9999
2026-03-12T21:47:04.354331,d5af3bc4-806a-11ed-b1e6-fa4fb8e2990b,BH Kievitslaan,51.907226862,4.473300159,17,5,9999
2026-03-12T21:47:04.354331,dd006abc-a5b3-11f0-ab44-baed9603afbb,Havenstraat,51.903204365,4.398004897,8,0,9999
2026-03-12T21:47:04.354331,6f09af84-eabe-11ee-a9f0-82366b51b915,BH Delftseplein ,51.925206514,4.474011701,14,2,9999
2026-03-12T21:47:04.354331,1cfb89ec-806b-11ed-b1e6-fa4fb8e2990b,BH Westplein,51.908912961,4.478583441,10,7,9999
2026-03-12T21:47:04.354331,12fc10a4-bb94-11ef-a02d-6ea8ed91bd56,BH Noordplein,51.930251975,4.483699175,10,5,9999
2026-03-12T21:47:04.354331,276e8d26-bda0-11ed-b1e6-fa4fb8e2990b,RK Strevelsweg,51.889634937,4.495943368,15,2,9999
2026-03-12T21:47:04.354331,9e066470-2038-11f0-ab1d-9ae3af3bf913,BH Kralinger Esch,51.911179823,4.524762065,9,13,9999
2026-03-12T21:47:04.354331,9b1f0aaa-8125-11ed-b1e6-fa4fb8e2990b,RK Slaghekstraat - Beijerlandselaan,51.897574833,4.511261604,10,3,9999
2026-03-12T21:47:04.354331,b8c81048-2037-11f0-ab1d-9ae3af3bf913,BH Van Maanenstraat,51.932279316,4.464280453,6,7,9999
2026-03-12T21:47:04.354331,1f4ff66c-bdb8-11ed-b1e6-fa4fb8e2990b,RK Van der Takstraat ,51.914243737,4.496045621,10,7,9999
2026-03-12T21:47:04.354331,3b523cee-5c94-11f0-ab1d-9ae3af3bf913,BH - Wilhelminapier,51.90698281,4.489727426,14,9,9999
2026-03-12T21:47:04.354331,e8d292d2-039a-11ef-b58d-569a23b994be,BH Mia van Yperenplein ,51.928414546,4.545678043,10,4,9999
2026-03-12T21:47:04.354331,12daf18a-8068-11ed-b1e6-fa4fb8e2990b,BH Treinst. Lombardijen (Aesopusplaats),51.880478018,4.530040287,10,1,9999
2026-03-12T21:47:04.354331,558e4a5a-eaba-11ee-a9f0-82366b51b915,BH Blijdorplaan ,51.927389289,4.440437692,22,12,9999
2026-03-12T21:47:04.354331,5a8de282-36ee-11f0-ab1d-9ae3af3bf913,BH van Blommesteynweg,51.888148155,4.460842726,10,1,9999
2026-03-12T21:47:04.354331,078569ee-a5b5-11f0-ab44-baed9603afbb,Nieuwe Waterwegstraat (digitale testhub),51.900682979,4.390873601,12,0,9999
2026-03-12T21:47:04.354331,8e5dd27e-06fd-11ef-b58d-569a23b994be,BH Prins Alexanderplein,51.951040272,4.553684972,14,0,9999
2026-03-12T21:47:04.354331,a6843864-fbc4-11ee-b58d-569a23b994be,Trompenburg 1,51.917696349,4.517981647,10,8,0
2026-03-12T21:47:04.354331,5b583480-a8da-11ef-8778-d2279db84567,BH Duyststraat,51.910073429,4.452225738,8,9,9999
2026-03-12T21:47:04.354331,2510e9ba-a5b6-11f0-847a-baed9603afbb,Hub Kloosterplaats,51.91675013,4.402112308,6,5,9999
2026-03-12T21:47:04.354331,880e3e72-a8dd-11ef-8778-d2279db84567,BH Spaansebocht,51.917413667,4.430014126,9,1,9999
2026-03-12T21:47:04.354331,b5b3324a-edb9-11ee-a9f0-82366b51b915,BH Siondwarsstraat,51.925261494,4.51053174,10,0,9999
2026-03-12T21:47:04.354331,94b01d94-edc6-11ee-a9f0-82366b51b915,BH Schuttersveld,51.933248028,4.490978921,10,7,9999
2026-03-12T21:47:04.354331,69b33170-edbd-11ee-a9f0-82366b51b915,BH Metro Oostplein 2,51.923145722,4.496820843,10,8,9999
2026-03-12T21:47:04.354331,67d6af9a-f068-11ef-ba40-0ea3ed1ae564,HUB Hof van Spaland - Schiedamseweg,51.934898803,4.378145906,12,1,9999
2026-03-12T21:47:04.354331,4933dd54-9e7c-11ee-a91e-ee69b7c7763e,BH Willem Ruyslaan (Luzac College),51.925421889,4.508669446,10,10,9999
2026-03-12T21:47:04.354331,9f935b6c-b095-11ef-b6d3-56d88772ab1a,BH Bergpolderplein,51.945227242,4.474988047,8,6,9999
2026-03-12T21:47:04.354331,8a2d056c-bb93-11ef-a02d-6ea8ed91bd56,BH NS Station Noord (Bergweg),51.941530048,4.481339526,10,5,3
2026-03-12T21:47:04.354331,4d95ab34-8122-11ed-b1e6-fa4fb8e2990b,RK Metrostation Maashaven ,51.896573582,4.494245173,30,2,9999
2026-03-12T21:47:04.354331,3d015ff0-8394-11ee-bb01-c602c1905375,BH Metrostation Oosterflank,51.945209326,4.555045447,10,0,9999
2026-03-12T21:47:04.354331,defeb050-a747-11ef-8778-d2279db84567,BH Karel Doormanstraat,51.922789549,4.473609692,9,5,9999
2026-03-12T21:47:04.354331,b5dc5454-890f-11ee-bb01-c602c1905375,BH Schilderstraat,51.916377397,4.48142868,8,9,9999
2026-03-12T21:47:04.354331,2f12ae3e-806c-11ed-b1e6-fa4fb8e2990b,BH Winkelcentrum Keizerswaard-Herenw,51.886358391,4.549308056,15,11,9999
2026-03-12T21:47:04.354331,3b6d73a8-805d-11ed-b1e6-fa4fb8e2990b,BH Metrostation Melanchtonweg,51.94881199,4.465233746,10,3,9999
2026-03-12T21:47:04.354331,d5832958-891a-11ee-bb01-c602c1905375,BH Metro Zuidplein (nieuw),51.887180341,4.491554668,10,0,9999
2026-03-12T21:47:04.354331,a535094e-b162-11ef-bdcd-5adc5d29ed54,BH Eudokiaplein,51.932433484,4.47153255,9,13,9999
2026-03-12T21:47:04.354331,437f8dc8-bd9e-11ed-b1e6-fa4fb8e2990b,RK Hillevliet,51.89558515,4.506432514,10,1,9999
2026-03-12T21:47:04.354331,f10d8ab4-9997-11ee-a91e-ee69b7c7763e,BH Shell Hofplein,51.925705456,4.477781355,28,2,9999
2026-03-12T21:47:04.354331,94467720-8127-11ed-b1e6-fa4fb8e2990b,RK Persoonsdam,51.909309099,4.508017165,10,0,9999
2026-03-12T21:47:04.354331,9245444a-2023-11f0-ab1d-9ae3af3bf913,BH Witte de Withstraat,51.915906523,4.478080905,10,6,9999
2026-03-12T21:47:04.354331,49d59348-ff64-11ef-b515-a65a77daff90,BH Bergweg (Dirk van den Broek),51.93856254,4.479465675,6,8,9999
2026-03-12T21:47:04.354331,30fb96bc-8124-11ed-b1e6-fa4fb8e2990b,RK Beverwaardseweg/ Borgharensingel,51.898798338,4.564663375,10,1,9999
2026-03-12T21:47:04.354331,9a1fb404-8ab3-11ee-bb01-c602c1905375,BH Langenhorst ,51.874120882,4.494254863,10,0,9999
2026-03-12T21:47:04.354331,abe67bfa-b096-11ef-b6d3-56d88772ab1a,BH Wilgenplaslaan/ Donkersingel,51.951337599,4.47048253,10,6,9999
2026-03-12T21:47:04.354331,068b0f9c-a8dd-11ef-8778-d2279db84567,BH Vierhavenstraat (Sahan),51.908502395,4.437727106,4,2,9999
2026-03-12T21:47:04.354331,bc0e7e9c-a8da-11ef-8778-d2279db84567,BH Jan van Vuchtstraat,51.917045317,4.460830874,6,5,9999
2026-03-12T21:47:04.354331,8b721818-a5b2-11f0-ab44-baed9603afbb,Lekstraat,51.90446958,4.406985264,6,4,9999
2026-03-12T21:47:04.354331,ad212572-06f7-11ef-b58d-569a23b994be,BH Molenlaan/Grindweg,51.963224537,4.49571068,10,2,9999
2026-03-12T21:47:04.354331,f8828c3e-806d-11ed-b1e6-fa4fb8e2990b,RK Station Rdam Zuid,51.905545015,4.509568537,15,6,9999
2026-03-12T21:47:04.354331,5f71799e-806b-11ed-b1e6-fa4fb8e2990b,BH Willemsplein,51.911118908,4.481894771,17,10,9999
2026-03-12T21:47:04.354331,42824336-bd97-11ed-b1e6-fa4fb8e2990b,RK Groene Hilledijk,51.882726433,4.504266667,10,2,9999
2026-03-12T21:47:04.354331,db6932f4-182b-11ef-a8d1-42f0fecaeb6a,BH Metrostation Nesselande,51.978969273,4.586177782,10,0,9999
2026-03-12T21:47:04.354331,e26322b0-2025-11f0-ab1d-9ae3af3bf913,BH Brielselaan,51.896298935,4.489248091,4,0,9999
2026-03-12T21:47:04.354331,c862b7f2-06fb-11ef-b58d-569a23b994be,BH Prins Alexanderlaan (metrobaan zijde),51.952192324,4.551435621,10,0,9999
2026-03-12T21:47:04.354331,c53689c2-8124-11ed-b1e6-fa4fb8e2990b,RK Peellandstraat / Beesdestraat ,51.888535309,4.567291893,10,5,9999
2026-03-12T21:47:04.354331,8f5d35a0-1834-11ef-8071-42f0fecaeb6a,BH Jan Bijloostraat (Winkelcentrum Lage Land),51.941821995,4.546449269,9,7,9999
2026-03-12T21:47:04.354331,f8fcd3a4-983a-11ef-a85a-be896af2d3a5,BH Rhijnauwensingel,51.892161199,4.569620613,12,2,9999
2026-03-12T21:47:04.354331,118239d4-a5b2-11f0-ab44-baed9603afbb,Lorentzlaan (bushalte),51.917994492,4.415061192,4,1,9999
2026-03-12T21:47:04.354331,0c107276-bdb7-11ed-b1e6-fa4fb8e2990b,RK Sandelingenplein,51.889562128,4.506962326,10,4,9999
2026-03-12T21:47:04.354331,75b8bea6-81d8-11ed-b1e6-fa4fb8e2990b,RK Metrostation Maashaven (Putselaan),51.897794241,4.495760713,10,6,9999
2026-03-12T21:47:04.354331,a20bbbae-bdae-11ed-b1e6-fa4fb8e2990b,RK Frankendaal,51.886951976,4.521294152,10,0,9999
2026-03-12T21:47:04.354331,f1df385c-f5b2-11ef-81b3-76e5c571f05f,HUB Admiraal de Ruyterstraat,51.906742474,4.38554997,8,3,9999
2026-03-12T21:47:04.354331,4247dd56-1c9f-11ee-8219-8ed3b2364c4f,BH Metro Coolhaven,51.909218289,4.458167882,10,11,9999
2026-03-12T22:12:25.924947,65af1c24-06f4-11ef-b58d-569a23b994be,BH Meerum Terwogtlaan,51.951763386,4.524587387,10,2,9999
2026-03-12T22:12:25.924947,bc839806-a5b1-11f0-ab44-baed9603afbb,Van het Hoffplein (Boerhavelaan),51.916219132,4.412005574,8,2,9999
2026-03-12T22:12:25.924947,2c632780-a8de-11ef-8778-d2279db84567,BH Schuttevaerweg,51.922420472,4.434869706,10,2,9999
2026-03-12T22:12:25.924947,a3c07f10-a5b5-11f0-b05b-baed9603afbb,HUB Hoofdbrug,51.908705902,4.406131267,8,1,9999
2026-03-12T22:12:25.924947,b9bfe680-fbc4-11ee-b58d-569a23b994be,Trompenburg 2,51.917638379,4.518889893,10,2,8
2026-03-12T22:12:25.924947,3c659862-a8dd-11ef-8778-d2279db84567,BH Mayflowerstraat,51.905015647,4.440161906,10,9,9999
2026-03-12T22:12:25.924947,e0a4baca-a748-11ef-8778-d2279db84567,BH Mariniersweg,51.920853425,4.490979502,10,11,9999
2026-03-12T22:12:25.924947,c35c448e-06fc-11ef-b58d-569a23b994be,BH Jacob van Campenweg ,51.942434165,4.537976212,7,6,9999
2026-03-12T22:12:25.924947,438486f4-a5b6-11f0-a150-baed9603afbb,HUB Koemarkt ingang garage,51.914517902,4.401917461,6,1,9999
2026-03-12T22:12:25.924947,365f4a3e-a5b3-11f0-ab44-baed9603afbb,Rubensplein,51.911712719,4.383665134,6,4,9999
2026-03-12T22:12:25.924947,a85b996e-fe23-11ee-b58d-569a23b994be,BH Dirk van der Kooijweg (Waterleliesingel),51.953796964,4.52009166,10,0,9999
2026-03-12T22:12:25.924947,19e2de56-b5d8-11ee-9ae6-5263e3f30f1e,BH STC Waalhaven,51.878297275,4.448759787,10,2,9999
2026-03-12T22:12:25.924947,c6c213ee-ed18-11ef-9957-f683e5eb607c,BH Langenhorst (Binkhorst),51.877310029,4.494737503,10,3,9999
2026-03-12T22:12:25.924947,3366f8b0-a8dc-11ef-8778-d2279db84567,BH Vierhavenstraat (WoonEnzo),51.907777562,4.438830385,4,8,9999
2026-03-12T22:12:25.924947,04a89aea-a5b3-11f0-ab44-baed9603afbb,Groenelaan Hagastraat (Winkelcentrum),51.907303396,4.402285408,4,3,9999
2026-03-12T22:12:25.924947,32638aa6-a5b5-11f0-9f09-baed9603afbb,HUB Laan van Bol'es,51.928443203,4.370771711,10,2,9999
2026-03-12T22:12:25.924947,291c2f72-a749-11ef-8778-d2279db84567,BH Westzeedijk,51.909321622,4.471436479,10,2,9999
2026-03-12T22:12:25.924947,abd627be-67bb-11f0-91de-5eaa9feacc9b,BH Schiekade (Heer Bokelweg),51.927133058,4.476309832,10,0,9999
2026-03-12T22:12:25.924947,8948d5a4-b094-11ef-b6d3-56d88772ab1a,BH Duivenpad,51.964922912,4.498254116,8,6,9999
2026-03-12T22:12:25.924947,227e8c1e-be97-11ee-9ae6-5263e3f30f1e,HUB Metrostation Troelstralaan,51.915742295,4.384972326,10,0,9999
2026-03-12T22:12:25.924947,0af509a8-06f7-11ef-b58d-569a23b994be,BH Beethovensingel,51.96114919,4.505141448,10,14,9999
2026-03-12T22:12:25.924947,dc06f296-1768-11ef-8071-42f0fecaeb6a,BH Prins Alexanderlaan (Oosterflank),51.946646256,4.553811478,12,1,9999
2026-03-12T22:12:25.924947,221af3ce-7fe1-11ee-bb01-c602c1905375,BH Metro Prinsenlaan,51.940647564,4.556931306,10,3,9999
2026-03-12T22:12:25.924947,a793d6ba-edc8-11ee-a9f0-82366b51b915,BH Infirmeriestraat,51.922255603,4.502265891,10,14,9999
2026-03-12T22:12:25.924947,0359e1a2-bdb3-11ed-b1e6-fa4fb8e2990b,RK Rosestraat 11C,51.902954022,4.511377745,10,11,9999
2026-03-12T22:12:25.924947,87f07e20-9e78-11ee-a91e-ee69b7c7763e,BH Marconistraat (Lee Towers),51.912441021,4.430411189,14,2,9999
2026-03-12T22:12:25.924947,f539bd6e-06f8-11ef-b58d-569a23b994be,BH Meijersplein,51.955657978,4.463033845,8,4,9999
2026-03-12T22:12:25.924947,70f0801a-8071-11ed-b1e6-fa4fb8e2990b,RK treinstation Lombardijen,51.88057913,4.531905572,30,5,9999
2026-03-12T22:12:25.924947,43752ffc-a8db-11ef-8778-d2279db84567,BH Pieter de Hoochweg,51.906316301,4.459985731,6,8,9999
2026-03-12T22:12:25.924947,b35ddad8-ab08-11ef-8778-d2279db84567,HUB Rotterdamsedijk 272,51.914957692,4.40343084,8,1,9999
2026-03-12T22:12:25.924947,9b1fa0f6-ae3c-11ee-a91e-ee69b7c7763e,BH Winkelhart Plein 1953,51.874842065,4.467889739,10,2,9999
2026-03-12T22:12:25.924947,8bd90878-0884-11f0-9a47-66143dd92f22,RK Molenvliet,51.882626536,4.521159806,10,4,9999
2026-03-12T22:12:25.924947,45450b66-a5b2-11f0-ab44-baed9603afbb,Maasdijk (Gustoweg),51.906629018,4.412009895,6,2,9999
2026-03-12T22:12:25.924947,4de2effe-f068-11ef-ba40-0ea3ed1ae564,HUB Hof van Spaland - Vlaardingseweg,51.935841728,4.376077923,4,1,9999
2026-03-12T22:12:25.924947,d38c6468-06fe-11ef-b58d-569a23b994be,BH Kleine Beer,51.950902127,4.555051083,6,1,9999
2026-03-12T22:12:25.924947,e552904e-182b-11ef-a8d1-42f0fecaeb6a,BH Metrostation Hesseplaats,51.963345229,4.554510684,10,4,9999
2026-03-12T22:12:25.924947,1826196c-b162-11ef-bdcd-5adc5d29ed54,BH Bentincklaan (Diergaarde Blijdorp),51.92572504,4.454794024,10,1,9999
2026-03-12T22:12:25.924947,8a1e5ed0-1c9e-11ee-8219-8ed3b2364c4f,BH Sparta stadion,51.920151368,4.434428835,20,17,9999
2026-03-12T22:12:25.924947,d3c9003c-b486-11ee-9ae6-5263e3f30f1e,BH Oostzeedijk Beneden,51.922514244,4.503092963,10,8,9999
2026-03-12T22:12:25.924947,552a82b8-b094-11ef-b6d3-56d88772ab1a,BH Hockeyclub Rotterdam,51.96869974,4.484731647,25,1,9999
2026-03-12T22:12:25.924947,cb3f6d1c-a746-11ef-8778-d2279db84567,BH Vasteland (AH),51.911537089,4.478368712,10,10,9999
2026-03-12T22:12:25.924947,d4a8557a-eabd-11ef-ac99-aa7241d1fb4f,HUB Admiraal Trompstraat (Huisman),51.908834504,4.381923039,8,0,9999
2026-03-12T22:12:25.924947,00e8b3de-9e82-11ee-a91e-ee69b7c7763e,BH Jacques Dutilhweg,51.927993284,4.5475155,10,5,9999
2026-03-12T22:12:25.924947,d868fe52-36e5-11f0-ab1d-9ae3af3bf913,BH Sluisjesdijk,51.894714517,4.461900478,10,2,0
2026-03-12T22:12:25.924947,4338fed2-edbb-11ee-a9f0-82366b51b915,BH Oostzeedijk Beneden 2,51.921653595,4.507031037,10,16,9999
2026-03-12T22:12:25.924947,2c82bb9a-217b-11ee-8219-8ed3b2364c4f,Hub Weena,51.922738296,4.469181329,142,15,9999
2026-03-12T22:12:25.924947,96f5cbdc-06f6-11ef-b58d-569a23b994be,BH Argonautenweg,51.959086712,4.49354982,10,1,9999
2026-03-12T22:12:25.924947,2f51713e-32b7-11ee-8219-8ed3b2364c4f,Hub P+R Capelsebrug,51.920991793,4.559215491,18,0,9999
2026-03-12T22:12:25.924947,62b0255a-9e7a-11ee-a91e-ee69b7c7763e,BH Vierhavenstraat,51.910327597,4.434992993,16,7,9999
2026-03-12T22:12:25.924947,2b10524e-06f5-11ef-b58d-569a23b994be,BH Piet van der Polsingel,51.950618784,4.518612648,8,2,9999
2026-03-12T22:12:25.924947,47070056-06fa-11ef-b58d-569a23b994be,BH Metrostation Schenkel,51.931770435,4.56406792,12,2,9999
2026-03-12T22:12:25.924947,7a8c12ba-91ab-11ed-b1e6-fa4fb8e2990b,BH Metrostation Slinge,51.874526023,4.477872534,15,4,9999
2026-03-12T22:12:25.924947,026045c6-8530-11ee-bb01-c602c1905375,BH Winkelhart Katendrechtse Lagedijk,51.891184937,4.479440034,10,3,9999
2026-03-12T22:12:25.924947,9d9bb8ec-4bd1-11ee-bb01-c602c1905375,BH Marconiplein,51.913319277,4.432514448,10,6,9999
2026-03-12T22:12:25.924947,8330f3ca-a5b4-11f0-ab44-baed9603afbb,Fokkerstraat Plesmanstraat,51.929694009,4.399576614,4,1,9999
2026-03-12T22:12:25.924947,5b842034-5331-11f0-ab1d-9ae3af3bf913,BH Walenburgerweg,51.926698659,4.462629155,10,4,9999
2026-03-12T22:12:25.924947,a08059b6-b484-11ee-9ae6-5263e3f30f1e,BH Metrostation Gerdesiaweg,51.925444134,4.506155972,10,1,9999
2026-03-12T22:12:25.924947,2f718c84-8911-11ee-bb01-c602c1905375,BH Metro Dijkzigt - EMC,51.911789199,4.466334846,20,3,9999
2026-03-12T22:12:25.924947,f58e41fc-1c9f-11ee-8219-8ed3b2364c4f,BH Heemraadsplein,51.912322959,4.455058085,10,6,9999
2026-03-12T22:12:25.924947,79fdd038-34b8-11f0-ab1d-9ae3af3bf913,BH RTHA Airport,51.94924845,4.432611987,10,8,0
2026-03-12T22:12:25.924947,1c41897e-596e-11ef-bed6-aa139991deb4,HUB Metrostation Nieuwland / Bijdorpplein,51.922583819,4.38260008,10,0,9999
2026-03-12T22:12:25.924947,a57d027c-8912-11ee-bb01-c602c1905375,BH Delftse Poort,51.924408145,4.472816464,10,11,9999
2026-03-12T22:12:25.924947,6383849a-2038-11f0-ab1d-9ae3af3bf913,BH - Kralingsebos (Langepad),51.936318565,4.506197017,10,0,9999
2026-03-12T22:12:25.924947,e90e9332-06f5-11ef-b58d-569a23b994be,BH Burgemeester Le Fèvre de Montignylaan,51.957620055,4.501711782,10,1,9999
2026-03-12T22:12:25.924947,5cb3ffde-bdaf-11ed-b1e6-fa4fb8e2990b,RK Stadionlaan,51.892328813,4.530682857,10,4,9999
2026-03-12T22:12:25.924947,02bed1f8-8392-11ee-bb01-c602c1905375,BH Station Alexander,51.951735827,4.551049232,10,3,9999
2026-03-12T22:12:25.924947,08d5cf66-8ab2-11ee-bb01-c602c1905375,BH Winkelhart Asterlo,51.873536387,4.483591736,10,0,9999
2026-03-12T22:12:25.924947,0e51e024-c757-11ee-9ae6-5263e3f30f1e,BH Metrostation Binnenhof,51.960437867,4.535372966,10,6,9999
2026-03-12T22:12:25.924947,409f87f6-890f-11ee-bb01-c602c1905375,BH Metro Beurs,51.917806013,4.480107053,8,2,9999
2026-03-12T22:12:25.924947,d6a7cd26-4d08-11f0-ab1d-9ae3af3bf913,BH - Oudehoofdplein-Haringvliet,51.918979475,4.49384405,10,4,9999
2026-03-12T22:12:25.924947,f0ad9b92-1767-11ef-8071-42f0fecaeb6a,BH Prinsenlaan,51.937206457,4.536127586,10,0,9999
2026-03-12T22:12:25.924947,f06fd44c-2035-11f0-ab1d-9ae3af3bf913,BH Boezemlaan,51.938982631,4.495864471,10,7,9999
2026-03-12T22:12:25.924947,8d91a90c-9e83-11ee-a91e-ee69b7c7763e,BH Kraaierstraat,51.91909698,4.418192898,8,5,9999
2026-03-12T22:12:25.924947,a2671a36-bdad-11ed-b1e6-fa4fb8e2990b,RK Dwarsdijk,51.893055987,4.539201504,10,7,9999
2026-03-12T22:12:25.924947,376a5cda-06f8-11ef-b58d-569a23b994be,BH Ganzerikplein,51.958953276,4.471584016,10,6,9999
2026-03-12T22:12:25.924947,5cdd9872-b096-11ef-b6d3-56d88772ab1a,BH Wilgenplaslaan/ Meidoornsingel,51.953868042,4.468211582,7,1,9999
2026-03-12T22:12:25.924947,952a3e78-a8db-11ef-8778-d2279db84567,BH Lloydstraat,51.902214281,4.461287644,10,12,9999
2026-03-12T22:12:25.924947,a6fa0910-8067-11ed-b1e6-fa4fb8e2990b,BH Stadion Fey (Bert Heesakkerstr.),51.896805818,4.521735582,50,2,9999
2026-03-12T22:12:25.924947,a1337d02-e018-11ed-a249-96cdaf8f7240,BH Sint Franciscus,51.942171146,4.460534407,25,3,9999
2026-03-12T22:12:25.924947,d3cea108-8285-11f0-ab44-baed9603afbb,BH - Ratelaarweg,51.967431611,4.463349689,10,1,9999
2026-03-12T22:12:25.924947,3bef7002-bdb5-11ed-b1e6-fa4fb8e2990b,RK Breeweg,51.890630632,4.514261169,10,2,9999
2026-03-12T22:12:25.924947,8c90734c-45bb-11ee-8219-8ed3b2364c4f,BH Coen Moulijnweg,51.893813253,4.526876329,42,4,9999
2026-03-12T22:12:25.924947,1b098490-2037-11f0-ab1d-9ae3af3bf913,BH Karmelweg,51.933461291,4.5029394,8,0,9999
2026-03-12T22:12:25.924947,23348a06-bdb1-11ed-b1e6-fa4fb8e2990b,RK Guido Gezelleweg,51.87434607,4.523238145,10,5,9999
2026-03-12T22:12:25.924947,66824038-37b2-11ef-a21a-8e54a72a50da,HUB Metrostation Parkweg / Zuidzijde,51.921443238,4.39475836,10,0,9
2026-03-12T22:12:25.924947,2c127298-ff25-11ef-a79f-a65a77daff90,BH Aert van Nesstraat,51.921141166,4.478916173,8,0,9999
2026-03-12T22:12:25.924947,cde445c6-a744-11ef-8778-d2279db84567,BH Groenendaal,51.921685178,4.492944049,6,12,9999
2026-03-12T22:12:25.924947,97c6a1c2-a8da-11ef-8778-d2279db84567,BH Henegouwerplein,51.921807589,4.460561523,10,6,9999
2026-03-12T22:12:25.924947,e68d5642-a5b5-11f0-b6c1-baed9603afbb,HUB NS Station Schiedam Centrum/ Professor Kamerlingh Onneslaan,51.92071744,4.408262487,12,1,9999
2026-03-12T22:12:25.924947,82623a40-bda3-11ed-b1e6-fa4fb8e2990b,RK Rosestraat,51.91100607,4.501308573,10,5,9999
2026-03-12T22:12:25.924947,b7353df6-b485-11ee-9ae6-5263e3f30f1e,BH Metrostation Kralingsezoom (Gravenweg),51.921751706,4.533850265,10,4,9999
2026-03-12T22:12:25.924947,6c34980a-bb92-11ef-a02d-6ea8ed91bd56,BH Gordelweg (Lidl),51.940472428,4.479798999,4,4,9999
2026-03-12T22:12:25.924947,5904bd1a-a5b5-11f0-b05b-baed9603afbb,HUB Hof van Spaland - Bachplein,51.934889388,4.374726808,8,1,9999
2026-03-12T22:12:25.924947,32ca5fd0-8126-11ed-b1e6-fa4fb8e2990b,RK Vuurplaat,51.906526668,4.505838102,10,3,9999
2026-03-12T22:12:25.924947,f94a1ff6-b095-11ef-b6d3-56d88772ab1a,BH Bm Le Fèvre de Montignylaan/ Jeroen Boschlaan,51.955641943,4.505982462,6,1,9999
2026-03-12T22:12:25.924947,4228b402-8537-11ee-bb01-c602c1905375,BH Tongelaarweg,51.895280064,4.563514996,10,2,9999
2026-03-12T22:12:25.924947,6f66a60c-36e5-11f0-ab1d-9ae3af3bf913,BH Lloydpier,51.904487669,4.460458303,8,2,1
2026-03-12T22:12:25.924947,7d81b63e-a5b5-11f0-b05b-baed9603afbb,HUB 's Gravelandseweg,51.932091958,4.401924037,6,1,9999
2026-03-12T22:12:25.924947,a3dbb322-8121-11ed-b1e6-fa4fb8e2990b,RK Metrostation Rijnhaven ,51.902216981,4.49610172,15,10,9999
2026-03-12T22:12:25.924947,cf23b50e-9ad0-11f0-ab44-baed9603afbb,BH Natuurhistorisch museum,51.911022288,4.472728259,12,1,9999
2026-03-12T22:12:25.924947,d55243f6-182b-11ef-a8d1-42f0fecaeb6a,BH Siciliëboulevard ,51.97996654,4.580859756,10,1,9999
2026-03-12T22:12:25.924947,e0f7ef36-a5b4-11f0-ab44-baed9603afbb,Havenstraat einde (digitale testhub),51.900396883,4.398614319,12,0,9999
2026-03-12T22:12:25.924947,05d1d708-eabd-11ef-88c2-aa7241d1fb4f,HUB De Thermen ,51.927426752,4.380236246,8,0,9999
2026-03-12T22:12:25.924947,b3381a7a-2036-11f0-ab1d-9ae3af3bf913,BH Oudedijk / de Nieuwe Plantage,51.929149075,4.505248613,8,7,9999
2026-03-12T22:12:25.924947,8b480576-eabc-11ee-a9f0-82366b51b915,BH Schiedamseweg Beneden,51.914135146,4.422297364,5,9,9999
2026-03-12T22:12:25.924947,89a2f1d2-a5b3-11f0-ab44-baed9603afbb,Metrostation Vijfsluizen,51.908108215,4.37254105,8,1,9999
2026-03-12T22:12:25.924947,e50f3d1e-f069-11ef-9ed7-0ea3ed1ae564,HUB Oranjestraat - Lange Nieuwstraat,51.913368472,4.40030457,5,0,9999
2026-03-12T22:12:25.924947,4c1b19a4-d0a1-11ee-8b0e-065810cc8d78,BH Elandstraat,51.910800072,4.553878993,10,6,9999
2026-03-12T22:12:25.924947,bbbba24e-806e-11ed-b1e6-fa4fb8e2990b,RK P+R Noorderhelling,51.894761016,4.532122707,15,1,9999
2026-03-12T22:12:25.924947,3ac0b682-8129-11ed-b1e6-fa4fb8e2990b,RK Cor Kieboomplein,51.896922039,4.523502821,15,2,9999
2026-03-12T22:12:25.924947,5a3ffbf4-37b1-11ef-a21a-8e54a72a50da,HUB Metrostation Nieuwland / Van Limburg Stirumstraat,51.922446663,4.38308784,6,3,2
2026-03-12T22:12:25.924947,5d8d12a2-a5b4-11f0-ab44-baed9603afbb,Van Heekstraat,51.931167557,4.406024405,4,0,9999
2026-03-12T22:12:25.924947,f251d6e8-0b82-11ef-b58d-569a23b994be,BH Metrostation Graskruid ,51.956473743,4.550010233,8,2,9999
2026-03-12T22:12:25.924947,a4d2ea7c-b2f0-11ef-aa57-62870c7808bb,BH 2e Hogenbanweg,51.936951327,4.427707182,8,4,9999
2026-03-12T22:12:25.924947,75ba0d1a-2037-11f0-ab1d-9ae3af3bf913,BH Stadhoudersweg,51.931417737,4.461484988,10,10,9999
2026-03-12T22:12:25.924947,bc6b0d7e-a745-11ef-8778-d2279db84567,BH Goudsewagenstraat,51.923224462,4.493552746,8,5,9999
2026-03-12T22:12:25.924947,0f37eafc-8912-11ee-bb01-c602c1905375,BH Metro Oostplein,51.922677789,4.497608825,10,8,9999
2026-03-12T22:12:25.924947,aed7c2fa-8123-11ed-b1e6-fa4fb8e2990b,RK Groene Hilledijk/Beijerlandselaan,51.893806789,4.509452258,10,2,9999
2026-03-12T22:12:25.924947,c76f0318-bb92-11ef-a02d-6ea8ed91bd56,BH NS Centraal Station (Stationssingel),51.925399994,4.466148375,10,6,9999
2026-03-12T22:12:25.924947,361a368c-a5b4-11f0-ab44-baed9603afbb,Sportpark Haga (Epke Zonderlandstraat),51.921919868,4.370918199,8,2,9999
2026-03-12T22:12:25.924947,f4c0fe5e-02d6-11ef-b58d-569a23b994be,BH Paulus Potterstraat,51.9228414,4.508497696,10,4,9999
2026-03-12T22:12:25.924947,48cbf66e-9f15-11ee-a91e-ee69b7c7763e,BH Franselaan,51.917379138,4.420463507,10,9,9999
2026-03-12T22:12:25.924947,e9735b4e-7da7-11f0-ab44-baed9603afbb,BH Veldkersweg,51.966835673,4.46657292,8,0,9999
2026-03-12T22:12:25.924947,4b1ac684-bb93-11ef-a02d-6ea8ed91bd56,BH Noorderkanaalweg,51.940525593,4.472984586,9,3,9999
2026-03-12T22:12:25.924947,033a9392-3700-11f0-ab1d-9ae3af3bf913,BH Herman Bavinckstraat,51.915067882,4.521446921,10,4,9999
2026-03-12T22:12:25.924947,ffe8c3e8-a8da-11ef-8778-d2279db84567,BH Mathenesserplein,51.917836602,4.44508891,8,8,9999
2026-03-12T22:12:25.924947,e377069a-ff63-11ef-a79f-a65a77daff90,BH Kralingsebos Bosdreef/Pr. Beatrixlaan,51.93789612,4.501689644,8,1,9999
2026-03-12T22:12:25.924947,7af95f9c-a747-11ef-8778-d2279db84567,BH Kruisplein,51.92228569,4.47138789,6,11,9999
2026-03-12T22:12:25.924947,4c50cb7a-bdb6-11ed-b1e6-fa4fb8e2990b,RK Olympiaweg,51.886462746,4.529133302,10,4,9999
2026-03-12T22:12:25.924947,a694ef4e-36e5-11f0-ab1d-9ae3af3bf913,BH Neushoornstraat,51.913041554,4.553743002,6,1,0
2026-03-12T22:12:25.924947,be56ca62-8120-11ed-b1e6-fa4fb8e2990b,RK P+R Beverwaard,51.885771514,4.568986239,10,1,9999
2026-03-12T22:12:25.924947,d5af3bc4-806a-11ed-b1e6-fa4fb8e2990b,BH Kievitslaan,51.907226862,4.473300159,17,5,9999
2026-03-12T22:12:25.924947,dd006abc-a5b3-11f0-ab44-baed9603afbb,Havenstraat,51.903204365,4.398004897,8,0,9999
2026-03-12T22:12:25.924947,6f09af84-eabe-11ee-a9f0-82366b51b915,BH Delftseplein ,51.925206514,4.474011701,14,2,9999
2026-03-12T22:12:25.924947,1cfb89ec-806b-11ed-b1e6-fa4fb8e2990b,BH Westplein,51.908912961,4.478583441,10,7,9999
2026-03-12T22:12:25.924947,12fc10a4-bb94-11ef-a02d-6ea8ed91bd56,BH Noordplein,51.930251975,4.483699175,10,5,9999
2026-03-12T22:12:25.924947,276e8d26-bda0-11ed-b1e6-fa4fb8e2990b,RK Strevelsweg,51.889634937,4.495943368,15,2,9999
2026-03-12T22:12:25.924947,9e066470-2038-11f0-ab1d-9ae3af3bf913,BH Kralinger Esch,51.911179823,4.524762065,9,13,9999
2026-03-12T22:12:25.924947,9b1f0aaa-8125-11ed-b1e6-fa4fb8e2990b,RK Slaghekstraat - Beijerlandselaan,51.897574833,4.511261604,10,3,9999
2026-03-12T22:12:25.924947,b8c81048-2037-11f0-ab1d-9ae3af3bf913,BH Van Maanenstraat,51.932279316,4.464280453,6,7,9999
2026-03-12T22:12:25.924947,1f4ff66c-bdb8-11ed-b1e6-fa4fb8e2990b,RK Van der Takstraat ,51.914243737,4.496045621,10,7,9999
2026-03-12T22:12:25.924947,3b523cee-5c94-11f0-ab1d-9ae3af3bf913,BH - Wilhelminapier,51.90698281,4.489727426,14,6,9999
2026-03-12T22:12:25.924947,e8d292d2-039a-11ef-b58d-569a23b994be,BH Mia van Yperenplein ,51.928414546,4.545678043,10,4,9999
2026-03-12T22:12:25.924947,12daf18a-8068-11ed-b1e6-fa4fb8e2990b,BH Treinst. Lombardijen (Aesopusplaats),51.880478018,4.530040287,10,1,9999
2026-03-12T22:12:25.924947,558e4a5a-eaba-11ee-a9f0-82366b51b915,BH Blijdorplaan ,51.927389289,4.440437692,22,12,9999
2026-03-12T22:12:25.924947,5a8de282-36ee-11f0-ab1d-9ae3af3bf913,BH van Blommesteynweg,51.888148155,4.460842726,10,1,9999
2026-03-12T22:12:25.924947,078569ee-a5b5-11f0-ab44-baed9603afbb,Nieuwe Waterwegstraat (digitale testhub),51.900682979,4.390873601,12,0,9999
2026-03-12T22:12:25.924947,8e5dd27e-06fd-11ef-b58d-569a23b994be,BH Prins Alexanderplein,51.951040272,4.553684972,14,0,9999
2026-03-12T22:12:25.924947,a6843864-fbc4-11ee-b58d-569a23b994be,Trompenburg 1,51.917696349,4.517981647,10,6,0
2026-03-12T22:12:25.924947,5b583480-a8da-11ef-8778-d2279db84567,BH Duyststraat,51.910073429,4.452225738,8,9,9999
2026-03-12T22:12:25.924947,2510e9ba-a5b6-11f0-847a-baed9603afbb,Hub Kloosterplaats,51.91675013,4.402112308,6,5,9999
2026-03-12T22:12:25.924947,880e3e72-a8dd-11ef-8778-d2279db84567,BH Spaansebocht,51.917413667,4.430014126,9,1,9999
2026-03-12T22:12:25.924947,b5b3324a-edb9-11ee-a9f0-82366b51b915,BH Siondwarsstraat,51.925261494,4.51053174,10,0,9999
2026-03-12T22:12:25.924947,94b01d94-edc6-11ee-a9f0-82366b51b915,BH Schuttersveld,51.933248028,4.490978921,10,7,9999
2026-03-12T22:12:25.924947,69b33170-edbd-11ee-a9f0-82366b51b915,BH Metro Oostplein 2,51.923145722,4.496820843,10,7,9999
2026-03-12T22:12:25.924947,67d6af9a-f068-11ef-ba40-0ea3ed1ae564,HUB Hof van Spaland - Schiedamseweg,51.934898803,4.378145906,12,1,9999
2026-03-12T22:12:25.924947,4933dd54-9e7c-11ee-a91e-ee69b7c7763e,BH Willem Ruyslaan (Luzac College),51.925421889,4.508669446,10,9,9999
2026-03-12T22:12:25.924947,9f935b6c-b095-11ef-b6d3-56d88772ab1a,BH Bergpolderplein,51.945227242,4.474988047,8,6,9999
2026-03-12T22:12:25.924947,8a2d056c-bb93-11ef-a02d-6ea8ed91bd56,BH NS Station Noord (Bergweg),51.941530048,4.481339526,10,5,3
2026-03-12T22:12:25.924947,4d95ab34-8122-11ed-b1e6-fa4fb8e2990b,RK Metrostation Maashaven ,51.896573582,4.494245173,30,2,9999
2026-03-12T22:12:25.924947,3d015ff0-8394-11ee-bb01-c602c1905375,BH Metrostation Oosterflank,51.945209326,4.555045447,10,0,9999
2026-03-12T22:12:25.924947,defeb050-a747-11ef-8778-d2279db84567,BH Karel Doormanstraat,51.922789549,4.473609692,9,5,9999
2026-03-12T22:12:25.924947,b5dc5454-890f-11ee-bb01-c602c1905375,BH Schilderstraat,51.916377397,4.48142868,8,8,9999
2026-03-12T22:12:25.924947,2f12ae3e-806c-11ed-b1e6-fa4fb8e2990b,BH Winkelcentrum Keizerswaard-Herenw,51.886358391,4.549308056,15,11,9999
2026-03-12T22:12:25.924947,3b6d73a8-805d-11ed-b1e6-fa4fb8e2990b,BH Metrostation Melanchtonweg,51.94881199,4.465233746,10,2,9999
2026-03-12T22:12:25.924947,d5832958-891a-11ee-bb01-c602c1905375,BH Metro Zuidplein (nieuw),51.887180341,4.491554668,10,0,9999
2026-03-12T22:12:25.924947,a535094e-b162-11ef-bdcd-5adc5d29ed54,BH Eudokiaplein,51.932433484,4.47153255,9,11,9999
2026-03-12T22:12:25.924947,437f8dc8-bd9e-11ed-b1e6-fa4fb8e2990b,RK Hillevliet,51.89558515,4.506432514,10,1,9999
2026-03-12T22:12:25.924947,f10d8ab4-9997-11ee-a91e-ee69b7c7763e,BH Shell Hofplein,51.925705456,4.477781355,28,0,9999
2026-03-12T22:12:25.924947,94467720-8127-11ed-b1e6-fa4fb8e2990b,RK Persoonsdam,51.909309099,4.508017165,10,0,9999
2026-03-12T22:12:25.924947,9245444a-2023-11f0-ab1d-9ae3af3bf913,BH Witte de Withstraat,51.915906523,4.478080905,10,5,9999
2026-03-12T22:12:25.924947,49d59348-ff64-11ef-b515-a65a77daff90,BH Bergweg (Dirk van den Broek),51.93856254,4.479465675,6,7,9999
2026-03-12T22:12:25.924947,30fb96bc-8124-11ed-b1e6-fa4fb8e2990b,RK Beverwaardseweg/ Borgharensingel,51.898798338,4.564663375,10,1,9999
2026-03-12T22:12:25.924947,9a1fb404-8ab3-11ee-bb01-c602c1905375,BH Langenhorst ,51.874120882,4.494254863,10,0,9999
2026-03-12T22:12:25.924947,abe67bfa-b096-11ef-b6d3-56d88772ab1a,BH Wilgenplaslaan/ Donkersingel,51.951337599,4.47048253,10,6,9999
2026-03-12T22:12:25.924947,068b0f9c-a8dd-11ef-8778-d2279db84567,BH Vierhavenstraat (Sahan),51.908502395,4.437727106,4,3,9999
2026-03-12T22:12:25.924947,bc0e7e9c-a8da-11ef-8778-d2279db84567,BH Jan van Vuchtstraat,51.917045317,4.460830874,6,5,9999
2026-03-12T22:12:25.924947,8b721818-a5b2-11f0-ab44-baed9603afbb,Lekstraat,51.90446958,4.406985264,6,4,9999
2026-03-12T22:12:25.924947,ad212572-06f7-11ef-b58d-569a23b994be,BH Molenlaan/Grindweg,51.963224537,4.49571068,10,2,9999
2026-03-12T22:12:25.924947,f8828c3e-806d-11ed-b1e6-fa4fb8e2990b,RK Station Rdam Zuid,51.905545015,4.509568537,15,5,9999
2026-03-12T22:12:25.924947,5f71799e-806b-11ed-b1e6-fa4fb8e2990b,BH Willemsplein,51.911118908,4.481894771,17,12,9999
2026-03-12T22:12:25.924947,42824336-bd97-11ed-b1e6-fa4fb8e2990b,RK Groene Hilledijk,51.882726433,4.504266667,10,2,9999
2026-03-12T22:12:25.924947,db6932f4-182b-11ef-a8d1-42f0fecaeb6a,BH Metrostation Nesselande,51.978969273,4.586177782,10,0,9999
2026-03-12T22:12:25.924947,e26322b0-2025-11f0-ab1d-9ae3af3bf913,BH Brielselaan,51.896298935,4.489248091,4,0,9999
2026-03-12T22:12:25.924947,c862b7f2-06fb-11ef-b58d-569a23b994be,BH Prins Alexanderlaan (metrobaan zijde),51.952192324,4.551435621,10,0,9999
2026-03-12T22:12:25.924947,c53689c2-8124-11ed-b1e6-fa4fb8e2990b,RK Peellandstraat / Beesdestraat ,51.888535309,4.567291893,10,5,9999
2026-03-12T22:12:25.924947,8f5d35a0-1834-11ef-8071-42f0fecaeb6a,BH Jan Bijloostraat (Winkelcentrum Lage Land),51.941821995,4.546449269,9,6,9999
2026-03-12T22:12:25.924947,f8fcd3a4-983a-11ef-a85a-be896af2d3a5,BH Rhijnauwensingel,51.892161199,4.569620613,12,2,9999
2026-03-12T22:12:25.924947,118239d4-a5b2-11f0-ab44-baed9603afbb,Lorentzlaan (bushalte),51.917994492,4.415061192,4,1,9999
2026-03-12T22:12:25.924947,0c107276-bdb7-11ed-b1e6-fa4fb8e2990b,RK Sandelingenplein,51.889562128,4.506962326,10,3,9999
2026-03-12T22:12:25.924947,75b8bea6-81d8-11ed-b1e6-fa4fb8e2990b,RK Metrostation Maashaven (Putselaan),51.897794241,4.495760713,10,6,9999
2026-03-12T22:12:25.924947,a20bbbae-bdae-11ed-b1e6-fa4fb8e2990b,RK Frankendaal,51.886951976,4.521294152,10,0,9999
2026-03-12T22:12:25.924947,f1df385c-f5b2-11ef-81b3-76e5c571f05f,HUB Admiraal de Ruyterstraat,51.906742474,4.38554997,8,3,9999
2026-03-12T22:12:25.924947,4247dd56-1c9f-11ee-8219-8ed3b2364c4f,BH Metro Coolhaven,51.909218289,4.458167882,10,10,9999
2026-03-12T22:47:08.026450,65af1c24-06f4-11ef-b58d-569a23b994be,BH Meerum Terwogtlaan,51.951763386,4.524587387,10,2,9999
2026-03-12T22:47:08.026450,bc839806-a5b1-11f0-ab44-baed9603afbb,Van het Hoffplein (Boerhavelaan),51.916219132,4.412005574,8,2,9999
2026-03-12T22:47:08.026450,2c632780-a8de-11ef-8778-d2279db84567,BH Schuttevaerweg,51.922420472,4.434869706,10,1,9999
2026-03-12T22:47:08.026450,a3c07f10-a5b5-11f0-b05b-baed9603afbb,HUB Hoofdbrug,51.908705902,4.406131267,8,1,9999
2026-03-12T22:47:08.026450,b9bfe680-fbc4-11ee-b58d-569a23b994be,Trompenburg 2,51.917638379,4.518889893,10,2,8
2026-03-12T22:47:08.026450,3c659862-a8dd-11ef-8778-d2279db84567,BH Mayflowerstraat,51.905015647,4.440161906,10,9,9999
2026-03-12T22:47:08.026450,e0a4baca-a748-11ef-8778-d2279db84567,BH Mariniersweg,51.920853425,4.490979502,10,10,9999
2026-03-12T22:47:08.026450,c35c448e-06fc-11ef-b58d-569a23b994be,BH Jacob van Campenweg ,51.942434165,4.537976212,7,5,9999
2026-03-12T22:47:08.026450,438486f4-a5b6-11f0-a150-baed9603afbb,HUB Koemarkt ingang garage,51.914517902,4.401917461,6,1,9999
2026-03-12T22:47:08.026450,365f4a3e-a5b3-11f0-ab44-baed9603afbb,Rubensplein,51.911712719,4.383665134,6,4,9999
2026-03-12T22:47:08.026450,a85b996e-fe23-11ee-b58d-569a23b994be,BH Dirk van der Kooijweg (Waterleliesingel),51.953796964,4.52009166,10,1,9999
2026-03-12T22:47:08.026450,19e2de56-b5d8-11ee-9ae6-5263e3f30f1e,BH STC Waalhaven,51.878297275,4.448759787,10,2,9999
2026-03-12T22:47:08.026450,c6c213ee-ed18-11ef-9957-f683e5eb607c,BH Langenhorst (Binkhorst),51.877310029,4.494737503,10,3,9999
2026-03-12T22:47:08.026450,3366f8b0-a8dc-11ef-8778-d2279db84567,BH Vierhavenstraat (WoonEnzo),51.907777562,4.438830385,4,8,9999
2026-03-12T22:47:08.026450,04a89aea-a5b3-11f0-ab44-baed9603afbb,Groenelaan Hagastraat (Winkelcentrum),51.907303396,4.402285408,4,3,9999
2026-03-12T22:47:08.026450,32638aa6-a5b5-11f0-9f09-baed9603afbb,HUB Laan van Bol'es,51.928443203,4.370771711,10,2,9999
2026-03-12T22:47:08.026450,291c2f72-a749-11ef-8778-d2279db84567,BH Westzeedijk,51.909321622,4.471436479,10,2,9999
2026-03-12T22:47:08.026450,abd627be-67bb-11f0-91de-5eaa9feacc9b,BH Schiekade (Heer Bokelweg),51.927133058,4.476309832,10,0,9999
2026-03-12T22:47:08.026450,8948d5a4-b094-11ef-b6d3-56d88772ab1a,BH Duivenpad,51.964922912,4.498254116,8,6,9999
2026-03-12T22:47:08.026450,227e8c1e-be97-11ee-9ae6-5263e3f30f1e,HUB Metrostation Troelstralaan,51.915742295,4.384972326,10,0,9999
2026-03-12T22:47:08.026450,0af509a8-06f7-11ef-b58d-569a23b994be,BH Beethovensingel,51.96114919,4.505141448,10,14,9999
2026-03-12T22:47:08.026450,dc06f296-1768-11ef-8071-42f0fecaeb6a,BH Prins Alexanderlaan (Oosterflank),51.946646256,4.553811478,12,1,9999
2026-03-12T22:47:08.026450,221af3ce-7fe1-11ee-bb01-c602c1905375,BH Metro Prinsenlaan,51.940647564,4.556931306,10,3,9999
2026-03-12T22:47:08.026450,a793d6ba-edc8-11ee-a9f0-82366b51b915,BH Infirmeriestraat,51.922255603,4.502265891,10,14,9999
2026-03-12T22:47:08.026450,0359e1a2-bdb3-11ed-b1e6-fa4fb8e2990b,RK Rosestraat 11C,51.902954022,4.511377745,10,11,9999
2026-03-12T22:47:08.026450,87f07e20-9e78-11ee-a91e-ee69b7c7763e,BH Marconistraat (Lee Towers),51.912441021,4.430411189,14,2,9999
2026-03-12T22:47:08.026450,f539bd6e-06f8-11ef-b58d-569a23b994be,BH Meijersplein,51.955657978,4.463033845,8,4,9999
2026-03-12T22:47:08.026450,70f0801a-8071-11ed-b1e6-fa4fb8e2990b,RK treinstation Lombardijen,51.88057913,4.531905572,30,5,9999
2026-03-12T22:47:08.026450,43752ffc-a8db-11ef-8778-d2279db84567,BH Pieter de Hoochweg,51.906316301,4.459985731,6,8,9999
2026-03-12T22:47:08.026450,b35ddad8-ab08-11ef-8778-d2279db84567,HUB Rotterdamsedijk 272,51.914957692,4.40343084,8,1,9999
2026-03-12T22:47:08.026450,9b1fa0f6-ae3c-11ee-a91e-ee69b7c7763e,BH Winkelhart Plein 1953,51.874842065,4.467889739,10,2,9999
2026-03-12T22:47:08.026450,8bd90878-0884-11f0-9a47-66143dd92f22,RK Molenvliet,51.882626536,4.521159806,10,4,9999
2026-03-12T22:47:08.026450,45450b66-a5b2-11f0-ab44-baed9603afbb,Maasdijk (Gustoweg),51.906629018,4.412009895,6,2,9999
2026-03-12T22:47:08.026450,4de2effe-f068-11ef-ba40-0ea3ed1ae564,HUB Hof van Spaland - Vlaardingseweg,51.935841728,4.376077923,4,1,9999
2026-03-12T22:47:08.026450,d38c6468-06fe-11ef-b58d-569a23b994be,BH Kleine Beer,51.950902127,4.555051083,6,1,9999
2026-03-12T22:47:08.026450,e552904e-182b-11ef-a8d1-42f0fecaeb6a,BH Metrostation Hesseplaats,51.963345229,4.554510684,10,4,9999
2026-03-12T22:47:08.026450,1826196c-b162-11ef-bdcd-5adc5d29ed54,BH Bentincklaan (Diergaarde Blijdorp),51.92572504,4.454794024,10,1,9999
2026-03-12T22:47:08.026450,8a1e5ed0-1c9e-11ee-8219-8ed3b2364c4f,BH Sparta stadion,51.920151368,4.434428835,20,16,9999
2026-03-12T22:47:08.026450,d3c9003c-b486-11ee-9ae6-5263e3f30f1e,BH Oostzeedijk Beneden,51.922514244,4.503092963,10,9,9999
2026-03-12T22:47:08.026450,552a82b8-b094-11ef-b6d3-56d88772ab1a,BH Hockeyclub Rotterdam,51.96869974,4.484731647,25,1,9999
2026-03-12T22:47:08.026450,cb3f6d1c-a746-11ef-8778-d2279db84567,BH Vasteland (AH),51.911537089,4.478368712,10,10,9999
2026-03-12T22:47:08.026450,d4a8557a-eabd-11ef-ac99-aa7241d1fb4f,HUB Admiraal Trompstraat (Huisman),51.908834504,4.381923039,8,0,9999
2026-03-12T22:47:08.026450,00e8b3de-9e82-11ee-a91e-ee69b7c7763e,BH Jacques Dutilhweg,51.927993284,4.5475155,10,5,9999
2026-03-12T22:47:08.026450,d868fe52-36e5-11f0-ab1d-9ae3af3bf913,BH Sluisjesdijk,51.894714517,4.461900478,10,2,0
2026-03-12T22:47:08.026450,4338fed2-edbb-11ee-a9f0-82366b51b915,BH Oostzeedijk Beneden 2,51.921653595,4.507031037,10,16,9999
2026-03-12T22:47:08.026450,2c82bb9a-217b-11ee-8219-8ed3b2364c4f,Hub Weena,51.922738296,4.469181329,142,11,9999
2026-03-12T22:47:08.026450,96f5cbdc-06f6-11ef-b58d-569a23b994be,BH Argonautenweg,51.959086712,4.49354982,10,1,9999
2026-03-12T22:47:08.026450,2f51713e-32b7-11ee-8219-8ed3b2364c4f,Hub P+R Capelsebrug,51.920991793,4.559215491,18,0,9999
2026-03-12T22:47:08.026450,62b0255a-9e7a-11ee-a91e-ee69b7c7763e,BH Vierhavenstraat,51.910327597,4.434992993,16,7,9999
2026-03-12T22:47:08.026450,2b10524e-06f5-11ef-b58d-569a23b994be,BH Piet van der Polsingel,51.950618784,4.518612648,8,2,9999
2026-03-12T22:47:08.026450,47070056-06fa-11ef-b58d-569a23b994be,BH Metrostation Schenkel,51.931770435,4.56406792,12,1,9999
2026-03-12T22:47:08.026450,7a8c12ba-91ab-11ed-b1e6-fa4fb8e2990b,BH Metrostation Slinge,51.874526023,4.477872534,15,4,9999
2026-03-12T22:47:08.026450,026045c6-8530-11ee-bb01-c602c1905375,BH Winkelhart Katendrechtse Lagedijk,51.891184937,4.479440034,10,3,9999
2026-03-12T22:47:08.026450,9d9bb8ec-4bd1-11ee-bb01-c602c1905375,BH Marconiplein,51.913319277,4.432514448,10,4,9999
2026-03-12T22:47:08.026450,8330f3ca-a5b4-11f0-ab44-baed9603afbb,Fokkerstraat Plesmanstraat,51.929694009,4.399576614,4,1,9999
2026-03-12T22:47:08.026450,5b842034-5331-11f0-ab1d-9ae3af3bf913,BH Walenburgerweg,51.926698659,4.462629155,10,4,9999
2026-03-12T22:47:08.026450,a08059b6-b484-11ee-9ae6-5263e3f30f1e,BH Metrostation Gerdesiaweg,51.925444134,4.506155972,10,1,9999
2026-03-12T22:47:08.026450,2f718c84-8911-11ee-bb01-c602c1905375,BH Metro Dijkzigt - EMC,51.911789199,4.466334846,20,4,9999
2026-03-12T22:47:08.026450,f58e41fc-1c9f-11ee-8219-8ed3b2364c4f,BH Heemraadsplein,51.912322959,4.455058085,10,8,9999
2026-03-12T22:47:08.026450,79fdd038-34b8-11f0-ab1d-9ae3af3bf913,BH RTHA Airport,51.94924845,4.432611987,10,8,0
2026-03-12T22:47:08.026450,1c41897e-596e-11ef-bed6-aa139991deb4,HUB Metrostation Nieuwland / Bijdorpplein,51.922583819,4.38260008,10,0,9999
2026-03-12T22:47:08.026450,a57d027c-8912-11ee-bb01-c602c1905375,BH Delftse Poort,51.924408145,4.472816464,10,9,9999
2026-03-12T22:47:08.026450,6383849a-2038-11f0-ab1d-9ae3af3bf913,BH - Kralingsebos (Langepad),51.936318565,4.506197017,10,0,9999
2026-03-12T22:47:08.026450,e90e9332-06f5-11ef-b58d-569a23b994be,BH Burgemeester Le Fèvre de Montignylaan,51.957620055,4.501711782,10,1,9999
2026-03-12T22:47:08.026450,5cb3ffde-bdaf-11ed-b1e6-fa4fb8e2990b,RK Stadionlaan,51.892328813,4.530682857,10,4,9999
2026-03-12T22:47:08.026450,02bed1f8-8392-11ee-bb01-c602c1905375,BH Station Alexander,51.951735827,4.551049232,10,4,9999
2026-03-12T22:47:08.026450,08d5cf66-8ab2-11ee-bb01-c602c1905375,BH Winkelhart Asterlo,51.873536387,4.483591736,10,0,9999
2026-03-12T22:47:08.026450,0e51e024-c757-11ee-9ae6-5263e3f30f1e,BH Metrostation Binnenhof,51.960437867,4.535372966,10,5,9999
2026-03-12T22:47:08.026450,409f87f6-890f-11ee-bb01-c602c1905375,BH Metro Beurs,51.917806013,4.480107053,8,3,9999
2026-03-12T22:47:08.026450,d6a7cd26-4d08-11f0-ab1d-9ae3af3bf913,BH - Oudehoofdplein-Haringvliet,51.918979475,4.49384405,10,6,9999
2026-03-12T22:47:08.026450,f0ad9b92-1767-11ef-8071-42f0fecaeb6a,BH Prinsenlaan,51.937206457,4.536127586,10,0,9999
2026-03-12T22:47:08.026450,f06fd44c-2035-11f0-ab1d-9ae3af3bf913,BH Boezemlaan,51.938982631,4.495864471,10,6,9999
2026-03-12T22:47:08.026450,8d91a90c-9e83-11ee-a91e-ee69b7c7763e,BH Kraaierstraat,51.91909698,4.418192898,8,5,9999
2026-03-12T22:47:08.026450,a2671a36-bdad-11ed-b1e6-fa4fb8e2990b,RK Dwarsdijk,51.893055987,4.539201504,10,7,9999
2026-03-12T22:47:08.026450,376a5cda-06f8-11ef-b58d-569a23b994be,BH Ganzerikplein,51.958953276,4.471584016,10,6,9999
2026-03-12T22:47:08.026450,5cdd9872-b096-11ef-b6d3-56d88772ab1a,BH Wilgenplaslaan/ Meidoornsingel,51.953868042,4.468211582,7,1,9999
2026-03-12T22:47:08.026450,952a3e78-a8db-11ef-8778-d2279db84567,BH Lloydstraat,51.902214281,4.461287644,10,12,9999
2026-03-12T22:47:08.026450,a6fa0910-8067-11ed-b1e6-fa4fb8e2990b,BH Stadion Fey (Bert Heesakkerstr.),51.896805818,4.521735582,50,2,9999
2026-03-12T22:47:08.026450,a1337d02-e018-11ed-a249-96cdaf8f7240,BH Sint Franciscus,51.942171146,4.460534407,25,3,9999
2026-03-12T22:47:08.026450,d3cea108-8285-11f0-ab44-baed9603afbb,BH - Ratelaarweg,51.967431611,4.463349689,10,1,9999
2026-03-12T22:47:08.026450,3bef7002-bdb5-11ed-b1e6-fa4fb8e2990b,RK Breeweg,51.890630632,4.514261169,10,2,9999
2026-03-12T22:47:08.026450,8c90734c-45bb-11ee-8219-8ed3b2364c4f,BH Coen Moulijnweg,51.893813253,4.526876329,42,4,9999
2026-03-12T22:47:08.026450,1b098490-2037-11f0-ab1d-9ae3af3bf913,BH Karmelweg,51.933461291,4.5029394,8,0,9999
2026-03-12T22:47:08.026450,23348a06-bdb1-11ed-b1e6-fa4fb8e2990b,RK Guido Gezelleweg,51.87434607,4.523238145,10,5,9999
2026-03-12T22:47:08.026450,66824038-37b2-11ef-a21a-8e54a72a50da,HUB Metrostation Parkweg / Zuidzijde,51.921443238,4.39475836,10,0,9
2026-03-12T22:47:08.026450,2c127298-ff25-11ef-a79f-a65a77daff90,BH Aert van Nesstraat,51.921141166,4.478916173,8,0,9999
2026-03-12T22:47:08.026450,cde445c6-a744-11ef-8778-d2279db84567,BH Groenendaal,51.921685178,4.492944049,6,12,9999
2026-03-12T22:47:08.026450,97c6a1c2-a8da-11ef-8778-d2279db84567,BH Henegouwerplein,51.921807589,4.460561523,10,6,9999
2026-03-12T22:47:08.026450,e68d5642-a5b5-11f0-b6c1-baed9603afbb,HUB NS Station Schiedam Centrum/ Professor Kamerlingh Onneslaan,51.92071744,4.408262487,12,1,9999
2026-03-12T22:47:08.026450,82623a40-bda3-11ed-b1e6-fa4fb8e2990b,RK Rosestraat,51.91100607,4.501308573,10,4,9999
2026-03-12T22:47:08.026450,b7353df6-b485-11ee-9ae6-5263e3f30f1e,BH Metrostation Kralingsezoom (Gravenweg),51.921751706,4.533850265,10,2,9999
2026-03-12T22:47:08.026450,6c34980a-bb92-11ef-a02d-6ea8ed91bd56,BH Gordelweg (Lidl),51.940472428,4.479798999,4,5,9999
2026-03-12T22:47:08.026450,5904bd1a-a5b5-11f0-b05b-baed9603afbb,HUB Hof van Spaland - Bachplein,51.934889388,4.374726808,8,1,9999
2026-03-12T22:47:08.026450,32ca5fd0-8126-11ed-b1e6-fa4fb8e2990b,RK Vuurplaat,51.906526668,4.505838102,10,3,9999
2026-03-12T22:47:08.026450,f94a1ff6-b095-11ef-b6d3-56d88772ab1a,BH Bm Le Fèvre de Montignylaan/ Jeroen Boschlaan,51.955641943,4.505982462,6,1,9999
2026-03-12T22:47:08.026450,4228b402-8537-11ee-bb01-c602c1905375,BH Tongelaarweg,51.895280064,4.563514996,10,2,9999
2026-03-12T22:47:08.026450,6f66a60c-36e5-11f0-ab1d-9ae3af3bf913,BH Lloydpier,51.904487669,4.460458303,8,2,1
2026-03-12T22:47:08.026450,7d81b63e-a5b5-11f0-b05b-baed9603afbb,HUB 's Gravelandseweg,51.932091958,4.401924037,6,1,9999
2026-03-12T22:47:08.026450,a3dbb322-8121-11ed-b1e6-fa4fb8e2990b,RK Metrostation Rijnhaven ,51.902216981,4.49610172,15,10,9999
2026-03-12T22:47:08.026450,cf23b50e-9ad0-11f0-ab44-baed9603afbb,BH Natuurhistorisch museum,51.911022288,4.472728259,12,1,9999
2026-03-12T22:47:08.026450,d55243f6-182b-11ef-a8d1-42f0fecaeb6a,BH Siciliëboulevard ,51.97996654,4.580859756,10,1,9999
2026-03-12T22:47:08.026450,e0f7ef36-a5b4-11f0-ab44-baed9603afbb,Havenstraat einde (digitale testhub),51.900396883,4.398614319,12,0,9999
2026-03-12T22:47:08.026450,05d1d708-eabd-11ef-88c2-aa7241d1fb4f,HUB De Thermen ,51.927426752,4.380236246,8,0,9999
2026-03-12T22:47:08.026450,b3381a7a-2036-11f0-ab1d-9ae3af3bf913,BH Oudedijk / de Nieuwe Plantage,51.929149075,4.505248613,8,6,9999
2026-03-12T22:47:08.026450,8b480576-eabc-11ee-a9f0-82366b51b915,BH Schiedamseweg Beneden,51.914135146,4.422297364,5,9,9999
2026-03-12T22:47:08.026450,89a2f1d2-a5b3-11f0-ab44-baed9603afbb,Metrostation Vijfsluizen,51.908108215,4.37254105,8,1,9999
2026-03-12T22:47:08.026450,e50f3d1e-f069-11ef-9ed7-0ea3ed1ae564,HUB Oranjestraat - Lange Nieuwstraat,51.913368472,4.40030457,5,0,9999
2026-03-12T22:47:08.026450,4c1b19a4-d0a1-11ee-8b0e-065810cc8d78,BH Elandstraat,51.910800072,4.553878993,10,6,9999
2026-03-12T22:47:08.026450,bbbba24e-806e-11ed-b1e6-fa4fb8e2990b,RK P+R Noorderhelling,51.894761016,4.532122707,15,1,9999
2026-03-12T22:47:08.026450,3ac0b682-8129-11ed-b1e6-fa4fb8e2990b,RK Cor Kieboomplein,51.896922039,4.523502821,15,2,9999
2026-03-12T22:47:08.026450,5a3ffbf4-37b1-11ef-a21a-8e54a72a50da,HUB Metrostation Nieuwland / Van Limburg Stirumstraat,51.922446663,4.38308784,6,3,2
2026-03-12T22:47:08.026450,5d8d12a2-a5b4-11f0-ab44-baed9603afbb,Van Heekstraat,51.931167557,4.406024405,4,0,9999
2026-03-12T22:47:08.026450,f251d6e8-0b82-11ef-b58d-569a23b994be,BH Metrostation Graskruid ,51.956473743,4.550010233,8,2,9999
2026-03-12T22:47:08.026450,a4d2ea7c-b2f0-11ef-aa57-62870c7808bb,BH 2e Hogenbanweg,51.936951327,4.427707182,8,1,9999
2026-03-12T22:47:08.026450,75ba0d1a-2037-11f0-ab1d-9ae3af3bf913,BH Stadhoudersweg,51.931417737,4.461484988,10,10,9999
2026-03-12T22:47:08.026450,bc6b0d7e-a745-11ef-8778-d2279db84567,BH Goudsewagenstraat,51.923224462,4.493552746,8,5,9999
2026-03-12T22:47:08.026450,0f37eafc-8912-11ee-bb01-c602c1905375,BH Metro Oostplein,51.922677789,4.497608825,10,8,9999
2026-03-12T22:47:08.026450,aed7c2fa-8123-11ed-b1e6-fa4fb8e2990b,RK Groene Hilledijk/Beijerlandselaan,51.893806789,4.509452258,10,2,9999
2026-03-12T22:47:08.026450,c76f0318-bb92-11ef-a02d-6ea8ed91bd56,BH NS Centraal Station (Stationssingel),51.925399994,4.466148375,10,3,9999
2026-03-12T22:47:08.026450,361a368c-a5b4-11f0-ab44-baed9603afbb,Sportpark Haga (Epke Zonderlandstraat),51.921919868,4.370918199,8,2,9999
2026-03-12T22:47:08.026450,f4c0fe5e-02d6-11ef-b58d-569a23b994be,BH Paulus Potterstraat,51.9228414,4.508497696,10,4,9999
2026-03-12T22:47:08.026450,48cbf66e-9f15-11ee-a91e-ee69b7c7763e,BH Franselaan,51.917379138,4.420463507,10,10,9999
2026-03-12T22:47:08.026450,e9735b4e-7da7-11f0-ab44-baed9603afbb,BH Veldkersweg,51.966835673,4.46657292,8,0,9999
2026-03-12T22:47:08.026450,4b1ac684-bb93-11ef-a02d-6ea8ed91bd56,BH Noorderkanaalweg,51.940525593,4.472984586,9,3,9999
2026-03-12T22:47:08.026450,033a9392-3700-11f0-ab1d-9ae3af3bf913,BH Herman Bavinckstraat,51.915067882,4.521446921,10,4,9999
2026-03-12T22:47:08.026450,ffe8c3e8-a8da-11ef-8778-d2279db84567,BH Mathenesserplein,51.917836602,4.44508891,8,8,9999
2026-03-12T22:47:08.026450,e377069a-ff63-11ef-a79f-a65a77daff90,BH Kralingsebos Bosdreef/Pr. Beatrixlaan,51.93789612,4.501689644,8,1,9999
2026-03-12T22:47:08.026450,7af95f9c-a747-11ef-8778-d2279db84567,BH Kruisplein,51.92228569,4.47138789,6,11,9999
2026-03-12T22:47:08.026450,4c50cb7a-bdb6-11ed-b1e6-fa4fb8e2990b,RK Olympiaweg,51.886462746,4.529133302,10,4,9999
2026-03-12T22:47:08.026450,a694ef4e-36e5-11f0-ab1d-9ae3af3bf913,BH Neushoornstraat,51.913041554,4.553743002,6,1,0
2026-03-12T22:47:08.026450,be56ca62-8120-11ed-b1e6-fa4fb8e2990b,RK P+R Beverwaard,51.885771514,4.568986239,10,1,9999
2026-03-12T22:47:08.026450,d5af3bc4-806a-11ed-b1e6-fa4fb8e2990b,BH Kievitslaan,51.907226862,4.473300159,17,5,9999
2026-03-12T22:47:08.026450,dd006abc-a5b3-11f0-ab44-baed9603afbb,Havenstraat,51.903204365,4.398004897,8,0,9999
2026-03-12T22:47:08.026450,6f09af84-eabe-11ee-a9f0-82366b51b915,BH Delftseplein ,51.925206514,4.474011701,14,2,9999
2026-03-12T22:47:08.026450,1cfb89ec-806b-11ed-b1e6-fa4fb8e2990b,BH Westplein,51.908912961,4.478583441,10,6,9999
2026-03-12T22:47:08.026450,12fc10a4-bb94-11ef-a02d-6ea8ed91bd56,BH Noordplein,51.930251975,4.483699175,10,5,9999
2026-03-12T22:47:08.026450,276e8d26-bda0-11ed-b1e6-fa4fb8e2990b,RK Strevelsweg,51.889634937,4.495943368,15,2,9999
2026-03-12T22:47:08.026450,9e066470-2038-11f0-ab1d-9ae3af3bf913,BH Kralinger Esch,51.911179823,4.524762065,9,13,9999
2026-03-12T22:47:08.026450,9b1f0aaa-8125-11ed-b1e6-fa4fb8e2990b,RK Slaghekstraat - Beijerlandselaan,51.897574833,4.511261604,10,3,9999
2026-03-12T22:47:08.026450,b8c81048-2037-11f0-ab1d-9ae3af3bf913,BH Van Maanenstraat,51.932279316,4.464280453,6,8,9999
2026-03-12T22:47:08.026450,1f4ff66c-bdb8-11ed-b1e6-fa4fb8e2990b,RK Van der Takstraat ,51.914243737,4.496045621,10,9,9999
2026-03-12T22:47:08.026450,3b523cee-5c94-11f0-ab1d-9ae3af3bf913,BH - Wilhelminapier,51.90698281,4.489727426,14,5,9999
2026-03-12T22:47:08.026450,e8d292d2-039a-11ef-b58d-569a23b994be,BH Mia van Yperenplein ,51.928414546,4.545678043,10,4,9999
2026-03-12T22:47:08.026450,12daf18a-8068-11ed-b1e6-fa4fb8e2990b,BH Treinst. Lombardijen (Aesopusplaats),51.880478018,4.530040287,10,1,9999
2026-03-12T22:47:08.026450,558e4a5a-eaba-11ee-a9f0-82366b51b915,BH Blijdorplaan ,51.927389289,4.440437692,22,11,9999
2026-03-12T22:47:08.026450,5a8de282-36ee-11f0-ab1d-9ae3af3bf913,BH van Blommesteynweg,51.888148155,4.460842726,10,1,9999
2026-03-12T22:47:08.026450,078569ee-a5b5-11f0-ab44-baed9603afbb,Nieuwe Waterwegstraat (digitale testhub),51.900682979,4.390873601,12,0,9999
2026-03-12T22:47:08.026450,8e5dd27e-06fd-11ef-b58d-569a23b994be,BH Prins Alexanderplein,51.951040272,4.553684972,14,0,9999
2026-03-12T22:47:08.026450,a6843864-fbc4-11ee-b58d-569a23b994be,Trompenburg 1,51.917696349,4.517981647,10,6,0
2026-03-12T22:47:08.026450,5b583480-a8da-11ef-8778-d2279db84567,BH Duyststraat,51.910073429,4.452225738,8,9,9999
2026-03-12T22:47:08.026450,2510e9ba-a5b6-11f0-847a-baed9603afbb,Hub Kloosterplaats,51.91675013,4.402112308,6,5,9999
2026-03-12T22:47:08.026450,880e3e72-a8dd-11ef-8778-d2279db84567,BH Spaansebocht,51.917413667,4.430014126,9,1,9999
2026-03-12T22:47:08.026450,b5b3324a-edb9-11ee-a9f0-82366b51b915,BH Siondwarsstraat,51.925261494,4.51053174,10,0,9999
2026-03-12T22:47:08.026450,94b01d94-edc6-11ee-a9f0-82366b51b915,BH Schuttersveld,51.933248028,4.490978921,10,7,9999
2026-03-12T22:47:08.026450,69b33170-edbd-11ee-a9f0-82366b51b915,BH Metro Oostplein 2,51.923145722,4.496820843,10,4,9999
2026-03-12T22:47:08.026450,67d6af9a-f068-11ef-ba40-0ea3ed1ae564,HUB Hof van Spaland - Schiedamseweg,51.934898803,4.378145906,12,1,9999
2026-03-12T22:47:08.026450,4933dd54-9e7c-11ee-a91e-ee69b7c7763e,BH Willem Ruyslaan (Luzac College),51.925421889,4.508669446,10,9,9999
2026-03-12T22:47:08.026450,9f935b6c-b095-11ef-b6d3-56d88772ab1a,BH Bergpolderplein,51.945227242,4.474988047,8,6,9999
2026-03-12T22:47:08.026450,8a2d056c-bb93-11ef-a02d-6ea8ed91bd56,BH NS Station Noord (Bergweg),51.941530048,4.481339526,10,4,4
2026-03-12T22:47:08.026450,4d95ab34-8122-11ed-b1e6-fa4fb8e2990b,RK Metrostation Maashaven ,51.896573582,4.494245173,30,2,9999
2026-03-12T22:47:08.026450,3d015ff0-8394-11ee-bb01-c602c1905375,BH Metrostation Oosterflank,51.945209326,4.555045447,10,0,9999
2026-03-12T22:47:08.026450,defeb050-a747-11ef-8778-d2279db84567,BH Karel Doormanstraat,51.922789549,4.473609692,9,5,9999
2026-03-12T22:47:08.026450,b5dc5454-890f-11ee-bb01-c602c1905375,BH Schilderstraat,51.916377397,4.48142868,8,3,9999
2026-03-12T22:47:08.026450,2f12ae3e-806c-11ed-b1e6-fa4fb8e2990b,BH Winkelcentrum Keizerswaard-Herenw,51.886358391,4.549308056,15,11,9999
2026-03-12T22:47:08.026450,3b6d73a8-805d-11ed-b1e6-fa4fb8e2990b,BH Metrostation Melanchtonweg,51.94881199,4.465233746,10,2,9999
2026-03-12T22:47:08.026450,d5832958-891a-11ee-bb01-c602c1905375,BH Metro Zuidplein (nieuw),51.887180341,4.491554668,10,0,9999
2026-03-12T22:47:08.026450,a535094e-b162-11ef-bdcd-5adc5d29ed54,BH Eudokiaplein,51.932433484,4.47153255,9,8,9999
2026-03-12T22:47:08.026450,437f8dc8-bd9e-11ed-b1e6-fa4fb8e2990b,RK Hillevliet,51.89558515,4.506432514,10,1,9999
2026-03-12T22:47:08.026450,f10d8ab4-9997-11ee-a91e-ee69b7c7763e,BH Shell Hofplein,51.925705456,4.477781355,28,0,9999
2026-03-12T22:47:08.026450,94467720-8127-11ed-b1e6-fa4fb8e2990b,RK Persoonsdam,51.909309099,4.508017165,10,0,9999
2026-03-12T22:47:08.026450,9245444a-2023-11f0-ab1d-9ae3af3bf913,BH Witte de Withstraat,51.915906523,4.478080905,10,7,9999
2026-03-12T22:47:08.026450,49d59348-ff64-11ef-b515-a65a77daff90,BH Bergweg (Dirk van den Broek),51.93856254,4.479465675,6,6,9999
2026-03-12T22:47:08.026450,30fb96bc-8124-11ed-b1e6-fa4fb8e2990b,RK Beverwaardseweg/ Borgharensingel,51.898798338,4.564663375,10,1,9999
2026-03-12T22:47:08.026450,9a1fb404-8ab3-11ee-bb01-c602c1905375,BH Langenhorst ,51.874120882,4.494254863,10,0,9999
2026-03-12T22:47:08.026450,abe67bfa-b096-11ef-b6d3-56d88772ab1a,BH Wilgenplaslaan/ Donkersingel,51.951337599,4.47048253,10,6,9999
2026-03-12T22:47:08.026450,068b0f9c-a8dd-11ef-8778-d2279db84567,BH Vierhavenstraat (Sahan),51.908502395,4.437727106,4,3,9999
2026-03-12T22:47:08.026450,bc0e7e9c-a8da-11ef-8778-d2279db84567,BH Jan van Vuchtstraat,51.917045317,4.460830874,6,4,9999
2026-03-12T22:47:08.026450,8b721818-a5b2-11f0-ab44-baed9603afbb,Lekstraat,51.90446958,4.406985264,6,4,9999
2026-03-12T22:47:08.026450,ad212572-06f7-11ef-b58d-569a23b994be,BH Molenlaan/Grindweg,51.963224537,4.49571068,10,2,9999
2026-03-12T22:47:08.026450,f8828c3e-806d-11ed-b1e6-fa4fb8e2990b,RK Station Rdam Zuid,51.905545015,4.509568537,15,5,9999
2026-03-12T22:47:08.026450,5f71799e-806b-11ed-b1e6-fa4fb8e2990b,BH Willemsplein,51.911118908,4.481894771,17,11,9999
2026-03-12T22:47:08.026450,42824336-bd97-11ed-b1e6-fa4fb8e2990b,RK Groene Hilledijk,51.882726433,4.504266667,10,2,9999
2026-03-12T22:47:08.026450,db6932f4-182b-11ef-a8d1-42f0fecaeb6a,BH Metrostation Nesselande,51.978969273,4.586177782,10,0,9999
2026-03-12T22:47:08.026450,e26322b0-2025-11f0-ab1d-9ae3af3bf913,BH Brielselaan,51.896298935,4.489248091,4,0,9999
2026-03-12T22:47:08.026450,c862b7f2-06fb-11ef-b58d-569a23b994be,BH Prins Alexanderlaan (metrobaan zijde),51.952192324,4.551435621,10,0,9999
2026-03-12T22:47:08.026450,c53689c2-8124-11ed-b1e6-fa4fb8e2990b,RK Peellandstraat / Beesdestraat ,51.888535309,4.567291893,10,5,9999
2026-03-12T22:47:08.026450,8f5d35a0-1834-11ef-8071-42f0fecaeb6a,BH Jan Bijloostraat (Winkelcentrum Lage Land),51.941821995,4.546449269,9,6,9999
2026-03-12T22:47:08.026450,f8fcd3a4-983a-11ef-a85a-be896af2d3a5,BH Rhijnauwensingel,51.892161199,4.569620613,12,2,9999
2026-03-12T22:47:08.026450,118239d4-a5b2-11f0-ab44-baed9603afbb,Lorentzlaan (bushalte),51.917994492,4.415061192,4,1,9999
2026-03-12T22:47:08.026450,0c107276-bdb7-11ed-b1e6-fa4fb8e2990b,RK Sandelingenplein,51.889562128,4.506962326,10,3,9999
2026-03-12T22:47:08.026450,75b8bea6-81d8-11ed-b1e6-fa4fb8e2990b,RK Metrostation Maashaven (Putselaan),51.897794241,4.495760713,10,5,9999
2026-03-12T22:47:08.026450,a20bbbae-bdae-11ed-b1e6-fa4fb8e2990b,RK Frankendaal,51.886951976,4.521294152,10,0,9999
2026-03-12T22:47:08.026450,f1df385c-f5b2-11ef-81b3-76e5c571f05f,HUB Admiraal de Ruyterstraat,51.906742474,4.38554997,8,3,9999
2026-03-12T22:47:08.026450,4247dd56-1c9f-11ee-8219-8ed3b2364c4f,BH Metro Coolhaven,51.909218289,4.458167882,10,12,9999
2026-03-12T23:15:10.010497,f1df385c-f5b2-11ef-81b3-76e5c571f05f,HUB Admiraal de Ruyterstraat,51.906742474,4.38554997,8,3,9999
2026-03-12T23:15:10.010497,118239d4-a5b2-11f0-ab44-baed9603afbb,Lorentzlaan (bushalte),51.917994492,4.415061192,4,1,9999
2026-03-12T23:15:10.010497,4247dd56-1c9f-11ee-8219-8ed3b2364c4f,BH Metro Coolhaven,51.909218289,4.458167882,10,11,9999
2026-03-12T23:15:10.010497,0c107276-bdb7-11ed-b1e6-fa4fb8e2990b,RK Sandelingenplein,51.889562128,4.506962326,10,3,9999
2026-03-12T23:15:10.010497,75b8bea6-81d8-11ed-b1e6-fa4fb8e2990b,RK Metrostation Maashaven (Putselaan),51.897794241,4.495760713,10,5,9999
2026-03-12T23:15:10.010497,a20bbbae-bdae-11ed-b1e6-fa4fb8e2990b,RK Frankendaal,51.886951976,4.521294152,10,0,9999
2026-03-12T23:15:10.010497,65af1c24-06f4-11ef-b58d-569a23b994be,BH Meerum Terwogtlaan,51.951763386,4.524587387,10,2,9999
2026-03-12T23:15:10.010497,bc839806-a5b1-11f0-ab44-baed9603afbb,Van het Hoffplein (Boerhavelaan),51.916219132,4.412005574,8,2,9999
2026-03-12T23:15:10.010497,2c632780-a8de-11ef-8778-d2279db84567,BH Schuttevaerweg,51.922420472,4.434869706,10,1,9999
2026-03-12T23:15:10.010497,a3c07f10-a5b5-11f0-b05b-baed9603afbb,HUB Hoofdbrug,51.908705902,4.406131267,8,1,9999
2026-03-12T23:15:10.010497,b9bfe680-fbc4-11ee-b58d-569a23b994be,Trompenburg 2,51.917638379,4.518889893,10,2,8
2026-03-12T23:15:10.010497,3c659862-a8dd-11ef-8778-d2279db84567,BH Mayflowerstraat,51.905015647,4.440161906,10,9,9999
2026-03-12T23:15:10.010497,e0a4baca-a748-11ef-8778-d2279db84567,BH Mariniersweg,51.920853425,4.490979502,10,11,9999
2026-03-12T23:15:10.010497,c35c448e-06fc-11ef-b58d-569a23b994be,BH Jacob van Campenweg ,51.942434165,4.537976212,7,3,9999
2026-03-12T23:15:10.010497,365f4a3e-a5b3-11f0-ab44-baed9603afbb,Rubensplein,51.911712719,4.383665134,6,4,9999
2026-03-12T23:15:10.010497,438486f4-a5b6-11f0-a150-baed9603afbb,HUB Koemarkt ingang garage,51.914517902,4.401917461,6,1,9999
2026-03-12T23:15:10.010497,a85b996e-fe23-11ee-b58d-569a23b994be,BH Dirk van der Kooijweg (Waterleliesingel),51.953796964,4.52009166,10,2,9999
2026-03-12T23:15:10.010497,19e2de56-b5d8-11ee-9ae6-5263e3f30f1e,BH STC Waalhaven,51.878297275,4.448759787,10,2,9999
2026-03-12T23:15:10.010497,c6c213ee-ed18-11ef-9957-f683e5eb607c,BH Langenhorst (Binkhorst),51.877310029,4.494737503,10,3,9999
2026-03-12T23:15:10.010497,3366f8b0-a8dc-11ef-8778-d2279db84567,BH Vierhavenstraat (WoonEnzo),51.907777562,4.438830385,4,8,9999
2026-03-12T23:15:10.010497,04a89aea-a5b3-11f0-ab44-baed9603afbb,Groenelaan Hagastraat (Winkelcentrum),51.907303396,4.402285408,4,3,9999
2026-03-12T23:15:10.010497,32638aa6-a5b5-11f0-9f09-baed9603afbb,HUB Laan van Bol'es,51.928443203,4.370771711,10,2,9999
2026-03-12T23:15:10.010497,291c2f72-a749-11ef-8778-d2279db84567,BH Westzeedijk,51.909321622,4.471436479,10,2,9999
2026-03-12T23:15:10.010497,abd627be-67bb-11f0-91de-5eaa9feacc9b,BH Schiekade (Heer Bokelweg),51.927133058,4.476309832,10,0,9999
2026-03-12T23:15:10.010497,8948d5a4-b094-11ef-b6d3-56d88772ab1a,BH Duivenpad,51.964922912,4.498254116,8,6,9999
2026-03-12T23:15:10.010497,227e8c1e-be97-11ee-9ae6-5263e3f30f1e,HUB Metrostation Troelstralaan,51.915742295,4.384972326,10,0,9999
2026-03-12T23:15:10.010497,0af509a8-06f7-11ef-b58d-569a23b994be,BH Beethovensingel,51.96114919,4.505141448,10,14,9999
2026-03-12T23:15:10.010497,dc06f296-1768-11ef-8071-42f0fecaeb6a,BH Prins Alexanderlaan (Oosterflank),51.946646256,4.553811478,12,1,9999
2026-03-12T23:15:10.010497,221af3ce-7fe1-11ee-bb01-c602c1905375,BH Metro Prinsenlaan,51.940647564,4.556931306,10,3,9999
2026-03-12T23:15:10.010497,a793d6ba-edc8-11ee-a9f0-82366b51b915,BH Infirmeriestraat,51.922255603,4.502265891,10,11,9999
2026-03-12T23:15:10.010497,0359e1a2-bdb3-11ed-b1e6-fa4fb8e2990b,RK Rosestraat 11C,51.902954022,4.511377745,10,12,9999
2026-03-12T23:15:10.010497,87f07e20-9e78-11ee-a91e-ee69b7c7763e,BH Marconistraat (Lee Towers),51.912441021,4.430411189,14,2,9999
2026-03-12T23:15:10.010497,f539bd6e-06f8-11ef-b58d-569a23b994be,BH Meijersplein,51.955657978,4.463033845,8,4,9999
2026-03-12T23:15:10.010497,70f0801a-8071-11ed-b1e6-fa4fb8e2990b,RK treinstation Lombardijen,51.88057913,4.531905572,30,5,9999
2026-03-12T23:15:10.010497,43752ffc-a8db-11ef-8778-d2279db84567,BH Pieter de Hoochweg,51.906316301,4.459985731,6,8,9999
2026-03-12T23:15:10.010497,b35ddad8-ab08-11ef-8778-d2279db84567,HUB Rotterdamsedijk 272,51.914957692,4.40343084,8,1,9999
2026-03-12T23:15:10.010497,9b1fa0f6-ae3c-11ee-a91e-ee69b7c7763e,BH Winkelhart Plein 1953,51.874842065,4.467889739,10,2,9999
2026-03-12T23:15:10.010497,8bd90878-0884-11f0-9a47-66143dd92f22,RK Molenvliet,51.882626536,4.521159806,10,4,9999
2026-03-12T23:15:10.010497,45450b66-a5b2-11f0-ab44-baed9603afbb,Maasdijk (Gustoweg),51.906629018,4.412009895,6,2,9999
2026-03-12T23:15:10.010497,4de2effe-f068-11ef-ba40-0ea3ed1ae564,HUB Hof van Spaland - Vlaardingseweg,51.935841728,4.376077923,4,1,9999
2026-03-12T23:15:10.010497,d38c6468-06fe-11ef-b58d-569a23b994be,BH Kleine Beer,51.950902127,4.555051083,6,1,9999
2026-03-12T23:15:10.010497,e552904e-182b-11ef-a8d1-42f0fecaeb6a,BH Metrostation Hesseplaats,51.963345229,4.554510684,10,4,9999
2026-03-12T23:15:10.010497,1826196c-b162-11ef-bdcd-5adc5d29ed54,BH Bentincklaan (Diergaarde Blijdorp),51.92572504,4.454794024,10,1,9999
2026-03-12T23:15:10.010497,8a1e5ed0-1c9e-11ee-8219-8ed3b2364c4f,BH Sparta stadion,51.920151368,4.434428835,20,16,9999
2026-03-12T23:15:10.010497,d3c9003c-b486-11ee-9ae6-5263e3f30f1e,BH Oostzeedijk Beneden,51.922514244,4.503092963,10,9,9999
2026-03-12T23:15:10.010497,552a82b8-b094-11ef-b6d3-56d88772ab1a,BH Hockeyclub Rotterdam,51.96869974,4.484731647,25,1,9999
2026-03-12T23:15:10.010497,cb3f6d1c-a746-11ef-8778-d2279db84567,BH Vasteland (AH),51.911537089,4.478368712,10,10,9999
2026-03-12T23:15:10.010497,d4a8557a-eabd-11ef-ac99-aa7241d1fb4f,HUB Admiraal Trompstraat (Huisman),51.908834504,4.381923039,8,0,9999
2026-03-12T23:15:10.010497,00e8b3de-9e82-11ee-a91e-ee69b7c7763e,BH Jacques Dutilhweg,51.927993284,4.5475155,10,5,9999
2026-03-12T23:15:10.010497,d868fe52-36e5-11f0-ab1d-9ae3af3bf913,BH Sluisjesdijk,51.894714517,4.461900478,10,2,0
2026-03-12T23:15:10.010497,4338fed2-edbb-11ee-a9f0-82366b51b915,BH Oostzeedijk Beneden 2,51.921653595,4.507031037,10,15,9999
2026-03-12T23:15:10.010497,2c82bb9a-217b-11ee-8219-8ed3b2364c4f,Hub Weena,51.922738296,4.469181329,142,5,9999
2026-03-12T23:15:10.010497,96f5cbdc-06f6-11ef-b58d-569a23b994be,BH Argonautenweg,51.959086712,4.49354982,10,2,9999
2026-03-12T23:15:10.010497,2f51713e-32b7-11ee-8219-8ed3b2364c4f,Hub P+R Capelsebrug,51.920991793,4.559215491,18,0,9999
2026-03-12T23:15:10.010497,62b0255a-9e7a-11ee-a91e-ee69b7c7763e,BH Vierhavenstraat,51.910327597,4.434992993,16,7,9999
2026-03-12T23:15:10.010497,2b10524e-06f5-11ef-b58d-569a23b994be,BH Piet van der Polsingel,51.950618784,4.518612648,8,2,9999
2026-03-12T23:15:10.010497,47070056-06fa-11ef-b58d-569a23b994be,BH Metrostation Schenkel,51.931770435,4.56406792,12,1,9999
2026-03-12T23:15:10.010497,7a8c12ba-91ab-11ed-b1e6-fa4fb8e2990b,BH Metrostation Slinge,51.874526023,4.477872534,15,3,9999
2026-03-12T23:15:10.010497,9d9bb8ec-4bd1-11ee-bb01-c602c1905375,BH Marconiplein,51.913319277,4.432514448,10,4,9999
2026-03-12T23:15:10.010497,026045c6-8530-11ee-bb01-c602c1905375,BH Winkelhart Katendrechtse Lagedijk,51.891184937,4.479440034,10,3,9999
2026-03-12T23:15:10.010497,8330f3ca-a5b4-11f0-ab44-baed9603afbb,Fokkerstraat Plesmanstraat,51.929694009,4.399576614,4,1,9999
2026-03-12T23:15:10.010497,5b842034-5331-11f0-ab1d-9ae3af3bf913,BH Walenburgerweg,51.926698659,4.462629155,10,5,9999
2026-03-12T23:15:10.010497,a08059b6-b484-11ee-9ae6-5263e3f30f1e,BH Metrostation Gerdesiaweg,51.925444134,4.506155972,10,1,9999
2026-03-12T23:15:10.010497,2f718c84-8911-11ee-bb01-c602c1905375,BH Metro Dijkzigt - EMC,51.911789199,4.466334846,20,4,9999
2026-03-12T23:15:10.010497,f58e41fc-1c9f-11ee-8219-8ed3b2364c4f,BH Heemraadsplein,51.912322959,4.455058085,10,10,9999
2026-03-12T23:15:10.010497,79fdd038-34b8-11f0-ab1d-9ae3af3bf913,BH RTHA Airport,51.94924845,4.432611987,10,8,0
2026-03-12T23:15:10.010497,1c41897e-596e-11ef-bed6-aa139991deb4,HUB Metrostation Nieuwland / Bijdorpplein,51.922583819,4.38260008,10,0,9999
2026-03-12T23:15:10.010497,a57d027c-8912-11ee-bb01-c602c1905375,BH Delftse Poort,51.924408145,4.472816464,10,9,9999
2026-03-12T23:15:10.010497,6383849a-2038-11f0-ab1d-9ae3af3bf913,BH - Kralingsebos (Langepad),51.936318565,4.506197017,10,0,9999
2026-03-12T23:15:10.010497,e90e9332-06f5-11ef-b58d-569a23b994be,BH Burgemeester Le Fèvre de Montignylaan,51.957620055,4.501711782,10,1,9999
2026-03-12T23:15:10.010497,5cb3ffde-bdaf-11ed-b1e6-fa4fb8e2990b,RK Stadionlaan,51.892328813,4.530682857,10,5,9999
2026-03-12T23:15:10.010497,02bed1f8-8392-11ee-bb01-c602c1905375,BH Station Alexander,51.951735827,4.551049232,10,3,9999
2026-03-12T23:15:10.010497,08d5cf66-8ab2-11ee-bb01-c602c1905375,BH Winkelhart Asterlo,51.873536387,4.483591736,10,0,9999
2026-03-12T23:15:10.010497,0e51e024-c757-11ee-9ae6-5263e3f30f1e,BH Metrostation Binnenhof,51.960437867,4.535372966,10,5,9999
2026-03-12T23:15:10.010497,409f87f6-890f-11ee-bb01-c602c1905375,BH Metro Beurs,51.917806013,4.480107053,8,3,9999
2026-03-12T23:15:10.010497,d6a7cd26-4d08-11f0-ab1d-9ae3af3bf913,BH - Oudehoofdplein-Haringvliet,51.918979475,4.49384405,10,11,9999
2026-03-12T23:15:10.010497,f0ad9b92-1767-11ef-8071-42f0fecaeb6a,BH Prinsenlaan,51.937206457,4.536127586,10,0,9999
2026-03-12T23:15:10.010497,f06fd44c-2035-11f0-ab1d-9ae3af3bf913,BH Boezemlaan,51.938982631,4.495864471,10,6,9999
2026-03-12T23:15:10.010497,8d91a90c-9e83-11ee-a91e-ee69b7c7763e,BH Kraaierstraat,51.91909698,4.418192898,8,5,9999
2026-03-12T23:15:10.010497,a2671a36-bdad-11ed-b1e6-fa4fb8e2990b,RK Dwarsdijk,51.893055987,4.539201504,10,7,9999
2026-03-12T23:15:10.010497,376a5cda-06f8-11ef-b58d-569a23b994be,BH Ganzerikplein,51.958953276,4.471584016,10,6,9999
2026-03-12T23:15:10.010497,5cdd9872-b096-11ef-b6d3-56d88772ab1a,BH Wilgenplaslaan/ Meidoornsingel,51.953868042,4.468211582,7,1,9999
2026-03-12T23:15:10.010497,952a3e78-a8db-11ef-8778-d2279db84567,BH Lloydstraat,51.902214281,4.461287644,10,12,9999
2026-03-12T23:15:10.010497,a6fa0910-8067-11ed-b1e6-fa4fb8e2990b,BH Stadion Fey (Bert Heesakkerstr.),51.896805818,4.521735582,50,2,9999
2026-03-12T23:15:10.010497,a1337d02-e018-11ed-a249-96cdaf8f7240,BH Sint Franciscus,51.942171146,4.460534407,25,3,9999
2026-03-12T23:15:10.010497,d3cea108-8285-11f0-ab44-baed9603afbb,BH - Ratelaarweg,51.967431611,4.463349689,10,1,9999
2026-03-12T23:15:10.010497,3bef7002-bdb5-11ed-b1e6-fa4fb8e2990b,RK Breeweg,51.890630632,4.514261169,10,2,9999
2026-03-12T23:15:10.010497,8c90734c-45bb-11ee-8219-8ed3b2364c4f,BH Coen Moulijnweg,51.893813253,4.526876329,42,4,9999
2026-03-12T23:15:10.010497,1b098490-2037-11f0-ab1d-9ae3af3bf913,BH Karmelweg,51.933461291,4.5029394,8,0,9999
2026-03-12T23:15:10.010497,23348a06-bdb1-11ed-b1e6-fa4fb8e2990b,RK Guido Gezelleweg,51.87434607,4.523238145,10,5,9999
2026-03-12T23:15:10.010497,66824038-37b2-11ef-a21a-8e54a72a50da,HUB Metrostation Parkweg / Zuidzijde,51.921443238,4.39475836,10,0,9
2026-03-12T23:15:10.010497,2c127298-ff25-11ef-a79f-a65a77daff90,BH Aert van Nesstraat,51.921141166,4.478916173,8,0,9999
2026-03-12T23:15:10.010497,cde445c6-a744-11ef-8778-d2279db84567,BH Groenendaal,51.921685178,4.492944049,6,12,9999
2026-03-12T23:15:10.010497,97c6a1c2-a8da-11ef-8778-d2279db84567,BH Henegouwerplein,51.921807589,4.460561523,10,5,9999
2026-03-12T23:15:10.010497,e68d5642-a5b5-11f0-b6c1-baed9603afbb,HUB NS Station Schiedam Centrum/ Professor Kamerlingh Onneslaan,51.92071744,4.408262487,12,3,9999
2026-03-12T23:15:10.010497,82623a40-bda3-11ed-b1e6-fa4fb8e2990b,RK Rosestraat,51.91100607,4.501308573,10,4,9999
2026-03-12T23:15:10.010497,b7353df6-b485-11ee-9ae6-5263e3f30f1e,BH Metrostation Kralingsezoom (Gravenweg),51.921751706,4.533850265,10,1,9999
2026-03-12T23:15:10.010497,6c34980a-bb92-11ef-a02d-6ea8ed91bd56,BH Gordelweg (Lidl),51.940472428,4.479798999,4,5,9999
2026-03-12T23:15:10.010497,5904bd1a-a5b5-11f0-b05b-baed9603afbb,HUB Hof van Spaland - Bachplein,51.934889388,4.374726808,8,1,9999
2026-03-12T23:15:10.010497,32ca5fd0-8126-11ed-b1e6-fa4fb8e2990b,RK Vuurplaat,51.906526668,4.505838102,10,3,9999
2026-03-12T23:15:10.010497,f94a1ff6-b095-11ef-b6d3-56d88772ab1a,BH Bm Le Fèvre de Montignylaan/ Jeroen Boschlaan,51.955641943,4.505982462,6,1,9999
2026-03-12T23:15:10.010497,4228b402-8537-11ee-bb01-c602c1905375,BH Tongelaarweg,51.895280064,4.563514996,10,2,9999
2026-03-12T23:15:10.010497,6f66a60c-36e5-11f0-ab1d-9ae3af3bf913,BH Lloydpier,51.904487669,4.460458303,8,3,0
2026-03-12T23:15:10.010497,7d81b63e-a5b5-11f0-b05b-baed9603afbb,HUB 's Gravelandseweg,51.932091958,4.401924037,6,1,9999
2026-03-12T23:15:10.010497,a3dbb322-8121-11ed-b1e6-fa4fb8e2990b,RK Metrostation Rijnhaven ,51.902216981,4.49610172,15,10,9999
2026-03-12T23:15:10.010497,cf23b50e-9ad0-11f0-ab44-baed9603afbb,BH Natuurhistorisch museum,51.911022288,4.472728259,12,1,9999
2026-03-12T23:15:10.010497,d55243f6-182b-11ef-a8d1-42f0fecaeb6a,BH Siciliëboulevard ,51.97996654,4.580859756,10,1,9999
2026-03-12T23:15:10.010497,e0f7ef36-a5b4-11f0-ab44-baed9603afbb,Havenstraat einde (digitale testhub),51.900396883,4.398614319,12,0,9999
2026-03-12T23:15:10.010497,05d1d708-eabd-11ef-88c2-aa7241d1fb4f,HUB De Thermen ,51.927426752,4.380236246,8,0,9999
2026-03-12T23:15:10.010497,b3381a7a-2036-11f0-ab1d-9ae3af3bf913,BH Oudedijk / de Nieuwe Plantage,51.929149075,4.505248613,8,6,9999
2026-03-12T23:15:10.010497,8b480576-eabc-11ee-a9f0-82366b51b915,BH Schiedamseweg Beneden,51.914135146,4.422297364,5,9,9999
2026-03-12T23:15:10.010497,89a2f1d2-a5b3-11f0-ab44-baed9603afbb,Metrostation Vijfsluizen,51.908108215,4.37254105,8,1,9999
2026-03-12T23:15:10.010497,4c1b19a4-d0a1-11ee-8b0e-065810cc8d78,BH Elandstraat,51.910800072,4.553878993,10,6,9999
2026-03-12T23:15:10.010497,e50f3d1e-f069-11ef-9ed7-0ea3ed1ae564,HUB Oranjestraat - Lange Nieuwstraat,51.913368472,4.40030457,5,0,9999
2026-03-12T23:15:10.010497,bbbba24e-806e-11ed-b1e6-fa4fb8e2990b,RK P+R Noorderhelling,51.894761016,4.532122707,15,1,9999
2026-03-12T23:15:10.010497,3ac0b682-8129-11ed-b1e6-fa4fb8e2990b,RK Cor Kieboomplein,51.896922039,4.523502821,15,2,9999
2026-03-12T23:15:10.010497,5a3ffbf4-37b1-11ef-a21a-8e54a72a50da,HUB Metrostation Nieuwland / Van Limburg Stirumstraat,51.922446663,4.38308784,6,3,2
2026-03-12T23:15:10.010497,5d8d12a2-a5b4-11f0-ab44-baed9603afbb,Van Heekstraat,51.931167557,4.406024405,4,0,9999
2026-03-12T23:15:10.010497,f251d6e8-0b82-11ef-b58d-569a23b994be,BH Metrostation Graskruid ,51.956473743,4.550010233,8,2,9999
2026-03-12T23:15:10.010497,a4d2ea7c-b2f0-11ef-aa57-62870c7808bb,BH 2e Hogenbanweg,51.936951327,4.427707182,8,1,9999
2026-03-12T23:15:10.010497,75ba0d1a-2037-11f0-ab1d-9ae3af3bf913,BH Stadhoudersweg,51.931417737,4.461484988,10,11,9999
2026-03-12T23:15:10.010497,bc6b0d7e-a745-11ef-8778-d2279db84567,BH Goudsewagenstraat,51.923224462,4.493552746,8,6,9999
2026-03-12T23:15:10.010497,0f37eafc-8912-11ee-bb01-c602c1905375,BH Metro Oostplein,51.922677789,4.497608825,10,7,9999
2026-03-12T23:15:10.010497,aed7c2fa-8123-11ed-b1e6-fa4fb8e2990b,RK Groene Hilledijk/Beijerlandselaan,51.893806789,4.509452258,10,2,9999
2026-03-12T23:15:10.010497,c76f0318-bb92-11ef-a02d-6ea8ed91bd56,BH NS Centraal Station (Stationssingel),51.925399994,4.466148375,10,1,9999
2026-03-12T23:15:10.010497,361a368c-a5b4-11f0-ab44-baed9603afbb,Sportpark Haga (Epke Zonderlandstraat),51.921919868,4.370918199,8,2,9999
2026-03-12T23:15:10.010497,f4c0fe5e-02d6-11ef-b58d-569a23b994be,BH Paulus Potterstraat,51.9228414,4.508497696,10,4,9999
2026-03-12T23:15:10.010497,48cbf66e-9f15-11ee-a91e-ee69b7c7763e,BH Franselaan,51.917379138,4.420463507,10,10,9999
2026-03-12T23:15:10.010497,e9735b4e-7da7-11f0-ab44-baed9603afbb,BH Veldkersweg,51.966835673,4.46657292,8,0,9999
2026-03-12T23:15:10.010497,4b1ac684-bb93-11ef-a02d-6ea8ed91bd56,BH Noorderkanaalweg,51.940525593,4.472984586,9,3,9999
2026-03-12T23:15:10.010497,033a9392-3700-11f0-ab1d-9ae3af3bf913,BH Herman Bavinckstraat,51.915067882,4.521446921,10,4,9999
2026-03-12T23:15:10.010497,ffe8c3e8-a8da-11ef-8778-d2279db84567,BH Mathenesserplein,51.917836602,4.44508891,8,8,9999
2026-03-12T23:15:10.010497,e377069a-ff63-11ef-a79f-a65a77daff90,BH Kralingsebos Bosdreef/Pr. Beatrixlaan,51.93789612,4.501689644,8,1,9999
2026-03-12T23:15:10.010497,7af95f9c-a747-11ef-8778-d2279db84567,BH Kruisplein,51.92228569,4.47138789,6,9,9999
2026-03-12T23:15:10.010497,4c50cb7a-bdb6-11ed-b1e6-fa4fb8e2990b,RK Olympiaweg,51.886462746,4.529133302,10,4,9999
2026-03-12T23:15:10.010497,a694ef4e-36e5-11f0-ab1d-9ae3af3bf913,BH Neushoornstraat,51.913041554,4.553743002,6,1,0
2026-03-12T23:15:10.010497,be56ca62-8120-11ed-b1e6-fa4fb8e2990b,RK P+R Beverwaard,51.885771514,4.568986239,10,1,9999
2026-03-12T23:15:10.010497,d5af3bc4-806a-11ed-b1e6-fa4fb8e2990b,BH Kievitslaan,51.907226862,4.473300159,17,5,9999
2026-03-12T23:15:10.010497,dd006abc-a5b3-11f0-ab44-baed9603afbb,Havenstraat,51.903204365,4.398004897,8,0,9999
2026-03-12T23:15:10.010497,6f09af84-eabe-11ee-a9f0-82366b51b915,BH Delftseplein ,51.925206514,4.474011701,14,2,9999
2026-03-12T23:15:10.010497,1cfb89ec-806b-11ed-b1e6-fa4fb8e2990b,BH Westplein,51.908912961,4.478583441,10,5,9999
2026-03-12T23:15:10.010497,12fc10a4-bb94-11ef-a02d-6ea8ed91bd56,BH Noordplein,51.930251975,4.483699175,10,4,9999
2026-03-12T23:15:10.010497,276e8d26-bda0-11ed-b1e6-fa4fb8e2990b,RK Strevelsweg,51.889634937,4.495943368,15,2,9999
2026-03-12T23:15:10.010497,9e066470-2038-11f0-ab1d-9ae3af3bf913,BH Kralinger Esch,51.911179823,4.524762065,9,14,9999
2026-03-12T23:15:10.010497,9b1f0aaa-8125-11ed-b1e6-fa4fb8e2990b,RK Slaghekstraat - Beijerlandselaan,51.897574833,4.511261604,10,4,9999
2026-03-12T23:15:10.010497,b8c81048-2037-11f0-ab1d-9ae3af3bf913,BH Van Maanenstraat,51.932279316,4.464280453,6,8,9999
2026-03-12T23:15:10.010497,1f4ff66c-bdb8-11ed-b1e6-fa4fb8e2990b,RK Van der Takstraat ,51.914243737,4.496045621,10,10,9999
2026-03-12T23:15:10.010497,3b523cee-5c94-11f0-ab1d-9ae3af3bf913,BH - Wilhelminapier,51.90698281,4.489727426,14,5,9999
2026-03-12T23:15:10.010497,e8d292d2-039a-11ef-b58d-569a23b994be,BH Mia van Yperenplein ,51.928414546,4.545678043,10,4,9999
2026-03-12T23:15:10.010497,12daf18a-8068-11ed-b1e6-fa4fb8e2990b,BH Treinst. Lombardijen (Aesopusplaats),51.880478018,4.530040287,10,1,9999
2026-03-12T23:15:10.010497,558e4a5a-eaba-11ee-a9f0-82366b51b915,BH Blijdorplaan ,51.927389289,4.440437692,22,11,9999
2026-03-12T23:15:10.010497,5a8de282-36ee-11f0-ab1d-9ae3af3bf913,BH van Blommesteynweg,51.888148155,4.460842726,10,1,9999
2026-03-12T23:15:10.010497,078569ee-a5b5-11f0-ab44-baed9603afbb,Nieuwe Waterwegstraat (digitale testhub),51.900682979,4.390873601,12,0,9999
2026-03-12T23:15:10.010497,8e5dd27e-06fd-11ef-b58d-569a23b994be,BH Prins Alexanderplein,51.951040272,4.553684972,14,0,9999
2026-03-12T23:15:10.010497,a6843864-fbc4-11ee-b58d-569a23b994be,Trompenburg 1,51.917696349,4.517981647,10,6,0
2026-03-12T23:15:10.010497,5b583480-a8da-11ef-8778-d2279db84567,BH Duyststraat,51.910073429,4.452225738,8,9,9999
2026-03-12T23:15:10.010497,2510e9ba-a5b6-11f0-847a-baed9603afbb,Hub Kloosterplaats,51.91675013,4.402112308,6,5,9999
2026-03-12T23:15:10.010497,880e3e72-a8dd-11ef-8778-d2279db84567,BH Spaansebocht,51.917413667,4.430014126,9,1,9999
2026-03-12T23:15:10.010497,b5b3324a-edb9-11ee-a9f0-82366b51b915,BH Siondwarsstraat,51.925261494,4.51053174,10,0,9999
2026-03-12T23:15:10.010497,94b01d94-edc6-11ee-a9f0-82366b51b915,BH Schuttersveld,51.933248028,4.490978921,10,7,9999
2026-03-12T23:15:10.010497,69b33170-edbd-11ee-a9f0-82366b51b915,BH Metro Oostplein 2,51.923145722,4.496820843,10,2,9999
2026-03-12T23:15:10.010497,67d6af9a-f068-11ef-ba40-0ea3ed1ae564,HUB Hof van Spaland - Schiedamseweg,51.934898803,4.378145906,12,2,9999
2026-03-12T23:15:10.010497,4933dd54-9e7c-11ee-a91e-ee69b7c7763e,BH Willem Ruyslaan (Luzac College),51.925421889,4.508669446,10,9,9999
2026-03-12T23:15:10.010497,9f935b6c-b095-11ef-b6d3-56d88772ab1a,BH Bergpolderplein,51.945227242,4.474988047,8,6,9999
2026-03-12T23:15:10.010497,8a2d056c-bb93-11ef-a02d-6ea8ed91bd56,BH NS Station Noord (Bergweg),51.941530048,4.481339526,10,4,4
2026-03-12T23:15:10.010497,4d95ab34-8122-11ed-b1e6-fa4fb8e2990b,RK Metrostation Maashaven ,51.896573582,4.494245173,30,2,9999
2026-03-12T23:15:10.010497,3d015ff0-8394-11ee-bb01-c602c1905375,BH Metrostation Oosterflank,51.945209326,4.555045447,10,0,9999
2026-03-12T23:15:10.010497,defeb050-a747-11ef-8778-d2279db84567,BH Karel Doormanstraat,51.922789549,4.473609692,9,5,9999
2026-03-12T23:15:10.010497,b5dc5454-890f-11ee-bb01-c602c1905375,BH Schilderstraat,51.916377397,4.48142868,8,3,9999
2026-03-12T23:15:10.010497,2f12ae3e-806c-11ed-b1e6-fa4fb8e2990b,BH Winkelcentrum Keizerswaard-Herenw,51.886358391,4.549308056,15,11,9999
2026-03-12T23:15:10.010497,3b6d73a8-805d-11ed-b1e6-fa4fb8e2990b,BH Metrostation Melanchtonweg,51.94881199,4.465233746,10,2,9999
2026-03-12T23:15:10.010497,d5832958-891a-11ee-bb01-c602c1905375,BH Metro Zuidplein (nieuw),51.887180341,4.491554668,10,0,9999
2026-03-12T23:15:10.010497,a535094e-b162-11ef-bdcd-5adc5d29ed54,BH Eudokiaplein,51.932433484,4.47153255,9,7,9999
2026-03-12T23:15:10.010497,437f8dc8-bd9e-11ed-b1e6-fa4fb8e2990b,RK Hillevliet,51.89558515,4.506432514,10,1,9999
2026-03-12T23:15:10.010497,f10d8ab4-9997-11ee-a91e-ee69b7c7763e,BH Shell Hofplein,51.925705456,4.477781355,28,1,9999
2026-03-12T23:15:10.010497,94467720-8127-11ed-b1e6-fa4fb8e2990b,RK Persoonsdam,51.909309099,4.508017165,10,0,9999
2026-03-12T23:15:10.010497,9245444a-2023-11f0-ab1d-9ae3af3bf913,BH Witte de Withstraat,51.915906523,4.478080905,10,8,9999
2026-03-12T23:15:10.010497,49d59348-ff64-11ef-b515-a65a77daff90,BH Bergweg (Dirk van den Broek),51.93856254,4.479465675,6,6,9999
2026-03-12T23:15:10.010497,30fb96bc-8124-11ed-b1e6-fa4fb8e2990b,RK Beverwaardseweg/ Borgharensingel,51.898798338,4.564663375,10,1,9999
2026-03-12T23:15:10.010497,9a1fb404-8ab3-11ee-bb01-c602c1905375,BH Langenhorst ,51.874120882,4.494254863,10,0,9999
2026-03-12T23:15:10.010497,abe67bfa-b096-11ef-b6d3-56d88772ab1a,BH Wilgenplaslaan/ Donkersingel,51.951337599,4.47048253,10,6,9999
2026-03-12T23:15:10.010497,068b0f9c-a8dd-11ef-8778-d2279db84567,BH Vierhavenstraat (Sahan),51.908502395,4.437727106,4,2,9999
2026-03-12T23:15:10.010497,bc0e7e9c-a8da-11ef-8778-d2279db84567,BH Jan van Vuchtstraat,51.917045317,4.460830874,6,4,9999
2026-03-12T23:15:10.010497,8b721818-a5b2-11f0-ab44-baed9603afbb,Lekstraat,51.90446958,4.406985264,6,4,9999
2026-03-12T23:15:10.010497,ad212572-06f7-11ef-b58d-569a23b994be,BH Molenlaan/Grindweg,51.963224537,4.49571068,10,2,9999
2026-03-12T23:15:10.010497,f8828c3e-806d-11ed-b1e6-fa4fb8e2990b,RK Station Rdam Zuid,51.905545015,4.509568537,15,5,9999
2026-03-12T23:15:10.010497,5f71799e-806b-11ed-b1e6-fa4fb8e2990b,BH Willemsplein,51.911118908,4.481894771,17,11,9999
2026-03-12T23:15:10.010497,42824336-bd97-11ed-b1e6-fa4fb8e2990b,RK Groene Hilledijk,51.882726433,4.504266667,10,2,9999
2026-03-12T23:15:10.010497,db6932f4-182b-11ef-a8d1-42f0fecaeb6a,BH Metrostation Nesselande,51.978969273,4.586177782,10,0,9999
2026-03-12T23:15:10.010497,e26322b0-2025-11f0-ab1d-9ae3af3bf913,BH Brielselaan,51.896298935,4.489248091,4,0,9999
2026-03-12T23:15:10.010497,c862b7f2-06fb-11ef-b58d-569a23b994be,BH Prins Alexanderlaan (metrobaan zijde),51.952192324,4.551435621,10,0,9999
2026-03-12T23:15:10.010497,c53689c2-8124-11ed-b1e6-fa4fb8e2990b,RK Peellandstraat / Beesdestraat ,51.888535309,4.567291893,10,5,9999
2026-03-12T23:15:10.010497,8f5d35a0-1834-11ef-8071-42f0fecaeb6a,BH Jan Bijloostraat (Winkelcentrum Lage Land),51.941821995,4.546449269,9,6,9999
2026-03-12T23:15:10.010497,f8fcd3a4-983a-11ef-a85a-be896af2d3a5,BH Rhijnauwensingel,51.892161199,4.569620613,12,2,9999
2026-03-12T23:45:46.389055,65af1c24-06f4-11ef-b58d-569a23b994be,BH Meerum Terwogtlaan,51.951763386,4.524587387,10,2,9999
2026-03-12T23:45:46.389055,bc839806-a5b1-11f0-ab44-baed9603afbb,Van het Hoffplein (Boerhavelaan),51.916219132,4.412005574,8,2,9999
2026-03-12T23:45:46.389055,2c632780-a8de-11ef-8778-d2279db84567,BH Schuttevaerweg,51.922420472,4.434869706,10,1,9999
2026-03-12T23:45:46.389055,a3c07f10-a5b5-11f0-b05b-baed9603afbb,HUB Hoofdbrug,51.908705902,4.406131267,8,1,9999
2026-03-12T23:45:46.389055,b9bfe680-fbc4-11ee-b58d-569a23b994be,Trompenburg 2,51.917638379,4.518889893,10,2,8
2026-03-12T23:45:46.389055,3c659862-a8dd-11ef-8778-d2279db84567,BH Mayflowerstraat,51.905015647,4.440161906,10,9,9999
2026-03-12T23:45:46.389055,e0a4baca-a748-11ef-8778-d2279db84567,BH Mariniersweg,51.920853425,4.490979502,10,11,9999
2026-03-12T23:45:46.389055,c35c448e-06fc-11ef-b58d-569a23b994be,BH Jacob van Campenweg ,51.942434165,4.537976212,7,3,9999
2026-03-12T23:45:46.389055,438486f4-a5b6-11f0-a150-baed9603afbb,HUB Koemarkt ingang garage,51.914517902,4.401917461,6,2,9999
2026-03-12T23:45:46.389055,365f4a3e-a5b3-11f0-ab44-baed9603afbb,Rubensplein,51.911712719,4.383665134,6,4,9999
2026-03-12T23:45:46.389055,a85b996e-fe23-11ee-b58d-569a23b994be,BH Dirk van der Kooijweg (Waterleliesingel),51.953796964,4.52009166,10,2,9999
2026-03-12T23:45:46.389055,19e2de56-b5d8-11ee-9ae6-5263e3f30f1e,BH STC Waalhaven,51.878297275,4.448759787,10,2,9999
2026-03-12T23:45:46.389055,c6c213ee-ed18-11ef-9957-f683e5eb607c,BH Langenhorst (Binkhorst),51.877310029,4.494737503,10,3,9999
2026-03-12T23:45:46.389055,3366f8b0-a8dc-11ef-8778-d2279db84567,BH Vierhavenstraat (WoonEnzo),51.907777562,4.438830385,4,8,9999
2026-03-12T23:45:46.389055,04a89aea-a5b3-11f0-ab44-baed9603afbb,Groenelaan Hagastraat (Winkelcentrum),51.907303396,4.402285408,4,3,9999
2026-03-12T23:45:46.389055,32638aa6-a5b5-11f0-9f09-baed9603afbb,HUB Laan van Bol'es,51.928443203,4.370771711,10,3,9999
2026-03-12T23:45:46.389055,291c2f72-a749-11ef-8778-d2279db84567,BH Westzeedijk,51.909321622,4.471436479,10,2,9999
2026-03-12T23:45:46.389055,abd627be-67bb-11f0-91de-5eaa9feacc9b,BH Schiekade (Heer Bokelweg),51.927133058,4.476309832,10,0,9999
2026-03-12T23:45:46.389055,8948d5a4-b094-11ef-b6d3-56d88772ab1a,BH Duivenpad,51.964922912,4.498254116,8,6,9999
2026-03-12T23:45:46.389055,227e8c1e-be97-11ee-9ae6-5263e3f30f1e,HUB Metrostation Troelstralaan,51.915742295,4.384972326,10,0,9999
2026-03-12T23:45:46.389055,0af509a8-06f7-11ef-b58d-569a23b994be,BH Beethovensingel,51.96114919,4.505141448,10,14,9999
2026-03-12T23:45:46.389055,dc06f296-1768-11ef-8071-42f0fecaeb6a,BH Prins Alexanderlaan (Oosterflank),51.946646256,4.553811478,12,1,9999
2026-03-12T23:45:46.389055,221af3ce-7fe1-11ee-bb01-c602c1905375,BH Metro Prinsenlaan,51.940647564,4.556931306,10,2,9999
2026-03-12T23:45:46.389055,a793d6ba-edc8-11ee-a9f0-82366b51b915,BH Infirmeriestraat,51.922255603,4.502265891,10,11,9999
2026-03-12T23:45:46.389055,0359e1a2-bdb3-11ed-b1e6-fa4fb8e2990b,RK Rosestraat 11C,51.902954022,4.511377745,10,12,9999
2026-03-12T23:45:46.389055,87f07e20-9e78-11ee-a91e-ee69b7c7763e,BH Marconistraat (Lee Towers),51.912441021,4.430411189,14,2,9999
2026-03-12T23:45:46.389055,f539bd6e-06f8-11ef-b58d-569a23b994be,BH Meijersplein,51.955657978,4.463033845,8,4,9999
2026-03-12T23:45:46.389055,70f0801a-8071-11ed-b1e6-fa4fb8e2990b,RK treinstation Lombardijen,51.88057913,4.531905572,30,4,9999
2026-03-12T23:45:46.389055,43752ffc-a8db-11ef-8778-d2279db84567,BH Pieter de Hoochweg,51.906316301,4.459985731,6,8,9999
2026-03-12T23:45:46.389055,b35ddad8-ab08-11ef-8778-d2279db84567,HUB Rotterdamsedijk 272,51.914957692,4.40343084,8,1,9999
2026-03-12T23:45:46.389055,9b1fa0f6-ae3c-11ee-a91e-ee69b7c7763e,BH Winkelhart Plein 1953,51.874842065,4.467889739,10,2,9999
2026-03-12T23:45:46.389055,8bd90878-0884-11f0-9a47-66143dd92f22,RK Molenvliet,51.882626536,4.521159806,10,4,9999
2026-03-12T23:45:46.389055,45450b66-a5b2-11f0-ab44-baed9603afbb,Maasdijk (Gustoweg),51.906629018,4.412009895,6,2,9999
2026-03-12T23:45:46.389055,4de2effe-f068-11ef-ba40-0ea3ed1ae564,HUB Hof van Spaland - Vlaardingseweg,51.935841728,4.376077923,4,1,9999
2026-03-12T23:45:46.389055,d38c6468-06fe-11ef-b58d-569a23b994be,BH Kleine Beer,51.950902127,4.555051083,6,1,9999
2026-03-12T23:45:46.389055,e552904e-182b-11ef-a8d1-42f0fecaeb6a,BH Metrostation Hesseplaats,51.963345229,4.554510684,10,4,9999
2026-03-12T23:45:46.389055,1826196c-b162-11ef-bdcd-5adc5d29ed54,BH Bentincklaan (Diergaarde Blijdorp),51.92572504,4.454794024,10,1,9999
2026-03-12T23:45:46.389055,8a1e5ed0-1c9e-11ee-8219-8ed3b2364c4f,BH Sparta stadion,51.920151368,4.434428835,20,16,9999
2026-03-12T23:45:46.389055,d3c9003c-b486-11ee-9ae6-5263e3f30f1e,BH Oostzeedijk Beneden,51.922514244,4.503092963,10,9,9999
2026-03-12T23:45:46.389055,552a82b8-b094-11ef-b6d3-56d88772ab1a,BH Hockeyclub Rotterdam,51.96869974,4.484731647,25,1,9999
2026-03-12T23:45:46.389055,cb3f6d1c-a746-11ef-8778-d2279db84567,BH Vasteland (AH),51.911537089,4.478368712,10,10,9999
2026-03-12T23:45:46.389055,d4a8557a-eabd-11ef-ac99-aa7241d1fb4f,HUB Admiraal Trompstraat (Huisman),51.908834504,4.381923039,8,0,9999
2026-03-12T23:45:46.389055,00e8b3de-9e82-11ee-a91e-ee69b7c7763e,BH Jacques Dutilhweg,51.927993284,4.5475155,10,5,9999
2026-03-12T23:45:46.389055,d868fe52-36e5-11f0-ab1d-9ae3af3bf913,BH Sluisjesdijk,51.894714517,4.461900478,10,2,0
2026-03-12T23:45:46.389055,4338fed2-edbb-11ee-a9f0-82366b51b915,BH Oostzeedijk Beneden 2,51.921653595,4.507031037,10,12,9999
2026-03-12T23:45:46.389055,2c82bb9a-217b-11ee-8219-8ed3b2364c4f,Hub Weena,51.922738296,4.469181329,142,4,9999
2026-03-12T23:45:46.389055,96f5cbdc-06f6-11ef-b58d-569a23b994be,BH Argonautenweg,51.959086712,4.49354982,10,1,9999
2026-03-12T23:45:46.389055,2f51713e-32b7-11ee-8219-8ed3b2364c4f,Hub P+R Capelsebrug,51.920991793,4.559215491,18,0,9999
2026-03-12T23:45:46.389055,62b0255a-9e7a-11ee-a91e-ee69b7c7763e,BH Vierhavenstraat,51.910327597,4.434992993,16,7,9999
2026-03-12T23:45:46.389055,2b10524e-06f5-11ef-b58d-569a23b994be,BH Piet van der Polsingel,51.950618784,4.518612648,8,2,9999
2026-03-12T23:45:46.389055,47070056-06fa-11ef-b58d-569a23b994be,BH Metrostation Schenkel,51.931770435,4.56406792,12,1,9999
2026-03-12T23:45:46.389055,7a8c12ba-91ab-11ed-b1e6-fa4fb8e2990b,BH Metrostation Slinge,51.874526023,4.477872534,15,3,9999
2026-03-12T23:45:46.389055,026045c6-8530-11ee-bb01-c602c1905375,BH Winkelhart Katendrechtse Lagedijk,51.891184937,4.479440034,10,2,9999
2026-03-12T23:45:46.389055,9d9bb8ec-4bd1-11ee-bb01-c602c1905375,BH Marconiplein,51.913319277,4.432514448,10,3,9999
2026-03-12T23:45:46.389055,8330f3ca-a5b4-11f0-ab44-baed9603afbb,Fokkerstraat Plesmanstraat,51.929694009,4.399576614,4,1,9999
2026-03-12T23:45:46.389055,5b842034-5331-11f0-ab1d-9ae3af3bf913,BH Walenburgerweg,51.926698659,4.462629155,10,5,9999
2026-03-12T23:45:46.389055,a08059b6-b484-11ee-9ae6-5263e3f30f1e,BH Metrostation Gerdesiaweg,51.925444134,4.506155972,10,1,9999
2026-03-12T23:45:46.389055,2f718c84-8911-11ee-bb01-c602c1905375,BH Metro Dijkzigt - EMC,51.911789199,4.466334846,20,4,9999
2026-03-12T23:45:46.389055,f58e41fc-1c9f-11ee-8219-8ed3b2364c4f,BH Heemraadsplein,51.912322959,4.455058085,10,10,9999
2026-03-12T23:45:46.389055,79fdd038-34b8-11f0-ab1d-9ae3af3bf913,BH RTHA Airport,51.94924845,4.432611987,10,8,0
2026-03-12T23:45:46.389055,1c41897e-596e-11ef-bed6-aa139991deb4,HUB Metrostation Nieuwland / Bijdorpplein,51.922583819,4.38260008,10,0,9999
2026-03-12T23:45:46.389055,a57d027c-8912-11ee-bb01-c602c1905375,BH Delftse Poort,51.924408145,4.472816464,10,7,9999
2026-03-12T23:45:46.389055,6383849a-2038-11f0-ab1d-9ae3af3bf913,BH - Kralingsebos (Langepad),51.936318565,4.506197017,10,0,9999
2026-03-12T23:45:46.389055,e90e9332-06f5-11ef-b58d-569a23b994be,BH Burgemeester Le Fèvre de Montignylaan,51.957620055,4.501711782,10,1,9999
2026-03-12T23:45:46.389055,5cb3ffde-bdaf-11ed-b1e6-fa4fb8e2990b,RK Stadionlaan,51.892328813,4.530682857,10,5,9999
2026-03-12T23:45:46.389055,02bed1f8-8392-11ee-bb01-c602c1905375,BH Station Alexander,51.951735827,4.551049232,10,4,9999
2026-03-12T23:45:46.389055,08d5cf66-8ab2-11ee-bb01-c602c1905375,BH Winkelhart Asterlo,51.873536387,4.483591736,10,0,9999
2026-03-12T23:45:46.389055,0e51e024-c757-11ee-9ae6-5263e3f30f1e,BH Metrostation Binnenhof,51.960437867,4.535372966,10,5,9999
2026-03-12T23:45:46.389055,409f87f6-890f-11ee-bb01-c602c1905375,BH Metro Beurs,51.917806013,4.480107053,8,3,9999
2026-03-12T23:45:46.389055,d6a7cd26-4d08-11f0-ab1d-9ae3af3bf913,BH - Oudehoofdplein-Haringvliet,51.918979475,4.49384405,10,10,9999
2026-03-12T23:45:46.389055,f0ad9b92-1767-11ef-8071-42f0fecaeb6a,BH Prinsenlaan,51.937206457,4.536127586,10,0,9999
2026-03-12T23:45:46.389055,f06fd44c-2035-11f0-ab1d-9ae3af3bf913,BH Boezemlaan,51.938982631,4.495864471,10,6,9999
2026-03-12T23:45:46.389055,8d91a90c-9e83-11ee-a91e-ee69b7c7763e,BH Kraaierstraat,51.91909698,4.418192898,8,5,9999
2026-03-12T23:45:46.389055,a2671a36-bdad-11ed-b1e6-fa4fb8e2990b,RK Dwarsdijk,51.893055987,4.539201504,10,7,9999
2026-03-12T23:45:46.389055,376a5cda-06f8-11ef-b58d-569a23b994be,BH Ganzerikplein,51.958953276,4.471584016,10,6,9999
2026-03-12T23:45:46.389055,5cdd9872-b096-11ef-b6d3-56d88772ab1a,BH Wilgenplaslaan/ Meidoornsingel,51.953868042,4.468211582,7,1,9999
2026-03-12T23:45:46.389055,952a3e78-a8db-11ef-8778-d2279db84567,BH Lloydstraat,51.902214281,4.461287644,10,12,9999
2026-03-12T23:45:46.389055,a6fa0910-8067-11ed-b1e6-fa4fb8e2990b,BH Stadion Fey (Bert Heesakkerstr.),51.896805818,4.521735582,50,2,9999
2026-03-12T23:45:46.389055,a1337d02-e018-11ed-a249-96cdaf8f7240,BH Sint Franciscus,51.942171146,4.460534407,25,3,9999
2026-03-12T23:45:46.389055,d3cea108-8285-11f0-ab44-baed9603afbb,BH - Ratelaarweg,51.967431611,4.463349689,10,1,9999
2026-03-12T23:45:46.389055,3bef7002-bdb5-11ed-b1e6-fa4fb8e2990b,RK Breeweg,51.890630632,4.514261169,10,2,9999
2026-03-12T23:45:46.389055,8c90734c-45bb-11ee-8219-8ed3b2364c4f,BH Coen Moulijnweg,51.893813253,4.526876329,42,4,9999
2026-03-12T23:45:46.389055,1b098490-2037-11f0-ab1d-9ae3af3bf913,BH Karmelweg,51.933461291,4.5029394,8,0,9999
2026-03-12T23:45:46.389055,23348a06-bdb1-11ed-b1e6-fa4fb8e2990b,RK Guido Gezelleweg,51.87434607,4.523238145,10,5,9999
2026-03-12T23:45:46.389055,66824038-37b2-11ef-a21a-8e54a72a50da,HUB Metrostation Parkweg / Zuidzijde,51.921443238,4.39475836,10,0,9
2026-03-12T23:45:46.389055,2c127298-ff25-11ef-a79f-a65a77daff90,BH Aert van Nesstraat,51.921141166,4.478916173,8,0,9999
2026-03-12T23:45:46.389055,cde445c6-a744-11ef-8778-d2279db84567,BH Groenendaal,51.921685178,4.492944049,6,12,9999
2026-03-12T23:45:46.389055,97c6a1c2-a8da-11ef-8778-d2279db84567,BH Henegouwerplein,51.921807589,4.460561523,10,6,9999
2026-03-12T23:45:46.389055,e68d5642-a5b5-11f0-b6c1-baed9603afbb,HUB NS Station Schiedam Centrum/ Professor Kamerlingh Onneslaan,51.92071744,4.408262487,12,3,9999
2026-03-12T23:45:46.389055,82623a40-bda3-11ed-b1e6-fa4fb8e2990b,RK Rosestraat,51.91100607,4.501308573,10,4,9999
2026-03-12T23:45:46.389055,b7353df6-b485-11ee-9ae6-5263e3f30f1e,BH Metrostation Kralingsezoom (Gravenweg),51.921751706,4.533850265,10,1,9999
2026-03-12T23:45:46.389055,6c34980a-bb92-11ef-a02d-6ea8ed91bd56,BH Gordelweg (Lidl),51.940472428,4.479798999,4,4,9999
2026-03-12T23:45:46.389055,5904bd1a-a5b5-11f0-b05b-baed9603afbb,HUB Hof van Spaland - Bachplein,51.934889388,4.374726808,8,1,9999
2026-03-12T23:45:46.389055,32ca5fd0-8126-11ed-b1e6-fa4fb8e2990b,RK Vuurplaat,51.906526668,4.505838102,10,3,9999
2026-03-12T23:45:46.389055,f94a1ff6-b095-11ef-b6d3-56d88772ab1a,BH Bm Le Fèvre de Montignylaan/ Jeroen Boschlaan,51.955641943,4.505982462,6,1,9999
2026-03-12T23:45:46.389055,4228b402-8537-11ee-bb01-c602c1905375,BH Tongelaarweg,51.895280064,4.563514996,10,2,9999
2026-03-12T23:45:46.389055,6f66a60c-36e5-11f0-ab1d-9ae3af3bf913,BH Lloydpier,51.904487669,4.460458303,8,3,0
2026-03-12T23:45:46.389055,7d81b63e-a5b5-11f0-b05b-baed9603afbb,HUB 's Gravelandseweg,51.932091958,4.401924037,6,1,9999
2026-03-12T23:45:46.389055,a3dbb322-8121-11ed-b1e6-fa4fb8e2990b,RK Metrostation Rijnhaven ,51.902216981,4.49610172,15,10,9999
2026-03-12T23:45:46.389055,cf23b50e-9ad0-11f0-ab44-baed9603afbb,BH Natuurhistorisch museum,51.911022288,4.472728259,12,1,9999
2026-03-12T23:45:46.389055,d55243f6-182b-11ef-a8d1-42f0fecaeb6a,BH Siciliëboulevard ,51.97996654,4.580859756,10,1,9999
2026-03-12T23:45:46.389055,e0f7ef36-a5b4-11f0-ab44-baed9603afbb,Havenstraat einde (digitale testhub),51.900396883,4.398614319,12,0,9999
2026-03-12T23:45:46.389055,05d1d708-eabd-11ef-88c2-aa7241d1fb4f,HUB De Thermen ,51.927426752,4.380236246,8,0,9999
2026-03-12T23:45:46.389055,b3381a7a-2036-11f0-ab1d-9ae3af3bf913,BH Oudedijk / de Nieuwe Plantage,51.929149075,4.505248613,8,8,9999
2026-03-12T23:45:46.389055,8b480576-eabc-11ee-a9f0-82366b51b915,BH Schiedamseweg Beneden,51.914135146,4.422297364,5,8,9999
2026-03-12T23:45:46.389055,89a2f1d2-a5b3-11f0-ab44-baed9603afbb,Metrostation Vijfsluizen,51.908108215,4.37254105,8,1,9999
2026-03-12T23:45:46.389055,e50f3d1e-f069-11ef-9ed7-0ea3ed1ae564,HUB Oranjestraat - Lange Nieuwstraat,51.913368472,4.40030457,5,0,9999
2026-03-12T23:45:46.389055,4c1b19a4-d0a1-11ee-8b0e-065810cc8d78,BH Elandstraat,51.910800072,4.553878993,10,6,9999
2026-03-12T23:45:46.389055,bbbba24e-806e-11ed-b1e6-fa4fb8e2990b,RK P+R Noorderhelling,51.894761016,4.532122707,15,2,9999
2026-03-12T23:45:46.389055,3ac0b682-8129-11ed-b1e6-fa4fb8e2990b,RK Cor Kieboomplein,51.896922039,4.523502821,15,1,9999
2026-03-12T23:45:46.389055,5a3ffbf4-37b1-11ef-a21a-8e54a72a50da,HUB Metrostation Nieuwland / Van Limburg Stirumstraat,51.922446663,4.38308784,6,2,4
2026-03-12T23:45:46.389055,5d8d12a2-a5b4-11f0-ab44-baed9603afbb,Van Heekstraat,51.931167557,4.406024405,4,0,9999
2026-03-12T23:45:46.389055,f251d6e8-0b82-11ef-b58d-569a23b994be,BH Metrostation Graskruid ,51.956473743,4.550010233,8,2,9999
2026-03-12T23:45:46.389055,a4d2ea7c-b2f0-11ef-aa57-62870c7808bb,BH 2e Hogenbanweg,51.936951327,4.427707182,8,1,9999
2026-03-12T23:45:46.389055,75ba0d1a-2037-11f0-ab1d-9ae3af3bf913,BH Stadhoudersweg,51.931417737,4.461484988,10,11,9999
2026-03-12T23:45:46.389055,bc6b0d7e-a745-11ef-8778-d2279db84567,BH Goudsewagenstraat,51.923224462,4.493552746,8,6,9999
2026-03-12T23:45:46.389055,0f37eafc-8912-11ee-bb01-c602c1905375,BH Metro Oostplein,51.922677789,4.497608825,10,7,9999
2026-03-12T23:45:46.389055,aed7c2fa-8123-11ed-b1e6-fa4fb8e2990b,RK Groene Hilledijk/Beijerlandselaan,51.893806789,4.509452258,10,3,9999
2026-03-12T23:45:46.389055,c76f0318-bb92-11ef-a02d-6ea8ed91bd56,BH NS Centraal Station (Stationssingel),51.925399994,4.466148375,10,1,9999
2026-03-12T23:45:46.389055,361a368c-a5b4-11f0-ab44-baed9603afbb,Sportpark Haga (Epke Zonderlandstraat),51.921919868,4.370918199,8,2,9999
2026-03-12T23:45:46.389055,f4c0fe5e-02d6-11ef-b58d-569a23b994be,BH Paulus Potterstraat,51.9228414,4.508497696,10,4,9999
2026-03-12T23:45:46.389055,48cbf66e-9f15-11ee-a91e-ee69b7c7763e,BH Franselaan,51.917379138,4.420463507,10,10,9999
2026-03-12T23:45:46.389055,e9735b4e-7da7-11f0-ab44-baed9603afbb,BH Veldkersweg,51.966835673,4.46657292,8,0,9999
2026-03-12T23:45:46.389055,4b1ac684-bb93-11ef-a02d-6ea8ed91bd56,BH Noorderkanaalweg,51.940525593,4.472984586,9,2,9999
2026-03-12T23:45:46.389055,033a9392-3700-11f0-ab1d-9ae3af3bf913,BH Herman Bavinckstraat,51.915067882,4.521446921,10,4,9999
2026-03-12T23:45:46.389055,ffe8c3e8-a8da-11ef-8778-d2279db84567,BH Mathenesserplein,51.917836602,4.44508891,8,8,9999
2026-03-12T23:45:46.389055,e377069a-ff63-11ef-a79f-a65a77daff90,BH Kralingsebos Bosdreef/Pr. Beatrixlaan,51.93789612,4.501689644,8,1,9999
2026-03-12T23:45:46.389055,7af95f9c-a747-11ef-8778-d2279db84567,BH Kruisplein,51.92228569,4.47138789,6,9,9999
2026-03-12T23:45:46.389055,4c50cb7a-bdb6-11ed-b1e6-fa4fb8e2990b,RK Olympiaweg,51.886462746,4.529133302,10,4,9999
2026-03-12T23:45:46.389055,a694ef4e-36e5-11f0-ab1d-9ae3af3bf913,BH Neushoornstraat,51.913041554,4.553743002,6,1,0
2026-03-12T23:45:46.389055,be56ca62-8120-11ed-b1e6-fa4fb8e2990b,RK P+R Beverwaard,51.885771514,4.568986239,10,1,9999
2026-03-12T23:45:46.389055,d5af3bc4-806a-11ed-b1e6-fa4fb8e2990b,BH Kievitslaan,51.907226862,4.473300159,17,5,9999
2026-03-12T23:45:46.389055,dd006abc-a5b3-11f0-ab44-baed9603afbb,Havenstraat,51.903204365,4.398004897,8,0,9999
2026-03-12T23:45:46.389055,6f09af84-eabe-11ee-a9f0-82366b51b915,BH Delftseplein ,51.925206514,4.474011701,14,2,9999
2026-03-12T23:45:46.389055,1cfb89ec-806b-11ed-b1e6-fa4fb8e2990b,BH Westplein,51.908912961,4.478583441,10,5,9999
2026-03-12T23:45:46.389055,12fc10a4-bb94-11ef-a02d-6ea8ed91bd56,BH Noordplein,51.930251975,4.483699175,10,4,9999
2026-03-12T23:45:46.389055,276e8d26-bda0-11ed-b1e6-fa4fb8e2990b,RK Strevelsweg,51.889634937,4.495943368,15,2,9999
2026-03-12T23:45:46.389055,9e066470-2038-11f0-ab1d-9ae3af3bf913,BH Kralinger Esch,51.911179823,4.524762065,9,13,9999
2026-03-12T23:45:46.389055,9b1f0aaa-8125-11ed-b1e6-fa4fb8e2990b,RK Slaghekstraat - Beijerlandselaan,51.897574833,4.511261604,10,4,9999
2026-03-12T23:45:46.389055,b8c81048-2037-11f0-ab1d-9ae3af3bf913,BH Van Maanenstraat,51.932279316,4.464280453,6,8,9999
2026-03-12T23:45:46.389055,1f4ff66c-bdb8-11ed-b1e6-fa4fb8e2990b,RK Van der Takstraat ,51.914243737,4.496045621,10,10,9999
2026-03-12T23:45:46.389055,3b523cee-5c94-11f0-ab1d-9ae3af3bf913,BH - Wilhelminapier,51.90698281,4.489727426,14,5,9999
2026-03-12T23:45:46.389055,e8d292d2-039a-11ef-b58d-569a23b994be,BH Mia van Yperenplein ,51.928414546,4.545678043,10,5,9999
2026-03-12T23:45:46.389055,12daf18a-8068-11ed-b1e6-fa4fb8e2990b,BH Treinst. Lombardijen (Aesopusplaats),51.880478018,4.530040287,10,1,9999
2026-03-12T23:45:46.389055,558e4a5a-eaba-11ee-a9f0-82366b51b915,BH Blijdorplaan ,51.927389289,4.440437692,22,10,9999
2026-03-12T23:45:46.389055,5a8de282-36ee-11f0-ab1d-9ae3af3bf913,BH van Blommesteynweg,51.888148155,4.460842726,10,1,9999
2026-03-12T23:45:46.389055,078569ee-a5b5-11f0-ab44-baed9603afbb,Nieuwe Waterwegstraat (digitale testhub),51.900682979,4.390873601,12,0,9999
2026-03-12T23:45:46.389055,8e5dd27e-06fd-11ef-b58d-569a23b994be,BH Prins Alexanderplein,51.951040272,4.553684972,14,0,9999
2026-03-12T23:45:46.389055,a6843864-fbc4-11ee-b58d-569a23b994be,Trompenburg 1,51.917696349,4.517981647,10,5,0
2026-03-12T23:45:46.389055,5b583480-a8da-11ef-8778-d2279db84567,BH Duyststraat,51.910073429,4.452225738,8,9,9999
2026-03-12T23:45:46.389055,2510e9ba-a5b6-11f0-847a-baed9603afbb,Hub Kloosterplaats,51.91675013,4.402112308,6,5,9999
2026-03-12T23:45:46.389055,880e3e72-a8dd-11ef-8778-d2279db84567,BH Spaansebocht,51.917413667,4.430014126,9,1,9999
2026-03-12T23:45:46.389055,b5b3324a-edb9-11ee-a9f0-82366b51b915,BH Siondwarsstraat,51.925261494,4.51053174,10,0,9999
2026-03-12T23:45:46.389055,94b01d94-edc6-11ee-a9f0-82366b51b915,BH Schuttersveld,51.933248028,4.490978921,10,7,9999
2026-03-12T23:45:46.389055,69b33170-edbd-11ee-a9f0-82366b51b915,BH Metro Oostplein 2,51.923145722,4.496820843,10,2,9999
2026-03-12T23:45:46.389055,67d6af9a-f068-11ef-ba40-0ea3ed1ae564,HUB Hof van Spaland - Schiedamseweg,51.934898803,4.378145906,12,2,9999
2026-03-12T23:45:46.389055,4933dd54-9e7c-11ee-a91e-ee69b7c7763e,BH Willem Ruyslaan (Luzac College),51.925421889,4.508669446,10,8,9999
2026-03-12T23:45:46.389055,9f935b6c-b095-11ef-b6d3-56d88772ab1a,BH Bergpolderplein,51.945227242,4.474988047,8,6,9999
2026-03-12T23:45:46.389055,8a2d056c-bb93-11ef-a02d-6ea8ed91bd56,BH NS Station Noord (Bergweg),51.941530048,4.481339526,10,4,4
2026-03-12T23:45:46.389055,4d95ab34-8122-11ed-b1e6-fa4fb8e2990b,RK Metrostation Maashaven ,51.896573582,4.494245173,30,2,9999
2026-03-12T23:45:46.389055,3d015ff0-8394-11ee-bb01-c602c1905375,BH Metrostation Oosterflank,51.945209326,4.555045447,10,0,9999
2026-03-12T23:45:46.389055,defeb050-a747-11ef-8778-d2279db84567,BH Karel Doormanstraat,51.922789549,4.473609692,9,5,9999
2026-03-12T23:45:46.389055,b5dc5454-890f-11ee-bb01-c602c1905375,BH Schilderstraat,51.916377397,4.48142868,8,3,9999
2026-03-12T23:45:46.389055,2f12ae3e-806c-11ed-b1e6-fa4fb8e2990b,BH Winkelcentrum Keizerswaard-Herenw,51.886358391,4.549308056,15,12,9999
2026-03-12T23:45:46.389055,3b6d73a8-805d-11ed-b1e6-fa4fb8e2990b,BH Metrostation Melanchtonweg,51.94881199,4.465233746,10,2,9999
2026-03-12T23:45:46.389055,d5832958-891a-11ee-bb01-c602c1905375,BH Metro Zuidplein (nieuw),51.887180341,4.491554668,10,0,9999
2026-03-12T23:45:46.389055,a535094e-b162-11ef-bdcd-5adc5d29ed54,BH Eudokiaplein,51.932433484,4.47153255,9,7,9999
2026-03-12T23:45:46.389055,437f8dc8-bd9e-11ed-b1e6-fa4fb8e2990b,RK Hillevliet,51.89558515,4.506432514,10,1,9999
2026-03-12T23:45:46.389055,f10d8ab4-9997-11ee-a91e-ee69b7c7763e,BH Shell Hofplein,51.925705456,4.477781355,28,1,9999
2026-03-12T23:45:46.389055,94467720-8127-11ed-b1e6-fa4fb8e2990b,RK Persoonsdam,51.909309099,4.508017165,10,0,9999
2026-03-12T23:45:46.389055,9245444a-2023-11f0-ab1d-9ae3af3bf913,BH Witte de Withstraat,51.915906523,4.478080905,10,6,9999
2026-03-12T23:45:46.389055,49d59348-ff64-11ef-b515-a65a77daff90,BH Bergweg (Dirk van den Broek),51.93856254,4.479465675,6,6,9999
2026-03-12T23:45:46.389055,30fb96bc-8124-11ed-b1e6-fa4fb8e2990b,RK Beverwaardseweg/ Borgharensingel,51.898798338,4.564663375,10,1,9999
2026-03-12T23:45:46.389055,9a1fb404-8ab3-11ee-bb01-c602c1905375,BH Langenhorst ,51.874120882,4.494254863,10,0,9999
2026-03-12T23:45:46.389055,abe67bfa-b096-11ef-b6d3-56d88772ab1a,BH Wilgenplaslaan/ Donkersingel,51.951337599,4.47048253,10,6,9999
2026-03-12T23:45:46.389055,068b0f9c-a8dd-11ef-8778-d2279db84567,BH Vierhavenstraat (Sahan),51.908502395,4.437727106,4,1,9999
2026-03-12T23:45:46.389055,bc0e7e9c-a8da-11ef-8778-d2279db84567,BH Jan van Vuchtstraat,51.917045317,4.460830874,6,4,9999
2026-03-12T23:45:46.389055,8b721818-a5b2-11f0-ab44-baed9603afbb,Lekstraat,51.90446958,4.406985264,6,4,9999
2026-03-12T23:45:46.389055,ad212572-06f7-11ef-b58d-569a23b994be,BH Molenlaan/Grindweg,51.963224537,4.49571068,10,3,9999
2026-03-12T23:45:46.389055,f8828c3e-806d-11ed-b1e6-fa4fb8e2990b,RK Station Rdam Zuid,51.905545015,4.509568537,15,5,9999
2026-03-12T23:45:46.389055,5f71799e-806b-11ed-b1e6-fa4fb8e2990b,BH Willemsplein,51.911118908,4.481894771,17,10,9999
2026-03-12T23:45:46.389055,42824336-bd97-11ed-b1e6-fa4fb8e2990b,RK Groene Hilledijk,51.882726433,4.504266667,10,2,9999
2026-03-12T23:45:46.389055,db6932f4-182b-11ef-a8d1-42f0fecaeb6a,BH Metrostation Nesselande,51.978969273,4.586177782,10,0,9999
2026-03-12T23:45:46.389055,e26322b0-2025-11f0-ab1d-9ae3af3bf913,BH Brielselaan,51.896298935,4.489248091,4,0,9999
2026-03-12T23:45:46.389055,c862b7f2-06fb-11ef-b58d-569a23b994be,BH Prins Alexanderlaan (metrobaan zijde),51.952192324,4.551435621,10,0,9999
2026-03-12T23:45:46.389055,c53689c2-8124-11ed-b1e6-fa4fb8e2990b,RK Peellandstraat / Beesdestraat ,51.888535309,4.567291893,10,5,9999
2026-03-12T23:45:46.389055,8f5d35a0-1834-11ef-8071-42f0fecaeb6a,BH Jan Bijloostraat (Winkelcentrum Lage Land),51.941821995,4.546449269,9,7,9999
2026-03-12T23:45:46.389055,f8fcd3a4-983a-11ef-a85a-be896af2d3a5,BH Rhijnauwensingel,51.892161199,4.569620613,12,2,9999
2026-03-12T23:45:46.389055,118239d4-a5b2-11f0-ab44-baed9603afbb,Lorentzlaan (bushalte),51.917994492,4.415061192,4,1,9999
2026-03-12T23:45:46.389055,0c107276-bdb7-11ed-b1e6-fa4fb8e2990b,RK Sandelingenplein,51.889562128,4.506962326,10,3,9999
2026-03-12T23:45:46.389055,75b8bea6-81d8-11ed-b1e6-fa4fb8e2990b,RK Metrostation Maashaven (Putselaan),51.897794241,4.495760713,10,4,9999
2026-03-12T23:45:46.389055,a20bbbae-bdae-11ed-b1e6-fa4fb8e2990b,RK Frankendaal,51.886951976,4.521294152,10,0,9999
2026-03-12T23:45:46.389055,f1df385c-f5b2-11ef-81b3-76e5c571f05f,HUB Admiraal de Ruyterstraat,51.906742474,4.38554997,8,3,9999
2026-03-12T23:45:46.389055,4247dd56-1c9f-11ee-8219-8ed3b2364c4f,BH Metro Coolhaven,51.909218289,4.458167882,10,9,9999
