fetch_timestamp,stop_id,name,lat,lon,bike_capacity,bikes_available,spaces_available
2026-04-20T02:24:26.306458,a3c07f10-a5b5-11f0-b05b-baed9603afbb,HUB Hoofdbrug,51.908705902,4.406131267,8,1,9999
2026-04-20T02:24:26.306458,b9bfe680-fbc4-11ee-b58d-569a23b994be,Trompenburg 2,51.917638379,4.518889893,10,0,10
2026-04-20T02:24:26.306458,3c659862-a8dd-11ef-8778-d2279db84567,BH Mayflowerstraat,51.905015647,4.440161906,10,4,9999
2026-04-20T02:24:26.306458,e0a4baca-a748-11ef-8778-d2279db84567,BH Mariniersweg,51.920853425,4.490979502,10,1,9999
2026-04-20T02:24:26.306458,c35c448e-06fc-11ef-b58d-569a23b994be,BH Jacob van Campenweg ,51.942434165,4.537976212,7,10,9999
2026-04-20T02:24:26.306458,438486f4-a5b6-11f0-a150-baed9603afbb,HUB Koemarkt ingang garage,51.914517902,4.401917461,6,0,9999
2026-04-20T02:24:26.306458,365f4a3e-a5b3-11f0-ab44-baed9603afbb,Rubensplein,51.911712719,4.383665134,6,1,9999
2026-04-20T02:24:26.306458,a85b996e-fe23-11ee-b58d-569a23b994be,BH Dirk van der Kooijweg (Waterleliesingel),51.953796964,4.52009166,10,1,9999
2026-04-20T02:24:26.306458,19e2de56-b5d8-11ee-9ae6-5263e3f30f1e,BH STC Waalhaven,51.878297275,4.448759787,10,1,9999
2026-04-20T02:24:26.306458,c6c213ee-ed18-11ef-9957-f683e5eb607c,BH Langenhorst (Binkhorst),51.877310029,4.494737503,10,7,9999
2026-04-20T02:24:26.306458,3366f8b0-a8dc-11ef-8778-d2279db84567,BH Vierhavenstraat (WoonEnzo),51.907777562,4.438830385,4,0,9999
2026-04-20T02:24:26.306458,04a89aea-a5b3-11f0-ab44-baed9603afbb,Groenelaan Hagastraat (Winkelcentrum),51.907303396,4.402285408,4,0,9999
2026-04-20T02:24:26.306458,32638aa6-a5b5-11f0-9f09-baed9603afbb,HUB Laan van Bol'es,51.928443203,4.370771711,10,0,9999
2026-04-20T02:24:26.306458,291c2f72-a749-11ef-8778-d2279db84567,BH Westzeedijk,51.909321622,4.471436479,10,3,9999
2026-04-20T02:24:26.306458,abd627be-67bb-11f0-91de-5eaa9feacc9b,BH Schiekade (Heer Bokelweg),51.927133058,4.476309832,10,1,9999
2026-04-20T02:24:26.306458,8948d5a4-b094-11ef-b6d3-56d88772ab1a,BH Duivenpad,51.964922912,4.498254116,8,2,9999
2026-04-20T02:24:26.306458,227e8c1e-be97-11ee-9ae6-5263e3f30f1e,HUB Metrostation Troelstralaan,51.915742295,4.384972326,10,2,9999
2026-04-20T02:24:26.306458,0af509a8-06f7-11ef-b58d-569a23b994be,BH Beethovensingel,51.96114919,4.505141448,10,1,9999
2026-04-20T02:24:26.306458,dc06f296-1768-11ef-8071-42f0fecaeb6a,BH Prins Alexanderlaan (Oosterflank),51.946646256,4.553811478,12,0,9999
2026-04-20T02:24:26.306458,221af3ce-7fe1-11ee-bb01-c602c1905375,BH Metro Prinsenlaan,51.940647564,4.556931306,10,0,9999
2026-04-20T02:24:26.306458,a793d6ba-edc8-11ee-a9f0-82366b51b915,BH Infirmeriestraat,51.922255603,4.502265891,10,8,9999
2026-04-20T02:24:26.306458,0359e1a2-bdb3-11ed-b1e6-fa4fb8e2990b,RK Rosestraat 11C,51.902954022,4.511377745,10,3,9999
2026-04-20T02:24:26.306458,87f07e20-9e78-11ee-a91e-ee69b7c7763e,BH Marconistraat (Lee Towers),51.912441021,4.430411189,14,2,9999
2026-04-20T02:24:26.306458,f539bd6e-06f8-11ef-b58d-569a23b994be,BH Meijersplein,51.955657978,4.463033845,8,3,9999
2026-04-20T02:24:26.306458,70f0801a-8071-11ed-b1e6-fa4fb8e2990b,RK treinstation Lombardijen,51.88057913,4.531905572,30,7,9999
2026-04-20T02:24:26.306458,43752ffc-a8db-11ef-8778-d2279db84567,BH Pieter de Hoochweg,51.906316301,4.459985731,6,6,9999
2026-04-20T02:24:26.306458,b35ddad8-ab08-11ef-8778-d2279db84567,HUB Rotterdamsedijk 272,51.914957692,4.40343084,8,2,9999
2026-04-20T02:24:26.306458,9b1fa0f6-ae3c-11ee-a91e-ee69b7c7763e,BH Winkelhart Plein 1953,51.874842065,4.467889739,10,8,9999
2026-04-20T02:24:26.306458,8bd90878-0884-11f0-9a47-66143dd92f22,RK Molenvliet,51.882626536,4.521159806,10,3,9999
2026-04-20T02:24:26.306458,45450b66-a5b2-11f0-ab44-baed9603afbb,Maasdijk (Gustoweg),51.906629018,4.412009895,6,0,9999
2026-04-20T02:24:26.306458,4de2effe-f068-11ef-ba40-0ea3ed1ae564,HUB Hof van Spaland - Vlaardingseweg,51.935841728,4.376077923,4,2,9999
2026-04-20T02:24:26.306458,d38c6468-06fe-11ef-b58d-569a23b994be,BH Kleine Beer,51.950902127,4.555051083,6,1,9999
2026-04-20T02:24:26.306458,e552904e-182b-11ef-a8d1-42f0fecaeb6a,BH Metrostation Hesseplaats,51.963345229,4.554510684,10,3,9999
2026-04-20T02:24:26.306458,1826196c-b162-11ef-bdcd-5adc5d29ed54,BH Bentincklaan (Diergaarde Blijdorp),51.92572504,4.454794024,10,4,9999
2026-04-20T02:24:26.306458,8a1e5ed0-1c9e-11ee-8219-8ed3b2364c4f,BH Sparta stadion,51.920151368,4.434428835,20,9,9999
2026-04-20T02:24:26.306458,d3c9003c-b486-11ee-9ae6-5263e3f30f1e,BH Oostzeedijk Beneden,51.922514244,4.503092963,10,4,9999
2026-04-20T02:24:26.306458,552a82b8-b094-11ef-b6d3-56d88772ab1a,BH Hockeyclub Rotterdam,51.96869974,4.484731647,25,0,9999
2026-04-20T02:24:26.306458,cb3f6d1c-a746-11ef-8778-d2279db84567,BH Vasteland (AH),51.911537089,4.478368712,10,6,9999
2026-04-20T02:24:26.306458,d4a8557a-eabd-11ef-ac99-aa7241d1fb4f,HUB Admiraal Trompstraat (Huisman),51.908834504,4.381923039,8,3,9999
2026-04-20T02:24:26.306458,00e8b3de-9e82-11ee-a91e-ee69b7c7763e,BH Jacques Dutilhweg,51.927993284,4.5475155,10,0,9999
2026-04-20T02:24:26.306458,d868fe52-36e5-11f0-ab1d-9ae3af3bf913,BH Sluisjesdijk,51.894714517,4.461900478,10,6,2
2026-04-20T02:24:26.306458,4338fed2-edbb-11ee-a9f0-82366b51b915,BH Oostzeedijk Beneden 2,51.921653595,4.507031037,10,7,9999
2026-04-20T02:24:26.306458,2c82bb9a-217b-11ee-8219-8ed3b2364c4f,Hub Weena,51.922738296,4.469181329,142,0,9999
2026-04-20T02:24:26.306458,96f5cbdc-06f6-11ef-b58d-569a23b994be,BH Argonautenweg,51.959086712,4.49354982,10,2,9999
2026-04-20T02:24:26.306458,2f51713e-32b7-11ee-8219-8ed3b2364c4f,Hub P+R Capelsebrug,51.920991793,4.559215491,18,9,9999
2026-04-20T02:24:26.306458,62b0255a-9e7a-11ee-a91e-ee69b7c7763e,BH Vierhavenstraat,51.910327597,4.434992993,16,0,9999
2026-04-20T02:24:26.306458,2b10524e-06f5-11ef-b58d-569a23b994be,BH Piet van der Polsingel,51.950618784,4.518612648,8,3,9999
2026-04-20T02:24:26.306458,47070056-06fa-11ef-b58d-569a23b994be,BH Metrostation Schenkel,51.931770435,4.56406792,12,1,9999
2026-04-20T02:24:26.306458,0e59456c-f06d-11f0-b173-2e3b4d4b7f35,BH P+R Kralingse Zoom,51.921440854,4.531732208,10,4,3
2026-04-20T02:24:26.306458,7a8c12ba-91ab-11ed-b1e6-fa4fb8e2990b,BH Metrostation Slinge,51.874526023,4.477872534,15,0,9999
2026-04-20T02:24:26.306458,026045c6-8530-11ee-bb01-c602c1905375,BH Winkelhart Katendrechtse Lagedijk,51.891184937,4.479440034,10,5,9999
2026-04-20T02:24:26.306458,9d9bb8ec-4bd1-11ee-bb01-c602c1905375,BH Marconiplein,51.913319277,4.432514448,10,3,9999
2026-04-20T02:24:26.306458,8330f3ca-a5b4-11f0-ab44-baed9603afbb,Fokkerstraat Plesmanstraat,51.929694009,4.399576614,4,0,9999
2026-04-20T02:24:26.306458,5b842034-5331-11f0-ab1d-9ae3af3bf913,BH Walenburgerweg,51.926698659,4.462629155,10,7,9999
2026-04-20T02:24:26.306458,a08059b6-b484-11ee-9ae6-5263e3f30f1e,BH Metrostation Gerdesiaweg,51.925444134,4.506155972,10,2,9999
2026-04-20T02:24:26.306458,2f718c84-8911-11ee-bb01-c602c1905375,BH Metro Dijkzigt - EMC,51.911789199,4.466334846,20,13,9999
2026-04-20T02:24:26.306458,f58e41fc-1c9f-11ee-8219-8ed3b2364c4f,BH Heemraadsplein,51.912322959,4.455058085,10,4,9999
2026-04-20T02:24:26.306458,79fdd038-34b8-11f0-ab1d-9ae3af3bf913,BH RTHA Airport,51.94924845,4.432611987,10,1,7
2026-04-20T02:24:26.306458,1c41897e-596e-11ef-bed6-aa139991deb4,HUB Metrostation Nieuwland / Bijdorpplein,51.922583819,4.38260008,10,0,9999
2026-04-20T02:24:26.306458,a57d027c-8912-11ee-bb01-c602c1905375,BH Delftse Poort,51.924408145,4.472816464,10,3,9999
2026-04-20T02:24:26.306458,6383849a-2038-11f0-ab1d-9ae3af3bf913,BH - Kralingsebos (Langepad),51.936318565,4.506197017,10,3,9999
2026-04-20T02:24:26.306458,e90e9332-06f5-11ef-b58d-569a23b994be,BH Burgemeester Le Fèvre de Montignylaan,51.957620055,4.501711782,10,0,9999
2026-04-20T02:24:26.306458,5cb3ffde-bdaf-11ed-b1e6-fa4fb8e2990b,RK Stadionlaan,51.892328813,4.530682857,10,0,9999
2026-04-20T02:24:26.306458,02bed1f8-8392-11ee-bb01-c602c1905375,BH Station Alexander,51.951735827,4.551049232,10,1,9999
2026-04-20T02:24:26.306458,08d5cf66-8ab2-11ee-bb01-c602c1905375,BH Winkelhart Asterlo,51.873536387,4.483591736,10,3,9999
2026-04-20T02:24:26.306458,0e51e024-c757-11ee-9ae6-5263e3f30f1e,BH Metrostation Binnenhof,51.960437867,4.535372966,10,7,9999
2026-04-20T02:24:26.306458,409f87f6-890f-11ee-bb01-c602c1905375,BH Metro Beurs,51.917806013,4.480107053,8,0,9999
2026-04-20T02:24:26.306458,d6a7cd26-4d08-11f0-ab1d-9ae3af3bf913,BH - Oudehoofdplein-Haringvliet,51.918979475,4.49384405,10,5,9999
2026-04-20T02:24:26.306458,f0ad9b92-1767-11ef-8071-42f0fecaeb6a,BH Prinsenlaan,51.937206457,4.536127586,10,7,9999
2026-04-20T02:24:26.306458,f06fd44c-2035-11f0-ab1d-9ae3af3bf913,BH Boezemlaan,51.938982631,4.495864471,10,6,9999
2026-04-20T02:24:26.306458,8d91a90c-9e83-11ee-a91e-ee69b7c7763e,BH Kraaierstraat,51.91909698,4.418192898,8,2,9999
2026-04-20T02:24:26.306458,a2671a36-bdad-11ed-b1e6-fa4fb8e2990b,RK Dwarsdijk,51.893055987,4.539201504,10,2,9999
2026-04-20T02:24:26.306458,376a5cda-06f8-11ef-b58d-569a23b994be,BH Ganzerikplein,51.958953276,4.471584016,10,1,9999
2026-04-20T02:24:26.306458,5cdd9872-b096-11ef-b6d3-56d88772ab1a,BH Wilgenplaslaan/ Meidoornsingel,51.953868042,4.468211582,7,1,9999
2026-04-20T02:24:26.306458,952a3e78-a8db-11ef-8778-d2279db84567,BH Lloydstraat,51.902214281,4.461287644,10,4,9999
2026-04-20T02:24:26.306458,a6fa0910-8067-11ed-b1e6-fa4fb8e2990b,BH Stadion Fey (Bert Heesakkerstr.),51.896805818,4.521735582,50,0,9999
2026-04-20T02:24:26.306458,a1337d02-e018-11ed-a249-96cdaf8f7240,BH Sint Franciscus,51.942171146,4.460534407,25,1,9999
2026-04-20T02:24:26.306458,d3cea108-8285-11f0-ab44-baed9603afbb,BH - Ratelaarweg,51.967431611,4.463349689,10,3,9999
2026-04-20T02:24:26.306458,3bef7002-bdb5-11ed-b1e6-fa4fb8e2990b,RK Breeweg,51.890630632,4.514261169,10,2,9999
2026-04-20T02:24:26.306458,8c90734c-45bb-11ee-8219-8ed3b2364c4f,BH Coen Moulijnweg,51.893813253,4.526876329,42,5,9999
2026-04-20T02:24:26.306458,1b098490-2037-11f0-ab1d-9ae3af3bf913,BH Karmelweg,51.933461291,4.5029394,8,3,9999
2026-04-20T02:24:26.306458,23348a06-bdb1-11ed-b1e6-fa4fb8e2990b,RK Guido Gezelleweg,51.87434607,4.523238145,10,5,9999
2026-04-20T02:24:26.306458,66824038-37b2-11ef-a21a-8e54a72a50da,HUB Metrostation Parkweg / Zuidzijde,51.921443238,4.39475836,10,2,8
2026-04-20T02:24:26.306458,2c127298-ff25-11ef-a79f-a65a77daff90,BH Aert van Nesstraat,51.921141166,4.478916173,8,0,9999
2026-04-20T02:24:26.306458,cde445c6-a744-11ef-8778-d2279db84567,BH Groenendaal,51.921685178,4.492944049,6,1,9999
2026-04-20T02:24:26.306458,97c6a1c2-a8da-11ef-8778-d2279db84567,BH Henegouwerplein,51.921807589,4.460561523,10,1,9999
2026-04-20T02:24:26.306458,e68d5642-a5b5-11f0-b6c1-baed9603afbb,HUB NS Station Schiedam Centrum/ Professor Kamerlingh Onneslaan,51.92071744,4.408262487,12,2,9999
2026-04-20T02:24:26.306458,82623a40-bda3-11ed-b1e6-fa4fb8e2990b,RK Rosestraat,51.91100607,4.501308573,10,8,9999
2026-04-20T02:24:26.306458,b7353df6-b485-11ee-9ae6-5263e3f30f1e,BH Metrostation Kralingsezoom (Gravenweg),51.921751706,4.533850265,10,9,9999
2026-04-20T02:24:26.306458,6c34980a-bb92-11ef-a02d-6ea8ed91bd56,BH Gordelweg (Lidl),51.940472428,4.479798999,4,3,9999
2026-04-20T02:24:26.306458,5904bd1a-a5b5-11f0-b05b-baed9603afbb,HUB Hof van Spaland - Bachplein,51.934889388,4.374726808,8,3,9999
2026-04-20T02:24:26.306458,32ca5fd0-8126-11ed-b1e6-fa4fb8e2990b,RK Vuurplaat,51.906526668,4.505838102,10,1,9999
2026-04-20T02:24:26.306458,f94a1ff6-b095-11ef-b6d3-56d88772ab1a,BH Bm Le Fèvre de Montignylaan/ Jeroen Boschlaan,51.955641943,4.505982462,6,0,9999
2026-04-20T02:24:26.306458,4228b402-8537-11ee-bb01-c602c1905375,BH Tongelaarweg,51.895280064,4.563514996,10,3,9999
2026-04-20T02:24:26.306458,6f66a60c-36e5-11f0-ab1d-9ae3af3bf913,BH Lloydpier,51.904487669,4.460458303,8,5,2
2026-04-20T02:24:26.306458,7d81b63e-a5b5-11f0-b05b-baed9603afbb,HUB 's Gravelandseweg,51.932091958,4.401924037,6,2,9999
2026-04-20T02:24:26.306458,a3dbb322-8121-11ed-b1e6-fa4fb8e2990b,RK Metrostation Rijnhaven ,51.902216981,4.49610172,15,6,9999
2026-04-20T02:24:26.306458,cf23b50e-9ad0-11f0-ab44-baed9603afbb,BH Natuurhistorisch museum,51.911022288,4.472728259,12,2,9999
2026-04-20T02:24:26.306458,d55243f6-182b-11ef-a8d1-42f0fecaeb6a,BH Siciliëboulevard ,51.97996654,4.580859756,10,0,9999
2026-04-20T02:24:26.306458,e0f7ef36-a5b4-11f0-ab44-baed9603afbb,Havenstraat einde (digitale testhub),51.900396883,4.398614319,12,0,9999
2026-04-20T02:24:26.306458,05d1d708-eabd-11ef-88c2-aa7241d1fb4f,HUB De Thermen ,51.927426752,4.380236246,8,5,9999
2026-04-20T02:24:26.306458,b3381a7a-2036-11f0-ab1d-9ae3af3bf913,BH Oudedijk / de Nieuwe Plantage,51.929149075,4.505248613,8,3,9999
2026-04-20T02:24:26.306458,8b480576-eabc-11ee-a9f0-82366b51b915,BH Schiedamseweg Beneden,51.914135146,4.422297364,5,1,9999
2026-04-20T02:24:26.306458,89a2f1d2-a5b3-11f0-ab44-baed9603afbb,Metrostation Vijfsluizen,51.908108215,4.37254105,8,1,9999
2026-04-20T02:24:26.306458,e50f3d1e-f069-11ef-9ed7-0ea3ed1ae564,HUB Oranjestraat - Lange Nieuwstraat,51.913368472,4.40030457,5,0,9999
2026-04-20T02:24:26.306458,4c1b19a4-d0a1-11ee-8b0e-065810cc8d78,BH Elandstraat,51.910800072,4.553878993,10,3,9999
2026-04-20T02:24:26.306458,bbbba24e-806e-11ed-b1e6-fa4fb8e2990b,RK P+R Noorderhelling,51.894761016,4.532122707,15,0,9999
2026-04-20T02:24:26.306458,3ac0b682-8129-11ed-b1e6-fa4fb8e2990b,RK Cor Kieboomplein,51.896922039,4.523502821,15,2,9999
2026-04-20T02:24:26.306458,5a3ffbf4-37b1-11ef-a21a-8e54a72a50da,HUB Metrostation Nieuwland / Van Limburg Stirumstraat,51.922446663,4.38308784,6,1,5
2026-04-20T02:24:26.306458,5d8d12a2-a5b4-11f0-ab44-baed9603afbb,Van Heekstraat,51.931167557,4.406024405,4,0,9999
2026-04-20T02:24:26.306458,f251d6e8-0b82-11ef-b58d-569a23b994be,BH Metrostation Graskruid ,51.956473743,4.550010233,8,2,9999
2026-04-20T02:24:26.306458,a4d2ea7c-b2f0-11ef-aa57-62870c7808bb,BH 2e Hogenbanweg,51.936951327,4.427707182,8,2,9999
2026-04-20T02:24:26.306458,75ba0d1a-2037-11f0-ab1d-9ae3af3bf913,BH Stadhoudersweg,51.931417737,4.461484988,10,5,9999
2026-04-20T02:24:26.306458,bc6b0d7e-a745-11ef-8778-d2279db84567,BH Goudsewagenstraat,51.923224462,4.493552746,8,11,9999
2026-04-20T02:24:26.306458,0f37eafc-8912-11ee-bb01-c602c1905375,BH Metro Oostplein,51.922677789,4.497608825,10,7,9999
2026-04-20T02:24:26.306458,aed7c2fa-8123-11ed-b1e6-fa4fb8e2990b,RK Groene Hilledijk/Beijerlandselaan,51.893806789,4.509452258,10,7,9999
2026-04-20T02:24:26.306458,c76f0318-bb92-11ef-a02d-6ea8ed91bd56,BH NS Centraal Station (Stationssingel),51.925399994,4.466148375,10,7,9999
2026-04-20T02:24:26.306458,361a368c-a5b4-11f0-ab44-baed9603afbb,Sportpark Haga (Epke Zonderlandstraat),51.921919868,4.370918199,8,6,9999
2026-04-20T02:24:26.306458,f4c0fe5e-02d6-11ef-b58d-569a23b994be,BH Paulus Potterstraat,51.9228414,4.508497696,10,2,9999
2026-04-20T02:24:26.306458,48cbf66e-9f15-11ee-a91e-ee69b7c7763e,BH Franselaan,51.917379138,4.420463507,10,3,9999
2026-04-20T02:24:26.306458,e9735b4e-7da7-11f0-ab44-baed9603afbb,BH Veldkersweg,51.966835673,4.46657292,8,0,9999
2026-04-20T02:24:26.306458,4b1ac684-bb93-11ef-a02d-6ea8ed91bd56,BH Noorderkanaalweg,51.940525593,4.472984586,9,2,9999
2026-04-20T02:24:26.306458,033a9392-3700-11f0-ab1d-9ae3af3bf913,BH Herman Bavinckstraat,51.915067882,4.521446921,10,4,9999
2026-04-20T02:24:26.306458,ffe8c3e8-a8da-11ef-8778-d2279db84567,BH Mathenesserplein,51.917836602,4.44508891,8,3,9999
2026-04-20T02:24:26.306458,e377069a-ff63-11ef-a79f-a65a77daff90,BH Kralingsebos Bosdreef/Pr. Beatrixlaan,51.93789612,4.501689644,8,3,9999
2026-04-20T02:24:26.306458,7af95f9c-a747-11ef-8778-d2279db84567,BH Kruisplein,51.92228569,4.47138789,6,4,9999
2026-04-20T02:24:26.306458,4c50cb7a-bdb6-11ed-b1e6-fa4fb8e2990b,RK Olympiaweg,51.886462746,4.529133302,10,6,9999
2026-04-20T02:24:26.306458,a694ef4e-36e5-11f0-ab1d-9ae3af3bf913,BH Neushoornstraat,51.913041554,4.553743002,6,1,5
2026-04-20T02:24:26.306458,be56ca62-8120-11ed-b1e6-fa4fb8e2990b,RK P+R Beverwaard,51.885771514,4.568986239,10,5,9999
2026-04-20T02:24:26.306458,d5af3bc4-806a-11ed-b1e6-fa4fb8e2990b,BH Kievitslaan,51.907226862,4.473300159,17,1,9999
2026-04-20T02:24:26.306458,dd006abc-a5b3-11f0-ab44-baed9603afbb,Havenstraat,51.903204365,4.398004897,8,0,9999
2026-04-20T02:24:26.306458,6f09af84-eabe-11ee-a9f0-82366b51b915,BH Delftseplein ,51.925206514,4.474011701,14,5,9999
2026-04-20T02:24:26.306458,1cfb89ec-806b-11ed-b1e6-fa4fb8e2990b,BH Westplein,51.908912961,4.478583441,10,2,9999
2026-04-20T02:24:26.306458,12fc10a4-bb94-11ef-a02d-6ea8ed91bd56,BH Noordplein,51.930251975,4.483699175,10,2,9999
2026-04-20T02:24:26.306458,276e8d26-bda0-11ed-b1e6-fa4fb8e2990b,RK Strevelsweg,51.889634937,4.495943368,15,3,9999
2026-04-20T02:24:26.306458,9e066470-2038-11f0-ab1d-9ae3af3bf913,BH Kralinger Esch,51.911179823,4.524762065,9,7,9999
2026-04-20T02:24:26.306458,9b1f0aaa-8125-11ed-b1e6-fa4fb8e2990b,RK Slaghekstraat - Beijerlandselaan,51.897574833,4.511261604,10,5,9999
2026-04-20T02:24:26.306458,b8c81048-2037-11f0-ab1d-9ae3af3bf913,BH Van Maanenstraat,51.932279316,4.464280453,6,8,9999
2026-04-20T02:24:26.306458,1f4ff66c-bdb8-11ed-b1e6-fa4fb8e2990b,RK Van der Takstraat ,51.914243737,4.496045621,10,5,9999
2026-04-20T02:24:26.306458,3b523cee-5c94-11f0-ab1d-9ae3af3bf913,BH - Wilhelminapier,51.90698281,4.489727426,14,7,9999
2026-04-20T02:24:26.306458,e8d292d2-039a-11ef-b58d-569a23b994be,BH Mia van Yperenplein ,51.928414546,4.545678043,10,0,9999
2026-04-20T02:24:26.306458,12daf18a-8068-11ed-b1e6-fa4fb8e2990b,BH Treinst. Lombardijen (Aesopusplaats),51.880478018,4.530040287,10,0,9999
2026-04-20T02:24:26.306458,558e4a5a-eaba-11ee-a9f0-82366b51b915,BH Blijdorplaan ,51.927389289,4.440437692,22,1,9999
2026-04-20T02:24:26.306458,5a8de282-36ee-11f0-ab1d-9ae3af3bf913,BH van Blommesteynweg,51.888148155,4.460842726,10,0,9999
2026-04-20T02:24:26.306458,078569ee-a5b5-11f0-ab44-baed9603afbb,Nieuwe Waterwegstraat (digitale testhub),51.900682979,4.390873601,12,0,9999
2026-04-20T02:24:26.306458,8e5dd27e-06fd-11ef-b58d-569a23b994be,BH Prins Alexanderplein,51.951040272,4.553684972,14,0,9999
2026-04-20T02:24:26.306458,a6843864-fbc4-11ee-b58d-569a23b994be,Trompenburg 1,51.917696349,4.517981647,10,2,7
2026-04-20T02:24:26.306458,5b583480-a8da-11ef-8778-d2279db84567,BH Duyststraat,51.910073429,4.452225738,8,4,9999
2026-04-20T02:24:26.306458,2510e9ba-a5b6-11f0-847a-baed9603afbb,Hub Kloosterplaats,51.91675013,4.402112308,6,0,9999
2026-04-20T02:24:26.306458,880e3e72-a8dd-11ef-8778-d2279db84567,BH Spaansebocht,51.917413667,4.430014126,9,0,9999
2026-04-20T02:24:26.306458,b5b3324a-edb9-11ee-a9f0-82366b51b915,BH Siondwarsstraat,51.925261494,4.51053174,10,0,9999
2026-04-20T02:24:26.306458,94b01d94-edc6-11ee-a9f0-82366b51b915,BH Schuttersveld,51.933248028,4.490978921,10,5,9999
2026-04-20T02:24:26.306458,69b33170-edbd-11ee-a9f0-82366b51b915,BH Metro Oostplein 2,51.923145722,4.496820843,10,4,9999
2026-04-20T02:24:26.306458,67d6af9a-f068-11ef-ba40-0ea3ed1ae564,HUB Hof van Spaland - Schiedamseweg,51.934898803,4.378145906,12,5,9999
2026-04-20T02:24:26.306458,f4d561c2-1e0f-11f1-bada-da123385441b,BH PR Slinge 2,51.87374414,4.477026543,10,1,9
2026-04-20T02:24:26.306458,4933dd54-9e7c-11ee-a91e-ee69b7c7763e,BH Willem Ruyslaan (Luzac College),51.925421889,4.508669446,10,3,9999
2026-04-20T02:24:26.306458,9f935b6c-b095-11ef-b6d3-56d88772ab1a,BH Bergpolderplein,51.945227242,4.474988047,8,3,9999
2026-04-20T02:24:26.306458,8a2d056c-bb93-11ef-a02d-6ea8ed91bd56,BH NS Station Noord (Bergweg),51.941530048,4.481339526,10,0,10
2026-04-20T02:24:26.306458,4d95ab34-8122-11ed-b1e6-fa4fb8e2990b,RK Metrostation Maashaven ,51.896573582,4.494245173,30,4,9999
2026-04-20T02:24:26.306458,3d015ff0-8394-11ee-bb01-c602c1905375,BH Metrostation Oosterflank,51.945209326,4.555045447,10,0,9999
2026-04-20T02:24:26.306458,defeb050-a747-11ef-8778-d2279db84567,BH Karel Doormanstraat,51.922789549,4.473609692,9,1,9999
2026-04-20T02:24:26.306458,b5dc5454-890f-11ee-bb01-c602c1905375,BH Schilderstraat,51.916377397,4.48142868,8,1,9999
2026-04-20T02:24:26.306458,2f12ae3e-806c-11ed-b1e6-fa4fb8e2990b,BH Winkelcentrum Keizerswaard-Herenw,51.886358391,4.549308056,15,12,9999
2026-04-20T02:24:26.306458,3b6d73a8-805d-11ed-b1e6-fa4fb8e2990b,BH Metrostation Melanchtonweg,51.94881199,4.465233746,10,1,9999
2026-04-20T02:24:26.306458,d5832958-891a-11ee-bb01-c602c1905375,BH Metro Zuidplein (nieuw),51.887180341,4.491554668,10,6,9999
2026-04-20T02:24:26.306458,a535094e-b162-11ef-bdcd-5adc5d29ed54,BH Eudokiaplein,51.932433484,4.47153255,9,2,9999
2026-04-20T02:24:26.306458,437f8dc8-bd9e-11ed-b1e6-fa4fb8e2990b,RK Hillevliet,51.89558515,4.506432514,10,3,9999
2026-04-20T02:24:26.306458,f10d8ab4-9997-11ee-a91e-ee69b7c7763e,BH Shell Hofplein,51.925705456,4.477781355,28,3,9999
2026-04-20T02:24:26.306458,94467720-8127-11ed-b1e6-fa4fb8e2990b,RK Persoonsdam,51.909309099,4.508017165,10,4,9999
2026-04-20T02:24:26.306458,9245444a-2023-11f0-ab1d-9ae3af3bf913,BH Witte de Withstraat,51.915906523,4.478080905,10,0,9999
2026-04-20T02:24:26.306458,49d59348-ff64-11ef-b515-a65a77daff90,BH Bergweg (Dirk van den Broek),51.93856254,4.479465675,6,4,9999
2026-04-20T02:24:26.306458,30fb96bc-8124-11ed-b1e6-fa4fb8e2990b,RK Beverwaardseweg/ Borgharensingel,51.898798338,4.564663375,10,1,9999
2026-04-20T02:24:26.306458,9a1fb404-8ab3-11ee-bb01-c602c1905375,BH Langenhorst ,51.874120882,4.494254863,10,5,9999
2026-04-20T02:24:26.306458,abe67bfa-b096-11ef-b6d3-56d88772ab1a,BH Wilgenplaslaan/ Donkersingel,51.951337599,4.47048253,10,3,9999
2026-04-20T02:24:26.306458,068b0f9c-a8dd-11ef-8778-d2279db84567,BH Vierhavenstraat (Sahan),51.908502395,4.437727106,4,0,9999
2026-04-20T02:24:26.306458,bc0e7e9c-a8da-11ef-8778-d2279db84567,BH Jan van Vuchtstraat,51.917045317,4.460830874,6,7,9999
2026-04-20T02:24:26.306458,8b721818-a5b2-11f0-ab44-baed9603afbb,Lekstraat,51.90446958,4.406985264,6,0,9999
2026-04-20T02:24:26.306458,ad212572-06f7-11ef-b58d-569a23b994be,BH Molenlaan/Grindweg,51.963224537,4.49571068,10,0,9999
2026-04-20T02:24:26.306458,f8828c3e-806d-11ed-b1e6-fa4fb8e2990b,RK Station Rdam Zuid,51.905545015,4.509568537,15,7,9999
2026-04-20T02:24:26.306458,5f71799e-806b-11ed-b1e6-fa4fb8e2990b,BH Willemsplein,51.911118908,4.481894771,17,3,9999
2026-04-20T02:24:26.306458,42824336-bd97-11ed-b1e6-fa4fb8e2990b,RK Groene Hilledijk,51.882726433,4.504266667,10,1,9999
2026-04-20T02:24:26.306458,db6932f4-182b-11ef-a8d1-42f0fecaeb6a,BH Metrostation Nesselande,51.978969273,4.586177782,10,0,9999
2026-04-20T02:24:26.306458,2c4ff78a-2783-11f1-a5ae-0225521a85c1,BH PR Slinge 2,51.87374414,4.477026543,10,1,9
2026-04-20T02:24:26.306458,e26322b0-2025-11f0-ab1d-9ae3af3bf913,BH Brielselaan,51.896298935,4.489248091,4,0,9999
2026-04-20T02:24:26.306458,c862b7f2-06fb-11ef-b58d-569a23b994be,BH Prins Alexanderlaan (metrobaan zijde),51.952192324,4.551435621,10,0,9999
2026-04-20T02:24:26.306458,c53689c2-8124-11ed-b1e6-fa4fb8e2990b,RK Peellandstraat / Beesdestraat ,51.888535309,4.567291893,10,3,9999
2026-04-20T02:24:26.306458,8f5d35a0-1834-11ef-8071-42f0fecaeb6a,BH Jan Bijloostraat (Winkelcentrum Lage Land),51.941821995,4.546449269,9,6,9999
2026-04-20T02:24:26.306458,f8fcd3a4-983a-11ef-a85a-be896af2d3a5,BH Rhijnauwensingel,51.892161199,4.569620613,12,0,9999
2026-04-20T02:24:26.306458,118239d4-a5b2-11f0-ab44-baed9603afbb,Lorentzlaan (bushalte),51.917994492,4.415061192,4,0,9999
2026-04-20T02:24:26.306458,0c107276-bdb7-11ed-b1e6-fa4fb8e2990b,RK Sandelingenplein,51.889562128,4.506962326,10,1,9999
2026-04-20T02:24:26.306458,75b8bea6-81d8-11ed-b1e6-fa4fb8e2990b,RK Metrostation Maashaven (Putselaan),51.897794241,4.495760713,10,1,9999
2026-04-20T02:24:26.306458,a20bbbae-bdae-11ed-b1e6-fa4fb8e2990b,RK Frankendaal,51.886951976,4.521294152,10,0,9999
2026-04-20T02:24:26.306458,bc839806-a5b1-11f0-ab44-baed9603afbb,Van het Hoffplein (Boerhavelaan),51.916219132,4.412005574,8,2,9999
2026-04-20T02:24:26.306458,2c632780-a8de-11ef-8778-d2279db84567,BH Schuttevaerweg,51.922420472,4.434869706,10,0,9999
2026-04-20T02:24:26.306458,f1df385c-f5b2-11ef-81b3-76e5c571f05f,HUB Admiraal de Ruyterstraat,51.906742474,4.38554997,8,5,9999
2026-04-20T02:24:26.306458,4247dd56-1c9f-11ee-8219-8ed3b2364c4f,BH Metro Coolhaven,51.909218289,4.458167882,10,1,9999
2026-04-20T02:24:26.306458,65af1c24-06f4-11ef-b58d-569a23b994be,BH Meerum Terwogtlaan,51.951763386,4.524587387,10,2,9999
2026-04-20T05:26:01.497711,a3c07f10-a5b5-11f0-b05b-baed9603afbb,HUB Hoofdbrug,51.908705902,4.406131267,8,1,9999
2026-04-20T05:26:01.497711,b9bfe680-fbc4-11ee-b58d-569a23b994be,Trompenburg 2,51.917638379,4.518889893,10,0,10
2026-04-20T05:26:01.497711,3c659862-a8dd-11ef-8778-d2279db84567,BH Mayflowerstraat,51.905015647,4.440161906,10,3,9999
2026-04-20T05:26:01.497711,e0a4baca-a748-11ef-8778-d2279db84567,BH Mariniersweg,51.920853425,4.490979502,10,3,9999
2026-04-20T05:26:01.497711,c35c448e-06fc-11ef-b58d-569a23b994be,BH Jacob van Campenweg ,51.942434165,4.537976212,7,10,9999
2026-04-20T05:26:01.497711,438486f4-a5b6-11f0-a150-baed9603afbb,HUB Koemarkt ingang garage,51.914517902,4.401917461,6,0,9999
2026-04-20T05:26:01.497711,365f4a3e-a5b3-11f0-ab44-baed9603afbb,Rubensplein,51.911712719,4.383665134,6,1,9999
2026-04-20T05:26:01.497711,a85b996e-fe23-11ee-b58d-569a23b994be,BH Dirk van der Kooijweg (Waterleliesingel),51.953796964,4.52009166,10,1,9999
2026-04-20T05:26:01.497711,19e2de56-b5d8-11ee-9ae6-5263e3f30f1e,BH STC Waalhaven,51.878297275,4.448759787,10,1,9999
2026-04-20T05:26:01.497711,c6c213ee-ed18-11ef-9957-f683e5eb607c,BH Langenhorst (Binkhorst),51.877310029,4.494737503,10,7,9999
2026-04-20T05:26:01.497711,3366f8b0-a8dc-11ef-8778-d2279db84567,BH Vierhavenstraat (WoonEnzo),51.907777562,4.438830385,4,0,9999
2026-04-20T05:26:01.497711,04a89aea-a5b3-11f0-ab44-baed9603afbb,Groenelaan Hagastraat (Winkelcentrum),51.907303396,4.402285408,4,0,9999
2026-04-20T05:26:01.497711,32638aa6-a5b5-11f0-9f09-baed9603afbb,HUB Laan van Bol'es,51.928443203,4.370771711,10,0,9999
2026-04-20T05:26:01.497711,291c2f72-a749-11ef-8778-d2279db84567,BH Westzeedijk,51.909321622,4.471436479,10,3,9999
2026-04-20T05:26:01.497711,abd627be-67bb-11f0-91de-5eaa9feacc9b,BH Schiekade (Heer Bokelweg),51.927133058,4.476309832,10,1,9999
2026-04-20T05:26:01.497711,8948d5a4-b094-11ef-b6d3-56d88772ab1a,BH Duivenpad,51.964922912,4.498254116,8,2,9999
2026-04-20T05:26:01.497711,227e8c1e-be97-11ee-9ae6-5263e3f30f1e,HUB Metrostation Troelstralaan,51.915742295,4.384972326,10,1,9999
2026-04-20T05:26:01.497711,0af509a8-06f7-11ef-b58d-569a23b994be,BH Beethovensingel,51.96114919,4.505141448,10,1,9999
2026-04-20T05:26:01.497711,dc06f296-1768-11ef-8071-42f0fecaeb6a,BH Prins Alexanderlaan (Oosterflank),51.946646256,4.553811478,12,0,9999
2026-04-20T05:26:01.497711,221af3ce-7fe1-11ee-bb01-c602c1905375,BH Metro Prinsenlaan,51.940647564,4.556931306,10,0,9999
2026-04-20T05:26:01.497711,a793d6ba-edc8-11ee-a9f0-82366b51b915,BH Infirmeriestraat,51.922255603,4.502265891,10,8,9999
2026-04-20T05:26:01.497711,0359e1a2-bdb3-11ed-b1e6-fa4fb8e2990b,RK Rosestraat 11C,51.902954022,4.511377745,10,4,9999
2026-04-20T05:26:01.497711,87f07e20-9e78-11ee-a91e-ee69b7c7763e,BH Marconistraat (Lee Towers),51.912441021,4.430411189,14,3,9999
2026-04-20T05:26:01.497711,f539bd6e-06f8-11ef-b58d-569a23b994be,BH Meijersplein,51.955657978,4.463033845,8,3,9999
2026-04-20T05:26:01.497711,70f0801a-8071-11ed-b1e6-fa4fb8e2990b,RK treinstation Lombardijen,51.88057913,4.531905572,30,7,9999
2026-04-20T05:26:01.497711,43752ffc-a8db-11ef-8778-d2279db84567,BH Pieter de Hoochweg,51.906316301,4.459985731,6,4,9999
2026-04-20T05:26:01.497711,b35ddad8-ab08-11ef-8778-d2279db84567,HUB Rotterdamsedijk 272,51.914957692,4.40343084,8,2,9999
2026-04-20T05:26:01.497711,9b1fa0f6-ae3c-11ee-a91e-ee69b7c7763e,BH Winkelhart Plein 1953,51.874842065,4.467889739,10,8,9999
2026-04-20T05:26:01.497711,8bd90878-0884-11f0-9a47-66143dd92f22,RK Molenvliet,51.882626536,4.521159806,10,4,9999
2026-04-20T05:26:01.497711,45450b66-a5b2-11f0-ab44-baed9603afbb,Maasdijk (Gustoweg),51.906629018,4.412009895,6,0,9999
2026-04-20T05:26:01.497711,4de2effe-f068-11ef-ba40-0ea3ed1ae564,HUB Hof van Spaland - Vlaardingseweg,51.935841728,4.376077923,4,2,9999
2026-04-20T05:26:01.497711,d38c6468-06fe-11ef-b58d-569a23b994be,BH Kleine Beer,51.950902127,4.555051083,6,1,9999
2026-04-20T05:26:01.497711,e552904e-182b-11ef-a8d1-42f0fecaeb6a,BH Metrostation Hesseplaats,51.963345229,4.554510684,10,3,9999
2026-04-20T05:26:01.497711,1826196c-b162-11ef-bdcd-5adc5d29ed54,BH Bentincklaan (Diergaarde Blijdorp),51.92572504,4.454794024,10,4,9999
2026-04-20T05:26:01.497711,8a1e5ed0-1c9e-11ee-8219-8ed3b2364c4f,BH Sparta stadion,51.920151368,4.434428835,20,9,9999
2026-04-20T05:26:01.497711,d3c9003c-b486-11ee-9ae6-5263e3f30f1e,BH Oostzeedijk Beneden,51.922514244,4.503092963,10,3,9999
2026-04-20T05:26:01.497711,552a82b8-b094-11ef-b6d3-56d88772ab1a,BH Hockeyclub Rotterdam,51.96869974,4.484731647,25,0,9999
2026-04-20T05:26:01.497711,cb3f6d1c-a746-11ef-8778-d2279db84567,BH Vasteland (AH),51.911537089,4.478368712,10,6,9999
2026-04-20T05:26:01.497711,d4a8557a-eabd-11ef-ac99-aa7241d1fb4f,HUB Admiraal Trompstraat (Huisman),51.908834504,4.381923039,8,3,9999
2026-04-20T05:26:01.497711,00e8b3de-9e82-11ee-a91e-ee69b7c7763e,BH Jacques Dutilhweg,51.927993284,4.5475155,10,0,9999
2026-04-20T05:26:01.497711,d868fe52-36e5-11f0-ab1d-9ae3af3bf913,BH Sluisjesdijk,51.894714517,4.461900478,10,6,2
2026-04-20T05:26:01.497711,4338fed2-edbb-11ee-a9f0-82366b51b915,BH Oostzeedijk Beneden 2,51.921653595,4.507031037,10,9,9999
2026-04-20T05:26:01.497711,2c82bb9a-217b-11ee-8219-8ed3b2364c4f,Hub Weena,51.922738296,4.469181329,142,16,9999
2026-04-20T05:26:01.497711,96f5cbdc-06f6-11ef-b58d-569a23b994be,BH Argonautenweg,51.959086712,4.49354982,10,2,9999
2026-04-20T05:26:01.497711,2f51713e-32b7-11ee-8219-8ed3b2364c4f,Hub P+R Capelsebrug,51.920991793,4.559215491,18,9,9999
2026-04-20T05:26:01.497711,62b0255a-9e7a-11ee-a91e-ee69b7c7763e,BH Vierhavenstraat,51.910327597,4.434992993,16,0,9999
2026-04-20T05:26:01.497711,2b10524e-06f5-11ef-b58d-569a23b994be,BH Piet van der Polsingel,51.950618784,4.518612648,8,3,9999
2026-04-20T05:26:01.497711,47070056-06fa-11ef-b58d-569a23b994be,BH Metrostation Schenkel,51.931770435,4.56406792,12,0,9999
2026-04-20T05:26:01.497711,0e59456c-f06d-11f0-b173-2e3b4d4b7f35,BH P+R Kralingse Zoom,51.921440854,4.531732208,10,4,3
2026-04-20T05:26:01.497711,7a8c12ba-91ab-11ed-b1e6-fa4fb8e2990b,BH Metrostation Slinge,51.874526023,4.477872534,15,1,9999
2026-04-20T05:26:01.497711,026045c6-8530-11ee-bb01-c602c1905375,BH Winkelhart Katendrechtse Lagedijk,51.891184937,4.479440034,10,4,9999
2026-04-20T05:26:01.497711,9d9bb8ec-4bd1-11ee-bb01-c602c1905375,BH Marconiplein,51.913319277,4.432514448,10,3,9999
2026-04-20T05:26:01.497711,8330f3ca-a5b4-11f0-ab44-baed9603afbb,Fokkerstraat Plesmanstraat,51.929694009,4.399576614,4,0,9999
2026-04-20T05:26:01.497711,5b842034-5331-11f0-ab1d-9ae3af3bf913,BH Walenburgerweg,51.926698659,4.462629155,10,7,9999
2026-04-20T05:26:01.497711,a08059b6-b484-11ee-9ae6-5263e3f30f1e,BH Metrostation Gerdesiaweg,51.925444134,4.506155972,10,1,9999
2026-04-20T05:26:01.497711,2f718c84-8911-11ee-bb01-c602c1905375,BH Metro Dijkzigt - EMC,51.911789199,4.466334846,20,12,9999
2026-04-20T05:26:01.497711,f58e41fc-1c9f-11ee-8219-8ed3b2364c4f,BH Heemraadsplein,51.912322959,4.455058085,10,3,9999
2026-04-20T05:26:01.497711,79fdd038-34b8-11f0-ab1d-9ae3af3bf913,BH RTHA Airport,51.94924845,4.432611987,10,1,7
2026-04-20T05:26:01.497711,1c41897e-596e-11ef-bed6-aa139991deb4,HUB Metrostation Nieuwland / Bijdorpplein,51.922583819,4.38260008,10,0,9999
2026-04-20T05:26:01.497711,a57d027c-8912-11ee-bb01-c602c1905375,BH Delftse Poort,51.924408145,4.472816464,10,4,9999
2026-04-20T05:26:01.497711,6383849a-2038-11f0-ab1d-9ae3af3bf913,BH - Kralingsebos (Langepad),51.936318565,4.506197017,10,3,9999
2026-04-20T05:26:01.497711,e90e9332-06f5-11ef-b58d-569a23b994be,BH Burgemeester Le Fèvre de Montignylaan,51.957620055,4.501711782,10,0,9999
2026-04-20T05:26:01.497711,5cb3ffde-bdaf-11ed-b1e6-fa4fb8e2990b,RK Stadionlaan,51.892328813,4.530682857,10,0,9999
2026-04-20T05:26:01.497711,02bed1f8-8392-11ee-bb01-c602c1905375,BH Station Alexander,51.951735827,4.551049232,10,1,9999
2026-04-20T05:26:01.497711,08d5cf66-8ab2-11ee-bb01-c602c1905375,BH Winkelhart Asterlo,51.873536387,4.483591736,10,3,9999
2026-04-20T05:26:01.497711,0e51e024-c757-11ee-9ae6-5263e3f30f1e,BH Metrostation Binnenhof,51.960437867,4.535372966,10,7,9999
2026-04-20T05:26:01.497711,409f87f6-890f-11ee-bb01-c602c1905375,BH Metro Beurs,51.917806013,4.480107053,8,1,9999
2026-04-20T05:26:01.497711,d6a7cd26-4d08-11f0-ab1d-9ae3af3bf913,BH - Oudehoofdplein-Haringvliet,51.918979475,4.49384405,10,5,9999
2026-04-20T05:26:01.497711,f0ad9b92-1767-11ef-8071-42f0fecaeb6a,BH Prinsenlaan,51.937206457,4.536127586,10,7,9999
2026-04-20T05:26:01.497711,f06fd44c-2035-11f0-ab1d-9ae3af3bf913,BH Boezemlaan,51.938982631,4.495864471,10,6,9999
2026-04-20T05:26:01.497711,8d91a90c-9e83-11ee-a91e-ee69b7c7763e,BH Kraaierstraat,51.91909698,4.418192898,8,2,9999
2026-04-20T05:26:01.497711,a2671a36-bdad-11ed-b1e6-fa4fb8e2990b,RK Dwarsdijk,51.893055987,4.539201504,10,2,9999
2026-04-20T05:26:01.497711,376a5cda-06f8-11ef-b58d-569a23b994be,BH Ganzerikplein,51.958953276,4.471584016,10,1,9999
2026-04-20T05:26:01.497711,5cdd9872-b096-11ef-b6d3-56d88772ab1a,BH Wilgenplaslaan/ Meidoornsingel,51.953868042,4.468211582,7,1,9999
2026-04-20T05:26:01.497711,952a3e78-a8db-11ef-8778-d2279db84567,BH Lloydstraat,51.902214281,4.461287644,10,4,9999
2026-04-20T05:26:01.497711,a6fa0910-8067-11ed-b1e6-fa4fb8e2990b,BH Stadion Fey (Bert Heesakkerstr.),51.896805818,4.521735582,50,0,9999
2026-04-20T05:26:01.497711,a1337d02-e018-11ed-a249-96cdaf8f7240,BH Sint Franciscus,51.942171146,4.460534407,25,1,9999
2026-04-20T05:26:01.497711,d3cea108-8285-11f0-ab44-baed9603afbb,BH - Ratelaarweg,51.967431611,4.463349689,10,3,9999
2026-04-20T05:26:01.497711,3bef7002-bdb5-11ed-b1e6-fa4fb8e2990b,RK Breeweg,51.890630632,4.514261169,10,3,9999
2026-04-20T05:26:01.497711,8c90734c-45bb-11ee-8219-8ed3b2364c4f,BH Coen Moulijnweg,51.893813253,4.526876329,42,4,9999
2026-04-20T05:26:01.497711,1b098490-2037-11f0-ab1d-9ae3af3bf913,BH Karmelweg,51.933461291,4.5029394,8,3,9999
2026-04-20T05:26:01.497711,23348a06-bdb1-11ed-b1e6-fa4fb8e2990b,RK Guido Gezelleweg,51.87434607,4.523238145,10,5,9999
2026-04-20T05:26:01.497711,66824038-37b2-11ef-a21a-8e54a72a50da,HUB Metrostation Parkweg / Zuidzijde,51.921443238,4.39475836,10,2,8
2026-04-20T05:26:01.497711,2c127298-ff25-11ef-a79f-a65a77daff90,BH Aert van Nesstraat,51.921141166,4.478916173,8,1,9999
2026-04-20T05:26:01.497711,cde445c6-a744-11ef-8778-d2279db84567,BH Groenendaal,51.921685178,4.492944049,6,0,9999
2026-04-20T05:26:01.497711,97c6a1c2-a8da-11ef-8778-d2279db84567,BH Henegouwerplein,51.921807589,4.460561523,10,2,9999
2026-04-20T05:26:01.497711,e68d5642-a5b5-11f0-b6c1-baed9603afbb,HUB NS Station Schiedam Centrum/ Professor Kamerlingh Onneslaan,51.92071744,4.408262487,12,4,9999
2026-04-20T05:26:01.497711,82623a40-bda3-11ed-b1e6-fa4fb8e2990b,RK Rosestraat,51.91100607,4.501308573,10,8,9999
2026-04-20T05:26:01.497711,b7353df6-b485-11ee-9ae6-5263e3f30f1e,BH Metrostation Kralingsezoom (Gravenweg),51.921751706,4.533850265,10,9,9999
2026-04-20T05:26:01.497711,6c34980a-bb92-11ef-a02d-6ea8ed91bd56,BH Gordelweg (Lidl),51.940472428,4.479798999,4,3,9999
2026-04-20T05:26:01.497711,5904bd1a-a5b5-11f0-b05b-baed9603afbb,HUB Hof van Spaland - Bachplein,51.934889388,4.374726808,8,3,9999
2026-04-20T05:26:01.497711,32ca5fd0-8126-11ed-b1e6-fa4fb8e2990b,RK Vuurplaat,51.906526668,4.505838102,10,0,9999
2026-04-20T05:26:01.497711,f94a1ff6-b095-11ef-b6d3-56d88772ab1a,BH Bm Le Fèvre de Montignylaan/ Jeroen Boschlaan,51.955641943,4.505982462,6,0,9999
2026-04-20T05:26:01.497711,4228b402-8537-11ee-bb01-c602c1905375,BH Tongelaarweg,51.895280064,4.563514996,10,3,9999
2026-04-20T05:26:01.497711,6f66a60c-36e5-11f0-ab1d-9ae3af3bf913,BH Lloydpier,51.904487669,4.460458303,8,5,2
2026-04-20T05:26:01.497711,7d81b63e-a5b5-11f0-b05b-baed9603afbb,HUB 's Gravelandseweg,51.932091958,4.401924037,6,2,9999
2026-04-20T05:26:01.497711,a3dbb322-8121-11ed-b1e6-fa4fb8e2990b,RK Metrostation Rijnhaven ,51.902216981,4.49610172,15,7,9999
2026-04-20T05:26:01.497711,cf23b50e-9ad0-11f0-ab44-baed9603afbb,BH Natuurhistorisch museum,51.911022288,4.472728259,12,2,9999
2026-04-20T05:26:01.497711,d55243f6-182b-11ef-a8d1-42f0fecaeb6a,BH Siciliëboulevard ,51.97996654,4.580859756,10,0,9999
2026-04-20T05:26:01.497711,e0f7ef36-a5b4-11f0-ab44-baed9603afbb,Havenstraat einde (digitale testhub),51.900396883,4.398614319,12,0,9999
2026-04-20T05:26:01.497711,05d1d708-eabd-11ef-88c2-aa7241d1fb4f,HUB De Thermen ,51.927426752,4.380236246,8,5,9999
2026-04-20T05:26:01.497711,b3381a7a-2036-11f0-ab1d-9ae3af3bf913,BH Oudedijk / de Nieuwe Plantage,51.929149075,4.505248613,8,3,9999
2026-04-20T05:26:01.497711,8b480576-eabc-11ee-a9f0-82366b51b915,BH Schiedamseweg Beneden,51.914135146,4.422297364,5,0,9999
2026-04-20T05:26:01.497711,89a2f1d2-a5b3-11f0-ab44-baed9603afbb,Metrostation Vijfsluizen,51.908108215,4.37254105,8,1,9999
2026-04-20T05:26:01.497711,e50f3d1e-f069-11ef-9ed7-0ea3ed1ae564,HUB Oranjestraat - Lange Nieuwstraat,51.913368472,4.40030457,5,0,9999
2026-04-20T05:26:01.497711,4c1b19a4-d0a1-11ee-8b0e-065810cc8d78,BH Elandstraat,51.910800072,4.553878993,10,2,9999
2026-04-20T05:26:01.497711,bbbba24e-806e-11ed-b1e6-fa4fb8e2990b,RK P+R Noorderhelling,51.894761016,4.532122707,15,0,9999
2026-04-20T05:26:01.497711,3ac0b682-8129-11ed-b1e6-fa4fb8e2990b,RK Cor Kieboomplein,51.896922039,4.523502821,15,1,9999
2026-04-20T05:26:01.497711,5a3ffbf4-37b1-11ef-a21a-8e54a72a50da,HUB Metrostation Nieuwland / Van Limburg Stirumstraat,51.922446663,4.38308784,6,1,5
2026-04-20T05:26:01.497711,5d8d12a2-a5b4-11f0-ab44-baed9603afbb,Van Heekstraat,51.931167557,4.406024405,4,0,9999
2026-04-20T05:26:01.497711,f251d6e8-0b82-11ef-b58d-569a23b994be,BH Metrostation Graskruid ,51.956473743,4.550010233,8,2,9999
2026-04-20T05:26:01.497711,a4d2ea7c-b2f0-11ef-aa57-62870c7808bb,BH 2e Hogenbanweg,51.936951327,4.427707182,8,2,9999
2026-04-20T05:26:01.497711,75ba0d1a-2037-11f0-ab1d-9ae3af3bf913,BH Stadhoudersweg,51.931417737,4.461484988,10,5,9999
2026-04-20T05:26:01.497711,bc6b0d7e-a745-11ef-8778-d2279db84567,BH Goudsewagenstraat,51.923224462,4.493552746,8,12,9999
2026-04-20T05:26:01.497711,0f37eafc-8912-11ee-bb01-c602c1905375,BH Metro Oostplein,51.922677789,4.497608825,10,5,9999
2026-04-20T05:26:01.497711,aed7c2fa-8123-11ed-b1e6-fa4fb8e2990b,RK Groene Hilledijk/Beijerlandselaan,51.893806789,4.509452258,10,8,9999
2026-04-20T05:26:01.497711,c76f0318-bb92-11ef-a02d-6ea8ed91bd56,BH NS Centraal Station (Stationssingel),51.925399994,4.466148375,10,11,9999
2026-04-20T05:26:01.497711,361a368c-a5b4-11f0-ab44-baed9603afbb,Sportpark Haga (Epke Zonderlandstraat),51.921919868,4.370918199,8,6,9999
2026-04-20T05:26:01.497711,f4c0fe5e-02d6-11ef-b58d-569a23b994be,BH Paulus Potterstraat,51.9228414,4.508497696,10,2,9999
2026-04-20T05:26:01.497711,48cbf66e-9f15-11ee-a91e-ee69b7c7763e,BH Franselaan,51.917379138,4.420463507,10,3,9999
2026-04-20T05:26:01.497711,e9735b4e-7da7-11f0-ab44-baed9603afbb,BH Veldkersweg,51.966835673,4.46657292,8,0,9999
2026-04-20T05:26:01.497711,4b1ac684-bb93-11ef-a02d-6ea8ed91bd56,BH Noorderkanaalweg,51.940525593,4.472984586,9,2,9999
2026-04-20T05:26:01.497711,033a9392-3700-11f0-ab1d-9ae3af3bf913,BH Herman Bavinckstraat,51.915067882,4.521446921,10,4,9999
2026-04-20T05:26:01.497711,ffe8c3e8-a8da-11ef-8778-d2279db84567,BH Mathenesserplein,51.917836602,4.44508891,8,3,9999
2026-04-20T05:26:01.497711,e377069a-ff63-11ef-a79f-a65a77daff90,BH Kralingsebos Bosdreef/Pr. Beatrixlaan,51.93789612,4.501689644,8,3,9999
2026-04-20T05:26:01.497711,7af95f9c-a747-11ef-8778-d2279db84567,BH Kruisplein,51.92228569,4.47138789,6,10,9999
2026-04-20T05:26:01.497711,4c50cb7a-bdb6-11ed-b1e6-fa4fb8e2990b,RK Olympiaweg,51.886462746,4.529133302,10,7,9999
2026-04-20T05:26:01.497711,a694ef4e-36e5-11f0-ab1d-9ae3af3bf913,BH Neushoornstraat,51.913041554,4.553743002,6,1,5
2026-04-20T05:26:01.497711,be56ca62-8120-11ed-b1e6-fa4fb8e2990b,RK P+R Beverwaard,51.885771514,4.568986239,10,5,9999
2026-04-20T05:26:01.497711,d5af3bc4-806a-11ed-b1e6-fa4fb8e2990b,BH Kievitslaan,51.907226862,4.473300159,17,1,9999
2026-04-20T05:26:01.497711,dd006abc-a5b3-11f0-ab44-baed9603afbb,Havenstraat,51.903204365,4.398004897,8,0,9999
2026-04-20T05:26:01.497711,6f09af84-eabe-11ee-a9f0-82366b51b915,BH Delftseplein ,51.925206514,4.474011701,14,7,9999
2026-04-20T05:26:01.497711,1cfb89ec-806b-11ed-b1e6-fa4fb8e2990b,BH Westplein,51.908912961,4.478583441,10,2,9999
2026-04-20T05:26:01.497711,12fc10a4-bb94-11ef-a02d-6ea8ed91bd56,BH Noordplein,51.930251975,4.483699175,10,2,9999
2026-04-20T05:26:01.497711,276e8d26-bda0-11ed-b1e6-fa4fb8e2990b,RK Strevelsweg,51.889634937,4.495943368,15,1,9999
2026-04-20T05:26:01.497711,9e066470-2038-11f0-ab1d-9ae3af3bf913,BH Kralinger Esch,51.911179823,4.524762065,9,7,9999
2026-04-20T05:26:01.497711,9b1f0aaa-8125-11ed-b1e6-fa4fb8e2990b,RK Slaghekstraat - Beijerlandselaan,51.897574833,4.511261604,10,4,9999
2026-04-20T05:26:01.497711,b8c81048-2037-11f0-ab1d-9ae3af3bf913,BH Van Maanenstraat,51.932279316,4.464280453,6,8,9999
2026-04-20T05:26:01.497711,1f4ff66c-bdb8-11ed-b1e6-fa4fb8e2990b,RK Van der Takstraat ,51.914243737,4.496045621,10,5,9999
2026-04-20T05:26:01.497711,3b523cee-5c94-11f0-ab1d-9ae3af3bf913,BH - Wilhelminapier,51.90698281,4.489727426,14,13,9999
2026-04-20T05:26:01.497711,e8d292d2-039a-11ef-b58d-569a23b994be,BH Mia van Yperenplein ,51.928414546,4.545678043,10,0,9999
2026-04-20T05:26:01.497711,12daf18a-8068-11ed-b1e6-fa4fb8e2990b,BH Treinst. Lombardijen (Aesopusplaats),51.880478018,4.530040287,10,1,9999
2026-04-20T05:26:01.497711,558e4a5a-eaba-11ee-a9f0-82366b51b915,BH Blijdorplaan ,51.927389289,4.440437692,22,2,9999
2026-04-20T05:26:01.497711,5a8de282-36ee-11f0-ab1d-9ae3af3bf913,BH van Blommesteynweg,51.888148155,4.460842726,10,0,9999
2026-04-20T05:26:01.497711,078569ee-a5b5-11f0-ab44-baed9603afbb,Nieuwe Waterwegstraat (digitale testhub),51.900682979,4.390873601,12,0,9999
2026-04-20T05:26:01.497711,8e5dd27e-06fd-11ef-b58d-569a23b994be,BH Prins Alexanderplein,51.951040272,4.553684972,14,0,9999
2026-04-20T05:26:01.497711,a6843864-fbc4-11ee-b58d-569a23b994be,Trompenburg 1,51.917696349,4.517981647,10,1,8
2026-04-20T05:26:01.497711,5b583480-a8da-11ef-8778-d2279db84567,BH Duyststraat,51.910073429,4.452225738,8,4,9999
2026-04-20T05:26:01.497711,2510e9ba-a5b6-11f0-847a-baed9603afbb,Hub Kloosterplaats,51.91675013,4.402112308,6,0,9999
2026-04-20T05:26:01.497711,880e3e72-a8dd-11ef-8778-d2279db84567,BH Spaansebocht,51.917413667,4.430014126,9,0,9999
2026-04-20T05:26:01.497711,b5b3324a-edb9-11ee-a9f0-82366b51b915,BH Siondwarsstraat,51.925261494,4.51053174,10,0,9999
2026-04-20T05:26:01.497711,94b01d94-edc6-11ee-a9f0-82366b51b915,BH Schuttersveld,51.933248028,4.490978921,10,5,9999
2026-04-20T05:26:01.497711,69b33170-edbd-11ee-a9f0-82366b51b915,BH Metro Oostplein 2,51.923145722,4.496820843,10,3,9999
2026-04-20T05:26:01.497711,67d6af9a-f068-11ef-ba40-0ea3ed1ae564,HUB Hof van Spaland - Schiedamseweg,51.934898803,4.378145906,12,5,9999
2026-04-20T05:26:01.497711,f4d561c2-1e0f-11f1-bada-da123385441b,BH PR Slinge 2,51.87374414,4.477026543,10,2,8
2026-04-20T05:26:01.497711,4933dd54-9e7c-11ee-a91e-ee69b7c7763e,BH Willem Ruyslaan (Luzac College),51.925421889,4.508669446,10,2,9999
2026-04-20T05:26:01.497711,9f935b6c-b095-11ef-b6d3-56d88772ab1a,BH Bergpolderplein,51.945227242,4.474988047,8,3,9999
2026-04-20T05:26:01.497711,8a2d056c-bb93-11ef-a02d-6ea8ed91bd56,BH NS Station Noord (Bergweg),51.941530048,4.481339526,10,1,9
2026-04-20T05:26:01.497711,4d95ab34-8122-11ed-b1e6-fa4fb8e2990b,RK Metrostation Maashaven ,51.896573582,4.494245173,30,5,9999
2026-04-20T05:26:01.497711,3d015ff0-8394-11ee-bb01-c602c1905375,BH Metrostation Oosterflank,51.945209326,4.555045447,10,0,9999
2026-04-20T05:26:01.497711,defeb050-a747-11ef-8778-d2279db84567,BH Karel Doormanstraat,51.922789549,4.473609692,9,1,9999
2026-04-20T05:26:01.497711,b5dc5454-890f-11ee-bb01-c602c1905375,BH Schilderstraat,51.916377397,4.48142868,8,1,9999
2026-04-20T05:26:01.497711,2f12ae3e-806c-11ed-b1e6-fa4fb8e2990b,BH Winkelcentrum Keizerswaard-Herenw,51.886358391,4.549308056,15,12,9999
2026-04-20T05:26:01.497711,3b6d73a8-805d-11ed-b1e6-fa4fb8e2990b,BH Metrostation Melanchtonweg,51.94881199,4.465233746,10,1,9999
2026-04-20T05:26:01.497711,d5832958-891a-11ee-bb01-c602c1905375,BH Metro Zuidplein (nieuw),51.887180341,4.491554668,10,6,9999
2026-04-20T05:26:01.497711,a535094e-b162-11ef-bdcd-5adc5d29ed54,BH Eudokiaplein,51.932433484,4.47153255,9,1,9999
2026-04-20T05:26:01.497711,437f8dc8-bd9e-11ed-b1e6-fa4fb8e2990b,RK Hillevliet,51.89558515,4.506432514,10,3,9999
2026-04-20T05:26:01.497711,f10d8ab4-9997-11ee-a91e-ee69b7c7763e,BH Shell Hofplein,51.925705456,4.477781355,28,1,9999
2026-04-20T05:26:01.497711,94467720-8127-11ed-b1e6-fa4fb8e2990b,RK Persoonsdam,51.909309099,4.508017165,10,2,9999
2026-04-20T05:26:01.497711,9245444a-2023-11f0-ab1d-9ae3af3bf913,BH Witte de Withstraat,51.915906523,4.478080905,10,0,9999
2026-04-20T05:26:01.497711,49d59348-ff64-11ef-b515-a65a77daff90,BH Bergweg (Dirk van den Broek),51.93856254,4.479465675,6,5,9999
2026-04-20T05:26:01.497711,30fb96bc-8124-11ed-b1e6-fa4fb8e2990b,RK Beverwaardseweg/ Borgharensingel,51.898798338,4.564663375,10,1,9999
2026-04-20T05:26:01.497711,9a1fb404-8ab3-11ee-bb01-c602c1905375,BH Langenhorst ,51.874120882,4.494254863,10,4,9999
2026-04-20T05:26:01.497711,abe67bfa-b096-11ef-b6d3-56d88772ab1a,BH Wilgenplaslaan/ Donkersingel,51.951337599,4.47048253,10,3,9999
2026-04-20T05:26:01.497711,068b0f9c-a8dd-11ef-8778-d2279db84567,BH Vierhavenstraat (Sahan),51.908502395,4.437727106,4,0,9999
2026-04-20T05:26:01.497711,bc0e7e9c-a8da-11ef-8778-d2279db84567,BH Jan van Vuchtstraat,51.917045317,4.460830874,6,6,9999
2026-04-20T05:26:01.497711,8b721818-a5b2-11f0-ab44-baed9603afbb,Lekstraat,51.90446958,4.406985264,6,0,9999
2026-04-20T05:26:01.497711,ad212572-06f7-11ef-b58d-569a23b994be,BH Molenlaan/Grindweg,51.963224537,4.49571068,10,0,9999
2026-04-20T05:26:01.497711,f8828c3e-806d-11ed-b1e6-fa4fb8e2990b,RK Station Rdam Zuid,51.905545015,4.509568537,15,9,9999
2026-04-20T05:26:01.497711,5f71799e-806b-11ed-b1e6-fa4fb8e2990b,BH Willemsplein,51.911118908,4.481894771,17,2,9999
2026-04-20T05:26:01.497711,42824336-bd97-11ed-b1e6-fa4fb8e2990b,RK Groene Hilledijk,51.882726433,4.504266667,10,1,9999
2026-04-20T05:26:01.497711,db6932f4-182b-11ef-a8d1-42f0fecaeb6a,BH Metrostation Nesselande,51.978969273,4.586177782,10,0,9999
2026-04-20T05:26:01.497711,2c4ff78a-2783-11f1-a5ae-0225521a85c1,BH PR Slinge 2,51.87374414,4.477026543,10,2,8
2026-04-20T05:26:01.497711,e26322b0-2025-11f0-ab1d-9ae3af3bf913,BH Brielselaan,51.896298935,4.489248091,4,0,9999
2026-04-20T05:26:01.497711,c862b7f2-06fb-11ef-b58d-569a23b994be,BH Prins Alexanderlaan (metrobaan zijde),51.952192324,4.551435621,10,0,9999
2026-04-20T05:26:01.497711,c53689c2-8124-11ed-b1e6-fa4fb8e2990b,RK Peellandstraat / Beesdestraat ,51.888535309,4.567291893,10,3,9999
2026-04-20T05:26:01.497711,8f5d35a0-1834-11ef-8071-42f0fecaeb6a,BH Jan Bijloostraat (Winkelcentrum Lage Land),51.941821995,4.546449269,9,4,9999
2026-04-20T05:26:01.497711,f8fcd3a4-983a-11ef-a85a-be896af2d3a5,BH Rhijnauwensingel,51.892161199,4.569620613,12,0,9999
2026-04-20T05:26:01.497711,118239d4-a5b2-11f0-ab44-baed9603afbb,Lorentzlaan (bushalte),51.917994492,4.415061192,4,0,9999
2026-04-20T05:26:01.497711,0c107276-bdb7-11ed-b1e6-fa4fb8e2990b,RK Sandelingenplein,51.889562128,4.506962326,10,1,9999
2026-04-20T05:26:01.497711,75b8bea6-81d8-11ed-b1e6-fa4fb8e2990b,RK Metrostation Maashaven (Putselaan),51.897794241,4.495760713,10,1,9999
2026-04-20T05:26:01.497711,a20bbbae-bdae-11ed-b1e6-fa4fb8e2990b,RK Frankendaal,51.886951976,4.521294152,10,0,9999
2026-04-20T05:26:01.497711,bc839806-a5b1-11f0-ab44-baed9603afbb,Van het Hoffplein (Boerhavelaan),51.916219132,4.412005574,8,1,9999
2026-04-20T05:26:01.497711,2c632780-a8de-11ef-8778-d2279db84567,BH Schuttevaerweg,51.922420472,4.434869706,10,0,9999
2026-04-20T05:26:01.497711,f1df385c-f5b2-11ef-81b3-76e5c571f05f,HUB Admiraal de Ruyterstraat,51.906742474,4.38554997,8,5,9999
2026-04-20T05:26:01.497711,4247dd56-1c9f-11ee-8219-8ed3b2364c4f,BH Metro Coolhaven,51.909218289,4.458167882,10,1,9999
2026-04-20T05:26:01.497711,65af1c24-06f4-11ef-b58d-569a23b994be,BH Meerum Terwogtlaan,51.951763386,4.524587387,10,2,9999
2026-04-20T07:28:31.470337,a3c07f10-a5b5-11f0-b05b-baed9603afbb,HUB Hoofdbrug,51.908705902,4.406131267,8,1,9999
2026-04-20T07:28:31.470337,b9bfe680-fbc4-11ee-b58d-569a23b994be,Trompenburg 2,51.917638379,4.518889893,10,0,10
2026-04-20T07:28:31.470337,3c659862-a8dd-11ef-8778-d2279db84567,BH Mayflowerstraat,51.905015647,4.440161906,10,3,9999
2026-04-20T07:28:31.470337,e0a4baca-a748-11ef-8778-d2279db84567,BH Mariniersweg,51.920853425,4.490979502,10,0,9999
2026-04-20T07:28:31.470337,c35c448e-06fc-11ef-b58d-569a23b994be,BH Jacob van Campenweg ,51.942434165,4.537976212,7,9,9999
2026-04-20T07:28:31.470337,438486f4-a5b6-11f0-a150-baed9603afbb,HUB Koemarkt ingang garage,51.914517902,4.401917461,6,0,9999
2026-04-20T07:28:31.470337,365f4a3e-a5b3-11f0-ab44-baed9603afbb,Rubensplein,51.911712719,4.383665134,6,0,9999
2026-04-20T07:28:31.470337,a85b996e-fe23-11ee-b58d-569a23b994be,BH Dirk van der Kooijweg (Waterleliesingel),51.953796964,4.52009166,10,0,9999
2026-04-20T07:28:31.470337,19e2de56-b5d8-11ee-9ae6-5263e3f30f1e,BH STC Waalhaven,51.878297275,4.448759787,10,2,9999
2026-04-20T07:28:31.470337,c6c213ee-ed18-11ef-9957-f683e5eb607c,BH Langenhorst (Binkhorst),51.877310029,4.494737503,10,7,9999
2026-04-20T07:28:31.470337,3366f8b0-a8dc-11ef-8778-d2279db84567,BH Vierhavenstraat (WoonEnzo),51.907777562,4.438830385,4,1,9999
2026-04-20T07:28:31.470337,04a89aea-a5b3-11f0-ab44-baed9603afbb,Groenelaan Hagastraat (Winkelcentrum),51.907303396,4.402285408,4,0,9999
2026-04-20T07:28:31.470337,32638aa6-a5b5-11f0-9f09-baed9603afbb,HUB Laan van Bol'es,51.928443203,4.370771711,10,0,9999
2026-04-20T07:28:31.470337,291c2f72-a749-11ef-8778-d2279db84567,BH Westzeedijk,51.909321622,4.471436479,10,6,9999
2026-04-20T07:28:31.470337,abd627be-67bb-11f0-91de-5eaa9feacc9b,BH Schiekade (Heer Bokelweg),51.927133058,4.476309832,10,1,9999
2026-04-20T07:28:31.470337,8948d5a4-b094-11ef-b6d3-56d88772ab1a,BH Duivenpad,51.964922912,4.498254116,8,2,9999
2026-04-20T07:28:31.470337,227e8c1e-be97-11ee-9ae6-5263e3f30f1e,HUB Metrostation Troelstralaan,51.915742295,4.384972326,10,1,9999
2026-04-20T07:28:31.470337,0af509a8-06f7-11ef-b58d-569a23b994be,BH Beethovensingel,51.96114919,4.505141448,10,2,9999
2026-04-20T07:28:31.470337,dc06f296-1768-11ef-8071-42f0fecaeb6a,BH Prins Alexanderlaan (Oosterflank),51.946646256,4.553811478,12,0,9999
2026-04-20T07:28:31.470337,221af3ce-7fe1-11ee-bb01-c602c1905375,BH Metro Prinsenlaan,51.940647564,4.556931306,10,0,9999
2026-04-20T07:28:31.470337,a793d6ba-edc8-11ee-a9f0-82366b51b915,BH Infirmeriestraat,51.922255603,4.502265891,10,4,9999
2026-04-20T07:28:31.470337,0359e1a2-bdb3-11ed-b1e6-fa4fb8e2990b,RK Rosestraat 11C,51.902954022,4.511377745,10,5,9999
2026-04-20T07:28:31.470337,87f07e20-9e78-11ee-a91e-ee69b7c7763e,BH Marconistraat (Lee Towers),51.912441021,4.430411189,14,4,9999
2026-04-20T07:28:31.470337,f539bd6e-06f8-11ef-b58d-569a23b994be,BH Meijersplein,51.955657978,4.463033845,8,3,9999
2026-04-20T07:28:31.470337,70f0801a-8071-11ed-b1e6-fa4fb8e2990b,RK treinstation Lombardijen,51.88057913,4.531905572,30,4,9999
2026-04-20T07:28:31.470337,43752ffc-a8db-11ef-8778-d2279db84567,BH Pieter de Hoochweg,51.906316301,4.459985731,6,6,9999
2026-04-20T07:28:31.470337,b35ddad8-ab08-11ef-8778-d2279db84567,HUB Rotterdamsedijk 272,51.914957692,4.40343084,8,2,9999
2026-04-20T07:28:31.470337,9b1fa0f6-ae3c-11ee-a91e-ee69b7c7763e,BH Winkelhart Plein 1953,51.874842065,4.467889739,10,9,9999
2026-04-20T07:28:31.470337,8bd90878-0884-11f0-9a47-66143dd92f22,RK Molenvliet,51.882626536,4.521159806,10,4,9999
2026-04-20T07:28:31.470337,45450b66-a5b2-11f0-ab44-baed9603afbb,Maasdijk (Gustoweg),51.906629018,4.412009895,6,0,9999
2026-04-20T07:28:31.470337,4de2effe-f068-11ef-ba40-0ea3ed1ae564,HUB Hof van Spaland - Vlaardingseweg,51.935841728,4.376077923,4,2,9999
2026-04-20T07:28:31.470337,d38c6468-06fe-11ef-b58d-569a23b994be,BH Kleine Beer,51.950902127,4.555051083,6,0,9999
2026-04-20T07:28:31.470337,e552904e-182b-11ef-a8d1-42f0fecaeb6a,BH Metrostation Hesseplaats,51.963345229,4.554510684,10,3,9999
2026-04-20T07:28:31.470337,1826196c-b162-11ef-bdcd-5adc5d29ed54,BH Bentincklaan (Diergaarde Blijdorp),51.92572504,4.454794024,10,4,9999
2026-04-20T07:28:31.470337,8a1e5ed0-1c9e-11ee-8219-8ed3b2364c4f,BH Sparta stadion,51.920151368,4.434428835,20,9,9999
2026-04-20T07:28:31.470337,d3c9003c-b486-11ee-9ae6-5263e3f30f1e,BH Oostzeedijk Beneden,51.922514244,4.503092963,10,1,9999
2026-04-20T07:28:31.470337,552a82b8-b094-11ef-b6d3-56d88772ab1a,BH Hockeyclub Rotterdam,51.96869974,4.484731647,25,0,9999
2026-04-20T07:28:31.470337,cb3f6d1c-a746-11ef-8778-d2279db84567,BH Vasteland (AH),51.911537089,4.478368712,10,5,9999
2026-04-20T07:28:31.470337,d4a8557a-eabd-11ef-ac99-aa7241d1fb4f,HUB Admiraal Trompstraat (Huisman),51.908834504,4.381923039,8,3,9999
2026-04-20T07:28:31.470337,00e8b3de-9e82-11ee-a91e-ee69b7c7763e,BH Jacques Dutilhweg,51.927993284,4.5475155,10,0,9999
2026-04-20T07:28:31.470337,d868fe52-36e5-11f0-ab1d-9ae3af3bf913,BH Sluisjesdijk,51.894714517,4.461900478,10,6,2
2026-04-20T07:28:31.470337,4338fed2-edbb-11ee-a9f0-82366b51b915,BH Oostzeedijk Beneden 2,51.921653595,4.507031037,10,0,9999
2026-04-20T07:28:31.470337,2c82bb9a-217b-11ee-8219-8ed3b2364c4f,Hub Weena,51.922738296,4.469181329,142,25,9999
2026-04-20T07:28:31.470337,96f5cbdc-06f6-11ef-b58d-569a23b994be,BH Argonautenweg,51.959086712,4.49354982,10,1,9999
2026-04-20T07:28:31.470337,2f51713e-32b7-11ee-8219-8ed3b2364c4f,Hub P+R Capelsebrug,51.920991793,4.559215491,18,7,9999
2026-04-20T07:28:31.470337,62b0255a-9e7a-11ee-a91e-ee69b7c7763e,BH Vierhavenstraat,51.910327597,4.434992993,16,0,9999
2026-04-20T07:28:31.470337,2b10524e-06f5-11ef-b58d-569a23b994be,BH Piet van der Polsingel,51.950618784,4.518612648,8,3,9999
2026-04-20T07:28:31.470337,47070056-06fa-11ef-b58d-569a23b994be,BH Metrostation Schenkel,51.931770435,4.56406792,12,0,9999
2026-04-20T07:28:31.470337,0e59456c-f06d-11f0-b173-2e3b4d4b7f35,BH P+R Kralingse Zoom,51.921440854,4.531732208,10,7,0
2026-04-20T07:28:31.470337,7a8c12ba-91ab-11ed-b1e6-fa4fb8e2990b,BH Metrostation Slinge,51.874526023,4.477872534,15,1,9999
2026-04-20T07:28:31.470337,026045c6-8530-11ee-bb01-c602c1905375,BH Winkelhart Katendrechtse Lagedijk,51.891184937,4.479440034,10,2,9999
2026-04-20T07:28:31.470337,9d9bb8ec-4bd1-11ee-bb01-c602c1905375,BH Marconiplein,51.913319277,4.432514448,10,3,9999
2026-04-20T07:28:31.470337,8330f3ca-a5b4-11f0-ab44-baed9603afbb,Fokkerstraat Plesmanstraat,51.929694009,4.399576614,4,0,9999
2026-04-20T07:28:31.470337,5b842034-5331-11f0-ab1d-9ae3af3bf913,BH Walenburgerweg,51.926698659,4.462629155,10,6,9999
2026-04-20T07:28:31.470337,a08059b6-b484-11ee-9ae6-5263e3f30f1e,BH Metrostation Gerdesiaweg,51.925444134,4.506155972,10,0,9999
2026-04-20T07:28:31.470337,2f718c84-8911-11ee-bb01-c602c1905375,BH Metro Dijkzigt - EMC,51.911789199,4.466334846,20,15,9999
2026-04-20T07:28:31.470337,f58e41fc-1c9f-11ee-8219-8ed3b2364c4f,BH Heemraadsplein,51.912322959,4.455058085,10,3,9999
2026-04-20T07:28:31.470337,79fdd038-34b8-11f0-ab1d-9ae3af3bf913,BH RTHA Airport,51.94924845,4.432611987,10,3,5
2026-04-20T07:28:31.470337,1c41897e-596e-11ef-bed6-aa139991deb4,HUB Metrostation Nieuwland / Bijdorpplein,51.922583819,4.38260008,10,0,9999
2026-04-20T07:28:31.470337,a57d027c-8912-11ee-bb01-c602c1905375,BH Delftse Poort,51.924408145,4.472816464,10,9,9999
2026-04-20T07:28:31.470337,6383849a-2038-11f0-ab1d-9ae3af3bf913,BH - Kralingsebos (Langepad),51.936318565,4.506197017,10,3,9999
2026-04-20T07:28:31.470337,e90e9332-06f5-11ef-b58d-569a23b994be,BH Burgemeester Le Fèvre de Montignylaan,51.957620055,4.501711782,10,0,9999
2026-04-20T07:28:31.470337,5cb3ffde-bdaf-11ed-b1e6-fa4fb8e2990b,RK Stadionlaan,51.892328813,4.530682857,10,0,9999
2026-04-20T07:28:31.470337,02bed1f8-8392-11ee-bb01-c602c1905375,BH Station Alexander,51.951735827,4.551049232,10,4,9999
2026-04-20T07:28:31.470337,08d5cf66-8ab2-11ee-bb01-c602c1905375,BH Winkelhart Asterlo,51.873536387,4.483591736,10,3,9999
2026-04-20T07:28:31.470337,0e51e024-c757-11ee-9ae6-5263e3f30f1e,BH Metrostation Binnenhof,51.960437867,4.535372966,10,7,9999
2026-04-20T07:28:31.470337,409f87f6-890f-11ee-bb01-c602c1905375,BH Metro Beurs,51.917806013,4.480107053,8,1,9999
2026-04-20T07:28:31.470337,d6a7cd26-4d08-11f0-ab1d-9ae3af3bf913,BH - Oudehoofdplein-Haringvliet,51.918979475,4.49384405,10,8,9999
2026-04-20T07:28:31.470337,f0ad9b92-1767-11ef-8071-42f0fecaeb6a,BH Prinsenlaan,51.937206457,4.536127586,10,7,9999
2026-04-20T07:28:31.470337,f06fd44c-2035-11f0-ab1d-9ae3af3bf913,BH Boezemlaan,51.938982631,4.495864471,10,7,9999
2026-04-20T07:28:31.470337,8d91a90c-9e83-11ee-a91e-ee69b7c7763e,BH Kraaierstraat,51.91909698,4.418192898,8,2,9999
2026-04-20T07:28:31.470337,a2671a36-bdad-11ed-b1e6-fa4fb8e2990b,RK Dwarsdijk,51.893055987,4.539201504,10,2,9999
2026-04-20T07:28:31.470337,376a5cda-06f8-11ef-b58d-569a23b994be,BH Ganzerikplein,51.958953276,4.471584016,10,1,9999
2026-04-20T07:28:31.470337,5cdd9872-b096-11ef-b6d3-56d88772ab1a,BH Wilgenplaslaan/ Meidoornsingel,51.953868042,4.468211582,7,0,9999
2026-04-20T07:28:31.470337,952a3e78-a8db-11ef-8778-d2279db84567,BH Lloydstraat,51.902214281,4.461287644,10,4,9999
2026-04-20T07:28:31.470337,a6fa0910-8067-11ed-b1e6-fa4fb8e2990b,BH Stadion Fey (Bert Heesakkerstr.),51.896805818,4.521735582,50,1,9999
2026-04-20T07:28:31.470337,a1337d02-e018-11ed-a249-96cdaf8f7240,BH Sint Franciscus,51.942171146,4.460534407,25,1,9999
2026-04-20T07:28:31.470337,d3cea108-8285-11f0-ab44-baed9603afbb,BH - Ratelaarweg,51.967431611,4.463349689,10,3,9999
2026-04-20T07:28:31.470337,3bef7002-bdb5-11ed-b1e6-fa4fb8e2990b,RK Breeweg,51.890630632,4.514261169,10,3,9999
2026-04-20T07:28:31.470337,8c90734c-45bb-11ee-8219-8ed3b2364c4f,BH Coen Moulijnweg,51.893813253,4.526876329,42,4,9999
2026-04-20T07:28:31.470337,1b098490-2037-11f0-ab1d-9ae3af3bf913,BH Karmelweg,51.933461291,4.5029394,8,1,9999
2026-04-20T07:28:31.470337,23348a06-bdb1-11ed-b1e6-fa4fb8e2990b,RK Guido Gezelleweg,51.87434607,4.523238145,10,5,9999
2026-04-20T07:28:31.470337,66824038-37b2-11ef-a21a-8e54a72a50da,HUB Metrostation Parkweg / Zuidzijde,51.921443238,4.39475836,10,2,8
2026-04-20T07:28:31.470337,2c127298-ff25-11ef-a79f-a65a77daff90,BH Aert van Nesstraat,51.921141166,4.478916173,8,3,9999
2026-04-20T07:28:31.470337,cde445c6-a744-11ef-8778-d2279db84567,BH Groenendaal,51.921685178,4.492944049,6,0,9999
2026-04-20T07:28:31.470337,97c6a1c2-a8da-11ef-8778-d2279db84567,BH Henegouwerplein,51.921807589,4.460561523,10,2,9999
2026-04-20T07:28:31.470337,e68d5642-a5b5-11f0-b6c1-baed9603afbb,HUB NS Station Schiedam Centrum/ Professor Kamerlingh Onneslaan,51.92071744,4.408262487,12,2,9999
2026-04-20T07:28:31.470337,82623a40-bda3-11ed-b1e6-fa4fb8e2990b,RK Rosestraat,51.91100607,4.501308573,10,7,9999
2026-04-20T07:28:31.470337,b7353df6-b485-11ee-9ae6-5263e3f30f1e,BH Metrostation Kralingsezoom (Gravenweg),51.921751706,4.533850265,10,8,9999
2026-04-20T07:28:31.470337,6c34980a-bb92-11ef-a02d-6ea8ed91bd56,BH Gordelweg (Lidl),51.940472428,4.479798999,4,1,9999
2026-04-20T07:28:31.470337,5904bd1a-a5b5-11f0-b05b-baed9603afbb,HUB Hof van Spaland - Bachplein,51.934889388,4.374726808,8,3,9999
2026-04-20T07:28:31.470337,32ca5fd0-8126-11ed-b1e6-fa4fb8e2990b,RK Vuurplaat,51.906526668,4.505838102,10,0,9999
2026-04-20T07:28:31.470337,f94a1ff6-b095-11ef-b6d3-56d88772ab1a,BH Bm Le Fèvre de Montignylaan/ Jeroen Boschlaan,51.955641943,4.505982462,6,0,9999
2026-04-20T07:28:31.470337,4228b402-8537-11ee-bb01-c602c1905375,BH Tongelaarweg,51.895280064,4.563514996,10,3,9999
2026-04-20T07:28:31.470337,6f66a60c-36e5-11f0-ab1d-9ae3af3bf913,BH Lloydpier,51.904487669,4.460458303,8,7,0
2026-04-20T07:28:31.470337,7d81b63e-a5b5-11f0-b05b-baed9603afbb,HUB 's Gravelandseweg,51.932091958,4.401924037,6,3,9999
2026-04-20T07:28:31.470337,a3dbb322-8121-11ed-b1e6-fa4fb8e2990b,RK Metrostation Rijnhaven ,51.902216981,4.49610172,15,6,9999
2026-04-20T07:28:31.470337,cf23b50e-9ad0-11f0-ab44-baed9603afbb,BH Natuurhistorisch museum,51.911022288,4.472728259,12,2,9999
2026-04-20T07:28:31.470337,d55243f6-182b-11ef-a8d1-42f0fecaeb6a,BH Siciliëboulevard ,51.97996654,4.580859756,10,0,9999
2026-04-20T07:28:31.470337,e0f7ef36-a5b4-11f0-ab44-baed9603afbb,Havenstraat einde (digitale testhub),51.900396883,4.398614319,12,0,9999
2026-04-20T07:28:31.470337,05d1d708-eabd-11ef-88c2-aa7241d1fb4f,HUB De Thermen ,51.927426752,4.380236246,8,5,9999
2026-04-20T07:28:31.470337,b3381a7a-2036-11f0-ab1d-9ae3af3bf913,BH Oudedijk / de Nieuwe Plantage,51.929149075,4.505248613,8,0,9999
2026-04-20T07:28:31.470337,8b480576-eabc-11ee-a9f0-82366b51b915,BH Schiedamseweg Beneden,51.914135146,4.422297364,5,0,9999
2026-04-20T07:28:31.470337,89a2f1d2-a5b3-11f0-ab44-baed9603afbb,Metrostation Vijfsluizen,51.908108215,4.37254105,8,1,9999
2026-04-20T07:28:31.470337,e50f3d1e-f069-11ef-9ed7-0ea3ed1ae564,HUB Oranjestraat - Lange Nieuwstraat,51.913368472,4.40030457,5,0,9999
2026-04-20T07:28:31.470337,4c1b19a4-d0a1-11ee-8b0e-065810cc8d78,BH Elandstraat,51.910800072,4.553878993,10,2,9999
2026-04-20T07:28:31.470337,bbbba24e-806e-11ed-b1e6-fa4fb8e2990b,RK P+R Noorderhelling,51.894761016,4.532122707,15,0,9999
2026-04-20T07:28:31.470337,3ac0b682-8129-11ed-b1e6-fa4fb8e2990b,RK Cor Kieboomplein,51.896922039,4.523502821,15,1,9999
2026-04-20T07:28:31.470337,5a3ffbf4-37b1-11ef-a21a-8e54a72a50da,HUB Metrostation Nieuwland / Van Limburg Stirumstraat,51.922446663,4.38308784,6,1,5
2026-04-20T07:28:31.470337,5d8d12a2-a5b4-11f0-ab44-baed9603afbb,Van Heekstraat,51.931167557,4.406024405,4,0,9999
2026-04-20T07:28:31.470337,f251d6e8-0b82-11ef-b58d-569a23b994be,BH Metrostation Graskruid ,51.956473743,4.550010233,8,1,9999
2026-04-20T07:28:31.470337,a4d2ea7c-b2f0-11ef-aa57-62870c7808bb,BH 2e Hogenbanweg,51.936951327,4.427707182,8,1,9999
2026-04-20T07:28:31.470337,75ba0d1a-2037-11f0-ab1d-9ae3af3bf913,BH Stadhoudersweg,51.931417737,4.461484988,10,3,9999
2026-04-20T07:28:31.470337,bc6b0d7e-a745-11ef-8778-d2279db84567,BH Goudsewagenstraat,51.923224462,4.493552746,8,11,9999
2026-04-20T07:28:31.470337,0f37eafc-8912-11ee-bb01-c602c1905375,BH Metro Oostplein,51.922677789,4.497608825,10,1,9999
2026-04-20T07:28:31.470337,aed7c2fa-8123-11ed-b1e6-fa4fb8e2990b,RK Groene Hilledijk/Beijerlandselaan,51.893806789,4.509452258,10,6,9999
2026-04-20T07:28:31.470337,c76f0318-bb92-11ef-a02d-6ea8ed91bd56,BH NS Centraal Station (Stationssingel),51.925399994,4.466148375,10,16,9999
2026-04-20T07:28:31.470337,361a368c-a5b4-11f0-ab44-baed9603afbb,Sportpark Haga (Epke Zonderlandstraat),51.921919868,4.370918199,8,6,9999
2026-04-20T07:28:31.470337,f4c0fe5e-02d6-11ef-b58d-569a23b994be,BH Paulus Potterstraat,51.9228414,4.508497696,10,1,9999
2026-04-20T07:28:31.470337,48cbf66e-9f15-11ee-a91e-ee69b7c7763e,BH Franselaan,51.917379138,4.420463507,10,1,9999
2026-04-20T07:28:31.470337,e9735b4e-7da7-11f0-ab44-baed9603afbb,BH Veldkersweg,51.966835673,4.46657292,8,0,9999
2026-04-20T07:28:31.470337,4b1ac684-bb93-11ef-a02d-6ea8ed91bd56,BH Noorderkanaalweg,51.940525593,4.472984586,9,2,9999
2026-04-20T07:28:31.470337,033a9392-3700-11f0-ab1d-9ae3af3bf913,BH Herman Bavinckstraat,51.915067882,4.521446921,10,4,9999
2026-04-20T07:28:31.470337,ffe8c3e8-a8da-11ef-8778-d2279db84567,BH Mathenesserplein,51.917836602,4.44508891,8,1,9999
2026-04-20T07:28:31.470337,e377069a-ff63-11ef-a79f-a65a77daff90,BH Kralingsebos Bosdreef/Pr. Beatrixlaan,51.93789612,4.501689644,8,4,9999
2026-04-20T07:28:31.470337,7af95f9c-a747-11ef-8778-d2279db84567,BH Kruisplein,51.92228569,4.47138789,6,14,9999
2026-04-20T07:28:31.470337,4c50cb7a-bdb6-11ed-b1e6-fa4fb8e2990b,RK Olympiaweg,51.886462746,4.529133302,10,8,9999
2026-04-20T07:28:31.470337,a694ef4e-36e5-11f0-ab1d-9ae3af3bf913,BH Neushoornstraat,51.913041554,4.553743002,6,1,5
2026-04-20T07:28:31.470337,be56ca62-8120-11ed-b1e6-fa4fb8e2990b,RK P+R Beverwaard,51.885771514,4.568986239,10,5,9999
2026-04-20T07:28:31.470337,d5af3bc4-806a-11ed-b1e6-fa4fb8e2990b,BH Kievitslaan,51.907226862,4.473300159,17,2,9999
2026-04-20T07:28:31.470337,dd006abc-a5b3-11f0-ab44-baed9603afbb,Havenstraat,51.903204365,4.398004897,8,0,9999
2026-04-20T07:28:31.470337,6f09af84-eabe-11ee-a9f0-82366b51b915,BH Delftseplein ,51.925206514,4.474011701,14,13,9999
2026-04-20T07:28:31.470337,1cfb89ec-806b-11ed-b1e6-fa4fb8e2990b,BH Westplein,51.908912961,4.478583441,10,3,9999
2026-04-20T07:28:31.470337,12fc10a4-bb94-11ef-a02d-6ea8ed91bd56,BH Noordplein,51.930251975,4.483699175,10,3,9999
2026-04-20T07:28:31.470337,276e8d26-bda0-11ed-b1e6-fa4fb8e2990b,RK Strevelsweg,51.889634937,4.495943368,15,0,9999
2026-04-20T07:28:31.470337,9e066470-2038-11f0-ab1d-9ae3af3bf913,BH Kralinger Esch,51.911179823,4.524762065,9,5,9999
2026-04-20T07:28:31.470337,9b1f0aaa-8125-11ed-b1e6-fa4fb8e2990b,RK Slaghekstraat - Beijerlandselaan,51.897574833,4.511261604,10,3,9999
2026-04-20T07:28:31.470337,b8c81048-2037-11f0-ab1d-9ae3af3bf913,BH Van Maanenstraat,51.932279316,4.464280453,6,5,9999
2026-04-20T07:28:31.470337,1f4ff66c-bdb8-11ed-b1e6-fa4fb8e2990b,RK Van der Takstraat ,51.914243737,4.496045621,10,3,9999
2026-04-20T07:28:31.470337,3b523cee-5c94-11f0-ab1d-9ae3af3bf913,BH - Wilhelminapier,51.90698281,4.489727426,14,17,9999
2026-04-20T07:28:31.470337,e8d292d2-039a-11ef-b58d-569a23b994be,BH Mia van Yperenplein ,51.928414546,4.545678043,10,1,9999
2026-04-20T07:28:31.470337,12daf18a-8068-11ed-b1e6-fa4fb8e2990b,BH Treinst. Lombardijen (Aesopusplaats),51.880478018,4.530040287,10,2,9999
2026-04-20T07:28:31.470337,558e4a5a-eaba-11ee-a9f0-82366b51b915,BH Blijdorplaan ,51.927389289,4.440437692,22,3,9999
2026-04-20T07:28:31.470337,5a8de282-36ee-11f0-ab1d-9ae3af3bf913,BH van Blommesteynweg,51.888148155,4.460842726,10,1,9999
2026-04-20T07:28:31.470337,078569ee-a5b5-11f0-ab44-baed9603afbb,Nieuwe Waterwegstraat (digitale testhub),51.900682979,4.390873601,12,0,9999
2026-04-20T07:28:31.470337,8e5dd27e-06fd-11ef-b58d-569a23b994be,BH Prins Alexanderplein,51.951040272,4.553684972,14,0,9999
2026-04-20T07:28:31.470337,a6843864-fbc4-11ee-b58d-569a23b994be,Trompenburg 1,51.917696349,4.517981647,10,2,6
2026-04-20T07:28:31.470337,5b583480-a8da-11ef-8778-d2279db84567,BH Duyststraat,51.910073429,4.452225738,8,6,9999
2026-04-20T07:28:31.470337,2510e9ba-a5b6-11f0-847a-baed9603afbb,Hub Kloosterplaats,51.91675013,4.402112308,6,0,9999
2026-04-20T07:28:31.470337,880e3e72-a8dd-11ef-8778-d2279db84567,BH Spaansebocht,51.917413667,4.430014126,9,0,9999
2026-04-20T07:28:31.470337,b5b3324a-edb9-11ee-a9f0-82366b51b915,BH Siondwarsstraat,51.925261494,4.51053174,10,0,9999
2026-04-20T07:28:31.470337,94b01d94-edc6-11ee-a9f0-82366b51b915,BH Schuttersveld,51.933248028,4.490978921,10,3,9999
2026-04-20T07:28:31.470337,69b33170-edbd-11ee-a9f0-82366b51b915,BH Metro Oostplein 2,51.923145722,4.496820843,10,0,9999
2026-04-20T07:28:31.470337,67d6af9a-f068-11ef-ba40-0ea3ed1ae564,HUB Hof van Spaland - Schiedamseweg,51.934898803,4.378145906,12,5,9999
2026-04-20T07:28:31.470337,f4d561c2-1e0f-11f1-bada-da123385441b,BH PR Slinge 2,51.87374414,4.477026543,10,1,9
2026-04-20T07:28:31.470337,4933dd54-9e7c-11ee-a91e-ee69b7c7763e,BH Willem Ruyslaan (Luzac College),51.925421889,4.508669446,10,5,9999
2026-04-20T07:28:31.470337,9f935b6c-b095-11ef-b6d3-56d88772ab1a,BH Bergpolderplein,51.945227242,4.474988047,8,2,9999
2026-04-20T07:28:31.470337,8a2d056c-bb93-11ef-a02d-6ea8ed91bd56,BH NS Station Noord (Bergweg),51.941530048,4.481339526,10,3,7
2026-04-20T07:28:31.470337,4d95ab34-8122-11ed-b1e6-fa4fb8e2990b,RK Metrostation Maashaven ,51.896573582,4.494245173,30,5,9999
2026-04-20T07:28:31.470337,3d015ff0-8394-11ee-bb01-c602c1905375,BH Metrostation Oosterflank,51.945209326,4.555045447,10,0,9999
2026-04-20T07:28:31.470337,defeb050-a747-11ef-8778-d2279db84567,BH Karel Doormanstraat,51.922789549,4.473609692,9,5,9999
2026-04-20T07:28:31.470337,b5dc5454-890f-11ee-bb01-c602c1905375,BH Schilderstraat,51.916377397,4.48142868,8,6,9999
2026-04-20T07:28:31.470337,2f12ae3e-806c-11ed-b1e6-fa4fb8e2990b,BH Winkelcentrum Keizerswaard-Herenw,51.886358391,4.549308056,15,12,9999
2026-04-20T07:28:31.470337,3b6d73a8-805d-11ed-b1e6-fa4fb8e2990b,BH Metrostation Melanchtonweg,51.94881199,4.465233746,10,4,9999
2026-04-20T07:28:31.470337,d5832958-891a-11ee-bb01-c602c1905375,BH Metro Zuidplein (nieuw),51.887180341,4.491554668,10,6,9999
2026-04-20T07:28:31.470337,a535094e-b162-11ef-bdcd-5adc5d29ed54,BH Eudokiaplein,51.932433484,4.47153255,9,4,9999
2026-04-20T07:28:31.470337,437f8dc8-bd9e-11ed-b1e6-fa4fb8e2990b,RK Hillevliet,51.89558515,4.506432514,10,4,9999
2026-04-20T07:28:31.470337,f10d8ab4-9997-11ee-a91e-ee69b7c7763e,BH Shell Hofplein,51.925705456,4.477781355,28,1,9999
2026-04-20T07:28:31.470337,94467720-8127-11ed-b1e6-fa4fb8e2990b,RK Persoonsdam,51.909309099,4.508017165,10,2,9999
2026-04-20T07:28:31.470337,9245444a-2023-11f0-ab1d-9ae3af3bf913,BH Witte de Withstraat,51.915906523,4.478080905,10,2,9999
2026-04-20T07:28:31.470337,49d59348-ff64-11ef-b515-a65a77daff90,BH Bergweg (Dirk van den Broek),51.93856254,4.479465675,6,3,9999
2026-04-20T07:28:31.470337,30fb96bc-8124-11ed-b1e6-fa4fb8e2990b,RK Beverwaardseweg/ Borgharensingel,51.898798338,4.564663375,10,1,9999
2026-04-20T07:28:31.470337,9a1fb404-8ab3-11ee-bb01-c602c1905375,BH Langenhorst ,51.874120882,4.494254863,10,3,9999
2026-04-20T07:28:31.470337,abe67bfa-b096-11ef-b6d3-56d88772ab1a,BH Wilgenplaslaan/ Donkersingel,51.951337599,4.47048253,10,3,9999
2026-04-20T07:28:31.470337,068b0f9c-a8dd-11ef-8778-d2279db84567,BH Vierhavenstraat (Sahan),51.908502395,4.437727106,4,0,9999
2026-04-20T07:28:31.470337,bc0e7e9c-a8da-11ef-8778-d2279db84567,BH Jan van Vuchtstraat,51.917045317,4.460830874,6,5,9999
2026-04-20T07:28:31.470337,8b721818-a5b2-11f0-ab44-baed9603afbb,Lekstraat,51.90446958,4.406985264,6,0,9999
2026-04-20T07:28:31.470337,ad212572-06f7-11ef-b58d-569a23b994be,BH Molenlaan/Grindweg,51.963224537,4.49571068,10,0,9999
2026-04-20T07:28:31.470337,f8828c3e-806d-11ed-b1e6-fa4fb8e2990b,RK Station Rdam Zuid,51.905545015,4.509568537,15,9,9999
2026-04-20T07:28:31.470337,5f71799e-806b-11ed-b1e6-fa4fb8e2990b,BH Willemsplein,51.911118908,4.481894771,17,3,9999
2026-04-20T07:28:31.470337,42824336-bd97-11ed-b1e6-fa4fb8e2990b,RK Groene Hilledijk,51.882726433,4.504266667,10,1,9999
2026-04-20T07:28:31.470337,db6932f4-182b-11ef-a8d1-42f0fecaeb6a,BH Metrostation Nesselande,51.978969273,4.586177782,10,0,9999
2026-04-20T07:28:31.470337,2c4ff78a-2783-11f1-a5ae-0225521a85c1,BH PR Slinge 2,51.87374414,4.477026543,10,1,9
2026-04-20T07:28:31.470337,e26322b0-2025-11f0-ab1d-9ae3af3bf913,BH Brielselaan,51.896298935,4.489248091,4,0,9999
2026-04-20T07:28:31.470337,c862b7f2-06fb-11ef-b58d-569a23b994be,BH Prins Alexanderlaan (metrobaan zijde),51.952192324,4.551435621,10,1,9999
2026-04-20T07:28:31.470337,c53689c2-8124-11ed-b1e6-fa4fb8e2990b,RK Peellandstraat / Beesdestraat ,51.888535309,4.567291893,10,3,9999
2026-04-20T07:28:31.470337,8f5d35a0-1834-11ef-8071-42f0fecaeb6a,BH Jan Bijloostraat (Winkelcentrum Lage Land),51.941821995,4.546449269,9,2,9999
2026-04-20T07:28:31.470337,f8fcd3a4-983a-11ef-a85a-be896af2d3a5,BH Rhijnauwensingel,51.892161199,4.569620613,12,0,9999
2026-04-20T07:28:31.470337,118239d4-a5b2-11f0-ab44-baed9603afbb,Lorentzlaan (bushalte),51.917994492,4.415061192,4,0,9999
2026-04-20T07:28:31.470337,0c107276-bdb7-11ed-b1e6-fa4fb8e2990b,RK Sandelingenplein,51.889562128,4.506962326,10,1,9999
2026-04-20T07:28:31.470337,75b8bea6-81d8-11ed-b1e6-fa4fb8e2990b,RK Metrostation Maashaven (Putselaan),51.897794241,4.495760713,10,1,9999
2026-04-20T07:28:31.470337,a20bbbae-bdae-11ed-b1e6-fa4fb8e2990b,RK Frankendaal,51.886951976,4.521294152,10,0,9999
2026-04-20T07:28:31.470337,bc839806-a5b1-11f0-ab44-baed9603afbb,Van het Hoffplein (Boerhavelaan),51.916219132,4.412005574,8,1,9999
2026-04-20T07:28:31.470337,2c632780-a8de-11ef-8778-d2279db84567,BH Schuttevaerweg,51.922420472,4.434869706,10,0,9999
2026-04-20T07:28:31.470337,f1df385c-f5b2-11ef-81b3-76e5c571f05f,HUB Admiraal de Ruyterstraat,51.906742474,4.38554997,8,5,9999
2026-04-20T07:28:31.470337,4247dd56-1c9f-11ee-8219-8ed3b2364c4f,BH Metro Coolhaven,51.909218289,4.458167882,10,0,9999
2026-04-20T07:28:31.470337,65af1c24-06f4-11ef-b58d-569a23b994be,BH Meerum Terwogtlaan,51.951763386,4.524587387,10,2,9999
2026-04-20T09:27:34.662800,a3c07f10-a5b5-11f0-b05b-baed9603afbb,HUB Hoofdbrug,51.908705902,4.406131267,8,1,9999
2026-04-20T09:27:34.662800,b9bfe680-fbc4-11ee-b58d-569a23b994be,Trompenburg 2,51.917638379,4.518889893,10,0,10
2026-04-20T09:27:34.662800,3c659862-a8dd-11ef-8778-d2279db84567,BH Mayflowerstraat,51.905015647,4.440161906,10,3,9999
2026-04-20T09:27:34.662800,e0a4baca-a748-11ef-8778-d2279db84567,BH Mariniersweg,51.920853425,4.490979502,10,9,9999
2026-04-20T09:27:34.662800,c35c448e-06fc-11ef-b58d-569a23b994be,BH Jacob van Campenweg ,51.942434165,4.537976212,7,7,9999
2026-04-20T09:27:34.662800,438486f4-a5b6-11f0-a150-baed9603afbb,HUB Koemarkt ingang garage,51.914517902,4.401917461,6,0,9999
2026-04-20T09:27:34.662800,365f4a3e-a5b3-11f0-ab44-baed9603afbb,Rubensplein,51.911712719,4.383665134,6,0,9999
2026-04-20T09:27:34.662800,a85b996e-fe23-11ee-b58d-569a23b994be,BH Dirk van der Kooijweg (Waterleliesingel),51.953796964,4.52009166,10,0,9999
2026-04-20T09:27:34.662800,19e2de56-b5d8-11ee-9ae6-5263e3f30f1e,BH STC Waalhaven,51.878297275,4.448759787,10,2,9999
2026-04-20T09:27:34.662800,c6c213ee-ed18-11ef-9957-f683e5eb607c,BH Langenhorst (Binkhorst),51.877310029,4.494737503,10,7,9999
2026-04-20T09:27:34.662800,3366f8b0-a8dc-11ef-8778-d2279db84567,BH Vierhavenstraat (WoonEnzo),51.907777562,4.438830385,4,1,9999
2026-04-20T09:27:34.662800,04a89aea-a5b3-11f0-ab44-baed9603afbb,Groenelaan Hagastraat (Winkelcentrum),51.907303396,4.402285408,4,0,9999
2026-04-20T09:27:34.662800,32638aa6-a5b5-11f0-9f09-baed9603afbb,HUB Laan van Bol'es,51.928443203,4.370771711,10,0,9999
2026-04-20T09:27:34.662800,291c2f72-a749-11ef-8778-d2279db84567,BH Westzeedijk,51.909321622,4.471436479,10,8,9999
2026-04-20T09:27:34.662800,abd627be-67bb-11f0-91de-5eaa9feacc9b,BH Schiekade (Heer Bokelweg),51.927133058,4.476309832,10,1,9999
2026-04-20T09:27:34.662800,8948d5a4-b094-11ef-b6d3-56d88772ab1a,BH Duivenpad,51.964922912,4.498254116,8,2,9999
2026-04-20T09:27:34.662800,227e8c1e-be97-11ee-9ae6-5263e3f30f1e,HUB Metrostation Troelstralaan,51.915742295,4.384972326,10,1,9999
2026-04-20T09:27:34.662800,0af509a8-06f7-11ef-b58d-569a23b994be,BH Beethovensingel,51.96114919,4.505141448,10,0,9999
2026-04-20T09:27:34.662800,dc06f296-1768-11ef-8071-42f0fecaeb6a,BH Prins Alexanderlaan (Oosterflank),51.946646256,4.553811478,12,0,9999
2026-04-20T09:27:34.662800,221af3ce-7fe1-11ee-bb01-c602c1905375,BH Metro Prinsenlaan,51.940647564,4.556931306,10,0,9999
2026-04-20T09:27:34.662800,a793d6ba-edc8-11ee-a9f0-82366b51b915,BH Infirmeriestraat,51.922255603,4.502265891,10,3,9999
2026-04-20T09:27:34.662800,0359e1a2-bdb3-11ed-b1e6-fa4fb8e2990b,RK Rosestraat 11C,51.902954022,4.511377745,10,6,9999
2026-04-20T09:27:34.662800,87f07e20-9e78-11ee-a91e-ee69b7c7763e,BH Marconistraat (Lee Towers),51.912441021,4.430411189,14,3,9999
2026-04-20T09:27:34.662800,f539bd6e-06f8-11ef-b58d-569a23b994be,BH Meijersplein,51.955657978,4.463033845,8,2,9999
2026-04-20T09:27:34.662800,70f0801a-8071-11ed-b1e6-fa4fb8e2990b,RK treinstation Lombardijen,51.88057913,4.531905572,30,3,9999
2026-04-20T09:27:34.662800,43752ffc-a8db-11ef-8778-d2279db84567,BH Pieter de Hoochweg,51.906316301,4.459985731,6,11,9999
2026-04-20T09:27:34.662800,b35ddad8-ab08-11ef-8778-d2279db84567,HUB Rotterdamsedijk 272,51.914957692,4.40343084,8,2,9999
2026-04-20T09:27:34.662800,9b1fa0f6-ae3c-11ee-a91e-ee69b7c7763e,BH Winkelhart Plein 1953,51.874842065,4.467889739,10,9,9999
2026-04-20T09:27:34.662800,8bd90878-0884-11f0-9a47-66143dd92f22,RK Molenvliet,51.882626536,4.521159806,10,4,9999
2026-04-20T09:27:34.662800,45450b66-a5b2-11f0-ab44-baed9603afbb,Maasdijk (Gustoweg),51.906629018,4.412009895,6,0,9999
2026-04-20T09:27:34.662800,4de2effe-f068-11ef-ba40-0ea3ed1ae564,HUB Hof van Spaland - Vlaardingseweg,51.935841728,4.376077923,4,2,9999
2026-04-20T09:27:34.662800,d38c6468-06fe-11ef-b58d-569a23b994be,BH Kleine Beer,51.950902127,4.555051083,6,0,9999
2026-04-20T09:27:34.662800,e552904e-182b-11ef-a8d1-42f0fecaeb6a,BH Metrostation Hesseplaats,51.963345229,4.554510684,10,2,9999
2026-04-20T09:27:34.662800,1826196c-b162-11ef-bdcd-5adc5d29ed54,BH Bentincklaan (Diergaarde Blijdorp),51.92572504,4.454794024,10,3,9999
2026-04-20T09:27:34.662800,8a1e5ed0-1c9e-11ee-8219-8ed3b2364c4f,BH Sparta stadion,51.920151368,4.434428835,20,9,9999
2026-04-20T09:27:34.662800,d3c9003c-b486-11ee-9ae6-5263e3f30f1e,BH Oostzeedijk Beneden,51.922514244,4.503092963,10,0,9999
2026-04-20T09:27:34.662800,552a82b8-b094-11ef-b6d3-56d88772ab1a,BH Hockeyclub Rotterdam,51.96869974,4.484731647,25,0,9999
2026-04-20T09:27:34.662800,cb3f6d1c-a746-11ef-8778-d2279db84567,BH Vasteland (AH),51.911537089,4.478368712,10,6,9999
2026-04-20T09:27:34.662800,d4a8557a-eabd-11ef-ac99-aa7241d1fb4f,HUB Admiraal Trompstraat (Huisman),51.908834504,4.381923039,8,3,9999
2026-04-20T09:27:34.662800,00e8b3de-9e82-11ee-a91e-ee69b7c7763e,BH Jacques Dutilhweg,51.927993284,4.5475155,10,0,9999
2026-04-20T09:27:34.662800,d868fe52-36e5-11f0-ab1d-9ae3af3bf913,BH Sluisjesdijk,51.894714517,4.461900478,10,5,3
2026-04-20T09:27:34.662800,4338fed2-edbb-11ee-a9f0-82366b51b915,BH Oostzeedijk Beneden 2,51.921653595,4.507031037,10,3,9999
2026-04-20T09:27:34.662800,2c82bb9a-217b-11ee-8219-8ed3b2364c4f,Hub Weena,51.922738296,4.469181329,142,35,9999
2026-04-20T09:27:34.662800,96f5cbdc-06f6-11ef-b58d-569a23b994be,BH Argonautenweg,51.959086712,4.49354982,10,1,9999
2026-04-20T09:27:34.662800,2f51713e-32b7-11ee-8219-8ed3b2364c4f,Hub P+R Capelsebrug,51.920991793,4.559215491,18,6,9999
2026-04-20T09:27:34.662800,62b0255a-9e7a-11ee-a91e-ee69b7c7763e,BH Vierhavenstraat,51.910327597,4.434992993,16,0,9999
2026-04-20T09:27:34.662800,2b10524e-06f5-11ef-b58d-569a23b994be,BH Piet van der Polsingel,51.950618784,4.518612648,8,3,9999
2026-04-20T09:27:34.662800,47070056-06fa-11ef-b58d-569a23b994be,BH Metrostation Schenkel,51.931770435,4.56406792,12,0,9999
2026-04-20T09:27:34.662800,0e59456c-f06d-11f0-b173-2e3b4d4b7f35,BH P+R Kralingse Zoom,51.921440854,4.531732208,10,8,0
2026-04-20T09:27:34.662800,7a8c12ba-91ab-11ed-b1e6-fa4fb8e2990b,BH Metrostation Slinge,51.874526023,4.477872534,15,3,9999
2026-04-20T09:27:34.662800,026045c6-8530-11ee-bb01-c602c1905375,BH Winkelhart Katendrechtse Lagedijk,51.891184937,4.479440034,10,0,9999
2026-04-20T09:27:34.662800,9d9bb8ec-4bd1-11ee-bb01-c602c1905375,BH Marconiplein,51.913319277,4.432514448,10,5,9999
2026-04-20T09:27:34.662800,8330f3ca-a5b4-11f0-ab44-baed9603afbb,Fokkerstraat Plesmanstraat,51.929694009,4.399576614,4,0,9999
2026-04-20T09:27:34.662800,5b842034-5331-11f0-ab1d-9ae3af3bf913,BH Walenburgerweg,51.926698659,4.462629155,10,7,9999
2026-04-20T09:27:34.662800,a08059b6-b484-11ee-9ae6-5263e3f30f1e,BH Metrostation Gerdesiaweg,51.925444134,4.506155972,10,3,9999
2026-04-20T09:27:34.662800,2f718c84-8911-11ee-bb01-c602c1905375,BH Metro Dijkzigt - EMC,51.911789199,4.466334846,20,12,9999
2026-04-20T09:27:34.662800,f58e41fc-1c9f-11ee-8219-8ed3b2364c4f,BH Heemraadsplein,51.912322959,4.455058085,10,2,9999
2026-04-20T09:27:34.662800,79fdd038-34b8-11f0-ab1d-9ae3af3bf913,BH RTHA Airport,51.94924845,4.432611987,10,4,4
2026-04-20T09:27:34.662800,1c41897e-596e-11ef-bed6-aa139991deb4,HUB Metrostation Nieuwland / Bijdorpplein,51.922583819,4.38260008,10,0,9999
2026-04-20T09:27:34.662800,a57d027c-8912-11ee-bb01-c602c1905375,BH Delftse Poort,51.924408145,4.472816464,10,8,9999
2026-04-20T09:27:34.662800,6383849a-2038-11f0-ab1d-9ae3af3bf913,BH - Kralingsebos (Langepad),51.936318565,4.506197017,10,4,9999
2026-04-20T09:27:34.662800,e90e9332-06f5-11ef-b58d-569a23b994be,BH Burgemeester Le Fèvre de Montignylaan,51.957620055,4.501711782,10,0,9999
2026-04-20T09:27:34.662800,5cb3ffde-bdaf-11ed-b1e6-fa4fb8e2990b,RK Stadionlaan,51.892328813,4.530682857,10,0,9999
2026-04-20T09:27:34.662800,02bed1f8-8392-11ee-bb01-c602c1905375,BH Station Alexander,51.951735827,4.551049232,10,5,9999
2026-04-20T09:27:34.662800,08d5cf66-8ab2-11ee-bb01-c602c1905375,BH Winkelhart Asterlo,51.873536387,4.483591736,10,3,9999
2026-04-20T09:27:34.662800,0e51e024-c757-11ee-9ae6-5263e3f30f1e,BH Metrostation Binnenhof,51.960437867,4.535372966,10,7,9999
2026-04-20T09:27:34.662800,409f87f6-890f-11ee-bb01-c602c1905375,BH Metro Beurs,51.917806013,4.480107053,8,7,9999
2026-04-20T09:27:34.662800,d6a7cd26-4d08-11f0-ab1d-9ae3af3bf913,BH - Oudehoofdplein-Haringvliet,51.918979475,4.49384405,10,8,9999
2026-04-20T09:27:34.662800,f0ad9b92-1767-11ef-8071-42f0fecaeb6a,BH Prinsenlaan,51.937206457,4.536127586,10,6,9999
2026-04-20T09:27:34.662800,f06fd44c-2035-11f0-ab1d-9ae3af3bf913,BH Boezemlaan,51.938982631,4.495864471,10,7,9999
2026-04-20T09:27:34.662800,8d91a90c-9e83-11ee-a91e-ee69b7c7763e,BH Kraaierstraat,51.91909698,4.418192898,8,1,9999
2026-04-20T09:27:34.662800,a2671a36-bdad-11ed-b1e6-fa4fb8e2990b,RK Dwarsdijk,51.893055987,4.539201504,10,3,9999
2026-04-20T09:27:34.662800,376a5cda-06f8-11ef-b58d-569a23b994be,BH Ganzerikplein,51.958953276,4.471584016,10,1,9999
2026-04-20T09:27:34.662800,5cdd9872-b096-11ef-b6d3-56d88772ab1a,BH Wilgenplaslaan/ Meidoornsingel,51.953868042,4.468211582,7,0,9999
2026-04-20T09:27:34.662800,952a3e78-a8db-11ef-8778-d2279db84567,BH Lloydstraat,51.902214281,4.461287644,10,2,9999
2026-04-20T09:27:34.662800,a6fa0910-8067-11ed-b1e6-fa4fb8e2990b,BH Stadion Fey (Bert Heesakkerstr.),51.896805818,4.521735582,50,0,9999
2026-04-20T09:27:34.662800,a1337d02-e018-11ed-a249-96cdaf8f7240,BH Sint Franciscus,51.942171146,4.460534407,25,0,9999
2026-04-20T09:27:34.662800,d3cea108-8285-11f0-ab44-baed9603afbb,BH - Ratelaarweg,51.967431611,4.463349689,10,3,9999
2026-04-20T09:27:34.662800,3bef7002-bdb5-11ed-b1e6-fa4fb8e2990b,RK Breeweg,51.890630632,4.514261169,10,3,9999
2026-04-20T09:27:34.662800,8c90734c-45bb-11ee-8219-8ed3b2364c4f,BH Coen Moulijnweg,51.893813253,4.526876329,42,4,9999
2026-04-20T09:27:34.662800,1b098490-2037-11f0-ab1d-9ae3af3bf913,BH Karmelweg,51.933461291,4.5029394,8,1,9999
2026-04-20T09:27:34.662800,23348a06-bdb1-11ed-b1e6-fa4fb8e2990b,RK Guido Gezelleweg,51.87434607,4.523238145,10,5,9999
2026-04-20T09:27:34.662800,66824038-37b2-11ef-a21a-8e54a72a50da,HUB Metrostation Parkweg / Zuidzijde,51.921443238,4.39475836,10,2,8
2026-04-20T09:27:34.662800,2c127298-ff25-11ef-a79f-a65a77daff90,BH Aert van Nesstraat,51.921141166,4.478916173,8,5,9999
2026-04-20T09:27:34.662800,cde445c6-a744-11ef-8778-d2279db84567,BH Groenendaal,51.921685178,4.492944049,6,5,9999
2026-04-20T09:27:34.662800,97c6a1c2-a8da-11ef-8778-d2279db84567,BH Henegouwerplein,51.921807589,4.460561523,10,4,9999
2026-04-20T09:27:34.662800,e68d5642-a5b5-11f0-b6c1-baed9603afbb,HUB NS Station Schiedam Centrum/ Professor Kamerlingh Onneslaan,51.92071744,4.408262487,12,2,9999
2026-04-20T09:27:34.662800,82623a40-bda3-11ed-b1e6-fa4fb8e2990b,RK Rosestraat,51.91100607,4.501308573,10,8,9999
2026-04-20T09:27:34.662800,b7353df6-b485-11ee-9ae6-5263e3f30f1e,BH Metrostation Kralingsezoom (Gravenweg),51.921751706,4.533850265,10,5,9999
2026-04-20T09:27:34.662800,6c34980a-bb92-11ef-a02d-6ea8ed91bd56,BH Gordelweg (Lidl),51.940472428,4.479798999,4,1,9999
2026-04-20T09:27:34.662800,5904bd1a-a5b5-11f0-b05b-baed9603afbb,HUB Hof van Spaland - Bachplein,51.934889388,4.374726808,8,3,9999
2026-04-20T09:27:34.662800,32ca5fd0-8126-11ed-b1e6-fa4fb8e2990b,RK Vuurplaat,51.906526668,4.505838102,10,0,9999
2026-04-20T09:27:34.662800,f94a1ff6-b095-11ef-b6d3-56d88772ab1a,BH Bm Le Fèvre de Montignylaan/ Jeroen Boschlaan,51.955641943,4.505982462,6,0,9999
2026-04-20T09:27:34.662800,4228b402-8537-11ee-bb01-c602c1905375,BH Tongelaarweg,51.895280064,4.563514996,10,1,9999
2026-04-20T09:27:34.662800,6f66a60c-36e5-11f0-ab1d-9ae3af3bf913,BH Lloydpier,51.904487669,4.460458303,8,9,0
2026-04-20T09:27:34.662800,7d81b63e-a5b5-11f0-b05b-baed9603afbb,HUB 's Gravelandseweg,51.932091958,4.401924037,6,3,9999
2026-04-20T09:27:34.662800,a3dbb322-8121-11ed-b1e6-fa4fb8e2990b,RK Metrostation Rijnhaven ,51.902216981,4.49610172,15,5,9999
2026-04-20T09:27:34.662800,cf23b50e-9ad0-11f0-ab44-baed9603afbb,BH Natuurhistorisch museum,51.911022288,4.472728259,12,2,9999
2026-04-20T09:27:34.662800,d55243f6-182b-11ef-a8d1-42f0fecaeb6a,BH Siciliëboulevard ,51.97996654,4.580859756,10,0,9999
2026-04-20T09:27:34.662800,e0f7ef36-a5b4-11f0-ab44-baed9603afbb,Havenstraat einde (digitale testhub),51.900396883,4.398614319,12,0,9999
2026-04-20T09:27:34.662800,05d1d708-eabd-11ef-88c2-aa7241d1fb4f,HUB De Thermen ,51.927426752,4.380236246,8,5,9999
2026-04-20T09:27:34.662800,b3381a7a-2036-11f0-ab1d-9ae3af3bf913,BH Oudedijk / de Nieuwe Plantage,51.929149075,4.505248613,8,3,9999
2026-04-20T09:27:34.662800,8b480576-eabc-11ee-a9f0-82366b51b915,BH Schiedamseweg Beneden,51.914135146,4.422297364,5,1,9999
2026-04-20T09:27:34.662800,89a2f1d2-a5b3-11f0-ab44-baed9603afbb,Metrostation Vijfsluizen,51.908108215,4.37254105,8,1,9999
2026-04-20T09:27:34.662800,e50f3d1e-f069-11ef-9ed7-0ea3ed1ae564,HUB Oranjestraat - Lange Nieuwstraat,51.913368472,4.40030457,5,0,9999
2026-04-20T09:27:34.662800,4c1b19a4-d0a1-11ee-8b0e-065810cc8d78,BH Elandstraat,51.910800072,4.553878993,10,2,9999
2026-04-20T09:27:34.662800,bbbba24e-806e-11ed-b1e6-fa4fb8e2990b,RK P+R Noorderhelling,51.894761016,4.532122707,15,0,9999
2026-04-20T09:27:34.662800,3ac0b682-8129-11ed-b1e6-fa4fb8e2990b,RK Cor Kieboomplein,51.896922039,4.523502821,15,1,9999
2026-04-20T09:27:34.662800,5a3ffbf4-37b1-11ef-a21a-8e54a72a50da,HUB Metrostation Nieuwland / Van Limburg Stirumstraat,51.922446663,4.38308784,6,1,5
2026-04-20T09:27:34.662800,5d8d12a2-a5b4-11f0-ab44-baed9603afbb,Van Heekstraat,51.931167557,4.406024405,4,0,9999
2026-04-20T09:27:34.662800,f251d6e8-0b82-11ef-b58d-569a23b994be,BH Metrostation Graskruid ,51.956473743,4.550010233,8,1,9999
2026-04-20T09:27:34.662800,a4d2ea7c-b2f0-11ef-aa57-62870c7808bb,BH 2e Hogenbanweg,51.936951327,4.427707182,8,2,9999
2026-04-20T09:27:34.662800,75ba0d1a-2037-11f0-ab1d-9ae3af3bf913,BH Stadhoudersweg,51.931417737,4.461484988,10,1,9999
2026-04-20T09:27:34.662800,bc6b0d7e-a745-11ef-8778-d2279db84567,BH Goudsewagenstraat,51.923224462,4.493552746,8,9,9999
2026-04-20T09:27:34.662800,0f37eafc-8912-11ee-bb01-c602c1905375,BH Metro Oostplein,51.922677789,4.497608825,10,6,9999
2026-04-20T09:27:34.662800,aed7c2fa-8123-11ed-b1e6-fa4fb8e2990b,RK Groene Hilledijk/Beijerlandselaan,51.893806789,4.509452258,10,4,9999
2026-04-20T09:27:34.662800,c76f0318-bb92-11ef-a02d-6ea8ed91bd56,BH NS Centraal Station (Stationssingel),51.925399994,4.466148375,10,15,9999
2026-04-20T09:27:34.662800,361a368c-a5b4-11f0-ab44-baed9603afbb,Sportpark Haga (Epke Zonderlandstraat),51.921919868,4.370918199,8,6,9999
2026-04-20T09:27:34.662800,f4c0fe5e-02d6-11ef-b58d-569a23b994be,BH Paulus Potterstraat,51.9228414,4.508497696,10,2,9999
2026-04-20T09:27:34.662800,48cbf66e-9f15-11ee-a91e-ee69b7c7763e,BH Franselaan,51.917379138,4.420463507,10,2,9999
2026-04-20T09:27:34.662800,e9735b4e-7da7-11f0-ab44-baed9603afbb,BH Veldkersweg,51.966835673,4.46657292,8,1,9999
2026-04-20T09:27:34.662800,4b1ac684-bb93-11ef-a02d-6ea8ed91bd56,BH Noorderkanaalweg,51.940525593,4.472984586,9,2,9999
2026-04-20T09:27:34.662800,033a9392-3700-11f0-ab1d-9ae3af3bf913,BH Herman Bavinckstraat,51.915067882,4.521446921,10,5,9999
2026-04-20T09:27:34.662800,ffe8c3e8-a8da-11ef-8778-d2279db84567,BH Mathenesserplein,51.917836602,4.44508891,8,1,9999
2026-04-20T09:27:34.662800,e377069a-ff63-11ef-a79f-a65a77daff90,BH Kralingsebos Bosdreef/Pr. Beatrixlaan,51.93789612,4.501689644,8,4,9999
2026-04-20T09:27:34.662800,7af95f9c-a747-11ef-8778-d2279db84567,BH Kruisplein,51.92228569,4.47138789,6,18,9999
2026-04-20T09:27:34.662800,4c50cb7a-bdb6-11ed-b1e6-fa4fb8e2990b,RK Olympiaweg,51.886462746,4.529133302,10,8,9999
2026-04-20T09:27:34.662800,a694ef4e-36e5-11f0-ab1d-9ae3af3bf913,BH Neushoornstraat,51.913041554,4.553743002,6,1,5
2026-04-20T09:27:34.662800,be56ca62-8120-11ed-b1e6-fa4fb8e2990b,RK P+R Beverwaard,51.885771514,4.568986239,10,5,9999
2026-04-20T09:27:34.662800,d5af3bc4-806a-11ed-b1e6-fa4fb8e2990b,BH Kievitslaan,51.907226862,4.473300159,17,1,9999
2026-04-20T09:27:34.662800,dd006abc-a5b3-11f0-ab44-baed9603afbb,Havenstraat,51.903204365,4.398004897,8,0,9999
2026-04-20T09:27:34.662800,6f09af84-eabe-11ee-a9f0-82366b51b915,BH Delftseplein ,51.925206514,4.474011701,14,14,9999
2026-04-20T09:27:34.662800,1cfb89ec-806b-11ed-b1e6-fa4fb8e2990b,BH Westplein,51.908912961,4.478583441,10,3,9999
2026-04-20T09:27:34.662800,12fc10a4-bb94-11ef-a02d-6ea8ed91bd56,BH Noordplein,51.930251975,4.483699175,10,2,9999
2026-04-20T09:27:34.662800,276e8d26-bda0-11ed-b1e6-fa4fb8e2990b,RK Strevelsweg,51.889634937,4.495943368,15,1,9999
2026-04-20T09:27:34.662800,9e066470-2038-11f0-ab1d-9ae3af3bf913,BH Kralinger Esch,51.911179823,4.524762065,9,4,9999
2026-04-20T09:27:34.662800,9b1f0aaa-8125-11ed-b1e6-fa4fb8e2990b,RK Slaghekstraat - Beijerlandselaan,51.897574833,4.511261604,10,3,9999
2026-04-20T09:27:34.662800,b8c81048-2037-11f0-ab1d-9ae3af3bf913,BH Van Maanenstraat,51.932279316,4.464280453,6,5,9999
2026-04-20T09:27:34.662800,1f4ff66c-bdb8-11ed-b1e6-fa4fb8e2990b,RK Van der Takstraat ,51.914243737,4.496045621,10,2,9999
2026-04-20T09:27:34.662800,3b523cee-5c94-11f0-ab1d-9ae3af3bf913,BH - Wilhelminapier,51.90698281,4.489727426,14,21,9999
2026-04-20T09:27:34.662800,e8d292d2-039a-11ef-b58d-569a23b994be,BH Mia van Yperenplein ,51.928414546,4.545678043,10,1,9999
2026-04-20T09:27:34.662800,12daf18a-8068-11ed-b1e6-fa4fb8e2990b,BH Treinst. Lombardijen (Aesopusplaats),51.880478018,4.530040287,10,2,9999
2026-04-20T09:27:34.662800,558e4a5a-eaba-11ee-a9f0-82366b51b915,BH Blijdorplaan ,51.927389289,4.440437692,22,3,9999
2026-04-20T09:27:34.662800,5a8de282-36ee-11f0-ab1d-9ae3af3bf913,BH van Blommesteynweg,51.888148155,4.460842726,10,0,9999
2026-04-20T09:27:34.662800,078569ee-a5b5-11f0-ab44-baed9603afbb,Nieuwe Waterwegstraat (digitale testhub),51.900682979,4.390873601,12,0,9999
2026-04-20T09:27:34.662800,8e5dd27e-06fd-11ef-b58d-569a23b994be,BH Prins Alexanderplein,51.951040272,4.553684972,14,0,9999
2026-04-20T09:27:34.662800,a6843864-fbc4-11ee-b58d-569a23b994be,Trompenburg 1,51.917696349,4.517981647,10,2,6
2026-04-20T09:27:34.662800,5b583480-a8da-11ef-8778-d2279db84567,BH Duyststraat,51.910073429,4.452225738,8,4,9999
2026-04-20T09:27:34.662800,2510e9ba-a5b6-11f0-847a-baed9603afbb,Hub Kloosterplaats,51.91675013,4.402112308,6,0,9999
2026-04-20T09:27:34.662800,880e3e72-a8dd-11ef-8778-d2279db84567,BH Spaansebocht,51.917413667,4.430014126,9,0,9999
2026-04-20T09:27:34.662800,b5b3324a-edb9-11ee-a9f0-82366b51b915,BH Siondwarsstraat,51.925261494,4.51053174,10,0,9999
2026-04-20T09:27:34.662800,94b01d94-edc6-11ee-a9f0-82366b51b915,BH Schuttersveld,51.933248028,4.490978921,10,3,9999
2026-04-20T09:27:34.662800,69b33170-edbd-11ee-a9f0-82366b51b915,BH Metro Oostplein 2,51.923145722,4.496820843,10,4,9999
2026-04-20T09:27:34.662800,67d6af9a-f068-11ef-ba40-0ea3ed1ae564,HUB Hof van Spaland - Schiedamseweg,51.934898803,4.378145906,12,5,9999
2026-04-20T09:27:34.662800,f4d561c2-1e0f-11f1-bada-da123385441b,BH PR Slinge 2,51.87374414,4.477026543,10,1,9
2026-04-20T09:27:34.662800,4933dd54-9e7c-11ee-a91e-ee69b7c7763e,BH Willem Ruyslaan (Luzac College),51.925421889,4.508669446,10,3,9999
2026-04-20T09:27:34.662800,9f935b6c-b095-11ef-b6d3-56d88772ab1a,BH Bergpolderplein,51.945227242,4.474988047,8,2,9999
2026-04-20T09:27:34.662800,8a2d056c-bb93-11ef-a02d-6ea8ed91bd56,BH NS Station Noord (Bergweg),51.941530048,4.481339526,10,3,7
2026-04-20T09:27:34.662800,4d95ab34-8122-11ed-b1e6-fa4fb8e2990b,RK Metrostation Maashaven ,51.896573582,4.494245173,30,4,9999
2026-04-20T09:27:34.662800,3d015ff0-8394-11ee-bb01-c602c1905375,BH Metrostation Oosterflank,51.945209326,4.555045447,10,0,9999
2026-04-20T09:27:34.662800,defeb050-a747-11ef-8778-d2279db84567,BH Karel Doormanstraat,51.922789549,4.473609692,9,8,9999
2026-04-20T09:27:34.662800,b5dc5454-890f-11ee-bb01-c602c1905375,BH Schilderstraat,51.916377397,4.48142868,8,6,9999
2026-04-20T09:27:34.662800,2f12ae3e-806c-11ed-b1e6-fa4fb8e2990b,BH Winkelcentrum Keizerswaard-Herenw,51.886358391,4.549308056,15,14,9999
2026-04-20T09:27:34.662800,3b6d73a8-805d-11ed-b1e6-fa4fb8e2990b,BH Metrostation Melanchtonweg,51.94881199,4.465233746,10,4,9999
2026-04-20T09:27:34.662800,d5832958-891a-11ee-bb01-c602c1905375,BH Metro Zuidplein (nieuw),51.887180341,4.491554668,10,6,9999
2026-04-20T09:27:34.662800,a535094e-b162-11ef-bdcd-5adc5d29ed54,BH Eudokiaplein,51.932433484,4.47153255,9,4,9999
2026-04-20T09:27:34.662800,437f8dc8-bd9e-11ed-b1e6-fa4fb8e2990b,RK Hillevliet,51.89558515,4.506432514,10,3,9999
2026-04-20T09:27:34.662800,f10d8ab4-9997-11ee-a91e-ee69b7c7763e,BH Shell Hofplein,51.925705456,4.477781355,28,3,9999
2026-04-20T09:27:34.662800,94467720-8127-11ed-b1e6-fa4fb8e2990b,RK Persoonsdam,51.909309099,4.508017165,10,4,9999
2026-04-20T09:27:34.662800,9245444a-2023-11f0-ab1d-9ae3af3bf913,BH Witte de Withstraat,51.915906523,4.478080905,10,3,9999
2026-04-20T09:27:34.662800,49d59348-ff64-11ef-b515-a65a77daff90,BH Bergweg (Dirk van den Broek),51.93856254,4.479465675,6,3,9999
2026-04-20T09:27:34.662800,30fb96bc-8124-11ed-b1e6-fa4fb8e2990b,RK Beverwaardseweg/ Borgharensingel,51.898798338,4.564663375,10,2,9999
2026-04-20T09:27:34.662800,9a1fb404-8ab3-11ee-bb01-c602c1905375,BH Langenhorst ,51.874120882,4.494254863,10,4,9999
2026-04-20T09:27:34.662800,abe67bfa-b096-11ef-b6d3-56d88772ab1a,BH Wilgenplaslaan/ Donkersingel,51.951337599,4.47048253,10,3,9999
2026-04-20T09:27:34.662800,068b0f9c-a8dd-11ef-8778-d2279db84567,BH Vierhavenstraat (Sahan),51.908502395,4.437727106,4,1,9999
2026-04-20T09:27:34.662800,bc0e7e9c-a8da-11ef-8778-d2279db84567,BH Jan van Vuchtstraat,51.917045317,4.460830874,6,5,9999
2026-04-20T09:27:34.662800,8b721818-a5b2-11f0-ab44-baed9603afbb,Lekstraat,51.90446958,4.406985264,6,0,9999
2026-04-20T09:27:34.662800,ad212572-06f7-11ef-b58d-569a23b994be,BH Molenlaan/Grindweg,51.963224537,4.49571068,10,0,9999
2026-04-20T09:27:34.662800,f8828c3e-806d-11ed-b1e6-fa4fb8e2990b,RK Station Rdam Zuid,51.905545015,4.509568537,15,10,9999
2026-04-20T09:27:34.662800,5f71799e-806b-11ed-b1e6-fa4fb8e2990b,BH Willemsplein,51.911118908,4.481894771,17,4,9999
2026-04-20T09:27:34.662800,42824336-bd97-11ed-b1e6-fa4fb8e2990b,RK Groene Hilledijk,51.882726433,4.504266667,10,1,9999
2026-04-20T09:27:34.662800,db6932f4-182b-11ef-a8d1-42f0fecaeb6a,BH Metrostation Nesselande,51.978969273,4.586177782,10,0,9999
2026-04-20T09:27:34.662800,2c4ff78a-2783-11f1-a5ae-0225521a85c1,BH PR Slinge 2,51.87374414,4.477026543,10,1,9
2026-04-20T09:27:34.662800,e26322b0-2025-11f0-ab1d-9ae3af3bf913,BH Brielselaan,51.896298935,4.489248091,4,0,9999
2026-04-20T09:27:34.662800,c862b7f2-06fb-11ef-b58d-569a23b994be,BH Prins Alexanderlaan (metrobaan zijde),51.952192324,4.551435621,10,2,9999
2026-04-20T09:27:34.662800,c53689c2-8124-11ed-b1e6-fa4fb8e2990b,RK Peellandstraat / Beesdestraat ,51.888535309,4.567291893,10,3,9999
2026-04-20T09:27:34.662800,8f5d35a0-1834-11ef-8071-42f0fecaeb6a,BH Jan Bijloostraat (Winkelcentrum Lage Land),51.941821995,4.546449269,9,3,9999
2026-04-20T09:27:34.662800,f8fcd3a4-983a-11ef-a85a-be896af2d3a5,BH Rhijnauwensingel,51.892161199,4.569620613,12,0,9999
2026-04-20T09:27:34.662800,118239d4-a5b2-11f0-ab44-baed9603afbb,Lorentzlaan (bushalte),51.917994492,4.415061192,4,0,9999
2026-04-20T09:27:34.662800,0c107276-bdb7-11ed-b1e6-fa4fb8e2990b,RK Sandelingenplein,51.889562128,4.506962326,10,1,9999
2026-04-20T09:27:34.662800,75b8bea6-81d8-11ed-b1e6-fa4fb8e2990b,RK Metrostation Maashaven (Putselaan),51.897794241,4.495760713,10,1,9999
2026-04-20T09:27:34.662800,a20bbbae-bdae-11ed-b1e6-fa4fb8e2990b,RK Frankendaal,51.886951976,4.521294152,10,0,9999
2026-04-20T09:27:34.662800,bc839806-a5b1-11f0-ab44-baed9603afbb,Van het Hoffplein (Boerhavelaan),51.916219132,4.412005574,8,1,9999
2026-04-20T09:27:34.662800,2c632780-a8de-11ef-8778-d2279db84567,BH Schuttevaerweg,51.922420472,4.434869706,10,1,9999
2026-04-20T09:27:34.662800,f1df385c-f5b2-11ef-81b3-76e5c571f05f,HUB Admiraal de Ruyterstraat,51.906742474,4.38554997,8,5,9999
2026-04-20T09:27:34.662800,4247dd56-1c9f-11ee-8219-8ed3b2364c4f,BH Metro Coolhaven,51.909218289,4.458167882,10,0,9999
2026-04-20T09:27:34.662800,65af1c24-06f4-11ef-b58d-569a23b994be,BH Meerum Terwogtlaan,51.951763386,4.524587387,10,2,9999
2026-04-20T11:05:25.359653,a3c07f10-a5b5-11f0-b05b-baed9603afbb,HUB Hoofdbrug,51.908705902,4.406131267,8,1,9999
2026-04-20T11:05:25.359653,b9bfe680-fbc4-11ee-b58d-569a23b994be,Trompenburg 2,51.917638379,4.518889893,10,0,10
2026-04-20T11:05:25.359653,3c659862-a8dd-11ef-8778-d2279db84567,BH Mayflowerstraat,51.905015647,4.440161906,10,3,9999
2026-04-20T11:05:25.359653,e0a4baca-a748-11ef-8778-d2279db84567,BH Mariniersweg,51.920853425,4.490979502,10,8,9999
2026-04-20T11:05:25.359653,c35c448e-06fc-11ef-b58d-569a23b994be,BH Jacob van Campenweg ,51.942434165,4.537976212,7,6,9999
2026-04-20T11:05:25.359653,438486f4-a5b6-11f0-a150-baed9603afbb,HUB Koemarkt ingang garage,51.914517902,4.401917461,6,7,9999
2026-04-20T11:05:25.359653,365f4a3e-a5b3-11f0-ab44-baed9603afbb,Rubensplein,51.911712719,4.383665134,6,0,9999
2026-04-20T11:05:25.359653,a85b996e-fe23-11ee-b58d-569a23b994be,BH Dirk van der Kooijweg (Waterleliesingel),51.953796964,4.52009166,10,0,9999
2026-04-20T11:05:25.359653,19e2de56-b5d8-11ee-9ae6-5263e3f30f1e,BH STC Waalhaven,51.878297275,4.448759787,10,0,9999
2026-04-20T11:05:25.359653,c6c213ee-ed18-11ef-9957-f683e5eb607c,BH Langenhorst (Binkhorst),51.877310029,4.494737503,10,6,9999
2026-04-20T11:05:25.359653,3366f8b0-a8dc-11ef-8778-d2279db84567,BH Vierhavenstraat (WoonEnzo),51.907777562,4.438830385,4,1,9999
2026-04-20T11:05:25.359653,04a89aea-a5b3-11f0-ab44-baed9603afbb,Groenelaan Hagastraat (Winkelcentrum),51.907303396,4.402285408,4,0,9999
2026-04-20T11:05:25.359653,32638aa6-a5b5-11f0-9f09-baed9603afbb,HUB Laan van Bol'es,51.928443203,4.370771711,10,0,9999
2026-04-20T11:05:25.359653,291c2f72-a749-11ef-8778-d2279db84567,BH Westzeedijk,51.909321622,4.471436479,10,9,9999
2026-04-20T11:05:25.359653,abd627be-67bb-11f0-91de-5eaa9feacc9b,BH Schiekade (Heer Bokelweg),51.927133058,4.476309832,10,4,9999
2026-04-20T11:05:25.359653,8948d5a4-b094-11ef-b6d3-56d88772ab1a,BH Duivenpad,51.964922912,4.498254116,8,2,9999
2026-04-20T11:05:25.359653,227e8c1e-be97-11ee-9ae6-5263e3f30f1e,HUB Metrostation Troelstralaan,51.915742295,4.384972326,10,1,9999
2026-04-20T11:05:25.359653,0af509a8-06f7-11ef-b58d-569a23b994be,BH Beethovensingel,51.96114919,4.505141448,10,1,9999
2026-04-20T11:05:25.359653,dc06f296-1768-11ef-8071-42f0fecaeb6a,BH Prins Alexanderlaan (Oosterflank),51.946646256,4.553811478,12,0,9999
2026-04-20T11:05:25.359653,221af3ce-7fe1-11ee-bb01-c602c1905375,BH Metro Prinsenlaan,51.940647564,4.556931306,10,0,9999
2026-04-20T11:05:25.359653,a793d6ba-edc8-11ee-a9f0-82366b51b915,BH Infirmeriestraat,51.922255603,4.502265891,10,7,9999
2026-04-20T11:05:25.359653,0359e1a2-bdb3-11ed-b1e6-fa4fb8e2990b,RK Rosestraat 11C,51.902954022,4.511377745,10,6,9999
2026-04-20T11:05:25.359653,87f07e20-9e78-11ee-a91e-ee69b7c7763e,BH Marconistraat (Lee Towers),51.912441021,4.430411189,14,3,9999
2026-04-20T11:05:25.359653,f539bd6e-06f8-11ef-b58d-569a23b994be,BH Meijersplein,51.955657978,4.463033845,8,2,9999
2026-04-20T11:05:25.359653,70f0801a-8071-11ed-b1e6-fa4fb8e2990b,RK treinstation Lombardijen,51.88057913,4.531905572,30,3,9999
2026-04-20T11:05:25.359653,43752ffc-a8db-11ef-8778-d2279db84567,BH Pieter de Hoochweg,51.906316301,4.459985731,6,7,9999
2026-04-20T11:05:25.359653,b35ddad8-ab08-11ef-8778-d2279db84567,HUB Rotterdamsedijk 272,51.914957692,4.40343084,8,2,9999
2026-04-20T11:05:25.359653,9b1fa0f6-ae3c-11ee-a91e-ee69b7c7763e,BH Winkelhart Plein 1953,51.874842065,4.467889739,10,10,9999
2026-04-20T11:05:25.359653,8bd90878-0884-11f0-9a47-66143dd92f22,RK Molenvliet,51.882626536,4.521159806,10,4,9999
2026-04-20T11:05:25.359653,45450b66-a5b2-11f0-ab44-baed9603afbb,Maasdijk (Gustoweg),51.906629018,4.412009895,6,0,9999
2026-04-20T11:05:25.359653,4de2effe-f068-11ef-ba40-0ea3ed1ae564,HUB Hof van Spaland - Vlaardingseweg,51.935841728,4.376077923,4,2,9999
2026-04-20T11:05:25.359653,d38c6468-06fe-11ef-b58d-569a23b994be,BH Kleine Beer,51.950902127,4.555051083,6,1,9999
2026-04-20T11:05:25.359653,e552904e-182b-11ef-a8d1-42f0fecaeb6a,BH Metrostation Hesseplaats,51.963345229,4.554510684,10,2,9999
2026-04-20T11:05:25.359653,1826196c-b162-11ef-bdcd-5adc5d29ed54,BH Bentincklaan (Diergaarde Blijdorp),51.92572504,4.454794024,10,3,9999
2026-04-20T11:05:25.359653,8a1e5ed0-1c9e-11ee-8219-8ed3b2364c4f,BH Sparta stadion,51.920151368,4.434428835,20,9,9999
2026-04-20T11:05:25.359653,d3c9003c-b486-11ee-9ae6-5263e3f30f1e,BH Oostzeedijk Beneden,51.922514244,4.503092963,10,0,9999
2026-04-20T11:05:25.359653,552a82b8-b094-11ef-b6d3-56d88772ab1a,BH Hockeyclub Rotterdam,51.96869974,4.484731647,25,0,9999
2026-04-20T11:05:25.359653,cb3f6d1c-a746-11ef-8778-d2279db84567,BH Vasteland (AH),51.911537089,4.478368712,10,4,9999
2026-04-20T11:05:25.359653,d4a8557a-eabd-11ef-ac99-aa7241d1fb4f,HUB Admiraal Trompstraat (Huisman),51.908834504,4.381923039,8,3,9999
2026-04-20T11:05:25.359653,00e8b3de-9e82-11ee-a91e-ee69b7c7763e,BH Jacques Dutilhweg,51.927993284,4.5475155,10,0,9999
2026-04-20T11:05:25.359653,d868fe52-36e5-11f0-ab1d-9ae3af3bf913,BH Sluisjesdijk,51.894714517,4.461900478,10,5,3
2026-04-20T11:05:25.359653,4338fed2-edbb-11ee-a9f0-82366b51b915,BH Oostzeedijk Beneden 2,51.921653595,4.507031037,10,0,9999
2026-04-20T11:05:25.359653,2c82bb9a-217b-11ee-8219-8ed3b2364c4f,Hub Weena,51.922738296,4.469181329,142,39,9999
2026-04-20T11:05:25.359653,96f5cbdc-06f6-11ef-b58d-569a23b994be,BH Argonautenweg,51.959086712,4.49354982,10,1,9999
2026-04-20T11:05:25.359653,2f51713e-32b7-11ee-8219-8ed3b2364c4f,Hub P+R Capelsebrug,51.920991793,4.559215491,18,7,9999
2026-04-20T11:05:25.359653,62b0255a-9e7a-11ee-a91e-ee69b7c7763e,BH Vierhavenstraat,51.910327597,4.434992993,16,0,9999
2026-04-20T11:05:25.359653,2b10524e-06f5-11ef-b58d-569a23b994be,BH Piet van der Polsingel,51.950618784,4.518612648,8,3,9999
2026-04-20T11:05:25.359653,47070056-06fa-11ef-b58d-569a23b994be,BH Metrostation Schenkel,51.931770435,4.56406792,12,0,9999
2026-04-20T11:05:25.359653,0e59456c-f06d-11f0-b173-2e3b4d4b7f35,BH P+R Kralingse Zoom,51.921440854,4.531732208,10,8,0
2026-04-20T11:05:25.359653,7a8c12ba-91ab-11ed-b1e6-fa4fb8e2990b,BH Metrostation Slinge,51.874526023,4.477872534,15,1,9999
2026-04-20T11:05:25.359653,026045c6-8530-11ee-bb01-c602c1905375,BH Winkelhart Katendrechtse Lagedijk,51.891184937,4.479440034,10,1,9999
2026-04-20T11:05:25.359653,9d9bb8ec-4bd1-11ee-bb01-c602c1905375,BH Marconiplein,51.913319277,4.432514448,10,6,9999
2026-04-20T11:05:25.359653,8330f3ca-a5b4-11f0-ab44-baed9603afbb,Fokkerstraat Plesmanstraat,51.929694009,4.399576614,4,0,9999
2026-04-20T11:05:25.359653,5b842034-5331-11f0-ab1d-9ae3af3bf913,BH Walenburgerweg,51.926698659,4.462629155,10,8,9999
2026-04-20T11:05:25.359653,a08059b6-b484-11ee-9ae6-5263e3f30f1e,BH Metrostation Gerdesiaweg,51.925444134,4.506155972,10,4,9999
2026-04-20T11:05:25.359653,2f718c84-8911-11ee-bb01-c602c1905375,BH Metro Dijkzigt - EMC,51.911789199,4.466334846,20,10,9999
2026-04-20T11:05:25.359653,f58e41fc-1c9f-11ee-8219-8ed3b2364c4f,BH Heemraadsplein,51.912322959,4.455058085,10,5,9999
2026-04-20T11:05:25.359653,79fdd038-34b8-11f0-ab1d-9ae3af3bf913,BH RTHA Airport,51.94924845,4.432611987,10,2,6
2026-04-20T11:05:25.359653,1c41897e-596e-11ef-bed6-aa139991deb4,HUB Metrostation Nieuwland / Bijdorpplein,51.922583819,4.38260008,10,0,9999
2026-04-20T11:05:25.359653,a57d027c-8912-11ee-bb01-c602c1905375,BH Delftse Poort,51.924408145,4.472816464,10,11,9999
2026-04-20T11:05:25.359653,6383849a-2038-11f0-ab1d-9ae3af3bf913,BH - Kralingsebos (Langepad),51.936318565,4.506197017,10,5,9999
2026-04-20T11:05:25.359653,e90e9332-06f5-11ef-b58d-569a23b994be,BH Burgemeester Le Fèvre de Montignylaan,51.957620055,4.501711782,10,0,9999
2026-04-20T11:05:25.359653,5cb3ffde-bdaf-11ed-b1e6-fa4fb8e2990b,RK Stadionlaan,51.892328813,4.530682857,10,2,9999
2026-04-20T11:05:25.359653,02bed1f8-8392-11ee-bb01-c602c1905375,BH Station Alexander,51.951735827,4.551049232,10,6,9999
2026-04-20T11:05:25.359653,08d5cf66-8ab2-11ee-bb01-c602c1905375,BH Winkelhart Asterlo,51.873536387,4.483591736,10,4,9999
2026-04-20T11:05:25.359653,0e51e024-c757-11ee-9ae6-5263e3f30f1e,BH Metrostation Binnenhof,51.960437867,4.535372966,10,7,9999
2026-04-20T11:05:25.359653,409f87f6-890f-11ee-bb01-c602c1905375,BH Metro Beurs,51.917806013,4.480107053,8,3,9999
2026-04-20T11:05:25.359653,d6a7cd26-4d08-11f0-ab1d-9ae3af3bf913,BH - Oudehoofdplein-Haringvliet,51.918979475,4.49384405,10,7,9999
2026-04-20T11:05:25.359653,f0ad9b92-1767-11ef-8071-42f0fecaeb6a,BH Prinsenlaan,51.937206457,4.536127586,10,6,9999
2026-04-20T11:05:25.359653,f06fd44c-2035-11f0-ab1d-9ae3af3bf913,BH Boezemlaan,51.938982631,4.495864471,10,8,9999
2026-04-20T11:05:25.359653,8d91a90c-9e83-11ee-a91e-ee69b7c7763e,BH Kraaierstraat,51.91909698,4.418192898,8,1,9999
2026-04-20T11:05:25.359653,a2671a36-bdad-11ed-b1e6-fa4fb8e2990b,RK Dwarsdijk,51.893055987,4.539201504,10,2,9999
2026-04-20T11:05:25.359653,376a5cda-06f8-11ef-b58d-569a23b994be,BH Ganzerikplein,51.958953276,4.471584016,10,1,9999
2026-04-20T11:05:25.359653,5cdd9872-b096-11ef-b6d3-56d88772ab1a,BH Wilgenplaslaan/ Meidoornsingel,51.953868042,4.468211582,7,0,9999
2026-04-20T11:05:25.359653,952a3e78-a8db-11ef-8778-d2279db84567,BH Lloydstraat,51.902214281,4.461287644,10,2,9999
2026-04-20T11:05:25.359653,a6fa0910-8067-11ed-b1e6-fa4fb8e2990b,BH Stadion Fey (Bert Heesakkerstr.),51.896805818,4.521735582,50,0,9999
2026-04-20T11:05:25.359653,a1337d02-e018-11ed-a249-96cdaf8f7240,BH Sint Franciscus,51.942171146,4.460534407,25,0,9999
2026-04-20T11:05:25.359653,d3cea108-8285-11f0-ab44-baed9603afbb,BH - Ratelaarweg,51.967431611,4.463349689,10,0,9999
2026-04-20T11:05:25.359653,3bef7002-bdb5-11ed-b1e6-fa4fb8e2990b,RK Breeweg,51.890630632,4.514261169,10,4,9999
2026-04-20T11:05:25.359653,8c90734c-45bb-11ee-8219-8ed3b2364c4f,BH Coen Moulijnweg,51.893813253,4.526876329,42,4,9999
2026-04-20T11:05:25.359653,1b098490-2037-11f0-ab1d-9ae3af3bf913,BH Karmelweg,51.933461291,4.5029394,8,1,9999
2026-04-20T11:05:25.359653,23348a06-bdb1-11ed-b1e6-fa4fb8e2990b,RK Guido Gezelleweg,51.87434607,4.523238145,10,6,9999
2026-04-20T11:05:25.359653,66824038-37b2-11ef-a21a-8e54a72a50da,HUB Metrostation Parkweg / Zuidzijde,51.921443238,4.39475836,10,2,8
2026-04-20T11:05:25.359653,2c127298-ff25-11ef-a79f-a65a77daff90,BH Aert van Nesstraat,51.921141166,4.478916173,8,4,9999
2026-04-20T11:05:25.359653,cde445c6-a744-11ef-8778-d2279db84567,BH Groenendaal,51.921685178,4.492944049,6,3,9999
2026-04-20T11:05:25.359653,97c6a1c2-a8da-11ef-8778-d2279db84567,BH Henegouwerplein,51.921807589,4.460561523,10,4,9999
2026-04-20T11:05:25.359653,e68d5642-a5b5-11f0-b6c1-baed9603afbb,HUB NS Station Schiedam Centrum/ Professor Kamerlingh Onneslaan,51.92071744,4.408262487,12,2,9999
2026-04-20T11:05:25.359653,82623a40-bda3-11ed-b1e6-fa4fb8e2990b,RK Rosestraat,51.91100607,4.501308573,10,7,9999
2026-04-20T11:05:25.359653,b7353df6-b485-11ee-9ae6-5263e3f30f1e,BH Metrostation Kralingsezoom (Gravenweg),51.921751706,4.533850265,10,2,9999
2026-04-20T11:05:25.359653,6c34980a-bb92-11ef-a02d-6ea8ed91bd56,BH Gordelweg (Lidl),51.940472428,4.479798999,4,1,9999
2026-04-20T11:05:25.359653,5904bd1a-a5b5-11f0-b05b-baed9603afbb,HUB Hof van Spaland - Bachplein,51.934889388,4.374726808,8,3,9999
2026-04-20T11:05:25.359653,32ca5fd0-8126-11ed-b1e6-fa4fb8e2990b,RK Vuurplaat,51.906526668,4.505838102,10,0,9999
2026-04-20T11:05:25.359653,f94a1ff6-b095-11ef-b6d3-56d88772ab1a,BH Bm Le Fèvre de Montignylaan/ Jeroen Boschlaan,51.955641943,4.505982462,6,0,9999
2026-04-20T11:05:25.359653,4228b402-8537-11ee-bb01-c602c1905375,BH Tongelaarweg,51.895280064,4.563514996,10,1,9999
2026-04-20T11:05:25.359653,6f66a60c-36e5-11f0-ab1d-9ae3af3bf913,BH Lloydpier,51.904487669,4.460458303,8,4,2
2026-04-20T11:05:25.359653,7d81b63e-a5b5-11f0-b05b-baed9603afbb,HUB 's Gravelandseweg,51.932091958,4.401924037,6,3,9999
2026-04-20T11:05:25.359653,a3dbb322-8121-11ed-b1e6-fa4fb8e2990b,RK Metrostation Rijnhaven ,51.902216981,4.49610172,15,4,9999
2026-04-20T11:05:25.359653,cf23b50e-9ad0-11f0-ab44-baed9603afbb,BH Natuurhistorisch museum,51.911022288,4.472728259,12,2,9999
2026-04-20T11:05:25.359653,d55243f6-182b-11ef-a8d1-42f0fecaeb6a,BH Siciliëboulevard ,51.97996654,4.580859756,10,0,9999
2026-04-20T11:05:25.359653,e0f7ef36-a5b4-11f0-ab44-baed9603afbb,Havenstraat einde (digitale testhub),51.900396883,4.398614319,12,0,9999
2026-04-20T11:05:25.359653,05d1d708-eabd-11ef-88c2-aa7241d1fb4f,HUB De Thermen ,51.927426752,4.380236246,8,6,9999
2026-04-20T11:05:25.359653,b3381a7a-2036-11f0-ab1d-9ae3af3bf913,BH Oudedijk / de Nieuwe Plantage,51.929149075,4.505248613,8,3,9999
2026-04-20T11:05:25.359653,8b480576-eabc-11ee-a9f0-82366b51b915,BH Schiedamseweg Beneden,51.914135146,4.422297364,5,2,9999
2026-04-20T11:05:25.359653,89a2f1d2-a5b3-11f0-ab44-baed9603afbb,Metrostation Vijfsluizen,51.908108215,4.37254105,8,1,9999
2026-04-20T11:05:25.359653,e50f3d1e-f069-11ef-9ed7-0ea3ed1ae564,HUB Oranjestraat - Lange Nieuwstraat,51.913368472,4.40030457,5,0,9999
2026-04-20T11:05:25.359653,4c1b19a4-d0a1-11ee-8b0e-065810cc8d78,BH Elandstraat,51.910800072,4.553878993,10,2,9999
2026-04-20T11:05:25.359653,bbbba24e-806e-11ed-b1e6-fa4fb8e2990b,RK P+R Noorderhelling,51.894761016,4.532122707,15,0,9999
2026-04-20T11:05:25.359653,3ac0b682-8129-11ed-b1e6-fa4fb8e2990b,RK Cor Kieboomplein,51.896922039,4.523502821,15,1,9999
2026-04-20T11:05:25.359653,5a3ffbf4-37b1-11ef-a21a-8e54a72a50da,HUB Metrostation Nieuwland / Van Limburg Stirumstraat,51.922446663,4.38308784,6,0,6
2026-04-20T11:05:25.359653,5d8d12a2-a5b4-11f0-ab44-baed9603afbb,Van Heekstraat,51.931167557,4.406024405,4,0,9999
2026-04-20T11:05:25.359653,f251d6e8-0b82-11ef-b58d-569a23b994be,BH Metrostation Graskruid ,51.956473743,4.550010233,8,1,9999
2026-04-20T11:05:25.359653,a4d2ea7c-b2f0-11ef-aa57-62870c7808bb,BH 2e Hogenbanweg,51.936951327,4.427707182,8,0,9999
2026-04-20T11:05:25.359653,75ba0d1a-2037-11f0-ab1d-9ae3af3bf913,BH Stadhoudersweg,51.931417737,4.461484988,10,5,9999
2026-04-20T11:05:25.359653,bc6b0d7e-a745-11ef-8778-d2279db84567,BH Goudsewagenstraat,51.923224462,4.493552746,8,11,9999
2026-04-20T11:05:25.359653,0f37eafc-8912-11ee-bb01-c602c1905375,BH Metro Oostplein,51.922677789,4.497608825,10,4,9999
2026-04-20T11:05:25.359653,aed7c2fa-8123-11ed-b1e6-fa4fb8e2990b,RK Groene Hilledijk/Beijerlandselaan,51.893806789,4.509452258,10,4,9999
2026-04-20T11:05:25.359653,c76f0318-bb92-11ef-a02d-6ea8ed91bd56,BH NS Centraal Station (Stationssingel),51.925399994,4.466148375,10,16,9999
2026-04-20T11:05:25.359653,361a368c-a5b4-11f0-ab44-baed9603afbb,Sportpark Haga (Epke Zonderlandstraat),51.921919868,4.370918199,8,6,9999
2026-04-20T11:05:25.359653,f4c0fe5e-02d6-11ef-b58d-569a23b994be,BH Paulus Potterstraat,51.9228414,4.508497696,10,2,9999
2026-04-20T11:05:25.359653,48cbf66e-9f15-11ee-a91e-ee69b7c7763e,BH Franselaan,51.917379138,4.420463507,10,3,9999
2026-04-20T11:05:25.359653,e9735b4e-7da7-11f0-ab44-baed9603afbb,BH Veldkersweg,51.966835673,4.46657292,8,1,9999
2026-04-20T11:05:25.359653,4b1ac684-bb93-11ef-a02d-6ea8ed91bd56,BH Noorderkanaalweg,51.940525593,4.472984586,9,2,9999
2026-04-20T11:05:25.359653,033a9392-3700-11f0-ab1d-9ae3af3bf913,BH Herman Bavinckstraat,51.915067882,4.521446921,10,5,9999
2026-04-20T11:05:25.359653,ffe8c3e8-a8da-11ef-8778-d2279db84567,BH Mathenesserplein,51.917836602,4.44508891,8,4,9999
2026-04-20T11:05:25.359653,e377069a-ff63-11ef-a79f-a65a77daff90,BH Kralingsebos Bosdreef/Pr. Beatrixlaan,51.93789612,4.501689644,8,5,9999
2026-04-20T11:05:25.359653,7af95f9c-a747-11ef-8778-d2279db84567,BH Kruisplein,51.92228569,4.47138789,6,14,9999
2026-04-20T11:05:25.359653,4c50cb7a-bdb6-11ed-b1e6-fa4fb8e2990b,RK Olympiaweg,51.886462746,4.529133302,10,8,9999
2026-04-20T11:05:25.359653,a694ef4e-36e5-11f0-ab1d-9ae3af3bf913,BH Neushoornstraat,51.913041554,4.553743002,6,1,5
2026-04-20T11:05:25.359653,be56ca62-8120-11ed-b1e6-fa4fb8e2990b,RK P+R Beverwaard,51.885771514,4.568986239,10,1,9999
2026-04-20T11:05:25.359653,d5af3bc4-806a-11ed-b1e6-fa4fb8e2990b,BH Kievitslaan,51.907226862,4.473300159,17,2,9999
2026-04-20T11:05:25.359653,dd006abc-a5b3-11f0-ab44-baed9603afbb,Havenstraat,51.903204365,4.398004897,8,0,9999
2026-04-20T11:05:25.359653,6f09af84-eabe-11ee-a9f0-82366b51b915,BH Delftseplein ,51.925206514,4.474011701,14,15,9999
2026-04-20T11:05:25.359653,1cfb89ec-806b-11ed-b1e6-fa4fb8e2990b,BH Westplein,51.908912961,4.478583441,10,7,9999
2026-04-20T11:05:25.359653,12fc10a4-bb94-11ef-a02d-6ea8ed91bd56,BH Noordplein,51.930251975,4.483699175,10,0,9999
2026-04-20T11:05:25.359653,276e8d26-bda0-11ed-b1e6-fa4fb8e2990b,RK Strevelsweg,51.889634937,4.495943368,15,2,9999
2026-04-20T11:05:25.359653,9e066470-2038-11f0-ab1d-9ae3af3bf913,BH Kralinger Esch,51.911179823,4.524762065,9,4,9999
2026-04-20T11:05:25.359653,9b1f0aaa-8125-11ed-b1e6-fa4fb8e2990b,RK Slaghekstraat - Beijerlandselaan,51.897574833,4.511261604,10,3,9999
2026-04-20T11:05:25.359653,b8c81048-2037-11f0-ab1d-9ae3af3bf913,BH Van Maanenstraat,51.932279316,4.464280453,6,2,9999
2026-04-20T11:05:25.359653,1f4ff66c-bdb8-11ed-b1e6-fa4fb8e2990b,RK Van der Takstraat ,51.914243737,4.496045621,10,0,9999
2026-04-20T11:05:25.359653,3b523cee-5c94-11f0-ab1d-9ae3af3bf913,BH - Wilhelminapier,51.90698281,4.489727426,14,19,9999
2026-04-20T11:05:25.359653,e8d292d2-039a-11ef-b58d-569a23b994be,BH Mia van Yperenplein ,51.928414546,4.545678043,10,1,9999
2026-04-20T11:05:25.359653,12daf18a-8068-11ed-b1e6-fa4fb8e2990b,BH Treinst. Lombardijen (Aesopusplaats),51.880478018,4.530040287,10,1,9999
2026-04-20T11:05:25.359653,558e4a5a-eaba-11ee-a9f0-82366b51b915,BH Blijdorplaan ,51.927389289,4.440437692,22,5,9999
2026-04-20T11:05:25.359653,5a8de282-36ee-11f0-ab1d-9ae3af3bf913,BH van Blommesteynweg,51.888148155,4.460842726,10,0,9999
2026-04-20T11:05:25.359653,078569ee-a5b5-11f0-ab44-baed9603afbb,Nieuwe Waterwegstraat (digitale testhub),51.900682979,4.390873601,12,0,9999
2026-04-20T11:05:25.359653,8e5dd27e-06fd-11ef-b58d-569a23b994be,BH Prins Alexanderplein,51.951040272,4.553684972,14,0,9999
2026-04-20T11:05:25.359653,a6843864-fbc4-11ee-b58d-569a23b994be,Trompenburg 1,51.917696349,4.517981647,10,2,6
2026-04-20T11:05:25.359653,5b583480-a8da-11ef-8778-d2279db84567,BH Duyststraat,51.910073429,4.452225738,8,4,9999
2026-04-20T11:05:25.359653,2510e9ba-a5b6-11f0-847a-baed9603afbb,Hub Kloosterplaats,51.91675013,4.402112308,6,0,9999
2026-04-20T11:05:25.359653,880e3e72-a8dd-11ef-8778-d2279db84567,BH Spaansebocht,51.917413667,4.430014126,9,0,9999
2026-04-20T11:05:25.359653,b5b3324a-edb9-11ee-a9f0-82366b51b915,BH Siondwarsstraat,51.925261494,4.51053174,10,0,9999
2026-04-20T11:05:25.359653,94b01d94-edc6-11ee-a9f0-82366b51b915,BH Schuttersveld,51.933248028,4.490978921,10,3,9999
2026-04-20T11:05:25.359653,69b33170-edbd-11ee-a9f0-82366b51b915,BH Metro Oostplein 2,51.923145722,4.496820843,10,7,9999
2026-04-20T11:05:25.359653,67d6af9a-f068-11ef-ba40-0ea3ed1ae564,HUB Hof van Spaland - Schiedamseweg,51.934898803,4.378145906,12,5,9999
2026-04-20T11:05:25.359653,f4d561c2-1e0f-11f1-bada-da123385441b,BH PR Slinge 2,51.87374414,4.477026543,10,1,9
2026-04-20T11:05:25.359653,4933dd54-9e7c-11ee-a91e-ee69b7c7763e,BH Willem Ruyslaan (Luzac College),51.925421889,4.508669446,10,0,9999
2026-04-20T11:05:25.359653,9f935b6c-b095-11ef-b6d3-56d88772ab1a,BH Bergpolderplein,51.945227242,4.474988047,8,2,9999
2026-04-20T11:05:25.359653,8a2d056c-bb93-11ef-a02d-6ea8ed91bd56,BH NS Station Noord (Bergweg),51.941530048,4.481339526,10,2,8
2026-04-20T11:05:25.359653,4d95ab34-8122-11ed-b1e6-fa4fb8e2990b,RK Metrostation Maashaven ,51.896573582,4.494245173,30,3,9999
2026-04-20T11:05:25.359653,3d015ff0-8394-11ee-bb01-c602c1905375,BH Metrostation Oosterflank,51.945209326,4.555045447,10,0,9999
2026-04-20T11:05:25.359653,defeb050-a747-11ef-8778-d2279db84567,BH Karel Doormanstraat,51.922789549,4.473609692,9,8,9999
2026-04-20T11:05:25.359653,b5dc5454-890f-11ee-bb01-c602c1905375,BH Schilderstraat,51.916377397,4.48142868,8,7,9999
2026-04-20T11:05:25.359653,2f12ae3e-806c-11ed-b1e6-fa4fb8e2990b,BH Winkelcentrum Keizerswaard-Herenw,51.886358391,4.549308056,15,9,9999
2026-04-20T11:05:25.359653,3b6d73a8-805d-11ed-b1e6-fa4fb8e2990b,BH Metrostation Melanchtonweg,51.94881199,4.465233746,10,3,9999
2026-04-20T11:05:25.359653,d5832958-891a-11ee-bb01-c602c1905375,BH Metro Zuidplein (nieuw),51.887180341,4.491554668,10,7,9999
2026-04-20T11:05:25.359653,a535094e-b162-11ef-bdcd-5adc5d29ed54,BH Eudokiaplein,51.932433484,4.47153255,9,2,9999
2026-04-20T11:05:25.359653,437f8dc8-bd9e-11ed-b1e6-fa4fb8e2990b,RK Hillevliet,51.89558515,4.506432514,10,2,9999
2026-04-20T11:05:25.359653,f10d8ab4-9997-11ee-a91e-ee69b7c7763e,BH Shell Hofplein,51.925705456,4.477781355,28,3,9999
2026-04-20T11:05:25.359653,94467720-8127-11ed-b1e6-fa4fb8e2990b,RK Persoonsdam,51.909309099,4.508017165,10,4,9999
2026-04-20T11:05:25.359653,9245444a-2023-11f0-ab1d-9ae3af3bf913,BH Witte de Withstraat,51.915906523,4.478080905,10,4,9999
2026-04-20T11:05:25.359653,49d59348-ff64-11ef-b515-a65a77daff90,BH Bergweg (Dirk van den Broek),51.93856254,4.479465675,6,0,9999
2026-04-20T11:05:25.359653,30fb96bc-8124-11ed-b1e6-fa4fb8e2990b,RK Beverwaardseweg/ Borgharensingel,51.898798338,4.564663375,10,2,9999
2026-04-20T11:05:25.359653,9a1fb404-8ab3-11ee-bb01-c602c1905375,BH Langenhorst ,51.874120882,4.494254863,10,4,9999
2026-04-20T11:05:25.359653,abe67bfa-b096-11ef-b6d3-56d88772ab1a,BH Wilgenplaslaan/ Donkersingel,51.951337599,4.47048253,10,3,9999
2026-04-20T11:05:25.359653,068b0f9c-a8dd-11ef-8778-d2279db84567,BH Vierhavenstraat (Sahan),51.908502395,4.437727106,4,0,9999
2026-04-20T11:05:25.359653,bc0e7e9c-a8da-11ef-8778-d2279db84567,BH Jan van Vuchtstraat,51.917045317,4.460830874,6,5,9999
2026-04-20T11:05:25.359653,8b721818-a5b2-11f0-ab44-baed9603afbb,Lekstraat,51.90446958,4.406985264,6,0,9999
2026-04-20T11:05:25.359653,ad212572-06f7-11ef-b58d-569a23b994be,BH Molenlaan/Grindweg,51.963224537,4.49571068,10,0,9999
2026-04-20T11:05:25.359653,f8828c3e-806d-11ed-b1e6-fa4fb8e2990b,RK Station Rdam Zuid,51.905545015,4.509568537,15,7,9999
2026-04-20T11:05:25.359653,5f71799e-806b-11ed-b1e6-fa4fb8e2990b,BH Willemsplein,51.911118908,4.481894771,17,4,9999
2026-04-20T11:05:25.359653,42824336-bd97-11ed-b1e6-fa4fb8e2990b,RK Groene Hilledijk,51.882726433,4.504266667,10,1,9999
2026-04-20T11:05:25.359653,db6932f4-182b-11ef-a8d1-42f0fecaeb6a,BH Metrostation Nesselande,51.978969273,4.586177782,10,0,9999
2026-04-20T11:05:25.359653,2c4ff78a-2783-11f1-a5ae-0225521a85c1,BH PR Slinge 2,51.87374414,4.477026543,10,1,9
2026-04-20T11:05:25.359653,e26322b0-2025-11f0-ab1d-9ae3af3bf913,BH Brielselaan,51.896298935,4.489248091,4,0,9999
2026-04-20T11:05:25.359653,c862b7f2-06fb-11ef-b58d-569a23b994be,BH Prins Alexanderlaan (metrobaan zijde),51.952192324,4.551435621,10,2,9999
2026-04-20T11:05:25.359653,c53689c2-8124-11ed-b1e6-fa4fb8e2990b,RK Peellandstraat / Beesdestraat ,51.888535309,4.567291893,10,3,9999
2026-04-20T11:05:25.359653,8f5d35a0-1834-11ef-8071-42f0fecaeb6a,BH Jan Bijloostraat (Winkelcentrum Lage Land),51.941821995,4.546449269,9,2,9999
2026-04-20T11:05:25.359653,f8fcd3a4-983a-11ef-a85a-be896af2d3a5,BH Rhijnauwensingel,51.892161199,4.569620613,12,0,9999
2026-04-20T11:05:25.359653,118239d4-a5b2-11f0-ab44-baed9603afbb,Lorentzlaan (bushalte),51.917994492,4.415061192,4,0,9999
2026-04-20T11:05:25.359653,0c107276-bdb7-11ed-b1e6-fa4fb8e2990b,RK Sandelingenplein,51.889562128,4.506962326,10,1,9999
2026-04-20T11:05:25.359653,75b8bea6-81d8-11ed-b1e6-fa4fb8e2990b,RK Metrostation Maashaven (Putselaan),51.897794241,4.495760713,10,1,9999
2026-04-20T11:05:25.359653,a20bbbae-bdae-11ed-b1e6-fa4fb8e2990b,RK Frankendaal,51.886951976,4.521294152,10,0,9999
2026-04-20T11:05:25.359653,bc839806-a5b1-11f0-ab44-baed9603afbb,Van het Hoffplein (Boerhavelaan),51.916219132,4.412005574,8,1,9999
2026-04-20T11:05:25.359653,2c632780-a8de-11ef-8778-d2279db84567,BH Schuttevaerweg,51.922420472,4.434869706,10,2,9999
2026-04-20T11:05:25.359653,f1df385c-f5b2-11ef-81b3-76e5c571f05f,HUB Admiraal de Ruyterstraat,51.906742474,4.38554997,8,5,9999
2026-04-20T11:05:25.359653,4247dd56-1c9f-11ee-8219-8ed3b2364c4f,BH Metro Coolhaven,51.909218289,4.458167882,10,5,9999
2026-04-20T11:05:25.359653,65af1c24-06f4-11ef-b58d-569a23b994be,BH Meerum Terwogtlaan,51.951763386,4.524587387,10,2,9999
2026-04-20T12:13:28.995029,a3c07f10-a5b5-11f0-b05b-baed9603afbb,HUB Hoofdbrug,51.908705902,4.406131267,8,1,9999
2026-04-20T12:13:28.995029,b9bfe680-fbc4-11ee-b58d-569a23b994be,Trompenburg 2,51.917638379,4.518889893,10,0,10
2026-04-20T12:13:28.995029,3c659862-a8dd-11ef-8778-d2279db84567,BH Mayflowerstraat,51.905015647,4.440161906,10,0,9999
2026-04-20T12:13:28.995029,e0a4baca-a748-11ef-8778-d2279db84567,BH Mariniersweg,51.920853425,4.490979502,10,5,9999
2026-04-20T12:13:28.995029,c35c448e-06fc-11ef-b58d-569a23b994be,BH Jacob van Campenweg ,51.942434165,4.537976212,7,4,9999
2026-04-20T12:13:28.995029,438486f4-a5b6-11f0-a150-baed9603afbb,HUB Koemarkt ingang garage,51.914517902,4.401917461,6,7,9999
2026-04-20T12:13:28.995029,365f4a3e-a5b3-11f0-ab44-baed9603afbb,Rubensplein,51.911712719,4.383665134,6,0,9999
2026-04-20T12:13:28.995029,a85b996e-fe23-11ee-b58d-569a23b994be,BH Dirk van der Kooijweg (Waterleliesingel),51.953796964,4.52009166,10,0,9999
2026-04-20T12:13:28.995029,19e2de56-b5d8-11ee-9ae6-5263e3f30f1e,BH STC Waalhaven,51.878297275,4.448759787,10,0,9999
2026-04-20T12:13:28.995029,c6c213ee-ed18-11ef-9957-f683e5eb607c,BH Langenhorst (Binkhorst),51.877310029,4.494737503,10,6,9999
2026-04-20T12:13:28.995029,3366f8b0-a8dc-11ef-8778-d2279db84567,BH Vierhavenstraat (WoonEnzo),51.907777562,4.438830385,4,1,9999
2026-04-20T12:13:28.995029,04a89aea-a5b3-11f0-ab44-baed9603afbb,Groenelaan Hagastraat (Winkelcentrum),51.907303396,4.402285408,4,0,9999
2026-04-20T12:13:28.995029,32638aa6-a5b5-11f0-9f09-baed9603afbb,HUB Laan van Bol'es,51.928443203,4.370771711,10,0,9999
2026-04-20T12:13:28.995029,291c2f72-a749-11ef-8778-d2279db84567,BH Westzeedijk,51.909321622,4.471436479,10,5,9999
2026-04-20T12:13:28.995029,abd627be-67bb-11f0-91de-5eaa9feacc9b,BH Schiekade (Heer Bokelweg),51.927133058,4.476309832,10,4,9999
2026-04-20T12:13:28.995029,8948d5a4-b094-11ef-b6d3-56d88772ab1a,BH Duivenpad,51.964922912,4.498254116,8,2,9999
2026-04-20T12:13:28.995029,227e8c1e-be97-11ee-9ae6-5263e3f30f1e,HUB Metrostation Troelstralaan,51.915742295,4.384972326,10,1,9999
2026-04-20T12:13:28.995029,0af509a8-06f7-11ef-b58d-569a23b994be,BH Beethovensingel,51.96114919,4.505141448,10,1,9999
2026-04-20T12:13:28.995029,dc06f296-1768-11ef-8071-42f0fecaeb6a,BH Prins Alexanderlaan (Oosterflank),51.946646256,4.553811478,12,0,9999
2026-04-20T12:13:28.995029,221af3ce-7fe1-11ee-bb01-c602c1905375,BH Metro Prinsenlaan,51.940647564,4.556931306,10,0,9999
2026-04-20T12:13:28.995029,a793d6ba-edc8-11ee-a9f0-82366b51b915,BH Infirmeriestraat,51.922255603,4.502265891,10,7,9999
2026-04-20T12:13:28.995029,0359e1a2-bdb3-11ed-b1e6-fa4fb8e2990b,RK Rosestraat 11C,51.902954022,4.511377745,10,6,9999
2026-04-20T12:13:28.995029,87f07e20-9e78-11ee-a91e-ee69b7c7763e,BH Marconistraat (Lee Towers),51.912441021,4.430411189,14,3,9999
2026-04-20T12:13:28.995029,f539bd6e-06f8-11ef-b58d-569a23b994be,BH Meijersplein,51.955657978,4.463033845,8,2,9999
2026-04-20T12:13:28.995029,70f0801a-8071-11ed-b1e6-fa4fb8e2990b,RK treinstation Lombardijen,51.88057913,4.531905572,30,6,9999
2026-04-20T12:13:28.995029,43752ffc-a8db-11ef-8778-d2279db84567,BH Pieter de Hoochweg,51.906316301,4.459985731,6,7,9999
2026-04-20T12:13:28.995029,b35ddad8-ab08-11ef-8778-d2279db84567,HUB Rotterdamsedijk 272,51.914957692,4.40343084,8,2,9999
2026-04-20T12:13:28.995029,9b1fa0f6-ae3c-11ee-a91e-ee69b7c7763e,BH Winkelhart Plein 1953,51.874842065,4.467889739,10,11,9999
2026-04-20T12:13:28.995029,8bd90878-0884-11f0-9a47-66143dd92f22,RK Molenvliet,51.882626536,4.521159806,10,3,9999
2026-04-20T12:13:28.995029,45450b66-a5b2-11f0-ab44-baed9603afbb,Maasdijk (Gustoweg),51.906629018,4.412009895,6,0,9999
2026-04-20T12:13:28.995029,4de2effe-f068-11ef-ba40-0ea3ed1ae564,HUB Hof van Spaland - Vlaardingseweg,51.935841728,4.376077923,4,2,9999
2026-04-20T12:13:28.995029,d38c6468-06fe-11ef-b58d-569a23b994be,BH Kleine Beer,51.950902127,4.555051083,6,1,9999
2026-04-20T12:13:28.995029,e552904e-182b-11ef-a8d1-42f0fecaeb6a,BH Metrostation Hesseplaats,51.963345229,4.554510684,10,2,9999
2026-04-20T12:13:28.995029,1826196c-b162-11ef-bdcd-5adc5d29ed54,BH Bentincklaan (Diergaarde Blijdorp),51.92572504,4.454794024,10,4,9999
2026-04-20T12:13:28.995029,8a1e5ed0-1c9e-11ee-8219-8ed3b2364c4f,BH Sparta stadion,51.920151368,4.434428835,20,10,9999
2026-04-20T12:13:28.995029,d3c9003c-b486-11ee-9ae6-5263e3f30f1e,BH Oostzeedijk Beneden,51.922514244,4.503092963,10,0,9999
2026-04-20T12:13:28.995029,552a82b8-b094-11ef-b6d3-56d88772ab1a,BH Hockeyclub Rotterdam,51.96869974,4.484731647,25,0,9999
2026-04-20T12:13:28.995029,cb3f6d1c-a746-11ef-8778-d2279db84567,BH Vasteland (AH),51.911537089,4.478368712,10,6,9999
2026-04-20T12:13:28.995029,d4a8557a-eabd-11ef-ac99-aa7241d1fb4f,HUB Admiraal Trompstraat (Huisman),51.908834504,4.381923039,8,3,9999
2026-04-20T12:13:28.995029,00e8b3de-9e82-11ee-a91e-ee69b7c7763e,BH Jacques Dutilhweg,51.927993284,4.5475155,10,0,9999
2026-04-20T12:13:28.995029,d868fe52-36e5-11f0-ab1d-9ae3af3bf913,BH Sluisjesdijk,51.894714517,4.461900478,10,5,3
2026-04-20T12:13:28.995029,4338fed2-edbb-11ee-a9f0-82366b51b915,BH Oostzeedijk Beneden 2,51.921653595,4.507031037,10,6,9999
2026-04-20T12:13:28.995029,2c82bb9a-217b-11ee-8219-8ed3b2364c4f,Hub Weena,51.922738296,4.469181329,142,39,9999
2026-04-20T12:13:28.995029,96f5cbdc-06f6-11ef-b58d-569a23b994be,BH Argonautenweg,51.959086712,4.49354982,10,1,9999
2026-04-20T12:13:28.995029,2f51713e-32b7-11ee-8219-8ed3b2364c4f,Hub P+R Capelsebrug,51.920991793,4.559215491,18,7,9999
2026-04-20T12:13:28.995029,62b0255a-9e7a-11ee-a91e-ee69b7c7763e,BH Vierhavenstraat,51.910327597,4.434992993,16,1,9999
2026-04-20T12:13:28.995029,2b10524e-06f5-11ef-b58d-569a23b994be,BH Piet van der Polsingel,51.950618784,4.518612648,8,1,9999
2026-04-20T12:13:28.995029,47070056-06fa-11ef-b58d-569a23b994be,BH Metrostation Schenkel,51.931770435,4.56406792,12,0,9999
2026-04-20T12:13:28.995029,0e59456c-f06d-11f0-b173-2e3b4d4b7f35,BH P+R Kralingse Zoom,51.921440854,4.531732208,10,9,0
2026-04-20T12:13:28.995029,7a8c12ba-91ab-11ed-b1e6-fa4fb8e2990b,BH Metrostation Slinge,51.874526023,4.477872534,15,1,9999
2026-04-20T12:13:28.995029,026045c6-8530-11ee-bb01-c602c1905375,BH Winkelhart Katendrechtse Lagedijk,51.891184937,4.479440034,10,1,9999
2026-04-20T12:13:28.995029,9d9bb8ec-4bd1-11ee-bb01-c602c1905375,BH Marconiplein,51.913319277,4.432514448,10,5,9999
2026-04-20T12:13:28.995029,8330f3ca-a5b4-11f0-ab44-baed9603afbb,Fokkerstraat Plesmanstraat,51.929694009,4.399576614,4,0,9999
2026-04-20T12:13:28.995029,5b842034-5331-11f0-ab1d-9ae3af3bf913,BH Walenburgerweg,51.926698659,4.462629155,10,9,9999
2026-04-20T12:13:28.995029,a08059b6-b484-11ee-9ae6-5263e3f30f1e,BH Metrostation Gerdesiaweg,51.925444134,4.506155972,10,1,9999
2026-04-20T12:13:28.995029,2f718c84-8911-11ee-bb01-c602c1905375,BH Metro Dijkzigt - EMC,51.911789199,4.466334846,20,12,9999
2026-04-20T12:13:28.995029,f58e41fc-1c9f-11ee-8219-8ed3b2364c4f,BH Heemraadsplein,51.912322959,4.455058085,10,5,9999
2026-04-20T12:13:28.995029,79fdd038-34b8-11f0-ab1d-9ae3af3bf913,BH RTHA Airport,51.94924845,4.432611987,10,2,6
2026-04-20T12:13:28.995029,1c41897e-596e-11ef-bed6-aa139991deb4,HUB Metrostation Nieuwland / Bijdorpplein,51.922583819,4.38260008,10,0,9999
2026-04-20T12:13:28.995029,a57d027c-8912-11ee-bb01-c602c1905375,BH Delftse Poort,51.924408145,4.472816464,10,14,9999
2026-04-20T12:13:28.995029,6383849a-2038-11f0-ab1d-9ae3af3bf913,BH - Kralingsebos (Langepad),51.936318565,4.506197017,10,5,9999
2026-04-20T12:13:28.995029,e90e9332-06f5-11ef-b58d-569a23b994be,BH Burgemeester Le Fèvre de Montignylaan,51.957620055,4.501711782,10,0,9999
2026-04-20T12:13:28.995029,5cb3ffde-bdaf-11ed-b1e6-fa4fb8e2990b,RK Stadionlaan,51.892328813,4.530682857,10,2,9999
2026-04-20T12:13:28.995029,02bed1f8-8392-11ee-bb01-c602c1905375,BH Station Alexander,51.951735827,4.551049232,10,7,9999
2026-04-20T12:13:28.995029,08d5cf66-8ab2-11ee-bb01-c602c1905375,BH Winkelhart Asterlo,51.873536387,4.483591736,10,3,9999
2026-04-20T12:13:28.995029,0e51e024-c757-11ee-9ae6-5263e3f30f1e,BH Metrostation Binnenhof,51.960437867,4.535372966,10,7,9999
2026-04-20T12:13:28.995029,409f87f6-890f-11ee-bb01-c602c1905375,BH Metro Beurs,51.917806013,4.480107053,8,5,9999
2026-04-20T12:13:28.995029,d6a7cd26-4d08-11f0-ab1d-9ae3af3bf913,BH - Oudehoofdplein-Haringvliet,51.918979475,4.49384405,10,8,9999
2026-04-20T12:13:28.995029,f0ad9b92-1767-11ef-8071-42f0fecaeb6a,BH Prinsenlaan,51.937206457,4.536127586,10,6,9999
2026-04-20T12:13:28.995029,f06fd44c-2035-11f0-ab1d-9ae3af3bf913,BH Boezemlaan,51.938982631,4.495864471,10,7,9999
2026-04-20T12:13:28.995029,8d91a90c-9e83-11ee-a91e-ee69b7c7763e,BH Kraaierstraat,51.91909698,4.418192898,8,1,9999
2026-04-20T12:13:28.995029,a2671a36-bdad-11ed-b1e6-fa4fb8e2990b,RK Dwarsdijk,51.893055987,4.539201504,10,2,9999
2026-04-20T12:13:28.995029,376a5cda-06f8-11ef-b58d-569a23b994be,BH Ganzerikplein,51.958953276,4.471584016,10,0,9999
2026-04-20T12:13:28.995029,5cdd9872-b096-11ef-b6d3-56d88772ab1a,BH Wilgenplaslaan/ Meidoornsingel,51.953868042,4.468211582,7,0,9999
2026-04-20T12:13:28.995029,952a3e78-a8db-11ef-8778-d2279db84567,BH Lloydstraat,51.902214281,4.461287644,10,2,9999
2026-04-20T12:13:28.995029,a6fa0910-8067-11ed-b1e6-fa4fb8e2990b,BH Stadion Fey (Bert Heesakkerstr.),51.896805818,4.521735582,50,3,9999
2026-04-20T12:13:28.995029,a1337d02-e018-11ed-a249-96cdaf8f7240,BH Sint Franciscus,51.942171146,4.460534407,25,0,9999
2026-04-20T12:13:28.995029,d3cea108-8285-11f0-ab44-baed9603afbb,BH - Ratelaarweg,51.967431611,4.463349689,10,0,9999
2026-04-20T12:13:28.995029,3bef7002-bdb5-11ed-b1e6-fa4fb8e2990b,RK Breeweg,51.890630632,4.514261169,10,4,9999
2026-04-20T12:13:28.995029,8c90734c-45bb-11ee-8219-8ed3b2364c4f,BH Coen Moulijnweg,51.893813253,4.526876329,42,5,9999
2026-04-20T12:13:28.995029,1b098490-2037-11f0-ab1d-9ae3af3bf913,BH Karmelweg,51.933461291,4.5029394,8,1,9999
2026-04-20T12:13:28.995029,23348a06-bdb1-11ed-b1e6-fa4fb8e2990b,RK Guido Gezelleweg,51.87434607,4.523238145,10,6,9999
2026-04-20T12:13:28.995029,66824038-37b2-11ef-a21a-8e54a72a50da,HUB Metrostation Parkweg / Zuidzijde,51.921443238,4.39475836,10,2,8
2026-04-20T12:13:28.995029,2c127298-ff25-11ef-a79f-a65a77daff90,BH Aert van Nesstraat,51.921141166,4.478916173,8,8,9999
2026-04-20T12:13:28.995029,cde445c6-a744-11ef-8778-d2279db84567,BH Groenendaal,51.921685178,4.492944049,6,3,9999
2026-04-20T12:13:28.995029,97c6a1c2-a8da-11ef-8778-d2279db84567,BH Henegouwerplein,51.921807589,4.460561523,10,0,9999
2026-04-20T12:13:28.995029,e68d5642-a5b5-11f0-b6c1-baed9603afbb,HUB NS Station Schiedam Centrum/ Professor Kamerlingh Onneslaan,51.92071744,4.408262487,12,4,9999
2026-04-20T12:13:28.995029,82623a40-bda3-11ed-b1e6-fa4fb8e2990b,RK Rosestraat,51.91100607,4.501308573,10,5,9999
2026-04-20T12:13:28.995029,b7353df6-b485-11ee-9ae6-5263e3f30f1e,BH Metrostation Kralingsezoom (Gravenweg),51.921751706,4.533850265,10,7,9999
2026-04-20T12:13:28.995029,6c34980a-bb92-11ef-a02d-6ea8ed91bd56,BH Gordelweg (Lidl),51.940472428,4.479798999,4,1,9999
2026-04-20T12:13:28.995029,5904bd1a-a5b5-11f0-b05b-baed9603afbb,HUB Hof van Spaland - Bachplein,51.934889388,4.374726808,8,3,9999
2026-04-20T12:13:28.995029,32ca5fd0-8126-11ed-b1e6-fa4fb8e2990b,RK Vuurplaat,51.906526668,4.505838102,10,0,9999
2026-04-20T12:13:28.995029,f94a1ff6-b095-11ef-b6d3-56d88772ab1a,BH Bm Le Fèvre de Montignylaan/ Jeroen Boschlaan,51.955641943,4.505982462,6,0,9999
2026-04-20T12:13:28.995029,4228b402-8537-11ee-bb01-c602c1905375,BH Tongelaarweg,51.895280064,4.563514996,10,1,9999
2026-04-20T12:13:28.995029,6f66a60c-36e5-11f0-ab1d-9ae3af3bf913,BH Lloydpier,51.904487669,4.460458303,8,3,3
2026-04-20T12:13:28.995029,7d81b63e-a5b5-11f0-b05b-baed9603afbb,HUB 's Gravelandseweg,51.932091958,4.401924037,6,3,9999
2026-04-20T12:13:28.995029,a3dbb322-8121-11ed-b1e6-fa4fb8e2990b,RK Metrostation Rijnhaven ,51.902216981,4.49610172,15,4,9999
2026-04-20T12:13:28.995029,cf23b50e-9ad0-11f0-ab44-baed9603afbb,BH Natuurhistorisch museum,51.911022288,4.472728259,12,2,9999
2026-04-20T12:13:28.995029,d55243f6-182b-11ef-a8d1-42f0fecaeb6a,BH Siciliëboulevard ,51.97996654,4.580859756,10,0,9999
2026-04-20T12:13:28.995029,e0f7ef36-a5b4-11f0-ab44-baed9603afbb,Havenstraat einde (digitale testhub),51.900396883,4.398614319,12,0,9999
2026-04-20T12:13:28.995029,05d1d708-eabd-11ef-88c2-aa7241d1fb4f,HUB De Thermen ,51.927426752,4.380236246,8,6,9999
2026-04-20T12:13:28.995029,b3381a7a-2036-11f0-ab1d-9ae3af3bf913,BH Oudedijk / de Nieuwe Plantage,51.929149075,4.505248613,8,0,9999
2026-04-20T12:13:28.995029,8b480576-eabc-11ee-a9f0-82366b51b915,BH Schiedamseweg Beneden,51.914135146,4.422297364,5,2,9999
2026-04-20T12:13:28.995029,89a2f1d2-a5b3-11f0-ab44-baed9603afbb,Metrostation Vijfsluizen,51.908108215,4.37254105,8,2,9999
2026-04-20T12:13:28.995029,e50f3d1e-f069-11ef-9ed7-0ea3ed1ae564,HUB Oranjestraat - Lange Nieuwstraat,51.913368472,4.40030457,5,0,9999
2026-04-20T12:13:28.995029,4c1b19a4-d0a1-11ee-8b0e-065810cc8d78,BH Elandstraat,51.910800072,4.553878993,10,2,9999
2026-04-20T12:13:28.995029,bbbba24e-806e-11ed-b1e6-fa4fb8e2990b,RK P+R Noorderhelling,51.894761016,4.532122707,15,0,9999
2026-04-20T12:13:28.995029,3ac0b682-8129-11ed-b1e6-fa4fb8e2990b,RK Cor Kieboomplein,51.896922039,4.523502821,15,1,9999
2026-04-20T12:13:28.995029,5a3ffbf4-37b1-11ef-a21a-8e54a72a50da,HUB Metrostation Nieuwland / Van Limburg Stirumstraat,51.922446663,4.38308784,6,0,6
2026-04-20T12:13:28.995029,5d8d12a2-a5b4-11f0-ab44-baed9603afbb,Van Heekstraat,51.931167557,4.406024405,4,0,9999
2026-04-20T12:13:28.995029,f251d6e8-0b82-11ef-b58d-569a23b994be,BH Metrostation Graskruid ,51.956473743,4.550010233,8,1,9999
2026-04-20T12:13:28.995029,a4d2ea7c-b2f0-11ef-aa57-62870c7808bb,BH 2e Hogenbanweg,51.936951327,4.427707182,8,0,9999
2026-04-20T12:13:28.995029,75ba0d1a-2037-11f0-ab1d-9ae3af3bf913,BH Stadhoudersweg,51.931417737,4.461484988,10,5,9999
2026-04-20T12:13:28.995029,bc6b0d7e-a745-11ef-8778-d2279db84567,BH Goudsewagenstraat,51.923224462,4.493552746,8,8,9999
2026-04-20T12:13:28.995029,0f37eafc-8912-11ee-bb01-c602c1905375,BH Metro Oostplein,51.922677789,4.497608825,10,3,9999
2026-04-20T12:13:28.995029,aed7c2fa-8123-11ed-b1e6-fa4fb8e2990b,RK Groene Hilledijk/Beijerlandselaan,51.893806789,4.509452258,10,6,9999
2026-04-20T12:13:28.995029,c76f0318-bb92-11ef-a02d-6ea8ed91bd56,BH NS Centraal Station (Stationssingel),51.925399994,4.466148375,10,14,9999
2026-04-20T12:13:28.995029,361a368c-a5b4-11f0-ab44-baed9603afbb,Sportpark Haga (Epke Zonderlandstraat),51.921919868,4.370918199,8,6,9999
2026-04-20T12:13:28.995029,f4c0fe5e-02d6-11ef-b58d-569a23b994be,BH Paulus Potterstraat,51.9228414,4.508497696,10,1,9999
2026-04-20T12:13:28.995029,48cbf66e-9f15-11ee-a91e-ee69b7c7763e,BH Franselaan,51.917379138,4.420463507,10,3,9999
2026-04-20T12:13:28.995029,e9735b4e-7da7-11f0-ab44-baed9603afbb,BH Veldkersweg,51.966835673,4.46657292,8,1,9999
2026-04-20T12:13:28.995029,4b1ac684-bb93-11ef-a02d-6ea8ed91bd56,BH Noorderkanaalweg,51.940525593,4.472984586,9,2,9999
2026-04-20T12:13:28.995029,033a9392-3700-11f0-ab1d-9ae3af3bf913,BH Herman Bavinckstraat,51.915067882,4.521446921,10,5,9999
2026-04-20T12:13:28.995029,ffe8c3e8-a8da-11ef-8778-d2279db84567,BH Mathenesserplein,51.917836602,4.44508891,8,2,9999
2026-04-20T12:13:28.995029,e377069a-ff63-11ef-a79f-a65a77daff90,BH Kralingsebos Bosdreef/Pr. Beatrixlaan,51.93789612,4.501689644,8,6,9999
2026-04-20T12:13:28.995029,7af95f9c-a747-11ef-8778-d2279db84567,BH Kruisplein,51.92228569,4.47138789,6,12,9999
2026-04-20T12:13:28.995029,4c50cb7a-bdb6-11ed-b1e6-fa4fb8e2990b,RK Olympiaweg,51.886462746,4.529133302,10,8,9999
2026-04-20T12:13:28.995029,a694ef4e-36e5-11f0-ab1d-9ae3af3bf913,BH Neushoornstraat,51.913041554,4.553743002,6,1,5
2026-04-20T12:13:28.995029,be56ca62-8120-11ed-b1e6-fa4fb8e2990b,RK P+R Beverwaard,51.885771514,4.568986239,10,0,9999
2026-04-20T12:13:28.995029,d5af3bc4-806a-11ed-b1e6-fa4fb8e2990b,BH Kievitslaan,51.907226862,4.473300159,17,2,9999
2026-04-20T12:13:28.995029,dd006abc-a5b3-11f0-ab44-baed9603afbb,Havenstraat,51.903204365,4.398004897,8,0,9999
2026-04-20T12:13:28.995029,6f09af84-eabe-11ee-a9f0-82366b51b915,BH Delftseplein ,51.925206514,4.474011701,14,17,9999
2026-04-20T12:13:28.995029,1cfb89ec-806b-11ed-b1e6-fa4fb8e2990b,BH Westplein,51.908912961,4.478583441,10,6,9999
2026-04-20T12:13:28.995029,12fc10a4-bb94-11ef-a02d-6ea8ed91bd56,BH Noordplein,51.930251975,4.483699175,10,2,9999
2026-04-20T12:13:28.995029,276e8d26-bda0-11ed-b1e6-fa4fb8e2990b,RK Strevelsweg,51.889634937,4.495943368,15,0,9999
2026-04-20T12:13:28.995029,9e066470-2038-11f0-ab1d-9ae3af3bf913,BH Kralinger Esch,51.911179823,4.524762065,9,3,9999
2026-04-20T12:13:28.995029,9b1f0aaa-8125-11ed-b1e6-fa4fb8e2990b,RK Slaghekstraat - Beijerlandselaan,51.897574833,4.511261604,10,4,9999
2026-04-20T12:13:28.995029,b8c81048-2037-11f0-ab1d-9ae3af3bf913,BH Van Maanenstraat,51.932279316,4.464280453,6,9,9999
2026-04-20T12:13:28.995029,1f4ff66c-bdb8-11ed-b1e6-fa4fb8e2990b,RK Van der Takstraat ,51.914243737,4.496045621,10,5,9999
2026-04-20T12:13:28.995029,3b523cee-5c94-11f0-ab1d-9ae3af3bf913,BH - Wilhelminapier,51.90698281,4.489727426,14,18,9999
2026-04-20T12:13:28.995029,e8d292d2-039a-11ef-b58d-569a23b994be,BH Mia van Yperenplein ,51.928414546,4.545678043,10,1,9999
2026-04-20T12:13:28.995029,12daf18a-8068-11ed-b1e6-fa4fb8e2990b,BH Treinst. Lombardijen (Aesopusplaats),51.880478018,4.530040287,10,1,9999
2026-04-20T12:13:28.995029,558e4a5a-eaba-11ee-a9f0-82366b51b915,BH Blijdorplaan ,51.927389289,4.440437692,22,7,9999
2026-04-20T12:13:28.995029,5a8de282-36ee-11f0-ab1d-9ae3af3bf913,BH van Blommesteynweg,51.888148155,4.460842726,10,0,9999
2026-04-20T12:13:28.995029,078569ee-a5b5-11f0-ab44-baed9603afbb,Nieuwe Waterwegstraat (digitale testhub),51.900682979,4.390873601,12,0,9999
2026-04-20T12:13:28.995029,8e5dd27e-06fd-11ef-b58d-569a23b994be,BH Prins Alexanderplein,51.951040272,4.553684972,14,0,9999
2026-04-20T12:13:28.995029,a6843864-fbc4-11ee-b58d-569a23b994be,Trompenburg 1,51.917696349,4.517981647,10,1,7
2026-04-20T12:13:28.995029,5b583480-a8da-11ef-8778-d2279db84567,BH Duyststraat,51.910073429,4.452225738,8,4,9999
2026-04-20T12:13:28.995029,2510e9ba-a5b6-11f0-847a-baed9603afbb,Hub Kloosterplaats,51.91675013,4.402112308,6,0,9999
2026-04-20T12:13:28.995029,880e3e72-a8dd-11ef-8778-d2279db84567,BH Spaansebocht,51.917413667,4.430014126,9,0,9999
2026-04-20T12:13:28.995029,b5b3324a-edb9-11ee-a9f0-82366b51b915,BH Siondwarsstraat,51.925261494,4.51053174,10,0,9999
2026-04-20T12:13:28.995029,94b01d94-edc6-11ee-a9f0-82366b51b915,BH Schuttersveld,51.933248028,4.490978921,10,1,9999
2026-04-20T12:13:28.995029,69b33170-edbd-11ee-a9f0-82366b51b915,BH Metro Oostplein 2,51.923145722,4.496820843,10,1,9999
2026-04-20T12:13:28.995029,67d6af9a-f068-11ef-ba40-0ea3ed1ae564,HUB Hof van Spaland - Schiedamseweg,51.934898803,4.378145906,12,5,9999
2026-04-20T12:13:28.995029,f4d561c2-1e0f-11f1-bada-da123385441b,BH PR Slinge 2,51.87374414,4.477026543,10,1,9
2026-04-20T12:13:28.995029,4933dd54-9e7c-11ee-a91e-ee69b7c7763e,BH Willem Ruyslaan (Luzac College),51.925421889,4.508669446,10,7,9999
2026-04-20T12:13:28.995029,9f935b6c-b095-11ef-b6d3-56d88772ab1a,BH Bergpolderplein,51.945227242,4.474988047,8,2,9999
2026-04-20T12:13:28.995029,8a2d056c-bb93-11ef-a02d-6ea8ed91bd56,BH NS Station Noord (Bergweg),51.941530048,4.481339526,10,2,8
2026-04-20T12:13:28.995029,4d95ab34-8122-11ed-b1e6-fa4fb8e2990b,RK Metrostation Maashaven ,51.896573582,4.494245173,30,2,9999
2026-04-20T12:13:28.995029,3d015ff0-8394-11ee-bb01-c602c1905375,BH Metrostation Oosterflank,51.945209326,4.555045447,10,0,9999
2026-04-20T12:13:28.995029,defeb050-a747-11ef-8778-d2279db84567,BH Karel Doormanstraat,51.922789549,4.473609692,9,5,9999
2026-04-20T12:13:28.995029,b5dc5454-890f-11ee-bb01-c602c1905375,BH Schilderstraat,51.916377397,4.48142868,8,8,9999
2026-04-20T12:13:28.995029,2f12ae3e-806c-11ed-b1e6-fa4fb8e2990b,BH Winkelcentrum Keizerswaard-Herenw,51.886358391,4.549308056,15,9,9999
2026-04-20T12:13:28.995029,3b6d73a8-805d-11ed-b1e6-fa4fb8e2990b,BH Metrostation Melanchtonweg,51.94881199,4.465233746,10,3,9999
2026-04-20T12:13:28.995029,d5832958-891a-11ee-bb01-c602c1905375,BH Metro Zuidplein (nieuw),51.887180341,4.491554668,10,7,9999
2026-04-20T12:13:28.995029,a535094e-b162-11ef-bdcd-5adc5d29ed54,BH Eudokiaplein,51.932433484,4.47153255,9,6,9999
2026-04-20T12:13:28.995029,437f8dc8-bd9e-11ed-b1e6-fa4fb8e2990b,RK Hillevliet,51.89558515,4.506432514,10,1,9999
2026-04-20T12:13:28.995029,f10d8ab4-9997-11ee-a91e-ee69b7c7763e,BH Shell Hofplein,51.925705456,4.477781355,28,3,9999
2026-04-20T12:13:28.995029,94467720-8127-11ed-b1e6-fa4fb8e2990b,RK Persoonsdam,51.909309099,4.508017165,10,5,9999
2026-04-20T12:13:28.995029,9245444a-2023-11f0-ab1d-9ae3af3bf913,BH Witte de Withstraat,51.915906523,4.478080905,10,6,9999
2026-04-20T12:13:28.995029,49d59348-ff64-11ef-b515-a65a77daff90,BH Bergweg (Dirk van den Broek),51.93856254,4.479465675,6,0,9999
2026-04-20T12:13:28.995029,30fb96bc-8124-11ed-b1e6-fa4fb8e2990b,RK Beverwaardseweg/ Borgharensingel,51.898798338,4.564663375,10,0,9999
2026-04-20T12:13:28.995029,9a1fb404-8ab3-11ee-bb01-c602c1905375,BH Langenhorst ,51.874120882,4.494254863,10,5,9999
2026-04-20T12:13:28.995029,abe67bfa-b096-11ef-b6d3-56d88772ab1a,BH Wilgenplaslaan/ Donkersingel,51.951337599,4.47048253,10,3,9999
2026-04-20T12:13:28.995029,068b0f9c-a8dd-11ef-8778-d2279db84567,BH Vierhavenstraat (Sahan),51.908502395,4.437727106,4,0,9999
2026-04-20T12:13:28.995029,bc0e7e9c-a8da-11ef-8778-d2279db84567,BH Jan van Vuchtstraat,51.917045317,4.460830874,6,6,9999
2026-04-20T12:13:28.995029,8b721818-a5b2-11f0-ab44-baed9603afbb,Lekstraat,51.90446958,4.406985264,6,0,9999
2026-04-20T12:13:28.995029,ad212572-06f7-11ef-b58d-569a23b994be,BH Molenlaan/Grindweg,51.963224537,4.49571068,10,0,9999
2026-04-20T12:13:28.995029,f8828c3e-806d-11ed-b1e6-fa4fb8e2990b,RK Station Rdam Zuid,51.905545015,4.509568537,15,7,9999
2026-04-20T12:13:28.995029,5f71799e-806b-11ed-b1e6-fa4fb8e2990b,BH Willemsplein,51.911118908,4.481894771,17,3,9999
2026-04-20T12:13:28.995029,42824336-bd97-11ed-b1e6-fa4fb8e2990b,RK Groene Hilledijk,51.882726433,4.504266667,10,1,9999
2026-04-20T12:13:28.995029,db6932f4-182b-11ef-a8d1-42f0fecaeb6a,BH Metrostation Nesselande,51.978969273,4.586177782,10,0,9999
2026-04-20T12:13:28.995029,2c4ff78a-2783-11f1-a5ae-0225521a85c1,BH PR Slinge 2,51.87374414,4.477026543,10,1,9
2026-04-20T12:13:28.995029,e26322b0-2025-11f0-ab1d-9ae3af3bf913,BH Brielselaan,51.896298935,4.489248091,4,0,9999
2026-04-20T12:13:28.995029,c862b7f2-06fb-11ef-b58d-569a23b994be,BH Prins Alexanderlaan (metrobaan zijde),51.952192324,4.551435621,10,2,9999
2026-04-20T12:13:28.995029,c53689c2-8124-11ed-b1e6-fa4fb8e2990b,RK Peellandstraat / Beesdestraat ,51.888535309,4.567291893,10,3,9999
2026-04-20T12:13:28.995029,8f5d35a0-1834-11ef-8071-42f0fecaeb6a,BH Jan Bijloostraat (Winkelcentrum Lage Land),51.941821995,4.546449269,9,3,9999
2026-04-20T12:13:28.995029,f8fcd3a4-983a-11ef-a85a-be896af2d3a5,BH Rhijnauwensingel,51.892161199,4.569620613,12,0,9999
2026-04-20T12:13:28.995029,118239d4-a5b2-11f0-ab44-baed9603afbb,Lorentzlaan (bushalte),51.917994492,4.415061192,4,0,9999
2026-04-20T12:13:28.995029,0c107276-bdb7-11ed-b1e6-fa4fb8e2990b,RK Sandelingenplein,51.889562128,4.506962326,10,1,9999
2026-04-20T12:13:28.995029,75b8bea6-81d8-11ed-b1e6-fa4fb8e2990b,RK Metrostation Maashaven (Putselaan),51.897794241,4.495760713,10,1,9999
2026-04-20T12:13:28.995029,a20bbbae-bdae-11ed-b1e6-fa4fb8e2990b,RK Frankendaal,51.886951976,4.521294152,10,0,9999
2026-04-20T12:13:28.995029,bc839806-a5b1-11f0-ab44-baed9603afbb,Van het Hoffplein (Boerhavelaan),51.916219132,4.412005574,8,1,9999
2026-04-20T12:13:28.995029,2c632780-a8de-11ef-8778-d2279db84567,BH Schuttevaerweg,51.922420472,4.434869706,10,2,9999
2026-04-20T12:13:28.995029,f1df385c-f5b2-11ef-81b3-76e5c571f05f,HUB Admiraal de Ruyterstraat,51.906742474,4.38554997,8,5,9999
2026-04-20T12:13:28.995029,4247dd56-1c9f-11ee-8219-8ed3b2364c4f,BH Metro Coolhaven,51.909218289,4.458167882,10,7,9999
2026-04-20T12:13:28.995029,65af1c24-06f4-11ef-b58d-569a23b994be,BH Meerum Terwogtlaan,51.951763386,4.524587387,10,2,9999
2026-04-20T14:15:29.959864,a3c07f10-a5b5-11f0-b05b-baed9603afbb,HUB Hoofdbrug,51.908705902,4.406131267,8,1,9999
2026-04-20T14:15:29.959864,b9bfe680-fbc4-11ee-b58d-569a23b994be,Trompenburg 2,51.917638379,4.518889893,10,0,10
2026-04-20T14:15:29.959864,3c659862-a8dd-11ef-8778-d2279db84567,BH Mayflowerstraat,51.905015647,4.440161906,10,0,9999
2026-04-20T14:15:29.959864,e0a4baca-a748-11ef-8778-d2279db84567,BH Mariniersweg,51.920853425,4.490979502,10,5,9999
2026-04-20T14:15:29.959864,c35c448e-06fc-11ef-b58d-569a23b994be,BH Jacob van Campenweg ,51.942434165,4.537976212,7,5,9999
2026-04-20T14:15:29.959864,438486f4-a5b6-11f0-a150-baed9603afbb,HUB Koemarkt ingang garage,51.914517902,4.401917461,6,7,9999
2026-04-20T14:15:29.959864,365f4a3e-a5b3-11f0-ab44-baed9603afbb,Rubensplein,51.911712719,4.383665134,6,0,9999
2026-04-20T14:15:29.959864,a85b996e-fe23-11ee-b58d-569a23b994be,BH Dirk van der Kooijweg (Waterleliesingel),51.953796964,4.52009166,10,0,9999
2026-04-20T14:15:29.959864,19e2de56-b5d8-11ee-9ae6-5263e3f30f1e,BH STC Waalhaven,51.878297275,4.448759787,10,0,9999
2026-04-20T14:15:29.959864,c6c213ee-ed18-11ef-9957-f683e5eb607c,BH Langenhorst (Binkhorst),51.877310029,4.494737503,10,6,9999
2026-04-20T14:15:29.959864,3366f8b0-a8dc-11ef-8778-d2279db84567,BH Vierhavenstraat (WoonEnzo),51.907777562,4.438830385,4,1,9999
2026-04-20T14:15:29.959864,04a89aea-a5b3-11f0-ab44-baed9603afbb,Groenelaan Hagastraat (Winkelcentrum),51.907303396,4.402285408,4,0,9999
2026-04-20T14:15:29.959864,32638aa6-a5b5-11f0-9f09-baed9603afbb,HUB Laan van Bol'es,51.928443203,4.370771711,10,0,9999
2026-04-20T14:15:29.959864,291c2f72-a749-11ef-8778-d2279db84567,BH Westzeedijk,51.909321622,4.471436479,10,7,9999
2026-04-20T14:15:29.959864,abd627be-67bb-11f0-91de-5eaa9feacc9b,BH Schiekade (Heer Bokelweg),51.927133058,4.476309832,10,4,9999
2026-04-20T14:15:29.959864,8948d5a4-b094-11ef-b6d3-56d88772ab1a,BH Duivenpad,51.964922912,4.498254116,8,2,9999
2026-04-20T14:15:29.959864,227e8c1e-be97-11ee-9ae6-5263e3f30f1e,HUB Metrostation Troelstralaan,51.915742295,4.384972326,10,1,9999
2026-04-20T14:15:29.959864,0af509a8-06f7-11ef-b58d-569a23b994be,BH Beethovensingel,51.96114919,4.505141448,10,1,9999
2026-04-20T14:15:29.959864,dc06f296-1768-11ef-8071-42f0fecaeb6a,BH Prins Alexanderlaan (Oosterflank),51.946646256,4.553811478,12,0,9999
2026-04-20T14:15:29.959864,221af3ce-7fe1-11ee-bb01-c602c1905375,BH Metro Prinsenlaan,51.940647564,4.556931306,10,1,9999
2026-04-20T14:15:29.959864,a793d6ba-edc8-11ee-a9f0-82366b51b915,BH Infirmeriestraat,51.922255603,4.502265891,10,6,9999
2026-04-20T14:15:29.959864,0359e1a2-bdb3-11ed-b1e6-fa4fb8e2990b,RK Rosestraat 11C,51.902954022,4.511377745,10,7,9999
2026-04-20T14:15:29.959864,87f07e20-9e78-11ee-a91e-ee69b7c7763e,BH Marconistraat (Lee Towers),51.912441021,4.430411189,14,2,9999
2026-04-20T14:15:29.959864,f539bd6e-06f8-11ef-b58d-569a23b994be,BH Meijersplein,51.955657978,4.463033845,8,0,9999
2026-04-20T14:15:29.959864,70f0801a-8071-11ed-b1e6-fa4fb8e2990b,RK treinstation Lombardijen,51.88057913,4.531905572,30,7,9999
2026-04-20T14:15:29.959864,43752ffc-a8db-11ef-8778-d2279db84567,BH Pieter de Hoochweg,51.906316301,4.459985731,6,8,9999
2026-04-20T14:15:29.959864,b35ddad8-ab08-11ef-8778-d2279db84567,HUB Rotterdamsedijk 272,51.914957692,4.40343084,8,2,9999
2026-04-20T14:15:29.959864,9b1fa0f6-ae3c-11ee-a91e-ee69b7c7763e,BH Winkelhart Plein 1953,51.874842065,4.467889739,10,8,9999
2026-04-20T14:15:29.959864,8bd90878-0884-11f0-9a47-66143dd92f22,RK Molenvliet,51.882626536,4.521159806,10,3,9999
2026-04-20T14:15:29.959864,45450b66-a5b2-11f0-ab44-baed9603afbb,Maasdijk (Gustoweg),51.906629018,4.412009895,6,0,9999
2026-04-20T14:15:29.959864,4de2effe-f068-11ef-ba40-0ea3ed1ae564,HUB Hof van Spaland - Vlaardingseweg,51.935841728,4.376077923,4,2,9999
2026-04-20T14:15:29.959864,d38c6468-06fe-11ef-b58d-569a23b994be,BH Kleine Beer,51.950902127,4.555051083,6,1,9999
2026-04-20T14:15:29.959864,e552904e-182b-11ef-a8d1-42f0fecaeb6a,BH Metrostation Hesseplaats,51.963345229,4.554510684,10,2,9999
2026-04-20T14:15:29.959864,1826196c-b162-11ef-bdcd-5adc5d29ed54,BH Bentincklaan (Diergaarde Blijdorp),51.92572504,4.454794024,10,3,9999
2026-04-20T14:15:29.959864,8a1e5ed0-1c9e-11ee-8219-8ed3b2364c4f,BH Sparta stadion,51.920151368,4.434428835,20,9,9999
2026-04-20T14:15:29.959864,d3c9003c-b486-11ee-9ae6-5263e3f30f1e,BH Oostzeedijk Beneden,51.922514244,4.503092963,10,0,9999
2026-04-20T14:15:29.959864,552a82b8-b094-11ef-b6d3-56d88772ab1a,BH Hockeyclub Rotterdam,51.96869974,4.484731647,25,0,9999
2026-04-20T14:15:29.959864,cb3f6d1c-a746-11ef-8778-d2279db84567,BH Vasteland (AH),51.911537089,4.478368712,10,6,9999
2026-04-20T14:15:29.959864,d4a8557a-eabd-11ef-ac99-aa7241d1fb4f,HUB Admiraal Trompstraat (Huisman),51.908834504,4.381923039,8,3,9999
2026-04-20T14:15:29.959864,00e8b3de-9e82-11ee-a91e-ee69b7c7763e,BH Jacques Dutilhweg,51.927993284,4.5475155,10,0,9999
2026-04-20T14:15:29.959864,d868fe52-36e5-11f0-ab1d-9ae3af3bf913,BH Sluisjesdijk,51.894714517,4.461900478,10,5,3
2026-04-20T14:15:29.959864,4338fed2-edbb-11ee-a9f0-82366b51b915,BH Oostzeedijk Beneden 2,51.921653595,4.507031037,10,4,9999
2026-04-20T14:15:29.959864,2c82bb9a-217b-11ee-8219-8ed3b2364c4f,Hub Weena,51.922738296,4.469181329,142,40,9999
2026-04-20T14:15:29.959864,96f5cbdc-06f6-11ef-b58d-569a23b994be,BH Argonautenweg,51.959086712,4.49354982,10,2,9999
2026-04-20T14:15:29.959864,2f51713e-32b7-11ee-8219-8ed3b2364c4f,Hub P+R Capelsebrug,51.920991793,4.559215491,18,8,9999
2026-04-20T14:15:29.959864,62b0255a-9e7a-11ee-a91e-ee69b7c7763e,BH Vierhavenstraat,51.910327597,4.434992993,16,0,9999
2026-04-20T14:15:29.959864,2b10524e-06f5-11ef-b58d-569a23b994be,BH Piet van der Polsingel,51.950618784,4.518612648,8,2,9999
2026-04-20T14:15:29.959864,47070056-06fa-11ef-b58d-569a23b994be,BH Metrostation Schenkel,51.931770435,4.56406792,12,0,9999
2026-04-20T14:15:29.959864,0e59456c-f06d-11f0-b173-2e3b4d4b7f35,BH P+R Kralingse Zoom,51.921440854,4.531732208,10,12,0
2026-04-20T14:15:29.959864,7a8c12ba-91ab-11ed-b1e6-fa4fb8e2990b,BH Metrostation Slinge,51.874526023,4.477872534,15,1,9999
2026-04-20T14:15:29.959864,026045c6-8530-11ee-bb01-c602c1905375,BH Winkelhart Katendrechtse Lagedijk,51.891184937,4.479440034,10,2,9999
2026-04-20T14:15:29.959864,9d9bb8ec-4bd1-11ee-bb01-c602c1905375,BH Marconiplein,51.913319277,4.432514448,10,8,9999
2026-04-20T14:15:29.959864,8330f3ca-a5b4-11f0-ab44-baed9603afbb,Fokkerstraat Plesmanstraat,51.929694009,4.399576614,4,0,9999
2026-04-20T14:15:29.959864,5b842034-5331-11f0-ab1d-9ae3af3bf913,BH Walenburgerweg,51.926698659,4.462629155,10,9,9999
2026-04-20T14:15:29.959864,a08059b6-b484-11ee-9ae6-5263e3f30f1e,BH Metrostation Gerdesiaweg,51.925444134,4.506155972,10,0,9999
2026-04-20T14:15:29.959864,2f718c84-8911-11ee-bb01-c602c1905375,BH Metro Dijkzigt - EMC,51.911789199,4.466334846,20,9,9999
2026-04-20T14:15:29.959864,f58e41fc-1c9f-11ee-8219-8ed3b2364c4f,BH Heemraadsplein,51.912322959,4.455058085,10,4,9999
2026-04-20T14:15:29.959864,79fdd038-34b8-11f0-ab1d-9ae3af3bf913,BH RTHA Airport,51.94924845,4.432611987,10,2,6
2026-04-20T14:15:29.959864,1c41897e-596e-11ef-bed6-aa139991deb4,HUB Metrostation Nieuwland / Bijdorpplein,51.922583819,4.38260008,10,1,9999
2026-04-20T14:15:29.959864,a57d027c-8912-11ee-bb01-c602c1905375,BH Delftse Poort,51.924408145,4.472816464,10,14,9999
2026-04-20T14:15:29.959864,6383849a-2038-11f0-ab1d-9ae3af3bf913,BH - Kralingsebos (Langepad),51.936318565,4.506197017,10,5,9999
2026-04-20T14:15:29.959864,e90e9332-06f5-11ef-b58d-569a23b994be,BH Burgemeester Le Fèvre de Montignylaan,51.957620055,4.501711782,10,0,9999
2026-04-20T14:15:29.959864,5cb3ffde-bdaf-11ed-b1e6-fa4fb8e2990b,RK Stadionlaan,51.892328813,4.530682857,10,2,9999
2026-04-20T14:15:29.959864,02bed1f8-8392-11ee-bb01-c602c1905375,BH Station Alexander,51.951735827,4.551049232,10,3,9999
2026-04-20T14:15:29.959864,08d5cf66-8ab2-11ee-bb01-c602c1905375,BH Winkelhart Asterlo,51.873536387,4.483591736,10,4,9999
2026-04-20T14:15:29.959864,0e51e024-c757-11ee-9ae6-5263e3f30f1e,BH Metrostation Binnenhof,51.960437867,4.535372966,10,6,9999
2026-04-20T14:15:29.959864,409f87f6-890f-11ee-bb01-c602c1905375,BH Metro Beurs,51.917806013,4.480107053,8,0,9999
2026-04-20T14:15:29.959864,d6a7cd26-4d08-11f0-ab1d-9ae3af3bf913,BH - Oudehoofdplein-Haringvliet,51.918979475,4.49384405,10,8,9999
2026-04-20T14:15:29.959864,f0ad9b92-1767-11ef-8071-42f0fecaeb6a,BH Prinsenlaan,51.937206457,4.536127586,10,6,9999
2026-04-20T14:15:29.959864,f06fd44c-2035-11f0-ab1d-9ae3af3bf913,BH Boezemlaan,51.938982631,4.495864471,10,8,9999
2026-04-20T14:15:29.959864,8d91a90c-9e83-11ee-a91e-ee69b7c7763e,BH Kraaierstraat,51.91909698,4.418192898,8,1,9999
2026-04-20T14:15:29.959864,a2671a36-bdad-11ed-b1e6-fa4fb8e2990b,RK Dwarsdijk,51.893055987,4.539201504,10,2,9999
2026-04-20T14:15:29.959864,376a5cda-06f8-11ef-b58d-569a23b994be,BH Ganzerikplein,51.958953276,4.471584016,10,0,9999
2026-04-20T14:15:29.959864,5cdd9872-b096-11ef-b6d3-56d88772ab1a,BH Wilgenplaslaan/ Meidoornsingel,51.953868042,4.468211582,7,0,9999
2026-04-20T14:15:29.959864,952a3e78-a8db-11ef-8778-d2279db84567,BH Lloydstraat,51.902214281,4.461287644,10,3,9999
2026-04-20T14:15:29.959864,a6fa0910-8067-11ed-b1e6-fa4fb8e2990b,BH Stadion Fey (Bert Heesakkerstr.),51.896805818,4.521735582,50,5,9999
2026-04-20T14:15:29.959864,a1337d02-e018-11ed-a249-96cdaf8f7240,BH Sint Franciscus,51.942171146,4.460534407,25,0,9999
2026-04-20T14:15:29.959864,d3cea108-8285-11f0-ab44-baed9603afbb,BH - Ratelaarweg,51.967431611,4.463349689,10,0,9999
2026-04-20T14:15:29.959864,3bef7002-bdb5-11ed-b1e6-fa4fb8e2990b,RK Breeweg,51.890630632,4.514261169,10,4,9999
2026-04-20T14:15:29.959864,8c90734c-45bb-11ee-8219-8ed3b2364c4f,BH Coen Moulijnweg,51.893813253,4.526876329,42,2,9999
2026-04-20T14:15:29.959864,1b098490-2037-11f0-ab1d-9ae3af3bf913,BH Karmelweg,51.933461291,4.5029394,8,1,9999
2026-04-20T14:15:29.959864,23348a06-bdb1-11ed-b1e6-fa4fb8e2990b,RK Guido Gezelleweg,51.87434607,4.523238145,10,7,9999
2026-04-20T14:15:29.959864,66824038-37b2-11ef-a21a-8e54a72a50da,HUB Metrostation Parkweg / Zuidzijde,51.921443238,4.39475836,10,2,8
2026-04-20T14:15:29.959864,2c127298-ff25-11ef-a79f-a65a77daff90,BH Aert van Nesstraat,51.921141166,4.478916173,8,4,9999
2026-04-20T14:15:29.959864,cde445c6-a744-11ef-8778-d2279db84567,BH Groenendaal,51.921685178,4.492944049,6,3,9999
2026-04-20T14:15:29.959864,97c6a1c2-a8da-11ef-8778-d2279db84567,BH Henegouwerplein,51.921807589,4.460561523,10,2,9999
2026-04-20T14:15:29.959864,e68d5642-a5b5-11f0-b6c1-baed9603afbb,HUB NS Station Schiedam Centrum/ Professor Kamerlingh Onneslaan,51.92071744,4.408262487,12,4,9999
2026-04-20T14:15:29.959864,82623a40-bda3-11ed-b1e6-fa4fb8e2990b,RK Rosestraat,51.91100607,4.501308573,10,4,9999
2026-04-20T14:15:29.959864,b7353df6-b485-11ee-9ae6-5263e3f30f1e,BH Metrostation Kralingsezoom (Gravenweg),51.921751706,4.533850265,10,7,9999
2026-04-20T14:15:29.959864,6c34980a-bb92-11ef-a02d-6ea8ed91bd56,BH Gordelweg (Lidl),51.940472428,4.479798999,4,1,9999
2026-04-20T14:15:29.959864,5904bd1a-a5b5-11f0-b05b-baed9603afbb,HUB Hof van Spaland - Bachplein,51.934889388,4.374726808,8,3,9999
2026-04-20T14:15:29.959864,32ca5fd0-8126-11ed-b1e6-fa4fb8e2990b,RK Vuurplaat,51.906526668,4.505838102,10,0,9999
2026-04-20T14:15:29.959864,f94a1ff6-b095-11ef-b6d3-56d88772ab1a,BH Bm Le Fèvre de Montignylaan/ Jeroen Boschlaan,51.955641943,4.505982462,6,0,9999
2026-04-20T14:15:29.959864,4228b402-8537-11ee-bb01-c602c1905375,BH Tongelaarweg,51.895280064,4.563514996,10,1,9999
2026-04-20T14:15:29.959864,6f66a60c-36e5-11f0-ab1d-9ae3af3bf913,BH Lloydpier,51.904487669,4.460458303,8,3,1
2026-04-20T14:15:29.959864,7d81b63e-a5b5-11f0-b05b-baed9603afbb,HUB 's Gravelandseweg,51.932091958,4.401924037,6,3,9999
2026-04-20T14:15:29.959864,a3dbb322-8121-11ed-b1e6-fa4fb8e2990b,RK Metrostation Rijnhaven ,51.902216981,4.49610172,15,1,9999
2026-04-20T14:15:29.959864,cf23b50e-9ad0-11f0-ab44-baed9603afbb,BH Natuurhistorisch museum,51.911022288,4.472728259,12,2,9999
2026-04-20T14:15:29.959864,d55243f6-182b-11ef-a8d1-42f0fecaeb6a,BH Siciliëboulevard ,51.97996654,4.580859756,10,0,9999
2026-04-20T14:15:29.959864,e0f7ef36-a5b4-11f0-ab44-baed9603afbb,Havenstraat einde (digitale testhub),51.900396883,4.398614319,12,0,9999
2026-04-20T14:15:29.959864,05d1d708-eabd-11ef-88c2-aa7241d1fb4f,HUB De Thermen ,51.927426752,4.380236246,8,6,9999
2026-04-20T14:15:29.959864,b3381a7a-2036-11f0-ab1d-9ae3af3bf913,BH Oudedijk / de Nieuwe Plantage,51.929149075,4.505248613,8,3,9999
2026-04-20T14:15:29.959864,8b480576-eabc-11ee-a9f0-82366b51b915,BH Schiedamseweg Beneden,51.914135146,4.422297364,5,1,9999
2026-04-20T14:15:29.959864,89a2f1d2-a5b3-11f0-ab44-baed9603afbb,Metrostation Vijfsluizen,51.908108215,4.37254105,8,2,9999
2026-04-20T14:15:29.959864,e50f3d1e-f069-11ef-9ed7-0ea3ed1ae564,HUB Oranjestraat - Lange Nieuwstraat,51.913368472,4.40030457,5,0,9999
2026-04-20T14:15:29.959864,4c1b19a4-d0a1-11ee-8b0e-065810cc8d78,BH Elandstraat,51.910800072,4.553878993,10,2,9999
2026-04-20T14:15:29.959864,bbbba24e-806e-11ed-b1e6-fa4fb8e2990b,RK P+R Noorderhelling,51.894761016,4.532122707,15,0,9999
2026-04-20T14:15:29.959864,3ac0b682-8129-11ed-b1e6-fa4fb8e2990b,RK Cor Kieboomplein,51.896922039,4.523502821,15,1,9999
2026-04-20T14:15:29.959864,5a3ffbf4-37b1-11ef-a21a-8e54a72a50da,HUB Metrostation Nieuwland / Van Limburg Stirumstraat,51.922446663,4.38308784,6,0,6
2026-04-20T14:15:29.959864,5d8d12a2-a5b4-11f0-ab44-baed9603afbb,Van Heekstraat,51.931167557,4.406024405,4,0,9999
2026-04-20T14:15:29.959864,f251d6e8-0b82-11ef-b58d-569a23b994be,BH Metrostation Graskruid ,51.956473743,4.550010233,8,1,9999
2026-04-20T14:15:29.959864,a4d2ea7c-b2f0-11ef-aa57-62870c7808bb,BH 2e Hogenbanweg,51.936951327,4.427707182,8,0,9999
2026-04-20T14:15:29.959864,75ba0d1a-2037-11f0-ab1d-9ae3af3bf913,BH Stadhoudersweg,51.931417737,4.461484988,10,2,9999
2026-04-20T14:15:29.959864,bc6b0d7e-a745-11ef-8778-d2279db84567,BH Goudsewagenstraat,51.923224462,4.493552746,8,8,9999
2026-04-20T14:15:29.959864,0f37eafc-8912-11ee-bb01-c602c1905375,BH Metro Oostplein,51.922677789,4.497608825,10,2,9999
2026-04-20T14:15:29.959864,aed7c2fa-8123-11ed-b1e6-fa4fb8e2990b,RK Groene Hilledijk/Beijerlandselaan,51.893806789,4.509452258,10,7,9999
2026-04-20T14:15:29.959864,c76f0318-bb92-11ef-a02d-6ea8ed91bd56,BH NS Centraal Station (Stationssingel),51.925399994,4.466148375,10,14,9999
2026-04-20T14:15:29.959864,361a368c-a5b4-11f0-ab44-baed9603afbb,Sportpark Haga (Epke Zonderlandstraat),51.921919868,4.370918199,8,6,9999
2026-04-20T14:15:29.959864,f4c0fe5e-02d6-11ef-b58d-569a23b994be,BH Paulus Potterstraat,51.9228414,4.508497696,10,1,9999
2026-04-20T14:15:29.959864,48cbf66e-9f15-11ee-a91e-ee69b7c7763e,BH Franselaan,51.917379138,4.420463507,10,2,9999
2026-04-20T14:15:29.959864,e9735b4e-7da7-11f0-ab44-baed9603afbb,BH Veldkersweg,51.966835673,4.46657292,8,1,9999
2026-04-20T14:15:29.959864,4b1ac684-bb93-11ef-a02d-6ea8ed91bd56,BH Noorderkanaalweg,51.940525593,4.472984586,9,2,9999
2026-04-20T14:15:29.959864,033a9392-3700-11f0-ab1d-9ae3af3bf913,BH Herman Bavinckstraat,51.915067882,4.521446921,10,4,9999
2026-04-20T14:15:29.959864,ffe8c3e8-a8da-11ef-8778-d2279db84567,BH Mathenesserplein,51.917836602,4.44508891,8,5,9999
2026-04-20T14:15:29.959864,e377069a-ff63-11ef-a79f-a65a77daff90,BH Kralingsebos Bosdreef/Pr. Beatrixlaan,51.93789612,4.501689644,8,7,9999
2026-04-20T14:15:29.959864,7af95f9c-a747-11ef-8778-d2279db84567,BH Kruisplein,51.92228569,4.47138789,6,22,9999
2026-04-20T14:15:29.959864,4c50cb7a-bdb6-11ed-b1e6-fa4fb8e2990b,RK Olympiaweg,51.886462746,4.529133302,10,9,9999
2026-04-20T14:15:29.959864,a694ef4e-36e5-11f0-ab1d-9ae3af3bf913,BH Neushoornstraat,51.913041554,4.553743002,6,1,5
2026-04-20T14:15:29.959864,be56ca62-8120-11ed-b1e6-fa4fb8e2990b,RK P+R Beverwaard,51.885771514,4.568986239,10,0,9999
2026-04-20T14:15:29.959864,d5af3bc4-806a-11ed-b1e6-fa4fb8e2990b,BH Kievitslaan,51.907226862,4.473300159,17,1,9999
2026-04-20T14:15:29.959864,dd006abc-a5b3-11f0-ab44-baed9603afbb,Havenstraat,51.903204365,4.398004897,8,0,9999
2026-04-20T14:15:29.959864,6f09af84-eabe-11ee-a9f0-82366b51b915,BH Delftseplein ,51.925206514,4.474011701,14,18,9999
2026-04-20T14:15:29.959864,1cfb89ec-806b-11ed-b1e6-fa4fb8e2990b,BH Westplein,51.908912961,4.478583441,10,6,9999
2026-04-20T14:15:29.959864,12fc10a4-bb94-11ef-a02d-6ea8ed91bd56,BH Noordplein,51.930251975,4.483699175,10,5,9999
2026-04-20T14:15:29.959864,276e8d26-bda0-11ed-b1e6-fa4fb8e2990b,RK Strevelsweg,51.889634937,4.495943368,15,2,9999
2026-04-20T14:15:29.959864,9e066470-2038-11f0-ab1d-9ae3af3bf913,BH Kralinger Esch,51.911179823,4.524762065,9,2,9999
2026-04-20T14:15:29.959864,9b1f0aaa-8125-11ed-b1e6-fa4fb8e2990b,RK Slaghekstraat - Beijerlandselaan,51.897574833,4.511261604,10,2,9999
2026-04-20T14:15:29.959864,b8c81048-2037-11f0-ab1d-9ae3af3bf913,BH Van Maanenstraat,51.932279316,4.464280453,6,9,9999
2026-04-20T14:15:29.959864,1f4ff66c-bdb8-11ed-b1e6-fa4fb8e2990b,RK Van der Takstraat ,51.914243737,4.496045621,10,5,9999
2026-04-20T14:15:29.959864,3b523cee-5c94-11f0-ab1d-9ae3af3bf913,BH - Wilhelminapier,51.90698281,4.489727426,14,18,9999
2026-04-20T14:15:29.959864,e8d292d2-039a-11ef-b58d-569a23b994be,BH Mia van Yperenplein ,51.928414546,4.545678043,10,1,9999
2026-04-20T14:15:29.959864,12daf18a-8068-11ed-b1e6-fa4fb8e2990b,BH Treinst. Lombardijen (Aesopusplaats),51.880478018,4.530040287,10,1,9999
2026-04-20T14:15:29.959864,558e4a5a-eaba-11ee-a9f0-82366b51b915,BH Blijdorplaan ,51.927389289,4.440437692,22,6,9999
2026-04-20T14:15:29.959864,5a8de282-36ee-11f0-ab1d-9ae3af3bf913,BH van Blommesteynweg,51.888148155,4.460842726,10,0,9999
2026-04-20T14:15:29.959864,078569ee-a5b5-11f0-ab44-baed9603afbb,Nieuwe Waterwegstraat (digitale testhub),51.900682979,4.390873601,12,0,9999
2026-04-20T14:15:29.959864,8e5dd27e-06fd-11ef-b58d-569a23b994be,BH Prins Alexanderplein,51.951040272,4.553684972,14,0,9999
2026-04-20T14:15:29.959864,a6843864-fbc4-11ee-b58d-569a23b994be,Trompenburg 1,51.917696349,4.517981647,10,1,7
2026-04-20T14:15:29.959864,5b583480-a8da-11ef-8778-d2279db84567,BH Duyststraat,51.910073429,4.452225738,8,5,9999
2026-04-20T14:15:29.959864,2510e9ba-a5b6-11f0-847a-baed9603afbb,Hub Kloosterplaats,51.91675013,4.402112308,6,0,9999
2026-04-20T14:15:29.959864,880e3e72-a8dd-11ef-8778-d2279db84567,BH Spaansebocht,51.917413667,4.430014126,9,0,9999
2026-04-20T14:15:29.959864,b5b3324a-edb9-11ee-a9f0-82366b51b915,BH Siondwarsstraat,51.925261494,4.51053174,10,0,9999
2026-04-20T14:15:29.959864,94b01d94-edc6-11ee-a9f0-82366b51b915,BH Schuttersveld,51.933248028,4.490978921,10,1,9999
2026-04-20T14:15:29.959864,69b33170-edbd-11ee-a9f0-82366b51b915,BH Metro Oostplein 2,51.923145722,4.496820843,10,2,9999
2026-04-20T14:15:29.959864,67d6af9a-f068-11ef-ba40-0ea3ed1ae564,HUB Hof van Spaland - Schiedamseweg,51.934898803,4.378145906,12,5,9999
2026-04-20T14:15:29.959864,f4d561c2-1e0f-11f1-bada-da123385441b,BH PR Slinge 2,51.87374414,4.477026543,10,2,8
2026-04-20T14:15:29.959864,4933dd54-9e7c-11ee-a91e-ee69b7c7763e,BH Willem Ruyslaan (Luzac College),51.925421889,4.508669446,10,10,9999
2026-04-20T14:15:29.959864,9f935b6c-b095-11ef-b6d3-56d88772ab1a,BH Bergpolderplein,51.945227242,4.474988047,8,4,9999
2026-04-20T14:15:29.959864,8a2d056c-bb93-11ef-a02d-6ea8ed91bd56,BH NS Station Noord (Bergweg),51.941530048,4.481339526,10,1,9
2026-04-20T14:15:29.959864,4d95ab34-8122-11ed-b1e6-fa4fb8e2990b,RK Metrostation Maashaven ,51.896573582,4.494245173,30,4,9999
2026-04-20T14:15:29.959864,3d015ff0-8394-11ee-bb01-c602c1905375,BH Metrostation Oosterflank,51.945209326,4.555045447,10,0,9999
2026-04-20T14:15:29.959864,defeb050-a747-11ef-8778-d2279db84567,BH Karel Doormanstraat,51.922789549,4.473609692,9,7,9999
2026-04-20T14:15:29.959864,b5dc5454-890f-11ee-bb01-c602c1905375,BH Schilderstraat,51.916377397,4.48142868,8,4,9999
2026-04-20T14:15:29.959864,2f12ae3e-806c-11ed-b1e6-fa4fb8e2990b,BH Winkelcentrum Keizerswaard-Herenw,51.886358391,4.549308056,15,8,9999
2026-04-20T14:15:29.959864,3b6d73a8-805d-11ed-b1e6-fa4fb8e2990b,BH Metrostation Melanchtonweg,51.94881199,4.465233746,10,5,9999
2026-04-20T14:15:29.959864,d5832958-891a-11ee-bb01-c602c1905375,BH Metro Zuidplein (nieuw),51.887180341,4.491554668,10,7,9999
2026-04-20T14:15:29.959864,a535094e-b162-11ef-bdcd-5adc5d29ed54,BH Eudokiaplein,51.932433484,4.47153255,9,2,9999
2026-04-20T14:15:29.959864,437f8dc8-bd9e-11ed-b1e6-fa4fb8e2990b,RK Hillevliet,51.89558515,4.506432514,10,2,9999
2026-04-20T14:15:29.959864,f10d8ab4-9997-11ee-a91e-ee69b7c7763e,BH Shell Hofplein,51.925705456,4.477781355,28,8,9999
2026-04-20T14:15:29.959864,94467720-8127-11ed-b1e6-fa4fb8e2990b,RK Persoonsdam,51.909309099,4.508017165,10,5,9999
2026-04-20T14:15:29.959864,9245444a-2023-11f0-ab1d-9ae3af3bf913,BH Witte de Withstraat,51.915906523,4.478080905,10,4,9999
2026-04-20T14:15:29.959864,49d59348-ff64-11ef-b515-a65a77daff90,BH Bergweg (Dirk van den Broek),51.93856254,4.479465675,6,0,9999
2026-04-20T14:15:29.959864,30fb96bc-8124-11ed-b1e6-fa4fb8e2990b,RK Beverwaardseweg/ Borgharensingel,51.898798338,4.564663375,10,0,9999
2026-04-20T14:15:29.959864,9a1fb404-8ab3-11ee-bb01-c602c1905375,BH Langenhorst ,51.874120882,4.494254863,10,6,9999
2026-04-20T14:15:29.959864,abe67bfa-b096-11ef-b6d3-56d88772ab1a,BH Wilgenplaslaan/ Donkersingel,51.951337599,4.47048253,10,3,9999
2026-04-20T14:15:29.959864,068b0f9c-a8dd-11ef-8778-d2279db84567,BH Vierhavenstraat (Sahan),51.908502395,4.437727106,4,0,9999
2026-04-20T14:15:29.959864,bc0e7e9c-a8da-11ef-8778-d2279db84567,BH Jan van Vuchtstraat,51.917045317,4.460830874,6,6,9999
2026-04-20T14:15:29.959864,8b721818-a5b2-11f0-ab44-baed9603afbb,Lekstraat,51.90446958,4.406985264,6,0,9999
2026-04-20T14:15:29.959864,ad212572-06f7-11ef-b58d-569a23b994be,BH Molenlaan/Grindweg,51.963224537,4.49571068,10,0,9999
2026-04-20T14:15:29.959864,f8828c3e-806d-11ed-b1e6-fa4fb8e2990b,RK Station Rdam Zuid,51.905545015,4.509568537,15,6,9999
2026-04-20T14:15:29.959864,5f71799e-806b-11ed-b1e6-fa4fb8e2990b,BH Willemsplein,51.911118908,4.481894771,17,6,9999
2026-04-20T14:15:29.959864,42824336-bd97-11ed-b1e6-fa4fb8e2990b,RK Groene Hilledijk,51.882726433,4.504266667,10,1,9999
2026-04-20T14:15:29.959864,db6932f4-182b-11ef-a8d1-42f0fecaeb6a,BH Metrostation Nesselande,51.978969273,4.586177782,10,0,9999
2026-04-20T14:15:29.959864,2c4ff78a-2783-11f1-a5ae-0225521a85c1,BH PR Slinge 2,51.87374414,4.477026543,10,2,8
2026-04-20T14:15:29.959864,e26322b0-2025-11f0-ab1d-9ae3af3bf913,BH Brielselaan,51.896298935,4.489248091,4,0,9999
2026-04-20T14:15:29.959864,c862b7f2-06fb-11ef-b58d-569a23b994be,BH Prins Alexanderlaan (metrobaan zijde),51.952192324,4.551435621,10,2,9999
2026-04-20T14:15:29.959864,c53689c2-8124-11ed-b1e6-fa4fb8e2990b,RK Peellandstraat / Beesdestraat ,51.888535309,4.567291893,10,3,9999
2026-04-20T14:15:29.959864,8f5d35a0-1834-11ef-8071-42f0fecaeb6a,BH Jan Bijloostraat (Winkelcentrum Lage Land),51.941821995,4.546449269,9,1,9999
2026-04-20T14:15:29.959864,f8fcd3a4-983a-11ef-a85a-be896af2d3a5,BH Rhijnauwensingel,51.892161199,4.569620613,12,1,9999
2026-04-20T14:15:29.959864,118239d4-a5b2-11f0-ab44-baed9603afbb,Lorentzlaan (bushalte),51.917994492,4.415061192,4,0,9999
2026-04-20T14:15:29.959864,0c107276-bdb7-11ed-b1e6-fa4fb8e2990b,RK Sandelingenplein,51.889562128,4.506962326,10,2,9999
2026-04-20T14:15:29.959864,75b8bea6-81d8-11ed-b1e6-fa4fb8e2990b,RK Metrostation Maashaven (Putselaan),51.897794241,4.495760713,10,3,9999
2026-04-20T14:15:29.959864,a20bbbae-bdae-11ed-b1e6-fa4fb8e2990b,RK Frankendaal,51.886951976,4.521294152,10,0,9999
2026-04-20T14:15:29.959864,bc839806-a5b1-11f0-ab44-baed9603afbb,Van het Hoffplein (Boerhavelaan),51.916219132,4.412005574,8,1,9999
2026-04-20T14:15:29.959864,2c632780-a8de-11ef-8778-d2279db84567,BH Schuttevaerweg,51.922420472,4.434869706,10,2,9999
2026-04-20T14:15:29.959864,f1df385c-f5b2-11ef-81b3-76e5c571f05f,HUB Admiraal de Ruyterstraat,51.906742474,4.38554997,8,5,9999
2026-04-20T14:15:29.959864,4247dd56-1c9f-11ee-8219-8ed3b2364c4f,BH Metro Coolhaven,51.909218289,4.458167882,10,8,9999
2026-04-20T14:15:29.959864,65af1c24-06f4-11ef-b58d-569a23b994be,BH Meerum Terwogtlaan,51.951763386,4.524587387,10,2,9999
2026-04-20T15:47:48.056852,a3c07f10-a5b5-11f0-b05b-baed9603afbb,HUB Hoofdbrug,51.908705902,4.406131267,8,1,9999
2026-04-20T15:47:48.056852,b9bfe680-fbc4-11ee-b58d-569a23b994be,Trompenburg 2,51.917638379,4.518889893,10,0,10
2026-04-20T15:47:48.056852,3c659862-a8dd-11ef-8778-d2279db84567,BH Mayflowerstraat,51.905015647,4.440161906,10,0,9999
2026-04-20T15:47:48.056852,e0a4baca-a748-11ef-8778-d2279db84567,BH Mariniersweg,51.920853425,4.490979502,10,9,9999
2026-04-20T15:47:48.056852,c35c448e-06fc-11ef-b58d-569a23b994be,BH Jacob van Campenweg ,51.942434165,4.537976212,7,5,9999
2026-04-20T15:47:48.056852,438486f4-a5b6-11f0-a150-baed9603afbb,HUB Koemarkt ingang garage,51.914517902,4.401917461,6,6,9999
2026-04-20T15:47:48.056852,365f4a3e-a5b3-11f0-ab44-baed9603afbb,Rubensplein,51.911712719,4.383665134,6,0,9999
2026-04-20T15:47:48.056852,a85b996e-fe23-11ee-b58d-569a23b994be,BH Dirk van der Kooijweg (Waterleliesingel),51.953796964,4.52009166,10,0,9999
2026-04-20T15:47:48.056852,19e2de56-b5d8-11ee-9ae6-5263e3f30f1e,BH STC Waalhaven,51.878297275,4.448759787,10,0,9999
2026-04-20T15:47:48.056852,c6c213ee-ed18-11ef-9957-f683e5eb607c,BH Langenhorst (Binkhorst),51.877310029,4.494737503,10,7,9999
2026-04-20T15:47:48.056852,3366f8b0-a8dc-11ef-8778-d2279db84567,BH Vierhavenstraat (WoonEnzo),51.907777562,4.438830385,4,1,9999
2026-04-20T15:47:48.056852,04a89aea-a5b3-11f0-ab44-baed9603afbb,Groenelaan Hagastraat (Winkelcentrum),51.907303396,4.402285408,4,0,9999
2026-04-20T15:47:48.056852,32638aa6-a5b5-11f0-9f09-baed9603afbb,HUB Laan van Bol'es,51.928443203,4.370771711,10,0,9999
2026-04-20T15:47:48.056852,291c2f72-a749-11ef-8778-d2279db84567,BH Westzeedijk,51.909321622,4.471436479,10,6,9999
2026-04-20T15:47:48.056852,abd627be-67bb-11f0-91de-5eaa9feacc9b,BH Schiekade (Heer Bokelweg),51.927133058,4.476309832,10,4,9999
2026-04-20T15:47:48.056852,8948d5a4-b094-11ef-b6d3-56d88772ab1a,BH Duivenpad,51.964922912,4.498254116,8,2,9999
2026-04-20T15:47:48.056852,227e8c1e-be97-11ee-9ae6-5263e3f30f1e,HUB Metrostation Troelstralaan,51.915742295,4.384972326,10,1,9999
2026-04-20T15:47:48.056852,0af509a8-06f7-11ef-b58d-569a23b994be,BH Beethovensingel,51.96114919,4.505141448,10,1,9999
2026-04-20T15:47:48.056852,dc06f296-1768-11ef-8071-42f0fecaeb6a,BH Prins Alexanderlaan (Oosterflank),51.946646256,4.553811478,12,0,9999
2026-04-20T15:47:48.056852,221af3ce-7fe1-11ee-bb01-c602c1905375,BH Metro Prinsenlaan,51.940647564,4.556931306,10,1,9999
2026-04-20T15:47:48.056852,a793d6ba-edc8-11ee-a9f0-82366b51b915,BH Infirmeriestraat,51.922255603,4.502265891,10,5,9999
2026-04-20T15:47:48.056852,0359e1a2-bdb3-11ed-b1e6-fa4fb8e2990b,RK Rosestraat 11C,51.902954022,4.511377745,10,5,9999
2026-04-20T15:47:48.056852,87f07e20-9e78-11ee-a91e-ee69b7c7763e,BH Marconistraat (Lee Towers),51.912441021,4.430411189,14,2,9999
2026-04-20T15:47:48.056852,f539bd6e-06f8-11ef-b58d-569a23b994be,BH Meijersplein,51.955657978,4.463033845,8,1,9999
2026-04-20T15:47:48.056852,70f0801a-8071-11ed-b1e6-fa4fb8e2990b,RK treinstation Lombardijen,51.88057913,4.531905572,30,5,9999
2026-04-20T15:47:48.056852,43752ffc-a8db-11ef-8778-d2279db84567,BH Pieter de Hoochweg,51.906316301,4.459985731,6,4,9999
2026-04-20T15:47:48.056852,b35ddad8-ab08-11ef-8778-d2279db84567,HUB Rotterdamsedijk 272,51.914957692,4.40343084,8,0,9999
2026-04-20T15:47:48.056852,9b1fa0f6-ae3c-11ee-a91e-ee69b7c7763e,BH Winkelhart Plein 1953,51.874842065,4.467889739,10,7,9999
2026-04-20T15:47:48.056852,8bd90878-0884-11f0-9a47-66143dd92f22,RK Molenvliet,51.882626536,4.521159806,10,2,9999
2026-04-20T15:47:48.056852,45450b66-a5b2-11f0-ab44-baed9603afbb,Maasdijk (Gustoweg),51.906629018,4.412009895,6,0,9999
2026-04-20T15:47:48.056852,4de2effe-f068-11ef-ba40-0ea3ed1ae564,HUB Hof van Spaland - Vlaardingseweg,51.935841728,4.376077923,4,2,9999
2026-04-20T15:47:48.056852,d38c6468-06fe-11ef-b58d-569a23b994be,BH Kleine Beer,51.950902127,4.555051083,6,1,9999
2026-04-20T15:47:48.056852,e552904e-182b-11ef-a8d1-42f0fecaeb6a,BH Metrostation Hesseplaats,51.963345229,4.554510684,10,2,9999
2026-04-20T15:47:48.056852,1826196c-b162-11ef-bdcd-5adc5d29ed54,BH Bentincklaan (Diergaarde Blijdorp),51.92572504,4.454794024,10,1,9999
2026-04-20T15:47:48.056852,8a1e5ed0-1c9e-11ee-8219-8ed3b2364c4f,BH Sparta stadion,51.920151368,4.434428835,20,9,9999
2026-04-20T15:47:48.056852,d3c9003c-b486-11ee-9ae6-5263e3f30f1e,BH Oostzeedijk Beneden,51.922514244,4.503092963,10,4,9999
2026-04-20T15:47:48.056852,552a82b8-b094-11ef-b6d3-56d88772ab1a,BH Hockeyclub Rotterdam,51.96869974,4.484731647,25,1,9999
2026-04-20T15:47:48.056852,cb3f6d1c-a746-11ef-8778-d2279db84567,BH Vasteland (AH),51.911537089,4.478368712,10,5,9999
2026-04-20T15:47:48.056852,d4a8557a-eabd-11ef-ac99-aa7241d1fb4f,HUB Admiraal Trompstraat (Huisman),51.908834504,4.381923039,8,0,9999
2026-04-20T15:47:48.056852,00e8b3de-9e82-11ee-a91e-ee69b7c7763e,BH Jacques Dutilhweg,51.927993284,4.5475155,10,0,9999
2026-04-20T15:47:48.056852,d868fe52-36e5-11f0-ab1d-9ae3af3bf913,BH Sluisjesdijk,51.894714517,4.461900478,10,5,3
2026-04-20T15:47:48.056852,4338fed2-edbb-11ee-a9f0-82366b51b915,BH Oostzeedijk Beneden 2,51.921653595,4.507031037,10,7,9999
2026-04-20T15:47:48.056852,2c82bb9a-217b-11ee-8219-8ed3b2364c4f,Hub Weena,51.922738296,4.469181329,142,38,9999
2026-04-20T15:47:48.056852,96f5cbdc-06f6-11ef-b58d-569a23b994be,BH Argonautenweg,51.959086712,4.49354982,10,3,9999
2026-04-20T15:47:48.056852,2f51713e-32b7-11ee-8219-8ed3b2364c4f,Hub P+R Capelsebrug,51.920991793,4.559215491,18,9,9999
2026-04-20T15:47:48.056852,62b0255a-9e7a-11ee-a91e-ee69b7c7763e,BH Vierhavenstraat,51.910327597,4.434992993,16,0,9999
2026-04-20T15:47:48.056852,2b10524e-06f5-11ef-b58d-569a23b994be,BH Piet van der Polsingel,51.950618784,4.518612648,8,2,9999
2026-04-20T15:47:48.056852,47070056-06fa-11ef-b58d-569a23b994be,BH Metrostation Schenkel,51.931770435,4.56406792,12,1,9999
2026-04-20T15:47:48.056852,0e59456c-f06d-11f0-b173-2e3b4d4b7f35,BH P+R Kralingse Zoom,51.921440854,4.531732208,10,7,0
2026-04-20T15:47:48.056852,7a8c12ba-91ab-11ed-b1e6-fa4fb8e2990b,BH Metrostation Slinge,51.874526023,4.477872534,15,1,9999
2026-04-20T15:47:48.056852,026045c6-8530-11ee-bb01-c602c1905375,BH Winkelhart Katendrechtse Lagedijk,51.891184937,4.479440034,10,4,9999
2026-04-20T15:47:48.056852,9d9bb8ec-4bd1-11ee-bb01-c602c1905375,BH Marconiplein,51.913319277,4.432514448,10,5,9999
2026-04-20T15:47:48.056852,8330f3ca-a5b4-11f0-ab44-baed9603afbb,Fokkerstraat Plesmanstraat,51.929694009,4.399576614,4,0,9999
2026-04-20T15:47:48.056852,5b842034-5331-11f0-ab1d-9ae3af3bf913,BH Walenburgerweg,51.926698659,4.462629155,10,10,9999
2026-04-20T15:47:48.056852,a08059b6-b484-11ee-9ae6-5263e3f30f1e,BH Metrostation Gerdesiaweg,51.925444134,4.506155972,10,0,9999
2026-04-20T15:47:48.056852,2f718c84-8911-11ee-bb01-c602c1905375,BH Metro Dijkzigt - EMC,51.911789199,4.466334846,20,1,9999
2026-04-20T15:47:48.056852,f58e41fc-1c9f-11ee-8219-8ed3b2364c4f,BH Heemraadsplein,51.912322959,4.455058085,10,6,9999
2026-04-20T15:47:48.056852,79fdd038-34b8-11f0-ab1d-9ae3af3bf913,BH RTHA Airport,51.94924845,4.432611987,10,1,7
2026-04-20T15:47:48.056852,1c41897e-596e-11ef-bed6-aa139991deb4,HUB Metrostation Nieuwland / Bijdorpplein,51.922583819,4.38260008,10,0,9999
2026-04-20T15:47:48.056852,a57d027c-8912-11ee-bb01-c602c1905375,BH Delftse Poort,51.924408145,4.472816464,10,12,9999
2026-04-20T15:47:48.056852,6383849a-2038-11f0-ab1d-9ae3af3bf913,BH - Kralingsebos (Langepad),51.936318565,4.506197017,10,6,9999
2026-04-20T15:47:48.056852,e90e9332-06f5-11ef-b58d-569a23b994be,BH Burgemeester Le Fèvre de Montignylaan,51.957620055,4.501711782,10,0,9999
2026-04-20T15:47:48.056852,5cb3ffde-bdaf-11ed-b1e6-fa4fb8e2990b,RK Stadionlaan,51.892328813,4.530682857,10,2,9999
2026-04-20T15:47:48.056852,02bed1f8-8392-11ee-bb01-c602c1905375,BH Station Alexander,51.951735827,4.551049232,10,3,9999
2026-04-20T15:47:48.056852,08d5cf66-8ab2-11ee-bb01-c602c1905375,BH Winkelhart Asterlo,51.873536387,4.483591736,10,3,9999
2026-04-20T15:47:48.056852,0e51e024-c757-11ee-9ae6-5263e3f30f1e,BH Metrostation Binnenhof,51.960437867,4.535372966,10,6,9999
2026-04-20T15:47:48.056852,409f87f6-890f-11ee-bb01-c602c1905375,BH Metro Beurs,51.917806013,4.480107053,8,0,9999
2026-04-20T15:47:48.056852,d6a7cd26-4d08-11f0-ab1d-9ae3af3bf913,BH - Oudehoofdplein-Haringvliet,51.918979475,4.49384405,10,10,9999
2026-04-20T15:47:48.056852,f0ad9b92-1767-11ef-8071-42f0fecaeb6a,BH Prinsenlaan,51.937206457,4.536127586,10,7,9999
2026-04-20T15:47:48.056852,f06fd44c-2035-11f0-ab1d-9ae3af3bf913,BH Boezemlaan,51.938982631,4.495864471,10,5,9999
2026-04-20T15:47:48.056852,8d91a90c-9e83-11ee-a91e-ee69b7c7763e,BH Kraaierstraat,51.91909698,4.418192898,8,0,9999
2026-04-20T15:47:48.056852,a2671a36-bdad-11ed-b1e6-fa4fb8e2990b,RK Dwarsdijk,51.893055987,4.539201504,10,2,9999
2026-04-20T15:47:48.056852,376a5cda-06f8-11ef-b58d-569a23b994be,BH Ganzerikplein,51.958953276,4.471584016,10,0,9999
2026-04-20T15:47:48.056852,5cdd9872-b096-11ef-b6d3-56d88772ab1a,BH Wilgenplaslaan/ Meidoornsingel,51.953868042,4.468211582,7,0,9999
2026-04-20T15:47:48.056852,952a3e78-a8db-11ef-8778-d2279db84567,BH Lloydstraat,51.902214281,4.461287644,10,1,9999
2026-04-20T15:47:48.056852,a6fa0910-8067-11ed-b1e6-fa4fb8e2990b,BH Stadion Fey (Bert Heesakkerstr.),51.896805818,4.521735582,50,4,9999
2026-04-20T15:47:48.056852,a1337d02-e018-11ed-a249-96cdaf8f7240,BH Sint Franciscus,51.942171146,4.460534407,25,1,9999
2026-04-20T15:47:48.056852,d3cea108-8285-11f0-ab44-baed9603afbb,BH - Ratelaarweg,51.967431611,4.463349689,10,0,9999
2026-04-20T15:47:48.056852,3bef7002-bdb5-11ed-b1e6-fa4fb8e2990b,RK Breeweg,51.890630632,4.514261169,10,4,9999
2026-04-20T15:47:48.056852,8c90734c-45bb-11ee-8219-8ed3b2364c4f,BH Coen Moulijnweg,51.893813253,4.526876329,42,1,9999
2026-04-20T15:47:48.056852,1b098490-2037-11f0-ab1d-9ae3af3bf913,BH Karmelweg,51.933461291,4.5029394,8,1,9999
2026-04-20T15:47:48.056852,23348a06-bdb1-11ed-b1e6-fa4fb8e2990b,RK Guido Gezelleweg,51.87434607,4.523238145,10,7,9999
2026-04-20T15:47:48.056852,66824038-37b2-11ef-a21a-8e54a72a50da,HUB Metrostation Parkweg / Zuidzijde,51.921443238,4.39475836,10,3,7
2026-04-20T15:47:48.056852,2c127298-ff25-11ef-a79f-a65a77daff90,BH Aert van Nesstraat,51.921141166,4.478916173,8,4,9999
2026-04-20T15:47:48.056852,cde445c6-a744-11ef-8778-d2279db84567,BH Groenendaal,51.921685178,4.492944049,6,4,9999
2026-04-20T15:47:48.056852,97c6a1c2-a8da-11ef-8778-d2279db84567,BH Henegouwerplein,51.921807589,4.460561523,10,3,9999
2026-04-20T15:47:48.056852,e68d5642-a5b5-11f0-b6c1-baed9603afbb,HUB NS Station Schiedam Centrum/ Professor Kamerlingh Onneslaan,51.92071744,4.408262487,12,3,9999
2026-04-20T15:47:48.056852,82623a40-bda3-11ed-b1e6-fa4fb8e2990b,RK Rosestraat,51.91100607,4.501308573,10,7,9999
2026-04-20T15:47:48.056852,b7353df6-b485-11ee-9ae6-5263e3f30f1e,BH Metrostation Kralingsezoom (Gravenweg),51.921751706,4.533850265,10,1,9999
2026-04-20T15:47:48.056852,6c34980a-bb92-11ef-a02d-6ea8ed91bd56,BH Gordelweg (Lidl),51.940472428,4.479798999,4,1,9999
2026-04-20T15:47:48.056852,5904bd1a-a5b5-11f0-b05b-baed9603afbb,HUB Hof van Spaland - Bachplein,51.934889388,4.374726808,8,3,9999
2026-04-20T15:47:48.056852,32ca5fd0-8126-11ed-b1e6-fa4fb8e2990b,RK Vuurplaat,51.906526668,4.505838102,10,0,9999
2026-04-20T15:47:48.056852,f94a1ff6-b095-11ef-b6d3-56d88772ab1a,BH Bm Le Fèvre de Montignylaan/ Jeroen Boschlaan,51.955641943,4.505982462,6,0,9999
2026-04-20T15:47:48.056852,4228b402-8537-11ee-bb01-c602c1905375,BH Tongelaarweg,51.895280064,4.563514996,10,1,9999
2026-04-20T15:47:48.056852,6f66a60c-36e5-11f0-ab1d-9ae3af3bf913,BH Lloydpier,51.904487669,4.460458303,8,2,3
2026-04-20T15:47:48.056852,7d81b63e-a5b5-11f0-b05b-baed9603afbb,HUB 's Gravelandseweg,51.932091958,4.401924037,6,2,9999
2026-04-20T15:47:48.056852,a3dbb322-8121-11ed-b1e6-fa4fb8e2990b,RK Metrostation Rijnhaven ,51.902216981,4.49610172,15,1,9999
2026-04-20T15:47:48.056852,cf23b50e-9ad0-11f0-ab44-baed9603afbb,BH Natuurhistorisch museum,51.911022288,4.472728259,12,2,9999
2026-04-20T15:47:48.056852,d55243f6-182b-11ef-a8d1-42f0fecaeb6a,BH Siciliëboulevard ,51.97996654,4.580859756,10,0,9999
2026-04-20T15:47:48.056852,e0f7ef36-a5b4-11f0-ab44-baed9603afbb,Havenstraat einde (digitale testhub),51.900396883,4.398614319,12,0,9999
2026-04-20T15:47:48.056852,05d1d708-eabd-11ef-88c2-aa7241d1fb4f,HUB De Thermen ,51.927426752,4.380236246,8,5,9999
2026-04-20T15:47:48.056852,b3381a7a-2036-11f0-ab1d-9ae3af3bf913,BH Oudedijk / de Nieuwe Plantage,51.929149075,4.505248613,8,4,9999
2026-04-20T15:47:48.056852,8b480576-eabc-11ee-a9f0-82366b51b915,BH Schiedamseweg Beneden,51.914135146,4.422297364,5,0,9999
2026-04-20T15:47:48.056852,89a2f1d2-a5b3-11f0-ab44-baed9603afbb,Metrostation Vijfsluizen,51.908108215,4.37254105,8,2,9999
2026-04-20T15:47:48.056852,e50f3d1e-f069-11ef-9ed7-0ea3ed1ae564,HUB Oranjestraat - Lange Nieuwstraat,51.913368472,4.40030457,5,0,9999
2026-04-20T15:47:48.056852,4c1b19a4-d0a1-11ee-8b0e-065810cc8d78,BH Elandstraat,51.910800072,4.553878993,10,2,9999
2026-04-20T15:47:48.056852,bbbba24e-806e-11ed-b1e6-fa4fb8e2990b,RK P+R Noorderhelling,51.894761016,4.532122707,15,0,9999
2026-04-20T15:47:48.056852,3ac0b682-8129-11ed-b1e6-fa4fb8e2990b,RK Cor Kieboomplein,51.896922039,4.523502821,15,1,9999
2026-04-20T15:47:48.056852,5a3ffbf4-37b1-11ef-a21a-8e54a72a50da,HUB Metrostation Nieuwland / Van Limburg Stirumstraat,51.922446663,4.38308784,6,0,6
2026-04-20T15:47:48.056852,5d8d12a2-a5b4-11f0-ab44-baed9603afbb,Van Heekstraat,51.931167557,4.406024405,4,0,9999
2026-04-20T15:47:48.056852,f251d6e8-0b82-11ef-b58d-569a23b994be,BH Metrostation Graskruid ,51.956473743,4.550010233,8,1,9999
2026-04-20T15:47:48.056852,a4d2ea7c-b2f0-11ef-aa57-62870c7808bb,BH 2e Hogenbanweg,51.936951327,4.427707182,8,0,9999
2026-04-20T15:47:48.056852,75ba0d1a-2037-11f0-ab1d-9ae3af3bf913,BH Stadhoudersweg,51.931417737,4.461484988,10,4,9999
2026-04-20T15:47:48.056852,bc6b0d7e-a745-11ef-8778-d2279db84567,BH Goudsewagenstraat,51.923224462,4.493552746,8,7,9999
2026-04-20T15:47:48.056852,0f37eafc-8912-11ee-bb01-c602c1905375,BH Metro Oostplein,51.922677789,4.497608825,10,0,9999
2026-04-20T15:47:48.056852,aed7c2fa-8123-11ed-b1e6-fa4fb8e2990b,RK Groene Hilledijk/Beijerlandselaan,51.893806789,4.509452258,10,7,9999
2026-04-20T15:47:48.056852,c76f0318-bb92-11ef-a02d-6ea8ed91bd56,BH NS Centraal Station (Stationssingel),51.925399994,4.466148375,10,9,9999
2026-04-20T15:47:48.056852,361a368c-a5b4-11f0-ab44-baed9603afbb,Sportpark Haga (Epke Zonderlandstraat),51.921919868,4.370918199,8,6,9999
2026-04-20T15:47:48.056852,f4c0fe5e-02d6-11ef-b58d-569a23b994be,BH Paulus Potterstraat,51.9228414,4.508497696,10,4,9999
2026-04-20T15:47:48.056852,48cbf66e-9f15-11ee-a91e-ee69b7c7763e,BH Franselaan,51.917379138,4.420463507,10,2,9999
2026-04-20T15:47:48.056852,e9735b4e-7da7-11f0-ab44-baed9603afbb,BH Veldkersweg,51.966835673,4.46657292,8,1,9999
2026-04-20T15:47:48.056852,4b1ac684-bb93-11ef-a02d-6ea8ed91bd56,BH Noorderkanaalweg,51.940525593,4.472984586,9,1,9999
2026-04-20T15:47:48.056852,033a9392-3700-11f0-ab1d-9ae3af3bf913,BH Herman Bavinckstraat,51.915067882,4.521446921,10,4,9999
2026-04-20T15:47:48.056852,ffe8c3e8-a8da-11ef-8778-d2279db84567,BH Mathenesserplein,51.917836602,4.44508891,8,3,9999
2026-04-20T15:47:48.056852,e377069a-ff63-11ef-a79f-a65a77daff90,BH Kralingsebos Bosdreef/Pr. Beatrixlaan,51.93789612,4.501689644,8,6,9999
2026-04-20T15:47:48.056852,7af95f9c-a747-11ef-8778-d2279db84567,BH Kruisplein,51.92228569,4.47138789,6,19,9999
2026-04-20T15:47:48.056852,4c50cb7a-bdb6-11ed-b1e6-fa4fb8e2990b,RK Olympiaweg,51.886462746,4.529133302,10,6,9999
2026-04-20T15:47:48.056852,a694ef4e-36e5-11f0-ab1d-9ae3af3bf913,BH Neushoornstraat,51.913041554,4.553743002,6,2,4
2026-04-20T15:47:48.056852,be56ca62-8120-11ed-b1e6-fa4fb8e2990b,RK P+R Beverwaard,51.885771514,4.568986239,10,0,9999
2026-04-20T15:47:48.056852,d5af3bc4-806a-11ed-b1e6-fa4fb8e2990b,BH Kievitslaan,51.907226862,4.473300159,17,1,9999
2026-04-20T15:47:48.056852,dd006abc-a5b3-11f0-ab44-baed9603afbb,Havenstraat,51.903204365,4.398004897,8,0,9999
2026-04-20T15:47:48.056852,6f09af84-eabe-11ee-a9f0-82366b51b915,BH Delftseplein ,51.925206514,4.474011701,14,19,9999
2026-04-20T15:47:48.056852,1cfb89ec-806b-11ed-b1e6-fa4fb8e2990b,BH Westplein,51.908912961,4.478583441,10,5,9999
2026-04-20T15:47:48.056852,12fc10a4-bb94-11ef-a02d-6ea8ed91bd56,BH Noordplein,51.930251975,4.483699175,10,3,9999
2026-04-20T15:47:48.056852,276e8d26-bda0-11ed-b1e6-fa4fb8e2990b,RK Strevelsweg,51.889634937,4.495943368,15,3,9999
2026-04-20T15:47:48.056852,9e066470-2038-11f0-ab1d-9ae3af3bf913,BH Kralinger Esch,51.911179823,4.524762065,9,1,9999
2026-04-20T15:47:48.056852,9b1f0aaa-8125-11ed-b1e6-fa4fb8e2990b,RK Slaghekstraat - Beijerlandselaan,51.897574833,4.511261604,10,1,9999
2026-04-20T15:47:48.056852,b8c81048-2037-11f0-ab1d-9ae3af3bf913,BH Van Maanenstraat,51.932279316,4.464280453,6,8,9999
2026-04-20T15:47:48.056852,1f4ff66c-bdb8-11ed-b1e6-fa4fb8e2990b,RK Van der Takstraat ,51.914243737,4.496045621,10,6,9999
2026-04-20T15:47:48.056852,3b523cee-5c94-11f0-ab1d-9ae3af3bf913,BH - Wilhelminapier,51.90698281,4.489727426,14,10,9999
2026-04-20T15:47:48.056852,e8d292d2-039a-11ef-b58d-569a23b994be,BH Mia van Yperenplein ,51.928414546,4.545678043,10,2,9999
2026-04-20T15:47:48.056852,12daf18a-8068-11ed-b1e6-fa4fb8e2990b,BH Treinst. Lombardijen (Aesopusplaats),51.880478018,4.530040287,10,3,9999
2026-04-20T15:47:48.056852,558e4a5a-eaba-11ee-a9f0-82366b51b915,BH Blijdorplaan ,51.927389289,4.440437692,22,3,9999
2026-04-20T15:47:48.056852,5a8de282-36ee-11f0-ab1d-9ae3af3bf913,BH van Blommesteynweg,51.888148155,4.460842726,10,0,9999
2026-04-20T15:47:48.056852,078569ee-a5b5-11f0-ab44-baed9603afbb,Nieuwe Waterwegstraat (digitale testhub),51.900682979,4.390873601,12,0,9999
2026-04-20T15:47:48.056852,8e5dd27e-06fd-11ef-b58d-569a23b994be,BH Prins Alexanderplein,51.951040272,4.553684972,14,0,9999
2026-04-20T15:47:48.056852,a6843864-fbc4-11ee-b58d-569a23b994be,Trompenburg 1,51.917696349,4.517981647,10,1,7
2026-04-20T15:47:48.056852,5b583480-a8da-11ef-8778-d2279db84567,BH Duyststraat,51.910073429,4.452225738,8,4,9999
2026-04-20T15:47:48.056852,2510e9ba-a5b6-11f0-847a-baed9603afbb,Hub Kloosterplaats,51.91675013,4.402112308,6,0,9999
2026-04-20T15:47:48.056852,880e3e72-a8dd-11ef-8778-d2279db84567,BH Spaansebocht,51.917413667,4.430014126,9,1,9999
2026-04-20T15:47:48.056852,b5b3324a-edb9-11ee-a9f0-82366b51b915,BH Siondwarsstraat,51.925261494,4.51053174,10,0,9999
2026-04-20T15:47:48.056852,94b01d94-edc6-11ee-a9f0-82366b51b915,BH Schuttersveld,51.933248028,4.490978921,10,2,9999
2026-04-20T15:47:48.056852,69b33170-edbd-11ee-a9f0-82366b51b915,BH Metro Oostplein 2,51.923145722,4.496820843,10,1,9999
2026-04-20T15:47:48.056852,67d6af9a-f068-11ef-ba40-0ea3ed1ae564,HUB Hof van Spaland - Schiedamseweg,51.934898803,4.378145906,12,5,9999
2026-04-20T15:47:48.056852,f4d561c2-1e0f-11f1-bada-da123385441b,BH PR Slinge 2,51.87374414,4.477026543,10,2,8
2026-04-20T15:47:48.056852,4933dd54-9e7c-11ee-a91e-ee69b7c7763e,BH Willem Ruyslaan (Luzac College),51.925421889,4.508669446,10,4,9999
2026-04-20T15:47:48.056852,9f935b6c-b095-11ef-b6d3-56d88772ab1a,BH Bergpolderplein,51.945227242,4.474988047,8,1,9999
2026-04-20T15:47:48.056852,8a2d056c-bb93-11ef-a02d-6ea8ed91bd56,BH NS Station Noord (Bergweg),51.941530048,4.481339526,10,1,9
2026-04-20T15:47:48.056852,4d95ab34-8122-11ed-b1e6-fa4fb8e2990b,RK Metrostation Maashaven ,51.896573582,4.494245173,30,1,9999
2026-04-20T15:47:48.056852,3d015ff0-8394-11ee-bb01-c602c1905375,BH Metrostation Oosterflank,51.945209326,4.555045447,10,0,9999
2026-04-20T15:47:48.056852,defeb050-a747-11ef-8778-d2279db84567,BH Karel Doormanstraat,51.922789549,4.473609692,9,4,9999
2026-04-20T15:47:48.056852,b5dc5454-890f-11ee-bb01-c602c1905375,BH Schilderstraat,51.916377397,4.48142868,8,6,9999
2026-04-20T15:47:48.056852,2f12ae3e-806c-11ed-b1e6-fa4fb8e2990b,BH Winkelcentrum Keizerswaard-Herenw,51.886358391,4.549308056,15,10,9999
2026-04-20T15:47:48.056852,3b6d73a8-805d-11ed-b1e6-fa4fb8e2990b,BH Metrostation Melanchtonweg,51.94881199,4.465233746,10,4,9999
2026-04-20T15:47:48.056852,d5832958-891a-11ee-bb01-c602c1905375,BH Metro Zuidplein (nieuw),51.887180341,4.491554668,10,7,9999
2026-04-20T15:47:48.056852,a535094e-b162-11ef-bdcd-5adc5d29ed54,BH Eudokiaplein,51.932433484,4.47153255,9,3,9999
2026-04-20T15:47:48.056852,437f8dc8-bd9e-11ed-b1e6-fa4fb8e2990b,RK Hillevliet,51.89558515,4.506432514,10,1,9999
2026-04-20T15:47:48.056852,f10d8ab4-9997-11ee-a91e-ee69b7c7763e,BH Shell Hofplein,51.925705456,4.477781355,28,8,9999
2026-04-20T15:47:48.056852,94467720-8127-11ed-b1e6-fa4fb8e2990b,RK Persoonsdam,51.909309099,4.508017165,10,4,9999
2026-04-20T15:47:48.056852,9245444a-2023-11f0-ab1d-9ae3af3bf913,BH Witte de Withstraat,51.915906523,4.478080905,10,5,9999
2026-04-20T15:47:48.056852,49d59348-ff64-11ef-b515-a65a77daff90,BH Bergweg (Dirk van den Broek),51.93856254,4.479465675,6,0,9999
2026-04-20T15:47:48.056852,30fb96bc-8124-11ed-b1e6-fa4fb8e2990b,RK Beverwaardseweg/ Borgharensingel,51.898798338,4.564663375,10,0,9999
2026-04-20T15:47:48.056852,9a1fb404-8ab3-11ee-bb01-c602c1905375,BH Langenhorst ,51.874120882,4.494254863,10,6,9999
2026-04-20T15:47:48.056852,abe67bfa-b096-11ef-b6d3-56d88772ab1a,BH Wilgenplaslaan/ Donkersingel,51.951337599,4.47048253,10,3,9999
2026-04-20T15:47:48.056852,068b0f9c-a8dd-11ef-8778-d2279db84567,BH Vierhavenstraat (Sahan),51.908502395,4.437727106,4,1,9999
2026-04-20T15:47:48.056852,bc0e7e9c-a8da-11ef-8778-d2279db84567,BH Jan van Vuchtstraat,51.917045317,4.460830874,6,7,9999
2026-04-20T15:47:48.056852,8b721818-a5b2-11f0-ab44-baed9603afbb,Lekstraat,51.90446958,4.406985264,6,0,9999
2026-04-20T15:47:48.056852,ad212572-06f7-11ef-b58d-569a23b994be,BH Molenlaan/Grindweg,51.963224537,4.49571068,10,0,9999
2026-04-20T15:47:48.056852,f8828c3e-806d-11ed-b1e6-fa4fb8e2990b,RK Station Rdam Zuid,51.905545015,4.509568537,15,5,9999
2026-04-20T15:47:48.056852,5f71799e-806b-11ed-b1e6-fa4fb8e2990b,BH Willemsplein,51.911118908,4.481894771,17,6,9999
2026-04-20T15:47:48.056852,42824336-bd97-11ed-b1e6-fa4fb8e2990b,RK Groene Hilledijk,51.882726433,4.504266667,10,1,9999
2026-04-20T15:47:48.056852,db6932f4-182b-11ef-a8d1-42f0fecaeb6a,BH Metrostation Nesselande,51.978969273,4.586177782,10,0,9999
2026-04-20T15:47:48.056852,2c4ff78a-2783-11f1-a5ae-0225521a85c1,BH PR Slinge 2,51.87374414,4.477026543,10,2,8
2026-04-20T15:47:48.056852,e26322b0-2025-11f0-ab1d-9ae3af3bf913,BH Brielselaan,51.896298935,4.489248091,4,0,9999
2026-04-20T15:47:48.056852,c862b7f2-06fb-11ef-b58d-569a23b994be,BH Prins Alexanderlaan (metrobaan zijde),51.952192324,4.551435621,10,2,9999
2026-04-20T15:47:48.056852,c53689c2-8124-11ed-b1e6-fa4fb8e2990b,RK Peellandstraat / Beesdestraat ,51.888535309,4.567291893,10,3,9999
2026-04-20T15:47:48.056852,8f5d35a0-1834-11ef-8071-42f0fecaeb6a,BH Jan Bijloostraat (Winkelcentrum Lage Land),51.941821995,4.546449269,9,3,9999
2026-04-20T15:47:48.056852,f8fcd3a4-983a-11ef-a85a-be896af2d3a5,BH Rhijnauwensingel,51.892161199,4.569620613,12,1,9999
2026-04-20T15:47:48.056852,118239d4-a5b2-11f0-ab44-baed9603afbb,Lorentzlaan (bushalte),51.917994492,4.415061192,4,0,9999
2026-04-20T15:47:48.056852,0c107276-bdb7-11ed-b1e6-fa4fb8e2990b,RK Sandelingenplein,51.889562128,4.506962326,10,1,9999
2026-04-20T15:47:48.056852,75b8bea6-81d8-11ed-b1e6-fa4fb8e2990b,RK Metrostation Maashaven (Putselaan),51.897794241,4.495760713,10,1,9999
2026-04-20T15:47:48.056852,a20bbbae-bdae-11ed-b1e6-fa4fb8e2990b,RK Frankendaal,51.886951976,4.521294152,10,0,9999
2026-04-20T15:47:48.056852,bc839806-a5b1-11f0-ab44-baed9603afbb,Van het Hoffplein (Boerhavelaan),51.916219132,4.412005574,8,1,9999
2026-04-20T15:47:48.056852,2c632780-a8de-11ef-8778-d2279db84567,BH Schuttevaerweg,51.922420472,4.434869706,10,2,9999
2026-04-20T15:47:48.056852,f1df385c-f5b2-11ef-81b3-76e5c571f05f,HUB Admiraal de Ruyterstraat,51.906742474,4.38554997,8,5,9999
2026-04-20T15:47:48.056852,4247dd56-1c9f-11ee-8219-8ed3b2364c4f,BH Metro Coolhaven,51.909218289,4.458167882,10,5,9999
2026-04-20T15:47:48.056852,65af1c24-06f4-11ef-b58d-569a23b994be,BH Meerum Terwogtlaan,51.951763386,4.524587387,10,2,9999
2026-04-20T16:49:36.585478,a3c07f10-a5b5-11f0-b05b-baed9603afbb,HUB Hoofdbrug,51.908705902,4.406131267,8,1,9999
2026-04-20T16:49:36.585478,b9bfe680-fbc4-11ee-b58d-569a23b994be,Trompenburg 2,51.917638379,4.518889893,10,0,10
2026-04-20T16:49:36.585478,3c659862-a8dd-11ef-8778-d2279db84567,BH Mayflowerstraat,51.905015647,4.440161906,10,0,9999
2026-04-20T16:49:36.585478,e0a4baca-a748-11ef-8778-d2279db84567,BH Mariniersweg,51.920853425,4.490979502,10,10,9999
2026-04-20T16:49:36.585478,c35c448e-06fc-11ef-b58d-569a23b994be,BH Jacob van Campenweg ,51.942434165,4.537976212,7,5,9999
2026-04-20T16:49:36.585478,438486f4-a5b6-11f0-a150-baed9603afbb,HUB Koemarkt ingang garage,51.914517902,4.401917461,6,6,9999
2026-04-20T16:49:36.585478,365f4a3e-a5b3-11f0-ab44-baed9603afbb,Rubensplein,51.911712719,4.383665134,6,0,9999
2026-04-20T16:49:36.585478,a85b996e-fe23-11ee-b58d-569a23b994be,BH Dirk van der Kooijweg (Waterleliesingel),51.953796964,4.52009166,10,0,9999
2026-04-20T16:49:36.585478,19e2de56-b5d8-11ee-9ae6-5263e3f30f1e,BH STC Waalhaven,51.878297275,4.448759787,10,0,9999
2026-04-20T16:49:36.585478,c6c213ee-ed18-11ef-9957-f683e5eb607c,BH Langenhorst (Binkhorst),51.877310029,4.494737503,10,6,9999
2026-04-20T16:49:36.585478,3366f8b0-a8dc-11ef-8778-d2279db84567,BH Vierhavenstraat (WoonEnzo),51.907777562,4.438830385,4,1,9999
2026-04-20T16:49:36.585478,04a89aea-a5b3-11f0-ab44-baed9603afbb,Groenelaan Hagastraat (Winkelcentrum),51.907303396,4.402285408,4,0,9999
2026-04-20T16:49:36.585478,32638aa6-a5b5-11f0-9f09-baed9603afbb,HUB Laan van Bol'es,51.928443203,4.370771711,10,0,9999
2026-04-20T16:49:36.585478,291c2f72-a749-11ef-8778-d2279db84567,BH Westzeedijk,51.909321622,4.471436479,10,5,9999
2026-04-20T16:49:36.585478,abd627be-67bb-11f0-91de-5eaa9feacc9b,BH Schiekade (Heer Bokelweg),51.927133058,4.476309832,10,4,9999
2026-04-20T16:49:36.585478,8948d5a4-b094-11ef-b6d3-56d88772ab1a,BH Duivenpad,51.964922912,4.498254116,8,2,9999
2026-04-20T16:49:36.585478,227e8c1e-be97-11ee-9ae6-5263e3f30f1e,HUB Metrostation Troelstralaan,51.915742295,4.384972326,10,1,9999
2026-04-20T16:49:36.585478,0af509a8-06f7-11ef-b58d-569a23b994be,BH Beethovensingel,51.96114919,4.505141448,10,2,9999
2026-04-20T16:49:36.585478,dc06f296-1768-11ef-8071-42f0fecaeb6a,BH Prins Alexanderlaan (Oosterflank),51.946646256,4.553811478,12,0,9999
2026-04-20T16:49:36.585478,221af3ce-7fe1-11ee-bb01-c602c1905375,BH Metro Prinsenlaan,51.940647564,4.556931306,10,1,9999
2026-04-20T16:49:36.585478,a793d6ba-edc8-11ee-a9f0-82366b51b915,BH Infirmeriestraat,51.922255603,4.502265891,10,3,9999
2026-04-20T16:49:36.585478,0359e1a2-bdb3-11ed-b1e6-fa4fb8e2990b,RK Rosestraat 11C,51.902954022,4.511377745,10,5,9999
2026-04-20T16:49:36.585478,87f07e20-9e78-11ee-a91e-ee69b7c7763e,BH Marconistraat (Lee Towers),51.912441021,4.430411189,14,3,9999
2026-04-20T16:49:36.585478,f539bd6e-06f8-11ef-b58d-569a23b994be,BH Meijersplein,51.955657978,4.463033845,8,1,9999
2026-04-20T16:49:36.585478,70f0801a-8071-11ed-b1e6-fa4fb8e2990b,RK treinstation Lombardijen,51.88057913,4.531905572,30,7,9999
2026-04-20T16:49:36.585478,43752ffc-a8db-11ef-8778-d2279db84567,BH Pieter de Hoochweg,51.906316301,4.459985731,6,3,9999
2026-04-20T16:49:36.585478,b35ddad8-ab08-11ef-8778-d2279db84567,HUB Rotterdamsedijk 272,51.914957692,4.40343084,8,0,9999
2026-04-20T16:49:36.585478,9b1fa0f6-ae3c-11ee-a91e-ee69b7c7763e,BH Winkelhart Plein 1953,51.874842065,4.467889739,10,7,9999
2026-04-20T16:49:36.585478,8bd90878-0884-11f0-9a47-66143dd92f22,RK Molenvliet,51.882626536,4.521159806,10,2,9999
2026-04-20T16:49:36.585478,45450b66-a5b2-11f0-ab44-baed9603afbb,Maasdijk (Gustoweg),51.906629018,4.412009895,6,0,9999
2026-04-20T16:49:36.585478,4de2effe-f068-11ef-ba40-0ea3ed1ae564,HUB Hof van Spaland - Vlaardingseweg,51.935841728,4.376077923,4,2,9999
2026-04-20T16:49:36.585478,d38c6468-06fe-11ef-b58d-569a23b994be,BH Kleine Beer,51.950902127,4.555051083,6,1,9999
2026-04-20T16:49:36.585478,e552904e-182b-11ef-a8d1-42f0fecaeb6a,BH Metrostation Hesseplaats,51.963345229,4.554510684,10,1,9999
2026-04-20T16:49:36.585478,1826196c-b162-11ef-bdcd-5adc5d29ed54,BH Bentincklaan (Diergaarde Blijdorp),51.92572504,4.454794024,10,1,9999
2026-04-20T16:49:36.585478,8a1e5ed0-1c9e-11ee-8219-8ed3b2364c4f,BH Sparta stadion,51.920151368,4.434428835,20,9,9999
2026-04-20T16:49:36.585478,d3c9003c-b486-11ee-9ae6-5263e3f30f1e,BH Oostzeedijk Beneden,51.922514244,4.503092963,10,2,9999
2026-04-20T16:49:36.585478,552a82b8-b094-11ef-b6d3-56d88772ab1a,BH Hockeyclub Rotterdam,51.96869974,4.484731647,25,1,9999
2026-04-20T16:49:36.585478,cb3f6d1c-a746-11ef-8778-d2279db84567,BH Vasteland (AH),51.911537089,4.478368712,10,5,9999
2026-04-20T16:49:36.585478,d4a8557a-eabd-11ef-ac99-aa7241d1fb4f,HUB Admiraal Trompstraat (Huisman),51.908834504,4.381923039,8,0,9999
2026-04-20T16:49:36.585478,00e8b3de-9e82-11ee-a91e-ee69b7c7763e,BH Jacques Dutilhweg,51.927993284,4.5475155,10,0,9999
2026-04-20T16:49:36.585478,d868fe52-36e5-11f0-ab1d-9ae3af3bf913,BH Sluisjesdijk,51.894714517,4.461900478,10,4,5
2026-04-20T16:49:36.585478,4338fed2-edbb-11ee-a9f0-82366b51b915,BH Oostzeedijk Beneden 2,51.921653595,4.507031037,10,9,9999
2026-04-20T16:49:36.585478,2c82bb9a-217b-11ee-8219-8ed3b2364c4f,Hub Weena,51.922738296,4.469181329,142,29,9999
2026-04-20T16:49:36.585478,96f5cbdc-06f6-11ef-b58d-569a23b994be,BH Argonautenweg,51.959086712,4.49354982,10,3,9999
2026-04-20T16:49:36.585478,2f51713e-32b7-11ee-8219-8ed3b2364c4f,Hub P+R Capelsebrug,51.920991793,4.559215491,18,11,9999
2026-04-20T16:49:36.585478,62b0255a-9e7a-11ee-a91e-ee69b7c7763e,BH Vierhavenstraat,51.910327597,4.434992993,16,1,9999
2026-04-20T16:49:36.585478,2b10524e-06f5-11ef-b58d-569a23b994be,BH Piet van der Polsingel,51.950618784,4.518612648,8,3,9999
2026-04-20T16:49:36.585478,47070056-06fa-11ef-b58d-569a23b994be,BH Metrostation Schenkel,51.931770435,4.56406792,12,1,9999
2026-04-20T16:49:36.585478,0e59456c-f06d-11f0-b173-2e3b4d4b7f35,BH P+R Kralingse Zoom,51.921440854,4.531732208,10,6,1
2026-04-20T16:49:36.585478,7a8c12ba-91ab-11ed-b1e6-fa4fb8e2990b,BH Metrostation Slinge,51.874526023,4.477872534,15,0,9999
2026-04-20T16:49:36.585478,026045c6-8530-11ee-bb01-c602c1905375,BH Winkelhart Katendrechtse Lagedijk,51.891184937,4.479440034,10,4,9999
2026-04-20T16:49:36.585478,9d9bb8ec-4bd1-11ee-bb01-c602c1905375,BH Marconiplein,51.913319277,4.432514448,10,5,9999
2026-04-20T16:49:36.585478,8330f3ca-a5b4-11f0-ab44-baed9603afbb,Fokkerstraat Plesmanstraat,51.929694009,4.399576614,4,0,9999
2026-04-20T16:49:36.585478,5b842034-5331-11f0-ab1d-9ae3af3bf913,BH Walenburgerweg,51.926698659,4.462629155,10,10,9999
2026-04-20T16:49:36.585478,a08059b6-b484-11ee-9ae6-5263e3f30f1e,BH Metrostation Gerdesiaweg,51.925444134,4.506155972,10,4,9999
2026-04-20T16:49:36.585478,2f718c84-8911-11ee-bb01-c602c1905375,BH Metro Dijkzigt - EMC,51.911789199,4.466334846,20,2,9999
2026-04-20T16:49:36.585478,f58e41fc-1c9f-11ee-8219-8ed3b2364c4f,BH Heemraadsplein,51.912322959,4.455058085,10,6,9999
2026-04-20T16:49:36.585478,79fdd038-34b8-11f0-ab1d-9ae3af3bf913,BH RTHA Airport,51.94924845,4.432611987,10,1,7
2026-04-20T16:49:36.585478,1c41897e-596e-11ef-bed6-aa139991deb4,HUB Metrostation Nieuwland / Bijdorpplein,51.922583819,4.38260008,10,0,9999
2026-04-20T16:49:36.585478,a57d027c-8912-11ee-bb01-c602c1905375,BH Delftse Poort,51.924408145,4.472816464,10,11,9999
2026-04-20T16:49:36.585478,6383849a-2038-11f0-ab1d-9ae3af3bf913,BH - Kralingsebos (Langepad),51.936318565,4.506197017,10,7,9999
2026-04-20T16:49:36.585478,e90e9332-06f5-11ef-b58d-569a23b994be,BH Burgemeester Le Fèvre de Montignylaan,51.957620055,4.501711782,10,0,9999
2026-04-20T16:49:36.585478,5cb3ffde-bdaf-11ed-b1e6-fa4fb8e2990b,RK Stadionlaan,51.892328813,4.530682857,10,2,9999
2026-04-20T16:49:36.585478,02bed1f8-8392-11ee-bb01-c602c1905375,BH Station Alexander,51.951735827,4.551049232,10,3,9999
2026-04-20T16:49:36.585478,08d5cf66-8ab2-11ee-bb01-c602c1905375,BH Winkelhart Asterlo,51.873536387,4.483591736,10,5,9999
2026-04-20T16:49:36.585478,0e51e024-c757-11ee-9ae6-5263e3f30f1e,BH Metrostation Binnenhof,51.960437867,4.535372966,10,6,9999
2026-04-20T16:49:36.585478,409f87f6-890f-11ee-bb01-c602c1905375,BH Metro Beurs,51.917806013,4.480107053,8,0,9999
2026-04-20T16:49:36.585478,d6a7cd26-4d08-11f0-ab1d-9ae3af3bf913,BH - Oudehoofdplein-Haringvliet,51.918979475,4.49384405,10,7,9999
2026-04-20T16:49:36.585478,f0ad9b92-1767-11ef-8071-42f0fecaeb6a,BH Prinsenlaan,51.937206457,4.536127586,10,7,9999
2026-04-20T16:49:36.585478,f06fd44c-2035-11f0-ab1d-9ae3af3bf913,BH Boezemlaan,51.938982631,4.495864471,10,8,9999
2026-04-20T16:49:36.585478,8d91a90c-9e83-11ee-a91e-ee69b7c7763e,BH Kraaierstraat,51.91909698,4.418192898,8,0,9999
2026-04-20T16:49:36.585478,a2671a36-bdad-11ed-b1e6-fa4fb8e2990b,RK Dwarsdijk,51.893055987,4.539201504,10,2,9999
2026-04-20T16:49:36.585478,376a5cda-06f8-11ef-b58d-569a23b994be,BH Ganzerikplein,51.958953276,4.471584016,10,0,9999
2026-04-20T16:49:36.585478,5cdd9872-b096-11ef-b6d3-56d88772ab1a,BH Wilgenplaslaan/ Meidoornsingel,51.953868042,4.468211582,7,0,9999
2026-04-20T16:49:36.585478,952a3e78-a8db-11ef-8778-d2279db84567,BH Lloydstraat,51.902214281,4.461287644,10,5,9999
2026-04-20T16:49:36.585478,a6fa0910-8067-11ed-b1e6-fa4fb8e2990b,BH Stadion Fey (Bert Heesakkerstr.),51.896805818,4.521735582,50,2,9999
2026-04-20T16:49:36.585478,a1337d02-e018-11ed-a249-96cdaf8f7240,BH Sint Franciscus,51.942171146,4.460534407,25,1,9999
2026-04-20T16:49:36.585478,d3cea108-8285-11f0-ab44-baed9603afbb,BH - Ratelaarweg,51.967431611,4.463349689,10,0,9999
2026-04-20T16:49:36.585478,3bef7002-bdb5-11ed-b1e6-fa4fb8e2990b,RK Breeweg,51.890630632,4.514261169,10,4,9999
2026-04-20T16:49:36.585478,8c90734c-45bb-11ee-8219-8ed3b2364c4f,BH Coen Moulijnweg,51.893813253,4.526876329,42,1,9999
2026-04-20T16:49:36.585478,1b098490-2037-11f0-ab1d-9ae3af3bf913,BH Karmelweg,51.933461291,4.5029394,8,2,9999
2026-04-20T16:49:36.585478,23348a06-bdb1-11ed-b1e6-fa4fb8e2990b,RK Guido Gezelleweg,51.87434607,4.523238145,10,6,9999
2026-04-20T16:49:36.585478,66824038-37b2-11ef-a21a-8e54a72a50da,HUB Metrostation Parkweg / Zuidzijde,51.921443238,4.39475836,10,3,7
2026-04-20T16:49:36.585478,2c127298-ff25-11ef-a79f-a65a77daff90,BH Aert van Nesstraat,51.921141166,4.478916173,8,2,9999
2026-04-20T16:49:36.585478,cde445c6-a744-11ef-8778-d2279db84567,BH Groenendaal,51.921685178,4.492944049,6,4,9999
2026-04-20T16:49:36.585478,97c6a1c2-a8da-11ef-8778-d2279db84567,BH Henegouwerplein,51.921807589,4.460561523,10,5,9999
2026-04-20T16:49:36.585478,e68d5642-a5b5-11f0-b6c1-baed9603afbb,HUB NS Station Schiedam Centrum/ Professor Kamerlingh Onneslaan,51.92071744,4.408262487,12,3,9999
2026-04-20T16:49:36.585478,82623a40-bda3-11ed-b1e6-fa4fb8e2990b,RK Rosestraat,51.91100607,4.501308573,10,5,9999
2026-04-20T16:49:36.585478,b7353df6-b485-11ee-9ae6-5263e3f30f1e,BH Metrostation Kralingsezoom (Gravenweg),51.921751706,4.533850265,10,1,9999
2026-04-20T16:49:36.585478,6c34980a-bb92-11ef-a02d-6ea8ed91bd56,BH Gordelweg (Lidl),51.940472428,4.479798999,4,2,9999
2026-04-20T16:49:36.585478,5904bd1a-a5b5-11f0-b05b-baed9603afbb,HUB Hof van Spaland - Bachplein,51.934889388,4.374726808,8,4,9999
2026-04-20T16:49:36.585478,32ca5fd0-8126-11ed-b1e6-fa4fb8e2990b,RK Vuurplaat,51.906526668,4.505838102,10,0,9999
2026-04-20T16:49:36.585478,f94a1ff6-b095-11ef-b6d3-56d88772ab1a,BH Bm Le Fèvre de Montignylaan/ Jeroen Boschlaan,51.955641943,4.505982462,6,0,9999
2026-04-20T16:49:36.585478,4228b402-8537-11ee-bb01-c602c1905375,BH Tongelaarweg,51.895280064,4.563514996,10,1,9999
2026-04-20T16:49:36.585478,6f66a60c-36e5-11f0-ab1d-9ae3af3bf913,BH Lloydpier,51.904487669,4.460458303,8,1,5
2026-04-20T16:49:36.585478,7d81b63e-a5b5-11f0-b05b-baed9603afbb,HUB 's Gravelandseweg,51.932091958,4.401924037,6,2,9999
2026-04-20T16:49:36.585478,a3dbb322-8121-11ed-b1e6-fa4fb8e2990b,RK Metrostation Rijnhaven ,51.902216981,4.49610172,15,3,9999
2026-04-20T16:49:36.585478,cf23b50e-9ad0-11f0-ab44-baed9603afbb,BH Natuurhistorisch museum,51.911022288,4.472728259,12,2,9999
2026-04-20T16:49:36.585478,d55243f6-182b-11ef-a8d1-42f0fecaeb6a,BH Siciliëboulevard ,51.97996654,4.580859756,10,0,9999
2026-04-20T16:49:36.585478,e0f7ef36-a5b4-11f0-ab44-baed9603afbb,Havenstraat einde (digitale testhub),51.900396883,4.398614319,12,0,9999
2026-04-20T16:49:36.585478,05d1d708-eabd-11ef-88c2-aa7241d1fb4f,HUB De Thermen ,51.927426752,4.380236246,8,5,9999
2026-04-20T16:49:36.585478,b3381a7a-2036-11f0-ab1d-9ae3af3bf913,BH Oudedijk / de Nieuwe Plantage,51.929149075,4.505248613,8,5,9999
2026-04-20T16:49:36.585478,8b480576-eabc-11ee-a9f0-82366b51b915,BH Schiedamseweg Beneden,51.914135146,4.422297364,5,0,9999
2026-04-20T16:49:36.585478,89a2f1d2-a5b3-11f0-ab44-baed9603afbb,Metrostation Vijfsluizen,51.908108215,4.37254105,8,2,9999
2026-04-20T16:49:36.585478,e50f3d1e-f069-11ef-9ed7-0ea3ed1ae564,HUB Oranjestraat - Lange Nieuwstraat,51.913368472,4.40030457,5,0,9999
2026-04-20T16:49:36.585478,4c1b19a4-d0a1-11ee-8b0e-065810cc8d78,BH Elandstraat,51.910800072,4.553878993,10,2,9999
2026-04-20T16:49:36.585478,bbbba24e-806e-11ed-b1e6-fa4fb8e2990b,RK P+R Noorderhelling,51.894761016,4.532122707,15,0,9999
2026-04-20T16:49:36.585478,3ac0b682-8129-11ed-b1e6-fa4fb8e2990b,RK Cor Kieboomplein,51.896922039,4.523502821,15,2,9999
2026-04-20T16:49:36.585478,5a3ffbf4-37b1-11ef-a21a-8e54a72a50da,HUB Metrostation Nieuwland / Van Limburg Stirumstraat,51.922446663,4.38308784,6,0,6
2026-04-20T16:49:36.585478,5d8d12a2-a5b4-11f0-ab44-baed9603afbb,Van Heekstraat,51.931167557,4.406024405,4,0,9999
2026-04-20T16:49:36.585478,f251d6e8-0b82-11ef-b58d-569a23b994be,BH Metrostation Graskruid ,51.956473743,4.550010233,8,1,9999
2026-04-20T16:49:36.585478,a4d2ea7c-b2f0-11ef-aa57-62870c7808bb,BH 2e Hogenbanweg,51.936951327,4.427707182,8,0,9999
2026-04-20T16:49:36.585478,75ba0d1a-2037-11f0-ab1d-9ae3af3bf913,BH Stadhoudersweg,51.931417737,4.461484988,10,5,9999
2026-04-20T16:49:36.585478,bc6b0d7e-a745-11ef-8778-d2279db84567,BH Goudsewagenstraat,51.923224462,4.493552746,8,9,9999
2026-04-20T16:49:36.585478,0f37eafc-8912-11ee-bb01-c602c1905375,BH Metro Oostplein,51.922677789,4.497608825,10,5,9999
2026-04-20T16:49:36.585478,aed7c2fa-8123-11ed-b1e6-fa4fb8e2990b,RK Groene Hilledijk/Beijerlandselaan,51.893806789,4.509452258,10,8,9999
2026-04-20T16:49:36.585478,c76f0318-bb92-11ef-a02d-6ea8ed91bd56,BH NS Centraal Station (Stationssingel),51.925399994,4.466148375,10,5,9999
2026-04-20T16:49:36.585478,361a368c-a5b4-11f0-ab44-baed9603afbb,Sportpark Haga (Epke Zonderlandstraat),51.921919868,4.370918199,8,6,9999
2026-04-20T16:49:36.585478,f4c0fe5e-02d6-11ef-b58d-569a23b994be,BH Paulus Potterstraat,51.9228414,4.508497696,10,4,9999
2026-04-20T16:49:36.585478,48cbf66e-9f15-11ee-a91e-ee69b7c7763e,BH Franselaan,51.917379138,4.420463507,10,1,9999
2026-04-20T16:49:36.585478,e9735b4e-7da7-11f0-ab44-baed9603afbb,BH Veldkersweg,51.966835673,4.46657292,8,1,9999
2026-04-20T16:49:36.585478,4b1ac684-bb93-11ef-a02d-6ea8ed91bd56,BH Noorderkanaalweg,51.940525593,4.472984586,9,1,9999
2026-04-20T16:49:36.585478,033a9392-3700-11f0-ab1d-9ae3af3bf913,BH Herman Bavinckstraat,51.915067882,4.521446921,10,5,9999
2026-04-20T16:49:36.585478,ffe8c3e8-a8da-11ef-8778-d2279db84567,BH Mathenesserplein,51.917836602,4.44508891,8,4,9999
2026-04-20T16:49:36.585478,e377069a-ff63-11ef-a79f-a65a77daff90,BH Kralingsebos Bosdreef/Pr. Beatrixlaan,51.93789612,4.501689644,8,6,9999
2026-04-20T16:49:36.585478,7af95f9c-a747-11ef-8778-d2279db84567,BH Kruisplein,51.92228569,4.47138789,6,16,9999
2026-04-20T16:49:36.585478,4c50cb7a-bdb6-11ed-b1e6-fa4fb8e2990b,RK Olympiaweg,51.886462746,4.529133302,10,5,9999
2026-04-20T16:49:36.585478,a694ef4e-36e5-11f0-ab1d-9ae3af3bf913,BH Neushoornstraat,51.913041554,4.553743002,6,2,4
2026-04-20T16:49:36.585478,be56ca62-8120-11ed-b1e6-fa4fb8e2990b,RK P+R Beverwaard,51.885771514,4.568986239,10,0,9999
2026-04-20T16:49:36.585478,d5af3bc4-806a-11ed-b1e6-fa4fb8e2990b,BH Kievitslaan,51.907226862,4.473300159,17,2,9999
2026-04-20T16:49:36.585478,dd006abc-a5b3-11f0-ab44-baed9603afbb,Havenstraat,51.903204365,4.398004897,8,0,9999
2026-04-20T16:49:36.585478,6f09af84-eabe-11ee-a9f0-82366b51b915,BH Delftseplein ,51.925206514,4.474011701,14,19,9999
2026-04-20T16:49:36.585478,1cfb89ec-806b-11ed-b1e6-fa4fb8e2990b,BH Westplein,51.908912961,4.478583441,10,7,9999
2026-04-20T16:49:36.585478,12fc10a4-bb94-11ef-a02d-6ea8ed91bd56,BH Noordplein,51.930251975,4.483699175,10,2,9999
2026-04-20T16:49:36.585478,276e8d26-bda0-11ed-b1e6-fa4fb8e2990b,RK Strevelsweg,51.889634937,4.495943368,15,3,9999
2026-04-20T16:49:36.585478,9e066470-2038-11f0-ab1d-9ae3af3bf913,BH Kralinger Esch,51.911179823,4.524762065,9,1,9999
2026-04-20T16:49:36.585478,9b1f0aaa-8125-11ed-b1e6-fa4fb8e2990b,RK Slaghekstraat - Beijerlandselaan,51.897574833,4.511261604,10,2,9999
2026-04-20T16:49:36.585478,b8c81048-2037-11f0-ab1d-9ae3af3bf913,BH Van Maanenstraat,51.932279316,4.464280453,6,7,9999
2026-04-20T16:49:36.585478,1f4ff66c-bdb8-11ed-b1e6-fa4fb8e2990b,RK Van der Takstraat ,51.914243737,4.496045621,10,6,9999
2026-04-20T16:49:36.585478,3b523cee-5c94-11f0-ab1d-9ae3af3bf913,BH - Wilhelminapier,51.90698281,4.489727426,14,12,9999
2026-04-20T16:49:36.585478,e8d292d2-039a-11ef-b58d-569a23b994be,BH Mia van Yperenplein ,51.928414546,4.545678043,10,1,9999
2026-04-20T16:49:36.585478,12daf18a-8068-11ed-b1e6-fa4fb8e2990b,BH Treinst. Lombardijen (Aesopusplaats),51.880478018,4.530040287,10,3,9999
2026-04-20T16:49:36.585478,558e4a5a-eaba-11ee-a9f0-82366b51b915,BH Blijdorplaan ,51.927389289,4.440437692,22,0,9999
2026-04-20T16:49:36.585478,5a8de282-36ee-11f0-ab1d-9ae3af3bf913,BH van Blommesteynweg,51.888148155,4.460842726,10,0,9999
2026-04-20T16:49:36.585478,078569ee-a5b5-11f0-ab44-baed9603afbb,Nieuwe Waterwegstraat (digitale testhub),51.900682979,4.390873601,12,0,9999
2026-04-20T16:49:36.585478,8e5dd27e-06fd-11ef-b58d-569a23b994be,BH Prins Alexanderplein,51.951040272,4.553684972,14,0,9999
2026-04-20T16:49:36.585478,a6843864-fbc4-11ee-b58d-569a23b994be,Trompenburg 1,51.917696349,4.517981647,10,2,6
2026-04-20T16:49:36.585478,5b583480-a8da-11ef-8778-d2279db84567,BH Duyststraat,51.910073429,4.452225738,8,4,9999
2026-04-20T16:49:36.585478,2510e9ba-a5b6-11f0-847a-baed9603afbb,Hub Kloosterplaats,51.91675013,4.402112308,6,0,9999
2026-04-20T16:49:36.585478,880e3e72-a8dd-11ef-8778-d2279db84567,BH Spaansebocht,51.917413667,4.430014126,9,1,9999
2026-04-20T16:49:36.585478,b5b3324a-edb9-11ee-a9f0-82366b51b915,BH Siondwarsstraat,51.925261494,4.51053174,10,0,9999
2026-04-20T16:49:36.585478,94b01d94-edc6-11ee-a9f0-82366b51b915,BH Schuttersveld,51.933248028,4.490978921,10,2,9999
2026-04-20T16:49:36.585478,69b33170-edbd-11ee-a9f0-82366b51b915,BH Metro Oostplein 2,51.923145722,4.496820843,10,4,9999
2026-04-20T16:49:36.585478,67d6af9a-f068-11ef-ba40-0ea3ed1ae564,HUB Hof van Spaland - Schiedamseweg,51.934898803,4.378145906,12,5,9999
2026-04-20T16:49:36.585478,f4d561c2-1e0f-11f1-bada-da123385441b,BH PR Slinge 2,51.87374414,4.477026543,10,2,8
2026-04-20T16:49:36.585478,4933dd54-9e7c-11ee-a91e-ee69b7c7763e,BH Willem Ruyslaan (Luzac College),51.925421889,4.508669446,10,5,9999
2026-04-20T16:49:36.585478,9f935b6c-b095-11ef-b6d3-56d88772ab1a,BH Bergpolderplein,51.945227242,4.474988047,8,1,9999
2026-04-20T16:49:36.585478,8a2d056c-bb93-11ef-a02d-6ea8ed91bd56,BH NS Station Noord (Bergweg),51.941530048,4.481339526,10,1,9
2026-04-20T16:49:36.585478,4d95ab34-8122-11ed-b1e6-fa4fb8e2990b,RK Metrostation Maashaven ,51.896573582,4.494245173,30,1,9999
2026-04-20T16:49:36.585478,3d015ff0-8394-11ee-bb01-c602c1905375,BH Metrostation Oosterflank,51.945209326,4.555045447,10,0,9999
2026-04-20T16:49:36.585478,defeb050-a747-11ef-8778-d2279db84567,BH Karel Doormanstraat,51.922789549,4.473609692,9,6,9999
2026-04-20T16:49:36.585478,b5dc5454-890f-11ee-bb01-c602c1905375,BH Schilderstraat,51.916377397,4.48142868,8,2,9999
2026-04-20T16:49:36.585478,2f12ae3e-806c-11ed-b1e6-fa4fb8e2990b,BH Winkelcentrum Keizerswaard-Herenw,51.886358391,4.549308056,15,9,9999
2026-04-20T16:49:36.585478,3b6d73a8-805d-11ed-b1e6-fa4fb8e2990b,BH Metrostation Melanchtonweg,51.94881199,4.465233746,10,5,9999
2026-04-20T16:49:36.585478,d5832958-891a-11ee-bb01-c602c1905375,BH Metro Zuidplein (nieuw),51.887180341,4.491554668,10,7,9999
2026-04-20T16:49:36.585478,a535094e-b162-11ef-bdcd-5adc5d29ed54,BH Eudokiaplein,51.932433484,4.47153255,9,4,9999
2026-04-20T16:49:36.585478,437f8dc8-bd9e-11ed-b1e6-fa4fb8e2990b,RK Hillevliet,51.89558515,4.506432514,10,1,9999
2026-04-20T16:49:36.585478,f10d8ab4-9997-11ee-a91e-ee69b7c7763e,BH Shell Hofplein,51.925705456,4.477781355,28,8,9999
2026-04-20T16:49:36.585478,94467720-8127-11ed-b1e6-fa4fb8e2990b,RK Persoonsdam,51.909309099,4.508017165,10,6,9999
2026-04-20T16:49:36.585478,9245444a-2023-11f0-ab1d-9ae3af3bf913,BH Witte de Withstraat,51.915906523,4.478080905,10,5,9999
2026-04-20T16:49:36.585478,49d59348-ff64-11ef-b515-a65a77daff90,BH Bergweg (Dirk van den Broek),51.93856254,4.479465675,6,2,9999
2026-04-20T16:49:36.585478,30fb96bc-8124-11ed-b1e6-fa4fb8e2990b,RK Beverwaardseweg/ Borgharensingel,51.898798338,4.564663375,10,0,9999
2026-04-20T16:49:36.585478,9a1fb404-8ab3-11ee-bb01-c602c1905375,BH Langenhorst ,51.874120882,4.494254863,10,5,9999
2026-04-20T16:49:36.585478,abe67bfa-b096-11ef-b6d3-56d88772ab1a,BH Wilgenplaslaan/ Donkersingel,51.951337599,4.47048253,10,4,9999
2026-04-20T16:49:36.585478,068b0f9c-a8dd-11ef-8778-d2279db84567,BH Vierhavenstraat (Sahan),51.908502395,4.437727106,4,1,9999
2026-04-20T16:49:36.585478,bc0e7e9c-a8da-11ef-8778-d2279db84567,BH Jan van Vuchtstraat,51.917045317,4.460830874,6,5,9999
2026-04-20T16:49:36.585478,8b721818-a5b2-11f0-ab44-baed9603afbb,Lekstraat,51.90446958,4.406985264,6,0,9999
2026-04-20T16:49:36.585478,ad212572-06f7-11ef-b58d-569a23b994be,BH Molenlaan/Grindweg,51.963224537,4.49571068,10,0,9999
2026-04-20T16:49:36.585478,f8828c3e-806d-11ed-b1e6-fa4fb8e2990b,RK Station Rdam Zuid,51.905545015,4.509568537,15,8,9999
2026-04-20T16:49:36.585478,5f71799e-806b-11ed-b1e6-fa4fb8e2990b,BH Willemsplein,51.911118908,4.481894771,17,8,9999
2026-04-20T16:49:36.585478,42824336-bd97-11ed-b1e6-fa4fb8e2990b,RK Groene Hilledijk,51.882726433,4.504266667,10,1,9999
2026-04-20T16:49:36.585478,db6932f4-182b-11ef-a8d1-42f0fecaeb6a,BH Metrostation Nesselande,51.978969273,4.586177782,10,0,9999
2026-04-20T16:49:36.585478,2c4ff78a-2783-11f1-a5ae-0225521a85c1,BH PR Slinge 2,51.87374414,4.477026543,10,2,8
2026-04-20T16:49:36.585478,e26322b0-2025-11f0-ab1d-9ae3af3bf913,BH Brielselaan,51.896298935,4.489248091,4,2,9999
2026-04-20T16:49:36.585478,c862b7f2-06fb-11ef-b58d-569a23b994be,BH Prins Alexanderlaan (metrobaan zijde),51.952192324,4.551435621,10,2,9999
2026-04-20T16:49:36.585478,c53689c2-8124-11ed-b1e6-fa4fb8e2990b,RK Peellandstraat / Beesdestraat ,51.888535309,4.567291893,10,3,9999
2026-04-20T16:49:36.585478,8f5d35a0-1834-11ef-8071-42f0fecaeb6a,BH Jan Bijloostraat (Winkelcentrum Lage Land),51.941821995,4.546449269,9,4,9999
2026-04-20T16:49:36.585478,f8fcd3a4-983a-11ef-a85a-be896af2d3a5,BH Rhijnauwensingel,51.892161199,4.569620613,12,2,9999
2026-04-20T16:49:36.585478,118239d4-a5b2-11f0-ab44-baed9603afbb,Lorentzlaan (bushalte),51.917994492,4.415061192,4,0,9999
2026-04-20T16:49:36.585478,0c107276-bdb7-11ed-b1e6-fa4fb8e2990b,RK Sandelingenplein,51.889562128,4.506962326,10,1,9999
2026-04-20T16:49:36.585478,75b8bea6-81d8-11ed-b1e6-fa4fb8e2990b,RK Metrostation Maashaven (Putselaan),51.897794241,4.495760713,10,1,9999
2026-04-20T16:49:36.585478,a20bbbae-bdae-11ed-b1e6-fa4fb8e2990b,RK Frankendaal,51.886951976,4.521294152,10,0,9999
2026-04-20T16:49:36.585478,bc839806-a5b1-11f0-ab44-baed9603afbb,Van het Hoffplein (Boerhavelaan),51.916219132,4.412005574,8,1,9999
2026-04-20T16:49:36.585478,2c632780-a8de-11ef-8778-d2279db84567,BH Schuttevaerweg,51.922420472,4.434869706,10,2,9999
2026-04-20T16:49:36.585478,f1df385c-f5b2-11ef-81b3-76e5c571f05f,HUB Admiraal de Ruyterstraat,51.906742474,4.38554997,8,3,9999
2026-04-20T16:49:36.585478,4247dd56-1c9f-11ee-8219-8ed3b2364c4f,BH Metro Coolhaven,51.909218289,4.458167882,10,4,9999
2026-04-20T16:49:36.585478,65af1c24-06f4-11ef-b58d-569a23b994be,BH Meerum Terwogtlaan,51.951763386,4.524587387,10,2,9999
2026-04-20T17:47:53.654948,a3c07f10-a5b5-11f0-b05b-baed9603afbb,HUB Hoofdbrug,51.908705902,4.406131267,8,1,9999
2026-04-20T17:47:53.654948,b9bfe680-fbc4-11ee-b58d-569a23b994be,Trompenburg 2,51.917638379,4.518889893,10,0,10
2026-04-20T17:47:53.654948,3c659862-a8dd-11ef-8778-d2279db84567,BH Mayflowerstraat,51.905015647,4.440161906,10,0,9999
2026-04-20T17:47:53.654948,e0a4baca-a748-11ef-8778-d2279db84567,BH Mariniersweg,51.920853425,4.490979502,10,10,9999
2026-04-20T17:47:53.654948,c35c448e-06fc-11ef-b58d-569a23b994be,BH Jacob van Campenweg ,51.942434165,4.537976212,7,4,9999
2026-04-20T17:47:53.654948,438486f4-a5b6-11f0-a150-baed9603afbb,HUB Koemarkt ingang garage,51.914517902,4.401917461,6,6,9999
2026-04-20T17:47:53.654948,365f4a3e-a5b3-11f0-ab44-baed9603afbb,Rubensplein,51.911712719,4.383665134,6,0,9999
2026-04-20T17:47:53.654948,a85b996e-fe23-11ee-b58d-569a23b994be,BH Dirk van der Kooijweg (Waterleliesingel),51.953796964,4.52009166,10,0,9999
2026-04-20T17:47:53.654948,19e2de56-b5d8-11ee-9ae6-5263e3f30f1e,BH STC Waalhaven,51.878297275,4.448759787,10,0,9999
2026-04-20T17:47:53.654948,c6c213ee-ed18-11ef-9957-f683e5eb607c,BH Langenhorst (Binkhorst),51.877310029,4.494737503,10,6,9999
2026-04-20T17:47:53.654948,3366f8b0-a8dc-11ef-8778-d2279db84567,BH Vierhavenstraat (WoonEnzo),51.907777562,4.438830385,4,1,9999
2026-04-20T17:47:53.654948,04a89aea-a5b3-11f0-ab44-baed9603afbb,Groenelaan Hagastraat (Winkelcentrum),51.907303396,4.402285408,4,0,9999
2026-04-20T17:47:53.654948,32638aa6-a5b5-11f0-9f09-baed9603afbb,HUB Laan van Bol'es,51.928443203,4.370771711,10,0,9999
2026-04-20T17:47:53.654948,291c2f72-a749-11ef-8778-d2279db84567,BH Westzeedijk,51.909321622,4.471436479,10,6,9999
2026-04-20T17:47:53.654948,abd627be-67bb-11f0-91de-5eaa9feacc9b,BH Schiekade (Heer Bokelweg),51.927133058,4.476309832,10,4,9999
2026-04-20T17:47:53.654948,8948d5a4-b094-11ef-b6d3-56d88772ab1a,BH Duivenpad,51.964922912,4.498254116,8,2,9999
2026-04-20T17:47:53.654948,227e8c1e-be97-11ee-9ae6-5263e3f30f1e,HUB Metrostation Troelstralaan,51.915742295,4.384972326,10,1,9999
2026-04-20T17:47:53.654948,0af509a8-06f7-11ef-b58d-569a23b994be,BH Beethovensingel,51.96114919,4.505141448,10,2,9999
2026-04-20T17:47:53.654948,dc06f296-1768-11ef-8071-42f0fecaeb6a,BH Prins Alexanderlaan (Oosterflank),51.946646256,4.553811478,12,0,9999
2026-04-20T17:47:53.654948,221af3ce-7fe1-11ee-bb01-c602c1905375,BH Metro Prinsenlaan,51.940647564,4.556931306,10,1,9999
2026-04-20T17:47:53.654948,a793d6ba-edc8-11ee-a9f0-82366b51b915,BH Infirmeriestraat,51.922255603,4.502265891,10,2,9999
2026-04-20T17:47:53.654948,0359e1a2-bdb3-11ed-b1e6-fa4fb8e2990b,RK Rosestraat 11C,51.902954022,4.511377745,10,4,9999
2026-04-20T17:47:53.654948,87f07e20-9e78-11ee-a91e-ee69b7c7763e,BH Marconistraat (Lee Towers),51.912441021,4.430411189,14,3,9999
2026-04-20T17:47:53.654948,f539bd6e-06f8-11ef-b58d-569a23b994be,BH Meijersplein,51.955657978,4.463033845,8,1,9999
2026-04-20T17:47:53.654948,70f0801a-8071-11ed-b1e6-fa4fb8e2990b,RK treinstation Lombardijen,51.88057913,4.531905572,30,5,9999
2026-04-20T17:47:53.654948,43752ffc-a8db-11ef-8778-d2279db84567,BH Pieter de Hoochweg,51.906316301,4.459985731,6,4,9999
2026-04-20T17:47:53.654948,b35ddad8-ab08-11ef-8778-d2279db84567,HUB Rotterdamsedijk 272,51.914957692,4.40343084,8,0,9999
2026-04-20T17:47:53.654948,9b1fa0f6-ae3c-11ee-a91e-ee69b7c7763e,BH Winkelhart Plein 1953,51.874842065,4.467889739,10,6,9999
2026-04-20T17:47:53.654948,8bd90878-0884-11f0-9a47-66143dd92f22,RK Molenvliet,51.882626536,4.521159806,10,2,9999
2026-04-20T17:47:53.654948,45450b66-a5b2-11f0-ab44-baed9603afbb,Maasdijk (Gustoweg),51.906629018,4.412009895,6,0,9999
2026-04-20T17:47:53.654948,4de2effe-f068-11ef-ba40-0ea3ed1ae564,HUB Hof van Spaland - Vlaardingseweg,51.935841728,4.376077923,4,2,9999
2026-04-20T17:47:53.654948,d38c6468-06fe-11ef-b58d-569a23b994be,BH Kleine Beer,51.950902127,4.555051083,6,1,9999
2026-04-20T17:47:53.654948,e552904e-182b-11ef-a8d1-42f0fecaeb6a,BH Metrostation Hesseplaats,51.963345229,4.554510684,10,3,9999
2026-04-20T17:47:53.654948,1826196c-b162-11ef-bdcd-5adc5d29ed54,BH Bentincklaan (Diergaarde Blijdorp),51.92572504,4.454794024,10,1,9999
2026-04-20T17:47:53.654948,8a1e5ed0-1c9e-11ee-8219-8ed3b2364c4f,BH Sparta stadion,51.920151368,4.434428835,20,9,9999
2026-04-20T17:47:53.654948,d3c9003c-b486-11ee-9ae6-5263e3f30f1e,BH Oostzeedijk Beneden,51.922514244,4.503092963,10,4,9999
2026-04-20T17:47:53.654948,552a82b8-b094-11ef-b6d3-56d88772ab1a,BH Hockeyclub Rotterdam,51.96869974,4.484731647,25,1,9999
2026-04-20T17:47:53.654948,cb3f6d1c-a746-11ef-8778-d2279db84567,BH Vasteland (AH),51.911537089,4.478368712,10,3,9999
2026-04-20T17:47:53.654948,d4a8557a-eabd-11ef-ac99-aa7241d1fb4f,HUB Admiraal Trompstraat (Huisman),51.908834504,4.381923039,8,0,9999
2026-04-20T17:47:53.654948,00e8b3de-9e82-11ee-a91e-ee69b7c7763e,BH Jacques Dutilhweg,51.927993284,4.5475155,10,0,9999
2026-04-20T17:47:53.654948,d868fe52-36e5-11f0-ab1d-9ae3af3bf913,BH Sluisjesdijk,51.894714517,4.461900478,10,4,5
2026-04-20T17:47:53.654948,4338fed2-edbb-11ee-a9f0-82366b51b915,BH Oostzeedijk Beneden 2,51.921653595,4.507031037,10,10,9999
2026-04-20T17:47:53.654948,2c82bb9a-217b-11ee-8219-8ed3b2364c4f,Hub Weena,51.922738296,4.469181329,142,27,9999
2026-04-20T17:47:53.654948,96f5cbdc-06f6-11ef-b58d-569a23b994be,BH Argonautenweg,51.959086712,4.49354982,10,2,9999
2026-04-20T17:47:53.654948,2f51713e-32b7-11ee-8219-8ed3b2364c4f,Hub P+R Capelsebrug,51.920991793,4.559215491,18,11,9999
2026-04-20T17:47:53.654948,62b0255a-9e7a-11ee-a91e-ee69b7c7763e,BH Vierhavenstraat,51.910327597,4.434992993,16,3,9999
2026-04-20T17:47:53.654948,2b10524e-06f5-11ef-b58d-569a23b994be,BH Piet van der Polsingel,51.950618784,4.518612648,8,3,9999
2026-04-20T17:47:53.654948,47070056-06fa-11ef-b58d-569a23b994be,BH Metrostation Schenkel,51.931770435,4.56406792,12,1,9999
2026-04-20T17:47:53.654948,0e59456c-f06d-11f0-b173-2e3b4d4b7f35,BH P+R Kralingse Zoom,51.921440854,4.531732208,10,6,1
2026-04-20T17:47:53.654948,7a8c12ba-91ab-11ed-b1e6-fa4fb8e2990b,BH Metrostation Slinge,51.874526023,4.477872534,15,0,9999
2026-04-20T17:47:53.654948,026045c6-8530-11ee-bb01-c602c1905375,BH Winkelhart Katendrechtse Lagedijk,51.891184937,4.479440034,10,4,9999
2026-04-20T17:47:53.654948,9d9bb8ec-4bd1-11ee-bb01-c602c1905375,BH Marconiplein,51.913319277,4.432514448,10,4,9999
2026-04-20T17:47:53.654948,8330f3ca-a5b4-11f0-ab44-baed9603afbb,Fokkerstraat Plesmanstraat,51.929694009,4.399576614,4,0,9999
2026-04-20T17:47:53.654948,5b842034-5331-11f0-ab1d-9ae3af3bf913,BH Walenburgerweg,51.926698659,4.462629155,10,10,9999
2026-04-20T17:47:53.654948,a08059b6-b484-11ee-9ae6-5263e3f30f1e,BH Metrostation Gerdesiaweg,51.925444134,4.506155972,10,6,9999
2026-04-20T17:47:53.654948,2f718c84-8911-11ee-bb01-c602c1905375,BH Metro Dijkzigt - EMC,51.911789199,4.466334846,20,2,9999
2026-04-20T17:47:53.654948,f58e41fc-1c9f-11ee-8219-8ed3b2364c4f,BH Heemraadsplein,51.912322959,4.455058085,10,6,9999
2026-04-20T17:47:53.654948,79fdd038-34b8-11f0-ab1d-9ae3af3bf913,BH RTHA Airport,51.94924845,4.432611987,10,0,8
2026-04-20T17:47:53.654948,1c41897e-596e-11ef-bed6-aa139991deb4,HUB Metrostation Nieuwland / Bijdorpplein,51.922583819,4.38260008,10,0,9999
2026-04-20T17:47:53.654948,a57d027c-8912-11ee-bb01-c602c1905375,BH Delftse Poort,51.924408145,4.472816464,10,7,9999
2026-04-20T17:47:53.654948,6383849a-2038-11f0-ab1d-9ae3af3bf913,BH - Kralingsebos (Langepad),51.936318565,4.506197017,10,7,9999
2026-04-20T17:47:53.654948,e90e9332-06f5-11ef-b58d-569a23b994be,BH Burgemeester Le Fèvre de Montignylaan,51.957620055,4.501711782,10,0,9999
2026-04-20T17:47:53.654948,5cb3ffde-bdaf-11ed-b1e6-fa4fb8e2990b,RK Stadionlaan,51.892328813,4.530682857,10,2,9999
2026-04-20T17:47:53.654948,02bed1f8-8392-11ee-bb01-c602c1905375,BH Station Alexander,51.951735827,4.551049232,10,2,9999
2026-04-20T17:47:53.654948,08d5cf66-8ab2-11ee-bb01-c602c1905375,BH Winkelhart Asterlo,51.873536387,4.483591736,10,5,9999
2026-04-20T17:47:53.654948,0e51e024-c757-11ee-9ae6-5263e3f30f1e,BH Metrostation Binnenhof,51.960437867,4.535372966,10,6,9999
2026-04-20T17:47:53.654948,409f87f6-890f-11ee-bb01-c602c1905375,BH Metro Beurs,51.917806013,4.480107053,8,0,9999
2026-04-20T17:47:53.654948,d6a7cd26-4d08-11f0-ab1d-9ae3af3bf913,BH - Oudehoofdplein-Haringvliet,51.918979475,4.49384405,10,6,9999
2026-04-20T17:47:53.654948,f0ad9b92-1767-11ef-8071-42f0fecaeb6a,BH Prinsenlaan,51.937206457,4.536127586,10,7,9999
2026-04-20T17:47:53.654948,f06fd44c-2035-11f0-ab1d-9ae3af3bf913,BH Boezemlaan,51.938982631,4.495864471,10,8,9999
2026-04-20T17:47:53.654948,8d91a90c-9e83-11ee-a91e-ee69b7c7763e,BH Kraaierstraat,51.91909698,4.418192898,8,0,9999
2026-04-20T17:47:53.654948,a2671a36-bdad-11ed-b1e6-fa4fb8e2990b,RK Dwarsdijk,51.893055987,4.539201504,10,2,9999
2026-04-20T17:47:53.654948,376a5cda-06f8-11ef-b58d-569a23b994be,BH Ganzerikplein,51.958953276,4.471584016,10,0,9999
2026-04-20T17:47:53.654948,5cdd9872-b096-11ef-b6d3-56d88772ab1a,BH Wilgenplaslaan/ Meidoornsingel,51.953868042,4.468211582,7,0,9999
2026-04-20T17:47:53.654948,952a3e78-a8db-11ef-8778-d2279db84567,BH Lloydstraat,51.902214281,4.461287644,10,8,9999
2026-04-20T17:47:53.654948,a6fa0910-8067-11ed-b1e6-fa4fb8e2990b,BH Stadion Fey (Bert Heesakkerstr.),51.896805818,4.521735582,50,2,9999
2026-04-20T17:47:53.654948,a1337d02-e018-11ed-a249-96cdaf8f7240,BH Sint Franciscus,51.942171146,4.460534407,25,1,9999
2026-04-20T17:47:53.654948,d3cea108-8285-11f0-ab44-baed9603afbb,BH - Ratelaarweg,51.967431611,4.463349689,10,0,9999
2026-04-20T17:47:53.654948,3bef7002-bdb5-11ed-b1e6-fa4fb8e2990b,RK Breeweg,51.890630632,4.514261169,10,5,9999
2026-04-20T17:47:53.654948,8c90734c-45bb-11ee-8219-8ed3b2364c4f,BH Coen Moulijnweg,51.893813253,4.526876329,42,1,9999
2026-04-20T17:47:53.654948,1b098490-2037-11f0-ab1d-9ae3af3bf913,BH Karmelweg,51.933461291,4.5029394,8,3,9999
2026-04-20T17:47:53.654948,23348a06-bdb1-11ed-b1e6-fa4fb8e2990b,RK Guido Gezelleweg,51.87434607,4.523238145,10,6,9999
2026-04-20T17:47:53.654948,66824038-37b2-11ef-a21a-8e54a72a50da,HUB Metrostation Parkweg / Zuidzijde,51.921443238,4.39475836,10,2,8
2026-04-20T17:47:53.654948,2c127298-ff25-11ef-a79f-a65a77daff90,BH Aert van Nesstraat,51.921141166,4.478916173,8,1,9999
2026-04-20T17:47:53.654948,cde445c6-a744-11ef-8778-d2279db84567,BH Groenendaal,51.921685178,4.492944049,6,4,9999
2026-04-20T17:47:53.654948,97c6a1c2-a8da-11ef-8778-d2279db84567,BH Henegouwerplein,51.921807589,4.460561523,10,5,9999
2026-04-20T17:47:53.654948,e68d5642-a5b5-11f0-b6c1-baed9603afbb,HUB NS Station Schiedam Centrum/ Professor Kamerlingh Onneslaan,51.92071744,4.408262487,12,2,9999
2026-04-20T17:47:53.654948,82623a40-bda3-11ed-b1e6-fa4fb8e2990b,RK Rosestraat,51.91100607,4.501308573,10,5,9999
2026-04-20T17:47:53.654948,b7353df6-b485-11ee-9ae6-5263e3f30f1e,BH Metrostation Kralingsezoom (Gravenweg),51.921751706,4.533850265,10,0,9999
2026-04-20T17:47:53.654948,6c34980a-bb92-11ef-a02d-6ea8ed91bd56,BH Gordelweg (Lidl),51.940472428,4.479798999,4,2,9999
2026-04-20T17:47:53.654948,5904bd1a-a5b5-11f0-b05b-baed9603afbb,HUB Hof van Spaland - Bachplein,51.934889388,4.374726808,8,4,9999
2026-04-20T17:47:53.654948,32ca5fd0-8126-11ed-b1e6-fa4fb8e2990b,RK Vuurplaat,51.906526668,4.505838102,10,0,9999
2026-04-20T17:47:53.654948,f94a1ff6-b095-11ef-b6d3-56d88772ab1a,BH Bm Le Fèvre de Montignylaan/ Jeroen Boschlaan,51.955641943,4.505982462,6,0,9999
2026-04-20T17:47:53.654948,4228b402-8537-11ee-bb01-c602c1905375,BH Tongelaarweg,51.895280064,4.563514996,10,1,9999
2026-04-20T17:47:53.654948,6f66a60c-36e5-11f0-ab1d-9ae3af3bf913,BH Lloydpier,51.904487669,4.460458303,8,4,2
2026-04-20T17:47:53.654948,7d81b63e-a5b5-11f0-b05b-baed9603afbb,HUB 's Gravelandseweg,51.932091958,4.401924037,6,3,9999
2026-04-20T17:47:53.654948,a3dbb322-8121-11ed-b1e6-fa4fb8e2990b,RK Metrostation Rijnhaven ,51.902216981,4.49610172,15,4,9999
2026-04-20T17:47:53.654948,cf23b50e-9ad0-11f0-ab44-baed9603afbb,BH Natuurhistorisch museum,51.911022288,4.472728259,12,2,9999
2026-04-20T17:47:53.654948,d55243f6-182b-11ef-a8d1-42f0fecaeb6a,BH Siciliëboulevard ,51.97996654,4.580859756,10,0,9999
2026-04-20T17:47:53.654948,e0f7ef36-a5b4-11f0-ab44-baed9603afbb,Havenstraat einde (digitale testhub),51.900396883,4.398614319,12,0,9999
2026-04-20T17:47:53.654948,05d1d708-eabd-11ef-88c2-aa7241d1fb4f,HUB De Thermen ,51.927426752,4.380236246,8,5,9999
2026-04-20T17:47:53.654948,b3381a7a-2036-11f0-ab1d-9ae3af3bf913,BH Oudedijk / de Nieuwe Plantage,51.929149075,4.505248613,8,5,9999
2026-04-20T17:47:53.654948,8b480576-eabc-11ee-a9f0-82366b51b915,BH Schiedamseweg Beneden,51.914135146,4.422297364,5,0,9999
2026-04-20T17:47:53.654948,89a2f1d2-a5b3-11f0-ab44-baed9603afbb,Metrostation Vijfsluizen,51.908108215,4.37254105,8,2,9999
2026-04-20T17:47:53.654948,e50f3d1e-f069-11ef-9ed7-0ea3ed1ae564,HUB Oranjestraat - Lange Nieuwstraat,51.913368472,4.40030457,5,0,9999
2026-04-20T17:47:53.654948,4c1b19a4-d0a1-11ee-8b0e-065810cc8d78,BH Elandstraat,51.910800072,4.553878993,10,2,9999
2026-04-20T17:47:53.654948,bbbba24e-806e-11ed-b1e6-fa4fb8e2990b,RK P+R Noorderhelling,51.894761016,4.532122707,15,0,9999
2026-04-20T17:47:53.654948,3ac0b682-8129-11ed-b1e6-fa4fb8e2990b,RK Cor Kieboomplein,51.896922039,4.523502821,15,2,9999
2026-04-20T17:47:53.654948,5a3ffbf4-37b1-11ef-a21a-8e54a72a50da,HUB Metrostation Nieuwland / Van Limburg Stirumstraat,51.922446663,4.38308784,6,0,6
2026-04-20T17:47:53.654948,5d8d12a2-a5b4-11f0-ab44-baed9603afbb,Van Heekstraat,51.931167557,4.406024405,4,0,9999
2026-04-20T17:47:53.654948,f251d6e8-0b82-11ef-b58d-569a23b994be,BH Metrostation Graskruid ,51.956473743,4.550010233,8,1,9999
2026-04-20T17:47:53.654948,a4d2ea7c-b2f0-11ef-aa57-62870c7808bb,BH 2e Hogenbanweg,51.936951327,4.427707182,8,1,9999
2026-04-20T17:47:53.654948,75ba0d1a-2037-11f0-ab1d-9ae3af3bf913,BH Stadhoudersweg,51.931417737,4.461484988,10,1,9999
2026-04-20T17:47:53.654948,bc6b0d7e-a745-11ef-8778-d2279db84567,BH Goudsewagenstraat,51.923224462,4.493552746,8,8,9999
2026-04-20T17:47:53.654948,0f37eafc-8912-11ee-bb01-c602c1905375,BH Metro Oostplein,51.922677789,4.497608825,10,5,9999
2026-04-20T17:47:53.654948,aed7c2fa-8123-11ed-b1e6-fa4fb8e2990b,RK Groene Hilledijk/Beijerlandselaan,51.893806789,4.509452258,10,7,9999
2026-04-20T17:47:53.654948,c76f0318-bb92-11ef-a02d-6ea8ed91bd56,BH NS Centraal Station (Stationssingel),51.925399994,4.466148375,10,6,9999
2026-04-20T17:47:53.654948,361a368c-a5b4-11f0-ab44-baed9603afbb,Sportpark Haga (Epke Zonderlandstraat),51.921919868,4.370918199,8,6,9999
2026-04-20T17:47:53.654948,f4c0fe5e-02d6-11ef-b58d-569a23b994be,BH Paulus Potterstraat,51.9228414,4.508497696,10,5,9999
2026-04-20T17:47:53.654948,48cbf66e-9f15-11ee-a91e-ee69b7c7763e,BH Franselaan,51.917379138,4.420463507,10,2,9999
2026-04-20T17:47:53.654948,e9735b4e-7da7-11f0-ab44-baed9603afbb,BH Veldkersweg,51.966835673,4.46657292,8,1,9999
2026-04-20T17:47:53.654948,4b1ac684-bb93-11ef-a02d-6ea8ed91bd56,BH Noorderkanaalweg,51.940525593,4.472984586,9,1,9999
2026-04-20T17:47:53.654948,033a9392-3700-11f0-ab1d-9ae3af3bf913,BH Herman Bavinckstraat,51.915067882,4.521446921,10,5,9999
2026-04-20T17:47:53.654948,ffe8c3e8-a8da-11ef-8778-d2279db84567,BH Mathenesserplein,51.917836602,4.44508891,8,6,9999
2026-04-20T17:47:53.654948,e377069a-ff63-11ef-a79f-a65a77daff90,BH Kralingsebos Bosdreef/Pr. Beatrixlaan,51.93789612,4.501689644,8,6,9999
2026-04-20T17:47:53.654948,7af95f9c-a747-11ef-8778-d2279db84567,BH Kruisplein,51.92228569,4.47138789,6,16,9999
2026-04-20T17:47:53.654948,4c50cb7a-bdb6-11ed-b1e6-fa4fb8e2990b,RK Olympiaweg,51.886462746,4.529133302,10,5,9999
2026-04-20T17:47:53.654948,a694ef4e-36e5-11f0-ab1d-9ae3af3bf913,BH Neushoornstraat,51.913041554,4.553743002,6,2,4
2026-04-20T17:47:53.654948,be56ca62-8120-11ed-b1e6-fa4fb8e2990b,RK P+R Beverwaard,51.885771514,4.568986239,10,0,9999
2026-04-20T17:47:53.654948,d5af3bc4-806a-11ed-b1e6-fa4fb8e2990b,BH Kievitslaan,51.907226862,4.473300159,17,2,9999
2026-04-20T17:47:53.654948,dd006abc-a5b3-11f0-ab44-baed9603afbb,Havenstraat,51.903204365,4.398004897,8,0,9999
2026-04-20T17:47:53.654948,6f09af84-eabe-11ee-a9f0-82366b51b915,BH Delftseplein ,51.925206514,4.474011701,14,20,9999
2026-04-20T17:47:53.654948,1cfb89ec-806b-11ed-b1e6-fa4fb8e2990b,BH Westplein,51.908912961,4.478583441,10,7,9999
2026-04-20T17:47:53.654948,12fc10a4-bb94-11ef-a02d-6ea8ed91bd56,BH Noordplein,51.930251975,4.483699175,10,1,9999
2026-04-20T17:47:53.654948,276e8d26-bda0-11ed-b1e6-fa4fb8e2990b,RK Strevelsweg,51.889634937,4.495943368,15,4,9999
2026-04-20T17:47:53.654948,9e066470-2038-11f0-ab1d-9ae3af3bf913,BH Kralinger Esch,51.911179823,4.524762065,9,1,9999
2026-04-20T17:47:53.654948,9b1f0aaa-8125-11ed-b1e6-fa4fb8e2990b,RK Slaghekstraat - Beijerlandselaan,51.897574833,4.511261604,10,2,9999
2026-04-20T17:47:53.654948,b8c81048-2037-11f0-ab1d-9ae3af3bf913,BH Van Maanenstraat,51.932279316,4.464280453,6,7,9999
2026-04-20T17:47:53.654948,1f4ff66c-bdb8-11ed-b1e6-fa4fb8e2990b,RK Van der Takstraat ,51.914243737,4.496045621,10,7,9999
2026-04-20T17:47:53.654948,3b523cee-5c94-11f0-ab1d-9ae3af3bf913,BH - Wilhelminapier,51.90698281,4.489727426,14,13,9999
2026-04-20T17:47:53.654948,e8d292d2-039a-11ef-b58d-569a23b994be,BH Mia van Yperenplein ,51.928414546,4.545678043,10,1,9999
2026-04-20T17:47:53.654948,12daf18a-8068-11ed-b1e6-fa4fb8e2990b,BH Treinst. Lombardijen (Aesopusplaats),51.880478018,4.530040287,10,3,9999
2026-04-20T17:47:53.654948,558e4a5a-eaba-11ee-a9f0-82366b51b915,BH Blijdorplaan ,51.927389289,4.440437692,22,1,9999
2026-04-20T17:47:53.654948,5a8de282-36ee-11f0-ab1d-9ae3af3bf913,BH van Blommesteynweg,51.888148155,4.460842726,10,0,9999
2026-04-20T17:47:53.654948,078569ee-a5b5-11f0-ab44-baed9603afbb,Nieuwe Waterwegstraat (digitale testhub),51.900682979,4.390873601,12,0,9999
2026-04-20T17:47:53.654948,8e5dd27e-06fd-11ef-b58d-569a23b994be,BH Prins Alexanderplein,51.951040272,4.553684972,14,0,9999
2026-04-20T17:47:53.654948,a6843864-fbc4-11ee-b58d-569a23b994be,Trompenburg 1,51.917696349,4.517981647,10,2,6
2026-04-20T17:47:53.654948,5b583480-a8da-11ef-8778-d2279db84567,BH Duyststraat,51.910073429,4.452225738,8,4,9999
2026-04-20T17:47:53.654948,2510e9ba-a5b6-11f0-847a-baed9603afbb,Hub Kloosterplaats,51.91675013,4.402112308,6,2,9999
2026-04-20T17:47:53.654948,880e3e72-a8dd-11ef-8778-d2279db84567,BH Spaansebocht,51.917413667,4.430014126,9,2,9999
2026-04-20T17:47:53.654948,b5b3324a-edb9-11ee-a9f0-82366b51b915,BH Siondwarsstraat,51.925261494,4.51053174,10,0,9999
2026-04-20T17:47:53.654948,94b01d94-edc6-11ee-a9f0-82366b51b915,BH Schuttersveld,51.933248028,4.490978921,10,1,9999
2026-04-20T17:47:53.654948,69b33170-edbd-11ee-a9f0-82366b51b915,BH Metro Oostplein 2,51.923145722,4.496820843,10,2,9999
2026-04-20T17:47:53.654948,67d6af9a-f068-11ef-ba40-0ea3ed1ae564,HUB Hof van Spaland - Schiedamseweg,51.934898803,4.378145906,12,5,9999
2026-04-20T17:47:53.654948,f4d561c2-1e0f-11f1-bada-da123385441b,BH PR Slinge 2,51.87374414,4.477026543,10,1,9
2026-04-20T17:47:53.654948,4933dd54-9e7c-11ee-a91e-ee69b7c7763e,BH Willem Ruyslaan (Luzac College),51.925421889,4.508669446,10,4,9999
2026-04-20T17:47:53.654948,9f935b6c-b095-11ef-b6d3-56d88772ab1a,BH Bergpolderplein,51.945227242,4.474988047,8,2,9999
2026-04-20T17:47:53.654948,8a2d056c-bb93-11ef-a02d-6ea8ed91bd56,BH NS Station Noord (Bergweg),51.941530048,4.481339526,10,1,9
2026-04-20T17:47:53.654948,4d95ab34-8122-11ed-b1e6-fa4fb8e2990b,RK Metrostation Maashaven ,51.896573582,4.494245173,30,1,9999
2026-04-20T17:47:53.654948,3d015ff0-8394-11ee-bb01-c602c1905375,BH Metrostation Oosterflank,51.945209326,4.555045447,10,0,9999
2026-04-20T17:47:53.654948,defeb050-a747-11ef-8778-d2279db84567,BH Karel Doormanstraat,51.922789549,4.473609692,9,6,9999
2026-04-20T17:47:53.654948,b5dc5454-890f-11ee-bb01-c602c1905375,BH Schilderstraat,51.916377397,4.48142868,8,2,9999
2026-04-20T17:47:53.654948,2f12ae3e-806c-11ed-b1e6-fa4fb8e2990b,BH Winkelcentrum Keizerswaard-Herenw,51.886358391,4.549308056,15,9,9999
2026-04-20T17:47:53.654948,3b6d73a8-805d-11ed-b1e6-fa4fb8e2990b,BH Metrostation Melanchtonweg,51.94881199,4.465233746,10,3,9999
2026-04-20T17:47:53.654948,d5832958-891a-11ee-bb01-c602c1905375,BH Metro Zuidplein (nieuw),51.887180341,4.491554668,10,6,9999
2026-04-20T17:47:53.654948,a535094e-b162-11ef-bdcd-5adc5d29ed54,BH Eudokiaplein,51.932433484,4.47153255,9,5,9999
2026-04-20T17:47:53.654948,437f8dc8-bd9e-11ed-b1e6-fa4fb8e2990b,RK Hillevliet,51.89558515,4.506432514,10,1,9999
2026-04-20T17:47:53.654948,f10d8ab4-9997-11ee-a91e-ee69b7c7763e,BH Shell Hofplein,51.925705456,4.477781355,28,9,9999
2026-04-20T17:47:53.654948,94467720-8127-11ed-b1e6-fa4fb8e2990b,RK Persoonsdam,51.909309099,4.508017165,10,6,9999
2026-04-20T17:47:53.654948,9245444a-2023-11f0-ab1d-9ae3af3bf913,BH Witte de Withstraat,51.915906523,4.478080905,10,10,9999
2026-04-20T17:47:53.654948,49d59348-ff64-11ef-b515-a65a77daff90,BH Bergweg (Dirk van den Broek),51.93856254,4.479465675,6,1,9999
2026-04-20T17:47:53.654948,30fb96bc-8124-11ed-b1e6-fa4fb8e2990b,RK Beverwaardseweg/ Borgharensingel,51.898798338,4.564663375,10,0,9999
2026-04-20T17:47:53.654948,9a1fb404-8ab3-11ee-bb01-c602c1905375,BH Langenhorst ,51.874120882,4.494254863,10,5,9999
2026-04-20T17:47:53.654948,abe67bfa-b096-11ef-b6d3-56d88772ab1a,BH Wilgenplaslaan/ Donkersingel,51.951337599,4.47048253,10,4,9999
2026-04-20T17:47:53.654948,068b0f9c-a8dd-11ef-8778-d2279db84567,BH Vierhavenstraat (Sahan),51.908502395,4.437727106,4,1,9999
2026-04-20T17:47:53.654948,bc0e7e9c-a8da-11ef-8778-d2279db84567,BH Jan van Vuchtstraat,51.917045317,4.460830874,6,5,9999
2026-04-20T17:47:53.654948,8b721818-a5b2-11f0-ab44-baed9603afbb,Lekstraat,51.90446958,4.406985264,6,0,9999
2026-04-20T17:47:53.654948,ad212572-06f7-11ef-b58d-569a23b994be,BH Molenlaan/Grindweg,51.963224537,4.49571068,10,1,9999
2026-04-20T17:47:53.654948,f8828c3e-806d-11ed-b1e6-fa4fb8e2990b,RK Station Rdam Zuid,51.905545015,4.509568537,15,7,9999
2026-04-20T17:47:53.654948,5f71799e-806b-11ed-b1e6-fa4fb8e2990b,BH Willemsplein,51.911118908,4.481894771,17,5,9999
2026-04-20T17:47:53.654948,42824336-bd97-11ed-b1e6-fa4fb8e2990b,RK Groene Hilledijk,51.882726433,4.504266667,10,1,9999
2026-04-20T17:47:53.654948,db6932f4-182b-11ef-a8d1-42f0fecaeb6a,BH Metrostation Nesselande,51.978969273,4.586177782,10,0,9999
2026-04-20T17:47:53.654948,2c4ff78a-2783-11f1-a5ae-0225521a85c1,BH PR Slinge 2,51.87374414,4.477026543,10,1,9
2026-04-20T17:47:53.654948,e26322b0-2025-11f0-ab1d-9ae3af3bf913,BH Brielselaan,51.896298935,4.489248091,4,1,9999
2026-04-20T17:47:53.654948,c862b7f2-06fb-11ef-b58d-569a23b994be,BH Prins Alexanderlaan (metrobaan zijde),51.952192324,4.551435621,10,1,9999
2026-04-20T17:47:53.654948,c53689c2-8124-11ed-b1e6-fa4fb8e2990b,RK Peellandstraat / Beesdestraat ,51.888535309,4.567291893,10,3,9999
2026-04-20T17:47:53.654948,8f5d35a0-1834-11ef-8071-42f0fecaeb6a,BH Jan Bijloostraat (Winkelcentrum Lage Land),51.941821995,4.546449269,9,4,9999
2026-04-20T17:47:53.654948,f8fcd3a4-983a-11ef-a85a-be896af2d3a5,BH Rhijnauwensingel,51.892161199,4.569620613,12,2,9999
2026-04-20T17:47:53.654948,118239d4-a5b2-11f0-ab44-baed9603afbb,Lorentzlaan (bushalte),51.917994492,4.415061192,4,0,9999
2026-04-20T17:47:53.654948,0c107276-bdb7-11ed-b1e6-fa4fb8e2990b,RK Sandelingenplein,51.889562128,4.506962326,10,2,9999
2026-04-20T17:47:53.654948,75b8bea6-81d8-11ed-b1e6-fa4fb8e2990b,RK Metrostation Maashaven (Putselaan),51.897794241,4.495760713,10,2,9999
2026-04-20T17:47:53.654948,a20bbbae-bdae-11ed-b1e6-fa4fb8e2990b,RK Frankendaal,51.886951976,4.521294152,10,0,9999
2026-04-20T17:47:53.654948,bc839806-a5b1-11f0-ab44-baed9603afbb,Van het Hoffplein (Boerhavelaan),51.916219132,4.412005574,8,1,9999
2026-04-20T17:47:53.654948,2c632780-a8de-11ef-8778-d2279db84567,BH Schuttevaerweg,51.922420472,4.434869706,10,2,9999
2026-04-20T17:47:53.654948,f1df385c-f5b2-11ef-81b3-76e5c571f05f,HUB Admiraal de Ruyterstraat,51.906742474,4.38554997,8,2,9999
2026-04-20T17:47:53.654948,4247dd56-1c9f-11ee-8219-8ed3b2364c4f,BH Metro Coolhaven,51.909218289,4.458167882,10,4,9999
2026-04-20T17:47:53.654948,65af1c24-06f4-11ef-b58d-569a23b994be,BH Meerum Terwogtlaan,51.951763386,4.524587387,10,2,9999
2026-04-20T18:45:39.522120,f1df385c-f5b2-11ef-81b3-76e5c571f05f,HUB Admiraal de Ruyterstraat,51.906742474,4.38554997,8,3,9999
2026-04-20T18:45:39.522120,118239d4-a5b2-11f0-ab44-baed9603afbb,Lorentzlaan (bushalte),51.917994492,4.415061192,4,0,9999
2026-04-20T18:45:39.522120,4247dd56-1c9f-11ee-8219-8ed3b2364c4f,BH Metro Coolhaven,51.909218289,4.458167882,10,3,9999
2026-04-20T18:45:39.522120,0c107276-bdb7-11ed-b1e6-fa4fb8e2990b,RK Sandelingenplein,51.889562128,4.506962326,10,3,9999
2026-04-20T18:45:39.522120,75b8bea6-81d8-11ed-b1e6-fa4fb8e2990b,RK Metrostation Maashaven (Putselaan),51.897794241,4.495760713,10,3,9999
2026-04-20T18:45:39.522120,a20bbbae-bdae-11ed-b1e6-fa4fb8e2990b,RK Frankendaal,51.886951976,4.521294152,10,0,9999
2026-04-20T18:45:39.522120,65af1c24-06f4-11ef-b58d-569a23b994be,BH Meerum Terwogtlaan,51.951763386,4.524587387,10,2,9999
2026-04-20T18:45:39.522120,bc839806-a5b1-11f0-ab44-baed9603afbb,Van het Hoffplein (Boerhavelaan),51.916219132,4.412005574,8,1,9999
2026-04-20T18:45:39.522120,2c632780-a8de-11ef-8778-d2279db84567,BH Schuttevaerweg,51.922420472,4.434869706,10,2,9999
2026-04-20T18:45:39.522120,a3c07f10-a5b5-11f0-b05b-baed9603afbb,HUB Hoofdbrug,51.908705902,4.406131267,8,1,9999
2026-04-20T18:45:39.522120,b9bfe680-fbc4-11ee-b58d-569a23b994be,Trompenburg 2,51.917638379,4.518889893,10,0,10
2026-04-20T18:45:39.522120,3c659862-a8dd-11ef-8778-d2279db84567,BH Mayflowerstraat,51.905015647,4.440161906,10,0,9999
2026-04-20T18:45:39.522120,e0a4baca-a748-11ef-8778-d2279db84567,BH Mariniersweg,51.920853425,4.490979502,10,7,9999
2026-04-20T18:45:39.522120,c35c448e-06fc-11ef-b58d-569a23b994be,BH Jacob van Campenweg ,51.942434165,4.537976212,7,4,9999
2026-04-20T18:45:39.522120,365f4a3e-a5b3-11f0-ab44-baed9603afbb,Rubensplein,51.911712719,4.383665134,6,0,9999
2026-04-20T18:45:39.522120,438486f4-a5b6-11f0-a150-baed9603afbb,HUB Koemarkt ingang garage,51.914517902,4.401917461,6,6,9999
2026-04-20T18:45:39.522120,a85b996e-fe23-11ee-b58d-569a23b994be,BH Dirk van der Kooijweg (Waterleliesingel),51.953796964,4.52009166,10,0,9999
2026-04-20T18:45:39.522120,19e2de56-b5d8-11ee-9ae6-5263e3f30f1e,BH STC Waalhaven,51.878297275,4.448759787,10,0,9999
2026-04-20T18:45:39.522120,c6c213ee-ed18-11ef-9957-f683e5eb607c,BH Langenhorst (Binkhorst),51.877310029,4.494737503,10,6,9999
2026-04-20T18:45:39.522120,3366f8b0-a8dc-11ef-8778-d2279db84567,BH Vierhavenstraat (WoonEnzo),51.907777562,4.438830385,4,1,9999
2026-04-20T18:45:39.522120,04a89aea-a5b3-11f0-ab44-baed9603afbb,Groenelaan Hagastraat (Winkelcentrum),51.907303396,4.402285408,4,0,9999
2026-04-20T18:45:39.522120,32638aa6-a5b5-11f0-9f09-baed9603afbb,HUB Laan van Bol'es,51.928443203,4.370771711,10,0,9999
2026-04-20T18:45:39.522120,291c2f72-a749-11ef-8778-d2279db84567,BH Westzeedijk,51.909321622,4.471436479,10,4,9999
2026-04-20T18:45:39.522120,abd627be-67bb-11f0-91de-5eaa9feacc9b,BH Schiekade (Heer Bokelweg),51.927133058,4.476309832,10,4,9999
2026-04-20T18:45:39.522120,8948d5a4-b094-11ef-b6d3-56d88772ab1a,BH Duivenpad,51.964922912,4.498254116,8,2,9999
2026-04-20T18:45:39.522120,227e8c1e-be97-11ee-9ae6-5263e3f30f1e,HUB Metrostation Troelstralaan,51.915742295,4.384972326,10,1,9999
2026-04-20T18:45:39.522120,0af509a8-06f7-11ef-b58d-569a23b994be,BH Beethovensingel,51.96114919,4.505141448,10,0,9999
2026-04-20T18:45:39.522120,dc06f296-1768-11ef-8071-42f0fecaeb6a,BH Prins Alexanderlaan (Oosterflank),51.946646256,4.553811478,12,0,9999
2026-04-20T18:45:39.522120,221af3ce-7fe1-11ee-bb01-c602c1905375,BH Metro Prinsenlaan,51.940647564,4.556931306,10,2,9999
2026-04-20T18:45:39.522120,a793d6ba-edc8-11ee-a9f0-82366b51b915,BH Infirmeriestraat,51.922255603,4.502265891,10,3,9999
2026-04-20T18:45:39.522120,0359e1a2-bdb3-11ed-b1e6-fa4fb8e2990b,RK Rosestraat 11C,51.902954022,4.511377745,10,4,9999
2026-04-20T18:45:39.522120,87f07e20-9e78-11ee-a91e-ee69b7c7763e,BH Marconistraat (Lee Towers),51.912441021,4.430411189,14,3,9999
2026-04-20T18:45:39.522120,f539bd6e-06f8-11ef-b58d-569a23b994be,BH Meijersplein,51.955657978,4.463033845,8,1,9999
2026-04-20T18:45:39.522120,70f0801a-8071-11ed-b1e6-fa4fb8e2990b,RK treinstation Lombardijen,51.88057913,4.531905572,30,5,9999
2026-04-20T18:45:39.522120,43752ffc-a8db-11ef-8778-d2279db84567,BH Pieter de Hoochweg,51.906316301,4.459985731,6,3,9999
2026-04-20T18:45:39.522120,b35ddad8-ab08-11ef-8778-d2279db84567,HUB Rotterdamsedijk 272,51.914957692,4.40343084,8,0,9999
2026-04-20T18:45:39.522120,9b1fa0f6-ae3c-11ee-a91e-ee69b7c7763e,BH Winkelhart Plein 1953,51.874842065,4.467889739,10,8,9999
2026-04-20T18:45:39.522120,8bd90878-0884-11f0-9a47-66143dd92f22,RK Molenvliet,51.882626536,4.521159806,10,2,9999
2026-04-20T18:45:39.522120,45450b66-a5b2-11f0-ab44-baed9603afbb,Maasdijk (Gustoweg),51.906629018,4.412009895,6,0,9999
2026-04-20T18:45:39.522120,4de2effe-f068-11ef-ba40-0ea3ed1ae564,HUB Hof van Spaland - Vlaardingseweg,51.935841728,4.376077923,4,2,9999
2026-04-20T18:45:39.522120,d38c6468-06fe-11ef-b58d-569a23b994be,BH Kleine Beer,51.950902127,4.555051083,6,1,9999
2026-04-20T18:45:39.522120,e552904e-182b-11ef-a8d1-42f0fecaeb6a,BH Metrostation Hesseplaats,51.963345229,4.554510684,10,3,9999
2026-04-20T18:45:39.522120,1826196c-b162-11ef-bdcd-5adc5d29ed54,BH Bentincklaan (Diergaarde Blijdorp),51.92572504,4.454794024,10,1,9999
2026-04-20T18:45:39.522120,8a1e5ed0-1c9e-11ee-8219-8ed3b2364c4f,BH Sparta stadion,51.920151368,4.434428835,20,9,9999
2026-04-20T18:45:39.522120,d3c9003c-b486-11ee-9ae6-5263e3f30f1e,BH Oostzeedijk Beneden,51.922514244,4.503092963,10,6,9999
2026-04-20T18:45:39.522120,552a82b8-b094-11ef-b6d3-56d88772ab1a,BH Hockeyclub Rotterdam,51.96869974,4.484731647,25,1,9999
2026-04-20T18:45:39.522120,cb3f6d1c-a746-11ef-8778-d2279db84567,BH Vasteland (AH),51.911537089,4.478368712,10,5,9999
2026-04-20T18:45:39.522120,d4a8557a-eabd-11ef-ac99-aa7241d1fb4f,HUB Admiraal Trompstraat (Huisman),51.908834504,4.381923039,8,0,9999
2026-04-20T18:45:39.522120,00e8b3de-9e82-11ee-a91e-ee69b7c7763e,BH Jacques Dutilhweg,51.927993284,4.5475155,10,0,9999
2026-04-20T18:45:39.522120,d868fe52-36e5-11f0-ab1d-9ae3af3bf913,BH Sluisjesdijk,51.894714517,4.461900478,10,4,5
2026-04-20T18:45:39.522120,4338fed2-edbb-11ee-a9f0-82366b51b915,BH Oostzeedijk Beneden 2,51.921653595,4.507031037,10,11,9999
2026-04-20T18:45:39.522120,2c82bb9a-217b-11ee-8219-8ed3b2364c4f,Hub Weena,51.922738296,4.469181329,142,27,9999
2026-04-20T18:45:39.522120,96f5cbdc-06f6-11ef-b58d-569a23b994be,BH Argonautenweg,51.959086712,4.49354982,10,1,9999
2026-04-20T18:45:39.522120,2f51713e-32b7-11ee-8219-8ed3b2364c4f,Hub P+R Capelsebrug,51.920991793,4.559215491,18,11,9999
2026-04-20T18:45:39.522120,62b0255a-9e7a-11ee-a91e-ee69b7c7763e,BH Vierhavenstraat,51.910327597,4.434992993,16,0,9999
2026-04-20T18:45:39.522120,2b10524e-06f5-11ef-b58d-569a23b994be,BH Piet van der Polsingel,51.950618784,4.518612648,8,3,9999
2026-04-20T18:45:39.522120,47070056-06fa-11ef-b58d-569a23b994be,BH Metrostation Schenkel,51.931770435,4.56406792,12,0,9999
2026-04-20T18:45:39.522120,0e59456c-f06d-11f0-b173-2e3b4d4b7f35,BH P+R Kralingse Zoom,51.921440854,4.531732208,10,6,1
2026-04-20T18:45:39.522120,7a8c12ba-91ab-11ed-b1e6-fa4fb8e2990b,BH Metrostation Slinge,51.874526023,4.477872534,15,0,9999
2026-04-20T18:45:39.522120,9d9bb8ec-4bd1-11ee-bb01-c602c1905375,BH Marconiplein,51.913319277,4.432514448,10,3,9999
2026-04-20T18:45:39.522120,026045c6-8530-11ee-bb01-c602c1905375,BH Winkelhart Katendrechtse Lagedijk,51.891184937,4.479440034,10,4,9999
2026-04-20T18:45:39.522120,8330f3ca-a5b4-11f0-ab44-baed9603afbb,Fokkerstraat Plesmanstraat,51.929694009,4.399576614,4,0,9999
2026-04-20T18:45:39.522120,5b842034-5331-11f0-ab1d-9ae3af3bf913,BH Walenburgerweg,51.926698659,4.462629155,10,10,9999
2026-04-20T18:45:39.522120,a08059b6-b484-11ee-9ae6-5263e3f30f1e,BH Metrostation Gerdesiaweg,51.925444134,4.506155972,10,6,9999
2026-04-20T18:45:39.522120,2f718c84-8911-11ee-bb01-c602c1905375,BH Metro Dijkzigt - EMC,51.911789199,4.466334846,20,2,9999
2026-04-20T18:45:39.522120,f58e41fc-1c9f-11ee-8219-8ed3b2364c4f,BH Heemraadsplein,51.912322959,4.455058085,10,5,9999
2026-04-20T18:45:39.522120,79fdd038-34b8-11f0-ab1d-9ae3af3bf913,BH RTHA Airport,51.94924845,4.432611987,10,0,8
2026-04-20T18:45:39.522120,1c41897e-596e-11ef-bed6-aa139991deb4,HUB Metrostation Nieuwland / Bijdorpplein,51.922583819,4.38260008,10,0,9999
2026-04-20T18:45:39.522120,a57d027c-8912-11ee-bb01-c602c1905375,BH Delftse Poort,51.924408145,4.472816464,10,6,9999
2026-04-20T18:45:39.522120,6383849a-2038-11f0-ab1d-9ae3af3bf913,BH - Kralingsebos (Langepad),51.936318565,4.506197017,10,6,9999
2026-04-20T18:45:39.522120,e90e9332-06f5-11ef-b58d-569a23b994be,BH Burgemeester Le Fèvre de Montignylaan,51.957620055,4.501711782,10,0,9999
2026-04-20T18:45:39.522120,5cb3ffde-bdaf-11ed-b1e6-fa4fb8e2990b,RK Stadionlaan,51.892328813,4.530682857,10,2,9999
2026-04-20T18:45:39.522120,02bed1f8-8392-11ee-bb01-c602c1905375,BH Station Alexander,51.951735827,4.551049232,10,2,9999
2026-04-20T18:45:39.522120,08d5cf66-8ab2-11ee-bb01-c602c1905375,BH Winkelhart Asterlo,51.873536387,4.483591736,10,5,9999
2026-04-20T18:45:39.522120,0e51e024-c757-11ee-9ae6-5263e3f30f1e,BH Metrostation Binnenhof,51.960437867,4.535372966,10,5,9999
2026-04-20T18:45:39.522120,409f87f6-890f-11ee-bb01-c602c1905375,BH Metro Beurs,51.917806013,4.480107053,8,1,9999
2026-04-20T18:45:39.522120,d6a7cd26-4d08-11f0-ab1d-9ae3af3bf913,BH - Oudehoofdplein-Haringvliet,51.918979475,4.49384405,10,6,9999
2026-04-20T18:45:39.522120,f0ad9b92-1767-11ef-8071-42f0fecaeb6a,BH Prinsenlaan,51.937206457,4.536127586,10,7,9999
2026-04-20T18:45:39.522120,f06fd44c-2035-11f0-ab1d-9ae3af3bf913,BH Boezemlaan,51.938982631,4.495864471,10,8,9999
2026-04-20T18:45:39.522120,8d91a90c-9e83-11ee-a91e-ee69b7c7763e,BH Kraaierstraat,51.91909698,4.418192898,8,0,9999
2026-04-20T18:45:39.522120,a2671a36-bdad-11ed-b1e6-fa4fb8e2990b,RK Dwarsdijk,51.893055987,4.539201504,10,2,9999
2026-04-20T18:45:39.522120,376a5cda-06f8-11ef-b58d-569a23b994be,BH Ganzerikplein,51.958953276,4.471584016,10,1,9999
2026-04-20T18:45:39.522120,5cdd9872-b096-11ef-b6d3-56d88772ab1a,BH Wilgenplaslaan/ Meidoornsingel,51.953868042,4.468211582,7,1,9999
2026-04-20T18:45:39.522120,952a3e78-a8db-11ef-8778-d2279db84567,BH Lloydstraat,51.902214281,4.461287644,10,8,9999
2026-04-20T18:45:39.522120,a6fa0910-8067-11ed-b1e6-fa4fb8e2990b,BH Stadion Fey (Bert Heesakkerstr.),51.896805818,4.521735582,50,1,9999
2026-04-20T18:45:39.522120,a1337d02-e018-11ed-a249-96cdaf8f7240,BH Sint Franciscus,51.942171146,4.460534407,25,0,9999
2026-04-20T18:45:39.522120,d3cea108-8285-11f0-ab44-baed9603afbb,BH - Ratelaarweg,51.967431611,4.463349689,10,0,9999
2026-04-20T18:45:39.522120,3bef7002-bdb5-11ed-b1e6-fa4fb8e2990b,RK Breeweg,51.890630632,4.514261169,10,6,9999
2026-04-20T18:45:39.522120,8c90734c-45bb-11ee-8219-8ed3b2364c4f,BH Coen Moulijnweg,51.893813253,4.526876329,42,1,9999
2026-04-20T18:45:39.522120,1b098490-2037-11f0-ab1d-9ae3af3bf913,BH Karmelweg,51.933461291,4.5029394,8,2,9999
2026-04-20T18:45:39.522120,23348a06-bdb1-11ed-b1e6-fa4fb8e2990b,RK Guido Gezelleweg,51.87434607,4.523238145,10,6,9999
2026-04-20T18:45:39.522120,66824038-37b2-11ef-a21a-8e54a72a50da,HUB Metrostation Parkweg / Zuidzijde,51.921443238,4.39475836,10,2,8
2026-04-20T18:45:39.522120,2c127298-ff25-11ef-a79f-a65a77daff90,BH Aert van Nesstraat,51.921141166,4.478916173,8,1,9999
2026-04-20T18:45:39.522120,cde445c6-a744-11ef-8778-d2279db84567,BH Groenendaal,51.921685178,4.492944049,6,7,9999
2026-04-20T18:45:39.522120,97c6a1c2-a8da-11ef-8778-d2279db84567,BH Henegouwerplein,51.921807589,4.460561523,10,9,9999
2026-04-20T18:45:39.522120,e68d5642-a5b5-11f0-b6c1-baed9603afbb,HUB NS Station Schiedam Centrum/ Professor Kamerlingh Onneslaan,51.92071744,4.408262487,12,2,9999
2026-04-20T18:45:39.522120,82623a40-bda3-11ed-b1e6-fa4fb8e2990b,RK Rosestraat,51.91100607,4.501308573,10,4,9999
2026-04-20T18:45:39.522120,b7353df6-b485-11ee-9ae6-5263e3f30f1e,BH Metrostation Kralingsezoom (Gravenweg),51.921751706,4.533850265,10,0,9999
2026-04-20T18:45:39.522120,6c34980a-bb92-11ef-a02d-6ea8ed91bd56,BH Gordelweg (Lidl),51.940472428,4.479798999,4,3,9999
2026-04-20T18:45:39.522120,5904bd1a-a5b5-11f0-b05b-baed9603afbb,HUB Hof van Spaland - Bachplein,51.934889388,4.374726808,8,4,9999
2026-04-20T18:45:39.522120,32ca5fd0-8126-11ed-b1e6-fa4fb8e2990b,RK Vuurplaat,51.906526668,4.505838102,10,0,9999
2026-04-20T18:45:39.522120,f94a1ff6-b095-11ef-b6d3-56d88772ab1a,BH Bm Le Fèvre de Montignylaan/ Jeroen Boschlaan,51.955641943,4.505982462,6,0,9999
2026-04-20T18:45:39.522120,4228b402-8537-11ee-bb01-c602c1905375,BH Tongelaarweg,51.895280064,4.563514996,10,1,9999
2026-04-20T18:45:39.522120,6f66a60c-36e5-11f0-ab1d-9ae3af3bf913,BH Lloydpier,51.904487669,4.460458303,8,7,0
2026-04-20T18:45:39.522120,7d81b63e-a5b5-11f0-b05b-baed9603afbb,HUB 's Gravelandseweg,51.932091958,4.401924037,6,3,9999
2026-04-20T18:45:39.522120,a3dbb322-8121-11ed-b1e6-fa4fb8e2990b,RK Metrostation Rijnhaven ,51.902216981,4.49610172,15,4,9999
2026-04-20T18:45:39.522120,cf23b50e-9ad0-11f0-ab44-baed9603afbb,BH Natuurhistorisch museum,51.911022288,4.472728259,12,3,9999
2026-04-20T18:45:39.522120,d55243f6-182b-11ef-a8d1-42f0fecaeb6a,BH Siciliëboulevard ,51.97996654,4.580859756,10,0,9999
2026-04-20T18:45:39.522120,e0f7ef36-a5b4-11f0-ab44-baed9603afbb,Havenstraat einde (digitale testhub),51.900396883,4.398614319,12,0,9999
2026-04-20T18:45:39.522120,05d1d708-eabd-11ef-88c2-aa7241d1fb4f,HUB De Thermen ,51.927426752,4.380236246,8,5,9999
2026-04-20T18:45:39.522120,b3381a7a-2036-11f0-ab1d-9ae3af3bf913,BH Oudedijk / de Nieuwe Plantage,51.929149075,4.505248613,8,6,9999
2026-04-20T18:45:39.522120,8b480576-eabc-11ee-a9f0-82366b51b915,BH Schiedamseweg Beneden,51.914135146,4.422297364,5,0,9999
2026-04-20T18:45:39.522120,89a2f1d2-a5b3-11f0-ab44-baed9603afbb,Metrostation Vijfsluizen,51.908108215,4.37254105,8,2,9999
2026-04-20T18:45:39.522120,4c1b19a4-d0a1-11ee-8b0e-065810cc8d78,BH Elandstraat,51.910800072,4.553878993,10,2,9999
2026-04-20T18:45:39.522120,e50f3d1e-f069-11ef-9ed7-0ea3ed1ae564,HUB Oranjestraat - Lange Nieuwstraat,51.913368472,4.40030457,5,0,9999
2026-04-20T18:45:39.522120,bbbba24e-806e-11ed-b1e6-fa4fb8e2990b,RK P+R Noorderhelling,51.894761016,4.532122707,15,0,9999
2026-04-20T18:45:39.522120,3ac0b682-8129-11ed-b1e6-fa4fb8e2990b,RK Cor Kieboomplein,51.896922039,4.523502821,15,3,9999
2026-04-20T18:45:39.522120,5a3ffbf4-37b1-11ef-a21a-8e54a72a50da,HUB Metrostation Nieuwland / Van Limburg Stirumstraat,51.922446663,4.38308784,6,0,6
2026-04-20T18:45:39.522120,5d8d12a2-a5b4-11f0-ab44-baed9603afbb,Van Heekstraat,51.931167557,4.406024405,4,0,9999
2026-04-20T18:45:39.522120,f251d6e8-0b82-11ef-b58d-569a23b994be,BH Metrostation Graskruid ,51.956473743,4.550010233,8,1,9999
2026-04-20T18:45:39.522120,a4d2ea7c-b2f0-11ef-aa57-62870c7808bb,BH 2e Hogenbanweg,51.936951327,4.427707182,8,2,9999
2026-04-20T18:45:39.522120,75ba0d1a-2037-11f0-ab1d-9ae3af3bf913,BH Stadhoudersweg,51.931417737,4.461484988,10,1,9999
2026-04-20T18:45:39.522120,bc6b0d7e-a745-11ef-8778-d2279db84567,BH Goudsewagenstraat,51.923224462,4.493552746,8,12,9999
2026-04-20T18:45:39.522120,0f37eafc-8912-11ee-bb01-c602c1905375,BH Metro Oostplein,51.922677789,4.497608825,10,5,9999
2026-04-20T18:45:39.522120,aed7c2fa-8123-11ed-b1e6-fa4fb8e2990b,RK Groene Hilledijk/Beijerlandselaan,51.893806789,4.509452258,10,11,9999
2026-04-20T18:45:39.522120,c76f0318-bb92-11ef-a02d-6ea8ed91bd56,BH NS Centraal Station (Stationssingel),51.925399994,4.466148375,10,7,9999
2026-04-20T18:45:39.522120,361a368c-a5b4-11f0-ab44-baed9603afbb,Sportpark Haga (Epke Zonderlandstraat),51.921919868,4.370918199,8,6,9999
2026-04-20T18:45:39.522120,f4c0fe5e-02d6-11ef-b58d-569a23b994be,BH Paulus Potterstraat,51.9228414,4.508497696,10,5,9999
2026-04-20T18:45:39.522120,48cbf66e-9f15-11ee-a91e-ee69b7c7763e,BH Franselaan,51.917379138,4.420463507,10,2,9999
2026-04-20T18:45:39.522120,e9735b4e-7da7-11f0-ab44-baed9603afbb,BH Veldkersweg,51.966835673,4.46657292,8,1,9999
2026-04-20T18:45:39.522120,4b1ac684-bb93-11ef-a02d-6ea8ed91bd56,BH Noorderkanaalweg,51.940525593,4.472984586,9,1,9999
2026-04-20T18:45:39.522120,033a9392-3700-11f0-ab1d-9ae3af3bf913,BH Herman Bavinckstraat,51.915067882,4.521446921,10,4,9999
2026-04-20T18:45:39.522120,ffe8c3e8-a8da-11ef-8778-d2279db84567,BH Mathenesserplein,51.917836602,4.44508891,8,4,9999
2026-04-20T18:45:39.522120,e377069a-ff63-11ef-a79f-a65a77daff90,BH Kralingsebos Bosdreef/Pr. Beatrixlaan,51.93789612,4.501689644,8,6,9999
2026-04-20T18:45:39.522120,7af95f9c-a747-11ef-8778-d2279db84567,BH Kruisplein,51.92228569,4.47138789,6,18,9999
2026-04-20T18:45:39.522120,4c50cb7a-bdb6-11ed-b1e6-fa4fb8e2990b,RK Olympiaweg,51.886462746,4.529133302,10,5,9999
2026-04-20T18:45:39.522120,a694ef4e-36e5-11f0-ab1d-9ae3af3bf913,BH Neushoornstraat,51.913041554,4.553743002,6,2,4
2026-04-20T18:45:39.522120,be56ca62-8120-11ed-b1e6-fa4fb8e2990b,RK P+R Beverwaard,51.885771514,4.568986239,10,0,9999
2026-04-20T18:45:39.522120,d5af3bc4-806a-11ed-b1e6-fa4fb8e2990b,BH Kievitslaan,51.907226862,4.473300159,17,2,9999
2026-04-20T18:45:39.522120,dd006abc-a5b3-11f0-ab44-baed9603afbb,Havenstraat,51.903204365,4.398004897,8,0,9999
2026-04-20T18:45:39.522120,6f09af84-eabe-11ee-a9f0-82366b51b915,BH Delftseplein ,51.925206514,4.474011701,14,23,9999
2026-04-20T18:45:39.522120,1cfb89ec-806b-11ed-b1e6-fa4fb8e2990b,BH Westplein,51.908912961,4.478583441,10,7,9999
2026-04-20T18:45:39.522120,12fc10a4-bb94-11ef-a02d-6ea8ed91bd56,BH Noordplein,51.930251975,4.483699175,10,2,9999
2026-04-20T18:45:39.522120,276e8d26-bda0-11ed-b1e6-fa4fb8e2990b,RK Strevelsweg,51.889634937,4.495943368,15,4,9999
2026-04-20T18:45:39.522120,9e066470-2038-11f0-ab1d-9ae3af3bf913,BH Kralinger Esch,51.911179823,4.524762065,9,3,9999
2026-04-20T18:45:39.522120,9b1f0aaa-8125-11ed-b1e6-fa4fb8e2990b,RK Slaghekstraat - Beijerlandselaan,51.897574833,4.511261604,10,3,9999
2026-04-20T18:45:39.522120,b8c81048-2037-11f0-ab1d-9ae3af3bf913,BH Van Maanenstraat,51.932279316,4.464280453,6,4,9999
2026-04-20T18:45:39.522120,1f4ff66c-bdb8-11ed-b1e6-fa4fb8e2990b,RK Van der Takstraat ,51.914243737,4.496045621,10,7,9999
2026-04-20T18:45:39.522120,3b523cee-5c94-11f0-ab1d-9ae3af3bf913,BH - Wilhelminapier,51.90698281,4.489727426,14,8,9999
2026-04-20T18:45:39.522120,e8d292d2-039a-11ef-b58d-569a23b994be,BH Mia van Yperenplein ,51.928414546,4.545678043,10,1,9999
2026-04-20T18:45:39.522120,12daf18a-8068-11ed-b1e6-fa4fb8e2990b,BH Treinst. Lombardijen (Aesopusplaats),51.880478018,4.530040287,10,3,9999
2026-04-20T18:45:39.522120,558e4a5a-eaba-11ee-a9f0-82366b51b915,BH Blijdorplaan ,51.927389289,4.440437692,22,1,9999
2026-04-20T18:45:39.522120,5a8de282-36ee-11f0-ab1d-9ae3af3bf913,BH van Blommesteynweg,51.888148155,4.460842726,10,3,9999
2026-04-20T18:45:39.522120,078569ee-a5b5-11f0-ab44-baed9603afbb,Nieuwe Waterwegstraat (digitale testhub),51.900682979,4.390873601,12,0,9999
2026-04-20T18:45:39.522120,8e5dd27e-06fd-11ef-b58d-569a23b994be,BH Prins Alexanderplein,51.951040272,4.553684972,14,0,9999
2026-04-20T18:45:39.522120,a6843864-fbc4-11ee-b58d-569a23b994be,Trompenburg 1,51.917696349,4.517981647,10,2,6
2026-04-20T18:45:39.522120,5b583480-a8da-11ef-8778-d2279db84567,BH Duyststraat,51.910073429,4.452225738,8,3,9999
2026-04-20T18:45:39.522120,2510e9ba-a5b6-11f0-847a-baed9603afbb,Hub Kloosterplaats,51.91675013,4.402112308,6,2,9999
2026-04-20T18:45:39.522120,880e3e72-a8dd-11ef-8778-d2279db84567,BH Spaansebocht,51.917413667,4.430014126,9,2,9999
2026-04-20T18:45:39.522120,b5b3324a-edb9-11ee-a9f0-82366b51b915,BH Siondwarsstraat,51.925261494,4.51053174,10,0,9999
2026-04-20T18:45:39.522120,94b01d94-edc6-11ee-a9f0-82366b51b915,BH Schuttersveld,51.933248028,4.490978921,10,1,9999
2026-04-20T18:45:39.522120,69b33170-edbd-11ee-a9f0-82366b51b915,BH Metro Oostplein 2,51.923145722,4.496820843,10,2,9999
2026-04-20T18:45:39.522120,67d6af9a-f068-11ef-ba40-0ea3ed1ae564,HUB Hof van Spaland - Schiedamseweg,51.934898803,4.378145906,12,5,9999
2026-04-20T18:45:39.522120,f4d561c2-1e0f-11f1-bada-da123385441b,BH PR Slinge 2,51.87374414,4.477026543,10,1,9
2026-04-20T18:45:39.522120,4933dd54-9e7c-11ee-a91e-ee69b7c7763e,BH Willem Ruyslaan (Luzac College),51.925421889,4.508669446,10,2,9999
2026-04-20T18:45:39.522120,9f935b6c-b095-11ef-b6d3-56d88772ab1a,BH Bergpolderplein,51.945227242,4.474988047,8,3,9999
2026-04-20T18:45:39.522120,8a2d056c-bb93-11ef-a02d-6ea8ed91bd56,BH NS Station Noord (Bergweg),51.941530048,4.481339526,10,4,6
2026-04-20T18:45:39.522120,4d95ab34-8122-11ed-b1e6-fa4fb8e2990b,RK Metrostation Maashaven ,51.896573582,4.494245173,30,1,9999
2026-04-20T18:45:39.522120,3d015ff0-8394-11ee-bb01-c602c1905375,BH Metrostation Oosterflank,51.945209326,4.555045447,10,0,9999
2026-04-20T18:45:39.522120,defeb050-a747-11ef-8778-d2279db84567,BH Karel Doormanstraat,51.922789549,4.473609692,9,6,9999
2026-04-20T18:45:39.522120,b5dc5454-890f-11ee-bb01-c602c1905375,BH Schilderstraat,51.916377397,4.48142868,8,3,9999
2026-04-20T18:45:39.522120,2f12ae3e-806c-11ed-b1e6-fa4fb8e2990b,BH Winkelcentrum Keizerswaard-Herenw,51.886358391,4.549308056,15,9,9999
2026-04-20T18:45:39.522120,3b6d73a8-805d-11ed-b1e6-fa4fb8e2990b,BH Metrostation Melanchtonweg,51.94881199,4.465233746,10,2,9999
2026-04-20T18:45:39.522120,d5832958-891a-11ee-bb01-c602c1905375,BH Metro Zuidplein (nieuw),51.887180341,4.491554668,10,3,9999
2026-04-20T18:45:39.522120,a535094e-b162-11ef-bdcd-5adc5d29ed54,BH Eudokiaplein,51.932433484,4.47153255,9,2,9999
2026-04-20T18:45:39.522120,437f8dc8-bd9e-11ed-b1e6-fa4fb8e2990b,RK Hillevliet,51.89558515,4.506432514,10,1,9999
2026-04-20T18:45:39.522120,f10d8ab4-9997-11ee-a91e-ee69b7c7763e,BH Shell Hofplein,51.925705456,4.477781355,28,8,9999
2026-04-20T18:45:39.522120,94467720-8127-11ed-b1e6-fa4fb8e2990b,RK Persoonsdam,51.909309099,4.508017165,10,6,9999
2026-04-20T18:45:39.522120,9245444a-2023-11f0-ab1d-9ae3af3bf913,BH Witte de Withstraat,51.915906523,4.478080905,10,6,9999
2026-04-20T18:45:39.522120,49d59348-ff64-11ef-b515-a65a77daff90,BH Bergweg (Dirk van den Broek),51.93856254,4.479465675,6,1,9999
2026-04-20T18:45:39.522120,30fb96bc-8124-11ed-b1e6-fa4fb8e2990b,RK Beverwaardseweg/ Borgharensingel,51.898798338,4.564663375,10,0,9999
2026-04-20T18:45:39.522120,9a1fb404-8ab3-11ee-bb01-c602c1905375,BH Langenhorst ,51.874120882,4.494254863,10,4,9999
2026-04-20T18:45:39.522120,abe67bfa-b096-11ef-b6d3-56d88772ab1a,BH Wilgenplaslaan/ Donkersingel,51.951337599,4.47048253,10,5,9999
2026-04-20T18:45:39.522120,068b0f9c-a8dd-11ef-8778-d2279db84567,BH Vierhavenstraat (Sahan),51.908502395,4.437727106,4,1,9999
2026-04-20T18:45:39.522120,bc0e7e9c-a8da-11ef-8778-d2279db84567,BH Jan van Vuchtstraat,51.917045317,4.460830874,6,7,9999
2026-04-20T18:45:39.522120,8b721818-a5b2-11f0-ab44-baed9603afbb,Lekstraat,51.90446958,4.406985264,6,0,9999
2026-04-20T18:45:39.522120,ad212572-06f7-11ef-b58d-569a23b994be,BH Molenlaan/Grindweg,51.963224537,4.49571068,10,1,9999
2026-04-20T18:45:39.522120,f8828c3e-806d-11ed-b1e6-fa4fb8e2990b,RK Station Rdam Zuid,51.905545015,4.509568537,15,7,9999
2026-04-20T18:45:39.522120,5f71799e-806b-11ed-b1e6-fa4fb8e2990b,BH Willemsplein,51.911118908,4.481894771,17,5,9999
2026-04-20T18:45:39.522120,42824336-bd97-11ed-b1e6-fa4fb8e2990b,RK Groene Hilledijk,51.882726433,4.504266667,10,1,9999
2026-04-20T18:45:39.522120,db6932f4-182b-11ef-a8d1-42f0fecaeb6a,BH Metrostation Nesselande,51.978969273,4.586177782,10,0,9999
2026-04-20T18:45:39.522120,2c4ff78a-2783-11f1-a5ae-0225521a85c1,BH PR Slinge 2,51.87374414,4.477026543,10,1,9
2026-04-20T18:45:39.522120,e26322b0-2025-11f0-ab1d-9ae3af3bf913,BH Brielselaan,51.896298935,4.489248091,4,2,9999
2026-04-20T18:45:39.522120,c862b7f2-06fb-11ef-b58d-569a23b994be,BH Prins Alexanderlaan (metrobaan zijde),51.952192324,4.551435621,10,1,9999
2026-04-20T18:45:39.522120,c53689c2-8124-11ed-b1e6-fa4fb8e2990b,RK Peellandstraat / Beesdestraat ,51.888535309,4.567291893,10,3,9999
2026-04-20T18:45:39.522120,8f5d35a0-1834-11ef-8071-42f0fecaeb6a,BH Jan Bijloostraat (Winkelcentrum Lage Land),51.941821995,4.546449269,9,4,9999
2026-04-20T18:45:39.522120,f8fcd3a4-983a-11ef-a85a-be896af2d3a5,BH Rhijnauwensingel,51.892161199,4.569620613,12,2,9999
2026-04-20T19:49:28.400186,a3c07f10-a5b5-11f0-b05b-baed9603afbb,HUB Hoofdbrug,51.908705902,4.406131267,8,1,9999
2026-04-20T19:49:28.400186,b9bfe680-fbc4-11ee-b58d-569a23b994be,Trompenburg 2,51.917638379,4.518889893,10,0,10
2026-04-20T19:49:28.400186,3c659862-a8dd-11ef-8778-d2279db84567,BH Mayflowerstraat,51.905015647,4.440161906,10,0,9999
2026-04-20T19:49:28.400186,e0a4baca-a748-11ef-8778-d2279db84567,BH Mariniersweg,51.920853425,4.490979502,10,5,9999
2026-04-20T19:49:28.400186,c35c448e-06fc-11ef-b58d-569a23b994be,BH Jacob van Campenweg ,51.942434165,4.537976212,7,4,9999
2026-04-20T19:49:28.400186,438486f4-a5b6-11f0-a150-baed9603afbb,HUB Koemarkt ingang garage,51.914517902,4.401917461,6,6,9999
2026-04-20T19:49:28.400186,365f4a3e-a5b3-11f0-ab44-baed9603afbb,Rubensplein,51.911712719,4.383665134,6,0,9999
2026-04-20T19:49:28.400186,a85b996e-fe23-11ee-b58d-569a23b994be,BH Dirk van der Kooijweg (Waterleliesingel),51.953796964,4.52009166,10,0,9999
2026-04-20T19:49:28.400186,19e2de56-b5d8-11ee-9ae6-5263e3f30f1e,BH STC Waalhaven,51.878297275,4.448759787,10,0,9999
2026-04-20T19:49:28.400186,c6c213ee-ed18-11ef-9957-f683e5eb607c,BH Langenhorst (Binkhorst),51.877310029,4.494737503,10,6,9999
2026-04-20T19:49:28.400186,3366f8b0-a8dc-11ef-8778-d2279db84567,BH Vierhavenstraat (WoonEnzo),51.907777562,4.438830385,4,1,9999
2026-04-20T19:49:28.400186,04a89aea-a5b3-11f0-ab44-baed9603afbb,Groenelaan Hagastraat (Winkelcentrum),51.907303396,4.402285408,4,0,9999
2026-04-20T19:49:28.400186,32638aa6-a5b5-11f0-9f09-baed9603afbb,HUB Laan van Bol'es,51.928443203,4.370771711,10,0,9999
2026-04-20T19:49:28.400186,291c2f72-a749-11ef-8778-d2279db84567,BH Westzeedijk,51.909321622,4.471436479,10,4,9999
2026-04-20T19:49:28.400186,abd627be-67bb-11f0-91de-5eaa9feacc9b,BH Schiekade (Heer Bokelweg),51.927133058,4.476309832,10,4,9999
2026-04-20T19:49:28.400186,8948d5a4-b094-11ef-b6d3-56d88772ab1a,BH Duivenpad,51.964922912,4.498254116,8,2,9999
2026-04-20T19:49:28.400186,227e8c1e-be97-11ee-9ae6-5263e3f30f1e,HUB Metrostation Troelstralaan,51.915742295,4.384972326,10,0,9999
2026-04-20T19:49:28.400186,0af509a8-06f7-11ef-b58d-569a23b994be,BH Beethovensingel,51.96114919,4.505141448,10,0,9999
2026-04-20T19:49:28.400186,dc06f296-1768-11ef-8071-42f0fecaeb6a,BH Prins Alexanderlaan (Oosterflank),51.946646256,4.553811478,12,0,9999
2026-04-20T19:49:28.400186,221af3ce-7fe1-11ee-bb01-c602c1905375,BH Metro Prinsenlaan,51.940647564,4.556931306,10,2,9999
2026-04-20T19:49:28.400186,a793d6ba-edc8-11ee-a9f0-82366b51b915,BH Infirmeriestraat,51.922255603,4.502265891,10,4,9999
2026-04-20T19:49:28.400186,0359e1a2-bdb3-11ed-b1e6-fa4fb8e2990b,RK Rosestraat 11C,51.902954022,4.511377745,10,4,9999
2026-04-20T19:49:28.400186,87f07e20-9e78-11ee-a91e-ee69b7c7763e,BH Marconistraat (Lee Towers),51.912441021,4.430411189,14,3,9999
2026-04-20T19:49:28.400186,f539bd6e-06f8-11ef-b58d-569a23b994be,BH Meijersplein,51.955657978,4.463033845,8,1,9999
2026-04-20T19:49:28.400186,70f0801a-8071-11ed-b1e6-fa4fb8e2990b,RK treinstation Lombardijen,51.88057913,4.531905572,30,5,9999
2026-04-20T19:49:28.400186,43752ffc-a8db-11ef-8778-d2279db84567,BH Pieter de Hoochweg,51.906316301,4.459985731,6,6,9999
2026-04-20T19:49:28.400186,b35ddad8-ab08-11ef-8778-d2279db84567,HUB Rotterdamsedijk 272,51.914957692,4.40343084,8,0,9999
2026-04-20T19:49:28.400186,9b1fa0f6-ae3c-11ee-a91e-ee69b7c7763e,BH Winkelhart Plein 1953,51.874842065,4.467889739,10,7,9999
2026-04-20T19:49:28.400186,8bd90878-0884-11f0-9a47-66143dd92f22,RK Molenvliet,51.882626536,4.521159806,10,3,9999
2026-04-20T19:49:28.400186,45450b66-a5b2-11f0-ab44-baed9603afbb,Maasdijk (Gustoweg),51.906629018,4.412009895,6,0,9999
2026-04-20T19:49:28.400186,4de2effe-f068-11ef-ba40-0ea3ed1ae564,HUB Hof van Spaland - Vlaardingseweg,51.935841728,4.376077923,4,2,9999
2026-04-20T19:49:28.400186,d38c6468-06fe-11ef-b58d-569a23b994be,BH Kleine Beer,51.950902127,4.555051083,6,1,9999
2026-04-20T19:49:28.400186,e552904e-182b-11ef-a8d1-42f0fecaeb6a,BH Metrostation Hesseplaats,51.963345229,4.554510684,10,3,9999
2026-04-20T19:49:28.400186,1826196c-b162-11ef-bdcd-5adc5d29ed54,BH Bentincklaan (Diergaarde Blijdorp),51.92572504,4.454794024,10,2,9999
2026-04-20T19:49:28.400186,8a1e5ed0-1c9e-11ee-8219-8ed3b2364c4f,BH Sparta stadion,51.920151368,4.434428835,20,9,9999
2026-04-20T19:49:28.400186,d3c9003c-b486-11ee-9ae6-5263e3f30f1e,BH Oostzeedijk Beneden,51.922514244,4.503092963,10,6,9999
2026-04-20T19:49:28.400186,552a82b8-b094-11ef-b6d3-56d88772ab1a,BH Hockeyclub Rotterdam,51.96869974,4.484731647,25,1,9999
2026-04-20T19:49:28.400186,cb3f6d1c-a746-11ef-8778-d2279db84567,BH Vasteland (AH),51.911537089,4.478368712,10,4,9999
2026-04-20T19:49:28.400186,d4a8557a-eabd-11ef-ac99-aa7241d1fb4f,HUB Admiraal Trompstraat (Huisman),51.908834504,4.381923039,8,0,9999
2026-04-20T19:49:28.400186,00e8b3de-9e82-11ee-a91e-ee69b7c7763e,BH Jacques Dutilhweg,51.927993284,4.5475155,10,0,9999
2026-04-20T19:49:28.400186,d868fe52-36e5-11f0-ab1d-9ae3af3bf913,BH Sluisjesdijk,51.894714517,4.461900478,10,4,5
2026-04-20T19:49:28.400186,4338fed2-edbb-11ee-a9f0-82366b51b915,BH Oostzeedijk Beneden 2,51.921653595,4.507031037,10,8,9999
2026-04-20T19:49:28.400186,2c82bb9a-217b-11ee-8219-8ed3b2364c4f,Hub Weena,51.922738296,4.469181329,142,22,9999
2026-04-20T19:49:28.400186,96f5cbdc-06f6-11ef-b58d-569a23b994be,BH Argonautenweg,51.959086712,4.49354982,10,1,9999
2026-04-20T19:49:28.400186,2f51713e-32b7-11ee-8219-8ed3b2364c4f,Hub P+R Capelsebrug,51.920991793,4.559215491,18,10,9999
2026-04-20T19:49:28.400186,62b0255a-9e7a-11ee-a91e-ee69b7c7763e,BH Vierhavenstraat,51.910327597,4.434992993,16,0,9999
2026-04-20T19:49:28.400186,2b10524e-06f5-11ef-b58d-569a23b994be,BH Piet van der Polsingel,51.950618784,4.518612648,8,3,9999
2026-04-20T19:49:28.400186,47070056-06fa-11ef-b58d-569a23b994be,BH Metrostation Schenkel,51.931770435,4.56406792,12,0,9999
2026-04-20T19:49:28.400186,0e59456c-f06d-11f0-b173-2e3b4d4b7f35,BH P+R Kralingse Zoom,51.921440854,4.531732208,10,7,0
2026-04-20T19:49:28.400186,7a8c12ba-91ab-11ed-b1e6-fa4fb8e2990b,BH Metrostation Slinge,51.874526023,4.477872534,15,0,9999
2026-04-20T19:49:28.400186,026045c6-8530-11ee-bb01-c602c1905375,BH Winkelhart Katendrechtse Lagedijk,51.891184937,4.479440034,10,4,9999
2026-04-20T19:49:28.400186,9d9bb8ec-4bd1-11ee-bb01-c602c1905375,BH Marconiplein,51.913319277,4.432514448,10,3,9999
2026-04-20T19:49:28.400186,8330f3ca-a5b4-11f0-ab44-baed9603afbb,Fokkerstraat Plesmanstraat,51.929694009,4.399576614,4,0,9999
2026-04-20T19:49:28.400186,5b842034-5331-11f0-ab1d-9ae3af3bf913,BH Walenburgerweg,51.926698659,4.462629155,10,11,9999
2026-04-20T19:49:28.400186,a08059b6-b484-11ee-9ae6-5263e3f30f1e,BH Metrostation Gerdesiaweg,51.925444134,4.506155972,10,5,9999
2026-04-20T19:49:28.400186,2f718c84-8911-11ee-bb01-c602c1905375,BH Metro Dijkzigt - EMC,51.911789199,4.466334846,20,2,9999
2026-04-20T19:49:28.400186,f58e41fc-1c9f-11ee-8219-8ed3b2364c4f,BH Heemraadsplein,51.912322959,4.455058085,10,6,9999
2026-04-20T19:49:28.400186,79fdd038-34b8-11f0-ab1d-9ae3af3bf913,BH RTHA Airport,51.94924845,4.432611987,10,0,8
2026-04-20T19:49:28.400186,1c41897e-596e-11ef-bed6-aa139991deb4,HUB Metrostation Nieuwland / Bijdorpplein,51.922583819,4.38260008,10,0,9999
2026-04-20T19:49:28.400186,a57d027c-8912-11ee-bb01-c602c1905375,BH Delftse Poort,51.924408145,4.472816464,10,2,9999
2026-04-20T19:49:28.400186,6383849a-2038-11f0-ab1d-9ae3af3bf913,BH - Kralingsebos (Langepad),51.936318565,4.506197017,10,6,9999
2026-04-20T19:49:28.400186,e90e9332-06f5-11ef-b58d-569a23b994be,BH Burgemeester Le Fèvre de Montignylaan,51.957620055,4.501711782,10,0,9999
2026-04-20T19:49:28.400186,5cb3ffde-bdaf-11ed-b1e6-fa4fb8e2990b,RK Stadionlaan,51.892328813,4.530682857,10,2,9999
2026-04-20T19:49:28.400186,02bed1f8-8392-11ee-bb01-c602c1905375,BH Station Alexander,51.951735827,4.551049232,10,2,9999
2026-04-20T19:49:28.400186,08d5cf66-8ab2-11ee-bb01-c602c1905375,BH Winkelhart Asterlo,51.873536387,4.483591736,10,5,9999
2026-04-20T19:49:28.400186,0e51e024-c757-11ee-9ae6-5263e3f30f1e,BH Metrostation Binnenhof,51.960437867,4.535372966,10,2,9999
2026-04-20T19:49:28.400186,409f87f6-890f-11ee-bb01-c602c1905375,BH Metro Beurs,51.917806013,4.480107053,8,0,9999
2026-04-20T19:49:28.400186,d6a7cd26-4d08-11f0-ab1d-9ae3af3bf913,BH - Oudehoofdplein-Haringvliet,51.918979475,4.49384405,10,7,9999
2026-04-20T19:49:28.400186,f0ad9b92-1767-11ef-8071-42f0fecaeb6a,BH Prinsenlaan,51.937206457,4.536127586,10,7,9999
2026-04-20T19:49:28.400186,f06fd44c-2035-11f0-ab1d-9ae3af3bf913,BH Boezemlaan,51.938982631,4.495864471,10,8,9999
2026-04-20T19:49:28.400186,8d91a90c-9e83-11ee-a91e-ee69b7c7763e,BH Kraaierstraat,51.91909698,4.418192898,8,0,9999
2026-04-20T19:49:28.400186,a2671a36-bdad-11ed-b1e6-fa4fb8e2990b,RK Dwarsdijk,51.893055987,4.539201504,10,2,9999
2026-04-20T19:49:28.400186,376a5cda-06f8-11ef-b58d-569a23b994be,BH Ganzerikplein,51.958953276,4.471584016,10,1,9999
2026-04-20T19:49:28.400186,5cdd9872-b096-11ef-b6d3-56d88772ab1a,BH Wilgenplaslaan/ Meidoornsingel,51.953868042,4.468211582,7,0,9999
2026-04-20T19:49:28.400186,952a3e78-a8db-11ef-8778-d2279db84567,BH Lloydstraat,51.902214281,4.461287644,10,7,9999
2026-04-20T19:49:28.400186,a6fa0910-8067-11ed-b1e6-fa4fb8e2990b,BH Stadion Fey (Bert Heesakkerstr.),51.896805818,4.521735582,50,2,9999
2026-04-20T19:49:28.400186,a1337d02-e018-11ed-a249-96cdaf8f7240,BH Sint Franciscus,51.942171146,4.460534407,25,0,9999
2026-04-20T19:49:28.400186,d3cea108-8285-11f0-ab44-baed9603afbb,BH - Ratelaarweg,51.967431611,4.463349689,10,0,9999
2026-04-20T19:49:28.400186,3bef7002-bdb5-11ed-b1e6-fa4fb8e2990b,RK Breeweg,51.890630632,4.514261169,10,7,9999
2026-04-20T19:49:28.400186,8c90734c-45bb-11ee-8219-8ed3b2364c4f,BH Coen Moulijnweg,51.893813253,4.526876329,42,1,9999
2026-04-20T19:49:28.400186,1b098490-2037-11f0-ab1d-9ae3af3bf913,BH Karmelweg,51.933461291,4.5029394,8,2,9999
2026-04-20T19:49:28.400186,23348a06-bdb1-11ed-b1e6-fa4fb8e2990b,RK Guido Gezelleweg,51.87434607,4.523238145,10,6,9999
2026-04-20T19:49:28.400186,66824038-37b2-11ef-a21a-8e54a72a50da,HUB Metrostation Parkweg / Zuidzijde,51.921443238,4.39475836,10,2,8
2026-04-20T19:49:28.400186,2c127298-ff25-11ef-a79f-a65a77daff90,BH Aert van Nesstraat,51.921141166,4.478916173,8,0,9999
2026-04-20T19:49:28.400186,cde445c6-a744-11ef-8778-d2279db84567,BH Groenendaal,51.921685178,4.492944049,6,8,9999
2026-04-20T19:49:28.400186,97c6a1c2-a8da-11ef-8778-d2279db84567,BH Henegouwerplein,51.921807589,4.460561523,10,9,9999
2026-04-20T19:49:28.400186,e68d5642-a5b5-11f0-b6c1-baed9603afbb,HUB NS Station Schiedam Centrum/ Professor Kamerlingh Onneslaan,51.92071744,4.408262487,12,2,9999
2026-04-20T19:49:28.400186,82623a40-bda3-11ed-b1e6-fa4fb8e2990b,RK Rosestraat,51.91100607,4.501308573,10,3,9999
2026-04-20T19:49:28.400186,b7353df6-b485-11ee-9ae6-5263e3f30f1e,BH Metrostation Kralingsezoom (Gravenweg),51.921751706,4.533850265,10,1,9999
2026-04-20T19:49:28.400186,6c34980a-bb92-11ef-a02d-6ea8ed91bd56,BH Gordelweg (Lidl),51.940472428,4.479798999,4,3,9999
2026-04-20T19:49:28.400186,5904bd1a-a5b5-11f0-b05b-baed9603afbb,HUB Hof van Spaland - Bachplein,51.934889388,4.374726808,8,4,9999
2026-04-20T19:49:28.400186,32ca5fd0-8126-11ed-b1e6-fa4fb8e2990b,RK Vuurplaat,51.906526668,4.505838102,10,0,9999
2026-04-20T19:49:28.400186,f94a1ff6-b095-11ef-b6d3-56d88772ab1a,BH Bm Le Fèvre de Montignylaan/ Jeroen Boschlaan,51.955641943,4.505982462,6,0,9999
2026-04-20T19:49:28.400186,4228b402-8537-11ee-bb01-c602c1905375,BH Tongelaarweg,51.895280064,4.563514996,10,1,9999
2026-04-20T19:49:28.400186,6f66a60c-36e5-11f0-ab1d-9ae3af3bf913,BH Lloydpier,51.904487669,4.460458303,8,5,1
2026-04-20T19:49:28.400186,7d81b63e-a5b5-11f0-b05b-baed9603afbb,HUB 's Gravelandseweg,51.932091958,4.401924037,6,2,9999
2026-04-20T19:49:28.400186,a3dbb322-8121-11ed-b1e6-fa4fb8e2990b,RK Metrostation Rijnhaven ,51.902216981,4.49610172,15,4,9999
2026-04-20T19:49:28.400186,cf23b50e-9ad0-11f0-ab44-baed9603afbb,BH Natuurhistorisch museum,51.911022288,4.472728259,12,3,9999
2026-04-20T19:49:28.400186,d55243f6-182b-11ef-a8d1-42f0fecaeb6a,BH Siciliëboulevard ,51.97996654,4.580859756,10,0,9999
2026-04-20T19:49:28.400186,e0f7ef36-a5b4-11f0-ab44-baed9603afbb,Havenstraat einde (digitale testhub),51.900396883,4.398614319,12,0,9999
2026-04-20T19:49:28.400186,05d1d708-eabd-11ef-88c2-aa7241d1fb4f,HUB De Thermen ,51.927426752,4.380236246,8,6,9999
2026-04-20T19:49:28.400186,b3381a7a-2036-11f0-ab1d-9ae3af3bf913,BH Oudedijk / de Nieuwe Plantage,51.929149075,4.505248613,8,5,9999
2026-04-20T19:49:28.400186,8b480576-eabc-11ee-a9f0-82366b51b915,BH Schiedamseweg Beneden,51.914135146,4.422297364,5,2,9999
2026-04-20T19:49:28.400186,89a2f1d2-a5b3-11f0-ab44-baed9603afbb,Metrostation Vijfsluizen,51.908108215,4.37254105,8,2,9999
2026-04-20T19:49:28.400186,e50f3d1e-f069-11ef-9ed7-0ea3ed1ae564,HUB Oranjestraat - Lange Nieuwstraat,51.913368472,4.40030457,5,0,9999
2026-04-20T19:49:28.400186,4c1b19a4-d0a1-11ee-8b0e-065810cc8d78,BH Elandstraat,51.910800072,4.553878993,10,1,9999
2026-04-20T19:49:28.400186,bbbba24e-806e-11ed-b1e6-fa4fb8e2990b,RK P+R Noorderhelling,51.894761016,4.532122707,15,1,9999
2026-04-20T19:49:28.400186,3ac0b682-8129-11ed-b1e6-fa4fb8e2990b,RK Cor Kieboomplein,51.896922039,4.523502821,15,1,9999
2026-04-20T19:49:28.400186,5a3ffbf4-37b1-11ef-a21a-8e54a72a50da,HUB Metrostation Nieuwland / Van Limburg Stirumstraat,51.922446663,4.38308784,6,0,6
2026-04-20T19:49:28.400186,5d8d12a2-a5b4-11f0-ab44-baed9603afbb,Van Heekstraat,51.931167557,4.406024405,4,0,9999
2026-04-20T19:49:28.400186,f251d6e8-0b82-11ef-b58d-569a23b994be,BH Metrostation Graskruid ,51.956473743,4.550010233,8,1,9999
2026-04-20T19:49:28.400186,a4d2ea7c-b2f0-11ef-aa57-62870c7808bb,BH 2e Hogenbanweg,51.936951327,4.427707182,8,4,9999
2026-04-20T19:49:28.400186,75ba0d1a-2037-11f0-ab1d-9ae3af3bf913,BH Stadhoudersweg,51.931417737,4.461484988,10,5,9999
2026-04-20T19:49:28.400186,bc6b0d7e-a745-11ef-8778-d2279db84567,BH Goudsewagenstraat,51.923224462,4.493552746,8,12,9999
2026-04-20T19:49:28.400186,0f37eafc-8912-11ee-bb01-c602c1905375,BH Metro Oostplein,51.922677789,4.497608825,10,5,9999
2026-04-20T19:49:28.400186,aed7c2fa-8123-11ed-b1e6-fa4fb8e2990b,RK Groene Hilledijk/Beijerlandselaan,51.893806789,4.509452258,10,8,9999
2026-04-20T19:49:28.400186,c76f0318-bb92-11ef-a02d-6ea8ed91bd56,BH NS Centraal Station (Stationssingel),51.925399994,4.466148375,10,8,9999
2026-04-20T19:49:28.400186,361a368c-a5b4-11f0-ab44-baed9603afbb,Sportpark Haga (Epke Zonderlandstraat),51.921919868,4.370918199,8,5,9999
2026-04-20T19:49:28.400186,f4c0fe5e-02d6-11ef-b58d-569a23b994be,BH Paulus Potterstraat,51.9228414,4.508497696,10,4,9999
2026-04-20T19:49:28.400186,48cbf66e-9f15-11ee-a91e-ee69b7c7763e,BH Franselaan,51.917379138,4.420463507,10,3,9999
2026-04-20T19:49:28.400186,e9735b4e-7da7-11f0-ab44-baed9603afbb,BH Veldkersweg,51.966835673,4.46657292,8,1,9999
2026-04-20T19:49:28.400186,4b1ac684-bb93-11ef-a02d-6ea8ed91bd56,BH Noorderkanaalweg,51.940525593,4.472984586,9,1,9999
2026-04-20T19:49:28.400186,033a9392-3700-11f0-ab1d-9ae3af3bf913,BH Herman Bavinckstraat,51.915067882,4.521446921,10,3,9999
2026-04-20T19:49:28.400186,ffe8c3e8-a8da-11ef-8778-d2279db84567,BH Mathenesserplein,51.917836602,4.44508891,8,1,9999
2026-04-20T19:49:28.400186,e377069a-ff63-11ef-a79f-a65a77daff90,BH Kralingsebos Bosdreef/Pr. Beatrixlaan,51.93789612,4.501689644,8,5,9999
2026-04-20T19:49:28.400186,7af95f9c-a747-11ef-8778-d2279db84567,BH Kruisplein,51.92228569,4.47138789,6,15,9999
2026-04-20T19:49:28.400186,4c50cb7a-bdb6-11ed-b1e6-fa4fb8e2990b,RK Olympiaweg,51.886462746,4.529133302,10,5,9999
2026-04-20T19:49:28.400186,a694ef4e-36e5-11f0-ab1d-9ae3af3bf913,BH Neushoornstraat,51.913041554,4.553743002,6,2,4
2026-04-20T19:49:28.400186,be56ca62-8120-11ed-b1e6-fa4fb8e2990b,RK P+R Beverwaard,51.885771514,4.568986239,10,0,9999
2026-04-20T19:49:28.400186,d5af3bc4-806a-11ed-b1e6-fa4fb8e2990b,BH Kievitslaan,51.907226862,4.473300159,17,3,9999
2026-04-20T19:49:28.400186,dd006abc-a5b3-11f0-ab44-baed9603afbb,Havenstraat,51.903204365,4.398004897,8,0,9999
2026-04-20T19:49:28.400186,6f09af84-eabe-11ee-a9f0-82366b51b915,BH Delftseplein ,51.925206514,4.474011701,14,21,9999
2026-04-20T19:49:28.400186,1cfb89ec-806b-11ed-b1e6-fa4fb8e2990b,BH Westplein,51.908912961,4.478583441,10,7,9999
2026-04-20T19:49:28.400186,12fc10a4-bb94-11ef-a02d-6ea8ed91bd56,BH Noordplein,51.930251975,4.483699175,10,2,9999
2026-04-20T19:49:28.400186,276e8d26-bda0-11ed-b1e6-fa4fb8e2990b,RK Strevelsweg,51.889634937,4.495943368,15,5,9999
2026-04-20T19:49:28.400186,9e066470-2038-11f0-ab1d-9ae3af3bf913,BH Kralinger Esch,51.911179823,4.524762065,9,3,9999
2026-04-20T19:49:28.400186,9b1f0aaa-8125-11ed-b1e6-fa4fb8e2990b,RK Slaghekstraat - Beijerlandselaan,51.897574833,4.511261604,10,4,9999
2026-04-20T19:49:28.400186,b8c81048-2037-11f0-ab1d-9ae3af3bf913,BH Van Maanenstraat,51.932279316,4.464280453,6,8,9999
2026-04-20T19:49:28.400186,1f4ff66c-bdb8-11ed-b1e6-fa4fb8e2990b,RK Van der Takstraat ,51.914243737,4.496045621,10,7,9999
2026-04-20T19:49:28.400186,3b523cee-5c94-11f0-ab1d-9ae3af3bf913,BH - Wilhelminapier,51.90698281,4.489727426,14,7,9999
2026-04-20T19:49:28.400186,e8d292d2-039a-11ef-b58d-569a23b994be,BH Mia van Yperenplein ,51.928414546,4.545678043,10,1,9999
2026-04-20T19:49:28.400186,12daf18a-8068-11ed-b1e6-fa4fb8e2990b,BH Treinst. Lombardijen (Aesopusplaats),51.880478018,4.530040287,10,3,9999
2026-04-20T19:49:28.400186,558e4a5a-eaba-11ee-a9f0-82366b51b915,BH Blijdorplaan ,51.927389289,4.440437692,22,1,9999
2026-04-20T19:49:28.400186,5a8de282-36ee-11f0-ab1d-9ae3af3bf913,BH van Blommesteynweg,51.888148155,4.460842726,10,4,9999
2026-04-20T19:49:28.400186,078569ee-a5b5-11f0-ab44-baed9603afbb,Nieuwe Waterwegstraat (digitale testhub),51.900682979,4.390873601,12,0,9999
2026-04-20T19:49:28.400186,8e5dd27e-06fd-11ef-b58d-569a23b994be,BH Prins Alexanderplein,51.951040272,4.553684972,14,0,9999
2026-04-20T19:49:28.400186,a6843864-fbc4-11ee-b58d-569a23b994be,Trompenburg 1,51.917696349,4.517981647,10,0,8
2026-04-20T19:49:28.400186,5b583480-a8da-11ef-8778-d2279db84567,BH Duyststraat,51.910073429,4.452225738,8,2,9999
2026-04-20T19:49:28.400186,2510e9ba-a5b6-11f0-847a-baed9603afbb,Hub Kloosterplaats,51.91675013,4.402112308,6,2,9999
2026-04-20T19:49:28.400186,880e3e72-a8dd-11ef-8778-d2279db84567,BH Spaansebocht,51.917413667,4.430014126,9,6,9999
2026-04-20T19:49:28.400186,b5b3324a-edb9-11ee-a9f0-82366b51b915,BH Siondwarsstraat,51.925261494,4.51053174,10,0,9999
2026-04-20T19:49:28.400186,94b01d94-edc6-11ee-a9f0-82366b51b915,BH Schuttersveld,51.933248028,4.490978921,10,1,9999
2026-04-20T19:49:28.400186,69b33170-edbd-11ee-a9f0-82366b51b915,BH Metro Oostplein 2,51.923145722,4.496820843,10,4,9999
2026-04-20T19:49:28.400186,67d6af9a-f068-11ef-ba40-0ea3ed1ae564,HUB Hof van Spaland - Schiedamseweg,51.934898803,4.378145906,12,5,9999
2026-04-20T19:49:28.400186,f4d561c2-1e0f-11f1-bada-da123385441b,BH PR Slinge 2,51.87374414,4.477026543,10,1,9
2026-04-20T19:49:28.400186,4933dd54-9e7c-11ee-a91e-ee69b7c7763e,BH Willem Ruyslaan (Luzac College),51.925421889,4.508669446,10,5,9999
2026-04-20T19:49:28.400186,9f935b6c-b095-11ef-b6d3-56d88772ab1a,BH Bergpolderplein,51.945227242,4.474988047,8,4,9999
2026-04-20T19:49:28.400186,8a2d056c-bb93-11ef-a02d-6ea8ed91bd56,BH NS Station Noord (Bergweg),51.941530048,4.481339526,10,3,7
2026-04-20T19:49:28.400186,4d95ab34-8122-11ed-b1e6-fa4fb8e2990b,RK Metrostation Maashaven ,51.896573582,4.494245173,30,1,9999
2026-04-20T19:49:28.400186,3d015ff0-8394-11ee-bb01-c602c1905375,BH Metrostation Oosterflank,51.945209326,4.555045447,10,0,9999
2026-04-20T19:49:28.400186,defeb050-a747-11ef-8778-d2279db84567,BH Karel Doormanstraat,51.922789549,4.473609692,9,5,9999
2026-04-20T19:49:28.400186,b5dc5454-890f-11ee-bb01-c602c1905375,BH Schilderstraat,51.916377397,4.48142868,8,2,9999
2026-04-20T19:49:28.400186,2f12ae3e-806c-11ed-b1e6-fa4fb8e2990b,BH Winkelcentrum Keizerswaard-Herenw,51.886358391,4.549308056,15,9,9999
2026-04-20T19:49:28.400186,3b6d73a8-805d-11ed-b1e6-fa4fb8e2990b,BH Metrostation Melanchtonweg,51.94881199,4.465233746,10,1,9999
2026-04-20T19:49:28.400186,d5832958-891a-11ee-bb01-c602c1905375,BH Metro Zuidplein (nieuw),51.887180341,4.491554668,10,3,9999
2026-04-20T19:49:28.400186,a535094e-b162-11ef-bdcd-5adc5d29ed54,BH Eudokiaplein,51.932433484,4.47153255,9,4,9999
2026-04-20T19:49:28.400186,437f8dc8-bd9e-11ed-b1e6-fa4fb8e2990b,RK Hillevliet,51.89558515,4.506432514,10,1,9999
2026-04-20T19:49:28.400186,f10d8ab4-9997-11ee-a91e-ee69b7c7763e,BH Shell Hofplein,51.925705456,4.477781355,28,8,9999
2026-04-20T19:49:28.400186,94467720-8127-11ed-b1e6-fa4fb8e2990b,RK Persoonsdam,51.909309099,4.508017165,10,7,9999
2026-04-20T19:49:28.400186,9245444a-2023-11f0-ab1d-9ae3af3bf913,BH Witte de Withstraat,51.915906523,4.478080905,10,2,9999
2026-04-20T19:49:28.400186,49d59348-ff64-11ef-b515-a65a77daff90,BH Bergweg (Dirk van den Broek),51.93856254,4.479465675,6,0,9999
2026-04-20T19:49:28.400186,30fb96bc-8124-11ed-b1e6-fa4fb8e2990b,RK Beverwaardseweg/ Borgharensingel,51.898798338,4.564663375,10,0,9999
2026-04-20T19:49:28.400186,9a1fb404-8ab3-11ee-bb01-c602c1905375,BH Langenhorst ,51.874120882,4.494254863,10,4,9999
2026-04-20T19:49:28.400186,abe67bfa-b096-11ef-b6d3-56d88772ab1a,BH Wilgenplaslaan/ Donkersingel,51.951337599,4.47048253,10,5,9999
2026-04-20T19:49:28.400186,068b0f9c-a8dd-11ef-8778-d2279db84567,BH Vierhavenstraat (Sahan),51.908502395,4.437727106,4,1,9999
2026-04-20T19:49:28.400186,bc0e7e9c-a8da-11ef-8778-d2279db84567,BH Jan van Vuchtstraat,51.917045317,4.460830874,6,7,9999
2026-04-20T19:49:28.400186,8b721818-a5b2-11f0-ab44-baed9603afbb,Lekstraat,51.90446958,4.406985264,6,0,9999
2026-04-20T19:49:28.400186,ad212572-06f7-11ef-b58d-569a23b994be,BH Molenlaan/Grindweg,51.963224537,4.49571068,10,1,9999
2026-04-20T19:49:28.400186,f8828c3e-806d-11ed-b1e6-fa4fb8e2990b,RK Station Rdam Zuid,51.905545015,4.509568537,15,7,9999
2026-04-20T19:49:28.400186,5f71799e-806b-11ed-b1e6-fa4fb8e2990b,BH Willemsplein,51.911118908,4.481894771,17,5,9999
2026-04-20T19:49:28.400186,42824336-bd97-11ed-b1e6-fa4fb8e2990b,RK Groene Hilledijk,51.882726433,4.504266667,10,1,9999
2026-04-20T19:49:28.400186,db6932f4-182b-11ef-a8d1-42f0fecaeb6a,BH Metrostation Nesselande,51.978969273,4.586177782,10,0,9999
2026-04-20T19:49:28.400186,2c4ff78a-2783-11f1-a5ae-0225521a85c1,BH PR Slinge 2,51.87374414,4.477026543,10,1,9
2026-04-20T19:49:28.400186,e26322b0-2025-11f0-ab1d-9ae3af3bf913,BH Brielselaan,51.896298935,4.489248091,4,2,9999
2026-04-20T19:49:28.400186,c862b7f2-06fb-11ef-b58d-569a23b994be,BH Prins Alexanderlaan (metrobaan zijde),51.952192324,4.551435621,10,0,9999
2026-04-20T19:49:28.400186,c53689c2-8124-11ed-b1e6-fa4fb8e2990b,RK Peellandstraat / Beesdestraat ,51.888535309,4.567291893,10,3,9999
2026-04-20T19:49:28.400186,8f5d35a0-1834-11ef-8071-42f0fecaeb6a,BH Jan Bijloostraat (Winkelcentrum Lage Land),51.941821995,4.546449269,9,4,9999
2026-04-20T19:49:28.400186,f8fcd3a4-983a-11ef-a85a-be896af2d3a5,BH Rhijnauwensingel,51.892161199,4.569620613,12,2,9999
2026-04-20T19:49:28.400186,118239d4-a5b2-11f0-ab44-baed9603afbb,Lorentzlaan (bushalte),51.917994492,4.415061192,4,0,9999
2026-04-20T19:49:28.400186,0c107276-bdb7-11ed-b1e6-fa4fb8e2990b,RK Sandelingenplein,51.889562128,4.506962326,10,3,9999
2026-04-20T19:49:28.400186,75b8bea6-81d8-11ed-b1e6-fa4fb8e2990b,RK Metrostation Maashaven (Putselaan),51.897794241,4.495760713,10,4,9999
2026-04-20T19:49:28.400186,a20bbbae-bdae-11ed-b1e6-fa4fb8e2990b,RK Frankendaal,51.886951976,4.521294152,10,0,9999
2026-04-20T19:49:28.400186,bc839806-a5b1-11f0-ab44-baed9603afbb,Van het Hoffplein (Boerhavelaan),51.916219132,4.412005574,8,1,9999
2026-04-20T19:49:28.400186,2c632780-a8de-11ef-8778-d2279db84567,BH Schuttevaerweg,51.922420472,4.434869706,10,1,9999
2026-04-20T19:49:28.400186,f1df385c-f5b2-11ef-81b3-76e5c571f05f,HUB Admiraal de Ruyterstraat,51.906742474,4.38554997,8,1,9999
2026-04-20T19:49:28.400186,4247dd56-1c9f-11ee-8219-8ed3b2364c4f,BH Metro Coolhaven,51.909218289,4.458167882,10,3,9999
2026-04-20T19:49:28.400186,65af1c24-06f4-11ef-b58d-569a23b994be,BH Meerum Terwogtlaan,51.951763386,4.524587387,10,2,9999
2026-04-20T20:33:46.085076,f1df385c-f5b2-11ef-81b3-76e5c571f05f,HUB Admiraal de Ruyterstraat,51.906742474,4.38554997,8,1,9999
2026-04-20T20:33:46.085076,118239d4-a5b2-11f0-ab44-baed9603afbb,Lorentzlaan (bushalte),51.917994492,4.415061192,4,0,9999
2026-04-20T20:33:46.085076,4247dd56-1c9f-11ee-8219-8ed3b2364c4f,BH Metro Coolhaven,51.909218289,4.458167882,10,3,9999
2026-04-20T20:33:46.085076,0c107276-bdb7-11ed-b1e6-fa4fb8e2990b,RK Sandelingenplein,51.889562128,4.506962326,10,3,9999
2026-04-20T20:33:46.085076,75b8bea6-81d8-11ed-b1e6-fa4fb8e2990b,RK Metrostation Maashaven (Putselaan),51.897794241,4.495760713,10,5,9999
2026-04-20T20:33:46.085076,a20bbbae-bdae-11ed-b1e6-fa4fb8e2990b,RK Frankendaal,51.886951976,4.521294152,10,0,9999
2026-04-20T20:33:46.085076,65af1c24-06f4-11ef-b58d-569a23b994be,BH Meerum Terwogtlaan,51.951763386,4.524587387,10,2,9999
2026-04-20T20:33:46.085076,bc839806-a5b1-11f0-ab44-baed9603afbb,Van het Hoffplein (Boerhavelaan),51.916219132,4.412005574,8,3,9999
2026-04-20T20:33:46.085076,2c632780-a8de-11ef-8778-d2279db84567,BH Schuttevaerweg,51.922420472,4.434869706,10,1,9999
2026-04-20T20:33:46.085076,a3c07f10-a5b5-11f0-b05b-baed9603afbb,HUB Hoofdbrug,51.908705902,4.406131267,8,1,9999
2026-04-20T20:33:46.085076,b9bfe680-fbc4-11ee-b58d-569a23b994be,Trompenburg 2,51.917638379,4.518889893,10,0,10
2026-04-20T20:33:46.085076,3c659862-a8dd-11ef-8778-d2279db84567,BH Mayflowerstraat,51.905015647,4.440161906,10,0,9999
2026-04-20T20:33:46.085076,e0a4baca-a748-11ef-8778-d2279db84567,BH Mariniersweg,51.920853425,4.490979502,10,7,9999
2026-04-20T20:33:46.085076,c35c448e-06fc-11ef-b58d-569a23b994be,BH Jacob van Campenweg ,51.942434165,4.537976212,7,5,9999
2026-04-20T20:33:46.085076,365f4a3e-a5b3-11f0-ab44-baed9603afbb,Rubensplein,51.911712719,4.383665134,6,0,9999
2026-04-20T20:33:46.085076,438486f4-a5b6-11f0-a150-baed9603afbb,HUB Koemarkt ingang garage,51.914517902,4.401917461,6,5,9999
2026-04-20T20:33:46.085076,a85b996e-fe23-11ee-b58d-569a23b994be,BH Dirk van der Kooijweg (Waterleliesingel),51.953796964,4.52009166,10,2,9999
2026-04-20T20:33:46.085076,19e2de56-b5d8-11ee-9ae6-5263e3f30f1e,BH STC Waalhaven,51.878297275,4.448759787,10,0,9999
2026-04-20T20:33:46.085076,c6c213ee-ed18-11ef-9957-f683e5eb607c,BH Langenhorst (Binkhorst),51.877310029,4.494737503,10,6,9999
2026-04-20T20:33:46.085076,3366f8b0-a8dc-11ef-8778-d2279db84567,BH Vierhavenstraat (WoonEnzo),51.907777562,4.438830385,4,1,9999
2026-04-20T20:33:46.085076,04a89aea-a5b3-11f0-ab44-baed9603afbb,Groenelaan Hagastraat (Winkelcentrum),51.907303396,4.402285408,4,0,9999
2026-04-20T20:33:46.085076,32638aa6-a5b5-11f0-9f09-baed9603afbb,HUB Laan van Bol'es,51.928443203,4.370771711,10,0,9999
2026-04-20T20:33:46.085076,291c2f72-a749-11ef-8778-d2279db84567,BH Westzeedijk,51.909321622,4.471436479,10,4,9999
2026-04-20T20:33:46.085076,abd627be-67bb-11f0-91de-5eaa9feacc9b,BH Schiekade (Heer Bokelweg),51.927133058,4.476309832,10,4,9999
2026-04-20T20:33:46.085076,8948d5a4-b094-11ef-b6d3-56d88772ab1a,BH Duivenpad,51.964922912,4.498254116,8,2,9999
2026-04-20T20:33:46.085076,227e8c1e-be97-11ee-9ae6-5263e3f30f1e,HUB Metrostation Troelstralaan,51.915742295,4.384972326,10,0,9999
2026-04-20T20:33:46.085076,0af509a8-06f7-11ef-b58d-569a23b994be,BH Beethovensingel,51.96114919,4.505141448,10,0,9999
2026-04-20T20:33:46.085076,dc06f296-1768-11ef-8071-42f0fecaeb6a,BH Prins Alexanderlaan (Oosterflank),51.946646256,4.553811478,12,0,9999
2026-04-20T20:33:46.085076,221af3ce-7fe1-11ee-bb01-c602c1905375,BH Metro Prinsenlaan,51.940647564,4.556931306,10,2,9999
2026-04-20T20:33:46.085076,a793d6ba-edc8-11ee-a9f0-82366b51b915,BH Infirmeriestraat,51.922255603,4.502265891,10,5,9999
2026-04-20T20:33:46.085076,0359e1a2-bdb3-11ed-b1e6-fa4fb8e2990b,RK Rosestraat 11C,51.902954022,4.511377745,10,4,9999
2026-04-20T20:33:46.085076,87f07e20-9e78-11ee-a91e-ee69b7c7763e,BH Marconistraat (Lee Towers),51.912441021,4.430411189,14,3,9999
2026-04-20T20:33:46.085076,f539bd6e-06f8-11ef-b58d-569a23b994be,BH Meijersplein,51.955657978,4.463033845,8,1,9999
2026-04-20T20:33:46.085076,70f0801a-8071-11ed-b1e6-fa4fb8e2990b,RK treinstation Lombardijen,51.88057913,4.531905572,30,5,9999
2026-04-20T20:33:46.085076,43752ffc-a8db-11ef-8778-d2279db84567,BH Pieter de Hoochweg,51.906316301,4.459985731,6,7,9999
2026-04-20T20:33:46.085076,b35ddad8-ab08-11ef-8778-d2279db84567,HUB Rotterdamsedijk 272,51.914957692,4.40343084,8,0,9999
2026-04-20T20:33:46.085076,9b1fa0f6-ae3c-11ee-a91e-ee69b7c7763e,BH Winkelhart Plein 1953,51.874842065,4.467889739,10,7,9999
2026-04-20T20:33:46.085076,8bd90878-0884-11f0-9a47-66143dd92f22,RK Molenvliet,51.882626536,4.521159806,10,3,9999
2026-04-20T20:33:46.085076,45450b66-a5b2-11f0-ab44-baed9603afbb,Maasdijk (Gustoweg),51.906629018,4.412009895,6,0,9999
2026-04-20T20:33:46.085076,4de2effe-f068-11ef-ba40-0ea3ed1ae564,HUB Hof van Spaland - Vlaardingseweg,51.935841728,4.376077923,4,2,9999
2026-04-20T20:33:46.085076,d38c6468-06fe-11ef-b58d-569a23b994be,BH Kleine Beer,51.950902127,4.555051083,6,1,9999
2026-04-20T20:33:46.085076,e552904e-182b-11ef-a8d1-42f0fecaeb6a,BH Metrostation Hesseplaats,51.963345229,4.554510684,10,4,9999
2026-04-20T20:33:46.085076,1826196c-b162-11ef-bdcd-5adc5d29ed54,BH Bentincklaan (Diergaarde Blijdorp),51.92572504,4.454794024,10,2,9999
2026-04-20T20:33:46.085076,8a1e5ed0-1c9e-11ee-8219-8ed3b2364c4f,BH Sparta stadion,51.920151368,4.434428835,20,9,9999
2026-04-20T20:33:46.085076,d3c9003c-b486-11ee-9ae6-5263e3f30f1e,BH Oostzeedijk Beneden,51.922514244,4.503092963,10,6,9999
2026-04-20T20:33:46.085076,552a82b8-b094-11ef-b6d3-56d88772ab1a,BH Hockeyclub Rotterdam,51.96869974,4.484731647,25,1,9999
2026-04-20T20:33:46.085076,cb3f6d1c-a746-11ef-8778-d2279db84567,BH Vasteland (AH),51.911537089,4.478368712,10,3,9999
2026-04-20T20:33:46.085076,d4a8557a-eabd-11ef-ac99-aa7241d1fb4f,HUB Admiraal Trompstraat (Huisman),51.908834504,4.381923039,8,0,9999
2026-04-20T20:33:46.085076,00e8b3de-9e82-11ee-a91e-ee69b7c7763e,BH Jacques Dutilhweg,51.927993284,4.5475155,10,0,9999
2026-04-20T20:33:46.085076,d868fe52-36e5-11f0-ab1d-9ae3af3bf913,BH Sluisjesdijk,51.894714517,4.461900478,10,4,5
2026-04-20T20:33:46.085076,4338fed2-edbb-11ee-a9f0-82366b51b915,BH Oostzeedijk Beneden 2,51.921653595,4.507031037,10,10,9999
2026-04-20T20:33:46.085076,2c82bb9a-217b-11ee-8219-8ed3b2364c4f,Hub Weena,51.922738296,4.469181329,142,22,9999
2026-04-20T20:33:46.085076,96f5cbdc-06f6-11ef-b58d-569a23b994be,BH Argonautenweg,51.959086712,4.49354982,10,1,9999
2026-04-20T20:33:46.085076,2f51713e-32b7-11ee-8219-8ed3b2364c4f,Hub P+R Capelsebrug,51.920991793,4.559215491,18,9,9999
2026-04-20T20:33:46.085076,62b0255a-9e7a-11ee-a91e-ee69b7c7763e,BH Vierhavenstraat,51.910327597,4.434992993,16,0,9999
2026-04-20T20:33:46.085076,2b10524e-06f5-11ef-b58d-569a23b994be,BH Piet van der Polsingel,51.950618784,4.518612648,8,3,9999
2026-04-20T20:33:46.085076,47070056-06fa-11ef-b58d-569a23b994be,BH Metrostation Schenkel,51.931770435,4.56406792,12,0,9999
2026-04-20T20:33:46.085076,0e59456c-f06d-11f0-b173-2e3b4d4b7f35,BH P+R Kralingse Zoom,51.921440854,4.531732208,10,7,0
2026-04-20T20:33:46.085076,7a8c12ba-91ab-11ed-b1e6-fa4fb8e2990b,BH Metrostation Slinge,51.874526023,4.477872534,15,0,9999
2026-04-20T20:33:46.085076,9d9bb8ec-4bd1-11ee-bb01-c602c1905375,BH Marconiplein,51.913319277,4.432514448,10,3,9999
2026-04-20T20:33:46.085076,026045c6-8530-11ee-bb01-c602c1905375,BH Winkelhart Katendrechtse Lagedijk,51.891184937,4.479440034,10,4,9999
2026-04-20T20:33:46.085076,8330f3ca-a5b4-11f0-ab44-baed9603afbb,Fokkerstraat Plesmanstraat,51.929694009,4.399576614,4,0,9999
2026-04-20T20:33:46.085076,5b842034-5331-11f0-ab1d-9ae3af3bf913,BH Walenburgerweg,51.926698659,4.462629155,10,11,9999
2026-04-20T20:33:46.085076,a08059b6-b484-11ee-9ae6-5263e3f30f1e,BH Metrostation Gerdesiaweg,51.925444134,4.506155972,10,3,9999
2026-04-20T20:33:46.085076,2f718c84-8911-11ee-bb01-c602c1905375,BH Metro Dijkzigt - EMC,51.911789199,4.466334846,20,4,9999
2026-04-20T20:33:46.085076,f58e41fc-1c9f-11ee-8219-8ed3b2364c4f,BH Heemraadsplein,51.912322959,4.455058085,10,5,9999
2026-04-20T20:33:46.085076,79fdd038-34b8-11f0-ab1d-9ae3af3bf913,BH RTHA Airport,51.94924845,4.432611987,10,0,8
2026-04-20T20:33:46.085076,1c41897e-596e-11ef-bed6-aa139991deb4,HUB Metrostation Nieuwland / Bijdorpplein,51.922583819,4.38260008,10,0,9999
2026-04-20T20:33:46.085076,a57d027c-8912-11ee-bb01-c602c1905375,BH Delftse Poort,51.924408145,4.472816464,10,7,9999
2026-04-20T20:33:46.085076,6383849a-2038-11f0-ab1d-9ae3af3bf913,BH - Kralingsebos (Langepad),51.936318565,4.506197017,10,6,9999
2026-04-20T20:33:46.085076,e90e9332-06f5-11ef-b58d-569a23b994be,BH Burgemeester Le Fèvre de Montignylaan,51.957620055,4.501711782,10,0,9999
2026-04-20T20:33:46.085076,5cb3ffde-bdaf-11ed-b1e6-fa4fb8e2990b,RK Stadionlaan,51.892328813,4.530682857,10,2,9999
2026-04-20T20:33:46.085076,02bed1f8-8392-11ee-bb01-c602c1905375,BH Station Alexander,51.951735827,4.551049232,10,2,9999
2026-04-20T20:33:46.085076,08d5cf66-8ab2-11ee-bb01-c602c1905375,BH Winkelhart Asterlo,51.873536387,4.483591736,10,5,9999
2026-04-20T20:33:46.085076,0e51e024-c757-11ee-9ae6-5263e3f30f1e,BH Metrostation Binnenhof,51.960437867,4.535372966,10,1,9999
2026-04-20T20:33:46.085076,409f87f6-890f-11ee-bb01-c602c1905375,BH Metro Beurs,51.917806013,4.480107053,8,0,9999
2026-04-20T20:33:46.085076,d6a7cd26-4d08-11f0-ab1d-9ae3af3bf913,BH - Oudehoofdplein-Haringvliet,51.918979475,4.49384405,10,8,9999
2026-04-20T20:33:46.085076,f0ad9b92-1767-11ef-8071-42f0fecaeb6a,BH Prinsenlaan,51.937206457,4.536127586,10,7,9999
2026-04-20T20:33:46.085076,f06fd44c-2035-11f0-ab1d-9ae3af3bf913,BH Boezemlaan,51.938982631,4.495864471,10,8,9999
2026-04-20T20:33:46.085076,8d91a90c-9e83-11ee-a91e-ee69b7c7763e,BH Kraaierstraat,51.91909698,4.418192898,8,1,9999
2026-04-20T20:33:46.085076,a2671a36-bdad-11ed-b1e6-fa4fb8e2990b,RK Dwarsdijk,51.893055987,4.539201504,10,3,9999
2026-04-20T20:33:46.085076,376a5cda-06f8-11ef-b58d-569a23b994be,BH Ganzerikplein,51.958953276,4.471584016,10,1,9999
2026-04-20T20:33:46.085076,5cdd9872-b096-11ef-b6d3-56d88772ab1a,BH Wilgenplaslaan/ Meidoornsingel,51.953868042,4.468211582,7,0,9999
2026-04-20T20:33:46.085076,952a3e78-a8db-11ef-8778-d2279db84567,BH Lloydstraat,51.902214281,4.461287644,10,7,9999
2026-04-20T20:33:46.085076,a6fa0910-8067-11ed-b1e6-fa4fb8e2990b,BH Stadion Fey (Bert Heesakkerstr.),51.896805818,4.521735582,50,1,9999
2026-04-20T20:33:46.085076,a1337d02-e018-11ed-a249-96cdaf8f7240,BH Sint Franciscus,51.942171146,4.460534407,25,0,9999
2026-04-20T20:33:46.085076,d3cea108-8285-11f0-ab44-baed9603afbb,BH - Ratelaarweg,51.967431611,4.463349689,10,0,9999
2026-04-20T20:33:46.085076,3bef7002-bdb5-11ed-b1e6-fa4fb8e2990b,RK Breeweg,51.890630632,4.514261169,10,6,9999
2026-04-20T20:33:46.085076,8c90734c-45bb-11ee-8219-8ed3b2364c4f,BH Coen Moulijnweg,51.893813253,4.526876329,42,1,9999
2026-04-20T20:33:46.085076,1b098490-2037-11f0-ab1d-9ae3af3bf913,BH Karmelweg,51.933461291,4.5029394,8,2,9999
2026-04-20T20:33:46.085076,23348a06-bdb1-11ed-b1e6-fa4fb8e2990b,RK Guido Gezelleweg,51.87434607,4.523238145,10,6,9999
2026-04-20T20:33:46.085076,66824038-37b2-11ef-a21a-8e54a72a50da,HUB Metrostation Parkweg / Zuidzijde,51.921443238,4.39475836,10,2,8
2026-04-20T20:33:46.085076,2c127298-ff25-11ef-a79f-a65a77daff90,BH Aert van Nesstraat,51.921141166,4.478916173,8,1,9999
2026-04-20T20:33:46.085076,cde445c6-a744-11ef-8778-d2279db84567,BH Groenendaal,51.921685178,4.492944049,6,8,9999
2026-04-20T20:33:46.085076,97c6a1c2-a8da-11ef-8778-d2279db84567,BH Henegouwerplein,51.921807589,4.460561523,10,7,9999
2026-04-20T20:33:46.085076,e68d5642-a5b5-11f0-b6c1-baed9603afbb,HUB NS Station Schiedam Centrum/ Professor Kamerlingh Onneslaan,51.92071744,4.408262487,12,2,9999
2026-04-20T20:33:46.085076,82623a40-bda3-11ed-b1e6-fa4fb8e2990b,RK Rosestraat,51.91100607,4.501308573,10,3,9999
2026-04-20T20:33:46.085076,b7353df6-b485-11ee-9ae6-5263e3f30f1e,BH Metrostation Kralingsezoom (Gravenweg),51.921751706,4.533850265,10,1,9999
2026-04-20T20:33:46.085076,6c34980a-bb92-11ef-a02d-6ea8ed91bd56,BH Gordelweg (Lidl),51.940472428,4.479798999,4,3,9999
2026-04-20T20:33:46.085076,5904bd1a-a5b5-11f0-b05b-baed9603afbb,HUB Hof van Spaland - Bachplein,51.934889388,4.374726808,8,4,9999
2026-04-20T20:33:46.085076,32ca5fd0-8126-11ed-b1e6-fa4fb8e2990b,RK Vuurplaat,51.906526668,4.505838102,10,0,9999
2026-04-20T20:33:46.085076,f94a1ff6-b095-11ef-b6d3-56d88772ab1a,BH Bm Le Fèvre de Montignylaan/ Jeroen Boschlaan,51.955641943,4.505982462,6,0,9999
2026-04-20T20:33:46.085076,4228b402-8537-11ee-bb01-c602c1905375,BH Tongelaarweg,51.895280064,4.563514996,10,1,9999
2026-04-20T20:33:46.085076,6f66a60c-36e5-11f0-ab1d-9ae3af3bf913,BH Lloydpier,51.904487669,4.460458303,8,4,2
2026-04-20T20:33:46.085076,7d81b63e-a5b5-11f0-b05b-baed9603afbb,HUB 's Gravelandseweg,51.932091958,4.401924037,6,2,9999
2026-04-20T20:33:46.085076,a3dbb322-8121-11ed-b1e6-fa4fb8e2990b,RK Metrostation Rijnhaven ,51.902216981,4.49610172,15,3,9999
2026-04-20T20:33:46.085076,cf23b50e-9ad0-11f0-ab44-baed9603afbb,BH Natuurhistorisch museum,51.911022288,4.472728259,12,3,9999
2026-04-20T20:33:46.085076,d55243f6-182b-11ef-a8d1-42f0fecaeb6a,BH Siciliëboulevard ,51.97996654,4.580859756,10,0,9999
2026-04-20T20:33:46.085076,e0f7ef36-a5b4-11f0-ab44-baed9603afbb,Havenstraat einde (digitale testhub),51.900396883,4.398614319,12,0,9999
2026-04-20T20:33:46.085076,05d1d708-eabd-11ef-88c2-aa7241d1fb4f,HUB De Thermen ,51.927426752,4.380236246,8,6,9999
2026-04-20T20:33:46.085076,b3381a7a-2036-11f0-ab1d-9ae3af3bf913,BH Oudedijk / de Nieuwe Plantage,51.929149075,4.505248613,8,4,9999
2026-04-20T20:33:46.085076,8b480576-eabc-11ee-a9f0-82366b51b915,BH Schiedamseweg Beneden,51.914135146,4.422297364,5,2,9999
2026-04-20T20:33:46.085076,89a2f1d2-a5b3-11f0-ab44-baed9603afbb,Metrostation Vijfsluizen,51.908108215,4.37254105,8,2,9999
2026-04-20T20:33:46.085076,4c1b19a4-d0a1-11ee-8b0e-065810cc8d78,BH Elandstraat,51.910800072,4.553878993,10,1,9999
2026-04-20T20:33:46.085076,e50f3d1e-f069-11ef-9ed7-0ea3ed1ae564,HUB Oranjestraat - Lange Nieuwstraat,51.913368472,4.40030457,5,0,9999
2026-04-20T20:33:46.085076,bbbba24e-806e-11ed-b1e6-fa4fb8e2990b,RK P+R Noorderhelling,51.894761016,4.532122707,15,1,9999
2026-04-20T20:33:46.085076,3ac0b682-8129-11ed-b1e6-fa4fb8e2990b,RK Cor Kieboomplein,51.896922039,4.523502821,15,1,9999
2026-04-20T20:33:46.085076,5a3ffbf4-37b1-11ef-a21a-8e54a72a50da,HUB Metrostation Nieuwland / Van Limburg Stirumstraat,51.922446663,4.38308784,6,0,6
2026-04-20T20:33:46.085076,5d8d12a2-a5b4-11f0-ab44-baed9603afbb,Van Heekstraat,51.931167557,4.406024405,4,0,9999
2026-04-20T20:33:46.085076,f251d6e8-0b82-11ef-b58d-569a23b994be,BH Metrostation Graskruid ,51.956473743,4.550010233,8,1,9999
2026-04-20T20:33:46.085076,a4d2ea7c-b2f0-11ef-aa57-62870c7808bb,BH 2e Hogenbanweg,51.936951327,4.427707182,8,3,9999
2026-04-20T20:33:46.085076,75ba0d1a-2037-11f0-ab1d-9ae3af3bf913,BH Stadhoudersweg,51.931417737,4.461484988,10,5,9999
2026-04-20T20:33:46.085076,bc6b0d7e-a745-11ef-8778-d2279db84567,BH Goudsewagenstraat,51.923224462,4.493552746,8,12,9999
2026-04-20T20:33:46.085076,0f37eafc-8912-11ee-bb01-c602c1905375,BH Metro Oostplein,51.922677789,4.497608825,10,7,9999
2026-04-20T20:33:46.085076,aed7c2fa-8123-11ed-b1e6-fa4fb8e2990b,RK Groene Hilledijk/Beijerlandselaan,51.893806789,4.509452258,10,8,9999
2026-04-20T20:33:46.085076,c76f0318-bb92-11ef-a02d-6ea8ed91bd56,BH NS Centraal Station (Stationssingel),51.925399994,4.466148375,10,13,9999
2026-04-20T20:33:46.085076,361a368c-a5b4-11f0-ab44-baed9603afbb,Sportpark Haga (Epke Zonderlandstraat),51.921919868,4.370918199,8,5,9999
2026-04-20T20:33:46.085076,f4c0fe5e-02d6-11ef-b58d-569a23b994be,BH Paulus Potterstraat,51.9228414,4.508497696,10,4,9999
2026-04-20T20:33:46.085076,48cbf66e-9f15-11ee-a91e-ee69b7c7763e,BH Franselaan,51.917379138,4.420463507,10,3,9999
2026-04-20T20:33:46.085076,e9735b4e-7da7-11f0-ab44-baed9603afbb,BH Veldkersweg,51.966835673,4.46657292,8,1,9999
2026-04-20T20:33:46.085076,4b1ac684-bb93-11ef-a02d-6ea8ed91bd56,BH Noorderkanaalweg,51.940525593,4.472984586,9,1,9999
2026-04-20T20:33:46.085076,033a9392-3700-11f0-ab1d-9ae3af3bf913,BH Herman Bavinckstraat,51.915067882,4.521446921,10,3,9999
2026-04-20T20:33:46.085076,ffe8c3e8-a8da-11ef-8778-d2279db84567,BH Mathenesserplein,51.917836602,4.44508891,8,1,9999
2026-04-20T20:33:46.085076,e377069a-ff63-11ef-a79f-a65a77daff90,BH Kralingsebos Bosdreef/Pr. Beatrixlaan,51.93789612,4.501689644,8,5,9999
2026-04-20T20:33:46.085076,7af95f9c-a747-11ef-8778-d2279db84567,BH Kruisplein,51.92228569,4.47138789,6,12,9999
2026-04-20T20:33:46.085076,4c50cb7a-bdb6-11ed-b1e6-fa4fb8e2990b,RK Olympiaweg,51.886462746,4.529133302,10,5,9999
2026-04-20T20:33:46.085076,a694ef4e-36e5-11f0-ab1d-9ae3af3bf913,BH Neushoornstraat,51.913041554,4.553743002,6,2,4
2026-04-20T20:33:46.085076,be56ca62-8120-11ed-b1e6-fa4fb8e2990b,RK P+R Beverwaard,51.885771514,4.568986239,10,0,9999
2026-04-20T20:33:46.085076,d5af3bc4-806a-11ed-b1e6-fa4fb8e2990b,BH Kievitslaan,51.907226862,4.473300159,17,3,9999
2026-04-20T20:33:46.085076,dd006abc-a5b3-11f0-ab44-baed9603afbb,Havenstraat,51.903204365,4.398004897,8,0,9999
2026-04-20T20:33:46.085076,6f09af84-eabe-11ee-a9f0-82366b51b915,BH Delftseplein ,51.925206514,4.474011701,14,22,9999
2026-04-20T20:33:46.085076,1cfb89ec-806b-11ed-b1e6-fa4fb8e2990b,BH Westplein,51.908912961,4.478583441,10,5,9999
2026-04-20T20:33:46.085076,12fc10a4-bb94-11ef-a02d-6ea8ed91bd56,BH Noordplein,51.930251975,4.483699175,10,2,9999
2026-04-20T20:33:46.085076,276e8d26-bda0-11ed-b1e6-fa4fb8e2990b,RK Strevelsweg,51.889634937,4.495943368,15,7,9999
2026-04-20T20:33:46.085076,9e066470-2038-11f0-ab1d-9ae3af3bf913,BH Kralinger Esch,51.911179823,4.524762065,9,3,9999
2026-04-20T20:33:46.085076,9b1f0aaa-8125-11ed-b1e6-fa4fb8e2990b,RK Slaghekstraat - Beijerlandselaan,51.897574833,4.511261604,10,4,9999
2026-04-20T20:33:46.085076,b8c81048-2037-11f0-ab1d-9ae3af3bf913,BH Van Maanenstraat,51.932279316,4.464280453,6,8,9999
2026-04-20T20:33:46.085076,1f4ff66c-bdb8-11ed-b1e6-fa4fb8e2990b,RK Van der Takstraat ,51.914243737,4.496045621,10,7,9999
2026-04-20T20:33:46.085076,3b523cee-5c94-11f0-ab1d-9ae3af3bf913,BH - Wilhelminapier,51.90698281,4.489727426,14,9,9999
2026-04-20T20:33:46.085076,e8d292d2-039a-11ef-b58d-569a23b994be,BH Mia van Yperenplein ,51.928414546,4.545678043,10,1,9999
2026-04-20T20:33:46.085076,12daf18a-8068-11ed-b1e6-fa4fb8e2990b,BH Treinst. Lombardijen (Aesopusplaats),51.880478018,4.530040287,10,1,9999
2026-04-20T20:33:46.085076,558e4a5a-eaba-11ee-a9f0-82366b51b915,BH Blijdorplaan ,51.927389289,4.440437692,22,1,9999
2026-04-20T20:33:46.085076,5a8de282-36ee-11f0-ab1d-9ae3af3bf913,BH van Blommesteynweg,51.888148155,4.460842726,10,3,9999
2026-04-20T20:33:46.085076,078569ee-a5b5-11f0-ab44-baed9603afbb,Nieuwe Waterwegstraat (digitale testhub),51.900682979,4.390873601,12,0,9999
2026-04-20T20:33:46.085076,8e5dd27e-06fd-11ef-b58d-569a23b994be,BH Prins Alexanderplein,51.951040272,4.553684972,14,0,9999
2026-04-20T20:33:46.085076,a6843864-fbc4-11ee-b58d-569a23b994be,Trompenburg 1,51.917696349,4.517981647,10,1,7
2026-04-20T20:33:46.085076,5b583480-a8da-11ef-8778-d2279db84567,BH Duyststraat,51.910073429,4.452225738,8,1,9999
2026-04-20T20:33:46.085076,2510e9ba-a5b6-11f0-847a-baed9603afbb,Hub Kloosterplaats,51.91675013,4.402112308,6,0,9999
2026-04-20T20:33:46.085076,880e3e72-a8dd-11ef-8778-d2279db84567,BH Spaansebocht,51.917413667,4.430014126,9,4,9999
2026-04-20T20:33:46.085076,b5b3324a-edb9-11ee-a9f0-82366b51b915,BH Siondwarsstraat,51.925261494,4.51053174,10,0,9999
2026-04-20T20:33:46.085076,94b01d94-edc6-11ee-a9f0-82366b51b915,BH Schuttersveld,51.933248028,4.490978921,10,1,9999
2026-04-20T20:33:46.085076,69b33170-edbd-11ee-a9f0-82366b51b915,BH Metro Oostplein 2,51.923145722,4.496820843,10,4,9999
2026-04-20T20:33:46.085076,67d6af9a-f068-11ef-ba40-0ea3ed1ae564,HUB Hof van Spaland - Schiedamseweg,51.934898803,4.378145906,12,5,9999
2026-04-20T20:33:46.085076,f4d561c2-1e0f-11f1-bada-da123385441b,BH PR Slinge 2,51.87374414,4.477026543,10,1,9
2026-04-20T20:33:46.085076,4933dd54-9e7c-11ee-a91e-ee69b7c7763e,BH Willem Ruyslaan (Luzac College),51.925421889,4.508669446,10,5,9999
2026-04-20T20:33:46.085076,9f935b6c-b095-11ef-b6d3-56d88772ab1a,BH Bergpolderplein,51.945227242,4.474988047,8,5,9999
2026-04-20T20:33:46.085076,8a2d056c-bb93-11ef-a02d-6ea8ed91bd56,BH NS Station Noord (Bergweg),51.941530048,4.481339526,10,3,7
2026-04-20T20:33:46.085076,4d95ab34-8122-11ed-b1e6-fa4fb8e2990b,RK Metrostation Maashaven ,51.896573582,4.494245173,30,1,9999
2026-04-20T20:33:46.085076,3d015ff0-8394-11ee-bb01-c602c1905375,BH Metrostation Oosterflank,51.945209326,4.555045447,10,0,9999
2026-04-20T20:33:46.085076,defeb050-a747-11ef-8778-d2279db84567,BH Karel Doormanstraat,51.922789549,4.473609692,9,3,9999
2026-04-20T20:33:46.085076,b5dc5454-890f-11ee-bb01-c602c1905375,BH Schilderstraat,51.916377397,4.48142868,8,3,9999
2026-04-20T20:33:46.085076,2f12ae3e-806c-11ed-b1e6-fa4fb8e2990b,BH Winkelcentrum Keizerswaard-Herenw,51.886358391,4.549308056,15,9,9999
2026-04-20T20:33:46.085076,3b6d73a8-805d-11ed-b1e6-fa4fb8e2990b,BH Metrostation Melanchtonweg,51.94881199,4.465233746,10,1,9999
2026-04-20T20:33:46.085076,d5832958-891a-11ee-bb01-c602c1905375,BH Metro Zuidplein (nieuw),51.887180341,4.491554668,10,3,9999
2026-04-20T20:33:46.085076,a535094e-b162-11ef-bdcd-5adc5d29ed54,BH Eudokiaplein,51.932433484,4.47153255,9,4,9999
2026-04-20T20:33:46.085076,437f8dc8-bd9e-11ed-b1e6-fa4fb8e2990b,RK Hillevliet,51.89558515,4.506432514,10,2,9999
2026-04-20T20:33:46.085076,f10d8ab4-9997-11ee-a91e-ee69b7c7763e,BH Shell Hofplein,51.925705456,4.477781355,28,5,9999
2026-04-20T20:33:46.085076,94467720-8127-11ed-b1e6-fa4fb8e2990b,RK Persoonsdam,51.909309099,4.508017165,10,8,9999
2026-04-20T20:33:46.085076,9245444a-2023-11f0-ab1d-9ae3af3bf913,BH Witte de Withstraat,51.915906523,4.478080905,10,2,9999
2026-04-20T20:33:46.085076,49d59348-ff64-11ef-b515-a65a77daff90,BH Bergweg (Dirk van den Broek),51.93856254,4.479465675,6,0,9999
2026-04-20T20:33:46.085076,30fb96bc-8124-11ed-b1e6-fa4fb8e2990b,RK Beverwaardseweg/ Borgharensingel,51.898798338,4.564663375,10,0,9999
2026-04-20T20:33:46.085076,9a1fb404-8ab3-11ee-bb01-c602c1905375,BH Langenhorst ,51.874120882,4.494254863,10,4,9999
2026-04-20T20:33:46.085076,abe67bfa-b096-11ef-b6d3-56d88772ab1a,BH Wilgenplaslaan/ Donkersingel,51.951337599,4.47048253,10,5,9999
2026-04-20T20:33:46.085076,068b0f9c-a8dd-11ef-8778-d2279db84567,BH Vierhavenstraat (Sahan),51.908502395,4.437727106,4,1,9999
2026-04-20T20:33:46.085076,bc0e7e9c-a8da-11ef-8778-d2279db84567,BH Jan van Vuchtstraat,51.917045317,4.460830874,6,7,9999
2026-04-20T20:33:46.085076,8b721818-a5b2-11f0-ab44-baed9603afbb,Lekstraat,51.90446958,4.406985264,6,0,9999
2026-04-20T20:33:46.085076,ad212572-06f7-11ef-b58d-569a23b994be,BH Molenlaan/Grindweg,51.963224537,4.49571068,10,1,9999
2026-04-20T20:33:46.085076,f8828c3e-806d-11ed-b1e6-fa4fb8e2990b,RK Station Rdam Zuid,51.905545015,4.509568537,15,7,9999
2026-04-20T20:33:46.085076,5f71799e-806b-11ed-b1e6-fa4fb8e2990b,BH Willemsplein,51.911118908,4.481894771,17,5,9999
2026-04-20T20:33:46.085076,42824336-bd97-11ed-b1e6-fa4fb8e2990b,RK Groene Hilledijk,51.882726433,4.504266667,10,1,9999
2026-04-20T20:33:46.085076,db6932f4-182b-11ef-a8d1-42f0fecaeb6a,BH Metrostation Nesselande,51.978969273,4.586177782,10,0,9999
2026-04-20T20:33:46.085076,2c4ff78a-2783-11f1-a5ae-0225521a85c1,BH PR Slinge 2,51.87374414,4.477026543,10,1,9
2026-04-20T20:33:46.085076,e26322b0-2025-11f0-ab1d-9ae3af3bf913,BH Brielselaan,51.896298935,4.489248091,4,1,9999
2026-04-20T20:33:46.085076,c862b7f2-06fb-11ef-b58d-569a23b994be,BH Prins Alexanderlaan (metrobaan zijde),51.952192324,4.551435621,10,0,9999
2026-04-20T20:33:46.085076,c53689c2-8124-11ed-b1e6-fa4fb8e2990b,RK Peellandstraat / Beesdestraat ,51.888535309,4.567291893,10,3,9999
2026-04-20T20:33:46.085076,8f5d35a0-1834-11ef-8071-42f0fecaeb6a,BH Jan Bijloostraat (Winkelcentrum Lage Land),51.941821995,4.546449269,9,3,9999
2026-04-20T20:33:46.085076,f8fcd3a4-983a-11ef-a85a-be896af2d3a5,BH Rhijnauwensingel,51.892161199,4.569620613,12,2,9999
2026-04-20T21:30:02.865628,f1df385c-f5b2-11ef-81b3-76e5c571f05f,HUB Admiraal de Ruyterstraat,51.906742474,4.38554997,8,1,9999
2026-04-20T21:30:02.865628,118239d4-a5b2-11f0-ab44-baed9603afbb,Lorentzlaan (bushalte),51.917994492,4.415061192,4,0,9999
2026-04-20T21:30:02.865628,4247dd56-1c9f-11ee-8219-8ed3b2364c4f,BH Metro Coolhaven,51.909218289,4.458167882,10,3,9999
2026-04-20T21:30:02.865628,0c107276-bdb7-11ed-b1e6-fa4fb8e2990b,RK Sandelingenplein,51.889562128,4.506962326,10,3,9999
2026-04-20T21:30:02.865628,75b8bea6-81d8-11ed-b1e6-fa4fb8e2990b,RK Metrostation Maashaven (Putselaan),51.897794241,4.495760713,10,5,9999
2026-04-20T21:30:02.865628,a20bbbae-bdae-11ed-b1e6-fa4fb8e2990b,RK Frankendaal,51.886951976,4.521294152,10,1,9999
2026-04-20T21:30:02.865628,65af1c24-06f4-11ef-b58d-569a23b994be,BH Meerum Terwogtlaan,51.951763386,4.524587387,10,2,9999
2026-04-20T21:30:02.865628,bc839806-a5b1-11f0-ab44-baed9603afbb,Van het Hoffplein (Boerhavelaan),51.916219132,4.412005574,8,3,9999
2026-04-20T21:30:02.865628,2c632780-a8de-11ef-8778-d2279db84567,BH Schuttevaerweg,51.922420472,4.434869706,10,1,9999
2026-04-20T21:30:02.865628,a3c07f10-a5b5-11f0-b05b-baed9603afbb,HUB Hoofdbrug,51.908705902,4.406131267,8,1,9999
2026-04-20T21:30:02.865628,b9bfe680-fbc4-11ee-b58d-569a23b994be,Trompenburg 2,51.917638379,4.518889893,10,0,10
2026-04-20T21:30:02.865628,3c659862-a8dd-11ef-8778-d2279db84567,BH Mayflowerstraat,51.905015647,4.440161906,10,0,9999
2026-04-20T21:30:02.865628,e0a4baca-a748-11ef-8778-d2279db84567,BH Mariniersweg,51.920853425,4.490979502,10,4,9999
2026-04-20T21:30:02.865628,c35c448e-06fc-11ef-b58d-569a23b994be,BH Jacob van Campenweg ,51.942434165,4.537976212,7,5,9999
2026-04-20T21:30:02.865628,365f4a3e-a5b3-11f0-ab44-baed9603afbb,Rubensplein,51.911712719,4.383665134,6,1,9999
2026-04-20T21:30:02.865628,438486f4-a5b6-11f0-a150-baed9603afbb,HUB Koemarkt ingang garage,51.914517902,4.401917461,6,5,9999
2026-04-20T21:30:02.865628,a85b996e-fe23-11ee-b58d-569a23b994be,BH Dirk van der Kooijweg (Waterleliesingel),51.953796964,4.52009166,10,2,9999
2026-04-20T21:30:02.865628,19e2de56-b5d8-11ee-9ae6-5263e3f30f1e,BH STC Waalhaven,51.878297275,4.448759787,10,0,9999
2026-04-20T21:30:02.865628,c6c213ee-ed18-11ef-9957-f683e5eb607c,BH Langenhorst (Binkhorst),51.877310029,4.494737503,10,6,9999
2026-04-20T21:30:02.865628,3366f8b0-a8dc-11ef-8778-d2279db84567,BH Vierhavenstraat (WoonEnzo),51.907777562,4.438830385,4,1,9999
2026-04-20T21:30:02.865628,04a89aea-a5b3-11f0-ab44-baed9603afbb,Groenelaan Hagastraat (Winkelcentrum),51.907303396,4.402285408,4,0,9999
2026-04-20T21:30:02.865628,32638aa6-a5b5-11f0-9f09-baed9603afbb,HUB Laan van Bol'es,51.928443203,4.370771711,10,0,9999
2026-04-20T21:30:02.865628,291c2f72-a749-11ef-8778-d2279db84567,BH Westzeedijk,51.909321622,4.471436479,10,4,9999
2026-04-20T21:30:02.865628,abd627be-67bb-11f0-91de-5eaa9feacc9b,BH Schiekade (Heer Bokelweg),51.927133058,4.476309832,10,4,9999
2026-04-20T21:30:02.865628,8948d5a4-b094-11ef-b6d3-56d88772ab1a,BH Duivenpad,51.964922912,4.498254116,8,2,9999
2026-04-20T21:30:02.865628,227e8c1e-be97-11ee-9ae6-5263e3f30f1e,HUB Metrostation Troelstralaan,51.915742295,4.384972326,10,0,9999
2026-04-20T21:30:02.865628,0af509a8-06f7-11ef-b58d-569a23b994be,BH Beethovensingel,51.96114919,4.505141448,10,0,9999
2026-04-20T21:30:02.865628,dc06f296-1768-11ef-8071-42f0fecaeb6a,BH Prins Alexanderlaan (Oosterflank),51.946646256,4.553811478,12,0,9999
2026-04-20T21:30:02.865628,221af3ce-7fe1-11ee-bb01-c602c1905375,BH Metro Prinsenlaan,51.940647564,4.556931306,10,2,9999
2026-04-20T21:30:02.865628,a793d6ba-edc8-11ee-a9f0-82366b51b915,BH Infirmeriestraat,51.922255603,4.502265891,10,7,9999
2026-04-20T21:30:02.865628,0359e1a2-bdb3-11ed-b1e6-fa4fb8e2990b,RK Rosestraat 11C,51.902954022,4.511377745,10,4,9999
2026-04-20T21:30:02.865628,87f07e20-9e78-11ee-a91e-ee69b7c7763e,BH Marconistraat (Lee Towers),51.912441021,4.430411189,14,3,9999
2026-04-20T21:30:02.865628,f539bd6e-06f8-11ef-b58d-569a23b994be,BH Meijersplein,51.955657978,4.463033845,8,1,9999
2026-04-20T21:30:02.865628,70f0801a-8071-11ed-b1e6-fa4fb8e2990b,RK treinstation Lombardijen,51.88057913,4.531905572,30,4,9999
2026-04-20T21:30:02.865628,43752ffc-a8db-11ef-8778-d2279db84567,BH Pieter de Hoochweg,51.906316301,4.459985731,6,9,9999
2026-04-20T21:30:02.865628,b35ddad8-ab08-11ef-8778-d2279db84567,HUB Rotterdamsedijk 272,51.914957692,4.40343084,8,0,9999
2026-04-20T21:30:02.865628,9b1fa0f6-ae3c-11ee-a91e-ee69b7c7763e,BH Winkelhart Plein 1953,51.874842065,4.467889739,10,7,9999
2026-04-20T21:30:02.865628,8bd90878-0884-11f0-9a47-66143dd92f22,RK Molenvliet,51.882626536,4.521159806,10,2,9999
2026-04-20T21:30:02.865628,45450b66-a5b2-11f0-ab44-baed9603afbb,Maasdijk (Gustoweg),51.906629018,4.412009895,6,0,9999
2026-04-20T21:30:02.865628,4de2effe-f068-11ef-ba40-0ea3ed1ae564,HUB Hof van Spaland - Vlaardingseweg,51.935841728,4.376077923,4,2,9999
2026-04-20T21:30:02.865628,d38c6468-06fe-11ef-b58d-569a23b994be,BH Kleine Beer,51.950902127,4.555051083,6,1,9999
2026-04-20T21:30:02.865628,e552904e-182b-11ef-a8d1-42f0fecaeb6a,BH Metrostation Hesseplaats,51.963345229,4.554510684,10,2,9999
2026-04-20T21:30:02.865628,1826196c-b162-11ef-bdcd-5adc5d29ed54,BH Bentincklaan (Diergaarde Blijdorp),51.92572504,4.454794024,10,2,9999
2026-04-20T21:30:02.865628,8a1e5ed0-1c9e-11ee-8219-8ed3b2364c4f,BH Sparta stadion,51.920151368,4.434428835,20,9,9999
2026-04-20T21:30:02.865628,d3c9003c-b486-11ee-9ae6-5263e3f30f1e,BH Oostzeedijk Beneden,51.922514244,4.503092963,10,7,9999
2026-04-20T21:30:02.865628,552a82b8-b094-11ef-b6d3-56d88772ab1a,BH Hockeyclub Rotterdam,51.96869974,4.484731647,25,1,9999
2026-04-20T21:30:02.865628,cb3f6d1c-a746-11ef-8778-d2279db84567,BH Vasteland (AH),51.911537089,4.478368712,10,2,9999
2026-04-20T21:30:02.865628,d4a8557a-eabd-11ef-ac99-aa7241d1fb4f,HUB Admiraal Trompstraat (Huisman),51.908834504,4.381923039,8,0,9999
2026-04-20T21:30:02.865628,00e8b3de-9e82-11ee-a91e-ee69b7c7763e,BH Jacques Dutilhweg,51.927993284,4.5475155,10,0,9999
2026-04-20T21:30:02.865628,d868fe52-36e5-11f0-ab1d-9ae3af3bf913,BH Sluisjesdijk,51.894714517,4.461900478,10,4,5
2026-04-20T21:30:02.865628,4338fed2-edbb-11ee-a9f0-82366b51b915,BH Oostzeedijk Beneden 2,51.921653595,4.507031037,10,11,9999
2026-04-20T21:30:02.865628,2c82bb9a-217b-11ee-8219-8ed3b2364c4f,Hub Weena,51.922738296,4.469181329,142,19,9999
2026-04-20T21:30:02.865628,96f5cbdc-06f6-11ef-b58d-569a23b994be,BH Argonautenweg,51.959086712,4.49354982,10,2,9999
2026-04-20T21:30:02.865628,2f51713e-32b7-11ee-8219-8ed3b2364c4f,Hub P+R Capelsebrug,51.920991793,4.559215491,18,9,9999
2026-04-20T21:30:02.865628,62b0255a-9e7a-11ee-a91e-ee69b7c7763e,BH Vierhavenstraat,51.910327597,4.434992993,16,0,9999
2026-04-20T21:30:02.865628,2b10524e-06f5-11ef-b58d-569a23b994be,BH Piet van der Polsingel,51.950618784,4.518612648,8,3,9999
2026-04-20T21:30:02.865628,47070056-06fa-11ef-b58d-569a23b994be,BH Metrostation Schenkel,51.931770435,4.56406792,12,0,9999
2026-04-20T21:30:02.865628,0e59456c-f06d-11f0-b173-2e3b4d4b7f35,BH P+R Kralingse Zoom,51.921440854,4.531732208,10,7,0
2026-04-20T21:30:02.865628,7a8c12ba-91ab-11ed-b1e6-fa4fb8e2990b,BH Metrostation Slinge,51.874526023,4.477872534,15,0,9999
2026-04-20T21:30:02.865628,9d9bb8ec-4bd1-11ee-bb01-c602c1905375,BH Marconiplein,51.913319277,4.432514448,10,3,9999
2026-04-20T21:30:02.865628,026045c6-8530-11ee-bb01-c602c1905375,BH Winkelhart Katendrechtse Lagedijk,51.891184937,4.479440034,10,4,9999
2026-04-20T21:30:02.865628,8330f3ca-a5b4-11f0-ab44-baed9603afbb,Fokkerstraat Plesmanstraat,51.929694009,4.399576614,4,0,9999
2026-04-20T21:30:02.865628,5b842034-5331-11f0-ab1d-9ae3af3bf913,BH Walenburgerweg,51.926698659,4.462629155,10,9,9999
2026-04-20T21:30:02.865628,a08059b6-b484-11ee-9ae6-5263e3f30f1e,BH Metrostation Gerdesiaweg,51.925444134,4.506155972,10,2,9999
2026-04-20T21:30:02.865628,2f718c84-8911-11ee-bb01-c602c1905375,BH Metro Dijkzigt - EMC,51.911789199,4.466334846,20,6,9999
2026-04-20T21:30:02.865628,f58e41fc-1c9f-11ee-8219-8ed3b2364c4f,BH Heemraadsplein,51.912322959,4.455058085,10,5,9999
2026-04-20T21:30:02.865628,79fdd038-34b8-11f0-ab1d-9ae3af3bf913,BH RTHA Airport,51.94924845,4.432611987,10,0,8
2026-04-20T21:30:02.865628,1c41897e-596e-11ef-bed6-aa139991deb4,HUB Metrostation Nieuwland / Bijdorpplein,51.922583819,4.38260008,10,0,9999
2026-04-20T21:30:02.865628,a57d027c-8912-11ee-bb01-c602c1905375,BH Delftse Poort,51.924408145,4.472816464,10,7,9999
2026-04-20T21:30:02.865628,6383849a-2038-11f0-ab1d-9ae3af3bf913,BH - Kralingsebos (Langepad),51.936318565,4.506197017,10,6,9999
2026-04-20T21:30:02.865628,e90e9332-06f5-11ef-b58d-569a23b994be,BH Burgemeester Le Fèvre de Montignylaan,51.957620055,4.501711782,10,0,9999
2026-04-20T21:30:02.865628,5cb3ffde-bdaf-11ed-b1e6-fa4fb8e2990b,RK Stadionlaan,51.892328813,4.530682857,10,2,9999
2026-04-20T21:30:02.865628,02bed1f8-8392-11ee-bb01-c602c1905375,BH Station Alexander,51.951735827,4.551049232,10,2,9999
2026-04-20T21:30:02.865628,08d5cf66-8ab2-11ee-bb01-c602c1905375,BH Winkelhart Asterlo,51.873536387,4.483591736,10,5,9999
2026-04-20T21:30:02.865628,0e51e024-c757-11ee-9ae6-5263e3f30f1e,BH Metrostation Binnenhof,51.960437867,4.535372966,10,1,9999
2026-04-20T21:30:02.865628,409f87f6-890f-11ee-bb01-c602c1905375,BH Metro Beurs,51.917806013,4.480107053,8,2,9999
2026-04-20T21:30:02.865628,d6a7cd26-4d08-11f0-ab1d-9ae3af3bf913,BH - Oudehoofdplein-Haringvliet,51.918979475,4.49384405,10,6,9999
2026-04-20T21:30:02.865628,f0ad9b92-1767-11ef-8071-42f0fecaeb6a,BH Prinsenlaan,51.937206457,4.536127586,10,7,9999
2026-04-20T21:30:02.865628,f06fd44c-2035-11f0-ab1d-9ae3af3bf913,BH Boezemlaan,51.938982631,4.495864471,10,8,9999
2026-04-20T21:30:02.865628,8d91a90c-9e83-11ee-a91e-ee69b7c7763e,BH Kraaierstraat,51.91909698,4.418192898,8,2,9999
2026-04-20T21:30:02.865628,a2671a36-bdad-11ed-b1e6-fa4fb8e2990b,RK Dwarsdijk,51.893055987,4.539201504,10,2,9999
2026-04-20T21:30:02.865628,376a5cda-06f8-11ef-b58d-569a23b994be,BH Ganzerikplein,51.958953276,4.471584016,10,1,9999
2026-04-20T21:30:02.865628,5cdd9872-b096-11ef-b6d3-56d88772ab1a,BH Wilgenplaslaan/ Meidoornsingel,51.953868042,4.468211582,7,0,9999
2026-04-20T21:30:02.865628,952a3e78-a8db-11ef-8778-d2279db84567,BH Lloydstraat,51.902214281,4.461287644,10,7,9999
2026-04-20T21:30:02.865628,a6fa0910-8067-11ed-b1e6-fa4fb8e2990b,BH Stadion Fey (Bert Heesakkerstr.),51.896805818,4.521735582,50,1,9999
2026-04-20T21:30:02.865628,a1337d02-e018-11ed-a249-96cdaf8f7240,BH Sint Franciscus,51.942171146,4.460534407,25,0,9999
2026-04-20T21:30:02.865628,d3cea108-8285-11f0-ab44-baed9603afbb,BH - Ratelaarweg,51.967431611,4.463349689,10,0,9999
2026-04-20T21:30:02.865628,3bef7002-bdb5-11ed-b1e6-fa4fb8e2990b,RK Breeweg,51.890630632,4.514261169,10,6,9999
2026-04-20T21:30:02.865628,8c90734c-45bb-11ee-8219-8ed3b2364c4f,BH Coen Moulijnweg,51.893813253,4.526876329,42,1,9999
2026-04-20T21:30:02.865628,1b098490-2037-11f0-ab1d-9ae3af3bf913,BH Karmelweg,51.933461291,4.5029394,8,2,9999
2026-04-20T21:30:02.865628,23348a06-bdb1-11ed-b1e6-fa4fb8e2990b,RK Guido Gezelleweg,51.87434607,4.523238145,10,6,9999
2026-04-20T21:30:02.865628,66824038-37b2-11ef-a21a-8e54a72a50da,HUB Metrostation Parkweg / Zuidzijde,51.921443238,4.39475836,10,2,8
2026-04-20T21:30:02.865628,2c127298-ff25-11ef-a79f-a65a77daff90,BH Aert van Nesstraat,51.921141166,4.478916173,8,0,9999
2026-04-20T21:30:02.865628,cde445c6-a744-11ef-8778-d2279db84567,BH Groenendaal,51.921685178,4.492944049,6,8,9999
2026-04-20T21:30:02.865628,97c6a1c2-a8da-11ef-8778-d2279db84567,BH Henegouwerplein,51.921807589,4.460561523,10,7,9999
2026-04-20T21:30:02.865628,e68d5642-a5b5-11f0-b6c1-baed9603afbb,HUB NS Station Schiedam Centrum/ Professor Kamerlingh Onneslaan,51.92071744,4.408262487,12,2,9999
2026-04-20T21:30:02.865628,82623a40-bda3-11ed-b1e6-fa4fb8e2990b,RK Rosestraat,51.91100607,4.501308573,10,4,9999
2026-04-20T21:30:02.865628,b7353df6-b485-11ee-9ae6-5263e3f30f1e,BH Metrostation Kralingsezoom (Gravenweg),51.921751706,4.533850265,10,1,9999
2026-04-20T21:30:02.865628,6c34980a-bb92-11ef-a02d-6ea8ed91bd56,BH Gordelweg (Lidl),51.940472428,4.479798999,4,3,9999
2026-04-20T21:30:02.865628,5904bd1a-a5b5-11f0-b05b-baed9603afbb,HUB Hof van Spaland - Bachplein,51.934889388,4.374726808,8,4,9999
2026-04-20T21:30:02.865628,32ca5fd0-8126-11ed-b1e6-fa4fb8e2990b,RK Vuurplaat,51.906526668,4.505838102,10,1,9999
2026-04-20T21:30:02.865628,f94a1ff6-b095-11ef-b6d3-56d88772ab1a,BH Bm Le Fèvre de Montignylaan/ Jeroen Boschlaan,51.955641943,4.505982462,6,0,9999
2026-04-20T21:30:02.865628,4228b402-8537-11ee-bb01-c602c1905375,BH Tongelaarweg,51.895280064,4.563514996,10,1,9999
2026-04-20T21:30:02.865628,6f66a60c-36e5-11f0-ab1d-9ae3af3bf913,BH Lloydpier,51.904487669,4.460458303,8,4,2
2026-04-20T21:30:02.865628,7d81b63e-a5b5-11f0-b05b-baed9603afbb,HUB 's Gravelandseweg,51.932091958,4.401924037,6,2,9999
2026-04-20T21:30:02.865628,a3dbb322-8121-11ed-b1e6-fa4fb8e2990b,RK Metrostation Rijnhaven ,51.902216981,4.49610172,15,3,9999
2026-04-20T21:30:02.865628,cf23b50e-9ad0-11f0-ab44-baed9603afbb,BH Natuurhistorisch museum,51.911022288,4.472728259,12,3,9999
2026-04-20T21:30:02.865628,d55243f6-182b-11ef-a8d1-42f0fecaeb6a,BH Siciliëboulevard ,51.97996654,4.580859756,10,0,9999
2026-04-20T21:30:02.865628,e0f7ef36-a5b4-11f0-ab44-baed9603afbb,Havenstraat einde (digitale testhub),51.900396883,4.398614319,12,0,9999
2026-04-20T21:30:02.865628,05d1d708-eabd-11ef-88c2-aa7241d1fb4f,HUB De Thermen ,51.927426752,4.380236246,8,6,9999
2026-04-20T21:30:02.865628,b3381a7a-2036-11f0-ab1d-9ae3af3bf913,BH Oudedijk / de Nieuwe Plantage,51.929149075,4.505248613,8,4,9999
2026-04-20T21:30:02.865628,8b480576-eabc-11ee-a9f0-82366b51b915,BH Schiedamseweg Beneden,51.914135146,4.422297364,5,2,9999
2026-04-20T21:30:02.865628,89a2f1d2-a5b3-11f0-ab44-baed9603afbb,Metrostation Vijfsluizen,51.908108215,4.37254105,8,2,9999
2026-04-20T21:30:02.865628,4c1b19a4-d0a1-11ee-8b0e-065810cc8d78,BH Elandstraat,51.910800072,4.553878993,10,1,9999
2026-04-20T21:30:02.865628,e50f3d1e-f069-11ef-9ed7-0ea3ed1ae564,HUB Oranjestraat - Lange Nieuwstraat,51.913368472,4.40030457,5,0,9999
2026-04-20T21:30:02.865628,bbbba24e-806e-11ed-b1e6-fa4fb8e2990b,RK P+R Noorderhelling,51.894761016,4.532122707,15,1,9999
2026-04-20T21:30:02.865628,3ac0b682-8129-11ed-b1e6-fa4fb8e2990b,RK Cor Kieboomplein,51.896922039,4.523502821,15,1,9999
2026-04-20T21:30:02.865628,5a3ffbf4-37b1-11ef-a21a-8e54a72a50da,HUB Metrostation Nieuwland / Van Limburg Stirumstraat,51.922446663,4.38308784,6,0,6
2026-04-20T21:30:02.865628,5d8d12a2-a5b4-11f0-ab44-baed9603afbb,Van Heekstraat,51.931167557,4.406024405,4,0,9999
2026-04-20T21:30:02.865628,f251d6e8-0b82-11ef-b58d-569a23b994be,BH Metrostation Graskruid ,51.956473743,4.550010233,8,1,9999
2026-04-20T21:30:02.865628,a4d2ea7c-b2f0-11ef-aa57-62870c7808bb,BH 2e Hogenbanweg,51.936951327,4.427707182,8,3,9999
2026-04-20T21:30:02.865628,75ba0d1a-2037-11f0-ab1d-9ae3af3bf913,BH Stadhoudersweg,51.931417737,4.461484988,10,5,9999
2026-04-20T21:30:02.865628,bc6b0d7e-a745-11ef-8778-d2279db84567,BH Goudsewagenstraat,51.923224462,4.493552746,8,12,9999
2026-04-20T21:30:02.865628,0f37eafc-8912-11ee-bb01-c602c1905375,BH Metro Oostplein,51.922677789,4.497608825,10,7,9999
2026-04-20T21:30:02.865628,aed7c2fa-8123-11ed-b1e6-fa4fb8e2990b,RK Groene Hilledijk/Beijerlandselaan,51.893806789,4.509452258,10,8,9999
2026-04-20T21:30:02.865628,c76f0318-bb92-11ef-a02d-6ea8ed91bd56,BH NS Centraal Station (Stationssingel),51.925399994,4.466148375,10,14,9999
2026-04-20T21:30:02.865628,361a368c-a5b4-11f0-ab44-baed9603afbb,Sportpark Haga (Epke Zonderlandstraat),51.921919868,4.370918199,8,5,9999
2026-04-20T21:30:02.865628,f4c0fe5e-02d6-11ef-b58d-569a23b994be,BH Paulus Potterstraat,51.9228414,4.508497696,10,4,9999
2026-04-20T21:30:02.865628,48cbf66e-9f15-11ee-a91e-ee69b7c7763e,BH Franselaan,51.917379138,4.420463507,10,3,9999
2026-04-20T21:30:02.865628,e9735b4e-7da7-11f0-ab44-baed9603afbb,BH Veldkersweg,51.966835673,4.46657292,8,1,9999
2026-04-20T21:30:02.865628,4b1ac684-bb93-11ef-a02d-6ea8ed91bd56,BH Noorderkanaalweg,51.940525593,4.472984586,9,1,9999
2026-04-20T21:30:02.865628,033a9392-3700-11f0-ab1d-9ae3af3bf913,BH Herman Bavinckstraat,51.915067882,4.521446921,10,3,9999
2026-04-20T21:30:02.865628,ffe8c3e8-a8da-11ef-8778-d2279db84567,BH Mathenesserplein,51.917836602,4.44508891,8,1,9999
2026-04-20T21:30:02.865628,e377069a-ff63-11ef-a79f-a65a77daff90,BH Kralingsebos Bosdreef/Pr. Beatrixlaan,51.93789612,4.501689644,8,5,9999
2026-04-20T21:30:02.865628,7af95f9c-a747-11ef-8778-d2279db84567,BH Kruisplein,51.92228569,4.47138789,6,13,9999
2026-04-20T21:30:02.865628,4c50cb7a-bdb6-11ed-b1e6-fa4fb8e2990b,RK Olympiaweg,51.886462746,4.529133302,10,5,9999
2026-04-20T21:30:02.865628,a694ef4e-36e5-11f0-ab1d-9ae3af3bf913,BH Neushoornstraat,51.913041554,4.553743002,6,3,3
2026-04-20T21:30:02.865628,be56ca62-8120-11ed-b1e6-fa4fb8e2990b,RK P+R Beverwaard,51.885771514,4.568986239,10,0,9999
2026-04-20T21:30:02.865628,d5af3bc4-806a-11ed-b1e6-fa4fb8e2990b,BH Kievitslaan,51.907226862,4.473300159,17,3,9999
2026-04-20T21:30:02.865628,dd006abc-a5b3-11f0-ab44-baed9603afbb,Havenstraat,51.903204365,4.398004897,8,0,9999
2026-04-20T21:30:02.865628,6f09af84-eabe-11ee-a9f0-82366b51b915,BH Delftseplein ,51.925206514,4.474011701,14,22,9999
2026-04-20T21:30:02.865628,1cfb89ec-806b-11ed-b1e6-fa4fb8e2990b,BH Westplein,51.908912961,4.478583441,10,6,9999
2026-04-20T21:30:02.865628,12fc10a4-bb94-11ef-a02d-6ea8ed91bd56,BH Noordplein,51.930251975,4.483699175,10,2,9999
2026-04-20T21:30:02.865628,276e8d26-bda0-11ed-b1e6-fa4fb8e2990b,RK Strevelsweg,51.889634937,4.495943368,15,6,9999
2026-04-20T21:30:02.865628,9e066470-2038-11f0-ab1d-9ae3af3bf913,BH Kralinger Esch,51.911179823,4.524762065,9,4,9999
2026-04-20T21:30:02.865628,9b1f0aaa-8125-11ed-b1e6-fa4fb8e2990b,RK Slaghekstraat - Beijerlandselaan,51.897574833,4.511261604,10,4,9999
2026-04-20T21:30:02.865628,b8c81048-2037-11f0-ab1d-9ae3af3bf913,BH Van Maanenstraat,51.932279316,4.464280453,6,10,9999
2026-04-20T21:30:02.865628,1f4ff66c-bdb8-11ed-b1e6-fa4fb8e2990b,RK Van der Takstraat ,51.914243737,4.496045621,10,7,9999
2026-04-20T21:30:02.865628,3b523cee-5c94-11f0-ab1d-9ae3af3bf913,BH - Wilhelminapier,51.90698281,4.489727426,14,10,9999
2026-04-20T21:30:02.865628,e8d292d2-039a-11ef-b58d-569a23b994be,BH Mia van Yperenplein ,51.928414546,4.545678043,10,1,9999
2026-04-20T21:30:02.865628,12daf18a-8068-11ed-b1e6-fa4fb8e2990b,BH Treinst. Lombardijen (Aesopusplaats),51.880478018,4.530040287,10,1,9999
2026-04-20T21:30:02.865628,558e4a5a-eaba-11ee-a9f0-82366b51b915,BH Blijdorplaan ,51.927389289,4.440437692,22,1,9999
2026-04-20T21:30:02.865628,5a8de282-36ee-11f0-ab1d-9ae3af3bf913,BH van Blommesteynweg,51.888148155,4.460842726,10,1,9999
2026-04-20T21:30:02.865628,078569ee-a5b5-11f0-ab44-baed9603afbb,Nieuwe Waterwegstraat (digitale testhub),51.900682979,4.390873601,12,0,9999
2026-04-20T21:30:02.865628,8e5dd27e-06fd-11ef-b58d-569a23b994be,BH Prins Alexanderplein,51.951040272,4.553684972,14,0,9999
2026-04-20T21:30:02.865628,a6843864-fbc4-11ee-b58d-569a23b994be,Trompenburg 1,51.917696349,4.517981647,10,1,7
2026-04-20T21:30:02.865628,5b583480-a8da-11ef-8778-d2279db84567,BH Duyststraat,51.910073429,4.452225738,8,2,9999
2026-04-20T21:30:02.865628,2510e9ba-a5b6-11f0-847a-baed9603afbb,Hub Kloosterplaats,51.91675013,4.402112308,6,0,9999
2026-04-20T21:30:02.865628,880e3e72-a8dd-11ef-8778-d2279db84567,BH Spaansebocht,51.917413667,4.430014126,9,4,9999
2026-04-20T21:30:02.865628,b5b3324a-edb9-11ee-a9f0-82366b51b915,BH Siondwarsstraat,51.925261494,4.51053174,10,0,9999
2026-04-20T21:30:02.865628,94b01d94-edc6-11ee-a9f0-82366b51b915,BH Schuttersveld,51.933248028,4.490978921,10,1,9999
2026-04-20T21:30:02.865628,69b33170-edbd-11ee-a9f0-82366b51b915,BH Metro Oostplein 2,51.923145722,4.496820843,10,2,9999
2026-04-20T21:30:02.865628,67d6af9a-f068-11ef-ba40-0ea3ed1ae564,HUB Hof van Spaland - Schiedamseweg,51.934898803,4.378145906,12,5,9999
2026-04-20T21:30:02.865628,f4d561c2-1e0f-11f1-bada-da123385441b,BH PR Slinge 2,51.87374414,4.477026543,10,1,9
2026-04-20T21:30:02.865628,4933dd54-9e7c-11ee-a91e-ee69b7c7763e,BH Willem Ruyslaan (Luzac College),51.925421889,4.508669446,10,4,9999
2026-04-20T21:30:02.865628,9f935b6c-b095-11ef-b6d3-56d88772ab1a,BH Bergpolderplein,51.945227242,4.474988047,8,7,9999
2026-04-20T21:30:02.865628,8a2d056c-bb93-11ef-a02d-6ea8ed91bd56,BH NS Station Noord (Bergweg),51.941530048,4.481339526,10,1,9
2026-04-20T21:30:02.865628,4d95ab34-8122-11ed-b1e6-fa4fb8e2990b,RK Metrostation Maashaven ,51.896573582,4.494245173,30,1,9999
2026-04-20T21:30:02.865628,3d015ff0-8394-11ee-bb01-c602c1905375,BH Metrostation Oosterflank,51.945209326,4.555045447,10,0,9999
2026-04-20T21:30:02.865628,defeb050-a747-11ef-8778-d2279db84567,BH Karel Doormanstraat,51.922789549,4.473609692,9,4,9999
2026-04-20T21:30:02.865628,b5dc5454-890f-11ee-bb01-c602c1905375,BH Schilderstraat,51.916377397,4.48142868,8,5,9999
2026-04-20T21:30:02.865628,2f12ae3e-806c-11ed-b1e6-fa4fb8e2990b,BH Winkelcentrum Keizerswaard-Herenw,51.886358391,4.549308056,15,9,9999
2026-04-20T21:30:02.865628,3b6d73a8-805d-11ed-b1e6-fa4fb8e2990b,BH Metrostation Melanchtonweg,51.94881199,4.465233746,10,1,9999
2026-04-20T21:30:02.865628,d5832958-891a-11ee-bb01-c602c1905375,BH Metro Zuidplein (nieuw),51.887180341,4.491554668,10,2,9999
2026-04-20T21:30:02.865628,a535094e-b162-11ef-bdcd-5adc5d29ed54,BH Eudokiaplein,51.932433484,4.47153255,9,4,9999
2026-04-20T21:30:02.865628,437f8dc8-bd9e-11ed-b1e6-fa4fb8e2990b,RK Hillevliet,51.89558515,4.506432514,10,2,9999
2026-04-20T21:30:02.865628,f10d8ab4-9997-11ee-a91e-ee69b7c7763e,BH Shell Hofplein,51.925705456,4.477781355,28,5,9999
2026-04-20T21:30:02.865628,94467720-8127-11ed-b1e6-fa4fb8e2990b,RK Persoonsdam,51.909309099,4.508017165,10,7,9999
2026-04-20T21:30:02.865628,9245444a-2023-11f0-ab1d-9ae3af3bf913,BH Witte de Withstraat,51.915906523,4.478080905,10,4,9999
2026-04-20T21:30:02.865628,49d59348-ff64-11ef-b515-a65a77daff90,BH Bergweg (Dirk van den Broek),51.93856254,4.479465675,6,0,9999
2026-04-20T21:30:02.865628,30fb96bc-8124-11ed-b1e6-fa4fb8e2990b,RK Beverwaardseweg/ Borgharensingel,51.898798338,4.564663375,10,0,9999
2026-04-20T21:30:02.865628,9a1fb404-8ab3-11ee-bb01-c602c1905375,BH Langenhorst ,51.874120882,4.494254863,10,4,9999
2026-04-20T21:30:02.865628,abe67bfa-b096-11ef-b6d3-56d88772ab1a,BH Wilgenplaslaan/ Donkersingel,51.951337599,4.47048253,10,5,9999
2026-04-20T21:30:02.865628,068b0f9c-a8dd-11ef-8778-d2279db84567,BH Vierhavenstraat (Sahan),51.908502395,4.437727106,4,1,9999
2026-04-20T21:30:02.865628,bc0e7e9c-a8da-11ef-8778-d2279db84567,BH Jan van Vuchtstraat,51.917045317,4.460830874,6,8,9999
2026-04-20T21:30:02.865628,8b721818-a5b2-11f0-ab44-baed9603afbb,Lekstraat,51.90446958,4.406985264,6,0,9999
2026-04-20T21:30:02.865628,ad212572-06f7-11ef-b58d-569a23b994be,BH Molenlaan/Grindweg,51.963224537,4.49571068,10,1,9999
2026-04-20T21:30:02.865628,f8828c3e-806d-11ed-b1e6-fa4fb8e2990b,RK Station Rdam Zuid,51.905545015,4.509568537,15,6,9999
2026-04-20T21:30:02.865628,5f71799e-806b-11ed-b1e6-fa4fb8e2990b,BH Willemsplein,51.911118908,4.481894771,17,5,9999
2026-04-20T21:30:02.865628,42824336-bd97-11ed-b1e6-fa4fb8e2990b,RK Groene Hilledijk,51.882726433,4.504266667,10,1,9999
2026-04-20T21:30:02.865628,db6932f4-182b-11ef-a8d1-42f0fecaeb6a,BH Metrostation Nesselande,51.978969273,4.586177782,10,0,9999
2026-04-20T21:30:02.865628,2c4ff78a-2783-11f1-a5ae-0225521a85c1,BH PR Slinge 2,51.87374414,4.477026543,10,1,9
2026-04-20T21:30:02.865628,e26322b0-2025-11f0-ab1d-9ae3af3bf913,BH Brielselaan,51.896298935,4.489248091,4,1,9999
2026-04-20T21:30:02.865628,c862b7f2-06fb-11ef-b58d-569a23b994be,BH Prins Alexanderlaan (metrobaan zijde),51.952192324,4.551435621,10,0,9999
2026-04-20T21:30:02.865628,c53689c2-8124-11ed-b1e6-fa4fb8e2990b,RK Peellandstraat / Beesdestraat ,51.888535309,4.567291893,10,3,9999
2026-04-20T21:30:02.865628,8f5d35a0-1834-11ef-8071-42f0fecaeb6a,BH Jan Bijloostraat (Winkelcentrum Lage Land),51.941821995,4.546449269,9,4,9999
2026-04-20T21:30:02.865628,f8fcd3a4-983a-11ef-a85a-be896af2d3a5,BH Rhijnauwensingel,51.892161199,4.569620613,12,2,9999
2026-04-20T22:26:01.190377,a3c07f10-a5b5-11f0-b05b-baed9603afbb,HUB Hoofdbrug,51.908705902,4.406131267,8,1,9999
2026-04-20T22:26:01.190377,b9bfe680-fbc4-11ee-b58d-569a23b994be,Trompenburg 2,51.917638379,4.518889893,10,0,10
2026-04-20T22:26:01.190377,3c659862-a8dd-11ef-8778-d2279db84567,BH Mayflowerstraat,51.905015647,4.440161906,10,0,9999
2026-04-20T22:26:01.190377,e0a4baca-a748-11ef-8778-d2279db84567,BH Mariniersweg,51.920853425,4.490979502,10,1,9999
2026-04-20T22:26:01.190377,c35c448e-06fc-11ef-b58d-569a23b994be,BH Jacob van Campenweg ,51.942434165,4.537976212,7,5,9999
2026-04-20T22:26:01.190377,438486f4-a5b6-11f0-a150-baed9603afbb,HUB Koemarkt ingang garage,51.914517902,4.401917461,6,5,9999
2026-04-20T22:26:01.190377,365f4a3e-a5b3-11f0-ab44-baed9603afbb,Rubensplein,51.911712719,4.383665134,6,1,9999
2026-04-20T22:26:01.190377,a85b996e-fe23-11ee-b58d-569a23b994be,BH Dirk van der Kooijweg (Waterleliesingel),51.953796964,4.52009166,10,2,9999
2026-04-20T22:26:01.190377,19e2de56-b5d8-11ee-9ae6-5263e3f30f1e,BH STC Waalhaven,51.878297275,4.448759787,10,0,9999
2026-04-20T22:26:01.190377,c6c213ee-ed18-11ef-9957-f683e5eb607c,BH Langenhorst (Binkhorst),51.877310029,4.494737503,10,6,9999
2026-04-20T22:26:01.190377,3366f8b0-a8dc-11ef-8778-d2279db84567,BH Vierhavenstraat (WoonEnzo),51.907777562,4.438830385,4,1,9999
2026-04-20T22:26:01.190377,04a89aea-a5b3-11f0-ab44-baed9603afbb,Groenelaan Hagastraat (Winkelcentrum),51.907303396,4.402285408,4,0,9999
2026-04-20T22:26:01.190377,32638aa6-a5b5-11f0-9f09-baed9603afbb,HUB Laan van Bol'es,51.928443203,4.370771711,10,0,9999
2026-04-20T22:26:01.190377,291c2f72-a749-11ef-8778-d2279db84567,BH Westzeedijk,51.909321622,4.471436479,10,4,9999
2026-04-20T22:26:01.190377,abd627be-67bb-11f0-91de-5eaa9feacc9b,BH Schiekade (Heer Bokelweg),51.927133058,4.476309832,10,4,9999
2026-04-20T22:26:01.190377,8948d5a4-b094-11ef-b6d3-56d88772ab1a,BH Duivenpad,51.964922912,4.498254116,8,2,9999
2026-04-20T22:26:01.190377,227e8c1e-be97-11ee-9ae6-5263e3f30f1e,HUB Metrostation Troelstralaan,51.915742295,4.384972326,10,0,9999
2026-04-20T22:26:01.190377,0af509a8-06f7-11ef-b58d-569a23b994be,BH Beethovensingel,51.96114919,4.505141448,10,0,9999
2026-04-20T22:26:01.190377,dc06f296-1768-11ef-8071-42f0fecaeb6a,BH Prins Alexanderlaan (Oosterflank),51.946646256,4.553811478,12,0,9999
2026-04-20T22:26:01.190377,221af3ce-7fe1-11ee-bb01-c602c1905375,BH Metro Prinsenlaan,51.940647564,4.556931306,10,2,9999
2026-04-20T22:26:01.190377,a793d6ba-edc8-11ee-a9f0-82366b51b915,BH Infirmeriestraat,51.922255603,4.502265891,10,6,9999
2026-04-20T22:26:01.190377,0359e1a2-bdb3-11ed-b1e6-fa4fb8e2990b,RK Rosestraat 11C,51.902954022,4.511377745,10,4,9999
2026-04-20T22:26:01.190377,87f07e20-9e78-11ee-a91e-ee69b7c7763e,BH Marconistraat (Lee Towers),51.912441021,4.430411189,14,3,9999
2026-04-20T22:26:01.190377,f539bd6e-06f8-11ef-b58d-569a23b994be,BH Meijersplein,51.955657978,4.463033845,8,1,9999
2026-04-20T22:26:01.190377,70f0801a-8071-11ed-b1e6-fa4fb8e2990b,RK treinstation Lombardijen,51.88057913,4.531905572,30,3,9999
2026-04-20T22:26:01.190377,43752ffc-a8db-11ef-8778-d2279db84567,BH Pieter de Hoochweg,51.906316301,4.459985731,6,9,9999
2026-04-20T22:26:01.190377,b35ddad8-ab08-11ef-8778-d2279db84567,HUB Rotterdamsedijk 272,51.914957692,4.40343084,8,0,9999
2026-04-20T22:26:01.190377,9b1fa0f6-ae3c-11ee-a91e-ee69b7c7763e,BH Winkelhart Plein 1953,51.874842065,4.467889739,10,7,9999
2026-04-20T22:26:01.190377,8bd90878-0884-11f0-9a47-66143dd92f22,RK Molenvliet,51.882626536,4.521159806,10,2,9999
2026-04-20T22:26:01.190377,45450b66-a5b2-11f0-ab44-baed9603afbb,Maasdijk (Gustoweg),51.906629018,4.412009895,6,0,9999
2026-04-20T22:26:01.190377,4de2effe-f068-11ef-ba40-0ea3ed1ae564,HUB Hof van Spaland - Vlaardingseweg,51.935841728,4.376077923,4,2,9999
2026-04-20T22:26:01.190377,d38c6468-06fe-11ef-b58d-569a23b994be,BH Kleine Beer,51.950902127,4.555051083,6,1,9999
2026-04-20T22:26:01.190377,e552904e-182b-11ef-a8d1-42f0fecaeb6a,BH Metrostation Hesseplaats,51.963345229,4.554510684,10,2,9999
2026-04-20T22:26:01.190377,1826196c-b162-11ef-bdcd-5adc5d29ed54,BH Bentincklaan (Diergaarde Blijdorp),51.92572504,4.454794024,10,2,9999
2026-04-20T22:26:01.190377,8a1e5ed0-1c9e-11ee-8219-8ed3b2364c4f,BH Sparta stadion,51.920151368,4.434428835,20,9,9999
2026-04-20T22:26:01.190377,d3c9003c-b486-11ee-9ae6-5263e3f30f1e,BH Oostzeedijk Beneden,51.922514244,4.503092963,10,8,9999
2026-04-20T22:26:01.190377,552a82b8-b094-11ef-b6d3-56d88772ab1a,BH Hockeyclub Rotterdam,51.96869974,4.484731647,25,1,9999
2026-04-20T22:26:01.190377,cb3f6d1c-a746-11ef-8778-d2279db84567,BH Vasteland (AH),51.911537089,4.478368712,10,3,9999
2026-04-20T22:26:01.190377,d4a8557a-eabd-11ef-ac99-aa7241d1fb4f,HUB Admiraal Trompstraat (Huisman),51.908834504,4.381923039,8,0,9999
2026-04-20T22:26:01.190377,00e8b3de-9e82-11ee-a91e-ee69b7c7763e,BH Jacques Dutilhweg,51.927993284,4.5475155,10,0,9999
2026-04-20T22:26:01.190377,d868fe52-36e5-11f0-ab1d-9ae3af3bf913,BH Sluisjesdijk,51.894714517,4.461900478,10,4,5
2026-04-20T22:26:01.190377,4338fed2-edbb-11ee-a9f0-82366b51b915,BH Oostzeedijk Beneden 2,51.921653595,4.507031037,10,8,9999
2026-04-20T22:26:01.190377,2c82bb9a-217b-11ee-8219-8ed3b2364c4f,Hub Weena,51.922738296,4.469181329,142,16,9999
2026-04-20T22:26:01.190377,96f5cbdc-06f6-11ef-b58d-569a23b994be,BH Argonautenweg,51.959086712,4.49354982,10,3,9999
2026-04-20T22:26:01.190377,2f51713e-32b7-11ee-8219-8ed3b2364c4f,Hub P+R Capelsebrug,51.920991793,4.559215491,18,10,9999
2026-04-20T22:26:01.190377,62b0255a-9e7a-11ee-a91e-ee69b7c7763e,BH Vierhavenstraat,51.910327597,4.434992993,16,0,9999
2026-04-20T22:26:01.190377,2b10524e-06f5-11ef-b58d-569a23b994be,BH Piet van der Polsingel,51.950618784,4.518612648,8,3,9999
2026-04-20T22:26:01.190377,47070056-06fa-11ef-b58d-569a23b994be,BH Metrostation Schenkel,51.931770435,4.56406792,12,0,9999
2026-04-20T22:26:01.190377,0e59456c-f06d-11f0-b173-2e3b4d4b7f35,BH P+R Kralingse Zoom,51.921440854,4.531732208,10,6,1
2026-04-20T22:26:01.190377,7a8c12ba-91ab-11ed-b1e6-fa4fb8e2990b,BH Metrostation Slinge,51.874526023,4.477872534,15,0,9999
2026-04-20T22:26:01.190377,026045c6-8530-11ee-bb01-c602c1905375,BH Winkelhart Katendrechtse Lagedijk,51.891184937,4.479440034,10,3,9999
2026-04-20T22:26:01.190377,9d9bb8ec-4bd1-11ee-bb01-c602c1905375,BH Marconiplein,51.913319277,4.432514448,10,3,9999
2026-04-20T22:26:01.190377,8330f3ca-a5b4-11f0-ab44-baed9603afbb,Fokkerstraat Plesmanstraat,51.929694009,4.399576614,4,0,9999
2026-04-20T22:26:01.190377,5b842034-5331-11f0-ab1d-9ae3af3bf913,BH Walenburgerweg,51.926698659,4.462629155,10,9,9999
2026-04-20T22:26:01.190377,a08059b6-b484-11ee-9ae6-5263e3f30f1e,BH Metrostation Gerdesiaweg,51.925444134,4.506155972,10,2,9999
2026-04-20T22:26:01.190377,2f718c84-8911-11ee-bb01-c602c1905375,BH Metro Dijkzigt - EMC,51.911789199,4.466334846,20,6,9999
2026-04-20T22:26:01.190377,f58e41fc-1c9f-11ee-8219-8ed3b2364c4f,BH Heemraadsplein,51.912322959,4.455058085,10,6,9999
2026-04-20T22:26:01.190377,79fdd038-34b8-11f0-ab1d-9ae3af3bf913,BH RTHA Airport,51.94924845,4.432611987,10,0,8
2026-04-20T22:26:01.190377,1c41897e-596e-11ef-bed6-aa139991deb4,HUB Metrostation Nieuwland / Bijdorpplein,51.922583819,4.38260008,10,0,9999
2026-04-20T22:26:01.190377,a57d027c-8912-11ee-bb01-c602c1905375,BH Delftse Poort,51.924408145,4.472816464,10,6,9999
2026-04-20T22:26:01.190377,6383849a-2038-11f0-ab1d-9ae3af3bf913,BH - Kralingsebos (Langepad),51.936318565,4.506197017,10,6,9999
2026-04-20T22:26:01.190377,e90e9332-06f5-11ef-b58d-569a23b994be,BH Burgemeester Le Fèvre de Montignylaan,51.957620055,4.501711782,10,0,9999
2026-04-20T22:26:01.190377,5cb3ffde-bdaf-11ed-b1e6-fa4fb8e2990b,RK Stadionlaan,51.892328813,4.530682857,10,2,9999
2026-04-20T22:26:01.190377,02bed1f8-8392-11ee-bb01-c602c1905375,BH Station Alexander,51.951735827,4.551049232,10,2,9999
2026-04-20T22:26:01.190377,08d5cf66-8ab2-11ee-bb01-c602c1905375,BH Winkelhart Asterlo,51.873536387,4.483591736,10,5,9999
2026-04-20T22:26:01.190377,0e51e024-c757-11ee-9ae6-5263e3f30f1e,BH Metrostation Binnenhof,51.960437867,4.535372966,10,1,9999
2026-04-20T22:26:01.190377,409f87f6-890f-11ee-bb01-c602c1905375,BH Metro Beurs,51.917806013,4.480107053,8,0,9999
2026-04-20T22:26:01.190377,d6a7cd26-4d08-11f0-ab1d-9ae3af3bf913,BH - Oudehoofdplein-Haringvliet,51.918979475,4.49384405,10,6,9999
2026-04-20T22:26:01.190377,f0ad9b92-1767-11ef-8071-42f0fecaeb6a,BH Prinsenlaan,51.937206457,4.536127586,10,7,9999
2026-04-20T22:26:01.190377,f06fd44c-2035-11f0-ab1d-9ae3af3bf913,BH Boezemlaan,51.938982631,4.495864471,10,8,9999
2026-04-20T22:26:01.190377,8d91a90c-9e83-11ee-a91e-ee69b7c7763e,BH Kraaierstraat,51.91909698,4.418192898,8,2,9999
2026-04-20T22:26:01.190377,a2671a36-bdad-11ed-b1e6-fa4fb8e2990b,RK Dwarsdijk,51.893055987,4.539201504,10,2,9999
2026-04-20T22:26:01.190377,376a5cda-06f8-11ef-b58d-569a23b994be,BH Ganzerikplein,51.958953276,4.471584016,10,1,9999
2026-04-20T22:26:01.190377,5cdd9872-b096-11ef-b6d3-56d88772ab1a,BH Wilgenplaslaan/ Meidoornsingel,51.953868042,4.468211582,7,0,9999
2026-04-20T22:26:01.190377,952a3e78-a8db-11ef-8778-d2279db84567,BH Lloydstraat,51.902214281,4.461287644,10,7,9999
2026-04-20T22:26:01.190377,a6fa0910-8067-11ed-b1e6-fa4fb8e2990b,BH Stadion Fey (Bert Heesakkerstr.),51.896805818,4.521735582,50,1,9999
2026-04-20T22:26:01.190377,a1337d02-e018-11ed-a249-96cdaf8f7240,BH Sint Franciscus,51.942171146,4.460534407,25,0,9999
2026-04-20T22:26:01.190377,d3cea108-8285-11f0-ab44-baed9603afbb,BH - Ratelaarweg,51.967431611,4.463349689,10,0,9999
2026-04-20T22:26:01.190377,3bef7002-bdb5-11ed-b1e6-fa4fb8e2990b,RK Breeweg,51.890630632,4.514261169,10,7,9999
2026-04-20T22:26:01.190377,8c90734c-45bb-11ee-8219-8ed3b2364c4f,BH Coen Moulijnweg,51.893813253,4.526876329,42,1,9999
2026-04-20T22:26:01.190377,1b098490-2037-11f0-ab1d-9ae3af3bf913,BH Karmelweg,51.933461291,4.5029394,8,2,9999
2026-04-20T22:26:01.190377,23348a06-bdb1-11ed-b1e6-fa4fb8e2990b,RK Guido Gezelleweg,51.87434607,4.523238145,10,6,9999
2026-04-20T22:26:01.190377,66824038-37b2-11ef-a21a-8e54a72a50da,HUB Metrostation Parkweg / Zuidzijde,51.921443238,4.39475836,10,2,8
2026-04-20T22:26:01.190377,2c127298-ff25-11ef-a79f-a65a77daff90,BH Aert van Nesstraat,51.921141166,4.478916173,8,3,9999
2026-04-20T22:26:01.190377,cde445c6-a744-11ef-8778-d2279db84567,BH Groenendaal,51.921685178,4.492944049,6,8,9999
2026-04-20T22:26:01.190377,97c6a1c2-a8da-11ef-8778-d2279db84567,BH Henegouwerplein,51.921807589,4.460561523,10,8,9999
2026-04-20T22:26:01.190377,e68d5642-a5b5-11f0-b6c1-baed9603afbb,HUB NS Station Schiedam Centrum/ Professor Kamerlingh Onneslaan,51.92071744,4.408262487,12,2,9999
2026-04-20T22:26:01.190377,82623a40-bda3-11ed-b1e6-fa4fb8e2990b,RK Rosestraat,51.91100607,4.501308573,10,4,9999
2026-04-20T22:26:01.190377,b7353df6-b485-11ee-9ae6-5263e3f30f1e,BH Metrostation Kralingsezoom (Gravenweg),51.921751706,4.533850265,10,0,9999
2026-04-20T22:26:01.190377,6c34980a-bb92-11ef-a02d-6ea8ed91bd56,BH Gordelweg (Lidl),51.940472428,4.479798999,4,3,9999
2026-04-20T22:26:01.190377,5904bd1a-a5b5-11f0-b05b-baed9603afbb,HUB Hof van Spaland - Bachplein,51.934889388,4.374726808,8,4,9999
2026-04-20T22:26:01.190377,32ca5fd0-8126-11ed-b1e6-fa4fb8e2990b,RK Vuurplaat,51.906526668,4.505838102,10,1,9999
2026-04-20T22:26:01.190377,f94a1ff6-b095-11ef-b6d3-56d88772ab1a,BH Bm Le Fèvre de Montignylaan/ Jeroen Boschlaan,51.955641943,4.505982462,6,0,9999
2026-04-20T22:26:01.190377,4228b402-8537-11ee-bb01-c602c1905375,BH Tongelaarweg,51.895280064,4.563514996,10,1,9999
2026-04-20T22:26:01.190377,6f66a60c-36e5-11f0-ab1d-9ae3af3bf913,BH Lloydpier,51.904487669,4.460458303,8,4,2
2026-04-20T22:26:01.190377,7d81b63e-a5b5-11f0-b05b-baed9603afbb,HUB 's Gravelandseweg,51.932091958,4.401924037,6,2,9999
2026-04-20T22:26:01.190377,a3dbb322-8121-11ed-b1e6-fa4fb8e2990b,RK Metrostation Rijnhaven ,51.902216981,4.49610172,15,0,9999
2026-04-20T22:26:01.190377,cf23b50e-9ad0-11f0-ab44-baed9603afbb,BH Natuurhistorisch museum,51.911022288,4.472728259,12,3,9999
2026-04-20T22:26:01.190377,d55243f6-182b-11ef-a8d1-42f0fecaeb6a,BH Siciliëboulevard ,51.97996654,4.580859756,10,0,9999
2026-04-20T22:26:01.190377,e0f7ef36-a5b4-11f0-ab44-baed9603afbb,Havenstraat einde (digitale testhub),51.900396883,4.398614319,12,0,9999
2026-04-20T22:26:01.190377,05d1d708-eabd-11ef-88c2-aa7241d1fb4f,HUB De Thermen ,51.927426752,4.380236246,8,6,9999
2026-04-20T22:26:01.190377,b3381a7a-2036-11f0-ab1d-9ae3af3bf913,BH Oudedijk / de Nieuwe Plantage,51.929149075,4.505248613,8,4,9999
2026-04-20T22:26:01.190377,8b480576-eabc-11ee-a9f0-82366b51b915,BH Schiedamseweg Beneden,51.914135146,4.422297364,5,2,9999
2026-04-20T22:26:01.190377,89a2f1d2-a5b3-11f0-ab44-baed9603afbb,Metrostation Vijfsluizen,51.908108215,4.37254105,8,2,9999
2026-04-20T22:26:01.190377,e50f3d1e-f069-11ef-9ed7-0ea3ed1ae564,HUB Oranjestraat - Lange Nieuwstraat,51.913368472,4.40030457,5,0,9999
2026-04-20T22:26:01.190377,4c1b19a4-d0a1-11ee-8b0e-065810cc8d78,BH Elandstraat,51.910800072,4.553878993,10,1,9999
2026-04-20T22:26:01.190377,bbbba24e-806e-11ed-b1e6-fa4fb8e2990b,RK P+R Noorderhelling,51.894761016,4.532122707,15,1,9999
2026-04-20T22:26:01.190377,3ac0b682-8129-11ed-b1e6-fa4fb8e2990b,RK Cor Kieboomplein,51.896922039,4.523502821,15,1,9999
2026-04-20T22:26:01.190377,5a3ffbf4-37b1-11ef-a21a-8e54a72a50da,HUB Metrostation Nieuwland / Van Limburg Stirumstraat,51.922446663,4.38308784,6,0,6
2026-04-20T22:26:01.190377,5d8d12a2-a5b4-11f0-ab44-baed9603afbb,Van Heekstraat,51.931167557,4.406024405,4,0,9999
2026-04-20T22:26:01.190377,f251d6e8-0b82-11ef-b58d-569a23b994be,BH Metrostation Graskruid ,51.956473743,4.550010233,8,2,9999
2026-04-20T22:26:01.190377,a4d2ea7c-b2f0-11ef-aa57-62870c7808bb,BH 2e Hogenbanweg,51.936951327,4.427707182,8,3,9999
2026-04-20T22:26:01.190377,75ba0d1a-2037-11f0-ab1d-9ae3af3bf913,BH Stadhoudersweg,51.931417737,4.461484988,10,5,9999
2026-04-20T22:26:01.190377,bc6b0d7e-a745-11ef-8778-d2279db84567,BH Goudsewagenstraat,51.923224462,4.493552746,8,12,9999
2026-04-20T22:26:01.190377,0f37eafc-8912-11ee-bb01-c602c1905375,BH Metro Oostplein,51.922677789,4.497608825,10,8,9999
2026-04-20T22:26:01.190377,aed7c2fa-8123-11ed-b1e6-fa4fb8e2990b,RK Groene Hilledijk/Beijerlandselaan,51.893806789,4.509452258,10,8,9999
2026-04-20T22:26:01.190377,c76f0318-bb92-11ef-a02d-6ea8ed91bd56,BH NS Centraal Station (Stationssingel),51.925399994,4.466148375,10,14,9999
2026-04-20T22:26:01.190377,361a368c-a5b4-11f0-ab44-baed9603afbb,Sportpark Haga (Epke Zonderlandstraat),51.921919868,4.370918199,8,5,9999
2026-04-20T22:26:01.190377,f4c0fe5e-02d6-11ef-b58d-569a23b994be,BH Paulus Potterstraat,51.9228414,4.508497696,10,4,9999
2026-04-20T22:26:01.190377,48cbf66e-9f15-11ee-a91e-ee69b7c7763e,BH Franselaan,51.917379138,4.420463507,10,3,9999
2026-04-20T22:26:01.190377,e9735b4e-7da7-11f0-ab44-baed9603afbb,BH Veldkersweg,51.966835673,4.46657292,8,1,9999
2026-04-20T22:26:01.190377,4b1ac684-bb93-11ef-a02d-6ea8ed91bd56,BH Noorderkanaalweg,51.940525593,4.472984586,9,1,9999
2026-04-20T22:26:01.190377,033a9392-3700-11f0-ab1d-9ae3af3bf913,BH Herman Bavinckstraat,51.915067882,4.521446921,10,4,9999
2026-04-20T22:26:01.190377,ffe8c3e8-a8da-11ef-8778-d2279db84567,BH Mathenesserplein,51.917836602,4.44508891,8,1,9999
2026-04-20T22:26:01.190377,e377069a-ff63-11ef-a79f-a65a77daff90,BH Kralingsebos Bosdreef/Pr. Beatrixlaan,51.93789612,4.501689644,8,5,9999
2026-04-20T22:26:01.190377,7af95f9c-a747-11ef-8778-d2279db84567,BH Kruisplein,51.92228569,4.47138789,6,10,9999
2026-04-20T22:26:01.190377,4c50cb7a-bdb6-11ed-b1e6-fa4fb8e2990b,RK Olympiaweg,51.886462746,4.529133302,10,5,9999
2026-04-20T22:26:01.190377,a694ef4e-36e5-11f0-ab1d-9ae3af3bf913,BH Neushoornstraat,51.913041554,4.553743002,6,3,3
2026-04-20T22:26:01.190377,be56ca62-8120-11ed-b1e6-fa4fb8e2990b,RK P+R Beverwaard,51.885771514,4.568986239,10,0,9999
2026-04-20T22:26:01.190377,d5af3bc4-806a-11ed-b1e6-fa4fb8e2990b,BH Kievitslaan,51.907226862,4.473300159,17,3,9999
2026-04-20T22:26:01.190377,dd006abc-a5b3-11f0-ab44-baed9603afbb,Havenstraat,51.903204365,4.398004897,8,0,9999
2026-04-20T22:26:01.190377,6f09af84-eabe-11ee-a9f0-82366b51b915,BH Delftseplein ,51.925206514,4.474011701,14,22,9999
2026-04-20T22:26:01.190377,1cfb89ec-806b-11ed-b1e6-fa4fb8e2990b,BH Westplein,51.908912961,4.478583441,10,3,9999
2026-04-20T22:26:01.190377,12fc10a4-bb94-11ef-a02d-6ea8ed91bd56,BH Noordplein,51.930251975,4.483699175,10,2,9999
2026-04-20T22:26:01.190377,276e8d26-bda0-11ed-b1e6-fa4fb8e2990b,RK Strevelsweg,51.889634937,4.495943368,15,6,9999
2026-04-20T22:26:01.190377,9e066470-2038-11f0-ab1d-9ae3af3bf913,BH Kralinger Esch,51.911179823,4.524762065,9,4,9999
2026-04-20T22:26:01.190377,9b1f0aaa-8125-11ed-b1e6-fa4fb8e2990b,RK Slaghekstraat - Beijerlandselaan,51.897574833,4.511261604,10,5,9999
2026-04-20T22:26:01.190377,b8c81048-2037-11f0-ab1d-9ae3af3bf913,BH Van Maanenstraat,51.932279316,4.464280453,6,10,9999
2026-04-20T22:26:01.190377,1f4ff66c-bdb8-11ed-b1e6-fa4fb8e2990b,RK Van der Takstraat ,51.914243737,4.496045621,10,7,9999
2026-04-20T22:26:01.190377,3b523cee-5c94-11f0-ab1d-9ae3af3bf913,BH - Wilhelminapier,51.90698281,4.489727426,14,13,9999
2026-04-20T22:26:01.190377,e8d292d2-039a-11ef-b58d-569a23b994be,BH Mia van Yperenplein ,51.928414546,4.545678043,10,1,9999
2026-04-20T22:26:01.190377,12daf18a-8068-11ed-b1e6-fa4fb8e2990b,BH Treinst. Lombardijen (Aesopusplaats),51.880478018,4.530040287,10,1,9999
2026-04-20T22:26:01.190377,558e4a5a-eaba-11ee-a9f0-82366b51b915,BH Blijdorplaan ,51.927389289,4.440437692,22,1,9999
2026-04-20T22:26:01.190377,5a8de282-36ee-11f0-ab1d-9ae3af3bf913,BH van Blommesteynweg,51.888148155,4.460842726,10,3,9999
2026-04-20T22:26:01.190377,078569ee-a5b5-11f0-ab44-baed9603afbb,Nieuwe Waterwegstraat (digitale testhub),51.900682979,4.390873601,12,0,9999
2026-04-20T22:26:01.190377,8e5dd27e-06fd-11ef-b58d-569a23b994be,BH Prins Alexanderplein,51.951040272,4.553684972,14,0,9999
2026-04-20T22:26:01.190377,a6843864-fbc4-11ee-b58d-569a23b994be,Trompenburg 1,51.917696349,4.517981647,10,1,7
2026-04-20T22:26:01.190377,5b583480-a8da-11ef-8778-d2279db84567,BH Duyststraat,51.910073429,4.452225738,8,2,9999
2026-04-20T22:26:01.190377,2510e9ba-a5b6-11f0-847a-baed9603afbb,Hub Kloosterplaats,51.91675013,4.402112308,6,0,9999
2026-04-20T22:26:01.190377,880e3e72-a8dd-11ef-8778-d2279db84567,BH Spaansebocht,51.917413667,4.430014126,9,4,9999
2026-04-20T22:26:01.190377,b5b3324a-edb9-11ee-a9f0-82366b51b915,BH Siondwarsstraat,51.925261494,4.51053174,10,0,9999
2026-04-20T22:26:01.190377,94b01d94-edc6-11ee-a9f0-82366b51b915,BH Schuttersveld,51.933248028,4.490978921,10,1,9999
2026-04-20T22:26:01.190377,69b33170-edbd-11ee-a9f0-82366b51b915,BH Metro Oostplein 2,51.923145722,4.496820843,10,2,9999
2026-04-20T22:26:01.190377,67d6af9a-f068-11ef-ba40-0ea3ed1ae564,HUB Hof van Spaland - Schiedamseweg,51.934898803,4.378145906,12,5,9999
2026-04-20T22:26:01.190377,f4d561c2-1e0f-11f1-bada-da123385441b,BH PR Slinge 2,51.87374414,4.477026543,10,1,9
2026-04-20T22:26:01.190377,4933dd54-9e7c-11ee-a91e-ee69b7c7763e,BH Willem Ruyslaan (Luzac College),51.925421889,4.508669446,10,6,9999
2026-04-20T22:26:01.190377,9f935b6c-b095-11ef-b6d3-56d88772ab1a,BH Bergpolderplein,51.945227242,4.474988047,8,7,9999
2026-04-20T22:26:01.190377,8a2d056c-bb93-11ef-a02d-6ea8ed91bd56,BH NS Station Noord (Bergweg),51.941530048,4.481339526,10,1,9
2026-04-20T22:26:01.190377,4d95ab34-8122-11ed-b1e6-fa4fb8e2990b,RK Metrostation Maashaven ,51.896573582,4.494245173,30,2,9999
2026-04-20T22:26:01.190377,3d015ff0-8394-11ee-bb01-c602c1905375,BH Metrostation Oosterflank,51.945209326,4.555045447,10,0,9999
2026-04-20T22:26:01.190377,defeb050-a747-11ef-8778-d2279db84567,BH Karel Doormanstraat,51.922789549,4.473609692,9,3,9999
2026-04-20T22:26:01.190377,b5dc5454-890f-11ee-bb01-c602c1905375,BH Schilderstraat,51.916377397,4.48142868,8,4,9999
2026-04-20T22:26:01.190377,2f12ae3e-806c-11ed-b1e6-fa4fb8e2990b,BH Winkelcentrum Keizerswaard-Herenw,51.886358391,4.549308056,15,9,9999
2026-04-20T22:26:01.190377,3b6d73a8-805d-11ed-b1e6-fa4fb8e2990b,BH Metrostation Melanchtonweg,51.94881199,4.465233746,10,0,9999
2026-04-20T22:26:01.190377,d5832958-891a-11ee-bb01-c602c1905375,BH Metro Zuidplein (nieuw),51.887180341,4.491554668,10,2,9999
2026-04-20T22:26:01.190377,a535094e-b162-11ef-bdcd-5adc5d29ed54,BH Eudokiaplein,51.932433484,4.47153255,9,4,9999
2026-04-20T22:26:01.190377,437f8dc8-bd9e-11ed-b1e6-fa4fb8e2990b,RK Hillevliet,51.89558515,4.506432514,10,2,9999
2026-04-20T22:26:01.190377,f10d8ab4-9997-11ee-a91e-ee69b7c7763e,BH Shell Hofplein,51.925705456,4.477781355,28,5,9999
2026-04-20T22:26:01.190377,94467720-8127-11ed-b1e6-fa4fb8e2990b,RK Persoonsdam,51.909309099,4.508017165,10,7,9999
2026-04-20T22:26:01.190377,9245444a-2023-11f0-ab1d-9ae3af3bf913,BH Witte de Withstraat,51.915906523,4.478080905,10,1,9999
2026-04-20T22:26:01.190377,49d59348-ff64-11ef-b515-a65a77daff90,BH Bergweg (Dirk van den Broek),51.93856254,4.479465675,6,0,9999
2026-04-20T22:26:01.190377,30fb96bc-8124-11ed-b1e6-fa4fb8e2990b,RK Beverwaardseweg/ Borgharensingel,51.898798338,4.564663375,10,0,9999
2026-04-20T22:26:01.190377,9a1fb404-8ab3-11ee-bb01-c602c1905375,BH Langenhorst ,51.874120882,4.494254863,10,4,9999
2026-04-20T22:26:01.190377,abe67bfa-b096-11ef-b6d3-56d88772ab1a,BH Wilgenplaslaan/ Donkersingel,51.951337599,4.47048253,10,5,9999
2026-04-20T22:26:01.190377,068b0f9c-a8dd-11ef-8778-d2279db84567,BH Vierhavenstraat (Sahan),51.908502395,4.437727106,4,1,9999
2026-04-20T22:26:01.190377,bc0e7e9c-a8da-11ef-8778-d2279db84567,BH Jan van Vuchtstraat,51.917045317,4.460830874,6,8,9999
2026-04-20T22:26:01.190377,8b721818-a5b2-11f0-ab44-baed9603afbb,Lekstraat,51.90446958,4.406985264,6,0,9999
2026-04-20T22:26:01.190377,ad212572-06f7-11ef-b58d-569a23b994be,BH Molenlaan/Grindweg,51.963224537,4.49571068,10,1,9999
2026-04-20T22:26:01.190377,f8828c3e-806d-11ed-b1e6-fa4fb8e2990b,RK Station Rdam Zuid,51.905545015,4.509568537,15,6,9999
2026-04-20T22:26:01.190377,5f71799e-806b-11ed-b1e6-fa4fb8e2990b,BH Willemsplein,51.911118908,4.481894771,17,5,9999
2026-04-20T22:26:01.190377,42824336-bd97-11ed-b1e6-fa4fb8e2990b,RK Groene Hilledijk,51.882726433,4.504266667,10,1,9999
2026-04-20T22:26:01.190377,db6932f4-182b-11ef-a8d1-42f0fecaeb6a,BH Metrostation Nesselande,51.978969273,4.586177782,10,0,9999
2026-04-20T22:26:01.190377,2c4ff78a-2783-11f1-a5ae-0225521a85c1,BH PR Slinge 2,51.87374414,4.477026543,10,1,9
2026-04-20T22:26:01.190377,e26322b0-2025-11f0-ab1d-9ae3af3bf913,BH Brielselaan,51.896298935,4.489248091,4,1,9999
2026-04-20T22:26:01.190377,c862b7f2-06fb-11ef-b58d-569a23b994be,BH Prins Alexanderlaan (metrobaan zijde),51.952192324,4.551435621,10,0,9999
2026-04-20T22:26:01.190377,c53689c2-8124-11ed-b1e6-fa4fb8e2990b,RK Peellandstraat / Beesdestraat ,51.888535309,4.567291893,10,3,9999
2026-04-20T22:26:01.190377,8f5d35a0-1834-11ef-8071-42f0fecaeb6a,BH Jan Bijloostraat (Winkelcentrum Lage Land),51.941821995,4.546449269,9,4,9999
2026-04-20T22:26:01.190377,f8fcd3a4-983a-11ef-a85a-be896af2d3a5,BH Rhijnauwensingel,51.892161199,4.569620613,12,2,9999
2026-04-20T22:26:01.190377,118239d4-a5b2-11f0-ab44-baed9603afbb,Lorentzlaan (bushalte),51.917994492,4.415061192,4,0,9999
2026-04-20T22:26:01.190377,0c107276-bdb7-11ed-b1e6-fa4fb8e2990b,RK Sandelingenplein,51.889562128,4.506962326,10,3,9999
2026-04-20T22:26:01.190377,75b8bea6-81d8-11ed-b1e6-fa4fb8e2990b,RK Metrostation Maashaven (Putselaan),51.897794241,4.495760713,10,5,9999
2026-04-20T22:26:01.190377,a20bbbae-bdae-11ed-b1e6-fa4fb8e2990b,RK Frankendaal,51.886951976,4.521294152,10,1,9999
2026-04-20T22:26:01.190377,bc839806-a5b1-11f0-ab44-baed9603afbb,Van het Hoffplein (Boerhavelaan),51.916219132,4.412005574,8,4,9999
2026-04-20T22:26:01.190377,2c632780-a8de-11ef-8778-d2279db84567,BH Schuttevaerweg,51.922420472,4.434869706,10,1,9999
2026-04-20T22:26:01.190377,f1df385c-f5b2-11ef-81b3-76e5c571f05f,HUB Admiraal de Ruyterstraat,51.906742474,4.38554997,8,1,9999
2026-04-20T22:26:01.190377,4247dd56-1c9f-11ee-8219-8ed3b2364c4f,BH Metro Coolhaven,51.909218289,4.458167882,10,3,9999
2026-04-20T22:26:01.190377,65af1c24-06f4-11ef-b58d-569a23b994be,BH Meerum Terwogtlaan,51.951763386,4.524587387,10,2,9999
